name,short_name,club_name,rating,rank,league_id,as_of
Arsenal,Arsenal,Arsenal FC,100.0,1,6pdwluctev9iebv00r4qqukno,2026-10-06
Bayern München,FC Bayern,FC Bayern München,99.3429522287,2,8h5xijv2u4mlf5028gso6kw7o,2026-10-06
Manchester City,Man City,Manchester City FC,98.8253213479,3,6pdwluctev9iebv00r4qqukno,2026-10-06
Barcelona,Barcelona,FC Barcelona,96.9778088802,4,830epggffy1nfkfyrtpqdwhlg,2026-10-06
Liverpool,Liverpool,Liverpool FC,96.0462126957,5,6pdwluctev9iebv00r4qqukno,2026-10-06
Paris Saint-Germain,Paris SG,Paris Saint-Germain FC,95.7675005588,6,bqnc4ccgnrp6pb3bktqet0yz8,2026-10-06
Brighton & Hove Albion,Brighton,Brighton & Hove Albion FC,94.7281103197,7,6pdwluctev9iebv00r4qqukno,2026-10-06
Real Madrid,Real Madrid,Real Madrid CF,94.3566591386,8,830epggffy1nfkfyrtpqdwhlg,2026-10-06
Manchester United,Man Utd,Manchester United FC,94.0843221357,9,6pdwluctev9iebv00r4qqukno,2026-10-06
Aston Villa,Villa,Aston Villa FC,93.7269040771,10,6pdwluctev9iebv00r4qqukno,2026-10-06
Internazionale,Inter,FC Internazionale Milano,93.7120967521,11,60cryos85i4bp5ul34tt0brx0,2026-10-06
Chelsea,Chelsea,Chelsea FC,93.45209482,12,6pdwluctev9iebv00r4qqukno,2026-10-06
Brentford,Brentford,Brentford FC,92.9513071267,13,6pdwluctev9iebv00r4qqukno,2026-10-06
Newcastle United,Newcastle,Newcastle United FC,92.9316732979,14,6pdwluctev9iebv00r4qqukno,2026-10-06
Borussia Dortmund,Dortmund,BV Borussia 09 Dortmund,92.8665706543,15,8h5xijv2u4mlf5028gso6kw7o,2026-10-06
Everton,Everton,Everton FC,92.757718353,16,6pdwluctev9iebv00r4qqukno,2026-10-06
Benfica,Benfica,SL Benfica,92.3973727067,17,a8xa8yfi2tlljxrwyxcst51xw,2026-10-06
Leeds United,Leeds,Leeds United FC,92.0748817462,18,6pdwluctev9iebv00r4qqukno,2026-10-06
Bournemouth,Bournemouth,AFC Bournemouth,91.9725449285,19,6pdwluctev9iebv00r4qqukno,2026-10-06
Roma,Roma,AS Roma,91.6065818224,20,60cryos85i4bp5ul34tt0brx0,2026-10-06
Sporting CP,Sporting,Sporting Clube de Portugal,91.4814814369,21,a8xa8yfi2tlljxrwyxcst51xw,2026-10-06
Union Saint-Gilloise,R. Union SG,Royale Union Saint-Gilloise,91.4790689761,22,5ysazl26p4ksxbonjpbamevpw,2026-10-06
Atlético de Madrid,Atlético,Club Atlético de Madrid,91.3691274109,23,830epggffy1nfkfyrtpqdwhlg,2026-10-06
Flamengo,Flamengo,CR Flamengo,91.293482265,24,752zalnunu0zkdfbbm915kys4,2026-10-06
Tottenham Hotspur,Spurs,Tottenham Hotspur FC,91.2702106521,25,6pdwluctev9iebv00r4qqukno,2026-10-06
Bayer 04 Leverkusen,Bayer 04,Bayer 04 Leverkusen,91.1113158797,26,8h5xijv2u4mlf5028gso6kw7o,2026-10-06
Nottingham Forest,Forest,Nottingham Forest FC,91.08339631,27,6pdwluctev9iebv00r4qqukno,2026-10-06
Porto,Porto,FC Porto,91.0472038452,28,a8xa8yfi2tlljxrwyxcst51xw,2026-10-06
Sunderland,Sunderland,Sunderland AFC,90.7700568619,29,6pdwluctev9iebv00r4qqukno,2026-10-06
Club Brugge,Club Brugge,Club Brugge KV,90.6624995975,30,5ysazl26p4ksxbonjpbamevpw,2026-10-06
Como,Como,Calcio Como 1907,90.6600864043,31,60cryos85i4bp5ul34tt0brx0,2026-10-06
Crystal Palace,Palace,Crystal Palace FC,90.6011348696,32,6pdwluctev9iebv00r4qqukno,2026-10-06
Juventus,Juventus,Juventus FC,90.5101194305,33,60cryos85i4bp5ul34tt0brx0,2026-10-06
Fulham,Fulham,Fulham FC,90.001203348,34,6pdwluctev9iebv00r4qqukno,2026-10-06
Bodø / Glimt,Bodø/Glimt,FK Bodø / Glimt,89.9760308614,35,beev3xu6oz7vc6l4rcxygw4d0,2026-10-06
Hull City,Hull,Hull City AFC,89.9253403375,36,6pdwluctev9iebv00r4qqukno,2026-10-06
Ipswich Town,Ipswich,Ipswich Town FC,89.8084381021,37,6pdwluctev9iebv00r4qqukno,2026-10-06
Monaco,Monaco,AS Monaco FC,89.6077266961,38,bqnc4ccgnrp6pb3bktqet0yz8,2026-10-06
Lens,Lens,Racing Club de Lens,89.2010843144,39,bqnc4ccgnrp6pb3bktqet0yz8,2026-10-06
Napoli,Napoli,SSC Napoli,89.137961185,40,60cryos85i4bp5ul34tt0brx0,2026-10-06
Stuttgart,Stuttgart,VfB Stuttgart 1893,89.1300275701,41,8h5xijv2u4mlf5028gso6kw7o,2026-10-06
Coventry City,Coventry,Coventry City FC,89.1224388726,42,6pdwluctev9iebv00r4qqukno,2026-10-06
PSV,PSV,PSV Eindhoven,89.0744915973,43,56cvval3nf96u0bf9rzs9h6vo,2026-10-06
Real Betis,Betis,Real Betis Balompié,88.9837688258,44,830epggffy1nfkfyrtpqdwhlg,2026-10-06
Milan,Milan,AC Milan,88.9679006434,45,60cryos85i4bp5ul34tt0brx0,2026-10-06
Freiburg,Freiburg,SC Freiburg,88.9209854578,46,8h5xijv2u4mlf5028gso6kw7o,2026-10-06
Palmeiras,Palmeiras,SE Palmeiras,88.9018465815,47,752zalnunu0zkdfbbm915kys4,2026-10-06
Olympique Lyonnais,Lyon,Lyon,88.72779646,48,bqnc4ccgnrp6pb3bktqet0yz8,2026-10-06
RB Leipzig,Leipzig,RasenBallsport Leipzig,88.6784619914,49,8h5xijv2u4mlf5028gso6kw7o,2026-10-06
Slavia Praha,Slavia,SK Slavia Praha,88.525277725,50,ei2lksxq5fb6mh8yzxqatwnx0,2026-10-06
Villarreal,Villarreal,Villarreal CF,88.4338459083,51,830epggffy1nfkfyrtpqdwhlg,2026-10-06
Independiente Valle,Ind. del Valle,CSD Independiente del Valle,88.0392791887,52,6fbkqr97shkflapdt7ck1dt78,2026-10-06
Lille,Lille,Lille OSC,87.8341117929,53,bqnc4ccgnrp6pb3bktqet0yz8,2026-10-06
Fenerbahçe,Fenerbahçe,Fenerbahçe SK,87.8241035496,54,e00dq6lfzgc7vo631cz8ktc0k,2026-10-06
Boca Juniors,Boca,CA Boca Juniors,87.7870105924,55,8v84l9nq3d5t0j4gb781i3llg,2026-10-06
Lazio,Lazio,SS Lazio,87.6777717204,56,60cryos85i4bp5ul34tt0brx0,2026-10-06
Atalanta,Atalanta,Atalanta Bergamasca Calcio,87.4903582743,57,60cryos85i4bp5ul34tt0brx0,2026-10-06
Rennes,Rennes,Stade Rennais FC,87.3854284257,58,bqnc4ccgnrp6pb3bktqet0yz8,2026-10-06
AEK Athens,AEK Athens,AEK Athens FC,87.0177951156,59,13prgjp0qzce661j00a3jy3o4,2026-10-06
Mainz 05,Mainz,1. FSV Mainz 05,86.930452909,60,8h5xijv2u4mlf5028gso6kw7o,2026-10-06
Viking,Viking,Viking FK,86.8582984106,61,beev3xu6oz7vc6l4rcxygw4d0,2026-10-06
Galatasaray,Galatasaray,Galatasaray SK,86.8251549944,62,e00dq6lfzgc7vo631cz8ktc0k,2026-10-06
Olympiakos Piraeus,Olympiakos,Olympiakos FC,86.778891593,63,13prgjp0qzce661j00a3jy3o4,2026-10-06
Sporting Braga,Braga,Sporting Braga,86.6670273797,64,a8xa8yfi2tlljxrwyxcst51xw,2026-10-06
Toluca,Toluca,Deportivo Toluca FC,86.6291028528,65,9zum4nxferygj8bb0ldcavxn8,2026-10-06
Cruzeiro,Cruzeiro,Cruzeiro EC,86.5228810591,66,752zalnunu0zkdfbbm915kys4,2026-10-06
Rayo Vallecano,Rayo,Rayo Vallecano de Madrid,86.4847196633,67,830epggffy1nfkfyrtpqdwhlg,2026-10-06
Omonia Nicosia,Omonia,AC Omonia Nicosia,86.394596839,68,9ov525t4gyibnhjsey291aw44,2026-10-06
Athletic Club,Athletic,Athletic Club,86.3624833393,69,830epggffy1nfkfyrtpqdwhlg,2026-10-06
Hoffenheim,Hoffenheim,TSG 1899 Hoffenheim,86.2913487703,70,8h5xijv2u4mlf5028gso6kw7o,2026-10-06
Strasbourg,Strasbourg,RC Strasbourg Alsace,86.2613059045,71,bqnc4ccgnrp6pb3bktqet0yz8,2026-10-06
Ferencváros,Ferencváros,Ferencvárosi TC,86.2326439894,72,1qah382h96g7zu8m6op3ftams,2026-10-06
West Ham United,West Ham,West Ham United FC,86.1780818616,73,al48ooi8acoibema226051250,2026-10-06
Feyenoord,Feyenoord,Feyenoord Rotterdam,86.0679180487,74,56cvval3nf96u0bf9rzs9h6vo,2026-10-06
Paris FC,Paris FC,Paris FC,86.0192234307,75,bqnc4ccgnrp6pb3bktqet0yz8,2026-10-06
Fluminense,Fluminense,Fluminense FC,85.9935012442,76,752zalnunu0zkdfbbm915kys4,2026-10-06
Lech Poznań,Lech,KKS Lech Poznań,85.9560226401,77,1objvzhwen02wc4i4a1nnux3o,2026-10-06
Olympique Marseille,Marseille,Olympique de Marseille,85.9007638282,78,bqnc4ccgnrp6pb3bktqet0yz8,2026-10-06
Santos,Santos,Santos FC Sao Paulo,85.8895461424,79,752zalnunu0zkdfbbm915kys4,2026-10-06
Atlético Nacional,Atl. Nacional,Club Atlético Nacional SA,85.8781488122,80,5l22b8pqde1bdxk6377auk3ro,2026-10-06
Dinamo Zagreb,Dinamo Zagreb,GNK Dinamo Zagreb,85.8493029766,81,ddv8l7gdb84ask7lsxf8x9f6c,2026-10-06
Celta de Vigo,Celta,Real Club Celta de Vigo,85.7902425901,82,830epggffy1nfkfyrtpqdwhlg,2026-10-06
Real Sociedad,Real Sociedad,Real Sociedad de Fútbol,85.7677923743,83,830epggffy1nfkfyrtpqdwhlg,2026-10-06
Independiente Rivadavia,Independiente,CS Independiente Rivadavia,85.7237617419,84,8v84l9nq3d5t0j4gb781i3llg,2026-10-06
København,København,FC København,85.703894516,85,aa2sqzvq68621ok3nca8csrh0,2026-10-06
Midtjylland,Midtjylland,FC Midtjylland,85.6728084877,86,aa2sqzvq68621ok3nca8csrh0,2026-10-06
Al Hilal,Hilal,Al Hilal FC,85.6660924932,87,4vs6oaojacz5bwo1320rkk844,2026-10-06
Alavés,Alavés,Deportivo Alavés,85.6496664185,88,830epggffy1nfkfyrtpqdwhlg,2026-10-06
Athletico Paranaense,Athletico PR,Club Athletico Paranaense,85.5158251108,89,752zalnunu0zkdfbbm915kys4,2026-10-06
Beşiktaş,Beşiktaş,Beşiktaş JK,85.4496686564,90,e00dq6lfzgc7vo631cz8ktc0k,2026-10-06
Eintracht Frankfurt,Frankfurt,Eintracht Frankfurt,85.4469051911,91,8h5xijv2u4mlf5028gso6kw7o,2026-10-06
Bologna,Bologna,Bologna FC 1909,85.4030347742,92,60cryos85i4bp5ul34tt0brx0,2026-10-06
Augsburg,Augsburg,FC Augsburg,85.3498365509,93,8h5xijv2u4mlf5028gso6kw7o,2026-10-06
Bahia,Bahia,EC Bahia,85.3175439902,94,752zalnunu0zkdfbbm915kys4,2026-10-06
River Plate,River,CA River Plate,85.316853088,95,8v84l9nq3d5t0j4gb781i3llg,2026-10-06
Southampton,Southampton,Southampton FC,85.2652006969,96,al48ooi8acoibema226051250,2026-10-06
Rosario Central,Rosario,CA Rosario Central,85.2394708329,97,8v84l9nq3d5t0j4gb781i3llg,2026-10-06
Zenit,Zenit,FK Zenit St. Petersburg,85.2244362899,98,ac9tayo9q3al8a2m6m9pnfrx0,2026-10-06
Vasco da Gama,Vasco,CR Vasco da Gama,85.2242704673,99,752zalnunu0zkdfbbm915kys4,2026-10-06
PAOK,PAOK,PAOK Thessaloniki FC,85.2209816488,100,13prgjp0qzce661j00a3jy3o4,2026-10-06
Genk,Genk,KRC Genk,85.2189088619,101,5ysazl26p4ksxbonjpbamevpw,2026-10-06
Ajax,Ajax,AFC Ajax,85.1909260706,102,56cvval3nf96u0bf9rzs9h6vo,2026-10-06
AZ,AZ,AZ,85.1795255848,103,56cvval3nf96u0bf9rzs9h6vo,2026-10-06
Middlesbrough,Middlesbrough,Middlesbrough FC,85.0779553362,104,al48ooi8acoibema226051250,2026-10-06
Sevilla,Sevilla,Sevilla FC,85.0765733998,105,830epggffy1nfkfyrtpqdwhlg,2026-10-06
Fiorentina,Fiorentina,ACF Fiorentina,85.0758824312,106,60cryos85i4bp5ul34tt0brx0,2026-10-06
Atlético Mineiro,Atlético MG,CA Mineiro,85.0584423226,107,752zalnunu0zkdfbbm915kys4,2026-10-06
Wolverhampton Wanderers,Wolves,Wolverhampton Wanderers FC,85.0530803631,108,al48ooi8acoibema226051250,2026-10-06
Valencia,Valencia,Valencia CF,85.0468615813,109,830epggffy1nfkfyrtpqdwhlg,2026-10-06
Argentinos Juniors,Argentinos,AA Argentinos Juniors,85.0249298877,110,8v84l9nq3d5t0j4gb781i3llg,2026-10-06
Instituto,Instituto,Instituto AC Córdoba,84.9983269142,111,8v84l9nq3d5t0j4gb781i3llg,2026-10-06
Toulouse,Toulouse,Toulouse FC,84.9774174699,112,bqnc4ccgnrp6pb3bktqet0yz8,2026-10-06
Twente,Twente,FC Twente,84.9767264741,113,56cvval3nf96u0bf9rzs9h6vo,2026-10-06
Salzburg,Salzburg,FC Salzburg,84.97568998,114,1ypt1hmmrdjdek7yieatpskyc,2026-10-06
Anderlecht,Anderlecht,RSC Anderlecht,84.825739309,115,5ysazl26p4ksxbonjpbamevpw,2026-10-06
Sporting Charleroi,Charleroi,Royal Charleroi SC,84.8243572334,116,5ysazl26p4ksxbonjpbamevpw,2026-10-06
LASK,LASK,LASK,84.7887685232,117,1ypt1hmmrdjdek7yieatpskyc,2026-10-06
Levante,Levante,Levante UD,84.661266945,118,830epggffy1nfkfyrtpqdwhlg,2026-10-06
Panathinaikos,Panathinaikos,Panathinaikos FC,84.5123340899,119,13prgjp0qzce661j00a3jy3o4,2026-10-06
Sassuolo,Sassuolo,US Sassuolo Calcio,84.4947103559,120,60cryos85i4bp5ul34tt0brx0,2026-10-06
Gent,Gent,KAA Gent,84.4114278861,121,5ysazl26p4ksxbonjpbamevpw,2026-10-06
Estudiantes,Estudiantes,Club Estudiantes de La Plata,84.4078062449,122,8v84l9nq3d5t0j4gb781i3llg,2026-10-06
Sparta Praha,Sparta,AC Sparta Praha,84.3602820834,123,ei2lksxq5fb6mh8yzxqatwnx0,2026-10-06
Belgrano,Belgrano,CA Belgrano,84.3570059516,124,8v84l9nq3d5t0j4gb781i3llg,2026-10-06
Vélez Sarsfield,Vélez,CA Vélez Sarsfield,84.3397267037,125,8v84l9nq3d5t0j4gb781i3llg,2026-10-06
Werder Bremen,Bremen,SV Werder Bremen,84.293929204,126,8h5xijv2u4mlf5028gso6kw7o,2026-10-06
Elversberg,Elversberg,SV 07 Elversberg,84.2545313435,127,8h5xijv2u4mlf5028gso6kw7o,2026-10-06
Cagliari,Cagliari,Cagliari Calcio,84.2476193737,128,60cryos85i4bp5ul34tt0brx0,2026-10-06
Krasnodar,Krasnodar,FK Krasnodar,84.2369057825,129,ac9tayo9q3al8a2m6m9pnfrx0,2026-10-06
Deportivo de A Coruña,Deportivo,RC Deportivo de A Coruña,84.231376169,130,830epggffy1nfkfyrtpqdwhlg,2026-10-06
Osasuna,Osasuna,CA Osasuna,84.2310305677,131,830epggffy1nfkfyrtpqdwhlg,2026-10-06
Udinese,Udinese,Udinese Calcio,84.2123680285,132,60cryos85i4bp5ul34tt0brx0,2026-10-06
Lorient,Lorient,FC Lorient,83.9680140457,133,bqnc4ccgnrp6pb3bktqet0yz8,2026-10-06
Mirassol,Mirassol,Mirassol FC,83.9654286724,134,752zalnunu0zkdfbbm915kys4,2026-10-06
Nordsjælland,Nordsjælland,FC Nordsjælland,83.9590274424,135,aa2sqzvq68621ok3nca8csrh0,2026-10-06
Peñarol,Peñarol,CA Peñarol,83.9519487412,136,6bxydtby0dlb8mn1nb1h08iz8,2026-10-06
Brest,Brest,Stade Brestois 29,83.9255002114,137,bqnc4ccgnrp6pb3bktqet0yz8,2026-10-06
Elche,Elche,Elche CF,83.9047614905,138,830epggffy1nfkfyrtpqdwhlg,2026-10-06
RB Bragantino,Bragantino,Red Bull Bragantino,83.8918066145,139,752zalnunu0zkdfbbm915kys4,2026-10-06
Lugano,Lugano,FC Lugano,83.8895529845,140,cx0b7yl7kqmgay9wn2c3zyjh0,2026-10-06
São Paulo,São Paulo,São Paulo FC,83.8420327134,141,752zalnunu0zkdfbbm915kys4,2026-10-06
Górnik Zabrze,Górnik,KS Górnik Zabrze,83.8245701321,142,1objvzhwen02wc4i4a1nnux3o,2026-10-06
Botafogo,Botafogo,Botafogo FR,83.8008993577,143,752zalnunu0zkdfbbm915kys4,2026-10-06
Gimnasia La Plata,GELP,Club de Gimnasia y Esgrima La Plata,83.7718636352,144,8v84l9nq3d5t0j4gb781i3llg,2026-10-06
Espanyol,Espanyol,Reial Club Deportiu Espanyol de Barcelona,83.7703012271,145,830epggffy1nfkfyrtpqdwhlg,2026-10-06
Cruz Azul,Cruz Azul,CF Cruz Azul,83.7333699683,146,9zum4nxferygj8bb0ldcavxn8,2026-10-06
Shakhtar Donetsk,Shakhtar D,FC Shakhtar Donetsk,83.6669450431,147,5vqx2miccjg04lp2pqs1hbmc,2026-10-06
Sabah,Sabah,Sabah FK,83.6506980248,148,cjfv1fu1qsr0jyk785saolgd0,2026-10-06
Guadalajara,Chivas,CD Guadalajara,83.6452223416,149,9zum4nxferygj8bb0ldcavxn8,2026-10-06
América de Cali,América,América de Cali SA,83.6443098061,150,5l22b8pqde1bdxk6377auk3ro,2026-10-06
Torino,Torino,Torino FC,83.6209691608,151,60cryos85i4bp5ul34tt0brx0,2026-10-06
Getafe,Getafe,Getafe CF,83.6178579798,152,830epggffy1nfkfyrtpqdwhlg,2026-10-06
Famalicão,Famalicão,FC Famalicão,83.6005735698,153,a8xa8yfi2tlljxrwyxcst51xw,2026-10-06
Schalke 04,Schalke 04,FC Schalke 04,83.5777579628,154,8h5xijv2u4mlf5028gso6kw7o,2026-10-06
Racing de Santander,Santander,Real Racing Club,83.5476825214,155,830epggffy1nfkfyrtpqdwhlg,2026-10-06
LDU Quito,LDU Quito,Liga Deportiva Universitaria de Quito,83.5264289878,156,6fbkqr97shkflapdt7ck1dt78,2026-10-06
Legia Warszawa,Legia,KP Legia Warszawa,83.5023958184,157,1objvzhwen02wc4i4a1nnux3o,2026-10-06
Lanús,Lanús,CA Lanús,83.4991185499,158,8v84l9nq3d5t0j4gb781i3llg,2026-10-06
Club América,Club América,CF América,83.4747946515,159,9zum4nxferygj8bb0ldcavxn8,2026-10-06
Corinthians,Corinthians,SC Corinthians Paulista,83.4202968507,160,752zalnunu0zkdfbbm915kys4,2026-10-06
AEK Larnaca,AEK Larnaca,AEK Larnaca,83.4087084649,161,9ov525t4gyibnhjsey291aw44,2026-10-06
Al Nassr,Nassr,Al Nassr FC,83.4054435366,162,4vs6oaojacz5bwo1320rkk844,2026-10-06
Crvena zvezda,Crvena zvezda,FK Crvena zvezda Beograd,83.3734451409,163,akqbhzm3iofv030i63sb5js44,2026-10-06
Paderborn,Paderborn,SC Paderborn 07,83.3679135931,164,8h5xijv2u4mlf5028gso6kw7o,2026-10-06
Bolívar,Bolívar,Club Bolívar,83.3594503009,165,b8kaz0tks262ypfye6pj6dpuc,2026-10-06
Union Berlin,Union Berlin,1. FC Union Berlin,83.3347240448,166,8h5xijv2u4mlf5028gso6kw7o,2026-10-06
Sint-Truiden,Sint-Truiden,Sint-Truidense VV,83.3329954102,167,5ysazl26p4ksxbonjpbamevpw,2026-10-06
Universidad Católica,U. Católica,CD Universidad Católica del Ecuador,83.3155430471,168,6fbkqr97shkflapdt7ck1dt78,2026-10-06
Frosinone,Frosinone,Frosinone Calcio,83.2832102111,169,60cryos85i4bp5ul34tt0brx0,2026-10-06
Huracán,Huracán,CA Huracán,83.2567683278,170,8v84l9nq3d5t0j4gb781i3llg,2026-10-06
Maccabi Tel Aviv,Maccabi TA,Maccabi Tel Aviv FC,83.2289293632,171,cbr00ay9uda1ju0ooqvb1ufbo,2026-10-06
Independiente Santa Fe,Santa Fe,Club Independiente Santa Fe,83.214587955,172,5l22b8pqde1bdxk6377auk3ro,2026-10-06
Millonarios,Millonarios,Millonarios FC,83.1945347363,173,5l22b8pqde1bdxk6377auk3ro,2026-10-06
Borussia M'gladbach,M'gladbach,Borussia VfL Mönchengladbach,83.1566682797,174,8h5xijv2u4mlf5028gso6kw7o,2026-10-06
Colo Colo,Colo Colo,CSD Colo-Colo,83.1482042583,175,ikhh1wx11krn1uqgykcjof84,2026-10-06
Köln,Köln,1. FC Köln,83.1079167749,176,8h5xijv2u4mlf5028gso6kw7o,2026-10-06
Sanfrecce Hiroshima,Sanfrecce,Sanfrecce Hiroshima,83.1030471031,177,bakisqj15kviwhxxx3wr3rv9w,2026-10-06
Nashville SC,Nashville,Nashville SC,83.0969077218,178,6i6n0jkbh9zzij6s8htfjh2j8,2026-10-06
Swansea City,Swansea,Swansea City AFC,83.0840593015,179,al48ooi8acoibema226051250,2026-10-06
Millwall,Millwall,Millwall FC,83.0111023957,180,al48ooi8acoibema226051250,2026-10-06
Spartak Moskva,Spartak M,FK Spartak Moskva,82.9779080116,181,ac9tayo9q3al8a2m6m9pnfrx0,2026-10-06
Independiente,Independiente,CA Independiente,82.9690975931,182,8v84l9nq3d5t0j4gb781i3llg,2026-10-06
Internacional,Internacional,SC Internacional,82.8702029593,183,752zalnunu0zkdfbbm915kys4,2026-10-06
Auxerre,Auxerre,Association Jeunesse Auxerroise,82.857920381,184,bqnc4ccgnrp6pb3bktqet0yz8,2026-10-06
Castellón,Castellón,CD Castellón,82.8361352503,185,fgkxmpz2ewao1l63jrbkgg7o,2026-10-06
Hajduk Split,Hajduk,HNK Hajduk Split,82.8281819002,186,ddv8l7gdb84ask7lsxf8x9f6c,2026-10-06
St. Louis City,St. Louis,St. Louis City SC,82.8002273293,187,6i6n0jkbh9zzij6s8htfjh2j8,2026-10-06
Málaga,Málaga,Málaga CF,82.771124497,188,830epggffy1nfkfyrtpqdwhlg,2026-10-06
Philadelphia Union,Philadelphia,Philadelphia Union,82.7635720033,189,6i6n0jkbh9zzij6s8htfjh2j8,2026-10-06
Vancouver Whitecaps,Whitecaps,Vancouver Whitecaps FC,82.6954469604,190,6i6n0jkbh9zzij6s8htfjh2j8,2026-10-06
Olimpia,Olimpia,Club Olimpia,82.6820846139,191,ynp3ah4di570mdbqt5a0yuc4,2026-10-06
Hamburger SV,Hamburg,Hamburger SV,82.6608097275,192,8h5xijv2u4mlf5028gso6kw7o,2026-10-06
Sturm Graz,Sturm,SK Sturm Graz,82.6563140353,193,1ypt1hmmrdjdek7yieatpskyc,2026-10-06
Inter Miami,Inter Miami,Inter Miami CF,82.6556776531,194,6i6n0jkbh9zzij6s8htfjh2j8,2026-10-06
Santa Clara,Santa Clara,CD Santa Clara,82.6521641582,195,a8xa8yfi2tlljxrwyxcst51xw,2026-10-06
Pyramids,Pyramids,Pyramids FC,82.6307241985,196,5q5bvm7r1fjy0h427jh93a9lg,2026-10-06
Racing Club,Racing,Racing Club,82.6056573841,197,8v84l9nq3d5t0j4gb781i3llg,2026-10-06
Universidad de Chile,U. de Chile,Club Universidad de Chile,82.5641574295,198,ikhh1wx11krn1uqgykcjof84,2026-10-06
Celtic,Celtic,Celtic FC,82.5563691923,199,7qmc7ue3f8yzv8yqmsxc9irro,2026-10-06
Universidad Católica,Univ Católica,CD Universidad Católica,82.5371820789,200,ikhh1wx11krn1uqgykcjof84,2026-10-06
Viktoria Plzeň,Plzeň,FC Viktoria Plzeň,82.5110641207,201,ei2lksxq5fb6mh8yzxqatwnx0,2026-10-06
Al Qadsiah,Qadsiah,Al Qadsiah FC,82.4967309611,202,4vs6oaojacz5bwo1320rkk844,2026-10-06
Dinamo Moskva,Dinamo M,FK Dinamo Moskva,82.4557285353,203,ac9tayo9q3al8a2m6m9pnfrx0,2026-10-06
Macará,Macará,CSD Macará,82.4334279377,204,6fbkqr97shkflapdt7ck1dt78,2026-10-06
Trabzonspor,Trabzonspor,Trabzonspor Kulübü,82.4273685587,205,e00dq6lfzgc7vo631cz8ktc0k,2026-10-06
Young Boys,Young Boys,BSC Young Boys,82.4266768479,206,cx0b7yl7kqmgay9wn2c3zyjh0,2026-10-06
Nice,Nice,OGC Nice Côte d'Azur,82.4214890099,207,bqnc4ccgnrp6pb3bktqet0yz8,2026-10-06
Defensa y Justicia,Def y Justicia,CSD Defensa y Justicia,82.4144058639,208,8v84l9nq3d5t0j4gb781i3llg,2026-10-06
Genoa,Genoa,Genoa CFC,82.3965872333,209,60cryos85i4bp5ul34tt0brx0,2026-10-06
Tigre,Tigre,CA Tigre,82.38777471,210,8v84l9nq3d5t0j4gb781i3llg,2026-10-06
Hammarby,Hammarby,Hammarby IF,82.3865572788,211,b99u9gpztyjs5u1i88z6qvg9g,2026-10-06
Birmingham City,Birmingham,Birmingham City FC,82.3834445259,212,al48ooi8acoibema226051250,2026-10-06
Norwich City,Norwich,Norwich City FC,82.3744521061,213,al48ooi8acoibema226051250,2026-10-06
Rangers,Rangers,Rangers FC,82.3460911788,214,7qmc7ue3f8yzv8yqmsxc9irro,2026-10-06
Qarabağ,Qarabağ,Qarabağ Ağdam FK,82.338136225,215,cjfv1fu1qsr0jyk785saolgd0,2026-10-06
Sion,Sion,FC Sion,82.310466617,216,cx0b7yl7kqmgay9wn2c3zyjh0,2026-10-06
Al Ahly,Ahly,Al Ahly SC,82.3025127313,217,5q5bvm7r1fjy0h427jh93a9lg,2026-10-06
Unión,Unión,CA Unión,82.2681038345,218,8v84l9nq3d5t0j4gb781i3llg,2026-10-06
Westerlo,Westerlo,KVC Westerlo,82.2606605257,219,5ysazl26p4ksxbonjpbamevpw,2026-10-06
Coritiba,Coritiba,Coritiba FBC,82.2255604508,220,752zalnunu0zkdfbbm915kys4,2026-10-06
Eibar,Eibar,SD Eibar,82.185603577,221,fgkxmpz2ewao1l63jrbkgg7o,2026-10-06
Zulte Waregem,ZW,SV Zulte Waregem,82.173843291,222,5ysazl26p4ksxbonjpbamevpw,2026-10-06
Levski Sofia,Levski,PFK Levski Sofia,82.1178082013,223,3rbiru554kufnw6hrtsv0us5w,2026-10-06
Standard Liège,Standard,Royal Standard de Liège,82.0711113004,224,5ysazl26p4ksxbonjpbamevpw,2026-10-06
Wrexham,Wrexham,Wrexham FC,82.0282185364,225,al48ooi8acoibema226051250,2026-10-06
Rosenborg,Rosenborg,Rosenborg BK,82.0109228513,226,beev3xu6oz7vc6l4rcxygw4d0,2026-10-06
Le Mans,Le Mans,Le Mans FC,82.0102310213,227,bqnc4ccgnrp6pb3bktqet0yz8,2026-10-06
Tromsø,Tromsø,Tromsø IL,81.9777147884,228,beev3xu6oz7vc6l4rcxygw4d0,2026-10-06
Los Angeles,LAFC,Los Angeles FC,81.9732731071,229,6i6n0jkbh9zzij6s8htfjh2j8,2026-10-06
Brann,Brann,SK Brann,81.959035052,230,beev3xu6oz7vc6l4rcxygw4d0,2026-10-06
Deportes Tolima,Tolima,Club Deportes Tolima SA,81.9464157704,231,5l22b8pqde1bdxk6377auk3ro,2026-10-06
Almería,Almería,UD Almería,81.9085298548,232,fgkxmpz2ewao1l63jrbkgg7o,2026-10-06
Pafos,Pafos,Pafos FC,81.8953844929,233,9ov525t4gyibnhjsey291aw44,2026-10-06
Dallas,Dallas,FC Dallas,81.8338631771,234,6i6n0jkbh9zzij6s8htfjh2j8,2026-10-06
Al Ahli,Ahli,Al Ahli FC,81.7942167891,235,4vs6oaojacz5bwo1320rkk844,2026-10-06
Monza,Monza,AC Monza,81.78848928,236,60cryos85i4bp5ul34tt0brx0,2026-10-06
Rijeka,Rijeka,HNK Rijeka,81.7812243844,237,ddv8l7gdb84ask7lsxf8x9f6c,2026-10-06
Gimnasia Mendoza,Gim Mendoza,CA Gimnasia y Esgrima de Mendoza,81.7699879695,238,8v84l9nq3d5t0j4gb781i3llg,2026-10-06
Angers,Angers,Angers Sporting Club de l'Ouest,81.7293316352,239,bqnc4ccgnrp6pb3bktqet0yz8,2026-10-06
Parma,Parma,Parma Calcio 1913,81.6964656479,240,60cryos85i4bp5ul34tt0brx0,2026-10-06
Hapoel Be'er Sheva,H Be'er Sheva,Hapoel Be'er Sheva FC,81.6743240978,241,cbr00ay9uda1ju0ooqvb1ufbo,2026-10-06
Independiente Medellín,Medellín,Deportivo Independiente Medellín,81.6682766514,242,5l22b8pqde1bdxk6377auk3ro,2026-10-06
Le Havre,Le Havre,Le Havre AC,81.6352299249,243,bqnc4ccgnrp6pb3bktqet0yz8,2026-10-06
Molde,Molde,Molde FK,81.6182773865,244,beev3xu6oz7vc6l4rcxygw4d0,2026-10-06
Arouca,Arouca,FC Arouca,81.6172394721,245,a8xa8yfi2tlljxrwyxcst51xw,2026-10-06
Lecce,Lecce,US Lecce,81.6089361408,246,60cryos85i4bp5ul34tt0brx0,2026-10-06
West Bromwich Albion,West Brom,West Bromwich Albion FC,81.6002868067,247,al48ooi8acoibema226051250,2026-10-06
Nacional Asunción,Nacional,Club Nacional Asunción,81.5921633238,248,ynp3ah4di570mdbqt5a0yuc4,2026-10-06
Deportivo Cali,Cali,Asociación Deportivo Cali,81.5911253981,249,5l22b8pqde1bdxk6377auk3ro,2026-10-06
Jagiellonia Białystok,Jagiellonia,SSA Jagiellonia Białystok,81.5625753459,250,1objvzhwen02wc4i4a1nnux3o,2026-10-06
Vitória,Vitória,EC Vitória,81.541650419,251,752zalnunu0zkdfbbm915kys4,2026-10-06
Nacional,Nacional,Club Nacional de Football,81.5288490344,252,6bxydtby0dlb8mn1nb1h08iz8,2026-10-06
Tigres UANL,Tigres,Club Tigres UANL,81.5238806266,253,9zum4nxferygj8bb0ldcavxn8,2026-10-06
Chicago Fire,Chicago,Chicago Fire FC,81.5072732887,254,6i6n0jkbh9zzij6s8htfjh2j8,2026-10-06
Vissel Kobe,Vissel Kobe,Vissel Kobe,81.5047670228,255,bakisqj15kviwhxxx3wr3rv9w,2026-10-06
Slovan Liberec,Liberec,FC Slovan Liberec,81.4916485147,256,ei2lksxq5fb6mh8yzxqatwnx0,2026-10-06
Atlético Bucaramanga,Bucaramanga,CA Bucaramanga,81.484562636,257,5l22b8pqde1bdxk6377auk3ro,2026-10-06
Viborg,Viborg,Viborg FF,81.4712350377,258,aa2sqzvq68621ok3nca8csrh0,2026-10-06
Platense,Platense,CA Platense,81.4589591884,259,8v84l9nq3d5t0j4gb781i3llg,2026-10-06
Sirius,Sirius,IK Sirius Fotboll,81.4106855655,260,b99u9gpztyjs5u1i88z6qvg9g,2026-10-06
Wisła Kraków,Wisła,Wisła Kraków,81.4075715513,261,1objvzhwen02wc4i4a1nnux3o,2026-10-06
Rapid,Rapid,SK Rapid,81.3971914745,262,1ypt1hmmrdjdek7yieatpskyc,2026-10-06
Apollon,Apollon,Apollon Limassol FC,81.3947694501,263,9ov525t4gyibnhjsey291aw44,2026-10-06
Djurgården,Djurgården,Djurgårdens IF,81.3840433125,264,b99u9gpztyjs5u1i88z6qvg9g,2026-10-06
Cerro Porteño,Cerro Porteño,Club Cerro Porteño,81.3786871459,265,ynp3ah4di570mdbqt5a0yuc4,2026-10-06
Grêmio,Grêmio,Grêmio FB Porto Alegrense,81.3645008584,266,752zalnunu0zkdfbbm915kys4,2026-10-06
Pogoń Szczecin,Pogoń,MKS Pogoń Szczecin,81.3539406698,267,1objvzhwen02wc4i4a1nnux3o,2026-10-06
Gil Vicente,Gil Vicente,Gil Vicente FC,81.3504805716,268,a8xa8yfi2tlljxrwyxcst51xw,2026-10-06
Young Africans,Young Africans,Young Africans SC,81.3181318735,269,c5wdltkcr7ti6feuv6ej6kavo,2026-10-06
Machida Zelvia,Machida,FC Machida Zelvia,81.3134281426,270,bakisqj15kviwhxxx3wr3rv9w,2026-10-06
AGF,AGF,AGF,81.2726270391,271,aa2sqzvq68621ok3nca8csrh0,2026-10-06
St.Gallen,St.Gallen,FC St.Gallen 1879,81.2390627337,272,cx0b7yl7kqmgay9wn2c3zyjh0,2026-10-06
Newell's Old Boys,Newell's,CA Newell's Old Boys,81.2160588013,273,8v84l9nq3d5t0j4gb781i3llg,2026-10-06
Troyes,Troyes,Espérance Sportive Troyes Aube Champagne,81.1625897191,274,bqnc4ccgnrp6pb3bktqet0yz8,2026-10-06
Sarmiento,Sarmiento,CA Sarmiento,81.1382008866,275,8v84l9nq3d5t0j4gb781i3llg,2026-10-06
Hertha BSC,Hertha,Hertha BSC,81.1103375167,276,c21j57b4gkcp8rzyp2cn8jbpw,2026-10-06
Junior,Junior,CD Popular Junior FC SA,81.0935612025,277,5l22b8pqde1bdxk6377auk3ro,2026-10-06
Girona,Girona,Girona FC,81.0812695707,278,fgkxmpz2ewao1l63jrbkgg7o,2026-10-06
Beveren,Beveren,SK Beveren,81.0639670535,279,5ysazl26p4ksxbonjpbamevpw,2026-10-06
Atlético Tucumán,Atl. Tucumán,CA Tucumán,81.0596483256,280,8v84l9nq3d5t0j4gb781i3llg,2026-10-06
Kashima Antlers,Kashima,Kashima Antlers,81.0535564144,281,bakisqj15kviwhxxx3wr3rv9w,2026-10-06
Burnley,Burnley,Burnley FC,81.0528933766,282,al48ooi8acoibema226051250,2026-10-06
Pachuca,Pachuca,CF Pachuca,80.9934267826,283,9zum4nxferygj8bb0ldcavxn8,2026-10-06
Győri ETO,Győr,Győri ETO FC,80.9431919825,284,1qah382h96g7zu8m6op3ftams,2026-10-06
Mallorca,Mallorca,Real Club Deportivo Mallorca,80.9386930792,285,fgkxmpz2ewao1l63jrbkgg7o,2026-10-06
Orlando Pirates,Pirates,Orlando Pirates FC,80.9200064218,286,3wl91cn4c74oeacldjjpw800k,2026-10-06
Always Ready,Always Ready,Club Always Ready,80.8990746772,287,b8kaz0tks262ypfye6pj6dpuc,2026-10-06
Olimpia,Olimpia,CD Olimpia,80.8885700061,288,bifv7w5gplrvhfvyqle3jf504,2026-10-06
Aucas,Aucas,SD Aucas,80.8828090695,289,6fbkqr97shkflapdt7ck1dt78,2026-10-06
Charlotte,Charlotte,Charlotte FC,80.8705716536,290,6i6n0jkbh9zzij6s8htfjh2j8,2026-10-06
San Lorenzo,San Lorenzo,CA San Lorenzo de Almagro,80.864120787,291,8v84l9nq3d5t0j4gb781i3llg,2026-10-06
Universitatea Craiova,U Craiova,Universitatea Craiova 1948 Club Sportiv,80.8213725185,292,zbhxyecp7s7s2dqg00ojrbis,2026-10-06
Lincoln City,Lincoln,Lincoln City FC,80.7978384931,293,al48ooi8acoibema226051250,2026-10-06
Sheffield United,Sheff Utd,Sheffield United FC,80.7857253008,294,al48ooi8acoibema226051250,2026-10-06
Burgos,Burgos,Burgos CF,80.779841728,295,fgkxmpz2ewao1l63jrbkgg7o,2026-10-06
Vitória Guimarães,Vitória SC,Vitória SC Guimarães,80.7718815769,296,a8xa8yfi2tlljxrwyxcst51xw,2026-10-06
FAR Rabat,FAR Rabat,AS Forces Armées Royales de Rabat,80.763922585,297,3m3hltejq5dp7tvessefe7pck,2026-10-06
Barracas Central,Barracas,CA Barracas Central,80.759948222,298,8v84l9nq3d5t0j4gb781i3llg,2026-10-06
Queens Park Rangers,QPR,Queens Park Rangers FC,80.7348492182,299,al48ooi8acoibema226051250,2026-10-06
İstanbul Başakşehir,Başakşehir,İstanbul Başakşehir FK,80.6652821962,300,e00dq6lfzgc7vo631cz8ktc0k,2026-10-06
DAC 1904,DAC 1904,DAC 1904 Dunajská Streda,80.6517838808,301,5sqcuu8cql6utpiiunzurorv8,2026-10-06
CSKA Moskva,CSKA,PFK CSKA Moskva,80.59121357,302,ac9tayo9q3al8a2m6m9pnfrx0,2026-10-06
City Torque,City Torque,Montevideo City Torque,80.5841250118,303,6bxydtby0dlb8mn1nb1h08iz8,2026-10-06
RSB Berkane,Berkane,Renaissance Sportive de Berkane,80.5832539715,304,3m3hltejq5dp7tvessefe7pck,2026-10-06
Once Caldas,Once Caldas,Once Caldas SA,80.5671649964,305,5l22b8pqde1bdxk6377auk3ro,2026-10-06
Barcelona,Barcelona,Barcelona SC,80.5623192554,306,6fbkqr97shkflapdt7ck1dt78,2026-10-06
GKS Katowice,GKS Katowice,GKS Katowice,80.5431023333,307,1objvzhwen02wc4i4a1nnux3o,2026-10-06
Bristol City,Bristol C,Bristol City FC,80.5347952581,308,al48ooi8acoibema226051250,2026-10-06
Coquimbo Unido,Coquimbo,CD Coquimbo Unido,80.5328984719,309,ikhh1wx11krn1uqgykcjof84,2026-10-06
Slovan Bratislava,Slovan,ŠK Slovan Bratislava,80.5261420238,310,5sqcuu8cql6utpiiunzurorv8,2026-10-06
Seattle Sounders,Sounders,Seattle Sounders FC,80.5085446407,311,6i6n0jkbh9zzij6s8htfjh2j8,2026-10-06
Mamelodi Sundowns,Sundowns,Mamelodi Sundowns FC,80.4738770016,312,3wl91cn4c74oeacldjjpw800k,2026-10-06
Utrecht,Utrecht,FC Utrecht,80.4676453295,313,56cvval3nf96u0bf9rzs9h6vo,2026-10-06
Alianza Lima,Alianza Lima,Club Alianza Lima,80.4512106132,314,7z7bio16q91wdq4kywi8wlmok,2026-10-06
Antwerp,Antwerp,Royal Antwerp FC,80.4271467701,315,5ysazl26p4ksxbonjpbamevpw,2026-10-06
Borac Banja Luka,Borac BB,FK Borac Banja Luka,80.4205700155,316,4c48j9oq3d0aje3ojkb3mbp5g,2026-10-06
Kashiwa Reysol,Kashiwa,Kashiwa Reysol,80.4011567135,317,bakisqj15kviwhxxx3wr3rv9w,2026-10-06
Universitario,Universitario,Club Universitario de Deportes,80.3965197062,318,7z7bio16q91wdq4kywi8wlmok,2026-10-06
Talleres de Córdoba,Talleres,CA Talleres,80.3934043632,319,8v84l9nq3d5t0j4gb781i3llg,2026-10-06
Korona Kielce,Kielce,MKS Korona Kielce,80.390801318,320,1objvzhwen02wc4i4a1nnux3o,2026-10-06
Varaždin,Varaždin,NK Varaždin,80.3340320638,321,ddv8l7gdb84ask7lsxf8x9f6c,2026-10-06
Tokyo,Tokyo,FC Tokyo,80.3277721315,322,bakisqj15kviwhxxx3wr3rv9w,2026-10-06
Deportivo Riestra,Riestra,CD Riestra,80.3248657781,323,8v84l9nq3d5t0j4gb781i3llg,2026-10-06
Remo,Remo,Clube do Remo,80.3245196186,324,752zalnunu0zkdfbbm915kys4,2026-10-06
Deportivo Maldonado,Maldonado,CD Maldonado,80.3117116806,325,6bxydtby0dlb8mn1nb1h08iz8,2026-10-06
Lommel,Lommel,Lommel SK,80.3101470304,326,5ysazl26p4ksxbonjpbamevpw,2026-10-06
Hradec Králové,Hradec Kr.,FC Hradec Králové,80.2942235405,327,ei2lksxq5fb6mh8yzxqatwnx0,2026-10-06
Jablonec,Jablonec,FK Jablonec,80.2627224066,328,ei2lksxq5fb6mh8yzxqatwnx0,2026-10-06
Monterrey,Monterrey,CF Monterrey,80.1516549807,329,9zum4nxferygj8bb0ldcavxn8,2026-10-06
León,León,Club León,80.1253447781,330,9zum4nxferygj8bb0ldcavxn8,2026-10-06
Académico de Viseu,Académico,Académico de Viseu FC,80.1138651973,331,a8xa8yfi2tlljxrwyxcst51xw,2026-10-06
Deportivo Madryn,Dep Madryn,Club Social y Deportivo Madryn,80.1095447359,332,cbhbsl8jupde33c7j6vrze32s,2026-10-06
Brøndby,Brøndby,Brøndby IF,80.104864227,333,aa2sqzvq68621ok3nca8csrh0,2026-10-06
Portsmouth,Portsmouth,Portsmouth FC,80.1020946908,334,al48ooi8acoibema226051250,2026-10-06
Raja Casablanca,Raja,Raja Club Athletic de Casablanca,80.0965567948,335,3m3hltejq5dp7tvessefe7pck,2026-10-06
Sportivo Trinidense,Trinidense,Club Sportivo Trinidense,80.0905041462,336,ynp3ah4di570mdbqt5a0yuc4,2026-10-06
Tristán Suárez,Tristán Suárez,CSyD Tristán Suárez,80.0842726471,337,cbhbsl8jupde33c7j6vrze32s,2026-10-06
Libertad,Libertad,Club Libertad,80.0631546659,338,ynp3ah4di570mdbqt5a0yuc4,2026-10-06
Hannover 96,Hannover,Hannoverscher Sportverein 1896,80.0380482553,339,c21j57b4gkcp8rzyp2cn8jbpw,2026-10-06
Cincinnati,Cincinnati,FC Cincinnati,80.0201010242,340,6i6n0jkbh9zzij6s8htfjh2j8,2026-10-06
Heerenveen,Heerenveen,SC Heerenveen,80.0158912443,341,56cvval3nf96u0bf9rzs9h6vo,2026-10-06
Noah,Noah,FC Noah,80.0117367815,342,847iyp5po72cef4cdwd8c0ems,2026-10-06
Alverca,Alverca,FC Alverca,79.9913105658,343,a8xa8yfi2tlljxrwyxcst51xw,2026-10-06
Cercle Brugge,Cercle Brugge,Cercle Brugge KSV,79.9840401749,344,5ysazl26p4ksxbonjpbamevpw,2026-10-06
Palermo,Palermo,Palermo FC,79.9514962448,345,2aad86jp2iq9zr22oxib5a4gk,2026-10-06
Nürnberg,1.FCN,1. FC Nürnberg,79.9438795151,346,c21j57b4gkcp8rzyp2cn8jbpw,2026-10-06
Derby County,Derby,Derby County FC,79.9147972291,347,al48ooi8acoibema226051250,2026-10-06
Göztepe,Göztepe,Göztepe SK,79.9071803803,348,e00dq6lfzgc7vo631cz8ktc0k,2026-10-06
Johor Darul Ta'zim,Darul Ta'zim,Johor Darul Ta'zim FC,79.904035307,349,6siod2n1m854sihsqbyknyl1w,2026-10-06
Simba,Simba,Simba Sports Club,79.9028560783,350,c5wdltkcr7ti6feuv6ej6kavo,2026-10-06
Liverpool,Liverpool,Liverpool FC Montevideo,79.9025133172,351,6bxydtby0dlb8mn1nb1h08iz8,2026-10-06
Venezia,Venezia,Venezia FC,79.8905617154,352,60cryos85i4bp5ul34tt0brx0,2026-10-06
The Strongest,The Strongest,Club The Strongest,79.8422699765,353,b8kaz0tks262ypfye6pj6dpuc,2026-10-06
Querétaro,Querétaro,Querétaro FC,79.8362593382,354,9zum4nxferygj8bb0ldcavxn8,2026-10-06
Sigma Olomouc,Olomouc,SK Sigma Olomouc,79.822354711,355,ei2lksxq5fb6mh8yzxqatwnx0,2026-10-06
Blackburn Rovers,Blackburn,Blackburn Rovers FC,79.8213160103,356,al48ooi8acoibema226051250,2026-10-06
NEC,NEC,NEC,79.8136988578,357,56cvval3nf96u0bf9rzs9h6vo,2026-10-06
Columbus Crew,Columbus,Columbus Crew,79.8068294817,358,6i6n0jkbh9zzij6s8htfjh2j8,2026-10-06
Groningen,Groningen,FC Groningen,79.7648792472,359,56cvval3nf96u0bf9rzs9h6vo,2026-10-06
Raków Częstochowa,Raków,KS Raków Częstochowa,79.7558769384,360,1objvzhwen02wc4i4a1nnux3o,2026-10-06
SJ Earthquakes,Earthquakes,San Jose Earthquakes,79.7545472954,361,6i6n0jkbh9zzij6s8htfjh2j8,2026-10-06
Banfield,Banfield,CA Banfield,79.7016961577,362,8v84l9nq3d5t0j4gb781i3llg,2026-10-06
New England,New England,New England Revolution,79.6849513152,363,6i6n0jkbh9zzij6s8htfjh2j8,2026-10-06
Servette,Servette,Servette FC,79.6765858766,364,cx0b7yl7kqmgay9wn2c3zyjh0,2026-10-06
Al Ain,Al Ain,Al Ain FC,79.6521941783,365,b6a9x42zsbxzbc2n5t79kdono,2026-10-06
Pumas UNAM,Pumas,Club Universidad Nacional,79.624009851,366,9zum4nxferygj8bb0ldcavxn8,2026-10-06
Piast Gliwice,Piast,GKS Piast Gliwice,79.6045637177,367,1objvzhwen02wc4i4a1nnux3o,2026-10-06
Hapoel Tel Aviv,Hapoel TA,Hapoel Tel Aviv FC,79.5768622964,368,cbr00ay9uda1ju0ooqvb1ufbo,2026-10-06
Chapecoense,Chapecoense,Chapecoense AF,79.565269154,369,752zalnunu0zkdfbbm915kys4,2026-10-06
Ludogorets Razgrad,Ludogorets,PFK Ludogorets 1945 Razgrad,79.5439664317,370,3rbiru554kufnw6hrtsv0us5w,2026-10-06
Everton,Everton,Everton de Viña del Mar,79.5368747151,371,ikhh1wx11krn1uqgykcjof84,2026-10-06
Wolfsburg,Wolfsburg,VfL Wolfsburg,79.525960078,372,c21j57b4gkcp8rzyp2cn8jbpw,2026-10-06
Häcken,Häcken,BK Häcken,79.5249212456,373,b99u9gpztyjs5u1i88z6qvg9g,2026-10-06
Central Córdoba SdE,Córdoba SdE,CA Central Córdoba,79.4922047158,374,8v84l9nq3d5t0j4gb781i3llg,2026-10-06
Teplice,Teplice,FK Teplice,79.4812898697,375,ei2lksxq5fb6mh8yzxqatwnx0,2026-10-06
Tijuana,Tijuana,Club Tijuana Xoloitzcuintles de Caliente,79.4692252357,376,9zum4nxferygj8bb0ldcavxn8,2026-10-06
Zagłębie Lubin,Zagłębie,KGHM Zagłębie Lubin,79.4657070377,377,1objvzhwen02wc4i4a1nnux3o,2026-10-06
San Diego,San Diego,San Diego FC,79.4574514891,378,6i6n0jkbh9zzij6s8htfjh2j8,2026-10-06
Dynamo Kyiv,Dynamo Kyiv,FC Dynamo Kyiv,79.435233643,379,5vqx2miccjg04lp2pqs1hbmc,2026-10-06
Águilas Doradas,Águilas D,Águilas Doradas,79.4281415959,380,5l22b8pqde1bdxk6377auk3ro,2026-10-06
Dinamo Bucureşti,Dinamo,FC Dinamo 1948 Bucureşti,79.4262300638,381,zbhxyecp7s7s2dqg00ojrbis,2026-10-06
Carabobo,Carabobo,Carabobo FC,79.3741194345,382,55wby45j07iiofu0nuiy08xzo,2026-10-06
New York City,NYCFC,New York City Football Club,79.3736483983,383,6i6n0jkbh9zzij6s8htfjh2j8,2026-10-06
Melgar,Melgar,FBC Melgar,79.3723879342,384,7z7bio16q91wdq4kywi8wlmok,2026-10-06
Samsunspor,Samsunspor,Samsunspor Kulübü,79.3642429398,385,e00dq6lfzgc7vo631cz8ktc0k,2026-10-06
Las Palmas,Las Palmas,UD Las Palmas,79.3521223596,386,fgkxmpz2ewao1l63jrbkgg7o,2026-10-06
Orlando City,Orlando,Orlando City SC,79.3518313966,387,6i6n0jkbh9zzij6s8htfjh2j8,2026-10-06
Stoke City,Stoke,Stoke City FC,79.3483130214,388,al48ooi8acoibema226051250,2026-10-06
O'Higgins,O'Higgins,CD O'Higgins,79.3121309235,389,ikhh1wx11krn1uqgykcjof84,2026-10-06
Saint-Étienne,Saint-Étienne,AS Saint-Étienne,79.3071025093,390,b4rd8q7zjvernie5778azl7v8,2026-10-06
Temperley,Temperley,CA Temperley,79.2934301547,391,cbhbsl8jupde33c7j6vrze32s,2026-10-06
Widzew Łódź,Widzew,RTS Widzew Łódź,79.2904795752,392,1objvzhwen02wc4i4a1nnux3o,2026-10-06
GAIS,GAIS,GAIS,79.287016449,393,b99u9gpztyjs5u1i88z6qvg9g,2026-10-06
Moreirense,Moreirense,Moreirense FC,79.268661794,394,a8xa8yfi2tlljxrwyxcst51xw,2026-10-06
Deportivo Saprissa,Saprissa,Deportivo Saprissa,79.2656002937,395,dys50za4ylhqy94bj8zhmyx3o,2026-10-06
Zamalek,Zamalek,Zamalek SC,79.2645071896,396,5q5bvm7r1fjy0h427jh93a9lg,2026-10-06
Club Guaraní,Guaraní,Club Guaraní,79.2587987044,397,ynp3ah4di570mdbqt5a0yuc4,2026-10-06
Real Oviedo,Oviedo,Real Oviedo,79.2586186196,398,fgkxmpz2ewao1l63jrbkgg7o,2026-10-06
Luzern,Luzern,FC Luzern,79.2561943985,399,cx0b7yl7kqmgay9wn2c3zyjh0,2026-10-06
Wisła Płock,Wisła Płock,Wisła Płock SA,79.255848081,400,1objvzhwen02wc4i4a1nnux3o,2026-10-06
Rizespor,Rize,Çaykur Rize SK,79.2416490194,401,e00dq6lfzgc7vo631cz8ktc0k,2026-10-06
Houston Dynamo,Houston,Houston Dynamo FC,79.2247346386,402,6i6n0jkbh9zzij6s8htfjh2j8,2026-10-06
Aris,Aris,Aris Thessaloniki FC,79.1678817665,403,13prgjp0qzce661j00a3jy3o4,2026-10-06
Libertad,Libertad,Libertad Fútbol Club,79.1393162406,404,6fbkqr97shkflapdt7ck1dt78,2026-10-06
Municipal,Municipal,CSD Municipal,79.1388451568,405,8hlpnvuhsi69veuw84gyggr9w,2026-10-06
Aris Limassol,Aris Limassol,Aris FC Limassol,79.1256290454,406,9ov525t4gyibnhjsey291aw44,2026-10-06
Portland Timbers,Portland,Portland Timbers,79.1118308728,407,6i6n0jkbh9zzij6s8htfjh2j8,2026-10-06
Alanyaspor,Alanyaspor,Alanyaspor Kulübü,79.1086584737,408,e00dq6lfzgc7vo631cz8ktc0k,2026-10-06
Deportivo Morón,Morón,CD Morón,79.0960239757,409,cbhbsl8jupde33c7j6vrze32s,2026-10-06
Osijek,Osijek,NK Osijek,79.086838985,410,ddv8l7gdb84ask7lsxf8x9f6c,2026-10-06
Beitar Jerusalem,Beitar,Beitar Jerusalem FC,79.0594777488,411,cbr00ay9uda1ju0ooqvb1ufbo,2026-10-06
Mechelen,Mechelen,KV Mechelen,79.0563606254,412,5ysazl26p4ksxbonjpbamevpw,2026-10-06
Go Ahead Eagles,GAE,Go Ahead Eagles,79.0466628816,413,56cvval3nf96u0bf9rzs9h6vo,2026-10-06
Heart of Midlothian,Hearts,Heart of Midlothian FC,79.0411212955,414,7qmc7ue3f8yzv8yqmsxc9irro,2026-10-06
Heidenheim,Heidenheim,1. FC Heidenheim 1846,79.0359260464,415,c21j57b4gkcp8rzyp2cn8jbpw,2026-10-06
Sporting de Gijón,Gijón,Real Sporting de Gijón,79.0283063268,416,fgkxmpz2ewao1l63jrbkgg7o,2026-10-06
Maghreb Fès,Maghreb Fès,Maghreb AS de Fès,78.9999065199,417,3m3hltejq5dp7tvessefe7pck,2026-10-06
Zbrojovka Brno,Zbrojovka,FC Zbrojovka Brno,78.9995589773,418,ei2lksxq5fb6mh8yzxqatwnx0,2026-10-06
Belouizdad,Belouizdad,CR Belouizdad,78.996096604,419,ccifwc50hpqpwze0lsw8f8qac,2026-10-06
Bolton Wanderers,Bolton,Bolton Wanderers FC,78.9611131693,420,al48ooi8acoibema226051250,2026-10-06
Cardiff City,Cardiff,Cardiff City FC,78.9493368482,421,al48ooi8acoibema226051250,2026-10-06
Sarpsborg 08,Sarpsborg,Sarpsborg 08 FF,78.9313258884,422,beev3xu6oz7vc6l4rcxygw4d0,2026-10-06
Godoy Cruz,Godoy Cruz,CD Godoy Cruz Antonio Tomba,78.9266568705,423,cbhbsl8jupde33c7j6vrze32s,2026-10-06
Cracovia,Cracovia,MKS Cracovia,78.9095047301,424,1objvzhwen02wc4i4a1nnux3o,2026-10-06
MC Alger,MC Alger,MC Alger,78.8966902202,425,ccifwc50hpqpwze0lsw8f8qac,2026-10-06
OFI,OFI,OFI FC,78.8821413995,426,13prgjp0qzce661j00a3jy3o4,2026-10-06
Al Ittihad,Ittihad,Al Ittihad Club,78.8778311453,427,4vs6oaojacz5bwo1320rkk844,2026-10-06
Marítimo,Marítimo,CS Marítimo Funchal,78.8533922353,428,a8xa8yfi2tlljxrwyxcst51xw,2026-10-06
Polissya,Polissya,Polissya Zhytomyr,78.8419617454,429,5vqx2miccjg04lp2pqs1hbmc,2026-10-06
Minnesota United,Minnesota,Minnesota United FC,78.8246980665,430,6i6n0jkbh9zzij6s8htfjh2j8,2026-10-06
Basel,Basel,FC Basel 1893,78.8201397441,431,cx0b7yl7kqmgay9wn2c3zyjh0,2026-10-06
Baltika,Baltika,FK Baltika Kaliningrad,78.8187542133,432,ac9tayo9q3al8a2m6m9pnfrx0,2026-10-06
Mushuc Runa,Mushuc Runa,Mushuc Runa SC,78.8116602824,433,6fbkqr97shkflapdt7ck1dt78,2026-10-06
Deportivo Táchira,Táchira,Deportivo Táchira FC,78.7513887017,434,55wby45j07iiofu0nuiy08xzo,2026-10-06
Kawasaki Frontale,Kawasaki,Kawasaki Frontale,78.7369773259,435,bakisqj15kviwhxxx3wr3rv9w,2026-10-06
Amed,Amed,Amed SFK,78.7325032828,436,e00dq6lfzgc7vo631cz8ktc0k,2026-10-06
Plymouth Argyle,Plymouth,Plymouth Argyle FC,78.7321568871,437,b7amy99ea2lpnx81o6q94pst0,2026-10-06
Shabab Al Ahli,Shabab Al Ahli,Shabab Al Ahli Club,78.7205720163,438,b6a9x42zsbxzbc2n5t79kdono,2026-10-06
Yokohama F. Marinos,F Marinos,Yokohama F. Marinos,78.700259156,439,bakisqj15kviwhxxx3wr3rv9w,2026-10-06
Fredrikstad,Fredrikstad,Fredrikstad FK,78.6549093314,440,beev3xu6oz7vc6l4rcxygw4d0,2026-10-06
Neftçi,Neftçi,Neftçi PFC Bakı,78.6292750418,441,cjfv1fu1qsr0jyk785saolgd0,2026-10-06
Metropolitanos,Metropolitanos,Metropolitanos FC,78.6114417219,442,55wby45j07iiofu0nuiy08xzo,2026-10-06
Lillestrøm,Lillestrøm,Lillestrøm SK,78.5821626311,443,beev3xu6oz7vc6l4rcxygw4d0,2026-10-06
Alajuelense,Alajuelense,LD Alajuelense,78.5676683745,444,dys50za4ylhqy94bj8zhmyx3o,2026-10-06
LA Galaxy,Galaxy,Los Angeles Galaxy,78.5600471108,445,6i6n0jkbh9zzij6s8htfjh2j8,2026-10-06
Reims,Reims,Stade de Reims,78.5104529216,446,b4rd8q7zjvernie5778azl7v8,2026-10-06
Seoul,Seoul,FC Seoul,78.5059202387,447,aclvhp7yp4w85gpqw5yyt1xqs,2026-10-06
Palestino,Palestino,CD Palestino,78.4995473073,448,ikhh1wx11krn1uqgykcjof84,2026-10-06
Śląsk Wrocław,Śląsk,WKS Śląsk Wrocław,78.4986743017,449,1objvzhwen02wc4i4a1nnux3o,2026-10-06
Charlton Athletic,Charlton,Charlton Athletic FC,78.4778883548,450,al48ooi8acoibema226051250,2026-10-06
Mladá Boleslav,Ml. Boleslav,FK Mladá Boleslav,78.4765026183,451,ei2lksxq5fb6mh8yzxqatwnx0,2026-10-06
Sporting Cristal,Cristal,Club Sporting Cristal SA,78.4735648542,452,7z7bio16q91wdq4kywi8wlmok,2026-10-06
ES Tunis,Tunis,Espérance Sportive de Tunis,78.4730394606,453,2cdwuc8jbyg41icy3ah21d2c4,2026-10-06
Sabadell,Sabadell,CE Sabadell FC,78.470613229,454,fgkxmpz2ewao1l63jrbkgg7o,2026-10-06
Elfsborg,Elfsborg,IF Elfsborg,78.4304264053,455,b99u9gpztyjs5u1i88z6qvg9g,2026-10-06
APOEL,APOEL,APOEL FC,78.401671609,456,9ov525t4gyibnhjsey291aw44,2026-10-06
Riga,Riga,Riga FC,78.396821367,457,d1tk0recez2ejvsidutwviwwk,2026-10-06
Puskás,Puskás,Puskás Akadémia FC,78.3819241309,458,1qah382h96g7zu8m6op3ftams,2026-10-06
Colorado Rapids,Colorado,Colorado Rapids,78.379207905,459,6i6n0jkbh9zzij6s8htfjh2j8,2026-10-06
CSKA Sofia,CSKA,PFK CSKA Sofia,78.3725700031,460,3rbiru554kufnw6hrtsv0us5w,2026-10-06
Granada,Granada,Granada CF,78.3476254762,461,fgkxmpz2ewao1l63jrbkgg7o,2026-10-06
Excelsior,Excelsior,Excelsior Rotterdam,78.3424286656,462,56cvval3nf96u0bf9rzs9h6vo,2026-10-06
Emelec,Emelec,CS Emelec,78.3384513653,463,6fbkqr97shkflapdt7ck1dt78,2026-10-06
Estrela,Estrela,Club Foot Estrela,78.3178302694,464,a8xa8yfi2tlljxrwyxcst51xw,2026-10-06
Austria Wien,Austria,FK Austria Wien,78.3112475553,465,1ypt1hmmrdjdek7yieatpskyc,2026-10-06
Huddersfield Town,Huddersfield,Huddersfield Town FC,78.2928851478,466,b7amy99ea2lpnx81o6q94pst0,2026-10-06
Aldosivi,Aldosivi,CA Aldosivi,78.2830178916,467,8v84l9nq3d5t0j4gb781i3llg,2026-10-06
Leones,Leones,Leones FC,78.2819785011,468,6fbkqr97shkflapdt7ck1dt78,2026-10-06
Ferro Carril Oeste,Ferro,Club Ferro Carril Oeste,78.274702755,469,cbhbsl8jupde33c7j6vrze32s,2026-10-06
Atlético San Luis,San Luis,Atlético de San Luis,78.2718062404,470,9zum4nxferygj8bb0ldcavxn8,2026-10-06
Maccabi Haifa,M Haifa,Maccabi Haifa FC,78.2395293941,471,cbr00ay9uda1ju0ooqvb1ufbo,2026-10-06
Sportivo Ameliano,Ameliano,Club Sportivo Ameliano,78.2393630885,472,ynp3ah4di570mdbqt5a0yuc4,2026-10-06
Audax Italiano,Audax,Audax Italiano La Florida,78.2178818486,473,ikhh1wx11krn1uqgykcjof84,2026-10-06
Sandefjord,Sandefjord,Sandefjord Fotball,78.2163157891,474,beev3xu6oz7vc6l4rcxygw4d0,2026-10-06
Stockport County,Stockport,Stockport County FC,78.2142369473,475,b7amy99ea2lpnx81o6q94pst0,2026-10-06
Konyaspor,Konyaspor,Konyaspor Kulübü,78.2131975257,476,e00dq6lfzgc7vo631cz8ktc0k,2026-10-06
Racing,Racing,Racing Club de Montevideo,78.2009045973,477,6bxydtby0dlb8mn1nb1h08iz8,2026-10-06
Kortrijk,Kortrijk,KV Kortrijk,78.186518877,478,5ysazl26p4ksxbonjpbamevpw,2026-10-06
Bohemians 1905,Bohemians,Bohemians Praha 1905,78.1813217015,479,ei2lksxq5fb6mh8yzxqatwnx0,2026-10-06
Cartaginés,Cartaginés,CS Cartaginés,78.1560839813,480,dys50za4ylhqy94bj8zhmyx3o,2026-10-06
Universitatea Cluj,U Cluj,FC Universitatea Cluj,78.1497919174,481,zbhxyecp7s7s2dqg00ojrbis,2026-10-06
Kaiserslautern,1.FCK,1. FC Kaiserslautern,78.1227660427,482,c21j57b4gkcp8rzyp2cn8jbpw,2026-10-06
Motor Lublin,Motor,Motor Lublin SA,78.0898494824,483,1objvzhwen02wc4i4a1nnux3o,2026-10-06
OB,OB,Odense BK,78.0759897364,484,aa2sqzvq68621ok3nca8csrh0,2026-10-06
Lokomotiv Moskva,Lokomotiv M,FK Lokomotiv Moskva,78.0725247868,485,ac9tayo9q3al8a2m6m9pnfrx0,2026-10-06
Thun,Thun,FC Thun,78.0551999601,486,cx0b7yl7kqmgay9wn2c3zyjh0,2026-10-06
Cienciano,Cienciano,Club Cienciano,78.0477571742,487,7z7bio16q91wdq4kywi8wlmok,2026-10-06
Austin,Austin,Austin FC,78.0400093757,488,6i6n0jkbh9zzij6s8htfjh2j8,2026-10-06
Real Salt Lake,Salt Lake,Real Salt Lake,78.038969875,489,6i6n0jkbh9zzij6s8htfjh2j8,2026-10-06
Kasımpaşa,Kasımpaşa,Kasımpaşa SK,78.0375285016,490,e00dq6lfzgc7vo631cz8ktc0k,2026-10-06
Llaneros,Llaneros,Club Llaneros SA,78.0363226795,491,5l22b8pqde1bdxk6377auk3ro,2026-10-06
Spartak Trnava,Spartak,FC Spartak Trnava,78.0351029967,492,5sqcuu8cql6utpiiunzurorv8,2026-10-06
Estoril,Estoril,GD Estoril Praia,78.0278264664,493,a8xa8yfi2tlljxrwyxcst51xw,2026-10-06
Deportivo Garcilaso,Deportivo G.,Club Deportivo Garcilaso,78.0224626092,494,7z7bio16q91wdq4kywi8wlmok,2026-10-06
Gimnasia Jujuy,Gimn Jujuy,CA Gimnasia y Esgrima de Jujuy,78.0203835914,495,cbhbsl8jupde33c7j6vrze32s,2026-10-06
Kocaelispor,Kocaelispor,Kocaelispor Kulübü,78.0202034098,496,e00dq6lfzgc7vo631cz8ktc0k,2026-10-06
Petro de Luanda,Petro Luanda,Atlético Petróleos Luanda,78.0188208618,497,ofi6heevfqlhgto3devky0b8,2026-10-06
Celje,Celje,NK Celje,77.9848598154,498,8pj9wygfe1cepoagkwe0x785w,2026-10-06
Deportes Limache,Limache,CD Limache,77.9788028387,499,ikhh1wx11krn1uqgykcjof84,2026-10-06
Atlas,Atlas,Atlas FC,77.9727873588,500,9zum4nxferygj8bb0ldcavxn8,2026-10-06
Urawa Reds,Urawa,Urawa Red Diamonds,77.9584959101,501,bakisqj15kviwhxxx3wr3rv9w,2026-10-06
Malmö FF,Malmö,Malmö FF,77.9235269865,502,b99u9gpztyjs5u1i88z6qvg9g,2026-10-06
Tractor,Tractor,Tractor FC,77.9178288599,503,1p2kviatzyprl6bv4j6zs9ams,2026-10-06
Zrinjski,Zrinjski,HŠK Zrinjski Mostar,77.8861027562,504,4c48j9oq3d0aje3ojkb3mbp5g,2026-10-06
Watford,Watford,Watford FC,77.8822909947,505,al48ooi8acoibema226051250,2026-10-06
Deportivo Cuenca,Dep. Cuenca,CD Cuenca,77.8734615443,506,6fbkqr97shkflapdt7ck1dt78,2026-10-06
Silkeborg,Silkeborg,Silkeborg IF,77.8712021975,507,aa2sqzvq68621ok3nca8csrh0,2026-10-06
Žilina,Žilina,MŠK Žilina,77.869123042,508,5sqcuu8cql6utpiiunzurorv8,2026-10-06
Academia Puerto Cabello,Puerto Cabello,Academia Puerto Cabello,77.867917131,509,55wby45j07iiofu0nuiy08xzo,2026-10-06
Deportes Concepción,Concepción,CD Concepción,77.8644518658,510,ikhh1wx11krn1uqgykcjof84,2026-10-06
Bochum,Bochum,VfL Bochum 1848,77.8341236405,511,c21j57b4gkcp8rzyp2cn8jbpw,2026-10-06
Magdeburg,Magdeburg,1. FC Magdeburg,77.8237276752,512,c21j57b4gkcp8rzyp2cn8jbpw,2026-10-06
Juventud,Juventud,CA Juventud de Las Piedras,77.8204425403,513,6bxydtby0dlb8mn1nb1h08iz8,2026-10-06
Gimnasia y Tiro,Gimnasia Tiro,Club de Gimnasia y Tiro de Salta,77.817323737,514,cbhbsl8jupde33c7j6vrze32s,2026-10-06
Rio Ave,Rio Ave,Rio Ave FC,77.792539495,515,a8xa8yfi2tlljxrwyxcst51xw,2026-10-06
OH Leuven,OHL,Oud-Heverlee Leuven,77.7918464194,516,5ysazl26p4ksxbonjpbamevpw,2026-10-06
2 de Mayo,2 de Mayo,Club 2 de Mayo,77.780244304,517,ynp3ah4di570mdbqt5a0yuc4,2026-10-06
Córdoba,Córdoba,Córdoba FC,77.7717471377,518,fgkxmpz2ewao1l63jrbkgg7o,2026-10-06
Inter Bogotá,Inter Bogotá,Internacional de Bogotá,77.7701946341,519,5l22b8pqde1bdxk6377auk3ro,2026-10-06
Guayaquil City,Guayaquil City,Guayaquil City FC,77.7649965116,520,6fbkqr97shkflapdt7ck1dt78,2026-10-06
Rapid Bucureşti,Rapid,FC Rapid 1923,77.7495684142,521,zbhxyecp7s7s2dqg00ojrbis,2026-10-06
Inter Turku,Inter Turku,FC Inter Turku,77.7440236995,522,32gy6t29t9240sgu7l11j9nh0,2026-10-06
Real España,Real España,Real CD España,77.7437348113,523,bifv7w5gplrvhfvyqle3jf504,2026-10-06
Horsens,Horsens,AC Horsens,77.7308549482,524,aa2sqzvq68621ok3nca8csrh0,2026-10-06
Deportivo Maipú,Maipú,CD Maipú,77.6544469637,525,cbhbsl8jupde33c7j6vrze32s,2026-10-06
Atlante,Atlante,Atlante FC,77.6518962217,526,9zum4nxferygj8bb0ldcavxn8,2026-10-06
Alianza Atlético,Alianza Atl.,Club Alianza Atlético Sullana,77.6378120841,527,7z7bio16q91wdq4kywi8wlmok,2026-10-06
IFK Göteborg,IFK Göteborg,IFK Göteborg,77.6358990652,528,b99u9gpztyjs5u1i88z6qvg9g,2026-10-06
FC Andorra,FC Andorra,FC Andorra,77.635205942,529,fgkxmpz2ewao1l63jrbkgg7o,2026-10-06
Radomiak Radom,Radomiak,RKS Radomiak Radom,77.6341662568,530,1objvzhwen02wc4i4a1nnux3o,2026-10-06
Wieczysta Kraków,Wieczysta,KS Wieczysta Kraków,77.6175312289,531,1objvzhwen02wc4i4a1nnux3o,2026-10-06
Preston North End,Preston,Preston North End FC,77.6116396274,532,al48ooi8acoibema226051250,2026-10-06
Estudiantes Caseros,Est Caseros,CA Estudiantes de Caseros,77.6052350926,533,cbhbsl8jupde33c7j6vrze32s,2026-10-06
Atlanta,Atlanta,CA Atlanta,77.6038488273,534,cbhbsl8jupde33c7j6vrze32s,2026-10-06
Randers,Randers,Randers FC,77.6036686127,535,aa2sqzvq68621ok3nca8csrh0,2026-10-06
Víkingur Reykjavík,Víkingur R,Víkingur Reykjavík,77.6005495124,536,eeeacj91qdk6pru5zwwobaiac,2026-10-06
Modena,Modena,Modena FC 2018,77.594311299,537,2aad86jp2iq9zr22oxib5a4gk,2026-10-06
Çorum,Çorum,Çorum FK,77.5863402236,538,e00dq6lfzgc7vo631cz8ktc0k,2026-10-06
Cerezo Osaka,Cerezo,Cerezo Osaka,77.5835385572,539,bakisqj15kviwhxxx3wr3rv9w,2026-10-06
St. Pauli,St. Pauli,FC St. Pauli,77.5797554011,540,c21j57b4gkcp8rzyp2cn8jbpw,2026-10-06
Villarreal II,Villarreal II,Villarreal CF II,77.5648528376,541,c1yslf7aazs430di8dpm8yvx0,2026-10-06
Paks,Paks,Paksi FC,77.5423255211,542,1qah382h96g7zu8m6op3ftams,2026-10-06
RAAL La Louvière,La Louvière,RAAL La Louvière,77.5353939942,543,5ysazl26p4ksxbonjpbamevpw,2026-10-06
Wanderers,Wanderers,Montevideo Wanderers FC,77.5241371494,544,6bxydtby0dlb8mn1nb1h08iz8,2026-10-06
KFUM,KFUM,KFUM Fotball,77.5191048227,545,beev3xu6oz7vc6l4rcxygw4d0,2026-10-06
Rubin Kazan,Rubin,FK Rubin Kazan,77.5104403221,546,ac9tayo9q3al8a2m6m9pnfrx0,2026-10-06
Ararat-Armenia,Ararat-Armenia,Ararat-Armenia FC,77.4996962955,547,847iyp5po72cef4cdwd8c0ems,2026-10-06
Ceramica Cleopatra,Ceramica Cleo,Ceramica Cleopatra FC,77.4300333667,548,5q5bvm7r1fjy0h427jh93a9lg,2026-10-06
Luton Town,Luton,Luton Town FC,77.4262196532,549,b7amy99ea2lpnx81o6q94pst0,2026-10-06
Vålerenga,Vålerenga,Vålerenga Fotball,77.4244866848,550,beev3xu6oz7vc6l4rcxygw4d0,2026-10-06
CSKA 1948 Sofia,CSKA 1948,FK CSKA 1948 Sofia,77.4130490601,551,3rbiru554kufnw6hrtsv0us5w,2026-10-06
Cusco,Cusco,Cusco FC,77.386194677,552,7z7bio16q91wdq4kywi8wlmok,2026-10-06
Oxford United,Oxford U,Oxford United FC,77.3794290414,553,b7amy99ea2lpnx81o6q94pst0,2026-10-06
Nacional,Nacional,CD Nacional,77.3534338396,554,a8xa8yfi2tlljxrwyxcst51xw,2026-10-06
Ñublense,Ñublense,CD Ñublense,77.3487616037,555,ikhh1wx11krn1uqgykcjof84,2026-10-06
Jeonbuk Motors,Jeonbuk Motors,Jeonbuk Hyundai Motors FC,77.3482056486,556,aclvhp7yp4w85gpqw5yyt1xqs,2026-10-06
Kairat,Kairat,FK Kairat Almaty,77.3444221,557,5dlquxczyamt372efk9kgws2c,2026-10-06
San Martín Tucumán,SM Tucumán,CA San Martín de Tucumán,77.337670204,558,cbhbsl8jupde33c7j6vrze32s,2026-10-06
Red Star,Red Star,Red Star FC,77.333330679,559,b4rd8q7zjvernie5778azl7v8,2026-10-06
Tenerife,Tenerife,CD Tenerife,77.3305578153,560,fgkxmpz2ewao1l63jrbkgg7o,2026-10-06
Deportivo Pasto,Pasto,AD Pasto,77.3196465635,561,5l22b8pqde1bdxk6377auk3ro,2026-10-06
Casa Pia,Casa Pia,Casa Pia AC,77.2584621661,562,a8xa8yfi2tlljxrwyxcst51xw,2026-10-06
Bradford City,Bradford,Bradford City AFC,77.2380115397,563,b7amy99ea2lpnx81o6q94pst0,2026-10-06
Zira,Zira,Zira IK,77.232118952,564,cjfv1fu1qsr0jyk785saolgd0,2026-10-06
Real Valladolid,Valladolid,Real Valladolid CF,77.2172141029,565,fgkxmpz2ewao1l63jrbkgg7o,2026-10-06
Lyngby,Lyngby,Lyngby BK,77.2140944709,566,aa2sqzvq68621ok3nca8csrh0,2026-10-06
Gaziantep,Gaziantep,Gaziantep FK,77.2099349548,567,e00dq6lfzgc7vo631cz8ktc0k,2026-10-06
New York RB,New York,New York Red Bulls,77.1826066757,568,6i6n0jkbh9zzij6s8htfjh2j8,2026-10-06
Toronto,Toronto,Toronto FC,77.1819134139,569,6i6n0jkbh9zzij6s8htfjh2j8,2026-10-06
AIK,AIK,AIK Fotboll,77.1652196739,570,b99u9gpztyjs5u1i88z6qvg9g,2026-10-06
Orense,Orense,Orense SC,77.1498013625,571,6fbkqr97shkflapdt7ck1dt78,2026-10-06
Eldense,Eldense,CD Eldense,77.1437282937,572,fgkxmpz2ewao1l63jrbkgg7o,2026-10-06
Hartberg,Hartberg,TSV Hartberg,77.0671202587,573,1ypt1hmmrdjdek7yieatpskyc,2026-10-06
Montpellier,Montpellier,Montpellier HSC,77.0653870152,574,b4rd8q7zjvernie5778azl7v8,2026-10-06
Fortaleza,Fortaleza,Fortaleza FC,77.0645273259,575,5l22b8pqde1bdxk6377auk3ro,2026-10-06
Levadiakos,Levadiakos,Levadiakos FC,77.0584540277,576,13prgjp0qzce661j00a3jy3o4,2026-10-06
San Martín San Juan,San Martín SJ,CA San Martín de San Juan,77.0451148999,577,cbhbsl8jupde33c7j6vrze32s,2026-10-06
Koper,Koper,FC Koper,77.0328017888,578,8pj9wygfe1cepoagkwe0x785w,2026-10-06
Albacete,Albacete,Albacete Balompié,77.0241354259,579,fgkxmpz2ewao1l63jrbkgg7o,2026-10-06
Motagua,Motagua,FC Motagua,77.0186466115,580,bifv7w5gplrvhfvyqle3jf504,2026-10-06
Delfín,Delfín,Delfín SC,77.0173825729,581,6fbkqr97shkflapdt7ck1dt78,2026-10-06
Västerås,Västerås,Västerås SK Fotboll,77.0133890897,582,b99u9gpztyjs5u1i88z6qvg9g,2026-10-06
Marathón,Marathón,CD Marathón,76.9964605168,583,bifv7w5gplrvhfvyqle3jf504,2026-10-06
Vojvodina,Vojvodina,FK Vojvodina Novi Sad,76.9780298155,584,akqbhzm3iofv030i63sb5js44,2026-10-06
Pardubice,Pardubice,FK Pardubice,76.964163282,585,ei2lksxq5fb6mh8yzxqatwnx0,2026-10-06
Estudiantes Río Cuarto,Estudiantes RC,AA Estudiantes de Río Cuarto,76.9483969297,586,8v84l9nq3d5t0j4gb781i3llg,2026-10-06
Atlanta United,Atlanta United,Atlanta United FC,76.9472320605,587,6i6n0jkbh9zzij6s8htfjh2j8,2026-10-06
TP Mazembe,Mazembe,Tout Puissant Mazembe,76.9426734531,588,ehmma83pqd17k7x6if20hmrkk,2026-10-06
Fagiano Okayama,Fagiano,Fagiano Okayama,76.9128272454,589,bakisqj15kviwhxxx3wr3rv9w,2026-10-06
Energie Cottbus,Cottbus,FC Energie Cottbus,76.9093896402,590,c21j57b4gkcp8rzyp2cn8jbpw,2026-10-06
Midland,Midland,CA Ferrocarril Midland,76.9029831171,591,cbhbsl8jupde33c7j6vrze32s,2026-10-06
Ried,Ried,SV Ried,76.893095958,592,1ypt1hmmrdjdek7yieatpskyc,2026-10-06
Újpest,Újpest,Újpest FC,76.8650150799,593,1qah382h96g7zu8m6op3ftams,2026-10-06
Esteghlal,Esteghlal,Esteghlal FC,76.8496072153,594,1p2kviatzyprl6bv4j6zs9ams,2026-10-06
Vasas,Vasas,Budapesti Vasas SC,76.8445608864,595,1qah382h96g7zu8m6op3ftams,2026-10-06
Fortuna Sittard,Fortuna,Fortuna Sittard,76.8414407388,596,56cvval3nf96u0bf9rzs9h6vo,2026-10-06
Leganés,Leganés,CD Leganés,76.8383205869,597,fgkxmpz2ewao1l63jrbkgg7o,2026-10-06
Gençlerbirliği,Gençlerbirliği,Gençlerbirliği SK,76.8379739031,598,e00dq6lfzgc7vo631cz8ktc0k,2026-10-06
Erzurumspor,Erzurumspor,Erzurumspor FK,76.8223730763,599,e00dq6lfzgc7vo631cz8ktc0k,2026-10-06
Hellas Verona,Verona,Hellas Verona FC,76.8074655185,600,2aad86jp2iq9zr22oxib5a4gk,2026-10-06
Alianza,Alianza,Alianza FC,76.8034855305,601,5l22b8pqde1bdxk6377auk3ro,2026-10-06
Colegiales,Colegiales,CA Colegiales,76.8017520841,602,cbhbsl8jupde33c7j6vrze32s,2026-10-06
Sparta Rotterdam,Sparta,Sparta Rotterdam,76.7901310246,603,56cvval3nf96u0bf9rzs9h6vo,2026-10-06
Rostov,Rostov,FK Rostov,76.7890909507,604,ac9tayo9q3al8a2m6m9pnfrx0,2026-10-06
Daejeon Hana Citizen,Daejeon,Daejeon Hana Citizen FC,76.7807412201,605,aclvhp7yp4w85gpqw5yyt1xqs,2026-10-06
Egnatia Rrogozhinë,Egnatia,KS Egnatia Rrogozhinë,76.7800769569,606,bd2cao9ydrq06v5uu7x4ytiqc,2026-10-06
Huachipato,Huachipato,CD Huachipato,76.7410806162,607,ikhh1wx11krn1uqgykcjof84,2026-10-06
Lokomotiva Zagreb,Lokomotiva,NK Lokomotiva Zagreb,76.7294592429,608,ddv8l7gdb84ask7lsxf8x9f6c,2026-10-06
Maribor,Maribor,NK Maribor,76.7235653254,609,8pj9wygfe1cepoagkwe0x785w,2026-10-06
Kuwait SC,Kuwait,Kuwait SC,76.7227180062,610,evaw3m63xloe8o87vqybzjsic,2026-10-06
CFR Cluj,CFR,SCS CFR 1907 Cluj,76.7204450098,611,zbhxyecp7s7s2dqg00ojrbis,2026-10-06
Leicester City,Leicester,Leicester City FC,76.7121241472,612,b7amy99ea2lpnx81o6q94pst0,2026-10-06
Al Wasl,Al Wasl,Al Wasl Club,76.6783397605,613,b6a9x42zsbxzbc2n5t79kdono,2026-10-06
Novorizontino,Novorizontino,Grêmio Novorizontino,76.6745134631,614,7pt8trpd4rbju1v568nuskdn8,2026-10-06
Grazer AK,GAK,Grazer AK 1902,76.6729463376,615,1ypt1hmmrdjdek7yieatpskyc,2026-10-06
Arminia Bielefeld,Bielefeld,DSC Arminia Bielefeld,76.6694792419,616,c21j57b4gkcp8rzyp2cn8jbpw,2026-10-06
Cúcuta Deportivo,Cúcuta,Cúcuta Deportivo FC,76.6616851911,617,5l22b8pqde1bdxk6377auk3ro,2026-10-06
Gamba Osaka,Gamba,Gamba Osaka,76.6486474311,618,bakisqj15kviwhxxx3wr3rv9w,2026-10-06
Colón,Colón,CA Colón,76.6446962856,619,cbhbsl8jupde33c7j6vrze32s,2026-10-06
Istra 1961,Istra,NK Istra 1961,76.6424357113,620,ddv8l7gdb84ask7lsxf8x9f6c,2026-10-06
Sønderjyske,Sønderjyske,Sønderjyske Fodbold,76.6136582629,621,aa2sqzvq68621ok3nca8csrh0,2026-10-06
Holstein Kiel,Holstein,Kieler SV Holstein 1900,76.6001362018,622,c21j57b4gkcp8rzyp2cn8jbpw,2026-10-06
DC United,DC United,DC United,76.5929104653,623,6i6n0jkbh9zzij6s8htfjh2j8,2026-10-06
HamKam,HamKam,Hamarkameratene Fotball,76.5838402762,624,beev3xu6oz7vc6l4rcxygw4d0,2026-10-06
Persepolis,Persepolis,Persepolis FC,76.5566417851,625,1p2kviatzyprl6bv4j6zs9ams,2026-10-06
Juárez,Juárez,FC Juárez,76.5419417988,626,9zum4nxferygj8bb0ldcavxn8,2026-10-06
Al Seeb,Seeb,Al Seeb Club,76.541732462,627,cbdqxkajw3jvb9nqzpbraim1g,2026-10-06
Al Ahli Tripoli,Ahli Tripoli,Al Ahli Tripoli,76.5370356385,628,68kgxuk3dkg7p955ifkisgc9g,2026-10-06
Nacional Potosí,Nacional,CA Nacional Potosí,76.5354788188,629,b8kaz0tks262ypfye6pj6dpuc,2026-10-06
Al Sadd,Sadd,Al Sadd SC,76.5178079919,630,b0n3k3rsxrgrfimue4kkxqmms,2026-10-06
Kabylie,Kabylie,JS Kabylie,76.5106816995,631,ccifwc50hpqpwze0lsw8f8qac,2026-10-06
Telstar,Telstar,Telstar 1963,76.4933437238,632,56cvval3nf96u0bf9rzs9h6vo,2026-10-06
Catanzaro,Catanzaro,US Catanzaro 1929,76.457976261,633,2aad86jp2iq9zr22oxib5a4gk,2026-10-06
Real Sociedad II,Sociedad II,Real Sociedad de Fútbol,76.4531218597,634,fgkxmpz2ewao1l63jrbkgg7o,2026-10-06
Aalesund,Aalesund,Aalesunds FK,76.4475739596,635,beev3xu6oz7vc6l4rcxygw4d0,2026-10-06
Cremonese,Cremonese,US Cremonese,76.4454934935,636,2aad86jp2iq9zr22oxib5a4gk,2026-10-06
Boyacá Chicó,Boyacá Chicó,Boyacá Chicó FC,76.4397791367,637,5l22b8pqde1bdxk6377auk3ro,2026-10-06
Kyoto Sanga,Kyoto,Kyoto Sanga FC,76.4208453711,638,bakisqj15kviwhxxx3wr3rv9w,2026-10-06
Mantova,Mantova,Mantova 1911,76.4146330194,639,2aad86jp2iq9zr22oxib5a4gk,2026-10-06
Sport Huancayo,Huancayo,Club Sport Huancayo,76.4012900668,640,7z7bio16q91wdq4kywi8wlmok,2026-10-06
Akhmat Grozny,Akhmat,FK Akhmat Grozny,76.3962552314,641,ac9tayo9q3al8a2m6m9pnfrx0,2026-10-06
Deportivo La Guaira,La Guaira,Deportivo La Guaira FC,76.3867264622,642,55wby45j07iiofu0nuiy08xzo,2026-10-06
Necaxa,Necaxa,Club Necaxa,76.3866015625,643,9zum4nxferygj8bb0ldcavxn8,2026-10-06
Reading,Reading,Reading FC,76.3844656274,644,b7amy99ea2lpnx81o6q94pst0,2026-10-06
Sheffield Wednesday,Sheff Wed,Sheffield Wednesday FC,76.3841188734,645,b7amy99ea2lpnx81o6q94pst0,2026-10-06
Celta de Vigo II,Celta Vigo II,Real Club Celta Fortuna,76.3674746182,646,fgkxmpz2ewao1l63jrbkgg7o,2026-10-06
Darmstadt 98,Darmstadt,SV Darmstadt 1898,76.3556848624,647,c21j57b4gkcp8rzyp2cn8jbpw,2026-10-06
Mjällby,Mjällby,Mjällby AIF,76.3269037265,648,b99u9gpztyjs5u1i88z6qvg9g,2026-10-06
Osnabrück,Osnabrück,VfL Osnabrück,76.2963883821,649,c21j57b4gkcp8rzyp2cn8jbpw,2026-10-06
Wycombe Wanderers,Wycombe,Wycombe Wanderers FC,76.2603242554,650,b7amy99ea2lpnx81o6q94pst0,2026-10-06
RFS,RFS,FC RFS,76.2575500676,651,d1tk0recez2ejvsidutwviwwk,2026-10-06
Krylya Sovetov,Krylya,PFK Krylya Sovetov Samara,76.2558161986,652,ac9tayo9q3al8a2m6m9pnfrx0,2026-10-06
Metz,Metz,FC Metz,76.2551226505,653,b4rd8q7zjvernie5778azl7v8,2026-10-06
Pisa,Pisa,Pisa Sporting Club,76.2370903265,654,2aad86jp2iq9zr22oxib5a4gk,2026-10-06
Annecy,Annecy,FC Annecy,76.2246063245,655,b4rd8q7zjvernie5778azl7v8,2026-10-06
Cobreloa,Cobreloa,CD Cobreloa,76.1987780895,656,3mlz1os528syxdg3qpkz4ljis,2026-10-06
Deportes Antofagasta,Antofagasta,CD Antofagasta,76.1644463256,657,3mlz1os528syxdg3qpkz4ljis,2026-10-06
MSV Duisburg,Duisburg,MSV Duisburg,76.1604513223,658,58t4zseno2tp4253w3dm5i80k,2026-10-06
Stevenage,Stevenage,Stevenage FC,76.1340952186,659,b7amy99ea2lpnx81o6q94pst0,2026-10-06
Dender,Dender,FCV Dender EH,76.1327080466,660,83p55gs5rtqe8vjqg5t6me39w,2026-10-06
Ceuta,Ceuta,AD Ceuta FC,76.1108599736,661,fgkxmpz2ewao1l63jrbkgg7o,2026-10-06
La Serena,La Serena,CD La Serena,76.1103467147,662,ikhh1wx11krn1uqgykcjof84,2026-10-06
Ordabasy,Ordabasy,FK Ordabasy Shymkent,76.0956008749,663,5dlquxczyamt372efk9kgws2c,2026-10-06
Dinamo Minsk,Dinamo Minsk,FK Dinamo Minsk,76.094560478,664,2tml5a5shxx16bkg25p0hh8gk,2026-10-06
Nantes,Nantes,FC Nantes,76.0907456852,665,b4rd8q7zjvernie5778azl7v8,2026-10-06
Montréal,Montréal,Club de Foot Montréal,76.0901075053,666,6i6n0jkbh9zzij6s8htfjh2j8,2026-10-06
Baník Ostrava,Ostrava,FC Baník Ostrava,76.0841564822,667,ei2lksxq5fb6mh8yzxqatwnx0,2026-10-06
Al Shorta,Shorta,Al Shorta,76.0364925993,668,1ua3sfkjt1blxmm5vtgqwavis,2026-10-06
Debrecen,Debrecen,Debreceni VSC,76.0258932066,669,1qah382h96g7zu8m6op3ftams,2026-10-06
Atromitos,Atromitos,PAE APS Atromitos Athens,76.0217314856,670,13prgjp0qzce661j00a3jy3o4,2026-10-06
Dynamo Dresden,Dresden,SG Dynamo Dresden,76.0213846752,671,c21j57b4gkcp8rzyp2cn8jbpw,2026-10-06
Pyunik,Pyunik,Pyunik FC,76.0175697569,672,847iyp5po72cef4cdwd8c0ems,2026-10-06
USM Alger,USM Alger,USM Alger,76.0134092088,673,ccifwc50hpqpwze0lsw8f8qac,2026-10-06
Dinamo Makhachkala,Dinamo Makh.,FK Dinamo Makhachkala,76.0054313369,674,ac9tayo9q3al8a2m6m9pnfrx0,2026-10-06
Mansfield Town,Mansfield,Mansfield Town FC,76.000922764,675,b7amy99ea2lpnx81o6q94pst0,2026-10-06
Rodez,Rodez,Rodez Aveyron Football,75.9683220418,676,b4rd8q7zjvernie5778azl7v8,2026-10-06
Ponferradina,Ponferradina,SD Ponferradina,75.9683220418,677,c1yslf7aazs430di8dpm8yvx0,2026-10-06
Club Africain,Club Africain,Club Africain,75.9665891359,678,2cdwuc8jbyg41icy3ah21d2c4,2026-10-06
Chaco For Ever,Chaco,CA Chaco For Ever,75.9570573406,679,cbhbsl8jupde33c7j6vrze32s,2026-10-06
Real Potosí,Real Potosí,Club Real Potosí,75.9331265975,680,b8kaz0tks262ypfye6pj6dpuc,2026-10-06
Turan,Turan,Turan-T IK,75.9267034034,681,cjfv1fu1qsr0jyk785saolgd0,2026-10-06
Sepahan,Sepahan,Foolad Mobarakeh Sepahan SC,75.9057398192,682,1p2kviatzyprl6bv4j6zs9ams,2026-10-06
UCV,UCV,Universidad Central de Venezuela FC,75.901912197,683,55wby45j07iiofu0nuiy08xzo,2026-10-06
Atlético Madrileño,Atlético,Atlético Madrileño,75.8895927928,684,c1yslf7aazs430di8dpm8yvx0,2026-10-06
WSG Tirol,Tirol,WSG Tirol,75.8816156647,685,1ypt1hmmrdjdek7yieatpskyc,2026-10-06
Partizan,Partizan,FK Partizan Beograd,75.8732916743,686,akqbhzm3iofv030i63sb5js44,2026-10-06
Hibernian,Hibernian,Hibernian FC,75.8694765016,687,7qmc7ue3f8yzv8yqmsxc9irro,2026-10-06
Almirante Brown,Almirante,Club Almirante Brown,75.8387884011,688,cbhbsl8jupde33c7j6vrze32s,2026-10-06
Start,Start,IK Start,75.8372206884,689,beev3xu6oz7vc6l4rcxygw4d0,2026-10-06
Santos Laguna,Santos Laguna,Club Santos Laguna,75.8254835496,690,9zum4nxferygj8bb0ldcavxn8,2026-10-06
Nyíregyháza Spartacus,Nyíregyháza,Nyíregyháza Spartacus FC,75.8226533931,691,1qah382h96g7zu8m6op3ftams,2026-10-06
Motherwell,Motherwell,Motherwell FC,75.7855410417,692,7qmc7ue3f8yzv8yqmsxc9irro,2026-10-06
Beerschot,Beerschot,Koninklijke Beerschot VA,75.7685454584,693,83p55gs5rtqe8vjqg5t6me39w,2026-10-06
Haugesund,Haugesund,FK Haugesund,75.7449595348,694,1b7iiw2jok0qp6s65rmh05a1g,2026-10-06
Juve Stabia,Juve Stabia,SS Juve Stabia,75.7383693054,695,2aad86jp2iq9zr22oxib5a4gk,2026-10-06
Aurora,Aurora,Club Deportivo Aurora,75.7329999882,696,b8kaz0tks262ypfye6pj6dpuc,2026-10-06
Quilmes,Quilmes,Quilmes AC,75.7323062771,697,cbhbsl8jupde33c7j6vrze32s,2026-10-06
Real Zaragoza,Zaragoza,Real Zaragoza,75.7068053031,698,c1yslf7aazs430di8dpm8yvx0,2026-10-06
Manta,Manta,Manta FC,75.6993547455,699,6fbkqr97shkflapdt7ck1dt78,2026-10-06
Kaizer Chiefs,Chiefs,Kaizer Chiefs FC,75.6981349837,700,3wl91cn4c74oeacldjjpw800k,2026-10-06
Wolfsberger AC,WAC,Wolfsberger AC,75.6856467639,701,1ypt1hmmrdjdek7yieatpskyc,2026-10-06
Torreense,Torreense,SC União Torreense,75.6797500858,702,ahb4b1qj0kffrsdj0uhrjs1lg,2026-10-06
Kongsvinger,Kongsvinger,Kongsvinger IL,75.6755877153,703,1b7iiw2jok0qp6s65rmh05a1g,2026-10-06
AEL,AEL,AEL Limassol,75.6703847411,704,9ov525t4gyibnhjsey291aw44,2026-10-06
Técnico Universitario,Técnico Univ,CD Técnico Universitario,75.6664027233,705,6fbkqr97shkflapdt7ck1dt78,2026-10-06
Al Masry,Masry,Al Masry SC,75.6551238017,706,5q5bvm7r1fjy0h427jh93a9lg,2026-10-06
Buriram United,Buriram Utd,Buriram United FC,75.651624796,707,2y9xq2tx9nthjl37uqgtoc2z8,2026-10-06
Agropecuario,Agropecuario,Club Agropecuario Argentino,75.6507936994,708,cbhbsl8jupde33c7j6vrze32s,2026-10-06
Cerro Largo,Cerro Largo,Cerro Largo FC,75.6376126601,709,6bxydtby0dlb8mn1nb1h08iz8,2026-10-06
Astana,Astana,FK Astana,75.6225168049,710,5dlquxczyamt372efk9kgws2c,2026-10-06
Kristiansund,Kristiansund,Kristiansund BK,75.621129313,711,beev3xu6oz7vc6l4rcxygw4d0,2026-10-06
Al Jazira,Al Jazira,Al Jazira Club,75.6202815745,712,b6a9x42zsbxzbc2n5t79kdono,2026-10-06
Atlético Huila,Huila,CD Atlético Huila,75.6063940956,713,3t6mr8e3n1eg5bapvvi2vv2ms,2026-10-06
Herediano,Herediano,CS Herediano,75.5934347248,714,dys50za4ylhqy94bj8zhmyx3o,2026-10-06
Sport Boys,Boys,Sport Boys Association,75.5796845294,715,7z7bio16q91wdq4kywi8wlmok,2026-10-06
HNK Gorica,Gorica,HNK Gorica,75.5739540713,716,ddv8l7gdb84ask7lsxf8x9f6c,2026-10-06
Ciudad de Bolívar,Ciudad Bolívar,Club Ciudad de Bolívar,75.5734406881,717,cbhbsl8jupde33c7j6vrze32s,2026-10-06
Nagoya Grampus,Nagoya,Nagoya Grampus,75.543746125,718,bakisqj15kviwhxxx3wr3rv9w,2026-10-06
MC Oran,MC Oran,MC Oran,75.5389200536,719,ccifwc50hpqpwze0lsw8f8qac,2026-10-06
União de Leiria,União Leiria,UD Leiria,75.5243496056,720,ahb4b1qj0kffrsdj0uhrjs1lg,2026-10-06
Austria Lustenau,A Lustenau,SC Austria Lustenau,75.5240027173,721,1ypt1hmmrdjdek7yieatpskyc,2026-10-06
Kifisia,Kifisia,Kifisias FC,75.5240027173,722,13prgjp0qzce661j00a3jy3o4,2026-10-06
Shkendija,Shkendija,KF Shkendija,75.5212276089,723,bdisf9hz6nqbfmztljccr2978,2026-10-06
Greuther Fürth,Greuther Fürth,SpVgg Greuther Fürth,75.5153304921,724,c21j57b4gkcp8rzyp2cn8jbpw,2026-10-06
Bravo,Bravo,NK Bravo,75.5052706682,725,8pj9wygfe1cepoagkwe0x785w,2026-10-06
Südtirol,Südtirol,FC Südtirol,75.5045768856,726,2aad86jp2iq9zr22oxib5a4gk,2026-10-06
Saoura,Saoura,JS Saoura,75.4913961625,727,ccifwc50hpqpwze0lsw8f8qac,2026-10-06
Unión La Calera,La Calera,CD Unión La Calera,75.4881064214,728,ikhh1wx11krn1uqgykcjof84,2026-10-06
NEOM,NEOM,NEOM SC,75.4659176035,729,4vs6oaojacz5bwo1320rkk844,2026-10-06
Defensores de Belgrano,Defensores,CA Defensores de Belgrano,75.4659050958,730,cbhbsl8jupde33c7j6vrze32s,2026-10-06
Boston River,Boston River,CA Boston River,75.4593140342,731,6bxydtby0dlb8mn1nb1h08iz8,2026-10-06
UD Logroñés,UD Logroñés,UD Logroñés,75.4570522548,732,c1yslf7aazs430di8dpm8yvx0,2026-10-06
PEC Zwolle,PEC,PEC Zwolle,75.4528894647,733,56cvval3nf96u0bf9rzs9h6vo,2026-10-06
Vaduz,Vaduz,FC Vaduz,75.4511549665,734,cx0b7yl7kqmgay9wn2c3zyjh0,2026-10-06
Portuguesa,Portuguesa,Portuguesa FC,75.44509115,735,55wby45j07iiofu0nuiy08xzo,2026-10-06
MTK,MTK,MTK Budapest,75.4265249446,736,1qah382h96g7zu8m6op3ftams,2026-10-06
Karlsruher SC,KSC,Karlsruher SC,75.4164647157,737,c21j57b4gkcp8rzyp2cn8jbpw,2026-10-06
KuPS,KuPS,Kuopion Palloseura,75.4150770943,738,32gy6t29t9240sgu7l11j9nh0,2026-10-06
Zalaegerszeg,ZTE,Zalaegerszegi TE,75.4126487548,739,1qah382h96g7zu8m6op3ftams,2026-10-06
Mazatlán,Mazatlán,Mazatlán FC,75.4026438993,740,aegyls91smdw9kipjgbsu8tn8,2026-10-06
Anorthosis,Anorthosis,Anorthosis Famagusta FC,75.3953033947,741,9ov525t4gyibnhjsey291aw44,2026-10-06
Orenburg,Orenburg,FK Orenburg,75.3928750334,742,ac9tayo9q3al8a2m6m9pnfrx0,2026-10-06
Strømsgodset,Strømsgodset,Strømsgodset IF,75.3758764292,743,1b7iiw2jok0qp6s65rmh05a1g,2026-10-06
Cádiz,Cádiz,Cádiz CF,75.3644283158,744,fgkxmpz2ewao1l63jrbkgg7o,2026-10-06
Municipal Liberia,Liberia,AD Municipal Liberia,75.3613615305,745,58b52ey94lc177s651eyucn4k,2026-10-06
Defensor Sporting,Defensor,Defensor Sporting Club,75.3594050036,746,6bxydtby0dlb8mn1nb1h08iz8,2026-10-06
Puebla,Puebla,Club Puebla,75.3592800461,747,9zum4nxferygj8bb0ldcavxn8,2026-10-06
Gangwon,Gangwon,Gangwon FC,75.3487880152,748,aclvhp7yp4w85gpqw5yyt1xqs,2026-10-06
Košice,Košice,FC Košice,75.3110029996,749,5sqcuu8cql6utpiiunzurorv8,2026-10-06
Podbrezová,Podbrezová,FK Železiarne Podbrezová,75.3016360897,750,5sqcuu8cql6utpiiunzurorv8,2026-10-06
Jaguares de Córdoba,Jaguares,Jaguares de Córdoba FC,75.2921026161,751,5l22b8pqde1bdxk6377auk3ro,2026-10-06
National Bank of Egypt,National Bank,National Bank of Egypt SC,75.2863725993,752,5q5bvm7r1fjy0h427jh93a9lg,2026-10-06
Karpaty Lviv,Karpaty Lviv,FC Karpaty Lviv,75.2811675184,753,5vqx2miccjg04lp2pqs1hbmc,2026-10-06
Ulsan HD,Ulsan,Ulsan HD FC,75.2741998345,754,aclvhp7yp4w85gpqw5yyt1xqs,2026-10-06
Alcorcón,Alcorcón,AD Alcorcón,75.2613926161,755,c1yslf7aazs430di8dpm8yvx0,2026-10-06
Real Madrid II,Real Madrid II,Real Madrid Castilla CF,75.2534132192,756,c1yslf7aazs430di8dpm8yvx0,2026-10-06
Lugo,Lugo,CD Lugo,75.2454337934,757,c1yslf7aazs430di8dpm8yvx0,2026-10-06
Oriente Petrolero,O. Petrolero,CD Oriente Petrolero,75.2411040754,758,b8kaz0tks262ypfye6pj6dpuc,2026-10-06
Zamora,Zamora,Zamora CF,75.2381482054,759,c1yslf7aazs430di8dpm8yvx0,2026-10-06
San Luis,San Luis,CD San Luis de Quillota,75.2359000762,760,3mlz1os528syxdg3qpkz4ljis,2026-10-06
Zürich,Zürich,FC Zürich,75.221842278,761,cx0b7yl7kqmgay9wn2c3zyjh0,2026-10-06
Jeju FC,Jeju,Jeju SK FC,75.2169560272,762,aclvhp7yp4w85gpqw5yyt1xqs,2026-10-06
Eyüpspor,Eyüp,Eyüp Spor Kulübü,75.2096994876,763,e00dq6lfzgc7vo631cz8ktc0k,2026-10-06
ML Vitebsk,ML Vitebsk,FK Maxline Vitebsk,75.2024137811,764,2tml5a5shxx16bkg25p0hh8gk,2026-10-06
Pakhtakor,Pakhtakor,FK Pakhtakor Tashkent,75.1984434273,765,30hnhs47crryfhtm1523ygzkk,2026-10-06
Sporting San José,SP. San José,Sporting San José FC,75.1917140886,766,dys50za4ylhqy94bj8zhmyx3o,2026-10-06
Brommapojkarna,Brommapojkarna,IF Brommapojkarna,75.1833320545,767,b99u9gpztyjs5u1i88z6qvg9g,2026-10-06
FCSB,FCSB,SC Fotbal Club FCSB SA,75.1819442861,768,zbhxyecp7s7s2dqg00ojrbis,2026-10-06
Wydad Casablanca,Wydad AC,Wydad Athletic Club,75.1500265598,769,3m3hltejq5dp7tvessefe7pck,2026-10-06
Penafiel,Penafiel,FC Penafiel,75.126432831,770,ahb4b1qj0kffrsdj0uhrjs1lg,2026-10-06
Patronato,Patronato,CA Patronato de la Juventud Católica,75.1224498301,771,cbhbsl8jupde33c7j6vrze32s,2026-10-06
Virtus Entella,Virtus Entella,Virtus Entella,75.1212285601,772,2aad86jp2iq9zr22oxib5a4gk,2026-10-06
Rubio Ñú,Rubio Ñú,Club Rubio Ñú,75.1200211675,773,ynp3ah4di570mdbqt5a0yuc4,2026-10-06
Farense,Farense,SC Farense,75.1167181821,774,ahb4b1qj0kffrsdj0uhrjs1lg,2026-10-06
Real Murcia,Murcia,Real Murcia CF,75.1073504441,775,c1yslf7aazs430di8dpm8yvx0,2026-10-06
SCR Altach,Altach,SCR Altach,75.1007583083,776,1ypt1hmmrdjdek7yieatpskyc,2026-10-06
Dinamo City,Dinamo,FC Dinamo City,75.0997174429,777,bd2cao9ydrq06v5uu7x4ytiqc,2026-10-06
Xelajú,Xelajú,CSD Xelajú Mario Camposeco,75.0931807287,778,8hlpnvuhsi69veuw84gyggr9w,2026-10-06
Malisheva,Malisheva,KF Malisheva,75.0337972444,779,cex4ulecg78atcdvr7zz1dqtw,2026-10-06
Atlético Rafaela,Rafaela,AMSyD Atlético de Rafaela,75.0086467504,780,cbhbsl8jupde33c7j6vrze32s,2026-10-06
Slaven Koprivnica,Slaven,NK Slaven Belupo Koprivnica,74.9862601565,781,ddv8l7gdb84ask7lsxf8x9f6c,2026-10-06
Los Andes,Los Andes,CA Los Andes,74.9836647958,782,cbhbsl8jupde33c7j6vrze32s,2026-10-06
Fortaleza,Fortaleza,Fortaleza EC,74.977072288,783,7pt8trpd4rbju1v568nuskdn8,2026-10-06
Kharkiv,Kharkiv,FK Kharkiv,74.9741160623,784,5vqx2miccjg04lp2pqs1hbmc,2026-10-06
Real Cundinamarca,Cundinamarca,Real Cundinamarca,74.9624993058,785,3f1bsdfpg1eedvajxpif8t5p0,2026-10-06
Recoleta,Recoleta,Recoleta FC,74.9618053518,786,ynp3ah4di570mdbqt5a0yuc4,2026-10-06
Ascoli,Ascoli,Ascoli Calcio 1898 FC,74.9435820422,787,2aad86jp2iq9zr22oxib5a4gk,2026-10-06
Arkadag,Arkadag,FK Arkadag,74.9337148234,788,8xedf9bqe7yehjmxy13vcql90,2026-10-06
FAS,FAS,CD FAS,74.9285460932,789,30t9l739hkqomjqhti9lxg5qs,2026-10-06
Vizela,Vizela,FC Vizela,74.9244980634,790,ahb4b1qj0kffrsdj0uhrjs1lg,2026-10-06
Mito Hollyhock,Mito,Mito Hollyhock,74.9244689169,791,bakisqj15kviwhxxx3wr3rv9w,2026-10-06
Mirandés,Mirandés,CD Mirandés,74.9210282312,792,c1yslf7aazs430di8dpm8yvx0,2026-10-06
Nouadhibou,FCNDB,FC Nouadhibou ASJN,74.9196414858,793,dp0cjg7hm16o0ay8b1amdexhw,2026-10-06
Antequera,Antequera,Antequera CF,74.9127006115,794,c1yslf7aazs430di8dpm8yvx0,2026-10-06
Juventude,Juventude,EC Juventude,74.8965726978,795,7pt8trpd4rbju1v568nuskdn8,2026-10-06
Sportivo Luqueño,Luqueño,Club Sportivo Luqueño,74.8951847479,796,ynp3ah4di570mdbqt5a0yuc4,2026-10-06
Shimizu S-Pulse,Shimizu,Shimizu S-Pulse,74.8838715351,797,bakisqj15kviwhxxx3wr3rv9w,2026-10-06
Sporting KC,Sporting KC,Sporting Kansas City,74.8777103145,798,6i6n0jkbh9zzij6s8htfjh2j8,2026-10-06
Pontevedra,Pontevedra,Pontevedra CF,74.8433025476,799,c1yslf7aazs430di8dpm8yvx0,2026-10-06
UTA Arad,Arad,AFC UTA Arad,74.8290756724,800,zbhxyecp7s7s2dqg00ojrbis,2026-10-06
Vinotinto de Ecuador,Vinotinto,Vinotinto de Ecuador FC,74.8289091134,801,2tnmtnib22zkesr45sr0p8xsk,2026-10-06
Eintracht Braunschweig,BTSV,Braunschweiger TSV Eintracht 1895,74.8245646927,802,c21j57b4gkcp8rzyp2cn8jbpw,2026-10-06
Cobresal,Cobresal,CD Cobresal,74.8223161393,803,ikhh1wx11krn1uqgykcjof84,2026-10-06
Cerro,Cerro,CA Cerro,74.8174581457,804,6bxydtby0dlb8mn1nb1h08iz8,2026-10-06
Guabirá,Guabirá,CDSC Guabirá,74.7924740081,805,b8kaz0tks262ypfye6pj6dpuc,2026-10-06
Lausanne-Sport,Lausanne,FC Lausanne-Sport,74.7895175329,806,cx0b7yl7kqmgay9wn2c3zyjh0,2026-10-06
Olimpija,Olimpija,NK Olimpija Ljubljana,74.7891705285,807,8pj9wygfe1cepoagkwe0x785w,2026-10-06
Doncaster Rovers,Doncaster,Doncaster Rovers FC,74.7693911869,808,b7amy99ea2lpnx81o6q94pst0,2026-10-06
Artis Brno,Artis,SK Artis Brno,74.7641860673,809,ei2lksxq5fb6mh8yzxqatwnx0,2026-10-06
Danubio,Danubio,Danubio FC,74.7608964253,810,6bxydtby0dlb8mn1nb1h08iz8,2026-10-06
Wadi Degla,Wadi Degla,Wadi Degla SC,74.7478778011,811,5q5bvm7r1fjy0h427jh93a9lg,2026-10-06
Neftchi,Neftchi,FK Neftchi Farg'ona,74.7366181781,812,30hnhs47crryfhtm1523ygzkk,2026-10-06
Cesena,Cesena,Cesena FC,74.7357311939,813,2aad86jp2iq9zr22oxib5a4gk,2026-10-06
Djoliba,Djoliba,Djoliba AC Bamako,74.7159548401,814,2fvr17f4zzd5uci32usqi0ro4,2026-10-06
Ittihad Tanger,IR Tanger,Ittihad Riadhi de Tanger,74.7142174763,815,3m3hltejq5dp7tvessefe7pck,2026-10-06
Atlético Grau,Grau,Club Atlético Grau,74.7022511312,816,7z7bio16q91wdq4kywi8wlmok,2026-10-06
Avispa Fukuoka,Avispa,Avispa Fukuoka,74.6964892328,817,bakisqj15kviwhxxx3wr3rv9w,2026-10-06
Hansa Rostock,Rostock,FC Hansa Rostock,74.6913130889,818,58t4zseno2tp4253w3dm5i80k,2026-10-06
Empoli,Empoli,Empoli FC,74.6868018246,819,2aad86jp2iq9zr22oxib5a4gk,2026-10-06
Central Español,Central Esp.,Central Español FC,74.6793478073,820,6bxydtby0dlb8mn1nb1h08iz8,2026-10-06
Kauno Žalgiris,Kauno Žalgiris,FK Kauno Žalgiris,74.6663275075,821,4hzcbeghy116szh7rtk757xg4,2026-10-06
Maccabi Netanya,M Netanya,Maccabi Netanya FC,74.6538346094,822,cbr00ay9uda1ju0ooqvb1ufbo,2026-10-06
Benevento,Benevento,Benevento Calcio,74.6489762408,823,2aad86jp2iq9zr22oxib5a4gk,2026-10-06
Sampdoria,Sampdoria,UC Sampdoria,74.636830272,824,2aad86jp2iq9zr22oxib5a4gk,2026-10-06
Santiago Wanderers,Wanderers,CD Santiago Wanderers,74.6352755831,825,3mlz1os528syxdg3qpkz4ljis,2026-10-06
Al Rayyan,Rayyan,Al Rayyan SC,74.6068315405,826,b0n3k3rsxrgrfimue4kkxqmms,2026-10-06
LNZ Cherkasy,LNZ Cherkasy,LNZ Cherkasy FC,74.5858164636,827,5vqx2miccjg04lp2pqs1hbmc,2026-10-06
Grasshoppers,GC Zürich,Grasshopper Club Zürich,74.5698527136,828,cx0b7yl7kqmgay9wn2c3zyjh0,2026-10-06
Nueva Chicago,Nueva Chicago,CA Nueva Chicago,74.5689920559,829,cbhbsl8jupde33c7j6vrze32s,2026-10-06
Asteras Tripolis,Asteras,Asteras Tripolis Aktor FC,74.5663823176,830,13prgjp0qzce661j00a3jy3o4,2026-10-06
Erbil,Erbil,Erbil SC,74.5520018504,831,1ua3sfkjt1blxmm5vtgqwavis,2026-10-06
Gimcheon Sangmu,Gimcheon,Gimcheon Sangmu FC,74.5507363159,832,aclvhp7yp4w85gpqw5yyt1xqs,2026-10-06
San Telmo,San Telmo,CA San Telmo,74.5467814175,833,cbhbsl8jupde33c7j6vrze32s,2026-10-06
Avellino,Avellino,US Avellino 1912,74.5452127826,834,2aad86jp2iq9zr22oxib5a4gk,2026-10-06
Diriangén,Diriangén,Diriangén FC,74.5426676983,835,c0h34ymbtky0gg66xxiox8t1w,2026-10-06
Arda Kardzhali,Arda,FK Arda 1924 Kardzhali,74.5261253205,836,3rbiru554kufnw6hrtsv0us5w,2026-10-06
Incheon United,Incheon Utd,Incheon United FC,74.5236668432,837,aclvhp7yp4w85gpqw5yyt1xqs,2026-10-06
Atlético Goianiense,Atlético GO,Atlético Goianiense,74.5214471315,838,7pt8trpd4rbju1v568nuskdn8,2026-10-06
Leixões,Leixões,Leixões SC,74.5205725728,839,ahb4b1qj0kffrsdj0uhrjs1lg,2026-10-06
Tondela,Tondela,CD Tondela,74.5143257147,840,ahb4b1qj0kffrsdj0uhrjs1lg,2026-10-06
Deportivo Pereira,Pereira,Deportivo Pereira FC,74.4971537035,841,5l22b8pqde1bdxk6377auk3ro,2026-10-06
Ibiza,Ibiza,UD Ibiza,74.4928086218,842,c1yslf7aazs430di8dpm8yvx0,2026-10-06
Guingamp,Guingamp,En Avant Guingamp,74.4917674667,843,b4rd8q7zjvernie5778azl7v8,2026-10-06
All Boys,All Boys,CA All Boys,74.447871916,844,cbhbsl8jupde33c7j6vrze32s,2026-10-06
Al Faisaly,Faisaly,Al Faisaly SC,74.4326137898,845,espg5w80i6jk5f0n0b3buusk4,2026-10-06
Dunkerque,Dunkerque,US du Littoral de Dunkerque,74.4317266818,846,b4rd8q7zjvernie5778azl7v8,2026-10-06
ADO Den Haag,ADO,ADO Den Haag,74.4306854975,847,56cvval3nf96u0bf9rzs9h6vo,2026-10-06
Estudiantes de Mérida,Estudiantes,Estudiantes de Mérida FC,74.4280894757,848,55wby45j07iiofu0nuiy08xzo,2026-10-06
V-Varen Nagasaki,V-Varen,V-Varen Nagasaki,74.416773839,849,bakisqj15kviwhxxx3wr3rv9w,2026-10-06
Panaitolikos,Panaitolikos,Panaitolikos GFS Agrinio,74.4122911591,850,13prgjp0qzce661j00a3jy3o4,2026-10-06
CS Constantine,CS Constantine,CS Constantine,74.4022274558,851,ccifwc50hpqpwze0lsw8f8qac,2026-10-06
Cambuur,Cambuur,SC Cambuur Leeuwarden,74.4008380018,852,56cvval3nf96u0bf9rzs9h6vo,2026-10-06
Juan Pablo II College,Juan Pablo,ADC Juan Pablo II College,74.4003243436,853,7z7bio16q91wdq4kywi8wlmok,2026-10-06
Vardar Skopje,Vardar,FK Vardar Skopje,74.3980614697,854,bdisf9hz6nqbfmztljccr2978,2026-10-06
HJK,HJK,Helsingin Jalkapalloklubi,74.3814022027,855,32gy6t29t9240sgu7l11j9nh0,2026-10-06
Independiente Juniors,Ind. Juniors,CD Independiente Juniors,74.3645762134,856,2tnmtnib22zkesr45sr0p8xsk,2026-10-06
FUS Rabat,FUS Rabat,Fath Union Sport de Rabat,74.3397546654,857,3m3hltejq5dp7tvessefe7pck,2026-10-06
Cambridge United,Cambridge U,Cambridge United FC,74.3317707122,858,b7amy99ea2lpnx81o6q94pst0,2026-10-06
Envigado,Envigado,Envigado FC,74.3288274945,859,3f1bsdfpg1eedvajxpif8t5p0,2026-10-06
Almagro,Almagro,Club Almagro,74.3267450267,860,cbhbsl8jupde33c7j6vrze32s,2026-10-06
Auckland,Auckland,Auckland FC,74.3175113404,861,1ztoqmkrzy1d4ejf5jokthiqc,2026-10-06
Ben Aknoun,Ben Aknoun,ES Ben Aknoun,74.30678219,862,ccifwc50hpqpwze0lsw8f8qac,2026-10-06
Honvéd,Honvéd,Kispest-Honvéd FC,74.3033101846,863,1qah382h96g7zu8m6op3ftams,2026-10-06
Rot-Weiss Essen,RW Essen,Rot-Weiss Essen,74.3026160207,864,58t4zseno2tp4253w3dm5i80k,2026-10-06
Rudeš,Rudeš,NK Rudeš Zagreb,74.3001864454,865,ddv8l7gdb84ask7lsxf8x9f6c,2026-10-06
Stade Malien Bamako,SM Bamako,Stade Malien de Bamako,74.298801588,866,2fvr17f4zzd5uci32usqi0ro4,2026-10-06
Sarajevo,Sarajevo,FK Sarajevo,74.2911622847,867,4c48j9oq3d0aje3ojkb3mbp5g,2026-10-06
San Martín Formosa,SM Formosa,CS General San Martín de Formosa,74.2785006298,868,1q9caek968o8ubc43inhg6uxg,2026-10-06
ZED,ZED,ZED FC,74.2738092134,869,5q5bvm7r1fjy0h427jh93a9lg,2026-10-06
Kalmar,Kalmar,Kalmar FF,74.2720725903,870,b99u9gpztyjs5u1i88z6qvg9g,2026-10-06
Azam,Azam,Azam FC,74.2701670842,871,c5wdltkcr7ti6feuv6ej6kavo,2026-10-06
Chacarita Juniors,Chacarita,CA Chacarita Juniors,74.2691292916,872,cbhbsl8jupde33c7j6vrze32s,2026-10-06
Al Zawra'a,Zawra'a,Al Zawra'a SC,74.2566489071,873,1ua3sfkjt1blxmm5vtgqwavis,2026-10-06
Pohang Steelers,Pohang,FC Pohang Steelers,74.2491355795,874,aclvhp7yp4w85gpqw5yyt1xqs,2026-10-06
Alemannia Aachen,Alemannia,TSV Alemannia Aachen,74.2470821908,875,58t4zseno2tp4253w3dm5i80k,2026-10-06
ENPPI,ENPPI,ENPPI Club,74.24395956,876,5q5bvm7r1fjy0h427jh93a9lg,2026-10-06
Iraklis 1908,Iraklis 1908,Iraklis 1908 FC,74.2401403621,877,13prgjp0qzce661j00a3jy3o4,2026-10-06
Olimpo,Olimpo,Club Olimpo de Bahía Blanca,74.2309493466,878,1q9caek968o8ubc43inhg6uxg,2026-10-06
Al Mokawloon,Mokawloon,Al Mokawloon Al Arab,74.2300758602,879,5q5bvm7r1fjy0h427jh93a9lg,2026-10-06
Pau,Pau,Pau FC,74.223826977,880,b4rd8q7zjvernie5778azl7v8,2026-10-06
Grenoble,Grenoble,Grenoble Foot 38,74.2106373417,881,b4rd8q7zjvernie5778azl7v8,2026-10-06
San Marcos,San Marcos,CD San Marcos de Arica,74.1997107094,882,3mlz1os528syxdg3qpkz4ljis,2026-10-06
Lusitânia Lourosa,Lourosa,FC Lusitânia de Lourosa,74.1891172382,883,ahb4b1qj0kffrsdj0uhrjs1lg,2026-10-06
Kisvárda,Kisvárda,Kisvárda Master Good FC,74.1828694261,884,1qah382h96g7zu8m6op3ftams,2026-10-06
Atlético FC,Atlético,Atlético FC,74.1733310649,885,2tnmtnib22zkesr45sr0p8xsk,2026-10-06
CS Sfaxien,Sfax,CS Sfaxien,74.162738654,886,2cdwuc8jbyg41icy3ah21d2c4,2026-10-06
Unión Magdalena,Magdalena,AD Unión Magdalena,74.1514634844,887,3f1bsdfpg1eedvajxpif8t5p0,2026-10-06
Antigua,Antigua,Antigua GFC,74.1509913514,888,8hlpnvuhsi69veuw84gyggr9w,2026-10-06
Nancy,Nancy,AS Nancy-Lorraine,74.143299531,889,b4rd8q7zjvernie5778azl7v8,2026-10-06
Cartagena,Cartagena,FC Cartagena,74.1346218257,890,c1yslf7aazs430di8dpm8yvx0,2026-10-06
Vicenza,Vicenza,LR Vicenza Virtus,74.1276796364,891,2aad86jp2iq9zr22oxib5a4gk,2026-10-06
Power Dynamos,Dynamos,Power Dynamos FC,74.1229971172,892,3yqrgsjxdtodaoynaqjdtzuhg,2026-10-06
Plaza Amador,Plaza Amador,CD Plaza Amador,74.1221813382,893,dxqxpijuyxkzzosa7wdmhzd3o,2026-10-06
Mitre Santiago d. Estero,Mitre SdE,CA Mitre de Santiago del Estero,74.1132814648,894,cbhbsl8jupde33c7j6vrze32s,2026-10-06
Petrojet,Petrojet,Petrojet SC,74.1075483509,895,5q5bvm7r1fjy0h427jh93a9lg,2026-10-06
Huesca,Huesca,SD Huesca,74.1006048853,896,c1yslf7aazs430di8dpm8yvx0,2026-10-06
Athletic Club II,Athletic II,Bilbao Athletic,74.0964395089,897,c1yslf7aazs430di8dpm8yvx0,2026-10-06
Công An Hà Nội,CAHN,Công An Hà Nội FC,74.0693352087,898,cld1l7cgrsr3bij22f2ytqiok,2026-10-06
Al Ittihad Ahli Aleppo,Al Ittihad,Al Ittihad Al Ahli Aleppo SC,74.0627908301,899,epf0rlgn33w37t43qiocvx4wk,2026-10-06
Hapoel Haifa,H Haifa,Hapoel Haifa FC,74.0596450022,900,cbr00ay9uda1ju0ooqvb1ufbo,2026-10-06
Dijon,Dijon,Dijon FCO,74.0509669612,901,b4rd8q7zjvernie5778azl7v8,2026-10-06
Albion,Albion,Albion FC,74.0344855299,902,6bxydtby0dlb8mn1nb1h08iz8,2026-10-06
Racing Córdoba,Racing Córdoba,CA Racing de Córdoba,74.0317085282,903,cbhbsl8jupde33c7j6vrze32s,2026-10-06
Železničar Pančevo,Železničar,FK Železničar Pančevo,74.0277096396,904,akqbhzm3iofv030i63sb5js44,2026-10-06
Firpo,Firpo,CD Luis Ángel Firpo,74.02759383,905,30t9l739hkqomjqhti9lxg5qs,2026-10-06
Slovácko,Slovácko,1. FC Slovácko,73.9971623292,906,ei2lksxq5fb6mh8yzxqatwnx0,2026-10-06
Criciúma,Criciúma,Criciúma EC,73.9945657879,907,7pt8trpd4rbju1v568nuskdn8,2026-10-06
Deportivo Alavés II,Alavés II,Deportivo Alavés II,73.9780700409,908,3jk4gnb5m4ov0fm9ssmgg4c2c,2026-10-06
Nea Salamis,Nea Salamis,Nea Salamis Famagusta,73.9780700409,909,9ov525t4gyibnhjsey291aw44,2026-10-06
Caracas,Caracas,Caracas FC,73.959852369,910,55wby45j07iiofu0nuiy08xzo,2026-10-06
Scottland Mabvuku,Scottland,Scottland FC Mabvuku,73.9523854396,911,8ea4fh0n7w704hsj43vlxw4yc,2026-10-06
Drita,Drita,KF Drita,73.9468300321,912,cex4ulecg78atcdvr7zz1dqtw,2026-10-06
Olympiakos Nicosia,Olympiakos,Olympiakos Nicosia FC,73.9256521627,913,9ov525t4gyibnhjsey291aw44,2026-10-06
Olancho,Olancho,Olancho FC,73.9253627764,914,bifv7w5gplrvhfvyqle3jf504,2026-10-06
UTS Rabat,UTS,Union Touarga Sportif,73.9204462087,915,3m3hltejq5dp7tvessefe7pck,2026-10-06
Benfica II,Benfica II,SL Benfica II,73.9183621582,916,ahb4b1qj0kffrsdj0uhrjs1lg,2026-10-06
Modern,Modern,Modern SC,73.9121147529,917,5q5bvm7r1fjy0h427jh93a9lg,2026-10-06
ES Sétif,ES Sétif,ES Sétif,73.9093375938,918,ccifwc50hpqpwze0lsw8f8qac,2026-10-06
Deportes Iquique,Iquique,CD Iquique,73.9011854217,919,3mlz1os528syxdg3qpkz4ljis,2026-10-06
Hércules,Hércules,Hércules CF,73.8982277322,920,c1yslf7aazs430di8dpm8yvx0,2026-10-06
Padova,Calcio Padova,Calcio Padova Spa,73.8971862912,921,2aad86jp2iq9zr22oxib5a4gk,2026-10-06
CRB,CRB,Clube de Regatas Brasil,73.8935481869,922,7pt8trpd4rbju1v568nuskdn8,2026-10-06
Central Norte,Central Norte,CA Central Norte,73.8921595959,923,cbhbsl8jupde33c7j6vrze32s,2026-10-06
Blackpool,Blackpool,Blackpool FC,73.8697614987,924,b7amy99ea2lpnx81o6q94pst0,2026-10-06
CF Os Belenenses,Belenenses,CF Os Belenenses,73.8576111626,925,eoix5zq4par8gwml3bhkkyihg,2026-10-06
SS Reyes,Sanse,UD San Sebastián de los Reyes,73.849279464,926,3jk4gnb5m4ov0fm9ssmgg4c2c,2026-10-06
St Patrick's Athletic,St Pat's,St Patrick's Athletic FC,73.8416420453,927,6zkfyunc0lfteytfj6slonuhg,2026-10-06
Blooming,Blooming,CSCyD Blooming,73.8348794356,928,b8kaz0tks262ypfye6pj6dpuc,2026-10-06
Cultural Leonesa,Cultural,Cultural y Deportiva Leonesa,73.8308801821,929,c1yslf7aazs430di8dpm8yvx0,2026-10-06
Al Ettifaq,Ettifaq,Al Ettifaq Club,73.8265601663,930,4vs6oaojacz5bwo1320rkk844,2026-10-06
Magallanes,Magallanes,CD Magallanes,73.8119669452,931,3mlz1os528syxdg3qpkz4ljis,2026-10-06
Barakaldo,Barakaldo,Barakaldo CF,73.8093562944,932,c1yslf7aazs430di8dpm8yvx0,2026-10-06
Cuiabá,Cuiabá,Cuiabá EC,73.7907900327,933,7pt8trpd4rbju1v568nuskdn8,2026-10-06
Al Quwa Al Jawiya,Al Quwa,Al Quwa Al Jawiya,73.7779597181,934,1ua3sfkjt1blxmm5vtgqwavis,2026-10-06
Paradise,Paradise,Paradise FC International,73.7696637306,935,7e8iz4klq135f8mgvdy8z4kyc,2026-10-06
Isloch,Isloch,FK Isloch Minsk Region,73.7503380791,936,2tml5a5shxx16bkg25p0hh8gk,2026-10-06
Akron,Akron,FK Akron Tolyatti,73.7423531375,937,ac9tayo9q3al8a2m6m9pnfrx0,2026-10-06
Monagas,Monagas,Monagas SC,73.7390619442,938,55wby45j07iiofu0nuiy08xzo,2026-10-06
Degerfors,Degerfors,Degerfors IF,73.7190924863,939,b99u9gpztyjs5u1i88z6qvg9g,2026-10-06
9 de Octubre,9 de Octubre,Club 9 de Octubre,73.7133710219,940,2tnmtnib22zkesr45sr0p8xsk,2026-10-06
Kawkab Marrakech,Kawkab,Kawkab Athlétique Club de Marrakech,73.7090255549,941,3m3hltejq5dp7tvessefe7pck,2026-10-06
Rouen,Rouen,FC Rouen 1899,73.7086771878,942,2hzxt22wy9dxf7qxh08hjbuhg,2026-10-06
Guastatoya,Guastatoya,Deportivo Guastatoya,73.6844301091,943,8hlpnvuhsi69veuw84gyggr9w,2026-10-06
Al-Karma,Karma,Al-Karma SC,73.6703354805,944,1ua3sfkjt1blxmm5vtgqwavis,2026-10-06
Deportes Quindío,Quindío,Corporación Deportes Quindío,73.6633769961,945,3f1bsdfpg1eedvajxpif8t5p0,2026-10-06
Radnički 1923,Radnički 1923,FK Radnički 1923,73.6628492752,946,akqbhzm3iofv030i63sb5js44,2026-10-06
Foolad,Foolad,Foolad Khuzestan FC,73.6626951445,947,1p2kviatzyprl6bv4j6zs9ams,2026-10-06
Robinhood,Robinhood,SV Robinhood,73.6518249806,948,2iliu0oyb0iehjz6cxu2y9t78,2026-10-06
Farul Constanţa,Farul,FCV Farul Constanţa,73.648961836,949,zbhxyecp7s7s2dqg00ojrbis,2026-10-06
Notts County,Notts,Notts County FC,73.6420180827,950,b7amy99ea2lpnx81o6q94pst0,2026-10-06
Al Hilal Omdurman,Hilal Omdurman,Al-Hilal SC (Omdurman),73.6227525234,951,193l1zv2eyi82heh2jblkwqhg,2026-10-06
Sochaux,Sochaux,FC Sochaux Montbéliard,73.6222282628,952,b4rd8q7zjvernie5778azl7v8,2026-10-06
Corvinul Hunedoara,Hunedoara,SC Corvinul 1921 Hunedoara,73.6184091537,953,zbhxyecp7s7s2dqg00ojrbis,2026-10-06
Tokyo Verdy,Tokyo Verdy,Tokyo Verdy,73.6183799896,954,bakisqj15kviwhxxx3wr3rv9w,2026-10-06
Al Ittihad,Ittihad,Al Ittihad Al Iskandary,73.6159799978,955,5q5bvm7r1fjy0h427jh93a9lg,2026-10-06
Khenchela,Khenchela,USM Khenchela,73.6090361379,956,ccifwc50hpqpwze0lsw8f8qac,2026-10-06
FCI Levadia,Levadia,Tallinna FCI Levadia,73.6017438711,957,co1q4zpn5ep76y2tiqohorspg,2026-10-06
Al Wahda,Al Wahda,Al Wahda FC,73.5915210644,958,b6a9x42zsbxzbc2n5t79kdono,2026-10-06
Comerciantes Unidos,Comerciantes,CD Comerciantes Unidos,73.5863005938,959,7z7bio16q91wdq4kywi8wlmok,2026-10-06
Dundee United,Dundee Utd,Dundee United FC,73.5854256566,960,7qmc7ue3f8yzv8yqmsxc9irro,2026-10-06
Los Chankas,Los Chankas,CD Los Chankas CYC,73.5616494487,961,7z7bio16q91wdq4kywi8wlmok,2026-10-06
Olympique Akbou,Akbou,Olympique Akbou,73.5569564728,962,ccifwc50hpqpwze0lsw8f8qac,2026-10-06
Melbourne City,Melbourne City,Melbourne City FC,73.5406075627,963,1ztoqmkrzy1d4ejf5jokthiqc,2026-10-06
Deportes Copiapó,Copiapó,CD Copiapó,73.540122865,964,3mlz1os528syxdg3qpkz4ljis,2026-10-06
AF Elbasani,AF Elbasani,AF Elbasani,73.5395951138,965,bd2cao9ydrq06v5uu7x4ytiqc,2026-10-06
Viktoria Köln,Viktoria Köln,FC Viktoria Köln 1904,73.539247909,966,58t4zseno2tp4253w3dm5i80k,2026-10-06
Kalamata,Kalamata,PS PAE Kalamata,73.5378590891,967,13prgjp0qzce661j00a3jy3o4,2026-10-06
Alvarado,Alvarado,CA Alvarado,73.5324843479,968,1q9caek968o8ubc43inhg6uxg,2026-10-06
Fortuna Düsseldorf,Düsseldorf,Düsseldorfer TuS Fortuna 1895,73.5305677702,969,58t4zseno2tp4253w3dm5i80k,2026-10-06
Real Estelí,Estelí,Real Estelí FC,73.5117027151,970,c0h34ymbtky0gg66xxiox8t1w,2026-10-06
1º de Agosto,1º de Agosto,CD Primeiro de Agosto,73.5027945623,971,ofi6heevfqlhgto3devky0b8,2026-10-06
Felgueiras 1932,Felgueiras,FC Felgueiras 1932,73.4982773457,972,ahb4b1qj0kffrsdj0uhrjs1lg,2026-10-06
Moghreb Tétouan,Tétouan,Moghreb Athlétic de Tétouan,73.4701542211,973,e66497iax4m4oq94h8qc9nllg,2026-10-06
Asswehly,Asswehly,Asswehly SC,73.4663371237,974,68kgxuk3dkg7p955ifkisgc9g,2026-10-06
Norrköping,Norrköping,IFK Norrköping,73.4430700093,975,e45p1bhnnox3kdgzamrx63r4k,2026-10-06
Cacereño,Cacereño,CP Cacereño,73.440639465,976,c1yslf7aazs430di8dpm8yvx0,2026-10-06
Arezzo,Arezzo,SS Arezzo,73.4399450232,977,2aad86jp2iq9zr22oxib5a4gk,2026-10-06
Persib Bandung,Persib,Persatuan Sepakbola Indonesia Bandung,73.4371380874,978,2t0yn5r2hq16whtb16f4i7nro,2026-10-06
Omonia Aradippou,Omonia,Omonia FC Aradippou,73.435778368,979,9ov525t4gyibnhjsey291aw44,2026-10-06
Bohemians,Bohemians,Bohemian FC,73.4288339246,980,6zkfyunc0lfteytfj6slonuhg,2026-10-06
Burton Albion,Burton,Burton Albion FC,73.4243200243,981,b7amy99ea2lpnx81o6q94pst0,2026-10-06
AVS,AVS,AVS Futebol,73.4215422348,982,ahb4b1qj0kffrsdj0uhrjs1lg,2026-10-06
Unionistas de Salamanca,Unionistas,CD Unionistas de Salamanca CF,73.4159866449,983,c1yslf7aazs430di8dpm8yvx0,2026-10-06
Muharraq,Muharraq,Muharraq Club,73.4147908217,984,3dsgnubzzf96l31ocjo3kial0,2026-10-06
Willem II,Willem II,Willem II Tilburg,73.4135560698,985,56cvval3nf96u0bf9rzs9h6vo,2026-10-06
Al Taawoun,Taawoun,Al Taawoun FC,73.4064574053,986,4vs6oaojacz5bwo1320rkk844,2026-10-06
San Miguel,San Miguel,CA San Miguel,73.4029726192,987,cbhbsl8jupde33c7j6vrze32s,2026-10-06
ASEC Mimosas,ASEC,AS des Employés de Commerce Mimosas,73.3883855663,988,2x67tvk4kdanna2zej4ui0bv8,2026-10-06
Falkirk,Falkirk,Falkirk FC,73.3777915743,989,7qmc7ue3f8yzv8yqmsxc9irro,2026-10-06
MK Dons,MK Dons,Milton Keynes Dons FC,73.376749881,990,b7amy99ea2lpnx81o6q94pst0,2026-10-06
Vipers,Vipers,Vipers SC,73.362864061,991,d43v3lpfbbegmsubl20bdpct0,2026-10-06
Wiliete,Wiliete,Wiliete SC,73.3541832075,992,ofi6heevfqlhgto3devky0b8,2026-10-06
Red Arrows,Red Arrows,Red Arrows FC,73.3477593532,993,3yqrgsjxdtodaoynaqjdtzuhg,2026-10-06
Rodina Moskva,Rodina,FK Rodina Moskva,73.3465405549,994,ac9tayo9q3al8a2m6m9pnfrx0,2026-10-06
Al Ansar,Ansar,Al Ansar FC,73.3206930576,995,9lv9rln2qwsqme0g8t366uiac,2026-10-06
Carrarese,Carrarese,Carrarese Calcio 1908,73.3145945965,996,2aad86jp2iq9zr22oxib5a4gk,2026-10-06
IMT,IMT,FK IMT,73.3017466308,997,akqbhzm3iofv030i63sb5js44,2026-10-06
Shamrock Rovers,Shamrock,Shamrock Rovers FC,73.3003576569,998,6zkfyunc0lfteytfj6slonuhg,2026-10-06
Al Khaldiya,Khaldiya,Al Khaldiya SC,73.2998562566,999,3dsgnubzzf96l31ocjo3kial0,2026-10-06
Argeș,Argeș,ACS Campionii FC Argeş,73.2993159259,1000,zbhxyecp7s7s2dqg00ojrbis,2026-10-06
Melbourne Victory,Mel Victory,Melbourne Victory,73.2951198283,1001,1ztoqmkrzy1d4ejf5jokthiqc,2026-10-06
Primavera SP,Primavera,EC Primavera,73.2814397427,1002,6psh6p206w2x6jzrx8gvhsems,2026-10-06
Vila Nova,Vila Nova,Vila Nova FC,73.2814397427,1003,7pt8trpd4rbju1v568nuskdn8,2026-10-06
Teuta Durrës,Teuta,KF Teuta Durrës,73.2704945,1004,bd2cao9ydrq06v5uu7x4ytiqc,2026-10-06
AmaZulu,AmaZulu,AmaZulu FC,73.2576474591,1005,3wl91cn4c74oeacldjjpw800k,2026-10-06
Oţelul Galați,Oţelul,ASC Oțelul Galați,73.255562765,1006,zbhxyecp7s7s2dqg00ojrbis,2026-10-06
Universidad Concepción,U. Concepción,CD Universidad de Concepción,73.2547015827,1007,ikhh1wx11krn1uqgykcjof84,2026-10-06
Capivariano,Capivariano,Capivariano FC,73.2540070805,1008,6psh6p206w2x6jzrx8gvhsems,2026-10-06
Botoșani,Botoșani,FC Botoșani,73.2468814757,1009,zbhxyecp7s7s2dqg00ojrbis,2026-10-06
Sporting CP II,Sporting CP II,Sporting CP II,73.2354221199,1010,ahb4b1qj0kffrsdj0uhrjs1lg,2026-10-06
KÍ,KÍ,KÍ Klaksvík,73.2270880042,1011,9cmufoxqnsf2h6xwos1z1j6s4,2026-10-06
Hermannstadt,Hermannstadt,AFC Hermannstadt Sibiu,73.2104196754,1012,zbhxyecp7s7s2dqg00ojrbis,2026-10-06
Mixco,Mixco,CSyD Mixco,73.2087388766,1013,8hlpnvuhsi69veuw84gyggr9w,2026-10-06
Renaissance Zemamra,RCA Zemamra,Renaissance Club Athletic Zemamra,73.2062537628,1014,3m3hltejq5dp7tvessefe7pck,2026-10-06
Deportivo de A Coruña II,Deportivo II,Real Club Deportivo Fabril,73.1902786045,1015,c1yslf7aazs430di8dpm8yvx0,2026-10-06
Sport Recife,Sport,SC do Recife,73.1814303635,1016,7pt8trpd4rbju1v568nuskdn8,2026-10-06
Al Duhail,Al Duhail,Al Duhail SC,73.1751921427,1017,b0n3k3rsxrgrfimue4kkxqmms,2026-10-06
Enugu Rangers,Enugu,Enugu Rangers International FC,73.168230859,1018,bblld98re54ohfsni235m1gyc,2026-10-06
Recoleta,Recoleta,CD Recoleta,73.1612890189,1019,3mlz1os528syxdg3qpkz4ljis,2026-10-06
JEF United,JEF Utd,JEF United Ichihara Chiba,73.1579538717,1020,bakisqj15kviwhxxx3wr3rv9w,2026-10-06
Zlín,Zlín,FC Zlín,73.1447868652,1021,ei2lksxq5fb6mh8yzxqatwnx0,2026-10-06
Omonia 29is Maiou,Omonia 29 M,ALS Omonia 29is Maiou,73.1423559816,1022,9ov525t4gyibnhjsey291aw44,2026-10-06
Racing de Ferrol,Racing Ferrol,Racing Club Ferrol,73.1329796903,1023,c1yslf7aazs430di8dpm8yvx0,2026-10-06
Algeciras,Algeciras,Algeciras CF,73.1281178934,1024,c1yslf7aazs430di8dpm8yvx0,2026-10-06
Sheriff,Sheriff,FK Sheriff Tiraspol,73.1072814953,1025,c0orgvbfnq9wp7blxq2rdm0pg,2026-10-06
Academia Quintana,Ac. Quintana,Academia Quintana,73.0988310212,1026,9ij31b9nteu7u821uzpr04k4,2026-10-06
Mount Pleasant Academy,Mt. Pleasant,Mount Pleasant Academy FC,73.0967473602,1027,3b44u42lrrjhxh5ket3d32z9w,2026-10-06
Anyang,Anyang,FC Anyang,73.0895412255,1028,aclvhp7yp4w85gpqw5yyt1xqs,2026-10-06
Aberdeen,Aberdeen,Aberdeen FC,73.0840139435,1029,7qmc7ue3f8yzv8yqmsxc9irro,2026-10-06
Wydad Témara,Wydad Témara,Wydad Sportive de Témara,73.0777641061,1030,e66497iax4m4oq94h8qc9nllg,2026-10-06
Barcelona II,Barcelona II,FC Barcelona Atlètic,73.0770683564,1031,3jk4gnb5m4ov0fm9ssmgg4c2c,2026-10-06
Real Betis II,Betis II,Betis Deportivo Balompié,73.0704700276,1032,3jk4gnb5m4ov0fm9ssmgg4c2c,2026-10-06
Saarbrücken,Saarbrücken,1. FC Saarbrücken,73.0472020737,1033,58t4zseno2tp4253w3dm5i80k,2026-10-06
Winterthur,Winterthur,FC Winterthur,73.0281013245,1034,akzt9nsp06yyv03a86lz8kdn8,2026-10-06
Real Unión,Real Unión,Real Unión Club,73.0166407928,1035,c1yslf7aazs430di8dpm8yvx0,2026-10-06
Al Kholood,Al Kholood,Al Kholood Club,73.0126664243,1036,4vs6oaojacz5bwo1320rkk844,2026-10-06
Real Cartagena,Cartagena,Real Cartagena FC SA,73.0091809953,1037,3f1bsdfpg1eedvajxpif8t5p0,2026-10-06
Prishtina,Prishtina,FC Prishtina,73.000667686,1038,cex4ulecg78atcdvr7zz1dqtw,2026-10-06
Kryvbas KR,Kryvbas KR,FK Kryvbas Kryvyi Rih,72.9971924764,1039,5vqx2miccjg04lp2pqs1hbmc,2026-10-06
Botev Plovdiv,Botev,PFK Botev Plovdiv,72.987120957,1040,3rbiru554kufnw6hrtsv0us5w,2026-10-06
Petrolul 52,Petrolul 52,ACS Petrolul 52 Ploieşti,72.9857317782,1041,zbhxyecp7s7s2dqg00ojrbis,2026-10-06
Diriyah Club,Diriyah,Diriyah Club,72.9796735782,1042,4vs6oaojacz5bwo1320rkk844,2026-10-06
Ural,Ural,FK Ural Sverdlovskaya Oblast,72.97704939,1043,ewtzgv48te3m77r86sxunl3x0,2026-10-06
CODM Meknès,CODM,Club Omnisports de Meknès,72.9725357241,1044,3m3hltejq5dp7tvessefe7pck,2026-10-06
Gualaceo,Gualaceo,Gualaceo SC,72.9664637743,1045,2tnmtnib22zkesr45sr0p8xsk,2026-10-06
Sydney,Sydney,Sydney FC,72.9443741197,1046,1ztoqmkrzy1d4ejf5jokthiqc,2026-10-06
Monastir,Monastir,US Monastirienne,72.9395422556,1047,2cdwuc8jbyg41icy3ah21d2c4,2026-10-06
ADT,ADT,Asociación Deportiva Tarma,72.931733694,1048,7z7bio16q91wdq4kywi8wlmok,2026-10-06
Clermont,Clermont,Clermont Foot 63,72.9207866551,1049,b4rd8q7zjvernie5778azl7v8,2026-10-06
Ilves,Ilves,Tampereen Ilves,72.9190501273,1050,32gy6t29t9240sgu7l11j9nh0,2026-10-06
Real Jaén,Jaén,Real Jaén CF,72.8943912787,1051,c1yslf7aazs430di8dpm8yvx0,2026-10-06
Barnsley,Barnsley,Barnsley FC,72.8895289367,1052,b7amy99ea2lpnx81o6q94pst0,2026-10-06
Kayserispor,Kayseri,Kayserispor SK,72.8773730332,1053,9vlcn0hdb4ufq9s8e7kjnfn6c,2026-10-06
Fakel,Fakel,FK Fakel Voronezh,72.8700794576,1054,ac9tayo9q3al8a2m6m9pnfrx0,2026-10-06
Barnet,Barnet,Barnet FC,72.8558395475,1055,7kjvvls20hnhjguys4t73yjh0,2026-10-06
Progreso,Progreso,CA Progreso,72.8261507644,1056,6bxydtby0dlb8mn1nb1h08iz8,2026-10-06
Stade-Lausanne-Ouchy,Stade-Lausanne,FC Stade-Lausanne-Ouchy,72.8190237275,1057,akzt9nsp06yyv03a86lz8kdn8,2026-10-06
Preußen Münster,Münster,SC Preußen 06 Münster,72.8110353049,1058,58t4zseno2tp4253w3dm5i80k,2026-10-06
Chaves,Chaves,GD Chaves,72.8030468522,1059,ahb4b1qj0kffrsdj0uhrjs1lg,2026-10-06
Europa,Europa,CE Europa,72.7846385641,1060,c1yslf7aazs430di8dpm8yvx0,2026-10-06
Unión Española,Española,Unión Española,72.7799565815,1061,3mlz1os528syxdg3qpkz4ljis,2026-10-06
Operário PR,Operário,Operário Ferroviário EC,72.7789145959,1062,7pt8trpd4rbju1v568nuskdn8,2026-10-06
Leyton Orient,L Orient,Leyton Orient FC,72.776997341,1063,b7amy99ea2lpnx81o6q94pst0,2026-10-06
Gol Gohar,Gol Gohar,Gol Gohar FC Sirjan,72.7542666428,1064,1p2kviatzyprl6bv4j6zs9ams,2026-10-06
Cancún,Cancún,Cancún FC,72.7392978532,1065,3cxwni2dq94c7yt90g8m7rs44,2026-10-06
El Qanah,El Qanah,El Qanah FC,72.7349713118,1066,5q5bvm7r1fjy0h427jh93a9lg,2026-10-06
Differdange 03,Differdange,FC Differdange 03,72.731149424,1067,uza4dpaosr9j4jztif162p78,2026-10-06
Sekhukhune United,Sekhukhune Utd,Sekhukhune United FC,72.723856536,1068,3wl91cn4c74oeacldjjpw800k,2026-10-06
Wigan Athletic,Wigan,Wigan Athletic FC,72.7165612425,1069,b7amy99ea2lpnx81o6q94pst0,2026-10-06
All Saints United,All Saints Utd,All Saints United FC,72.7108879345,1070,eutz7cztklmm0kuh8bthrfxg4,2026-10-06
Zemplín Michalovce,Zemplín,MFK Zemplín Michalovce,72.7071830728,1071,5sqcuu8cql6utpiiunzurorv8,2026-10-06
Sepsi,Sepsi,Sepsi OSK Sfântu Gheorghe,72.7047516887,1072,zbhxyecp7s7s2dqg00ojrbis,2026-10-06
Karmiotissa,Karmiotissa,Karmiotissa Pano Polemidia,72.6853005153,1073,9ov525t4gyibnhjsey291aw44,2026-10-06
Newcastle Jets,Newcastle,Newcastle Jets FC,72.6824925847,1074,1ztoqmkrzy1d4ejf5jokthiqc,2026-10-06
Internacional Palmira,Inter Palmira,Internacional FC de Palmira,72.6823550363,1075,3f1bsdfpg1eedvajxpif8t5p0,2026-10-06
Chengdu Rongcheng,Rongcheng,Chengdu Rongcheng FC,72.6779771023,1076,e6818x4pwankpph8awr91m1hw,2026-10-06
RC Saint Joseph,Saint Joseph,Racing Club Saint Joseph,72.675111635,1077,8oya8610sjuxts1g4yxvd1nh0,2026-10-06
JS El Biar,Biar,Jeunesse Sportive D'El Biar,72.6721025933,1078,ccifwc50hpqpwze0lsw8f8qac,2026-10-06
San Carlos,San Carlos,AD San Carlos,72.6631258913,1079,dys50za4ylhqy94bj8zhmyx3o,2026-10-06
Dundee,Dundee,Dundee FC,72.6564707691,1080,7qmc7ue3f8yzv8yqmsxc9irro,2026-10-06
Atlético Morelia,Morelia,Club Atlético Morelia,72.6458626445,1081,3cxwni2dq94c7yt90g8m7rs44,2026-10-06
El Gouna,Gouna,El Gouna,72.6224315125,1082,5q5bvm7r1fjy0h427jh93a9lg,2026-10-06
Numancia,Numancia,CD Numancia de Soria,72.6095781744,1083,3jk4gnb5m4ov0fm9ssmgg4c2c,2026-10-06
Hapoel Jerusalem,H Jerusalem,Hapoel Jerusalem FC,72.6088834615,1084,cbr00ay9uda1ju0ooqvb1ufbo,2026-10-06
Al Ahli Benghazi,Ahli Benghazi,Al Ahli Benghazi,72.6081922219,1085,68kgxuk3dkg7p955ifkisgc9g,2026-10-06
Dukagjini,Dukagjini,KF Dukagjini Klina,72.607843675,1086,cex4ulecg78atcdvr7zz1dqtw,2026-10-06
Amal Tiznit,USAT,US Amal Tiznit,72.5612962739,1087,e66497iax4m4oq94h8qc9nllg,2026-10-06
Inter San Carlos,San Carlos,Inter San Carlos,72.5519717359,1088,dys50za4ylhqy94bj8zhmyx3o,2026-10-06
Managua,Managua,Managua FC,72.5472845766,1089,c0h34ymbtky0gg66xxiox8t1w,2026-10-06
Independiente,Independiente,Club Independiente Petrolero,72.5395916487,1090,b8kaz0tks262ypfye6pj6dpuc,2026-10-06
Sant Andreu,Sant Andreu,UE Sant Andreu,72.5355899668,1091,c1yslf7aazs430di8dpm8yvx0,2026-10-06
Yverdon Sport,Yverdon,Yverdon Sport FC,72.5342004921,1092,akzt9nsp06yyv03a86lz8kdn8,2026-10-06
Cibao,Cibao,Cibao FC,72.5281793237,1093,cokma0jt05z41cexn5ea0mxg,2026-10-06
Stabæk,Stabæk,Stabæk Fotball,72.5178740961,1094,1b7iiw2jok0qp6s65rmh05a1g,2026-10-06
Verl,Verl,SC Verl 1924,72.5175267246,1095,58t4zseno2tp4253w3dm5i80k,2026-10-06
San Antonio Bulo Bulo,San Antonio BB,CD Cultural San Antonio de Bulo Bulo,72.514928384,1096,b8kaz0tks262ypfye6pj6dpuc,2026-10-06
Medeama,Medeama,Medeama SC,72.5046751294,1097,9jwcn4214a2l2atxhtwj6zxg4,2026-10-06
CA La Paz,La Paz,CA La Paz,72.4923281754,1098,3cxwni2dq94c7yt90g8m7rs44,2026-10-06
Laval,Laval,Stade Lavallois Mayenne FC,72.4914736996,1099,b4rd8q7zjvernie5778azl7v8,2026-10-06
Nizhny Novgorod,Nizhny Novg.,FK Pari Nizhny Novgorod,72.4824419092,1100,ewtzgv48te3m77r86sxunl3x0,2026-10-06
Volos NFC,Volos,Volos New Football Club,72.4668098731,1101,13prgjp0qzce661j00a3jy3o4,2026-10-06
Zorya,Zorya,FC Zorya Luhansk,72.4657677332,1102,5vqx2miccjg04lp2pqs1hbmc,2026-10-06
Atlético Baleares,Baleares,CD Atlético Baleares,72.4424931423,1103,3jk4gnb5m4ov0fm9ssmgg4c2c,2026-10-06
Stade Tunisien,Stade Tunisien,Stade Tunisien,72.4369361834,1104,2cdwuc8jbyg41icy3ah21d2c4,2026-10-06
Gimnàstic Tarragona,Tarragona,Club Gimnàstic de Tarragona,72.4362402234,1105,c1yslf7aazs430di8dpm8yvx0,2026-10-06
Ceará,Ceará,Ceará SC,72.431210084,1106,7pt8trpd4rbju1v568nuskdn8,2026-10-06
Struga,Struga,FC Struga Trim-Lum,72.4028910095,1107,bdisf9hz6nqbfmztljccr2978,2026-10-06
St. Mirren,St. Mirren,Saint Mirren FC,72.3935114481,1108,7qmc7ue3f8yzv8yqmsxc9irro,2026-10-06
USM El Harrach,USM El Harrach,USM El Harrach,72.3921230703,1109,flxkeved0q9tmclqafcpql1w,2026-10-06
Bryne,Bryne,Bryne FK,72.3830896643,1110,1b7iiw2jok0qp6s65rmh05a1g,2026-10-06
MB Rouisset,Rouisset,MB Rouisset,72.3823960673,1111,ccifwc50hpqpwze0lsw8f8qac,2026-10-06
Ironi Tiberias,I Tiberias,Ironi Tiberias FC,72.3810053014,1112,cbr00ay9uda1ju0ooqvb1ufbo,2026-10-06
Al Hussein,Hussein,Al Hussein SC,72.3686922521,1113,espg5w80i6jk5f0n0b3buusk4,2026-10-06
Rivers United,Rivers Utd,Rivers United FC,72.3652022893,1114,bblld98re54ohfsni235m1gyc,2026-10-06
Ballkani,Ballkani,KF Ballkani,72.3646800039,1115,cex4ulecg78atcdvr7zz1dqtw,2026-10-06
Al-Nasr,Nasr,Al-Nasr Club of Benghazi,72.3587754424,1116,68kgxuk3dkg7p955ifkisgc9g,2026-10-06
Nasaf,Nasaf,PFC Nasaf,72.35583856,1117,30hnhs47crryfhtm1523ygzkk,2026-10-06
Difaâ El Jadida,El Jadida,Difaâ Hassani d'El Jadida,72.3469616053,1118,3m3hltejq5dp7tvessefe7pck,2026-10-06
Floriana,Floriana,Floriana FC,72.3410546133,1119,3jedmdrdnamejeki9uh7jrs44,2026-10-06
FC Cajamarca,FC Cajamarca,FC Cajamarca,72.3405404604,1120,7z7bio16q91wdq4kywi8wlmok,2026-10-06
Leones Negros UdeG,Leones Negros,CD Leones Negros de la Universidad de Guadalajara,72.3335715231,1121,3cxwni2dq94c7yt90g8m7rs44,2026-10-06
Smouha,Smouha,Smouha SC,72.3288967484,1122,5q5bvm7r1fjy0h427jh93a9lg,2026-10-06
Örgryte,Örgryte,Örgryte IS,72.3205578794,1123,b99u9gpztyjs5u1i88z6qvg9g,2026-10-06
Golden Arrows,Arrows,Lamontville Golden Arrows FC,72.3063154594,1124,3wl91cn4c74oeacldjjpw800k,2026-10-06
Al Wehdat,Wehdat,Al Wehdat SC,72.3058126336,1125,espg5w80i6jk5f0n0b3buusk4,2026-10-06
St. Johnstone,St. Johnstone,Saint Johnstone FC,72.3038824234,1126,7qmc7ue3f8yzv8yqmsxc9irro,2026-10-06
Rahimo,Rahimo,Rahimo FC,72.3019751597,1127,56y5sheadf58560v7uwkil9n8,2026-10-06
Amiens,Amiens,Amiens SC,72.2972816855,1128,2hzxt22wy9dxf7qxh08hjbuhg,2026-10-06
Puntarenas,Puntarenas,Puntarenas FC,72.2827460245,1129,dys50za4ylhqy94bj8zhmyx3o,2026-10-06
Peterborough United,Peterborough,Peterborough United FC,72.2816482765,1130,b7amy99ea2lpnx81o6q94pst0,2026-10-06
Al-Ittihad,Ittihad,Al-Ittihad,72.2809569298,1131,68kgxuk3dkg7p955ifkisgc9g,2026-10-06
Sestao River,Sestao,Sestao River Club,72.2767845256,1132,3jk4gnb5m4ov0fm9ssmgg4c2c,2026-10-06
São Bernardo,São Bernardo,São Bernardo FC,72.2682798827,1133,7pt8trpd4rbju1v568nuskdn8,2026-10-06
Hassania Agadir,HUSA,Hassania Union Sport d'Agadir,72.2500348851,1134,3m3hltejq5dp7tvessefe7pck,2026-10-06
Ironi Kiryat Shmona,Kiryat Shmona,Hapoel Ironi Kiryat Shmona FC,72.249686279,1135,cbr00ay9uda1ju0ooqvb1ufbo,2026-10-06
Universitario de Vinto,Universitario,FC Universitario de Vinto,72.248824688,1136,b8kaz0tks262ypfye6pj6dpuc,2026-10-06
Cipolletti,Cipolletti,Club Cipolletti,72.2460453598,1137,1q9caek968o8ubc43inhg6uxg,2026-10-06
Villa Mitre,Villa Mitre,Club Villa Mitre,72.2328435007,1138,1q9caek968o8ubc43inhg6uxg,2026-10-06
Grenades,Grenades,Jennings Grenades FC,72.2283779118,1139,eutz7cztklmm0kuh8bthrfxg4,2026-10-06
Deportivo Santaní,Dep. Santaní,Deportivo Santaní,72.2255477009,1140,8vh8k7j5o8k9gynwf0ntfr578,2026-10-06
El Gaish,Gaish,Tala'ea El Gaish,72.2041755266,1141,5q5bvm7r1fjy0h427jh93a9lg,2026-10-06
Horoya,Horoya,Horoya AC,72.1941025142,1142,1odzlx97lfuimst69uxvbn310,2026-10-06
Eibar II,Eibar II,SD Eibar II,72.1895825123,1143,3jk4gnb5m4ov0fm9ssmgg4c2c,2026-10-06
Gualberto Villarroel SJ,GVSJ,CD Gualberto Villarroel Deportivo San José,72.1751712498,1144,b8kaz0tks262ypfye6pj6dpuc,2026-10-06
Kolos Kovalivka,Kolos,FK Kolos Kovalivka,72.1544922356,1145,5vqx2miccjg04lp2pqs1hbmc,2026-10-06
Radnik Surdulica,Radnik,FK Radnik Surdulica,72.152755078,1146,akqbhzm3iofv030i63sb5js44,2026-10-06
RC Kouba,RC Kouba,RC Kouba,72.1336474398,1147,flxkeved0q9tmclqafcpql1w,2026-10-06
Yelimay,Yelimay,FK Yelimay Semey,72.1225283053,1148,5dlquxczyamt372efk9kgws2c,2026-10-06
Lincoln Red Imps,Red Imps,Lincoln Red Imps FC,72.1190562196,1149,7uvvhp31jz5znxp8l21x872tw,2026-10-06
Patriotas Boyacá,Patriotas,Patriotas Boyacá,72.1122858474,1150,3f1bsdfpg1eedvajxpif8t5p0,2026-10-06
Boulogne,Boulogne,US Boulogne CO,72.1068935971,1151,b4rd8q7zjvernie5778azl7v8,2026-10-06
Académica,Académica,Associação Académica de Coimbra OAF,72.1016820018,1152,ahb4b1qj0kffrsdj0uhrjs1lg,2026-10-06
Tarazona,Tarazona,SD Tarazona,72.0881317935,1153,1kirdkl7iyu00tam1qun1pg4,2026-10-06
Al Hazem,Hazem,Al Hazem SC,72.0838082357,1154,4vs6oaojacz5bwo1320rkk844,2026-10-06
Tigres,Tigres,Tigres FC,72.0650336983,1155,3f1bsdfpg1eedvajxpif8t5p0,2026-10-06
Independiente Cauca,Independiente,Independiente Valle del Cauca,72.049051113,1156,3f1bsdfpg1eedvajxpif8t5p0,2026-10-06
Neman Grodno,Neman,FK Neman Grodno,72.0485229907,1157,2tml5a5shxx16bkg25p0hh8gk,2026-10-06
Mérida,Mérida,AD Mérida,72.0401842001,1158,c1yslf7aazs430di8dpm8yvx0,2026-10-06
Stellenbosch,Stellenbosch,Stellenbosch FC,72.0335838246,1159,3wl91cn4c74oeacldjjpw800k,2026-10-06
Acassuso,Acassuso,CA Acassuso,72.0254244594,1160,cbhbsl8jupde33c7j6vrze32s,2026-10-06
Témouchent,Témouchent,CR Témouchent,72.0182959076,1161,ccifwc50hpqpwze0lsw8f8qac,2026-10-06
Douglas Haig,Douglas Haig,CA Douglas Haig,72.017085577,1162,1q9caek968o8ubc43inhg6uxg,2026-10-06
Novi Pazar,Novi Pazar,FK Novi Pazar,72.0158625381,1163,akqbhzm3iofv030i63sb5js44,2026-10-06
Rayo Majadahonda,Majadahonda,CF Rayo Majadahonda,72.0078710734,1164,c1yslf7aazs430di8dpm8yvx0,2026-10-06
Şamaxı,Şamaxı,Şamaxı FK,72.0075236177,1165,cjfv1fu1qsr0jyk785saolgd0,2026-10-06
Zamora,Zamora,Zamora FC,72.0059670155,1166,55wby45j07iiofu0nuiy08xzo,2026-10-06
Amarante,Amarante,Amarante FC,72.0030066886,1167,ahb4b1qj0kffrsdj0uhrjs1lg,2026-10-06
Al Shabab,Shabab,Al Shabab FC,71.9886066731,1168,4vs6oaojacz5bwo1320rkk844,2026-10-06
General Caballero JLM,Caballero JLM,General Caballero JLM,71.9875517683,1169,8vh8k7j5o8k9gynwf0ntfr578,2026-10-06
Goiás,Goiás,Goiás EC,71.9837297156,1170,7pt8trpd4rbju1v568nuskdn8,2026-10-06
Violette,Violette,Violette AC,71.9794373271,1171,4vdnis45sxd05ictg09vgpous,2026-10-06
Inter Club d'Escaldes,Inter Club,Inter Club d'Escaldes,71.9765998314,1172,2a3fpo37ny4uvuf4u7toqok5w,2026-10-06
Urartu,Urartu,FC Urartu,71.9682607548,1173,847iyp5po72cef4cdwd8c0ems,2026-10-06
Petrocub,Petrocub,CS Petrocub Hînceşti,71.9679132925,1174,c0orgvbfnq9wp7blxq2rdm0pg,2026-10-06
Beijing Guoan,Guoan,Beijing Guoan FC,71.9664942561,1175,e6818x4pwankpph8awr91m1hw,2026-10-06
Gnistan,Gnistan,IF Gnistan,71.9574893983,1176,32gy6t29t9240sgu7l11j9nh0,2026-10-06
Ourense CF,Ourense,Ourense CF,71.9547096844,1177,3jk4gnb5m4ov0fm9ssmgg4c2c,2026-10-06
Atlético Vinotinto,Vinotinto,CA Vinotinto,71.9500258582,1178,derrtkvb0qg29n2ldftcolo9g,2026-10-06
Recreativo Huelva,Huelva,RC Recreativo de Huelva,71.9383787909,1179,3jk4gnb5m4ov0fm9ssmgg4c2c,2026-10-06
Heracles,Heracles,Heracles Almelo,71.9338617127,1180,7bdyxkrzt42tv7377rpz5nqc4,2026-10-06
Sharjah,Sharjah,Sharjah FC,71.9250207396,1181,b6a9x42zsbxzbc2n5t79kdono,2026-10-06
Extremadura,Extremadura,CD Extremadura,71.9237851187,1182,c1yslf7aazs430di8dpm8yvx0,2026-10-06
Aarau,Aarau,FC Aarau,71.9178781272,1183,akzt9nsp06yyv03a86lz8kdn8,2026-10-06
Al Arabi,Arabi,Al Arabi SC,71.9121643327,1184,evaw3m63xloe8o87vqybzjsic,2026-10-06
Alashkert,Alashkert,Alashkert FC,71.9084964006,1185,847iyp5po72cef4cdwd8c0ems,2026-10-06
AFC Wimbledon,Wimbledon,AFC Wimbledon,71.9046742037,1186,b7amy99ea2lpnx81o6q94pst0,2026-10-06
Hapoel Ramat Gan,H Ramat Gan,Hapoel Ramat Gan Giv'atayim FC,71.8987671583,1187,cbr00ay9uda1ju0ooqvb1ufbo,2026-10-06
Kilmarnock,Kilmarnock,Kilmarnock FC,71.8942499947,1188,7qmc7ue3f8yzv8yqmsxc9irro,2026-10-06
Real Oruro,Real Oruro,CDT Real Oruro,71.8885236071,1189,b8kaz0tks262ypfye6pj6dpuc,2026-10-06
Náutico,Náutico,Clube Náutico Capibaribe,71.8822690397,1190,7pt8trpd4rbju1v568nuskdn8,2026-10-06
Metropolitan,Metropolitan,Metropolitan FA,71.8691157558,1191,9ij31b9nteu7u821uzpr04k4,2026-10-06
Krasava Ypsonas,Ypsonas,Krasava ENY Ypsonas FC,71.8601972168,1192,9ov525t4gyibnhjsey291aw44,2026-10-06
Chesterfield,Chesterfield,Chesterfield FC,71.8577648543,1193,7kjvvls20hnhjguys4t73yjh0,2026-10-06
Al Riffa,Riffa,Bahrain Riffa Club,71.8454487367,1194,3dsgnubzzf96l31ocjo3kial0,2026-10-06
Eupen,Eupen,KAS Eupen,71.843518103,1195,83p55gs5rtqe8vjqg5t6me39w,2026-10-06
San Pedro,San Pedro,Deportivo San Pedro,71.8428786658,1196,8hlpnvuhsi69veuw84gyggr9w,2026-10-06
Aktobe,Aktobe,FK Aktobe,71.836915917,1197,5dlquxczyamt372efk9kgws2c,2026-10-06
Versailles,Versailles,FC Versailles,71.8178042085,1198,2hzxt22wy9dxf7qxh08hjbuhg,2026-10-06
Gjilani,Gjilani,KF Gjilani,71.8174590055,1199,cex4ulecg78atcdvr7zz1dqtw,2026-10-06
ASCK,ASCK,Association Sportive des Chauffeurs de la Kozah,71.8072092971,1200,d8hdusfvdmgo6ki7qtifb88wk,2026-10-06
KR,KR,KR Reykjavík,71.802514716,1201,eeeacj91qdk6pru5zwwobaiac,2026-10-06
Club Franciscain,Franciscain,Club Franciscain,71.8020512971,1202,8oya8610sjuxts1g4yxvd1nh0,2026-10-06
Athletic Club MG,Athletic,Athletic Club (Minas Gerais),71.7940081499,1203,7pt8trpd4rbju1v568nuskdn8,2026-10-06
Bnei Yehuda,Bnei Yehuda,Bnei Yehuda Tel Aviv FC,71.7927849807,1204,1mqfttramp7l8dfkpwk7w6wic,2026-10-06
Osasuna II,Osasuna II,CA Osasuna Promesas,71.783402693,1205,3jk4gnb5m4ov0fm9ssmgg4c2c,2026-10-06
Sportivo San Lorenzo,San Lorenzo,Club Sportivo San Lorenzo,71.7825409104,1206,ynp3ah4di570mdbqt5a0yuc4,2026-10-06
Bucheon 1995,Bucheon,Bucheon FC 1995,71.7746861625,1207,aclvhp7yp4w85gpqw5yyt1xqs,2026-10-06
Deportes Temuco,Temuco,CD Temuco,71.7717685978,1208,3mlz1os528syxdg3qpkz4ljis,2026-10-06
Cobán Imperial,Cobán,CSyD Cobán Imperial,71.7438436564,1209,8hlpnvuhsi69veuw84gyggr9w,2026-10-06
Tirana,Tirana,KF Tirana,71.7340581161,1210,bd2cao9ydrq06v5uu7x4ytiqc,2026-10-06
Port,Port,Port FC,71.7305539119,1211,2y9xq2tx9nthjl37uqgtoc2z8,2026-10-06
Sūduva,Sūduva,FK Sūduva,71.7291930947,1212,4hzcbeghy116szh7rtk757xg4,2026-10-06
Halmstad,Halmstad,Halmstads BK,71.7267605798,1213,b99u9gpztyjs5u1i88z6qvg9g,2026-10-06
Coria,Coria,CD Coria,71.7177254994,1214,c1yslf7aazs430di8dpm8yvx0,2026-10-06
ABB,ABB,Academia del Balompié Boliviano,71.7154736733,1215,b8kaz0tks262ypfye6pj6dpuc,2026-10-06
Aluminium Arak,Aluminium Arak,Aluminium Arak FC,71.707146085,1216,1p2kviatzyprl6bv4j6zs9ams,2026-10-06
Portimonense,Portimonense,Portimonense SC,71.7020877678,1217,ahb4b1qj0kffrsdj0uhrjs1lg,2026-10-06
Marquense,Marquense,CD Marquense,71.6819878296,1218,8hlpnvuhsi69veuw84gyggr9w,2026-10-06
Adelaide United,Adelaide Utd,Adelaide United FC,71.6773854733,1219,1ztoqmkrzy1d4ejf5jokthiqc,2026-10-06
Hapoel Petah Tikva,H Petah Tikva,Hapoel Petah Tikva FC,71.6718544879,1220,cbr00ay9uda1ju0ooqvb1ufbo,2026-10-06
Cavalry,Cavalry,Cavalry FC,71.6454989821,1221,bmqmrylzzfggzr15yas9dev4k,2026-10-06
Zimbru,Zimbru,FC Zimbru Chişinău,71.6433583517,1222,c0orgvbfnq9wp7blxq2rdm0pg,2026-10-06
Genesis PN,Genesis PN,Genesis Policia Nacional FC,71.639941005,1223,bifv7w5gplrvhfvyqle3jf504,2026-10-06
Homs Al Fidaa,Al Fidaa,Homs Al Fidaa SC,71.6371248167,1224,epf0rlgn33w37t43qiocvx4wk,2026-10-06
Hearts of Oak,Oak,Hearts of Oak SC,71.6339765832,1225,9jwcn4214a2l2atxhtwj6zxg4,2026-10-06
US Biskra,Biskra,US Biskra,71.6332815475,1226,ccifwc50hpqpwze0lsw8f8qac,2026-10-06
Al Fayha,Fayha,Al Fayha FC,71.6272182649,1227,4vs6oaojacz5bwo1320rkk844,2026-10-06
Argentino Monte Maíz,Argentino MM,Club Deportivo Argentino Monte Maíz,71.6212979047,1228,1q9caek968o8ubc43inhg6uxg,2026-10-06
Chadormalu SC,Chadormalu,Chadormalu Sports Club,71.6174877124,1229,1p2kviatzyprl6bv4j6zs9ams,2026-10-06
Al Nasr,Al Nasr,Al Nasr SC,71.6021967524,1230,b6a9x42zsbxzbc2n5t79kdono,2026-10-06
Sol de América,Sol de América,Club Sol de América,71.5969713691,1231,8vh8k7j5o8k9gynwf0ntfr578,2026-10-06
Vargas Torres,Vargas Torres,Club Social y Deportivo Vargas Torres,71.5663890358,1232,derrtkvb0qg29n2ldftcolo9g,2026-10-06
Suwon Bluewings,Suwon,Suwon Samsung Bluewings FC,71.564441482,1233,aqzfod554aa202i8pjkt4ou1g,2026-10-06
Amorebieta,Amorebieta,SD Amorebieta,71.5523071104,1234,3jk4gnb5m4ov0fm9ssmgg4c2c,2026-10-06
Navbahor,Navbahor,FK Navbahor Namangan,71.5462447831,1235,30hnhs47crryfhtm1523ygzkk,2026-10-06
UCAM Murcia,UCAM,Universidad Católica de Murcia CF,71.5387533411,1236,3jk4gnb5m4ov0fm9ssmgg4c2c,2026-10-06
Basconia,Basconia,CD Basconia,71.5338878639,1237,3jk4gnb5m4ov0fm9ssmgg4c2c,2026-10-06
Grimsby Town,Grimsby,Grimsby Town FC,71.530064981,1238,7kjvvls20hnhjguys4t73yjh0,2026-10-06
Dinamo Brest,Dinamo Brest,FK Dinamo Brest,71.52867484,1239,2tml5a5shxx16bkg25p0hh8gk,2026-10-06
Real Tomayapo,Real Tomayapo,CD Real Tomayapo,71.5274654166,1240,b8kaz0tks262ypfye6pj6dpuc,2026-10-06
Ingolstadt,Ingolstadt,FC Ingolstadt 04,71.5199864379,1241,58t4zseno2tp4253w3dm5i80k,2026-10-06
Hardrock,Hardrock,Hardrock FC,71.514081779,1242,8ea4fh0n7w704hsj43vlxw4yc,2026-10-06
Deportivo Moquegua,Moquegua,CD Moquegua,71.5073082563,1243,7z7bio16q91wdq4kywi8wlmok,2026-10-06
Salford City,Salford,Salford City FC,71.4907931409,1244,7kjvvls20hnhjguys4t73yjh0,2026-10-06
Durban City,Durban City,Durban City FC,71.487318912,1245,3wl91cn4c74oeacldjjpw800k,2026-10-06
Talavera,Talavera,CF Talavera de la Reina,71.4845373811,1246,3jk4gnb5m4ov0fm9ssmgg4c2c,2026-10-06
Araz Naxçıvan,Araz,Araz FK Naxçıvan,71.4793242336,1247,cjfv1fu1qsr0jyk785saolgd0,2026-10-06
Venados,Venados,Venados FC Yucatán,71.4791364915,1248,3cxwni2dq94c7yt90g8m7rs44,2026-10-06
Black Bulls Maputo,Black Bulls,Black Bulls Maputo,71.468206284,1249,12paa0nrmm7b6c9bt3b9rsx78,2026-10-06
Cherno more Varna,Cherno more,PFK Cherno more Varna,71.4449171321,1250,3rbiru554kufnw6hrtsv0us5w,2026-10-06
Cumbayá,Cumbayá,Cumbayá FC,71.4426650111,1251,2tnmtnib22zkesr45sr0p8xsk,2026-10-06
Piratas,Piratas,Piratas FC,71.437430837,1252,3cxwni2dq94c7yt90g8m7rs44,2026-10-06
Vegalta Sendai,Vegalta,Vegalta Sendai,71.4087424903,1253,4zxaepel6gk1jzqf5di3m6iok,2026-10-06
Maccabi Petah Tikva,M Petah Tikva,Maccabi Petah Tikva FC,71.4042534599,1254,cbr00ay9uda1ju0ooqvb1ufbo,2026-10-06
LDU Portoviejo,LDU Portoviejo,LDU de Portoviejo,71.4026964077,1255,2tnmtnib22zkesr45sr0p8xsk,2026-10-06
The New Saints,TNS,The New Saints FC,71.4011254521,1256,5a72rnkyvdjffzei7qqokyot0,2026-10-06
Bromley,Bromley,Bromley FC,71.4011254521,1257,b7amy99ea2lpnx81o6q94pst0,2026-10-06
Comunicaciones,Comunicaciones,Comunicaciones FC,71.3970103084,1258,8hlpnvuhsi69veuw84gyggr9w,2026-10-06
ASO Chlef,ASO Chlef,ASO Chlef,71.3875718884,1259,ccifwc50hpqpwze0lsw8f8qac,2026-10-06
Abu Qair Semad,Abu Qair Semad,Abu Qair Semad SC,71.3854865337,1260,5q5bvm7r1fjy0h427jh93a9lg,2026-10-06
Patro Eisden,Patro,Patro Eisden Maasmechelen,71.3799243865,1261,83p55gs5rtqe8vjqg5t6me39w,2026-10-06
Maniema Union,Maniema U.,AS Maniema Union,71.3767998178,1262,ehmma83pqd17k7x6if20hmrkk,2026-10-06
Porto II,Porto II,FC Porto II,71.3712353627,1263,ahb4b1qj0kffrsdj0uhrjs1lg,2026-10-06
Hamrun Spartans,Hamrun,Hamrun Spartans FC,71.3569852849,1264,3jedmdrdnamejeki9uh7jrs44,2026-10-06
Rayo Zuliano,Rayo Zuliano,Deportivo Rayo Zuliano,71.3488244646,1265,55wby45j07iiofu0nuiy08xzo,2026-10-06
Gimnasia Chivilcoy,GyE Chivilcoy,CSCyD Gimnasia y Esgrima de Chivilcoy,71.3474342025,1266,1q9caek968o8ubc43inhg6uxg,2026-10-06
Alcoyano,Alcoyano,CD Alcoyano,71.3392594419,1267,3jk4gnb5m4ov0fm9ssmgg4c2c,2026-10-06
Tobol Kostanay,Tobol,FK Tobol Kostanay,71.3357837687,1268,5dlquxczyamt372efk9kgws2c,2026-10-06
Mangasport,Mangasport,AS MangaSport Football,71.3356134623,1269,91hx1tapplzhsaiav9r0gdq8k,2026-10-06
Saint Eloi Lupopo,Lupopo,FC Saint Eloi Lupopo,71.3347445413,1270,ehmma83pqd17k7x6if20hmrkk,2026-10-06
ŁKS Łódź,ŁKS Łódź,ŁKS Łódź,71.3319605214,1271,9bj99ztou2rexljon6vvrssgk,2026-10-06
Polokwane City,Polokwane,Polokwane City FC,71.3191016471,1272,3wl91cn4c74oeacldjjpw800k,2026-10-06
Željezničar,Željezničar,FK Željezničar Sarajevo,71.3045024475,1273,4c48j9oq3d0aje3ojkb3mbp5g,2026-10-06
Mineros de Zacatecas,Mineros,Club Mineros de Zacatecas,71.3015341047,1274,3cxwni2dq94c7yt90g8m7rs44,2026-10-06
Etoile Matoury,Etoile M.,AS Etoile Matoury,71.3000418252,1275,8ptl1wrxicnblij9u19k2p4pg,2026-10-06
Feirense,Feirense,CD Feirense,71.2975509788,1276,ahb4b1qj0kffrsdj0uhrjs1lg,2026-10-06
Alianza,Alianza,Alianza FC,71.2779707823,1277,30t9l739hkqomjqhti9lxg5qs,2026-10-06
Dakota,Dakota,SV Dakota,71.268238595,1278,7phwu4x5fqdwgmfu5vf5yhk44,2026-10-06
Shanghai Port,Port,Shanghai Port FC,71.2245299526,1279,e6818x4pwankpph8awr91m1hw,2026-10-06
Real Avilés,Real Avilés,Real Avilés CF,71.217607413,1280,c1yslf7aazs430di8dpm8yvx0,2026-10-06
Utebo,Utebo,Utebo FC,71.2120460068,1281,3jk4gnb5m4ov0fm9ssmgg4c2c,2026-10-06
Al Fateh,Fateh,Al Fateh SC,71.2101537544,1282,4vs6oaojacz5bwo1320rkk844,2026-10-06
Lokomotiv Plovdiv,Loko Plovdiv,PFK Lokomotiv Plovdiv 1926,71.1925809673,1283,3rbiru554kufnw6hrtsv0us5w,2026-10-06
Réal Bamako,Réal Bamako,AS Réal de Bamako,71.1904988942,1284,2fvr17f4zzd5uci32usqi0ro4,2026-10-06
Águilas,Águilas,Águilas FC,71.1762440965,1285,c1yslf7aazs430di8dpm8yvx0,2026-10-06
Al Riyadh,Riyadh,Al Riyadh SC,71.1733090271,1286,4vs6oaojacz5bwo1320rkk844,2026-10-06
Jaiba Brava,Jaiba Brava,Club Jaiba Brava,71.1708424045,1287,3cxwni2dq94c7yt90g8m7rs44,2026-10-06
Voluntari,Voluntari,FC Voluntari,71.1675542191,1288,zbhxyecp7s7s2dqg00ojrbis,2026-10-06
Portmore United,Portmore,Portmore United FC,71.1625719053,1289,3b44u42lrrjhxh5ket3d32z9w,2026-10-06
Iberia 1999,Iberia,FC Iberia 1999,71.1581691106,1290,dmtc6z8cwdmdocaz02qc5p0yc,2026-10-06
SC Villa,SC Villa,Sports Club Villa Jogoo,71.1467018405,1291,d43v3lpfbbegmsubl20bdpct0,2026-10-06
Laçi,Laçi,KF Laçi,71.1463507652,1292,bd2cao9ydrq06v5uu7x4ytiqc,2026-10-06
Kimberley Mar del Plata,Kimberley MdP,CA Kimberley de Mar del Plata,71.1461839175,1293,1q9caek968o8ubc43inhg6uxg,2026-10-06
Gomel,Gomel,FK Gomel,71.1383559639,1294,2tml5a5shxx16bkg25p0hh8gk,2026-10-06
Santo Domingo,Santo Domingo,Club Deportivo Santo Domingo,71.1322798942,1295,2tnmtnib22zkesr45sr0p8xsk,2026-10-06
Ebro,Ebro,CD Ebro,71.1181950233,1296,3jk4gnb5m4ov0fm9ssmgg4c2c,2026-10-06
Selangor,Selangor,Selangor FC,71.1053044321,1297,6siod2n1m854sihsqbyknyl1w,2026-10-06
Arenas,Arenas,Arenas Club,71.0952530244,1298,c1yslf7aazs430di8dpm8yvx0,2026-10-06
Čukarički,Čukarički,FK Čukarički,71.0952530244,1299,akqbhzm3iofv030i63sb5js44,2026-10-06
Komárno,Komárno,KFC Komárno,71.0903865071,1300,5sqcuu8cql6utpiiunzurorv8,2026-10-06
Skalica,Skalica,MFK Skalica,71.0733536062,1301,5sqcuu8cql6utpiiunzurorv8,2026-10-06
Le Puy Foot,Le Puy,Le Puy Football 43 Auvergne,71.0316397867,1302,2hzxt22wy9dxf7qxh08hjbuhg,2026-10-06
UNA Strassen,Strassen,FC UNA Strassen,71.0285112163,1303,uza4dpaosr9j4jztif162p78,2026-10-06
Nieciecza,Nieciecza,Bruk-Bet Termalica Nieciecza,71.0163445085,1304,9bj99ztou2rexljon6vvrssgk,2026-10-06
Auda,Auda,FK Auda,70.9843631063,1305,d1tk0recez2ejvsidutwviwwk,2026-10-06
9 de Julio Rafaela,9 de Julio,CA 9 de Julio de Rafaela,70.9501285519,1306,1q9caek968o8ubc43inhg6uxg,2026-10-06
Unión Comercio,Unión Comercio,CD Unión Comercio,70.9428282587,1307,4wjv3pabgbhm9is93zhe6zf9w,2026-10-06
Torpedo Moskva,Torpedo,FK Torpedo Moskva,70.941604588,1308,ewtzgv48te3m77r86sxunl3x0,2026-10-06
Cannes,Cannes,AS de Cannes,70.9367377086,1309,2hzxt22wy9dxf7qxh08hjbuhg,2026-10-06
Newroz,Newroz,Newroz SC,70.931023501,1310,1ua3sfkjt1blxmm5vtgqwavis,2026-10-06
Teungueth,Teungueth,Teungueth FC,70.9278764823,1311,1bt3oe8dwu7lmuy50kex4bkt0,2026-10-06
Almere City,Almere,Almere City FC,70.9110125839,1312,7bdyxkrzt42tv7377rpz5nqc4,2026-10-06
Sol de América,Sol de América,CA Sol de América de Formosa,70.9091075214,1313,1q9caek968o8ubc43inhg6uxg,2026-10-06
OFK Beograd,OFK,OFK Beograd,70.8682525449,1314,akqbhzm3iofv030i63sb5js44,2026-10-06
Ajman,Ajman,Ajman Club,70.8486299288,1315,b6a9x42zsbxzbc2n5t79kdono,2026-10-06
Tudelano,Tudelano,CD Tudelano,70.8439171672,1316,3jk4gnb5m4ov0fm9ssmgg4c2c,2026-10-06
Güemes,Güemes,CA Güemes,70.8413167412,1317,cbhbsl8jupde33c7j6vrze32s,2026-10-06
Shanghai Shenhua,Shenhua,Shanghai Shenhua FC,70.8310248629,1318,e6818x4pwankpph8awr91m1hw,2026-10-06
ASKO de Kara,ASKO,Association Sportive de la Kozah de Kara,70.8131533618,1319,d8hdusfvdmgo6ki7qtifb88wk,2026-10-06
La Roche VF,La Roche,Vendée Foot Club La Roche-sur-Yon,70.8098471554,1320,2hzxt22wy9dxf7qxh08hjbuhg,2026-10-06
Lokeren,Lokeren,KSC Lokeren,70.8084565307,1321,83p55gs5rtqe8vjqg5t6me39w,2026-10-06
Ghazl El Mahalla,El Mahalla,Ghazl El Mahalla SC,70.8028952138,1322,5q5bvm7r1fjy0h427jh93a9lg,2026-10-06
Malavan,Malavan,Malavan Bandar Anzali FC,70.7933529148,1323,1p2kviatzyprl6bv4j6zs9ams,2026-10-06
Al Khaleej,Khaleej,Al Khaleej FC,70.7888333448,1324,4vs6oaojacz5bwo1320rkk844,2026-10-06
Puerto Montt,Puerto Montt,CD Puerto Montt,70.7863871909,1325,3mlz1os528syxdg3qpkz4ljis,2026-10-06
Radnički Niš,Radnički Niš,FK Radnički Niš,70.7862064077,1326,akqbhzm3iofv030i63sb5js44,2026-10-06
Songo,Songo,UD Songo,70.7761277182,1327,12paa0nrmm7b6c9bt3b9rsx78,2026-10-06
Blau-Weiß Linz,BW Linz,FC Blau-Weiß Linz,70.7757765798,1328,bbsieeq7vmacbhd5d5hvgu978,2026-10-06
Lahti,Lahti,FC Lahti,70.7747335941,1329,32gy6t29t9240sgu7l11j9nh0,2026-10-06
Britannia,Britannia,SV Britannia,70.7662737006,1330,7phwu4x5fqdwgmfu5vf5yhk44,2026-10-06
Derry City,Derry,Derry City FC,70.7497017786,1331,6zkfyunc0lfteytfj6slonuhg,2026-10-06
Al Qadsia,Qadsia,Al Qadsia SC,70.7495474343,1332,evaw3m63xloe8o87vqybzjsic,2026-10-06
Odd,Odd,Odds BK,70.7385764295,1333,1b7iiw2jok0qp6s65rmh05a1g,2026-10-06
Jahn Regensburg,Regensburg,SSV Jahn Regensburg,70.7344044081,1334,58t4zseno2tp4253w3dm5i80k,2026-10-06
Deportiva Minera,Minera,Club Deportiva Minera,70.7316230558,1335,3jk4gnb5m4ov0fm9ssmgg4c2c,2026-10-06
Al Shamal,Shamal,Al Shamal SC,70.7040026519,1336,b0n3k3rsxrgrfimue4kkxqmms,2026-10-06
Al Talaba,Talaba,Al Talaba FC,70.699485171,1337,1ua3sfkjt1blxmm5vtgqwavis,2026-10-06
Águila,Águila,CD Águila,70.6908293552,1338,30t9l739hkqomjqhti9lxg5qs,2026-10-06
12 de Junio VH,12 de Junio,Club 12 de Junio de Villa Hayes,70.6907784637,1339,8vh8k7j5o8k9gynwf0ntfr578,2026-10-06
Žalgiris,Žalgiris,FK Žalgiris Vilnius,70.6905976721,1340,4hzcbeghy116szh7rtk757xg4,2026-10-06
Atenas,Atenas,Club Sportivo y Biblioteca Atenas,70.6845202829,1341,1q9caek968o8ubc43inhg6uxg,2026-10-06
Dinamo Tbilisi,Dinamo Tbilisi,FC Dinamo Tbilisi,70.6676509139,1342,dmtc6z8cwdmdocaz02qc5p0yc,2026-10-06
Ngezi Platinum,Ngezi,Ngezi Platinum FC,70.6603530957,1343,8ea4fh0n7w704hsj43vlxw4yc,2026-10-06
Juventud Torremolinos,Torremolinos,Juventud Torremolinos CF,70.6495714693,1344,c1yslf7aazs430di8dpm8yvx0,2026-10-06
Conquense,Conquense,UB Conquense,70.6460946348,1345,3jk4gnb5m4ov0fm9ssmgg4c2c,2026-10-06
Botev Vratsa,Botev Vratsa,POFK Botev Vratsa,70.6447038994,1346,3rbiru554kufnw6hrtsv0us5w,2026-10-06
Teruel,Teruel,CD Teruel,70.6412270566,1347,c1yslf7aazs430di8dpm8yvx0,2026-10-06
Milford,Milford,Milford FC,70.6335791733,1348,3wl91cn4c74oeacldjjpw800k,2026-10-06
Samartex,Samartex,FC Samartex 1996,70.6311453708,1349,9jwcn4214a2l2atxhtwj6zxg4,2026-10-06
Waldhof Mannheim,Waldhof,SV Waldhof Mannheim 07,70.6311441794,1350,58t4zseno2tp4253w3dm5i80k,2026-10-06
Lechia Gdańsk,Lechia,KS Lechia Gdańsk,70.6262765657,1351,9bj99ztou2rexljon6vvrssgk,2026-10-06
Al Nahda,Nahda,Al Nahda Club,70.6233407132,1352,cbdqxkajw3jvb9nqzpbraim1g,2026-10-06
Okzhetpes,Okzhetpes,FK Okzhetpes Kokshetau,70.6214089406,1353,5dlquxczyamt372efk9kgws2c,2026-10-06
Trenčín,Trenčín,AS Trenčín,70.6175843698,1354,5sqcuu8cql6utpiiunzurorv8,2026-10-06
Tapatío,Tapatío,CD Tapatío,70.6125289032,1355,3cxwni2dq94c7yt90g8m7rs44,2026-10-06
Gaborone United,Gaborone,Gaborone United FC,70.584518609,1356,e2i85rbbrmh0zcyvozwl9qk9g,2026-10-06
Ružomberok,Ružomberok,MFK Ružomberok,70.5657781186,1357,5sqcuu8cql6utpiiunzurorv8,2026-10-06
Barau,Barau,Barau FC,70.5652600495,1358,bblld98re54ohfsni235m1gyc,2026-10-06
Rot-Weiß Erfurt,Erfurt,FC Rot-Weiß Erfurt,70.5556948706,1359,cp9ieu0l4mgyazd7866sx8pw4,2026-10-06
Partizani Tirana,Partizani,KF Partizani Tirana,70.5428299651,1360,bd2cao9ydrq06v5uu7x4ytiqc,2026-10-06
Bergantiños,Bergantiños,Bergantiños CF,70.5407437565,1361,3jk4gnb5m4ov0fm9ssmgg4c2c,2026-10-06
Fatih Karagümrük,Fatih,Fatih Karagümrük SK,70.5362236308,1362,9vlcn0hdb4ufq9s8e7kjnfn6c,2026-10-06
Ankara Keçiörengücü,Keçiörengücü,Ankara Keçiörengücü,70.5344851183,1363,9vlcn0hdb4ufq9s8e7kjnfn6c,2026-10-06
Jorge Wilstermann,Wilstermann,Club Jorge Wilstermann,70.5315365976,1364,390x46f39c7iugr9wfd0h0qac,2026-10-06
Boca Juniors de Cali,Boca,Club Atlético Boca Juniors de Cali,70.5284072668,1365,3f1bsdfpg1eedvajxpif8t5p0,2026-10-06
Dila,Dila,FC Dila Gori,70.5278787572,1366,dmtc6z8cwdmdocaz02qc5p0yc,2026-10-06
Botafogo SP,Botafogo SP,Botafogo FC Ribeirão Preto,70.5190192458,1367,7pt8trpd4rbju1v568nuskdn8,2026-10-06
Drenica Skënderaj,Drenica,KF Drenica Skënderaj,70.5087572458,1368,cex4ulecg78atcdvr7zz1dqtw,2026-10-06
Polonia Warszawa,Polonia,KSP Polonia Warszawa,70.4962374692,1369,9bj99ztou2rexljon6vvrssgk,2026-10-06
Falkenberg,Falkenberg,Falkenbergs FF,70.4861538791,1370,e45p1bhnnox3kdgzamrx63r4k,2026-10-06
Bendel Insurance,Bendel Ins.,Bendel Insurance,70.4814632543,1371,bblld98re54ohfsni235m1gyc,2026-10-06
Suwon,Suwon,Suwon FC,70.4798658664,1372,aqzfod554aa202i8pjkt4ou1g,2026-10-06
Exeter City,Exeter,Exeter City FC,70.473983963,1373,7kjvvls20hnhjguys4t73yjh0,2026-10-06
Dukla Banská Bystrica,Banská Bystric,MFK Dukla Banská Bystrica,70.4701591173,1374,5sqcuu8cql6utpiiunzurorv8,2026-10-06
Rotherham United,Rotherham,Rotherham United FC,70.4684205487,1375,7kjvvls20hnhjguys4t73yjh0,2026-10-06
Salcedo,Salcedo,Salcedo FC,70.4679568291,1376,cokma0jt05z41cexn5ea0mxg,2026-10-06
NSÍ,NSÍ,NSÍ Runavík,70.4628571193,1377,9cmufoxqnsf2h6xwos1z1j6s4,2026-10-06
Fleury,Fleury,FC Fleury 91,70.4534687978,1378,2hzxt22wy9dxf7qxh08hjbuhg,2026-10-06
Guadalajara,Guadalajara,CD Guadalajara,70.4447758692,1379,3jk4gnb5m4ov0fm9ssmgg4c2c,2026-10-06
Vora,Vora,FK Vora,70.4350397454,1380,bd2cao9ydrq06v5uu7x4ytiqc,2026-10-06
FADEP,FADEP,Fundación Amigos por el Deporte,70.433829681,1381,1q9caek968o8ubc43inhg6uxg,2026-10-06
Avaí,Avaí,Avai FC,70.4289615988,1382,7pt8trpd4rbju1v568nuskdn8,2026-10-06
Skënderbeu Korçë,Skënderbeu,KS Skënderbeu Korçë,70.4235649685,1383,bd2cao9ydrq06v5uu7x4ytiqc,2026-10-06
Caen,Caen,Stade Malherbe Caen,70.4190445842,1384,2hzxt22wy9dxf7qxh08hjbuhg,2026-10-06
Defensores Belgrano VR,Def Belgrano,CAyS Defensores de Belgrano de Villa Ramallo,70.4178345104,1385,1q9caek968o8ubc43inhg6uxg,2026-10-06
Fram,Fram,Fram Reykjavík,70.4145241899,1386,eeeacj91qdk6pru5zwwobaiac,2026-10-06
Hoffenheim II,Hoffenheim II,TSG 1899 Hoffenheim II,70.4072219934,1387,58t4zseno2tp4253w3dm5i80k,2026-10-06
Ústí nad Labem,Ústí,FK Ústí nad Labem,70.4068742691,1388,6366wwpqz6bqwsprqq35h4hec,2026-10-06
Aluminij,Aluminij,NK Aluminij,70.396790239,1389,8pj9wygfe1cepoagkwe0x785w,2026-10-06
Al-Akhdar,Akhdar,Al-Akhdar,70.3898391837,1390,68kgxuk3dkg7p955ifkisgc9g,2026-10-06
Port Vale,Port Vale,Port Vale FC,70.3832288786,1391,7kjvvls20hnhjguys4t73yjh0,2026-10-06
Yokohama,Yokohama,Yokohama FC,70.3738109826,1392,4zxaepel6gk1jzqf5di3m6iok,2026-10-06
Asyut Petrol,Asyut Petrol,Asyut Petroleum,70.372102733,1393,5q5bvm7r1fjy0h427jh93a9lg,2026-10-06
Naft,Naft,Al Naft Sport Club,70.3716017242,1394,1ua3sfkjt1blxmm5vtgqwavis,2026-10-06
USFA,USFA,US des Forces Armées,70.355240033,1395,56y5sheadf58560v7uwkil9n8,2026-10-06
Vllaznia Shkodër,Vllaznia,KS Vllaznia Shkodër,70.3362850138,1396,bd2cao9ydrq06v5uu7x4ytiqc,2026-10-06
Mladost Lučani,Mladost Lučani,FK Mladost Lučani,70.3338508581,1397,akqbhzm3iofv030i63sb5js44,2026-10-06
UTC Cajamarca,UTC,Club Universidad Técnica de Cajamarca,70.3333362077,1398,7z7bio16q91wdq4kywi8wlmok,2026-10-06
Siwelele,Siwelele,Siwelele FC,70.3147264396,1399,3wl91cn4c74oeacldjjpw800k,2026-10-06
Trujillanos,Trujillanos,Trujillanos FC,70.3142105927,1400,55wby45j07iiofu0nuiy08xzo,2026-10-06
NEC,NEC,NEC FC,70.3029055314,1401,d43v3lpfbbegmsubl20bdpct0,2026-10-06
İmişli,İmişli,İmişli FK,70.3022065699,1402,cjfv1fu1qsr0jyk785saolgd0,2026-10-06
Sochi,Sochi,PFK Sochi,70.3004678585,1403,ewtzgv48te3m77r86sxunl3x0,2026-10-06
Montego Bay United,Montego Bay,Montego Bay United FC,70.2954834434,1404,3b44u42lrrjhxh5ket3d32z9w,2026-10-06
Bangkok United,Bangkok Utd,True Bangkok United FC,70.2833991983,1405,2y9xq2tx9nthjl37uqgtoc2z8,2026-10-06
San-Pédro,San-Pédro,San-Pédro FC,70.2745643614,1406,2x67tvk4kdanna2zej4ui0bv8,2026-10-06
Aduana,Aduana,Aduana FC,70.2719539727,1407,9jwcn4214a2l2atxhtwj6zxg4,2026-10-06
Fajr Sepasi,Fajr,Basij Moghavemat Shahid Sepasi Fars FC,70.2717984007,1408,1p2kviatzyprl6bv4j6zs9ams,2026-10-06
Shelbourne,Shelbourne,Shelbourne FC,70.2670843134,1409,6zkfyunc0lfteytfj6slonuhg,2026-10-06
Miedź Legnica,Miedź,MKS Miedź Legnica,70.2656933205,1410,9bj99ztou2rexljon6vvrssgk,2026-10-06
Louisville City,Louisville,Louisville City FC,70.2640101493,1411,cbkjk31sv9wm38ljg3vxhtus4,2026-10-06
Concarneau,Concarneau,US Concarneau,70.2458715688,1412,2hzxt22wy9dxf7qxh08hjbuhg,2026-10-06
Poblense,Poblense,UD Poblense,70.2357867441,1413,3jk4gnb5m4ov0fm9ssmgg4c2c,2026-10-06
Nafta,Nafta,NK Nafta 1903 Lendava,70.2187467546,1414,8pj9wygfe1cepoagkwe0x785w,2026-10-06
Forge,Forge,Forge FC,70.2153247607,1415,bmqmrylzzfggzr15yas9dev4k,2026-10-06
Cibalia,Cibalia,HNK Cibalia Vinkovci,70.2086617958,1416,cuux8wgnrxz78zen0blqr5q1g,2026-10-06
Colombe,Colombe,Colombe Sportive du Dja et Lobo,70.2044898864,1417,cqmw3la51kme1j36rsfej2p04,2026-10-06
Dynamos,Dynamos,Dynamos FC,70.2020578595,1418,8ea4fh0n7w704hsj43vlxw4yc,2026-10-06
Slavia Sofia,Slavia Sofia,PFK Slavia 1913 Sofia,70.2013588634,1419,3rbiru554kufnw6hrtsv0us5w,2026-10-06
Estepona,Estepona,CD Estepona FS,70.1884917286,1420,3jk4gnb5m4ov0fm9ssmgg4c2c,2026-10-06
Port City,Port City,Port City FC,70.1815376784,1421,9jwcn4214a2l2atxhtwj6zxg4,2026-10-06
SJK,SJK,Seinäjoen Jalkapallokerho,70.1624094493,1422,32gy6t29t9240sgu7l11j9nh0,2026-10-06
Veres Rivne,Veres Rivne,NK Veres Rivne,70.157888487,1423,5vqx2miccjg04lp2pqs1hbmc,2026-10-06
Hallescher FC,Hallescher FC,Hallescher FC,70.1471076902,1424,cp9ieu0l4mgyazd7866sx8pw4,2026-10-06
Melipilla,Melipilla,CD Melipilla,70.1389420681,1425,1vt857quawnm0trdnurecgydw,2026-10-06
Kheybar Khorramabad,Kheybar,Kheybar Khorramabad,70.1351291342,1426,1p2kviatzyprl6bv4j6zs9ams,2026-10-06
UPNFM,UPNFM,Lobos de la Universidad Pedagógica Nacional Francisco Morazán,70.1339503029,1427,bifv7w5gplrvhfvyqle3jf504,2026-10-06
HB,HB,HB Tórshavn,70.1338924421,1428,9cmufoxqnsf2h6xwos1z1j6s4,2026-10-06
Ikorodu City,Ikorodu City,Ikorodu City FC,70.1309398658,1429,bblld98re54ohfsni235m1gyc,2026-10-06
Malacateco,Malacateco,CD Malacateco-Coatepeque,70.1290792198,1430,8hlpnvuhsi69veuw84gyggr9w,2026-10-06
Drochtersen / Assel,Drochtersen,SV Drochtersen / Assel,70.126937014,1431,cp9ieu0l4mgyazd7866sx8pw4,2026-10-06
Haras El Hodood,Haras,Haras El Hodood SC,70.1245038002,1432,c8yhc9482s3xm3dplmzcg8wes,2026-10-06
Epitsentr,Epitsentr,FK Epitsentr Kamianets-Podilskyi,70.1158082795,1433,5vqx2miccjg04lp2pqs1hbmc,2026-10-06
VPS,VPS,Vaasan Palloseura,70.1133738608,1434,32gy6t29t9240sgu7l11j9nh0,2026-10-06
Seoul E-Land,Seoul E-Land,Seoul E-Land FC,70.1133446477,1435,aqzfod554aa202i8pjkt4ou1g,2026-10-06
BG Pathum United,BGPU,BG Pathum United FC,70.0987380738,1436,2y9xq2tx9nthjl37uqgtoc2z8,2026-10-06
Charleston Battery,Charleston,Charleston Battery,70.0939539818,1437,cbkjk31sv9wm38ljg3vxhtus4,2026-10-06
Velež,Velež,FK Velež Mostar,70.091463961,1438,4c48j9oq3d0aje3ojkb3mbp5g,2026-10-06
Sevilla II,Sevilla II,Sevilla Atlético,70.0897250699,1439,3jk4gnb5m4ov0fm9ssmgg4c2c,2026-10-06
UD Ourense,UD Ourense,UD Ourense,70.0761616689,1440,c1yslf7aazs430di8dpm8yvx0,2026-10-06
Kahraba Ismailia,Kahraba,Kahraba Ismailia SC,70.0625993692,1441,c8yhc9482s3xm3dplmzcg8wes,2026-10-06
Curicó Unido,Curicó Unido,CD Provincial Curicó Unido,70.0506065847,1442,3mlz1os528syxdg3qpkz4ljis,2026-10-06
Mictlán,Mictlán,CD Mictlán,70.0442211728,1443,9krteg77umv3opxgpwp51d6ac,2026-10-06
Wehen Wiesbaden,Wiesbaden,SV Wehen 1926 Wiesbaden,70.0389487968,1444,58t4zseno2tp4253w3dm5i80k,2026-10-06
Vejle,Vejle,Vejle BK,70.0288629478,1445,2mb332vncy4450vu14paj8844,2026-10-06
Lokomotiv Sofia 1929,Lokomotiv Sf,FK Lokomotiv Sofia 1929,70.0177336772,1446,3rbiru554kufnw6hrtsv0us5w,2026-10-06
Dreams,Dreams,Dreams FC,70.0100834601,1447,9jwcn4214a2l2atxhtwj6zxg4,2026-10-06
Karviná,Karviná,MFK Karviná,70.0090388922,1448,6366wwpqz6bqwsprqq35h4hec,2026-10-06
Costa Brava,Costa Brava,CA Costa Brava,70.0067851978,1449,1q9caek968o8ubc43inhg6uxg,2026-10-06
Orléans,Orléans,US Orléans Loiret Football,70.0048653821,1450,2hzxt22wy9dxf7qxh08hjbuhg,2026-10-06
Ponce,Ponce,Ponce FC,69.983186079,1451,9ij31b9nteu7u821uzpr04k4,2026-10-06
Larne,Larne,Larne FC,69.9780851556,1452,8ahwg697cwemg7ctdnexwqivo,2026-10-06
Ashdod,Ashdod,FC Ashdod,69.9742593801,1453,1mqfttramp7l8dfkpwk7w6wic,2026-10-06
Ruch Chorzów,Ruch,KS Ruch Chorzów,69.9732159855,1454,9bj99ztou2rexljon6vvrssgk,2026-10-06
Abha,Abha,Abha FC,69.9650622059,1455,4vs6oaojacz5bwo1320rkk844,2026-10-06
Tikvesh,Tikvesh,FK Tikvesh 1930,69.9575650029,1456,bdisf9hz6nqbfmztljccr2978,2026-10-06
Bursaspor,Bursaspor,Bursaspor Kulübü,69.9544347919,1457,9vlcn0hdb4ufq9s8e7kjnfn6c,2026-10-06
Persija,Persija,Persatuan Sepak Bola Indonesia Jakarta,69.9450149146,1458,2t0yn5r2hq16whtb16f4i7nro,2026-10-06
Al Faisaly,Faisaly,Al Faisaly FC,69.9448897249,1459,4vs6oaojacz5bwo1320rkk844,2026-10-06
Sanluqueño,Sanluqueño,Atlético Sanluqueño CF,69.9408704886,1460,3jk4gnb5m4ov0fm9ssmgg4c2c,2026-10-06
Bastia,Bastia,SC Bastia,69.9269582885,1461,2hzxt22wy9dxf7qxh08hjbuhg,2026-10-06
Olot,Olot,UE Olot,69.9248714503,1462,3jk4gnb5m4ov0fm9ssmgg4c2c,2026-10-06
Ranheim,Ranheim,Ranheim Fotball,69.9234802236,1463,1b7iiw2jok0qp6s65rmh05a1g,2026-10-06
TS Galaxy,Galaxy,TS Galaxy FC,69.9224379948,1464,3wl91cn4c74oeacldjjpw800k,2026-10-06
Ratchaburi,Ratchaburi,Ratchaburi FC,69.9210163588,1465,2y9xq2tx9nthjl37uqgtoc2z8,2026-10-06
NAC Breda,NAC,NAC Breda,69.9175674996,1466,7bdyxkrzt42tv7377rpz5nqc4,2026-10-06
Hafia,Hafia,Hafia FC,69.9147885134,1467,1odzlx97lfuimst69uxvbn310,2026-10-06
Zob Ahan,Zob Ahan,Zob Ahan FC,69.9097613058,1468,1p2kviatzyprl6bv4j6zs9ams,2026-10-06
Bukovyna,Bukovyna,FK Bukovyna Chernivtsi,69.9085244766,1469,5vqx2miccjg04lp2pqs1hbmc,2026-10-06
Nejmeh,Nejmeh,Nejmeh SC,69.9028073974,1470,9lv9rln2qwsqme0g8t366uiac,2026-10-06
ZESCO United,ZESCO,ZESCO United FC,69.902441282,1471,3yqrgsjxdtodaoynaqjdtzuhg,2026-10-06
Rot-Weiß Oberhausen,RW Oberhausen,SC Rot-Weiß Oberhausen 1904,69.8977423581,1472,cp9ieu0l4mgyazd7866sx8pw4,2026-10-06
Phönix Lübeck,Phönix Lübeck,1. FC Phönix Lübeck,69.8925251835,1473,cp9ieu0l4mgyazd7866sx8pw4,2026-10-06
Liège,Liège,RFC de Liege,69.8806995379,1474,83p55gs5rtqe8vjqg5t6me39w,2026-10-06
Rotor Volgograd,Rotor,FK Rotor Volgograd,69.8720041664,1475,ewtzgv48te3m77r86sxunl3x0,2026-10-06
First Vienna,First Vienna,First Vienna FC 1894,69.8577436763,1476,bbsieeq7vmacbhd5d5hvgu978,2026-10-06
Zakho,Zakho,Zakho SC,69.8509829966,1477,1ua3sfkjt1blxmm5vtgqwavis,2026-10-06
MO Béjaïa,MO Béjaïa,MO Béjaïa,69.8480059393,1478,flxkeved0q9tmclqafcpql1w,2026-10-06
Spartak Kostroma,Spartak Ks,FK Spartak Kostroma,69.846961288,1479,ewtzgv48te3m77r86sxunl3x0,2026-10-06
Torpedo BelAZ,Torpedo BelAZ,FK Torpedo-BelAZ Zhodino,69.845917828,1480,2tml5a5shxx16bkg25p0hh8gk,2026-10-06
Francs Borains,Francs Borains,Royal Francs Borains,69.8427874449,1481,83p55gs5rtqe8vjqg5t6me39w,2026-10-06
Varberg,Varberg,Varbergs BoIS FC,69.8253963395,1482,e45p1bhnnox3kdgzamrx63r4k,2026-10-06
Chrobry Głogów,Chrobry,MZKS Chrobry Głogów,69.8222659247,1483,9bj99ztou2rexljon6vvrssgk,2026-10-06
Real Oviedo II,Oviedo II,Real Oviedo Vetusta,69.8111355217,1484,3jk4gnb5m4ov0fm9ssmgg4c2c,2026-10-06
San Antonio,San Antonio,San Antonio FC,69.8026207223,1485,2tnmtnib22zkesr45sr0p8xsk,2026-10-06
Xerez,Xerez,Xerez CD,69.8003528856,1486,3jk4gnb5m4ov0fm9ssmgg4c2c,2026-10-06
Real Valladolid II,Valladolid II,Real Valladolid CF Promesas,69.7982659172,1487,3jk4gnb5m4ov0fm9ssmgg4c2c,2026-10-06
Omiya Ardija,Omiya,RB Omiya Ardija,69.7968453861,1488,4zxaepel6gk1jzqf5di3m6iok,2026-10-06
Cavalier,Cavalier,Cavalier FC,69.7866715078,1489,3b44u42lrrjhxh5ket3d32z9w,2026-10-06
Al Hilal,Hilal,Al Hilal SC,69.7815735705,1490,68kgxuk3dkg7p955ifkisgc9g,2026-10-06
Macarthur,Macarthur,Macarthur FC,69.7811930432,1491,1ztoqmkrzy1d4ejf5jokthiqc,2026-10-06
Pérez Zeledón,Pérez Zeledón,Municipal de Pérez Zeledón,69.7757125391,1492,dys50za4ylhqy94bj8zhmyx3o,2026-10-06
Bristol Rovers,Bristol R,Bristol Rovers FC,69.7718307974,1493,7kjvvls20hnhjguys4t73yjh0,2026-10-06
Nîmes,Nîmes,Nîmes Olympique,69.7676046246,1494,4puti0g0aurz6lctqhbonl2c4,2026-10-06
Würzburger Kickers,Würzburg,FC Würzburger Kickers,69.7603522828,1495,58t4zseno2tp4253w3dm5i80k,2026-10-06
AGMK,AGMK,FK AGMK,69.7525454838,1496,30hnhs47crryfhtm1523ygzkk,2026-10-06
Egersund,Egersund,Egersunds IK,69.7408734424,1497,1b7iiw2jok0qp6s65rmh05a1g,2026-10-06
Fortuna Köln,Fortuna Köln,SC Fortuna Köln,69.7290469122,1498,58t4zseno2tp4253w3dm5i80k,2026-10-06
Meppen,Meppen,SV Meppen 1912,69.7196552067,1499,58t4zseno2tp4253w3dm5i80k,2026-10-06
Comerciantes,Comerciantes,AD Comerciantes FC,69.7153141369,1500,4wjv3pabgbhm9is93zhe6zf9w,2026-10-06
Deportivo Rincón,Rincón,CD Rincón de Los Sauces,69.7100964927,1501,1q9caek968o8ubc43inhg6uxg,2026-10-06
Durango,Durango,CF Alacranes de Durango,69.7034665181,1502,3cxwni2dq94c7yt90g8m7rs44,2026-10-06
Valletta,Valletta,Valletta FC,69.7029587336,1503,3jedmdrdnamejeki9uh7jrs44,2026-10-06
Espanyol II,Espanyol II,Reial Club Deportiu Espanyol II,69.7019151995,1504,3jk4gnb5m4ov0fm9ssmgg4c2c,2026-10-06
Thể Công – Viettel,Viettel,Thể Công – Viettel FC,69.693537688,1505,cld1l7cgrsr3bij22f2ytqiok,2026-10-06
Árabe Unido,Árabe,CD Árabe Unido,69.6863177099,1506,dxqxpijuyxkzzosa7wdmhzd3o,2026-10-06
AFAD,AFAD,Académie de Football Amadou Diallo de Djékanou,69.6746126768,1507,2x67tvk4kdanna2zej4ui0bv8,2026-10-06
Deportes Santa Cruz,Santa Cruz,CD Santa Cruz,69.6676591535,1508,3mlz1os528syxdg3qpkz4ljis,2026-10-06
Gwangju,Gwangju,Gwangju FC,69.6618834324,1509,aclvhp7yp4w85gpqw5yyt1xqs,2026-10-06
Spezia,Spezia,Spezia Calcio,69.6605212447,1510,5sw6ud25poqqgzszu5yk6p0r8,2026-10-06
VfB Oldenburg,VfB Oldenburg,VfB Oldenburg 1897,69.6553034592,1511,cp9ieu0l4mgyazd7866sx8pw4,2026-10-06
Walsall,Walsall,Walsall FC,69.6521727814,1512,7kjvvls20hnhjguys4t73yjh0,2026-10-06
Borneo,Borneo,Borneo FC Samarinda,69.6483171712,1513,2t0yn5r2hq16whtb16f4i7nro,2026-10-06
Carl Zeiss Jena,Jena,FC Carl Zeiss Jena,69.6455635569,1514,cp9ieu0l4mgyazd7866sx8pw4,2026-10-06
Tampa Bay Rowdies,Tampa Bay,Tampa Bay Rowdies,69.6431841622,1515,cbkjk31sv9wm38ljg3vxhtus4,2026-10-06
Asante Kotoko,Asante Kotoko,Asante Kotoko FC,69.642434056,1516,9jwcn4214a2l2atxhtwj6zxg4,2026-10-06
Aurora,Aurora,Aurora FC,69.6410970317,1517,8hlpnvuhsi69veuw84gyggr9w,2026-10-06
Jaraaf,Jaraaf,ASC les Jaraaf de Dakar,69.6401752837,1518,1bt3oe8dwu7lmuy50kex4bkt0,2026-10-06
Dinamo Batumi,Dinamo Batumi,FC Dinamo Batumi,69.6379107436,1519,dmtc6z8cwdmdocaz02qc5p0yc,2026-10-06
Singida Black Stars,Black Stars,Singida Black Stars SC,69.6314788812,1520,c5wdltkcr7ti6feuv6ej6kavo,2026-10-06
Génération Foot,Génération Ft.,AS Académie Génération Foot,69.6227824379,1521,1bt3oe8dwu7lmuy50kex4bkt0,2026-10-06
Plateau United,Plateau Utd,Plateau United FC,69.6172166957,1522,bblld98re54ohfsni235m1gyc,2026-10-06
Londrina,Londrina,Londrina EC,69.6147851572,1523,7pt8trpd4rbju1v568nuskdn8,2026-10-06
Esenler Erokspor,Erokspor,Esenler Erokspor Kulübü,69.6027770017,1524,9vlcn0hdb4ufq9s8e7kjnfn6c,2026-10-06
Estrella Roja,Estrella Roja,Estrella Roja de Araulí,69.5882246273,1525,bifv7w5gplrvhfvyqle3jf504,2026-10-06
Sportivo Belgrano,Belgrano,CS Belgrano de San Francisco,69.5664320683,1526,1q9caek968o8ubc43inhg6uxg,2026-10-06
Chemnitzer FC,Chemnitz,Chemnitzer FC,69.5648597038,1527,cp9ieu0l4mgyazd7866sx8pw4,2026-10-06
Arka Gdynia,Arka,MZKS Arka Gdynia,69.5554672356,1528,9bj99ztou2rexljon6vvrssgk,2026-10-06
Bodrum,Bodrum,Bodrum FK,69.5467704668,1529,9vlcn0hdb4ufq9s8e7kjnfn6c,2026-10-06
Isidro Metapán,Isidro,AD Isidro Metapán,69.5459586654,1530,30t9l739hkqomjqhti9lxg5qs,2026-10-06
Marbella,Marbella,Marbella FC,69.5398130248,1531,3jk4gnb5m4ov0fm9ssmgg4c2c,2026-10-06
Etoile du Sahel,ES Sahel,Étoile Sportive du Sahel,69.5279865105,1532,2cdwuc8jbyg41icy3ah21d2c4,2026-10-06
Masar,Masar,FC Masar,69.5175502414,1533,c8yhc9482s3xm3dplmzcg8wes,2026-10-06
RKC Waalwijk,RKC,RKC Waalwijk,69.5050254552,1534,7bdyxkrzt42tv7377rpz5nqc4,2026-10-06
Csikszereda,Csikszereda,AFK Csikszereda Miercurea Ciuc,69.5050254552,1535,zbhxyecp7s7s2dqg00ojrbis,2026-10-06
AS Douanes,Douanes,AS Douanes,69.4980690613,1536,dp0cjg7hm16o0ay8b1amdexhw,2026-10-06
Excelsior Virton,Virton,Royal Excelsior Virton,69.4942411868,1537,83p55gs5rtqe8vjqg5t6me39w,2026-10-06
Torpedo Kutaisi,Kutaisi,FC Torpedo Kutaisi,69.4893708532,1538,dmtc6z8cwdmdocaz02qc5p0yc,2026-10-06
Heart of Lions,Lions,Heart of Lions FC,69.484849582,1539,9jwcn4214a2l2atxhtwj6zxg4,2026-10-06
Kecskemét,Kecskemét,Kecskeméti TE,69.4740640137,1540,cnv4lxtlbn15zo28rnoqs4kr8,2026-10-06
St. Pölten,St. Pölten,spusu SKN St. Pölten,69.466062665,1541,bbsieeq7vmacbhd5d5hvgu978,2026-10-06
Sumqayıt,Sumqayıt,FK Sumqayıt,69.4604964907,1542,cjfv1fu1qsr0jyk785saolgd0,2026-10-06
Safa,Safa,FK Safa,69.4552781883,1543,cjfv1fu1qsr0jyk785saolgd0,2026-10-06
Atlético Independiente,Independiente,Atlético Independiente Siguatepeque,69.4518571928,1544,bifv7w5gplrvhfvyqle3jf504,2026-10-06
Rangers,Rangers,CSD Rangers,69.4450224454,1545,3mlz1os528syxdg3qpkz4ljis,2026-10-06
Girona II,Girona II,Girona FC II,69.4413626493,1546,3jk4gnb5m4ov0fm9ssmgg4c2c,2026-10-06
Sportivo Las Parejas,Las Parejas,Sportivo Atlético Club Las Parejas,69.4384125426,1547,1q9caek968o8ubc43inhg6uxg,2026-10-06
Aigles du Congo,Aigles,FC Les Aigles du Congo,69.4222321051,1548,ehmma83pqd17k7x6if20hmrkk,2026-10-06
Western Sydney Wanderers,Wanderers,Western Sydney Wanderers FC,69.4061962623,1549,1ztoqmkrzy1d4ejf5jokthiqc,2026-10-06
Zarzis,ESZ,ES Zarzis,69.4034435098,1550,2cdwuc8jbyg41icy3ah21d2c4,2026-10-06
Prachuap,Prachuap,PT Prachuap FC,69.4034130944,1551,2y9xq2tx9nthjl37uqgtoc2z8,2026-10-06
Gimnástica Segoviana,Segoviana,Gimnástica Segoviana CF,69.3996154556,1552,3jk4gnb5m4ov0fm9ssmgg4c2c,2026-10-06
Sacramento Republic,Sacramento,Sacramento Republic FC,69.3805366314,1553,cbkjk31sv9wm38ljg3vxhtus4,2026-10-06
Kano Pillars,Kano Pillars,Kano Pillars FC,69.3622196722,1554,bblld98re54ohfsni235m1gyc,2026-10-06
Hvidovre,Hvidovre,Hvidovre IF,69.3564757798,1555,2mb332vncy4450vu14paj8844,2026-10-06
Táborsko,Táborsko,FK SILON Táborsko,69.3540404479,1556,6366wwpqz6bqwsprqq35h4hec,2026-10-06
Nassaji Mazandaran,Nassaji,Nassaji Mazandaran,69.3528422831,1557,1p2kviatzyprl6bv4j6zs9ams,2026-10-06
Desportivo Huíla,Huíla,Clube Desportivo da Huíla,69.3523044024,1558,ofi6heevfqlhgto3devky0b8,2026-10-06
Gorée,Gorée,Union Sportive Goréenne,69.3302123099,1559,1bt3oe8dwu7lmuy50kex4bkt0,2026-10-06
Bibiani Gold Stars,Bibiani,Bibiani Gold Stars FC,69.3022031633,1560,9jwcn4214a2l2atxhtwj6zxg4,2026-10-06
Wellington Phoenix,Wellington,Wellington Phoenix FC,69.3021727464,1561,1ztoqmkrzy1d4ejf5jokthiqc,2026-10-06
Minsk,Minsk,FK Minsk,69.275412436,1562,2tml5a5shxx16bkg25p0hh8gk,2026-10-06
Vision,Vision,Vision FC,69.2740219543,1563,9jwcn4214a2l2atxhtwj6zxg4,2026-10-06
Feronikeli,Feronikeli,KF Feronikeli,69.272979293,1564,cex4ulecg78atcdvr7zz1dqtw,2026-10-06
Anzoátegui,Anzoátegui,Anzoátegui FC,69.272810005,1565,55wby45j07iiofu0nuiy08xzo,2026-10-06
Al Karama,Karama,Al Karama SC,69.2684758485,1566,epf0rlgn33w37t43qiocvx4wk,2026-10-06
APR,APR,Armée Patriotique Rwandaise FC,69.266891899,1567,193l1zv2eyi82heh2jblkwqhg,2026-10-06
Crewe Alexandra,Crewe,Crewe Alexandra FC,69.2649748582,1568,7kjvvls20hnhjguys4t73yjh0,2026-10-06
Linares Deportivo,Linares,Linares Deportivo,69.2625394156,1569,3jk4gnb5m4ov0fm9ssmgg4c2c,2026-10-06
Waterhouse,Waterhouse,Waterhouse FC,69.2613795788,1570,3b44u42lrrjhxh5ket3d32z9w,2026-10-06
Getafe II,Getafe II,Getafe CF II,69.2587122855,1571,3jk4gnb5m4ov0fm9ssmgg4c2c,2026-10-06
Atlético Pantoja,CA Pantoja,Club Atlético Pantoja,69.254073229,1572,6tlslyufw6rjrjgemsur1xo9g,2026-10-06
Al Arabi,Arabi,Al Arabi SC,69.2324635629,1573,b0n3k3rsxrgrfimue4kkxqmms,2026-10-06
Breidablik,Breidablik,Breidablik UBK,69.2267032757,1574,eeeacj91qdk6pru5zwwobaiac,2026-10-06
Livyi Bereh,Livyi Bereh,FK Livyi Bereh,69.2267032757,1575,5vqx2miccjg04lp2pqs1hbmc,2026-10-06
Lion City Sailors,Lion City,Lion City Sailors FC,69.2193698609,1576,bi1hu93fyvmbyjjip2y05s3kk,2026-10-06
Deportivo Cuenca Juniors,CD Cuenca Jrs,CD Cuenca Juniors,69.2192297943,1577,2tnmtnib22zkesr45sr0p8xsk,2026-10-06
Arnett Gardens,Gardens,Arnett Gardens FC,69.2081469934,1578,3b44u42lrrjhxh5ket3d32z9w,2026-10-06
Dukla Praha,Dukla,FK Dukla Praha,69.2079151411,1579,6366wwpqz6bqwsprqq35h4hec,2026-10-06
Admira Wacker,Admira,FC Admira Wacker Mödling,69.1964334168,1580,bbsieeq7vmacbhd5d5hvgu978,2026-10-06
Lyn,Lyn,FC Lyn Oslo,69.1863433624,1581,1b7iiw2jok0qp6s65rmh05a1g,2026-10-06
Boca Unidos,Boca Unidos,CA Boca Unidos,69.1826970131,1582,1q9caek968o8ubc43inhg6uxg,2026-10-06
Gernika,Gernika,SD Gernika Club,69.1821681527,1583,3jk4gnb5m4ov0fm9ssmgg4c2c,2026-10-06
Plaza Colonia,Plaza Colonia,Club Plaza Colonia de Deportes,69.1820011441,1584,6oy1dcqjggeoyx76gstf8zkes,2026-10-06
Covadonga,Covadonga,CD Covadonga,69.1766011929,1585,1h4ygpz4oamwj3kksmzc15ams,2026-10-06
Landskrona,Landskrona,Landskrona BoIS,69.1752094505,1586,e45p1bhnnox3kdgzamrx63r4k,2026-10-06
Marsaxlokk,Marsaxlokk,Marsaxlokk FC,69.1724259628,1587,3jedmdrdnamejeki9uh7jrs44,2026-10-06
Barbastro,Barbastro,UD Barbastro,69.171382154,1588,3jk4gnb5m4ov0fm9ssmgg4c2c,2026-10-06
Vitebsk,Vitebsk,FK Vitebsk,69.1658151642,1589,2tml5a5shxx16bkg25p0hh8gk,2026-10-06
Doma United,Doma United,Doma United FC,69.164252925,1590,bblld98re54ohfsni235m1gyc,2026-10-06
Navalcarnero,Navalcarnero,CD Artístico Navalcarnero,69.1553770169,1591,3jk4gnb5m4ov0fm9ssmgg4c2c,2026-10-06
ÍA,ÍA,ÍA Akranes,69.1532893809,1592,eeeacj91qdk6pru5zwwobaiac,2026-10-06
Al Wahda,Wahda,Al Wahda SC,69.1515714755,1593,epf0rlgn33w37t43qiocvx4wk,2026-10-06
Floridsdorfer AC,FAC Wien,Floridsdorfer AC Wien,69.145634697,1594,bbsieeq7vmacbhd5d5hvgu978,2026-10-06
Yeclano,Yeclano,Yeclano Deportivo,69.1445908742,1595,3jk4gnb5m4ov0fm9ssmgg4c2c,2026-10-06
Spartak Varna,Spartak Varna,FK Spartak 1918 Varna,69.1414594025,1596,3rbiru554kufnw6hrtsv0us5w,2026-10-06
Carlos Mannucci,Mannucci,CSD Carlos A. Mannucci,69.1399006237,1597,4wjv3pabgbhm9is93zhe6zf9w,2026-10-06
Juventud Unida Univ.,Juventud UU,CA Juventud Unida Universitario,69.1325938319,1598,1q9caek968o8ubc43inhg6uxg,2026-10-06
Brinje Grosuplje,Brinje,NK Brinje Grosuplje,69.1324129014,1599,8pj9wygfe1cepoagkwe0x785w,2026-10-06
Jenis,Jenis,FK Jenis Astana,69.1237143042,1600,5dlquxczyamt372efk9kgws2c,2026-10-06
Al Shabab,Shabab,Al Shabab Club,69.1197324413,1601,cbdqxkajw3jvb9nqzpbraim1g,2026-10-06
Colchester United,Colchester,Colchester United FC,69.1157115615,1602,7kjvvls20hnhjguys4t73yjh0,2026-10-06
Sileks,Sileks,FK Sileks,69.1153636154,1603,bdisf9hz6nqbfmztljccr2978,2026-10-06
Platense,Platense,CD Platense,69.1098543603,1604,bifv7w5gplrvhfvyqle3jf504,2026-10-06
Inter Santa Tecla,Inter,Internacional Santa Tecla,69.1079406506,1605,30t9l739hkqomjqhti9lxg5qs,2026-10-06
Salamanca UDS,Salamanca UDS,Salamanca CF UDS,69.0997059802,1606,3jk4gnb5m4ov0fm9ssmgg4c2c,2026-10-06
TransINVEST Vilnius,TransINVEST,FK TransINVEST Vilnius,69.0990100824,1607,4hzcbeghy116szh7rtk757xg4,2026-10-06
Al Nasr,Nasr,Al Nasr SCSC,69.0967679177,1608,cbdqxkajw3jvb9nqzpbraim1g,2026-10-06
Bentín Tacna Heroica,Tacna Heroica,CD Bentín Tacna Heroica,69.0793578305,1609,4wjv3pabgbhm9is93zhe6zf9w,2026-10-06
San Francisco,San Francisco,San Francisco FC,69.0726213933,1610,dxqxpijuyxkzzosa7wdmhzd3o,2026-10-06
Shinnik,Shinnik,FK Shinnik Yaroslavl,69.0509925549,1611,ewtzgv48te3m77r86sxunl3x0,2026-10-06
Municipal Limeño,Limeño,CD Municipal Limeño,69.0501805534,1612,30t9l739hkqomjqhti9lxg5qs,2026-10-06
Sporting Lagos,Sport Lagos,Sporting Lagos FC,69.0480383956,1613,bblld98re54ohfsni235m1gyc,2026-10-06
Independiente FBC,Independiente,Independiente FBC (Campo Grande),69.039690871,1614,8vh8k7j5o8k9gynwf0ntfr578,2026-10-06
Sonnenhof Großaspach,Großaspach,SG Sonnenhof Großaspach,69.0384660542,1615,58t4zseno2tp4253w3dm5i80k,2026-10-06
Široki Brijeg,Široki Brijeg,NK Široki Brijeg,69.0311588926,1616,4c48j9oq3d0aje3ojkb3mbp5g,2026-10-06
Mačva Šabac,Mačva,FK Mačva Šabac,69.0266353982,1617,akqbhzm3iofv030i63sb5js44,2026-10-06
Richards Bay,Richards Bay,Richards Bay FC,69.0217651236,1618,3wl91cn4c74oeacldjjpw800k,2026-10-06
Tlaxcala,Tlaxcala,Tlaxcala FC,69.0191402249,1619,3cxwni2dq94c7yt90g8m7rs44,2026-10-06
Shooting Stars,Shooting Stars,Shooting Stars FC (3SC),69.0135902791,1620,bblld98re54ohfsni235m1gyc,2026-10-06
Union Brescia,Union Brescia,Union Brescia Srl,69.0130648538,1621,5sw6ud25poqqgzszu5yk6p0r8,2026-10-06
Stjarnan,Stjarnan,UMF Stjarnan,69.0092372477,1622,eeeacj91qdk6pru5zwwobaiac,2026-10-06
Puszcza Niepołomice,Puszcza,MKS Puszcza Niepołomice,69.0019299794,1623,9bj99ztou2rexljon6vvrssgk,2026-10-06
Valur,Valur,Valur Reykjavík,69.0001901497,1624,eeeacj91qdk6pru5zwwobaiac,2026-10-06
Antalyaspor,Antalyaspor,Antalyaspor Kulübü,68.9897511397,1625,9vlcn0hdb4ufq9s8e7kjnfn6c,2026-10-06
Kruger United,Kruger,Kruger United FC,68.9709619767,1626,3wl91cn4c74oeacldjjpw800k,2026-10-06
San Martín Mendoza,SM Mendoza,Atlético Club San Martín de Mendoza,68.9659221554,1627,1q9caek968o8ubc43inhg6uxg,2026-10-06
Al Ula,Ula,Al Ula FC,68.9520157714,1628,3lxygsgllro9oeey1m5ndpct0,2026-10-06
Jicaral,Jicaral,Asociación Deportiva y Recreativa Jicaral Sercoba,68.9327391966,1629,7yzd2ff4zj9i1m1mowvd9uot0,2026-10-06
Remo Stars,Remo Stars,Remo Stars FC,68.9259014892,1630,6vwpcpdx5wlm8574ra5xaj09g,2026-10-06
Sarmiento de La Banda,Sar La Banda,CA Sarmiento de La Banda,68.9227731554,1631,1q9caek968o8ubc43inhg6uxg,2026-10-06
AJEL,AJEL,AJEL de Rufisque,68.9210297771,1632,1bt3oe8dwu7lmuy50kex4bkt0,2026-10-06
Bravos do Maquis,Bravos,Bravos do Maquis FC,68.916680024,1633,ofi6heevfqlhgto3devky0b8,2026-10-06
Waterford,Waterford,Waterford FC,68.9152846213,1634,6zkfyunc0lfteytfj6slonuhg,2026-10-06
Bartolomé Mitre,Bartolomé Mit.,CA Bartolomé Mitre,68.9098978702,1635,1q9caek968o8ubc43inhg6uxg,2026-10-06
La Unión Atlético,Unión Atlético,FC La Unión Atlético,68.9072810454,1636,4zj8gir6lx8a3eu8nb5llz6s4,2026-10-06
Galway United,Galway Utd,Galway United FC,68.9051931507,1637,6zkfyunc0lfteytfj6slonuhg,2026-10-06
KCCA,KCCA,Kampala Capital City Authority FC,68.9034567167,1638,d43v3lpfbbegmsubl20bdpct0,2026-10-06
Bechem United,Bechem Utd,Bechem United FC,68.8985826624,1639,9jwcn4214a2l2atxhtwj6zxg4,2026-10-06
La Unión,La Unión,CD La Unión,68.896674518,1640,6f3mt0vs7zxlbfevjpbqur4lw,2026-10-06
Paykan,Paykan,Paykan FC,68.8862475146,1641,1p2kviatzyprl6bv4j6zs9ams,2026-10-06
Vlašim,Vlašim,FC Sellier & Bellot Vlašim,68.8843140844,1642,6366wwpqz6bqwsprqq35h4hec,2026-10-06
Shandong Taishan,Taishan,Shandong Taishan FC,68.8828929081,1643,e6818x4pwankpph8awr91m1hw,2026-10-06
Mondorf-les-Bains,Mondorf,US Mondorf-les-Bains,68.8811822057,1644,uza4dpaosr9j4jztif162p78,2026-10-06
Ninh Bình,Ninh Bình,CLB Ninh Bình,68.8748892024,1645,cld1l7cgrsr3bij22f2ytqiok,2026-10-06
Interclube,Interclube,GD Interclube,68.8742259374,1646,ofi6heevfqlhgto3devky0b8,2026-10-06
Dinamo Samarqand,Samarqand,PFK Dinamo Samarqand,68.8667602081,1647,30hnhs47crryfhtm1523ygzkk,2026-10-06
Unterhaching,Unterhaching,SpVgg Unterhaching,68.8648267591,1648,cp9ieu0l4mgyazd7866sx8pw4,2026-10-06
Nasarawa United,Nasarawa Utd,Nasarawa United FC,68.8632642849,1649,bblld98re54ohfsni235m1gyc,2026-10-06
Valenciennes,Valenciennes,Valenciennes FC,68.859954898,1650,2hzxt22wy9dxf7qxh08hjbuhg,2026-10-06
Stuttgart II,Stuttgart II,VfB Stuttgart 1893,68.8578669539,1651,58t4zseno2tp4253w3dm5i80k,2026-10-06
USFAS Bamako,USFAS,US des Forces Armées et de Sécurité de Bamako,68.8543905239,1652,2fvr17f4zzd5uci32usqi0ro4,2026-10-06
Oriental,Oriental,Club Oriental de Futbol,68.8507400883,1653,6oy1dcqjggeoyx76gstf8zkes,2026-10-06
Quevilly-Rouen Métropole,QRM,Quevilly-Rouen Métropole,68.8442952641,1654,2hzxt22wy9dxf7qxh08hjbuhg,2026-10-06
Pogoń Grodzisk Maz.,Pogoń GM,GKS Pogoń Grodzisk Mazowiecki,68.8404673349,1655,9bj99ztou2rexljon6vvrssgk,2026-10-06
Binga,Binga,Binga FC,68.8376868635,1656,2fvr17f4zzd5uci32usqi0ro4,2026-10-06
Slavia Mozyr,Slavia,FK Slavia-Mozyr,68.8362914038,1657,2tml5a5shxx16bkg25p0hh8gk,2026-10-06
Sporting Gijón II,Gijón II,Real Sporting de Gijón II,68.8355954145,1658,1h4ygpz4oamwj3kksmzc15ams,2026-10-06
St. John's,St. John's,St. John's SC,68.8173835071,1659,7e8iz4klq135f8mgvdy8z4kyc,2026-10-06
Oddevold,Oddevold,IK Oddevold,68.8133236266,1660,e45p1bhnnox3kdgzamrx63r4k,2026-10-06
Stade d'Abidjan,Stade Abidjan,Stade d'Abidjan,68.8075851209,1661,2x67tvk4kdanna2zej4ui0bv8,2026-10-06
Fafe,Fafe,AD Fafe,68.8032316409,1662,eoix5zq4par8gwml3bhkkyihg,2026-10-06
York City,York,York City FC,68.8014916382,1663,7kjvvls20hnhjguys4t73yjh0,2026-10-06
Badajoz,Badajoz,CD Badajoz,68.7990556318,1664,3jk4gnb5m4ov0fm9ssmgg4c2c,2026-10-06
Alianza,Alianza,Alianza FC Panama,68.7987632423,1665,dxqxpijuyxkzzosa7wdmhzd3o,2026-10-06
Deportivo Lara,Deportivo Lara,AC Lara,68.7954085768,1666,5l0o7aj8bf50pay409j5x0j6c,2026-10-06
Atlético CP,Atlético CP,Atlético Clube de Portugal,68.7941836103,1667,eoix5zq4par8gwml3bhkkyihg,2026-10-06
Coruxo,Coruxo,Coruxo FC,68.7868755556,1668,3jk4gnb5m4ov0fm9ssmgg4c2c,2026-10-06
Bandırmaspor,Bandırma,Bandırmaspor SK,68.7833955202,1669,9vlcn0hdb4ufq9s8e7kjnfn6c,2026-10-06
Sarıyer,Sarıyer,Sarıyer SK,68.7802634831,1670,9vlcn0hdb4ufq9s8e7kjnfn6c,2026-10-06
Daegu,Daegu,Daegu FC,68.7802342507,1671,aqzfod554aa202i8pjkt4ou1g,2026-10-06
Ravenna,Ravenna,Ravenna FC,68.7792194696,1672,5sw6ud25poqqgzszu5yk6p0r8,2026-10-06
Marino de Luanco,Marino Luanco,Club Marino de Luanco,68.7771314411,1673,3jk4gnb5m4ov0fm9ssmgg4c2c,2026-10-06
Tampines Rovers,Tampines,Tampines Rovers FC,68.7750164655,1674,bi1hu93fyvmbyjjip2y05s3kk,2026-10-06
Cieza,Cieza,CD Cieza,68.7670392723,1675,3jk4gnb5m4ov0fm9ssmgg4c2c,2026-10-06
Intercity,Intercity,CF Intercity Sant Joan d'Alacant,68.761819165,1676,3jk4gnb5m4ov0fm9ssmgg4c2c,2026-10-06
Borussia Dortmund II,Dortmund II,BV Borussia 09 Dortmund II,68.7517269187,1677,cp9ieu0l4mgyazd7866sx8pw4,2026-10-06
Bnei Sakhnin,Sakhnin,Ihoud Bnei Sakhnin FC,68.7506828903,1678,cbr00ay9uda1ju0ooqvb1ufbo,2026-10-06
Potenza,Potenza,SSD Potenza Calcio,68.7503348807,1679,5sw6ud25poqqgzszu5yk6p0r8,2026-10-06
Chippa United,Chippa Utd,Chippa United FC,68.7433758688,1680,3wl91cn4c74oeacldjjpw800k,2026-10-06
Iğdır,Iğdır,Iğdır FK,68.7433746763,1681,9vlcn0hdb4ufq9s8e7kjnfn6c,2026-10-06
Al Ramtha,Ramtha,Al Ramtha SC,68.7400880787,1682,espg5w80i6jk5f0n0b3buusk4,2026-10-06
Mes Shahr-e Babak,Mes Shahr-e B.,Mes Shahr-e Babak Kerman FC,68.7380000092,1683,1p2kviatzyprl6bv4j6zs9ams,2026-10-06
Ouakam,Ouakam,US Ouakam,68.7362439216,1684,1bt3oe8dwu7lmuy50kex4bkt0,2026-10-06
Rustavi,Rustavi,FC Rustavi,68.7357184233,1685,dmtc6z8cwdmdocaz02qc5p0yc,2026-10-06
Oulu,Oulu,AC Oulu,68.7343263741,1686,32gy6t29t9240sgu7l11j9nh0,2026-10-06
Kataller Toyama,Toyama,Kataller Toyama,68.7339491286,1687,4zxaepel6gk1jzqf5di3m6iok,2026-10-06
Qəbələ,Qəbələ,FK Qəbələ,68.7322382986,1688,cjfv1fu1qsr0jyk785saolgd0,2026-10-06
Heilbronn-Freiberg,H.-Freiberg,SGV Heilbronn-Freiberg,68.7304982339,1689,cp9ieu0l4mgyazd7866sx8pw4,2026-10-06
Costa do Sol,Costa do Sol,CD Costa do Sol,68.7266735665,1690,12paa0nrmm7b6c9bt3b9rsx78,2026-10-06
Fredericia,Fredericia,FC Fredericia,68.7228419315,1691,2mb332vncy4450vu14paj8844,2026-10-06
Terrassa,Terrassa,Terrassa FC,68.722493917,1692,3jk4gnb5m4ov0fm9ssmgg4c2c,2026-10-06
Östersund,Östersunds,Östersunds FC,68.722493917,1693,e45p1bhnnox3kdgzamrx63r4k,2026-10-06
Al Ahli,Ahli,Al Ahli SC (Doha),68.7195553001,1694,b0n3k3rsxrgrfimue4kkxqmms,2026-10-06
Paraguarí,Paraguarí,CA Paraguarí,68.7097983085,1695,8vh8k7j5o8k9gynwf0ntfr578,2026-10-06
Oldham Athletic,Oldham,Oldham Athletic AFC,68.7075292384,1696,7kjvvls20hnhjguys4t73yjh0,2026-10-06
Detroit City,Detroit City,Detroit City FC,68.7041046786,1697,cbkjk31sv9wm38ljg3vxhtus4,2026-10-06
Llapi,Llapi,KF Llapi Podujevë,68.7040513521,1698,cex4ulecg78atcdvr7zz1dqtw,2026-10-06
Berekum Chelsea,Chelsea,Berekum Chelsea FC,68.7026581857,1699,9jwcn4214a2l2atxhtwj6zxg4,2026-10-06
TPS,TPS,Turun Palloseura,68.701612939,1700,32gy6t29t9240sgu7l11j9nh0,2026-10-06
Duhok,Duhok,Duhok FC,68.7014607261,1701,1ua3sfkjt1blxmm5vtgqwavis,2026-10-06
CAPS United,CAPS,Central African Pharmaceutical Society United FC,68.6849114793,1702,8ea4fh0n7w704hsj43vlxw4yc,2026-10-06
Shonan Bellmare,Shonan,Shonan Bellmare,68.6841827231,1703,4zxaepel6gk1jzqf5di3m6iok,2026-10-06
Valencia II,Valencia II,Valencia CF Mestalla,68.6817758072,1704,3jk4gnb5m4ov0fm9ssmgg4c2c,2026-10-06
Guillermo Brown,Guillermo Br,CSA Guillermo Brown,68.6774324931,1705,1q9caek968o8ubc43inhg6uxg,2026-10-06
Vita Club,Vita,AS Vita Club,68.6668143029,1706,ehmma83pqd17k7x6if20hmrkk,2026-10-06
Orsomarso,Orsomarso,Orsomarso SC,68.6666437711,1707,3f1bsdfpg1eedvajxpif8t5p0,2026-10-06
Mafra,Mafra,CD Mafra,68.6629825527,1708,eoix5zq4par8gwml3bhkkyihg,2026-10-06
Kwara United,Kwara Utd,Kwara United,68.6558515103,1709,bblld98re54ohfsni235m1gyc,2026-10-06
Karela United,Karela,Karela United FC,68.6525429717,1710,9jwcn4214a2l2atxhtwj6zxg4,2026-10-06
FC Tulsa,Tulsa,FC Tulsa,68.6452888209,1711,cbkjk31sv9wm38ljg3vxhtus4,2026-10-06
La Nucía,La Nucía,CF La Nucía,68.6452332051,1712,3jk4gnb5m4ov0fm9ssmgg4c2c,2026-10-06
Dubai United,Dubai,Dubai United FC,68.6419464456,1713,b6a9x42zsbxzbc2n5t79kdono,2026-10-06
Volendam,Volendam,FC Volendam,68.6382726334,1714,7bdyxkrzt42tv7377rpz5nqc4,2026-10-06
Paradou AC,Paradou,Paradou AC,68.6229604825,1715,3npc49fs9snpta4p8le3r59g4,2026-10-06
Hødd,Hødd,IL Hødd,68.621567162,1716,1b7iiw2jok0qp6s65rmh05a1g,2026-10-06
Northampton Town,Northampton,Northampton Town FC,68.6146065075,1717,7kjvvls20hnhjguys4t73yjh0,2026-10-06
Cruz Azul Hidalgo,CA Hidalgo,CD Cruz Azul Hidalgo,68.6025853312,1718,3cxwni2dq94c7yt90g8m7rs44,2026-10-06
Kitara,Kitara,Kitara FC,68.5999925342,1719,d43v3lpfbbegmsubl20bdpct0,2026-10-06
Gent II,Jong Gent,Jong KAA Gent (KRC Gent II),68.5930283238,1720,83p55gs5rtqe8vjqg5t6me39w,2026-10-06
Katsina United,Katsina Utd,Katsina United FC,68.5883332977,1721,bblld98re54ohfsni235m1gyc,2026-10-06
Racing United,Racing Utd,Racing United FC,68.5866475322,1722,3b44u42lrrjhxh5ket3d32z9w,2026-10-06
Warta Poznań,Warta Poznań,Warta Poznań,68.5773665923,1723,9bj99ztou2rexljon6vvrssgk,2026-10-06
Green Eagles,Eagles,Green Eagles FC,68.5751078124,1724,3yqrgsjxdtodaoynaqjdtzuhg,2026-10-06
Reddis,Reddis,CF Reddis,68.5742342312,1725,3jk4gnb5m4ov0fm9ssmgg4c2c,2026-10-06
Enyimba,Enyimba,Enyimba International FC,68.5695391607,1726,bblld98re54ohfsni235m1gyc,2026-10-06
Paredes,Paredes,USC Paredes,68.5342091825,1727,eoix5zq4par8gwml3bhkkyihg,2026-10-06
Maestro United Zambia,MUZA,Maestro United Zambia FC,68.5336905918,1728,3yqrgsjxdtodaoynaqjdtzuhg,2026-10-06
Liepāja,Liepāja,FK Liepāja,68.5310767534,1729,d1tk0recez2ejvsidutwviwwk,2026-10-06
Bordeaux,Bordeaux,FC Girondins de Bordeaux,68.5181467298,1730,er1n8bxfo7q3075m90iafw1ec,2026-10-06
Central Coast Mariners,Central Coast,Central Coast Mariners FC,68.5160813987,1731,1ztoqmkrzy1d4ejf5jokthiqc,2026-10-06
Tenerife II,Tenerife II,CD Tenerife II,68.5101937664,1732,3jk4gnb5m4ov0fm9ssmgg4c2c,2026-10-06
Baník Ostrava II,Baník II,FC Baník Ostrava II,68.5088015594,1733,6366wwpqz6bqwsprqq35h4hec,2026-10-06
Manila Digger,Manila Digger,Manila Digger FC,68.4856290272,1734,c50ksp1w60e030qpuec4280es,2026-10-06
Don Benito,Don Benito,CD Don Benito,68.48443778,1735,3jk4gnb5m4ov0fm9ssmgg4c2c,2026-10-06
Sporting Hasselt,Hasselt,Koninklijke Sporting Hasselt,68.4833936113,1736,83p55gs5rtqe8vjqg5t6me39w,2026-10-06
Pendikspor,Pendik,Pendik SK,68.4771285878,1737,9vlcn0hdb4ufq9s8e7kjnfn6c,2026-10-06
Lierse SK,Lierse,Koninklijke Lierse SK,68.4712116031,1738,83p55gs5rtqe8vjqg5t6me39w,2026-10-06
Abia Warriors,Abia,Abia Warriors FC,68.4699968787,1739,bblld98re54ohfsni235m1gyc,2026-10-06
Barranquilla,Barranquilla,CD Barranquilla FC,68.468956183,1740,3f1bsdfpg1eedvajxpif8t5p0,2026-10-06
Fleetwood Town,Fleetwood,Fleetwood Town FC,68.4677310155,1741,7kjvvls20hnhjguys4t73yjh0,2026-10-06
Al Karkh,Karkh,Al Karkh SC,68.4585292279,1742,1ua3sfkjt1blxmm5vtgqwavis,2026-10-06
Vitesse,Vitesse,Vitesse,68.4558969723,1743,7bdyxkrzt42tv7377rpz5nqc4,2026-10-06
US Chaouia,Chaouia,Union Sportive des Chaouia,68.4471966176,1744,flxkeved0q9tmclqafcpql1w,2026-10-06
Marítimo,Maritimo,Club Sport Marítimo de Venezuela,68.4470283549,1745,5l0o7aj8bf50pay409j5x0j6c,2026-10-06
Al Salmiyah,Salmiyah,Al Salmiyah SC,68.4449525274,1746,evaw3m63xloe8o87vqybzjsic,2026-10-06
Albirex Niigata,Albirex,Albirex Niigata,68.4335916974,1747,4zxaepel6gk1jzqf5di3m6iok,2026-10-06
Kabwe Warriors,Warriors,Kabwe Warriors FC,68.4313619914,1748,3yqrgsjxdtodaoynaqjdtzuhg,2026-10-06
Kriens,Kriens,SC Kriens,68.42944415,1749,akzt9nsp06yyv03a86lz8kdn8,2026-10-06
Tropezón,Tropezón,CD Tropezón,68.42944415,1750,1h4ygpz4oamwj3kksmzc15ams,2026-10-06
Catania,Catania,Calcio Catania,68.4217866882,1751,5sw6ud25poqqgzszu5yk6p0r8,2026-10-06
Gor Mahia,Gor Mahia,Gor Mahia FC,68.4113458399,1752,6of7eu9uyvb2ljqldumlr92xg,2026-10-06
Unión San Felipe,San Felipe,CD Unión San Felipe,68.4049123226,1753,3mlz1os528syxdg3qpkz4ljis,2026-10-06
Azuaga,Azuaga,CD Azuaga,68.4022948339,1754,1h4ygpz4oamwj3kksmzc15ams,2026-10-06
Sport Huancayo II,Huancayo II,Club Sport Huancayo II,68.3993431935,1755,4wjv3pabgbhm9is93zhe6zf9w,2026-10-06
Perth Glory,Perth,Perth Glory FC,68.3925195968,1756,1ztoqmkrzy1d4ejf5jokthiqc,2026-10-06
Castellón II,Castellón II,CD Castellón II,68.3876758174,1757,3jk4gnb5m4ov0fm9ssmgg4c2c,2026-10-06
Panevėžys,Panevėžys,FK Panevėžys,68.3664432444,1758,4hzcbeghy116szh7rtk757xg4,2026-10-06
Suchitepéquez,Suchitepéquez,CD Suchitepéquez,68.3647584831,1759,8hlpnvuhsi69veuw84gyggr9w,2026-10-06
Konkola Blades,Blades,Konkola Blades FC,68.3624438375,1760,3yqrgsjxdtodaoynaqjdtzuhg,2026-10-06
Shams Azar Qazvin,Shams Azar,Shams Azar Qazvin,68.358631012,1761,1p2kviatzyprl6bv4j6zs9ams,2026-10-06
Batman Petrolspor,Batman,Batman Petrol SK,68.3563489905,1762,9vlcn0hdb4ufq9s8e7kjnfn6c,2026-10-06
Atenas,Atenas,CA Atenas,68.3558338341,1763,6oy1dcqjggeoyx76gstf8zkes,2026-10-06
Benjamín Aceval,B. Aceval,Club Dr. Benjamín Aceval,68.3419106373,1764,8vh8k7j5o8k9gynwf0ntfr578,2026-10-06
Ashantigold,Ashantigold,Ashantigold FC,68.3316364481,1765,9jwcn4214a2l2atxhtwj6zxg4,2026-10-06
Manresa,Manresa,CE Manresa,68.3291986732,1766,3jk4gnb5m4ov0fm9ssmgg4c2c,2026-10-06
Mouna,Mouna,FC Mouna d'Akoupé,68.3290281123,1767,2x67tvk4kdanna2zej4ui0bv8,2026-10-06
Nkana,Nkana,Nkana FC,68.3025735968,1768,3yqrgsjxdtodaoynaqjdtzuhg,2026-10-06
MWOS,MWOS,Moors World of Sport FC,68.3020514646,1769,8ea4fh0n7w704hsj43vlxw4yc,2026-10-06
Partick Thistle,Partick,Partick Thistle FC,68.3006556306,1770,73jqy9edtsysqefneqki92kno,2026-10-06
Pharco,Pharco,Pharco FC,68.2989163807,1771,c8yhc9482s3xm3dplmzcg8wes,2026-10-06
Swindon Town,Swindon,Swindon Town FC,68.2978709215,1772,7kjvvls20hnhjguys4t73yjh0,2026-10-06
Hartford Athletic,Hartford Ath,Hartford Athletic,68.2972303692,1773,cbkjk31sv9wm38ljg3vxhtus4,2026-10-06
UD Logroñés II,Logroñés II,UD Logroñés II,68.2929976711,1774,3jk4gnb5m4ov0fm9ssmgg4c2c,2026-10-06
Esteghlal Khuzestan,Khuzestan,Esteghlal Meli-Sanati Khuzestan FC,68.2639514772,1775,1p2kviatzyprl6bv4j6zs9ams,2026-10-06
Escorpiones Belén,Escorpiones,CD Escorpiones de Belén FC,68.2582440176,1776,dys50za4ylhqy94bj8zhmyx3o,2026-10-06
Ciudad de Lucena,Lucena,CD Ciudad de Lucena,68.2547074292,1777,3jk4gnb5m4ov0fm9ssmgg4c2c,2026-10-06
Choloma,Choloma,CD Choloma,68.2512843765,1778,bifv7w5gplrvhfvyqle3jf504,2026-10-06
Daquilema,Daquilema,Daquilema FC,68.2458379111,1779,6f3mt0vs7zxlbfevjpbqur4lw,2026-10-06
Correcaminos UAT,Correcaminos,CF Correcaminos de la UAT,68.2336334876,1780,3cxwni2dq94c7yt90g8m7rs44,2026-10-06
Soroksár SC,Soroksár,Soroksár Sport Club 1905,68.23312533,1781,cnv4lxtlbn15zo28rnoqs4kr8,2026-10-06
El Linqueño,Linqueño,CA El Linqueño,68.2329582418,1782,1q9caek968o8ubc43inhg6uxg,2026-10-06
Milo,Milo,Milo FC,68.229995906,1783,1odzlx97lfuimst69uxvbn310,2026-10-06
Platinum,Platinum,FC Platinum,68.2275591987,1784,8ea4fh0n7w704hsj43vlxw4yc,2026-10-06
Weiche Flensburg,Weiche,SC Weiche Flensburg 08,68.2174607555,1785,cp9ieu0l4mgyazd7866sx8pw4,2026-10-06
Castellonense,Castellonense,UD Castellonense,68.2164164462,1786,3jk4gnb5m4ov0fm9ssmgg4c2c,2026-10-06
Banga,Banga,FK Banga Gargždai,68.2150240328,1787,4hzcbeghy116szh7rtk757xg4,2026-10-06
ASM Oran,ASM Oran,ASM d'Oran,68.2129366038,1788,flxkeved0q9tmclqafcpql1w,2026-10-06
Slatina,Slatina,CSM Slatina,68.2080619513,1789,2iz4hkjsj1fadp09drcb6hhqs,2026-10-06
Tepatitlán,Tepa,Tepatitlán FC,68.2009117994,1790,3cxwni2dq94c7yt90g8m7rs44,2026-10-06
Al Merreikh,Merreikh,Al-Merreikh Al-Sudan,68.1977963191,1791,193l1zv2eyi82heh2jblkwqhg,2026-10-06
Coleraine,Coleraine,Coleraine FC,68.1976187831,1792,8ahwg697cwemg7ctdnexwqivo,2026-10-06
Radomlje,Radomlje,NK Radomlje,68.1976187831,1793,8pj9wygfe1cepoagkwe0x785w,2026-10-06
Resistencia,Resistencia,Resistencia SC,68.1967554787,1794,8vh8k7j5o8k9gynwf0ntfr578,2026-10-06
Boreham Wood,Boreham Wood,Boreham Wood FC,68.1965570579,1795,7jeqt00dn1903yv3hr8r63g2c,2026-10-06
Racing Santander II,Santander II,Rayo Cantabria,68.1944858219,1796,3jk4gnb5m4ov0fm9ssmgg4c2c,2026-10-06
Sporting San Miguelito,San Miguelito,AF Sporting San Miguelito,68.1914084842,1797,dxqxpijuyxkzzosa7wdmhzd3o,2026-10-06
Herentals,Herentals,Herentals College FC,68.1910082291,1798,8ea4fh0n7w704hsj43vlxw4yc,2026-10-06
UMECIT,UMECIT,UMECIT FC,68.1806171185,1799,dxqxpijuyxkzzosa7wdmhzd3o,2026-10-06
Kiryat Yam SC,Kiryat Yam SC,Kiryat Yam Sports Club,68.1784728314,1800,1mqfttramp7l8dfkpwk7w6wic,2026-10-06
Ben Guerdane,USBG,Union Sportive de Ben Guerdane,68.1760372534,1801,2cdwuc8jbyg41icy3ah21d2c4,2026-10-06
Čelik,Čelik,NK Čelik Zenica,68.1683776185,1802,4c48j9oq3d0aje3ojkb3mbp5g,2026-10-06
RSD Alcalá,Alcalá,RSD Alcalá,68.1655927231,1803,3jk4gnb5m4ov0fm9ssmgg4c2c,2026-10-06
Varzim,Varzim,Varzim SC,68.1596748073,1804,eoix5zq4par8gwml3bhkkyihg,2026-10-06
Al Gharafa,Gharafa,Al Gharafa SC,68.1553429013,1805,b0n3k3rsxrgrfimue4kkxqmms,2026-10-06
Highlanders,Highlanders,Highlanders FC,68.1440131318,1806,8ea4fh0n7w704hsj43vlxw4yc,2026-10-06
Rapperswil-Jona,Rapperswil,FC Rapperswil-Jona,68.1419209537,1807,akzt9nsp06yyv03a86lz8kdn8,2026-10-06
Bogotá,Bogotá,Corporación Deportiva Bogotá FC,68.1229554843,1808,3f1bsdfpg1eedvajxpif8t5p0,2026-10-06
Kun Khalifat,Kun Khalifat,Kun Khalifat FC,68.1201670437,1809,bblld98re54ohfsni235m1gyc,2026-10-06
Wally Daan,Wally Daan,Wally Daan FC,68.1076346775,1810,1bt3oe8dwu7lmuy50kex4bkt0,2026-10-06
Příbram,Příbram,FK Příbram,68.1074571351,1811,6366wwpqz6bqwsprqq35h4hec,2026-10-06
Rhode Island,Rhode Island,Rhode Island FC,68.1068165211,1812,cbkjk31sv9wm38ljg3vxhtus4,2026-10-06
Independiente Chivilcoy,Ind Chivilcoy,Atlético Independiente de Chivilcoy,68.0850100738,1813,1q9caek968o8ubc43inhg6uxg,2026-10-06
Río Aguarico,Río Aguarico,Río Aguarico Fútbol Club,68.0644705105,1814,6f3mt0vs7zxlbfevjpbqur4lw,2026-10-06
Juventud Italiana,Juventud Ita.,Juventud Italiana,68.0529821869,1815,6f3mt0vs7zxlbfevjpbqur4lw,2026-10-06
Kagoshima United,Kagoshima Utd,Kagoshima United FC,68.0523541566,1816,d7a4tg9b5xoanhbupsxsbi238,2026-10-06
Sanat Naft,Sanat Naft,Sanat Naft FC,68.0435951519,1817,1p2kviatzyprl6bv4j6zs9ams,2026-10-06
Salernitana,Salernitana,US Salernitana 1919,68.0409646325,1818,5sw6ud25poqqgzszu5yk6p0r8,2026-10-06
Swedru All Blacks,All Blacks,Swedru All Blacks United FC,68.0322624523,1819,9jwcn4214a2l2atxhtwj6zxg4,2026-10-06
FH,FH,FH Hafnarfjörður,68.0287798994,1820,eeeacj91qdk6pru5zwwobaiac,2026-10-06
Basake Holy Stars,Holy Stars,Basake Holy Stars FC,68.0204258033,1821,9jwcn4214a2l2atxhtwj6zxg4,2026-10-06
Polonia Bytom,Pl Bytom,TS Polonia Bytom,68.0193801967,1822,9bj99ztou2rexljon6vvrssgk,2026-10-06
América Mineiro,América MG,América FC (Minas Gerais),68.0153835688,1823,7pt8trpd4rbju1v568nuskdn8,2026-10-06
Real Ávila,Ávila,Real Ávila CF,68.0134618424,1824,3jk4gnb5m4ov0fm9ssmgg4c2c,2026-10-06
Tokushima Vortis,Tokushima,Tokushima Vortis,68.0008995542,1825,4zxaepel6gk1jzqf5di3m6iok,2026-10-06
Sesvete,Radnik,NK Sesvete,67.9995362327,1826,cuux8wgnrxz78zen0blqr5q1g,2026-10-06
Amstetten,Amstetten,SKU Ertl Glas Amstetten,67.994662246,1827,bbsieeq7vmacbhd5d5hvgu978,2026-10-06
Júbilo Iwata,Júbilo,Júbilo Iwata,67.9779220989,1828,4zxaepel6gk1jzqf5di3m6iok,2026-10-06
Atert Bissen,Atert,FC Atert Bissen,67.9685513979,1829,uza4dpaosr9j4jztif162p78,2026-10-06
Lusail City,Lusail City,Lusail City FC,67.964219072,1830,b0n3k3rsxrgrfimue4kkxqmms,2026-10-06
ES Mostaganem,ES Mostaganem,ES Mostaganem,67.9605451948,1831,3npc49fs9snpta4p8le3r59g4,2026-10-06
Atlético Tembetary,Tembetary,Club Atlético Tembetary,67.9530657607,1832,8vh8k7j5o8k9gynwf0ntfr578,2026-10-06
Kazma,Kazma,Kazma,67.9523820141,1833,evaw3m63xloe8o87vqybzjsic,2026-10-06
Alianza Universidad,Alianza Univ,CDS y C Alianza Universidad de Huánuco,67.9513250115,1834,4wjv3pabgbhm9is93zhe6zf9w,2026-10-06
Colón,Colón,Colón FC,67.9436656967,1835,6oy1dcqjggeoyx76gstf8zkes,2026-10-06
Rentistas,Rentistas,CA Rentistas,67.9339174347,1836,6oy1dcqjggeoyx76gstf8zkes,2026-10-06
11 de Mayo,11 de Mayo,11 de Mayo FC,67.9252135886,1837,6f3mt0vs7zxlbfevjpbqur4lw,2026-10-06
Zemun,Zemun,FK Zemun,67.9118026271,1838,akqbhzm3iofv030i63sb5js44,2026-10-06
Marumo Gallants,Gallants,Marumo Gallants FC,67.8940477337,1839,3wl91cn4c74oeacldjjpw800k,2026-10-06
Yenisey,Yenisey,FK Yenisey Krasnoyarsk,67.8940465406,1840,ewtzgv48te3m77r86sxunl3x0,2026-10-06
Sportivo Carapeguá,Carapeguá,Club Sportivo Carapeguá,67.8886570144,1841,8vh8k7j5o8k9gynwf0ntfr578,2026-10-06
Palmeira,Palmeira,Grupo Desportivo da Palmeira,67.8815162176,1842,378ubqtunv9zk2so0s1rz4s2c,2026-10-06
Mineros,Mineros,Mineros SC,67.8785603171,1843,6f3mt0vs7zxlbfevjpbqur4lw,2026-10-06
Kuching City,Kuching City,Kuching City FC,67.8780018637,1844,6siod2n1m854sihsqbyknyl1w,2026-10-06
1860 München,1860 München,TSV 1860 München,67.869327016,1845,cp9ieu0l4mgyazd7866sx8pw4,2026-10-06
CS-Disciples,CS-Disciples,Caisse Nationale de Prévoyance Sociale Sport - Disciples FC,67.8675896761,1846,citm4e83b4soxyy411ags2z8,2026-10-06
FC Santa Coloma,FC St. Coloma,FC Santa Coloma,67.8675861927,1847,2a3fpo37ny4uvuf4u7toqok5w,2026-10-06
Ferizaj,Ferizaj,KF Ferizaj,67.8627141679,1848,6ztabhaasz9mz4wdy6fkfl72s,2026-10-06
Henan,Henan,Henan FC,67.8567638078,1849,e6818x4pwankpph8awr91m1hw,2026-10-06
Germinal de Rawson,Ger Rawson,CA Germinal Trelew,67.8555814332,1850,1q9caek968o8ubc43inhg6uxg,2026-10-06
Colorado Springs,Switchbacks,Colorado Springs Switchbacks FC,67.8544115233,1851,cbkjk31sv9wm38ljg3vxhtus4,2026-10-06
Pars Jonoubi Jam,Pars Jam,FC Pars Jonoubi Jam,67.8542013185,1852,4kjg0qklfya45mq3pjthw09w4,2026-10-06
Hannover 96 II,Hannover II,Hannoverscher Sportverein 1896 II,67.8505260427,1853,cp9ieu0l4mgyazd7866sx8pw4,2026-10-06
Defence Force,Defence,Defence Force FC,67.8439664811,1854,7vg2l80h7ceoyxoj3jy1igro4,2026-10-06
Manacor,Manacor,CE Manacor,67.8418218275,1855,1h4ygpz4oamwj3kksmzc15ams,2026-10-06
Thionville Lusitanos,Thionville,US Thionville Lusitanos,67.8386883006,1856,2hzxt22wy9dxf7qxh08hjbuhg,2026-10-06
Dundalk,Dundalk,Dundalk FC,67.8327694028,1857,6zkfyunc0lfteytfj6slonuhg,2026-10-06
Obolon Kyiv,Obolon,FK Obolon Kyiv,67.829984033,1858,5vqx2miccjg04lp2pqs1hbmc,2026-10-06
Deportivo Miranda,Miranda,Deportivo Miranda Fútbol Club,67.8259870204,1859,5l0o7aj8bf50pay409j5x0j6c,2026-10-06
Kansanshi Dynamos,Kansanshi,Kansanshi Dynamos FC,67.8131011256,1860,3yqrgsjxdtodaoynaqjdtzuhg,2026-10-06
Roda JC,Roda JC,Roda JC Kerkrade,67.8042191748,1861,7bdyxkrzt42tv7377rpz5nqc4,2026-10-06
Sacachispas,Sacachispas,CSyD Sacachispas,67.8035784621,1862,9krteg77umv3opxgpwp51d6ac,2026-10-06
Xamax,Xamax,Neuchâtel Xamax FCS,67.7902920837,1863,akzt9nsp06yyv03a86lz8kdn8,2026-10-06
Bani Yas,Bani Yas,Bani Yas Club,67.7824775691,1864,b6a9x42zsbxzbc2n5t79kdono,2026-10-06
Kaspiy,Kaspiy,FK Kaspiy Aktau,67.7822839615,1865,5dlquxczyamt372efk9kgws2c,2026-10-06
SOA,SOA,Société Omnisports de l'Armée,67.775846104,1866,2x67tvk4kdanna2zej4ui0bv8,2026-10-06
CI Kamsar,Kamsar,Club Industriel de Kamsar,67.763485637,1867,1odzlx97lfuimst69uxvbn310,2026-10-06
Laredo,Laredo,CD Laredo,67.761741238,1868,1h4ygpz4oamwj3kksmzc15ams,2026-10-06
BATE,BATE,FK BATE Borisov,67.7593039515,1869,2tml5a5shxx16bkg25p0hh8gk,2026-10-06
Stockholm Inter,Stockholm Int.,FC Stockholm Internazionale,67.7593039515,1870,6y4xajtea36x0n0xrjr4vy3o4,2026-10-06
Öster,Öster,Östers IF,67.7589557674,1871,e45p1bhnnox3kdgzamrx63r4k,2026-10-06
Sandviken,Sandviken,Sandvikens IF,67.7537329994,1872,e45p1bhnnox3kdgzamrx63r4k,2026-10-06
Al Wakrah,Wakrah,Al Wakrah SC,67.7480074565,1873,b0n3k3rsxrgrfimue4kkxqmms,2026-10-06
WE,WE,WE SC (Telecom Egypt),67.746422294,1874,c8yhc9482s3xm3dplmzcg8wes,2026-10-06
Señor Montúfar,Señor,CD Señor Montúfar,67.743120292,1875,6f3mt0vs7zxlbfevjpbqur4lw,2026-10-06
Defensores Vilelas,Defensores V.,Club Atlético Defensores de Vilelas,67.736156542,1876,1q9caek968o8ubc43inhg6uxg,2026-10-06
Gimnasia Concepción,Gim Concepción,Club Gimnasia y Esgrima de Concepción del Uruguay,67.7284963885,1877,1q9caek968o8ubc43inhg6uxg,2026-10-06
Bayelsa United,Bayelsa Utd,Bayelsa United FC,67.7257073888,1878,6vwpcpdx5wlm8574ra5xaj09g,2026-10-06
Odra Opole,Odra,OKS Odra Opole,67.7210033367,1879,9bj99ztou2rexljon6vvrssgk,2026-10-06
Aviced,Aviced,Aviced Fútbol Club,67.7152651438,1880,6f3mt0vs7zxlbfevjpbqur4lw,2026-10-06
Cittadella,Cittadella,AS Cittadella,67.7122985472,1881,5sw6ud25poqqgzszu5yk6p0r8,2026-10-06
Atlético Madrid III,A Madrid III,Club Atlético de Madrid III,67.707075655,1882,3jk4gnb5m4ov0fm9ssmgg4c2c,2026-10-06
Kabuscorp,Kabuscorp,Kabuscorp SC do Palanca,67.7015080365,1883,ofi6heevfqlhgto3devky0b8,2026-10-06
Fénix,Fénix,CA Fénix,67.6954181093,1884,6oy1dcqjggeoyx76gstf8zkes,2026-10-06
Toledo,Toledo,CD Toledo,67.6917550909,1885,1h4ygpz4oamwj3kksmzc15ams,2026-10-06
Mallorca II,Mallorca II,Real Club Deportivo Mallorca II,67.6872285376,1886,3jk4gnb5m4ov0fm9ssmgg4c2c,2026-10-06
Dewa United,Dewa United,Dewa United Banten FC,67.6830209229,1887,2t0yn5r2hq16whtb16f4i7nro,2026-10-06
Quick Boys,Quick Boys,kvv Quick Boys,67.6746934126,1888,asox70lt42oe70oat4mcayaz8,2026-10-06
Kazincbarcika,Kazincbarcika,Kolorcity Kazincbarcika SC,67.6743452135,1889,cnv4lxtlbn15zo28rnoqs4kr8,2026-10-06
Cheltenham Town,Cheltenham,Cheltenham Town FC,67.6708632195,1890,7kjvvls20hnhjguys4t73yjh0,2026-10-06
Lexington,Lexington,Lexington SC,67.6670886624,1891,cbkjk31sv9wm38ljg3vxhtus4,2026-10-06
Vysočina Jihlava,Vysočina,FC Vysočina Jihlava,67.6652920162,1892,6366wwpqz6bqwsprqq35h4hec,2026-10-06
Chornomorets,Chornomorets,FK Chornomorets Odesa,67.663551012,1893,5vqx2miccjg04lp2pqs1hbmc,2026-10-06
Delfines Del Este,Delfines,Delfines Del Este FC,67.6634348438,1894,cokma0jt05z41cexn5ea0mxg,2026-10-06
Melgar II,Melgar II,FBC Melgar II,67.6613294882,1895,a9cov1ehhclrmqc4wgh59p2j8,2026-10-06
Etoile Carouge,Etoile Carouge,Etoile Carouge FC,67.6597207971,1896,akzt9nsp06yyv03a86lz8kdn8,2026-10-06
Lokomotive Leipzig,Lok Leipzig,1. FC Lokomotive Leipzig,67.6593725954,1897,cp9ieu0l4mgyazd7866sx8pw4,2026-10-06
Peña Sport,Peña Sport,Peña Sport FC,67.6576315858,1898,3jk4gnb5m4ov0fm9ssmgg4c2c,2026-10-06
Niger Tornadoes,Tornadoes,Niger Tornadoes FC,67.6564163603,1899,bblld98re54ohfsni235m1gyc,2026-10-06
Ferroviário Beira,Ferro Beira,Clube Ferroviário da Beira,67.65241203,1900,12paa0nrmm7b6c9bt3b9rsx78,2026-10-06
Stal Rzeszów,Stal Rzeszów,ZKS Stal Rzeszów,67.6492747185,1901,9bj99ztou2rexljon6vvrssgk,2026-10-06
Cuarte,Cuarte,CD Cuarte Industrial,67.6475337,1902,1h4ygpz4oamwj3kksmzc15ams,2026-10-06
St Maur Lusitanos,St Maur Lusita,Lusitanos St Maur US,67.6457404493,1903,4puti0g0aurz6lctqhbonl2c4,2026-10-06
Aigle Noir,Aigle Noir,Aigle Noir Makamba,67.6452738574,1904,emlzehq1t5dd17y2jnjdwn4k,2026-10-06
Nueva Santa Rosa,Santa Rosa,Nueva Santa Rosa CDF,67.6434108933,1905,9krteg77umv3opxgpwp51d6ac,2026-10-06
Atlético Astorga,Astorga,Atlético Astorga FC,67.6409178156,1906,3jk4gnb5m4ov0fm9ssmgg4c2c,2026-10-06
Mura,Mura,NŠ Mura,67.6388285842,1907,8pj9wygfe1cepoagkwe0x785w,2026-10-06
Zhejiang,Zhejiang,Zhejiang Professional FC,67.6304423873,1908,e6818x4pwankpph8awr91m1hw,2026-10-06
Debibi United,Debibi,Debibi United FC,67.6276871728,1909,9jwcn4214a2l2atxhtwj6zxg4,2026-10-06
Le Geldar,Le Geldar,ASC Le Geldar de Kourou,67.6266992923,1910,8ptl1wrxicnblij9u19k2p4pg,2026-10-06
Golden Lion,Golden Lion,Golden Lion de Saint-Joseph,67.6181681885,1911,8oya8610sjuxts1g4yxvd1nh0,2026-10-06
Khorfakkan,Khorfakkan,Khorfakkan Club,67.6160405167,1912,b6a9x42zsbxzbc2n5t79kdono,2026-10-06
Deportivo Capiatá,Capiatá,Deportivo Capiatá,67.6139387038,1913,8vh8k7j5o8k9gynwf0ntfr578,2026-10-06
Simba Bhora,Simba Bhora,Simba Bhora FC,67.6130646969,1914,8ea4fh0n7w704hsj43vlxw4yc,2026-10-06
Brisbane Roar,Brisbane,Brisbane Roar FC,67.6081570192,1915,1ztoqmkrzy1d4ejf5jokthiqc,2026-10-06
Hurricanes,Hurricanes,Hurricanes SC,67.5969273196,1916,7e8iz4klq135f8mgvdy8z4kyc,2026-10-06
Dorados,Dorados,CSyD Dorados de Sinaloa,67.5965071734,1917,3cxwni2dq94c7yt90g8m7rs44,2026-10-06
Warri Wolves,Warri,Warri Wolves FC,67.5954800137,1918,bblld98re54ohfsni235m1gyc,2026-10-06
Métlaoui,Métlaoui,Étoile Sportive de Métlaoui,67.592517911,1919,2cdwuc8jbyg41icy3ah21d2c4,2026-10-06
Liefering,Liefering,FC Liefering,67.5904274349,1920,bbsieeq7vmacbhd5d5hvgu978,2026-10-06
Guaranda,Guaranda,Guaranda FC,67.5808584904,1921,6f3mt0vs7zxlbfevjpbqur4lw,2026-10-06
Stella,Stella,Stella Club d'Adjamé,67.5794621449,1922,2x67tvk4kdanna2zej4ui0bv8,2026-10-06
Gütersloh,Gütersloh,FC Gütersloh 2000,67.5674451751,1923,cp9ieu0l4mgyazd7866sx8pw4,2026-10-06
Lokomotiv,Lokomotiv,FK Lokomotiv Tashkent,67.5631119638,1924,30hnhs47crryfhtm1523ygzkk,2026-10-06
Portugalete,Portugalete,Club Portugalete,67.5629183346,1925,3jk4gnb5m4ov0fm9ssmgg4c2c,2026-10-06
Seraing,Seraing,RFC Seraing,67.5521235187,1926,83p55gs5rtqe8vjqg5t6me39w,2026-10-06
Zanaco,Zanaco,Zanaco FC,67.5481224572,1927,3yqrgsjxdtodaoynaqjdtzuhg,2026-10-06
CA Batna,Batna,CA Batna,67.5350618168,1928,flxkeved0q9tmclqafcpql1w,2026-10-06
Wil,Wil,FC Wil 1900,67.5340159517,1929,akzt9nsp06yyv03a86lz8kdn8,2026-10-06
Sivasspor,Sivas,Sivasspor Kulübü,67.532623055,1930,9vlcn0hdb4ufq9s8e7kjnfn6c,2026-10-06
Silver Strikers,Strikers,Silver Strikers FC,67.5322783129,1931,dzzhvxalhc0doyc8cvfxaeyvo,2026-10-06
Pogoń Siedlce,P Siedlce,MKP Pogoń Siedlce,67.5315783818,1932,9bj99ztou2rexljon6vvrssgk,2026-10-06
El Paso Locomotive,El Paso Loco,El Paso Locomotive FC,67.5117851331,1933,cbkjk31sv9wm38ljg3vxhtus4,2026-10-06
Huracán Las Heras,Las Heras,CA Huracán Las Heras,67.5014636962,1934,1q9caek968o8ubc43inhg6uxg,2026-10-06
Trento,Trento,AC Trento,67.4953626997,1935,5sw6ud25poqqgzszu5yk6p0r8,2026-10-06
Saipa,Saipa,Saipa FC,67.4906810969,1936,4kjg0qklfya45mq3pjthw09w4,2026-10-06
Ayacucho,Ayacucho,Ayacucho FC,67.4882309171,1937,4wjv3pabgbhm9is93zhe6zf9w,2026-10-06
Izarra,Izarra,CD Izarra,67.4793440109,1938,1h4ygpz4oamwj3kksmzc15ams,2026-10-06
Grorud,Grorud,Grorud IL,67.4782993092,1939,eyebcttojdlxx2xxue3awhmvo,2026-10-06
Chicken Inn,Chicken Inn,Chicken Inn FC,67.4769098551,1940,8ea4fh0n7w704hsj43vlxw4yc,2026-10-06
El Bayadh,Bayadh,MC El Bayadh,67.4755146287,1941,3npc49fs9snpta4p8le3r59g4,2026-10-06
Oliveirense,Oliveirense,UD Oliveirense,67.4720310875,1942,eoix5zq4par8gwml3bhkkyihg,2026-10-06
Llanera,Llanera,UD Llanera,67.4661110819,1943,3jk4gnb5m4ov0fm9ssmgg4c2c,2026-10-06
Sliema Wanderers,Sliema,Sliema Wanderers FC,67.4636734273,1944,3jedmdrdnamejeki9uh7jrs44,2026-10-06
Sogndal,Sogndal,Sogndal Fotball,67.4574051587,1945,1b7iiw2jok0qp6s65rmh05a1g,2026-10-06
Septemvri Sofia,Septemvri,PFK Septemvri Sofia,67.4497439141,1946,3rbiru554kufnw6hrtsv0us5w,2026-10-06
Bijelo Brdo,Bijelo Brdo,BSK Bijelo Brdo,67.448002718,1947,cuux8wgnrxz78zen0blqr5q1g,2026-10-06
Al Mosul,Mosul,Al Mosul,67.4464574502,1948,1ua3sfkjt1blxmm5vtgqwavis,2026-10-06
Deportivo Llacuabamba,Llacuabamba,CSCD Llacuabamba,67.4377365941,1949,4wjv3pabgbhm9is93zhe6zf9w,2026-10-06
Mezőkövesd,Mezőkövesd,Mezőkövesd Zsóry SE,67.4229293216,1950,cnv4lxtlbn15zo28rnoqs4kr8,2026-10-06
Casa Sport,Casa,Casa Sport,67.4220621942,1951,1bt3oe8dwu7lmuy50kex4bkt0,2026-10-06
Znicz Pruszków,Znicz,MKS Znicz Pruszków,67.4218845897,1952,1f9k5nej63ck6nqpw0q5uml1w,2026-10-06
Veraguas United,Veraguas Utd,Veraguas United FC,67.4212437519,1953,dxqxpijuyxkzzosa7wdmhzd3o,2026-10-06
Altglienicke,Altglienicke,VSG Altglienicke,67.4170091671,1954,cp9ieu0l4mgyazd7866sx8pw4,2026-10-06
Kapaz,Kapaz,FK Kapaz,67.4107407486,1955,cjfv1fu1qsr0jyk785saolgd0,2026-10-06
Lorca Deportiva,Lorca,CF Lorca Deportiva,67.4069100385,1956,3jk4gnb5m4ov0fm9ssmgg4c2c,2026-10-06
Nam Định,Nam Định,Thép Xanh Nam Định FC,67.4065325391,1957,cld1l7cgrsr3bij22f2ytqiok,2026-10-06
Yunnan Yukun,Yukun,Yunnan Yukun FC,67.4054877985,1958,e6818x4pwankpph8awr91m1hw,2026-10-06
USM Annaba,Annaba,USM Annaba,67.3978567963,1959,flxkeved0q9tmclqafcpql1w,2026-10-06
Matlama,Matlama,Matlama FC,67.3867151089,1960,770xwf92zra2rdko15e3rqbys,2026-10-06
Mighty Wanderers,Wanderers,Mighty Wanderers FC,67.376964074,1961,dzzhvxalhc0doyc8cvfxaeyvo,2026-10-06
Víkingur,Víkingur,Víkingur Gøta,67.3720850565,1962,9cmufoxqnsf2h6xwos1z1j6s4,2026-10-06
Veles,Veles,Veles Moskva,67.3699955378,1963,ewtzgv48te3m77r86sxunl3x0,2026-10-06
Kalba,Kalba,Al Ittihad Kalba,67.3691444261,1964,b6a9x42zsbxzbc2n5t79kdono,2026-10-06
St Joseph's,St Joseph's,St Joseph's FC,67.3661670369,1965,7uvvhp31jz5znxp8l21x872tw,2026-10-06
VVV,VVV,VVV Venlo,67.352582795,1966,7bdyxkrzt42tv7377rpz5nqc4,2026-10-06
River Plate,River Plate,CA River Plate,67.3499778353,1967,6oy1dcqjggeoyx76gstf8zkes,2026-10-06
Hyères,Hyères,Hyères FC,67.345217158,1968,4puti0g0aurz6lctqhbonl2c4,2026-10-06
Persebaya Surabaya,Persebaya,Persatuan Sepak Bola Surabaya,67.3400162701,1969,2t0yn5r2hq16whtb16f4i7nro,2026-10-06
Hapoel Kfar Shalem,H Kfar Shalem,Hapoel Kfar Shalem FC,67.3393490064,1970,1mqfttramp7l8dfkpwk7w6wic,2026-10-06
Thróttur Reykjavík,Thróttur R,Thróttur Reykjavík,67.328831563,1971,a5uti9g06jek0b3rv3zavb578,2026-10-06
Jerv,Jerv,FK Jerv,67.3285529545,1972,eyebcttojdlxx2xxue3awhmvo,2026-10-06
Paide,Paide,Paide Linnameeskond,67.3271599112,1973,co1q4zpn5ep76y2tiqohorspg,2026-10-06
Tevragh-Zeïne,FCTVZ,ASC Tevragh-Zeïne,67.3261163214,1974,dp0cjg7hm16o0ay8b1amdexhw,2026-10-06
Unión Minas Volcán,Minas Volcán,CD Unión Minas,67.3193309892,1975,4wjv3pabgbhm9is93zhe6zf9w,2026-10-06
Slavia Praha II,Slavia II,SK Slavia Praha II,67.3104433137,1976,6366wwpqz6bqwsprqq35h4hec,2026-10-06
Pittsburgh Riverhounds,Pittsburgh,Pittsburgh Riverhounds SC,67.3101507033,1977,cbkjk31sv9wm38ljg3vxhtus4,2026-10-06
Hwaseong,Hwaseong,Hwaseong FC,67.3020557069,1978,aqzfod554aa202i8pjkt4ou1g,2026-10-06
Stal Mielec,Stal Mielec,PGE FKS Stal Mielec,67.2839750743,1979,9bj99ztou2rexljon6vvrssgk,2026-10-06
Maleyet Kafr El Zayiat,Maleyet,Maleyet Kafr El Zayiat,67.2818866546,1980,c8yhc9482s3xm3dplmzcg8wes,2026-10-06
Yaracuyanos,Yaracuyanos,Yaracuyanos FC,67.2789321374,1981,5l0o7aj8bf50pay409j5x0j6c,2026-10-06
Club Brugge II,Club NXT,Club NXT (Club Brugge KV II),67.2693477351,1982,83p55gs5rtqe8vjqg5t6me39w,2026-10-06
JS Omrane,Omrane,Jeunesse Sportive Omrane,67.2662144844,1983,2cdwuc8jbyg41icy3ah21d2c4,2026-10-06
Drogheda United,Drogheda,Drogheda United FC,67.2641236588,1984,6zkfyunc0lfteytfj6slonuhg,2026-10-06
Shrewsbury Town,Shrewsbury,Shrewsbury Town FC,67.2630788418,1985,7kjvvls20hnhjguys4t73yjh0,2026-10-06
Mes Rafsanjan,Rafsanjan,Mes Rafsanjan,67.2587449546,1986,4kjg0qklfya45mq3pjthw09w4,2026-10-06
Naft Maysan,Maysan,Naft Maysan,67.2549162351,1987,1ua3sfkjt1blxmm5vtgqwavis,2026-10-06
Opava,Opava,SFC Opava,67.2519340928,1988,6366wwpqz6bqwsprqq35h4hec,2026-10-06
Qatar SC,Qatar,Qatar SC,67.248296731,1989,b0n3k3rsxrgrfimue4kkxqmms,2026-10-06
Vitesse,Vitesse,Vitesse FC,67.2413151772,1990,56y5sheadf58560v7uwkil9n8,2026-10-06
Sagan Tosu,Sagan,Sagan Tosu,67.2330979287,1991,4zxaepel6gk1jzqf5di3m6iok,2026-10-06
Nouakchott King's,King's,Nouakchott King's,67.2296455967,1992,dp0cjg7hm16o0ay8b1amdexhw,2026-10-06
Sloga Doboj,Sloga Doboj,FK Sloga Doboj,67.2237236615,1993,4c48j9oq3d0aje3ojkb3mbp5g,2026-10-06
Sogdiana,Sogdiana,FK Sogdiana Jizak,67.2120757881,1994,30hnhs47crryfhtm1523ygzkk,2026-10-06
Bari,Bari,SSC Bari,67.2070061759,1995,5sw6ud25poqqgzszu5yk6p0r8,2026-10-06
Victoria,Victoria,CD Victoria,67.2067158394,1996,3mj3pjj43jf136jc8emwlxzbo,2026-10-06
3 de Noviembre,3 de Noviembre,Club 3 de Noviembre,67.1991767708,1997,8vh8k7j5o8k9gynwf0ntfr578,2026-10-06
Mardin 1969,Mardin,Mardin 1969 Spor,67.1976025272,1998,9vlcn0hdb4ufq9s8e7kjnfn6c,2026-10-06
Náxara,Náxara,Náxara CD,67.1927265432,1999,3jk4gnb5m4ov0fm9ssmgg4c2c,2026-10-06
Bouaké,Bouaké,Bouaké FC,67.1915110282,2000,2x67tvk4kdanna2zej4ui0bv8,2026-10-06
Illertissen,Illertissen,FV Illertissen 1921,67.1864574031,2001,cp9ieu0l4mgyazd7866sx8pw4,2026-10-06
Douanes,Douanes,AS Douanes,67.1859384567,2002,56y5sheadf58560v7uwkil9n8,2026-10-06
El Mansura,Mansura,El Mansura,67.1854137379,2003,c8yhc9482s3xm3dplmzcg8wes,2026-10-06
Nyasa Big Bullets,Big Bullets,Nyasa Big Bullets FC,67.1798434383,2004,dzzhvxalhc0doyc8cvfxaeyvo,2026-10-06
Bantu,Bantu,Bantu FC,67.1787985778,2005,770xwf92zra2rdko15e3rqbys,2026-10-06
Tychy,Tychy,GKS Tychy,67.1767053671,2006,1f9k5nej63ck6nqpw0q5uml1w,2026-10-06
Barquisimeto,Barquisimeto,Barquisimeto SC,67.1754933249,2007,5l0o7aj8bf50pay409j5x0j6c,2026-10-06
New Mexico United,New Mexico Utd,New Mexico United,67.1687503871,2008,cbkjk31sv9wm38ljg3vxhtus4,2026-10-06
Mornar,Mornar,FK Mornar Bar,67.1673015717,2009,bp0tbsm945cofzlkbdgmd7dp0,2026-10-06
Orihuela,Orihuela,Orihuela CF,67.1610323496,2010,3jk4gnb5m4ov0fm9ssmgg4c2c,2026-10-06
Erzgebirge Aue,Aue,FC Erzgebirge Aue,67.1589426044,2011,cp9ieu0l4mgyazd7866sx8pw4,2026-10-06
RAEC Mons,R. Mons 44,Renaissance Albert Elisabeth Club de Mons,67.1578977309,2012,6t5gnnzhfwzumtn1olpzzhlhw,2026-10-06
JS Jijel,Jijel,Jeunesse Sportive Jijelienne,67.153371133,2013,flxkeved0q9tmclqafcpql1w,2026-10-06
Juventud Antoniana,Juv Antoniana,Centro Juventud Antoniana,67.1514612981,2014,1q9caek968o8ubc43inhg6uxg,2026-10-06
Independiente,Independiente,CA Independiente de La Chorrera,67.1478529168,2015,dxqxpijuyxkzzosa7wdmhzd3o,2026-10-06
Qingdao West Coast,West Coast,Qingdao West Coast FC,67.1334879342,2016,e6818x4pwankpph8awr91m1hw,2026-10-06
Dunav ot Ruse,Dunav,FK Dunav ot Ruse,67.1296859355,2017,3rbiru554kufnw6hrtsv0us5w,2026-10-06
Ufa,Ufa,FK Ufa,67.1279444532,2018,ewtzgv48te3m77r86sxunl3x0,2026-10-06
Atlético Tordesillas,Tordesillas,CD Atlético Tordesillas,67.1275961565,2019,3jk4gnb5m4ov0fm9ssmgg4c2c,2026-10-06
Vukovar,Vukovar,NK Vukovar '91,67.1268995631,2020,cuux8wgnrxz78zen0blqr5q1g,2026-10-06
Deportivo Quito,Quito,SD Quito,67.1023514495,2021,6f3mt0vs7zxlbfevjpbqur4lw,2026-10-06
BUL,BUL,BIDCO BUL FC,67.0910281444,2022,d43v3lpfbbegmsubl20bdpct0,2026-10-06
Genk II,Jong Genk,Jong KRC Genk (KRC Genk II),67.0770924821,2023,83p55gs5rtqe8vjqg5t6me39w,2026-10-06
Constància,Constància,CE Constància,67.0697780479,2024,1h4ygpz4oamwj3kksmzc15ams,2026-10-06
Sagrada Esperança,Sagrada,GD Sagrada Esperança,67.0683883023,2025,ofi6heevfqlhgto3devky0b8,2026-10-06
Gimpo Citizen,Gimpo,Gimpo Citizen FC,67.0648724852,2026,aqzfod554aa202i8pjkt4ou1g,2026-10-06
Sandnes Ulf,Sandnes,Sandnes Ulf,67.0589804994,2027,1b7iiw2jok0qp6s65rmh05a1g,2026-10-06
Yacoub El Mansour,Yacoub,US Yacoub El Mansour,67.0575884565,2028,3m3hltejq5dp7tvessefe7pck,2026-10-06
Gaz Al-Shamal,Gaz Al-Shamal,Gaz Al-Shamal SC,67.0546484466,2029,1ua3sfkjt1blxmm5vtgqwavis,2026-10-06
Pompiers,Pompiers,AS Pompiers,67.0527121211,2030,dp0cjg7hm16o0ay8b1amdexhw,2026-10-06
İstanbulspor,İstanbulspor,İstanbulspor Kulübü,67.0412166599,2031,9vlcn0hdb4ufq9s8e7kjnfn6c,2026-10-06
Las Palmas II,Las Palmas II,UD Las Palmas Atlético,67.0405200355,2032,3jk4gnb5m4ov0fm9ssmgg4c2c,2026-10-06
Iwaki,Iwaki,Iwaki FC,67.0314346362,2033,4zxaepel6gk1jzqf5di3m6iok,2026-10-06
Opatija,Opatija,NK Opatija,67.019969501,2034,cuux8wgnrxz78zen0blqr5q1g,2026-10-06
Buxoro,Buxoro,FK Buxoro,67.0173766545,2035,30hnhs47crryfhtm1523ygzkk,2026-10-06
Astillero,Astillero,Astillero FC,67.0152741958,2036,6f3mt0vs7zxlbfevjpbqur4lw,2026-10-06
Dugopolje,Dugopolje,NK Dugopolje,67.0088233573,2037,cuux8wgnrxz78zen0blqr5q1g,2026-10-06
Nürnberg II,Nürnberg II,1. FC Nürnberg II,67.0074300849,2038,cp9ieu0l4mgyazd7866sx8pw4,2026-10-06
Inter Lagos,Inter Lagos,Inter Lagos FC,67.0034279041,2039,bblld98re54ohfsni235m1gyc,2026-10-06
Tauro,Tauro,Tauro FC,66.9966878518,2040,dxqxpijuyxkzzosa7wdmhzd3o,2026-10-06
Atlético Monzón,Monzón,CA Monzón,66.9962838691,2041,1h4ygpz4oamwj3kksmzc15ams,2026-10-06
Bizertin,Bizertin,CA Bizertin,66.9955884221,2042,2cdwuc8jbyg41icy3ah21d2c4,2026-10-06
Sutjeska,Sutjeska,FK Sutjeska Nikšić,66.9952389081,2043,bp0tbsm945cofzlkbdgmd7dp0,2026-10-06
Fernando de la Mora,Fernando Mora,Club Fernando de la Mora,66.9929817904,2044,8vh8k7j5o8k9gynwf0ntfr578,2026-10-06
AZ II,AZ II,AZ II,66.9921040217,2045,7bdyxkrzt42tv7377rpz5nqc4,2026-10-06
Tegevajaro Miyazaki,Tegevajaro,Tegevajaro Miyazaki FC,66.9899848356,2046,4zxaepel6gk1jzqf5di3m6iok,2026-10-06
Ranchers Bees,Bees,Ranchers Bees,66.9842702667,2047,bblld98re54ohfsni235m1gyc,2026-10-06
Hapoel Ra'anana,H Ra'anana,Hapoel Ra'anana AFC,66.9795644253,2048,1mqfttramp7l8dfkpwk7w6wic,2026-10-06
Diyala,Diyala,Diyala SC,66.9776704617,2049,1ua3sfkjt1blxmm5vtgqwavis,2026-10-06
Stade Mandji,Stade Mandji,AS Stade Mandji,66.9752138648,2050,91hx1tapplzhsaiav9r0gdq8k,2026-10-06
Al Golan,Golan,Al Golan SC,66.9745355469,2051,1ua3sfkjt1blxmm5vtgqwavis,2026-10-06
Linares,Linares,Club Social y Deportes Linares,66.9703408037,2052,1wi9d67mmituunqd3csuv0fmc,2026-10-06
Caudal,Caudal,Caudal Deportivo de Mieres,66.9691146996,2053,1h4ygpz4oamwj3kksmzc15ams,2026-10-06
Afturelding,Afturelding,UMF Afturelding,66.9669550827,2054,a5uti9g06jek0b3rv3zavb578,2026-10-06
Luz Valdivia,Luz Valdivia,Luz Valdivia FC,66.9630259669,2055,6f3mt0vs7zxlbfevjpbqur4lw,2026-10-06
Keflavík,Keflavík,Keflavík ÍF,66.9628448372,2056,eeeacj91qdk6pru5zwwobaiac,2026-10-06
Nchanga Rangers,Rangers,Nchanga Rangers FC,66.9564042741,2057,3yqrgsjxdtodaoynaqjdtzuhg,2026-10-06
Tiszakécske,Tiszakécske,Tiszakécskei LC,66.9544849891,2058,cnv4lxtlbn15zo28rnoqs4kr8,2026-10-06
Olympic Safi,Olympic Safi,Olympic Club de Safi,66.9436879921,2059,3m3hltejq5dp7tvessefe7pck,2026-10-06
El Nacional,El Nacional,CD El Nacional,66.9435196002,2060,2tnmtnib22zkesr45sr0p8xsk,2026-10-06
BSK Banja Luka,Banja Luka,FK BSK Banja Luka,66.9346302051,2061,4c48j9oq3d0aje3ojkb3mbp5g,2026-10-06
Chemal,Chemal,Chemal FC,66.9342830674,2062,dp0cjg7hm16o0ay8b1amdexhw,2026-10-06
Kyzyl-Zhar,Kyzyl-Zhar,FK Kyzyl-Zhar SK Petropavlovsk,66.9339335424,2063,5dlquxczyamt372efk9kgws2c,2026-10-06
Vitória Guimarães II,Vitória SC II,Vitória SC Guimarães II,66.9321918843,2064,eoix5zq4par8gwml3bhkkyihg,2026-10-06
Saint-Malo,Saint-Malo,US Saint-Malo,66.9303979749,2065,4puti0g0aurz6lctqhbonl2c4,2026-10-06
Aguacatán,Aguacatán,Aguacatán FC,66.9280675631,2066,9krteg77umv3opxgpwp51d6ac,2026-10-06
Antoniano,Antoniano,CA Antoniano,66.9245285703,2067,3jk4gnb5m4ov0fm9ssmgg4c2c,2026-10-06
Manisa,Manisa,Manisa FK,66.9224385703,2068,9vlcn0hdb4ufq9s8e7kjnfn6c,2026-10-06
Olympic Az Zawiyah,Az Zawiyah,Al Olympic Az Zawiyah SC,66.9099020062,2069,68kgxuk3dkg7p955ifkisgc9g,2026-10-06
Accrington Stanley,Accrington,Accrington Stanley FC,66.9015384462,2070,7kjvvls20hnhjguys4t73yjh0,2026-10-06
Maccabi Bnei Raina,Bnei Raina,Maccabi Bnei Raina FC,66.900493434,2071,1mqfttramp7l8dfkpwk7w6wic,2026-10-06
Gillingham,Gillingham,Gillingham FC,66.900493434,2072,7kjvvls20hnhjguys4t73yjh0,2026-10-06
Istiklol,Istiklol,FC Istiklol Dushanbe,66.8884975703,2073,exviv937sefj0unv8ay7iwsgk,2026-10-06
Motema Pembe,Motema,Daring Club Motema Pembe,66.8858666884,2074,ehmma83pqd17k7x6if20hmrkk,2026-10-06
Tianjin Jinmen Tiger,Jinmen Tiger,Tianjin Jinmen Tiger FC,66.8847889238,2075,e6818x4pwankpph8awr91m1hw,2026-10-06
Santos,Santos,Santos FC,66.8787291865,2076,4wjv3pabgbhm9is93zhe6zf9w,2026-10-06
Patria,Patria,Club Sport Patria,66.8762907953,2077,6f3mt0vs7zxlbfevjpbqur4lw,2026-10-06
Tersana,Tersana,Tersana SC,66.8705373734,2078,c8yhc9482s3xm3dplmzcg8wes,2026-10-06
Nsingizini Hotspurs,Nsingizini,Nsingizini Hotspurs,66.8590443163,2079,8pf5znjqxa3ghoff6kevxy42c,2026-10-06
Gimnástica Torrelavega,Gimnástica,RS Gimnástica de Torrelavega,66.8583441411,2080,3jk4gnb5m4ov0fm9ssmgg4c2c,2026-10-06
Mijas Las Lagunas,Mijas,CP Mijas Las Lagunas,66.8572991056,2081,3jk4gnb5m4ov0fm9ssmgg4c2c,2026-10-06
Górnik Łęczna,Górnik Łęczna,GKS Górnik Łęczna,66.842320202,2082,1f9k5nej63ck6nqpw0q5uml1w,2026-10-06
Young Apostles,Young Apostles,Young Apostles FC,66.8412763515,2083,9jwcn4214a2l2atxhtwj6zxg4,2026-10-06
Dalian Yingbo,Yingbo,Dalian Yingbo FC,66.8374140633,2084,e6818x4pwankpph8awr91m1hw,2026-10-06
Real Hope,Real Hope,Real Hope FA,66.824263983,2085,bva0t7rr4t5eq0llsgztfzx90,2026-10-06
Tishreen,Tishreen,Tishreen SC,66.8116871586,2086,epf0rlgn33w37t43qiocvx4wk,2026-10-06
Fosa Juniors,Fosa Juniors,SOM-Fosa Juniors FC,66.8047017431,2087,citm4e83b4soxyy411ags2z8,2026-10-06
Domžale,Domžale,NK Domžale,66.8046982578,2088,8e29vwxca2j3dc5kbpi0ehous,2026-10-06
Diarra,Diarra,FC Diarra de la Commune 4,66.8036566786,2089,2fvr17f4zzd5uci32usqi0ro4,2026-10-06
Strømmen,Strømmen,Strømmen IF,66.7952926573,2090,1b7iiw2jok0qp6s65rmh05a1g,2026-10-06
Juticalpa,Juticalpa,Juticalpa FC,66.7936088327,2091,bifv7w5gplrvhfvyqle3jf504,2026-10-06
Buchbach,Buchbach,TSV Buchbach,66.792505804,2092,cp9ieu0l4mgyazd7866sx8pw4,2026-10-06
Eidsvold,Eidsvold,Eidsvold TF,66.792505804,2093,eyebcttojdlxx2xxue3awhmvo,2026-10-06
Reggiana,Reggiana,AC Reggiana 1919,66.7897189466,2094,5sw6ud25poqqgzszu5yk6p0r8,2026-10-06
Dynamo de Douala,Dynamo,Dynamo de Douala FC,66.7886750677,2095,cqmw3la51kme1j36rsfej2p04,2026-10-06
Trident,Trident,Trident FC,66.7867613897,2096,3yqrgsjxdtodaoynaqjdtzuhg,2026-10-06
Montedio Yamagata,Montedio,Montedio Yamagata,66.784464316,2097,4zxaepel6gk1jzqf5di3m6iok,2026-10-06
Newport County,Newport,Newport County AFC,66.7841452197,2098,7kjvvls20hnhjguys4t73yjh0,2026-10-06
De Graafschap,De Graafschap,De Graafschap,66.7789198362,2099,7bdyxkrzt42tv7377rpz5nqc4,2026-10-06
Progrès Sakiet Eddaïer,Progrès SE,Progrès Sportif de Sakiet Eddaïer,66.7764825127,2100,2cdwuc8jbyg41icy3ah21d2c4,2026-10-06
Brujas de Salamanca,B. Salamanca,CD Brujas de Salamanca,66.7738755859,2101,1wi9d67mmituunqd3csuv0fmc,2026-10-06
Atlètic Club d'Escaldes,Atlètic,Atlètic Club d'Escaldes,66.7698624712,2102,2a3fpo37ny4uvuf4u7toqok5w,2026-10-06
Chernomorets,Chernomorets,FK Chernomorets Novorossiysk,66.7670755812,2103,ewtzgv48te3m77r86sxunl3x0,2026-10-06
Jadran LP,Jadran,NK Jadran Luka Ploče,66.766378858,2104,cuux8wgnrxz78zen0blqr5q1g,2026-10-06
Sporting Cascades,Cascades,Sporting Football des Cascades de Tenakourou,66.7644663517,2105,56y5sheadf58560v7uwkil9n8,2026-10-06
Seongnam,Seongnam,Seongnam FC,66.7642594247,2106,aqzfod554aa202i8pjkt4ou1g,2026-10-06
El Massira,El Massira,Jeunesse Sportive d'El Massira Laâyoune,66.7632447945,2107,e66497iax4m4oq94h8qc9nllg,2026-10-06
Värnamo,Värnamo,IFK Värnamo,66.7569730709,2108,e45p1bhnnox3kdgzamrx63r4k,2026-10-06
Podbeskidzie,Podbeskidzie,TS Podbeskidzie Bielsko-Biała,66.7468705079,2109,9bj99ztou2rexljon6vvrssgk,2026-10-06
Brattvåg,Brattvåg,Brattvåg IL,66.7468705079,2110,eyebcttojdlxx2xxue3awhmvo,2026-10-06
Muğlaspor,Muğla,Muğlaspor Kulübü,66.7378129926,2111,9vlcn0hdb4ufq9s8e7kjnfn6c,2026-10-06
Atlético Escobar,Atl. Escobar,Atlético Escobar FC,66.7247561612,2112,1q9caek968o8ubc43inhg6uxg,2026-10-06
Borussia M'gladbach II,M'gladbach II,Borussia Mönchengladbach II,66.7165625015,2113,cp9ieu0l4mgyazd7866sx8pw4,2026-10-06
Emmen,Emmen,FC Emmen,66.7144722766,2114,7bdyxkrzt42tv7377rpz5nqc4,2026-10-06
Hà Nội,Hà Nội,Hà Nội FC,66.7106109285,2115,cld1l7cgrsr3bij22f2ytqiok,2026-10-06
Paris 13 Atletico,Paris 13,FC Paris 13 Atletico,66.7061113544,2116,2hzxt22wy9dxf7qxh08hjbuhg,2026-10-06
Nõmme Kalju,Kalju,Nõmme Kalju FC,66.6994922653,2117,co1q4zpn5ep76y2tiqohorspg,2026-10-06
Radnik Bijeljina,Radnik,FK Radnik Bijeljina,66.6866023951,2118,4c48j9oq3d0aje3ojkb3mbp5g,2026-10-06
Magesi,Magesi,Magesi FC,66.6810295642,2119,4nwd2e9auc7j57110c5f3fehg,2026-10-06
César Vallejo,UCV,CD Universidad César Vallejo,66.6752871082,2120,4wjv3pabgbhm9is93zhe6zf9w,2026-10-06
Huehuetecos,Huehuetecos,Huehuetecos FC,66.661226449,2121,9krteg77umv3opxgpwp51d6ac,2026-10-06
Kaloum Star,Kaloum,AS du Kaloum Star,66.6552517808,2122,1odzlx97lfuimst69uxvbn310,2026-10-06
Real Native,Real Native,Real Native FC,66.647236695,2123,4nwd2e9auc7j57110c5f3fehg,2026-10-06
TSC,TSC,FK TSC Bačka Topola,66.6454935847,2124,38qhp7f77q817kvnksk95ucyc,2026-10-06
El Sekka El Hadid,Sekka El Hadid,El Sekka El Hadid,66.6416625565,2125,c8yhc9482s3xm3dplmzcg8wes,2026-10-06
Moss,Moss,Moss FK,66.6385259028,2126,1b7iiw2jok0qp6s65rmh05a1g,2026-10-06
Prishtina e Re,Prishtina e Re,KF Prishtina e Re,66.6381798081,2127,6ztabhaasz9mz4wdy6fkfl72s,2026-10-06
Elche II,Elche II,Elche Ilicitano CF,66.635738823,2128,3jk4gnb5m4ov0fm9ssmgg4c2c,2026-10-06
SD Logroñés,SD Logroñés,SD Logroñés,66.6329517392,2129,3jk4gnb5m4ov0fm9ssmgg4c2c,2026-10-06
Busan IPark,Busan IPark,Busan IPark,66.6294386143,2130,aqzfod554aa202i8pjkt4ou1g,2026-10-06
Elazığspor,Elazığspor,Elazığspor Kulubü,66.6165775402,2131,9iurl7j8nsnscnb6u5uaicj6c,2026-10-06
Aragua,Aragua,Aragua FC,66.6083973564,2132,5l0o7aj8bf50pay409j5x0j6c,2026-10-06
Atlético,Atlético,Atlético FC,66.6028231056,2133,3f1bsdfpg1eedvajxpif8t5p0,2026-10-06
Don Bosco,Don Bosco,CS Don Bosco Lubumbashi,66.5953291967,2134,ehmma83pqd17k7x6if20hmrkk,2026-10-06
Ertis,Ertis,FK Ertis,66.5928869635,2135,5dlquxczyamt372efk9kgws2c,2026-10-06
Miramar Misiones,Miramar,CS Miramar Misiones,66.5867970447,2136,6oy1dcqjggeoyx76gstf8zkes,2026-10-06
Ismaily,Ismaily,Ismaily SC,66.5852234966,2137,c8yhc9482s3xm3dplmzcg8wes,2026-10-06
Al Shahaniya,Shahaniya,Al-Shahaniya SC,66.580886898,2138,b0n3k3rsxrgrfimue4kkxqmms,2026-10-06
Green Buffaloes,Buffaloes,Green Buffaloes FC,66.5794772712,2139,3yqrgsjxdtodaoynaqjdtzuhg,2026-10-06
Racing,Racing,Racing FC Union Lëtzebuerg,66.5775576115,2140,uza4dpaosr9j4jztif162p78,2026-10-06
Džiugas Telšiai,Džiugas,FK Džiugas Telšiai,66.5768608199,2141,4hzcbeghy116szh7rtk757xg4,2026-10-06
Blaublitz Akita,Blaublitz,AFC Blaublitz Akita,66.5702120215,2142,4zxaepel6gk1jzqf5di3m6iok,2026-10-06
Kaisar Kyzylorda,Kaisar,FK Kaisar Kyzylorda,66.5657121196,2143,5dlquxczyamt372efk9kgws2c,2026-10-06
Nordic United,Nordic,Nordic United FC,66.5559569538,2144,e45p1bhnnox3kdgzamrx63r4k,2026-10-06
Al Salt,Al Salt,Al Salt SC,66.5558022839,2145,espg5w80i6jk5f0n0b3buusk4,2026-10-06
Pescara,Pescara,Delfino Pescara 1936,66.5434145252,2146,5sw6ud25poqqgzszu5yk6p0r8,2026-10-06
Homburg,Homburg,FC 08 Homburg,66.5395821001,2147,cp9ieu0l4mgyazd7866sx8pw4,2026-10-06
Aubagne Air Bel,Aubagne AB,SC Aubagne Air Bel,66.5360980707,2148,6rle937m7y4ktnwcredad5g5w,2026-10-06
Tarancón,Tarancón,CD Tarancón,66.5347044572,2149,1h4ygpz4oamwj3kksmzc15ams,2026-10-06
Oman Club,Oman Club,Oman Club,66.534201382,2150,cbdqxkajw3jvb9nqzpbraim1g,2026-10-06
ASPAC,ASPAC,AS du Port Autonome de Cotonou FC,66.5340111358,2151,t5yilsv0ffm6kb8mz07ywiz8,2026-10-06
Real Madrid III,R Madrid III,Real Madrid CF III,66.5277363744,2152,3jk4gnb5m4ov0fm9ssmgg4c2c,2026-10-06
Al Nasr,Nasr,Al Nasr SC,66.5256471385,2153,c8yhc9482s3xm3dplmzcg8wes,2026-10-06
Villarreal III,Villarreal III,Villarreal CF III,66.5225102958,2154,1h4ygpz4oamwj3kksmzc15ams,2026-10-06
Al Kahrabaa,Kahrabaa,Al Kahrabaa Club,66.5157381928,2155,1ua3sfkjt1blxmm5vtgqwavis,2026-10-06
Pikine,Pikine,AS Pikine,66.5150230424,2156,1bt3oe8dwu7lmuy50kex4bkt0,2026-10-06
Wikki Tourists,Wikki,Wikki Tourists FC,66.5129325988,2157,6vwpcpdx5wlm8574ra5xaj09g,2026-10-06
Tubize-Braine,RUTB,Royale Union Tubize-Braine,66.5110128728,2158,6t5gnnzhfwzumtn1olpzzhlhw,2026-10-06
Atlético Paso,Atlético Paso,CD Atlético Paso,66.5061351574,2159,3jk4gnb5m4ov0fm9ssmgg4c2c,2026-10-06
Chungnam Asan,Chungnam Asan,Chungnam Asan FC,66.5057574823,2160,aqzfod554aa202i8pjkt4ou1g,2026-10-06
Daugavpils,Daugavpils,BFC Daugavpils,66.5002122007,2161,d1tk0recez2ejvsidutwviwwk,2026-10-06
Manchego,Manchego,CD Manchego Ciudad Real,66.4946376365,2162,1h4ygpz4oamwj3kksmzc15ams,2026-10-06
Andijan,Andijan,FK Andijan,66.4889083808,2163,30hnhs47crryfhtm1523ygzkk,2026-10-06
Don Bosco,Don Bosco,Don Bosco FC,66.4783202302,2164,bva0t7rr4t5eq0llsgztfzx90,2026-10-06
Austria Salzburg,Austria Salzb,SV Austria Salzburg,66.4660677413,2165,bbsieeq7vmacbhd5d5hvgu978,2026-10-06
Maccabi Herzliya,M Herzliya,Maccabi Herzliya FC,66.4618867455,2166,1mqfttramp7l8dfkpwk7w6wic,2026-10-06
Aarhus Fremad,Aarhus Fremad,Aarhus Fremad Fodbold,66.44133005,2167,2mb332vncy4450vu14paj8844,2026-10-06
Hapoel Rishon LeZion,Rishon LeZion,Hapoel Ironi Rishon LeZion FC,66.4402847884,2168,1mqfttramp7l8dfkpwk7w6wic,2026-10-06
Havelse,Havelse,TSV Havelse,66.4298321414,2169,58t4zseno2tp4253w3dm5i80k,2026-10-06
Proxy,Proxy,Proxy SC,66.4169416589,2170,c8yhc9482s3xm3dplmzcg8wes,2026-10-06
Alebrijes de Oaxaca,Alebrijes,Alebrijes de Oaxaca FC,66.416055397,2171,3cxwni2dq94c7yt90g8m7rs44,2026-10-06
Pistoiese,Pistoiese,US Pistoiese 1921,66.4155467651,2172,cvnhrujf5s3lefro06hwoncb8,2026-10-06
Stuttgarter Kickers,Stuttg Kickers,SV Stuttgarter Kickers,66.4085782503,2173,cp9ieu0l4mgyazd7866sx8pw4,2026-10-06
Deportiva Agropecuaria,Agropecuaria,AD Agropecuaria,66.4084110056,2174,4wjv3pabgbhm9is93zhe6zf9w,2026-10-06
Circulo Deportivo,Circulo Dep.,Club Circulo Deportivo,66.3983066133,2175,1q9caek968o8ubc43inhg6uxg,2026-10-06
Roan United,Roan,Roan United FC,66.3976062724,2176,3yqrgsjxdtodaoynaqjdtzuhg,2026-10-06
Coton Sport Ouidah,Coton Sport,Coton Sport FC,66.3922056269,2177,t5yilsv0ffm6kb8mz07ywiz8,2026-10-06
Jaro,Jaro,FF Jaro,66.3841882492,2178,32gy6t29t9240sgu7l11j9nh0,2026-10-06
Compostela,Compostela,SD Compostela,66.3831429565,2179,3jk4gnb5m4ov0fm9ssmgg4c2c,2026-10-06
Kudrivka,Kudrivka,FK Kudrivka,66.3667666301,2180,5vqx2miccjg04lp2pqs1hbmc,2026-10-06
Queens Park Rangers,QPR,Queens Park Rangers FC,66.3645597809,2181,7e8iz4klq135f8mgvdy8z4kyc,2026-10-06
UD San Fernando,San Fernando,UD San Fernando,66.3632822873,2182,1h4ygpz4oamwj3kksmzc15ams,2026-10-06
Aviron Bayonnais,Bayonne,Aviron Bayonnais FC,66.356958189,2183,4puti0g0aurz6lctqhbonl2c4,2026-10-06
Réal du Faso,RFA,Réal du Faso,66.3557944132,2184,56y5sheadf58560v7uwkil9n8,2026-10-06
Arosa,Arosa,Arosa SC,66.3545714026,2185,3jk4gnb5m4ov0fm9ssmgg4c2c,2026-10-06
Titanes,Titanes,Titanes FC,66.350919788,2186,cnw5897zluol2jbo1zgeqj8yc,2026-10-06
Kickers Emden,Kickers Emden,BSV Kickers Emden,66.3472542289,2187,cp9ieu0l4mgyazd7866sx8pw4,2026-10-06
Hatta,Hatta,Hatta Club,66.3460542293,2188,b6a9x42zsbxzbc2n5t79kdono,2026-10-06
KAMAZ,KAMAZ,FK KAMAZ Naberezhnye Chelny,66.3458604784,2189,ewtzgv48te3m77r86sxunl3x0,2026-10-06
Búhos ULVR,Búhos ULVR,Búhos ULVR FC,66.3442994766,2190,6f3mt0vs7zxlbfevjpbqur4lw,2026-10-06
Al-Ittihad Benghazi,Ittihad Bngz,Al-Ittihad Benghazi,66.3409858279,2191,68kgxuk3dkg7p955ifkisgc9g,2026-10-06
Calahorra,Calahorra,CD Calahorra,66.3406339048,2192,1h4ygpz4oamwj3kksmzc15ams,2026-10-06
TRA United,TRA Utd,TRA United FC,66.3265255713,2193,c5wdltkcr7ti6feuv6ej6kavo,2026-10-06
San Benito,San Benito,San Benito Fútbol Club,66.3194347078,2194,9krteg77umv3opxgpwp51d6ac,2026-10-06
Paços de Ferreira,Paços Ferreira,FC Paços de Ferreira,66.3183336977,2195,eoix5zq4par8gwml3bhkkyihg,2026-10-06
Tchologo,Tchologo,US Tchologo,66.3157238596,2196,2x67tvk4kdanna2zej4ui0bv8,2026-10-06
Ciudad Nueva Santa Cruz,CN Santa Cruz,Ciudad Nueva Santa Cruz Academia FC,66.3145077923,2197,9q5nb2oto8bvh3nkzt5d8kv10,2026-10-06
NAPSA Stars,NAPSA,NAPSA Stars FC,66.3098003154,2198,3yqrgsjxdtodaoynaqjdtzuhg,2026-10-06
Flora,Flora,FC Flora Tallinn,66.3071834968,2199,co1q4zpn5ep76y2tiqohorspg,2026-10-06
Baltimore,Baltimore,Baltimore SC,66.3009694552,2200,4vdnis45sxd05ictg09vgpous,2026-10-06
El Kanemi Warriors,Warriors,El Kanemi Warriors FC,66.2923780205,2201,6vwpcpdx5wlm8574ra5xaj09g,2026-10-06
Audace Cerignola,Cerignola,SS Audace Cerignola,66.2911549695,2202,5sw6ud25poqqgzszu5yk6p0r8,2026-10-06
Makeni All Stars,Makeni,Makeni All Stars FC,66.2878481979,2203,3yqrgsjxdtodaoynaqjdtzuhg,2026-10-06
Nkwazi,Nkwazi,Nkwazi FC,66.2854090582,2204,3yqrgsjxdtodaoynaqjdtzuhg,2026-10-06
Kladno,Kladno,SK Kladno,66.2803530602,2205,6366wwpqz6bqwsprqq35h4hec,2026-10-06
Fujieda MYFC,Fujieda,Fujieda MYFC,66.2709156261,2206,4zxaepel6gk1jzqf5di3m6iok,2026-10-06
Atlético Central,CA Central,Club Atlético Central,66.2692026383,2207,3jk4gnb5m4ov0fm9ssmgg4c2c,2026-10-06
N'Zidane,N'Zidane,FC N'Zidane,66.2650224074,2208,dp0cjg7hm16o0ay8b1amdexhw,2026-10-06
AaB,AaB,Aalborg BK,66.2632789503,2209,2mb332vncy4450vu14paj8844,2026-10-06
Arsenal Tula,Arsenal,FK Arsenal Tula,66.2608397793,2210,ewtzgv48te3m77r86sxunl3x0,2026-10-06
Atlético Ottawa,Atlético,Atlético Ottawa,66.2574109279,2211,bmqmrylzzfggzr15yas9dev4k,2026-10-06
Olympique Dcheïra,Dcheïra,Olympique Dcheïra,66.257356438,2212,3m3hltejq5dp7tvessefe7pck,2026-10-06
Real Santander,Real Santander,CD Real Santander,66.2460374294,2213,3f1bsdfpg1eedvajxpif8t5p0,2026-10-06
NA Hussein Dey,NA Hussein Dey,NA Hussein Dey,66.2409790369,2214,flxkeved0q9tmclqafcpql1w,2026-10-06
Puente Genil,Puente Genil,CD AD San Fermín (Salerm Cosmetic Puente Genil FC),66.240629386,2215,3jk4gnb5m4ov0fm9ssmgg4c2c,2026-10-06
Concón National,Concón,Club Deportivo y Social Concón National,66.2352352657,2216,1wi9d67mmituunqd3csuv0fmc,2026-10-06
Police,Police,Police FC,66.2305253034,2217,6of7eu9uyvb2ljqldumlr92xg,2026-10-06
Albacete II,Albacete II,Albacete Balompié II,66.2280848967,2218,3jk4gnb5m4ov0fm9ssmgg4c2c,2026-10-06
Monagas II,Monagas,Monagas SC II,66.2265237989,2219,5l0o7aj8bf50pay409j5x0j6c,2026-10-06
Kjelsås,Kjelsås,Kjelsås Fotball,66.2211157004,2220,eyebcttojdlxx2xxue3awhmvo,2026-10-06
Budućnost,Budućnost,FK Budućnost Podgorica,66.2169341705,2221,bp0tbsm945cofzlkbdgmd7dp0,2026-10-06
Santa Fe,Santa Fe,Santa Fe SC,66.2115399833,2222,6f3mt0vs7zxlbfevjpbqur4lw,2026-10-06
La Viena FC,Viena FC,La Viena FC,66.2089207399,2223,c8yhc9482s3xm3dplmzcg8wes,2026-10-06
Calvo Sotelo,Calvo Sotelo,Calvo Sotelo de Puertollano CF,66.2047379893,2224,3jk4gnb5m4ov0fm9ssmgg4c2c,2026-10-06
Naranja Mekánica,Naranja,Naranja Mekánica FC,66.202131481,2225,51fmboanx3f6tr3jlow8054ic,2026-10-06
AD Marco 09,Marco,Associação Desportiva de Marco de Canaveses 09,66.1960263837,2226,eoix5zq4par8gwml3bhkkyihg,2026-10-06
Leopards,Leopards,AFC Leopards SC,66.1935883211,2227,6of7eu9uyvb2ljqldumlr92xg,2026-10-06
KA,KA,KA Akureyri,66.1907994013,2228,eeeacj91qdk6pru5zwwobaiac,2026-10-06
Triglav,Triglav,NK Triglav Kranj,66.1907994013,2229,sb5fgqugrkxqc8jsc698x5hw,2026-10-06
Wydad Fès,Wydad Fès,Wydad Athletic Club de Fès,66.1904521294,2230,e66497iax4m4oq94h8qc9nllg,2026-10-06
Watanga,Watanga,Watanga FC,66.1867955249,2231,6x5fs0vog8z4mtp0f4ankjfo4,2026-10-06
Feignies Aulnoye,Feignies,SC Feignies Aulnoye,66.1858686015,2232,4puti0g0aurz6lctqhbonl2c4,2026-10-06
San Antonio,San Antonio,San Antonio FC,66.1751740547,2233,cbkjk31sv9wm38ljg3vxhtus4,2026-10-06
Al Markhiya,Markhiya,Al Markhiya SC,66.165206515,2234,e9xwqeh6pqwy3pva03skx9f6c,2026-10-06
Milsami,Milsami,FC Milsami Orhei,66.1615280359,2235,c0orgvbfnq9wp7blxq2rdm0pg,2026-10-06
Damac,Damac,Damac FC,66.1606763914,2236,3lxygsgllro9oeey1m5ndpct0,2026-10-06
Panionios,Panionios,Panionios FC,66.159141006,2237,2ucolfpd3bp9magtvueu1udw,2026-10-06
Orijent 1919,Orijent,NK Orijent 1919,66.1580433197,2238,cuux8wgnrxz78zen0blqr5q1g,2026-10-06
Cape Town City,Cape Town City,Cape Town City FC,66.1500296425,2239,4nwd2e9auc7j57110c5f3fehg,2026-10-06
Rayong,Rayong,Rayong FC,66.1472113873,2240,2y9xq2tx9nthjl37uqgtoc2z8,2026-10-06
Ulytau,Ulytau,FK Ulytau,66.1378318405,2241,5dlquxczyamt372efk9kgws2c,2026-10-06
Petržalka,Petržalka,FC Petržalka,66.1367864134,2242,47gcoqnouhyfwprkioq13ex3o,2026-10-06
Biel-Bienne,Biel-Bienne,FC Biel-Bienne,66.1319077458,2243,csiypz33i7wj1ttlalk11wb9w,2026-10-06
Hillerød,Hillerød,Hillerød Fodbold,66.1294684073,2244,2mb332vncy4450vu14paj8844,2026-10-06
Galaxy,Galaxy,Jwaneng Galaxy FC,66.1290847705,2245,e2i85rbbrmh0zcyvozwl9qk9g,2026-10-06
Lijabatho,Lijabatho,Lijabatho FC,66.1273810298,2246,770xwf92zra2rdko15e3rqbys,2026-10-06
Universidad de Panamá,Uni Panamá,Universidad de Panamá FC,66.1159334383,2247,5vfsgxr7re4yxafib5pgasopg,2026-10-06
FocuSport,FocuSport,FocuSport FC,66.1157069953,2248,dvhbj2zp4tenbgxi0lhw6mql0,2026-10-06
Desportivo Lunda-Sul,CD Lunda-Sul,Clube Desportivo da Lunda-Sul,66.1141388362,2249,ofi6heevfqlhgto3devky0b8,2026-10-06
Stade de Mbour,Stade Mbour,Stade de Mbour,66.1122221955,2250,1bt3oe8dwu7lmuy50kex4bkt0,2026-10-06
Al Dhafra,Al Dhafra,Al Dhafra FC,66.0993444309,2251,b6a9x42zsbxzbc2n5t79kdono,2026-10-06
Croatia Zmijavci,Zmijavci,NK Croatia Zmijavci,66.0953173418,2252,cuux8wgnrxz78zen0blqr5q1g,2026-10-06
Dubrava Zagreb,Dubrava,NK Dubrava Zagreb,66.0939234078,2253,cuux8wgnrxz78zen0blqr5q1g,2026-10-06
Metalul Buzău,Metalul Buzău,Metalul Buzău,66.0918325048,2254,2iz4hkjsj1fadp09drcb6hhqs,2026-10-06
Kitchee,Kitchee,Kitchee SC,66.0841365684,2255,1eg1537in5v5szf108lk9s2s4,2026-10-06
Baranovichi,Baranovichi,FK Baranovichi,66.0834688703,2256,2tml5a5shxx16bkg25p0hh8gk,2026-10-06
Nouakchott Academy,Nouakchott AF,Nouakchott Academy Football,66.0792882334,2257,dp0cjg7hm16o0ay8b1amdexhw,2026-10-06
Tacuary,Tacuary,Tacuary FC,66.0704075876,2258,8vh8k7j5o8k9gynwf0ntfr578,2026-10-06
Milagro,Milagro,Milagro FC,66.0641347948,2259,6f3mt0vs7zxlbfevjpbqur4lw,2026-10-06
Progrès Niederkorn,Progrès,FC Progrès Niederkorn,66.0548928424,2260,uza4dpaosr9j4jztif162p78,2026-10-06
Alianza,Alianza,Club Social y Deportivo Alianza,66.0547255668,2261,6f3mt0vs7zxlbfevjpbqur4lw,2026-10-06
Tranmere Rovers,Tranmere,Tranmere Rovers FC,66.0486199985,2262,7kjvvls20hnhjguys4t73yjh0,2026-10-06
Al Minaa Basra,Minaa Basra,Al Minaa Basra FC,66.0390582731,2263,1ua3sfkjt1blxmm5vtgqwavis,2026-10-06
Old Road,Old Road,Old Road FC,66.0342155128,2264,eutz7cztklmm0kuh8bthrfxg4,2026-10-06
Huaquillas,Huaquillas,Huaquillas FC,66.0317250364,2265,6f3mt0vs7zxlbfevjpbqur4lw,2026-10-06
Leça,Leça,Leça FC,66.0294528478,2266,eoix5zq4par8gwml3bhkkyihg,2026-10-06
Aston Villa,Aston Villa,Aston Villa FC,66.0248061373,2267,eutz7cztklmm0kuh8bthrfxg4,2026-10-06
Al Taliya,Taliya,Al Taliya SC,66.0228532516,2268,epf0rlgn33w37t43qiocvx4wk,2026-10-06
Javor,Javor,FK Javor Matis Ivanjica,66.0203919459,2269,38qhp7f77q817kvnksk95ucyc,2026-10-06
Jiskra Domažlice,Domažlice,TJ Jiskra Domažlice,66.0189979572,2270,1b9w528q6lpjmxp9k0sfxvtw4,2026-10-06
Atyrau,Atyrau,FK Atyrau,66.0162099767,2271,5dlquxczyamt372efk9kgws2c,2026-10-06
Guaireña,Guaireña,Guaireña FC,66.009072728,2272,8vh8k7j5o8k9gynwf0ntfr578,2026-10-06
Hegelmann,Hegelmann,FC Hegelmann,66.0085430093,2273,4hzcbeghy116szh7rtk757xg4,2026-10-06
Cerrito,Cerrito,CS Cerrito,66.0052392338,2274,6oy1dcqjggeoyx76gstf8zkes,2026-10-06
SOL,SOL,SOL FC,66.0014022469,2275,2x67tvk4kdanna2zej4ui0bv8,2026-10-06
Casertana,Casertana,Casertana FC,65.9883299474,2276,5sw6ud25poqqgzszu5yk6p0r8,2026-10-06
Rochdale,Rochdale,Rochdale AFC,65.9855419221,2277,7kjvvls20hnhjguys4t73yjh0,2026-10-06
Furiani-Agliani,Furiani,AS Furiani-Agliani,65.983050121,2278,4puti0g0aurz6lctqhbonl2c4,2026-10-06
Mufulira Wanderers,Mufulira,Mufulira Wanderers FC,65.9756130337,2279,3yqrgsjxdtodaoynaqjdtzuhg,2026-10-06
Boavista,Boavista,Boavista FC,65.9726507369,2280,378ubqtunv9zk2so0s1rz4s2c,2026-10-06
Moralo,Moralo,Moralo CP,65.9681166713,2281,1h4ygpz4oamwj3kksmzc15ams,2026-10-06
Anderlecht II,RSCA Futures,RSCA Futures (RSC Anderlecht II),65.9667226444,2282,83p55gs5rtqe8vjqg5t6me39w,2026-10-06
Sidama Bunna,Sidama,Sidama Coffee FC,65.9646327963,2283,yfk6117shr401b5om4u5nehg,2026-10-06
Tochigi City,Tochigi City,Tochigi City FC,65.9611172517,2284,4zxaepel6gk1jzqf5di3m6iok,2026-10-06
Surkhon Termez,Surkhon Termez,PFC Surkhon Termez,65.9602947925,2285,30hnhs47crryfhtm1523ygzkk,2026-10-06
Insutec,Insutec,FC Insutec,65.9599337186,2286,6f3mt0vs7zxlbfevjpbqur4lw,2026-10-06
Chirundu United,Chirundu,Chirundu United FC,65.9578391837,2287,3yqrgsjxdtodaoynaqjdtzuhg,2026-10-06
Chelyabinsk,Chelyabinsk,FK Chelyabinsk,65.9496457316,2288,ewtzgv48te3m77r86sxunl3x0,2026-10-06
Diósgyőr,DVTK,Diósgyőri VTK,65.9447665855,2289,cnv4lxtlbn15zo28rnoqs4kr8,2026-10-06
Varea,Varea,CD Varea,65.9440695636,2290,1h4ygpz4oamwj3kksmzc15ams,2026-10-06
Chacaritas,Chacaritas,Chacaritas FC,65.9435537673,2291,derrtkvb0qg29n2ldftcolo9g,2026-10-06
Villefranche,Villefranche,FC Villefranche Beaujolais,65.9398874269,2292,2hzxt22wy9dxf7qxh08hjbuhg,2026-10-06
Renofa Yamaguchi,Renofa,Renofa Yamaguchi FC,65.9390914259,2293,d7a4tg9b5xoanhbupsxsbi238,2026-10-06
JS Soualem,JS Soualem,Jeunesse Sportive Soualem,65.9381460615,2294,e66497iax4m4oq94h8qc9nllg,2026-10-06
CFFEB,CFFEB,Centre de Formation de Football Espoir du Burkina,65.9215939562,2295,56y5sheadf58560v7uwkil9n8,2026-10-06
Lee Man,Lee Man,Lee Man FC,65.9175532677,2296,1eg1537in5v5szf108lk9s2s4,2026-10-06
Lusitano Évora 1911,Lusitano 1911,Associação Lusitano de Évora 1911,65.9130518315,2297,eoix5zq4par8gwml3bhkkyihg,2026-10-06
Al Ahed,Ahed,Al Ahed SC,65.9125508838,2298,9lv9rln2qwsqme0g8t366uiac,2026-10-06
Guédiawaye,Guédiawaye,Guédiawaye FC de Dakar,65.9121840248,2299,1bt3oe8dwu7lmuy50kex4bkt0,2026-10-06
Zwickau,Zwickau,FSV Zwickau,65.9092181442,2300,cp9ieu0l4mgyazd7866sx8pw4,2026-10-06
BFC Dynamo,BFC Dynamo,Berliner FC Dynamo,65.9071270387,2301,cp9ieu0l4mgyazd7866sx8pw4,2026-10-06
Mensajero,Mensajero,CD Mensajero,65.9015507463,2302,1h4ygpz4oamwj3kksmzc15ams,2026-10-06
JKT Tanzania,JKT Tanzania,JKT Tanzania,65.8916214219,2303,c5wdltkcr7ti6feuv6ej6kavo,2026-10-06
Ümraniyespor,Ümraniye,Ümraniye SK,65.8823821165,2304,9vlcn0hdb4ufq9s8e7kjnfn6c,2026-10-06
Sobemap,Sobemap,AS Sobemap,65.8778548083,2305,t5yilsv0ffm6kb8mz07ywiz8,2026-10-06
Cercle Mbéri,Cercle Mbéri,Cercle Mbéri Sportif,65.8741953119,2306,91hx1tapplzhsaiav9r0gdq8k,2026-10-06
Altay,Altay,FK Altay VKO,65.8722749431,2307,5dlquxczyamt372efk9kgws2c,2026-10-06
Bakaridjan,Bakaridjan,AS Bakaridjan de Barouéli,65.8646108834,2308,2fvr17f4zzd5uci32usqi0ro4,2026-10-06
Crotone,Crotone,FC Crotone,65.862167716,2309,5sw6ud25poqqgzszu5yk6p0r8,2026-10-06
Rayon Sports,Rayon,Rayon Sports FC,65.8606028353,2310,193l1zv2eyi82heh2jblkwqhg,2026-10-06
Les Herbiers,Les Herbiers,Vendée Les Herbiers Football,65.8600242799,2311,4puti0g0aurz6lctqhbonl2c4,2026-10-06
Ferroviário Maputo,Ferro Maputo,Clube Ferroviário de Maputo,65.8548521412,2312,12paa0nrmm7b6c9bt3b9rsx78,2026-10-06
Peña Deportiva,Peña,SCR Peña Deportiva,65.8527574908,2313,3jk4gnb5m4ov0fm9ssmgg4c2c,2026-10-06
Cotonsport,Cotonsport,Cotonsport de Garoua,65.8461366468,2314,cqmw3la51kme1j36rsfej2p04,2026-10-06
Lioli,Lioli,Lioli FC,65.8454418815,2315,770xwf92zra2rdko15e3rqbys,2026-10-06
Dauphins Noirs,Dauphins,AS Dauphins Noirs de Goma,65.8328947922,2316,ehmma83pqd17k7x6if20hmrkk,2026-10-06
Leones,Leones,Leones FC,65.8316784173,2317,3f1bsdfpg1eedvajxpif8t5p0,2026-10-06
Pamplona,Pamplona,CD Pamplona,65.829754522,2318,1h4ygpz4oamwj3kksmzc15ams,2026-10-06
Universidad San Martín,Uni San Martín,CD Universidad San Martín de Porres,65.8222680412,2319,4wjv3pabgbhm9is93zhe6zf9w,2026-10-06
Cristo Atlético,Cristo Atl,CD Palencia Cristo Atlético,65.8098880978,2320,1h4ygpz4oamwj3kksmzc15ams,2026-10-06
Agboville,Agboville,ES Agboville,65.8072775645,2321,2x67tvk4kdanna2zej4ui0bv8,2026-10-06
Elgeco Plus,Elgeco Plus,ASSM Elgeco Plus,65.8064062259,2322,citm4e83b4soxyy411ags2z8,2026-10-06
Marsa,Marsa,AS de La Marsa,65.8060553969,2323,2cdwuc8jbyg41icy3ah21d2c4,2026-10-06
Provincial Osorno,Osorno,CD Provincial Osorno,65.7996132411,2324,1wi9d67mmituunqd3csuv0fmc,2026-10-06
St. David’s,David’s,St. David’s FC,65.7944361915,2325,7e8iz4klq135f8mgvdy8z4kyc,2026-10-06
Moca,Moca,Moca FC,65.7926934968,2326,cokma0jt05z41cexn5ea0mxg,2026-10-06
São Salvador,São Salvador,CD São Salvador do Kongo,65.7907220297,2327,ofi6heevfqlhgto3devky0b8,2026-10-06
TSV Steinbach,Steinbach,TSV Steinbach,65.7827021282,2328,cp9ieu0l4mgyazd7866sx8pw4,2026-10-06
Estudiantil CNI,Est. CNI,CD Estudiantil CNI (Loreto),65.7814892066,2329,4wjv3pabgbhm9is93zhe6zf9w,2026-10-06
Unia Skierniewice,U Skierniewice,Unia Skierniewice,65.7802623427,2330,9bj99ztou2rexljon6vvrssgk,2026-10-06
Quepos Cambute,Quepos,Quepos Cambute FC,65.778923876,2331,7yzd2ff4zj9i1m1mowvd9uot0,2026-10-06
Formentera,Formentera,SD Formentera,65.7715487974,2332,1h4ygpz4oamwj3kksmzc15ams,2026-10-06
Chiangrai United,Chiangrai Utd,Singha Chiangrai United FC,65.7690797199,2333,2y9xq2tx9nthjl37uqgtoc2z8,2026-10-06
Kozármisleny,Kozármisleny,Kozármisleny SE,65.7673662815,2334,cnv4lxtlbn15zo28rnoqs4kr8,2026-10-06
Unión Santo Domingo,Santo Domingo,Club Unión Santo Domingo,65.766536748,2335,a9cov1ehhclrmqc4wgh59p2j8,2026-10-06
Osaka,Osaka,FC Osaka,65.7623876813,2336,d7a4tg9b5xoanhbupsxsbi238,2026-10-06
Santa Lucía,Santa Lucía,Santa Lucía Cotzumalguapa FC,65.7604510995,2337,9krteg77umv3opxgpwp51d6ac,2026-10-06
Åsane,Åsane,Åsane Fotball,65.758652677,2338,1b7iiw2jok0qp6s65rmh05a1g,2026-10-06
Bregalnica Štip,Bregalnica,FK Bregalnica 2008 Štip,65.7485448458,2339,bdisf9hz6nqbfmztljccr2978,2026-10-06
Entebbe UPPC,Entebbe UPPC,Entebbe UPPC FC,65.7475026905,2340,d43v3lpfbbegmsubl20bdpct0,2026-10-06
Hunters,Hunters,Hunters FC,65.7471541434,2341,8ea4fh0n7w704hsj43vlxw4yc,2026-10-06
Neftekhimik,Neftekhimik,FK Neftekhimik Nizhnekamsk,65.7412253482,2342,ewtzgv48te3m77r86sxunl3x0,2026-10-06
Yamoussoukro,Yamoussoukro,Yamoussoukro FC,65.7410545596,2343,6rou0q967fn1n2qa2mk3q9hck,2026-10-06
Greifswalder FC,Greifswald,Greifswalder FC,65.7408768,2344,cp9ieu0l4mgyazd7866sx8pw4,2026-10-06
Segesta Sisak,Segesta,HNK Segesta Sisak,65.739831155,2345,cuux8wgnrxz78zen0blqr5q1g,2026-10-06
AS Khroub,AS Khroub,AS Khroub,65.7314671686,2346,flxkeved0q9tmclqafcpql1w,2026-10-06
ÍBV,ÍBV,ÍB Vestmannaeyja,65.7251920645,2347,eeeacj91qdk6pru5zwwobaiac,2026-10-06
1º de Maio,1º de Maio,EC Primeiro de Maio,65.7231042421,2348,ofi6heevfqlhgto3devky0b8,2026-10-06
Chambly-Oise,Chambly,FC Chambly-Oise,65.7111976854,2349,4puti0g0aurz6lctqhbonl2c4,2026-10-06
MSP Batna,MSP Batna,MSP Batna,65.7091598396,2350,flxkeved0q9tmclqafcpql1w,2026-10-06
Birkirkara,Birkirkara,Birkirkara FC,65.7060216561,2351,3jedmdrdnamejeki9uh7jrs44,2026-10-06
Bunyodkor,Bunyodkor,FK Bunyodkor,65.696455918,2352,30hnhs47crryfhtm1523ygzkk,2026-10-06
Entente II,Entente II,Entente II,65.6939999685,2353,d8hdusfvdmgo6ki7qtifb88wk,2026-10-06
Phoenix Rising,Phoenix Rising,Phoenix Rising FC,65.6938779049,2354,cbkjk31sv9wm38ljg3vxhtus4,2026-10-06
Hønefoss,Hønefoss,Hønefoss BK,65.6938222045,2355,eyebcttojdlxx2xxue3awhmvo,2026-10-06
KTP,KTP,Kotkan Työväen Palloilijat,65.6892909597,2356,dfeircxbw7mix6mouzz7t05qs,2026-10-06
Safa,Safa,Safa Beirut SC,65.6884413951,2357,9lv9rln2qwsqme0g8t366uiac,2026-10-06
Linfield,Linfield,Linfield FC,65.6687259432,2358,8ahwg697cwemg7ctdnexwqivo,2026-10-06
Ferroviário de Lichinga,Ferroviário,Ferroviário de Lichinga,65.6666380587,2359,12paa0nrmm7b6c9bt3b9rsx78,2026-10-06
Jurong,Jurong,Jurong FC,65.6537107516,2360,bi1hu93fyvmbyjjip2y05s3kk,2026-10-06
Coastal Union,Coastal Union,Coastal Union,65.6507784288,2361,c5wdltkcr7ti6feuv6ej6kavo,2026-10-06
Vianense,Vianense,SC Vianense,65.6478121383,2362,eoix5zq4par8gwml3bhkkyihg,2026-10-06
Ehime,Ehime,Ehime FC,65.644227489,2363,d7a4tg9b5xoanhbupsxsbi238,2026-10-06
Al Ta'awon,Al Ta'awon,Al Ta'awon,65.6439814014,2364,68kgxuk3dkg7p955ifkisgc9g,2026-10-06
Sohar,Sohar,Sohar Club,65.6389432407,2365,cbdqxkajw3jvb9nqzpbraim1g,2026-10-06
Aampetra,Aampetra,Club Deportivo Aampetra,65.6288222037,2366,51fmboanx3f6tr3jlow8054ic,2026-10-06
Kariba,Kariba,ZPC Kariba,65.6286444336,2367,8ea4fh0n7w704hsj43vlxw4yc,2026-10-06
Nazareno,Nazareno,Nazareno SC,65.621153674,2368,6f3mt0vs7zxlbfevjpbqur4lw,2026-10-06
Bali United,Bali United,Bali United FC,65.6080459934,2369,2t0yn5r2hq16whtb16f4i7nro,2026-10-06
AB,AB,AB Gladsaxe,65.6073781281,2370,2mb332vncy4450vu14paj8844,2026-10-06
De Treffers,Treffers,De Treffers,65.6049381171,2371,asox70lt42oe70oat4mcayaz8,2026-10-06
Consadole Sapporo,Consadole,Hokkaido Consadole Sapporo,65.60316597,2372,4zxaepel6gk1jzqf5di3m6iok,2026-10-06
Raith Rovers,Raith Rovers,Raith Rovers FC,65.5962237666,2373,73jqy9edtsysqefneqki92kno,2026-10-06
Casarano,Casarano,Casarano Calcio,65.5902979853,2374,5sw6ud25poqqgzszu5yk6p0r8,2026-10-06
Gagra,Gagra,FC Gagra,65.5899494093,2375,dmtc6z8cwdmdocaz02qc5p0yc,2026-10-06
Chiquimulilla,Chiquimulilla,CSyD Chiquimulilla,65.5865193498,2376,9krteg77umv3opxgpwp51d6ac,2026-10-06
Helsingborg,Helsingborg,Helsingborgs IF,65.5840236084,2377,e45p1bhnnox3kdgzamrx63r4k,2026-10-06
Gomerano,Gomerano,Deportivo Gomerano,65.581639271,2378,9krteg77umv3opxgpwp51d6ac,2026-10-06
Chabab Ben Guerir,Chabab BG,Chabab Ben Guerir,65.5808876066,2379,e66497iax4m4oq94h8qc9nllg,2026-10-06
Tivoli Gardens,Tivoli Gardens,Tivoli Gardens FC,65.5779814949,2380,3b44u42lrrjhxh5ket3d32z9w,2026-10-06
Fehérvár,Fehérvár,Fehérvár FC,65.5777492107,2381,cnv4lxtlbn15zo28rnoqs4kr8,2026-10-06
Tamaraceite,Tamaraceite,UD Tamaraceite,65.5770520542,2382,3jk4gnb5m4ov0fm9ssmgg4c2c,2026-10-06
USM Oujda,USMO,Union Sportive Musilman d'Oujda,65.5732188829,2383,e66497iax4m4oq94h8qc9nllg,2026-10-06
Santiago City,Santiago City,Santiago City FC,65.5730503704,2384,1wi9d67mmituunqd3csuv0fmc,2026-10-06
Monopoli,Monopoli,Monopoli Calcio 1966,65.5697318946,2385,5sw6ud25poqqgzszu5yk6p0r8,2026-10-06
PSV II,PSV II,PSV Eindhoven II,65.5693833149,2386,7bdyxkrzt42tv7377rpz5nqc4,2026-10-06
Levante II,Levante II,Atlético Levante UD,65.5690347351,2387,1h4ygpz4oamwj3kksmzc15ams,2026-10-06
Chabab Atlas Khénifra,CA Khénifra,Chabab Atlas Khénifra,65.564852967,2388,e66497iax4m4oq94h8qc9nllg,2026-10-06
Ferroviária,Ferroviária,Associação Ferroviária de Esportes,65.5598043187,2389,kis8d8dd780usq5xloolkaac,2026-10-06
DSC,DSC,AS Dakar Sacré Cœur,65.5528291895,2390,1bt3oe8dwu7lmuy50kex4bkt0,2026-10-06
North Carolina,North Carolina,North Carolina FC,65.5478269507,2391,8hdq5pmnb4m3p9t24ytwgjitw,2026-10-06
Bulawayo Chiefs,Chiefs,Bulawayo Chiefs FC,65.5477747319,2392,8ea4fh0n7w704hsj43vlxw4yc,2026-10-06
Costa del Este,Costa del Este,Academía Costa del Este,65.5471297831,2393,5vfsgxr7re4yxafib5pgasopg,2026-10-06
Vushtrria,Vushtrria,FC Vushtrria,65.546379202,2394,cex4ulecg78atcdvr7zz1dqtw,2026-10-06
Trasandino,Trasandino,CD Trasandino de Los Andes,65.5441180849,2395,1wi9d67mmituunqd3csuv0fmc,2026-10-06
Arzignano Valchiampo,Arzignano,ASD Arzignano Valchiampo,65.543936821,2396,5sw6ud25poqqgzszu5yk6p0r8,2026-10-06
Al Orobah,Orobah,Al Orobah FC,65.537507538,2397,3lxygsgllro9oeey1m5ndpct0,2026-10-06
Volga Ulyanovsk,Volga Ul,FK Volga Ulyanovsk,65.5348736036,2398,ewtzgv48te3m77r86sxunl3x0,2026-10-06
Chojniczanka Chojnice,Chojniczanka,MKS Chojniczanka Chojnice,65.528599043,2399,1f9k5nej63ck6nqpw0q5uml1w,2026-10-06
BEA Mountain,BEA Mountain,FC BEA Mountain,65.5270338872,2400,6x5fs0vog8z4mtp0f4ankjfo4,2026-10-06
Bahla,Bahla,Bahla Club,65.5246098256,2401,cbdqxkajw3jvb9nqzpbraim1g,2026-10-06
Onze Créateurs,Onze,AS Onze Créateurs de Niaréla,65.523025126,2402,2fvr17f4zzd5uci32usqi0ro4,2026-10-06
Majestic,Majestic,Majestic FC,65.5214564763,2403,56y5sheadf58560v7uwkil9n8,2026-10-06
Austria Wien II,Austria II,Young Violets Austria Wien (FK Austria Wien II),65.5076836909,2404,bbsieeq7vmacbhd5d5hvgu978,2026-10-06
Uthai Thani,Uthai Thani,Uthai Thani FC,65.5069572268,2405,2y9xq2tx9nthjl37uqgtoc2z8,2026-10-06
Glentoran,Glentoran,Glentoran FC,65.5038491845,2406,8ahwg697cwemg7ctdnexwqivo,2026-10-06
Karbala,Karbala,Karbala FC,65.5033481288,2407,1ua3sfkjt1blxmm5vtgqwavis,2026-10-06
Crawley Town,Crawley,Crawley Town FC,65.500363263,2408,7kjvvls20hnhjguys4t73yjh0,2026-10-06
União Santarém,Santarém,UD Santarém,65.4815391754,2409,eoix5zq4par8gwml3bhkkyihg,2026-10-06
JS Bordj Ménaïel,Bordj Ménaïel,Jeunesse Sportive de Bordj Ménaïel,65.4811917739,2410,flxkeved0q9tmclqafcpql1w,2026-10-06
Green Fuel,Green Fuel,Green Fuel FC,65.4804968732,2411,9ld63jfw4ucicyezh2ggpha1g,2026-10-06
Calamocha,Calamocha,CF Calamocha,65.4780532127,2412,3jk4gnb5m4ov0fm9ssmgg4c2c,2026-10-06
Andrézieux,Andrézieux,ASF Andrézieux Bouthéon,65.4762579394,2413,4puti0g0aurz6lctqhbonl2c4,2026-10-06
São João Ver,São João Ver,SC São João de Ver,65.475961632,2414,eoix5zq4par8gwml3bhkkyihg,2026-10-06
Comoé,USCO,US de la Comoé,65.4740478336,2415,9p9ntqh3h3idc6ma379m3fa,2026-10-06
Belshina,Belshina,FK Belshina Bobruisk,65.4689896796,2416,2tml5a5shxx16bkg25p0hh8gk,2026-10-06
One Taguig,One Taguig,One Taguig FC,65.4673939959,2417,c50ksp1w60e030qpuec4280es,2026-10-06
Buffles,Buffles,Buffles de Borgou FC,65.4630669875,2418,t5yilsv0ffm6kb8mz07ywiz8,2026-10-06
Van,Van,FK Van,65.4526054902,2419,847iyp5po72cef4cdwd8c0ems,2026-10-06
Samgurali,Samgurali,FC Samgurali Tskaltubo,65.448073668,2420,dmtc6z8cwdmdocaz02qc5p0yc,2026-10-06
HLM,HLM,Habitation à Loyer Modéré FC de Dakar,65.4440682254,2421,1bt3oe8dwu7lmuy50kex4bkt0,2026-10-06
Al Najma,Najma,Al Najma Club,65.4395524381,2422,3lxygsgllro9oeey1m5ndpct0,2026-10-06
NC Magra,NC Magra,NC Magra,65.4292502542,2423,flxkeved0q9tmclqafcpql1w,2026-10-06
Campobasso,Campobasso,Campobasso FC,65.4285518484,2424,5sw6ud25poqqgzszu5yk6p0r8,2026-10-06
Chonburi,Chonburi,Chonburi FC,65.427476748,2425,2y9xq2tx9nthjl37uqgtoc2z8,2026-10-06
SONABEL,SONABEL,AS de la SONABEL,65.4248949708,2426,56y5sheadf58560v7uwkil9n8,2026-10-06
Real Murcia II,Murcia II,Real Murcia Imperial,65.4201852925,2427,3jk4gnb5m4ov0fm9ssmgg4c2c,2026-10-06
Mladost Ždralovi,Ždralovi,NK Mladost Ždralovi,65.4121673083,2428,cuux8wgnrxz78zen0blqr5q1g,2026-10-06
Sitra,Sitra,Sitra Club,65.4071320163,2429,3dsgnubzzf96l31ocjo3kial0,2026-10-06
ASFA-Yennenga,ASFA,AS du Faso-Yennenga,65.4050243015,2430,56y5sheadf58560v7uwkil9n8,2026-10-06
Freiburg II,Freiburg II,SC Freiburg II,65.3975256841,2431,cp9ieu0l4mgyazd7866sx8pw4,2026-10-06
Vautour Club,Vautour,Vautour Club Mangoungou,65.389685398,2432,91hx1tapplzhsaiav9r0gdq8k,2026-10-06
Shkëndija Haraçinë,Shkëndija 77,KF Shkëndija 77 Haraçinë,65.3835811746,2433,bdisf9hz6nqbfmztljccr2978,2026-10-06
Chindia Târgovişte,Chindia,CF Chindia Târgovişte,65.3759116504,2434,2iz4hkjsj1fadp09drcb6hhqs,2026-10-06
Esbjerg,Esbjerg,Esbjerg fB,65.3727741088,2435,2mb332vncy4450vu14paj8844,2026-10-06
Al Gharraf,Gharraf,Al Gharraf SC,65.3726216344,2436,1ua3sfkjt1blxmm5vtgqwavis,2026-10-06
Hottin,Hottin,Hottin SC,65.3724473281,2437,epf0rlgn33w37t43qiocvx4wk,2026-10-06
Hohoe United,Hohoe,Hohoe United FC,65.3703349897,2438,68v3i3kx3e71qpfh48xnofac4,2026-10-06
Kolding,Kolding,Kolding IF,65.3661503928,2439,2mb332vncy4450vu14paj8844,2026-10-06
Zoman,Zoman,Zoman FC,65.3590072119,2440,2x67tvk4kdanna2zej4ui0bv8,2026-10-06
Dunfermline Athletic,Dunfermline,Dunfermline Athletic FC,65.3570863226,2441,73jqy9edtsysqefneqki92kno,2026-10-06
Al Jazeera,Al Jazeera,Al Jazeera Club Amman,65.3551884598,2442,espg5w80i6jk5f0n0b3buusk4,2026-10-06
Mindelense,Mindelense,CS Mindelense,65.3529063771,2443,378ubqtunv9zk2so0s1rz4s2c,2026-10-06
Louletano,Louletano,Louletano DC,65.3438387571,2444,eoix5zq4par8gwml3bhkkyihg,2026-10-06
Platense,Platense,CD Platense Municipal Zacatecoluca,65.341979341,2445,30t9l739hkqomjqhti9lxg5qs,2026-10-06
F91 Dudelange,Dudelange,F91 Dudelange,65.3407011622,2446,uza4dpaosr9j4jztif162p78,2026-10-06
Southend United,Southend,Southend United FC,65.3399864871,2447,7jeqt00dn1903yv3hr8r63g2c,2026-10-06
Prison Leopards,Prison Leopard,Prison Leopards FC,65.3353010005,2448,7hoa4ene4msnhin9rmaiu35sk,2026-10-06
Flambeau du Centre,Flamb. Centre,Flambeau du Centre FC,65.3297230268,2449,emlzehq1t5dd17y2jnjdwn4k,2026-10-06
Stenhousemuir,Stenhousemuir,Stenhousemuir FC,65.3243158594,2450,73jqy9edtsysqefneqki92kno,2026-10-06
Hemelingen,Hemelingen,SV Hemelingen,65.322921359,2451,949cwx081ssmm4uuutgo1stn8,2026-10-06
Indy Eleven,Indy Eleven,Indy Eleven,65.3215825689,2452,cbkjk31sv9wm38ljg3vxhtus4,2026-10-06
Mohun Bagan,Mohun Bagan,Mohun Bagan Super Giant,65.3213720874,2453,d70h9cciplfhf01fn96gpcw0k,2026-10-06
Wacker Innsbruck,Wacker,FC Wacker Innsbruck,65.3194351034,2454,bbsieeq7vmacbhd5d5hvgu978,2026-10-06
Szeged-Csanád,Szeged-Csanád,Szeged-Csanád Grosics Akadémia,65.317343347,2455,cnv4lxtlbn15zo28rnoqs4kr8,2026-10-06
Loto Popo,Loto Popo,Loto FC,65.3065393898,2456,t5yilsv0ffm6kb8mz07ywiz8,2026-10-06
Lecco,Lecco,Calcio Lecco 1912,65.3061872735,2457,5sw6ud25poqqgzszu5yk6p0r8,2026-10-06
Aresimi,Aresimi,KF Aresimi 1973,65.3027009869,2458,bdisf9hz6nqbfmztljccr2978,2026-10-06
Cavese 1919,Cavese,Cavese 1919,65.2946825035,2459,5sw6ud25poqqgzszu5yk6p0r8,2026-10-06
AlbinoLeffe,AlbinoLeffe,UC AlbinoLeffe,65.2925907196,2460,5sw6ud25poqqgzszu5yk6p0r8,2026-10-06
Motril,Motril,Motril CF,65.2904989333,2461,1h4ygpz4oamwj3kksmzc15ams,2026-10-06
Ibiza Islas Pitiusas,Ibiza Pitiusas,CD Ibiza Islas Pitiusas,65.2845721931,2462,1h4ygpz4oamwj3kksmzc15ams,2026-10-06
MC Saïda,MC Saïda,MC Saïda,65.2751602914,2463,flxkeved0q9tmclqafcpql1w,2026-10-06
Al Okhdood,Okhdood,Al Okhdood Club,65.2655911786,2464,3lxygsgllro9oeey1m5ndpct0,2026-10-06
Vendsyssel,Vendsyssel,Vendsyssel FF,65.2573786753,2465,2mb332vncy4450vu14paj8844,2026-10-06
Universitario II,Universitario,Club Universitario de Deportes II,65.2548057298,2466,a9cov1ehhclrmqc4wgh59p2j8,2026-10-06
UD Melilla,UD Melilla,UD Melilla,65.2497086378,2467,1h4ygpz4oamwj3kksmzc15ams,2026-10-06
El Entag El Harby,Military,El Entag El Harby,65.2486639158,2468,c8yhc9482s3xm3dplmzcg8wes,2026-10-06
Baladiyyat Al Mehalla,Baladiyyat,Baladiyyat Al Mehalla,65.2483152768,2469,c8yhc9482s3xm3dplmzcg8wes,2026-10-06
Nacional FCB,Nacional,Nacional Fútbol Club Mollendo,65.2460897637,2470,a9cov1ehhclrmqc4wgh59p2j8,2026-10-06
Hammarby Talang,Hammarby TFF,Hammarby Talangfotbollförening,65.2444790488,2471,6y4xajtea36x0n0xrjr4vy3o4,2026-10-06
Schalke 04 II,Schalke II,FC Schalke 04 II,65.2326252601,2472,cp9ieu0l4mgyazd7866sx8pw4,2026-10-06
Mariehamn,Mariehamn,IFK Mariehamn,65.2298361225,2473,32gy6t29t9240sgu7l11j9nh0,2026-10-06
Kickers Offenbach,Offenbach,Offenbacher FC Kickers 1901,65.2291388374,2474,cp9ieu0l4mgyazd7866sx8pw4,2026-10-06
Olimpia Grudziądz,Grudziądz,GKS Olimpia Grudziądz,65.225303765,2475,1f9k5nej63ck6nqpw0q5uml1w,2026-10-06
Sayaxché,Sayaxché,Club Social y Deportivo Sayaxché,65.2225703308,2476,9krteg77umv3opxgpwp51d6ac,2026-10-06
FSV Frankfurt,FSV Frankfurt,FSV Frankfurt 1899,65.2221659727,2477,cp9ieu0l4mgyazd7866sx8pw4,2026-10-06
Old Road Jets United,Old Road Jets,Old Road Jets United FC,65.2201321144,2478,46z6xc333qod4qfckpehisphw,2026-10-06
Sardarapat,Sardarapat,Sardarapat FC,65.2029904617,2479,847iyp5po72cef4cdwd8c0ems,2026-10-06
Derby Académie,Derby Académie,Derby Académie,65.1925344979,2480,2fvr17f4zzd5uci32usqi0ro4,2026-10-06
GOAL,GOAL,GOAL FC,65.1914327638,2481,4puti0g0aurz6lctqhbonl2c4,2026-10-06
Avranches,Avranches,US Avranches Mont-Saint-Michel,65.1896895151,2482,4puti0g0aurz6lctqhbonl2c4,2026-10-06
Dynamo Puerto,Dynamo Puerto,Dynamo Puerto FC,65.1839960537,2483,5l0o7aj8bf50pay409j5x0j6c,2026-10-06
Santa Cruz,Santa Cruz,Santa Cruz FC,65.1822527982,2484,kis8d8dd780usq5xloolkaac,2026-10-06
Sua Flamingoes,Flamingoes,Sua Flamingoes FC,65.1646036758,2485,e2i85rbbrmh0zcyvozwl9qk9g,2026-10-06
Leningradets,Leningradets,FK Leningradets Leningradskaya Oblast,65.1615009598,2486,ewtzgv48te3m77r86sxunl3x0,2026-10-06
Sakaryaspor,Sakaryaspor,Sakaryaspor Kulübü,65.1611523047,2487,9iurl7j8nsnscnb6u5uaicj6c,2026-10-06
Mutondo Stars,Mutondo Stars,Mutondo Stars FC,65.1571462523,2488,3yqrgsjxdtodaoynaqjdtzuhg,2026-10-06
Bayern München II,Bayern II,FC Bayern München II,65.1566197818,2489,cp9ieu0l4mgyazd7866sx8pw4,2026-10-06
Bourg-Péronnas,Bourg-Péronnas,Football Bourg-en-Bresse Péronnas 01,65.1559224696,2490,2hzxt22wy9dxf7qxh08hjbuhg,2026-10-06
Deportivo Santamarina,Santamarina,CD Santamarina de Tandil,65.1533145198,2491,1q9caek968o8ubc43inhg6uxg,2026-10-06
Burgos Promesas,Burgos Promes.,CD Burgos Promesas 2000,65.1527845616,2492,1h4ygpz4oamwj3kksmzc15ams,2026-10-06
Khouribga,Khouribga,Olympique Club de Khouribga,65.1468585825,2493,4dfmno1tfc1gwcbeko4448v42,2026-10-06
Arnedo,Arnedo,CD Arnedo,65.1461600719,2494,3jk4gnb5m4ov0fm9ssmgg4c2c,2026-10-06
Al Hidd,Hidd,Al Hidd SCC,65.1432160213,2495,3dsgnubzzf96l31ocjo3kial0,2026-10-06
Atlético El Vigía,El Vigía,Atlético El Vigía FC,65.1425061329,2496,5l0o7aj8bf50pay409j5x0j6c,2026-10-06
BKMA,BKMA,Banaki Kentronakan Marzakan Akumb,65.1405815362,2497,847iyp5po72cef4cdwd8c0ems,2026-10-06
Den Bosch,Den Bosch,FC Den Bosch,65.138489581,2498,7bdyxkrzt42tv7377rpz5nqc4,2026-10-06
INCA-Aruba,INCA-Aruba,Club Deportivo INCA-Aruba,65.1373272814,2499,30t9l739hkqomjqhti9lxg5qs,2026-10-06
Stade Marocain,Stade Marocain,Stade Marocain du Rabat,65.1353528387,2500,e66497iax4m4oq94h8qc9nllg,2026-10-06
Azazga,Azazga,JS Azazga,65.1343068585,2501,4ljwkub75q0fllms9epzol0wr,2026-10-06
Primero Mayo de Yantzaza,Primero Mayo,Club Primero de Mayo de Yantzaza,65.1310003625,2502,6f3mt0vs7zxlbfevjpbqur4lw,2026-10-06
Excursionistas,Excursionistas,CA Excursionistas,65.1296057188,2503,epr9s9zih7yd5dygat10o64us,2026-10-06
Arsenal Česká Lípa,Arsenal CL,FK Arsenal Česká Lípa,65.126983786,2504,6366wwpqz6bqwsprqq35h4hec,2026-10-06
SNIM,SNIM,ASC Société Nationale Industrielle et Minière FC (Cansado),65.1255903342,2505,dp0cjg7hm16o0ay8b1amdexhw,2026-10-06
Al-Madina,Madina,Al-Madina,65.1168760613,2506,68kgxuk3dkg7p955ifkisgc9g,2026-10-06
Arsenal,Arsenal,Arsenal FC,65.1097319347,2507,epr9s9zih7yd5dygat10o64us,2026-10-06
VG United,VG United,Virgin Gorda United Rebels FC,65.1035069973,2508,6ai1o32comsvohaqi346lvx1w,2026-10-06
Hungry Lions,Hungry Lions,Hungry Lions FC,65.1022298496,2509,4nwd2e9auc7j57110c5f3fehg,2026-10-06
Gbohloé-su des Lacs,Gbohloé,Gbohloé-su des Lacs,65.0989198105,2510,d8hdusfvdmgo6ki7qtifb88wk,2026-10-06
Szentlőrinc SE,Szentlőrinc,Szentlőrinc SE,65.0886306271,2511,cnv4lxtlbn15zo28rnoqs4kr8,2026-10-06
Dassendorf,Dassendorf,TuS Dassendorf,65.0879332897,2512,949cwx081ssmm4uuutgo1stn8,2026-10-06
Sport Sébaco,Sport Sébaco,Club Sport Sébaco FC,65.0846789455,2513,c0h34ymbtky0gg66xxiox8t1w,2026-10-06
Capoise,Capoise,AS Capoise,65.0810179135,2514,4vdnis45sxd05ictg09vgpous,2026-10-06
Ranger's,Ranger's,Ranger's FC Andorra,65.0781705388,2515,2a3fpo37ny4uvuf4u7toqok5w,2026-10-06
Ospitaletto,Ospitaletto,ACD Ospitaletto SSD,65.075032501,2516,5sw6ud25poqqgzszu5yk6p0r8,2026-10-06
Maringá,Maringá,Maringá FC,65.0741677963,2517,kis8d8dd780usq5xloolkaac,2026-10-06
Ponte Preta,Ponte Preta,Associacao Atletica Ponte Preta,65.0713784236,2518,7pt8trpd4rbju1v568nuskdn8,2026-10-06
Huracán,Huracán,Huracán Fútbol Club,65.0661483387,2519,6oy1dcqjggeoyx76gstf8zkes,2026-10-06
Leioa,Leioa,SD Leioa,65.0659670288,2520,1h4ygpz4oamwj3kksmzc15ams,2026-10-06
Guarani SP,Guarani,Guarani FC,65.0539447505,2521,kis8d8dd780usq5xloolkaac,2026-10-06
Voitsberg,Voitsberg,ASK Voitsberg,65.0485333055,2522,bbsieeq7vmacbhd5d5hvgu978,2026-10-06
Cacahuatique,Cacahuatique,CD Cacahuatique,65.0480683026,2523,30t9l739hkqomjqhti9lxg5qs,2026-10-06
Recreativo da Caála,Caála,CR da Caála,65.0474907637,2524,ofi6heevfqlhgto3devky0b8,2026-10-06
Livingston,Livingston,Livingston FC,65.0429544798,2525,73jqy9edtsysqefneqki92kno,2026-10-06
Korhogo,Korhogo,CO Korhogo,65.0420862735,2526,2x67tvk4kdanna2zej4ui0bv8,2026-10-06
Vanspor,Van,Van Spor FK,65.0349348888,2527,9vlcn0hdb4ufq9s8e7kjnfn6c,2026-10-06
Hanácká Slávia,Kroměříž,SK Hanácká Slávia Kroměříž,65.0234284593,2528,6366wwpqz6bqwsprqq35h4hec,2026-10-06
Inter Moengotapoe,Inter,Inter Moengo Tapoe,65.0050343076,2529,2iliu0oyb0iehjz6cxu2y9t78,2026-10-06
Gyirmót,Gyirmót,Gyirmót SE,65.0011127586,2530,cnv4lxtlbn15zo28rnoqs4kr8,2026-10-06
Bourges Foot 18,Bourges,Bourges Foot 18,65.0000144008,2531,4puti0g0aurz6lctqhbonl2c4,2026-10-06
OTR,OTR,AS OTR,64.9991984775,2532,d8hdusfvdmgo6ki7qtifb88wk,2026-10-06
HK,HK,HK Kópavogur,64.9951153687,2533,a5uti9g06jek0b3rv3zavb578,2026-10-06
Siheung Citizen,Siheung,Siheung City Athletic Club,64.9944584442,2534,2e9i1nuxuoznknto2pks55vys,2026-10-06
Trofense,Trofense,CD Trofense,64.9937903614,2535,eoix5zq4par8gwml3bhkkyihg,2026-10-06
Dos Hermanas 1971,Dos Hermanas,Dos Hermanas CF 1971,64.9930929888,2536,1h4ygpz4oamwj3kksmzc15ams,2026-10-06
Imbabura,Imbabura,Imbabura SC,64.9911821864,2537,6f3mt0vs7zxlbfevjpbqur4lw,2026-10-06
Brusque,Brusque,Brusque FC,64.9828136858,2538,kis8d8dd780usq5xloolkaac,2026-10-06
San Juan SN,San Juan,IN San Juan FC Satélite Norte,64.975665562,2539,2yzo0vofqnirl3yjd7fdzavpw,2026-10-06
ISCA,ISCA,Inova Sporting Club Association,64.9664217771,2540,2x67tvk4kdanna2zej4ui0bv8,2026-10-06
Créteil,Créteil,US Créteil Football,64.9634021076,2541,4puti0g0aurz6lctqhbonl2c4,2026-10-06
Etoile Filante,Etoile Filante,Etoile Filante Lomé,64.9496845176,2542,d8hdusfvdmgo6ki7qtifb88wk,2026-10-06
Alittihad Misurata,Alittihad Mis.,Alittihad Misurata SC,64.9495101703,2543,68kgxuk3dkg7p955ifkisgc9g,2026-10-06
Oita Trinita,Oita,Oita Trinita,64.9376217424,2544,4zxaepel6gk1jzqf5di3m6iok,2026-10-06
Scafatese,Scafatese,SS Scafatese Calcio 1922,64.9369536394,2545,5sw6ud25poqqgzszu5yk6p0r8,2026-10-06
Sandecja Nowy Sącz,Sandecja,MKS Sandecja Nowy Sącz,64.9366049426,2546,1f9k5nej63ck6nqpw0q5uml1w,2026-10-06
Mjøndalen,Mjøndalen,Mjøndalen IF,64.9359075486,2547,eyebcttojdlxx2xxue3awhmvo,2026-10-06
Atalanta II,Atalanta II,Atalanta Bergamasca Calcio Under 23,64.9310257839,2548,5sw6ud25poqqgzszu5yk6p0r8,2026-10-06
Stade Briochin,Stade Briochin,Stade Briochin,64.9295786869,2549,4puti0g0aurz6lctqhbonl2c4,2026-10-06
Llosetense,Llosetense,CD Llosetense,64.9282361983,2550,1h4ygpz4oamwj3kksmzc15ams,2026-10-06
Třinec,Třinec,FK Fotbal Třinec,64.9250979096,2551,6366wwpqz6bqwsprqq35h4hec,2026-10-06
Imabari,Imabari,FC Imabari,64.9226277239,2552,4zxaepel6gk1jzqf5di3m6iok,2026-10-06
Concordia Chiajna,Concordia,CS Concordia Chiajna,64.9223083152,2553,2iz4hkjsj1fadp09drcb6hhqs,2026-10-06
Viktoria Žižkov,Žižkov,FK Viktoria Žižkov,64.9205648166,2554,6366wwpqz6bqwsprqq35h4hec,2026-10-06
Qizilqum,Qizilqum,Qizilqum Zarafshon PFK,64.9204100133,2555,30hnhs47crryfhtm1523ygzkk,2026-10-06
Alianza Lima II,Alianza II,Club Alianza Lima II,64.9138070006,2556,a9cov1ehhclrmqc4wgh59p2j8,2026-10-06
US Bougouba,US Bougouba,US Bougouba,64.9087124717,2557,2fvr17f4zzd5uci32usqi0ro4,2026-10-06
Al Jabalain,Jabalain,Al Jabalain FC,64.9068106673,2558,3lxygsgllro9oeey1m5ndpct0,2026-10-06
Police,Police,Police FC,64.9038306343,2559,d43v3lpfbbegmsubl20bdpct0,2026-10-06
Raufoss,Raufoss,Raufoss IL,64.8968530743,2560,1b7iiw2jok0qp6s65rmh05a1g,2026-10-06
Prostějov,Prostějov,SK Prostějov,64.8968530743,2561,6366wwpqz6bqwsprqq35h4hec,2026-10-06
Universitario,Universitario,CD Universitario,64.895165276,2562,dxqxpijuyxkzzosa7wdmhzd3o,2026-10-06
Vilzing,Vilzing,DJK Vilzing,64.892668618,2563,cp9ieu0l4mgyazd7866sx8pw4,2026-10-06
Mashujaa,Mashujaa,Mashujaa FC,64.8841288129,2564,c5wdltkcr7ti6feuv6ej6kavo,2026-10-06
Racing,Racing,Racing Club de France Football,64.8790167644,2565,4puti0g0aurz6lctqhbonl2c4,2026-10-06
Iztapa,Iztapa,Club Deportivo Iztapa,64.8759864239,2566,9krteg77umv3opxgpwp51d6ac,2026-10-06
Recreativo do Libolo,Recreativo,Clube Recreativo Desportivo do Libolo,64.8731445188,2567,ofi6heevfqlhgto3devky0b8,2026-10-06
WA Mostaganem,Mostaganem,WA Mostaganem,64.859193826,2568,flxkeved0q9tmclqafcpql1w,2026-10-06
Zápy,Zápy,SK Zápy,64.8550080906,2569,1b9w528q6lpjmxp9k0sfxvtw4,2026-10-06
Union Omaha,Union Omaha,Union Omaha,64.8529715421,2570,aaqxopxxof8k6ao4qagu5yzo4,2026-10-06
Simba,Simba,FC Simba,64.8518731662,2571,ehmma83pqd17k7x6if20hmrkk,2026-10-06
Al Raed,Raed,Al Raed FC,64.8513661574,2572,3lxygsgllro9oeey1m5ndpct0,2026-10-06
Eichstätt,Eichstätt,VfB Eichstätt,64.8511722536,2573,cp9ieu0l4mgyazd7866sx8pw4,2026-10-06
SKA Khabarovsk,SKA,FK SKA-Khabarovsk,64.8487312623,2574,ewtzgv48te3m77r86sxunl3x0,2026-10-06
Miami,Miami,Miami FC,64.8463459933,2575,cbkjk31sv9wm38ljg3vxhtus4,2026-10-06
Mekelakeya,Mekelakeya,Defence Force SC,64.8455940352,2576,yfk6117shr401b5om4u5nehg,2026-10-06
Voždovac,Voždovac,FK Voždovac,64.8448954124,2577,38qhp7f77q817kvnksk95ucyc,2026-10-06
Ljungskile,Ljungskile,Ljungskile SK,64.8438492702,2578,e45p1bhnnox3kdgzamrx63r4k,2026-10-06
URA,URA,Uganda Revenue Authority FC,64.8414117565,2579,d43v3lpfbbegmsubl20bdpct0,2026-10-06
Rumilly Vallières,Rumilly V.,GFA Rumilly Vallières,64.8406585328,2580,4puti0g0aurz6lctqhbonl2c4,2026-10-06
Real Zaragoza II,Zaragoza II,Real Zaragoza Deportivo Aragón,64.8403621252,2581,1h4ygpz4oamwj3kksmzc15ams,2026-10-06
Polisi Tanzania,Polisi,Polisi Tanzania FC,64.8304272151,2582,c5wdltkcr7ti6feuv6ej6kavo,2026-10-06
Brage,Brage,IK Brage,64.8225775845,2583,e45p1bhnnox3kdgzamrx63r4k,2026-10-06
Vimenor,Vimenor,CF Vimenor,64.8197878372,2584,1h4ygpz4oamwj3kksmzc15ams,2026-10-06
Ejea,Ejea,SD Ejea,64.8169980858,2585,1h4ygpz4oamwj3kksmzc15ams,2026-10-06
Langreo,Langreo,Unión Popular de Langreo,64.8152544891,2586,1h4ygpz4oamwj3kksmzc15ams,2026-10-06
Saguntino,Saguntino,Atlético Saguntino,64.8135108908,2587,1h4ygpz4oamwj3kksmzc15ams,2026-10-06
Sol de Mayo,Sol de Mayo,Club Social y Deportivo Sol de Mayo,64.8088101415,2588,1q9caek968o8ubc43inhg6uxg,2026-10-06
Pianese,Pianese,US Pianese,64.8068852022,2589,5sw6ud25poqqgzszu5yk6p0r8,2026-10-06
Oliveira Hospital,Oliv. Hospital,FC Oliveira do Hospital,64.8068852022,2590,f0zodm68vgjezko34dv1zdyc4,2026-10-06
Supra du Québec,Supra,FC Supra du Québec,64.8058947653,2591,bmqmrylzzfggzr15yas9dev4k,2026-10-06
Jorge Newbery CR,Newbery CR,Club Atlético Jorge Newbery de Comodoro Rivadavia,64.80288188,2592,bt89iqwmniyxhz06vrzhc3das,2026-10-06
Torres,Torres,ASD Torres,64.793285031,2593,5sw6ud25poqqgzszu5yk6p0r8,2026-10-06
Yadah,Yadah,Yadah FC,64.7856165831,2594,9ld63jfw4ucicyezh2ggpha1g,2026-10-06
Memmingen,Memmingen,FC Memmingen 07,64.7824745679,2595,cp9ieu0l4mgyazd7866sx8pw4,2026-10-06
Tru-Juice,Tru-Juice,Tru-Juice FC,64.7802658696,2596,wsen23jl97o765wp3skwljis,2026-10-06
Angoulême,Angoulême,Angoulême Charente FC,64.7785862731,2597,4puti0g0aurz6lctqhbonl2c4,2026-10-06
Municipal Jalapa,Jalapa,ART Municipal Jalapa,64.7750349735,2598,c0h34ymbtky0gg66xxiox8t1w,2026-10-06
Pécsi MFC,Pécsi,Pécsi Mecsek FC,64.7727102249,2599,2bunj0abqj9sw0w43ykismb6c,2026-10-06
Dnepr Mogilev,Dnepr,FC Dnepr Mogilev,64.7591098049,2600,2tml5a5shxx16bkg25p0hh8gk,2026-10-06
Raja Beni Mellal,Raja BM,Raja de Beni Mellal,64.7577160794,2601,e66497iax4m4oq94h8qc9nllg,2026-10-06
St. Pauls United,St. Pauls,SL Horsford St. Pauls FC,64.7501008239,2602,46z6xc333qod4qfckpehisphw,2026-10-06
GC Mascara,Mascara,Ghali Club de Mascara,64.7451617484,2603,flxkeved0q9tmclqafcpql1w,2026-10-06
BVSC Zugló,BVSC,Budapesti Vasutas Sport Club Zugló,64.7441143553,2604,cnv4lxtlbn15zo28rnoqs4kr8,2026-10-06
Dinamo Zagreb II,Dinamo Zagreb,GNK Dinamo Zagreb II,64.7437656225,2605,cuux8wgnrxz78zen0blqr5q1g,2026-10-06
Trelleborg,Trelleborg,Trelleborgs FF,64.7437656225,2606,6y4xajtea36x0n0xrjr4vy3o4,2026-10-06
Guijuelo,Guijuelo,CD Guijuelo,64.7427194236,2607,1h4ygpz4oamwj3kksmzc15ams,2026-10-06
Paysandú,Paysandú,Paysandú FC,64.7394134314,2608,6oy1dcqjggeoyx76gstf8zkes,2026-10-06
Dečić,Dečić,FK Dečić,64.736093484,2609,bp0tbsm945cofzlkbdgmd7dp0,2026-10-06
Racing des Gônaïves,Gônaïves,Racing FC des Gônaïves,64.7358027725,2610,4vdnis45sxd05ictg09vgpous,2026-10-06
Pays de Grasse,Pays de Grasse,Racing Club Pays de Grasse,64.7353437051,2611,er1n8bxfo7q3075m90iafw1ec,2026-10-06
Cavaly,Cavaly,AS Cavaly,64.7340591,2612,4vdnis45sxd05ictg09vgpous,2026-10-06
Sagrado Corazón,S. Corazón,CD Sagrado Corazón,64.7320900101,2613,6f3mt0vs7zxlbfevjpbqur4lw,2026-10-06
Kaya,Kaya,Kaya FC-Iloilo,64.731707299,2614,c50ksp1w60e030qpuec4280es,2026-10-06
Arsenal,Arsenal,FK Arsenal Dzyarzhynsk,64.7294675208,2615,2tml5a5shxx16bkg25p0hh8gk,2026-10-06
Young Buffaloes,Buffaloes,Young Buffaloes FC,64.7249374427,2616,8pf5znjqxa3ghoff6kevxy42c,2026-10-06
HFX Wanderers,Wanderers,HFX Wanderers FC,64.7228972633,2617,bmqmrylzzfggzr15yas9dev4k,2026-10-06
Mbeya City,Mbeya City,Mbeya City FC,64.7125572605,2618,c5wdltkcr7ti6feuv6ej6kavo,2026-10-06
Unisport,Unisport,Unisport de Sokodé,64.7118597813,2619,d8hdusfvdmgo6ki7qtifb88wk,2026-10-06
Kafr Qasim,Kafr Qasim,MS Kafr Qasim,64.7099382295,2620,1mqfttramp7l8dfkpwk7w6wic,2026-10-06
Gyeongnam,Gyeongnam,Gyeongnam FC,64.7050265805,2621,aqzfod554aa202i8pjkt4ou1g,2026-10-06
CFFA,CFFA,Centre de Formation de Football Andoharanofotsy,64.7015719598,2622,citm4e83b4soxyy411ags2z8,2026-10-06
Balzan,Balzan,Balzan FC,64.7012197298,2623,3jedmdrdnamejeki9uh7jrs44,2026-10-06
Beni Oulbane,NRBBO,NRB Beni Oulbane,64.7001747022,2624,flxkeved0q9tmclqafcpql1w,2026-10-06
Atenas,Atenas,Atenas FC,64.6986111468,2625,6f3mt0vs7zxlbfevjpbqur4lw,2026-10-06
Encarnación,Encarnación,Encarnación FC,64.6940775046,2626,8vh8k7j5o8k9gynwf0ntfr578,2026-10-06
ASKO,ASKO,AS Korofina,64.6872735349,2627,2fvr17f4zzd5uci32usqi0ro4,2026-10-06
Mouloudia Oujda,MC Oujda,Mouloudia Club d'Oujda,64.6862250102,2628,e66497iax4m4oq94h8qc9nllg,2026-10-06
Caguas Sporting,Caguas Sport.,Caguas Sporting FC,64.6815737951,2629,9ij31b9nteu7u821uzpr04k4,2026-10-06
Norrby,Norrby,Norrby IF,64.6691353004,2630,e45p1bhnnox3kdgzamrx63r4k,2026-10-06
Universitario de Sucre,Universitario,CD Universitario San Francisco Xavier,64.6600748366,2631,9q5nb2oto8bvh3nkzt5d8kv10,2026-10-06
Agouado,Agouado,ASC Agouado,64.6597771383,2632,8ptl1wrxicnblij9u19k2p4pg,2026-10-06
Fortune,Fortune,Fortune FC,64.6591994794,2633,64nsmt5p5xncpk6dxcipjou8k,2026-10-06
Team,Team,Team FC,64.6527453239,2634,c8yhc9482s3xm3dplmzcg8wes,2026-10-06
Dodoma Jiji,Dodoma Jiji,Dodoma Jiji FC,64.6525732432,2635,c5wdltkcr7ti6feuv6ej6kavo,2026-10-06
Ethiopian Medhin,Medhin,Ethiopian Insurance Corporation,64.6503040733,2636,yfk6117shr401b5om4u5nehg,2026-10-06
Bolívar,Bolívar,Bolívar SC,64.6462992202,2637,5l0o7aj8bf50pay409j5x0j6c,2026-10-06
La Luz,La Luz,La Luz FC,64.6407191948,2638,6oy1dcqjggeoyx76gstf8zkes,2026-10-06
WA Tlemcen,WA Tlemcen,WA Tlemcen,64.6387952772,2639,flxkeved0q9tmclqafcpql1w,2026-10-06
Pigotts Bullets,Pigotts,Pigotts Bullets FC,64.6351902035,2640,eutz7cztklmm0kuh8bthrfxg4,2026-10-06
Shenzhen Peng City,Peng City,Shenzhen Peng City FC,64.6345797525,2641,e6818x4pwankpph8awr91m1hw,2026-10-06
Aalen,Aalen,VfR Aalen 1921,64.6335627877,2642,cp9ieu0l4mgyazd7866sx8pw4,2026-10-06
Hammam-Sousse,ESHS,Espoir Sportif de Hammam-Sousse,64.6283326737,2643,2cdwuc8jbyg41icy3ah21d2c4,2026-10-06
Marko,Marko,FC Marko,64.6214086903,2644,2ucolfpd3bp9magtvueu1udw,2026-10-06
Adiaké,Adiaké,OFC Adiaké,64.615605386,2645,zy02tnhmoub4rmqkhbjc05xw,2026-10-06
TOP Oss,TOP,TOP Oss,64.6122887057,2646,7bdyxkrzt42tv7377rpz5nqc4,2026-10-06
Pirata,Pirata,Pirata FC,64.6121213022,2647,4wjv3pabgbhm9is93zhe6zf9w,2026-10-06
Royal Leopards,Leopards,Royal Leopards FC,64.6070608262,2648,8pf5znjqxa3ghoff6kevxy42c,2026-10-06
Sportfreunde Siegen,SF Siegen,Sportfreunde Siegen von 1899,64.5983383562,2649,cp9ieu0l4mgyazd7866sx8pw4,2026-10-06
Al Ahli,Ahli,Al Ahli Club (Manama),64.5981835262,2650,3dsgnubzzf96l31ocjo3kial0,2026-10-06
Vire,Vire,AF Virois,64.597710588,2651,bzf5qx9yamvvlrgfqfs6ozl78,2026-10-06
Canon,Canon,Canon de Yaoundé,64.5958982293,2652,cqmw3la51kme1j36rsfej2p04,2026-10-06
Geita Gold,Geita Gold,Geita Gold FC,64.5946798615,2653,c5wdltkcr7ti6feuv6ej6kavo,2026-10-06
Al Shomooa,Al Shomooa,Al Shomooa SC,64.5931104358,2654,68kgxuk3dkg7p955ifkisgc9g,2026-10-06
Achuapa,Achuapa,Deportivo Achuapa,64.5928139201,2655,9krteg77umv3opxgpwp51d6ac,2026-10-06
Bihor Oradea,Bihor,FC Bihor Oradea,64.5896193347,2656,2iz4hkjsj1fadp09drcb6hhqs,2026-10-06
Kokand-1912,Kokand,FK Qo'qon 1912,64.5856281213,2657,30hnhs47crryfhtm1523ygzkk,2026-10-06
Gomido,Gomido,Gomido FC,64.5856120587,2658,d8hdusfvdmgo6ki7qtifb88wk,2026-10-06
Damascus Al Ahli,Al Ahli,Damascus Al Ahli Club,64.5798758267,2659,epf0rlgn33w37t43qiocvx4wk,2026-10-06
Dordrecht,Dordrecht,FC Dordrecht,64.5732274637,2660,7bdyxkrzt42tv7377rpz5nqc4,2026-10-06
Kustošija,Kustošija,NK Kustošija,64.5679959851,2661,cuux8wgnrxz78zen0blqr5q1g,2026-10-06
Las Vegas Lights,LV Lights,Las Vegas Lights FC,64.5673541873,2662,cbkjk31sv9wm38ljg3vxhtus4,2026-10-06
Tai Po,Wofoo,Tai Po FC,64.5672691572,2663,1eg1537in5v5szf108lk9s2s4,2026-10-06
Coatepeque FC,Coatepeque FC,Coatepeque FC,64.5638665256,2664,9krteg77umv3opxgpwp51d6ac,2026-10-06
Zweigen Kanazawa,Zweigen,Ishikawa FC Zweigen Kanazawa,64.5556900945,2665,d7a4tg9b5xoanhbupsxsbi238,2026-10-06
Boxing Club,Boxing Club,Asociación Atlética Boxing Club,64.5493439006,2666,bt89iqwmniyxhz06vrzhc3das,2026-10-06
Bhayangkara,Bhayangkara,Bhayangkara Presisi Lampung FC,64.5470406272,2667,2t0yn5r2hq16whtb16f4i7nro,2026-10-06
Ashanti GB,Ashanti,AS Ashanti Golden Boys,64.5456783325,2668,1odzlx97lfuimst69uxvbn310,2026-10-06
Al Jaish,Jaish,Al Jaish SC,64.5449991498,2669,epf0rlgn33w37t43qiocvx4wk,2026-10-06
San Antonio Unido,SA Unido,CSD San Antonio Unido,64.5434148144,2670,1vt857quawnm0trdnurecgydw,2026-10-06
Shirak,Shirak,Shirak FC,64.5421871424,2671,847iyp5po72cef4cdwd8c0ems,2026-10-06
Caldas,Caldas,Caldas SC,64.5397457469,2672,eoix5zq4par8gwml3bhkkyihg,2026-10-06
Olympique d'Alès,Alès,Olympique d'Alès en Cévennes,64.5349327006,2673,bzf5qx9yamvvlrgfqfs6ozl78,2026-10-06
Vega Real,Vega Real,Atlético Vega Real FC,64.5309100921,2674,cokma0jt05z41cexn5ea0mxg,2026-10-06
Ethnikos Achna,Ethnikos Achna,Ethnikos Achna FC,64.5283234609,2675,8ejoxvm5ho0ybtj08tnwxm8lw,2026-10-06
Al Ahli Wad Medani,Ahli Medani,Al Ahli SC Wad Medani,64.5237034059,2676,815s3vrb2yqcmcbnptxrl6yok,2026-10-06
Semassi,Semassi,AC Semassi FC,64.5179509182,2677,d8hdusfvdmgo6ki7qtifb88wk,2026-10-06
Vital'O,Vital'O,Vital'O FC,64.5169045943,2678,emlzehq1t5dd17y2jnjdwn4k,2026-10-06
Renate,Renate,AC Renate,64.5160291663,2679,5sw6ud25poqqgzszu5yk6p0r8,2026-10-06
Santiago Morning,Morning,CD Santiago Morning,64.5155129786,2680,1wi9d67mmituunqd3csuv0fmc,2026-10-06
Ario Eslamshahr,Ario,FC Ario Eslamshahr,64.5137816754,2681,4kjg0qklfya45mq3pjthw09w4,2026-10-06
Hessen Kassel,Kassel,KSV Hessen Kassel,64.5111463034,2682,cp9ieu0l4mgyazd7866sx8pw4,2026-10-06
Borac Čačak,Borac,FK Borac Čačak,64.510099974,2683,38qhp7f77q817kvnksk95ucyc,2026-10-06
Wolaitta Dicha,Dicha,Wolaitta Dicha SC,64.5097523925,2684,yfk6117shr401b5om4u5nehg,2026-10-06
Africando,Africando,Africando FC,64.5067935691,2685,6f3mt0vs7zxlbfevjpbqur4lw,2026-10-06
Bragança,Bragança,GD Bragança,64.5020780954,2686,f0zodm68vgjezko34dv1zdyc4,2026-10-06
Oyonesa,Oyonesa,SD Oyonesa,64.5020780954,2687,1h4ygpz4oamwj3kksmzc15ams,2026-10-06
Connah's Quay,Connah's Quay,Connah's Quay Nomads FC,64.5013805391,2688,5a72rnkyvdjffzei7qqokyot0,2026-10-06
FK Sibir,FK Sibir,FK Sibir,64.4992878686,2689,au1o7s1tazgfz249l77vlak9g,2026-10-06
B36,B36,B36 Tórshavn,64.4853366721,2690,9cmufoxqnsf2h6xwos1z1j6s4,2026-10-06
Picerno,Picerno,AZ Picerno,64.4849878908,2691,5sw6ud25poqqgzszu5yk6p0r8,2026-10-06
EF Ouagadougou,Étoile Filante,Étoile Filante de Ouagadougou,64.484816988,2692,56y5sheadf58560v7uwkil9n8,2026-10-06
Carlisle United,Carlisle,Carlisle United FC,64.4811338536,2693,7jeqt00dn1903yv3hr8r63g2c,2026-10-06
AH Zapla,Zapla,Asociación Cultural y Deportiva Altos Hornos Zapla,64.4795887486,2694,bt89iqwmniyxhz06vrzhc3das,2026-10-06
Olympique Béja,Olympique Béja,Olympique de Béja,64.479408577,2695,2cdwuc8jbyg41icy3ah21d2c4,2026-10-06
Rodina Moskva II,Rodina II,FK Rodina Moskva II,64.4790585995,2696,au1o7s1tazgfz249l77vlak9g,2026-10-06
Las Palmas III,Las Palmas III,UD Las Palmas III,64.4710365869,2697,1h4ygpz4oamwj3kksmzc15ams,2026-10-06
Toulon,Toulon,SC Toulon,64.4699379173,2698,4puti0g0aurz6lctqhbonl2c4,2026-10-06
Oakland Roots,Roots,Oakland Roots SC,64.4665581274,2699,cbkjk31sv9wm38ljg3vxhtus4,2026-10-06
Juventud Cautivo,Juv. Cautivo,CD Juventud Cautivo,64.457301426,2700,a9cov1ehhclrmqc4wgh59p2j8,2026-10-06
Vilanculo,Vilankulo,AD Vilanculo,64.456391093,2701,12paa0nrmm7b6c9bt3b9rsx78,2026-10-06
Vancouver FC,Vancouver,Vancouver FC,64.4498163842,2702,bmqmrylzzfggzr15yas9dev4k,2026-10-06
Sligo Rovers,Sligo,Sligo Rovers FC,64.44731913,2703,6zkfyunc0lfteytfj6slonuhg,2026-10-06
Levanger,Levanger,Levanger FK,64.4469703416,2704,eyebcttojdlxx2xxue3awhmvo,2026-10-06
Ethiopia Bunna,Ethiopia Bunna,Ye Ethiopia Bunna SC (Ethiopian Coffee),64.4445300163,2705,yfk6117shr401b5om4u5nehg,2026-10-06
Arema,Arema,Arema FC,64.4417092096,2706,2t0yn5r2hq16whtb16f4i7nro,2026-10-06
CSM Reşiţa,Reşiţa,Clubul Sportiv Muncitoresc Reşiţa,64.441040929,2707,2iz4hkjsj1fadp09drcb6hhqs,2026-10-06
Știința Poli Timişoara,Știința Poli,ACS Știința Poli Timișoara,64.4396457703,2708,2iz4hkjsj1fadp09drcb6hhqs,2026-10-06
Fassell,Fassell,FC Fassell,64.4342430103,2709,6x5fs0vog8z4mtp0f4ankjfo4,2026-10-06
Roasso Kumamoto,Kumamoto,Roasso Kumamoto,64.4336172777,2710,d7a4tg9b5xoanhbupsxsbi238,2026-10-06
Lamphun Warriors,Lamphun,Lamphun Warriors FC,64.4326406628,2711,2y9xq2tx9nthjl37uqgtoc2z8,2026-10-06
Baños Ciudad de Fuego,Baños CDF,Club Deportivo Especializado Baños Ciudad de Fuego,64.4314561678,2712,6f3mt0vs7zxlbfevjpbqur4lw,2026-10-06
Zhetysu,Zhetysu,FK Zhetysu Taldykorgan,64.4298796303,2713,5dlquxczyamt372efk9kgws2c,2026-10-06
Hammam-Lif,Hammam-Lif,CS Hammam-Lif,64.4277880746,2714,2cdwuc8jbyg41icy3ah21d2c4,2026-10-06
Ciudad de Yantzaza,Yantzaza,CD Ciudad de Yantzaza,64.4269218749,2715,6f3mt0vs7zxlbfevjpbqur4lw,2026-10-06
Sagamihara,Sagamihara,SC Sagamihara,64.4252462765,2716,d7a4tg9b5xoanhbupsxsbi238,2026-10-06
Imst,Imst,SC Imst,64.4176718831,2717,8h4bz8mec7n5utisq4xhw6lg4,2026-10-06
El Dakhleya,El Dakhleya,El Dakhleya SC,64.4173242844,2718,c8yhc9482s3xm3dplmzcg8wes,2026-10-06
Niki Volos,Niki,Niki Volou FC,64.4117946962,2719,2ucolfpd3bp9magtvueu1udw,2026-10-06
América des Cayes,América Cayes,América des Cayes,64.4107540245,2720,bva0t7rr4t5eq0llsgztfzx90,2026-10-06
Quiché,Quiché,Deportivo Quiché FC,64.4058685904,2721,9krteg77umv3opxgpwp51d6ac,2026-10-06
Inter de Limeira,Inter Limeira,AA Internacional de Limeira,64.3979718978,2722,kis8d8dd780usq5xloolkaac,2026-10-06
Negele Arsi Ketema,Negele Arsi,Negele Arsi Ketema FC,64.3911645509,2723,yfk6117shr401b5om4u5nehg,2026-10-06
Juventus II,Juventus NG,Juventus Next Gen,64.3897681596,2724,5sw6ud25poqqgzszu5yk6p0r8,2026-10-06
Wuhan Three Towns,Three Towns,Wuhan Three Towns FC,64.3820652628,2725,e6818x4pwankpph8awr91m1hw,2026-10-06
Hapoel Kfar Saba,H Kfar Saba,Hapoel Kfar Saba FC,64.3793041551,2726,1mqfttramp7l8dfkpwk7w6wic,2026-10-06
Karlovac 1919,Karlovac,NK Karlovac 1919,64.3768625455,2727,cuux8wgnrxz78zen0blqr5q1g,2026-10-06
Ferroviário Nampula,Ferro Nampula,Clube Ferroviário de Nampula,64.3754708267,2728,12paa0nrmm7b6c9bt3b9rsx78,2026-10-06
Defensor Jose María Arg.,Defensor JMA,CD Defensor Jose María Arguedas,64.3746371901,2729,61r1c8nb0n4p1lgy9oeaimpsk,2026-10-06
MO Constantine,MO Constantine,Mouloudia Olympic of Constantine,64.3730269193,2730,flxkeved0q9tmclqafcpql1w,2026-10-06
Sintrense,Sintrense,Sport União Sintrense,64.367793682,2731,f0zodm68vgjezko34dv1zdyc4,2026-10-06
Tiaret,Tiaret,JSM Tiaret,64.3663996635,2732,flxkeved0q9tmclqafcpql1w,2026-10-06
Plaza Amador II,Pl. Amador II,CD Plaza Amador II,64.3580829041,2733,5vfsgxr7re4yxafib5pgasopg,2026-10-06
Homeboyz,Homeboyz,Kakamega Homeboyz FC,64.3559355273,2734,6of7eu9uyvb2ljqldumlr92xg,2026-10-06
US Boujaad,Boujaad,US Boujaad,64.3555867217,2735,e66497iax4m4oq94h8qc9nllg,2026-10-06
Salitas,Salitas,Salimata et Taséré FC,64.3522753585,2736,56y5sheadf58560v7uwkil9n8,2026-10-06
Spaeri,Spaeri,Spaeri FC,64.3507022418,2737,dmtc6z8cwdmdocaz02qc5p0yc,2026-10-06
Sidi M’hamed Benali,IRBSBM,IRB Sidi M’hamed Benali,64.3493082105,2738,1k0vq1es77s4mspo83z1m1wr8,2026-10-06
Fard Alborz,Fard,FC Fard Alborz,64.3456640932,2739,4kjg0qklfya45mq3pjthw09w4,2026-10-06
La Linguère,Linguère,ASC La Linguère de Saint-Louis,64.3418111425,2740,1bt3oe8dwu7lmuy50kex4bkt0,2026-10-06
Juventud Copalera,Copalera,Juventud Copalera San Ildefonso Ixtahuacán,64.339944949,2741,9krteg77umv3opxgpwp51d6ac,2026-10-06
Wacker Burghausen,Burghausen,SV Wacker Burghausen,64.3398892085,2742,cp9ieu0l4mgyazd7866sx8pw4,2026-10-06
Maccabi Kabilio Jaffa,M Jaffa,Maccabi Kabilio Jaffa FC,64.337796356,2743,1mqfttramp7l8dfkpwk7w6wic,2026-10-06
Kedus Giorgis,Kedus Giorgis,Saint George FC,64.3329142197,2744,yfk6117shr401b5om4u5nehg,2026-10-06
Tanta,Tanta,Tanta SC,64.3276820645,2745,c8yhc9482s3xm3dplmzcg8wes,2026-10-06
Academy Eagles,Academy Eagles,Academy Eagles FC,64.3275644994,2746,9ia2wmzw59xkae8tdpphoxogk,2026-10-06
Mes Kerman,Mes Kerman,Sanat Mes Kerman FC,64.3268283949,2747,4kjg0qklfya45mq3pjthw09w4,2026-10-06
Pogradeci,Pogradeci,KS Pogradeci,64.3266344365,2748,ixep4ur6emnedzdu16lpw9p0,2026-10-06
Islanders,Islanders,Islanders FC,64.3247740104,2749,6ai1o32comsvohaqi346lvx1w,2026-10-06
IRB Nezla,IRB,Ittihad Riadhi Baladiat Nezla,64.3241939529,2750,f3gc7cbkbeww4ue7d2gn8a149,2026-10-06
Sisaket United,Sisaket Utd,Sisaket United FC,64.3161407756,2751,2y9xq2tx9nthjl37uqgtoc2z8,2026-10-06
Dinamo Kirov,Dinamo Kr,FK Dinamo Kirov,64.3154724497,2752,au1o7s1tazgfz249l77vlak9g,2026-10-06
Sarmiento Resistencia,S Resistencia,CA Sarmiento de Resistencia,64.3121656982,2753,1q9caek968o8ubc43inhg6uxg,2026-10-06
Tromsdalen,TUIL,Tromsdalen UIL,64.3088449883,2754,eyebcttojdlxx2xxue3awhmvo,2026-10-06
UD Santa Marta,Santa Marta,UD Santa Marta de Tormes,64.3060544711,2755,1h4ygpz4oamwj3kksmzc15ams,2026-10-06
Podhale Nowy Targ,Podhale NT,NKP Podhale Nowy Targ,64.3053568412,2756,1f9k5nej63ck6nqpw0q5uml1w,2026-10-06
Talleres Remedios,Talleres,CA Talleres Remedios de Escalada,64.3048405948,2757,epr9s9zih7yd5dygat10o64us,2026-10-06
Ipala,Ipala,CSD Ipala,64.2991339016,2758,e28lffq4n2gy2xccrcyfl2kno,2026-10-06
Valle Sagrado,Valle Sagrado,Valle Sagrado FC,64.298247977,2759,a9cov1ehhclrmqc4wgh59p2j8,2026-10-06
ASFB,ASFB,ASFB Bobo Dioulasso,64.2982096072,2760,56y5sheadf58560v7uwkil9n8,2026-10-06
Metaloglobus,Metaloglobus,FC Metaloglobus Bucureşti,64.2900089159,2761,2iz4hkjsj1fadp09drcb6hhqs,2026-10-06
Cornellà,Cornellà,UE Cornellà,64.2805908079,2762,1h4ygpz4oamwj3kksmzc15ams,2026-10-06
Java United,Java Utd,Java United FC,64.2798638675,2763,2t0yn5r2hq16whtb16f4i7nro,2026-10-06
Tekstilshchik,Tekstilshchik,FK Tekstilshchik Ivanovo,64.2791955285,2764,ewtzgv48te3m77r86sxunl3x0,2026-10-06
Triangle United,Triangle,Triangle United FC,64.2736178889,2765,8ea4fh0n7w704hsj43vlxw4yc,2026-10-06
Sotra,Sotra,Sotra SK,64.2722191161,2766,eyebcttojdlxx2xxue3awhmvo,2026-10-06
Namungo,Namungo,Namungo FC,64.2615835266,2767,c5wdltkcr7ti6feuv6ej6kavo,2026-10-06
Ajka,Ajka,FC Ajka,64.261405625,2768,cnv4lxtlbn15zo28rnoqs4kr8,2026-10-06
Musongati,Musongati,Musongati FC,64.2584441144,2769,emlzehq1t5dd17y2jnjdwn4k,2026-10-06
Birmingham Legion,Legion,Birmingham Legion FC,64.2544848887,2770,cbkjk31sv9wm38ljg3vxhtus4,2026-10-06
Badalona,Badalona,CF Badalona,64.2498944198,2771,1h4ygpz4oamwj3kksmzc15ams,2026-10-06
Walter Ferretti,Walter Ferr.,CD Walter Ferretti,64.2487315682,2772,c0h34ymbtky0gg66xxiox8t1w,2026-10-06
COSFA,COSFA,COSFA Antananarivo,64.2474561298,2773,citm4e83b4soxyy411ags2z8,2026-10-06
Ureña,Ureña,Ureña SC,64.2385645335,2774,5l0o7aj8bf50pay409j5x0j6c,2026-10-06
Schweinfurt,Schweinfurt,1. FC Schweinfurt 1905,64.236987832,2775,cp9ieu0l4mgyazd7866sx8pw4,2026-10-06
Châteauroux,Châteauroux,La Berrichonne Châteauroux,64.2355401956,2776,4puti0g0aurz6lctqhbonl2c4,2026-10-06
Sandhausen,Sandhausen,SV Sandhausen,64.2348948633,2777,cp9ieu0l4mgyazd7866sx8pw4,2026-10-06
Loudoun United,Loudoun Utd,Loudoun United FC,64.2346017787,2778,cbkjk31sv9wm38ljg3vxhtus4,2026-10-06
RWDM Brussels,RWDM,RWDM Brussels,64.2341972066,2779,6t5gnnzhfwzumtn1olpzzhlhw,2026-10-06
Matagalpa,Matagalpa,Indígenas de Matagalpa FC,64.2229182864,2780,c0h34ymbtky0gg66xxiox8t1w,2026-10-06
Green Mamba,Mamba,Green Mamba FC,64.2226893223,2781,8pf5znjqxa3ghoff6kevxy42c,2026-10-06
Épila,Épila,AD CF Épila,64.2205928474,2782,1h4ygpz4oamwj3kksmzc15ams,2026-10-06
Haguenau,Haguenau,FCSR Haguenau,64.2187963669,2783,4puti0g0aurz6lctqhbonl2c4,2026-10-06
22 de Julio,22 de Julio,22 de Julio FC,64.2176347582,2784,2tnmtnib22zkesr45sr0p8xsk,2026-10-06
Ventforet Kofu,Ventforet,Ventforet Kofu,64.214633409,2785,4zxaepel6gk1jzqf5di3m6iok,2026-10-06
Công An Hồ Chí Minh,Công An HCM,Công An TP Hồ Chí Minh FC,64.2069590863,2786,cld1l7cgrsr3bij22f2ytqiok,2026-10-06
Escobedo,Escobedo,Unión Montañesa Escobedo,64.206290721,2787,1h4ygpz4oamwj3kksmzc15ams,2026-10-06
Beltinci,Beltinci,ND Beltinci,64.2041977177,2788,sb5fgqugrkxqc8jsc698x5hw,2026-10-06
Shabab Al Ordon,Shabab Ordon,Shabab Al Ordon Al Quadisiya,64.2019498489,2789,espg5w80i6jk5f0n0b3buusk4,2026-10-06
Express,Express,Express Sports Club,64.2014105312,2790,d43v3lpfbbegmsubl20bdpct0,2026-10-06
Sorrento,Sorrento,Sorrento Calcio,64.1961745161,2791,5sw6ud25poqqgzszu5yk6p0r8,2026-10-06
Hobro,Hobro,Hobro IK,64.1916396477,2792,2mb332vncy4450vu14paj8844,2026-10-06
Karcag,Karcag,Karcagi SE,64.1780349756,2793,cnv4lxtlbn15zo28rnoqs4kr8,2026-10-06
Sancor,Sancor,SA Sancor,64.1775186938,2794,51fmboanx3f6tr3jlow8054ic,2026-10-06
Hapoel Afula,Hapoel Afula,Hapoel Afula FC,64.1762907797,2795,1mqfttramp7l8dfkpwk7w6wic,2026-10-06
Grosseto,Grosseto,SSD FC Grosseto,64.1665232519,2796,5sw6ud25poqqgzszu5yk6p0r8,2026-10-06
Tacuarembó,Tacuarembó,Tacuarembó FC,64.1642627596,2797,6oy1dcqjggeoyx76gstf8zkes,2026-10-06
Voorwaarts,Voorwaarts,Voorwaarts,64.1631208946,2798,2iliu0oyb0iehjz6cxu2y9t78,2026-10-06
Universidad O&M,O&M,Universidad Organización y Métodos,64.1569881332,2799,cokma0jt05z41cexn5ea0mxg,2026-10-06
Club Patria,Patria,Club Patria de Los Ríos,64.1569370709,2800,6f3mt0vs7zxlbfevjpbqur4lw,2026-10-06
Dinan Léhon,Dinan Léhon,Dinan Léhon FC,64.1486799385,2801,4puti0g0aurz6lctqhbonl2c4,2026-10-06
Barracuda,Barracuda,AC Barracuda,64.1468171076,2802,d8hdusfvdmgo6ki7qtifb88wk,2026-10-06
Helmond Sport,Helmond,Helmond Sport,64.1466391967,2803,7bdyxkrzt42tv7377rpz5nqc4,2026-10-06
Mutilvera,Mutilvera,UD Mutilvera,64.1455926615,2804,1h4ygpz4oamwj3kksmzc15ams,2026-10-06
Jaraíz,Jaraíz,CF Jaraíz,64.1445461258,2805,1h4ygpz4oamwj3kksmzc15ams,2026-10-06
Racing d'Abidjan,RC Abidjan,Racing Club d'Abidjan,64.1384448106,2806,2x67tvk4kdanna2zej4ui0bv8,2026-10-06
Fraijanes,Fraijanes,Deportivo Fraijanes,64.1372761057,2807,9krteg77umv3opxgpwp51d6ac,2026-10-06
TelOne,TelOne,TelOne FC,64.1351307659,2808,8ea4fh0n7w704hsj43vlxw4yc,2026-10-06
ASA,ASA,ASA FC,64.1335993264,2809,a9cov1ehhclrmqc4wgh59p2j8,2026-10-06
Roeselare,Roeselare,SK Roeselare,64.132685346,2810,6t5gnnzhfwzumtn1olpzzhlhw,2026-10-06
Bezana,Bezana,CD Bezana,64.1298945632,2811,1h4ygpz4oamwj3kksmzc15ams,2026-10-06
Harrogate Town,Harrogate,Harrogate Town FC,64.1281328794,2812,7jeqt00dn1903yv3hr8r63g2c,2026-10-06
Yongin,Yongin,Yongin Football Centre,64.122539435,2813,aqzfod554aa202i8pjkt4ou1g,2026-10-06
Colchagua,Colchagua,Colchagua Club de Deportes,64.1143777341,2814,1wi9d67mmituunqd3csuv0fmc,2026-10-06
Figueirense,Figueirense,Figueirense FC,64.114028883,2815,kis8d8dd780usq5xloolkaac,2026-10-06
Mumbai City,Mumbai,Mumbai City FC,64.1119483533,2816,d70h9cciplfhf01fn96gpcw0k,2026-10-06
Cayón,Cayón,CD Cayón,64.1117543724,2817,1h4ygpz4oamwj3kksmzc15ams,2026-10-06
Hrvace,Hrvace,NK Hrvace,64.108963558,2818,cuux8wgnrxz78zen0blqr5q1g,2026-10-06
Chongqing Tonglianglong,Tonglianglong,Chongqing Tonglianglong FC,64.1085854023,2819,e6818x4pwankpph8awr91m1hw,2026-10-06
Larissa,Larissa,AE Larissa,64.1083181815,2820,13prgjp0qzce661j00a3jy3o4,2026-10-06
Cashmere Technical,Cashmere,Cashmere Technical,64.1036697203,2821,5covk71othb712xpvk7qwlul0,2026-10-06
Olympique Sport d'Abobo,OSA,Olympique Sport d'Abobo FC,64.1028621253,2822,2x67tvk4kdanna2zej4ui0bv8,2026-10-06
Real de Banjul,Real Banjul,Real de Banjul FC,64.1004201529,2823,64nsmt5p5xncpk6dxcipjou8k,2026-10-06
Gendrim,Gendrim,ASC Gendrim,64.0978014536,2824,dp0cjg7hm16o0ay8b1amdexhw,2026-10-06
Orange County SC,Orange County,Orange County SC,64.0961117345,2825,cbkjk31sv9wm38ljg3vxhtus4,2026-10-06
Al Sailiya,Sailiya,Al Sailiya SC,64.0955522601,2826,b0n3k3rsxrgrfimue4kkxqmms,2026-10-06
Deportes Rengo,Rengo,Club Deportes Rengo Unido,64.090655711,2827,1wi9d67mmituunqd3csuv0fmc,2026-10-06
Bikita Minerals,Bikita,Bikita Minerals FC,64.0887335161,2828,9ld63jfw4ucicyezh2ggpha1g,2026-10-06
Reggina,Reggina,AS Reggina 1914 ASD,64.0887300275,2829,cvnhrujf5s3lefro06hwoncb8,2026-10-06
FC Bacău,FC Bacău,ACS Fotbal Club Bacău,64.0789620369,2830,2iz4hkjsj1fadp09drcb6hhqs,2026-10-06
Otrant-Olympic,Otrant-Olympic,FK Otrant-Olympic KF,64.0772177474,2831,bp0tbsm945cofzlkbdgmd7dp0,2026-10-06
Karib,Karib,ASC Karib,64.0765780746,2832,eikxh7g9o4a9phaxgqtsryh3o,2026-10-06
Ahal,Ahal,Ahal FC,64.0760185926,2833,8xedf9bqe7yehjmxy13vcql90,2026-10-06
Örebro,Örebro,Örebro SK,64.0758223146,2834,e45p1bhnnox3kdgzamrx63r4k,2026-10-06
Treviso,Treviso,Treviso FBC 1993,64.0737291635,2835,5sw6ud25poqqgzszu5yk6p0r8,2026-10-06
Mineros de Guayana,Mineros,AC Mineros de Guayana,64.0714685576,2836,5l0o7aj8bf50pay409j5x0j6c,2026-10-06
Athens Kallithea,Kallithea,PAE Athens Kallithea,64.0626179799,2837,2ucolfpd3bp9magtvueu1udw,2026-10-06
RCC Kamsar,RCC Kamsar,Renaissance Caïman Club de Kamsar,64.0622202785,2838,1odzlx97lfuimst69uxvbn310,2026-10-06
Sportivo Italiano,Italiano,Club Sportivo Italiano,64.0585607241,2839,epr9s9zih7yd5dygat10o64us,2026-10-06
Smederevo 1924,Smederevo,FK Smederevo 1924,64.0545418343,2840,38qhp7f77q817kvnksk95ucyc,2026-10-06
Knokke,Knokke,Royal Knokke FC,64.0520997962,2841,6t5gnnzhfwzumtn1olpzzhlhw,2026-10-06
Tira,Tira,MS Tira,64.0500066182,2842,vb6kze8rzj979awz12g26vbo,2026-10-06
LDU de El Carmin,LDU Carmin,LDU de El Carmin,64.0494903006,2843,51fmboanx3f6tr3jlow8054ic,2026-10-06
Maroons,Maroons,Maroons FC,64.0447771514,2844,d43v3lpfbbegmsubl20bdpct0,2026-10-06
Ypiranga RS,Ypiranga,Ypiranga FC,64.0330936527,2845,kis8d8dd780usq5xloolkaac,2026-10-06
Beyoğlu Yeni Çarşı,Yeni Çarşı,Beyoğlu Yeni Çarşı SFAŞ,64.0297724415,2846,9iurl7j8nsnscnb6u5uaicj6c,2026-10-06
Derio,Derio,CD Derio,64.0283769729,2847,1h4ygpz4oamwj3kksmzc15ams,2026-10-06
Latina,Latina,US Latina,64.026283768,2848,5sw6ud25poqqgzszu5yk6p0r8,2026-10-06
Hertha Wels,Hertha Wels,FC Hertha Wels,64.026283768,2849,bbsieeq7vmacbhd5d5hvgu978,2026-10-06
Grama,Grama,FE Grama,64.0259349002,2850,1h4ygpz4oamwj3kksmzc15ams,2026-10-06
Liaoning Tieren,Tieren,Liaoning Tieren FC,64.0255567276,2851,e6818x4pwankpph8awr91m1hw,2026-10-06
Rukinzo,Rukinzo,Rukinzo FC,64.025415089,2852,emlzehq1t5dd17y2jnjdwn4k,2026-10-06
Njardvík,Njardvík,UMF Njardvík,64.0230741824,2853,a5uti9g06jek0b3rv3zavb578,2026-10-06
Caxias do Sul,Caxias,Sociedade Esportiva e Recreativa Caxias do Sul,64.0194878129,2854,kis8d8dd780usq5xloolkaac,2026-10-06
Alcione Milano,Alcione,Alcione Milano SS,64.018957532,2855,5sw6ud25poqqgzszu5yk6p0r8,2026-10-06
Fylkir,Fylkir,Fylkir FC,64.0119103632,2856,a5uti9g06jek0b3rv3zavb578,2026-10-06
Città di Teramo,Teramo,SS Città di Teramo 1913,64.0025606126,2857,cvnhrujf5s3lefro06hwoncb8,2026-10-06
Colonia Moscardó,Moscardó,CD Colonia Moscardó,63.9969786494,2858,1h4ygpz4oamwj3kksmzc15ams,2026-10-06
Torrent,Torrent,Torrent CF,63.9948854088,2859,1h4ygpz4oamwj3kksmzc15ams,2026-10-06
Al Fahaheel,Fahaheel,Al Fahaheel FC,63.9891485415,2860,evaw3m63xloe8o87vqybzjsic,2026-10-06
Afrique Football Élite,AFE,Afrique Football Élite,63.9882602885,2861,2fvr17f4zzd5uci32usqi0ro4,2026-10-06
Eindhoven,Eindhoven,FC Eindhoven,63.987907923,2862,7bdyxkrzt42tv7377rpz5nqc4,2026-10-06
Al Wehda,Wehda,Al Wehda FC,63.9877530421,2863,3lxygsgllro9oeey1m5ndpct0,2026-10-06
Jeonnam Dragons,Dragons,Jeonnam Dragons FC,63.9749701991,2864,aqzfod554aa202i8pjkt4ou1g,2026-10-06
Villanovense,Villanovense,CF Villanovense,63.9736039947,2865,1h4ygpz4oamwj3kksmzc15ams,2026-10-06
Lumezzane,Lumezzane,FC Lumezzane,63.9722084835,2866,5sw6ud25poqqgzszu5yk6p0r8,2026-10-06
Politehnica Iași,Iaşi,ACSM Politehnica Iași,63.9718596056,2867,t1itn8f3prux7a9rz52qtlw4,2026-10-06
Bahardar,Bahardar,Bahardar FC,63.9645343488,2868,yfk6117shr401b5om4u5nehg,2026-10-06
Naft Bandar Abbas,Naft BA,Palayesh Naft Bandar Abbas FC,63.9594939523,2869,4kjg0qklfya45mq3pjthw09w4,2026-10-06
Ferroviário Nacala,Ferro Nacala,Clube Ferroviário de Nacala,63.9586056833,2870,12paa0nrmm7b6c9bt3b9rsx78,2026-10-06
Wakirya,Wakirya,Wakirya Athletic Club,63.9537213499,2871,1odzlx97lfuimst69uxvbn310,2026-10-06
Luanda,Luanda,FC Luanda,63.9523258237,2872,ofi6heevfqlhgto3devky0b8,2026-10-06
Sporting Covilhã,Covilhã,SC Covilhã,63.9484846323,2873,eoix5zq4par8gwml3bhkkyihg,2026-10-06
PAEEK,PAEEK,Podosfairiki Athlitiki Enosi Eparxeias Kerynias,63.9367098133,2874,8ejoxvm5ho0ybtj08tnwxm8lw,2026-10-06
Al Nasar,Nasar,Al Nasar,63.933327742,2875,evaw3m63xloe8o87vqybzjsic,2026-10-06
Wahlex,Wahlex,CA Wahlex,63.9277329896,2876,51fmboanx3f6tr3jlow8054ic,2026-10-06
Sporting Braga II,Braga II,Sporting Braga II,63.9184805006,2877,f0zodm68vgjezko34dv1zdyc4,2026-10-06
Kuala Lumpur City,Kuala Lumpur,Kuala Lumpur City FC,63.9160089757,2878,6siod2n1m854sihsqbyknyl1w,2026-10-06
Internazionale II,Inter II,FC Internazionale Milano Under 23,63.9156893937,2879,5sw6ud25poqqgzszu5yk6p0r8,2026-10-06
San Marcos,San Marcos,FC San Marcos,63.9127308158,2880,4wjv3pabgbhm9is93zhe6zf9w,2026-10-06
Malkiya,Malkiya,Malkiya Club,63.9120456168,2881,3dsgnubzzf96l31ocjo3kial0,2026-10-06
Perugia,Perugia,AC Perugia Calcio,63.9038271423,2882,5sw6ud25poqqgzszu5yk6p0r8,2026-10-06
Baghdad,Baghdad,Amanat Baghdad SC,63.9033256567,2883,dbzx312xiimeul3ewulj7smxg,2026-10-06
Pacífico,Pacífico,Pacífico FC,63.8998218707,2884,6f3mt0vs7zxlbfevjpbqur4lw,2026-10-06
Al Ittifaq Maqaba,Ittifaq,Al Ittifaq Maqaba,63.896694423,2885,3dsgnubzzf96l31ocjo3kial0,2026-10-06
Cosenza,Cosenza,Cosenza Calcio,63.886382516,2886,5sw6ud25poqqgzszu5yk6p0r8,2026-10-06
Atlético Balboa,Atl. Balboa,CD Atlético Balboa,63.8848705393,2887,30t9l739hkqomjqhti9lxg5qs,2026-10-06
Rasi Salai United,Rasi Salai,Rasi Salai United,63.883910948,2888,2y9xq2tx9nthjl37uqgtoc2z8,2026-10-06
Palencia CF,Palencia CF,Palencia CF,63.8821957811,2889,1h4ygpz4oamwj3kksmzc15ams,2026-10-06
Maya,Maya,AS Maya de Bobo-Dioulasso,63.8813270324,2890,gclj8seympu56f7h3ibq640x,2026-10-06
Trival Valderas,Trival,CF Trival Valderas Alcorcón,63.8804513054,2891,1h4ygpz4oamwj3kksmzc15ams,2026-10-06
Pattani,Pattani,Pattani FC,63.8772819378,2892,2y9xq2tx9nthjl37uqgtoc2z8,2026-10-06
Nairobi United,Nairobi Utd,Nairobi United FC,63.8769635447,2893,6of7eu9uyvb2ljqldumlr92xg,2026-10-06
Ararat,Ararat,FC Ararat,63.8713800052,2894,847iyp5po72cef4cdwd8c0ems,2026-10-06
HB Køge,HB Køge,HB Køge,63.8699844166,2895,2mb332vncy4450vu14paj8844,2026-10-06
Al Zulfi,Zulfi,Al Zulfi SC,63.8698295257,2896,3lxygsgllro9oeey1m5ndpct0,2026-10-06
Jelgava,Jelgava,FS Jelgava,63.8689377244,2897,d1tk0recez2ejvsidutwviwwk,2026-10-06
Sarriana,Sarriana,SD Sarriana,63.8616108626,2898,1h4ygpz4oamwj3kksmzc15ams,2026-10-06
Ankaragücü,Ankaragücü,MKE Ankaragücü SK,63.8612619637,2899,9iurl7j8nsnscnb6u5uaicj6c,2026-10-06
A'Ali,A'Ali,A'Ali FC,63.8576180791,2900,3dsgnubzzf96l31ocjo3kial0,2026-10-06
San Juan,San Juan,AD San Juan,63.856377372,2901,1h4ygpz4oamwj3kksmzc15ams,2026-10-06
Nagykanizsa,Nagykanizsa,Nagykanizsa FC,63.8521905689,2902,cnv4lxtlbn15zo28rnoqs4kr8,2026-10-06
Chapelton,Chapelton,Chapelton Maroons FC,63.8423049221,2903,3b44u42lrrjhxh5ket3d32z9w,2026-10-06
Espoli,Espoli,Club Social Cultural y Deportivo Espoli,63.8377181124,2904,6f3mt0vs7zxlbfevjpbqur4lw,2026-10-06
Laktaši,Laktaši,FK Laktaši,63.8350943569,2905,1kkhhxd0jcelyo7vaq5llsil0,2026-10-06
Subiza,Subiza,CD Subiza,63.8350943569,2906,1h4ygpz4oamwj3kksmzc15ams,2026-10-06
UDJ Quinindé,Quinindé,UDJ Quinindé,63.8345779791,2907,6f3mt0vs7zxlbfevjpbqur4lw,2026-10-06
Deportivo Armenio,Armenio,CD Armenio,63.8269020749,2908,epr9s9zih7yd5dygat10o64us,2026-10-06
AGAMA,AGAMA,AGAMA FC,63.8263752276,2909,8ea4fh0n7w704hsj43vlxw4yc,2026-10-06
Stripfing,Stripfing,SV Stripfing / Weiden,63.8253250216,2910,9kzmi7xo1xfyp6j2sx3ngg7is,2026-10-06
LDF,LDF,Lesotho Defence Force,63.8239328888,2911,770xwf92zra2rdko15e3rqbys,2026-10-06
Hutnik Kraków,Hutnik Kraków,KS Hutnik Kraków Stowarzyszenie Nowy Hutnik 2010,63.8228826796,2912,1f9k5nej63ck6nqpw0q5uml1w,2026-10-06
Tucumán Central,T Central,Club Tucumán Central Deportes,63.8199239525,2913,1q9caek968o8ubc43inhg6uxg,2026-10-06
Binah,Binah,AS Binah,63.8199204634,2914,d8hdusfvdmgo6ki7qtifb88wk,2026-10-06
Panthère,Panthère,Panthère Sportive du Ndé,63.8127655669,2915,cqmw3la51kme1j36rsfej2p04,2026-10-06
Mebrat Hayl,EEPCO,Ethiopian Electric Power Corporation FC,63.7974135444,2916,yfk6117shr401b5om4u5nehg,2026-10-06
Dynamic Togolais,Dynamic,Dynamic Togolais,63.790960972,2917,d8hdusfvdmgo6ki7qtifb88wk,2026-10-06
Novara,Novara,Novara Calcio,63.7890384643,2918,5sw6ud25poqqgzszu5yk6p0r8,2026-10-06
Boluspor,Boluspor,Boluspor Kulübü,63.7883406389,2919,9vlcn0hdb4ufq9s8e7kjnfn6c,2026-10-06
Havadar,Havadar,Havadar SC,63.7871390024,2920,4kjg0qklfya45mq3pjthw09w4,2026-10-06
RCK,RCK,Rail Club de Kadiogo,63.7832848857,2921,56y5sheadf58560v7uwkil9n8,2026-10-06
Sheger Ketema,Sheger,Sheger Ketema FC,63.7670580315,2922,yfk6117shr401b5om4u5nehg,2026-10-06
Mosconia,Mosconia,CD Mosconia,63.766707919,2923,1h4ygpz4oamwj3kksmzc15ams,2026-10-06
Ferrocarril Oeste,Ferro Oeste,Ferrocarril Oeste FC,63.766191522,2924,51fmboanx3f6tr3jlow8054ic,2026-10-06
Operário,Operário,Sport Operário e Benfica,63.7618265652,2925,ewvv0b6kirzyt9yhu07yxksgk,2026-10-06
Nara Club,Nara,Nara Club,63.7533499362,2926,d7a4tg9b5xoanhbupsxsbi238,2026-10-06
UNAN Managua,UNAN,Universidad Nacional Autónoma de Nicaragua,63.7533326232,2927,c0h34ymbtky0gg66xxiox8t1w,2026-10-06
Tusker,Tusker,Tusker FC,63.7419358483,2928,6of7eu9uyvb2ljqldumlr92xg,2026-10-06
Desenzano,Desenzano,Calcio Desenzano,63.7394921998,2929,5sw6ud25poqqgzszu5yk6p0r8,2026-10-06
ASM Sangarédi,Sangarédi,Association Sportive des Mineurs de Sangarédi,63.7346107737,2930,1odzlx97lfuimst69uxvbn310,2026-10-06
Lentigione,Lentigione,Polisportiva Lentigione Calcio,63.727279887,2931,cvnhrujf5s3lefro06hwoncb8,2026-10-06
Village Superstars,Superstars,RAMS Village Superstars FC,63.7262911663,2932,46z6xc333qod4qfckpehisphw,2026-10-06
Guarnizo,Guarnizo,CD Guarnizo,63.7147185662,2933,1h4ygpz4oamwj3kksmzc15ams,2026-10-06
Atlético Mansillés,Atl. Mansillés,CD Atlético Mansillés,63.7108803676,2934,1h4ygpz4oamwj3kksmzc15ams,2026-10-06
Politécnico de Manabí,Politécnico,CD Politécnico de Manabí,63.7037343185,2935,6f3mt0vs7zxlbfevjpbqur4lw,2026-10-06
Unión Molinense,Un. Molinense,Unión Molinense CF,63.6861063476,2936,1h4ygpz4oamwj3kksmzc15ams,2026-10-06
Blessing,Blessing,Blessing FC,63.6752929064,2937,ehmma83pqd17k7x6if20hmrkk,2026-10-06
Panadería Pulido,Panad. Pulido,CF Panadería Pulido,63.6749404828,2938,1h4ygpz4oamwj3kksmzc15ams,2026-10-06
Deportivo Binacional,Binacional,Deportivo Binacional FC,63.672330452,2939,4wjv3pabgbhm9is93zhe6zf9w,2026-10-06
Gifu,Gifu,FC Gifu,63.6720499084,2940,d7a4tg9b5xoanhbupsxsbi238,2026-10-06
Cambérène,Cambérène,ASC Cambérène,63.6681397399,2941,4d4sx0infiwl8cie7h7cy00t0,2026-10-06
Primero de Mayo,Primero Mayo,Primero de Mayo,63.6679687614,2942,9q5nb2oto8bvh3nkzt5d8kv10,2026-10-06
Chungbuk Cheongju,Cheongju,Chungbuk Cheongju FC,63.6675835364,2943,aqzfod554aa202i8pjkt4ou1g,2026-10-06
Boiro,Boiro,CD Boiro,63.6658681675,2944,1h4ygpz4oamwj3kksmzc15ams,2026-10-06
Paju Frontier,Paju,Paju Frontier FC,63.6651409846,2945,aqzfod554aa202i8pjkt4ou1g,2026-10-06
Atlético Samborondón,Samborondón,Club Atlético Samborondón,63.6643049332,2946,51fmboanx3f6tr3jlow8054ic,2026-10-06
L'Hospitalet,L'Hospitalet,CE L'Hospitalet,63.6627277402,2947,1h4ygpz4oamwj3kksmzc15ams,2026-10-06
Tirsense,Tirsense,FC Tirsense,63.657144745,2948,f0zodm68vgjezko34dv1zdyc4,2026-10-06
Manika Kolwezi,Manika,CS Manika Kolwezi,63.6543567305,2949,ehmma83pqd17k7x6if20hmrkk,2026-10-06
Delta United,Delta United,Delta United FC,63.6540054985,2950,c8yhc9482s3xm3dplmzcg8wes,2026-10-06
KAC Kénitra,Kénitra,Kénitra Athlétic Club,63.652260806,2951,e66497iax4m4oq94h8qc9nllg,2026-10-06
Tambo,Tambo,Tambo FC,63.6461566631,2952,d8hdusfvdmgo6ki7qtifb88wk,2026-10-06
Maccabi Kiryat Gat,M Kiryat Gat,Maccabi Kiryat Gat FC,63.6257400805,2953,1mqfttramp7l8dfkpwk7w6wic,2026-10-06
Śląsk Wrocław II,Śląsk II,WKS Śląsk Wrocław II,63.6239953612,2954,1f9k5nej63ck6nqpw0q5uml1w,2026-10-06
Juventus,Juventus,Juventus FC des Cayes,63.6174234703,2955,4vdnis45sxd05ictg09vgpous,2026-10-06
Vitória de Sernache,Sernache,GD Vitória de Sernache,63.6149227937,2956,eoix5zq4par8gwml3bhkkyihg,2026-10-06
Al-Magd,Magd,Al-Magd SCS,63.6124836611,2957,68kgxuk3dkg7p955ifkisgc9g,2026-10-06
Werder Bremen II,Werder II,SV Werder Bremen II,63.6086417591,2958,cp9ieu0l4mgyazd7866sx8pw4,2026-10-06
Ouanaminthe,Ouanaminthe,Ouanaminthe FC,63.6066061344,2959,4vdnis45sxd05ictg09vgpous,2026-10-06
Caspe,Caspe,CD Caspe,63.5971264731,2960,1h4ygpz4oamwj3kksmzc15ams,2026-10-06
Baía de Pemba,Baía de Pemba,Baía de Pemba FC,63.5891041144,2961,12paa0nrmm7b6c9bt3b9rsx78,2026-10-06
Mashuk-KMV,Mashuk,FK Mashuk-KMV Pyatigorsk,63.5884027233,2962,au1o7s1tazgfz249l77vlak9g,2026-10-06
Pacífico,Pacífico,Club Deportivo Pacífico FC,63.5851295617,2963,a9cov1ehhclrmqc4wgh59p2j8,2026-10-06
Hải Phòng,Hải Phòng,Hải Phòng FC,63.5810454294,2964,cld1l7cgrsr3bij22f2ytqiok,2026-10-06
General Velásquez,Velásquez,CD General Velásquez,63.5732302788,2965,1wi9d67mmituunqd3csuv0fmc,2026-10-06
Rebordosa,Rebordosa,Rebordosa AC,63.5726998691,2966,f0zodm68vgjezko34dv1zdyc4,2026-10-06
Giana Erminio,Giana Erminio,AS Giana Erminio,63.5709550992,2967,5sw6ud25poqqgzszu5yk6p0r8,2026-10-06
Real Puerto Quito,Real Puerto,FC Real Puerto Quito,63.5638085043,2968,6f3mt0vs7zxlbfevjpbqur4lw,2026-10-06
Vanraure Hachinohe,Vanraure,Vanraure Hachinohe,63.5580144378,2969,4zxaepel6gk1jzqf5di3m6iok,2026-10-06
Loznica,Loznica,FK Loznica,63.5562989663,2970,38qhp7f77q817kvnksk95ucyc,2026-10-06
Paderborn II,Paderborn II,SC Paderborn 07 II,63.5538562661,2971,cp9ieu0l4mgyazd7866sx8pw4,2026-10-06
Real Pilar,Real Pilar,Real Pilar FC,63.5501991888,2972,epr9s9zih7yd5dygat10o64us,2026-10-06
Joga Bonito Z,Joga Bonito Z,CD Joga Bonito Z,63.548105439,2973,6f3mt0vs7zxlbfevjpbqur4lw,2026-10-06
Weymouth Wales,Wales,JADA Group Weymouth Wales,63.5462372455,2974,bs8rnxn1ego633xiospptz21g,2026-10-06
Sukhothai,Sukhothai,Sukhothai FC,63.540217564,2975,2y9xq2tx9nthjl37uqgtoc2z8,2026-10-06
CSA Steaua Bucureşti,CSA Steaua,CSA Steaua Bucureşti,63.5315228557,2976,2iz4hkjsj1fadp09drcb6hhqs,2026-10-06
Goa,Goa,FC Goa,63.5306700128,2977,d70h9cciplfhf01fn96gpcw0k,2026-10-06
Ulm,Ulm,SSV Ulm 1846,63.5297780466,2978,cp9ieu0l4mgyazd7866sx8pw4,2026-10-06
Volgar Astrakhan,Volgar,FK Volgar Astrakhan,63.5273353109,2979,au1o7s1tazgfz249l77vlak9g,2026-10-06
Magdeburg II,Magdeburg II,1. FC Magdeburg II,63.5252415349,2980,cp9ieu0l4mgyazd7866sx8pw4,2026-10-06
Police,Police,Police FC,63.5183180298,2981,7vg2l80h7ceoyxoj3jy1igro4,2026-10-06
Taghit,JRBT,JRB Taghit,63.5130289896,2982,bxsf9lv71z7pcxno2edypdzis,2026-10-06
Awassa Kenema,Awassa,Awassa City FC (Hawassa City),63.5098883002,2983,yfk6117shr401b5om4u5nehg,2026-10-06
Royal Vision,Vision,Royal Vision 2026,63.5072733505,2984,emlzehq1t5dd17y2jnjdwn4k,2026-10-06
RCA,RCA,SV Racing Club Aruba,63.5013954823,2985,7phwu4x5fqdwgmfu5vf5yhk44,2026-10-06
Anguiano,Anguiano,CD Anguiano,63.5008139712,2986,1h4ygpz4oamwj3kksmzc15ams,2026-10-06
Hibernians,Hibernians,Paola Hibernians FC,63.4896469762,2987,3jedmdrdnamejeki9uh7jrs44,2026-10-06
Doqarah,Doqarah,Doqarah FC,63.4867002936,2988,dwbqa3w6jzvrnflam7a94quqc,2026-10-06
Matoury,Matoury,US Matoury,63.4750482542,2989,8ptl1wrxicnblij9u19k2p4pg,2026-10-06
San Pedro del Pongo,San Pedro,CD San Pedro del Pongo,63.4681921956,2990,6f3mt0vs7zxlbfevjpbqur4lw,2026-10-06
Wolues,Wolues,Wolues FC,63.4661494351,2991,6ai1o32comsvohaqi346lvx1w,2026-10-06
Fuenlabrada,Fuenlabrada,CF Fuenlabrada,63.4641720135,2992,1h4ygpz4oamwj3kksmzc15ams,2026-10-06
Panthères,Panthères,Panthères FC,63.4491695389,2993,t5yilsv0ffm6kb8mz07ywiz8,2026-10-06
Torina,Torina,SD Torina,63.4470721818,2994,1h4ygpz4oamwj3kksmzc15ams,2026-10-06
Forlì,Forlì,FC Forlì,63.4442803573,2995,5sw6ud25poqqgzszu5yk6p0r8,2026-10-06
Tochigi,Tochigi,Tochigi SC,63.4298730794,2996,d7a4tg9b5xoanhbupsxsbi238,2026-10-06
Skopje,Skopje,FK Skopje,63.4229925555,2997,bdisf9hz6nqbfmztljccr2978,2026-10-06
Thór,Thór,Thór Akureyri,63.4191537451,2998,eeeacj91qdk6pru5zwwobaiac,2026-10-06
Csákvári TK,Csákvári,Csákvári TK,63.4160128943,2999,cnv4lxtlbn15zo28rnoqs4kr8,2026-10-06
Muaither,Muaither,Muaither SC,63.4151599974,3000,e9xwqeh6pqwy3pva03skx9f6c,2026-10-06
Tabor Sežana,Tabor,MND Tabor Sežana,63.4146169588,3001,sb5fgqugrkxqc8jsc698x5hw,2026-10-06
Maccabi Yavne,M Yavne,Maccabi Yavne FC,63.4139189907,3002,vb6kze8rzj979awz12g26vbo,2026-10-06
Utrecht II,Utrecht II,FC Utrecht II,63.4093821914,3003,7bdyxkrzt42tv7377rpz5nqc4,2026-10-06
RC Arbaâ,RC Arbaâ,RC Arbaâ,63.4020546876,3004,flxkeved0q9tmclqafcpql1w,2026-10-06
Samaritaine,Samaritaine,AS Samaritaine,63.3900714865,3005,8oya8610sjuxts1g4yxvd1nh0,2026-10-06
Alfaro,Alfaro,CD Alfaro,63.3880939825,3006,1h4ygpz4oamwj3kksmzc15ams,2026-10-06
Bourgoin-Jallieu,Bourgoin,FC Bourgoin-Jallieu,63.3850228762,3007,bzf5qx9yamvvlrgfqfs6ozl78,2026-10-06
Adana 01,Adana 01,Adana 01 FK SK,63.3825101489,3008,9iurl7j8nsnscnb6u5uaicj6c,2026-10-06
Ironi Modi'in,Ironi Modi'in,Ironi Modi'in FC,63.3811141879,3009,1mqfttramp7l8dfkpwk7w6wic,2026-10-06
Lanzarote,Lanzarote,UD Lanzarote,63.3790202443,3010,1h4ygpz4oamwj3kksmzc15ams,2026-10-06
Super Nova,Super Nova,SK Super Nova,63.3783222625,3011,d1tk0recez2ejvsidutwviwwk,2026-10-06
Floresta,Floresta,Floresta EC,63.3575641636,3012,kis8d8dd780usq5xloolkaac,2026-10-06
VfR Mannheim,VfR Mannheim,VfR Mannheim,63.354241729,3013,cp9ieu0l4mgyazd7866sx8pw4,2026-10-06
MVV,MVV,MVV Maastricht,63.3497047813,3014,7bdyxkrzt42tv7377rpz5nqc4,2026-10-06
Blois,Blois,Blois Foot 41,63.3483785945,3015,bzf5qx9yamvvlrgfqfs6ozl78,2026-10-06
Orbit College,Orbit,Orbit College FC,63.348309991,3016,4nwd2e9auc7j57110c5f3fehg,2026-10-06
OFK Vršac,OFK Vršac,OFK Vršac,63.3455168196,3017,38qhp7f77q817kvnksk95ucyc,2026-10-06
Dinamo Jug,Dinamo,SU Dinamo Jug,63.3409798502,3018,54jd6j2c3t5uksf8s40khsh04,2026-10-06
Bjarg,Bjarg,IL Bjarg,63.3395838573,3019,eyebcttojdlxx2xxue3awhmvo,2026-10-06
UN Käerjéng,Käerjéng,Uewer/Nidder Käerjéng 97,63.3378388647,3020,uza4dpaosr9j4jztif162p78,2026-10-06
Zamora II,Zamora II,Zamora FC II,63.33627535,3021,5l0o7aj8bf50pay409j5x0j6c,2026-10-06
AJEB,AJEB,Association Jeunes Espoirs de Bobo,63.3338288655,3022,56y5sheadf58560v7uwkil9n8,2026-10-06
Inter Toronto,Inter Toronto,Inter Toronto FC,63.3323106484,3023,bmqmrylzzfggzr15yas9dev4k,2026-10-06
PK-35,PK-35,Pallokerho-35 ry,63.3315568776,3024,dfeircxbw7mix6mouzz7t05qs,2026-10-06
Muş Spor,Muş,Muş SK,63.3277178748,3025,9iurl7j8nsnscnb6u5uaicj6c,2026-10-06
Lübeck,Lübeck,VfB Lübeck,63.3231808611,3026,cp9ieu0l4mgyazd7866sx8pw4,2026-10-06
ASA Târgu Mureş,ASA T. Mureş,AFC ASA Târgu Mureș,63.3168988235,3027,2iz4hkjsj1fadp09drcb6hhqs,2026-10-06
Pamplemousses,Pamplemousses,Pamplemousses SC,63.3163788094,3028,212mfktyohz85uisj8uw4ji1g,2026-10-06
Nantes II,Nantes II,FC Nantes II,63.3113845726,3029,bzf5qx9yamvvlrgfqfs6ozl78,2026-10-06
Shabana,Shabana,Shabana FC,63.3095709481,3030,6of7eu9uyvb2ljqldumlr92xg,2026-10-06
Petrovac,Petrovac,OFK Petrovac,63.3078247309,3031,bp0tbsm945cofzlkbdgmd7dp0,2026-10-06
USM Blida,USM Blida,USM Blida,63.3036378688,3032,a88w9dpfzwaroe7qc210bh123,2026-10-06
Livorno,Livorno,AS Livorno Calcio,63.2987505931,3033,5sw6ud25poqqgzszu5yk6p0r8,2026-10-06
Málaga II,Málaga II,Atlético Malagueño (Málaga CF II),63.2966565549,3034,1h4ygpz4oamwj3kksmzc15ams,2026-10-06
Carchá,Carchá,CSyD Carchá,63.2963633205,3035,e28lffq4n2gy2xccrcyfl2kno,2026-10-06
Ayutthaya United,Ayutthaya Utd,Ayutthaya United FC,63.2952312115,3036,2y9xq2tx9nthjl37uqgtoc2z8,2026-10-06
Al Najaf,Najaf,Al Najaf,63.29022178,3037,dbzx312xiimeul3ewulj7smxg,2026-10-06
Al Hilal Port Sudan,Al Hilal PS,Hilal Alsahil SC Port Sudan,63.2875835574,3038,815s3vrb2yqcmcbnptxrl6yok,2026-10-06
Babelsberg,Babelsberg,SV Babelsberg 03,63.283743266,3039,cp9ieu0l4mgyazd7866sx8pw4,2026-10-06
Al Sadaqa,Al Sadaqa,Al Sadaqa FC,63.2697863409,3040,68kgxuk3dkg7p955ifkisgc9g,2026-10-06
Club Sando,Sando,Club Sando FC,63.2673955402,3041,7vg2l80h7ceoyxoj3jy1igro4,2026-10-06
Aliağa,Aliağa,Aliağa FK,63.2669907549,3042,9iurl7j8nsnscnb6u5uaicj6c,2026-10-06
Zenit II,Zenit SPb II,FK Zenit St. Petersburg II,63.2614065502,3043,au1o7s1tazgfz249l77vlak9g,2026-10-06
Hodio,Hodio,Hodio FC,63.2554768059,3044,t5yilsv0ffm6kb8mz07ywiz8,2026-10-06
Bokelj,Bokelj,FK Bokelj Kotor,63.2551242995,3045,bp0tbsm945cofzlkbdgmd7dp0,2026-10-06
Altyn Asyr,Altyn,Altyn Asyr FK,63.2511324866,3046,8xedf9bqe7yehjmxy13vcql90,2026-10-06
Arenas Armilla,Arenas Armilla,Arenas de Armilla CyD CF,63.2411636648,3047,1h4ygpz4oamwj3kksmzc15ams,2026-10-06
Botafogo PB,Botafogo PB,Botafogo FC (João Pessoa),63.2406471192,3048,kis8d8dd780usq5xloolkaac,2026-10-06
Koléa,Koléa,ESM Koléa,63.2390707563,3049,flxkeved0q9tmclqafcpql1w,2026-10-06
Bonner SC,Bonn,Bonner SC,63.2299950799,3050,cp9ieu0l4mgyazd7866sx8pw4,2026-10-06
Dayrout,Dayrout,Dayrout SC,63.226855099,3051,c8yhc9482s3xm3dplmzcg8wes,2026-10-06
Talleres de Perico,Tal Perico,CA Talleres de Perico,63.2197059604,3052,bt89iqwmniyxhz06vrzhc3das,2026-10-06
Luanda City,Luanda City,Luanda City FC,63.2181318736,3053,7tyqslotzxi8ytlvxmjv1zyfo,2026-10-06
Hohenems,Hohenems,VfB Hohenems,63.2111479374,3054,8h4bz8mec7n5utisq4xhw6lg4,2026-10-06
Savoia,Savoia,FC Savoia 1908,63.2107989144,3055,5sw6ud25poqqgzszu5yk6p0r8,2026-10-06
Medina United,Medina Utd,Medina United Football Academy,63.2071376609,3056,64nsmt5p5xncpk6dxcipjou8k,2026-10-06
Jeunesse d'Esch,Esch,AS la Jeunesse d'Esch,63.2066106332,3057,uza4dpaosr9j4jztif162p78,2026-10-06
Bani Gansè,Bani Gansè,Bani Gansè FC,63.2048690052,3058,t5yilsv0ffm6kb8mz07ywiz8,2026-10-06
Xorazm,Xorazm,Xorazm FK Urganch,63.2019183703,3059,30hnhs47crryfhtm1523ygzkk,2026-10-06
Leganés II,Leganés II,CD Leganés II,63.1996301431,3060,1h4ygpz4oamwj3kksmzc15ams,2026-10-06
Guidonia Montecelio 1937,Guidonia 1937,Guidonia Montecelio 1937 FC,63.1947437841,3061,5sw6ud25poqqgzszu5yk6p0r8,2026-10-06
Almería II,Almería II,UD Almería II,63.1929986527,3062,1h4ygpz4oamwj3kksmzc15ams,2026-10-06
Transvaal,Transvaal,Transvaal,63.1909905964,3063,2iliu0oyb0iehjz6cxu2y9t78,2026-10-06
Renaissance,Renaissance,Renaissance Football Club,63.1905589562,3064,1odzlx97lfuimst69uxvbn310,2026-10-06
Jeddeloh,Jeddeloh,SSV Jeddeloh II,63.1877632485,3065,cp9ieu0l4mgyazd7866sx8pw4,2026-10-06
Tanzania Prisons,Prisons,Tanzania Prisons,63.1816587498,3066,e6nshvsw9syd2ukhn2pq496ok,2026-10-06
Racing Besançon,Racing,Racing Besançon,63.1794563761,3067,bzf5qx9yamvvlrgfqfs6ozl78,2026-10-06
FC 93 Bobigny BG,FC 93 BBG,Football Club 93 Bobigny-Bagnolet-Gagny,63.1747968324,3068,er1n8bxfo7q3075m90iafw1ec,2026-10-06
Mali Coura,Mali Coura,FC Mali Coura,63.1720604373,3069,2fvr17f4zzd5uci32usqi0ro4,2026-10-06
Ligorna,Ligorna,SCD Ligorna 1922,63.1685666372,3070,cvnhrujf5s3lefro06hwoncb8,2026-10-06
Uničov,Uničov,SK Uničov,63.1675195435,3071,1b9w528q6lpjmxp9k0sfxvtw4,2026-10-06
Nueva Concepción,Concepción,CSyD Nueva Concepción,63.1651320988,3072,e28lffq4n2gy2xccrcyfl2kno,2026-10-06
Police,Police,ASC Police,63.1647284867,3073,dp0cjg7hm16o0ay8b1amdexhw,2026-10-06
Móstoles,Móstoles,CD Móstoles URJC,63.1643782588,3074,1h4ygpz4oamwj3kksmzc15ams,2026-10-06
Villa Dálmine,Villa Dálmine,Club Villa Dálmine,63.1624655627,3075,epr9s9zih7yd5dygat10o64us,2026-10-06
Harbour View,Harbour View,Harbour View FC,63.1534417902,3076,3b44u42lrrjhxh5ket3d32z9w,2026-10-06
Sporting Cristal II,Cristal II,Club Sporting Cristal SA II,63.1443506955,3077,a9cov1ehhclrmqc4wgh59p2j8,2026-10-06
Académica do Lobito,Académica,Académica Petróleos do Lobito,63.1434397119,3078,ofi6heevfqlhgto3devky0b8,2026-10-06
Cheonan City,Cheonan City,Cheonan City Government FC,63.1371242442,3079,aqzfod554aa202i8pjkt4ou1g,2026-10-06
La Fama,La Fama,SV La Fama,63.1293582817,3080,7phwu4x5fqdwgmfu5vf5yhk44,2026-10-06
Colina,Colina,Atlético Colina,63.1261658399,3081,1wi9d67mmituunqd3csuv0fmc,2026-10-06
Colorados,Colorados,CD Colorados Jaipadida SC,63.124071603,3082,6f3mt0vs7zxlbfevjpbqur4lw,2026-10-06
BFC Preussen,BFC Preussen,Berliner FC Preussen,63.1162112123,3083,cp9ieu0l4mgyazd7866sx8pw4,2026-10-06
Molynes United,Molynes Utd,Molynes United FC,63.1150476398,3084,3b44u42lrrjhxh5ket3d32z9w,2026-10-06
Liptovský Mikuláš,L. Mikuláš,MFK Tatran Liptovský Mikuláš,63.1137679223,3085,47gcoqnouhyfwprkioq13ex3o,2026-10-06
Touring,Touring,Touring KE,63.1078342042,3086,1h4ygpz4oamwj3kksmzc15ams,2026-10-06
Chichicasteco,Chichicasteco,Chichicasteco FC,63.1037014639,3087,9krteg77umv3opxgpwp51d6ac,2026-10-06
Spakenburg,Spakenburg,SV Spakenburg,63.1025985546,3088,asox70lt42oe70oat4mcayaz8,2026-10-06
Stal Stalowa Wola,Stal SW,ZKS Stal Stalowa Wola,63.0994571575,3089,1f9k5nej63ck6nqpw0q5uml1w,2026-10-06
Estradense,Estradense,CD Estradense,63.0973628898,3090,1h4ygpz4oamwj3kksmzc15ams,2026-10-06
Horriya,Horriya,Al-Horriya,63.0963376173,3091,epf0rlgn33w37t43qiocvx4wk,2026-10-06
Šamorín,Šamorín,FC ŠTK 1914 Šamorín,63.0910800722,3092,47gcoqnouhyfwprkioq13ex3o,2026-10-06
Bashkimi Kumanovo,Bashkimi,KF Bashkimi 1947 Kumanovo,63.08514628,3093,bdisf9hz6nqbfmztljccr2978,2026-10-06
UCAM Murcia II,UCAM Murcia II,Sangonera Universidad Católica de Murcia CF,63.0774672261,3094,1h4ygpz4oamwj3kksmzc15ams,2026-10-06
O Elvas,O Elvas,O Elvas CAD,63.0771181774,3095,f0zodm68vgjezko34dv1zdyc4,2026-10-06
Ethiopia Nigd Bank,Ethiopia Bank,Commercial Bank of Ethiopia SA,63.0753741291,3096,yfk6117shr401b5om4u5nehg,2026-10-06
Yangon United,Yangon,Yangon United FC,63.068539438,3097,9z1alus7ccfyiq108ybm8ycyc,2026-10-06
Lille II,Lille II,Lille OSC II,63.0569430496,3098,bzf5qx9yamvvlrgfqfs6ozl78,2026-10-06
Fasil Kenema,Fasil Kenema,Fasil Kenema SC,63.0568744352,3099,yfk6117shr401b5om4u5nehg,2026-10-06
Istres,Istres,Istres FC,63.0337832622,3100,4puti0g0aurz6lctqhbonl2c4,2026-10-06
Cavaliers,Cavaliers,US Cavaliers de Nikki,63.0299994815,3101,t5yilsv0ffm6kb8mz07ywiz8,2026-10-06
Hauts Lyonnais,Hauts Lyonnais,Hauts Lyonnais SC,63.0247077561,3102,4puti0g0aurz6lctqhbonl2c4,2026-10-06
Pergolettese,Pergolettese,US Pergolettese 1932,63.0237129383,3103,5sw6ud25poqqgzszu5yk6p0r8,2026-10-06
Andratx,Andratx,CE Andratx,63.020222345,3104,1h4ygpz4oamwj3kksmzc15ams,2026-10-06
Saint-Colomban Locminé,Locminé,LA Saint-Colomban Locminé,63.0201699861,3105,4puti0g0aurz6lctqhbonl2c4,2026-10-06
Hồng Lĩnh Hà Tĩnh,Hồng Lĩnh,Hồng Lĩnh Hà Tĩnh,63.0194949045,3106,cld1l7cgrsr3bij22f2ytqiok,2026-10-06
Biesheim,Biesheim,ASC Biesheim,63.0177265667,3107,4puti0g0aurz6lctqhbonl2c4,2026-10-06
Hässleholms IF,Hässleholm,Hässleholms IF,63.0170808053,3108,6y4xajtea36x0n0xrjr4vy3o4,2026-10-06
Highbury,Highbury,Highbury FC,63.0135913954,3109,4nwd2e9auc7j57110c5f3fehg,2026-10-06
Paysandu,Paysandu,Paysandu SC,63.0081867279,3110,kis8d8dd780usq5xloolkaac,2026-10-06
Deportivo Ucrania,Dep. Ucrania,Club Deportivo Ucrania,63.0036838228,3111,a9cov1ehhclrmqc4wgh59p2j8,2026-10-06
Pacífico Gral. Alvear,Pacífico,Sport Club Pacífico de General Alvear,62.9952713887,3112,bt89iqwmniyxhz06vrzhc3das,2026-10-06
Al Kharaitiyat,Kharaitiyat,Al Kharaitiyat SC,62.9935386514,3113,e9xwqeh6pqwy3pva03skx9f6c,2026-10-06
Unirea Slobozia,Slobozia,FC Unirea 2004 Slobozia,62.992646422,3114,2iz4hkjsj1fadp09drcb6hhqs,2026-10-06
Zabbar St. Patrick,Zabbar,Zabbar Saint Patrick FC,62.992297357,3115,3jedmdrdnamejeki9uh7jrs44,2026-10-06
Olímpico Totana,Totana,Club Olímpico de Totana,62.9860141753,3116,1h4ygpz4oamwj3kksmzc15ams,2026-10-06
RC Bobo-Dioulasso,Racing Bobo,Racing Club de Bobo,62.9854940666,3117,56y5sheadf58560v7uwkil9n8,2026-10-06
Arbroath,Arbroath,Arbroath FC,62.9839197766,3118,73jqy9edtsysqefneqki92kno,2026-10-06
UF Touraine,Touraine,Union Foot de Touraine,62.9838674166,3119,d6508espb7py2ulpfflsrks2c,2026-10-06
Árabe Unido II,Árabe Unido II,CD Árabe Unido II,62.983277425,3120,5vfsgxr7re4yxafib5pgasopg,2026-10-06
Cabinda,Cabinda,FC de Cabinda,62.9772909887,3121,ofi6heevfqlhgto3devky0b8,2026-10-06
APS Bomet,APS Bomet,APS Bomet,62.9717035987,3122,6of7eu9uyvb2ljqldumlr92xg,2026-10-06
Haka,Haka,FC Haka,62.9692589178,3123,dfeircxbw7mix6mouzz7t05qs,2026-10-06
Vall de Uxó,Vall de Uxó,UD Vall de Uxó,62.9682117091,3124,1h4ygpz4oamwj3kksmzc15ams,2026-10-06
Đà Nẵng,Đà Nẵng,SHB Đà Nẵng FC,62.9660879679,3125,cld1l7cgrsr3bij22f2ytqiok,2026-10-06
Aurrerá Vitoria,Aurrerá,CD Aurrerá de Vitoria,62.9643719386,3126,1h4ygpz4oamwj3kksmzc15ams,2026-10-06
Marbellí,Marbellí,FC Marbellí,62.9591358747,3127,1h4ygpz4oamwj3kksmzc15ams,2026-10-06
Jwaya,Jwaya,Jwaya SC,62.9565396992,3128,9lv9rln2qwsqme0g8t366uiac,2026-10-06
Ayr United,Ayr Utd,Ayr United FC,62.9518053598,3129,73jqy9edtsysqefneqki92kno,2026-10-06
Al Futuwa,Futuwa,Al Futuwa SC,62.9493837122,3130,epf0rlgn33w37t43qiocvx4wk,2026-10-06
Bremer SV,Bremer SV,Bremer SV,62.9448238895,3131,cp9ieu0l4mgyazd7866sx8pw4,2026-10-06
Barletta,Barletta,ASD Barletta 1922,62.9437766666,3132,5sw6ud25poqqgzszu5yk6p0r8,2026-10-06
Gainare Tottori,Gainare,Gainare Tottori,62.9436775295,3133,d7a4tg9b5xoanhbupsxsbi238,2026-10-06
Centre Chiefs,Centre Chiefs,Mochudi Centre Chiefs SC,62.9409488494,3134,e2i85rbbrmh0zcyvozwl9qk9g,2026-10-06
Karfamoriah,Karfamoriah,Karfamoriah FC,62.9371477318,3135,1odzlx97lfuimst69uxvbn310,2026-10-06
Pocheon,Pocheon,Pocheon FC,62.936765843,3136,2e9i1nuxuoznknto2pks55vys,2026-10-06
Arlanda,Arlanda,FC Arlanda,62.9256247073,3137,6y4xajtea36x0n0xrjr4vy3o4,2026-10-06
Schöningen,Schöningen,FSV Schöningen,62.922133925,3138,cp9ieu0l4mgyazd7866sx8pw4,2026-10-06
Sonacos,Sonacos,Sonacos de Diourbel,62.9181230079,3139,4d4sx0infiwl8cie7h7cy00t0,2026-10-06
Moulien,Moulien,CS Moulien,62.9180030559,3140,5yj7rokg3llyzxbr4gglmdbmc,2026-10-06
Llerenense,Llerenense,AD Llerenense,62.916897739,3141,1h4ygpz4oamwj3kksmzc15ams,2026-10-06
Manica Diamonds,Manica,Manica Diamonds FC,62.9120141092,3142,8ea4fh0n7w704hsj43vlxw4yc,2026-10-06
Ostiamare,Ostiamare,AS Ostia Mare Lido Calcio,62.9120106184,3143,5sw6ud25poqqgzszu5yk6p0r8,2026-10-06
Estrella Roja,Estrella Roja,CD Estrella Roja,62.9100976561,3144,51fmboanx3f6tr3jlow8054ic,2026-10-06
Piacenza,Piacenza,Piacenza Calcio,62.9099161341,3145,cvnhrujf5s3lefro06hwoncb8,2026-10-06
PR Surf,PR Surf,Puerto Rico Surf SC,62.9080542685,3146,9ij31b9nteu7u821uzpr04k4,2026-10-06
Stade Renard,Renard,Stade Renard de Melong,62.9018884512,3147,cqmw3la51kme1j36rsfej2p04,2026-10-06
Espoir,Espoir,Espoir FC de Tsévié,62.8950836249,3148,d8hdusfvdmgo6ki7qtifb88wk,2026-10-06
Eintracht Frankfurt II,Eintracht F II,Eintracht Frankfurt II,62.8949055922,3149,cp9ieu0l4mgyazd7866sx8pw4,2026-10-06
Pineto,Pineto,ASD Pineto Calcio,62.8928110881,3150,5sw6ud25poqqgzszu5yk6p0r8,2026-10-06
Dhofar,Dhofar,Dhofar SCSC,62.8870707576,3151,cbdqxkajw3jvb9nqzpbraim1g,2026-10-06
Madura United,Madura Utd,Madura United FC,62.8851018957,3152,2t0yn5r2hq16whtb16f4i7nro,2026-10-06
Sông Lam Nghệ An,SLNA,CLB Sông Lam Nghệ An,62.8830073802,3153,cld1l7cgrsr3bij22f2ytqiok,2026-10-06
Fuerte San Francisco,Fuerte,CD Fuerte San Francisco,62.8783821146,3154,30t9l739hkqomjqhti9lxg5qs,2026-10-06
Porreres,Porreres,UE Porreres,62.8760549678,3155,1h4ygpz4oamwj3kksmzc15ams,2026-10-06
Be'sat Kermanshah,Be'sat,Be'sat Kermanshah FC,62.8741545543,3156,4kjg0qklfya45mq3pjthw09w4,2026-10-06
Hadiya Hosaena,Hosaena,Hadiya Hosaena,62.8732634622,3157,yfk6117shr401b5om4u5nehg,2026-10-06
Independiente II,La Chorrera II,CA Independiente de La Chorrera II,62.8691289906,3158,5vfsgxr7re4yxafib5pgasopg,2026-10-06
Schwarz-Weiß Bregenz,Bregenz SW,Schwarz-Weiß Bregenz,62.8669786712,3159,bbsieeq7vmacbhd5d5hvgu978,2026-10-06
FC Jerusalem,FC Jerusalem,FC Jerusalem,62.8547605077,3160,vb6kze8rzj979awz12g26vbo,2026-10-06
East Bengal,East Bengal,East Bengal FC,62.8511146112,3161,d70h9cciplfhf01fn96gpcw0k,2026-10-06
Beasain,Beasain,SD Beasain,62.8509204963,3162,1h4ygpz4oamwj3kksmzc15ams,2026-10-06
Real Sociedad III,Real Soc. III,CD Berio Futbol Taldea (Real Sociedad III),62.839749508,3163,1h4ygpz4oamwj3kksmzc15ams,2026-10-06
Unisport Bafang,Unisport,Unisport de Bafang,62.8320706096,3164,cqmw3la51kme1j36rsfej2p04,2026-10-06
Rekord Bielsko-Biała,Rekord BB,BTS Rekord Bielsko-Biała,62.8219456025,3165,1f9k5nej63ck6nqpw0q5uml1w,2026-10-06
Meshakhte,Meshakhte,FC Meshakhte Tkibuli,62.8202001121,3166,dmtc6z8cwdmdocaz02qc5p0yc,2026-10-06
Lota Schwager,Lota Schwager,CD Lota Schwager,62.8179379541,3167,1wi9d67mmituunqd3csuv0fmc,2026-10-06
Platges Calvià,Platges,CF Platges de Calvià,62.8030942172,3168,1h4ygpz4oamwj3kksmzc15ams,2026-10-06
Gubbio,Gubbio,AS Gubbio 1910,62.7978576864,3169,5sw6ud25poqqgzszu5yk6p0r8,2026-10-06
Al Buqa'a,Buqa'a,Al Buqa'a,62.7963062935,3170,espg5w80i6jk5f0n0b3buusk4,2026-10-06
Villalbés,Villalbés,RC Villalbés,62.7950648638,3171,1h4ygpz4oamwj3kksmzc15ams,2026-10-06
Highlanders,Highlanders,Mbabane Highlanders FC,62.7936719436,3172,8pf5znjqxa3ghoff6kevxy42c,2026-10-06
Al Watan,Al Watan,Al Watan SC,62.7919264241,3173,68kgxuk3dkg7p955ifkisgc9g,2026-10-06
Eintracht Trier,Trier,SV Eintracht Trier 05,62.7894792055,3174,cp9ieu0l4mgyazd7866sx8pw4,2026-10-06
Las Rozas,Las Rozas,Las Rozas CF,62.7891301013,3175,1h4ygpz4oamwj3kksmzc15ams,2026-10-06
Township Rollers,Rollers,Township Rollers FC,62.7890948784,3176,e2i85rbbrmh0zcyvozwl9qk9g,2026-10-06
Haro Deportivo,Haro Deportivo,Club Haro Deportivo,62.7873845792,3177,1h4ygpz4oamwj3kksmzc15ams,2026-10-06
Academia Cantolao,Cantolao,Academia Deportiva Cantolao,62.787217009,3178,4wjv3pabgbhm9is93zhe6zf9w,2026-10-06
FA Šiauliai,FA Šiauliai,FA Šiauliai,62.7845917404,3179,4hzcbeghy116szh7rtk757xg4,2026-10-06
Pitbulls Santa Bárbara,Pitbulls,Pitbulls Santa Bárbara FC,62.7842984232,3180,7yzd2ff4zj9i1m1mowvd9uot0,2026-10-06
Inverness CT,Inverness,Inverness Caledonian Thistle FC,62.780402474,3181,73jqy9edtsysqefneqki92kno,2026-10-06
Thes Sport,Thes,KVV Thes Sport Tessenderlo,62.7723730196,3182,6t5gnnzhfwzumtn1olpzzhlhw,2026-10-06
Villarrobledo,Villarrobledo,CP Villarrobledo,62.7692310495,3183,1h4ygpz4oamwj3kksmzc15ams,2026-10-06
Dynamo Abomey,Dynamo,Dynamo Abomey FC,62.7664416754,3184,t5yilsv0ffm6kb8mz07ywiz8,2026-10-06
Cercle de Joachim,Cercle Joachim,Cercle de Joachim SC,62.7596340424,3185,212mfktyohz85uisj8uw4ji1g,2026-10-06
Mâcon,Mâcon,UF Maconnais,62.7563838258,3186,bzf5qx9yamvvlrgfqfs6ozl78,2026-10-06
Bandari,Bandari,Bandari FC,62.7549187571,3187,6of7eu9uyvb2ljqldumlr92xg,2026-10-06
Rapid Wien II,Rapid II,SK Rapid Wien II,62.7423495259,3188,bbsieeq7vmacbhd5d5hvgu978,2026-10-06
Xerez Deportivo,Xerez DFC,Xerez Deportivo FC,62.7402548449,3189,1h4ygpz4oamwj3kksmzc15ams,2026-10-06
Tiquipaya,Tiquipaya,Escuela de Fútbol Tiquipaya,62.7381671437,3190,2yzo0vofqnirl3yjd7fdzavpw,2026-10-06
Unión Huaral,Huaral,CS Unión Huaral,62.7359328121,3191,a9cov1ehhclrmqc4wgh59p2j8,2026-10-06
Atlético Nacional,Nacional,SD Atlético Nacional,62.7333283469,3192,dxqxpijuyxkzzosa7wdmhzd3o,2026-10-06
Garden Stars,Garden Stars,Garden Stars FC,62.7282684683,3193,eutz7cztklmm0kuh8bthrfxg4,2026-10-06
East Riffa,East Riffa,East Riffa Club,62.7243896716,3194,3dsgnubzzf96l31ocjo3kial0,2026-10-06
Atlas Delmenhorst,Atlas,SV Atlas Delmenhorst,62.7193079011,3195,cp9ieu0l4mgyazd7866sx8pw4,2026-10-06
Stjørdals-Blink,Stjørdals,IL Stjørdals-Blink,62.7151184832,3196,eyebcttojdlxx2xxue3awhmvo,2026-10-06
Dunbeholden,Dunbeholden,Dunbeholden FC,62.7076705036,3197,3b44u42lrrjhxh5ket3d32z9w,2026-10-06
US Oyem,US Oyem,US Oyem,62.704822949,3198,91hx1tapplzhsaiav9r0gdq8k,2026-10-06
Terengganu,Terengganu,Terengganu FC,62.7039173283,3199,6siod2n1m854sihsqbyknyl1w,2026-10-06
Fréjus St-Raphaël,Fréjus,Étoile Fréjus Saint-Raphaël FC,62.6972609801,3200,4puti0g0aurz6lctqhbonl2c4,2026-10-06
San Antonio,San Antonio,FCR San Antonio,62.6957841933,3201,a9cov1ehhclrmqc4wgh59p2j8,2026-10-06
Barrow,Barrow,Barrow AFC,62.6931064232,3202,7jeqt00dn1903yv3hr8r63g2c,2026-10-06
Granville,Granville,US Granvillaise,62.6885329083,3203,4puti0g0aurz6lctqhbonl2c4,2026-10-06
Vado,Vado,Vado FC,62.6868396575,3204,5sw6ud25poqqgzszu5yk6p0r8,2026-10-06
Villacañas,Villacañas,Villacañas CF,62.6812536641,3205,1h4ygpz4oamwj3kksmzc15ams,2026-10-06
Deportivo Santo Domingo,Deportivo SD,Deportivo Santo Domingo de los Tsachilas,62.6786422063,3206,6f3mt0vs7zxlbfevjpbqur4lw,2026-10-06
Atlético Arteixo,Arteixo,CA Arteixo,62.6767150318,3207,1h4ygpz4oamwj3kksmzc15ams,2026-10-06
Naft Masjed Soleyman,Naft MIS,Naft Masjed Soleyman FC,62.6727196489,3208,4kjg0qklfya45mq3pjthw09w4,2026-10-06
Tempête,Tempête,Tempête FC,62.6718853492,3209,bva0t7rr4t5eq0llsgztfzx90,2026-10-06
Ajesaia,Ajesaia,Ajesaia,62.6711325001,3210,citm4e83b4soxyy411ags2z8,2026-10-06
Syunik,Syunik,FC Syunik,62.6697324982,3211,847iyp5po72cef4cdwd8c0ems,2026-10-06
Səbail,Səbail,Səbail FK,62.665542965,3212,4pfckmvf2xp5c2nu2nq0ynwgk,2026-10-06
Verdes,Verdes,Hankook Real Verdes United FC,62.6633317172,3213,djnavxxuhnda69fg22tpuri1g,2026-10-06
Maranhão,Maranhão,Maranhão AC,62.6625823557,3214,kis8d8dd780usq5xloolkaac,2026-10-06
Santa Ana,Santa Ana,AD Municipal Santa Ana,62.6603618267,3215,7yzd2ff4zj9i1m1mowvd9uot0,2026-10-06
Hércules,Hércules,CD Hércules,62.6549526113,3216,6wgpez958rtypmrbiuzjpjxn8,2026-10-06
Cosmopolites,Cosmopolites,Cosmopolites SC,62.6540797873,3217,bva0t7rr4t5eq0llsgztfzx90,2026-10-06
Sámano,Sámano,UD Sámano,62.6512286532,3218,1h4ygpz4oamwj3kksmzc15ams,2026-10-06
Beauvais,Beauvais,AS Beauvais Oise,62.6452410476,3219,er1n8bxfo7q3075m90iafw1ec,2026-10-06
Meux,Meux,RFC Meux,62.6386598954,3220,6t5gnnzhfwzumtn1olpzzhlhw,2026-10-06
JSM Skikda,JSM Skikda,JSM Skikda,62.6313292759,3221,4ywcw2tioaj6sk5kze8z053yh,2026-10-06
FC 105,FC 105,Football Canon 105 de Libreville,62.6294113302,3222,91hx1tapplzhsaiav9r0gdq8k,2026-10-06
Juventud Unida G.,Juventud UG,Club Social y Deportivo Juventud Unida de Gualeguaychú,62.6266217362,3223,bt89iqwmniyxhz06vrzhc3das,2026-10-06
Panserraikos,Panserraikos,Panserraikos FC,62.6226520588,3224,13prgjp0qzce661j00a3jy3o4,2026-10-06
CR Béni Thour,Béni Thour,Chabab Riadhi Béni Thour,62.6226008847,3225,flxkeved0q9tmclqafcpql1w,2026-10-06
Popești-Leordeni,Gloria PL,SC Popești-Leordeni,62.615267807,3226,2iz4hkjsj1fadp09drcb6hhqs,2026-10-06
Viktoria Plzeň II,Plzeň II,FC Viktoria Plzeň II,62.615267807,3227,1b9w528q6lpjmxp9k0sfxvtw4,2026-10-06
Al Arabi,Arabi,Al Arabi SC,62.6147636714,3228,espg5w80i6jk5f0n0b3buusk4,2026-10-06
Sturm Graz II,Sturm II,SK Sturm Graz II,62.6075867565,3229,bbsieeq7vmacbhd5d5hvgu978,2026-10-06
Gazelle,Gazelle,Gazelle FC,62.6054931152,3230,cqmw3la51kme1j36rsfej2p04,2026-10-06
Huesca II,Huesca II,SD Huesca II,62.6030479385,3231,1h4ygpz4oamwj3kksmzc15ams,2026-10-06
Treasure Beach,Treasure Beach,Treasure Beach FC,62.6008366139,3232,3b44u42lrrjhxh5ket3d32z9w,2026-10-06
Santiago de Píllaro,Sant Píllaro,Club Deportivo Santiago de Píllaro,62.5822809545,3233,51fmboanx3f6tr3jlow8054ic,2026-10-06
Salgueiros,Salgueiros,SC Salgueiros,62.581750255,3234,f0zodm68vgjezko34dv1zdyc4,2026-10-06
Blue Eagles,Eagles,Blue Eagles FC,62.5810554575,3235,dzzhvxalhc0doyc8cvfxaeyvo,2026-10-06
Panamá City,Panamá City,Panamá City FC,62.5807586158,3236,5vfsgxr7re4yxafib5pgasopg,2026-10-06
Espoir Savalou,Espoir Savalou,Espoir FC,62.5796588805,3237,t5yilsv0ffm6kb8mz07ywiz8,2026-10-06
Limón Black Star,Black Star,Limón Black Star FC,62.5790128919,3238,3axg6okixk6rkcmw8gjyjw3ro,2026-10-06
Police,Police,Police FC,62.576691147,3239,193l1zv2eyi82heh2jblkwqhg,2026-10-06
Cabeza del Buey,Cabeza Buey,CD Cabeza del Buey,62.5751164989,3240,1h4ygpz4oamwj3kksmzc15ams,2026-10-06
Ajax II,Ajax II,AFC Ajax II,62.5723233311,3241,7bdyxkrzt42tv7377rpz5nqc4,2026-10-06
Bengaluru,Bengaluru,Bengaluru FC,62.5662328331,3242,d70h9cciplfhf01fn96gpcw0k,2026-10-06
Köln II,Köln II,1. FC Köln II,62.5635946537,3243,cp9ieu0l4mgyazd7866sx8pw4,2026-10-06
Kiyovu Sports,Kiyovu,Kiyovu Sports Association,62.5578371966,3244,193l1zv2eyi82heh2jblkwqhg,2026-10-06
Lealtad,Lealtad,CD Lealtad de Villaviciosa,62.5517235845,3245,1h4ygpz4oamwj3kksmzc15ams,2026-10-06
Siroco Les Abymes,Siroco,Siroco Les Abymes,62.5489884707,3246,5yj7rokg3llyzxbr4gglmdbmc,2026-10-06
Tixeraïne,Tixeraïne,JS Tixeraïne,62.5478841241,3247,flxkeved0q9tmclqafcpql1w,2026-10-06
Giugliano,Giugliano,SSC Giugliano,62.5443914143,3248,5sw6ud25poqqgzszu5yk6p0r8,2026-10-06
Lorient II,Lorient II,FC Lorient II,62.5432915862,3249,4puti0g0aurz6lctqhbonl2c4,2026-10-06
JIPPO,JIPPO,JIPPO Joensuu,62.5398524369,3250,dfeircxbw7mix6mouzz7t05qs,2026-10-06
Kaédi,Kaédi,Kaédi FC,62.5395044807,3251,dp0cjg7hm16o0ay8b1amdexhw,2026-10-06
Valour,Valour,Valour FC,62.5346709367,3252,110qulr80h8ail8rgwi0o7x0,2026-10-06
Shenavarsazi Qeshm,Shenavarsazi,Shenavarsazi Qeshm,62.530968597,3253,4kjg0qklfya45mq3pjthw09w4,2026-10-06
AFC Eskilstuna,AFC Eskilstuna,AFC Eskilstuna,62.5300761388,3254,6y4xajtea36x0n0xrjr4vy3o4,2026-10-06
AS Cotonou,AS Cotonou,AS Cotonou,62.5272863944,3255,t5yilsv0ffm6kb8mz07ywiz8,2026-10-06
Ogooue,Ogooue,Ogooue FC,62.5208270154,3256,91hx1tapplzhsaiav9r0gdq8k,2026-10-06
Cosma,Cosma,Cosma Foot,62.5158188425,3257,8ptl1wrxicnblij9u19k2p4pg,2026-10-06
Şanlıurfaspor,Şanlıurfa,Şanlıurfa SK,62.5129674893,3258,9iurl7j8nsnscnb6u5uaicj6c,2026-10-06
Mosta,Mosta,Mosta FC,62.5129674893,3259,3jedmdrdnamejeki9uh7jrs44,2026-10-06
Pamba Jiji,Pamba,Pamba Jiji FC,62.5107014557,3260,c5wdltkcr7ti6feuv6ej6kavo,2026-10-06
Villafranca,Villafranca,SP Villafranca,62.5038893642,3261,1h4ygpz4oamwj3kksmzc15ams,2026-10-06
Unión Coclé,Unión Coclé,Unión Coclé FC,62.5008027224,3262,5vfsgxr7re4yxafib5pgasopg,2026-10-06
Persita,Persita,Persatuan Sepak Bola Indonesia Tangerang,62.498622634,3263,2t0yn5r2hq16whtb16f4i7nro,2026-10-06
ÍR,ÍR,ÍR Reykjavík,62.4929955536,3264,a5uti9g06jek0b3rv3zavb578,2026-10-06
Céleste,Céleste,Céleste FC,62.4920213923,3265,ehmma83pqd17k7x6if20hmrkk,2026-10-06
Lambaréné,Lambaréné,Lambaréné AC,62.4904501651,3266,91hx1tapplzhsaiav9r0gdq8k,2026-10-06
Ituano,Ituano,Ituano Futebol Clube,62.4873111928,3267,kis8d8dd780usq5xloolkaac,2026-10-06
Gzira United,Gzira Utd,Gzira United FC,62.484685487,3268,3jedmdrdnamejeki9uh7jrs44,2026-10-06
Deportivo Alavés III,Alavés III,Deportivo Alavés III,62.4752580539,3269,1h4ygpz4oamwj3kksmzc15ams,2026-10-06
Eltersdorf,Eltersdorf,Sport-Club 1926 Eltersdorf,62.4745597235,3270,cp9ieu0l4mgyazd7866sx8pw4,2026-10-06
Dimona,Dimona,MS Dimona,62.4724647309,3271,vb6kze8rzj979awz12g26vbo,2026-10-06
Gyulai Termál,Gyulai Termál,Várfürdő-Gyulai Termál FC,62.4724647309,3272,2bunj0abqj9sw0w43ykismb6c,2026-10-06
Chemie Leipzig,Chemie L.,BSG Chemie Leipzig,62.4654814043,3273,cp9ieu0l4mgyazd7866sx8pw4,2026-10-06
Al-Tahaddi,Tahaddi,Al-Tahaddi,62.465135729,3274,68kgxuk3dkg7p955ifkisgc9g,2026-10-06
Maccabi K. Ata Bialik,K. Ata Bialik,Maccabi Ironi Kiryat Ata Bialik FC,62.4612913954,3275,vb6kze8rzj979awz12g26vbo,2026-10-06
Cinfães,Cinfães,CD Cinfães,62.4511655,3276,f0zodm68vgjezko34dv1zdyc4,2026-10-06
Ellas Syros,Syros,APO Ellas Syros,62.4505195358,3277,2ucolfpd3bp9magtvueu1udw,2026-10-06
Koforidua Semper Fi,Semper Fi,Koforidua Semper Fi FC,62.4501191868,3278,aj4bxdgocyi3ngimzhnz3cbv8,2026-10-06
Al Malaab El Libby,Al Malaab,Al Malaab El Libby,62.4372021458,3279,68kgxuk3dkg7p955ifkisgc9g,2026-10-06
Al Najma,Najma,Al Najma Club,62.437043641,3280,3dsgnubzzf96l31ocjo3kial0,2026-10-06
Kagera Sugar,Kagera Sugar,Kagera Sugar,62.4359800434,3281,c5wdltkcr7ti6feuv6ej6kavo,2026-10-06
Gloria Bistriţa,Gloria B.,CS Gloria Bistrița,62.4337069256,3282,2iz4hkjsj1fadp09drcb6hhqs,2026-10-06
Sur,Sur,Sur SC,62.4325043923,3283,cbdqxkajw3jvb9nqzpbraim1g,2026-10-06
Al Anwar,Anwar,Al Anwar Club,62.4321552189,3284,3lxygsgllro9oeey1m5ndpct0,2026-10-06
Kapfenberger SV,KSV 1919,Kapfenberger SV 1919,62.4207874712,3285,bbsieeq7vmacbhd5d5hvgu978,2026-10-06
Linense,Linense,Real Balompédica Linense,62.41170888,3286,1h4ygpz4oamwj3kksmzc15ams,2026-10-06
Puerto Cabello II,Puerto Cabello,Academia Puerto Cabello II,62.4035101743,3287,5l0o7aj8bf50pay409j5x0j6c,2026-10-06
Militar 6 Setembro,Militar 6 Sete,Desportivo Militar 6 de Setembro,62.3984435789,3288,ewvv0b6kirzyt9yhu07yxksgk,2026-10-06
Stade Nyonnais,Nyon,FC Stade Nyonnais,62.3893613828,3289,akzt9nsp06yyv03a86lz8kdn8,2026-10-06
Unión Adarve,Adarve,AD Unión Adarve Barrio del Pilar,62.387964655,3290,1h4ygpz4oamwj3kksmzc15ams,2026-10-06
Illescas,Illescas,CD Illescas,62.3851711961,3291,1h4ygpz4oamwj3kksmzc15ams,2026-10-06
Afumaţi,Afumaţi,CS Afumaţi,62.3848220134,3292,2iz4hkjsj1fadp09drcb6hhqs,2026-10-06
Tanganyika,Tanganyika,FC Tanganyika,62.3844763225,3293,ehmma83pqd17k7x6if20hmrkk,2026-10-06
Tatran Prešov,Tatran,1. FC Tatran Prešov,62.3816793663,3294,47gcoqnouhyfwprkioq13ex3o,2026-10-06
Al Khabourah,Khabourah,Al Khabourah SC,62.3801276146,3295,42r30yzz5zgbxnlixkbfsyxhw,2026-10-06
Shakhter Karagandy,Karagandy,FK Shakhter Karagandy,62.3798112346,3296,3xvgloy6xksv9wwg16vg7cb8,2026-10-06
Umm Salal,Umm Salal,Umm Salal SC,62.3780325116,3297,e9xwqeh6pqwy3pva03skx9f6c,2026-10-06
Ayema,Ayema,Ayéma d'Adjarra FC,62.3767942868,3298,t5yilsv0ffm6kb8mz07ywiz8,2026-10-06
BKMA II,BKMA II,Banaki Kentronakan Marzakan Akumb II,62.3740846131,3299,64vw8f01cagdwkkeibkert91w,2026-10-06
ASVO,ASVO,Association Sportive de la Vallée de l'Ouémé FC,62.3659695419,3300,t5yilsv0ffm6kb8mz07ywiz8,2026-10-06
Charlotte Independence,Independence,Charlotte Independence,62.3656726628,3301,aaqxopxxof8k6ao4qagu5yzo4,2026-10-06
Persik Kediri,Persik,Persatuan Sepakbola Indonesia Kediri,62.3624448494,3302,2t0yn5r2hq16whtb16f4i7nro,2026-10-06
Maccabi Ahi Nazareth,M Ahi Nazareth,Maccabi Ahi Nazareth FC,62.3596806825,3303,1mqfttramp7l8dfkpwk7w6wic,2026-10-06
Vermont Green,Vermont Green,Vermont Green FC,62.359387296,3304,65cy9siadyrbesmmxe748mtck,2026-10-06
Uruguay Montevideo,Uruguay Mdeo,Uruguay Montevideo FC,62.353227684,3305,6oy1dcqjggeoyx76gstf8zkes,2026-10-06
Santa Ana,Santa Ana,Santa Ana FC,62.3521801171,3306,6f3mt0vs7zxlbfevjpbqur4lw,2026-10-06
Barra,Barra,Barra FC,62.3500849815,3307,kis8d8dd780usq5xloolkaac,2026-10-06
Teleghma,Teleghma,NRB Teleghma,62.3460635108,3308,flxkeved0q9tmclqafcpql1w,2026-10-06
Blacks Power,Blacks Power,Blacks Power FC,62.3450182351,3309,d43v3lpfbbegmsubl20bdpct0,2026-10-06
Cádiz II,Cádiz II,Cádiz CF II,62.3425704083,3310,1h4ygpz4oamwj3kksmzc15ams,2026-10-06
Águilas II,Águilas II,Águilas FC II,62.3394276872,3311,1h4ygpz4oamwj3kksmzc15ams,2026-10-06
Humble Lions,Humble,Humble Lions,62.3393111885,3312,cs79t28tkr2uwriwjrtungs4b,2026-10-06
Leo Victor,Leo Victor,Leo Victor,62.3286888612,3313,2iliu0oyb0iehjz6cxu2y9t78,2026-10-06
La Cure Waves,Waves,La Cure Waves SC,62.3277332241,3314,212mfktyohz85uisj8uw4ji1g,2026-10-06
Anápolis,Anápolis,Anápolis FC,62.3249431632,3315,kis8d8dd780usq5xloolkaac,2026-10-06
Deportivo Camioneros,Camioneros,CA Social y Deportivo Camioneros de Buenos Aires,62.3214512161,3316,epr9s9zih7yd5dygat10o64us,2026-10-06
Binéfar,Binéfar,CD Binéfar,62.3177776804,3317,1h4ygpz4oamwj3kksmzc15ams,2026-10-06
Daejeon Korail,Daejeon Korail,Daejeon Korail FC,62.3177483479,3318,2e9i1nuxuoznknto2pks55vys,2026-10-06
San Marcos,San Marcos,FC San Marcos,62.3134708277,3319,c0h34ymbtky0gg66xxiox8t1w,2026-10-06
Grand Santi,Santi,ASU Grand Santi,62.3132962293,3320,8ptl1wrxicnblij9u19k2p4pg,2026-10-06
Guelson,Guelson,RSD Guelson FC,62.3121940313,3321,7tyqslotzxi8ytlvxmjv1zyfo,2026-10-06
Rijnsburgse Boys,Rijnsburg,Rijnsburgse Boys,62.3090477649,3322,asox70lt42oe70oat4mcayaz8,2026-10-06
Altamura,Altamura,Team Altamura,62.3083493698,3323,5sw6ud25poqqgzszu5yk6p0r8,2026-10-06
Eimsbütteler TV,Eimsbüttel,Eimsbütteler Turnverband,62.3080001721,3324,cp9ieu0l4mgyazd7866sx8pw4,2026-10-06
Upington City,Upington,Upington City FC,62.3027633959,3325,4nwd2e9auc7j57110c5f3fehg,2026-10-06
Zacatecoluca,Zacatecoluca,Zacatecoluca FC,62.3005505048,3326,6wgpez958rtypmrbiuzjpjxn8,2026-10-06
Mekelle 70 Enderta,Mekelle,Mekelle 70 Enderta FC,62.2943826076,3327,yfk6117shr401b5om4u5nehg,2026-10-06
Akritas,Akritas,Akritas Chloraka,62.2937703103,3328,8ejoxvm5ho0ybtj08tnwxm8lw,2026-10-06
Doxa,Doxa,Doxa Katokopia FC,62.2916751064,3329,8ejoxvm5ho0ybtj08tnwxm8lw,2026-10-06
Saham,Saham,Saham Club,62.2910835796,3330,cbdqxkajw3jvb9nqzpbraim1g,2026-10-06
Enosis,Enosis,Enosis Neon Paralimni,62.2895799,3331,8ejoxvm5ho0ybtj08tnwxm8lw,2026-10-06
Ancona,Ancona,Unione Sportiva Ancona,62.283556168,3332,cvnhrujf5s3lefro06hwoncb8,2026-10-06
Os Marialvas,Os Marialvas,FC Os Marialvas,62.2825085603,3333,f0zodm68vgjezko34dv1zdyc4,2026-10-06
Amazonas,Amazonas,Amazonas FC,62.2697696024,3334,kis8d8dd780usq5xloolkaac,2026-10-06
Atlético Barinas,Barinas,Club Atlético Barinas,62.2659283418,3335,5l0o7aj8bf50pay409j5x0j6c,2026-10-06
Lerumo Lions,Lions,Lerumo Lions FC,62.2640019209,3336,4nwd2e9auc7j57110c5f3fehg,2026-10-06
Bayreuth,Bayreuth,SpVgg Bayreuth,62.2570165854,3337,cp9ieu0l4mgyazd7866sx8pw4,2026-10-06
Cultural Leonesa II,CyD II,Cultural y Deportiva Leonesa Júpiter Leonés (Cultural Leonesa II),62.2552705464,3338,1h4ygpz4oamwj3kksmzc15ams,2026-10-06
Matsumoto Yamaga,Matsumoto,Matsumoto Yamaga FC,62.2495840349,3339,d7a4tg9b5xoanhbupsxsbi238,2026-10-06
Sigma Olomouc II,Sigma II,SK Sigma Olomouc II,62.2468895357,3340,1b9w528q6lpjmxp9k0sfxvtw4,2026-10-06
Municipal Grecia,Grecia,AD Municipal Grecia FC,62.2438024513,3341,7yzd2ff4zj9i1m1mowvd9uot0,2026-10-06
Lagun Onak,Lagun Onak,CD Lagun Onak,62.241651384,3342,1h4ygpz4oamwj3kksmzc15ams,2026-10-06
Qingdao Hainiu,Hainiu,Qingdao Hainiu FC,62.2280027839,3343,e6818x4pwankpph8awr91m1hw,2026-10-06
Greuther Fürth II,Fürth II,SpVgg Greuther Fürth II,62.2206986238,3344,cp9ieu0l4mgyazd7866sx8pw4,2026-10-06
Zlaté Moravce,Zlaté Moravce,FC ViOn Zlaté Moravce - Vráble,62.2126666673,3345,47gcoqnouhyfwprkioq13ex3o,2026-10-06
UD da Serra,UD da Serra,UD da Serra,62.2007932742,3346,f0zodm68vgjezko34dv1zdyc4,2026-10-06
Corinthian's de Los Rios,Corinthian's,Corinthian's de Los Rios,62.2006256493,3347,6f3mt0vs7zxlbfevjpbqur4lw,2026-10-06
Club Colonial,Colonial,Club Colonial de Fort-de-France,62.1961369204,3348,8oya8610sjuxts1g4yxvd1nh0,2026-10-06
One Knoxville,One Knoxville,One Knoxville SC,62.1921185941,3349,aaqxopxxof8k6ao4qagu5yzo4,2026-10-06
Camerhogne,Camerhogne,FC Camerhogne,62.1891525164,3350,7e8iz4klq135f8mgvdy8z4kyc,2026-10-06
ASFAG,ASFAG,AS des Forces Armées de Guinée,62.1875264102,3351,1odzlx97lfuimst69uxvbn310,2026-10-06
Utrera,Utrera,Club Deportivo Utrera,62.1843799244,3352,1h4ygpz4oamwj3kksmzc15ams,2026-10-06
Club Péléen,Péléen,AS Club Péléen,62.1818188629,3353,8oya8610sjuxts1g4yxvd1nh0,2026-10-06
PSIM Yogyakarta,PSIM,Perserikatan Sepakbola Indonesia Mataram,62.1791122548,3354,2t0yn5r2hq16whtb16f4i7nro,2026-10-06
Colmar,Colmar,Stadium Racing Colmar,62.1783907603,3355,4puti0g0aurz6lctqhbonl2c4,2026-10-06
Halaba Ketema,Halaba,Halaba Ketema FC,62.1774273607,3356,yr6guknnx5kfszs164te5444,2026-10-06
Frýdek-Místek,Frýdek-Místek,Fotbal Frýdek-Místek,62.1742524631,3357,1b9w528q6lpjmxp9k0sfxvtw4,2026-10-06
Juventud Huracán,Juv. Huracán,CD Juventud Huracán,62.1737705342,3358,a9cov1ehhclrmqc4wgh59p2j8,2026-10-06
Dieppe,Dieppe,FC Dieppe,62.1731524078,3359,4puti0g0aurz6lctqhbonl2c4,2026-10-06
Ulinzi Stars,Ulinzi,Ulinzi Stars,62.170412194,3360,6of7eu9uyvb2ljqldumlr92xg,2026-10-06
KCB,KCB,Kenya Commercial Bank SC,62.1665707199,3361,6of7eu9uyvb2ljqldumlr92xg,2026-10-06
Guinée Foot Elite,Guinée Foot,Guinée Foot Elite,62.1651761137,3362,1odzlx97lfuimst69uxvbn310,2026-10-06
Barockstadt Fulda-Lehn.,Lehnerz,SG Barockstadt Fulda-Lehnerz,62.1613311361,3363,cp9ieu0l4mgyazd7866sx8pw4,2026-10-06
Vis Pesaro,Vis Pesaro,Vis Pesaro,62.1599342303,3364,5sw6ud25poqqgzszu5yk6p0r8,2026-10-06
Forest Green Rovers,Forest Green,Forest Green Rovers FC,62.1578214081,3365,7jeqt00dn1903yv3hr8r63g2c,2026-10-06
Gran Peña,Gran Peña,Gran Peña FC,62.1567911882,3366,1h4ygpz4oamwj3kksmzc15ams,2026-10-06
Forward Madison,Forward,Forward Madison FC,62.1537039481,3367,aaqxopxxof8k6ao4qagu5yzo4,2026-10-06
Al Shorta,Shorta,Al Shorta SC,62.1522731024,3368,epf0rlgn33w37t43qiocvx4wk,2026-10-06
Vilanova Geltrú,Vilanova,CF Vilanova Geltrú,62.1522512287,3369,1h4ygpz4oamwj3kksmzc15ams,2026-10-06
Biellese,Biellese,ASD Biellese 1902,62.1505050874,3370,cvnhrujf5s3lefro06hwoncb8,2026-10-06
Résidence Walferdange,Résidence,FC Résidence Walferdange,62.1428220452,3371,uza4dpaosr9j4jztif162p78,2026-10-06
Shabab Al-Ghar,Al-Ghar,Shabab Al-Ghar Club,62.1389840041,3372,68kgxuk3dkg7p955ifkisgc9g,2026-10-06
Barry Town United,Barry Town,Barry Town United FC,62.1382820503,3373,5a72rnkyvdjffzei7qqokyot0,2026-10-06
Cultural Volante,Cul Volante,Club Deportivo Cultural Volante,62.1374508807,3374,a9cov1ehhclrmqc4wgh59p2j8,2026-10-06
Naval 1893,Naval,Associação Naval 1893,62.1347897386,3375,f0zodm68vgjezko34dv1zdyc4,2026-10-06
Al Sahel,Sahel,Al Sahel SC,62.1196176799,3376,evaw3m63xloe8o87vqybzjsic,2026-10-06
Khaleej Sart,Khaleej,Khaleej Sart,62.1194269783,3377,68kgxuk3dkg7p955ifkisgc9g,2026-10-06
Hoogstraten,Hoogstraten,Hoogstraten VV,62.1183757821,3378,6t5gnnzhfwzumtn1olpzzhlhw,2026-10-06
África Show,África Show,SC África Show,62.1138392173,3379,378ubqtunv9zk2so0s1rz4s2c,2026-10-06
IF Karlstad,IF Karlstad,IF Karlstad Fotboll,62.112089546,3380,6y4xajtea36x0n0xrjr4vy3o4,2026-10-06
Beti Kozkor,Beti Kozkor,Beti Kozkor KE,62.112089546,3381,1h4ygpz4oamwj3kksmzc15ams,2026-10-06
Sambenedettese,Sambenedettese,US Sambenedettese,62.1117403101,3382,5sw6ud25poqqgzszu5yk6p0r8,2026-10-06
Brooklyn,Brooklyn,Brooklyn FC,62.110049938,3383,cbkjk31sv9wm38ljg3vxhtus4,2026-10-06
Le Poiré sur Vie,VPSVF,Vendée Poiré sur Vie Football,62.105401665,3384,4puti0g0aurz6lctqhbonl2c4,2026-10-06
Gamo Chencha,Chencha,Gamo Chencha FC,62.1003606091,3385,yr6guknnx5kfszs164te5444,2026-10-06
Juventude Évora,Évora,Juventude SC Évora,62.096373859,3386,f0zodm68vgjezko34dv1zdyc4,2026-10-06
Zawisza Bydgoszcz,Zawisza,WKS Zawisza Bydgoszcz,62.0911352658,3387,1f9k5nej63ck6nqpw0q5uml1w,2026-10-06
Atlético Kin,Atlético Kin,Club Atlético Kin,62.0892214293,3388,51fmboanx3f6tr3jlow8054ic,2026-10-06
AD Pemba,AD Pemba,AD de Pemba,62.0886940762,3389,12paa0nrmm7b6c9bt3b9rsx78,2026-10-06
Atlètic Lleida,Atlètic Lleida,CE Atlètic Lleida 2019,62.0862458984,3390,1h4ygpz4oamwj3kksmzc15ams,2026-10-06
Juan Aurich,Juan Aurich,Club Juan Aurich de Chiclayo,62.0833192563,3391,a9cov1ehhclrmqc4wgh59p2j8,2026-10-06
Troyes II,Troyes II,Espérance Sportive Troyes Aube Champagne II,62.0809548892,3392,4puti0g0aurz6lctqhbonl2c4,2026-10-06
Sanjoanense,Sanjoanense,AD Sanjoanense,62.0806580334,3393,f0zodm68vgjezko34dv1zdyc4,2026-10-06
Elite,Elite,Elite SC,62.0737312834,3394,amq9d5z9f0eytpclvwfgke238,2026-10-06
Grobiņa,Grobiņa,FK Grobiņa,62.0705299836,3395,d1tk0recez2ejvsidutwviwwk,2026-10-06
AD Sarchí,Sarchí,Asociación Deportiva Sarchí,62.0573144694,3396,7yzd2ff4zj9i1m1mowvd9uot0,2026-10-06
Pelileo,Pelileo,Pelileo SC,62.0535985497,3397,6f3mt0vs7zxlbfevjpbqur4lw,2026-10-06
Comunicaciones,Comunicaciones,Club Comunicaciones de Buenos Aires,62.0504553203,3398,epr9s9zih7yd5dygat10o64us,2026-10-06
Hamburger SV II,HSV II,Hamburger SV II,62.0432887364,3399,cp9ieu0l4mgyazd7866sx8pw4,2026-10-06
Schaffhausen,Schaffhausen,FC Schaffhausen,62.042939487,3400,csiypz33i7wj1ttlalk11wb9w,2026-10-06
Foggia,Foggia,Foggia Calcio 1920,62.0418917382,3401,5sw6ud25poqqgzszu5yk6p0r8,2026-10-06
Zbrojovka Brno II,Brno II,FC Zbrojovka Brno II,62.0415424884,3402,1b9w528q6lpjmxp9k0sfxvtw4,2026-10-06
Peralada,Peralada,CF Peralada,62.0279216954,3403,1h4ygpz4oamwj3kksmzc15ams,2026-10-06
Mainz 05 II,Mainz 05 II,1. FSV Mainz 05 II,62.0216351404,3404,cp9ieu0l4mgyazd7866sx8pw4,2026-10-06
FICA,FICA,Football Club Inter Association du Cap-Haïtien,62.0122633758,3405,4vdnis45sxd05ictg09vgpous,2026-10-06
Os Limianos,Limianos,AD Os Limianos,62.0087127076,3406,f0zodm68vgjezko34dv1zdyc4,2026-10-06
Bergisch Gladbach,Bergisch Gladb,SV Bergisch Gladbach 09,62.0080141951,3407,cp9ieu0l4mgyazd7866sx8pw4,2026-10-06
Napredak,Napredak,FK Napredak Kruševac,62.0076649387,3408,38qhp7f77q817kvnksk95ucyc,2026-10-06
ETSV Hamburg,ETSV Hamburg,ETSV Hamburg von 1924 e.V.,62.0034738568,3409,949cwx081ssmm4uuutgo1stn8,2026-10-06
Torre del Mar,Torre del Mar,UD Torre del Mar,61.9985842489,3410,1h4ygpz4oamwj3kksmzc15ams,2026-10-06
Chabab Mohammédia,Chabab Moham.,Sporting Club Chabab Mohammédia,61.9954421192,3411,e66497iax4m4oq94h8qc9nllg,2026-10-06
Inter Bratislava,Inter,FK Inter Bratislava,61.9933453683,3412,47gcoqnouhyfwprkioq13ex3o,2026-10-06
Al Ahli San'a,Al Ahli,Al Ahli San'a Club,61.9848103725,3413,6spnboa211s9rgq47ldx6qej8,2026-10-06
Almazán,Almazán,SD Almazán,61.9800734685,3414,1h4ygpz4oamwj3kksmzc15ams,2026-10-06
HSV Hoek,Hoek,Hoekse Sportvereniging Hoek,61.977628634,3415,asox70lt42oe70oat4mcayaz8,2026-10-06
Lubumbashi Sport,Lubumbashi,FC Lubumbashi Sport,61.9751872889,3416,ehmma83pqd17k7x6if20hmrkk,2026-10-06
Svay Rieng,Svay Rieng,Preah Khan Reach Svay Rieng FC,61.9708398803,3417,4e6o0al3mukitypahlzl6tnh0,2026-10-06
Oyem AC,Oyem AC,Oyem AC,61.9659318028,3418,91hx1tapplzhsaiav9r0gdq8k,2026-10-06
Gurten,Gurten,Union Gurten,61.9640073521,3419,8h4bz8mec7n5utisq4xhw6lg4,2026-10-06
1. FC Bocholt,Bocholt,1. FC Bocholt,61.9629595569,3420,cp9ieu0l4mgyazd7866sx8pw4,2026-10-06
26 de Febrero,26 de Febrero,Club 26 de Febrero,61.962617277,3421,1gjxy3gxbk5vg77nc8lyisljo,2026-10-06
Serik Spor,Serik,Serik Spor Futbol AS,61.9626102917,3422,9iurl7j8nsnscnb6u5uaicj6c,2026-10-06
Pohronie,Pohronie,FK Pohronie Žiar nad Hronom Dolná Ždaňa,61.9584191037,3423,47gcoqnouhyfwprkioq13ex3o,2026-10-06
Aubervilliers,Aubervilliers,FC Municipal d'Aubervilliers,61.9532499583,3424,bzf5qx9yamvvlrgfqfs6ozl78,2026-10-06
Leotar,Leotar,FK Leotar Trebinje,61.9507352335,3425,1kkhhxd0jcelyo7vaq5llsil0,2026-10-06
Kara Gostar,Kara Gostar,Kara Gostar SC,61.9449918877,3426,4kjg0qklfya45mq3pjthw09w4,2026-10-06
Bulle,Bulle,FC Bulle,61.9440991371,3427,csiypz33i7wj1ttlalk11wb9w,2026-10-06
Naftan,Naftan,FK Naftan Novopolotsk,61.9290805117,3428,2tml5a5shxx16bkg25p0hh8gk,2026-10-06
Mladost DG,Mladost DG,FK Mladost Donja Gorica,61.9189515997,3429,bp0tbsm945cofzlkbdgmd7dp0,2026-10-06
Assabah,Assabah,Assabah Club,61.9168594483,3430,68kgxuk3dkg7p955ifkisgc9g,2026-10-06
Qatar U23,Qatar,Qatar Under 23,61.9153037998,3431,e9xwqeh6pqwy3pva03skx9f6c,2026-10-06
Tarbes,Tarbes,Tarbes Pyrénées Football,61.9056267535,3432,4puti0g0aurz6lctqhbonl2c4,2026-10-06
Provincial Ovalle,Prov. Ovalle,CD Provincial Ovalle FC,61.9051622158,3433,1wi9d67mmituunqd3csuv0fmc,2026-10-06
Racing Club Haitien,Racing Haitien,Racing Club Haitien,61.9018952132,3434,4vdnis45sxd05ictg09vgpous,2026-10-06
Dynamic Herb Cebu,Cebu,Dynamic Herb Cebu FC,61.8995397535,3435,c50ksp1w60e030qpuec4280es,2026-10-06
Al Musannah,Musannah,Al Musannah SC,61.8887587367,3436,cbdqxkajw3jvb9nqzpbraim1g,2026-10-06
Caernarfon Town,Caernarfon,Caernarfon Town FC,61.8885645175,3437,5a72rnkyvdjffzei7qqokyot0,2026-10-06
Pro Vercelli,Pro Vercelli,FC Pro Vercelli Calcio,61.8843731551,3438,5sw6ud25poqqgzszu5yk6p0r8,2026-10-06
Amora,Amora,Amora FC,61.8836745937,3439,f0zodm68vgjezko34dv1zdyc4,2026-10-06
Manama,Manama,Manama,61.8726917953,3440,3dsgnubzzf96l31ocjo3kial0,2026-10-06
Guaraní A. Franco,Guaraní AF,Club Guaraní Antonio Franco,61.8642963919,3441,bt89iqwmniyxhz06vrzhc3das,2026-10-06
Olympic Charleroi,ROCC,ROC Charleroi,61.8637654792,3442,6t5gnnzhfwzumtn1olpzzhlhw,2026-10-06
Socuéllamos,Socuéllamos,Yugo Unión Deportiva Socuéllamos,61.8581769158,3443,1h4ygpz4oamwj3kksmzc15ams,2026-10-06
ADT II,ADT II,Asociación Deportiva Tarma II,61.8555991849,3444,a9cov1ehhclrmqc4wgh59p2j8,2026-10-06
Shahin Bandar Ameri,Shahin,Shahin Bandar Ameri FC,61.8548782775,3445,4kjg0qklfya45mq3pjthw09w4,2026-10-06
FC Alverca II,Alverca II,FC Alverca II,61.853636195,3446,f0zodm68vgjezko34dv1zdyc4,2026-10-06
Atlético Pulpileño,Pulpileño,Club Atlético Pulpileño,61.8518897609,3447,1h4ygpz4oamwj3kksmzc15ams,2026-10-06
Auckland City,Auckland,Auckland City FC,61.8448428816,3448,5covk71othb712xpvk7qwlul0,2026-10-06
Hodonín,Hodonín,FK Hodonín,61.8431575643,3449,1b9w528q6lpjmxp9k0sfxvtw4,2026-10-06
TAFIC,TAFIC,TAFIC FC,61.8413758783,3450,e2i85rbbrmh0zcyvozwl9qk9g,2026-10-06
St-Pryvé St-Hilaire,St-Pryvé,Saint-Pryvé Saint-Hilaire FC,61.8364686727,3451,4puti0g0aurz6lctqhbonl2c4,2026-10-06
Smail,Smail,Smail Club,61.8335716784,3452,cbdqxkajw3jvb9nqzpbraim1g,2026-10-06
UDELAS,UDELAS,UDELAS FC,61.8330839802,3453,5vfsgxr7re4yxafib5pgasopg,2026-10-06
Králův Dvůr,Králův Dvůr,FK Králův Dvůr,61.8330281626,3454,1b9w528q6lpjmxp9k0sfxvtw4,2026-10-06
Spokane Velocity,Velocity,Spokane Velocity FC,61.8327346895,3455,aaqxopxxof8k6ao4qagu5yzo4,2026-10-06
Damissa,Damissa,Damissa FC,61.8305866205,3456,t5yilsv0ffm6kb8mz07ywiz8,2026-10-06
HHC,HHC,Hardenberg Heemse Combinatie,61.8232479957,3457,asox70lt42oe70oat4mcayaz8,2026-10-06
DPMM,DPMM,Brunei Duli Pengiran Muda Mahkota FC,61.8141370232,3458,6siod2n1m854sihsqbyknyl1w,2026-10-06
Giravanz Kitakyushu,Giravanz,Giravanz Kitakyushu,61.8140671643,3459,d7a4tg9b5xoanhbupsxsbi238,2026-10-06
Westfalia Rhynern,Rhynern,SV Westfalia Rhynern,61.8131184803,3460,cp9ieu0l4mgyazd7866sx8pw4,2026-10-06
Astoria Walldorf,Astoria,FC Astoria Walldorf,61.7994959374,3461,cp9ieu0l4mgyazd7866sx8pw4,2026-10-06
Sofala,Sofala,Liga Desportiva de Sofala,61.7967050497,3462,12paa0nrmm7b6c9bt3b9rsx78,2026-10-06
Chełmianka Chełm,Chełm. Chełm,CKS Chełmianka Chełm,61.7883183883,3463,9xyu4j66xlkjhki4hrt3624no,2026-10-06
Thành Phố Đồng Nai,TP Đồng Nai,Thành Phố Đồng Nai,61.7816523439,3464,cld1l7cgrsr3bij22f2ytqiok,2026-10-06
Moneni Pirates,Moneni,Moneni Pirates FC,61.7708568215,3465,8pf5znjqxa3ghoff6kevxy42c,2026-10-06
Alaniya Vladikavkaz,Alaniya,FK Alaniya Vladikavkaz,61.7701547207,3466,au1o7s1tazgfz249l77vlak9g,2026-10-06
Sundsvall,Sundsvall,GIF Sundsvall,61.7631686451,3467,e45p1bhnnox3kdgzamrx63r4k,2026-10-06
Linare,Linare,Linare FC,61.7628228354,3468,770xwf92zra2rdko15e3rqbys,2026-10-06
Moncarapachense,Moncarapachen.,Lusitano Ginásio Clube Moncarapachense,61.7603742072,3469,8uutnpd0veh6kk9a4hyt8ozkk,2026-10-06
Aubstadt,Aubstadt,TSV Aubstadt,61.7586276813,3470,cp9ieu0l4mgyazd7866sx8pw4,2026-10-06
Folgore Caratese,Caratese,US Folgore Caratese ASD,61.7575797649,3471,5sw6ud25poqqgzszu5yk6p0r8,2026-10-06
América RN,América RN,América FC (Rio Grande do Norte),61.7574120982,3472,29znvbdtp6fkl3cekgpeti9lg,2026-10-06
Torrejón,Torrejón,AD Torrejón CF,61.7505936398,3473,1h4ygpz4oamwj3kksmzc15ams,2026-10-06
Bắc Ninh,Bắc Ninh,Bắc Ninh FC,61.74462607,3474,cld1l7cgrsr3bij22f2ytqiok,2026-10-06
Hostert,Hostert,US Hostert,61.7338268273,3475,uza4dpaosr9j4jztif162p78,2026-10-06
Oleksandria,Oleksandria,FC Oleksandria,61.7320802752,3476,rr1w3xsanxl5hnby016mnx90,2026-10-06
Aswan,Aswan,Aswan SC,61.7264924939,3477,cqm44i69gxmooacafu49zpmok,2026-10-06
Holstein Kiel II,Holstein II,Kieler SV Holstein 1900 II,61.7257926734,3478,949cwx081ssmm4uuutgo1stn8,2026-10-06
Mara Sugar,Mara Sugar,Mara Sugar FC,61.7212528108,3479,6of7eu9uyvb2ljqldumlr92xg,2026-10-06
Al Wefaq Ajdabiyah,Al Wefaq,Al Wefaq FC,61.7198578555,3480,68kgxuk3dkg7p955ifkisgc9g,2026-10-06
Augsburg II,Augsburg II,FC Augsburg II,61.7153132875,3481,cp9ieu0l4mgyazd7866sx8pw4,2026-10-06
Belisia Bilzen,Belisia Bilzen,Belisia Bilzen SV,61.7139160314,3482,6t5gnnzhfwzumtn1olpzzhlhw,2026-10-06
Panthers,Panthers,HBA Police Panthers,61.7120529218,3483,6ai1o32comsvohaqi346lvx1w,2026-10-06
Fountain Gate,Fountain Gate,Singida Fountain Gate FC,61.7099024088,3484,c5wdltkcr7ti6feuv6ej6kavo,2026-10-06
LCS,LCS,Lesotho Correctional Services,61.7041387025,3485,770xwf92zra2rdko15e3rqbys,2026-10-06
Sporting Baie-Mahault,Sporting BM,Sporting Club Baie-Mahault,61.7000015274,3486,5yj7rokg3llyzxbr4gglmdbmc,2026-10-06
PSM Makassar,PSM,PSM Makassar,61.693975669,3487,2t0yn5r2hq16whtb16f4i7nro,2026-10-06
Dessel Sport,Dessel,KFC Dessel Sport,61.6929570571,3488,6t5gnnzhfwzumtn1olpzzhlhw,2026-10-06
Atlético Albericia,Albericia,SD Atlético Albericia,61.6880665941,3489,1h4ygpz4oamwj3kksmzc15ams,2026-10-06
Fanja,Fanja,Fanja SC,61.6865142382,3490,cbdqxkajw3jvb9nqzpbraim1g,2026-10-06
Ecosem Pasco,Ecosem,Ecosem Pasco,61.6837420163,3491,a9cov1ehhclrmqc4wgh59p2j8,2026-10-06
Santanyí,Santanyí,CD Santanyí,61.6831761176,3492,1h4ygpz4oamwj3kksmzc15ams,2026-10-06
Kaiserslautern II,Kaiserslautern,1. FC Kaiserslautern II,61.6793335909,3493,cp9ieu0l4mgyazd7866sx8pw4,2026-10-06
Penybont,Penybont,Penybont FC,61.6793335909,3494,5a72rnkyvdjffzei7qqokyot0,2026-10-06
Lifofane,Lifofane,Lifofane FC,61.6747959071,3495,770xwf92zra2rdko15e3rqbys,2026-10-06
Adama Kenema,Adama Kenema,Adama City FC,61.6723483543,3496,yfk6117shr401b5om4u5nehg,2026-10-06
Wellington Olympic,Wellington Ol.,Wellington Olympic,61.6708887358,3497,5covk71othb712xpvk7qwlul0,2026-10-06
Prato,Prato,AC Prato,61.6702512218,3498,cvnhrujf5s3lefro06hwoncb8,2026-10-06
Cayon,Cayon,Cayon Rockets FC,61.6689120491,3499,46z6xc333qod4qfckpehisphw,2026-10-06
Borgo,Borgo,FC Borgo,61.666705592,3500,4puti0g0aurz6lctqhbonl2c4,2026-10-06
Rochefort,Rochefort,Royale Union Rochefortoise,61.6562782553,3501,6t5gnnzhfwzumtn1olpzzhlhw,2026-10-06
IC Croix,IC Croix,Iris Club de Croix,61.6549508177,3502,bzf5qx9yamvvlrgfqfs6ozl78,2026-10-06
Al-Afreky,Al-Afreky,Al-Afreky SC,61.6538364681,3503,68kgxuk3dkg7p955ifkisgc9g,2026-10-06
Orapa United,Orapa Utd,Orapa United FC,61.6527497512,3504,e2i85rbbrmh0zcyvozwl9qk9g,2026-10-06
GPA,GPA,Gambia Ports Authority FC,61.6505178695,3505,64nsmt5p5xncpk6dxcipjou8k,2026-10-06
Villa Santa Brígida,Santa Brígida,UD Villa de Santa Brígida,61.6437024911,3506,1h4ygpz4oamwj3kksmzc15ams,2026-10-06
Fukushima United,Fukushima,Fukushima United FC,61.641157984,3507,d7a4tg9b5xoanhbupsxsbi238,2026-10-06
Bylis,Bylis,FK Bylis,61.638462563,3508,ixep4ur6emnedzdu16lpw9p0,2026-10-06
Halifax Town,Halifax,FC Halifax Town,61.6234238832,3509,7jeqt00dn1903yv3hr8r63g2c,2026-10-06
České Budějovice,Č. Budějovice,SK Dynamo České Budějovice,61.6192493605,3510,1b9w528q6lpjmxp9k0sfxvtw4,2026-10-06
San Ignacio,San Ignacio,CD San Ignacio,61.6189000276,3511,1h4ygpz4oamwj3kksmzc15ams,2026-10-06
PWD,PWD,PWD de Bamenda,61.6136612231,3512,cqmw3la51kme1j36rsfej2p04,2026-10-06
Mortágua,Mortágua,Mortágua FC,61.613660026,3513,f0zodm68vgjezko34dv1zdyc4,2026-10-06
Chaves II,Chaves II,GD Chaves II,61.6119133554,3514,f0zodm68vgjezko34dv1zdyc4,2026-10-06
Virginia,Virginia,Virginia USC,61.605981649,3515,eoxw97unt96j58tbyfq6em4gk,2026-10-06
Karvan,Karvan,Karvan İK,61.6045773199,3516,4pfckmvf2xp5c2nu2nq0ynwgk,2026-10-06
Katwijk,Katwijk,vv Katwijk,61.6042279841,3517,asox70lt42oe70oat4mcayaz8,2026-10-06
ANBA,ANBA,CD ANBA,61.6033965646,3518,a9cov1ehhclrmqc4wgh59p2j8,2026-10-06
CAI Rivadavia,CAI,Comisión de Actividades Infantiles de Comodoro Rivadavia,61.5998682677,3519,bt89iqwmniyxhz06vrzhc3das,2026-10-06
Valle Egüés,Valle Egüés,CD Valle Egüés,61.5993372758,3520,1h4ygpz4oamwj3kksmzc15ams,2026-10-06
Vihren Sandanski,Vihren,OFK Vihren Sandanski,61.5965425794,3521,ag6pp2ex0ka63z1nnnfqrhhjo,2026-10-06
AC Port of Spain,Ath­let­ic,Athletic Club Port of Spain,61.5920570134,3522,7vg2l80h7ceoyxoj3jy1igro4,2026-10-06
ESMTK,ESMTK,Erzsébeti Spartacus Munkás Testgyakorlók Köre Labdarúgó,61.5895558188,3523,2bunj0abqj9sw0w43ykismb6c,2026-10-06
PAOK II,PAOK II,PAOK Thessaloniki FC II,61.5885602032,3524,2ucolfpd3bp9magtvueu1udw,2026-10-06
Bistrica,Bistrica,NK Kety Emmi Bistrica,61.5853637492,3525,sb5fgqugrkxqc8jsc698x5hw,2026-10-06
Besa Kavajë,Besa,KS Besa Kavajë,61.5829183707,3526,ixep4ur6emnedzdu16lpw9p0,2026-10-06
Welwalo Adigrat Uni,Adigrat Uni,Welwalo Adigrat University,61.5804741859,3527,yfk6117shr401b5om4u5nehg,2026-10-06
Rangers Kinshasa,Rangers,Académic Club Rangers Kinshasa,61.5727909742,3528,ehmma83pqd17k7x6if20hmrkk,2026-10-06
Kariobangi Sharks,Kariobangi,Kariobangi Sharks FC,61.5699939394,3529,6of7eu9uyvb2ljqldumlr92xg,2026-10-06
Monterey Bay,Monterey Bay,Monterey Bay FC,61.5686511974,3530,cbkjk31sv9wm38ljg3vxhtus4,2026-10-06
Seravezza,Seravezza,ASD Seravezza Pozzi Calcio,61.5671979994,3531,cvnhrujf5s3lefro06hwoncb8,2026-10-06
Athletic Club Boise,Boise,Athletic Club Boise,61.5543280825,3532,aaqxopxxof8k6ao4qagu5yzo4,2026-10-06
Kozakken Boys,Kozakken,Kozakken Boys,61.5514774883,3533,asox70lt42oe70oat4mcayaz8,2026-10-06
Nuova Ternana,Ternana,Nuova Ternana 1925,61.5504294493,3534,cvnhrujf5s3lefro06hwoncb8,2026-10-06
Foolad II,Foolad II,Foolad Khuzestan FC II (Foolad Novin Khuzestan FC),61.5467808907,3535,4kjg0qklfya45mq3pjthw09w4,2026-10-06
Central Argentino LB,Central Arg LB,CA Central Argentino La Banda,61.5460696001,3536,bt89iqwmniyxhz06vrzhc3das,2026-10-06
Bombada,Bombada,Bombada FC,61.5429219798,3537,64nsmt5p5xncpk6dxcipjou8k,2026-10-06
Dolomiti Bellunesi,Dolomiti,AC Dolomiti Bellunesi,61.536804885,3538,5sw6ud25poqqgzszu5yk6p0r8,2026-10-06
Arenteiro,Arenteiro,CD Arenteiro,61.5364555359,3539,1h4ygpz4oamwj3kksmzc15ams,2026-10-06
Volta Redonda,Volta Redonda,Volta Redonda FC,61.5327943523,3540,kis8d8dd780usq5xloolkaac,2026-10-06
Independiente Cochabamba,Indep. CBBA,CA Independiente Cochabamba,61.5315716271,3541,c5tnc88k5en3ba29f455zsftg,2026-10-06
Unión Tarija,Unión Tarija,Club Unión Tarija,61.5280781218,3542,9q5nb2oto8bvh3nkzt5d8kv10,2026-10-06
Oedt,Oedt,ASKÖ Oedt,61.5280711348,3543,90igsi0lyp3qkpm99nvmjcpas,2026-10-06
Thanh Hóa,Thanh Hóa,Đông Á Thanh Hóa FC,61.524548277,3544,cld1l7cgrsr3bij22f2ytqiok,2026-10-06
Kairouan,Kairouan,JS Kairouanaise,61.5238801164,3545,1nu1lj0jx1nlr2x642usuevpw,2026-10-06
Quintanar del Rey,Quintanar,CD Quintanar del Rey,61.5228308639,3546,1h4ygpz4oamwj3kksmzc15ams,2026-10-06
Reilac Shiga,Reilac Shiga,Reilac Shiga FC,61.5028184755,3547,d7a4tg9b5xoanhbupsxsbi238,2026-10-06
Sport Boys II,Sport Boys II,Sport Boys Association II,61.5003394445,3548,a9cov1ehhclrmqc4wgh59p2j8,2026-10-06
Flamurtari,Flamurtari,Flamurtari FC,61.4952318471,3549,ixep4ur6emnedzdu16lpw9p0,2026-10-06
LPRC Oilers,Oilers,LPRC Oilers FC,61.4943619487,3550,6x5fs0vog8z4mtp0f4ankjfo4,2026-10-06
Fratria,Fratria,FK Fratria,61.4910395536,3551,ag6pp2ex0ka63z1nnnfqrhhjo,2026-10-06
AFF Guatemala,AFF,Academia de Fútbol Guatemala,61.4907460238,3552,9krteg77umv3opxgpwp51d6ac,2026-10-06
Lugo II,Lugo II,Polvorín FC (CD Lugo II),61.4906901954,3553,a2oiskox6m1za45txwdorj40k,2026-10-06
Slingerz,Slingerz,Slingerz FC,61.4897002451,3554,5t6990t0c1erkodv9ovnltclw,2026-10-06
Beira-Mar,Beira-Mar,SC Beira-Mar,61.4892927617,3555,f0zodm68vgjezko34dv1zdyc4,2026-10-06
Huarte,Huarte,CD Itaroa Huarte,61.4844017352,3556,1h4ygpz4oamwj3kksmzc15ams,2026-10-06
Montlouis,Montlouis,AS Montlouis Football,61.4696761701,3557,4puti0g0aurz6lctqhbonl2c4,2026-10-06
Alcochetense,Alcochetense,GD Alcochetense,61.4676323987,3558,f0zodm68vgjezko34dv1zdyc4,2026-10-06
Kraké,Kraké,USS Kraké FC,61.4648409891,3559,t5yilsv0ffm6kb8mz07ywiz8,2026-10-06
Blumenthaler SV,Blumenthal,Blumenthaler SV,61.4620425844,3560,949cwx081ssmm4uuutgo1stn8,2026-10-06
Majantja,Majantja,Majantja FC,61.4571549777,3561,54lbd9u8pepyir3vgily337ys,2026-10-06
Mtibwa Sugar,Mtibwa Sugar,Mtibwa Sugar FC,61.4538360079,3562,e6nshvsw9syd2ukhn2pq496ok,2026-10-06
Murang'a SEAL,Murang'a SEAL,Murang'a Sports Excellence Academy,61.4522615639,3563,6of7eu9uyvb2ljqldumlr92xg,2026-10-06
Sinnamary,Sinnamary,US Sinnamary,61.449174199,3564,8ptl1wrxicnblij9u19k2p4pg,2026-10-06
Kahramanmaraş İstiklal,Kahramanmaraş,Kahramanmaraş İstiklal SK,61.4470198707,3565,9iurl7j8nsnscnb6u5uaicj6c,2026-10-06
Jezero,Jezero,FK Jezero Plav,61.441080623,3566,bp0tbsm945cofzlkbdgmd7dp0,2026-10-06
Sokol Saratov,Sokol,FK Sokol Saratov,61.438285676,3567,au1o7s1tazgfz249l77vlak9g,2026-10-06
Brikama United,Brikama,Brikama United FC,61.4353195354,3568,64nsmt5p5xncpk6dxcipjou8k,2026-10-06
Soliman,Soliman,AS Soliman,61.4319982262,3569,1nu1lj0jx1nlr2x642usuevpw,2026-10-06
Manzini Sea Birds,Sea Birds,Manzini Sea Birds FC,61.4306030443,3570,8pf5znjqxa3ghoff6kevxy42c,2026-10-06
El Farolito,El Farolito,El Farolito SC,61.4264629322,3571,9vt0x6w5j04ksnu2iuzbc6b6c,2026-10-06
UD San Pedro,San Pedro,UD San Pedro,61.4075409664,3572,1h4ygpz4oamwj3kksmzc15ams,2026-10-06
Olympic Cochabamba,Olympic,Club Olympic Cochabamba,61.4016085732,3573,2yzo0vofqnirl3yjd7fdzavpw,2026-10-06
BST Galaxy,BST Galaxy,BST Galaxy FC,61.4007316412,3574,64nsmt5p5xncpk6dxcipjou8k,2026-10-06
Al-Tersana,Tersana,Al-Tersana,61.4002075752,3575,68kgxuk3dkg7p955ifkisgc9g,2026-10-06
Al Tai,Tai,Al Tai FC,61.3983020959,3576,3lxygsgllro9oeey1m5ndpct0,2026-10-06
UPDF,UPDF,Uganda People's Defence Force FC,61.3974125634,3577,d43v3lpfbbegmsubl20bdpct0,2026-10-06
Académica Porto Novo,Porto Novo,Associação Académica do Porto Novo,61.3963644328,3578,378ubqtunv9zk2so0s1rz4s2c,2026-10-06
La Calzada,La Calzada,CD FC La Calzada,61.395662185,3579,1h4ygpz4oamwj3kksmzc15ams,2026-10-06
Etoile de Kivu,Etoile de Kivu,Etoile de Kivu FC,61.3935694149,3580,ehmma83pqd17k7x6if20hmrkk,2026-10-06
Kasserine,ASK,Avenir Sportif de Kasserine,61.3858807961,3581,esqacmk0w93cocl5anz1mk650,2026-10-06
Victory Club Warriors,VC Warriors,Victory Club Warriors FC,61.3827363819,3582,aj4bxdgocyi3ngimzhnz3cbv8,2026-10-06
Arsenal Tivat,Arsenal,FK Arsenal Tivat,61.3827351847,3583,bp0tbsm945cofzlkbdgmd7dp0,2026-10-06
Halkanoras,Halkanoras,Halkanoras FC Idaliou,61.3747867794,3584,8ejoxvm5ho0ybtj08tnwxm8lw,2026-10-06
Le Messager Ngozi,Messager,Académie de Football Le Messager FC,61.374528239,3585,emlzehq1t5dd17y2jnjdwn4k,2026-10-06
Attram de Visser,Attram,Attram de Visser SC,61.371905579,3586,aj4bxdgocyi3ngimzhnz3cbv8,2026-10-06
Sevastopol,Sevastopol,FK Sevastopol,61.3649167316,3587,9n14y5qaq232miwra7908raj8,2026-10-06
Shan United,Shan,Shan United FC,61.3626186877,3588,9z1alus7ccfyiq108ybm8ycyc,2026-10-06
Mounana,Mounana,CF Mounana,61.3595047792,3589,91hx1tapplzhsaiav9r0gdq8k,2026-10-06
Niroye Zamini,Niroye,Niroye Zamini,61.3591714844,3590,4kjg0qklfya45mq3pjthw09w4,2026-10-06
Marchfeld Donauauen,Marchfeld,FC Marchfeld Donauauen,61.3582784382,3591,8h4bz8mec7n5utisq4xhw6lg4,2026-10-06
Machico,Machico,AD Machico,61.3579290537,3592,f0zodm68vgjezko34dv1zdyc4,2026-10-06
Celoricense,Celoricense,Clube Desportivo Celoricense,61.3572302844,3593,f0zodm68vgjezko34dv1zdyc4,2026-10-06
Limonest,Limonest,FC Limonest Saint-Didier,61.3557803371,3594,4puti0g0aurz6lctqhbonl2c4,2026-10-06
Todesfelde,Todesfelde,SV Todesfelde 1928,61.3523388914,3595,cp9ieu0l4mgyazd7866sx8pw4,2026-10-06
Bitam,Bitam,US Bitam,61.3458787397,3596,91hx1tapplzhsaiav9r0gdq8k,2026-10-06
Fos,Fos,ES Fosseenne,61.345421041,3597,bzf5qx9yamvvlrgfqfs6ozl78,2026-10-06
CSKA Sofia II,CSKA II,PFK CSKA Sofia II,61.3394115731,3598,ag6pp2ex0ka63z1nnnfqrhhjo,2026-10-06
Mbabane Swallows,Swallows,Mbabane Swallows FC,61.321596177,3599,8pf5znjqxa3ghoff6kevxy42c,2026-10-06
Bumamuru,Bumamuru,Bumamuru FC,61.3203733053,3600,emlzehq1t5dd17y2jnjdwn4k,2026-10-06
University of Pretoria,Tuks,University of Pretoria FC,61.3201963109,3601,4nwd2e9auc7j57110c5f3fehg,2026-10-06
Agoncillo,Agoncillo,CD Agoncillo,61.3173999747,3602,1h4ygpz4oamwj3kksmzc15ams,2026-10-06
Río San Juan Humi,San Juan Humi,Club Deportivo Río San Juan Humi,61.3163587844,3603,2yzo0vofqnirl3yjd7fdzavpw,2026-10-06
Djeffa,Djeffa,Djeffa FC,61.3146083271,3604,t5yilsv0ffm6kb8mz07ywiz8,2026-10-06
Tormenta,Tormenta,South Georgia Tormenta FC,61.30941976,3605,4b8z3pen6fglo1t1ultg1gmc4,2026-10-06
Carmelita,Carmelita,AD Carmelita,61.2992872984,3606,7yzd2ff4zj9i1m1mowvd9uot0,2026-10-06
Brito,Brito,Brito SC,61.2985326713,3607,f0zodm68vgjezko34dv1zdyc4,2026-10-06
Mineros Potosí,Mineros,CD Mineros Potosí,61.2919011154,3608,5p141s9a5ltpktvq9w76hgkr8,2026-10-06
Benfica Castelo Branco,Benfica CB,Sport Benfica e Castelo Branco,61.2894483418,3609,f0zodm68vgjezko34dv1zdyc4,2026-10-06
Tigres,Tigres,CD Tigres FC,61.287708338,3610,4ui85ubhp5a9x1m5ludn222ac,2026-10-06
SCM Râmnicu Vâlcea,Râmnicu Vâlcea,SCM Râmnicu Vâlcea,61.2856049576,3611,2iz4hkjsj1fadp09drcb6hhqs,2026-10-06
L'Aquila,L'Aquila,AS L'Aquila Calcio 1927,61.2831591632,3612,cvnhrujf5s3lefro06hwoncb8,2026-10-06
Persijap,Persijap,Perserikatan Sepak Bola Indonesia Jepara,61.2778888142,3613,2t0yn5r2hq16whtb16f4i7nro,2026-10-06
Cetatea 1932 Suceava,Cetatea,ACSM Cetatea 1932 Suceava,61.2765205613,3614,2iz4hkjsj1fadp09drcb6hhqs,2026-10-06
Pacific,Pacific,Pacific FC,61.272034181,3615,bmqmrylzzfggzr15yas9dev4k,2026-10-06
Alondras,Alondras,Alondras CF,61.2702313365,3616,1h4ygpz4oamwj3kksmzc15ams,2026-10-06
Aguilas,Aguilas,Aguilas UMak FC,61.2693307782,3617,c50ksp1w60e030qpuec4280es,2026-10-06
Florgrade,Florgrade,Florgrade Futebol Clube,61.2691831301,3618,f0zodm68vgjezko34dv1zdyc4,2026-10-06
Hope,Hope,Hope FC,61.2681361205,3619,4nwd2e9auc7j57110c5f3fehg,2026-10-06
Chayka,Chayka,FK Chayka Peschanokopskoye,61.2667373129,3620,ewtzgv48te3m77r86sxunl3x0,2026-10-06
Deportivo Laferrere,Laferrere,CSyC Deportivo Laferrere,61.2665695996,3621,epr9s9zih7yd5dygat10o64us,2026-10-06
Liga de Cuenca,Liga Cuenca,Liga Deportiva de Cuenca,61.2602803391,3622,6f3mt0vs7zxlbfevjpbqur4lw,2026-10-06
Umm Mughad,Umm Mughad,Umm Mughad SC,61.2534611574,3623,815s3vrb2yqcmcbnptxrl6yok,2026-10-06
Austin II,Austin II,Austin FC II,61.2528169852,3624,93yvwhz6r37ar71e3pc8ep2c4,2026-10-06
Woking,Woking,Woking FC,61.2471531823,3625,7jeqt00dn1903yv3hr8r63g2c,2026-10-06
Hertha BSC II,Hertha II,Hertha BSC II,61.2464718394,3626,cp9ieu0l4mgyazd7866sx8pw4,2026-10-06
Cariari Pococí,Cariari Pococí,AD Cariari Pococí,61.2447806411,3627,7yzd2ff4zj9i1m1mowvd9uot0,2026-10-06
Schonnebeck,Schonnebeck,Spvg Schonnebeck 1910,61.2429777686,3628,949cwx081ssmm4uuutgo1stn8,2026-10-06
Shahrdari Noshahr,Sh. Noshahr,Shahrdari Noshahr FC,61.2403767973,3629,9nix59zs26nwsfr23nq2yf2tw,2026-10-06
Villa San Carlos,Villa SC,CA Villa San Carlos,61.2389665667,3630,epr9s9zih7yd5dygat10o64us,2026-10-06
Vitória Riboque,Vitória,Vitória FC do Riboque,61.2380895519,3631,ewvv0b6kirzyt9yhu07yxksgk,2026-10-06
Camacha,Camacha,AD Camacha,61.2283025954,3632,f0zodm68vgjezko34dv1zdyc4,2026-10-06
Martina,Martina,ASD Martina Calcio 1947,61.2283025954,3633,cvnhrujf5s3lefro06hwoncb8,2026-10-06
Olympic Star,Olympic Star,Olympic Star,61.2239384565,3634,emlzehq1t5dd17y2jnjdwn4k,2026-10-06
Leicesterford City,Leicesterford,Leicesterford City FC,61.217821451,3635,4nwd2e9auc7j57110c5f3fehg,2026-10-06
Mines United,Mines,Mines United,61.2159019784,3636,7hoa4ene4msnhin9rmaiu35sk,2026-10-06
Jamshedpur,Jamshedpur,Jamshedpur FC,61.2057850703,3637,d70h9cciplfhf01fn96gpcw0k,2026-10-06
Gomora United,Gomora,Gomora United FC,61.2031460676,3638,4nwd2e9auc7j57110c5f3fehg,2026-10-06
Chingale de Tete,Chingale,Chingale de Tete,61.2024495336,3639,12paa0nrmm7b6c9bt3b9rsx78,2026-10-06
César Vallejo II,UCV II,CD Universidad César Vallejo II,61.2023132616,3640,a9cov1ehhclrmqc4wgh59p2j8,2026-10-06
SWA Sharks,Sharks,SWA Sharks FC,61.1939434755,3641,9ia2wmzw59xkae8tdpphoxogk,2026-10-06
Union Saint-Gilloise II,Saint-Gilloise,Royale Union Saint-Gilloise II,61.192312961,3642,6t5gnnzhfwzumtn1olpzzhlhw,2026-10-06
Darnes,Darnes,Darnes,61.1902199489,3643,68kgxuk3dkg7p955ifkisgc9g,2026-10-06
Al Khor,Khor,Al Khor SC,61.1865671497,3644,e9xwqeh6pqwy3pva03skx9f6c,2026-10-06
Vitré,Vitré,AS Vitré,61.1860933183,3645,bzf5qx9yamvvlrgfqfs6ozl78,2026-10-06
Tefana,Tefana,AS Tefana,61.1845646089,3646,9phbd490eakui5xnhsh6u70us,2026-10-06
Spartak Subotica,Spartak,FK Spartak Ždrepčeva Krv Subotica,61.178336205,3647,38qhp7f77q817kvnksk95ucyc,2026-10-06
Cardassar,Cardassar,CD Cardassar,61.1755408405,3648,1h4ygpz4oamwj3kksmzc15ams,2026-10-06
Heaven Eleven,Heaven Eleven,Heaven Eleven FC,61.1736225207,3649,6x5fs0vog8z4mtp0f4ankjfo4,2026-10-06
Tenerife III,Tenerife,CD Tenerife III,61.1657570295,3650,1h4ygpz4oamwj3kksmzc15ams,2026-10-06
Garudayaksa,Garudayaksa,Garudayaksa FC,61.1639805631,3651,2t0yn5r2hq16whtb16f4i7nro,2026-10-06
Al Sulaibikhat,Sulaibikhat,Al Sulaibikhat SC,61.1635053671,3652,evaw3m63xloe8o87vqybzjsic,2026-10-06
Bochum II,Bochum,VfL Bochum 1848 II,61.1629616449,3653,cp9ieu0l4mgyazd7866sx8pw4,2026-10-06
1º Dezembro,1º Dezembro,Sociedade União 1º de Dezembro,61.1598168319,3654,f0zodm68vgjezko34dv1zdyc4,2026-10-06
La Almunia,La Almunia,CD La Almunia,61.1580697112,3655,1h4ygpz4oamwj3kksmzc15ams,2026-10-06
Colomiers,Colomiers,US Colomiers Football,61.1504522443,3656,bzf5qx9yamvvlrgfqfs6ozl78,2026-10-06
Cork City,Cork,Cork City FC,61.1503823591,3657,6qydmkudbsvl4lvc0tl1vqsk4,2026-10-06
Maxaquene,Maxaquene,CD Maxaquene,61.1444456038,3658,12paa0nrmm7b6c9bt3b9rsx78,2026-10-06
Casatese Merate,Casatese,USD Casatese Merate,61.1430444008,3659,cvnhrujf5s3lefro06hwoncb8,2026-10-06
Umayya,Umayya,Umayya,61.1409697218,3660,epf0rlgn33w37t43qiocvx4wk,2026-10-06
San Miguel,San Miguel,CD Arcangel San Miguel,61.1398995521,3661,1h4ygpz4oamwj3kksmzc15ams,2026-10-06
Amatitlán,Amatitlán,Deportivo Amatitlán,61.1357622514,3662,9krteg77umv3opxgpwp51d6ac,2026-10-06
Inter Sainte-Anne,Inter,Inter de Sainte-Anne,61.1286012456,3663,8oya8610sjuxts1g4yxvd1nh0,2026-10-06
APEA,APEA,APEA Akrotiríou,61.1281063192,3664,8ejoxvm5ho0ybtj08tnwxm8lw,2026-10-06
Lechia Zielona Góra,Lechia ZG,KS Lechia Zielona Góra,61.124524655,3665,1f9k5nej63ck6nqpw0q5uml1w,2026-10-06
Birzebbuga,Birzebbuga,Birzebbuga St. Peter's FC,61.119982046,3666,3jedmdrdnamejeki9uh7jrs44,2026-10-06
Villarrubia,Villarrubia,Viña Xétar Villarrubia CF,61.119283182,3667,1h4ygpz4oamwj3kksmzc15ams,2026-10-06
Montijo,Montijo,UD Montijo,61.1171865885,3668,1h4ygpz4oamwj3kksmzc15ams,2026-10-06
AC Carpi,AC Carpi,AC Carpi,61.1094990572,3669,5sw6ud25poqqgzszu5yk6p0r8,2026-10-06
Basel II,Basel II,FC Basel II,61.1074024519,3670,csiypz33i7wj1ttlalk11wb9w,2026-10-06
Tatabánya,Tatabánya,FC Tatabánya,61.101112621,3671,2bunj0abqj9sw0w43ykismb6c,2026-10-06
Ontinyent 1931,Ontinyent 1931,Ontinyent 1931 CF,61.1007631853,3672,1h4ygpz4oamwj3kksmzc15ams,2026-10-06
Hilden,Hilden,VfB 03 Hilden,61.0986665695,3673,cp9ieu0l4mgyazd7866sx8pw4,2026-10-06
Bo Rangers,Bo Rangers,Bo Rangers FC,61.0955251356,3674,75th1zjyt7qwkl462sjdx3ims,2026-10-06
FC Siena,FC Siena,FC Siena SSD,61.0881834532,3675,cvnhrujf5s3lefro06hwoncb8,2026-10-06
Punjab,Punjab,Punjab FC,61.086980007,3676,d70h9cciplfhf01fn96gpcw0k,2026-10-06
Somozas,Somozas,UD Somozas,61.0808452344,3677,1h4ygpz4oamwj3kksmzc15ams,2026-10-06
Shabab Al Sahel,Al Sahel,Shabab Al-Sahel,61.0744024729,3678,9lv9rln2qwsqme0g8t366uiac,2026-10-06
Brühl,Brühl,SC Brühl St. Gallen,61.0738564261,3679,csiypz33i7wj1ttlalk11wb9w,2026-10-06
Tyumen,Tyumen,FK Tyumen,61.0731575437,3680,au1o7s1tazgfz249l77vlak9g,2026-10-06
Guyana Defence Force,GDF,Guyana Defence Force,61.0728662411,3681,5t6990t0c1erkodv9ovnltclw,2026-10-06
Abu Salim,Abu Salim,Abu Salim SC,61.0703655059,3682,68kgxuk3dkg7p955ifkisgc9g,2026-10-06
Olympique Marseille II,O Marseille II,Olympique de Marseille II,61.0697330161,3683,bzf5qx9yamvvlrgfqfs6ozl78,2026-10-06
Považská Bystrica,Považská,FK Považská Bystrica,61.0686148015,3684,47gcoqnouhyfwprkioq13ex3o,2026-10-06
1599 Şelimbăr,1599 Şelimbăr,CSC 1599 Şelimbăr,61.0682653593,3685,2iz4hkjsj1fadp09drcb6hhqs,2026-10-06
1º de Maio,1º de Maio,Desportivo 1º de Maio,61.0679194115,3686,ewvv0b6kirzyt9yhu07yxksgk,2026-10-06
Mathare United,Mathare Utd,Mathare United FC,61.064772131,3687,6of7eu9uyvb2ljqldumlr92xg,2026-10-06
Altrincham,Altrincham,Altrincham FC,61.0542701421,3688,7jeqt00dn1903yv3hr8r63g2c,2026-10-06
Digenis Morphou,Akritas,Digenis Akritas Morphou FC,61.0540255306,3689,8ejoxvm5ho0ybtj08tnwxm8lw,2026-10-06
Spartakos Kitiou,Spartakos,AS Spartakos Kitiou,61.0508805221,3690,8ejoxvm5ho0ybtj08tnwxm8lw,2026-10-06
Rosario,Rosario,Rosario AD,61.0504995573,3691,7yzd2ff4zj9i1m1mowvd9uot0,2026-10-06
Saint-Priest,Saint-Priest,AS Saint-Priest,61.0493429603,3692,4puti0g0aurz6lctqhbonl2c4,2026-10-06
Alpendorada,Alpendorada,Futebol Clube de Alpendorada,61.038911966,3693,f0zodm68vgjezko34dv1zdyc4,2026-10-06
Etincelles,Etincelles,Etincelles FC,61.0362945995,3694,193l1zv2eyi82heh2jblkwqhg,2026-10-06
Al Wahda San'a,Wahda San'a,Al Wahda San'a,61.0356140934,3695,6spnboa211s9rgq47ldx6qej8,2026-10-06
Le Pays du Valois,Pays du Valois,US Le Pays du Valois,61.024881569,3696,4puti0g0aurz6lctqhbonl2c4,2026-10-06
Granada II,Granada II,Club Recreativo Granada,61.0172460504,3697,1h4ygpz4oamwj3kksmzc15ams,2026-10-06
Barco,Barco,CD Barco,61.0168965979,3698,1h4ygpz4oamwj3kksmzc15ams,2026-10-06
IB Khémis El Khechna,Khémis Khechna,IB Khémis El Khechna,61.0092098238,3699,flxkeved0q9tmclqafcpql1w,2026-10-06
Notodden,Notodden,Notodden FK,61.0088591723,3700,eyebcttojdlxx2xxue3awhmvo,2026-10-06
ASIL Lysi,ASIL,Asil FC Lyssi,61.0068498102,3701,8ejoxvm5ho0ybtj08tnwxm8lw,2026-10-06
Atlántico,Atlántico,Atlántico FC,61.0021029454,3702,cokma0jt05z41cexn5ea0mxg,2026-10-06
Redonda,Redonda,Redonda FC,61.00117466,3703,7tyqslotzxi8ytlvxmjv1zyfo,2026-10-06
San Lorenzo Alem,San Lorenzo Al,Club Atlético San Lorenzo de Alem,60.9961110407,3704,bt89iqwmniyxhz06vrzhc3das,2026-10-06
Nations,Nations,Nations FC,60.9952316072,3705,68v3i3kx3e71qpfh48xnofac4,2026-10-06
PSS,PSS,Persatuan Sepakbola Sleman,60.9892602794,3706,2t0yn5r2hq16whtb16f4i7nro,2026-10-06
24 Erzincanspor,Erzincan,Erzincan Futbol Yatırımları A.Ş.,60.9889401758,3707,9iurl7j8nsnscnb6u5uaicj6c,2026-10-06
Al Waab,Al Waab,Al Waab FC,60.9884355778,3708,e9xwqeh6pqwy3pva03skx9f6c,2026-10-06
Jerez,Jerez,Jerez CF,60.9878918013,3709,1h4ygpz4oamwj3kksmzc15ams,2026-10-06
JSP,JSP,Jeunesse Sportive de Pobè FC,60.9840512523,3710,6kxxzenowii3ylw6oaiswv0us,2026-10-06
Amkar Perm,Amkar,FK Amkar Perm,60.9725155694,3711,au1o7s1tazgfz249l77vlak9g,2026-10-06
Social Pariacoto,Pariacoto,CD Centro Social Pariacoto,60.9702860046,3712,a9cov1ehhclrmqc4wgh59p2j8,2026-10-06
Tukums,Tukums,FK Tukums 2000,60.9637790138,3713,d1tk0recez2ejvsidutwviwwk,2026-10-06
Consultants Moravia,Consultants,Fútbol Consultants Moravia,60.9617380792,3714,7yzd2ff4zj9i1m1mowvd9uot0,2026-10-06
Lion Heart,Lion Heart,Lion Heart FC,60.9615656463,3715,6ai1o32comsvohaqi346lvx1w,2026-10-06
Rennes II,Rennes II,Stade Rennais FC II,60.9614026631,3716,bzf5qx9yamvvlrgfqfs6ozl78,2026-10-06
Jableh,Jableh,Jableh SC,60.9585589479,3717,epf0rlgn33w37t43qiocvx4wk,2026-10-06
APEJES Academy,APEJES,APEJES Football Academy,60.9553930768,3718,lo53szu99kmox2hdgoltho9g,2026-10-06
Scherpenheuvel,Scherpenheuvel,RSKV Scherpenheuvel,60.9544016273,3719,119tdmfy4d0m5k0j3klu9515g,2026-10-06
Hapoel Acre,H Acre,Hapoel Acre FC,60.949101502,3720,1mqfttramp7l8dfkpwk7w6wic,2026-10-06
Ohrid Lihnidos,Ohrid,GFK Ohrid Lihnidos,60.9484025698,3721,23f13ffyouf0ta8fxwogo00k,2026-10-06
Arandina,Arandina,Arandina CF,60.9477036373,3722,1h4ygpz4oamwj3kksmzc15ams,2026-10-06
Lugazi,Lugazi,Lugazi FC,60.9466587327,3723,d43v3lpfbbegmsubl20bdpct0,2026-10-06
Falcons,Falcons,Falcons FC,60.9363494417,3724,64nsmt5p5xncpk6dxcipjou8k,2026-10-06
Épinal,Épinal,SA Épinal,60.9326241009,3725,4puti0g0aurz6lctqhbonl2c4,2026-10-06
Metalac GM,Metalac GM,FK Metalac Gornji Milanovac,60.9263860622,3726,38qhp7f77q817kvnksk95ucyc,2026-10-06
Brea,Brea,CD Brea,60.9242892375,3727,1h4ygpz4oamwj3kksmzc15ams,2026-10-06
Potters Tigers,Potters,Potters Tigers FC,60.9217263485,3728,eutz7cztklmm0kuh8bthrfxg4,2026-10-06
Naft Gachsaran,Gachsaran,Naft Gachsaran FC,60.9195909627,3729,4kjg0qklfya45mq3pjthw09w4,2026-10-06
Montañesa,Montañesa,CF Montañesa,60.908912446,3730,1h4ygpz4oamwj3kksmzc15ams,2026-10-06
Castellana,Castellana,La Castellana Fútbol Club,60.9087446984,3731,6f3mt0vs7zxlbfevjpbqur4lw,2026-10-06
Pozoblanco,Pozoblanco,CD Pozoblanco,60.9064661258,3732,1h4ygpz4oamwj3kksmzc15ams,2026-10-06
Béchar Djedid,Béchar Djedid,US Béchar Djedid,60.9036715246,3733,flxkeved0q9tmclqafcpql1w,2026-10-06
Aral,Aral,PFK Aral Nukus,60.8968751391,3734,26s13oh06ryerg6163qnfmsr8,2026-10-06
Ross County,Ross County,Ross County FC,60.8935355191,3735,26kd2bh05z75muzw8jzn7ro5w,2026-10-06
Marino,Marino,CD Marino,60.882002735,3736,1h4ygpz4oamwj3kksmzc15ams,2026-10-06
Black Leopards,Leopards,Black Leopards FC,60.8760627717,3737,bs9n6kn2odqmtw1oqq0c6glck,2026-10-06
Guingamp II,Guingamp II,En Avant Guingamp II,60.8754325088,3738,bzf5qx9yamvvlrgfqfs6ozl78,2026-10-06
Sporting Delhi,SC Delhi,Sporting Club Delhi,60.8710136879,3739,d70h9cciplfhf01fn96gpcw0k,2026-10-06
General Paz Juniors,Paz Juniors,Club Atlético General Paz Juniors,60.871001087,3740,bt89iqwmniyxhz06vrzhc3das,2026-10-06
Lund,Lund,Lunds BK,60.8662760885,3741,6y4xajtea36x0n0xrjr4vy3o4,2026-10-06
Al Saqer,Al Saqer,Al Saqer FC,60.8626261079,3742,3lxygsgllro9oeey1m5ndpct0,2026-10-06
Roda,Roda,CD Roda,60.8589369383,3743,1h4ygpz4oamwj3kksmzc15ams,2026-10-06
Atlético Ávila,Ávila,Atlético Ávila FC,60.8570217645,3744,5l0o7aj8bf50pay409j5x0j6c,2026-10-06
San Bartolomé,San Bartolomé,CF San Bartolomé,60.8519472427,3745,1h4ygpz4oamwj3kksmzc15ams,2026-10-06
Pro Sesto,Pro Sesto,AC Pro Sesto,60.845307006,3746,cvnhrujf5s3lefro06hwoncb8,2026-10-06
Durango,Durango,SCD Durango,60.8449575191,3747,1h4ygpz4oamwj3kksmzc15ams,2026-10-06
Victoria United,Victoria Utd,Victoria United FC,60.8428617942,3748,cqmw3la51kme1j36rsfej2p04,2026-10-06
Al Qadisiya,Al Qadisiya,Al Qadisiya,60.8379712624,3749,68kgxuk3dkg7p955ifkisgc9g,2026-10-06
Gyeongju KHNP,Gyeongju KHNP,Gyeongju Korea Hydro & Nuclear Power FC,60.8372394338,3750,2e9i1nuxuoznknto2pks55vys,2026-10-06
Al Sha'ab Hadhramaut,Hadhramaut,Al Sha'ab Hadhramaut Mukalla,60.8252332887,3751,6spnboa211s9rgq47ldx6qej8,2026-10-06
Eintracht Norderstedt,Norderstedt,FC Eintracht Norderstedt,60.8236386892,3752,cp9ieu0l4mgyazd7866sx8pw4,2026-10-06
Isparta 32 Spor,Isparta 32,Isparta 32 SK,60.8208427577,3753,9iurl7j8nsnscnb6u5uaicj6c,2026-10-06
Dijon II,Dijon II,Dijon FCO II,60.8198641807,3754,bzf5qx9yamvvlrgfqfs6ozl78,2026-10-06
Europa II,Europa II,CE Europa II,60.812105443,3755,1h4ygpz4oamwj3kksmzc15ams,2026-10-06
Morupule Wanderers,Morupule W.,Morupule Wanderers FC,60.8113711938,3756,e2i85rbbrmh0zcyvozwl9qk9g,2026-10-06
Ayia Napa,Ayia Napa,AO Ayia Napa,60.8083483843,3757,8ejoxvm5ho0ybtj08tnwxm8lw,2026-10-06
Pontarlier,Pontarlier,CA Pontarlier,60.8034379836,3758,bzf5qx9yamvvlrgfqfs6ozl78,2026-10-06
San Martín Burzaco,SM Burzaco,CSyD San Martín de Burzaco,60.8021518408,3759,epr9s9zih7yd5dygat10o64us,2026-10-06
Baník Souš,Baník Souš,FK Baník Most-Souš,60.801271112,3760,1b9w528q6lpjmxp9k0sfxvtw4,2026-10-06
Sfax Railways,SRS,Sfax Railways Sport,60.8009228139,3761,esqacmk0w93cocl5anz1mk650,2026-10-06
EM Huanuni,Huanuni,Club Empresa Minera Huanuni,60.7991811269,3762,4l6wefmt6nyxdk9kh2zggx3sa,2026-10-06
Real Tamale United,RTU,Real Tamale United,60.7988258384,3763,aj4bxdgocyi3ngimzhnz3cbv8,2026-10-06
Iraklis Yerolakkou,Yerolakkou,Iraklis Yerolakkou FC,60.7978635262,3764,8ejoxvm5ho0ybtj08tnwxm8lw,2026-10-06
UDA,UDA,Club Social Unión Deportivo Ascensión,60.7965948541,3765,a9cov1ehhclrmqc4wgh59p2j8,2026-10-06
Real Betis III,Betis III,Real Betis Balompié III,60.7928831966,3766,1h4ygpz4oamwj3kksmzc15ams,2026-10-06
Racing de Casablanca,Racing AC,Racing Athletic Club Casablanca,60.7911369067,3767,e66497iax4m4oq94h8qc9nllg,2026-10-06
Union Clodiense,Clodiense,Union Clodiense Chioggia FC,60.7911357091,3768,cvnhrujf5s3lefro06hwoncb8,2026-10-06
Kilia Kiel,Kilia,FC Kilia Kiel 1902,60.7904367136,3769,949cwx081ssmm4uuutgo1stn8,2026-10-06
Scunthorpe United,Scunthorpe,Scunthorpe United FC,60.789720243,3770,7jeqt00dn1903yv3hr8r63g2c,2026-10-06
Racing Olavarría,Rac Olavarría,Racing Athletic Club de Olavarría,60.7888709627,3771,bt89iqwmniyxhz06vrzhc3das,2026-10-06
Hapoel Migdal HaEmek,H Migdal,Hapoel Migdal HaEmek FC,60.786941732,3772,vb6kze8rzj979awz12g26vbo,2026-10-06
Jura Dolois,Jura Dolois,Jura Dolois Foot,60.7782741474,3773,bzf5qx9yamvvlrgfqfs6ozl78,2026-10-06
St. Pauli II,St. Pauli II,FC Sankt Pauli von 1910 II,60.7775052467,3774,cp9ieu0l4mgyazd7866sx8pw4,2026-10-06
Rana,Rana,Rana FK,60.7750587422,3775,eyebcttojdlxx2xxue3awhmvo,2026-10-06
Hapoel Hadera,Hapoel Hadera,Hapoel Hadera Shulam Shwartz FC,60.7747092412,3776,vb6kze8rzj979awz12g26vbo,2026-10-06
HSC Hannover,HSC Hannover,HSC Hannover,60.7729617356,3777,cp9ieu0l4mgyazd7866sx8pw4,2026-10-06
Mercadal,Mercadal,CE Mercadal,60.7666707005,3778,1h4ygpz4oamwj3kksmzc15ams,2026-10-06
Paloma,Paloma,Uhlenhorster SC Paloma,60.7642241808,3779,949cwx081ssmm4uuutgo1stn8,2026-10-06
Al Batnan,Al Batnan,Al Batnan SC,60.7637034211,3780,7dopabw0p0gkbg7i6eb0qh6ok,2026-10-06
St. Peters,St. Peters,Harris Paints St. Peters FC,60.7621853102,3781,46z6xc333qod4qfckpehisphw,2026-10-06
Vestri,Vestri,IF Vestri,60.7568147,3782,a5uti9g06jek0b3rv3zavb578,2026-10-06
Jong Holland,Holland,CRKSV Jong Holland,60.7544962167,3783,119tdmfy4d0m5k0j3klu9515g,2026-10-06
Wattenscheid 09,Wattenscheid,SG Wattenscheid 09,60.7467489398,3784,cp9ieu0l4mgyazd7866sx8pw4,2026-10-06
Lyon La Duchere,Lyon Duchere,Lyon La Duchere,60.7435509517,3785,4puti0g0aurz6lctqhbonl2c4,2026-10-06
Ciudad Canela,Canela,CD Ciudad Canela,60.743086107,3786,6f3mt0vs7zxlbfevjpbqur4lw,2026-10-06
Deportivo Lute,Dep Lute,Deportivo Lute,60.7392764732,3787,a9cov1ehhclrmqc4wgh59p2j8,2026-10-06
Primorje,Primorje,ND Primorje,60.7373122367,3788,sb5fgqugrkxqc8jsc698x5hw,2026-10-06
Raya Ghazl,Kafr El-Dawar,Raya SC Ghazl Kafr El-Dawar,60.7341678553,3789,cqm44i69gxmooacafu49zpmok,2026-10-06
FBK Karlstad,FBK Karlstad,FBK Karlstad,60.7341666576,3790,6y4xajtea36x0n0xrjr4vy3o4,2026-10-06
Asteras Tripolis II,Asteras,Asteras Tripolis II,60.7338695748,3791,2ucolfpd3bp9magtvueu1udw,2026-10-06
Anadia,Anadia,Anadia FC,60.7310210729,3792,8uutnpd0veh6kk9a4hyt8ozkk,2026-10-06
Aigle Royal de Moungo,Aigle Royal,Aigle Royal de Moungo FC,60.7303232509,3793,cqmw3la51kme1j36rsfej2p04,2026-10-06
Aigle Royal,Aigle Royal,Aigle Royal de la Menoua (Dschang),60.7275271697,3794,cqmw3la51kme1j36rsfej2p04,2026-10-06
Cjarlins Muzane,Cjarlins Muz.,ASD Cjarlins Muzane,60.7208852611,3795,cvnhrujf5s3lefro06hwoncb8,2026-10-06
Luparense,Luparense,Luparense San Paolo FC,60.7201862374,3796,cvnhrujf5s3lefro06hwoncb8,2026-10-06
Champ's Guatemala,Champ's,Champ's Academy Guatemala,60.7115042711,3797,9krteg77umv3opxgpwp51d6ac,2026-10-06
Schwaben Augsburg,Schwaben,TSV Schwaben Augsburg,60.7100503626,3798,cp9ieu0l4mgyazd7866sx8pw4,2026-10-06
Hapoel Nof HaGalil,Hapoel Nof HG,Hapoel Nof HaGalil FC,60.7023610389,3799,vb6kze8rzj979awz12g26vbo,2026-10-06
Crevillente,Crevillente,Crevillente Deportivo,60.7006134605,3800,1h4ygpz4oamwj3kksmzc15ams,2026-10-06
Auxerre II,Auxerre II,Association Jeunesse Auxerroise II,60.6999843319,3801,bzf5qx9yamvvlrgfqfs6ozl78,2026-10-06
Lagoa,Lagoa,GD Lagoa,60.6981668479,3802,f0zodm68vgjezko34dv1zdyc4,2026-10-06
Villaralbo,Villaralbo,CD Villaralbo,60.6957202319,3803,1h4ygpz4oamwj3kksmzc15ams,2026-10-06
Luzino,Luzino,Wikęd Luzino,60.6936231297,3804,9xyu4j66xlkjhki4hrt3624no,2026-10-06
Yarmouk,Yarmouk,Al Yarmouk SC,60.6906718232,3805,76g4asjtuo0abv0lej1tevpqs,2026-10-06
La Virgen del Camino,Virgen Camino,CD La Virgen del Camino,60.6897784358,3806,1h4ygpz4oamwj3kksmzc15ams,2026-10-06
Inter Nouakchott,Inter,FC Inter Nouakchott,60.6796435815,3807,dp0cjg7hm16o0ay8b1amdexhw,2026-10-06
Arba Minch Kenema,Arba Minch,Arba Minch City FC,60.6761483774,3808,yfk6117shr401b5om4u5nehg,2026-10-06
ASAS,ASAS,AS Ali Sabieh Djibouti Télécom,60.6730049853,3809,7f868v9jwq97tjz4bmgfl3g9g,2026-10-06
CIVO United,CIVO,Civil Service United,60.6726554639,3810,dzzhvxalhc0doyc8cvfxaeyvo,2026-10-06
FC Serpa,Serpa,Futebol Clube de Serpa,60.671603404,3811,f0zodm68vgjezko34dv1zdyc4,2026-10-06
Dacia-Buiucani,Dacia-Buiucani,FC Dacia-Buiucani,60.6660110483,3812,c0orgvbfnq9wp7blxq2rdm0pg,2026-10-06
Khan Sheikhoun,Khan Sheikhoun,Khan Sheikhoun FC,60.6639358024,3813,epf0rlgn33w37t43qiocvx4wk,2026-10-06
Hay Al Wadi,Hay Al Wadi,Hay Al Wadi SC,60.6614684437,3814,815s3vrb2yqcmcbnptxrl6yok,2026-10-06
Dire Dawa Kenema,Dire Dawa,Dire Dawa City,60.66111892,3815,yfk6117shr401b5om4u5nehg,2026-10-06
Hoàng Anh Gia Lai,HAGL,Hoàng Anh Gia Lai,60.6607388385,3816,cld1l7cgrsr3bij22f2ytqiok,2026-10-06
Cutelinho,Cutelinho,Cutelinho FC,60.6593735978,3817,378ubqtunv9zk2so0s1rz4s2c,2026-10-06
Jendouba Sport,Jendouba,Jendouba Sport,60.6499341232,3818,esqacmk0w93cocl5anz1mk650,2026-10-06
The Bees,Bees,The Bees FC,60.6467883861,3819,4nwd2e9auc7j57110c5f3fehg,2026-10-06
Pro Palazzolo,Pro Palazzolo,ASD Pro Palazzolo,60.6467871884,3820,cvnhrujf5s3lefro06hwoncb8,2026-10-06
Deportivo Pucarani,Pucarani,Club Deportivo Pucarani,60.6408522156,3821,2yzo0vofqnirl3yjd7fdzavpw,2026-10-06
Kigezi Home Boyz,Kigezi HB,Kigezi Home Boyz FC,60.6404991924,3822,d43v3lpfbbegmsubl20bdpct0,2026-10-06
Şahdağ,Şahdağ,FK Şahdağ Gusar,60.6342041831,3823,4pfckmvf2xp5c2nu2nq0ynwgk,2026-10-06
Isenmulang Kalteng,Isenmulang,Isenmulang Kalteng FC,60.6247375088,3824,2t0yn5r2hq16whtb16f4i7nro,2026-10-06
Fraga,Fraga,UD Fraga,60.62232015,3825,1h4ygpz4oamwj3kksmzc15ams,2026-10-06
Åtvidaberg,Åtvidaberg,Åtvidabergs FF,60.6219706184,3826,6y4xajtea36x0n0xrjr4vy3o4,2026-10-06
Mukura,Mukura,Mukura Victory Sports FC,60.6109638335,3827,193l1zv2eyi82heh2jblkwqhg,2026-10-06
Stade Gabésien,Stade Gabésien,Stade Gabésien,60.6051942159,3828,esqacmk0w93cocl5anz1mk650,2026-10-06
Ingenio El Alto,Ingenio,CD Ingenio Futbol El Alto,60.6048504738,3829,2yzo0vofqnirl3yjd7fdzavpw,2026-10-06
Camioneros Rio Grande,Camioneros RG,Club Atlético Social y Deportivo Camioneros de Rio Grande,60.6001317436,3830,bt89iqwmniyxhz06vrzhc3das,2026-10-06
Sabah,Sabah,Sabah FC,60.5981729425,3831,6siod2n1m854sihsqbyknyl1w,2026-10-06
Güzide Gebzespor,Güzide Gebze,Güzide Gebze SK,60.5975032306,3832,9iurl7j8nsnscnb6u5uaicj6c,2026-10-06
Milan II,Milan II,Milan Futuro,60.5971536939,3833,cvnhrujf5s3lefro06hwoncb8,2026-10-06
Torrijos,Torrijos,CD Torrijos,60.5961050837,3834,1h4ygpz4oamwj3kksmzc15ams,2026-10-06
Thonon Évian,Thonon Évian,Thonon Évian Grand Genève FC,60.5937282315,3835,bzf5qx9yamvvlrgfqfs6ozl78,2026-10-06
Cliftonville,Cliftonville,Cliftonville FC,60.5915610986,3836,8ahwg697cwemg7ctdnexwqivo,2026-10-06
Ansbach,Ansbach,SpVgg Ansbach 09,60.5887647942,3837,cp9ieu0l4mgyazd7866sx8pw4,2026-10-06
Marine,Marine,Marine FC,60.5871953681,3838,193l1zv2eyi82heh2jblkwqhg,2026-10-06
Sparta Praha II,Sparta II,AC Sparta Praha II,60.5866675629,3839,1b9w528q6lpjmxp9k0sfxvtw4,2026-10-06
Al Rustaq,Rustaq,Al Rustaq FC,60.5861628485,3840,42r30yzz5zgbxnlixkbfsyxhw,2026-10-06
Merelbeke,Merelbeke,KFC Merelbeke,60.5828226324,3841,6t5gnnzhfwzumtn1olpzzhlhw,2026-10-06
Mbarara City,Mbarara,Mbarara City FC,60.5810784292,3842,d43v3lpfbbegmsubl20bdpct0,2026-10-06
Berceo,Berceo,CD Berceo,60.5751327457,3843,1h4ygpz4oamwj3kksmzc15ams,2026-10-06
OSC Bremerhaven,Bremerhaven,Olympischer SC Bremerhaven,60.5737345808,3844,949cwx081ssmm4uuutgo1stn8,2026-10-06
Olympiakos Piraeus II,Olympiakos II,Olympiakos CFP II,60.5720393044,3845,2ucolfpd3bp9magtvueu1udw,2026-10-06
Hatayspor,Hatay,Hatay SK,60.5698896216,3846,9iurl7j8nsnscnb6u5uaicj6c,2026-10-06
Cham,Cham,SC Cham,60.5698896216,3847,csiypz33i7wj1ttlalk11wb9w,2026-10-06
Sanga Balende,Sanga Balende,SM Sanga Balende,60.5663976922,3848,ehmma83pqd17k7x6if20hmrkk,2026-10-06
Rouge,Rouge,FC Rouge,60.563601349,3849,citm4e83b4soxyy411ags2z8,2026-10-06
Tataouine,Tataouine,US Tataouine,60.560103612,3850,esqacmk0w93cocl5anz1mk650,2026-10-06
Gimhae City,Gimhae,Gimhae FC 2008,60.5579757866,3851,aqzfod554aa202i8pjkt4ou1g,2026-10-06
Trollhättan,Trollhättan,FC Trollhättan,60.5454214997,3852,6y4xajtea36x0n0xrjr4vy3o4,2026-10-06
Huétor Vega,Huétor Vega,CD Huétor Vega,60.5443728582,3853,1h4ygpz4oamwj3kksmzc15ams,2026-10-06
AFC Malmö,AFC Malmö,Ariana Malmö FC,60.5419260256,3854,6y4xajtea36x0n0xrjr4vy3o4,2026-10-06
Al-Khums,Al-Khums,Al-Khums SC,60.5408808774,3855,68kgxuk3dkg7p955ifkisgc9g,2026-10-06
Racing Veracruz,Racing V,Racing de Veracruz,60.5405768752,3856,27juuuimtbfpbnlba0ejeb4lw,2026-10-06
Tienen,Tienen,KVK Tienen,60.5352846053,3857,6t5gnnzhfwzumtn1olpzzhlhw,2026-10-06
Avance Ezcabarte,Avance,CD Avance Ezcabarte,60.5342359576,3858,1h4ygpz4oamwj3kksmzc15ams,2026-10-06
Colwyn Bay,Colwyn Bay,Colwyn Bay FC,60.5247981004,3859,5a72rnkyvdjffzei7qqokyot0,2026-10-06
Maccabi Kiryat Malachi,M Malachi,Maccabi Ironi Kiryat Malachi,60.5244485491,3860,vb6kze8rzj979awz12g26vbo,2026-10-06
Sparta Rotterdam II,Sparta II,Sparta Rotterdam II,60.5233998949,3861,asox70lt42oe70oat4mcayaz8,2026-10-06
Fátima,Fátima,CD Fátima,60.5181566145,3862,f0zodm68vgjezko34dv1zdyc4,2026-10-06
Unirea Alba Iulia,U. Alba Iulia,CSM Unirea Alba Iulia,60.5174575092,3863,2xwo5o4zdeavaueuuj4f7jbx0,2026-10-06
Martin Pêcheur,Martin Pêcheur,AS Martin Pêcheur,60.5168559209,3864,ehmma83pqd17k7x6if20hmrkk,2026-10-06
Jose María Arguedas,JM Arguedas,CD Jose María Arguedas,60.5127804878,3865,a9cov1ehhclrmqc4wgh59p2j8,2026-10-06
Bougouni,Bougouni,US Bougouni,60.5125672618,3866,2fvr17f4zzd5uci32usqi0ro4,2026-10-06
Corazón de León AR,Corazón AR,Club Corazón de León - Alto Rendimiento,60.5099840564,3867,a9cov1ehhclrmqc4wgh59p2j8,2026-10-06
LASK II,LASK,LASK Amateure,60.5055726768,3868,8h4bz8mec7n5utisq4xhw6lg4,2026-10-06
Loubha Télimélé,Loubha,Loubha FC de Télimélé,60.495788602,3869,1odzlx97lfuimst69uxvbn310,2026-10-06
Arendal,Arendal,Arendal Fotball,60.4825018869,3870,eyebcttojdlxx2xxue3awhmvo,2026-10-06
Kaposvári Rákóczi,Kaposvári,Kaposvári Rákóczi FC,60.4818027673,3871,2bunj0abqj9sw0w43ykismb6c,2026-10-06
Mazarrón FC,Mazarrón,Mazarrón FC,60.4804045272,3872,1h4ygpz4oamwj3kksmzc15ams,2026-10-06
AFC,AFC,Amsterdamsche FC,60.4692185656,3873,asox70lt42oe70oat4mcayaz8,2026-10-06
Jarabacoa,Jarabacoa,Jarabacoa FC,60.4673541301,3874,cokma0jt05z41cexn5ea0mxg,2026-10-06
Bugesera,Bugesera,Bugesera FC,60.4659012167,3875,193l1zv2eyi82heh2jblkwqhg,2026-10-06
Anaconda,Anaconda,Anaconda FC,60.4610108203,3876,6f3mt0vs7zxlbfevjpbqur4lw,2026-10-06
Al Shabab,Shabab,Al Shabab SC,60.4561295202,3877,evaw3m63xloe8o87vqybzjsic,2026-10-06
Guadalupe,Guadalupe,Guadalupe FC,60.4476014212,3878,7yzd2ff4zj9i1m1mowvd9uot0,2026-10-06
Sporting SM II,Sporting SM II,AF Sporting San Miguelito II,60.4458535864,3879,5vfsgxr7re4yxafib5pgasopg,2026-10-06
Barendrecht,Barendrecht,BVV Barendrecht,60.4447490228,3880,asox70lt42oe70oat4mcayaz8,2026-10-06
Añaza,Añaza,AD Añaza,60.4384567988,3881,1h4ygpz4oamwj3kksmzc15ams,2026-10-06
Politehnica UTM,Politehnica,FC Politehnica UTM,60.4353106782,3882,c0orgvbfnq9wp7blxq2rdm0pg,2026-10-06
Leiknir Reykjavík,Leiknir R,Leiknir Reykjavík,60.4303467874,3883,a5uti9g06jek0b3rv3zavb578,2026-10-06
KSZO 1929,KSZO,KSZO 1929 Ostrowiec Świętokrzyski,60.4297175608,3884,9xyu4j66xlkjhki4hrt3624no,2026-10-06
Legia Warszawa II,Legia II,KP Legia Warszawa II,60.4269209953,3885,1f9k5nej63ck6nqpw0q5uml1w,2026-10-06
Discoveries,Discoveries,Discoveries Sports Academy,60.423953137,3886,6x5fs0vog8z4mtp0f4ankjfo4,2026-10-06
Anges Verts,Anges Verts,AF Anges Verts,60.4216809186,3887,ehmma83pqd17k7x6if20hmrkk,2026-10-06
Vitória Setúbal,Vitória FC,Vitória Setúbal FC,60.4202791342,3888,f0zodm68vgjezko34dv1zdyc4,2026-10-06
Al Hikma,Al Hikma,Al Hikma / CS La Sagesse,60.4197766692,3889,9lv9rln2qwsqme0g8t366uiac,2026-10-06
East End Lions,East End,East End Lions FC,60.4195834852,3890,75th1zjyt7qwkl462sjdx3ims,2026-10-06
Vila Meã,Vila Meã,AC Vila Meã,60.413287674,3891,f0zodm68vgjezko34dv1zdyc4,2026-10-06
Kairat II,Kairat II,FK Kairat Zhastar,60.4117670276,3892,3xvgloy6xksv9wwg16vg7cb8,2026-10-06
İnegölspor,İnegöl,İnegöl SK,60.4048978844,3893,9iurl7j8nsnscnb6u5uaicj6c,2026-10-06
Nacional,Nacional,SV Deportivo Nacional,60.4040821066,3894,7phwu4x5fqdwgmfu5vf5yhk44,2026-10-06
Tau Altopascio,Tau Altopascio,ASD Calcio Tau Altopascio,60.400353398,3895,cvnhrujf5s3lefro06hwoncb8,2026-10-06
Marchamalo,Marchamalo,CD Marchamalo,60.3996542452,3896,1h4ygpz4oamwj3kksmzc15ams,2026-10-06
Babrungas,Babrungas,FK Babrungas Plungë,60.3986055155,3897,58po2os6hq9uwzvtb51qlj3mc,2026-10-06
LISCR,LISCR,Liberian International Shipping & Corporate Registry FC,60.3966863401,3898,6x5fs0vog8z4mtp0f4ankjfo4,2026-10-06
Suhul Shire,Suhul Shire,Suhul Shire FC,60.3958100976,3899,yfk6117shr401b5om4u5nehg,2026-10-06
Firesystem,Firesystem,Firesystem FC,60.3882999641,3900,6f3mt0vs7zxlbfevjpbqur4lw,2026-10-06
Calvary,Calvary,Calvary FC,60.3804309281,3901,dv96o8lvelwcgu9jbd22jwjkk,2026-10-06
La Amistad Cipolletti,La Amistad,Asociación Deportiva La Amistad de Cipolletti,60.3687234423,3902,bt89iqwmniyxhz06vrzhc3das,2026-10-06
Cham,Cham,ASV Cham,60.3650458281,3903,949cwx081ssmm4uuutgo1stn8,2026-10-06
Al Adalah,Adalah,Al Adalah Club,60.3571997785,3904,3lxygsgllro9oeey1m5ndpct0,2026-10-06
Versailles II,Versailles II,FC Versailles II,60.3567257216,3905,bzf5qx9yamvvlrgfqfs6ozl78,2026-10-06
Lørenskog,Lørenskog,Lørenskog IF,60.3563062193,3906,eyebcttojdlxx2xxue3awhmvo,2026-10-06
Defensores Unidos,Def Unidos,CA Defensores Unidos,60.3480979385,3907,epr9s9zih7yd5dygat10o64us,2026-10-06
SK Poltava,SK Poltava,SK Poltava,60.3388268692,3908,rr1w3xsanxl5hnby016mnx90,2026-10-06
Proleter 023 Zrenjanin,Proleter 023,FK Proleter 023 Zrenjanin,60.3377781026,3909,38qhp7f77q817kvnksk95ucyc,2026-10-06
Almere City II,Almere II,Almere City FC II,60.3342822092,3910,asox70lt42oe70oat4mcayaz8,2026-10-06
Thespa Gunma,Gunma,Thespa Gunma FC,60.3282398904,3911,d7a4tg9b5xoanhbupsxsbi238,2026-10-06
Nuevo San Cristóbal,Nuevo San Cr.,CD Nuevo San Cristóbal,60.3282063297,3912,a9cov1ehhclrmqc4wgh59p2j8,2026-10-06
Hapoel Ironi Karmiel,Ironi Karmiel,Hapoel Ironi Karmiel,60.3269408101,3913,vb6kze8rzj979awz12g26vbo,2026-10-06
Unión Santiago SdE,Unión Santiago,CA Unión Santiago de Santiago del Estero,60.3243258662,3914,bt89iqwmniyxhz06vrzhc3das,2026-10-06
Midlands Wanderers,Midlands Wand.,Midlands Wanderers FC,60.3230965009,3915,4nwd2e9auc7j57110c5f3fehg,2026-10-06
Fylde,Fylde,AFC Fylde,60.3209802703,3916,7jeqt00dn1903yv3hr8r63g2c,2026-10-06
Condal,Condal,Condal Club de Fútbol,60.3150546693,3917,1h4ygpz4oamwj3kksmzc15ams,2026-10-06
TGBC,TGBC,TGBC Football Atsinanana,60.3147085734,3918,citm4e83b4soxyy411ags2z8,2026-10-06
Ibri,Ibri,Ibri,60.3145498757,3919,cbdqxkajw3jvb9nqzpbraim1g,2026-10-06
Pozuelo Alarcón,Pozuelo,CF Pozuelo de Alarcón,60.3140058882,3920,1h4ygpz4oamwj3kksmzc15ams,2026-10-06
L'Entregu,L'Entregu,L'Entregu CF,60.3126075125,3921,1h4ygpz4oamwj3kksmzc15ams,2026-10-06
Tammeka,Tammeka,JK Tammeka Tartu,60.3087619734,3922,co1q4zpn5ep76y2tiqohorspg,2026-10-06
Paradiso,Paradiso,FC Paradiso,60.3077131885,3923,csiypz33i7wj1ttlalk11wb9w,2026-10-06
Kataka,Kataka,Kataka FC,60.3003751725,3924,d43v3lpfbbegmsubl20bdpct0,2026-10-06
Villa,Villa,CD Villa,60.2993228866,3925,1h4ygpz4oamwj3kksmzc15ams,2026-10-06
Chievo,Chievo,AC ChievoVerona,60.2912821423,3926,cvnhrujf5s3lefro06hwoncb8,2026-10-06
Musanze,Musanze,Musanze FC,60.2900620452,3927,193l1zv2eyi82heh2jblkwqhg,2026-10-06
Galapagar,Galapagar,CD Galapagar,60.2888349518,3928,1h4ygpz4oamwj3kksmzc15ams,2026-10-06
Avia Świdnik,Avia Świdnik,MKS Avia Świdnik,60.2881357539,3929,1f9k5nej63ck6nqpw0q5uml1w,2026-10-06
Stupčanica Olovo,Stupčanica,NK Stupčanica Olovo,60.2839405605,3930,1kkhhxd0jcelyo7vaq5llsil0,2026-10-06
Wamanafo Mighty Royals,Mighty Royals,Wamanafo Mighty Royals FC,60.2797465548,3931,aj4bxdgocyi3ngimzhnz3cbv8,2026-10-06
Kuchl,Kuchl,SV Kuchl,60.2731029302,3932,8h4bz8mec7n5utisq4xhw6lg4,2026-10-06
Aserrí,Aserrí,AD Aserrí,60.2703619789,3933,7yzd2ff4zj9i1m1mowvd9uot0,2026-10-06
Jönköpings Södra,Jönköpings S,Jönköpings Södra IF,60.2692573031,3934,6y4xajtea36x0n0xrjr4vy3o4,2026-10-06
Shimshon Tel Aviv,Shimshon TA,Shimshon Tel Aviv FC,60.2647124601,3935,vb6kze8rzj979awz12g26vbo,2026-10-06
Tamale City,Tamale City,Tamale City FC,60.2549247247,3936,aj4bxdgocyi3ngimzhnz3cbv8,2026-10-06
Real Unión de Tenerife,RU Tenerife,Real Unión de Tenerife,60.2461833607,3937,1h4ygpz4oamwj3kksmzc15ams,2026-10-06
Dragons,Dragons,AS Dragons FC de l'Ouémé,60.2447884279,3938,t5yilsv0ffm6kb8mz07ywiz8,2026-10-06
Busan Transportation,Transportation,Busan Transportation Corporation FC,60.2440563472,3939,2e9i1nuxuoznknto2pks55vys,2026-10-06
Pelister,Pelister,FK Pelister,60.2377927597,3940,23f13ffyouf0ta8fxwogo00k,2026-10-06
Canet Roussillon,Canet,Canet Roussillon FC,60.2359922712,3941,4puti0g0aurz6lctqhbonl2c4,2026-10-06
New Jack,New Jack,FC New Jack,60.23430016,3942,ehmma83pqd17k7x6if20hmrkk,2026-10-06
Hart Acedemy,Hart,Hart Academy FC,60.2292308102,3943,64nsmt5p5xncpk6dxcipjou8k,2026-10-06
Kvik Halden,Kvik,Kvik Halden FK,60.2290525069,3944,eyebcttojdlxx2xxue3awhmvo,2026-10-06
Steve Biko,Steve Biko,Steve Biko FC,60.2257346971,3945,64nsmt5p5xncpk6dxcipjou8k,2026-10-06
Legnago Salus,Legnago,AC Legnago Salus,60.2248571698,3946,cvnhrujf5s3lefro06hwoncb8,2026-10-06
Mysterious Dwarfs,Dwarfs,Cape Coast Mysterious Ebusua Dwarfs FC,60.2210126332,3947,aj4bxdgocyi3ngimzhnz3cbv8,2026-10-06
Real San Joaquín,R. San Joaquín,CD Real Juventud San Joaquín,60.2155994232,3948,1wi9d67mmituunqd3csuv0fmc,2026-10-06
Ceuta 6 de Junio,6 de Junio,CD Ceuta 6 de Junio,60.1979368474,3949,be9dzi3z9dzbbxvstbv9ixpn8,2026-10-06
Świt Szczecin,Świt Szczecin,KS Świt Szczecin,60.1968879952,3950,1f9k5nej63ck6nqpw0q5uml1w,2026-10-06
Yantra 2019,Yantra,OFK Yantra 2019 Gabrovo,60.1919933429,3951,ag6pp2ex0ka63z1nnnfqrhhjo,2026-10-06
Ceuta II,Ceuta II,AD Ceuta FC II,60.1919933429,3952,1h4ygpz4oamwj3kksmzc15ams,2026-10-06
Anagennisi Karditsas,Anagennisi K,PAE Anagennisi Karditsas 1904,60.1881999779,3953,2ucolfpd3bp9magtvueu1udw,2026-10-06
Al Orooba,Orooba,Al Orooba,60.1837968866,3954,ezlvfpddn8636v3yhp9dbypsk,2026-10-06
Chattanooga Red Wolves,Red Wolves,Chattanooga Red Wolves SC,60.1819102466,3955,aaqxopxxof8k6ao4qagu5yzo4,2026-10-06
Liniers,Liniers,CSyD Liniers,60.1771414846,3956,epr9s9zih7yd5dygat10o64us,2026-10-06
Ogre United,Ogre United,Ogre United,60.1755611946,3957,d1tk0recez2ejvsidutwviwwk,2026-10-06
Trénelle,Trénelle,CO Trénelle,60.1729971993,3958,8oya8610sjuxts1g4yxvd1nh0,2026-10-06
GSI Pontivy,GSI Pontivy,Garde Saint-Ivy Pontivy,60.1709636612,3959,4puti0g0aurz6lctqhbonl2c4,2026-10-06
Pau II,Pau II,Pau FC II,60.1703867835,3960,bzf5qx9yamvvlrgfqfs6ozl78,2026-10-06
Mandel United,Mandel Utd,KFC Mandel United Izegem-Ingelmunster,60.1682191202,3961,6t5gnnzhfwzumtn1olpzzhlhw,2026-10-06
Eastern,Eastern,Eastern SC,60.1611972708,3962,1eg1537in5v5szf108lk9s2s4,2026-10-06
Les Genêts d'Anglet,Anglet Genets,Les Genêts d'Anglet Football,60.1598980647,3963,bzf5qx9yamvvlrgfqfs6ozl78,2026-10-06
Al Mesaimeer,Mesaimeer,Al Mesaimeer,60.1495337689,3964,e9xwqeh6pqwy3pva03skx9f6c,2026-10-06
Rayo Vallecano II,Rayo II,Rayo Vallecano II,60.1472415923,3965,1h4ygpz4oamwj3kksmzc15ams,2026-10-06
Rudar Velenje,Rudar,NK Rudar Velenje,60.1430460561,3966,sb5fgqugrkxqc8jsc698x5hw,2026-10-06
Roskilde,Roskilde,FC Roskilde,60.1430460561,3967,csrtvpovtat1ojuwr5rsv66ms,2026-10-06
Dinamo Bryansk,Dinamo Br,FK Dinamo Bryansk,60.1398993972,3968,au1o7s1tazgfz249l77vlak9g,2026-10-06
Houtvenne,Houtvenne,KFC Houtvenne,60.1364031028,3969,6t5gnnzhfwzumtn1olpzzhlhw,2026-10-06
Gravina,Gravina,FBC Gravina,60.1332564318,3970,cvnhrujf5s3lefro06hwoncb8,2026-10-06
Al Moroj,Al Moroj,Al Moroj SC,60.1304628824,3971,68kgxuk3dkg7p955ifkisgc9g,2026-10-06
Bella Vista,Bella Vista,Club Atlético Bella Vista,60.1260435409,3972,4kgb1bb1pdi8lfym67m7cvrpw,2026-10-06
Aretxabaleta,Aretxabaleta,UD Aretxabaleta,60.1241660166,3973,1h4ygpz4oamwj3kksmzc15ams,2026-10-06
Santomera,Santomera,Santomera CF,60.1217185889,3974,1h4ygpz4oamwj3kksmzc15ams,2026-10-06
Argentino Quilmes,A Quilmes,CA Argentino de Quilmes de Buenos Aires,60.1212011323,3975,epr9s9zih7yd5dygat10o64us,2026-10-06
Karacabey Belediyespor,Karacabey BS,Karacabey Belediyespor AŞ,60.1206696903,3976,9iurl7j8nsnscnb6u5uaicj6c,2026-10-06
Atlético Malveira,Malveira,Atlético Clube da Malveira,60.1203200572,3977,f0zodm68vgjezko34dv1zdyc4,2026-10-06
Dock Sud,Dock Sud,CS Dock Sud,60.1156069972,3978,epr9s9zih7yd5dygat10o64us,2026-10-06
NWU Soccer Institute,NWU,North West University Soccer Institute,60.1150767514,3979,4nwd2e9auc7j57110c5f3fehg,2026-10-06
Deportivo Coopsol,Coopsol,Deportivo Coopsol,60.1138937896,3980,a9cov1ehhclrmqc4wgh59p2j8,2026-10-06
Vicentino Dragons,Dragons,Vicentino Dragons SC,60.1128099227,3981,6f3mt0vs7zxlbfevjpbqur4lw,2026-10-06
Inter Ibiza,Inter Ibiza,Inter Ibiza CD,60.1122784781,3982,1h4ygpz4oamwj3kksmzc15ams,2026-10-06
FC Renaissance,FC Renaissance,FC Renaissance du Congo,60.1119323397,3983,ehmma83pqd17k7x6if20hmrkk,2026-10-06
Montalegre,Montalegre,Centro Desportivo e Cultural de Montalegre,60.1112295737,3984,f0zodm68vgjezko34dv1zdyc4,2026-10-06
Miramar,Miramar,Miramar Rangers AFC,60.1094202121,3985,5covk71othb712xpvk7qwlul0,2026-10-06
Artis Brno II,Artis II,SK Artis Brno II,60.109131763,3986,1b9w528q6lpjmxp9k0sfxvtw4,2026-10-06
Grafičar,Grafičar,FK Grafičar Beograd,60.1066843139,3987,38qhp7f77q817kvnksk95ucyc,2026-10-06
Mestre,Mestre,AC Mestre,60.097943396,3988,cvnhrujf5s3lefro06hwoncb8,2026-10-06
Mollerussa,Mollerussa,CFJ Mollerussa,60.0975937583,3989,1h4ygpz4oamwj3kksmzc15ams,2026-10-06
Mama FCA,Mama,Mama FCA,60.0958490672,3990,citm4e83b4soxyy411ags2z8,2026-10-06
Almansa,Almansa,UD Almansa,60.0892024337,3991,1h4ygpz4oamwj3kksmzc15ams,2026-10-06
Academy,Academy,Academy SC,60.0871627678,3992,amq9d5z9f0eytpclvwfgke238,2026-10-06
Grecia,Grecia,CSCD Grecia,60.086936769,3993,6f3mt0vs7zxlbfevjpbqur4lw,2026-10-06
Žilina II,Žilina II,MŠK Žilina II,60.0762657279,3994,47gcoqnouhyfwprkioq13ex3o,2026-10-06
Atzeneta,Atzeneta,Atzeneta UE,60.0713707328,3995,1h4ygpz4oamwj3kksmzc15ams,2026-10-06
Ciudad de Torredonjimeno,Cd. Torredonj.,UD Ciudad de Torredonjimeno,60.0685735865,3996,1h4ygpz4oamwj3kksmzc15ams,2026-10-06
Textáfrica,Textáfrica,GDR Textáfrica do Chimoio,60.067178508,3997,3byhiomtt6awor0qc4og01fro,2026-10-06
Landsberg,Landsberg,TSV 1882 Landsberg am Lech,60.0566856638,3998,cp9ieu0l4mgyazd7866sx8pw4,2026-10-06
Lichtenberg,Lichtenberg,SV Lichtenberg 47,60.0521402599,3999,949cwx081ssmm4uuutgo1stn8,2026-10-06
Argentino Merlo,A Merlo,CA Argentino de Merlo,60.0491752515,4000,epr9s9zih7yd5dygat10o64us,2026-10-06
Polonia Środa Wlkp.,Pl Środa,KS Polonia Środa Wielkopolska,60.0472451961,4001,9xyu4j66xlkjhki4hrt3624no,2026-10-06
Avenir Sainte Anne,Avenir SA,AS Avenir Sainte Anne,60.0402557219,4002,citm4e83b4soxyy411ags2z8,2026-10-06
Cesson,Cesson,OC Cesson Football,60.0399725042,4003,bzf5qx9yamvvlrgfqfs6ozl78,2026-10-06
Spišská Nová Ves,Spišská,FK Spišská Nová Ves,60.0336088735,4004,e48upqhbqk5biaiysv064j6z8,2026-10-06
Uruguay,Uruguay,CS Uruguay de Coronado,60.025273112,4005,7yzd2ff4zj9i1m1mowvd9uot0,2026-10-06
Yeovil Town,Yeovil,Yeovil Town FC,60.0231018383,4006,7jeqt00dn1903yv3hr8r63g2c,2026-10-06
Resovia Rzeszów,Resovia,CWKS Resovia Rzeszów,60.0210214027,4007,1f9k5nej63ck6nqpw0q5uml1w,2026-10-06
SC Kourou,Kourou,SC Kouroucien,60.01338719,4008,8ptl1wrxicnblij9u19k2p4pg,2026-10-06
Ryūkyū,Ryūkyū,FC Ryūkyū,60.0069359136,4009,d7a4tg9b5xoanhbupsxsbi238,2026-10-06
Atletico Santa Cruz,Santa Cruz,EF Santa Cruz,60.0038883082,4010,1h4ygpz4oamwj3kksmzc15ams,2026-10-06
Moyale Barracks,Moyale,Moyale Barracks FC,60.0010945486,4011,dzzhvxalhc0doyc8cvfxaeyvo,2026-10-06
