name,short_name,club_name,rating,rank,league_id,as_of
Arsenal,Arsenal,Arsenal FC,100.0,1,6pdwluctev9iebv00r4qqukno,2026-10-02
Bayern München,FC Bayern,FC Bayern München,99.3368269663,2,8h5xijv2u4mlf5028gso6kw7o,2026-10-02
Manchester City,Man City,Manchester City FC,98.8137602755,3,6pdwluctev9iebv00r4qqukno,2026-10-02
Barcelona,Barcelona,FC Barcelona,96.9478122632,4,830epggffy1nfkfyrtpqdwhlg,2026-10-02
Liverpool,Liverpool,Liverpool FC,96.0074871161,5,6pdwluctev9iebv00r4qqukno,2026-10-02
Paris Saint-Germain,Paris SG,Paris Saint-Germain FC,95.7264128895,6,bqnc4ccgnrp6pb3bktqet0yz8,2026-10-02
Brighton & Hove Albion,Brighton,Brighton & Hove Albion FC,94.6765946811,7,6pdwluctev9iebv00r4qqukno,2026-10-02
Real Madrid,Real Madrid,Real Madrid CF,94.3008550317,8,830epggffy1nfkfyrtpqdwhlg,2026-10-02
Manchester United,Man Utd,Manchester United FC,94.0262342528,9,6pdwluctev9iebv00r4qqukno,2026-10-02
Aston Villa,Villa,Aston Villa FC,93.6653667571,10,6pdwluctev9iebv00r4qqukno,2026-10-02
Internazionale,Inter,FC Internazionale Milano,93.6538934067,11,60cryos85i4bp5ul34tt0brx0,2026-10-02
Chelsea,Chelsea,Chelsea FC,93.3882561388,12,6pdwluctev9iebv00r4qqukno,2026-10-02
Brentford,Brentford,Brentford FC,92.8826480629,13,6pdwluctev9iebv00r4qqukno,2026-10-02
Newcastle United,Newcastle,Newcastle United FC,92.862825431,14,6pdwluctev9iebv00r4qqukno,2026-10-02
Borussia Dortmund,Dortmund,BV Borussia 09 Dortmund,92.7974446203,15,8h5xijv2u4mlf5028gso6kw7o,2026-10-02
Everton,Everton,Everton FC,92.6871983076,16,6pdwluctev9iebv00r4qqukno,2026-10-02
Benfica,Benfica,SL Benfica,92.3181748357,17,a8xa8yfi2tlljxrwyxcst51xw,2026-10-02
Leeds United,Leeds,Leeds United FC,91.9978084084,18,6pdwluctev9iebv00r4qqukno,2026-10-02
Bournemouth,Bournemouth,AFC Bournemouth,91.8941430352,19,6pdwluctev9iebv00r4qqukno,2026-10-02
Roma,Roma,AS Roma,91.5518135683,20,60cryos85i4bp5ul34tt0brx0,2026-10-02
Flamengo,Flamengo,CR Flamengo,91.5101747747,21,752zalnunu0zkdfbbm915kys4,2026-10-02
Sporting CP,Sporting,Sporting Clube de Portugal,91.3976831637,22,a8xa8yfi2tlljxrwyxcst51xw,2026-10-02
Union Saint-Gilloise,R. Union SG,Royale Union Saint-Gilloise,91.3962914314,23,5ysazl26p4ksxbonjpbamevpw,2026-10-02
Atlético de Madrid,Atlético,Club Atlético de Madrid,91.2846028369,24,830epggffy1nfkfyrtpqdwhlg,2026-10-02
Tottenham Hotspur,Spurs,Tottenham Hotspur FC,91.185088662,25,6pdwluctev9iebv00r4qqukno,2026-10-02
Bayer 04 Leverkusen,Bayer 04,Bayer 04 Leverkusen,91.0253720155,26,8h5xijv2u4mlf5028gso6kw7o,2026-10-02
Nottingham Forest,Forest,Nottingham Forest FC,90.9968378707,27,6pdwluctev9iebv00r4qqukno,2026-10-02
Porto,Porto,FC Porto,90.9592559032,28,a8xa8yfi2tlljxrwyxcst51xw,2026-10-02
Sunderland,Sunderland,Sunderland AFC,90.6805083739,29,6pdwluctev9iebv00r4qqukno,2026-10-02
Como,Como,Calcio Como 1907,90.5973315209,30,60cryos85i4bp5ul34tt0brx0,2026-10-02
Club Brugge,Club Brugge,Club Brugge KV,90.5715775522,31,5ysazl26p4ksxbonjpbamevpw,2026-10-02
Crystal Palace,Palace,Crystal Palace FC,90.5099759488,32,6pdwluctev9iebv00r4qqukno,2026-10-02
Juventus,Juventus,Juventus FC,90.4626427857,33,60cryos85i4bp5ul34tt0brx0,2026-10-02
Fulham,Fulham,Fulham FC,89.9039854021,34,6pdwluctev9iebv00r4qqukno,2026-10-02
Bodø / Glimt,Bodø/Glimt,FK Bodø / Glimt,89.8622124326,35,beev3xu6oz7vc6l4rcxygw4d0,2026-10-02
Hull City,Hull,Hull City AFC,89.8277492925,36,6pdwluctev9iebv00r4qqukno,2026-10-02
Ipswich Town,Ipswich,Ipswich Town FC,89.7097361278,37,6pdwluctev9iebv00r4qqukno,2026-10-02
Monaco,Monaco,AS Monaco FC,89.5074666962,38,bqnc4ccgnrp6pb3bktqet0yz8,2026-10-02
Palmeiras,Palmeiras,SE Palmeiras,89.1040425015,39,752zalnunu0zkdfbbm915kys4,2026-10-02
Lens,Lens,Racing Club de Lens,89.0973152815,40,bqnc4ccgnrp6pb3bktqet0yz8,2026-10-02
Napoli,Napoli,SSC Napoli,89.0335939602,41,60cryos85i4bp5ul34tt0brx0,2026-10-02
Stuttgart,Stuttgart,VfB Stuttgart 1893,89.0252369637,42,8h5xijv2u4mlf5028gso6kw7o,2026-10-02
Coventry City,Coventry,Coventry City FC,89.0172281531,43,6pdwluctev9iebv00r4qqukno,2026-10-02
PSV,PSV,PSV Eindhoven,88.9691748339,44,56cvval3nf96u0bf9rzs9h6vo,2026-10-02
Real Betis,Betis,Real Betis Balompié,88.8765481123,45,830epggffy1nfkfyrtpqdwhlg,2026-10-02
Freiburg,Freiburg,SC Freiburg,88.8142149589,46,8h5xijv2u4mlf5028gso6kw7o,2026-10-02
Milan,Milan,AC Milan,88.7933208694,47,60cryos85i4bp5ul34tt0brx0,2026-10-02
Olympique Lyonnais,Lyon,Lyon,88.6191976897,48,bqnc4ccgnrp6pb3bktqet0yz8,2026-10-02
RB Leipzig,Leipzig,RasenBallsport Leipzig,88.5707896144,49,8h5xijv2u4mlf5028gso6kw7o,2026-10-02
Slavia Praha,Slavia,SK Slavia Praha,88.3949118324,50,ei2lksxq5fb6mh8yzxqatwnx0,2026-10-02
Villarreal,Villarreal,Villarreal CF,88.32142314,51,830epggffy1nfkfyrtpqdwhlg,2026-10-02
Independiente Valle,Ind. del Valle,CSD Independiente del Valle,88.2173934344,52,6fbkqr97shkflapdt7ck1dt78,2026-10-02
Lille,Lille,Lille OSC,87.7170740088,53,bqnc4ccgnrp6pb3bktqet0yz8,2026-10-02
Fenerbahçe,Fenerbahçe,Fenerbahçe SK,87.7090616225,54,e00dq6lfzgc7vo631cz8ktc0k,2026-10-02
Boca Juniors,Boca,CA Boca Juniors,87.6952384624,55,8v84l9nq3d5t0j4gb781i3llg,2026-10-02
Lazio,Lazio,SS Lazio,87.5540350168,56,60cryos85i4bp5ul34tt0brx0,2026-10-02
Atalanta,Atalanta,Atalanta Bergamasca Calcio,87.3739150535,57,60cryos85i4bp5ul34tt0brx0,2026-10-02
Rennes,Rennes,Stade Rennais FC,87.2641652905,58,bqnc4ccgnrp6pb3bktqet0yz8,2026-10-02
AEK Athens,AEK Athens,AEK Athens FC,86.8923787594,59,13prgjp0qzce661j00a3jy3o4,2026-10-02
Mainz 05,Mainz,1. FSV Mainz 05,86.8052615779,60,8h5xijv2u4mlf5028gso6kw7o,2026-10-02
Viking,Viking,Viking FK,86.7157023643,61,beev3xu6oz7vc6l4rcxygw4d0,2026-10-02
Cruzeiro,Cruzeiro,Cruzeiro EC,86.7112835729,62,752zalnunu0zkdfbbm915kys4,2026-10-02
Galatasaray,Galatasaray,Galatasaray SK,86.6993235291,63,e00dq6lfzgc7vo631cz8ktc0k,2026-10-02
Olympiakos Piraeus,Olympiakos,Olympiakos FC,86.6515804341,64,13prgjp0qzce661j00a3jy3o4,2026-10-02
Sporting Braga,Braga,Sporting Braga,86.5376210767,65,a8xa8yfi2tlljxrwyxcst51xw,2026-10-02
Toluca,Toluca,Deportivo Toluca FC,86.4242167026,66,9zum4nxferygj8bb0ldcavxn8,2026-10-02
Rayo Vallecano,Rayo,Rayo Vallecano de Madrid,86.3543007975,67,830epggffy1nfkfyrtpqdwhlg,2026-10-02
Omonia Nicosia,Omonia,AC Omonia Nicosia,86.2636818726,68,9ov525t4gyibnhjsey291aw44,2026-10-02
Athletic Club,Athletic,Athletic Club,86.2309189386,69,830epggffy1nfkfyrtpqdwhlg,2026-10-02
Fluminense,Fluminense,Fluminense FC,86.1714288543,70,752zalnunu0zkdfbbm915kys4,2026-10-02
Hoffenheim,Hoffenheim,TSG 1899 Hoffenheim,86.1598151076,71,8h5xijv2u4mlf5028gso6kw7o,2026-10-02
Strasbourg,Strasbourg,RC Strasbourg Alsace,86.129490876,72,bqnc4ccgnrp6pb3bktqet0yz8,2026-10-02
Ferencváros,Ferencváros,Ferencvárosi TC,86.0998634418,73,1qah382h96g7zu8m6op3ftams,2026-10-02
Independiente Rivadavia,Independiente,CS Independiente Rivadavia,86.0494333552,74,8v84l9nq3d5t0j4gb781i3llg,2026-10-02
Atlético Nacional,Atl. Nacional,Club Atlético Nacional SA,86.046993392,75,5l22b8pqde1bdxk6377auk3ro,2026-10-02
West Ham United,West Ham,West Ham United FC,86.0451390185,76,al48ooi8acoibema226051250,2026-10-02
Feyenoord,Feyenoord,Feyenoord Rotterdam,85.9342926975,77,56cvval3nf96u0bf9rzs9h6vo,2026-10-02
Paris FC,Paris FC,Paris FC,85.8851424755,78,bqnc4ccgnrp6pb3bktqet0yz8,2026-10-02
Lech Poznań,Lech,KKS Lech Poznań,85.8206533067,79,1objvzhwen02wc4i4a1nnux3o,2026-10-02
Santos,Santos,Santos FC Sao Paulo,85.8092612301,80,752zalnunu0zkdfbbm915kys4,2026-10-02
Olympique Marseille,Marseille,Olympique de Marseille,85.7659235127,81,bqnc4ccgnrp6pb3bktqet0yz8,2026-10-02
Athletico Paranaense,Athletico PR,Club Athletico Paranaense,85.6701682369,82,752zalnunu0zkdfbbm915kys4,2026-10-02
Dinamo Zagreb,Dinamo Zagreb,GNK Dinamo Zagreb,85.6641302613,83,ddv8l7gdb84ask7lsxf8x9f6c,2026-10-02
Celta de Vigo,Celta,Real Club Celta de Vigo,85.6529746144,84,830epggffy1nfkfyrtpqdwhlg,2026-10-02
Real Sociedad,Real Sociedad,Real Sociedad de Fútbol,85.6299659541,85,830epggffy1nfkfyrtpqdwhlg,2026-10-02
København,København,FC København,85.566168237,86,aa2sqzvq68621ok3nca8csrh0,2026-10-02
Al Hilal,Hilal,Al Hilal FC,85.562889782,87,4vs6oaojacz5bwo1320rkk844,2026-10-02
Rosario Central,Rosario,CA Rosario Central,85.5397841491,88,8v84l9nq3d5t0j4gb781i3llg,2026-10-02
Bahia,Bahia,EC Bahia,85.5383896344,89,752zalnunu0zkdfbbm915kys4,2026-10-02
Midtjylland,Midtjylland,FC Midtjylland,85.5347917834,90,aa2sqzvq68621ok3nca8csrh0,2026-10-02
Alavés,Alavés,Deportivo Alavés,85.511084899,91,830epggffy1nfkfyrtpqdwhlg,2026-10-02
River Plate,River,CA River Plate,85.4658739255,92,8v84l9nq3d5t0j4gb781i3llg,2026-10-02
Vasco da Gama,Vasco,CR Vasco da Gama,85.3780158643,93,752zalnunu0zkdfbbm915kys4,2026-10-02
Beşiktaş,Beşiktaş,Beşiktaş JK,85.3109629855,94,e00dq6lfzgc7vo631cz8ktc0k,2026-10-02
Eintracht Frankfurt,Frankfurt,Eintracht Frankfurt,85.3074764154,95,8h5xijv2u4mlf5028gso6kw7o,2026-10-02
Bologna,Bologna,Bologna FC 1909,85.2600586345,96,60cryos85i4bp5ul34tt0brx0,2026-10-02
Augsburg,Augsburg,FC Augsburg,85.209153365,97,8h5xijv2u4mlf5028gso6kw7o,2026-10-02
Argentinos Juniors,Argentinos,AA Argentinos Juniors,85.2026402135,98,8v84l9nq3d5t0j4gb781i3llg,2026-10-02
Atlético Mineiro,Atlético MG,CA Mineiro,85.1824172705,99,752zalnunu0zkdfbbm915kys4,2026-10-02
Southampton,Southampton,Southampton FC,85.1237280734,100,al48ooi8acoibema226051250,2026-10-02
Zenit,Zenit,FK Zenit St. Petersburg,85.0825835393,101,ac9tayo9q3al8a2m6m9pnfrx0,2026-10-02
PAOK,PAOK,PAOK Thessaloniki FC,85.0787480013,102,13prgjp0qzce661j00a3jy3o4,2026-10-02
Genk,Genk,KRC Genk,85.0770045732,103,5ysazl26p4ksxbonjpbamevpw,2026-10-02
Ajax,Ajax,AFC Ajax,85.0487608873,104,56cvval3nf96u0bf9rzs9h6vo,2026-10-02
AZ,AZ,AZ,85.0376028098,105,56cvval3nf96u0bf9rzs9h6vo,2026-10-02
Middlesbrough,Middlesbrough,Middlesbrough FC,84.9347371981,106,al48ooi8acoibema226051250,2026-10-02
Sevilla,Sevilla,Sevilla FC,84.9326449771,107,830epggffy1nfkfyrtpqdwhlg,2026-10-02
Fiorentina,Fiorentina,ACF Fiorentina,84.9288092346,108,60cryos85i4bp5ul34tt0brx0,2026-10-02
Wolverhampton Wanderers,Wolves,Wolverhampton Wanderers FC,84.9096304434,109,al48ooi8acoibema226051250,2026-10-02
Valencia,Valencia,Valencia CF,84.902656305,110,830epggffy1nfkfyrtpqdwhlg,2026-10-02
Toulouse,Toulouse,Toulouse FC,84.8336114009,111,bqnc4ccgnrp6pb3bktqet0yz8,2026-10-02
Twente,Twente,FC Twente,84.8329139689,112,56cvval3nf96u0bf9rzs9h6vo,2026-10-02
Salzburg,Salzburg,FC Salzburg,84.8311703883,113,1ypt1hmmrdjdek7yieatpskyc,2026-10-02
Vélez Sarsfield,Vélez,CA Vélez Sarsfield,84.80477942,114,8v84l9nq3d5t0j4gb781i3llg,2026-10-02
Anderlecht,Anderlecht,RSC Anderlecht,84.6801721966,115,5ysazl26p4ksxbonjpbamevpw,2026-10-02
Sporting Charleroi,Charleroi,Royal Charleroi SC,84.6787772562,116,5ysazl26p4ksxbonjpbamevpw,2026-10-02
LASK,LASK,LASK,84.6421598226,117,1ypt1hmmrdjdek7yieatpskyc,2026-10-02
Levante,Levante,Levante UD,84.5134718984,118,830epggffy1nfkfyrtpqdwhlg,2026-10-02
Estudiantes,Estudiantes,Club Estudiantes de La Plata,84.4535968637,119,8v84l9nq3d5t0j4gb781i3llg,2026-10-02
Instituto,Instituto,Instituto AC Córdoba,84.4005843452,120,8v84l9nq3d5t0j4gb781i3llg,2026-10-02
Panathinaikos,Panathinaikos,Panathinaikos FC,84.3638516596,121,13prgjp0qzce661j00a3jy3o4,2026-10-02
Sassuolo,Sassuolo,US Sassuolo Calcio,84.343622667,122,60cryos85i4bp5ul34tt0brx0,2026-10-02
Gent,Gent,KAA Gent,84.2620076545,123,5ysazl26p4ksxbonjpbamevpw,2026-10-02
Belgrano,Belgrano,CA Belgrano,84.2247987863,124,8v84l9nq3d5t0j4gb781i3llg,2026-10-02
Sparta Praha,Sparta,AC Sparta Praha,84.1912029508,125,ei2lksxq5fb6mh8yzxqatwnx0,2026-10-02
Cagliari,Cagliari,Cagliari Calcio,84.1639967237,126,60cryos85i4bp5ul34tt0brx0,2026-10-02
Werder Bremen,Bremen,SV Werder Bremen,84.1437662799,127,8h5xijv2u4mlf5028gso6kw7o,2026-10-02
São Paulo,São Paulo,São Paulo FC,84.1337626199,128,752zalnunu0zkdfbbm915kys4,2026-10-02
Mirassol,Mirassol,Mirassol FC,84.1152759848,129,752zalnunu0zkdfbbm915kys4,2026-10-02
Elversberg,Elversberg,SV 07 Elversberg,84.1040025651,130,8h5xijv2u4mlf5028gso6kw7o,2026-10-02
Krasnodar,Krasnodar,FK Krasnodar,84.0858645415,131,ac9tayo9q3al8a2m6m9pnfrx0,2026-10-02
Deportivo de A Coruña,Deportivo,RC Deportivo de A Coruña,84.0795859673,132,830epggffy1nfkfyrtpqdwhlg,2026-10-02
Osasuna,Osasuna,CA Osasuna,84.078888347,133,830epggffy1nfkfyrtpqdwhlg,2026-10-02
Udinese,Udinese,Udinese Calcio,84.0628430334,134,60cryos85i4bp5ul34tt0brx0,2026-10-02
RB Bragantino,Bragantino,Red Bull Bragantino,84.0308637493,135,752zalnunu0zkdfbbm915kys4,2026-10-02
Botafogo,Botafogo,Botafogo FR,83.9562160821,136,752zalnunu0zkdfbbm915kys4,2026-10-02
Independiente,Independiente,CA Independiente,83.8442408164,137,8v84l9nq3d5t0j4gb781i3llg,2026-10-02
Lorient,Lorient,FC Lorient,83.8151753446,138,bqnc4ccgnrp6pb3bktqet0yz8,2026-10-02
Nordsjælland,Nordsjælland,FC Nordsjælland,83.8050588703,139,aa2sqzvq68621ok3nca8csrh0,2026-10-02
Brest,Brest,Stade Brestois 29,83.7719184371,140,bqnc4ccgnrp6pb3bktqet0yz8,2026-10-02
Elche,Elche,Elche CF,83.7499408784,141,830epggffy1nfkfyrtpqdwhlg,2026-10-02
Gimnasia La Plata,GELP,Club de Gimnasia y Esgrima La Plata,83.7385403872,142,8v84l9nq3d5t0j4gb781i3llg,2026-10-02
Lugano,Lugano,FC Lugano,83.7349402224,143,cx0b7yl7kqmgay9wn2c3zyjh0,2026-10-02
Peñarol,Peñarol,CA Peñarol,83.724237379,144,6bxydtby0dlb8mn1nb1h08iz8,2026-10-02
Górnik Zabrze,Górnik,KS Górnik Zabrze,83.6697038653,145,1objvzhwen02wc4i4a1nnux3o,2026-10-02
LDU Quito,LDU Quito,Liga Deportiva Universitaria de Quito,83.6670246066,146,6fbkqr97shkflapdt7ck1dt78,2026-10-02
Espanyol,Espanyol,Reial Club Deportiu Espanyol de Barcelona,83.6142343085,147,830epggffy1nfkfyrtpqdwhlg,2026-10-02
América de Cali,América,América de Cali SA,83.5766678783,148,5l22b8pqde1bdxk6377auk3ro,2026-10-02
Lanús,Lanús,CA Lanús,83.5759701314,149,8v84l9nq3d5t0j4gb781i3llg,2026-10-02
Corinthians,Corinthians,SC Corinthians Paulista,83.5543398917,150,752zalnunu0zkdfbbm915kys4,2026-10-02
Shakhtar Donetsk,Shakhtar D,FC Shakhtar Donetsk,83.51061838,151,5vqx2miccjg04lp2pqs1hbmc,2026-10-02
Cruz Azul,Cruz Azul,CF Cruz Azul,83.5010608877,152,9zum4nxferygj8bb0ldcavxn8,2026-10-02
Sabah,Sabah,Sabah FK,83.4942208902,153,cjfv1fu1qsr0jyk785saolgd0,2026-10-02
Getafe,Getafe,Getafe CF,83.4603789541,154,830epggffy1nfkfyrtpqdwhlg,2026-10-02
Universidad Católica,U. Católica,CD Universidad Católica del Ecuador,83.452117272,155,6fbkqr97shkflapdt7ck1dt78,2026-10-02
Famalicão,Famalicão,FC Famalicão,83.442934495,156,a8xa8yfi2tlljxrwyxcst51xw,2026-10-02
Millonarios,Millonarios,Millonarios FC,83.4315327369,157,5l22b8pqde1bdxk6377auk3ro,2026-10-02
Schalke 04,Schalke 04,FC Schalke 04,83.4209543194,158,8h5xijv2u4mlf5028gso6kw7o,2026-10-02
Torino,Torino,Torino FC,83.4136275553,159,60cryos85i4bp5ul34tt0brx0,2026-10-02
Guadalajara,Chivas,CD Guadalajara,83.412443199,160,9zum4nxferygj8bb0ldcavxn8,2026-10-02
Racing de Santander,Santander,Real Racing Club,83.3895537646,161,830epggffy1nfkfyrtpqdwhlg,2026-10-02
Legia Warszawa,Legia,KP Legia Warszawa,83.3445456787,162,1objvzhwen02wc4i4a1nnux3o,2026-10-02
Huracán,Huracán,CA Huracán,83.3170938742,163,8v84l9nq3d5t0j4gb781i3llg,2026-10-02
Bolívar,Bolívar,Club Bolívar,83.3146515295,164,b8kaz0tks262ypfye6pj6dpuc,2026-10-02
Al Nassr,Nassr,Al Nassr FC,83.2809037071,165,4vs6oaojacz5bwo1320rkk844,2026-10-02
Colo Colo,Colo Colo,CSD Colo-Colo,83.2790628335,166,ikhh1wx11krn1uqgykcjof84,2026-10-02
AEK Larnaca,AEK Larnaca,AEK Larnaca,83.2499914121,167,9ov525t4gyibnhjsey291aw44,2026-10-02
Club América,Club América,CF América,83.2404330156,168,9zum4nxferygj8bb0ldcavxn8,2026-10-02
Crvena zvezda,Crvena zvezda,FK Crvena zvezda Beograd,83.2140529604,169,akqbhzm3iofv030i63sb5js44,2026-10-02
Paderborn,Paderborn,SC Paderborn 07,83.2088191662,170,8h5xijv2u4mlf5028gso6kw7o,2026-10-02
Union Berlin,Union Berlin,1. FC Union Berlin,83.175671571,171,8h5xijv2u4mlf5028gso6kw7o,2026-10-02
Sint-Truiden,Sint-Truiden,Sint-Truidense VV,83.1735780253,172,5ysazl26p4ksxbonjpbamevpw,2026-10-02
Castellón,Castellón,CD Castellón,83.1735780253,173,fgkxmpz2ewao1l63jrbkgg7o,2026-10-02
Frosinone,Frosinone,Frosinone Calcio,83.1003029191,174,60cryos85i4bp5ul34tt0brx0,2026-10-02
Maccabi Tel Aviv,Maccabi TA,Maccabi Tel Aviv FC,83.0678518903,175,cbr00ay9uda1ju0ooqvb1ufbo,2026-10-02
Borussia M'gladbach,M'gladbach,Borussia VfL Mönchengladbach,82.9959697502,176,8h5xijv2u4mlf5028gso6kw7o,2026-10-02
Internacional,Internacional,SC Internacional,82.9629312492,177,752zalnunu0zkdfbbm915kys4,2026-10-02
Köln,Köln,1. FC Köln,82.9467677817,178,8h5xijv2u4mlf5028gso6kw7o,2026-10-02
Olimpia,Olimpia,Club Olimpia,82.9381556016,179,ynp3ah4di570mdbqt5a0yuc4,2026-10-02
Swansea City,Swansea,Swansea City AFC,82.9223409443,180,al48ooi8acoibema226051250,2026-10-02
Nashville SC,Nashville,Nashville SC,82.8583434813,181,6i6n0jkbh9zzij6s8htfjh2j8,2026-10-02
Millwall,Millwall,Millwall FC,82.8487101594,182,al48ooi8acoibema226051250,2026-10-02
Sanfrecce Hiroshima,Sanfrecce,Sanfrecce Hiroshima,82.8361089768,183,bakisqj15kviwhxxx3wr3rv9w,2026-10-02
Independiente Santa Fe,Santa Fe,Club Independiente Santa Fe,82.826138961,184,5l22b8pqde1bdxk6377auk3ro,2026-10-02
Spartak Moskva,Spartak M,FK Spartak Moskva,82.8152092414,185,ac9tayo9q3al8a2m6m9pnfrx0,2026-10-02
Auxerre,Auxerre,Association Jeunesse Auxerroise,82.6948119298,186,bqnc4ccgnrp6pb3bktqet0yz8,2026-10-02
Universidad de Chile,U. de Chile,Club Universidad de Chile,82.6893398332,187,ikhh1wx11krn1uqgykcjof84,2026-10-02
Universidad Católica,Univ Católica,CD Universidad Católica,82.6628167607,188,ikhh1wx11krn1uqgykcjof84,2026-10-02
Unión,Unión,CA Unión,82.6526960467,189,8v84l9nq3d5t0j4gb781i3llg,2026-10-02
Hajduk Split,Hajduk,HNK Hajduk Split,82.651537397,190,ddv8l7gdb84ask7lsxf8x9f6c,2026-10-02
Málaga,Málaga,Málaga CF,82.6054702051,191,830epggffy1nfkfyrtpqdwhlg,2026-10-02
Macará,Macará,CSD Macará,82.5616079316,192,6fbkqr97shkflapdt7ck1dt78,2026-10-02
St. Louis City,St. Louis,St. Louis City SC,82.5589155156,193,6i6n0jkbh9zzij6s8htfjh2j8,2026-10-02
Philadelphia Union,Philadelphia,Philadelphia Union,82.5219209698,194,6i6n0jkbh9zzij6s8htfjh2j8,2026-10-02
Hamburger SV,Hamburg,Hamburger SV,82.4958830003,195,8h5xijv2u4mlf5028gso6kw7o,2026-10-02
Pyramids,Pyramids,Pyramids FC,82.4905778008,196,5q5bvm7r1fjy0h427jh93a9lg,2026-10-02
Sturm Graz,Sturm,SK Sturm Graz,82.490298821,197,1ypt1hmmrdjdek7yieatpskyc,2026-10-02
Santa Clara,Santa Clara,CD Santa Clara,82.4857616668,198,a8xa8yfi2tlljxrwyxcst51xw,2026-10-02
Tigre,Tigre,CA Tigre,82.4802891508,199,8v84l9nq3d5t0j4gb781i3llg,2026-10-02
Racing Club,Racing,Racing Club,82.4551601096,200,8v84l9nq3d5t0j4gb781i3llg,2026-10-02
Vancouver Whitecaps,Whitecaps,Vancouver Whitecaps FC,82.4531656212,201,6i6n0jkbh9zzij6s8htfjh2j8,2026-10-02
Inter Miami,Inter Miami,Inter Miami CF,82.4130284477,202,6i6n0jkbh9zzij6s8htfjh2j8,2026-10-02
Celtic,Celtic,Celtic FC,82.3894326096,203,7qmc7ue3f8yzv8yqmsxc9irro,2026-10-02
Coritiba,Coritiba,Coritiba FBC,82.3703478831,204,752zalnunu0zkdfbbm915kys4,2026-10-02
Al Qadsiah,Qadsiah,Al Qadsiah FC,82.3645107697,205,4vs6oaojacz5bwo1320rkk844,2026-10-02
Independiente Medellín,Medellín,Deportivo Independiente Medellín,82.3382372143,206,5l22b8pqde1bdxk6377auk3ro,2026-10-02
Viktoria Plzeň,Plzeň,FC Viktoria Plzeň,82.3248623108,207,ei2lksxq5fb6mh8yzxqatwnx0,2026-10-02
Dinamo Moskva,Dinamo M,FK Dinamo Moskva,82.2882136211,208,ac9tayo9q3al8a2m6m9pnfrx0,2026-10-02
Trabzonspor,Trabzonspor,Trabzonspor Kulübü,82.2606395192,209,e00dq6lfzgc7vo631cz8ktc0k,2026-10-02
Young Boys,Young Boys,BSC Young Boys,82.2581962309,210,cx0b7yl7kqmgay9wn2c3zyjh0,2026-10-02
Deportes Tolima,Tolima,Club Deportes Tolima SA,82.2565627168,211,5l22b8pqde1bdxk6377auk3ro,2026-10-02
Nice,Nice,OGC Nice Côte d'Azur,82.2543567733,212,bqnc4ccgnrp6pb3bktqet0yz8,2026-10-02
Genoa,Genoa,Genoa CFC,82.2452816702,213,60cryos85i4bp5ul34tt0brx0,2026-10-02
Gimnasia Mendoza,Gim Mendoza,CA Gimnasia y Esgrima de Mendoza,82.236667275,214,8v84l9nq3d5t0j4gb781i3llg,2026-10-02
Hammarby,Hammarby,Hammarby IF,82.2184052254,215,b99u9gpztyjs5u1i88z6qvg9g,2026-10-02
Birmingham City,Birmingham,Birmingham City FC,82.2152638054,216,al48ooi8acoibema226051250,2026-10-02
Norwich City,Norwich,Norwich City FC,82.2061885716,217,al48ooi8acoibema226051250,2026-10-02
Cerro Porteño,Cerro Porteño,Club Cerro Porteño,82.2028097846,218,ynp3ah4di570mdbqt5a0yuc4,2026-10-02
Rangers,Rangers,Rangers FC,82.17721743,219,7qmc7ue3f8yzv8yqmsxc9irro,2026-10-02
Qarabağ,Qarabağ,Qarabağ Ağdam FK,82.1695382804,220,cjfv1fu1qsr0jyk785saolgd0,2026-10-02
Al Ahly,Ahly,Al Ahly SC,82.1596947455,221,5q5bvm7r1fjy0h427jh93a9lg,2026-10-02
Sion,Sion,FC Sion,82.1416139166,222,cx0b7yl7kqmgay9wn2c3zyjh0,2026-10-02
Defensa y Justicia,Def y Justicia,CSD Defensa y Justicia,82.1333482498,223,8v84l9nq3d5t0j4gb781i3llg,2026-10-02
Westerlo,Westerlo,KVC Westerlo,82.0910002743,224,5ysazl26p4ksxbonjpbamevpw,2026-10-02
Zulte Waregem,ZW,SV Zulte Waregem,82.0033840795,225,5ysazl26p4ksxbonjpbamevpw,2026-10-02
Levski Sofia,Levski,PFK Levski Sofia,81.9471825575,226,3rbiru554kufnw6hrtsv0us5w,2026-10-02
Standard Liège,Standard,Royal Standard de Liège,81.9000561577,227,5ysazl26p4ksxbonjpbamevpw,2026-10-02
Wrexham,Wrexham,Wrexham FC,81.8567689629,228,al48ooi8acoibema226051250,2026-10-02
Le Mans,Le Mans,Le Mans FC,81.8389651574,229,bqnc4ccgnrp6pb3bktqet0yz8,2026-10-02
Rosenborg,Rosenborg,Rosenborg BK,81.8288413725,230,beev3xu6oz7vc6l4rcxygw4d0,2026-10-02
Tromsø,Tromsø,Tromsø IL,81.7956769837,231,beev3xu6oz7vc6l4rcxygw4d0,2026-10-02
Brann,Brann,SK Brann,81.7764763619,232,beev3xu6oz7vc6l4rcxygw4d0,2026-10-02
Los Angeles,LAFC,Los Angeles FC,81.7239725761,233,6i6n0jkbh9zzij6s8htfjh2j8,2026-10-02
Pafos,Pafos,Pafos FC,81.7223647837,234,9ov525t4gyibnhjsey291aw44,2026-10-02
Nacional Asunción,Nacional,Club Nacional Asunción,81.7113049418,235,ynp3ah4di570mdbqt5a0yuc4,2026-10-02
Atlético Tucumán,Atl. Tucumán,CA Tucumán,81.669760307,236,8v84l9nq3d5t0j4gb781i3llg,2026-10-02
Vitória,Vitória,EC Vitória,81.6599850057,237,752zalnunu0zkdfbbm915kys4,2026-10-02
Al Ahli,Ahli,Al Ahli FC,81.6551937183,238,4vs6oaojacz5bwo1320rkk844,2026-10-02
Deportivo Cali,Cali,Asociación Deportivo Cali,81.6037763354,239,5l22b8pqde1bdxk6377auk3ro,2026-10-02
Rijeka,Rijeka,HNK Rijeka,81.5949364551,240,ddv8l7gdb84ask7lsxf8x9f6c,2026-10-02
Monza,Monza,AC Monza,81.5851608824,241,60cryos85i4bp5ul34tt0brx0,2026-10-02
Dallas,Dallas,FC Dallas,81.5836266025,242,6i6n0jkbh9zzij6s8htfjh2j8,2026-10-02
Angers,Angers,Angers Sporting Club de l'Ouest,81.555484819,243,bqnc4ccgnrp6pb3bktqet0yz8,2026-10-02
Eibar,Eibar,SD Eibar,81.5397738295,244,fgkxmpz2ewao1l63jrbkgg7o,2026-10-02
Atlético Bucaramanga,Bucaramanga,CA Bucaramanga,81.5280149667,245,5l22b8pqde1bdxk6377auk3ro,2026-10-02
Parma,Parma,Parma Calcio 1913,81.5258084285,246,60cryos85i4bp5ul34tt0brx0,2026-10-02
Hapoel Be'er Sheva,H Be'er Sheva,Hapoel Be'er Sheva FC,81.4992739668,247,cbr00ay9uda1ju0ooqvb1ufbo,2026-10-02
Grêmio,Grêmio,Grêmio FB Porto Alegrense,81.4878640678,248,752zalnunu0zkdfbbm915kys4,2026-10-02
Le Havre,Le Havre,Le Havre AC,81.4608683612,249,bqnc4ccgnrp6pb3bktqet0yz8,2026-10-02
Almería,Almería,UD Almería,81.4594717834,250,fgkxmpz2ewao1l63jrbkgg7o,2026-10-02
Arouca,Arouca,FC Arouca,81.4409670588,251,a8xa8yfi2tlljxrwyxcst51xw,2026-10-02
Molde,Molde,Molde FK,81.4322383709,252,beev3xu6oz7vc6l4rcxygw4d0,2026-10-02
West Bromwich Albion,West Brom,West Bromwich Albion FC,81.4249062512,253,al48ooi8acoibema226051250,2026-10-02
Lecce,Lecce,US Lecce,81.4154792107,254,60cryos85i4bp5ul34tt0brx0,2026-10-02
Newell's Old Boys,Newell's,CA Newell's Old Boys,81.386960466,255,8v84l9nq3d5t0j4gb781i3llg,2026-10-02
Jagiellonia Białystok,Jagiellonia,SSA Jagiellonia Białystok,81.3864995827,256,1objvzhwen02wc4i4a1nnux3o,2026-10-02
San Lorenzo,San Lorenzo,CA San Lorenzo de Almagro,81.3782316026,257,8v84l9nq3d5t0j4gb781i3llg,2026-10-02
Junior,Junior,CD Popular Junior FC SA,81.3042097003,258,5l22b8pqde1bdxk6377auk3ro,2026-10-02
Slovan Liberec,Liberec,FC Slovan Liberec,81.2960671663,259,ei2lksxq5fb6mh8yzxqatwnx0,2026-10-02
Viborg,Viborg,Viborg FF,81.2943213368,260,aa2sqzvq68621ok3nca8csrh0,2026-10-02
Tigres UANL,Tigres,Club Tigres UANL,81.2707893288,261,9zum4nxferygj8bb0ldcavxn8,2026-10-02
Chicago Fire,Chicago,Chicago Fire FC,81.2543783317,262,6i6n0jkbh9zzij6s8htfjh2j8,2026-10-02
Sarmiento,Sarmiento,CA Sarmiento,81.2500886206,263,8v84l9nq3d5t0j4gb781i3llg,2026-10-02
Sirius,Sirius,IK Sirius Fotboll,81.2328674131,264,b99u9gpztyjs5u1i88z6qvg9g,2026-10-02
Wisła Kraków,Wisła,Wisła Kraków,81.2304231938,265,1objvzhwen02wc4i4a1nnux3o,2026-10-02
Vissel Kobe,Vissel Kobe,Vissel Kobe,81.2230521133,266,bakisqj15kviwhxxx3wr3rv9w,2026-10-02
Rapid,Rapid,SK Rapid,81.2195987673,267,1ypt1hmmrdjdek7yieatpskyc,2026-10-02
Apollon,Apollon,Apollon Limassol FC,81.217503712,268,9ov525t4gyibnhjsey291aw44,2026-10-02
Djurgården,Djurgården,Djurgårdens IF,81.2059808784,269,b99u9gpztyjs5u1i88z6qvg9g,2026-10-02
Nacional,Nacional,Club Nacional de Football,81.1935221953,270,6bxydtby0dlb8mn1nb1h08iz8,2026-10-02
Pogoń Szczecin,Pogoń,MKS Pogoń Szczecin,81.1759514427,271,1objvzhwen02wc4i4a1nnux3o,2026-10-02
Gil Vicente,Gil Vicente,Gil Vicente FC,81.1721104441,272,a8xa8yfi2tlljxrwyxcst51xw,2026-10-02
Young Africans,Young Africans,Young Africans SC,81.1662811669,273,c5wdltkcr7ti6feuv6ej6kavo,2026-10-02
City Torque,City Torque,Montevideo City Torque,81.1407956244,274,6bxydtby0dlb8mn1nb1h08iz8,2026-10-02
Machida Zelvia,Machida,FC Machida Zelvia,81.1368044251,275,bakisqj15kviwhxxx3wr3rv9w,2026-10-02
AGF,AGF,AGF,81.0938925463,276,aa2sqzvq68621ok3nca8csrh0,2026-10-02
St.Gallen,St.Gallen,FC St.Gallen 1879,81.0603698901,277,cx0b7yl7kqmgay9wn2c3zyjh0,2026-10-02
Platense,Platense,CA Platense,81.0000699542,278,8v84l9nq3d5t0j4gb781i3llg,2026-10-02
Aucas,Aucas,SD Aucas,80.9972763176,279,6fbkqr97shkflapdt7ck1dt78,2026-10-02
Troyes,Troyes,Espérance Sportive Troyes Aube Champagne,80.9838947574,280,bqnc4ccgnrp6pb3bktqet0yz8,2026-10-02
Girona,Girona,Girona FC,80.9486246664,281,fgkxmpz2ewao1l63jrbkgg7o,2026-10-02
Always Ready,Always Ready,Club Always Ready,80.9319742278,282,b8kaz0tks262ypfye6pj6dpuc,2026-10-02
Hertha BSC,Hertha,Hertha BSC,80.9311640529,283,c21j57b4gkcp8rzyp2cn8jbpw,2026-10-02
Beveren,Beveren,SK Beveren,80.8836706062,284,5ysazl26p4ksxbonjpbamevpw,2026-10-02
Burnley,Burnley,Burnley FC,80.8721463337,285,al48ooi8acoibema226051250,2026-10-02
Burgos,Burgos,Burgos CF,80.8714478913,286,fgkxmpz2ewao1l63jrbkgg7o,2026-10-02
Talleres de Córdoba,Talleres,CA Talleres,80.7730774413,287,8v84l9nq3d5t0j4gb781i3llg,2026-10-02
Kashima Antlers,Kashima,Kashima Antlers,80.7676887534,288,bakisqj15kviwhxxx3wr3rv9w,2026-10-02
Orlando Pirates,Pirates,Orlando Pirates FC,80.7645139775,289,3wl91cn4c74oeacldjjpw800k,2026-10-02
Győri ETO,Győr,Győri ETO FC,80.7617901708,290,1qah382h96g7zu8m6op3ftams,2026-10-02
Once Caldas,Once Caldas,Once Caldas SA,80.7573618597,291,5l22b8pqde1bdxk6377auk3ro,2026-10-02
Pachuca,Pachuca,CF Pachuca,80.7361580402,292,9zum4nxferygj8bb0ldcavxn8,2026-10-02
Mallorca,Mallorca,Real Club Deportivo Mallorca,80.708007346,293,fgkxmpz2ewao1l63jrbkgg7o,2026-10-02
Barcelona,Barcelona,Barcelona SC,80.6756393404,294,6fbkqr97shkflapdt7ck1dt78,2026-10-02
Universitatea Craiova,U Craiova,Universitatea Craiova 1948 Club Sportiv,80.638507151,295,zbhxyecp7s7s2dqg00ojrbis,2026-10-02
Coquimbo Unido,Coquimbo,CD Coquimbo Unido,80.6382696598,296,ikhh1wx11krn1uqgykcjof84,2026-10-02
Olimpia,Olimpia,CD Olimpia,80.6303388282,297,bifv7w5gplrvhfvyqle3jf504,2026-10-02
Lincoln City,Lincoln,Lincoln City FC,80.6151071792,298,al48ooi8acoibema226051250,2026-10-02
Charlotte,Charlotte,Charlotte FC,80.6114768119,299,6i6n0jkbh9zzij6s8htfjh2j8,2026-10-02
Deportivo Riestra,Riestra,CD Riestra,80.609281602,300,8v84l9nq3d5t0j4gb781i3llg,2026-10-02
FAR Rabat,FAR Rabat,AS Forces Armées Royales de Rabat,80.6073534807,301,3m3hltejq5dp7tvessefe7pck,2026-10-02
Sheffield United,Sheff Utd,Sheffield United FC,80.6028832315,302,al48ooi8acoibema226051250,2026-10-02
Vitória Guimarães,Vitória SC,Vitória SC Guimarães,80.5878651615,303,a8xa8yfi2tlljxrwyxcst51xw,2026-10-02
Alianza Lima,Alianza Lima,Club Alianza Lima,80.5586390556,304,7z7bio16q91wdq4kywi8wlmok,2026-10-02
Queens Park Rangers,QPR,Queens Park Rangers FC,80.5515420368,305,al48ooi8acoibema226051250,2026-10-02
Universitario,Universitario,Club Universitario de Deportes,80.5034550437,306,7z7bio16q91wdq4kywi8wlmok,2026-10-02
İstanbul Başakşehir,Başakşehir,İstanbul Başakşehir FK,80.4823870222,307,e00dq6lfzgc7vo631cz8ktc0k,2026-10-02
DAC 1904,DAC 1904,DAC 1904 Dunajská Streda,80.4670189965,308,5sqcuu8cql6utpiiunzurorv8,2026-10-02
RSB Berkane,Berkane,Renaissance Sportive de Berkane,80.4246863811,309,3m3hltejq5dp7tvessefe7pck,2026-10-02
Remo,Remo,Clube do Remo,80.4220739958,310,752zalnunu0zkdfbbm915kys4,2026-10-02
CSKA Moskva,CSKA,PFK CSKA Moskva,80.406244568,311,ac9tayo9q3al8a2m6m9pnfrx0,2026-10-02
Tristán Suárez,Tristán Suárez,CSyD Tristán Suárez,80.3934328613,312,cbhbsl8jupde33c7j6vrze32s,2026-10-02
Barracas Central,Barracas,CA Barracas Central,80.3696814418,313,8v84l9nq3d5t0j4gb781i3llg,2026-10-02
GKS Katowice,GKS Katowice,GKS Katowice,80.3576938798,314,1objvzhwen02wc4i4a1nnux3o,2026-10-02
Bristol City,Bristol C,Bristol City FC,80.3496602269,315,al48ooi8acoibema226051250,2026-10-02
Slovan Bratislava,Slovan,ŠK Slovan Bratislava,80.3402293859,316,5sqcuu8cql6utpiiunzurorv8,2026-10-02
Mamelodi Sundowns,Sundowns,Mamelodi Sundowns FC,80.3143116352,317,3wl91cn4c74oeacldjjpw800k,2026-10-02
Seattle Sounders,Sounders,Seattle Sounders FC,80.2911903571,318,6i6n0jkbh9zzij6s8htfjh2j8,2026-10-02
Utrecht,Utrecht,FC Utrecht,80.2822464403,319,56cvval3nf96u0bf9rzs9h6vo,2026-10-02
Antwerp,Antwerp,Royal Antwerp FC,80.2410288752,320,5ysazl26p4ksxbonjpbamevpw,2026-10-02
Borac Banja Luka,Borac BB,FK Borac Banja Luka,80.2340427835,321,4c48j9oq3d0aje3ojkb3mbp5g,2026-10-02
Sportivo Trinidense,Trinidense,Club Sportivo Trinidense,80.2124975608,322,ynp3ah4di570mdbqt5a0yuc4,2026-10-02
Kashiwa Reysol,Kashiwa,Kashiwa Reysol,80.2050118821,323,bakisqj15kviwhxxx3wr3rv9w,2026-10-02
Korona Kielce,Kielce,MKS Korona Kielce,80.2040023793,324,1objvzhwen02wc4i4a1nnux3o,2026-10-02
Varaždin,Varaždin,NK Varaždin,80.134488972,325,ddv8l7gdb84ask7lsxf8x9f6c,2026-10-02
Deportivo Maldonado,Maldonado,CD Maldonado,80.128662338,326,6bxydtby0dlb8mn1nb1h08iz8,2026-10-02
Lommel,Lommel,Lommel SK,80.1229614463,327,5ysazl26p4ksxbonjpbamevpw,2026-10-02
Hradec Králové,Hradec Kr.,FC Hradec Králové,80.087330594,328,ei2lksxq5fb6mh8yzxqatwnx0,2026-10-02
Tokyo,Tokyo,FC Tokyo,80.0345436503,329,bakisqj15kviwhxxx3wr3rv9w,2026-10-02
Jablonec,Jablonec,FK Jablonec,79.996504677,330,ei2lksxq5fb6mh8yzxqatwnx0,2026-10-02
Libertad,Libertad,Club Libertad,79.9260495572,331,ynp3ah4di570mdbqt5a0yuc4,2026-10-02
Académico de Viseu,Académico,Académico de Viseu FC,79.9241910369,332,a8xa8yfi2tlljxrwyxcst51xw,2026-10-02
Brøndby,Brøndby,Brøndby IF,79.9154573711,333,aa2sqzvq68621ok3nca8csrh0,2026-10-02
Portsmouth,Portsmouth,Portsmouth FC,79.9130119395,334,al48ooi8acoibema226051250,2026-10-02
The Strongest,The Strongest,Club The Strongest,79.9057874226,335,b8kaz0tks262ypfye6pj6dpuc,2026-10-02
Monterrey,Monterrey,CF Monterrey,79.8866728898,336,9zum4nxferygj8bb0ldcavxn8,2026-10-02
Liverpool,Liverpool,Liverpool FC Montevideo,79.8729484596,337,6bxydtby0dlb8mn1nb1h08iz8,2026-10-02
Al Ain,Al Ain,Al Ain FC,79.8625642946,338,b6a9x42zsbxzbc2n5t79kdono,2026-10-02
León,León,Club León,79.8601220778,339,9zum4nxferygj8bb0ldcavxn8,2026-10-02
Hannover 96,Hannover,Hannoverscher Sportverein 1896,79.8403466498,340,c21j57b4gkcp8rzyp2cn8jbpw,2026-10-02
Heerenveen,Heerenveen,SC Heerenveen,79.8267216846,341,56cvval3nf96u0bf9rzs9h6vo,2026-10-02
Noah,Noah,FC Noah,79.8218306543,342,847iyp5po72cef4cdwd8c0ems,2026-10-02
Real Oviedo,Oviedo,Real Oviedo,79.810301761,343,fgkxmpz2ewao1l63jrbkgg7o,2026-10-02
Raja Casablanca,Raja,Raja Club Athletic de Casablanca,79.8014976152,344,3m3hltejq5dp7tvessefe7pck,2026-10-02
Alverca,Alverca,FC Alverca,79.8001702676,345,a8xa8yfi2tlljxrwyxcst51xw,2026-10-02
Cercle Brugge,Cercle Brugge,Cercle Brugge KSV,79.7938817349,346,5ysazl26p4ksxbonjpbamevpw,2026-10-02
Palermo,Palermo,Palermo FC,79.7599932717,347,2aad86jp2iq9zr22oxib5a4gk,2026-10-02
Nürnberg,1.FCN,1. FC Nürnberg,79.7537046428,348,c21j57b4gkcp8rzyp2cn8jbpw,2026-10-02
Cincinnati,Cincinnati,FC Cincinnati,79.7532174127,349,6i6n0jkbh9zzij6s8htfjh2j8,2026-10-02
Simba,Simba,Simba Sports Club,79.7380898846,350,c5wdltkcr7ti6feuv6ej6kavo,2026-10-02
Derby County,Derby,Derby County FC,79.7236587638,351,al48ooi8acoibema226051250,2026-10-02
Göztepe,Göztepe,Göztepe SK,79.717370048,352,e00dq6lfzgc7vo631cz8ktc0k,2026-10-02
Club Guaraní,Guaraní,Club Guaraní,79.7136387361,353,ynp3ah4di570mdbqt5a0yuc4,2026-10-02
Venezia,Venezia,Venezia FC,79.6702041993,354,60cryos85i4bp5ul34tt0brx0,2026-10-02
Chapecoense,Chapecoense,Chapecoense AF,79.6538950998,355,752zalnunu0zkdfbbm915kys4,2026-10-02
Banfield,Banfield,CA Banfield,79.6497025128,356,8v84l9nq3d5t0j4gb781i3llg,2026-10-02
Everton,Everton,Everton de Viña del Mar,79.6346790213,357,ikhh1wx11krn1uqgykcjof84,2026-10-02
Blackburn Rovers,Blackburn,Blackburn Rovers FC,79.6296758301,358,al48ooi8acoibema226051250,2026-10-02
NEC,NEC,NEC,79.6233868891,359,56cvval3nf96u0bf9rzs9h6vo,2026-10-02
Sigma Olomouc,Olomouc,SK Sigma Olomouc,79.6115077373,360,ei2lksxq5fb6mh8yzxqatwnx0,2026-10-02
Johor Darul Ta'zim,Darul Ta'zim,Johor Darul Ta'zim FC,79.6072766499,361,6siod2n1m854sihsqbyknyl1w,2026-10-02
Groningen,Groningen,FC Groningen,79.5730748185,362,56cvval3nf96u0bf9rzs9h6vo,2026-10-02
Querétaro,Querétaro,Querétaro FC,79.568394838,363,9zum4nxferygj8bb0ldcavxn8,2026-10-02
Raków Częstochowa,Raków,KS Raków Częstochowa,79.5632918038,364,1objvzhwen02wc4i4a1nnux3o,2026-10-02
Deportivo Madryn,Dep Madryn,Club Social y Deportivo Madryn,79.5630542159,365,cbhbsl8jupde33c7j6vrze32s,2026-10-02
Columbus Crew,Columbus,Columbus Crew,79.5379974399,366,6i6n0jkbh9zzij6s8htfjh2j8,2026-10-02
SJ Earthquakes,Earthquakes,San Jose Earthquakes,79.4848884958,367,6i6n0jkbh9zzij6s8htfjh2j8,2026-10-02
Servette,Servette,Servette FC,79.4832793483,368,cx0b7yl7kqmgay9wn2c3zyjh0,2026-10-02
Melgar,Melgar,FBC Melgar,79.4697643394,369,7z7bio16q91wdq4kywi8wlmok,2026-10-02
Carabobo,Carabobo,Carabobo FC,79.4680173063,370,55wby45j07iiofu0nuiy08xzo,2026-10-02
Las Palmas,Las Palmas,UD Las Palmas,79.4298198826,371,fgkxmpz2ewao1l63jrbkgg7o,2026-10-02
New England,New England,New England Revolution,79.4150066649,372,6i6n0jkbh9zzij6s8htfjh2j8,2026-10-02
Piast Gliwice,Piast,GKS Piast Gliwice,79.4109515751,373,1objvzhwen02wc4i4a1nnux3o,2026-10-02
Central Córdoba SdE,Córdoba SdE,CA Central Córdoba,79.4103645589,374,8v84l9nq3d5t0j4gb781i3llg,2026-10-02
Hapoel Tel Aviv,Hapoel TA,Hapoel Tel Aviv FC,79.3822994405,375,cbr00ay9uda1ju0ooqvb1ufbo,2026-10-02
Pumas UNAM,Pumas,Club Universidad Nacional,79.3538585317,376,9zum4nxferygj8bb0ldcavxn8,2026-10-02
Ludogorets Razgrad,Ludogorets,PFK Ludogorets 1945 Razgrad,79.3501527695,377,3rbiru554kufnw6hrtsv0us5w,2026-10-02
Häcken,Häcken,BK Häcken,79.330235612,378,b99u9gpztyjs5u1i88z6qvg9g,2026-10-02
Wolfsburg,Wolfsburg,VfL Wolfsburg,79.3075228786,379,c21j57b4gkcp8rzyp2cn8jbpw,2026-10-02
Zagłębie Lubin,Zagłębie,KGHM Zagłębie Lubin,79.2708326614,380,1objvzhwen02wc4i4a1nnux3o,2026-10-02
Teplice,Teplice,FK Teplice,79.2673383281,381,ei2lksxq5fb6mh8yzxqatwnx0,2026-10-02
Dynamo Kyiv,Dynamo Kyiv,FC Dynamo Kyiv,79.240082368,382,5vqx2miccjg04lp2pqs1hbmc,2026-10-02
Libertad,Libertad,Libertad Fútbol Club,79.2384470013,383,6fbkqr97shkflapdt7ck1dt78,2026-10-02
O'Higgins,O'Higgins,CD O'Higgins,79.2356515004,384,ikhh1wx11krn1uqgykcjof84,2026-10-02
Águilas Doradas,Águilas D,Águilas Doradas,79.2342537488,385,5l22b8pqde1bdxk6377auk3ro,2026-10-02
Dinamo Bucureşti,Dinamo,FC Dinamo 1948 Bucureşti,79.2306475462,386,zbhxyecp7s7s2dqg00ojrbis,2026-10-02
Tijuana,Tijuana,Club Tijuana Xoloitzcuintles de Caliente,79.1980116751,387,9zum4nxferygj8bb0ldcavxn8,2026-10-02
San Diego,San Diego,San Diego FC,79.1854317024,388,6i6n0jkbh9zzij6s8htfjh2j8,2026-10-02
Samsunspor,Samsunspor,Samsunspor Kulübü,79.1687962031,389,e00dq6lfzgc7vo631cz8ktc0k,2026-10-02
Temperley,Temperley,CA Temperley,79.1580751545,390,cbhbsl8jupde33c7j6vrze32s,2026-10-02
Stoke City,Stoke,Stoke City FC,79.1520227047,391,al48ooi8acoibema226051250,2026-10-02
Saint-Étienne,Saint-Étienne,AS Saint-Étienne,79.1111368501,392,b4rd8q7zjvernie5778azl7v8,2026-10-02
New York City,NYCFC,New York City Football Club,79.1005152985,393,6i6n0jkbh9zzij6s8htfjh2j8,2026-10-02
Zamalek,Zamalek,Zamalek SC,79.0939434027,394,5q5bvm7r1fjy0h427jh93a9lg,2026-10-02
Widzew Łódź,Widzew,RTS Widzew Łódź,79.0922662393,395,1objvzhwen02wc4i4a1nnux3o,2026-10-02
GAIS,GAIS,GAIS,79.0901694963,396,b99u9gpztyjs5u1i88z6qvg9g,2026-10-02
Orlando City,Orlando,Orlando City SC,79.0788489417,397,6i6n0jkbh9zzij6s8htfjh2j8,2026-10-02
Moreirense,Moreirense,Moreirense FC,79.0709492737,398,a8xa8yfi2tlljxrwyxcst51xw,2026-10-02
Wisła Płock,Wisła Płock,Wisła Płock SA,79.0590676106,399,1objvzhwen02wc4i4a1nnux3o,2026-10-02
Luzern,Luzern,FC Luzern,79.0590676106,400,cx0b7yl7kqmgay9wn2c3zyjh0,2026-10-02
Rizespor,Rize,Çaykur Rize SK,79.0457880407,401,e00dq6lfzgc7vo631cz8ktc0k,2026-10-02
Deportivo Morón,Morón,CD Morón,79.0392600588,402,cbhbsl8jupde33c7j6vrze32s,2026-10-02
Ferro Carril Oeste,Ferro,Club Ferro Carril Oeste,79.0088565015,403,cbhbsl8jupde33c7j6vrze32s,2026-10-02
Deportivo Saprissa,Saprissa,Deportivo Saprissa,78.9925311817,404,dys50za4ylhqy94bj8zhmyx3o,2026-10-02
Aris,Aris,Aris Thessaloniki FC,78.9703028819,405,13prgjp0qzce661j00a3jy3o4,2026-10-02
Houston Dynamo,Houston,Houston Dynamo FC,78.9505943943,406,6i6n0jkbh9zzij6s8htfjh2j8,2026-10-02
Aris Limassol,Aris Limassol,Aris FC Limassol,78.9276667778,407,9ov525t4gyibnhjsey291aw44,2026-10-02
Alanyaspor,Alanyaspor,Alanyaspor Kulübü,78.9115906882,408,e00dq6lfzgc7vo631cz8ktc0k,2026-10-02
Mushuc Runa,Mushuc Runa,Mushuc Runa SC,78.9078582253,409,6fbkqr97shkflapdt7ck1dt78,2026-10-02
Osijek,Osijek,NK Osijek,78.8755938658,410,ddv8l7gdb84ask7lsxf8x9f6c,2026-10-02
Municipal,Municipal,CSD Municipal,78.8646218648,411,8hlpnvuhsi69veuw84gyggr9w,2026-10-02
Beitar Jerusalem,Beitar,Beitar Jerusalem FC,78.8602164304,412,cbr00ay9uda1ju0ooqvb1ufbo,2026-10-02
Mechelen,Mechelen,KV Mechelen,78.8577700118,413,5ysazl26p4ksxbonjpbamevpw,2026-10-02
Godoy Cruz,Godoy Cruz,CD Godoy Cruz Antonio Tomba,78.8533384935,414,cbhbsl8jupde33c7j6vrze32s,2026-10-02
Go Ahead Eagles,GAE,Go Ahead Eagles,78.8486832941,415,56cvval3nf96u0bf9rzs9h6vo,2026-10-02
Heart of Midlothian,Hearts,Heart of Midlothian FC,78.8420429802,416,7qmc7ue3f8yzv8yqmsxc9irro,2026-10-02
Deportivo Táchira,Táchira,Deportivo Táchira FC,78.8390093996,417,55wby45j07iiofu0nuiy08xzo,2026-10-02
Heidenheim,Heidenheim,1. FC Heidenheim 1846,78.8374995978,418,c21j57b4gkcp8rzyp2cn8jbpw,2026-10-02
Portland Timbers,Portland,Portland Timbers,78.8366627054,419,6i6n0jkbh9zzij6s8htfjh2j8,2026-10-02
Belouizdad,Belouizdad,CR Belouizdad,78.8234497814,420,ccifwc50hpqpwze0lsw8f8qac,2026-10-02
Zbrojovka Brno,Zbrojovka,FC Zbrojovka Brno,78.7808813959,421,ei2lksxq5fb6mh8yzxqatwnx0,2026-10-02
Bolton Wanderers,Bolton,Bolton Wanderers FC,78.7616588859,422,al48ooi8acoibema226051250,2026-10-02
Cardiff City,Cardiff,Cardiff City FC,78.7497758084,423,al48ooi8acoibema226051250,2026-10-02
MC Alger,MC Alger,MC Alger,78.7231433073,424,ccifwc50hpqpwze0lsw8f8qac,2026-10-02
Sarpsborg 08,Sarpsborg,Sarpsborg 08 FF,78.7211163975,425,beev3xu6oz7vc6l4rcxygw4d0,2026-10-02
Al Ittihad,Ittihad,Al Ittihad Club,78.7104899862,426,4vs6oaojacz5bwo1320rkk844,2026-10-02
Cracovia,Cracovia,MKS Cracovia,78.7092331342,427,1objvzhwen02wc4i4a1nnux3o,2026-10-02
Sporting de Gijón,Gijón,Real Sporting de Gijón,78.7064370644,428,fgkxmpz2ewao1l63jrbkgg7o,2026-10-02
Metropolitanos,Metropolitanos,Metropolitanos FC,78.6981606798,429,55wby45j07iiofu0nuiy08xzo,2026-10-02
OFI,OFI,OFI FC,78.6819713242,430,13prgjp0qzce661j00a3jy3o4,2026-10-02
Shabab Al Ahli,Shabab Al Ahli,Shabab Al Ahli Club,78.6811311163,431,b6a9x42zsbxzbc2n5t79kdono,2026-10-02
Marítimo,Marítimo,CS Marítimo Funchal,78.6522626149,432,a8xa8yfi2tlljxrwyxcst51xw,2026-10-02
Racing,Racing,Racing Club de Montevideo,78.6495783288,433,6bxydtby0dlb8mn1nb1h08iz8,2026-10-02
Polissya,Polissya,Polissya Zhytomyr,78.641427589,434,5vqx2miccjg04lp2pqs1hbmc,2026-10-02
Basel,Basel,FC Basel 1893,78.6190583598,435,cx0b7yl7kqmgay9wn2c3zyjh0,2026-10-02
Baltika,Baltika,FK Baltika Kaliningrad,78.6180097975,436,ac9tayo9q3al8a2m6m9pnfrx0,2026-10-02
Palestino,Palestino,CD Palestino,78.5887617269,437,ikhh1wx11krn1uqgykcjof84,2026-10-02
Minnesota United,Minnesota,Minnesota United FC,78.5465686349,438,6i6n0jkbh9zzij6s8htfjh2j8,2026-10-02
Amed,Amed,Amed SFK,78.5316767053,439,e00dq6lfzgc7vo631cz8ktc0k,2026-10-02
Maghreb Fès,Maghreb Fès,Maghreb AS de Fès,78.498051228,440,3m3hltejq5dp7tvessefe7pck,2026-10-02
Fredrikstad,Fredrikstad,Fredrikstad FK,78.44219483,441,beev3xu6oz7vc6l4rcxygw4d0,2026-10-02
Aldosivi,Aldosivi,CA Aldosivi,78.4409085054,442,8v84l9nq3d5t0j4gb781i3llg,2026-10-02
Emelec,Emelec,CS Emelec,78.4300725938,443,6fbkqr97shkflapdt7ck1dt78,2026-10-02
Kawasaki Frontale,Kawasaki,Kawasaki Frontale,78.4299222889,444,bakisqj15kviwhxxx3wr3rv9w,2026-10-02
Sporting Cristal,Cristal,Club Sporting Cristal SA,78.4297230475,445,7z7bio16q91wdq4kywi8wlmok,2026-10-02
Neftçi,Neftçi,Neftçi PFC Bakı,78.4264652737,446,cjfv1fu1qsr0jyk785saolgd0,2026-10-02
Yokohama F. Marinos,F Marinos,Yokohama F. Marinos,78.392870116,447,bakisqj15kviwhxxx3wr3rv9w,2026-10-02
Leones,Leones,Leones FC,78.3734454766,448,6fbkqr97shkflapdt7ck1dt78,2026-10-02
Llaneros,Llaneros,Club Llaneros SA,78.3514234843,449,5l22b8pqde1bdxk6377auk3ro,2026-10-02
Lillestrøm,Lillestrøm,Lillestrøm SK,78.3509620691,450,beev3xu6oz7vc6l4rcxygw4d0,2026-10-02
Sabadell,Sabadell,CE Sabadell FC,78.3488647263,451,fgkxmpz2ewao1l63jrbkgg7o,2026-10-02
Gimnasia Jujuy,Gimn Jujuy,CA Gimnasia y Esgrima de Jujuy,78.334295138,452,cbhbsl8jupde33c7j6vrze32s,2026-10-02
Sportivo Ameliano,Ameliano,Club Sportivo Ameliano,78.328352624,453,ynp3ah4di570mdbqt5a0yuc4,2026-10-02
Reims,Reims,Stade de Reims,78.3076166381,454,b4rd8q7zjvernie5778azl7v8,2026-10-02
Audax Italiano,Audax,Audax Italiano La Florida,78.303883304,455,ikhh1wx11krn1uqgykcjof84,2026-10-02
ES Tunis,Tunis,Espérance Sportive de Tunis,78.2949622015,456,2cdwuc8jbyg41icy3ah21d2c4,2026-10-02
Śląsk Wrocław,Śląsk,WKS Śląsk Wrocław,78.2946827796,457,1objvzhwen02wc4i4a1nnux3o,2026-10-02
Alajuelense,Alajuelense,LD Alajuelense,78.2879031043,458,dys50za4ylhqy94bj8zhmyx3o,2026-10-02
LA Galaxy,Galaxy,Los Angeles Galaxy,78.2798630843,459,6i6n0jkbh9zzij6s8htfjh2j8,2026-10-02
Charlton Athletic,Charlton,Charlton Athletic FC,78.2740583845,460,al48ooi8acoibema226051250,2026-10-02
Mladá Boleslav,Ml. Boleslav,FK Mladá Boleslav,78.2534338242,461,ei2lksxq5fb6mh8yzxqatwnx0,2026-10-02
Elfsborg,Elfsborg,IF Elfsborg,78.2258176289,462,b99u9gpztyjs5u1i88z6qvg9g,2026-10-02
APOEL,APOEL,APOEL FC,78.1968028261,463,9ov525t4gyibnhjsey291aw44,2026-10-02
Seoul,Seoul,FC Seoul,78.1960652166,464,aclvhp7yp4w85gpqw5yyt1xqs,2026-10-02
Riga,Riga,Riga FC,78.1919087307,465,d1tk0recez2ejvsidutwviwwk,2026-10-02
Gimnasia y Tiro,Gimnasia Tiro,Club de Gimnasia y Tiro de Salta,78.1787365764,466,cbhbsl8jupde33c7j6vrze32s,2026-10-02
Puskás,Puskás,Puskás Akadémia FC,78.1772263888,467,1qah382h96g7zu8m6op3ftams,2026-10-02
CSKA Sofia,CSKA,PFK CSKA Sofia,78.1677876961,468,3rbiru554kufnw6hrtsv0us5w,2026-10-02
Villarreal II,Villarreal II,Villarreal CF II,78.1468126996,469,c1yslf7aazs430di8dpm8yvx0,2026-10-02
Excelsior,Excelsior,Excelsior Rotterdam,78.1377234813,470,56cvval3nf96u0bf9rzs9h6vo,2026-10-02
Cienciano,Cienciano,Club Cienciano,78.1249006371,471,7z7bio16q91wdq4kywi8wlmok,2026-10-02
Deportes Concepción,Concepción,CD Concepción,78.1133642178,472,ikhh1wx11krn1uqgykcjof84,2026-10-02
Estrela,Estrela,Club Foot Estrela,78.1115044023,473,a8xa8yfi2tlljxrwyxcst51xw,2026-10-02
Deportivo Garcilaso,Deportivo G.,Club Deportivo Garcilaso,78.1081203737,474,7z7bio16q91wdq4kywi8wlmok,2026-10-02
Austria Wien,Austria,FK Austria Wien,78.1055613739,475,1ypt1hmmrdjdek7yieatpskyc,2026-10-02
Colorado Rapids,Colorado,Colorado Rapids,78.0973828349,476,6i6n0jkbh9zzij6s8htfjh2j8,2026-10-02
Deportes Limache,Limache,CD Limache,78.0626732766,477,ikhh1wx11krn1uqgykcjof84,2026-10-02
Maccabi Haifa,M Haifa,Maccabi Haifa FC,78.0328455602,478,cbr00ay9uda1ju0ooqvb1ufbo,2026-10-02
Plymouth Argyle,Plymouth,Plymouth Argyle FC,78.0272519508,479,b7amy99ea2lpnx81o6q94pst0,2026-10-02
Stockport County,Stockport,Stockport County FC,78.0230567358,480,b7amy99ea2lpnx81o6q94pst0,2026-10-02
Konyaspor,Konyaspor,Konyaspor Kulübü,78.0080238256,481,e00dq6lfzgc7vo631cz8ktc0k,2026-10-02
Sandefjord,Sandefjord,Sandefjord Fotball,77.9996333258,482,beev3xu6oz7vc6l4rcxygw4d0,2026-10-02
Atlético San Luis,San Luis,Atlético de San Luis,77.9893568135,483,9zum4nxferygj8bb0ldcavxn8,2026-10-02
Kortrijk,Kortrijk,KV Kortrijk,77.9800553862,484,5ysazl26p4ksxbonjpbamevpw,2026-10-02
Estudiantes Caseros,Est Caseros,CA Estudiantes de Caseros,77.9791184382,485,cbhbsl8jupde33c7j6vrze32s,2026-10-02
Deportivo Cuenca,Dep. Cuenca,CD Cuenca,77.9612883925,486,6fbkqr97shkflapdt7ck1dt78,2026-10-02
Bohemians 1905,Bohemians,Bohemians Praha 1905,77.9552331409,487,ei2lksxq5fb6mh8yzxqatwnx0,2026-10-02
Academia Puerto Cabello,Puerto Cabello,Academia Puerto Cabello,77.9487024032,488,55wby45j07iiofu0nuiy08xzo,2026-10-02
Universitatea Cluj,U Cluj,FC Universitatea Cluj,77.942647122,489,zbhxyecp7s7s2dqg00ojrbis,2026-10-02
Kaiserslautern,1.FCK,1. FC Kaiserslautern,77.9160764346,490,c21j57b4gkcp8rzyp2cn8jbpw,2026-10-02
Motor Lublin,Motor,Motor Lublin SA,77.8825130674,491,1objvzhwen02wc4i4a1nnux3o,2026-10-02
Cartaginés,Cartaginés,CS Cartaginés,77.8725857079,492,dys50za4ylhqy94bj8zhmyx3o,2026-10-02
OB,OB,Odense BK,77.8681785787,493,aa2sqzvq68621ok3nca8csrh0,2026-10-02
Lokomotiv Moskva,Lokomotiv M,FK Lokomotiv Moskva,77.8646823498,494,ac9tayo9q3al8a2m6m9pnfrx0,2026-10-02
Juventud,Juventud,CA Juventud de Las Piedras,77.8609483721,495,6bxydtby0dlb8mn1nb1h08iz8,2026-10-02
Guayaquil City,Guayaquil City,Guayaquil City FC,77.8522077661,496,6fbkqr97shkflapdt7ck1dt78,2026-10-02
Thun,Thun,FC Thun,77.8475507591,497,cx0b7yl7kqmgay9wn2c3zyjh0,2026-10-02
Petro de Luanda,Petro Luanda,Atlético Petróleos Luanda,77.8369941166,498,ofi6heevfqlhgto3devky0b8,2026-10-02
Kasımpaşa,Kasımpaşa,Kasımpaşa SK,77.8304190538,499,e00dq6lfzgc7vo631cz8ktc0k,2026-10-02
Spartak Trnava,Spartak,FC Spartak Trnava,77.826573145,500,5sqcuu8cql6utpiiunzurorv8,2026-10-02
Estoril,Estoril,GD Estoril Praia,77.8188813102,501,a8xa8yfi2tlljxrwyxcst51xw,2026-10-02
Kocaelispor,Kocaelispor,Kocaelispor Kulübü,77.813636864,502,e00dq6lfzgc7vo631cz8ktc0k,2026-10-02
Inter Bogotá,Inter Bogotá,Internacional de Bogotá,77.7917219555,503,5l22b8pqde1bdxk6377auk3ro,2026-10-02
Celje,Celje,NK Celje,77.7758765347,504,8pj9wygfe1cepoagkwe0x785w,2026-10-02
Austin,Austin,Austin FC,77.7551100036,505,6i6n0jkbh9zzij6s8htfjh2j8,2026-10-02
Real Salt Lake,Salt Lake,Real Salt Lake,77.7540610891,506,6i6n0jkbh9zzij6s8htfjh2j8,2026-10-02
Tractor,Tractor,Tractor FC,77.7439182934,507,1p2kviatzyprl6bv4j6zs9ams,2026-10-02
Alianza Atlético,Alianza Atl.,Club Alianza Atlético Sullana,77.7196965243,508,7z7bio16q91wdq4kywi8wlmok,2026-10-02
Malmö FF,Malmö,Malmö FF,77.7143399889,509,b99u9gpztyjs5u1i88z6qvg9g,2026-10-02
Atlas,Atlas,Atlas FC,77.6876289604,510,9zum4nxferygj8bb0ldcavxn8,2026-10-02
Zrinjski,Zrinjski,HŠK Zrinjski Mostar,77.6769278422,511,4c48j9oq3d0aje3ojkb3mbp5g,2026-10-02
Watford,Watford,Watford FC,77.6730817026,512,al48ooi8acoibema226051250,2026-10-02
Silkeborg,Silkeborg,Silkeborg IF,77.6618929,513,aa2sqzvq68621ok3nca8csrh0,2026-10-02
Žilina,Žilina,MŠK Žilina,77.6590956917,514,5sqcuu8cql6utpiiunzurorv8,2026-10-02
San Martín San Juan,San Martín SJ,CA San Martín de San Juan,77.6574593234,515,cbhbsl8jupde33c7j6vrze32s,2026-10-02
Urawa Reds,Urawa,Urawa Red Diamonds,77.6440221827,516,bakisqj15kviwhxxx3wr3rv9w,2026-10-02
Bochum,Bochum,VfL Bochum 1848,77.6332213696,517,c21j57b4gkcp8rzyp2cn8jbpw,2026-10-02
Magdeburg,Magdeburg,1. FC Magdeburg,77.6139902846,518,c21j57b4gkcp8rzyp2cn8jbpw,2026-10-02
Deportivo Pasto,Pasto,AD Pasto,77.5962695858,519,5l22b8pqde1bdxk6377auk3ro,2026-10-02
Rio Ave,Rio Ave,Rio Ave FC,77.5818216005,520,a8xa8yfi2tlljxrwyxcst51xw,2026-10-02
OH Leuven,OHL,Oud-Heverlee Leuven,77.5814719387,521,5ysazl26p4ksxbonjpbamevpw,2026-10-02
Granada,Granada,Granada CF,77.5674854259,522,fgkxmpz2ewao1l63jrbkgg7o,2026-10-02
Rapid Bucureşti,Rapid,FC Rapid 1923,77.5391625026,523,zbhxyecp7s7s2dqg00ojrbis,2026-10-02
Inter Turku,Inter Turku,FC Inter Turku,77.5335678139,524,32gy6t29t9240sgu7l11j9nh0,2026-10-02
Horsens,Horsens,AC Horsens,77.520280379,525,aa2sqzvq68621ok3nca8csrh0,2026-10-02
Cusco,Cusco,Cusco FC,77.4661928109,526,7z7bio16q91wdq4kywi8wlmok,2026-10-02
Real España,Real España,Real CD España,77.4568535927,527,bifv7w5gplrvhfvyqle3jf504,2026-10-02
Tenerife,Tenerife,CD Tenerife,77.4360084555,528,fgkxmpz2ewao1l63jrbkgg7o,2026-10-02
Ñublense,Ñublense,CD Ñublense,77.4263292445,529,ikhh1wx11krn1uqgykcjof84,2026-10-02
IFK Göteborg,IFK Göteborg,IFK Göteborg,77.424119246,530,b99u9gpztyjs5u1i88z6qvg9g,2026-10-02
Radomiak Radom,Radomiak,RKS Radomiak Radom,77.4223708282,531,1objvzhwen02wc4i4a1nnux3o,2026-10-02
Wieczysta Kraków,Wieczysta,KS Wieczysta Kraków,77.4073343852,532,1objvzhwen02wc4i4a1nnux3o,2026-10-02
Preston North End,Preston,Preston North End FC,77.3999909738,533,al48ooi8acoibema226051250,2026-10-02
Randers,Randers,Randers FC,77.3915984777,534,aa2sqzvq68621ok3nca8csrh0,2026-10-02
Víkingur Reykjavík,Víkingur R,Víkingur Reykjavík,77.3884512845,535,eeeacj91qdk6pru5zwwobaiac,2026-10-02
Modena,Modena,Modena FC 2018,77.3818071973,536,2aad86jp2iq9zr22oxib5a4gk,2026-10-02
Çorum,Çorum,Çorum FK,77.3758624729,537,e00dq6lfzgc7vo631cz8ktc0k,2026-10-02
St. Pauli,St. Pauli,FC St. Pauli,77.3681692796,538,c21j57b4gkcp8rzyp2cn8jbpw,2026-10-02
Atlante,Atlante,Atlante FC,77.3641846854,539,9zum4nxferygj8bb0ldcavxn8,2026-10-02
Deportivo Maipú,Maipú,CD Maipú,77.351845645,540,cbhbsl8jupde33c7j6vrze32s,2026-10-02
FC Andorra,FC Andorra,FC Andorra,77.33984414,541,fgkxmpz2ewao1l63jrbkgg7o,2026-10-02
Paks,Paks,Paksi FC,77.3300526603,542,1qah382h96g7zu8m6op3ftams,2026-10-02
Leganés,Leganés,CD Leganés,77.3297029639,543,fgkxmpz2ewao1l63jrbkgg7o,2026-10-02
Huddersfield Town,Huddersfield,Huddersfield Town FC,77.3272550878,544,b7amy99ea2lpnx81o6q94pst0,2026-10-02
RAAL La Louvière,La Louvière,RAAL La Louvière,77.3230587232,545,5ysazl26p4ksxbonjpbamevpw,2026-10-02
Estudiantes Río Cuarto,Estudiantes RC,AA Estudiantes de Río Cuarto,77.2976425937,546,8v84l9nq3d5t0j4gb781i3llg,2026-10-02
Rubin Kazan,Rubin,FK Rubin Kazan,77.2975306895,547,ac9tayo9q3al8a2m6m9pnfrx0,2026-10-02
KFUM,KFUM,KFUM Fotball,77.2964815867,548,beev3xu6oz7vc6l4rcxygw4d0,2026-10-02
Ararat-Armenia,Ararat-Armenia,Ararat-Armenia FC,77.2870396424,549,847iyp5po72cef4cdwd8c0ems,2026-10-02
Luton Town,Luton,Luton Town FC,77.2863402377,550,b7amy99ea2lpnx81o6q94pst0,2026-10-02
Atlanta,Atlanta,CA Atlanta,77.2857527376,551,cbhbsl8jupde33c7j6vrze32s,2026-10-02
Albacete,Albacete,Albacete Balompié,77.2817941026,552,fgkxmpz2ewao1l63jrbkgg7o,2026-10-02
Cerezo Osaka,Cerezo,Cerezo Osaka,77.2660189507,553,bakisqj15kviwhxxx3wr3rv9w,2026-10-02
Ceramica Cleopatra,Ceramica Cleo,Ceramica Cleopatra FC,77.2425568916,554,5q5bvm7r1fjy0h427jh93a9lg,2026-10-02
Córdoba,Córdoba,Córdoba FC,77.2398293944,555,fgkxmpz2ewao1l63jrbkgg7o,2026-10-02
Orense,Orense,Orense SC,77.2311985668,556,6fbkqr97shkflapdt7ck1dt78,2026-10-02
Vålerenga,Vålerenga,Vålerenga Fotball,77.2003119936,557,beev3xu6oz7vc6l4rcxygw4d0,2026-10-02
CSKA 1948 Sofia,CSKA 1948,FK CSKA 1948 Sofia,77.1999622793,558,3rbiru554kufnw6hrtsv0us5w,2026-10-02
Oxford United,Oxford U,Oxford United FC,77.180727921,559,b7amy99ea2lpnx81o6q94pst0,2026-10-02
2 de Mayo,2 de Mayo,Club 2 de Mayo,77.1563595281,560,ynp3ah4di570mdbqt5a0yuc4,2026-10-02
Nacional,Nacional,CD Nacional,77.1384118193,561,a8xa8yfi2tlljxrwyxcst51xw,2026-10-02
San Martín Tucumán,SM Tucumán,CA San Martín de Tucumán,77.1346767774,562,cbhbsl8jupde33c7j6vrze32s,2026-10-02
Kairat,Kairat,FK Kairat Almaty,77.1300184591,563,5dlquxczyamt372efk9kgws2c,2026-10-02
Red Star,Red Star,Red Star FC,77.119876445,564,b4rd8q7zjvernie5778azl7v8,2026-10-02
Delfín,Delfín,Delfín SC,77.0976058388,565,6fbkqr97shkflapdt7ck1dt78,2026-10-02
Casa Pia,Casa Pia,Casa Pia AC,77.0425859706,566,a8xa8yfi2tlljxrwyxcst51xw,2026-10-02
Jeonbuk Motors,Jeonbuk Motors,Jeonbuk Hyundai Motors FC,77.0282082833,567,aclvhp7yp4w85gpqw5yyt1xqs,2026-10-02
Zira,Zira,Zira IK,77.0167053752,568,cjfv1fu1qsr0jyk785saolgd0,2026-10-02
Alianza,Alianza,Alianza FC,77.0056256016,569,5l22b8pqde1bdxk6377auk3ro,2026-10-02
Lyngby,Lyngby,Lyngby BK,76.9985188526,570,aa2sqzvq68621ok3nca8csrh0,2026-10-02
Gaziantep,Gaziantep,Gaziantep FK,76.9957209145,571,e00dq6lfzgc7vo631cz8ktc0k,2026-10-02
Fortaleza,Fortaleza,Fortaleza FC,76.9678532817,572,5l22b8pqde1bdxk6377auk3ro,2026-10-02
AIK,AIK,AIK Fotboll,76.9492047396,573,b99u9gpztyjs5u1i88z6qvg9g,2026-10-02
Midland,Midland,CA Ferrocarril Midland,76.9087454642,574,cbhbsl8jupde33c7j6vrze32s,2026-10-02
New York RB,New York,New York Red Bulls,76.8896087145,575,6i6n0jkbh9zzij6s8htfjh2j8,2026-10-02
Toronto,Toronto,Toronto FC,76.8892589573,576,6i6n0jkbh9zzij6s8htfjh2j8,2026-10-02
Bradford City,Bradford,Bradford City AFC,76.871209534,577,b7amy99ea2lpnx81o6q94pst0,2026-10-02
Wanderers,Wanderers,Montevideo Wanderers FC,76.8569812701,578,6bxydtby0dlb8mn1nb1h08iz8,2026-10-02
Hartberg,Hartberg,TSV Hartberg,76.850223866,579,1ypt1hmmrdjdek7yieatpskyc,2026-10-02
Montpellier,Montpellier,Montpellier HSC,76.8495243407,580,b4rd8q7zjvernie5778azl7v8,2026-10-02
Levadiakos,Levadiakos,Levadiakos FC,76.8414797862,581,13prgjp0qzce661j00a3jy3o4,2026-10-02
Koper,Koper,FC Koper,76.8155971325,582,8pj9wygfe1cepoagkwe0x785w,2026-10-02
Real Sociedad II,Sociedad II,Real Sociedad de Fútbol,76.8051040892,583,fgkxmpz2ewao1l63jrbkgg7o,2026-10-02
Västerås,Västerås,Västerås SK Fotboll,76.795660313,584,b99u9gpztyjs5u1i88z6qvg9g,2026-10-02
Vojvodina,Vojvodina,FK Vojvodina Novi Sad,76.7606830562,585,akqbhzm3iofv030i63sb5js44,2026-10-02
TP Mazembe,Mazembe,Tout Puissant Mazembe,76.7518707802,586,ehmma83pqd17k7x6if20hmrkk,2026-10-02
Pardubice,Pardubice,FK Pardubice,76.727454213,587,ei2lksxq5fb6mh8yzxqatwnx0,2026-10-02
Real Valladolid,Valladolid,Real Valladolid CF,76.726404874,588,fgkxmpz2ewao1l63jrbkgg7o,2026-10-02
Motagua,Motagua,FC Motagua,76.7252198101,589,bifv7w5gplrvhfvyqle3jf504,2026-10-02
Marathón,Marathón,CD Marathón,76.7028337965,590,bifv7w5gplrvhfvyqle3jf504,2026-10-02
Energie Cottbus,Cottbus,FC Energie Cottbus,76.6921262258,591,c21j57b4gkcp8rzyp2cn8jbpw,2026-10-02
Ried,Ried,SV Ried,76.67463694,592,1ypt1hmmrdjdek7yieatpskyc,2026-10-02
Esteghlal,Esteghlal,Esteghlal FC,76.6661007449,593,1p2kviatzyprl6bv4j6zs9ams,2026-10-02
Atlanta United,Atlanta United,Atlanta United FC,76.6521124495,594,6i6n0jkbh9zzij6s8htfjh2j8,2026-10-02
Újpest,Újpest,Újpest FC,76.6466538303,595,1qah382h96g7zu8m6op3ftams,2026-10-02
Vasas,Vasas,Budapesti Vasas SC,76.6260160876,596,1qah382h96g7zu8m6op3ftams,2026-10-02
Fortuna Sittard,Fortuna,Fortuna Sittard,76.6232177366,597,56cvval3nf96u0bf9rzs9h6vo,2026-10-02
Gençlerbirliği,Gençlerbirliği,Gençlerbirliği SK,76.620769177,598,e00dq6lfzgc7vo631cz8ktc0k,2026-10-02
Erzurumspor,Erzurumspor,Erzurumspor FK,76.6057279724,599,e00dq6lfzgc7vo631cz8ktc0k,2026-10-02
Fagiano Okayama,Fagiano,Fagiano Okayama,76.5888992066,600,bakisqj15kviwhxxx3wr3rv9w,2026-10-02
Hellas Verona,Verona,Hellas Verona FC,76.585789493,601,2aad86jp2iq9zr22oxib5a4gk,2026-10-02
Colegiales,Colegiales,CA Colegiales,76.5792552341,602,cbhbsl8jupde33c7j6vrze32s,2026-10-02
Sparta Rotterdam,Sparta,Sparta Rotterdam,76.571447682,603,56cvval3nf96u0bf9rzs9h6vo,2026-10-02
Rostov,Rostov,FK Rostov,76.5696986751,604,ac9tayo9q3al8a2m6m9pnfrx0,2026-10-02
Egnatia Rrogozhinë,Egnatia,KS Egnatia Rrogozhinë,76.5606038194,605,bd2cao9ydrq06v5uu7x4ytiqc,2026-10-02
Kuwait SC,Kuwait,Kuwait SC,76.5380750404,606,evaw3m63xloe8o87vqybzjsic,2026-10-02
Nacional Potosí,Nacional,CA Nacional Potosí,76.5110432745,607,b8kaz0tks262ypfye6pj6dpuc,2026-10-02
Leicester City,Leicester,Leicester City FC,76.5074332362,608,b7amy99ea2lpnx81o6q94pst0,2026-10-02
Maribor,Maribor,NK Maribor,76.5035853214,609,8pj9wygfe1cepoagkwe0x785w,2026-10-02
CFR Cluj,CFR,SCS CFR 1907 Cluj,76.5004370231,610,zbhxyecp7s7s2dqg00ojrbis,2026-10-02
Lokomotiva Zagreb,Lokomotiva,NK Lokomotiva Zagreb,76.4972887208,611,ddv8l7gdb84ask7lsxf8x9f6c,2026-10-02
Novorizontino,Novorizontino,Grêmio Novorizontino,76.4788605793,612,7pt8trpd4rbju1v568nuskdn8,2026-10-02
Sport Huancayo,Huancayo,Club Sport Huancayo,76.4722141018,613,7z7bio16q91wdq4kywi8wlmok,2026-10-02
Daejeon Hana Citizen,Daejeon,Daejeon Hana Citizen FC,76.4552725009,614,aclvhp7yp4w85gpqw5yyt1xqs,2026-10-02
Deportivo La Guaira,La Guaira,Deportivo La Guaira FC,76.4543734699,615,55wby45j07iiofu0nuiy08xzo,2026-10-02
Grazer AK,GAK,Grazer AK 1902,76.4525124398,616,1ypt1hmmrdjdek7yieatpskyc,2026-10-02
Arminia Bielefeld,Bielefeld,DSC Arminia Bielefeld,76.4497138958,617,c21j57b4gkcp8rzyp2cn8jbpw,2026-10-02
Al Wasl,Al Wasl,Al Wasl Club,76.4401274791,618,b6a9x42zsbxzbc2n5t79kdono,2026-10-02
Colón,Colón,CA Colón,76.4211405825,619,cbhbsl8jupde33c7j6vrze32s,2026-10-02
Istra 1961,Istra,NK Istra 1961,76.4094844803,620,ddv8l7gdb84ask7lsxf8x9f6c,2026-10-02
Sønderjyske,Sønderjyske,Sønderjyske Fodbold,76.3926928815,621,aa2sqzvq68621ok3nca8csrh0,2026-10-02
Holstein Kiel,Holstein,Kieler SV Holstein 1900,76.3797492807,622,c21j57b4gkcp8rzyp2cn8jbpw,2026-10-02
Persepolis,Persepolis,Persepolis FC,76.3701625968,623,1p2kviatzyprl6bv4j6zs9ams,2026-10-02
Al Seeb,Seeb,Al Seeb Club,76.3554697238,624,cbdqxkajw3jvb9nqzpbraim1g,2026-10-02
HamKam,HamKam,Hamarkameratene Fotball,76.3528123839,625,beev3xu6oz7vc6l4rcxygw4d0,2026-10-02
Boyacá Chicó,Boyacá Chicó,Boyacá Chicó FC,76.3469771843,626,5l22b8pqde1bdxk6377auk3ro,2026-10-02
Reading,Reading,Reading FC,76.3437167431,627,b7amy99ea2lpnx81o6q94pst0,2026-10-02
Al Ahli Tripoli,Ahli Tripoli,Al Ahli Tripoli,76.3418996806,628,68kgxuk3dkg7p955ifkisgc9g,2026-10-02
Cúcuta Deportivo,Cúcuta,Cúcuta Deportivo FC,76.3186405901,629,5l22b8pqde1bdxk6377auk3ro,2026-10-02
Kabylie,Kabylie,JS Kabylie,76.3156597516,630,ccifwc50hpqpwze0lsw8f8qac,2026-10-02
DC United,DC United,DC United,76.2949514409,631,6i6n0jkbh9zzij6s8htfjh2j8,2026-10-02
Al Sadd,Sadd,Al Sadd SC,76.2883012079,632,b0n3k3rsxrgrfimue4kkxqmms,2026-10-02
Telstar,Telstar,Telstar 1963,76.2719999577,633,56cvval3nf96u0bf9rzs9h6vo,2026-10-02
Celta de Vigo II,Celta Vigo II,Real Club Celta Fortuna,76.2660526199,634,fgkxmpz2ewao1l63jrbkgg7o,2026-10-02
Juárez,Juárez,FC Juárez,76.2442241596,635,9zum4nxferygj8bb0ldcavxn8,2026-10-02
Catanzaro,Catanzaro,US Catanzaro 1929,76.2419132805,636,2aad86jp2iq9zr22oxib5a4gk,2026-10-02
Gamba Osaka,Gamba,Gamba Osaka,76.226831323,637,bakisqj15kviwhxxx3wr3rv9w,2026-10-02
Cremonese,Cremonese,US Cremonese,76.2212722116,638,2aad86jp2iq9zr22oxib5a4gk,2026-10-02
Aalesund,Aalesund,Aalesunds FK,76.2149749025,639,beev3xu6oz7vc6l4rcxygw4d0,2026-10-02
Almirante Brown,Almirante,Club Almirante Brown,76.2073901225,640,cbhbsl8jupde33c7j6vrze32s,2026-10-02
Mantova,Mantova,Mantova 1911,76.1918846335,641,2aad86jp2iq9zr22oxib5a4gk,2026-10-02
La Serena,La Serena,CD La Serena,76.1776525252,642,ikhh1wx11krn1uqgykcjof84,2026-10-02
Eldense,Eldense,CD Eldense,76.1768408588,643,fgkxmpz2ewao1l63jrbkgg7o,2026-10-02
Sheffield Wednesday,Sheff Wed,Sheffield Wednesday FC,76.1764910025,644,b7amy99ea2lpnx81o6q94pst0,2026-10-02
Akhmat Grozny,Akhmat,FK Akhmat Grozny,76.1733422935,645,ac9tayo9q3al8a2m6m9pnfrx0,2026-10-02
Huachipato,Huachipato,CD Huachipato,76.1731043909,646,ikhh1wx11krn1uqgykcjof84,2026-10-02
Darmstadt 98,Darmstadt,SV Darmstadt 1898,76.1575986895,647,c21j57b4gkcp8rzyp2cn8jbpw,2026-10-02
Chaco For Ever,Chaco,CA Chaco For Ever,76.1391680512,648,cbhbsl8jupde33c7j6vrze32s,2026-10-02
Mjällby,Mjällby,Mjällby AIF,76.1033699616,649,b99u9gpztyjs5u1i88z6qvg9g,2026-10-02
Necaxa,Necaxa,Club Necaxa,76.0871379895,650,9zum4nxferygj8bb0ldcavxn8,2026-10-02
Osnabrück,Osnabrück,VfL Osnabrück,76.0736311275,651,c21j57b4gkcp8rzyp2cn8jbpw,2026-10-02
Deportes Antofagasta,Antofagasta,CD Antofagasta,76.0607978366,652,3mlz1os528syxdg3qpkz4ljis,2026-10-02
Cerro Largo,Cerro Largo,Cerro Largo FC,76.053450503,653,6bxydtby0dlb8mn1nb1h08iz8,2026-10-02
Wycombe Wanderers,Wycombe,Wycombe Wanderers FC,76.051589175,654,b7amy99ea2lpnx81o6q94pst0,2026-10-02
RFS,RFS,FC RFS,76.0333956709,655,d1tk0recez2ejvsidutwviwwk,2026-10-02
Krylya Sovetov,Krylya,PFK Krylya Sovetov Samara,76.0319961651,656,ac9tayo9q3al8a2m6m9pnfrx0,2026-10-02
Metz,Metz,FC Metz,76.0319961651,657,b4rd8q7zjvernie5778azl7v8,2026-10-02
Pisa,Pisa,Pisa Sporting Club,76.0208000904,658,2aad86jp2iq9zr22oxib5a4gk,2026-10-02
Annecy,Annecy,FC Annecy,76.0008569581,659,b4rd8q7zjvernie5778azl7v8,2026-10-02
Kyoto Sanga,Kyoto,Kyoto Sanga FC,75.9857735463,660,bakisqj15kviwhxxx3wr3rv9w,2026-10-02
Real Potosí,Real Potosí,Club Real Potosí,75.9698293258,661,b8kaz0tks262ypfye6pj6dpuc,2026-10-02
UCV,UCV,Universidad Central de Venezuela FC,75.9649309273,662,55wby45j07iiofu0nuiy08xzo,2026-10-02
MSV Duisburg,Duisburg,MSV Duisburg,75.9361281496,663,58t4zseno2tp4253w3dm5i80k,2026-10-02
Cobreloa,Cobreloa,CD Cobreloa,75.9250436101,664,3mlz1os528syxdg3qpkz4ljis,2026-10-02
Stevenage,Stevenage,Stevenage FC,75.9242318616,665,b7amy99ea2lpnx81o6q94pst0,2026-10-02
Atlético Madrileño,Atlético,Atlético Madrileño,75.9203830504,666,c1yslf7aazs430di8dpm8yvx0,2026-10-02
Dender,Dender,FCV Dender EH,75.9077868994,667,83p55gs5rtqe8vjqg5t6me39w,2026-10-02
Ordabasy,Ordabasy,FK Ordabasy Shymkent,75.8699980645,668,5dlquxczyamt372efk9kgws2c,2026-10-02
Dinamo Minsk,Dinamo Minsk,FK Dinamo Minsk,75.8692982658,669,2tml5a5shxx16bkg25p0hh8gk,2026-10-02
Nantes,Nantes,FC Nantes,75.8661491695,670,b4rd8q7zjvernie5778azl7v8,2026-10-02
Al Shorta,Shorta,Al Shorta,75.8453659539,671,1ua3sfkjt1blxmm5vtgqwavis,2026-10-02
Baník Ostrava,Ostrava,FC Baník Ostrava,75.8395566418,672,ei2lksxq5fb6mh8yzxqatwnx0,2026-10-02
Aurora,Aurora,Club Deportivo Aurora,75.8284716727,673,b8kaz0tks262ypfye6pj6dpuc,2026-10-02
USM Alger,USM Alger,USM Alger,75.8139433403,674,ccifwc50hpqpwze0lsw8f8qac,2026-10-02
Debrecen,Debrecen,Debreceni VSC,75.8000172269,675,1qah382h96g7zu8m6op3ftams,2026-10-02
Atromitos,Atromitos,PAE APS Atromitos Athens,75.7958183141,676,13prgjp0qzce661j00a3jy3o4,2026-10-02
Dynamo Dresden,Dresden,SG Dynamo Dresden,75.7958183141,677,c21j57b4gkcp8rzyp2cn8jbpw,2026-10-02
Pyunik,Pyunik,Pyunik FC,75.7919693045,678,847iyp5po72cef4cdwd8c0ems,2026-10-02
Defensor Sporting,Defensor,Defensor Sporting Club,75.789631903,679,6bxydtby0dlb8mn1nb1h08iz8,2026-10-02
Mansfield Town,Mansfield,Mansfield Town FC,75.7895199316,680,b7amy99ea2lpnx81o6q94pst0,2026-10-02
Montréal,Montréal,Club de Foot Montréal,75.7876323028,681,6i6n0jkbh9zzij6s8htfjh2j8,2026-10-02
Agropecuario,Agropecuario,Club Agropecuario Argentino,75.7805342117,682,cbhbsl8jupde33c7j6vrze32s,2026-10-02
Dinamo Makhachkala,Dinamo Makh.,FK Dinamo Makhachkala,75.7790225921,683,ac9tayo9q3al8a2m6m9pnfrx0,2026-10-02
Manta,Manta,Manta FC,75.7679373534,684,6fbkqr97shkflapdt7ck1dt78,2026-10-02
Club Africain,Club Africain,Club Africain,75.7663555133,685,2cdwuc8jbyg41icy3ah21d2c4,2026-10-02
Rodez,Rodez,Rodez Aveyron Football,75.7422815548,686,b4rd8q7zjvernie5778azl7v8,2026-10-02
Técnico Universitario,Técnico Univ,CD Técnico Universitario,75.7346953378,687,6fbkqr97shkflapdt7ck1dt78,2026-10-02
Sepahan,Sepahan,Foolad Mobarakeh Sepahan SC,75.7137967495,688,1p2kviatzyprl6bv4j6zs9ams,2026-10-02
Turan,Turan,Turan-T IK,75.699591287,689,cjfv1fu1qsr0jyk785saolgd0,2026-10-02
Jaguares de Córdoba,Jaguares,Jaguares de Córdoba FC,75.6675101179,690,5l22b8pqde1bdxk6377auk3ro,2026-10-02
WSG Tirol,Tirol,WSG Tirol,75.6537509207,691,1ypt1hmmrdjdek7yieatpskyc,2026-10-02
Partizan,Partizan,FK Partizan Beograd,75.6457025248,692,akqbhzm3iofv030i63sb5js44,2026-10-02
Sport Boys,Boys,Sport Boys Association,75.644064848,693,7z7bio16q91wdq4kywi8wlmok,2026-10-02
Hibernian,Hibernian,Hibernian FC,75.6418532828,694,7qmc7ue3f8yzv8yqmsxc9irro,2026-10-02
Cerro,Cerro,CA Cerro,75.6178198804,695,6bxydtby0dlb8mn1nb1h08iz8,2026-10-02
Start,Start,IK Start,75.5988113519,696,beev3xu6oz7vc6l4rcxygw4d0,2026-10-02
Nyíregyháza Spartacus,Nyíregyháza,Nyíregyháza Spartacus FC,75.5946120992,697,1qah382h96g7zu8m6op3ftams,2026-10-02
Quilmes,Quilmes,Quilmes AC,75.5873753703,698,cbhbsl8jupde33c7j6vrze32s,2026-10-02
Ponferradina,Ponferradina,SD Ponferradina,75.575715374,699,c1yslf7aazs430di8dpm8yvx0,2026-10-02
Motherwell,Motherwell,Motherwell FC,75.5575183915,700,7qmc7ue3f8yzv8yqmsxc9irro,2026-10-02
Boston River,Boston River,CA Boston River,75.5572804301,701,6bxydtby0dlb8mn1nb1h08iz8,2026-10-02
Unión La Calera,La Calera,CD Unión La Calera,75.5502815545,702,ikhh1wx11krn1uqgykcjof84,2026-10-02
Beerschot,Beerschot,Koninklijke Beerschot VA,75.541071004,703,83p55gs5rtqe8vjqg5t6me39w,2026-10-02
Atlético Huila,Huila,CD Atlético Huila,75.5359337977,704,3t6mr8e3n1eg5bapvvi2vv2ms,2026-10-02
Santos Laguna,Santos Laguna,Club Santos Laguna,75.5213358843,705,9zum4nxferygj8bb0ldcavxn8,2026-10-02
Juve Stabia,Juve Stabia,SS Juve Stabia,75.5099256523,706,2aad86jp2iq9zr22oxib5a4gk,2026-10-02
Portuguesa,Portuguesa,Portuguesa FC,75.5037385291,707,55wby45j07iiofu0nuiy08xzo,2026-10-02
Kaizer Chiefs,Chiefs,Kaizer Chiefs FC,75.4955074415,708,3wl91cn4c74oeacldjjpw800k,2026-10-02
Patronato,Patronato,CA Patronato de la Juventud Católica,75.4711928869,709,cbhbsl8jupde33c7j6vrze32s,2026-10-02
Atlético Rafaela,Rafaela,AMSyD Atlético de Rafaela,75.4631438987,710,cbhbsl8jupde33c7j6vrze32s,2026-10-02
Wolfsberger AC,WAC,Wolfsberger AC,75.4560327708,711,1ypt1hmmrdjdek7yieatpskyc,2026-10-02
Al Masry,Masry,Al Masry SC,75.4521130128,712,5q5bvm7r1fjy0h427jh93a9lg,2026-10-02
Torreense,Torreense,SC União Torreense,75.4500834848,713,ahb4b1qj0kffrsdj0uhrjs1lg,2026-10-02
Oriente Petrolero,O. Petrolero,CD Oriente Petrolero,75.4445961306,714,b8kaz0tks262ypfye6pj6dpuc,2026-10-02
AEL,AEL,AEL Limassol,75.4413345088,715,9ov525t4gyibnhjsey291aw44,2026-10-02
Defensores de Belgrano,Defensores,CA Defensores de Belgrano,75.4095999636,716,cbhbsl8jupde33c7j6vrze32s,2026-10-02
Astana,Astana,FK Astana,75.3930396049,717,5dlquxczyamt372efk9kgws2c,2026-10-02
Ceuta,Ceuta,AD Ceuta FC,75.3814906839,718,fgkxmpz2ewao1l63jrbkgg7o,2026-10-02
Kristiansund,Kristiansund,Kristiansund BK,75.3811407158,719,beev3xu6oz7vc6l4rcxygw4d0,2026-10-02
MC Oran,MC Oran,MC Oran,75.335224236,720,ccifwc50hpqpwze0lsw8f8qac,2026-10-02
HNK Gorica,Gorica,HNK Gorica,75.3314447367,721,ddv8l7gdb84ask7lsxf8x9f6c,2026-10-02
Buriram United,Buriram Utd,Buriram United FC,75.3163572599,722,2y9xq2tx9nthjl37uqgtoc2z8,2026-10-02
Pontevedra,Pontevedra,Pontevedra CF,75.3065963727,723,c1yslf7aazs430di8dpm8yvx0,2026-10-02
Austria Lustenau,A Lustenau,SC Austria Lustenau,75.2932971457,724,1ypt1hmmrdjdek7yieatpskyc,2026-10-02
Kifisia,Kifisia,Kifisias FC,75.2932971457,725,13prgjp0qzce661j00a3jy3o4,2026-10-02
União de Leiria,União Leiria,UD Leiria,75.292947165,726,ahb4b1qj0kffrsdj0uhrjs1lg,2026-10-02
Shkendija,Shkendija,KF Shkendija,75.2904972993,727,bdisf9hz6nqbfmztljccr2978,2026-10-02
Saoura,Saoura,JS Saoura,75.287277242,728,ccifwc50hpqpwze0lsw8f8qac,2026-10-02
Herediano,Herediano,CS Herediano,75.2872093652,729,dys50za4ylhqy94bj8zhmyx3o,2026-10-02
Greuther Fürth,Greuther Fürth,SpVgg Greuther Fürth,75.2852475788,730,c21j57b4gkcp8rzyp2cn8jbpw,2026-10-02
Bravo,Bravo,NK Bravo,75.274398121,731,8pj9wygfe1cepoagkwe0x785w,2026-10-02
Südtirol,Südtirol,FC Südtirol,75.2733481709,732,2aad86jp2iq9zr22oxib5a4gk,2026-10-02
NEOM,NEOM,NEOM SC,75.2700569442,733,4vs6oaojacz5bwo1320rkk844,2026-10-02
Al Jazira,Al Jazira,Al Jazira Club,75.2672570715,734,b6a9x42zsbxzbc2n5t79kdono,2026-10-02
Recoleta,Recoleta,Recoleta FC,75.2671604562,735,ynp3ah4di570mdbqt5a0yuc4,2026-10-02
Ciudad de Bolívar,Ciudad Bolívar,Club Ciudad de Bolívar,75.2664604875,736,cbhbsl8jupde33c7j6vrze32s,2026-10-02
Real Zaragoza,Zaragoza,Real Zaragoza,75.2614487058,737,c1yslf7aazs430di8dpm8yvx0,2026-10-02
Haugesund,Haugesund,FK Haugesund,75.2376496035,738,1b7iiw2jok0qp6s65rmh05a1g,2026-10-02
PEC Zwolle,PEC,PEC Zwolle,75.2222500622,739,56cvval3nf96u0bf9rzs9h6vo,2026-10-02
Vaduz,Vaduz,FC Vaduz,75.2201501173,740,cx0b7yl7kqmgay9wn2c3zyjh0,2026-10-02
Nagoya Grampus,Nagoya,Nagoya Grampus,75.207861904,741,bakisqj15kviwhxxx3wr3rv9w,2026-10-02
Los Andes,Los Andes,CA Los Andes,75.2048624646,742,cbhbsl8jupde33c7j6vrze32s,2026-10-02
MTK,MTK,MTK Budapest,75.1953006338,743,1qah382h96g7zu8m6op3ftams,2026-10-02
Fortaleza,Fortaleza,Fortaleza EC,75.187362746,744,7pt8trpd4rbju1v568nuskdn8,2026-10-02
Karlsruher SC,KSC,Karlsruher SC,75.1858507645,745,c21j57b4gkcp8rzyp2cn8jbpw,2026-10-02
KuPS,KuPS,Kuopion Palloseura,75.1834007925,746,32gy6t29t9240sgu7l11j9nh0,2026-10-02
Rubio Ñú,Rubio Ñú,Club Rubio Ñú,75.1817628098,747,ynp3ah4di570mdbqt5a0yuc4,2026-10-02
Zalaegerszeg,ZTE,Zalaegerszegi TE,75.1813008145,748,1qah382h96g7zu8m6op3ftams,2026-10-02
Anorthosis,Anorthosis,Anorthosis Famagusta FC,75.1638009288,749,9ov525t4gyibnhjsey291aw44,2026-10-02
Orenburg,Orenburg,FK Orenburg,75.1613509348,750,ac9tayo9q3al8a2m6m9pnfrx0,2026-10-02
Kongsvinger,Kongsvinger,Kongsvinger IL,75.1242507296,751,1b7iiw2jok0qp6s65rmh05a1g,2026-10-02
Mazatlán,Mazatlán,Mazatlán FC,75.0943620477,752,aegyls91smdw9kipjgbsu8tn8,2026-10-02
National Bank of Egypt,National Bank,National Bank of Egypt SC,75.0797295161,753,5q5bvm7r1fjy0h427jh93a9lg,2026-10-02
Košice,Košice,FC Košice,75.0783997045,754,5sqcuu8cql6utpiiunzurorv8,2026-10-02
Strømsgodset,Strømsgodset,Strømsgodset IF,75.0703494364,755,1b7iiw2jok0qp6s65rmh05a1g,2026-10-02
Podbrezová,Podbrezová,FK Železiarne Podbrezová,75.0689493871,756,5sqcuu8cql6utpiiunzurorv8,2026-10-02
Mirandés,Mirandés,CD Mirandés,75.0682493622,757,c1yslf7aazs430di8dpm8yvx0,2026-10-02
Municipal Liberia,Liberia,AD Municipal Liberia,75.0527106467,758,58b52ey94lc177s651eyucn4k,2026-10-02
Puebla,Puebla,Club Puebla,75.0509605725,759,9zum4nxferygj8bb0ldcavxn8,2026-10-02
Karpaty Lviv,Karpaty Lviv,FC Karpaty Lviv,75.0486485829,760,5vqx2miccjg04lp2pqs1hbmc,2026-10-02
UD Logroñés,UD Logroñés,UD Logroñés,75.0412982504,761,c1yslf7aazs430di8dpm8yvx0,2026-10-02
Central Español,Central Esp.,Central Español FC,75.0193591277,762,6bxydtby0dlb8mn1nb1h08iz8,2026-10-02
Gangwon,Gangwon,Gangwon FC,75.0108081371,763,aclvhp7yp4w85gpqw5yyt1xqs,2026-10-02
Real Murcia,Murcia,Real Murcia CF,75.0104966187,764,c1yslf7aazs430di8dpm8yvx0,2026-10-02
Nueva Chicago,Nueva Chicago,CA Nueva Chicago,75.0046582659,765,cbhbsl8jupde33c7j6vrze32s,2026-10-02
Pakhtakor,Pakhtakor,FK Pakhtakor Tashkent,75.0002046071,766,30hnhs47crryfhtm1523ygzkk,2026-10-02
Santiago Wanderers,Wanderers,CD Santiago Wanderers,74.9997579592,767,3mlz1os528syxdg3qpkz4ljis,2026-10-02
Deportivo Pereira,Pereira,Deportivo Pereira FC,74.9899573164,768,5l22b8pqde1bdxk6377auk3ro,2026-10-02
Zürich,Zürich,FC Zürich,74.9887952376,769,cx0b7yl7kqmgay9wn2c3zyjh0,2026-10-02
San Luis,San Luis,CD San Luis de Quillota,74.9882071975,770,3mlz1os528syxdg3qpkz4ljis,2026-10-02
Eyüpspor,Eyüp,Eyüp Spor Kulübü,74.9779444753,771,e00dq6lfzgc7vo631cz8ktc0k,2026-10-02
ML Vitebsk,ML Vitebsk,FK Maxline Vitebsk,74.968843799,772,2tml5a5shxx16bkg25p0hh8gk,2026-10-02
Brommapojkarna,Brommapojkarna,IF Brommapojkarna,74.9492422281,773,b99u9gpztyjs5u1i88z6qvg9g,2026-10-02
FCSB,FCSB,SC Fotbal Club FCSB SA,74.9481921395,774,zbhxyecp7s7s2dqg00ojrbis,2026-10-02
Vinotinto de Ecuador,Vinotinto,Vinotinto de Ecuador FC,74.9444538206,775,2tnmtnib22zkesr45sr0p8xsk,2026-10-02
Ulsan HD,Ulsan,Ulsan HD FC,74.9352025069,776,aclvhp7yp4w85gpqw5yyt1xqs,2026-10-02
Real Madrid II,Real Madrid II,Real Madrid Castilla CF,74.9345409473,777,c1yslf7aazs430di8dpm8yvx0,2026-10-02
FAS,FAS,CD FAS,74.9016769567,778,30t9l739hkqomjqhti9lxg5qs,2026-10-02
Penafiel,Penafiel,FC Penafiel,74.8914866909,779,ahb4b1qj0kffrsdj0uhrjs1lg,2026-10-02
Virtus Entella,Virtus Entella,Virtus Entella,74.8865861586,780,2aad86jp2iq9zr22oxib5a4gk,2026-10-02
Sporting San José,SP. San José,Sporting San José FC,74.8815474907,781,dys50za4ylhqy94bj8zhmyx3o,2026-10-02
Cobresal,Cobresal,CD Cobresal,74.8779471965,782,ikhh1wx11krn1uqgykcjof84,2026-10-02
Jeju FC,Jeju,Jeju SK FC,74.8777966795,783,aclvhp7yp4w85gpqw5yyt1xqs,2026-10-02
SCR Altach,Altach,SCR Altach,74.8662838493,784,1ypt1hmmrdjdek7yieatpskyc,2026-10-02
Dinamo City,Dinamo,FC Dinamo City,74.8648836839,785,bd2cao9ydrq06v5uu7x4ytiqc,2026-10-02
Zamora,Zamora,Zamora CF,74.8295292418,786,c1yslf7aazs430di8dpm8yvx0,2026-10-02
Athletic Club II,Athletic II,Bilbao Athletic,74.8186777763,787,c1yslf7aazs430di8dpm8yvx0,2026-10-02
Sportivo Luqueño,Luqueño,Club Sportivo Luqueño,74.8072381794,788,ynp3ah4di570mdbqt5a0yuc4,2026-10-02
Malisheva,Malisheva,KF Malisheva,74.7983772065,789,cex4ulecg78atcdvr7zz1dqtw,2026-10-02
Atlético Grau,Grau,Club Atlético Grau,74.7585807914,790,7z7bio16q91wdq4kywi8wlmok,2026-10-02
FUS Rabat,FUS Rabat,Fath Union Sport de Rabat,74.7520975041,791,3m3hltejq5dp7tvessefe7pck,2026-10-02
Kharkiv,Kharkiv,FK Kharkiv,74.7392155826,792,5vqx2miccjg04lp2pqs1hbmc,2026-10-02
Slaven Koprivnica,Slaven,NK Slaven Belupo Koprivnica,74.7381654042,793,ddv8l7gdb84ask7lsxf8x9f6c,2026-10-02
Arkadag,Arkadag,FK Arkadag,74.7215734464,794,8xedf9bqe7yehjmxy13vcql90,2026-10-02
Nouadhibou,FCNDB,FC Nouadhibou ASJN,74.7100902385,795,dp0cjg7hm16o0ay8b1amdexhw,2026-10-02
Guabirá,Guabirá,CDSC Guabirá,74.7081721196,796,b8kaz0tks262ypfye6pj6dpuc,2026-10-02
Ascoli,Ascoli,Ascoli Calcio 1898 FC,74.7070099074,797,2aad86jp2iq9zr22oxib5a4gk,2026-10-02
Lugo,Lugo,CD Lugo,74.7066598434,798,c1yslf7aazs430di8dpm8yvx0,2026-10-02
Alcorcón,Alcorcón,AD Alcorcón,74.6902067785,799,c1yslf7aazs430di8dpm8yvx0,2026-10-02
Vizela,Vizela,FC Vizela,74.6877563126,800,ahb4b1qj0kffrsdj0uhrjs1lg,2026-10-02
Ittihad Tanger,IR Tanger,Ittihad Riadhi de Tanger,74.6694825306,801,3m3hltejq5dp7tvessefe7pck,2026-10-02
Juventude,Juventude,EC Juventude,74.6612631187,802,7pt8trpd4rbju1v568nuskdn8,2026-10-02
Real Cundinamarca,Cundinamarca,Real Cundinamarca,74.6612631187,803,3f1bsdfpg1eedvajxpif8t5p0,2026-10-02
All Boys,All Boys,CA All Boys,74.6497107642,804,cbhbsl8jupde33c7j6vrze32s,2026-10-02
Envigado,Envigado,Envigado FC,74.6073516646,805,3f1bsdfpg1eedvajxpif8t5p0,2026-10-02
UTA Arad,Arad,AFC UTA Arad,74.5921862286,806,zbhxyecp7s7s2dqg00ojrbis,2026-10-02
Antequera,Antequera,Antequera CF,74.590435826,807,c1yslf7aazs430di8dpm8yvx0,2026-10-02
Eintracht Braunschweig,BTSV,Braunschweiger TSV Eintracht 1895,74.5883353412,808,c21j57b4gkcp8rzyp2cn8jbpw,2026-10-02
Mito Hollyhock,Mito,Mito Hollyhock,74.5830456123,809,bakisqj15kviwhxxx3wr3rv9w,2026-10-02
Lausanne-Sport,Lausanne,FC Lausanne-Sport,74.5526268234,810,cx0b7yl7kqmgay9wn2c3zyjh0,2026-10-02
Olimpija,Olimpija,NK Olimpija Ljubljana,74.5519266512,811,8pj9wygfe1cepoagkwe0x785w,2026-10-02
Doncaster Rovers,Doncaster,Doncaster Rovers FC,74.5473755268,812,b7amy99ea2lpnx81o6q94pst0,2026-10-02
Shimizu S-Pulse,Shimizu,Shimizu S-Pulse,74.5420857093,813,bakisqj15kviwhxxx3wr3rv9w,2026-10-02
Wadi Degla,Wadi Degla,Wadi Degla SC,74.536802652,814,5q5bvm7r1fjy0h427jh93a9lg,2026-10-02
Neftchi,Neftchi,FK Neftchi Farg'ona,74.5342808641,815,30hnhs47crryfhtm1523ygzkk,2026-10-02
San Martín Formosa,SM Formosa,CS General San Martín de Formosa,74.5205307224,816,1q9caek968o8ubc43inhg6uxg,2026-10-02
Sporting KC,Sporting KC,Sporting Kansas City,74.5192302748,817,6i6n0jkbh9zzij6s8htfjh2j8,2026-10-02
Artis Brno,Artis,SK Artis Brno,74.5078153966,818,ei2lksxq5fb6mh8yzxqatwnx0,2026-10-02
Xelajú,Xelajú,CSD Xelajú Mario Camposeco,74.504876508,819,8hlpnvuhsi69veuw84gyggr9w,2026-10-02
Djoliba,Djoliba,Djoliba AC Bamako,74.5045966165,820,2fvr17f4zzd5uci32usqi0ro4,2026-10-02
Cesena,Cesena,Cesena FC,74.4976626935,821,2aad86jp2iq9zr22oxib5a4gk,2026-10-02
Estudiantes de Mérida,Estudiantes,Estudiantes de Mérida FC,74.4774691919,822,55wby45j07iiofu0nuiy08xzo,2026-10-02
Danubio,Danubio,Danubio FC,74.4606644862,823,6bxydtby0dlb8mn1nb1h08iz8,2026-10-02
Juan Pablo II College,Juan Pablo,ADC Juan Pablo II College,74.4540125917,824,7z7bio16q91wdq4kywi8wlmok,2026-10-02
Hansa Rostock,Rostock,FC Hansa Rostock,74.4539005596,825,58t4zseno2tp4253w3dm5i80k,2026-10-02
Empoli,Empoli,Empoli FC,74.4482989498,826,2aad86jp2iq9zr22oxib5a4gk,2026-10-02
Power Dynamos,Dynamos,Power Dynamos FC,74.440003613,827,3yqrgsjxdtodaoynaqjdtzuhg,2026-10-02
Kauno Žalgiris,Kauno Žalgiris,FK Kauno Žalgiris,74.4283431106,828,4hzcbeghy116szh7rtk757xg4,2026-10-02
Atlético Goianiense,Atlético GO,Atlético Goianiense,74.4218031615,829,7pt8trpd4rbju1v568nuskdn8,2026-10-02
Cádiz,Cádiz,Cádiz CF,74.4202907083,830,fgkxmpz2ewao1l63jrbkgg7o,2026-10-02
Maccabi Netanya,M Netanya,Maccabi Netanya FC,74.4150391272,831,cbr00ay9uda1ju0ooqvb1ufbo,2026-10-02
Benevento,Benevento,Benevento Calcio,74.4101376413,832,2aad86jp2iq9zr22oxib5a4gk,2026-10-02
Farense,Farense,SC Farense,74.4076868947,833,ahb4b1qj0kffrsdj0uhrjs1lg,2026-10-02
Sampdoria,Sampdoria,UC Sampdoria,74.3978838836,834,2aad86jp2iq9zr22oxib5a4gk,2026-10-02
Al Rayyan,Rayyan,Al Rayyan SC,74.3609808149,835,b0n3k3rsxrgrfimue4kkxqmms,2026-10-02
Avispa Fukuoka,Avispa,Avispa Fukuoka,74.3530311043,836,bakisqj15kviwhxxx3wr3rv9w,2026-10-02
Erbil,Erbil,Erbil SC,74.3476787655,837,1ua3sfkjt1blxmm5vtgqwavis,2026-10-02
LNZ Cherkasy,LNZ Cherkasy,LNZ Cherkasy FC,74.3471176601,838,5vqx2miccjg04lp2pqs1hbmc,2026-10-02
Grasshoppers,GC Zürich,Grasshopper Club Zürich,74.3310122925,839,cx0b7yl7kqmgay9wn2c3zyjh0,2026-10-02
Asteras Tripolis,Asteras,Asteras Tripolis Aktor FC,74.3271609932,840,13prgjp0qzce661j00a3jy3o4,2026-10-02
9 de Octubre,9 de Octubre,Club 9 de Octubre,74.3195704145,841,2tnmtnib22zkesr45sr0p8xsk,2026-10-02
Avellino,Avellino,US Avellino 1912,74.3051034344,842,2aad86jp2iq9zr22oxib5a4gk,2026-10-02
San Telmo,San Telmo,CA San Telmo,74.2947118042,843,cbhbsl8jupde33c7j6vrze32s,2026-10-02
Arda Kardzhali,Arda,FK Arda 1924 Kardzhali,74.2872471691,844,3rbiru554kufnw6hrtsv0us5w,2026-10-02
Leixões,Leixões,Leixões SC,74.2802446764,845,ahb4b1qj0kffrsdj0uhrjs1lg,2026-10-02
Blooming,Blooming,CSCyD Blooming,74.2761552114,846,b8kaz0tks262ypfye6pj6dpuc,2026-10-02
Tondela,Tondela,CD Tondela,74.2739424158,847,ahb4b1qj0kffrsdj0uhrjs1lg,2026-10-02
Guingamp,Guingamp,En Avant Guingamp,74.2529347625,848,b4rd8q7zjvernie5778azl7v8,2026-10-02
Al Faisaly,Faisaly,Al Faisaly SC,74.227934038,849,espg5w80i6jk5f0n0b3buusk4,2026-10-02
Diriangén,Diriangén,Diriangén FC,74.2267141479,850,c0h34ymbtky0gg66xxiox8t1w,2026-10-02
Gimcheon Sangmu,Gimcheon,Gimcheon Sangmu FC,74.2056283649,851,aclvhp7yp4w85gpqw5yyt1xqs,2026-10-02
Wydad Casablanca,Wydad AC,Wydad Athletic Club,74.2020952613,852,3m3hltejq5dp7tvessefe7pck,2026-10-02
Dunkerque,Dunkerque,US du Littoral de Dunkerque,74.1923616806,853,b4rd8q7zjvernie5778azl7v8,2026-10-02
ADO Den Haag,ADO,ADO Den Haag,74.1909611291,854,56cvval3nf96u0bf9rzs9h6vo,2026-10-02
CS Constantine,CS Constantine,CS Constantine,74.1884399042,855,ccifwc50hpqpwze0lsw8f8qac,2026-10-02
Incheon United,Incheon Utd,Incheon United FC,74.1783176138,856,aclvhp7yp4w85gpqw5yyt1xqs,2026-10-02
Antigua,Antigua,Antigua GFC,74.17261572,857,8hlpnvuhsi69veuw84gyggr9w,2026-10-02
Panaitolikos,Panaitolikos,Panaitolikos GFS Agrinio,74.1717034639,858,13prgjp0qzce661j00a3jy3o4,2026-10-02
CRB,CRB,Clube de Regatas Brasil,74.1648126842,859,7pt8trpd4rbju1v568nuskdn8,2026-10-02
Cambuur,Cambuur,SC Cambuur Leeuwarden,74.160498934,860,56cvval3nf96u0bf9rzs9h6vo,2026-10-02
Vardar Skopje,Vardar,FK Vardar Skopje,74.1573476507,861,bdisf9hz6nqbfmztljccr2978,2026-10-02
San Miguel,San Miguel,CA San Miguel,74.1445043781,862,cbhbsl8jupde33c7j6vrze32s,2026-10-02
HJK,HJK,Helsingin Jalkapalloklubi,74.1405407372,863,32gy6t29t9240sgu7l11j9nh0,2026-10-02
Cambridge United,Cambridge U,Cambridge United FC,74.1058761112,864,b7amy99ea2lpnx81o6q94pst0,2026-10-02
Ben Aknoun,Ben Aknoun,ES Ben Aknoun,74.092149953,865,ccifwc50hpqpwze0lsw8f8qac,2026-10-02
Stade Malien Bamako,SM Bamako,Stade Malien de Bamako,74.0837485888,866,2fvr17f4zzd5uci32usqi0ro4,2026-10-02
V-Varen Nagasaki,V-Varen,V-Varen Nagasaki,74.0708223182,867,bakisqj15kviwhxxx3wr3rv9w,2026-10-02
Rot-Weiss Essen,RW Essen,Rot-Weiss Essen,74.0617567809,868,58t4zseno2tp4253w3dm5i80k,2026-10-02
Honvéd,Honvéd,Kispest-Honvéd FC,74.0617567809,869,1qah382h96g7zu8m6op3ftams,2026-10-02
ZED,ZED,ZED FC,74.0581849508,870,5q5bvm7r1fjy0h427jh93a9lg,2026-10-02
Azam,Azam,Azam FC,74.0548607594,871,c5wdltkcr7ti6feuv6ej6kavo,2026-10-02
Al Zawra'a,Zawra'a,Al Zawra'a SC,74.0497122848,872,1ua3sfkjt1blxmm5vtgqwavis,2026-10-02
Sarajevo,Sarajevo,FK Sarajevo,74.0495012691,873,4c48j9oq3d0aje3ojkb3mbp5g,2026-10-02
Rudeš,Rudeš,NK Rudeš Zagreb,74.0463498418,874,ddv8l7gdb84ask7lsxf8x9f6c,2026-10-02
Central Norte,Central Norte,CA Central Norte,74.0387583867,875,cbhbsl8jupde33c7j6vrze32s,2026-10-02
Kalmar,Kalmar,Kalmar FF,74.0298923215,876,b99u9gpztyjs5u1i88z6qvg9g,2026-10-02
ENPPI,ENPPI,ENPPI Club,74.0284214139,877,5q5bvm7r1fjy0h427jh93a9lg,2026-10-02
Chacarita Juniors,Chacarita,CA Chacarita Juniors,74.0279034051,878,cbhbsl8jupde33c7j6vrze32s,2026-10-02
Cultural Leonesa,Cultural,Cultural y Deportiva Leonesa,74.019387463,879,c1yslf7aazs430di8dpm8yvx0,2026-10-02
Barakaldo,Barakaldo,Barakaldo CF,74.0186871375,880,c1yslf7aazs430di8dpm8yvx0,2026-10-02
Al Mokawloon,Mokawloon,Al Mokawloon Al Arab,74.0144149173,881,5q5bvm7r1fjy0h427jh93a9lg,2026-10-02
Caracas,Caracas,Caracas FC,74.0058431317,882,55wby45j07iiofu0nuiy08xzo,2026-10-02
Alemannia Aachen,Alemannia,TSV Alemannia Aachen,74.005731079,883,58t4zseno2tp4253w3dm5i80k,2026-10-02
Iraklis 1908,Iraklis 1908,Iraklis 1908 FC,73.9980274438,884,13prgjp0qzce661j00a3jy3o4,2026-10-02
Grenoble,Grenoble,Grenoble Foot 38,73.9861217777,885,b4rd8q7zjvernie5778azl7v8,2026-10-02
Pau,Pau,Pau FC,73.9826201001,886,b4rd8q7zjvernie5778azl7v8,2026-10-02
Racing Córdoba,Racing Córdoba,CA Racing de Córdoba,73.9802809766,887,cbhbsl8jupde33c7j6vrze32s,2026-10-02
Auckland,Auckland,Auckland FC,73.9703256699,888,1ztoqmkrzy1d4ejf5jokthiqc,2026-10-02
Burton Albion,Burton,Burton Albion FC,73.9668624882,889,b7amy99ea2lpnx81o6q94pst0,2026-10-02
CS Sfaxien,Sfax,CS Sfaxien,73.9464822615,890,2cdwuc8jbyg41icy3ah21d2c4,2026-10-02
Lusitânia Lourosa,Lourosa,FC Lusitânia de Lourosa,73.9458521798,891,ahb4b1qj0kffrsdj0uhrjs1lg,2026-10-02
Kisvárda,Kisvárda,Kisvárda Master Good FC,73.9402494001,892,1qah382h96g7zu8m6op3ftams,2026-10-02
Universidad Concepción,U. Concepción,CD Universidad de Concepción,73.9382604102,893,ikhh1wx11krn1uqgykcjof84,2026-10-02
San Marcos,San Marcos,CD San Marcos de Arica,73.9112968297,894,3mlz1os528syxdg3qpkz4ljis,2026-10-02
Nancy,Nancy,AS Nancy-Lorraine,73.9013797594,895,b4rd8q7zjvernie5778azl7v8,2026-10-02
Pohang Steelers,Pohang,FC Pohang Steelers,73.9009910599,896,aclvhp7yp4w85gpqw5yyt1xqs,2026-10-02
Olimpo,Olimpo,Club Olimpo de Bahía Blanca,73.8909864021,897,1q9caek968o8ubc43inhg6uxg,2026-10-02
Petrojet,Petrojet,Petrojet SC,73.8904538963,898,5q5bvm7r1fjy0h427jh93a9lg,2026-10-02
Hércules,Hércules,Hércules CF,73.884571073,899,c1yslf7aazs430di8dpm8yvx0,2026-10-02
Vicenza,Vicenza,LR Vicenza Virtus,73.884571073,900,2aad86jp2iq9zr22oxib5a4gk,2026-10-02
Al Ittihad Ahli Aleppo,Al Ittihad,Al Ittihad Al Ahli Aleppo SC,73.8548413458,901,epf0rlgn33w37t43qiocvx4wk,2026-10-02
Almagro,Almagro,Club Almagro,73.838808833,902,cbhbsl8jupde33c7j6vrze32s,2026-10-02
Hapoel Haifa,H Haifa,Hapoel Haifa FC,73.8155842003,903,cbr00ay9uda1ju0ooqvb1ufbo,2026-10-02
Independiente Juniors,Ind. Juniors,CD Independiente Juniors,73.8125445304,904,2tnmtnib22zkesr45sr0p8xsk,2026-10-02
Dijon,Dijon,Dijon FCO,73.8082301537,905,b4rd8q7zjvernie5778azl7v8,2026-10-02
Železničar Pančevo,Železničar,FK Železničar Pančevo,73.7837165036,906,akqbhzm3iofv030i63sb5js44,2026-10-02
Monagas,Monagas,Monagas SC,73.7824277791,907,55wby45j07iiofu0nuiy08xzo,2026-10-02
Cacereño,Cacereño,CP Cacereño,73.7567512015,908,c1yslf7aazs430di8dpm8yvx0,2026-10-02
Plaza Amador,Plaza Amador,CD Plaza Amador,73.7520603985,909,dxqxpijuyxkzzosa7wdmhzd3o,2026-10-02
Nea Salamis,Nea Salamis,Nea Salamis Famagusta,73.734338254,910,9ov525t4gyibnhjsey291aw44,2026-10-02
Scottland Mabvuku,Scottland,Scottland FC Mabvuku,73.734270285,911,8ea4fh0n7w704hsj43vlxw4yc,2026-10-02
Slovácko,Slovácko,1. FC Slovácko,73.73398805,912,ei2lksxq5fb6mh8yzxqatwnx0,2026-10-02
Al Wahda,Al Wahda,Al Wahda FC,73.7219396219,913,b6a9x42zsbxzbc2n5t79kdono,2026-10-02
Công An Hà Nội,CAHN,Công An Hà Nội FC,73.7199413276,914,cld1l7cgrsr3bij22f2ytqiok,2026-10-02
Albion,Albion,Albion FC,73.7109865432,915,6bxydtby0dlb8mn1nb1h08iz8,2026-10-02
Drita,Drita,KF Drita,73.7017713711,916,cex4ulecg78atcdvr7zz1dqtw,2026-10-02
Unión Magdalena,Magdalena,AD Unión Magdalena,73.7004803009,917,3f1bsdfpg1eedvajxpif8t5p0,2026-10-02
Cuiabá,Cuiabá,Cuiabá EC,73.693476114,918,7pt8trpd4rbju1v568nuskdn8,2026-10-02
Modern,Modern,Modern SC,73.6932937747,919,5q5bvm7r1fjy0h427jh93a9lg,2026-10-02
ES Sétif,ES Sétif,ES Sétif,73.6911925145,920,ccifwc50hpqpwze0lsw8f8qac,2026-10-02
Magallanes,Magallanes,CD Magallanes,73.6896238025,921,3mlz1os528syxdg3qpkz4ljis,2026-10-02
Olympiakos Nicosia,Olympiakos,Olympiakos Nicosia FC,73.6811066703,922,9ov525t4gyibnhjsey291aw44,2026-10-02
Benfica II,Benfica II,SL Benfica II,73.6727015762,923,ahb4b1qj0kffrsdj0uhrjs1lg,2026-10-02
Atlético FC,Atlético,Atlético FC,73.6672102322,924,2tnmtnib22zkesr45sr0p8xsk,2026-10-02
Padova,Calcio Padova,Calcio Padova Spa,73.6520389287,925,2aad86jp2iq9zr22oxib5a4gk,2026-10-02
Blackpool,Blackpool,Blackpool FC,73.6397813424,926,b7amy99ea2lpnx81o6q94pst0,2026-10-02
Comerciantes Unidos,Comerciantes,CD Comerciantes Unidos,73.6325388307,927,7z7bio16q91wdq4kywi8wlmok,2026-10-02
Los Chankas,Los Chankas,CD Los Chankas CYC,73.617129159,928,7z7bio16q91wdq4kywi8wlmok,2026-10-02
Ibiza,Ibiza,UD Ibiza,73.6163166463,929,c1yslf7aazs430di8dpm8yvx0,2026-10-02
Al Ettifaq,Ettifaq,Al Ettifaq Club,73.6158249555,930,4vs6oaojacz5bwo1320rkk844,2026-10-02
CF Os Belenenses,Belenenses,CF Os Belenenses,73.6117637683,931,eoix5zq4par8gwml3bhkkyihg,2026-10-02
Olancho,Olancho,Olancho FC,73.6039229822,932,bifv7w5gplrvhfvyqle3jf504,2026-10-02
Criciúma,Criciúma,Criciúma EC,73.602069612,933,7pt8trpd4rbju1v568nuskdn8,2026-10-02
St Patrick's Athletic,St Pat's,St Patrick's Athletic FC,73.5963539639,934,6zkfyunc0lfteytfj6slonuhg,2026-10-02
Cartagena,Cartagena,FC Cartagena,73.5925014975,935,c1yslf7aazs430di8dpm8yvx0,2026-10-02
Huesca,Huesca,SD Huesca,73.5798933823,936,c1yslf7aazs430di8dpm8yvx0,2026-10-02
Al Quwa Al Jawiya,Al Quwa,Al Quwa Al Jawiya,73.5667958026,937,1ua3sfkjt1blxmm5vtgqwavis,2026-10-02
Isloch,Isloch,FK Isloch Minsk Region,73.503893069,938,2tml5a5shxx16bkg25p0hh8gk,2026-10-02
Akron,Akron,FK Akron Tolyatti,73.4961878342,939,ac9tayo9q3al8a2m6m9pnfrx0,2026-10-02
Degerfors,Degerfors,Degerfors IF,73.4723714982,940,b99u9gpztyjs5u1i88z6qvg9g,2026-10-02
Deportes Iquique,Iquique,CD Iquique,73.470382123,941,3mlz1os528syxdg3qpkz4ljis,2026-10-02
Mitre Santiago d. Estero,Mitre SdE,CA Mitre de Santiago del Estero,73.4633772677,942,cbhbsl8jupde33c7j6vrze32s,2026-10-02
Al-Karma,Karma,Al-Karma SC,73.458222602,943,1ua3sfkjt1blxmm5vtgqwavis,2026-10-02
Foolad,Foolad,Foolad Khuzestan FC,73.4505149189,944,1p2kviatzyprl6bv4j6zs9ams,2026-10-02
Real Cartagena,Cartagena,Real Cartagena FC SA,73.4504182316,945,3f1bsdfpg1eedvajxpif8t5p0,2026-10-02
ASEC Mimosas,ASEC,AS des Employés de Commerce Mimosas,73.4479615813,946,2x67tvk4kdanna2zej4ui0bv8,2026-10-02
Paradise,Paradise,Paradise FC International,73.4471931639,947,7e8iz4klq135f8mgvdy8z4kyc,2026-10-02
Radnički 1923,Radnički 1923,FK Radnički 1923,73.4159818808,948,akqbhzm3iofv030i63sb5js44,2026-10-02
Firpo,Firpo,CD Luis Ángel Firpo,73.4104170898,949,30t9l739hkqomjqhti9lxg5qs,2026-10-02
Notts County,Notts,Notts County FC,73.4100276205,950,b7amy99ea2lpnx81o6q94pst0,2026-10-02
Al Hilal Omdurman,Hilal Omdurman,Al-Hilal SC (Omdurman),73.4017287302,951,193l1zv2eyi82heh2jblkwqhg,2026-10-02
Farul Constanţa,Farul,FCV Farul Constanţa,73.4016215808,952,zbhxyecp7s7s2dqg00ojrbis,2026-10-02
Wydad Témara,Wydad Témara,Wydad Sportive de Témara,73.3980487748,953,e66497iax4m4oq94h8qc9nllg,2026-10-02
Al Ittihad,Ittihad,Al Ittihad Al Iskandary,73.3948964976,954,5q5bvm7r1fjy0h427jh93a9lg,2026-10-02
Khenchela,Khenchela,USM Khenchela,73.3882416768,955,ccifwc50hpqpwze0lsw8f8qac,2026-10-02
Sochaux,Sochaux,FC Sochaux Montbéliard,73.3753525173,956,b4rd8q7zjvernie5778azl7v8,2026-10-02
Corvinul Hunedoara,Hunedoara,SC Corvinul 1921 Hunedoara,73.3707991838,957,zbhxyecp7s7s2dqg00ojrbis,2026-10-02
Deportivo de A Coruña II,Deportivo II,Real Club Deportivo Fabril,73.34277848,958,c1yslf7aazs430di8dpm8yvx0,2026-10-02
Dundee United,Dundee Utd,Dundee United FC,73.3375245616,959,7qmc7ue3f8yzv8yqmsxc9irro,2026-10-02
Olympique Akbou,Akbou,Olympique Akbou,73.3357029703,960,ccifwc50hpqpwze0lsw8f8qac,2026-10-02
Rouen,Rouen,FC Rouen 1899,73.3301690566,961,2hzxt22wy9dxf7qxh08hjbuhg,2026-10-02
Robinhood,Robinhood,SV Robinhood,73.3283099639,962,2iliu0oyb0iehjz6cxu2y9t78,2026-10-02
Primavera SP,Primavera,EC Primavera,73.324326668,963,6psh6p206w2x6jzrx8gvhsems,2026-10-02
FCI Levadia,Levadia,Tallinna FCI Levadia,73.3231637928,964,co1q4zpn5ep76y2tiqohorspg,2026-10-02
Capivariano,Capivariano,Capivariano FC,73.2966556897,965,6psh6p206w2x6jzrx8gvhsems,2026-10-02
CODM Meknès,CODM,Club Omnisports de Meknès,73.2954225174,966,3m3hltejq5dp7tvessefe7pck,2026-10-02
Alvarado,Alvarado,CA Alvarado,73.2928027434,967,1q9caek968o8ubc43inhg6uxg,2026-10-02
Viktoria Köln,Viktoria Köln,FC Viktoria Köln 1904,73.291639853,968,58t4zseno2tp4253w3dm5i80k,2026-10-02
AF Elbasani,AF Elbasani,AF Elbasani,73.2912895846,969,bd2cao9ydrq06v5uu7x4ytiqc,2026-10-02
Kalamata,Kalamata,PS PAE Kalamata,73.2895382423,970,13prgjp0qzce661j00a3jy3o4,2026-10-02
Fortuna Düsseldorf,Düsseldorf,Düsseldorfer TuS Fortuna 1895,73.2828831296,971,58t4zseno2tp4253w3dm5i80k,2026-10-02
1º de Agosto,1º de Agosto,CD Primeiro de Agosto,73.2807135294,972,ofi6heevfqlhgto3devky0b8,2026-10-02
Tokyo Verdy,Tokyo Verdy,Tokyo Verdy,73.265331057,973,bakisqj15kviwhxxx3wr3rv9w,2026-10-02
Deportes Quindío,Quindío,Corporación Deportes Quindío,73.2637303128,974,3f1bsdfpg1eedvajxpif8t5p0,2026-10-02
Felgueiras 1932,Felgueiras,FC Felgueiras 1932,73.2489067403,975,ahb4b1qj0kffrsdj0uhrjs1lg,2026-10-02
Asswehly,Asswehly,Asswehly SC,73.243934909,976,68kgxuk3dkg7p955ifkisgc9g,2026-10-02
Deportes Copiapó,Copiapó,CD Copiapó,73.2353580831,977,3mlz1os528syxdg3qpkz4ljis,2026-10-02
Muharraq,Muharraq,Muharraq Club,73.2007771551,978,3dsgnubzzf96l31ocjo3kial0,2026-10-02
Guastatoya,Guastatoya,Deportivo Guastatoya,73.1979781735,979,8hlpnvuhsi69veuw84gyggr9w,2026-10-02
SS Reyes,Sanse,UD San Sebastián de los Reyes,73.1956644203,980,3jk4gnb5m4ov0fm9ssmgg4c2c,2026-10-02
Norrköping,Norrköping,IFK Norrköping,73.1935627255,981,e45p1bhnnox3kdgzamrx63r4k,2026-10-02
Al Taawoun,Taawoun,Al Taawoun FC,73.1920201,982,4vs6oaojacz5bwo1320rkk844,2026-10-02
Arezzo,Arezzo,SS Arezzo,73.1904101799,983,2aad86jp2iq9zr22oxib5a4gk,2026-10-02
Omonia Aradippou,Omonia,Omonia FC Aradippou,73.1872576302,984,9ov525t4gyibnhjsey291aw44,2026-10-02
Real Estelí,Estelí,Real Estelí FC,73.1869465703,985,c0h34ymbtky0gg66xxiox8t1w,2026-10-02
Melbourne City,Melbourne City,Melbourne City FC,73.1861682481,986,1ztoqmkrzy1d4ejf5jokthiqc,2026-10-02
AVS,AVS,AVS Futebol,73.1714948192,987,ahb4b1qj0kffrsdj0uhrjs1lg,2026-10-02
Willem II,Willem II,Willem II Tilburg,73.1651896657,988,56cvval3nf96u0bf9rzs9h6vo,2026-10-02
UTS Rabat,UTS,Union Touarga Sportif,73.1570627688,989,3m3hltejq5dp7tvessefe7pck,2026-10-02
MK Dons,MK Dons,Milton Keynes Dons FC,73.142420918,990,b7amy99ea2lpnx81o6q94pst0,2026-10-02
Vipers,Vipers,Vipers SC,73.1395506099,991,d43v3lpfbbegmsubl20bdpct0,2026-10-02
Wiliete,Wiliete,Wiliete SC,73.1307933311,992,ofi6heevfqlhgto3devky0b8,2026-10-02
Falkirk,Falkirk,Falkirk FC,73.1280589812,993,7qmc7ue3f8yzv8yqmsxc9irro,2026-10-02
Unión Española,Española,Unión Española,73.1257190283,994,3mlz1os528syxdg3qpkz4ljis,2026-10-02
Renaissance Zemamra,RCA Zemamra,Renaissance Club Athletic Zemamra,73.1143272577,995,3m3hltejq5dp7tvessefe7pck,2026-10-02
Vila Nova,Vila Nova,Vila Nova FC,73.1075037473,996,7pt8trpd4rbju1v568nuskdn8,2026-10-02
Operário PR,Operário,Operário Ferroviário EC,73.1068031568,997,7pt8trpd4rbju1v568nuskdn8,2026-10-02
Al Ansar,Ansar,Al Ansar FC,73.1058512744,998,9lv9rln2qwsqme0g8t366uiac,2026-10-02
ADT,ADT,Asociación Deportiva Tarma,73.1050516796,999,7z7bio16q91wdq4kywi8wlmok,2026-10-02
Rodina Moskva,Rodina,FK Rodina Moskva,73.0968827733,1000,ac9tayo9q3al8a2m6m9pnfrx0,2026-10-02
Al Khaldiya,Khaldiya,Al Khaldiya SC,73.0848311532,1001,3dsgnubzzf96l31ocjo3kial0,2026-10-02
Persib Bandung,Persib,Persatuan Sepakbola Indonesia Bandung,73.0821317317,1002,2t0yn5r2hq16whtb16f4i7nro,2026-10-02
Moghreb Tétouan,Tétouan,Moghreb Athlétic de Tétouan,73.0817496756,1003,e66497iax4m4oq94h8qc9nllg,2026-10-02
Deportivo Alavés II,Alavés II,Deportivo Alavés II,73.0720115748,1004,3jk4gnb5m4ov0fm9ssmgg4c2c,2026-10-02
Carrarese,Carrarese,Carrarese Calcio 1908,73.0639546522,1005,2aad86jp2iq9zr22oxib5a4gk,2026-10-02
Leyton Orient,L Orient,Leyton Orient FC,73.0569486106,1006,b7amy99ea2lpnx81o6q94pst0,2026-10-02
IMT,IMT,FK IMT,73.0513437625,1007,akqbhzm3iofv030i63sb5js44,2026-10-02
Shamrock Rovers,Shamrock,Shamrock Rovers FC,73.050292852,1008,6zkfyunc0lfteytfj6slonuhg,2026-10-02
Argeș,Argeș,ACS Campionii FC Argeş,73.0488916373,1009,zbhxyecp7s7s2dqg00ojrbis,2026-10-02
AmaZulu,AmaZulu,AmaZulu FC,73.03340793,1010,3wl91cn4c74oeacldjjpw800k,2026-10-02
Chaves,Chaves,GD Chaves,73.0219180945,1011,ahb4b1qj0kffrsdj0uhrjs1lg,2026-10-02
Teuta Durrës,Teuta,KF Teuta Durrës,73.0198162472,1012,bd2cao9ydrq06v5uu7x4ytiqc,2026-10-02
Oţelul Galați,Oţelul,ASC Oțelul Galați,73.0047529543,1013,zbhxyecp7s7s2dqg00ojrbis,2026-10-02
Europa,Europa,CE Europa,73.004402644,1014,c1yslf7aazs430di8dpm8yvx0,2026-10-02
Botoșani,Botoșani,FC Botoșani,72.9959951823,1015,zbhxyecp7s7s2dqg00ojrbis,2026-10-02
Mount Pleasant Academy,Mt. Pleasant,Mount Pleasant Academy FC,72.9939325373,1016,3b44u42lrrjhxh5ket3d32z9w,2026-10-02
Progreso,Progreso,CA Progreso,72.9919035402,1017,6bxydtby0dlb8mn1nb1h08iz8,2026-10-02
Sporting CP II,Sporting CP II,Sporting CP II,72.9837342475,1018,ahb4b1qj0kffrsdj0uhrjs1lg,2026-10-02
KÍ,KÍ,KÍ Klaksvík,72.976027342,1019,9cmufoxqnsf2h6xwos1z1j6s4,2026-10-02
Hermannstadt,Hermannstadt,AFC Hermannstadt Sibiu,72.9592121892,1020,zbhxyecp7s7s2dqg00ojrbis,2026-10-02
Sport Recife,Sport,SC do Recife,72.9533688959,1021,7pt8trpd4rbju1v568nuskdn8,2026-10-02
Kawkab Marrakech,Kawkab,Kawkab Athlétique Club de Marrakech,72.939874387,1022,3m3hltejq5dp7tvessefe7pck,2026-10-02
Melbourne Victory,Mel Victory,Melbourne Victory,72.9388551865,1023,1ztoqmkrzy1d4ejf5jokthiqc,2026-10-02
Al Duhail,Al Duhail,Al Duhail SC,72.9163316323,1024,b0n3k3rsxrgrfimue4kkxqmms,2026-10-02
San Antonio Bulo Bulo,San Antonio BB,CD Cultural San Antonio de Bulo Bulo,72.9015213029,1025,b8kaz0tks262ypfye6pj6dpuc,2026-10-02
Real Unión,Real Unión,Real Unión Club,72.8989569198,1026,c1yslf7aazs430di8dpm8yvx0,2026-10-02
Unionistas de Salamanca,Unionistas,CD Unionistas de Salamanca CF,72.8972052904,1027,c1yslf7aazs430di8dpm8yvx0,2026-10-02
Bohemians,Bohemians,Bohemian FC,72.8933517012,1028,6zkfyunc0lfteytfj6slonuhg,2026-10-02
Recoleta,Recoleta,CD Recoleta,72.8927631524,1029,3mlz1os528syxdg3qpkz4ljis,2026-10-02
Omonia 29is Maiou,Omonia 29 M,ALS Omonia 29is Maiou,72.8912497408,1030,9ov525t4gyibnhjsey291aw44,2026-10-02
Mixco,Mixco,CSyD Mixco,72.8813023278,1031,8hlpnvuhsi69veuw84gyggr9w,2026-10-02
Zlín,Zlín,FC Zlín,72.8744339911,1032,ei2lksxq5fb6mh8yzxqatwnx0,2026-10-02
Internacional Palmira,Inter Palmira,Internacional FC de Palmira,72.8710428005,1033,3f1bsdfpg1eedvajxpif8t5p0,2026-10-02
Difaâ El Jadida,El Jadida,Difaâ Hassani d'El Jadida,72.8561464984,1034,3m3hltejq5dp7tvessefe7pck,2026-10-02
Sheriff,Sheriff,FK Sheriff Tiraspol,72.8551657988,1035,c0orgvbfnq9wp7blxq2rdm0pg,2026-10-02
Gualaceo,Gualaceo,Gualaceo SC,72.853876576,1036,2tnmtnib22zkesr45sr0p8xsk,2026-10-02
Aberdeen,Aberdeen,Aberdeen FC,72.8320437627,1037,7qmc7ue3f8yzv8yqmsxc9irro,2026-10-02
JEF United,JEF Utd,JEF United Ichihara Chiba,72.800825155,1038,bakisqj15kviwhxxx3wr3rv9w,2026-10-02
Algeciras,Algeciras,Algeciras CF,72.7998126717,1039,c1yslf7aazs430di8dpm8yvx0,2026-10-02
Saarbrücken,Saarbrücken,1. FC Saarbrücken,72.7952582432,1040,58t4zseno2tp4253w3dm5i80k,2026-10-02
Al Kholood,Al Kholood,Al Kholood Club,72.7947663841,1041,4vs6oaojacz5bwo1320rkk844,2026-10-02
Winterthur,Winterthur,FC Winterthur,72.7756390674,1042,akzt9nsp06yyv03a86lz8kdn8,2026-10-02
Rahimo,Rahimo,Rahimo FC,72.7750455554,1043,56y5sheadf58560v7uwkil9n8,2026-10-02
Diriyah Club,Diriyah,Diriyah Club,72.7614837513,1044,4vs6oaojacz5bwo1320rkk844,2026-10-02
Prishtina,Prishtina,FC Prishtina,72.7472633481,1045,cex4ulecg78atcdvr7zz1dqtw,2026-10-02
Kryvbas KR,Kryvbas KR,FK Kryvbas Kryvyi Rih,72.7444582591,1046,5vqx2miccjg04lp2pqs1hbmc,2026-10-02
Botev Plovdiv,Botev,PFK Botev Plovdiv,72.7346484822,1047,3rbiru554kufnw6hrtsv0us5w,2026-10-02
Petrolul 52,Petrolul 52,ACS Petrolul 52 Ploieşti,72.7325463819,1048,zbhxyecp7s7s2dqg00ojrbis,2026-10-02
Anyang,Anyang,FC Anyang,72.7311064421,1049,aclvhp7yp4w85gpqw5yyt1xqs,2026-10-02
Ural,Ural,FK Ural Sverdlovskaya Oblast,72.7237876107,1050,ewtzgv48te3m77r86sxunl3x0,2026-10-02
Monastir,Monastir,US Monastirienne,72.7125060355,1051,2cdwuc8jbyg41icy3ah21d2c4,2026-10-02
Red Arrows,Red Arrows,Red Arrows FC,72.687808313,1052,3yqrgsjxdtodaoynaqjdtzuhg,2026-10-02
Ilves,Ilves,Tampereen Ilves,72.6656285521,1053,32gy6t29t9240sgu7l11j9nh0,2026-10-02
Enugu Rangers,Enugu,Enugu Rangers International FC,72.6650350127,1054,bblld98re54ohfsni235m1gyc,2026-10-02
Clermont,Clermont,Clermont Foot 63,72.6512637465,1055,b4rd8q7zjvernie5778azl7v8,2026-10-02
Barnsley,Barnsley,Barnsley FC,72.6509133843,1056,b7amy99ea2lpnx81o6q94pst0,2026-10-02
Kayserispor,Kayseri,Kayserispor SK,72.6263879022,1057,9vlcn0hdb4ufq9s8e7kjnfn6c,2026-10-02
Fakel,Fakel,FK Fakel Voronezh,72.6162272712,1058,ac9tayo9q3al8a2m6m9pnfrx0,2026-10-02
Real Jaén,Jaén,Real Jaén CF,72.5945043973,1059,c1yslf7aazs430di8dpm8yvx0,2026-10-02
Barnet,Barnet,Barnet FC,72.5871466046,1060,7kjvvls20hnhjguys4t73yjh0,2026-10-02
Sydney,Sydney,Sydney FC,72.585005833,1061,1ztoqmkrzy1d4ejf5jokthiqc,2026-10-02
Stade-Lausanne-Ouchy,Stade-Lausanne,FC Stade-Lausanne-Ouchy,72.5647227151,1062,akzt9nsp06yyv03a86lz8kdn8,2026-10-02
Preußen Münster,Münster,SC Preußen 06 Münster,72.5570144542,1063,58t4zseno2tp4253w3dm5i80k,2026-10-02
Stabæk,Stabæk,Stabæk Fotball,72.5394955863,1064,1b7iiw2jok0qp6s65rmh05a1g,2026-10-02
Gol Gohar,Gol Gohar,Gol Gohar FC Sirjan,72.5340983671,1065,1p2kviatzyprl6bv4j6zs9ams,2026-10-02
Sant Andreu,Sant Andreu,UE Sant Andreu,72.5328383826,1066,c1yslf7aazs430di8dpm8yvx0,2026-10-02
Atlético Morelia,Morelia,Club Atlético Morelia,72.5325424515,1067,3cxwni2dq94c7yt90g8m7rs44,2026-10-02
Independiente,Independiente,Club Independiente Petrolero,72.5150810765,1068,b8kaz0tks262ypfye6pj6dpuc,2026-10-02
CA La Paz,La Paz,CA La Paz,72.5094172803,1069,3cxwni2dq94c7yt90g8m7rs44,2026-10-02
El Qanah,El Qanah,El Qanah FC,72.5061390742,1070,5q5bvm7r1fjy0h427jh93a9lg,2026-10-02
Sekhukhune United,Sekhukhune Utd,Sekhukhune United FC,72.4949267734,1071,3wl91cn4c74oeacldjjpw800k,2026-10-02
Patriotas Boyacá,Patriotas,Patriotas Boyacá,72.4877511034,1072,3f1bsdfpg1eedvajxpif8t5p0,2026-10-02
Wigan Athletic,Wigan,Wigan Athletic FC,72.4764265916,1073,b7amy99ea2lpnx81o6q94pst0,2026-10-02
Differdange 03,Differdange,FC Differdange 03,72.4757258156,1074,uza4dpaosr9j4jztif162p78,2026-10-02
Gimnàstic Tarragona,Tarragona,Club Gimnàstic de Tarragona,72.4589071289,1075,c1yslf7aazs430di8dpm8yvx0,2026-10-02
Zemplín Michalovce,Zemplín,MFK Zemplín Michalovce,72.451548916,1076,5sqcuu8cql6utpiiunzurorv8,2026-10-02
Sepsi,Sepsi,Sepsi OSK Sfântu Gheorghe,72.4490961733,1077,zbhxyecp7s7s2dqg00ojrbis,2026-10-02
JS El Biar,Biar,Jeunesse Sportive D'El Biar,72.4430691929,1078,ccifwc50hpqpwze0lsw8f8qac,2026-10-02
Karmiotissa,Karmiotissa,Karmiotissa Pano Polemidia,72.4301749299,1079,9ov525t4gyibnhjsey291aw44,2026-10-02
Acassuso,Acassuso,CA Acassuso,72.4253815243,1080,cbhbsl8jupde33c7j6vrze32s,2026-10-02
Dundee,Dundee,Dundee FC,72.4003911854,1081,7qmc7ue3f8yzv8yqmsxc9irro,2026-10-02
El Gouna,Gouna,El Gouna,72.3922616797,1082,5q5bvm7r1fjy0h427jh93a9lg,2026-10-02
All Saints United,All Saints Utd,All Saints United FC,72.379055975,1083,eutz7cztklmm0kuh8bthrfxg4,2026-10-02
Al Ahli Benghazi,Ahli Benghazi,Al Ahli Benghazi,72.3782479256,1084,68kgxuk3dkg7p955ifkisgc9g,2026-10-02
FC Cajamarca,FC Cajamarca,FC Cajamarca,72.3759752435,1085,7z7bio16q91wdq4kywi8wlmok,2026-10-02
Academia Quintana,Ac. Quintana,Academia Quintana,72.3678430732,1086,9ij31b9nteu7u821uzpr04k4,2026-10-02
Hapoel Jerusalem,H Jerusalem,Hapoel Jerusalem FC,72.3523860091,1087,cbr00ay9uda1ju0ooqvb1ufbo,2026-10-02
Dukagjini,Dukagjini,KF Dukagjini Klina,72.3513370933,1088,cex4ulecg78atcdvr7zz1dqtw,2026-10-02
Hassania Agadir,HUSA,Hassania Union Sport d'Agadir,72.3474100041,1089,3m3hltejq5dp7tvessefe7pck,2026-10-02
RC Saint Joseph,Saint Joseph,Racing Club Saint Joseph,72.3429642577,1090,8oya8610sjuxts1g4yxvd1nh0,2026-10-02
Racing de Ferrol,Racing Ferrol,Racing Club Ferrol,72.3320623566,1091,c1yslf7aazs430di8dpm8yvx0,2026-10-02
San Carlos,San Carlos,AD San Carlos,72.3308728564,1092,dys50za4ylhqy94bj8zhmyx3o,2026-10-02
Universitario de Vinto,Universitario,FC Universitario de Vinto,72.3216621856,1093,b8kaz0tks262ypfye6pj6dpuc,2026-10-02
Newcastle Jets,Newcastle,Newcastle Jets FC,72.3208106871,1094,1ztoqmkrzy1d4ejf5jokthiqc,2026-10-02
Chengdu Rongcheng,Rongcheng,Chengdu Rongcheng FC,72.3159049284,1095,e6818x4pwankpph8awr91m1hw,2026-10-02
Goiás,Goiás,Goiás EC,72.2827662621,1096,7pt8trpd4rbju1v568nuskdn8,2026-10-02
Yverdon Sport,Yverdon,Yverdon Sport FC,72.2773978736,1097,akzt9nsp06yyv03a86lz8kdn8,2026-10-02
Villa Mitre,Villa Mitre,Club Villa Mitre,72.2648949477,1098,1q9caek968o8ubc43inhg6uxg,2026-10-02
Verl,Verl,SC Verl 1924,72.2609281985,1099,58t4zseno2tp4253w3dm5i80k,2026-10-02
Deportivo Santaní,Dep. Santaní,Deportivo Santaní,72.2564848707,1100,8vh8k7j5o8k9gynwf0ntfr578,2026-10-02
Laval,Laval,Stade Lavallois Mayenne FC,72.2349969881,1101,b4rd8q7zjvernie5778azl7v8,2026-10-02
Nizhny Novgorod,Nizhny Novg.,FK Pari Nizhny Novgorod,72.2248346794,1102,ewtzgv48te3m77r86sxunl3x0,2026-10-02
Numancia,Numancia,CD Numancia de Soria,72.2199287217,1103,3jk4gnb5m4ov0fm9ssmgg4c2c,2026-10-02
Inter San Carlos,San Carlos,Inter San Carlos,72.2183887389,1104,dys50za4ylhqy94bj8zhmyx3o,2026-10-02
Volos NFC,Volos,Volos New Football Club,72.2094159207,1105,13prgjp0qzce661j00a3jy3o4,2026-10-02
Zorya,Zorya,FC Zorya Luhansk,72.2083646381,1106,5vqx2miccjg04lp2pqs1hbmc,2026-10-02
Stade Tunisien,Stade Tunisien,Stade Tunisien,72.2054908994,1107,2cdwuc8jbyg41icy3ah21d2c4,2026-10-02
Barcelona II,Barcelona II,FC Barcelona Atlètic,72.198903073,1108,3jk4gnb5m4ov0fm9ssmgg4c2c,2026-10-02
MB Rouisset,Rouisset,MB Rouisset,72.1508234896,1109,ccifwc50hpqpwze0lsw8f8qac,2026-10-02
Al Hussein,Hussein,Al Hussein SC,72.1454957021,1110,espg5w80i6jk5f0n0b3buusk4,2026-10-02
Struga,Struga,FC Struga Trim-Lum,72.1445859479,1111,bdisf9hz6nqbfmztljccr2978,2026-10-02
Deportes Temuco,Temuco,CD Temuco,72.1436467763,1112,3mlz1os528syxdg3qpkz4ljis,2026-10-02
St. Mirren,St. Mirren,Saint Mirren FC,72.1351241274,1113,7qmc7ue3f8yzv8yqmsxc9irro,2026-10-02
Nasaf,Nasaf,PFC Nasaf,72.1325294989,1114,30hnhs47crryfhtm1523ygzkk,2026-10-02
Al-Nasr,Nasr,Al-Nasr Club of Benghazi,72.1266455736,1115,68kgxuk3dkg7p955ifkisgc9g,2026-10-02
Ironi Tiberias,I Tiberias,Ironi Tiberias FC,72.1221578672,1116,cbr00ay9uda1ju0ooqvb1ufbo,2026-10-02
Cancún,Cancún,Cancún FC,72.1081946669,1117,3cxwni2dq94c7yt90g8m7rs44,2026-10-02
Ballkani,Ballkani,KF Ballkani,72.1056894133,1118,cex4ulecg78atcdvr7zz1dqtw,2026-10-02
Smouha,Smouha,Smouha SC,72.096154814,1119,5q5bvm7r1fjy0h427jh93a9lg,2026-10-02
Ceará,Ceará,Ceará SC,72.0910806056,1120,7pt8trpd4rbju1v568nuskdn8,2026-10-02
Athletic Club MG,Athletic,Athletic Club (Minas Gerais),72.0833708021,1121,7pt8trpd4rbju1v568nuskdn8,2026-10-02
Al Wehdat,Wehdat,Al Wehdat SC,72.0824162061,1122,espg5w80i6jk5f0n0b3buusk4,2026-10-02
Floriana,Floriana,Floriana FC,72.0822073205,1123,3jedmdrdnamejeki9uh7jrs44,2026-10-02
São Bernardo,São Bernardo,São Bernardo FC,72.0774132094,1124,7pt8trpd4rbju1v568nuskdn8,2026-10-02
Golden Arrows,Arrows,Lamontville Golden Arrows FC,72.073726273,1125,3wl91cn4c74oeacldjjpw800k,2026-10-02
Örgryte,Örgryte,Örgryte IS,72.0615308946,1126,b99u9gpztyjs5u1i88z6qvg9g,2026-10-02
Gualberto Villarroel SJ,GVSJ,CD Gualberto Villarroel Deportivo San José,72.0497277282,1127,b8kaz0tks262ypfye6pj6dpuc,2026-10-02
Al-Ittihad,Ittihad,Al-Ittihad,72.0481457615,1128,68kgxuk3dkg7p955ifkisgc9g,2026-10-02
Douglas Haig,Douglas Haig,CA Douglas Haig,72.0472745686,1129,1q9caek968o8ubc43inhg6uxg,2026-10-02
St. Johnstone,St. Johnstone,Saint Johnstone FC,72.0447092618,1130,7qmc7ue3f8yzv8yqmsxc9irro,2026-10-02
Peterborough United,Peterborough,Peterborough United FC,72.0377002127,1131,b7amy99ea2lpnx81o6q94pst0,2026-10-02
Zamora,Zamora,Zamora FC,72.0343078255,1132,55wby45j07iiofu0nuiy08xzo,2026-10-02
Real Oruro,Real Oruro,CDT Real Oruro,72.0171355424,1133,b8kaz0tks262ypfye6pj6dpuc,2026-10-02
General Caballero JLM,Caballero JLM,General Caballero JLM,72.0167850863,1134,8vh8k7j5o8k9gynwf0ntfr578,2026-10-02
Cavalry,Cavalry,Cavalry FC,71.9958576479,1135,bmqmrylzzfggzr15yas9dev4k,2026-10-02
Ironi Kiryat Shmona,Kiryat Shmona,Hapoel Ironi Kiryat Shmona FC,71.989687666,1136,cbr00ay9uda1ju0ooqvb1ufbo,2026-10-02
Real Betis II,Betis II,Betis Deportivo Balompié,71.9893372058,1137,3jk4gnb5m4ov0fm9ssmgg4c2c,2026-10-02
Atlético Vinotinto,Vinotinto,CA Vinotinto,71.9827906007,1138,derrtkvb0qg29n2ldftcolo9g,2026-10-02
El Gaish,Gaish,Tala'ea El Gaish,71.9706924206,1139,5q5bvm7r1fjy0h427jh93a9lg,2026-10-02
USM El Harrach,USM El Harrach,USM El Harrach,71.9696410316,1140,flxkeved0q9tmclqafcpql1w,2026-10-02
Horoya,Horoya,Horoya AC,71.9608817415,1141,1odzlx97lfuimst69uxvbn310,2026-10-02
Managua,Managua,Managua FC,71.9574843585,1142,c0h34ymbtky0gg66xxiox8t1w,2026-10-02
Puntarenas,Puntarenas,Puntarenas FC,71.9467928489,1143,dys50za4ylhqy94bj8zhmyx3o,2026-10-02
Bryne,Bryne,Bryne FK,71.9423750748,1144,1b7iiw2jok0qp6s65rmh05a1g,2026-10-02
Rayo Majadahonda,Majadahonda,CF Rayo Majadahonda,71.9360666575,1145,c1yslf7aazs430di8dpm8yvx0,2026-10-02
Tarazona,Tarazona,SD Tarazona,71.9129356493,1146,1kirdkl7iyu00tam1qun1pg4,2026-10-02
Leones Negros UdeG,Leones Negros,CD Leones Negros de la Universidad de Guadalajara,71.9112377537,1147,3cxwni2dq94c7yt90g8m7rs44,2026-10-02
Kolos Kovalivka,Kolos,FK Kolos Kovalivka,71.8947110583,1148,5vqx2miccjg04lp2pqs1hbmc,2026-10-02
Grenades,Grenades,Jennings Grenades FC,71.8922969823,1149,eutz7cztklmm0kuh8bthrfxg4,2026-10-02
Radnik Surdulica,Radnik,FK Radnik Surdulica,71.8922577372,1150,akqbhzm3iofv030i63sb5js44,2026-10-02
Grimsby Town,Grimsby,Grimsby Town FC,71.8803415698,1151,7kjvvls20hnhjguys4t73yjh0,2026-10-02
Medeama,Medeama,Medeama SC,71.8743131376,1152,9jwcn4214a2l2atxhtwj6zxg4,2026-10-02
Cibao,Cibao,Cibao FC,71.86531028,1153,cokma0jt05z41cexn5ea0mxg,2026-10-02
Yelimay,Yelimay,FK Yelimay Semey,71.8614157679,1154,5dlquxczyamt372efk9kgws2c,2026-10-02
Heracles,Heracles,Heracles Almelo,71.8596633712,1155,7bdyxkrzt42tv7377rpz5nqc4,2026-10-02
Lincoln Red Imps,Red Imps,Lincoln Red Imps FC,71.8582637566,1156,7uvvhp31jz5znxp8l21x872tw,2026-10-02
Al Hazem,Hazem,Al Hazem SC,71.8577693989,1157,4vs6oaojacz5bwo1320rkk844,2026-10-02
Boulogne,Boulogne,US Boulogne CO,71.8470460759,1158,b4rd8q7zjvernie5778azl7v8,2026-10-02
Ourense CF,Ourense,Ourense CF,71.8424898137,1159,3jk4gnb5m4ov0fm9ssmgg4c2c,2026-10-02
Académica,Académica,Associação Académica de Coimbra OAF,71.8400364381,1160,ahb4b1qj0kffrsdj0uhrjs1lg,2026-10-02
Coria,Coria,CD Coria,71.8260170999,1161,c1yslf7aazs430di8dpm8yvx0,2026-10-02
Atlético Baleares,Baleares,CD Atlético Baleares,71.8056889108,1162,3jk4gnb5m4ov0fm9ssmgg4c2c,2026-10-02
Stellenbosch,Stellenbosch,Stellenbosch FC,71.7986088216,1163,3wl91cn4c74oeacldjjpw800k,2026-10-02
Cipolletti,Cipolletti,Club Cipolletti,71.7935339717,1164,1q9caek968o8ubc43inhg6uxg,2026-10-02
Neman Grodno,Neman,FK Neman Grodno,71.787112998,1165,2tml5a5shxx16bkg25p0hh8gk,2026-10-02
Témouchent,Témouchent,CR Témouchent,71.7835377638,1166,ccifwc50hpqpwze0lsw8f8qac,2026-10-02
San Pedro,San Pedro,Deportivo San Pedro,71.7813668421,1167,8hlpnvuhsi69veuw84gyggr9w,2026-10-02
Amiens,Amiens,Amiens SC,71.7794021986,1168,2hzxt22wy9dxf7qxh08hjbuhg,2026-10-02
Sharjah,Sharjah,Sharjah FC,71.7662923991,1169,b6a9x42zsbxzbc2n5t79kdono,2026-10-02
Al Shabab,Shabab,Al Shabab FC,71.7620864744,1170,4vs6oaojacz5bwo1320rkk844,2026-10-02
Gimnasia Chivilcoy,GyE Chivilcoy,CSCyD Gimnasia y Esgrima de Chivilcoy,71.7616392243,1171,1q9caek968o8ubc43inhg6uxg,2026-10-02
Náutico,Náutico,Clube Náutico Capibaribe,71.7584847752,1172,7pt8trpd4rbju1v568nuskdn8,2026-10-02
Novi Pazar,Novi Pazar,FK Novi Pazar,71.7545171732,1173,akqbhzm3iofv030i63sb5js44,2026-10-02
Rivers United,Rivers Utd,Rivers United FC,71.7469134892,1174,bblld98re54ohfsni235m1gyc,2026-10-02
Şamaxı,Şamaxı,Şamaxı FK,71.746105274,1175,cjfv1fu1qsr0jyk785saolgd0,2026-10-02
Amarante,Amarante,Amarante FC,71.7404973244,1176,ahb4b1qj0kffrsdj0uhrjs1lg,2026-10-02
Inter Club d'Escaldes,Inter Club,Inter Club d'Escaldes,71.7142098821,1177,2a3fpo37ny4uvuf4u7toqok5w,2026-10-02
Urartu,Urartu,FC Urartu,71.7068493454,1178,847iyp5po72cef4cdwd8c0ems,2026-10-02
Petrocub,Petrocub,CS Petrocub Hînceşti,71.7057978383,1179,c0orgvbfnq9wp7blxq2rdm0pg,2026-10-02
Amal Tiznit,USAT,US Amal Tiznit,71.7039749944,1180,e66497iax4m4oq94h8qc9nllg,2026-10-02
Gnistan,Gnistan,IF Gnistan,71.6952827412,1181,32gy6t29t9240sgu7l11j9nh0,2026-10-02
Al Arabi,Arabi,Al Arabi SC,71.6849765178,1182,evaw3m63xloe8o87vqybzjsic,2026-10-02
Tigres,Tigres,Tigres FC,71.6761171028,1183,3f1bsdfpg1eedvajxpif8t5p0,2026-10-02
AFC Wimbledon,Wimbledon,AFC Wimbledon,71.657428001,1184,b7amy99ea2lpnx81o6q94pst0,2026-10-02
Aarau,Aarau,FC Aarau,71.6556754519,1185,akzt9nsp06yyv03a86lz8kdn8,2026-10-02
Argentino Monte Maíz,Argentino MM,Club Deportivo Argentino Monte Maíz,71.648076384,1186,1q9caek968o8ubc43inhg6uxg,2026-10-02
Alashkert,Alashkert,Alashkert FC,71.6465621756,1187,847iyp5po72cef4cdwd8c0ems,2026-10-02
Violette,Violette,Violette AC,71.6411684934,1188,4vdnis45sxd05ictg09vgpous,2026-10-02
Hapoel Ramat Gan,H Ramat Gan,Hapoel Ramat Gan Giv'atayim FC,71.6360468128,1189,cbr00ay9uda1ju0ooqvb1ufbo,2026-10-02
Real Tomayapo,Real Tomayapo,CD Real Tomayapo,71.634756925,1190,b8kaz0tks262ypfye6pj6dpuc,2026-10-02
Kilmarnock,Kilmarnock,Kilmarnock FC,71.6318406544,1191,7qmc7ue3f8yzv8yqmsxc9irro,2026-10-02
Sol de América,Sol de América,Club Sol de América,71.6228394502,1192,8vh8k7j5o8k9gynwf0ntfr578,2026-10-02
Al Riffa,Riffa,Bahrain Riffa Club,71.6173279677,1193,3dsgnubzzf96l31ocjo3kial0,2026-10-02
Beijing Guoan,Guoan,Beijing Guoan FC,71.5985030771,1194,e6818x4pwankpph8awr91m1hw,2026-10-02
Krasava Ypsonas,Ypsonas,Krasava ENY Ypsonas FC,71.5978405971,1195,9ov525t4gyibnhjsey291aw44,2026-10-02
Vargas Torres,Vargas Torres,Club Social y Deportivo Vargas Torres,71.5958496506,1196,derrtkvb0qg29n2ldftcolo9g,2026-10-02
Eupen,Eupen,KAS Eupen,71.5810156438,1197,83p55gs5rtqe8vjqg5t6me39w,2026-10-02
Aktobe,Aktobe,FK Aktobe,71.5733041665,1198,5dlquxczyamt372efk9kgws2c,2026-10-02
ASCK,ASCK,Association Sportive des Chauffeurs de la Kozah,71.5702566945,1199,d8hdusfvdmgo6ki7qtifb88wk,2026-10-02
Gjilani,Gjilani,KF Gjilani,71.5540276662,1200,cex4ulecg78atcdvr7zz1dqtw,2026-10-02
KR,KR,KR Reykjavík,71.5386022042,1201,eeeacj91qdk6pru5zwwobaiac,2026-10-02
RC Kouba,RC Kouba,RC Kouba,71.5378308132,1202,flxkeved0q9tmclqafcpql1w,2026-10-02
Deportivo Moquegua,Moquegua,CD Moquegua,71.5352090958,1203,7z7bio16q91wdq4kywi8wlmok,2026-10-02
Metropolitan,Metropolitan,Metropolitan FA,71.5298782521,1204,9ij31b9nteu7u821uzpr04k4,2026-10-02
Mérida,Mérida,AD Mérida,71.4884762386,1205,c1yslf7aazs430di8dpm8yvx0,2026-10-02
Aluminium Arak,Aluminium Arak,Aluminium Arak FC,71.4774680316,1206,1p2kviatzyprl6bv4j6zs9ams,2026-10-02
Independiente Cauca,Independiente,Independiente Valle del Cauca,71.4749175061,1207,3f1bsdfpg1eedvajxpif8t5p0,2026-10-02
Cumbayá,Cumbayá,Cumbayá FC,71.4707110581,1208,2tnmtnib22zkesr45sr0p8xsk,2026-10-02
Tirana,Tirana,KF Tirana,71.4698978106,1209,bd2cao9ydrq06v5uu7x4ytiqc,2026-10-02
Sūduva,Sūduva,FK Sūduva,71.4649902766,1210,4hzcbeghy116szh7rtk757xg4,2026-10-02
Club Franciscain,Franciscain,Club Franciscain,71.4622252192,1211,8oya8610sjuxts1g4yxvd1nh0,2026-10-02
Halmstad,Halmstad,Halmstads BK,71.4621859669,1212,b99u9gpztyjs5u1i88z6qvg9g,2026-10-02
Sportivo San Lorenzo,San Lorenzo,Club Sportivo San Lorenzo,71.4570400497,1213,ynp3ah4di570mdbqt5a0yuc4,2026-10-02
Portimonense,Portimonense,Portimonense SC,71.4369470277,1214,ahb4b1qj0kffrsdj0uhrjs1lg,2026-10-02
Mineros de Zacatecas,Mineros,Club Mineros de Zacatecas,71.4240313854,1215,3cxwni2dq94c7yt90g8m7rs44,2026-10-02
Bnei Yehuda,Bnei Yehuda,Bnei Yehuda Tel Aviv FC,71.4180176444,1216,1mqfttramp7l8dfkpwk7w6wic,2026-10-02
Sol de América,Sol de América,CA Sol de América de Formosa,71.4146243609,1217,1q9caek968o8ubc43inhg6uxg,2026-10-02
Real Avilés,Real Avilés,Real Avilés CF,71.4106561761,1218,c1yslf7aazs430di8dpm8yvx0,2026-10-02
Homs Al Fidaa,Al Fidaa,Homs Al Fidaa SC,71.4075372322,1219,epf0rlgn33w37t43qiocvx4wk,2026-10-02
Hapoel Petah Tikva,H Petah Tikva,Hapoel Petah Tikva FC,71.4068001597,1220,cbr00ay9uda1ju0ooqvb1ufbo,2026-10-02
Bucheon 1995,Bucheon,Bucheon FC 1995,71.404658315,1221,aclvhp7yp4w85gpqw5yyt1xqs,2026-10-02
Al Fayha,Fayha,Al Fayha FC,71.3971937629,1222,4vs6oaojacz5bwo1320rkk844,2026-10-02
ABB,ABB,Academia del Balompié Boliviano,71.3960453455,1223,b8kaz0tks262ypfye6pj6dpuc,2026-10-02
US Biskra,US Biskra,US Biskra,71.3951617318,1224,ccifwc50hpqpwze0lsw8f8qac,2026-10-02
Chadormalu SC,Chadormalu,Chadormalu Sports Club,71.3873783792,1225,1p2kviatzyprl6bv4j6zs9ams,2026-10-02
Zimbru,Zimbru,FC Zimbru Chişinău,71.3784056605,1226,c0orgvbfnq9wp7blxq2rdm0pg,2026-10-02
Águilas,Águilas,Águilas FC,71.378055109,1227,c1yslf7aazs430di8dpm8yvx0,2026-10-02
Iberia 1999,Iberia,FC Iberia 1999,71.3756012468,1228,dmtc6z8cwdmdocaz02qc5p0yc,2026-10-02
Rayo Zuliano,Rayo Zuliano,Deportivo Rayo Zuliano,71.3715067967,1229,55wby45j07iiofu0nuiy08xzo,2026-10-02
Port,Port,Port FC,71.3604889043,1230,2y9xq2tx9nthjl37uqgtoc2z8,2026-10-02
Jaiba Brava,Jaiba Brava,Club Jaiba Brava,71.3584786149,1231,3cxwni2dq94c7yt90g8m7rs44,2026-10-02
Versailles,Versailles,FC Versailles,71.3272245795,1232,2hzxt22wy9dxf7qxh08hjbuhg,2026-10-02
Hearts of Oak,Oak,Hearts of Oak SC,71.326803678,1233,9jwcn4214a2l2atxhtwj6zxg4,2026-10-02
Basconia,Basconia,CD Basconia,71.3223167456,1234,3jk4gnb5m4ov0fm9ssmgg4c2c,2026-10-02
Chesterfield,Chesterfield,Chesterfield FC,71.317759462,1235,7kjvvls20hnhjguys4t73yjh0,2026-10-02
Navbahor,Navbahor,FK Navbahor Namangan,71.3158650513,1236,30hnhs47crryfhtm1523ygzkk,2026-10-02
Adelaide United,Adelaide Utd,Adelaide United FC,71.3068534957,1237,1ztoqmkrzy1d4ejf5jokthiqc,2026-10-02
Genesis PN,Genesis PN,Genesis Policia Nacional FC,71.2986930833,1238,bifv7w5gplrvhfvyqle3jf504,2026-10-02
Hardrock,Hardrock,Hardrock FC,71.2745720677,1239,8ea4fh0n7w704hsj43vlxw4yc,2026-10-02
Dinamo Brest,Dinamo Brest,FK Dinamo Brest,71.2623702262,1240,2tml5a5shxx16bkg25p0hh8gk,2026-10-02
Sestao River,Sestao,Sestao River Club,71.2623702262,1241,3jk4gnb5m4ov0fm9ssmgg4c2c,2026-10-02
Ingolstadt,Ingolstadt,FC Ingolstadt 04,71.2546576966,1242,58t4zseno2tp4253w3dm5i80k,2026-10-02
Durban City,Durban City,Durban City FC,71.2475759392,1243,3wl91cn4c74oeacldjjpw800k,2026-10-02
Al Nasr,Al Nasr,Al Nasr SC,71.2447001015,1244,b6a9x42zsbxzbc2n5t79kdono,2026-10-02
LDU Portoviejo,LDU Portoviejo,LDU de Portoviejo,71.243551609,1245,2tnmtnib22zkesr45sr0p8xsk,2026-10-02
Black Bulls Maputo,Black Bulls,Black Bulls Maputo,71.227946175,1246,12paa0nrmm7b6c9bt3b9rsx78,2026-10-02
Araz Naxçıvan,Araz,Araz FK Naxçıvan,71.2132900562,1247,cjfv1fu1qsr0jyk785saolgd0,2026-10-02
Suwon Bluewings,Suwon,Suwon Samsung Bluewings FC,71.1925673966,1248,aqzfod554aa202i8pjkt4ou1g,2026-10-02
Recreativo Huelva,Huelva,RC Recreativo de Huelva,71.1834908767,1249,3jk4gnb5m4ov0fm9ssmgg4c2c,2026-10-02
Cherno more Varna,Cherno more,PFK Cherno more Varna,71.179283903,1250,3rbiru554kufnw6hrtsv0us5w,2026-10-02
Osasuna II,Osasuna II,CA Osasuna Promesas,71.1691170184,1251,3jk4gnb5m4ov0fm9ssmgg4c2c,2026-10-02
Kimberley Mar del Plata,Kimberley MdP,CA Kimberley de Mar del Plata,71.168878622,1252,1q9caek968o8ubc43inhg6uxg,2026-10-02
Santo Domingo,Santo Domingo,Club Deportivo Santo Domingo,71.1580105227,1253,2tnmtnib22zkesr45sr0p8xsk,2026-10-02
Güemes,Güemes,CA Güemes,71.157659938,1254,cbhbsl8jupde33c7j6vrze32s,2026-10-02
Puerto Montt,Puerto Montt,CD Puerto Montt,71.157659938,1255,3mlz1os528syxdg3qpkz4ljis,2026-10-02
Bromley,Bromley,Bromley FC,71.149484288,1256,b7amy99ea2lpnx81o6q94pst0,2026-10-02
ASO Chlef,ASO Chlef,ASO Chlef,71.1473104237,1257,ccifwc50hpqpwze0lsw8f8qac,2026-10-02
Abu Qair Semad,Abu Qair Semad,Abu Qair Semad SC,71.1448563184,1258,5q5bvm7r1fjy0h427jh93a9lg,2026-10-02
Maccabi Petah Tikva,M Petah Tikva,Maccabi Petah Tikva FC,71.1372137474,1259,cbr00ay9uda1ju0ooqvb1ufbo,2026-10-02
Maniema Union,Maniema U.,AS Maniema Union,71.1360939402,1260,ehmma83pqd17k7x6if20hmrkk,2026-10-02
Patro Eisden,Patro,Patro Eisden Maasmechelen,71.1133736547,1261,83p55gs5rtqe8vjqg5t6me39w,2026-10-02
Porto II,Porto II,FC Porto II,71.1032064819,1262,ahb4b1qj0kffrsdj0uhrjs1lg,2026-10-02
Mangasport,Mangasport,AS MangaSport Football,71.0945488963,1263,91hx1tapplzhsaiav9r0gdq8k,2026-10-02
Saint Eloi Lupopo,Lupopo,FC Saint Eloi Lupopo,71.0940230031,1264,ehmma83pqd17k7x6if20hmrkk,2026-10-02
Hamrun Spartans,Hamrun,Hamrun Spartans FC,71.0895333174,1265,3jedmdrdnamejeki9uh7jrs44,2026-10-02
Polokwane City,Polokwane,Polokwane City FC,71.0778933041,1266,3wl91cn4c74oeacldjjpw800k,2026-10-02
Tobol Kostanay,Tobol,FK Tobol Kostanay,71.0677963262,1267,5dlquxczyamt372efk9kgws2c,2026-10-02
ŁKS Łódź,ŁKS Łódź,ŁKS Łódź,71.0642903408,1268,9bj99ztou2rexljon6vvrssgk,2026-10-02
Cobán Imperial,Cobán,CSyD Cobán Imperial,71.061697801,1269,8hlpnvuhsi69veuw84gyggr9w,2026-10-02
Željezničar,Željezničar,FK Željezničar Sarajevo,71.0365928703,1270,4c48j9oq3d0aje3ojkb3mbp5g,2026-10-02
The New Saints,TNS,The New Saints FC,71.0323856307,1271,5a72rnkyvdjffzei7qqokyot0,2026-10-02
Feirense,Feirense,CD Feirense,71.0288795919,1272,ahb4b1qj0kffrsdj0uhrjs1lg,2026-10-02
Marquense,Marquense,CD Marquense,70.9999915231,1273,8hlpnvuhsi69veuw84gyggr9w,2026-10-02
Salford City,Salford,Salford City FC,70.9811969379,1274,7kjvvls20hnhjguys4t73yjh0,2026-10-02
Al Fateh,Fateh,Al Fateh SC,70.9764973582,1275,4vs6oaojacz5bwo1320rkk844,2026-10-02
9 de Julio Rafaela,9 de Julio,CA 9 de Julio de Rafaela,70.9711413825,1276,1q9caek968o8ubc43inhg6uxg,2026-10-02
Unión Comercio,Unión Comercio,CD Unión Comercio,70.9637785005,1277,4wjv3pabgbhm9is93zhe6zf9w,2026-10-02
Etoile Matoury,Etoile M.,AS Etoile Matoury,70.9554661211,1278,8ptl1wrxicnblij9u19k2p4pg,2026-10-02
Alianza,Alianza,Alianza FC,70.9496809607,1279,30t9l739hkqomjqhti9lxg5qs,2026-10-02
Réal Bamako,Réal Bamako,AS Réal de Bamako,70.9481711893,1280,2fvr17f4zzd5uci32usqi0ro4,2026-10-02
Tudelano,Tudelano,CD Tudelano,70.9408762819,1281,3jk4gnb5m4ov0fm9ssmgg4c2c,2026-10-02
Al Riyadh,Riyadh,Al Riyadh SC,70.9393321817,1282,4vs6oaojacz5bwo1320rkk844,2026-10-02
Eibar II,Eibar II,SD Eibar II,70.9338639223,1283,3jk4gnb5m4ov0fm9ssmgg4c2c,2026-10-02
Juventud Torremolinos,Torremolinos,Juventud Torremolinos CF,70.9268515415,1284,c1yslf7aazs430di8dpm8yvx0,2026-10-02
Lokomotiv Plovdiv,Loko Plovdiv,PFK Lokomotiv Plovdiv 1926,70.9243972032,1285,3rbiru554kufnw6hrtsv0us5w,2026-10-02
Dakota,Dakota,SV Dakota,70.9237352229,1286,7phwu4x5fqdwgmfu5vf5yhk44,2026-10-02
Barau,Barau,Barau FC,70.9216995024,1287,bblld98re54ohfsni235m1gyc,2026-10-02
SC Villa,SC Villa,Sports Club Villa Jogoo,70.9039931071,1288,d43v3lpfbbegmsubl20bdpct0,2026-10-02
Voluntari,Voluntari,FC Voluntari,70.8984511824,1289,zbhxyecp7s7s2dqg00ojrbis,2026-10-02
Laçi,Laçi,KF Laçi,70.8770630278,1290,bd2cao9ydrq06v5uu7x4ytiqc,2026-10-02
Gomel,Gomel,FK Gomel,70.8689985903,1291,2tml5a5shxx16bkg25p0hh8gk,2026-10-02
Shanghai Port,Port,Shanghai Port FC,70.8496753828,1292,e6818x4pwankpph8awr91m1hw,2026-10-02
Piratas,Piratas,Piratas FC,70.8490671772,1293,3cxwni2dq94c7yt90g8m7rs44,2026-10-02
Extremadura,Extremadura,CD Extremadura,70.8483114268,1294,c1yslf7aazs430di8dpm8yvx0,2026-10-02
Čukarički,Čukarički,FK Čukarički,70.8255202699,1295,akqbhzm3iofv030i63sb5js44,2026-10-02
Avaí,Avaí,Avai FC,70.8214248505,1296,7pt8trpd4rbju1v568nuskdn8,2026-10-02
Komárno,Komárno,KFC Komárno,70.8202607403,1297,5sqcuu8cql6utpiiunzurorv8,2026-10-02
Portmore United,Portmore,Portmore United FC,70.8171442782,1298,3b44u42lrrjhxh5ket3d32z9w,2026-10-02
Skalica,Skalica,MFK Skalica,70.8034301651,1299,5sqcuu8cql6utpiiunzurorv8,2026-10-02
Vegalta Sendai,Vegalta,Vegalta Sendai,70.798482654,1300,4zxaepel6gk1jzqf5di3m6iok,2026-10-02
Venados,Venados,Venados FC Yucatán,70.789108441,1301,3cxwni2dq94c7yt90g8m7rs44,2026-10-02
Utebo,Utebo,Utebo FC,70.7613531916,1302,3jk4gnb5m4ov0fm9ssmgg4c2c,2026-10-02
Teruel,Teruel,CD Teruel,70.7595999678,1303,c1yslf7aazs430di8dpm8yvx0,2026-10-02
UNA Strassen,Strassen,FC UNA Strassen,70.7581973877,1304,uza4dpaosr9j4jztif162p78,2026-10-02
Botafogo SP,Botafogo SP,Botafogo FC Ribeirão Preto,70.7541018492,1305,7pt8trpd4rbju1v568nuskdn8,2026-10-02
Nieciecza,Nieciecza,Bruk-Bet Termalica Nieciecza,70.7462754231,1306,9bj99ztou2rexljon6vvrssgk,2026-10-02
Selangor,Selangor,Selangor FC,70.7297563875,1307,6siod2n1m854sihsqbyknyl1w,2026-10-02
Amorebieta,Amorebieta,SD Amorebieta,70.7220806588,1308,3jk4gnb5m4ov0fm9ssmgg4c2c,2026-10-02
Defensores Belgrano VR,Def Belgrano,CAyS Defensores de Belgrano de Villa Ramallo,70.717634405,1309,1q9caek968o8ubc43inhg6uxg,2026-10-02
Comunicaciones,Comunicaciones,Comunicaciones FC,70.7152799203,1310,8hlpnvuhsi69veuw84gyggr9w,2026-10-02
Auda,Auda,FK Auda,70.7136650292,1311,d1tk0recez2ejvsidutwviwwk,2026-10-02
12 de Junio VH,12 de Junio,Club 12 de Junio de Villa Hayes,70.7088681066,1312,8vh8k7j5o8k9gynwf0ntfr578,2026-10-02
Newroz,Newroz,Newroz SC,70.6949410654,1313,1ua3sfkjt1blxmm5vtgqwavis,2026-10-02
Teungueth,Teungueth,Teungueth FC,70.6832653864,1314,1bt3oe8dwu7lmuy50kex4bkt0,2026-10-02
Conquense,Conquense,UB Conquense,70.6754436591,1315,3jk4gnb5m4ov0fm9ssmgg4c2c,2026-10-02
Torpedo Moskva,Torpedo,FK Torpedo Moskva,70.6705344464,1316,ewtzgv48te3m77r86sxunl3x0,2026-10-02
OFK Beograd,OFK,OFK Beograd,70.5965443341,1317,akqbhzm3iofv030i63sb5js44,2026-10-02
Rotherham United,Rotherham,Rotherham United FC,70.5681399165,1318,7kjvvls20hnhjguys4t73yjh0,2026-10-02
ASKO de Kara,ASKO,Association Sportive de la Kozah de Kara,70.5675458452,1319,d8hdusfvdmgo6ki7qtifb88wk,2026-10-02
Ghazl El Mahalla,El Mahalla,Ghazl El Mahalla SC,70.5571986317,1320,5q5bvm7r1fjy0h427jh93a9lg,2026-10-02
Malavan,Malavan,Malavan Bandar Anzali FC,70.5560753168,1321,1p2kviatzyprl6bv4j6zs9ams,2026-10-02
Tapatío,Tapatío,CD Tapatío,70.5548687612,1322,3cxwni2dq94c7yt90g8m7rs44,2026-10-02
Jorge Wilstermann,Wilstermann,Club Jorge Wilstermann,70.5524717497,1323,390x46f39c7iugr9wfd0h0qac,2026-10-02
Al Khaleej,Khaleej,Al Khaleej FC,70.5518672032,1324,4vs6oaojacz5bwo1320rkk844,2026-10-02
Le Puy Foot,Le Puy,Le Puy Football 43 Auvergne,70.5407871835,1325,2hzxt22wy9dxf7qxh08hjbuhg,2026-10-02
Lokeren,Lokeren,KSC Lokeren,70.5383324352,1326,83p55gs5rtqe8vjqg5t6me39w,2026-10-02
Arenas,Arenas,Arenas Club,70.5306174949,1327,c1yslf7aazs430di8dpm8yvx0,2026-10-02
Songo,Songo,UD Songo,70.5298480741,1328,12paa0nrmm7b6c9bt3b9rsx78,2026-10-02
Radnički Niš,Radnički Niš,FK Radnički Niš,70.5137848082,1329,akqbhzm3iofv030i63sb5js44,2026-10-02
Al Qadsia,Qadsia,Al Qadsia SC,70.5122404227,1330,evaw3m63xloe8o87vqybzjsic,2026-10-02
Atenas,Atenas,Club Sportivo y Biblioteca Atenas,70.5107408842,1331,1q9caek968o8ubc43inhg6uxg,2026-10-02
Blau-Weiß Linz,BW Linz,FC Blau-Weiß Linz,70.5029136327,1332,bbsieeq7vmacbhd5d5hvgu978,2026-10-02
Lahti,Lahti,FC Lahti,70.5022122648,1333,32gy6t29t9240sgu7l11j9nh0,2026-10-02
Alcoyano,Alcoyano,CD Alcoyano,70.4973026833,1334,3jk4gnb5m4ov0fm9ssmgg4c2c,2026-10-02
Derry City,Derry,Derry City FC,70.4769628772,1335,6zkfyunc0lfteytfj6slonuhg,2026-10-02
Jahn Regensburg,Regensburg,SSV Jahn Regensburg,70.4622339399,1336,58t4zseno2tp4253w3dm5i80k,2026-10-02
Al Talaba,Talaba,Al Talaba FC,70.4613932055,1337,1ua3sfkjt1blxmm5vtgqwavis,2026-10-02
Shanghai Shenhua,Shenhua,Shanghai Shenhua FC,70.453077403,1338,e6818x4pwankpph8awr91m1hw,2026-10-02
FADEP,FADEP,Fundación Amigos por el Deporte,70.4504226668,1339,1q9caek968o8ubc43inhg6uxg,2026-10-02
Almere City,Almere,Almere City FC,70.4471542159,1340,7bdyxkrzt42tv7377rpz5nqc4,2026-10-02
Britannia,Britannia,SV Britannia,70.4173844367,1341,7phwu4x5fqdwgmfu5vf5yhk44,2026-10-02
Žalgiris,Žalgiris,FK Žalgiris Vilnius,70.4173451685,1342,4hzcbeghy116szh7rtk757xg4,2026-10-02
Ngezi Platinum,Ngezi,Ngezi Platinum FC,70.4137701316,1343,8ea4fh0n7w704hsj43vlxw4yc,2026-10-02
Caen,Caen,Stade Malherbe Caen,70.3917441488,1344,2hzxt22wy9dxf7qxh08hjbuhg,2026-10-02
Milford,Milford,Milford FC,70.3864132592,1345,3wl91cn4c74oeacldjjpw800k,2026-10-02
Al Nahda,Nahda,Al Nahda Club,70.384939159,1346,cbdqxkajw3jvb9nqzpbraim1g,2026-10-02
Botev Vratsa,Botev Vratsa,POFK Botev Vratsa,70.3717541133,1347,3rbiru554kufnw6hrtsv0us5w,2026-10-02
Rot-Weiß Erfurt,Erfurt,FC Rot-Weiß Erfurt,70.3643893196,1348,cp9ieu0l4mgyazd7866sx8pw4,2026-10-02
Ebro,Ebro,CD Ebro,70.3605315611,1349,3jk4gnb5m4ov0fm9ssmgg4c2c,2026-10-02
Waldhof Mannheim,Waldhof,SV Waldhof Mannheim 07,70.3580766205,1350,58t4zseno2tp4253w3dm5i80k,2026-10-02
Lechia Gdańsk,Lechia,KS Lechia Gdańsk,70.3521146109,1351,9bj99ztou2rexljon6vvrssgk,2026-10-02
UTC Cajamarca,UTC,Club Universidad Técnica de Cajamarca,70.3515254233,1352,7z7bio16q91wdq4kywi8wlmok,2026-10-02
Cannes,Cannes,AS de Cannes,70.3479061243,1353,2hzxt22wy9dxf7qxh08hjbuhg,2026-10-02
Okzhetpes,Okzhetpes,FK Okzhetpes Kokshetau,70.3472047091,1354,5dlquxczyamt372efk9kgws2c,2026-10-02
UCAM Murcia,UCAM,Universidad Católica de Murcia CF,70.3443990462,1355,3jk4gnb5m4ov0fm9ssmgg4c2c,2026-10-02
Trenčín,Trenčín,AS Trenčín,70.3436976299,1356,5sqcuu8cql6utpiiunzurorv8,2026-10-02
Gaborone United,Gaborone,Gaborone United FC,70.3369272058,1357,e2i85rbbrmh0zcyvozwl9qk9g,2026-10-02
Al Shamal,Shamal,Al Shamal SC,70.3295275924,1358,b0n3k3rsxrgrfimue4kkxqmms,2026-10-02
Trujillanos,Trujillanos,Trujillanos FC,70.3276772242,1359,55wby45j07iiofu0nuiy08xzo,2026-10-02
Talavera,Talavera,CF Talavera de la Reina,70.3163422287,1360,3jk4gnb5m4ov0fm9ssmgg4c2c,2026-10-02
Ružomberok,Ružomberok,MFK Ružomberok,70.2914415161,1361,5sqcuu8cql6utpiiunzurorv8,2026-10-02
Partizani Tirana,Partizani,KF Partizani Tirana,70.2682941326,1362,bd2cao9ydrq06v5uu7x4ytiqc,2026-10-02
Ikorodu City,Ikorodu City,Ikorodu City FC,70.2659463842,1363,bblld98re54ohfsni235m1gyc,2026-10-02
Fatih Karagümrük,Fatih,Fatih Karagümrük SK,70.2640854923,1364,9vlcn0hdb4ufq9s8e7kjnfn6c,2026-10-02
Ankara Keçiörengücü,Keçiörengücü,Ankara Keçiörengücü,70.2626826105,1365,9vlcn0hdb4ufq9s8e7kjnfn6c,2026-10-02
Dila,Dila,FC Dila Gori,70.2532131359,1366,dmtc6z8cwdmdocaz02qc5p0yc,2026-10-02
Ajman,Ajman,Ajman Club,70.2421990552,1367,b6a9x42zsbxzbc2n5t79kdono,2026-10-02
La Roche VF,La Roche,Vendée Foot Club La Roche-sur-Yon,70.2398856609,1368,2hzxt22wy9dxf7qxh08hjbuhg,2026-10-02
Curicó Unido,Curicó Unido,CD Provincial Curicó Unido,70.235087751,1369,3mlz1os528syxdg3qpkz4ljis,2026-10-02
Drenica Skënderaj,Drenica,KF Drenica Skënderaj,70.2335749249,1370,cex4ulecg78atcdvr7zz1dqtw,2026-10-02
Polonia Warszawa,Polonia,KSP Polonia Warszawa,70.2212972113,1371,9bj99ztou2rexljon6vvrssgk,2026-10-02
Falkenberg,Falkenberg,Falkenbergs FF,70.2107753805,1372,e45p1bhnnox3kdgzamrx63r4k,2026-10-02
Guadalajara,Guadalajara,CD Guadalajara,70.2009549616,1373,3jk4gnb5m4ov0fm9ssmgg4c2c,2026-10-02
Dukla Banská Bystrica,Banská Bystric,MFK Dukla Banská Bystrica,70.1949925439,1374,5sqcuu8cql6utpiiunzurorv8,2026-10-02
NSÍ,NSÍ,NSÍ Runavík,70.1876271829,1375,9cmufoxqnsf2h6xwos1z1j6s4,2026-10-02
Samartex,Samartex,FC Samartex 1996,70.1791392214,1376,9jwcn4214a2l2atxhtwj6zxg4,2026-10-02
Vora,Vora,FK Vora,70.1595684482,1377,bd2cao9ydrq06v5uu7x4ytiqc,2026-10-02
Melipilla,Melipilla,CD Melipilla,70.1519644719,1378,1vt857quawnm0trdnurecgydw,2026-10-02
Ústí nad Labem,Ústí,FK Ústí nad Labem,70.1508000231,1379,6366wwpqz6bqwsprqq35h4hec,2026-10-02
Skënderbeu Korçë,Skënderbeu,KS Skënderbeu Korçë,70.14799412,1380,bd2cao9ydrq06v5uu7x4ytiqc,2026-10-02
Forge,Forge,Forge FC,70.1475049801,1381,bmqmrylzzfggzr15yas9dev4k,2026-10-02
Al-Akhdar,Akhdar,Al-Akhdar,70.140560535,1382,68kgxuk3dkg7p955ifkisgc9g,2026-10-02
Fram,Fram,Fram Reykjavík,70.1392256506,1383,eeeacj91qdk6pru5zwwobaiac,2026-10-02
Hoffenheim II,Hoffenheim II,TSG 1899 Hoffenheim II,70.1322108509,1384,58t4zseno2tp4253w3dm5i80k,2026-10-02
Naft,Naft,Al Naft Sport Club,70.1306685143,1385,1ua3sfkjt1blxmm5vtgqwavis,2026-10-02
Asyut Petrol,Asyut Petrol,Asyut Petroleum,70.1226704583,1386,5q5bvm7r1fjy0h427jh93a9lg,2026-10-02
Aluminij,Aluminij,NK Aluminij,70.1213378689,1387,8pj9wygfe1cepoagkwe0x785w,2026-10-02
Malacateco,Malacateco,CD Malacateco-Coatepeque,70.1166398123,1388,8hlpnvuhsi69veuw84gyggr9w,2026-10-02
Suwon,Suwon,Suwon FC,70.0981501855,1389,aqzfod554aa202i8pjkt4ou1g,2026-10-02
Águila,Águila,CD Águila,70.0933175958,1390,30t9l739hkqomjqhti9lxg5qs,2026-10-02
Port Vale,Port Vale,Port Vale FC,70.093278322,1391,7kjvvls20hnhjguys4t73yjh0,2026-10-02
Poblense,Poblense,UD Poblense,70.0803006652,1392,3jk4gnb5m4ov0fm9ssmgg4c2c,2026-10-02
Londrina,Londrina,Londrina EC,70.0667336739,1393,7pt8trpd4rbju1v568nuskdn8,2026-10-02
Siwelele,Siwelele,Siwelele FC,70.0647972995,1394,3wl91cn4c74oeacldjjpw800k,2026-10-02
Vllaznia Shkodër,Vllaznia,KS Vllaznia Shkodër,70.0599571632,1395,bd2cao9ydrq06v5uu7x4ytiqc,2026-10-02
Mladost Lučani,Mladost Lučani,FK Mladost Lučani,70.0575019007,1396,akqbhzm3iofv030i63sb5js44,2026-10-02
NEC,NEC,NEC FC,70.052874045,1397,d43v3lpfbbegmsubl20bdpct0,2026-10-02
Odd,Odd,Odds BK,70.0522406151,1398,1b7iiw2jok0qp6s65rmh05a1g,2026-10-02
Phönix Lübeck,Phönix Lübeck,1. FC Phönix Lübeck,70.037508951,1399,cp9ieu0l4mgyazd7866sx8pw4,2026-10-02
Fajr Sepasi,Fajr,Basij Moghavemat Shahid Sepasi Fars FC,70.0300013975,1400,1p2kviatzyprl6bv4j6zs9ams,2026-10-02
İmişli,İmişli,İmişli FK,70.0259340054,1401,cjfv1fu1qsr0jyk785saolgd0,2026-10-02
Plaza Colonia,Plaza Colonia,Club Plaza Colonia de Deportes,70.0256954908,1402,6oy1dcqjggeoyx76gstf8zkes,2026-10-02
Sochi,Sochi,PFK Sochi,70.0238294636,1403,ewtzgv48te3m77r86sxunl3x0,2026-10-02
Costa Brava,Costa Brava,CA Costa Brava,70.0200833743,1404,1q9caek968o8ubc43inhg6uxg,2026-10-02
Deportes Santa Cruz,Santa Cruz,CD Santa Cruz,70.0179788271,1405,3mlz1os528syxdg3qpkz4ljis,2026-10-02
Egersund,Egersund,Egersunds IK,70.0147097599,1406,1b7iiw2jok0qp6s65rmh05a1g,2026-10-02
Shelbourne,Shelbourne,Shelbourne FC,69.9901565306,1407,6zkfyunc0lfteytfj6slonuhg,2026-10-02
Miedź Legnica,Miedź,MKS Miedź Legnica,69.9891042434,1408,9bj99ztou2rexljon6vvrssgk,2026-10-02
Hallescher FC,Hallescher FC,Hallescher FC,69.9592892393,1409,cp9ieu0l4mgyazd7866sx8pw4,2026-10-02
Bristol Rovers,Bristol R,Bristol Rovers FC,69.955080031,1410,7kjvvls20hnhjguys4t73yjh0,2026-10-02
Colombe,Colombe,Colombe Sportive du Dja et Lobo,69.9536065756,1411,cqmw3la51kme1j36rsfej2p04,2026-10-02
Dynamos,Dynamos,Dynamos FC,69.9511535046,1412,8ea4fh0n7w704hsj43vlxw4yc,2026-10-02
Cibalia,Cibalia,HNK Cibalia Vinkovci,69.9431538984,1413,cuux8wgnrxz78zen0blqr5q1g,2026-10-02
Nafta,Nafta,NK Nafta 1903 Lendava,69.9414000501,1414,8pj9wygfe1cepoagkwe0x785w,2026-10-02
Deportiva Minera,Minera,Club Deportiva Minera,69.9364892677,1415,3jk4gnb5m4ov0fm9ssmgg4c2c,2026-10-02
Fleury,Fleury,FC Fleury 91,69.9312277035,1416,2hzxt22wy9dxf7qxh08hjbuhg,2026-10-02
Plateau United,Plateau Utd,Plateau United FC,69.9243195726,1417,bblld98re54ohfsni235m1gyc,2026-10-02
Slavia Sofia,Slavia Sofia,PFK Slavia 1913 Sofia,69.9242122657,1418,3rbiru554kufnw6hrtsv0us5w,2026-10-02
Dinamo Tbilisi,Dinamo Tbilisi,FC Dinamo Tbilisi,69.9080766768,1419,dmtc6z8cwdmdocaz02qc5p0yc,2026-10-02
Bangkok United,Bangkok Utd,True Bangkok United FC,69.9006718064,1420,2y9xq2tx9nthjl37uqgtoc2z8,2026-10-02
Masar,Masar,FC Masar,69.8978337958,1421,c8yhc9482s3xm3dplmzcg8wes,2026-10-02
Kheybar Khorramabad,Kheybar,Kheybar Khorramabad,69.8925008341,1422,1p2kviatzyprl6bv4j6zs9ams,2026-10-02
SJK,SJK,Seinäjoen Jalkapallokerho,69.8845746367,1423,32gy6t29t9240sgu7l11j9nh0,2026-10-02
Boca Juniors de Cali,Boca,Club Atlético Boca Juniors de Cali,69.881880656,1424,3f1bsdfpg1eedvajxpif8t5p0,2026-10-02
HB,HB,HB Tórshavn,69.8558106163,1425,9cmufoxqnsf2h6xwos1z1j6s4,2026-10-02
Sevilla II,Sevilla II,Sevilla Atlético,69.8501980823,1426,3jk4gnb5m4ov0fm9ssmgg4c2c,2026-10-02
Bastia,Bastia,SC Bastia,69.8456378882,1427,2hzxt22wy9dxf7qxh08hjbuhg,2026-10-02
Tampa Bay Rowdies,Tampa Bay,Tampa Bay Rowdies,69.8423424051,1428,cbkjk31sv9wm38ljg3vxhtus4,2026-10-02
Epitsentr,Epitsentr,FK Epitsentr Kamianets-Podilskyi,69.8379206158,1429,5vqx2miccjg04lp2pqs1hbmc,2026-10-02
Deportivo Cuenca Juniors,CD Cuenca Jrs,CD Cuenca Juniors,69.83522658,1430,2tnmtnib22zkesr45sr0p8xsk,2026-10-02
VPS,VPS,Vaasan Palloseura,69.8351143285,1431,32gy6t29t9240sgu7l11j9nh0,2026-10-02
Marbella,Marbella,Marbella FC,69.8288001694,1432,3jk4gnb5m4ov0fm9ssmgg4c2c,2026-10-02
Dreams,Dreams,Dreams FC,69.8262742702,1433,9jwcn4214a2l2atxhtwj6zxg4,2026-10-02
Montego Bay United,Montego Bay,Montego Bay United FC,69.8221744831,1434,3b44u42lrrjhxh5ket3d32z9w,2026-10-02
Velež,Velež,FK Velež Mostar,69.813014695,1435,4c48j9oq3d0aje3ojkb3mbp5g,2026-10-02
Exeter City,Exeter,Exeter City FC,69.7954751508,1436,7kjvvls20hnhjguys4t73yjh0,2026-10-02
Mictlán,Mictlán,CD Mictlán,69.7897240447,1437,9krteg77umv3opxgpwp51d6ac,2026-10-02
Louisville City,Louisville,Louisville City FC,69.7865669045,1438,cbkjk31sv9wm38ljg3vxhtus4,2026-10-02
VfB Oldenburg,VfB Oldenburg,VfB Oldenburg 1897,69.7796894456,1439,cp9ieu0l4mgyazd7866sx8pw4,2026-10-02
UPNFM,UPNFM,Lobos de la Universidad Pedagógica Nacional Francisco Morazán,69.7795533274,1440,bifv7w5gplrvhfvyqle3jf504,2026-10-02
Aduana,Aduana,Aduana FC,69.7722523559,1441,9jwcn4214a2l2atxhtwj6zxg4,2026-10-02
Salcedo,Salcedo,Salcedo FC,69.7621889243,1442,cokma0jt05z41cexn5ea0mxg,2026-10-02
Wehen Wiesbaden,Wiesbaden,SV Wehen 1926 Wiesbaden,69.7607464549,1443,58t4zseno2tp4253w3dm5i80k,2026-10-02
San Antonio,San Antonio,San Antonio FC,69.7587539237,1444,2tnmtnib22zkesr45sr0p8xsk,2026-10-02
Concarneau,Concarneau,US Concarneau,69.7579400725,1445,2hzxt22wy9dxf7qxh08hjbuhg,2026-10-02
Sanluqueño,Sanluqueño,Atlético Sanluqueño CF,69.7519764984,1446,3jk4gnb5m4ov0fm9ssmgg4c2c,2026-10-02
Karviná,Karviná,MFK Karviná,69.7495209045,1447,6366wwpqz6bqwsprqq35h4hec,2026-10-02
Vejle,Vejle,Vejle BK,69.7495209045,1448,2mb332vncy4450vu14paj8844,2026-10-02
Lokomotiv Sofia 1929,Lokomotiv Sf,FK Lokomotiv Sofia 1929,69.7393477017,1449,3rbiru554kufnw6hrtsv0us5w,2026-10-02
Charleston Battery,Charleston,Charleston Battery,69.7325440483,1450,cbkjk31sv9wm38ljg3vxhtus4,2026-10-02
Seoul E-Land,Seoul E-Land,Seoul E-Land FC,69.7287850627,1451,aqzfod554aa202i8pjkt4ou1g,2026-10-02
Bergantiños,Bergantiños,Bergantiños CF,69.7270696378,1452,3jk4gnb5m4ov0fm9ssmgg4c2c,2026-10-02
Comerciantes,Comerciantes,AD Comerciantes FC,69.7257786832,1453,4wjv3pabgbhm9is93zhe6zf9w,2026-10-02
Abha,Abha,Abha FC,69.7209642778,1454,4vs6oaojacz5bwo1320rkk844,2026-10-02
Deportivo Rincón,Rincón,CD Rincón de Los Sauces,69.7205166326,1455,1q9caek968o8ubc43inhg6uxg,2026-10-02
Drochtersen / Assel,Drochtersen,SV Drochtersen / Assel,69.7193519637,1456,cp9ieu0l4mgyazd7866sx8pw4,2026-10-02
BG Pathum United,BGPU,BG Pathum United FC,69.7144021144,1457,2y9xq2tx9nthjl37uqgtoc2z8,2026-10-02
Al Faisaly,Faisaly,Al Faisaly FC,69.7002667645,1458,4vs6oaojacz5bwo1320rkk844,2026-10-02
Larne,Larne,Larne FC,69.6983036286,1459,8ahwg697cwemg7ctdnexwqivo,2026-10-02
Ruch Chorzów,Ruch,KS Ruch Chorzów,69.6937431303,1460,9bj99ztou2rexljon6vvrssgk,2026-10-02
Yokohama,Yokohama,Yokohama FC,69.6894948425,1461,4zxaepel6gk1jzqf5di3m6iok,2026-10-02
Nîmes,Nîmes,Nîmes Olympique,69.6884283842,1462,4puti0g0aurz6lctqhbonl2c4,2026-10-02
UD Ourense,UD Ourense,UD Ourense,69.6825172494,1463,c1yslf7aazs430di8dpm8yvx0,2026-10-02
Tikvesh,Tikvesh,FK Tikvesh 1930,69.6779567195,1464,bdisf9hz6nqbfmztljccr2978,2026-10-02
Bursaspor,Bursaspor,Bursaspor Kulübü,69.6772550987,1465,9vlcn0hdb4ufq9s8e7kjnfn6c,2026-10-02
Veres Rivne,Veres Rivne,NK Veres Rivne,69.6755010458,1466,5vqx2miccjg04lp2pqs1hbmc,2026-10-02
TS Galaxy,Galaxy,TS Galaxy FC,69.669116051,1467,3wl91cn4c74oeacldjjpw800k,2026-10-02
Zob Ahan,Zob Ahan,Zob Ahan FC,69.6648349911,1468,1p2kviatzyprl6bv4j6zs9ams,2026-10-02
Hafia,Hafia,Hafia FC,69.6614004863,1469,1odzlx97lfuimst69uxvbn310,2026-10-02
Nejmeh,Nejmeh,Nejmeh SC,69.6581718523,1470,9lv9rln2qwsqme0g8t366uiac,2026-10-02
Bukovyna,Bukovyna,FK Bukovyna Chernivtsi,69.6291935584,1471,5vqx2miccjg04lp2pqs1hbmc,2026-10-02
Bendel Insurance,Bendel Ins.,Bendel Insurance,69.6285992434,1472,bblld98re54ohfsni235m1gyc,2026-10-02
Ponce,Ponce,Ponce FC,69.6274787519,1473,9ij31b9nteu7u821uzpr04k4,2026-10-02
Rangers,Rangers,CSD Rangers,69.6264992755,1474,3mlz1os528syxdg3qpkz4ljis,2026-10-02
Zakho,Zakho,Zakho SC,69.6055492332,1475,1ua3sfkjt1blxmm5vtgqwavis,2026-10-02
AFAD,AFAD,Académie de Football Amadou Diallo de Djékanou,69.6054451398,1476,2x67tvk4kdanna2zej4ui0bv8,2026-10-02
NAC Breda,NAC,NAC Breda,69.6053378179,1477,7bdyxkrzt42tv7377rpz5nqc4,2026-10-02
Liège,Liège,RFC de Liege,69.6014787775,1478,83p55gs5rtqe8vjqg5t6me39w,2026-10-02
MO Béjaïa,MO Béjaïa,MO Béjaïa,69.5943919283,1479,flxkeved0q9tmclqafcpql1w,2026-10-02
Rotor Volgograd,Rotor,FK Rotor Volgograd,69.591655736,1480,ewtzgv48te3m77r86sxunl3x0,2026-10-02
Kahraba Ismailia,Kahraba,Kahraba Ismailia SC,69.5912345169,1481,c8yhc9482s3xm3dplmzcg8wes,2026-10-02
USFA,USFA,US des Forces Armées,69.5794841975,1482,56y5sheadf58560v7uwkil9n8,2026-10-02
First Vienna,First Vienna,First Vienna FC 1894,69.57727192,1483,bbsieeq7vmacbhd5d5hvgu978,2026-10-02
Sportivo Belgrano,Belgrano,CS Belgrano de San Francisco,69.5756300542,1484,1q9caek968o8ubc43inhg6uxg,2026-10-02
ZESCO United,ZESCO,ZESCO United FC,69.5745726345,1485,3yqrgsjxdtodaoynaqjdtzuhg,2026-10-02
Spartak Kostroma,Spartak Ks,FK Spartak Kostroma,69.5663962913,1486,ewtzgv48te3m77r86sxunl3x0,2026-10-02
Torpedo BelAZ,Torpedo BelAZ,FK Torpedo-BelAZ Zhodino,69.5653438083,1487,2tml5a5shxx16bkg25p0hh8gk,2026-10-02
Francs Borains,Francs Borains,Royal Francs Borains,69.563940497,1488,83p55gs5rtqe8vjqg5t6me39w,2026-10-02
Persija,Persija,Persatuan Sepak Bola Indonesia Jakarta,69.5593411379,1489,2t0yn5r2hq16whtb16f4i7nro,2026-10-02
Varberg,Varberg,Varbergs BoIS FC,69.5442940467,1490,e45p1bhnnox3kdgzamrx63r4k,2026-10-02
Chrobry Głogów,Chrobry,MZKS Chrobry Głogów,69.5418382284,1491,9bj99ztou2rexljon6vvrssgk,2026-10-02
Ratchaburi,Ratchaburi,Ratchaburi FC,69.5351338311,1492,2y9xq2tx9nthjl37uqgtoc2z8,2026-10-02
Orléans,Orléans,US Orléans Loiret Football,69.5285065973,1493,2hzxt22wy9dxf7qxh08hjbuhg,2026-10-02
Al Hilal,Hilal,Al Hilal SC,69.5270351719,1494,68kgxuk3dkg7p955ifkisgc9g,2026-10-02
RKC Waalwijk,RKC,RKC Waalwijk,69.5134207096,1495,7bdyxkrzt42tv7377rpz5nqc4,2026-10-02
AGMK,AGMK,FK AGMK,69.5066131019,1496,30hnhs47crryfhtm1523ygzkk,2026-10-02
Port City,Port City,Port City FC,69.4961592938,1497,9jwcn4214a2l2atxhtwj6zxg4,2026-10-02
Rot-Weiß Oberhausen,RW Oberhausen,SC Rot-Weiß Oberhausen 1904,69.4839503141,1498,cp9ieu0l4mgyazd7866sx8pw4,2026-10-02
Ashdod,Ashdod,FC Ashdod,69.4821961118,1499,1mqfttramp7l8dfkpwk7w6wic,2026-10-02
Würzburger Kickers,Würzburg,FC Würzburger Kickers,69.4797402264,1500,58t4zseno2tp4253w3dm5i80k,2026-10-02
Municipal Limeño,Limeño,CD Municipal Limeño,69.4710084696,1501,30t9l739hkqomjqhti9lxg5qs,2026-10-02
Fortuna Köln,Fortuna Köln,SC Fortuna Köln,69.4481643188,1502,58t4zseno2tp4253w3dm5i80k,2026-10-02
Sportivo Las Parejas,Las Parejas,Sportivo Atlético Club Las Parejas,69.4465223596,1503,1q9caek968o8ubc43inhg6uxg,2026-10-02
Carl Zeiss Jena,Jena,FC Carl Zeiss Jena,69.4460592427,1504,cp9ieu0l4mgyazd7866sx8pw4,2026-10-02
Aurora,Aurora,Aurora FC,69.4459207983,1505,8hlpnvuhsi69veuw84gyggr9w,2026-10-02
Meppen,Meppen,SV Meppen 1912,69.4386914608,1506,58t4zseno2tp4253w3dm5i80k,2026-10-02
Omiya Ardija,Omiya,RB Omiya Ardija,69.4253206297,1507,4zxaepel6gk1jzqf5di3m6iok,2026-10-02
Valletta,Valletta,Valletta FC,69.4211490265,1508,3jedmdrdnamejeki9uh7jrs44,2026-10-02
Pérez Zeledón,Pérez Zeledón,Municipal de Pérez Zeledón,69.4178529278,1509,dys50za4ylhqy94bj8zhmyx3o,2026-10-02
Macarthur,Macarthur,Macarthur FC,69.3940948179,1510,1ztoqmkrzy1d4ejf5jokthiqc,2026-10-02
Jaraaf,Jaraaf,ASC les Jaraaf de Dakar,69.3844168045,1511,1bt3oe8dwu7lmuy50kex4bkt0,2026-10-02
Chemnitzer FC,Chemnitz,Chemnitzer FC,69.3790466297,1512,cp9ieu0l4mgyazd7866sx8pw4,2026-10-02
Singida Black Stars,Black Stars,Singida Black Stars SC,69.3756453959,1513,c5wdltkcr7ti6feuv6ej6kavo,2026-10-02
Estepona,Estepona,CD Estepona FS,69.3692226245,1514,3jk4gnb5m4ov0fm9ssmgg4c2c,2026-10-02
Génération Foot,Génération Ft.,AS Académie Génération Foot,69.3668739497,1515,1bt3oe8dwu7lmuy50kex4bkt0,2026-10-02
Walsall,Walsall,Walsall FC,69.3555391176,1516,7kjvvls20hnhjguys4t73yjh0,2026-10-02
Dinamo Batumi,Dinamo Batumi,FC Dinamo Batumi,69.3555391176,1517,dmtc6z8cwdmdocaz02qc5p0yc,2026-10-02
San-Pédro,San-Pédro,San-Pédro FC,69.3475766524,1518,2x67tvk4kdanna2zej4ui0bv8,2026-10-02
Árabe Unido,Árabe,CD Árabe Unido,69.3266299455,1519,dxqxpijuyxkzzosa7wdmhzd3o,2026-10-02
Esenler Erokspor,Erokspor,Esenler Erokspor Kulübü,69.3232597477,1520,9vlcn0hdb4ufq9s8e7kjnfn6c,2026-10-02
Thể Công – Viettel,Viettel,Thể Công – Viettel FC,69.3056778232,1521,cld1l7cgrsr3bij22f2ytqiok,2026-10-02
Haras El Hodood,Haras,Haras El Hodood SC,69.3024882007,1522,c8yhc9482s3xm3dplmzcg8wes,2026-10-02
Espanyol II,Espanyol II,Reial Club Deportiu Espanyol II,69.2913307873,1523,3jk4gnb5m4ov0fm9ssmgg4c2c,2026-10-02
Anzoátegui,Anzoátegui,Anzoátegui FC,69.2777590882,1524,55wby45j07iiofu0nuiy08xzo,2026-10-02
Gwangju,Gwangju,Gwangju FC,69.2737486145,1525,aclvhp7yp4w85gpqw5yyt1xqs,2026-10-02
Arka Gdynia,Arka,MZKS Arka Gdynia,69.2723837184,1526,9bj99ztou2rexljon6vvrssgk,2026-10-02
Etoile du Sahel,ES Sahel,Étoile Sportive du Sahel,69.2712606936,1527,2cdwuc8jbyg41icy3ah21d2c4,2026-10-02
Bodrum,Bodrum,Bodrum FK,69.2664188676,1528,9vlcn0hdb4ufq9s8e7kjnfn6c,2026-10-02
Borneo,Borneo,Borneo FC Samarinda,69.2600645298,1529,2t0yn5r2hq16whtb16f4i7nro,2026-10-02
Deportivo Lara,Deportivo Lara,AC Lara,69.2535487711,1530,5l0o7aj8bf50pay409j5x0j6c,2026-10-02
AS Douanes,Douanes,AS Douanes,69.2410853891,1531,dp0cjg7hm16o0ay8b1amdexhw,2026-10-02
Kano Pillars,Kano Pillars,Kano Pillars FC,69.2405613785,1532,bblld98re54ohfsni235m1gyc,2026-10-02
Gernika,Gernika,SD Gernika Club,69.2334364669,1533,3jk4gnb5m4ov0fm9ssmgg4c2c,2026-10-02
San Francisco,San Francisco,San Francisco FC,69.2332980095,1534,dxqxpijuyxkzzosa7wdmhzd3o,2026-10-02
Estrella Roja,Estrella Roja,Estrella Roja de Araulí,69.2290897618,1535,bifv7w5gplrvhfvyqle3jf504,2026-10-02
Reddis,Reddis,CF Reddis,69.2218574248,1536,3jk4gnb5m4ov0fm9ssmgg4c2c,2026-10-02
Csikszereda,Csikszereda,AFK Csikszereda Miercurea Ciuc,69.2215065438,1537,zbhxyecp7s7s2dqg00ojrbis,2026-10-02
Excelsior Virton,Virton,Royal Excelsior Virton,69.2116818539,1538,83p55gs5rtqe8vjqg5t6me39w,2026-10-02
Torpedo Kutaisi,Kutaisi,FC Torpedo Kutaisi,69.2060677262,1539,dmtc6z8cwdmdocaz02qc5p0yc,2026-10-02
Cavalier,Cavalier,Cavalier FC,69.2032999463,1540,3b44u42lrrjhxh5ket3d32z9w,2026-10-02
Salamanca UDS,Salamanca UDS,Salamanca CF UDS,69.1909796888,1541,3jk4gnb5m4ov0fm9ssmgg4c2c,2026-10-02
Kecskemét,Kecskemét,Kecskeméti TE,69.1899270312,1542,cnv4lxtlbn15zo28rnoqs4kr8,2026-10-02
Boca Unidos,Boca Unidos,CA Boca Unidos,69.1886357707,1543,1q9caek968o8ubc43inhg6uxg,2026-10-02
St. Pölten,St. Pölten,spusu SKN St. Pölten,69.1822075276,1544,bbsieeq7vmacbhd5d5hvgu978,2026-10-02
Sumqayıt,Sumqayıt,FK Sumqayıt,69.1769442146,1545,cjfv1fu1qsr0jyk785saolgd0,2026-10-02
Safa,Safa,FK Safa,69.1713300005,1546,cjfv1fu1qsr0jyk785saolgd0,2026-10-02
Aigles du Congo,Aigles,FC Les Aigles du Congo,69.1649458908,1547,ehmma83pqd17k7x6if20hmrkk,2026-10-02
Zarzis,ESZ,ES Zarzis,69.1456445621,1548,2cdwuc8jbyg41icy3ah21d2c4,2026-10-02
Carlos Mannucci,Mannucci,CSD Carlos A. Mannucci,69.1454763641,1549,4wjv3pabgbhm9is93zhe6zf9w,2026-10-02
Vision,Vision,Vision FC,69.14003027,1550,9jwcn4214a2l2atxhtwj6zxg4,2026-10-02
Juventud Unida Univ.,Juventud UU,CA Juventud Unida Universitario,69.1381076025,1551,1q9caek968o8ubc43inhg6uxg,2026-10-02
Xerez,Xerez,Xerez CD,69.1106254179,1552,3jk4gnb5m4ov0fm9ssmgg4c2c,2026-10-02
Nassaji Mazandaran,Nassaji,Nassaji Mazandaran,69.1027638991,1553,1p2kviatzyprl6bv4j6zs9ams,2026-10-02
Asante Kotoko,Asante Kotoko,Asante Kotoko FC,69.0968699333,1554,9jwcn4214a2l2atxhtwj6zxg4,2026-10-02
Desportivo Huíla,Huíla,Clube Desportivo da Huíla,69.0940650349,1555,ofi6heevfqlhgto3devky0b8,2026-10-02
Atlético Independiente,Independiente,Atlético Independiente Siguatepeque,69.0915406725,1556,bifv7w5gplrvhfvyqle3jf504,2026-10-02
Táborsko,Táborsko,FK SILON Táborsko,69.0888696205,1557,6366wwpqz6bqwsprqq35h4hec,2026-10-02
Ranheim,Ranheim,Ranheim Fotball,69.0881678171,1558,1b7iiw2jok0qp6s65rmh05a1g,2026-10-02
Bentín Tacna Heroica,Tacna Heroica,CD Bentín Tacna Heroica,69.0847710855,1559,4wjv3pabgbhm9is93zhe6zf9w,2026-10-02
Lyn,Lyn,FC Lyn Oslo,69.0825533819,1560,1b7iiw2jok0qp6s65rmh05a1g,2026-10-02
Gorée,Gorée,Union Sportive Goréenne,69.0717827212,1561,1bt3oe8dwu7lmuy50kex4bkt0,2026-10-02
Hvidovre,Hvidovre,Hvidovre IF,69.0713244696,1562,2mb332vncy4450vu14paj8844,2026-10-02
Bechem United,Bechem Utd,Bechem United FC,69.0709031537,1563,9jwcn4214a2l2atxhtwj6zxg4,2026-10-02
Isidro Metapán,Isidro,AD Isidro Metapán,69.054871195,1564,30t9l739hkqomjqhti9lxg5qs,2026-10-02
Independiente FBC,Independiente,Independiente FBC (Campo Grande),69.0433642348,1565,8vh8k7j5o8k9gynwf0ntfr578,2026-10-02
Girona II,Girona II,Girona FC II,69.0285137279,1566,3jk4gnb5m4ov0fm9ssmgg4c2c,2026-10-02
Al Karama,Karama,Al Karama SC,69.0187242126,1567,epf0rlgn33w37t43qiocvx4wk,2026-10-02
Western Sydney Wanderers,Wanderers,Western Sydney Wanderers FC,69.015842294,1568,1ztoqmkrzy1d4ejf5jokthiqc,2026-10-02
Prachuap,Prachuap,PT Prachuap FC,69.013034988,1569,2y9xq2tx9nthjl37uqgtoc2z8,2026-10-02
APR,APR,Armée Patriotique Rwandaise FC,69.0079172324,1570,193l1zv2eyi82heh2jblkwqhg,2026-10-02
Real Valladolid II,Valladolid II,Real Valladolid CF Promesas,69.0046516497,1571,3jk4gnb5m4ov0fm9ssmgg4c2c,2026-10-02
Dukla Praha,Dukla,FK Dukla Praha,69.0007915838,1572,6366wwpqz6bqwsprqq35h4hec,2026-10-02
Inter Santa Tecla,Inter,Internacional Santa Tecla,68.9927598085,1573,30t9l739hkqomjqhti9lxg5qs,2026-10-02
Minsk,Minsk,FK Minsk,68.9895622637,1574,2tml5a5shxx16bkg25p0hh8gk,2026-10-02
Feronikeli,Feronikeli,KF Feronikeli,68.9874590667,1575,cex4ulecg78atcdvr7zz1dqtw,2026-10-02
Alianza,Alianza,Alianza FC Panama,68.98696737,1576,dxqxpijuyxkzzosa7wdmhzd3o,2026-10-02
San Martín Mendoza,SM Mendoza,Atlético Club San Martín de Mendoza,68.9700231132,1577,1q9caek968o8ubc43inhg6uxg,2026-10-02
Real Oviedo II,Oviedo II,Real Oviedo Vetusta,68.9474518141,1578,3jk4gnb5m4ov0fm9ssmgg4c2c,2026-10-02
Heart of Lions,Lions,Heart of Lions FC,68.9431703102,1579,9jwcn4214a2l2atxhtwj6zxg4,2026-10-02
Livyi Bereh,Livyi Bereh,FK Livyi Bereh,68.9414861033,1580,5vqx2miccjg04lp2pqs1hbmc,2026-10-02
Breidablik,Breidablik,Breidablik UBK,68.9404333292,1581,eeeacj91qdk6pru5zwwobaiac,2026-10-02
Al Arabi,Arabi,Al Arabi SC,68.9395897255,1582,b0n3k3rsxrgrfimue4kkxqmms,2026-10-02
Sacramento Republic,Sacramento,Sacramento Republic FC,68.9294161582,1583,cbkjk31sv9wm38ljg3vxhtus4,2026-10-02
Sarmiento de La Banda,Sar La Banda,CA Sarmiento de La Banda,68.9265085902,1584,1q9caek968o8ubc43inhg6uxg,2026-10-02
Bibiani Gold Stars,Bibiani,Bibiani Gold Stars FC,68.9186054703,1585,9jwcn4214a2l2atxhtwj6zxg4,2026-10-02
Bartolomé Mitre,Bartolomé Mit.,CA Bartolomé Mitre,68.9135242549,1586,1q9caek968o8ubc43inhg6uxg,2026-10-02
Wellington Phoenix,Wellington,Wellington Phoenix FC,68.9109168509,1587,1ztoqmkrzy1d4ejf5jokthiqc,2026-10-02
Admira Wacker,Admira,FC Admira Wacker Mödling,68.9099026647,1588,bbsieeq7vmacbhd5d5hvgu978,2026-10-02
La Unión,La Unión,CD La Unión,68.9036982215,1589,6f3mt0vs7zxlbfevjpbqur4lw,2026-10-02
Al Wahda,Wahda,Al Wahda SC,68.9008144952,1590,epf0rlgn33w37t43qiocvx4wk,2026-10-02
Waterhouse,Waterhouse,Waterhouse FC,68.8994140477,1591,3b44u42lrrjhxh5ket3d32z9w,2026-10-02
Atlético Pantoja,CA Pantoja,Club Atlético Pantoja,68.8920444804,1592,6tlslyufw6rjrjgemsur1xo9g,2026-10-02
Landskrona,Landskrona,Landskrona BoIS,68.8884958595,1593,e45p1bhnnox3kdgzamrx63r4k,2026-10-02
Unterhaching,Unterhaching,SpVgg Unterhaching,68.8863902611,1594,cp9ieu0l4mgyazd7866sx8pw4,2026-10-02
Marsaxlokk,Marsaxlokk,Marsaxlokk FC,68.8860393278,1595,3jedmdrdnamejeki9uh7jrs44,2026-10-02
Unión San Felipe,San Felipe,CD Unión San Felipe,68.8854497598,1596,3mlz1os528syxdg3qpkz4ljis,2026-10-02
Shooting Stars,Shooting Stars,Shooting Stars FC (3SC),68.883339216,1597,bblld98re54ohfsni235m1gyc,2026-10-02
Vitebsk,Vitebsk,FK Vitebsk,68.8793715854,1598,2tml5a5shxx16bkg25p0hh8gk,2026-10-02
Durango,Durango,CF Alacranes de Durango,68.8776714479,1599,3cxwni2dq94c7yt90g8m7rs44,2026-10-02
Quevilly-Rouen Métropole,QRM,Quevilly-Rouen Métropole,68.8744584994,1600,2hzxt22wy9dxf7qxh08hjbuhg,2026-10-02
Al Shabab,Shabab,Al Shabab Club,68.8683508363,1601,cbdqxkajw3jvb9nqzpbraim1g,2026-10-02
ÍA,ÍA,ÍA Akranes,68.8670888503,1602,eeeacj91qdk6pru5zwwobaiac,2026-10-02
Floridsdorfer AC,FAC Wien,Floridsdorfer AC Wien,68.859017302,1603,bbsieeq7vmacbhd5d5hvgu978,2026-10-02
Spartak Varna,Spartak Varna,FK Spartak 1918 Varna,68.8555079242,1604,3rbiru554kufnw6hrtsv0us5w,2026-10-02
Covadonga,Covadonga,CD Covadonga,68.8530513564,1605,1h4ygpz4oamwj3kksmzc15ams,2026-10-02
Getafe II,Getafe II,Getafe CF II,68.8488400911,1606,3jk4gnb5m4ov0fm9ssmgg4c2c,2026-10-02
Ravenna,Ravenna,Ravenna FC,68.8463835161,1607,5sw6ud25poqqgzszu5yk6p0r8,2026-10-02
Brinje Grosuplje,Brinje,NK Brinje Grosuplje,68.8460325766,1608,8pj9wygfe1cepoagkwe0x785w,2026-10-02
Arnett Gardens,Gardens,Arnett Gardens FC,68.8457209324,1609,3b44u42lrrjhxh5ket3d32z9w,2026-10-02
Al Nasr,Nasr,Al Nasr SCSC,68.8451889374,1610,cbdqxkajw3jvb9nqzpbraim1g,2026-10-02
Jenis,Jenis,FK Jenis Astana,68.8365571889,1611,5dlquxczyamt372efk9kgws2c,2026-10-02
Sporting Gijón II,Gijón II,Real Sporting de Gijón II,68.8323458927,1612,1h4ygpz4oamwj3kksmzc15ams,2026-10-02
Sileks,Sileks,FK Sileks,68.8284855309,1613,bdisf9hz6nqbfmztljccr2978,2026-10-02
Lion City Sailors,Lion City,Lion City Sailors FC,68.827396407,1614,bi1hu93fyvmbyjjip2y05s3kk,2026-10-02
Gimnástica Segoviana,Segoviana,Gimnástica Segoviana CF,68.8260289336,1615,3jk4gnb5m4ov0fm9ssmgg4c2c,2026-10-02
Spezia,Spezia,Spezia Calcio,68.8221685609,1616,5sw6ud25poqqgzszu5yk6p0r8,2026-10-02
TransINVEST Vilnius,TransINVEST,FK TransINVEST Vilnius,68.8119911829,1617,4hzcbeghy116szh7rtk757xg4,2026-10-02
Barbastro,Barbastro,UD Barbastro,68.8095345675,1618,3jk4gnb5m4ov0fm9ssmgg4c2c,2026-10-02
Valenciennes,Valenciennes,Valenciennes FC,68.799708079,1619,2hzxt22wy9dxf7qxh08hjbuhg,2026-10-02
Berekum Chelsea,Chelsea,Berekum Chelsea FC,68.7873544874,1620,9jwcn4214a2l2atxhtwj6zxg4,2026-10-02
Coruxo,Coruxo,Coruxo FC,68.7790021231,1621,3jk4gnb5m4ov0fm9ssmgg4c2c,2026-10-02
Oriental,Oriental,Club Oriental de Futbol,68.7734992199,1622,6oy1dcqjggeoyx76gstf8zkes,2026-10-02
Shinnik,Shinnik,FK Shinnik Yaroslavl,68.7635602687,1623,ewtzgv48te3m77r86sxunl3x0,2026-10-02
Richards Bay,Richards Bay,Richards Bay FC,68.7606822262,1624,3wl91cn4c74oeacldjjpw800k,2026-10-02
Colchester United,Colchester,Colchester United FC,68.7558393017,1625,7kjvvls20hnhjguys4t73yjh0,2026-10-02
Sonnenhof Großaspach,Großaspach,SG Sonnenhof Großaspach,68.7516278539,1626,58t4zseno2tp4253w3dm5i80k,2026-10-02
Platense,Platense,CD Platense,68.7465783078,1627,bifv7w5gplrvhfvyqle3jf504,2026-10-02
Hødd,Hødd,IL Hødd,68.7442578013,1628,1b7iiw2jok0qp6s65rmh05a1g,2026-10-02
Široki Brijeg,Široki Brijeg,NK Široki Brijeg,68.7435558902,1629,4c48j9oq3d0aje3ojkb3mbp5g,2026-10-02
Mačva Šabac,Mačva,FK Mačva Šabac,68.7389934631,1630,akqbhzm3iofv030i63sb5js44,2026-10-02
Paradou AC,Paradou,Paradou AC,68.7269904952,1631,3npc49fs9snpta4p8le3r59g4,2026-10-02
Stjarnan,Stjarnan,UMF Stjarnan,68.7214455799,1632,eeeacj91qdk6pru5zwwobaiac,2026-10-02
Heilbronn-Freiberg,H.-Freiberg,SGV Heilbronn-Freiberg,68.7161811882,1633,cp9ieu0l4mgyazd7866sx8pw4,2026-10-02
Puszcza Niepołomice,Puszcza,MKS Puszcza Niepołomice,68.714075428,1634,9bj99ztou2rexljon6vvrssgk,2026-10-02
Valur,Valur,Valur Reykjavík,68.7119696659,1635,eeeacj91qdk6pru5zwwobaiac,2026-10-02
Kruger United,Kruger,Kruger United FC,68.709442518,1636,3wl91cn4c74oeacldjjpw800k,2026-10-02
Olot,Olot,UE Olot,68.7091619799,1637,3jk4gnb5m4ov0fm9ssmgg4c2c,2026-10-02
Antalyaspor,Antalyaspor,Antalyaspor Kulübü,68.705301406,1638,9vlcn0hdb4ufq9s8e7kjnfn6c,2026-10-02
Al Ula,Ula,Al Ula FC,68.6988423197,1639,3lxygsgllro9oeey1m5ndpct0,2026-10-02
Guillermo Brown,Guillermo Br,CSA Guillermo Brown,68.6794424084,1640,1q9caek968o8ubc43inhg6uxg,2026-10-02
Karela United,Karela,Karela United FC,68.6782067784,1641,9jwcn4214a2l2atxhtwj6zxg4,2026-10-02
UD Logroñés II,Logroñés II,UD Logroñés II,68.6775752706,1642,3jk4gnb5m4ov0fm9ssmgg4c2c,2026-10-02
Remo Stars,Remo Stars,Remo Stars FC,68.6639949249,1643,6vwpcpdx5wlm8574ra5xaj09g,2026-10-02
AJEL,AJEL,AJEL de Rufisque,68.6590813669,1644,1bt3oe8dwu7lmuy50kex4bkt0,2026-10-02
Bravos do Maquis,Bravos,Bravos do Maquis FC,68.6546942524,1645,ofi6heevfqlhgto3devky0b8,2026-10-02
Sporting Lagos,Sport Lagos,Sporting Lagos FC,68.6506580996,1646,bblld98re54ohfsni235m1gyc,2026-10-02
Pharco,Pharco,Pharco FC,68.649778367,1647,c8yhc9482s3xm3dplmzcg8wes,2026-10-02
KCCA,KCCA,Kampala Capital City Authority FC,68.6413573717,1648,d43v3lpfbbegmsubl20bdpct0,2026-10-02
Racing Santander II,Santander II,Rayo Cantabria,68.6389686873,1649,3jk4gnb5m4ov0fm9ssmgg4c2c,2026-10-02
Doma United,Doma United,Doma United FC,68.6334604969,1650,bblld98re54ohfsni235m1gyc,2026-10-02
Paykan,Paykan,Paykan FC,68.6328603825,1651,1p2kviatzyprl6bv4j6zs9ams,2026-10-02
Waterford,Waterford,Waterford FC,68.6270356086,1652,6zkfyunc0lfteytfj6slonuhg,2026-10-02
La Nucía,La Nucía,CF La Nucía,68.6193141708,1653,3jk4gnb5m4ov0fm9ssmgg4c2c,2026-10-02
Galway United,Galway Utd,Galway United FC,68.6168573441,1654,6zkfyunc0lfteytfj6slonuhg,2026-10-02
Yeclano,Yeclano,Yeclano Deportivo,68.6161553931,1655,3jk4gnb5m4ov0fm9ssmgg4c2c,2026-10-02
Vlašim,Vlašim,FC Sellier & Bellot Vlašim,68.6151024662,1656,6366wwpqz6bqwsprqq35h4hec,2026-10-02
Dinamo Samarqand,Samarqand,PFK Dinamo Samarqand,68.6128548363,1657,30hnhs47crryfhtm1523ygzkk,2026-10-02
Union Brescia,Union Brescia,Union Brescia Srl,68.6126456349,1658,5sw6ud25poqqgzszu5yk6p0r8,2026-10-02
Interclube,Interclube,GD Interclube,68.6118755637,1659,ofi6heevfqlhgto3devky0b8,2026-10-02
Mondorf-les-Bains,Mondorf,US Mondorf-les-Bains,68.5922889287,1660,uza4dpaosr9j4jztif162p78,2026-10-02
USFAS Bamako,USFAS,US des Forces Armées et de Sécurité de Bamako,68.5918698316,1661,2fvr17f4zzd5uci32usqi0ro4,2026-10-02
Orsomarso,Orsomarso,Orsomarso SC,68.5860836062,1662,3f1bsdfpg1eedvajxpif8t5p0,2026-10-02
RSD Alcalá,Alcalá,RSD Alcalá,68.5828124677,1663,3jk4gnb5m4ov0fm9ssmgg4c2c,2026-10-02
Binga,Binga,Binga FC,68.575022759,1664,2fvr17f4zzd5uci32usqi0ro4,2026-10-02
Stuttgart II,Stuttgart II,VfB Stuttgart 1893,68.5694751583,1665,58t4zseno2tp4253w3dm5i80k,2026-10-02
Pogoń Grodzisk Maz.,Pogoń GM,GKS Pogoń Grodzisk Mazowiecki,68.5512239744,1666,9bj99ztou2rexljon6vvrssgk,2026-10-02
Slavia Mozyr,Slavia,FK Slavia-Mozyr,68.5466611551,1667,2tml5a5shxx16bkg25p0hh8gk,2026-10-02
Stade d'Abidjan,Stade Abidjan,Stade d'Abidjan,68.5446626079,1668,2x67tvk4kdanna2zej4ui0bv8,2026-10-02
Volendam,Volendam,FC Volendam,68.5399924025,1669,7bdyxkrzt42tv7377rpz5nqc4,2026-10-02
Oddevold,Oddevold,IK Oddevold,68.5234959289,1670,e45p1bhnnox3kdgzamrx63r4k,2026-10-02
Fafe,Fafe,AD Fafe,68.5133171929,1671,eoix5zq4par8gwml3bhkkyihg,2026-10-02
Atlético CP,Atlético CP,Atlético Clube de Portugal,68.5041913902,1672,eoix5zq4par8gwml3bhkkyihg,2026-10-02
York City,York,York City FC,68.4975225108,1673,7kjvvls20hnhjguys4t73yjh0,2026-10-02
Bandırmaspor,Bandırma,Bandırmaspor SK,68.496469528,1674,9vlcn0hdb4ufq9s8e7kjnfn6c,2026-10-02
Sarıyer,Sarıyer,Sarıyer SK,68.4940125662,1675,9vlcn0hdb4ufq9s8e7kjnfn6c,2026-10-02
La Unión Atlético,Unión Atlético,FC La Unión Atlético,68.4898006255,1676,4zj8gir6lx8a3eu8nb5llz6s4,2026-10-02
Shandong Taishan,Taishan,Shandong Taishan FC,68.4880070383,1677,e6818x4pwankpph8awr91m1hw,2026-10-02
Crewe Alexandra,Crewe,Crewe Alexandra FC,68.4862906688,1678,7kjvvls20hnhjguys4t73yjh0,2026-10-02
Paraguarí,Paraguarí,CA Paraguarí,68.4860519916,1679,8vh8k7j5o8k9gynwf0ntfr578,2026-10-02
Al Ramtha,Ramtha,Al Ramtha SC,68.4857978901,1680,espg5w80i6jk5f0n0b3buusk4,2026-10-02
Mes Shahr-e Babak,Mes Shahr-e B.,Mes Shahr-e Babak Kerman FC,68.4829899202,1681,1p2kviatzyprl6bv4j6zs9ams,2026-10-02
Abia Warriors,Abia,Abia Warriors FC,68.482888082,1682,bblld98re54ohfsni235m1gyc,2026-10-02
Ninh Bình,Ninh Bình,CLB Ninh Bình,68.4799341232,1683,cld1l7cgrsr3bij22f2ytqiok,2026-10-02
Chippa United,Chippa Utd,Chippa United FC,68.4799023028,1684,3wl91cn4c74oeacldjjpw800k,2026-10-02
Don Benito,Don Benito,CD Don Benito,68.4764627607,1685,3jk4gnb5m4ov0fm9ssmgg4c2c,2026-10-02
Jicaral,Jicaral,Asociación Deportiva y Recreativa Jicaral Sercoba,68.4756222615,1686,7yzd2ff4zj9i1m1mowvd9uot0,2026-10-02
Ouakam,Ouakam,US Ouakam,68.4727091609,1687,1bt3oe8dwu7lmuy50kex4bkt0,2026-10-02
Nasarawa United,Nasarawa Utd,Nasarawa United FC,68.4699011745,1688,bblld98re54ohfsni235m1gyc,2026-10-02
Terrassa,Terrassa,Terrassa FC,68.4645288142,1689,3jk4gnb5m4ov0fm9ssmgg4c2c,2026-10-02
Costa do Sol,Costa do Sol,CD Costa do Sol,68.4627056932,1690,12paa0nrmm7b6c9bt3b9rsx78,2026-10-02
Bnei Sakhnin,Sakhnin,Ihoud Bnei Sakhnin FC,68.4603168178,1691,cbr00ay9uda1ju0ooqvb1ufbo,2026-10-02
Iğdır,Iğdır,Iğdır FK,68.4568068147,1692,9vlcn0hdb4ufq9s8e7kjnfn6c,2026-10-02
Intercity,Intercity,CF Intercity Sant Joan d'Alacant,68.4561048134,1693,3jk4gnb5m4ov0fm9ssmgg4c2c,2026-10-02
Tlaxcala,Tlaxcala,Tlaxcala FC,68.4526493489,1694,3cxwni2dq94c7yt90g8m7rs44,2026-10-02
St. John's,St. John's,St. John's SC,68.4515811039,1695,7e8iz4klq135f8mgvdy8z4kyc,2026-10-02
Duhok,Duhok,Duhok FC,68.4461372944,1696,1ua3sfkjt1blxmm5vtgqwavis,2026-10-02
Rustavi,Rustavi,FC Rustavi,68.4455747678,1697,dmtc6z8cwdmdocaz02qc5p0yc,2026-10-02
Marítimo,Maritimo,Club Sport Marítimo de Venezuela,68.4442830788,1698,5l0o7aj8bf50pay409j5x0j6c,2026-10-02
Oulu,Oulu,AC Oulu,68.444170758,1699,32gy6t29t9240sgu7l11j9nh0,2026-10-02
Qəbələ,Qəbələ,FK Qəbələ,68.4424157444,1700,cjfv1fu1qsr0jyk785saolgd0,2026-10-02
Fredericia,Fredericia,FC Fredericia,68.4322366387,1701,2mb332vncy4450vu14paj8844,2026-10-02
Östersund,Östersunds,Östersunds FC,68.4318856342,1702,e45p1bhnnox3kdgzamrx63r4k,2026-10-02
FC Tulsa,Tulsa,FC Tulsa,68.4306941135,1703,cbkjk31sv9wm38ljg3vxhtus4,2026-10-02
Al Ahli,Ahli,Al Ahli SC (Doha),68.4219156997,1704,b0n3k3rsxrgrfimue4kkxqmms,2026-10-02
CAPS United,CAPS,Central African Pharmaceutical Society United FC,68.4209363434,1705,8ea4fh0n7w704hsj43vlxw4yc,2026-10-02
Llapi,Llapi,KF Llapi Podujevë,68.4132846252,1706,cex4ulecg78atcdvr7zz1dqtw,2026-10-02
TPS,TPS,Turun Palloseura,68.4108252646,1707,32gy6t29t9240sgu7l11j9nh0,2026-10-02
Oldham Athletic,Oldham,Oldham Athletic AFC,68.4031030792,1708,7kjvvls20hnhjguys4t73yjh0,2026-10-02
Vita Club,Vita,AS Vita Club,68.4030349539,1709,ehmma83pqd17k7x6if20hmrkk,2026-10-02
Sport Huancayo II,Huancayo II,Club Sport Huancayo II,68.3986522802,1710,4wjv3pabgbhm9is93zhe6zf9w,2026-10-02
US Chaouia,Chaouia,Union Sportive des Chaouia,68.3914493181,1711,flxkeved0q9tmclqafcpql1w,2026-10-02
Fleetwood Town,Fleetwood,Fleetwood Town FC,68.3904667181,1712,7kjvvls20hnhjguys4t73yjh0,2026-10-02
Daegu,Daegu,Daegu FC,68.3841098994,1713,aqzfod554aa202i8pjkt4ou1g,2026-10-02
Tampines Rovers,Tampines,Tampines Rovers FC,68.3795490457,1714,bi1hu93fyvmbyjjip2y05s3kk,2026-10-02
Linares Deportivo,Linares,Linares Deportivo,68.3781812984,1715,3jk4gnb5m4ov0fm9ssmgg4c2c,2026-10-02
ASM Oran,ASM Oran,ASM d'Oran,68.3774088391,1716,flxkeved0q9tmclqafcpql1w,2026-10-02
Mafra,Mafra,CD Mafra,68.3718630562,1717,eoix5zq4par8gwml3bhkkyihg,2026-10-02
Swindon Town,Swindon,Swindon Town FC,68.3694059572,1718,7kjvvls20hnhjguys4t73yjh0,2026-10-02
Tenerife II,Tenerife II,CD Tenerife II,68.3694059572,1719,3jk4gnb5m4ov0fm9ssmgg4c2c,2026-10-02
Ashantigold,Ashantigold,Ashantigold FC,68.3493276156,1720,9jwcn4214a2l2atxhtwj6zxg4,2026-10-02
Benjamín Aceval,B. Aceval,Club Dr. Benjamín Aceval,68.3403839024,1721,8vh8k7j5o8k9gynwf0ntfr578,2026-10-02
Kitara,Kitara,Kitara FC,68.3352891785,1722,d43v3lpfbbegmsubl20bdpct0,2026-10-02
Suchitepéquez,Suchitepéquez,CD Suchitepéquez,68.3338147136,1723,8hlpnvuhsi69veuw84gyggr9w,2026-10-02
Dubai United,Dubai,Dubai United FC,68.3204726361,1724,b6a9x42zsbxzbc2n5t79kdono,2026-10-02
Northampton Town,Northampton,Northampton Town FC,68.3090306722,1725,7kjvvls20hnhjguys4t73yjh0,2026-10-02
Gent II,Jong Gent,Jong KAA Gent (KRC Gent II),68.285862977,1726,83p55gs5rtqe8vjqg5t6me39w,2026-10-02
Warta Poznań,Warta Poznań,Warta Poznań,68.285862977,1727,9bj99ztou2rexljon6vvrssgk,2026-10-02
Katsina United,Katsina Utd,Katsina United FC,68.2533245654,1728,bblld98re54ohfsni235m1gyc,2026-10-02
Detroit City,Detroit City,Detroit City FC,68.2495683313,1729,cbkjk31sv9wm38ljg3vxhtus4,2026-10-02
Shonan Bellmare,Shonan,Shonan Bellmare,68.2475620355,1730,4zxaepel6gk1jzqf5di3m6iok,2026-10-02
Cruz Azul Hidalgo,CA Hidalgo,CD Cruz Azul Hidalgo,68.2441448611,1731,3cxwni2dq94c7yt90g8m7rs44,2026-10-02
Paredes,Paredes,USC Paredes,68.2419841053,1732,eoix5zq4par8gwml3bhkkyihg,2026-10-02
Kabwe Warriors,Warriors,Kabwe Warriors FC,68.23963425,1733,3yqrgsjxdtodaoynaqjdtzuhg,2026-10-02
Barranquilla,Barranquilla,CD Barranquilla FC,68.2392881591,1734,3f1bsdfpg1eedvajxpif8t5p0,2026-10-02
Liepāja,Liepāja,FK Liepāja,68.239175828,1735,d1tk0recez2ejvsidutwviwwk,2026-10-02
Baník Ostrava II,Baník II,FC Baník Ostrava II,68.2363675472,1736,6366wwpqz6bqwsprqq35h4hec,2026-10-02
El Linqueño,Linqueño,CA El Linqueño,68.2308633065,1737,1q9caek968o8ubc43inhg6uxg,2026-10-02
Bordeaux,Bordeaux,FC Girondins de Bordeaux,68.2268369177,1738,er1n8bxfo7q3075m90iafw1ec,2026-10-02
Maestro United Zambia,MUZA,Maestro United Zambia FC,68.2213803651,1739,3yqrgsjxdtodaoynaqjdtzuhg,2026-10-02
Badajoz,Badajoz,CD Badajoz,68.2128480561,1740,3jk4gnb5m4ov0fm9ssmgg4c2c,2026-10-02
Gor Mahia,Gor Mahia,Gor Mahia FC,68.2096182639,1741,6of7eu9uyvb2ljqldumlr92xg,2026-10-02
Al Karkh,Karkh,Al Karkh SC,68.2011242443,1742,1ua3sfkjt1blxmm5vtgqwavis,2026-10-02
Potenza,Potenza,SSD Potenza Calcio,68.1988064502,1743,5sw6ud25poqqgzszu5yk6p0r8,2026-10-02
Deportivo Miranda,Miranda,Deportivo Miranda Fútbol Club,68.1985677422,1744,5l0o7aj8bf50pay409j5x0j6c,2026-10-02
Vitesse,Vitesse,Vitesse,68.1952960349,1745,7bdyxkrzt42tv7377rpz5nqc4,2026-10-02
Mineros,Mineros,Mineros SC,68.1943552427,1746,6f3mt0vs7zxlbfevjpbqur4lw,2026-10-02
Kun Khalifat,Kun Khalifat,Kun Khalifat FC,68.1922440458,1747,bblld98re54ohfsni235m1gyc,2026-10-02
Sporting Hasselt,Hasselt,Koninklijke Sporting Hasselt,68.191785614,1748,83p55gs5rtqe8vjqg5t6me39w,2026-10-02
Al Salmiyah,Salmiyah,Al Salmiyah SC,68.187782343,1749,evaw3m63xloe8o87vqybzjsic,2026-10-02
Pendikspor,Pendik,Pendik SK,68.1875731017,1750,9vlcn0hdb4ufq9s8e7kjnfn6c,2026-10-02
Lierse SK,Lierse,Koninklijke Lierse SK,68.1798501416,1751,83p55gs5rtqe8vjqg5t6me39w,2026-10-02
América Mineiro,América MG,América FC (Minas Gerais),68.165218569,1752,7pt8trpd4rbju1v568nuskdn8,2026-10-02
Kriens,Kriens,SC Kriens,68.1370223301,1753,akzt9nsp06yyv03a86lz8kdn8,2026-10-02
Kwara United,Kwara Utd,Kwara United,68.123789744,1754,bblld98re54ohfsni235m1gyc,2026-10-02
Central Coast Mariners,Central Coast,Central Coast Mariners FC,68.1180268781,1755,1ztoqmkrzy1d4ejf5jokthiqc,2026-10-02
11 de Mayo,11 de Mayo,11 de Mayo FC,68.1101035746,1756,6f3mt0vs7zxlbfevjpbqur4lw,2026-10-02
Shams Azar Qazvin,Shams Azar,Shams Azar Qazvin,68.1003709163,1757,1p2kviatzyprl6bv4j6zs9ams,2026-10-02
Independiente Chivilcoy,Ind Chivilcoy,Atlético Independiente de Chivilcoy,68.0816679148,1758,1q9caek968o8ubc43inhg6uxg,2026-10-02
Panevėžys,Panevėžys,FK Panevėžys,68.0731301245,1759,4hzcbeghy116szh7rtk757xg4,2026-10-02
Batman Petrolspor,Batman,Batman Petrol SK,68.0650557038,1760,9vlcn0hdb4ufq9s8e7kjnfn6c,2026-10-02
Mouna,Mouna,FC Mouna d'Akoupé,68.0620035357,1761,2x67tvk4kdanna2zej4ui0bv8,2026-10-02
Juventud Italiana,Juventud Ita.,Juventud Italiana,68.0525297617,1762,6f3mt0vs7zxlbfevjpbqur4lw,2026-10-02
Saipa,Saipa,Saipa FC,68.0484138986,1763,4kjg0qklfya45mq3pjthw09w4,2026-10-02
Pastoreo,Pastoreo,Pastoreo Fútbol Club,68.0367318078,1764,c411q7hpqsu87gksrzvkil05w,2026-10-02
MWOS,MWOS,Moors World of Sport FC,68.0347959946,1765,8ea4fh0n7w704hsj43vlxw4yc,2026-10-02
Hartford Athletic,Hartford Ath,Hartford Athletic,68.0343745323,1766,cbkjk31sv9wm38ljg3vxhtus4,2026-10-02
Valencia II,Valencia II,Valencia CF Mestalla,68.030300253,1767,3jk4gnb5m4ov0fm9ssmgg4c2c,2026-10-02
Colón,Colón,Colón FC,68.0146144831,1768,6oy1dcqjggeoyx76gstf8zkes,2026-10-02
Borussia Dortmund II,Dortmund II,BV Borussia 09 Dortmund II,68.0145021406,1769,cp9ieu0l4mgyazd7866sx8pw4,2026-10-02
Swedru All Blacks,All Blacks,Swedru All Blacks United FC,68.0123252722,1770,9jwcn4214a2l2atxhtwj6zxg4,2026-10-02
Daquilema,Daquilema,Daquilema FC,68.0089973496,1771,6f3mt0vs7zxlbfevjpbqur4lw,2026-10-02
Esteghlal Khuzestan,Khuzestan,Esteghlal Meli-Sanati Khuzestan FC,68.0048814057,1772,1p2kviatzyprl6bv4j6zs9ams,2026-10-02
Cittadella,Cittadella,AS Cittadella,68.0025657143,1773,5sw6ud25poqqgzszu5yk6p0r8,2026-10-02
Azuaga,Azuaga,CD Azuaga,68.0025657143,1774,1h4ygpz4oamwj3kksmzc15ams,2026-10-02
Atenas,Atenas,CA Atenas,68.0016248403,1775,6oy1dcqjggeoyx76gstf8zkes,2026-10-02
Sportivo Carapeguá,Carapeguá,Club Sportivo Carapeguá,67.9939012328,1776,8vh8k7j5o8k9gynwf0ntfr578,2026-10-02
Perth Glory,Perth,Perth Glory FC,67.9933991974,1777,1ztoqmkrzy1d4ejf5jokthiqc,2026-10-02
Cheltenham Town,Cheltenham,Cheltenham Town FC,67.9906292237,1778,7kjvvls20hnhjguys4t73yjh0,2026-10-02
Barquisimeto,Barquisimeto,Barquisimeto SC,67.9665173165,1779,5l0o7aj8bf50pay409j5x0j6c,2026-10-02
Roda JC,Roda JC,Roda JC Kerkrade,67.9625431097,1780,7bdyxkrzt42tv7377rpz5nqc4,2026-10-02
Milo,Milo,Milo FC,67.9621238923,1781,1odzlx97lfuimst69uxvbn310,2026-10-02
Platinum,Platinum,FC Platinum,67.9596663399,1782,8ea4fh0n7w704hsj43vlxw4yc,2026-10-02
Alianza Universidad,Alianza Univ,CDS y C Alianza Universidad de Huánuco,67.9472079411,1783,4wjv3pabgbhm9is93zhe6zf9w,2026-10-02
Soroksár SC,Soroksár,Soroksár Sport Club 1905,67.9383185501,1784,cnv4lxtlbn15zo28rnoqs4kr8,2026-10-02
Al Merreikh,Merreikh,Al-Merreikh Al-Sudan,67.9299999581,1785,193l1zv2eyi82heh2jblkwqhg,2026-10-02
Herentals,Herentals,Herentals College FC,67.9228027265,1786,8ea4fh0n7w704hsj43vlxw4yc,2026-10-02
Banga,Banga,FK Banga Gargždai,67.9204132705,1787,4hzcbeghy116szh7rtk757xg4,2026-10-02
Slatina,Slatina,CSM Slatina,67.9133915526,1788,2iz4hkjsj1fadp09drcb6hhqs,2026-10-02
Manila Digger,Manila Digger,Manila Digger FC,67.9110731778,1789,c50ksp1w60e030qpuec4280es,2026-10-02
Ben Guerdane,USBG,Union Sportive de Ben Guerdane,67.9080548014,1790,2cdwuc8jbyg41icy3ah21d2c4,2026-10-02
Bogotá,Bogotá,Corporación Deportiva Bogotá FC,67.9043756342,1791,3f1bsdfpg1eedvajxpif8t5p0,2026-10-02
Radomlje,Radomlje,NK Radomlje,67.902858934,1792,8pj9wygfe1cepoagkwe0x785w,2026-10-02
CA Batna,Batna,CA Batna,67.8912025469,1793,flxkeved0q9tmclqafcpql1w,2026-10-02
Escorpiones Belén,Escorpiones,CD Escorpiones de Belén FC,67.8872724619,1794,dys50za4ylhqy94bj8zhmyx3o,2026-10-02
Choloma,Choloma,CD Choloma,67.8806040384,1795,bifv7w5gplrvhfvyqle3jf504,2026-10-02
Highlanders,Highlanders,Highlanders FC,67.8754057495,1796,8ea4fh0n7w704hsj43vlxw4yc,2026-10-02
Čelik,Čelik,NK Čelik Zenica,67.8733673351,1797,4c48j9oq3d0aje3ojkb3mbp5g,2026-10-02
Real Ávila,Ávila,Real Ávila CF,67.8684520304,1798,3jk4gnb5m4ov0fm9ssmgg4c2c,2026-10-02
Varzim,Varzim,Varzim SC,67.8642389034,1799,eoix5zq4par8gwml3bhkkyihg,2026-10-02
Tokushima Vortis,Tokushima,Tokushima Vortis,67.852614142,1800,4zxaepel6gk1jzqf5di3m6iok,2026-10-02
Correcaminos UAT,Correcaminos,CF Correcaminos de la UAT,67.8523562264,1801,3cxwni2dq94c7yt90g8m7rs44,2026-10-02
Germinal de Rawson,Ger Rawson,CA Germinal Trelew,67.8506585359,1802,1q9caek968o8ubc43inhg6uxg,2026-10-02
Marino de Luanco,Marino Luanco,Club Marino de Luanco,67.8487907022,1803,3jk4gnb5m4ov0fm9ssmgg4c2c,2026-10-02
Sporting San Miguelito,San Miguelito,AF Sporting San Miguelito,67.8475988685,1804,dxqxpijuyxkzzosa7wdmhzd3o,2026-10-02
Rapperswil-Jona,Rapperswil,FC Rapperswil-Jona,67.847035218,1805,akzt9nsp06yyv03a86lz8kdn8,2026-10-02
Kataller Toyama,Toyama,Kataller Toyama,67.8403257443,1806,4zxaepel6gk1jzqf5di3m6iok,2026-10-02
Wally Daan,Wally Daan,Wally Daan FC,67.8387162808,1807,1bt3oe8dwu7lmuy50kex4bkt0,2026-10-02
Příbram,Příbram,FK Příbram,67.8319379959,1808,6366wwpqz6bqwsprqq35h4hec,2026-10-02
Dundalk,Dundalk,Dundalk FC,67.8217560902,1809,6zkfyunc0lfteytfj6slonuhg,2026-10-02
Delfines Del Este,Delfines,Delfines Del Este FC,67.8214443027,1810,cokma0jt05z41cexn5ea0mxg,2026-10-02
Júbilo Iwata,Júbilo,Júbilo Iwata,67.8139932334,1811,4zxaepel6gk1jzqf5di3m6iok,2026-10-02
Tropezón,Tropezón,CD Tropezón,67.7999877206,1812,1h4ygpz4oamwj3kksmzc15ams,2026-10-02
Al Gharafa,Gharafa,Al Gharafa SC,67.7998458941,1813,b0n3k3rsxrgrfimue4kkxqmms,2026-10-02
Catania,Catania,Calcio Catania,67.7940189367,1814,5sw6ud25poqqgzszu5yk6p0r8,2026-10-02
Coleraine,Coleraine,Coleraine FC,67.7891034554,1815,8ahwg697cwemg7ctdnexwqivo,2026-10-02
Kagoshima United,Kagoshima Utd,Kagoshima United FC,67.7837982344,1816,d7a4tg9b5xoanhbupsxsbi238,2026-10-02
Sanat Naft,Sanat Naft,Sanat Naft FC,67.7822905999,1817,1p2kviatzyprl6bv4j6zs9ams,2026-10-02
Albirex Niigata,Albirex,Albirex Niigata,67.7816915911,1818,4zxaepel6gk1jzqf5di3m6iok,2026-10-02
Orihuela,Orihuela,Orihuela CF,67.7669836542,1819,3jk4gnb5m4ov0fm9ssmgg4c2c,2026-10-02
Thionville Lusitanos,Thionville,US Thionville Lusitanos,67.7659303248,1820,2hzxt22wy9dxf7qxh08hjbuhg,2026-10-02
Debibi United,Debibi,Debibi United FC,67.7549754384,1821,9jwcn4214a2l2atxhtwj6zxg4,2026-10-02
Guaranda,Guaranda,Guaranda FC,67.7516471285,1822,6f3mt0vs7zxlbfevjpbqur4lw,2026-10-02
Río Aguarico,Río Aguarico,Río Aguarico Fútbol Club,67.7463804399,1823,6f3mt0vs7zxlbfevjpbqur4lw,2026-10-02
Enyimba,Enyimba,Enyimba International FC,67.7411087936,1824,bblld98re54ohfsni235m1gyc,2026-10-02
Boreham Wood,Boreham Wood,Boreham Wood FC,67.7399304848,1825,7jeqt00dn1903yv3hr8r63g2c,2026-10-02
Rentistas,Rentistas,CA Rentistas,67.7361981396,1826,6oy1dcqjggeoyx76gstf8zkes,2026-10-02
Atlético Tembetary,Tembetary,Club Atlético Tembetary,67.7323358754,1827,8vh8k7j5o8k9gynwf0ntfr578,2026-10-02
FH,FH,FH Hafnarfjörður,67.7322235186,1828,eeeacj91qdk6pru5zwwobaiac,2026-10-02
Defensores Vilelas,Defensores V.,Club Atlético Defensores de Vilelas,67.7298780675,1829,1q9caek968o8ubc43inhg6uxg,2026-10-02
Polonia Bytom,Pl Bytom,TS Polonia Bytom,67.7230945032,1830,9bj99ztou2rexljon6vvrssgk,2026-10-02
Gimnasia Concepción,Gim Concepción,Club Gimnasia y Esgrima de Concepción del Uruguay,67.7221535103,1831,1q9caek968o8ubc43inhg6uxg,2026-10-02
Sesvete,Radnik,NK Sesvete,67.7150188044,1832,cuux8wgnrxz78zen0blqr5q1g,2026-10-02
Aviced,Aviced,Aviced Fútbol Club,67.7119710981,1833,6f3mt0vs7zxlbfevjpbqur4lw,2026-10-02
Weiche Flensburg,Weiche,SC Weiche Flensburg 08,67.7104542658,1834,cp9ieu0l4mgyazd7866sx8pw4,2026-10-02
Mallorca II,Mallorca II,Real Club Deportivo Mallorca II,67.7055385983,1835,3jk4gnb5m4ov0fm9ssmgg4c2c,2026-10-02
Partick Thistle,Partick,Partick Thistle FC,67.7044852396,1836,73jqy9edtsysqefneqki92kno,2026-10-02
Amstetten,Amstetten,SKU Ertl Glas Amstetten,67.6978139559,1837,bbsieeq7vmacbhd5d5hvgu978,2026-10-02
ES Mostaganem,ES Mostaganem,ES Mostaganem,67.6952856544,1838,3npc49fs9snpta4p8le3r59g4,2026-10-02
Kazma,Kazma,Kazma,67.6910008185,1839,evaw3m63xloe8o87vqybzjsic,2026-10-02
River Plate,River Plate,CA River Plate,67.6866904232,1840,6oy1dcqjggeoyx76gstf8zkes,2026-10-02
El Bayadh,Bayadh,MC El Bayadh,67.6819430111,1841,3npc49fs9snpta4p8le3r59g4,2026-10-02
El Paso Locomotive,El Paso Loco,El Paso Locomotive FC,67.6773103057,1842,cbkjk31sv9wm38ljg3vxhtus4,2026-10-02
Castellón II,Castellón II,CD Castellón II,67.6753421149,1843,3jk4gnb5m4ov0fm9ssmgg4c2c,2026-10-02
Atert Bissen,Atert,FC Atert Bissen,67.671830869,1844,uza4dpaosr9j4jztif162p78,2026-10-02
Portugalete,Portugalete,Club Portugalete,67.6683196176,1845,3jk4gnb5m4ov0fm9ssmgg4c2c,2026-10-02
Lusail City,Lusail City,Lusail City FC,67.6601018825,1846,b0n3k3rsxrgrfimue4kkxqmms,2026-10-02
Melgar II,Melgar II,FBC Melgar II,67.6545975932,1847,a9cov1ehhclrmqc4wgh59p2j8,2026-10-02
Atlético Astorga,Astorga,Atlético Astorga FC,67.6490076346,1848,3jk4gnb5m4ov0fm9ssmgg4c2c,2026-10-02
Navalcarnero,Navalcarnero,CD Artístico Navalcarnero,67.6409316642,1849,3jk4gnb5m4ov0fm9ssmgg4c2c,2026-10-02
Salernitana,Salernitana,US Salernitana 1919,67.6325045331,1850,5sw6ud25poqqgzszu5yk6p0r8,2026-10-02
Marumo Gallants,Gallants,Marumo Gallants FC,67.6233046474,1851,3wl91cn4c74oeacldjjpw800k,2026-10-02
Zemun,Zemun,FK Zemun,67.6145967724,1852,akqbhzm3iofv030i63sb5js44,2026-10-02
Palmeira,Palmeira,Grupo Desportivo da Palmeira,67.6106661456,1853,378ubqtunv9zk2so0s1rz4s2c,2026-10-02
Yenisey,Yenisey,FK Yenisey Krasnoyarsk,67.5966888661,1854,ewtzgv48te3m77r86sxunl3x0,2026-10-02
CS-Disciples,CS-Disciples,Caisse Nationale de Prévoyance Sociale Sport - Disciples FC,67.5966207178,1855,citm4e83b4soxyy411ags2z8,2026-10-02
Warri Wolves,Warri,Warri Wolves FC,67.5932849134,1856,bblld98re54ohfsni235m1gyc,2026-10-02
Veles,Veles,Veles Moskva,67.5879104275,1857,ewtzgv48te3m77r86sxunl3x0,2026-10-02
Colorado Springs,Switchbacks,Colorado Springs Switchbacks FC,67.5835582046,1858,cbkjk31sv9wm38ljg3vxhtus4,2026-10-02
Ciudad de Lucena,Lucena,CD Ciudad de Lucena,67.5745671336,1859,3jk4gnb5m4ov0fm9ssmgg4c2c,2026-10-02
FC Santa Coloma,FC St. Coloma,FC Santa Coloma,67.570002304,1860,2a3fpo37ny4uvuf4u7toqok5w,2026-10-02
Kiryat Yam SC,Kiryat Yam SC,Kiryat Yam Sports Club,67.5675443149,1861,1mqfttramp7l8dfkpwk7w6wic,2026-10-02
Ferizaj,Ferizaj,KF Ferizaj,67.5647374893,1862,6ztabhaasz9mz4wdy6fkfl72s,2026-10-02
Konkola Blades,Blades,Konkola Blades FC,67.5606288939,1863,3yqrgsjxdtodaoynaqjdtzuhg,2026-10-02
Astillero,Astillero,Astillero FC,67.5578246968,1864,6f3mt0vs7zxlbfevjpbqur4lw,2026-10-02
Obolon Kyiv,Obolon,FK Obolon Kyiv,67.5327810319,1865,5vqx2miccjg04lp2pqs1hbmc,2026-10-02
Luz Valdivia,Luz Valdivia,Luz Valdivia FC,67.5146336776,1866,6f3mt0vs7zxlbfevjpbqur4lw,2026-10-02
Resistencia,Resistencia,Resistencia SC,67.5118244763,1867,8vh8k7j5o8k9gynwf0ntfr578,2026-10-02
Nkana,Nkana,Nkana FC,67.5114683802,1868,3yqrgsjxdtodaoynaqjdtzuhg,2026-10-02
Khorfakkan,Khorfakkan,Khorfakkan Club,67.5105168115,1869,b6a9x42zsbxzbc2n5t79kdono,2026-10-02
Al Wakrah,Wakrah,Al Wakrah SC,67.4985776585,1870,b0n3k3rsxrgrfimue4kkxqmms,2026-10-02
Deportivo Capiatá,Capiatá,Deportivo Capiatá,67.4946180395,1871,8vh8k7j5o8k9gynwf0ntfr578,2026-10-02
Huracán Las Heras,Las Heras,CA Huracán Las Heras,67.4932134265,1872,1q9caek968o8ubc43inhg6uxg,2026-10-02
Xamax,Xamax,Neuchâtel Xamax FCS,67.4923987505,1873,akzt9nsp06yyv03a86lz8kdn8,2026-10-02
CI Kamsar,Kamsar,Club Industriel de Kamsar,67.4916282901,1874,1odzlx97lfuimst69uxvbn310,2026-10-02
Kaspiy,Kaspiy,FK Kaspiy Aktau,67.4832687406,1875,5dlquxczyamt372efk9kgws2c,2026-10-02
Ayacucho,Ayacucho,Ayacucho FC,67.479869558,1876,4wjv3pabgbhm9is93zhe6zf9w,2026-10-02
Fénix,Fénix,CA Fénix,67.4763580001,1877,6oy1dcqjggeoyx76gstf8zkes,2026-10-02
Kuching City,Kuching City,Kuching City FC,67.4744512219,1878,6siod2n1m854sihsqbyknyl1w,2026-10-02
Linares,Linares,Club Social y Deportes Linares,67.4717929666,1879,1wi9d67mmituunqd3csuv0fmc,2026-10-02
Defence Force,Defence,Defence Force FC,67.4697862446,1880,7vg2l80h7ceoyxoj3jy1igro4,2026-10-02
Kansanshi Dynamos,Kansanshi,Kansanshi Dynamos FC,67.469329922,1881,3yqrgsjxdtodaoynaqjdtzuhg,2026-10-02
1860 München,1860 München,TSV 1860 München,67.4674667106,1882,cp9ieu0l4mgyazd7866sx8pw4,2026-10-02
BATE,BATE,FK BATE Borisov,67.4604435497,1883,2tml5a5shxx16bkg25p0hh8gk,2026-10-02
Öster,Öster,Östers IF,67.4597412324,1884,e45p1bhnnox3kdgzamrx63r4k,2026-10-02
Lokomotive Leipzig,Lok Leipzig,1. FC Lokomotive Leipzig,67.45728312,1885,cp9ieu0l4mgyazd7866sx8pw4,2026-10-02
Buchbach,Buchbach,TSV Buchbach,67.4558784831,1886,cp9ieu0l4mgyazd7866sx8pw4,2026-10-02
Sandviken,Sandviken,Sandvikens IF,67.4548250048,1887,e45p1bhnnox3kdgzamrx63r4k,2026-10-02
Bayelsa United,Bayelsa Utd,Bayelsa United FC,67.4535277917,1888,6vwpcpdx5wlm8574ra5xaj09g,2026-10-02
Henan,Henan,Henan FC,67.453030579,1889,e6818x4pwankpph8awr91m1hw,2026-10-02
Maleyet Kafr El Zayiat,Maleyet,Maleyet Kafr El Zayiat,67.435089521,1890,c8yhc9482s3xm3dplmzcg8wes,2026-10-02
Kabuscorp,Kabuscorp,Kabuscorp SC do Palanca,67.429122056,1891,ofi6heevfqlhgto3devky0b8,2026-10-02
Deportivo Llacuabamba,Llacuabamba,CSCD Llacuabamba,67.42895142,1892,4wjv3pabgbhm9is93zhe6zf9w,2026-10-02
Odra Opole,Odra,OKS Odra Opole,67.4221669279,1893,9bj99ztou2rexljon6vvrssgk,2026-10-02
Green Eagles,Eagles,Green Eagles FC,67.4131440532,1894,3yqrgsjxdtodaoynaqjdtzuhg,2026-10-02
3 de Noviembre,3 de Noviembre,Club 3 de Noviembre,67.4127978329,1895,8vh8k7j5o8k9gynwf0ntfr578,2026-10-02
Manacor,Manacor,CE Manacor,67.4077691267,1896,1h4ygpz4oamwj3kksmzc15ams,2026-10-02
Basake Holy Stars,Holy Stars,Basake Holy Stars FC,67.4020799826,1897,9jwcn4214a2l2atxhtwj6zxg4,2026-10-02
Laredo,Laredo,CD Laredo,67.3866990035,1898,1h4ygpz4oamwj3kksmzc15ams,2026-10-02
Vysočina Jihlava,Vysočina,FC Vysočina Jihlava,67.385645492,1899,6366wwpqz6bqwsprqq35h4hec,2026-10-02
Ferroviário Beira,Ferro Beira,Clube Ferroviário da Beira,67.3792562558,1900,12paa0nrmm7b6c9bt3b9rsx78,2026-10-02
Kazincbarcika,Kazincbarcika,Kolorcity Kazincbarcika SC,67.3751103495,1901,cnv4lxtlbn15zo28rnoqs4kr8,2026-10-02
Castellonense,Castellonense,UD Castellonense,67.3659798517,1902,3jk4gnb5m4ov0fm9ssmgg4c2c,2026-10-02
Chornomorets,Chornomorets,FK Chornomorets Odesa,67.3649263303,1903,5vqx2miccjg04lp2pqs1hbmc,2026-10-02
Etoile Carouge,Etoile Carouge,Etoile Carouge FC,67.3607122395,1904,akzt9nsp06yyv03a86lz8kdn8,2026-10-02
Stal Rzeszów,Stal Rzeszów,ZKS Stal Rzeszów,67.3498258009,1905,9bj99ztou2rexljon6vvrssgk,2026-10-02
Racing United,Racing Utd,Racing United FC,67.3417880529,1906,3b44u42lrrjhxh5ket3d32z9w,2026-10-02
Simba Bhora,Simba Bhora,Simba Bhora FC,67.3399246841,1907,8ea4fh0n7w704hsj43vlxw4yc,2026-10-02
Mura,Mura,NŠ Mura,67.3396416642,1908,8pj9wygfe1cepoagkwe0x785w,2026-10-02
UMECIT,UMECIT,UMECIT FC,67.3395030889,1909,dxqxpijuyxkzzosa7wdmhzd3o,2026-10-02
Hannover 96 II,Hannover II,Hannoverscher Sportverein 1896 II,67.3217315159,1910,cp9ieu0l4mgyazd7866sx8pw4,2026-10-02
Métlaoui,Métlaoui,Étoile Sportive de Métlaoui,67.3192027818,1911,2cdwuc8jbyg41icy3ah21d2c4,2026-10-02
SOA,SOA,Société Omnisports de l'Armée,67.3176247741,1912,2x67tvk4kdanna2zej4ui0bv8,2026-10-02
Hapoel Ra'anana,H Ra'anana,Hapoel Ra'anana AFC,67.315761434,1913,1mqfttramp7l8dfkpwk7w6wic,2026-10-02
Cieza,Cieza,CD Cieza,67.3101425185,1914,3jk4gnb5m4ov0fm9ssmgg4c2c,2026-10-02
Unión Minas Volcán,Minas Volcán,CD Unión Minas,67.3095525315,1915,4wjv3pabgbhm9is93zhe6zf9w,2026-10-02
Stockholm Inter,Stockholm Int.,FC Stockholm Internazionale,67.3038212213,1916,6y4xajtea36x0n0xrjr4vy3o4,2026-10-02
Lokomotiv,Lokomotiv,FK Lokomotiv Tashkent,67.2984116008,1917,30hnhs47crryfhtm1523ygzkk,2026-10-02
Tepatitlán,Tepa,Tepatitlán FC,67.2954473703,1918,3cxwni2dq94c7yt90g8m7rs44,2026-10-02
Dorados,Dorados,CSyD Dorados de Sinaloa,67.2926378883,1919,3cxwni2dq94c7yt90g8m7rs44,2026-10-02
Liefering,Liefering,FC Liefering,67.2901250148,1920,bbsieeq7vmacbhd5d5hvgu978,2026-10-02
Altglienicke,Altglienicke,VSG Altglienicke,67.2792382255,1921,cp9ieu0l4mgyazd7866sx8pw4,2026-10-02
Dewa United,Dewa United,Dewa United Banten FC,67.2777948438,1922,2t0yn5r2hq16whtb16f4i7nro,2026-10-02
Aigle Noir,Aigle Noir,Aigle Noir Makamba,67.2775897224,1923,emlzehq1t5dd17y2jnjdwn4k,2026-10-02
Rhode Island,Rhode Island,Rhode Island FC,67.2759389552,1924,cbkjk31sv9wm38ljg3vxhtus4,2026-10-02
Lorca Deportiva,Lorca,CF Lorca Deportiva,67.2669466241,1925,3jk4gnb5m4ov0fm9ssmgg4c2c,2026-10-02
Silver Strikers,Strikers,Silver Strikers FC,67.258449897,1926,dzzhvxalhc0doyc8cvfxaeyvo,2026-10-02
Seraing,Seraing,RFC Seraing,67.2528989951,1927,83p55gs5rtqe8vjqg5t6me39w,2026-10-02
Le Geldar,Le Geldar,ASC Le Geldar de Kourou,67.2506555724,1928,8ptl1wrxicnblij9u19k2p4pg,2026-10-02
Golden Lion,Golden Lion,Golden Lion de Saint-Joseph,67.2420513463,1929,8oya8610sjuxts1g4yxvd1nh0,2026-10-02
Sivasspor,Sivas,Sivasspor Kulübü,67.2349881375,1930,9vlcn0hdb4ufq9s8e7kjnfn6c,2026-10-02
Wil,Wil,FC Wil 1900,67.233934553,1931,akzt9nsp06yyv03a86lz8kdn8,2026-10-02
Nchanga Rangers,Rangers,Nchanga Rangers FC,67.2333395993,1932,3yqrgsjxdtodaoynaqjdtzuhg,2026-10-02
Pogoń Siedlce,P Siedlce,MKP Pogoń Siedlce,67.2311249921,1933,9bj99ztou2rexljon6vvrssgk,2026-10-02
Zhejiang,Zhejiang,Zhejiang Professional FC,67.2247648352,1934,e6818x4pwankpph8awr91m1hw,2026-10-02
Hurricanes,Hurricanes,Hurricanes SC,67.2206284324,1935,7e8iz4klq135f8mgvdy8z4kyc,2026-10-02
Jerv,Jerv,FK Jerv,67.2163747379,1936,eyebcttojdlxx2xxue3awhmvo,2026-10-02
Chicken Inn,Chicken Inn,Chicken Inn FC,67.2026098219,1937,8ea4fh0n7w704hsj43vlxw4yc,2026-10-02
Brisbane Roar,Brisbane,Brisbane Roar FC,67.2022881523,1938,1ztoqmkrzy1d4ejf5jokthiqc,2026-10-02
Señor Montúfar,Señor,CD Señor Montúfar,67.1883911252,1939,6f3mt0vs7zxlbfevjpbqur4lw,2026-10-02
Al Mosul,Mosul,Al Mosul,67.1804127199,1940,1ua3sfkjt1blxmm5vtgqwavis,2026-10-02
Bani Yas,Bani Yas,Bani Yas Club,67.1758447612,1941,b6a9x42zsbxzbc2n5t79kdono,2026-10-02
Oliveirense,Oliveirense,UD Oliveirense,67.1707185587,1942,eoix5zq4par8gwml3bhkkyihg,2026-10-02
Sliema Wanderers,Sliema,Sliema Wanderers FC,67.1626408278,1943,3jedmdrdnamejeki9uh7jrs44,2026-10-02
Pars Jonoubi Jam,Pars Jam,FC Pars Jonoubi Jam,67.1607429275,1944,4kjg0qklfya45mq3pjthw09w4,2026-10-02
Bijelo Brdo,Bijelo Brdo,BSK Bijelo Brdo,67.1587775546,1945,cuux8wgnrxz78zen0blqr5q1g,2026-10-02
Quick Boys,Quick Boys,kvv Quick Boys,67.1584263476,1946,asox70lt42oe70oat4mcayaz8,2026-10-02
Erzgebirge Aue,Aue,FC Erzgebirge Aue,67.1580751405,1947,cp9ieu0l4mgyazd7866sx8pw4,2026-10-02
Sogndal,Sogndal,Sogndal Fotball,67.1563191044,1948,1b7iiw2jok0qp6s65rmh05a1g,2026-10-02
Kalba,Kalba,Al Ittihad Kalba,67.1561772363,1949,b6a9x42zsbxzbc2n5t79kdono,2026-10-02
Maccabi Bnei Raina,Bnei Raina,Maccabi Bnei Raina FC,67.1552654821,1950,1mqfttramp7l8dfkpwk7w6wic,2026-10-02
Septemvri Sofia,Septemvri,PFK Septemvri Sofia,67.1489437375,1951,3rbiru554kufnw6hrtsv0us5w,2026-10-02
Casa Sport,Casa,Casa Sport,67.1472951344,1952,1bt3oe8dwu7lmuy50kex4bkt0,2026-10-02
Juventud Antoniana,Juv Antoniana,Centro Juventud Antoniana,67.1402758934,1953,1q9caek968o8ubc43inhg6uxg,2026-10-02
El Nacional,El Nacional,CD El Nacional,67.1216616874,1954,2tnmtnib22zkesr45sr0p8xsk,2026-10-02
Mezőkövesd,Mezőkövesd,Mezőkövesd Zsóry SE,67.1215492993,1955,cnv4lxtlbn15zo28rnoqs4kr8,2026-10-02
St Maur Lusitanos,St Maur Lusita,Lusitanos St Maur US,67.1137699186,1956,4puti0g0aurz6lctqhbonl2c4,2026-10-02
Proxy,Proxy,Proxy SC,67.1112936263,1957,c8yhc9482s3xm3dplmzcg8wes,2026-10-02
Kapaz,Kapaz,FK Kapaz,67.1096080264,1958,cjfv1fu1qsr0jyk785saolgd0,2026-10-02
Mighty Wanderers,Wanderers,Mighty Wanderers FC,67.1018131202,1959,dzzhvxalhc0doyc8cvfxaeyvo,2026-10-02
Borussia M'gladbach II,M'gladbach II,Borussia Mönchengladbach II,67.0987203383,1960,cp9ieu0l4mgyazd7866sx8pw4,2026-10-02
Deportivo Quito,Quito,SD Quito,67.0939156897,1961,6f3mt0vs7zxlbfevjpbqur4lw,2026-10-02
Sporting Cascades,Cascades,Sporting Football des Cascades de Tenakourou,67.0791595628,1962,56y5sheadf58560v7uwkil9n8,2026-10-02
Víkingur,Víkingur,Víkingur Gøta,67.0702716068,1963,9cmufoxqnsf2h6xwos1z1j6s4,2026-10-02
Elazığspor,Elazığspor,Elazığspor Kulubü,67.0699203856,1964,9iurl7j8nsnscnb6u5uaicj6c,2026-10-02
JS Jijel,Jijel,Jeunesse Sportive Jijelienne,67.0666889168,1965,flxkeved0q9tmclqafcpql1w,2026-10-02
St Joseph's,St Joseph's,St Joseph's FC,67.0646543691,1966,7uvvhp31jz5znxp8l21x872tw,2026-10-02
Tevragh-Zeïne,FCTVZ,ASC Tevragh-Zeïne,67.0505326554,1967,dp0cjg7hm16o0ay8b1amdexhw,2026-10-02
Gütersloh,Gütersloh,FC Gütersloh 2000,67.0502519068,1968,cp9ieu0l4mgyazd7866sx8pw4,2026-10-02
Sagan Tosu,Sagan,Sagan Tosu,67.0495108231,1969,4zxaepel6gk1jzqf5di3m6iok,2026-10-02
Niger Tornadoes,Tornadoes,Niger Tornadoes FC,67.0426324014,1970,bblld98re54ohfsni235m1gyc,2026-10-02
Toledo,Toledo,CD Toledo,67.0393639226,1971,1h4ygpz4oamwj3kksmzc15ams,2026-10-02
Trident,Trident,Trident FC,67.030758567,1972,3yqrgsjxdtodaoynaqjdtzuhg,2026-10-02
Slavia Praha II,Slavia II,SK Slavia Praha II,67.0281246561,1973,6366wwpqz6bqwsprqq35h4hec,2026-10-02
Thróttur Reykjavík,Thróttur R,Thróttur Reykjavík,67.0265616911,1974,a5uti9g06jek0b3rv3zavb578,2026-10-02
Stella,Stella,Stella Club d'Adjamé,67.0226124477,1975,2x67tvk4kdanna2zej4ui0bv8,2026-10-02
Trento,Trento,AC Trento,67.0225050012,1976,5sw6ud25poqqgzszu5yk6p0r8,2026-10-02
Reggiana,Reggiana,AC Reggiana 1919,67.0214513143,1977,5sw6ud25poqqgzszu5yk6p0r8,2026-10-02
Patria,Patria,Club Sport Patria,67.0141878853,1978,6f3mt0vs7zxlbfevjpbqur4lw,2026-10-02
Elche II,Elche II,Elche Ilicitano CF,67.0000262365,1979,3jk4gnb5m4ov0fm9ssmgg4c2c,2026-10-02
Nam Định,Nam Định,Thép Xanh Nam Định FC,66.9989339032,1980,cld1l7cgrsr3bij22f2ytqiok,2026-10-02
Yunnan Yukun,Yukun,Yunnan Yukun FC,66.9978802049,1981,e6818x4pwankpph8awr91m1hw,2026-10-02
Paide,Paide,Paide Linnameeskond,66.9940552757,1982,co1q4zpn5ep76y2tiqohorspg,2026-10-02
Iwaki,Iwaki,Iwaki FC,66.9905043025,1983,4zxaepel6gk1jzqf5di3m6iok,2026-10-02
JS Omrane,Omrane,Jeunesse Sportive Omrane,66.9901212264,1984,2cdwuc8jbyg41icy3ah21d2c4,2026-10-02
Naft Maysan,Maysan,Naft Maysan,66.9872422593,1985,1ua3sfkjt1blxmm5vtgqwavis,2026-10-02
Stal Mielec,Stal Mielec,PGE FKS Stal Mielec,66.9814108341,1986,9bj99ztou2rexljon6vvrssgk,2026-10-02
Illertissen,Illertissen,FV Illertissen 1921,66.9803571274,1987,cp9ieu0l4mgyazd7866sx8pw4,2026-10-02
Fernando de la Mora,Fernando Mora,Club Fernando de la Mora,66.9794158155,1988,8vh8k7j5o8k9gynwf0ntfr578,2026-10-02
Ranchers Bees,Ranchers Bees,Ranchers Bees,66.9737910882,1989,bblld98re54ohfsni235m1gyc,2026-10-02
Grorud,Grorud,Grorud IL,66.9729811656,1990,eyebcttojdlxx2xxue3awhmvo,2026-10-02
Aguacatán,Aguacatán,Aguacatán FC,66.9707351447,1991,9krteg77umv3opxgpwp51d6ac,2026-10-02
Opava,Opava,SFC Opava,66.9687663192,1992,6366wwpqz6bqwsprqq35h4hec,2026-10-02
Club Brugge II,Club NXT,Club NXT (Club Brugge KV II),66.9666588929,1993,83p55gs5rtqe8vjqg5t6me39w,2026-10-02
Drogheda United,Drogheda,Drogheda United FC,66.9613903182,1994,6zkfyunc0lfteytfj6slonuhg,2026-10-02
Bari,Bari,SSC Bari,66.9540142923,1995,5sw6ud25poqqgzszu5yk6p0r8,2026-10-02
Nouakchott King's,King's,Nouakchott King's,66.9532413334,1996,dp0cjg7hm16o0ay8b1amdexhw,2026-10-02
Las Palmas II,Las Palmas II,UD Las Palmas Atlético,66.9526093321,1997,3jk4gnb5m4ov0fm9ssmgg4c2c,2026-10-02
Sogdiana,Sogdiana,FK Sogdiana Jizak,66.9443889118,1998,30hnhs47crryfhtm1523ygzkk,2026-10-02
Eidsvold,Eidsvold,Eidsvold TF,66.9357497396,1999,eyebcttojdlxx2xxue3awhmvo,2026-10-02
Gimnástica Torrelavega,Gimnástica,RS Gimnástica de Torrelavega,66.9332910382,2000,3jk4gnb5m4ov0fm9ssmgg4c2c,2026-10-02
Persebaya Surabaya,Persebaya,Persatuan Sepak Bola Surabaya,66.9318474279,2001,2t0yn5r2hq16whtb16f4i7nro,2026-10-02
Pittsburgh Riverhounds,Pittsburgh,Pittsburgh Riverhounds SC,66.9236688477,2002,cbkjk31sv9wm38ljg3vxhtus4,2026-10-02
Sloga Doboj,Sloga Doboj,FK Sloga Doboj,66.9206462439,2003,4c48j9oq3d0aje3ojkb3mbp5g,2026-10-02
Bouaké,Bouaké,Bouaké FC,66.9147825173,2004,2x67tvk4kdanna2zej4ui0bv8,2026-10-02
Nyasa Big Bullets,Big Bullets,Nyasa Big Bullets FC,66.9030157361,2005,dzzhvxalhc0doyc8cvfxaeyvo,2026-10-02
Sacachispas,Sacachispas,CSyD Sacachispas,66.9011890632,2006,9krteg77umv3opxgpwp51d6ac,2026-10-02
Qatar SC,Qatar,Qatar SC,66.8997807874,2007,b0n3k3rsxrgrfimue4kkxqmms,2026-10-02
Mardin 1969,Mardin,Mardin 1969 Spor,66.8981664282,2008,9vlcn0hdb4ufq9s8e7kjnfn6c,2026-10-02
Tauro,Tauro,Tauro FC,66.8976765759,2009,dxqxpijuyxkzzosa7wdmhzd3o,2026-10-02
Hwaseong,Hwaseong,Hwaseong FC,66.8932103001,2010,aqzfod554aa202i8pjkt4ou1g,2026-10-02
Znicz Pruszków,Znicz,MKS Znicz Pruszków,66.878496399,2011,1f9k5nej63ck6nqpw0q5uml1w,2026-10-02
Gillingham,Gillingham,Gillingham FC,66.8753351277,2012,7kjvvls20hnhjguys4t73yjh0,2026-10-02
Vukovar,Vukovar,NK Vukovar '91,66.8718225987,2013,cuux8wgnrxz78zen0blqr5q1g,2026-10-02
Santos,Santos,Santos FC,66.8656124335,2014,4wjv3pabgbhm9is93zhe6zf9w,2026-10-02
Mornar,Mornar,FK Mornar Bar,66.8640950149,2015,bp0tbsm945cofzlkbdgmd7dp0,2026-10-02
Antoniano,Antoniano,CA Antoniano,66.8630412513,2016,3jk4gnb5m4ov0fm9ssmgg4c2c,2026-10-02
Cuarte,Cuarte,CD Cuarte Industrial,66.858826192,2017,1h4ygpz4oamwj3kksmzc15ams,2026-10-02
Llanera,Llanera,UD Llanera,66.852854844,2018,3jk4gnb5m4ov0fm9ssmgg4c2c,2026-10-02
Atlético Madrid III,A Madrid III,Club Atlético de Madrid III,66.8468834795,2019,3jk4gnb5m4ov0fm9ssmgg4c2c,2026-10-02
Hyères,Hyères,Hyères FC,66.8422644423,2020,4puti0g0aurz6lctqhbonl2c4,2026-10-02
Manresa,Manresa,CE Manresa,66.8381020315,2021,3jk4gnb5m4ov0fm9ssmgg4c2c,2026-10-02
Caudal,Caudal,Caudal Deportivo de Mieres,66.8359944786,2022,1h4ygpz4oamwj3kksmzc15ams,2026-10-02
Bantu,Bantu,Bantu FC,66.8334674924,2023,770xwf92zra2rdko15e3rqbys,2026-10-02
Victoria,Victoria,CD Victoria,66.8270766877,2024,3mj3pjj43jf136jc8emwlxzbo,2026-10-02
Dunav ot Ruse,Dunav,FK Dunav ot Ruse,66.8265104657,2025,3rbiru554kufnw6hrtsv0us5w,2026-10-02
Independiente,Independiente,CA Independiente de La Chorrera,66.8239130327,2026,dxqxpijuyxkzzosa7wdmhzd3o,2026-10-02
Ufa,Ufa,FK Ufa,66.8237003798,2027,ewtzgv48te3m77r86sxunl3x0,2026-10-02
Veraguas United,Veraguas Utd,Veraguas United FC,66.8158340165,2028,dxqxpijuyxkzzosa7wdmhzd3o,2026-10-02
BUL,BUL,BIDCO BUL FC,66.8134456137,2029,d43v3lpfbbegmsubl20bdpct0,2026-10-02
Panionios,Panionios,Panionios FC,66.8072437416,2030,2ucolfpd3bp9magtvueu1udw,2026-10-02
La Viena FC,Viena FC,La Viena FC,66.7990414897,2031,c8yhc9482s3xm3dplmzcg8wes,2026-10-02
Inter Lagos,Inter Lagos,Inter Lagos FC,66.7953555137,2032,bblld98re54ohfsni235m1gyc,2026-10-02
Sagrada Esperança,Sagrada,GD Sagrada Esperança,66.7906134237,2033,ofi6heevfqlhgto3devky0b8,2026-10-02
Gaz Al-Shamal,Gaz Al-Shamal,Gaz Al-Shamal SC,66.7849217476,2034,1ua3sfkjt1blxmm5vtgqwavis,2026-10-02
Pompiers,Pompiers,AS Pompiers,66.7748040733,2035,dp0cjg7hm16o0ay8b1amdexhw,2026-10-02
Coton Sport Ouidah,Coton Sport,Coton Sport FC,66.7741038463,2036,t5yilsv0ffm6kb8mz07ywiz8,2026-10-02
Genk II,Jong Genk,Jong KRC Genk (KRC Genk II),66.7738207512,2037,83p55gs5rtqe8vjqg5t6me39w,2026-10-02
SD Logroñés,SD Logroñés,SD Logroñés,66.7720644054,2038,3jk4gnb5m4ov0fm9ssmgg4c2c,2026-10-02
Young Apostles,Young Apostles,Young Apostles FC,66.7667248745,2039,9jwcn4214a2l2atxhtwj6zxg4,2026-10-02
Náxara,Náxara,Náxara CD,66.7604724873,2040,3jk4gnb5m4ov0fm9ssmgg4c2c,2026-10-02
Mes Rafsanjan,Rafsanjan,Mes Rafsanjan,66.7564666067,2041,4kjg0qklfya45mq3pjthw09w4,2026-10-02
USM Annaba,Annaba,USM Annaba,66.7547816558,2042,flxkeved0q9tmclqafcpql1w,2026-10-02
Izarra,Izarra,CD Izarra,66.7534470523,2043,1h4ygpz4oamwj3kksmzc15ams,2026-10-02
Montedio Yamagata,Montedio,Montedio Yamagata,66.75305714,2044,4zxaepel6gk1jzqf5di3m6iok,2026-10-02
Buxoro,Buxoro,FK Buxoro,66.7480360665,2045,30hnhs47crryfhtm1523ygzkk,2026-10-02
New Mexico United,New Mexico Utd,New Mexico United,66.7438240659,2046,cbkjk31sv9wm38ljg3vxhtus4,2026-10-02
Matlama,Matlama,Matlama FC,66.7407330371,2047,770xwf92zra2rdko15e3rqbys,2026-10-02
İstanbulspor,İstanbulspor,İstanbulspor Kulübü,66.7400986632,2048,9vlcn0hdb4ufq9s8e7kjnfn6c,2026-10-02
Lexington,Lexington,Lexington SC,66.7346909259,2049,cbkjk31sv9wm38ljg3vxhtus4,2026-10-02
Nueva Santa Rosa,Santa Rosa,Nueva Santa Rosa CDF,66.7276654075,2050,9krteg77umv3opxgpwp51d6ac,2026-10-02
Opatija,Opatija,NK Opatija,66.7274527452,2051,cuux8wgnrxz78zen0blqr5q1g,2026-10-02
Qingdao West Coast,West Coast,Qingdao West Coast FC,66.7235500595,2052,e6818x4pwankpph8awr91m1hw,2026-10-02
RAEC Mons,R. Mons 44,Renaissance Albert Elisabeth Club de Mons,66.7200759256,2053,6t5gnnzhfwzumtn1olpzzhlhw,2026-10-02
Zanaco,Zanaco,Zanaco FC,66.7187782758,2054,3yqrgsjxdtodaoynaqjdtzuhg,2026-10-02
Kickers Emden,Kickers Emden,BSV Kickers Emden,66.7179682583,2055,cp9ieu0l4mgyazd7866sx8pw4,2026-10-02
Bizertin,Bizertin,CA Bizertin,66.7171952155,2056,2cdwuc8jbyg41icy3ah21d2c4,2026-10-02
Dugopolje,Dugopolje,NK Dugopolje,66.7158605889,2057,cuux8wgnrxz78zen0blqr5q1g,2026-10-02
Atlético Escobar,Atl. Escobar,Atlético Escobar FC,66.7100012572,2058,1q9caek968o8ubc43inhg6uxg,2026-10-02
Tchologo,Tchologo,US Tchologo,66.709293751,2059,2x67tvk4kdanna2zej4ui0bv8,2026-10-02
Diyala,Diyala,Diyala SC,66.7076415824,2060,1ua3sfkjt1blxmm5vtgqwavis,2026-10-02
Al Golan,Golan,Al Golan SC,66.7044800625,2061,1ua3sfkjt1blxmm5vtgqwavis,2026-10-02
Stade Mandji,Stade Mandji,AS Stade Mandji,66.6966476552,2062,91hx1tapplzhsaiav9r0gdq8k,2026-10-02
Sutjeska,Sutjeska,FK Sutjeska Nikšić,66.6902171141,2063,bp0tbsm945cofzlkbdgmd7dp0,2026-10-02
AZ II,AZ II,AZ II,66.6870555688,2064,7bdyxkrzt42tv7377rpz5nqc4,2026-10-02
Atlético,Atlético,Atlético FC,66.6804935912,2065,3f1bsdfpg1eedvajxpif8t5p0,2026-10-02
Afturelding,Afturelding,UMF Afturelding,66.6616049614,2066,a5uti9g06jek0b3rv3zavb578,2026-10-02
César Vallejo,UCV,CD Universidad César Vallejo,66.6601190161,2067,4wjv3pabgbhm9is93zhe6zf9w,2026-10-02
Sandnes Ulf,Sandnes,Sandnes Ulf,66.6578988784,2068,1b7iiw2jok0qp6s65rmh05a1g,2026-10-02
Keflavík,Keflavík,Keflavík ÍF,66.6575475906,2069,eeeacj91qdk6pru5zwwobaiac,2026-10-02
Chemal,Chemal,Chemal FC,66.6553693739,2070,dp0cjg7hm16o0ay8b1amdexhw,2026-10-02
Gimpo Citizen,Gimpo,Gimpo Citizen FC,66.6539960676,2071,aqzfod554aa202i8pjkt4ou1g,2026-10-02
Moss,Moss,Moss FK,66.6536834208,2072,1b7iiw2jok0qp6s65rmh05a1g,2026-10-02
Peña Sport,Peña Sport,Peña Sport FC,66.6533321323,2073,3jk4gnb5m4ov0fm9ssmgg4c2c,2026-10-02
Tiszakécske,Tiszakécske,Tiszakécskei LC,66.6487653767,2074,cnv4lxtlbn15zo28rnoqs4kr8,2026-10-02
Aviron Bayonnais,Bayonne,Aviron Bayonnais FC,66.6381739793,2075,4puti0g0aurz6lctqhbonl2c4,2026-10-02
Olympic Az Zawiyah,Az Zawiyah,Al Olympic Az Zawiyah SC,66.6307813697,2076,68kgxuk3dkg7p955ifkisgc9g,2026-10-02
BSK Banja Luka,Banja Luka,FK BSK Banja Luka,66.6290930883,2077,4c48j9oq3d0aje3ojkb3mbp5g,2026-10-02
Kyzyl-Zhar,Kyzyl-Zhar,FK Kyzyl-Zhar SK Petropavlovsk,66.6280392107,2078,5dlquxczyamt372efk9kgws2c,2026-10-02
Vitória Guimarães II,Vitória SC II,Vitória SC Guimarães II,66.6262827469,2079,eoix5zq4par8gwml3bhkkyihg,2026-10-02
Manisa,Manisa,Manisa FK,66.6196081712,2080,9vlcn0hdb4ufq9s8e7kjnfn6c,2026-10-02
Istiklol,Istiklol,FC Istiklol Dushanbe,66.6177121065,2081,exviv937sefj0unv8ay7iwsgk,2026-10-02
Paris 13 Atletico,Paris 13,FC Paris 13 Atletico,66.611177099,2082,2hzxt22wy9dxf7qxh08hjbuhg,2026-10-02
Yaracuyanos,Yaracuyanos,Yaracuyanos FC,66.6081278531,2083,5l0o7aj8bf50pay409j5x0j6c,2026-10-02
Motema Pembe,Motema,Daring Club Motema Pembe,66.6068933696,2084,ehmma83pqd17k7x6if20hmrkk,2026-10-02
VVV,VVV,VVV Venlo,66.5939635578,2085,7bdyxkrzt42tv7377rpz5nqc4,2026-10-02
Aragua,Aragua,Aragua FC,66.5898603915,2086,5l0o7aj8bf50pay409j5x0j6c,2026-10-02
Mufulira Wanderers,Mufulira,Mufulira Wanderers FC,66.5863424528,2087,3yqrgsjxdtodaoynaqjdtzuhg,2026-10-02
Strømmen,Strømmen,Strømmen IF,66.5851810862,2088,1b7iiw2jok0qp6s65rmh05a1g,2026-10-02
Nkwazi,Nkwazi,Nkwazi FC,66.5726417332,2089,3yqrgsjxdtodaoynaqjdtzuhg,2026-10-02
Tegevajaro Miyazaki,Tegevajaro,Tegevajaro Miyazaki FC,66.5644156685,2090,4zxaepel6gk1jzqf5di3m6iok,2026-10-02
Albacete II,Albacete II,Albacete Balompié II,66.5623464931,2091,3jk4gnb5m4ov0fm9ssmgg4c2c,2026-10-02
Nürnberg II,Nürnberg II,1. FC Nürnberg II,66.5500508433,2092,cp9ieu0l4mgyazd7866sx8pw4,2026-10-02
River Plate,River Plate,Club River Plate,66.5480554284,2093,8vh8k7j5o8k9gynwf0ntfr578,2026-10-02
Tishreen,Tishreen,Tishreen SC,66.5409529429,2094,epf0rlgn33w37t43qiocvx4wk,2026-10-02
Homburg,Homburg,FC 08 Homburg,66.5367012015,2095,cp9ieu0l4mgyazd7866sx8pw4,2026-10-02
Fosa Juniors,Fosa Juniors,SOM-Fosa Juniors FC,66.5246885335,2096,citm4e83b4soxyy411ags2z8,2026-10-02
Aubagne Air Bel,Aubagne AB,SC Aubagne Air Bel,66.5240540964,2097,6rle937m7y4ktnwcredad5g5w,2026-10-02
Diarra,Diarra,FC Diarra de la Commune 4,66.5236346051,2098,2fvr17f4zzd5uci32usqi0ro4,2026-10-02
Monagas II,Monagas,Monagas SC II,66.5195994874,2099,5l0o7aj8bf50pay409j5x0j6c,2026-10-02
Saint-Malo,Saint-Malo,US Saint-Malo,66.516272577,2100,4puti0g0aurz6lctqhbonl2c4,2026-10-02
Dynamo de Douala,Dynamo,Dynamo de Douala FC,66.5085259298,2101,cqmw3la51kme1j36rsfej2p04,2026-10-02
Calahorra,Calahorra,CD Calahorra,66.5054346128,2102,1h4ygpz4oamwj3kksmzc15ams,2026-10-02
Domžale,Domžale,NK Domžale,66.4984083508,2103,8e29vwxca2j3dc5kbpi0ehous,2026-10-02
San Benito,San Benito,San Benito Fútbol Club,66.498269722,2104,9krteg77umv3opxgpwp51d6ac,2026-10-02
WE,WE,WE SC (Telecom Egypt),66.4962299741,2105,c8yhc9482s3xm3dplmzcg8wes,2026-10-02
Progrès Sakiet Eddaïer,Progrès SE,Progrès Sportif de Sakiet Eddaïer,66.4962299741,2106,2cdwuc8jbyg41icy3ah21d2c4,2026-10-02
Hapoel Kfar Shalem,H Kfar Shalem,Hapoel Kfar Shalem FC,66.4755728419,2107,1mqfttramp7l8dfkpwk7w6wic,2026-10-02
Tianjin Jinmen Tiger,Jinmen Tiger,Tianjin Jinmen Tiger FC,66.4727236561,2108,e6818x4pwankpph8awr91m1hw,2026-10-02
Jadran LP,Jadran,NK Jadran Luka Ploče,66.4713570293,2109,cuux8wgnrxz78zen0blqr5q1g,2026-10-02
Real Santander,Real Santander,CD Real Santander,66.4665509929,2110,3f1bsdfpg1eedvajxpif8t5p0,2026-10-02
Atlètic Club d'Escaldes,Atlètic,Atlètic Club d'Escaldes,66.4629253794,2111,2a3fpo37ny4uvuf4u7toqok5w,2026-10-02
Chernomorets,Chernomorets,FK Chernomorets Novorossiysk,66.4601148221,2112,ewtzgv48te3m77r86sxunl3x0,2026-10-02
Värnamo,Värnamo,IFK Värnamo,66.4495751997,2113,e45p1bhnnox3kdgzamrx63r4k,2026-10-02
Atlético Monzón,Monzón,CA Monzón,66.4421974334,2114,1h4ygpz4oamwj3kksmzc15ams,2026-10-02
Real Hope,Real Hope,Real Hope FA,66.4413584663,2115,bva0t7rr4t5eq0llsgztfzx90,2026-10-02
Podbeskidzie,Podbeskidzie,TS Podbeskidzie Bielsko-Biała,66.4397381724,2116,9bj99ztou2rexljon6vvrssgk,2026-10-02
Muğlaspor,Muğla,Muğlaspor Kulübü,66.4348196419,2117,9vlcn0hdb4ufq9s8e7kjnfn6c,2026-10-02
Dalian Yingbo,Yingbo,Dalian Yingbo FC,66.4252952272,2118,e6818x4pwankpph8awr91m1hw,2026-10-02
Real Madrid III,R Madrid III,Real Madrid CF III,66.4151454081,2119,3jk4gnb5m4ov0fm9ssmgg4c2c,2026-10-02
Nsingizini Hotspurs,Nsingizini,Nsingizini Hotspurs,66.4150772229,2120,8pf5znjqxa3ghoff6kevxy42c,2026-10-02
Juticalpa,Juticalpa,Juticalpa FC,66.4100904966,2121,bifv7w5gplrvhfvyqle3jf504,2026-10-02
Magesi,Magesi,Magesi FC,66.3999677887,2122,4nwd2e9auc7j57110c5f3fehg,2026-10-02
Compostela,Compostela,SD Compostela,66.3986329664,2123,3jk4gnb5m4ov0fm9ssmgg4c2c,2026-10-02
Deportiva Agropecuaria,Agropecuaria,AD Agropecuaria,66.391016121,2124,4wjv3pabgbhm9is93zhe6zf9w,2026-10-02
Olympic Safi,Olympic Safi,Olympic Club de Safi,66.3869685516,2125,3m3hltejq5dp7tvessefe7pck,2026-10-02
El Massira,El Massira,Jeunesse Sportive d'El Massira Laâyoune,66.385211892,2126,e66497iax4m4oq94h8qc9nllg,2026-10-02
Circulo Deportivo,Circulo Dep.,Club Circulo Deportivo,66.3808274942,2127,1q9caek968o8ubc43inhg6uxg,2026-10-02
Radnik Bijeljina,Radnik,FK Radnik Bijeljina,66.3789584029,2128,4c48j9oq3d0aje3ojkb3mbp5g,2026-10-02
Provincial Osorno,Osorno,CD Provincial Osorno,66.3766114966,2129,1wi9d67mmituunqd3csuv0fmc,2026-10-02
Kaloum Star,Kaloum,AS du Kaloum Star,66.3739715457,2130,1odzlx97lfuimst69uxvbn310,2026-10-02
Real Native,Real Native,Real Native FC,66.3658885413,2131,4nwd2e9auc7j57110c5f3fehg,2026-10-02
Casertana,Casertana,Casertana FC,66.3656077041,2132,5sw6ud25poqqgzszu5yk6p0r8,2026-10-02
Tarancón,Tarancón,CD Tarancón,66.3652563688,2133,1h4ygpz4oamwj3kksmzc15ams,2026-10-02
Maccabi Herzliya,M Herzliya,Maccabi Herzliya FC,66.3642023626,2134,1mqfttramp7l8dfkpwk7w6wic,2026-10-02
Nõmme Kalju,Kalju,Nõmme Kalju FC,66.3606890047,2135,co1q4zpn5ep76y2tiqohorspg,2026-10-02
Olympique Dcheïra,Dcheïra,Olympique Dcheïra,66.3542944479,2136,3m3hltejq5dp7tvessefe7pck,2026-10-02
Miramar Misiones,Miramar,CS Miramar Misiones,66.3520180132,2137,6oy1dcqjggeoyx76gstf8zkes,2026-10-02
Seongnam,Seongnam,Seongnam FC,66.3508129253,2138,aqzfod554aa202i8pjkt4ou1g,2026-10-02
De Graafschap,De Graafschap,De Graafschap,66.3505002347,2139,7bdyxkrzt42tv7377rpz5nqc4,2026-10-02
Titanes,Titanes,Titanes FC,66.3302349794,2140,cnw5897zluol2jbo1zgeqj8yc,2026-10-02
Prishtina e Re,Prishtina e Re,KF Prishtina e Re,66.3297735187,2141,6ztabhaasz9mz4wdy6fkfl72s,2026-10-02
Búhos ULVR,Búhos ULVR,Búhos ULVR FC,66.3295322973,2142,6f3mt0vs7zxlbfevjpbqur4lw,2026-10-02
Yacoub El Mansour,Yacoub,US Yacoub El Mansour,66.3240792449,2143,3m3hltejq5dp7tvessefe7pck,2026-10-02
NA Hussein Dey,NA Hussein Dey,NA Hussein Dey,66.3195117937,2144,flxkeved0q9tmclqafcpql1w,2026-10-02
Shrewsbury Town,Shrewsbury,Shrewsbury Town FC,66.3143121453,2145,7kjvvls20hnhjguys4t73yjh0,2026-10-02
Don Bosco,Don Bosco,CS Don Bosco Lubumbashi,66.3138926114,2146,ehmma83pqd17k7x6if20hmrkk,2026-10-02
Atlético Central,CA Central,Club Atlético Central,66.2999070086,2147,3jk4gnb5m4ov0fm9ssmgg4c2c,2026-10-02
Ciudad Nueva Santa Cruz,CN Santa Cruz,Ciudad Nueva Santa Cruz Academia FC,66.2994924203,2148,9q5nb2oto8bvh3nkzt5d8kv10,2026-10-02
Ismaily,Ismaily,Ismaily SC,66.2980797778,2149,c8yhc9482s3xm3dplmzcg8wes,2026-10-02
Hà Nội,Hà Nội,Hà Nội FC,66.2970575909,2150,cld1l7cgrsr3bij22f2ytqiok,2026-10-02
Tychy,Tychy,GKS Tychy,66.2904206465,2151,1f9k5nej63ck6nqpw0q5uml1w,2026-10-02
Ertis,Ertis,FK Ertis,66.2837450334,2152,5dlquxczyamt372efk9kgws2c,2026-10-02
Al Salt,Al Salt,Al Salt SC,66.282549062,2153,espg5w80i6jk5f0n0b3buusk4,2026-10-02
Alebrijes de Oaxaca,Alebrijes,Alebrijes de Oaxaca FC,66.2750158996,2154,3cxwni2dq94c7yt90g8m7rs44,2026-10-02
El Mansura,Mansura,El Mansura,66.269971893,2155,c8yhc9482s3xm3dplmzcg8wes,2026-10-02
Racing,Racing,Racing FC Union Lëtzebuerg,66.2689883414,2156,uza4dpaosr9j4jztif162p78,2026-10-02
Džiugas Telšiai,Džiugas,FK Džiugas Telšiai,66.2679342881,2157,4hzcbeghy116szh7rtk757xg4,2026-10-02
Constància,Constància,CE Constància,66.2654748284,2158,1h4ygpz4oamwj3kksmzc15ams,2026-10-02
Al Shahaniya,Shahaniya,Al-Shahaniya SC,66.2649815504,2159,b0n3k3rsxrgrfimue4kkxqmms,2026-10-02
Tacuary,Tacuary,Tacuary FC,66.264533206,2160,8vh8k7j5o8k9gynwf0ntfr578,2026-10-02
Kudrivka,Kudrivka,FK Kudrivka,66.2623126618,2161,5vqx2miccjg04lp2pqs1hbmc,2026-10-02
Oman Club,Oman Club,Oman Club,66.2607653263,2162,cbdqxkajw3jvb9nqzpbraim1g,2026-10-02
Kaisar Kyzylorda,Kaisar,FK Kaisar Kyzylorda,66.2566910209,2163,5dlquxczyamt372efk9kgws2c,2026-10-02
Nordic United,Nordic,Nordic United FC,66.2468531139,2164,e45p1bhnnox3kdgzamrx63r4k,2026-10-02
Brujas de Salamanca,B. Salamanca,CD Brujas de Salamanca,66.2431006433,2165,1wi9d67mmituunqd3csuv0fmc,2026-10-02
Al Kahrabaa,Kahrabaa,Al Kahrabaa Club,66.2414431698,2166,1ua3sfkjt1blxmm5vtgqwavis,2026-10-02
Brattvåg,Brattvåg,Brattvåg IL,66.2412314326,2167,eyebcttojdlxx2xxue3awhmvo,2026-10-02
Pikine,Pikine,AS Pikine,66.2325550119,2168,1bt3oe8dwu7lmuy50kex4bkt0,2026-10-02
Wikki Tourists,Wikki,Wikki Tourists FC,66.2304468691,2169,6vwpcpdx5wlm8574ra5xaj09g,2026-10-02
Concón National,Concón,Club Deportivo y Social Concón National,66.2153434008,2170,1wi9d67mmituunqd3csuv0fmc,2026-10-02
Andijan,Andijan,FK Andijan,66.215089036,2171,30hnhs47crryfhtm1523ygzkk,2026-10-02
Busan IPark,Busan IPark,Busan IPark,66.2148409563,2172,aqzfod554aa202i8pjkt4ou1g,2026-10-02
Mijas Las Lagunas,Mijas,CP Mijas Las Lagunas,66.2022306144,2173,3jk4gnb5m4ov0fm9ssmgg4c2c,2026-10-02
Douanes,Douanes,AS Douanes,66.2009326536,2174,56y5sheadf58560v7uwkil9n8,2026-10-02
Daugavpils,Daugavpils,BFC Daugavpils,66.1913383677,2175,d1tk0recez2ejvsidutwviwwk,2026-10-02
Naranja Mekánica,Naranja,Naranja Mekánica FC,66.1861803427,2176,51fmboanx3f6tr3jlow8054ic,2026-10-02
Audace Cerignola,Cerignola,SS Audace Cerignola,66.1829056228,2177,5sw6ud25poqqgzszu5yk6p0r8,2026-10-02
Górnik Łęczna,Górnik Łęczna,GKS Górnik Łęczna,66.1807974314,2178,1f9k5nej63ck6nqpw0q5uml1w,2026-10-02
Newport County,Newport,Newport County AFC,66.1677968721,2179,7kjvvls20hnhjguys4t73yjh0,2026-10-02
Vitesse,Vitesse,Vitesse FC,66.1612283679,2180,56y5sheadf58560v7uwkil9n8,2026-10-02
Austria Salzburg,Austria Salzb,SV Austria Salzburg,66.1562017123,2181,bbsieeq7vmacbhd5d5hvgu978,2026-10-02
Tubize-Braine,RUTB,Royale Union Tubize-Braine,66.1533907551,2182,6t5gnnzhfwzumtn1olpzzhlhw,2026-10-02
Calvo Sotelo,Calvo Sotelo,Calvo Sotelo de Puertollano CF,66.1484715711,2183,3jk4gnb5m4ov0fm9ssmgg4c2c,2026-10-02
Chirundu United,Chirundu,Chirundu United FC,66.1411138095,2184,3yqrgsjxdtodaoynaqjdtzuhg,2026-10-02
Hatta,Hatta,Hatta Club,66.1370857449,2185,b6a9x42zsbxzbc2n5t79kdono,2026-10-02
Aarhus Fremad,Aarhus Fremad,Aarhus Fremad Fodbold,66.1312543385,2186,2mb332vncy4450vu14paj8844,2026-10-02
TSC,TSC,FK TSC Bačka Topola,66.1284433486,2187,38qhp7f77q817kvnksk95ucyc,2026-10-02
Havelse,Havelse,TSV Havelse,66.1207131076,2188,58t4zseno2tp4253w3dm5i80k,2026-10-02
Emmen,Emmen,FC Emmen,66.1147397204,2189,7bdyxkrzt42tv7377rpz5nqc4,2026-10-02
Don Bosco,Don Bosco,Don Bosco FC,66.0924665622,2190,bva0t7rr4t5eq0llsgztfzx90,2026-10-02
Chungnam Asan,Chungnam Asan,Chungnam Asan FC,66.0901045937,2191,aqzfod554aa202i8pjkt4ou1g,2026-10-02
Hapoel Rishon LeZion,Rishon LeZion,Hapoel Ironi Rishon LeZion FC,66.0845211546,2192,1mqfttramp7l8dfkpwk7w6wic,2026-10-02
Manchego,Manchego,CD Manchego Ciudad Real,66.0845211546,2193,1h4ygpz4oamwj3kksmzc15ams,2026-10-02
El Sekka El Hadid,Sekka El Hadid,El Sekka El Hadid,66.0830451223,2194,c8yhc9482s3xm3dplmzcg8wes,2026-10-02
Atlético Tordesillas,Tordesillas,CD Atlético Tordesillas,66.0771421379,2195,3jk4gnb5m4ov0fm9ssmgg4c2c,2026-10-02
Makeni All Stars,Makeni,Makeni All Stars FC,66.0760919167,2196,3yqrgsjxdtodaoynaqjdtzuhg,2026-10-02
Jaro,Jaro,FF Jaro,66.0739796944,2197,32gy6t29t9240sgu7l11j9nh0,2026-10-02
NAPSA Stars,NAPSA,NAPSA Stars FC,66.0726816561,2198,3yqrgsjxdtodaoynaqjdtzuhg,2026-10-02
Petržalka,Petržalka,FC Petržalka,66.0648437203,2199,47gcoqnouhyfwprkioq13ex3o,2026-10-02
Puente Genil,Puente Genil,CD AD San Fermín (Salerm Cosmetic Puente Genil FC),66.057464636,2200,3jk4gnb5m4ov0fm9ssmgg4c2c,2026-10-02
Al-Ittihad Benghazi,Ittihad Bngz,Al-Ittihad Benghazi,66.0570450521,2201,68kgxuk3dkg7p955ifkisgc9g,2026-10-02
Santa Fe,Santa Fe,Santa Fe SC,66.0473868741,2202,6f3mt0vs7zxlbfevjpbqur4lw,2026-10-02
TRA United,TRA Utd,TRA United FC,66.0424625002,2203,c5wdltkcr7ti6feuv6ej6kavo,2026-10-02
KAMAZ,KAMAZ,FK KAMAZ Naberezhnye Chelny,66.0353272308,2204,ewtzgv48te3m77r86sxunl3x0,2026-10-02
Majestic,Majestic,Majestic FC,66.0340291692,2205,56y5sheadf58560v7uwkil9n8,2026-10-02
CFFEB,CFFEB,Centre de Formation de Football Espoir du Burkina,66.0326236111,2206,56y5sheadf58560v7uwkil9n8,2026-10-02
Formentera,Formentera,SD Formentera,66.0307591664,2207,1h4ygpz4oamwj3kksmzc15ams,2026-10-02
Police,Police,Police FC,66.0103079432,2208,6of7eu9uyvb2ljqldumlr92xg,2026-10-02
El Kanemi Warriors,Warriors,El Kanemi Warriors FC,66.0080261954,2209,6vwpcpdx5wlm8574ra5xaj09g,2026-10-02
Paços de Ferreira,Paços Ferreira,FC Paços de Ferreira,66.007215911,2210,eoix5zq4par8gwml3bhkkyihg,2026-10-02
Tochigi City,Tochigi City,Tochigi City FC,66.0068258638,2211,4zxaepel6gk1jzqf5di3m6iok,2026-10-02
De Treffers,Treffers,De Treffers,66.0015936028,2212,asox70lt42oe70oat4mcayaz8,2026-10-02
Moralo,Moralo,Moralo CP,65.9945656969,2213,1h4ygpz4oamwj3kksmzc15ams,2026-10-02
ASPAC,ASPAC,AS du Port Autonome de Cotonou FC,65.9916863294,2214,t5yilsv0ffm6kb8mz07ywiz8,2026-10-02
Osaka,Osaka,FC Osaka,65.9906616852,2215,d7a4tg9b5xoanhbupsxsbi238,2026-10-02
Kladno,Kladno,SK Kladno,65.9892947523,2216,6366wwpqz6bqwsprqq35h4hec,2026-10-02
Guaireña,Guaireña,Guaireña FC,65.987298818,2217,8vh8k7j5o8k9gynwf0ntfr578,2026-10-02
San Antonio,San Antonio,San Antonio FC,65.9863449148,2218,cbkjk31sv9wm38ljg3vxhtus4,2026-10-02
Tranmere Rovers,Tranmere,Tranmere Rovers FC,65.9847265899,2219,7kjvvls20hnhjguys4t73yjh0,2026-10-02
N'Zidane,N'Zidane,FC N'Zidane,65.9804393053,2220,dp0cjg7hm16o0ay8b1amdexhw,2026-10-02
Milagro,Milagro,Milagro FC,65.9785138734,2221,6f3mt0vs7zxlbfevjpbqur4lw,2026-10-02
Queens Park Rangers,QPR,Queens Park Rangers FC,65.9777379773,2222,7e8iz4klq135f8mgvdy8z4kyc,2026-10-02
Lijabatho,Lijabatho,Lijabatho FC,65.9772790309,2223,770xwf92zra2rdko15e3rqbys,2026-10-02
Leopards,Leopards,AFC Leopards SC,65.9730599307,2224,6of7eu9uyvb2ljqldumlr92xg,2026-10-02
Tersana,Tersana,Tersana SC,65.9720057322,2225,c8yhc9482s3xm3dplmzcg8wes,2026-10-02
Flora,Flora,FC Flora Tallinn,65.9650482405,2226,co1q4zpn5ep76y2tiqohorspg,2026-10-02
Ferroviária,Ferroviária,Associação Ferroviária de Esportes,65.9549700444,2227,kis8d8dd780usq5xloolkaac,2026-10-02
Chabab Atlas Khénifra,CA Khénifra,Chabab Atlas Khénifra,65.9537328767,2228,e66497iax4m4oq94h8qc9nllg,2026-10-02
AaB,AaB,Aalborg BK,65.9516949719,2229,2mb332vncy4450vu14paj8844,2026-10-02
Arsenal Tula,Arsenal,FK Arsenal Tula,65.9495865535,2230,ewtzgv48te3m77r86sxunl3x0,2026-10-02
Accrington Stanley,Accrington,Accrington Stanley FC,65.94818094,2231,7kjvvls20hnhjguys4t73yjh0,2026-10-02
Al Markhiya,Markhiya,Al Markhiya SC,65.9322257769,2232,e9xwqeh6pqwy3pva03skx9f6c,2026-10-02
Blaublitz Akita,Blaublitz,AFC Blaublitz Akita,65.9312748521,2233,4zxaepel6gk1jzqf5di3m6iok,2026-10-02
Chacaritas,Chacaritas,Chacaritas FC,65.9254520427,2234,derrtkvb0qg29n2ldftcolo9g,2026-10-02
Baltimore,Baltimore,Baltimore SC,65.9136067678,2235,4vdnis45sxd05ictg09vgpous,2026-10-02
Budućnost,Budućnost,FK Budućnost Podgorica,65.9056606975,2236,bp0tbsm945cofzlkbdgmd7dp0,2026-10-02
Watanga,Watanga,Watanga FC,65.901551272,2237,6x5fs0vog8z4mtp0f4ankjfo4,2026-10-02
Loto Popo,Loto Popo,Loto FC,65.8975100403,2238,t5yilsv0ffm6kb8mz07ywiz8,2026-10-02
Fujieda MYFC,Fujieda,Fujieda MYFC,65.8950797027,2239,4zxaepel6gk1jzqf5di3m6iok,2026-10-02
Villefranche,Villefranche,FC Villefranche Beaujolais,65.8866844491,2240,2hzxt22wy9dxf7qxh08hjbuhg,2026-10-02
AD Marco 09,Marco,Associação Desportiva de Marco de Canaveses 09,65.8838731388,2241,eoix5zq4par8gwml3bhkkyihg,2026-10-02
Damac,Damac,Damac FC,65.8837311872,2242,3lxygsgllro9oeey1m5ndpct0,2026-10-02
Jiskra Domažlice,Domažlice,TJ Jiskra Domažlice,65.8821160679,2243,1b9w528q6lpjmxp9k0sfxvtw4,2026-10-02
KA,KA,KA Akureyri,65.8786019219,2244,eeeacj91qdk6pru5zwwobaiac,2026-10-02
Villarreal III,Villarreal III,Villarreal CF III,65.8750877701,2245,1h4ygpz4oamwj3kksmzc15ams,2026-10-02
Crotone,Crotone,FC Crotone,65.8719250285,2246,5sw6ud25poqqgzszu5yk6p0r8,2026-10-02
UD San Fernando,San Fernando,UD San Fernando,65.8715736125,2247,1h4ygpz4oamwj3kksmzc15ams,2026-10-02
Atlético Ottawa,Atlético,Atlético Ottawa,65.8696778622,2248,bmqmrylzzfggzr15yas9dev4k,2026-10-02
Cape Town City,Cape Town City,Cape Town City FC,65.8644747656,2249,4nwd2e9auc7j57110c5f3fehg,2026-10-02
Alianza,Alianza,Club Social y Deportivo Alianza,65.8621978119,2250,6f3mt0vs7zxlbfevjpbqur4lw,2026-10-02
Orijent 1919,Orijent,NK Orijent 1919,65.8578683429,2251,cuux8wgnrxz78zen0blqr5q1g,2026-10-02
Huehuetecos,Huehuetecos,Huehuetecos FC,65.8542154867,2252,9krteg77umv3opxgpwp51d6ac,2026-10-02
Milsami,Milsami,FC Milsami Orhei,65.8490828674,2253,c0orgvbfnq9wp7blxq2rdm0pg,2026-10-02
Galaxy,Galaxy,Jwaneng Galaxy FC,65.8433529683,2254,e2i85rbbrmh0zcyvozwl9qk9g,2026-10-02
Nazareno,Nazareno,Nazareno SC,65.8386527042,2255,6f3mt0vs7zxlbfevjpbqur4lw,2026-10-02
Stuttgarter Kickers,Stuttg Kickers,SV Stuttgarter Kickers,65.8346746096,2256,cp9ieu0l4mgyazd7866sx8pw4,2026-10-02
Hønefoss,Hønefoss,Hønefoss BK,65.8294032715,2257,eyebcttojdlxx2xxue3awhmvo,2026-10-02
Desportivo Lunda-Sul,CD Lunda-Sul,Clube Desportivo da Lunda-Sul,65.8282807967,2258,ofi6heevfqlhgto3devky0b8,2026-10-02
Huaquillas,Huaquillas,Huaquillas FC,65.8277586114,2259,6f3mt0vs7zxlbfevjpbqur4lw,2026-10-02
Green Buffaloes,Buffaloes,Green Buffaloes FC,65.8270508153,2260,3yqrgsjxdtodaoynaqjdtzuhg,2026-10-02
Stade de Mbour,Stade Mbour,Stade de Mbour,65.8263479685,2261,1bt3oe8dwu7lmuy50kex4bkt0,2026-10-02
Ulytau,Ulytau,FK Ulytau,65.8251861917,2262,5dlquxczyamt372efk9kgws2c,2026-10-02
Hillerød,Hillerød,Hillerød Fodbold,65.8167520071,2263,2mb332vncy4450vu14paj8844,2026-10-02
Pamplona,Pamplona,CD Pamplona,65.809020642,2264,1h4ygpz4oamwj3kksmzc15ams,2026-10-02
Universidad San Martín,Uni San Martín,CD Universidad San Martín de Porres,65.8003474228,2265,4wjv3pabgbhm9is93zhe6zf9w,2026-10-02
Sobemap,Sobemap,AS Sobemap,65.7973553371,2266,t5yilsv0ffm6kb8mz07ywiz8,2026-10-02
Quepos Cambute,Quepos,Quepos Cambute FC,65.7972848679,2267,7yzd2ff4zj9i1m1mowvd9uot0,2026-10-02
Croatia Zmijavci,Zmijavci,NK Croatia Zmijavci,65.7946121143,2268,cuux8wgnrxz78zen0blqr5q1g,2026-10-02
Dubrava Zagreb,Dubrava,NK Dubrava Zagreb,65.7932063991,2269,cuux8wgnrxz78zen0blqr5q1g,2026-10-02
Nouakchott Academy,Nouakchott AF,Nouakchott Academy Football,65.7931358823,2270,dp0cjg7hm16o0ay8b1amdexhw,2026-10-02
BFC Dynamo,BFC Dynamo,Berliner FC Dynamo,65.7865292391,2271,cp9ieu0l4mgyazd7866sx8pw4,2026-10-02
Metalul Buzău,Metalul Buzău,Metalul Buzău,65.779149196,2272,2iz4hkjsj1fadp09drcb6hhqs,2026-10-02
Pescara,Pescara,Delfino Pescara 1936,65.7752834489,2273,5sw6ud25poqqgzszu5yk6p0r8,2026-10-02
Baranovichi,Baranovichi,FK Baranovichi,65.7703633971,2274,2tml5a5shxx16bkg25p0hh8gk,2026-10-02
Chiquimulilla,Chiquimulilla,CSyD Chiquimulilla,65.7663589581,2275,9krteg77umv3opxgpwp51d6ac,2026-10-02
Al Minaa Basra,Minaa Basra,Al Minaa Basra FC,65.7610864783,2276,1ua3sfkjt1blxmm5vtgqwavis,2026-10-02
Estudiantil CNI,Est. CNI,CD Estudiantil CNI (Loreto),65.7588785464,2277,4wjv3pabgbhm9is93zhe6zf9w,2026-10-02
Al Dhafra,Al Dhafra,Al Dhafra FC,65.7537040372,2278,b6a9x42zsbxzbc2n5t79kdono,2026-10-02
JS Soualem,JS Soualem,Jeunesse Sportive Soualem,65.748855378,2279,e66497iax4m4oq94h8qc9nllg,2026-10-02
Al Taliya,Taliya,Al Taliya SC,65.7454476008,2280,epf0rlgn33w37t43qiocvx4wk,2026-10-02
Unión Santo Domingo,Santo Domingo,Club Unión Santo Domingo,65.7439776688,2281,a9cov1ehhclrmqc4wgh59p2j8,2026-10-02
Atlético Paso,Atlético Paso,CD Atlético Paso,65.7426000352,2282,3jk4gnb5m4ov0fm9ssmgg4c2c,2026-10-02
Progrès Niederkorn,Progrès,FC Progrès Niederkorn,65.7418971606,2283,uza4dpaosr9j4jztif162p78,2026-10-02
Costa del Este,Costa del Este,Academía Costa del Este,65.7333239691,2284,5vfsgxr7re4yxafib5pgasopg,2026-10-02
Rayong,Rayong,Rayong FC,65.7288552803,2285,2y9xq2tx9nthjl37uqgtoc2z8,2026-10-02
Arzignano Valchiampo,Arzignano,ASD Arzignano Valchiampo,65.7246766605,2286,5sw6ud25poqqgzszu5yk6p0r8,2026-10-02
Leça,Leça,Leça FC,65.7158906376,2287,eoix5zq4par8gwml3bhkkyihg,2026-10-02
SOL,SOL,SOL FC,65.7145923822,2288,2x67tvk4kdanna2zej4ui0bv8,2026-10-02
Kjelsås,Kjelsås,Kjelsås Fotball,65.7109704489,2289,eyebcttojdlxx2xxue3awhmvo,2026-10-02
Chambly-Oise,Chambly,FC Chambly-Oise,65.7038888718,2290,4puti0g0aurz6lctqhbonl2c4,2026-10-02
Atyrau,Atyrau,FK Atyrau,65.7021843696,2291,5dlquxczyamt372efk9kgws2c,2026-10-02
Triglav,Triglav,NK Triglav Kranj,65.7018329257,2292,sb5fgqugrkxqc8jsc698x5hw,2026-10-02
Hegelmann,Hegelmann,FC Hegelmann,65.6951554801,2293,4hzcbeghy116szh7rtk757xg4,2026-10-02
Zwickau,Zwickau,FSV Zwickau,65.6923439178,2294,cp9ieu0l4mgyazd7866sx8pw4,2026-10-02
Boavista,Boavista,Boavista FC,65.6855982323,2295,378ubqtunv9zk2so0s1rz4s2c,2026-10-02
Surkhon Termez,Surkhon Termez,PFC Surkhon Termez,65.6820100084,2296,30hnhs47crryfhtm1523ygzkk,2026-10-02
Sidama Bunna,Sidama,Sidama Coffee FC,65.6775126344,2297,yfk6117shr401b5om4u5nehg,2026-10-02
Leones,Leones,Leones FC,65.6769927223,2298,3f1bsdfpg1eedvajxpif8t5p0,2026-10-02
Santiago City,Santiago City,Santiago City FC,65.674884033,2299,1wi9d67mmituunqd3csuv0fmc,2026-10-02
Anderlecht II,RSCA Futures,RSCA Futures (RSC Anderlecht II),65.6705541844,2300,83p55gs5rtqe8vjqg5t6me39w,2026-10-02
Kitchee,Kitchee,Kitchee SC,65.6652437818,2301,1eg1537in5v5szf108lk9s2s4,2026-10-02
Old Road,Old Road,Old Road FC,65.6445861466,2302,eutz7cztklmm0kuh8bthrfxg4,2026-10-02
Peña Deportiva,Peña,SCR Peña Deportiva,65.6413837091,2303,3jk4gnb5m4ov0fm9ssmgg4c2c,2026-10-02
Chelyabinsk,Chelyabinsk,FK Chelyabinsk,65.635760439,2304,ewtzgv48te3m77r86sxunl3x0,2026-10-02
Arosa,Arosa,Arosa SC,65.635760439,2305,3jk4gnb5m4ov0fm9ssmgg4c2c,2026-10-02
Aston Villa,Aston Villa,Aston Villa FC,65.6350968841,2306,eutz7cztklmm0kuh8bthrfxg4,2026-10-02
Al Ahed,Ahed,Al Ahed SC,65.6338635061,2307,9lv9rln2qwsqme0g8t366uiac,2026-10-02
Diósgyőr,DVTK,Diósgyőri VTK,65.6304886099,2308,cnv4lxtlbn15zo28rnoqs4kr8,2026-10-02
Guédiawaye,Guédiawaye,Guédiawaye FC de Dakar,65.6246213707,2309,1bt3oe8dwu7lmuy50kex4bkt0,2026-10-02
Biel-Bienne,Biel-Bienne,FC Biel-Bienne,65.6108069993,2310,csiypz33i7wj1ttlalk11wb9w,2026-10-02
Aampetra,Aampetra,Club Deportivo Aampetra,65.6081077928,2311,51fmboanx3f6tr3jlow8054ic,2026-10-02
JKT Tanzania,JKT Tanzania,JKT Tanzania,65.6038853276,2312,c5wdltkcr7ti6feuv6ej6kavo,2026-10-02
Stade Briochin,Stade Briochin,Stade Briochin,65.6012648673,2313,4puti0g0aurz6lctqhbonl2c4,2026-10-02
Lusitano Évora 1911,Lusitano 1911,Associação Lusitano de Évora 1911,65.5985059003,2314,eoix5zq4par8gwml3bhkkyihg,2026-10-02
Varea,Varea,CD Varea,65.5971000559,2315,1h4ygpz4oamwj3kksmzc15ams,2026-10-02
Casarano,Casarano,Casarano Calcio,65.5963971334,2316,5sw6ud25poqqgzszu5yk6p0r8,2026-10-02
Cercle Mbéri,Cercle Mbéri,Cercle Mbéri Sportif,65.5863122503,2317,91hx1tapplzhsaiav9r0gdq8k,2026-10-02
Bakaridjan,Bakaridjan,AS Bakaridjan de Barouéli,65.576646996,2318,2fvr17f4zzd5uci32usqi0ro4,2026-10-02
Rayon Sports,Rayon,Rayon Sports FC,65.5726051493,2319,193l1zv2eyi82heh2jblkwqhg,2026-10-02
Ümraniyespor,Ümraniye,Ümraniye SK,65.5714432327,2320,9vlcn0hdb4ufq9s8e7kjnfn6c,2026-10-02
Chabab Ben Guerir,Chabab BG,Chabab Ben Guerir,65.5689124489,2321,e66497iax4m4oq94h8qc9nllg,2026-10-02
Feignies Aulnoye,Feignies,SC Feignies Aulnoye,65.566821457,2322,4puti0g0aurz6lctqhbonl2c4,2026-10-02
Chojniczanka Chojnice,Chojniczanka,MKS Chojniczanka Chojnice,65.5665227107,2323,1f9k5nej63ck6nqpw0q5uml1w,2026-10-02
Ferroviário Maputo,Ferro Maputo,Clube Ferroviário de Maputo,65.5664544967,2324,12paa0nrmm7b6c9bt3b9rsx78,2026-10-02
Cotonsport,Cotonsport,Cotonsport de Garoua,65.5580169791,2325,cqmw3la51kme1j36rsfej2p04,2026-10-02
Altay,Altay,FK Altay VKO,65.5570331005,2326,5dlquxczyamt372efk9kgws2c,2026-10-02
Moca,Moca,Moca FC,65.5518004312,2327,cokma0jt05z41cexn5ea0mxg,2026-10-02
Dauphins Noirs,Dauphins,AS Dauphins Noirs de Goma,65.5450149461,2328,ehmma83pqd17k7x6if20hmrkk,2026-10-02
Roan United,Roan,Roan United FC,65.5425010759,2329,3yqrgsjxdtodaoynaqjdtzuhg,2026-10-02
Greifswalder FC,Greifswald,Greifswalder FC,65.5225889747,2330,cp9ieu0l4mgyazd7866sx8pw4,2026-10-02
FSV Frankfurt,FSV Frankfurt,FSV Frankfurt 1899,65.5208316064,2331,cp9ieu0l4mgyazd7866sx8pw4,2026-10-02
Excursionistas,Excursionistas,CA Excursionistas,65.5188352343,2332,epr9s9zih7yd5dygat10o64us,2026-10-02
Agboville,Agboville,ES Agboville,65.5188302841,2333,2x67tvk4kdanna2zej4ui0bv8,2026-10-02
Elgeco Plus,Elgeco Plus,ASSM Elgeco Plus,65.5179516004,2334,citm4e83b4soxyy411ags2z8,2026-10-02
Marsa,Marsa,AS de La Marsa,65.5175978139,2335,2cdwuc8jbyg41icy3ah21d2c4,2026-10-02
Åsane,Åsane,Åsane Fotball,65.5169653911,2336,1b7iiw2jok0qp6s65rmh05a1g,2026-10-02
São Salvador,São Salvador,CD São Salvador do Kongo,65.5021351972,2337,ofi6heevfqlhgto3devky0b8,2026-10-02
Lee Man,Lee Man,Lee Man FC,65.4972440686,2338,1eg1537in5v5szf108lk9s2s4,2026-10-02
Monopoli,Monopoli,Monopoli Calcio 1966,65.4927135162,2339,5sw6ud25poqqgzszu5yk6p0r8,2026-10-02
Sandecja Nowy Sącz,Sandecja,MKS Sandecja Nowy Sącz,65.4740850768,2340,1f9k5nej63ck6nqpw0q5uml1w,2026-10-02
Arsenal,Arsenal,Arsenal FC,65.4661134608,2341,epr9s9zih7yd5dygat10o64us,2026-10-02
Unia Skierniewice,U Skierniewice,Unia Skierniewice,65.4649465374,2342,9bj99ztou2rexljon6vvrssgk,2026-10-02
Entebbe UPPC,Entebbe UPPC,Entebbe UPPC FC,65.4585516158,2343,d43v3lpfbbegmsubl20bdpct0,2026-10-02
Hunters,Hunters,Hunters FC,65.4582001317,2344,8ea4fh0n7w704hsj43vlxw4yc,2026-10-02
Yamoussoukro,Yamoussoukro,Yamoussoukro FC,65.4520491501,2345,6rou0q967fn1n2qa2mk3q9hck,2026-10-02
Kozármisleny,Kozármisleny,Kozármisleny SE,65.4515901399,2346,cnv4lxtlbn15zo28rnoqs4kr8,2026-10-02
Segesta Sisak,Segesta,HNK Segesta Sisak,65.4361247327,2347,cuux8wgnrxz78zen0blqr5q1g,2026-10-02
1º de Maio,1º de Maio,EC Primeiro de Maio,65.4339475866,2348,ofi6heevfqlhgto3devky0b8,2026-10-02
Bregalnica Štip,Bregalnica,FK Bregalnica 2008 Štip,65.4329613401,2349,bdisf9hz6nqbfmztljccr2978,2026-10-02
Neftekhimik,Neftekhimik,FK Neftekhimik Nizhnekamsk,65.4255800724,2350,ewtzgv48te3m77r86sxunl3x0,2026-10-02
Wydad Fès,Wydad Fès,Wydad Athletic Club de Fès,65.422346135,2351,e66497iax4m4oq94h8qc9nllg,2026-10-02
Lioli,Lioli,Lioli FC,65.421645467,2352,770xwf92zra2rdko15e3rqbys,2026-10-02
Bunyodkor,Bunyodkor,FK Bunyodkor,65.4159478506,2353,30hnhs47crryfhtm1523ygzkk,2026-10-02
ÍBV,ÍBV,ÍB Vestmannaeyja,65.4094114916,2354,eeeacj91qdk6pru5zwwobaiac,2026-10-02
Safa,Safa,Safa Beirut SC,65.4078658494,2355,9lv9rln2qwsqme0g8t366uiac,2026-10-02
Entente II,Entente II,Entente II,65.404598122,2356,d8hdusfvdmgo6ki7qtifb88wk,2026-10-02
St. David’s,David’s,St. David’s FC,65.4027724879,2357,7e8iz4klq135f8mgvdy8z4kyc,2026-10-02
Real Murcia II,Murcia II,Real Murcia Imperial,65.400272674,2358,3jk4gnb5m4ov0fm9ssmgg4c2c,2026-10-02
Trasandino,Trasandino,CD Trasandino de Los Andes,65.3912462957,2359,1wi9d67mmituunqd3csuv0fmc,2026-10-02
Birkirkara,Birkirkara,Birkirkara FC,65.3900793312,2360,3jedmdrdnamejeki9uh7jrs44,2026-10-02
Pistoiese,Pistoiese,US Pistoiese 1921,65.3893763402,2361,cvnhrujf5s3lefro06hwoncb8,2026-10-02
TSV Steinbach,Steinbach,TSV Steinbach,65.3858613819,2362,cp9ieu0l4mgyazd7866sx8pw4,2026-10-02
Insutec,Insutec,FC Insutec,65.3803499155,2363,6f3mt0vs7zxlbfevjpbqur4lw,2026-10-02
Ferroviário de Lichinga,Ferroviário,Ferroviário de Lichinga,65.3766542429,2364,12paa0nrmm7b6c9bt3b9rsx78,2026-10-02
KTP,KTP,Kotkan Työväen Palloilijat,65.3728559855,2365,dfeircxbw7mix6mouzz7t05qs,2026-10-02
Santa Lucía,Santa Lucía,Santa Lucía Cotzumalguapa FC,65.3684993,2366,9krteg77umv3opxgpwp51d6ac,2026-10-02
Kickers Offenbach,Offenbach,Offenbacher FC Kickers 1901,65.3679350039,2367,cp9ieu0l4mgyazd7866sx8pw4,2026-10-02
Al Nasr,Nasr,Al Nasr SC,65.3671614747,2368,c8yhc9482s3xm3dplmzcg8wes,2026-10-02
Andrézieux,Andrézieux,ASF Andrézieux Bouthéon,65.3615552858,2369,4puti0g0aurz6lctqhbonl2c4,2026-10-02
Coastal Union,Coastal Union,Coastal Union,65.3610125418,2370,c5wdltkcr7ti6feuv6ej6kavo,2026-10-02
Javor,Javor,FK Javor Matis Ivanjica,65.3598505094,2371,38qhp7f77q817kvnksk95ucyc,2026-10-02
Livingston,Livingston,Livingston FC,65.359499009,2372,73jqy9edtsysqefneqki92kno,2026-10-02
Sohar,Sohar,Sohar Club,65.3579510199,2373,cbdqxkajw3jvb9nqzpbraim1g,2026-10-02
Al Ta'awon,Al Ta'awon,Al Ta'awon,65.3541582743,2374,68kgxuk3dkg7p955ifkisgc9g,2026-10-02
Hammarby Talang,Hammarby TFF,Hammarby Talangfotbollförening,65.3538749937,2375,6y4xajtea36x0n0xrjr4vy3o4,2026-10-02
Universidad de Panamá,Uni Panamá,Universidad de Panamá FC,65.3537362908,2376,5vfsgxr7re4yxafib5pgasopg,2026-10-02
Linfield,Linfield,Linfield FC,65.3521174859,2377,8ahwg697cwemg7ctdnexwqivo,2026-10-02
Mensajero,Mensajero,CD Mensajero,65.3510629805,2378,1h4ygpz4oamwj3kksmzc15ams,2026-10-02
Chiangrai United,Chiangrai Utd,Singha Chiangrai United FC,65.3475092934,2379,2y9xq2tx9nthjl37uqgtoc2z8,2026-10-02
Encarnación,Encarnación,Encarnación FC,65.3444969151,2380,8vh8k7j5o8k9gynwf0ntfr578,2026-10-02
Kariba,Kariba,ZPC Kariba,65.3386921575,2381,8ea4fh0n7w704hsj43vlxw4yc,2026-10-02
Vianense,Vianense,SC Vianense,65.3310272784,2382,eoix5zq4par8gwml3bhkkyihg,2026-10-02
Cristo Atlético,Cristo Atl,CD Palencia Cristo Atlético,65.3239971626,2383,1h4ygpz4oamwj3kksmzc15ams,2026-10-02
Bourges Foot 18,Bourges,Bourges Foot 18,65.322186904,2384,4puti0g0aurz6lctqhbonl2c4,2026-10-02
Phoenix Rising,Phoenix Rising,Phoenix Rising FC,65.3189373625,2385,cbkjk31sv9wm38ljg3vxhtus4,2026-10-02
Mutondo Stars,Mutondo Stars,Mutondo Stars FC,65.3012566581,2386,3yqrgsjxdtodaoynaqjdtzuhg,2026-10-02
Levante II,Levante II,Atlético Levante UD,65.294470422,2387,1h4ygpz4oamwj3kksmzc15ams,2026-10-02
AB,AB,AB Gladsaxe,65.2902522826,2388,2mb332vncy4450vu14paj8844,2026-10-02
Santa Cruz,Santa Cruz,Santa Cruz FC,65.2857951062,2389,kis8d8dd780usq5xloolkaac,2026-10-02
Réal du Faso,RFA,Réal du Faso,65.2833295652,2390,56y5sheadf58560v7uwkil9n8,2026-10-02
Rochdale,Rochdale,Rochdale AFC,65.2772463,2391,7kjvvls20hnhjguys4t73yjh0,2026-10-02
Vilzing,Vilzing,DJK Vilzing,65.2765432717,2392,cp9ieu0l4mgyazd7866sx8pw4,2026-10-02
Gagra,Gagra,FC Gagra,65.2730281264,2393,dmtc6z8cwdmdocaz02qc5p0yc,2026-10-02
Helsingborg,Helsingborg,Helsingborgs IF,65.2667008502,2394,e45p1bhnnox3kdgzamrx63r4k,2026-10-02
DSC,DSC,AS Dakar Sacré Cœur,65.2622386735,2395,1bt3oe8dwu7lmuy50kex4bkt0,2026-10-02
Fehérvár,Fehérvár,Fehérvár FC,65.2603735551,2396,cnv4lxtlbn15zo28rnoqs4kr8,2026-10-02
Bulawayo Chiefs,Chiefs,Bulawayo Chiefs FC,65.2571416765,2397,8ea4fh0n7w704hsj43vlxw4yc,2026-10-02
Al Orobah,Orobah,Al Orobah FC,65.255310319,2398,3lxygsgllro9oeey1m5ndpct0,2026-10-02
Calamocha,Calamocha,CF Calamocha,65.2536947231,2399,3jk4gnb5m4ov0fm9ssmgg4c2c,2026-10-02
PSV II,PSV II,PSV Eindhoven II,65.2522886505,2400,7bdyxkrzt42tv7377rpz5nqc4,2026-10-02
Mohun Bagan,Mohun Bagan,Mohun Bagan Super Giant,65.2482799521,2401,d70h9cciplfhf01fn96gpcw0k,2026-10-02
Bahla,Bahla,Bahla Club,65.2426556418,2402,cbdqxkajw3jvb9nqzpbraim1g,2026-10-02
BEA Mountain,BEA Mountain,FC BEA Mountain,65.2362262864,2403,6x5fs0vog8z4mtp0f4ankjfo4,2026-10-02
FocuSport,FocuSport,FocuSport FC,65.2337656367,2404,dvhbj2zp4tenbgxi0lhw6mql0,2026-10-02
AS Khroub,AS Khroub,AS Khroub,65.232533001,2405,flxkeved0q9tmclqafcpql1w,2026-10-02
Tru-Juice,Tru-Juice,Tru-Juice FC,65.2322913754,2406,wsen23jl97o765wp3skwljis,2026-10-02
Onze Créateurs,Onze,AS Onze Créateurs de Niaréla,65.2321837919,2407,2fvr17f4zzd5uci32usqi0ro4,2026-10-02
El Entag El Harby,Military,El Entag El Harby,65.2321814795,2408,c8yhc9482s3xm3dplmzcg8wes,2026-10-02
Jurong,Jurong,Jurong FC,65.2315126148,2409,bi1hu93fyvmbyjjip2y05s3kk,2026-10-02
Vushtrria,Vushtrria,FC Vushtrria,65.2287391067,2410,cex4ulecg78atcdvr7zz1dqtw,2026-10-02
Universitario II,Universitario,Club Universitario de Deportes II,65.2280056298,2411,a9cov1ehhclrmqc4wgh59p2j8,2026-10-02
Huracán,Huracán,Huracán Fútbol Club,65.2260371041,2412,6oy1dcqjggeoyx76gstf8zkes,2026-10-02
Karbala,Karbala,Karbala FC,65.2205120856,2413,1ua3sfkjt1blxmm5vtgqwavis,2026-10-02
Nacional FCB,Nacional,Nacional Fútbol Club Mollendo,65.2192175543,2414,a9cov1ehhclrmqc4wgh59p2j8,2026-10-02
Jorge Newbery CR,Newbery CR,Club Atlético Jorge Newbery de Comodoro Rivadavia,65.2144368259,2415,bt89iqwmniyxhz06vrzhc3das,2026-10-02
Ponte Preta,Ponte Preta,Associacao Atletica Ponte Preta,65.1979151079,2416,7pt8trpd4rbju1v568nuskdn8,2026-10-02
Ehime,Ehime,Ehime FC,65.1935456192,2417,d7a4tg9b5xoanhbupsxsbi238,2026-10-02
JS Bordj Ménaïel,Bordj Ménaïel,Jeunesse Sportive de Bordj Ménaïel,65.1903499961,2418,flxkeved0q9tmclqafcpql1w,2026-10-02
Austria Wien II,Austria II,Young Violets Austria Wien (FK Austria Wien II),65.1897174757,2419,bbsieeq7vmacbhd5d5hvgu978,2026-10-02
Green Fuel,Green Fuel,Green Fuel FC,65.1892977209,2420,9ld63jfw4ucicyezh2ggpha1g,2026-10-02
Bali United,Bali United,Bali United FC,65.1851089301,2421,2t0yn5r2hq16whtb16f4i7nro,2026-10-02
Comoé,USCO,US de la Comoé,65.1824428998,2422,9p9ntqh3h3idc6ma379m3fa,2026-10-02
Crawley Town,Crawley,Crawley Town FC,65.1682741195,2423,7kjvvls20hnhjguys4t73yjh0,2026-10-02
União Santarém,Santarém,UD Santarém,65.1633526628,2424,eoix5zq4par8gwml3bhkkyihg,2026-10-02
São João Ver,São João Ver,SC São João de Ver,65.1577281268,2425,eoix5zq4par8gwml3bhkkyihg,2026-10-02
Al Najma,Najma,Al Najma Club,65.1565315246,2426,3lxygsgllro9oeey1m5ndpct0,2026-10-02
HLM,HLM,Habitation à Loyer Modéré FC de Dakar,65.1525626509,2427,1bt3oe8dwu7lmuy50kex4bkt0,2026-10-02
Belshina,Belshina,FK Belshina Bobruisk,65.151048971,2428,2tml5a5shxx16bkg25p0hh8gk,2026-10-02
North Carolina,North Carolina,North Carolina FC,65.1480979721,2429,8hdq5pmnb4m3p9t24ytwgjitw,2026-10-02
Renofa Yamaguchi,Renofa,Renofa Yamaguchi FC,65.1439795888,2430,d7a4tg9b5xoanhbupsxsbi238,2026-10-02
Furiani-Agliani,Furiani,AS Furiani-Agliani,65.1432624548,2431,4puti0g0aurz6lctqhbonl2c4,2026-10-02
Cerrito,Cerrito,CS Cerrito,65.1402638474,2432,6oy1dcqjggeoyx76gstf8zkes,2026-10-02
Van,Van,FK Van,65.1352298335,2433,847iyp5po72cef4cdwd8c0ems,2026-10-02
SONABEL,SONABEL,AS de la SONABEL,65.1328766093,2434,56y5sheadf58560v7uwkil9n8,2026-10-02
Samgurali,Samgurali,FC Samgurali Tskaltubo,65.1303082999,2435,dmtc6z8cwdmdocaz02qc5p0yc,2026-10-02
Deportivo Santamarina,Santamarina,CD Santamarina de Tandil,65.1258507868,2436,1q9caek968o8ubc43inhg6uxg,2026-10-02
Sitra,Sitra,Sitra Club,65.1241901343,2437,3dsgnubzzf96l31ocjo3kial0,2026-10-02
Gomerano,Gomerano,Deportivo Gomerano,65.11997494,2438,9krteg77umv3opxgpwp51d6ac,2026-10-02
Guaraní de Fram,Guaraní Fram,Club Guaraní de Fram,65.1079222083,2439,c411q7hpqsu87gksrzvkil05w,2026-10-02
Primero Mayo de Yantzaza,Primero Mayo,Club Primero de Mayo de Yantzaza,65.1061644964,2440,6f3mt0vs7zxlbfevjpbqur4lw,2026-10-02
Mladost Ždralovi,Ždralovi,NK Mladost Ždralovi,65.1057004602,2441,cuux8wgnrxz78zen0blqr5q1g,2026-10-02
Vautour Club,Vautour,Vautour Club Mangoungou,65.0977225093,2442,91hx1tapplzhsaiav9r0gdq8k,2026-10-02
Campobasso,Campobasso,Campobasso FC,65.0930448882,2443,5sw6ud25poqqgzszu5yk6p0r8,2026-10-02
Hottin,Hottin,Hottin SC,65.0895655187,2444,epf0rlgn33w37t43qiocvx4wk,2026-10-02
Al Gharraf,Gharraf,Al Gharraf SC,65.0890381989,2445,1ua3sfkjt1blxmm5vtgqwavis,2026-10-02
Uthai Thani,Uthai Thani,Uthai Thani FC,65.083162943,2446,2y9xq2tx9nthjl37uqgtoc2z8,2026-10-02
Lecco,Lecco,Calcio Lecco 1912,65.0803892404,2447,5sw6ud25poqqgzszu5yk6p0r8,2026-10-02
Hohoe United,Hohoe,Hohoe United FC,65.0782094178,2448,68v3i3kx3e71qpfh48xnofac4,2026-10-02
Al Jazeera,Al Jazeera,Al Jazeera Club Amman,65.0721616421,2449,espg5w80i6jk5f0n0b3buusk4,2026-10-02
Zoman,Zoman,Zoman FC,65.0667864142,2450,2x67tvk4kdanna2zej4ui0bv8,2026-10-02
Shkëndija Haraçinë,Shkëndija 77,KF Shkëndija 77 Haraçinë,65.0649211234,2451,bdisf9hz6nqbfmztljccr2978,2026-10-02
Mindelense,Mindelense,CS Mindelense,65.0606342962,2452,378ubqtunv9zk2so0s1rz4s2c,2026-10-02
Chindia Târgovişte,Chindia,CF Chindia Târgovişte,65.0571870225,2453,2iz4hkjsj1fadp09drcb6hhqs,2026-10-02
Arnedo,Arnedo,CD Arnedo,65.0568354717,2454,3jk4gnb5m4ov0fm9ssmgg4c2c,2026-10-02
Esbjerg,Esbjerg,Esbjerg fB,65.0536715127,2455,2mb332vncy4450vu14paj8844,2026-10-02
Kolding,Kolding,Kolding IF,65.0469920279,2456,2mb332vncy4450vu14paj8844,2026-10-02
One Taguig,One Taguig,One Taguig FC,65.0432643647,2457,c50ksp1w60e030qpuec4280es,2026-10-02
Prison Leopards,Prison Leopard,Prison Leopards FC,65.0428809408,2458,7hoa4ene4msnhin9rmaiu35sk,2026-10-02
Dunfermline Athletic,Dunfermline,Dunfermline Athletic FC,65.0385547538,2459,73jqy9edtsysqefneqki92kno,2026-10-02
Sayaxché,Sayaxché,Club Social y Deportivo Sayaxché,65.0278693895,2460,9krteg77umv3opxgpwp51d6ac,2026-10-02
Guarani SP,Guarani,Guarani FC,65.0270659447,2461,kis8d8dd780usq5xloolkaac,2026-10-02
Louletano,Louletano,Louletano DC,65.0244925554,2462,eoix5zq4par8gwml3bhkkyihg,2026-10-02
F91 Dudelange,Dudelange,F91 Dudelange,65.0216801045,2463,uza4dpaosr9j4jztif162p78,2026-10-02
Schalke 04 II,Schalke II,FC Schalke 04 II,65.0100787048,2464,cp9ieu0l4mgyazd7866sx8pw4,2026-10-02
Stenhousemuir,Stenhousemuir,Stenhousemuir FC,65.0051568796,2465,73jqy9edtsysqefneqki92kno,2026-10-02
Chonburi,Chonburi,Chonburi FC,65.0030088508,2466,2y9xq2tx9nthjl37uqgtoc2z8,2026-10-02
Wacker Innsbruck,Wacker,FC Wacker Innsbruck,64.9998834827,2467,bbsieeq7vmacbhd5d5hvgu978,2026-10-02
Glentoran,Glentoran,Glentoran FC,64.9995319224,2468,8ahwg697cwemg7ctdnexwqivo,2026-10-02
Szeged-Csanád,Szeged-Csanád,Szeged-Csanád Grosics Akadémia,64.9977741203,2469,cnv4lxtlbn15zo28rnoqs4kr8,2026-10-02
Vital'O,Vital'O,Vital'O FC,64.9968269881,2470,emlzehq1t5dd17y2jnjdwn4k,2026-10-02
Aresimi,Aresimi,KF Aresimi 1973,64.9833600871,2471,bdisf9hz6nqbfmztljccr2978,2026-10-02
Al Okhdood,Okhdood,Al Okhdood Club,64.9811086962,2472,3lxygsgllro9oeey1m5ndpct0,2026-10-02
Bourg-Péronnas,Bourg-Péronnas,Football Bourg-en-Bresse Péronnas 01,64.9689459554,2473,2hzxt22wy9dxf7qxh08hjbuhg,2026-10-02
Raith Rovers,Raith Rovers,Raith Rovers FC,64.966836562,2474,73jqy9edtsysqefneqki92kno,2026-10-02
Imbabura,Imbabura,Imbabura SC,64.9651912337,2475,6f3mt0vs7zxlbfevjpbqur4lw,2026-10-02
Les Herbiers,Les Herbiers,Vendée Les Herbiers Football,64.9548305578,2476,4puti0g0aurz6lctqhbonl2c4,2026-10-02
Olympique d'Alès,Alès,Olympique d'Alès en Cévennes,64.9535473352,2477,bzf5qx9yamvvlrgfqfs6ozl78,2026-10-02
San Juan SN,San Juan,IN San Juan FC Satélite Norte,64.949546488,2478,2yzo0vofqnirl3yjd7fdzavpw,2026-10-02
Vendsyssel,Vendsyssel,Vendsyssel FF,64.937304833,2479,2mb332vncy4450vu14paj8844,2026-10-02
Indy Eleven,Indy Eleven,Indy Eleven,64.9371661028,2480,cbkjk31sv9wm38ljg3vxhtus4,2026-10-02
Paysandú,Paysandú,Paysandú FC,64.9222997436,2481,6oy1dcqjggeoyx76gstf8zkes,2026-10-02
Maringá,Maringá,Maringá FC,64.9177292874,2482,kis8d8dd780usq5xloolkaac,2026-10-02
Sportfreunde Siegen,SF Siegen,Sportfreunde Siegen von 1899,64.9158589133,2483,cp9ieu0l4mgyazd7866sx8pw4,2026-10-02
Mariehamn,Mariehamn,IFK Mariehamn,64.9095305674,2484,32gy6t29t9240sgu7l11j9nh0,2026-10-02
Cacahuatique,Cacahuatique,CD Cacahuatique,64.9032415692,2485,30t9l739hkqomjqhti9lxg5qs,2026-10-02
Derby Académie,Derby Académie,Derby Académie,64.8989150483,2486,2fvr17f4zzd5uci32usqi0ro4,2026-10-02
Den Bosch,Den Bosch,FC Den Bosch,64.8933580415,2487,7bdyxkrzt42tv7377rpz5nqc4,2026-10-02
Vimenor,Vimenor,CF Vimenor,64.8884359438,2488,1h4ygpz4oamwj3kksmzc15ams,2026-10-02
Alianza Lima II,Alianza II,Club Alianza Lima II,64.8841888673,2489,a9cov1ehhclrmqc4wgh59p2j8,2026-10-02
Ospitaletto,Ospitaletto,ACD Ospitaletto SSD,64.8835138345,2490,5sw6ud25poqqgzszu5yk6p0r8,2026-10-02
Sardarapat,Sardarapat,Sardarapat FC,64.8835138345,2491,847iyp5po72cef4cdwd8c0ems,2026-10-02
Sua Flamingoes,Flamingoes,Sua Flamingoes FC,64.8707497043,2492,e2i85rbbrmh0zcyvozwl9qk9g,2026-10-02
Al Hidd,Hidd,Al Hidd SCC,64.8577063439,2493,3dsgnubzzf96l31ocjo3kial0,2026-10-02
Brusque,Brusque,Brusque FC,64.8491712549,2494,kis8d8dd780usq5xloolkaac,2026-10-02
Bayern München II,Bayern II,FC Bayern München II,64.8441365462,2495,cp9ieu0l4mgyazd7866sx8pw4,2026-10-02
Stade Marocain,Stade Marocain,Stade Marocain du Rabat,64.8416048928,2496,e66497iax4m4oq94h8qc9nllg,2026-10-02
Leningradets,Leningradets,FK Leningradets Leningradskaya Oblast,64.8413238546,2497,ewtzgv48te3m77r86sxunl3x0,2026-10-02
Salitas,Salitas,Salimata et Taséré FC,64.8400250634,2498,56y5sheadf58560v7uwkil9n8,2026-10-02
USM Oujda,USMO,Union Sportive Musilman d'Oujda,64.8331667964,2499,e66497iax4m4oq94h8qc9nllg,2026-10-02
SNIM,SNIM,ASC Société Nationale Industrielle et Minière FC (Cansado),64.8314088554,2500,dp0cjg7hm16o0ay8b1amdexhw,2026-10-02
Team,Team,Team FC,64.8264866128,2501,c8yhc9482s3xm3dplmzcg8wes,2026-10-02
Arsenal Česká Lípa,Arsenal CL,FK Arsenal Česká Lípa,64.8258539833,2502,6366wwpqz6bqwsprqq35h4hec,2026-10-02
Old Road Jets United,Old Road Jets,Old Road Jets United FC,64.82360802,2503,46z6xc333qod4qfckpehisphw,2026-10-02
Al-Madina,Madina,Al-Madina,64.8226214395,2504,68kgxuk3dkg7p955ifkisgc9g,2026-10-02
BKMA,BKMA,Banaki Kentronakan Marzakan Akumb,64.8205801376,2505,847iyp5po72cef4cdwd8c0ems,2026-10-02
Voždovac,Voždovac,FK Voždovac,64.8124935484,2506,38qhp7f77q817kvnksk95ucyc,2026-10-02
Hemelingen,Hemelingen,SV Hemelingen,64.8124935484,2507,949cwx081ssmm4uuutgo1stn8,2026-10-02
Consadole Sapporo,Consadole,Hokkaido Consadole Sapporo,64.8114000985,2508,4zxaepel6gk1jzqf5di3m6iok,2026-10-02
Hungry Lions,Hungry Lions,Hungry Lions FC,64.8078523043,2509,4nwd2e9auc7j57110c5f3fehg,2026-10-02
Dynamo Puerto,Dynamo Puerto,Dynamo Puerto FC,64.8062774013,2510,5l0o7aj8bf50pay409j5x0j6c,2026-10-02
Gbohloé-su des Lacs,Gbohloé,Gbohloé-su des Lacs,64.804514486,2511,d8hdusfvdmgo6ki7qtifb88wk,2026-10-02
Beni Oulbane,NRBBO,NRB Beni Oulbane,64.8029300065,2512,flxkeved0q9tmclqafcpql1w,2026-10-02
Southend United,Southend,Southend United FC,64.8008734169,2513,7jeqt00dn1903yv3hr8r63g2c,2026-10-02
Las Palmas III,Las Palmas III,UD Las Palmas III,64.796671871,2514,1h4ygpz4oamwj3kksmzc15ams,2026-10-02
MSP Batna,MSP Batna,MSP Batna,64.7899210213,2515,flxkeved0q9tmclqafcpql1w,2026-10-02
Sol de Mayo,Sol de Mayo,Club Social y Deportivo Sol de Mayo,64.7781498093,2516,1q9caek968o8ubc43inhg6uxg,2026-10-02
Szentlőrinc SE,Szentlőrinc,Szentlőrinc SE,64.7671377546,2517,cnv4lxtlbn15zo28rnoqs4kr8,2026-10-02
Iztapa,Iztapa,Club Deportivo Iztapa,64.7578574161,2518,9krteg77umv3opxgpwp51d6ac,2026-10-02
Tamaraceite,Tamaraceite,UD Tamaraceite,64.7576445576,2519,3jk4gnb5m4ov0fm9ssmgg4c2c,2026-10-02
Ranger's,Ranger's,Ranger's FC Andorra,64.7565897553,2520,2a3fpo37ny4uvuf4u7toqok5w,2026-10-02
Recreativo da Caála,Caála,CR da Caála,64.752653902,2521,ofi6heevfqlhgto3devky0b8,2026-10-02
Korhogo,Korhogo,CO Korhogo,64.7472040714,2522,2x67tvk4kdanna2zej4ui0bv8,2026-10-02
Zápy,Zápy,SK Zápy,64.7291647092,2523,1b9w528q6lpjmxp9k0sfxvtw4,2026-10-02
Voitsberg,Voitsberg,ASK Voitsberg,64.7267034696,2524,bbsieeq7vmacbhd5d5hvgu978,2026-10-02
Hanácká Slávia,Kroměříž,SK Hanácká Slávia Kroměříž,64.7214293751,2525,6366wwpqz6bqwsprqq35h4hec,2026-10-02
Vanspor,Van,Van Spor FK,64.7165068749,2526,9vlcn0hdb4ufq9s8e7kjnfn6c,2026-10-02
VG United,VG United,Virgin Gorda United Rebels FC,64.7059979935,2527,6ai1o32comsvohaqi346lvx1w,2026-10-02
Sagrado Corazón,S. Corazón,CD Sagrado Corazón,64.7039614793,2528,6f3mt0vs7zxlbfevjpbqur4lw,2026-10-02
OTR,OTR,AS OTR,64.7039565273,2529,d8hdusfvdmgo6ki7qtifb88wk,2026-10-02
Volga Ulyanovsk,Volga Ul,FK Volga Ulyanovsk,64.6964651478,2530,ewtzgv48te3m77r86sxunl3x0,2026-10-02
Talleres Remedios,Talleres,CA Talleres Remedios de Escalada,64.6944679968,2531,epr9s9zih7yd5dygat10o64us,2026-10-02
Sport Sébaco,Sport Sébaco,Club Sport Sébaco FC,64.6870110038,2532,c0h34ymbtky0gg66xxiox8t1w,2026-10-02
Capoise,Capoise,AS Capoise,64.6833190692,2533,4vdnis45sxd05ictg09vgpous,2026-10-02
Héroes de Falcón,Héroes,Héroes de Falcón FC,64.6828647931,2534,cnw5897zluol2jbo1zgeqj8yc,2026-10-02
Gyirmót,Gyirmót,Gyirmót SE,64.6788845279,2535,cnv4lxtlbn15zo28rnoqs4kr8,2026-10-02
HK,HK,HK Kópavogur,64.6731004717,2536,a5uti9g06jek0b3rv3zavb578,2026-10-02
Trofense,Trofense,CD Trofense,64.6715006236,2537,eoix5zq4par8gwml3bhkkyihg,2026-10-02
ISCA,ISCA,Inova Sporting Club Association,64.670904958,2538,2x67tvk4kdanna2zej4ui0bv8,2026-10-02
Atenas,Atenas,Atenas FC,64.6702066796,2539,6f3mt0vs7zxlbfevjpbqur4lw,2026-10-02
NC Magra,NC Magra,NC Magra,64.6696719931,2540,flxkeved0q9tmclqafcpql1w,2026-10-02
ASFA-Yennenga,ASFA,AS du Faso-Yennenga,64.6680920344,2541,56y5sheadf58560v7uwkil9n8,2026-10-02
Grosseto,Grosseto,SSD FC Grosseto,64.6676328538,2542,5sw6ud25poqqgzszu5yk6p0r8,2026-10-02
Etoile Filante,Etoile Filante,Etoile Filante Lomé,64.6540273601,2543,d8hdusfvdmgo6ki7qtifb88wk,2026-10-02
Alittihad Misurata,Alittihad Mis.,Alittihad Misurata SC,64.6538515511,2544,68kgxuk3dkg7p955ifkisgc9g,2026-10-02
Azazga,Azazga,JS Azazga,64.6503330561,2545,4ljwkub75q0fllms9epzol0wr,2026-10-02
Scafatese,Scafatese,SS Scafatese Calcio 1922,64.6391517842,2546,5sw6ud25poqqgzszu5yk6p0r8,2026-10-02
Qizilqum,Qizilqum,Qizilqum Zarafshon PFK,64.6333838127,2547,30hnhs47crryfhtm1523ygzkk,2026-10-02
Universitario de Sucre,Universitario,CD Universitario San Francisco Xavier,64.6317044481,2548,9q5nb2oto8bvh3nkzt5d8kv10,2026-10-02
UD Melilla,UD Melilla,UD Melilla,64.6250869158,2549,1h4ygpz4oamwj3kksmzc15ams,2026-10-02
Třinec,Třinec,FK Fotbal Třinec,64.6226255541,2550,6366wwpqz6bqwsprqq35h4hec,2026-10-02
GC Mascara,Mascara,Ghali Club de Mascara,64.620796881,2551,flxkeved0q9tmclqafcpql1w,2026-10-02
Al Jabalain,Jabalain,Al Jabalain FC,64.6193189056,2552,3lxygsgllro9oeey1m5ndpct0,2026-10-02
Viktoria Žižkov,Žižkov,FK Viktoria Žižkov,64.6180544462,2553,6366wwpqz6bqwsprqq35h4hec,2026-10-02
US Bougouba,US Bougouba,US Bougouba,64.6127118355,2554,2fvr17f4zzd5uci32usqi0ro4,2026-10-02
Atalanta II,Atalanta II,Atalanta Bergamasca Calcio Under 23,64.6082089491,2555,5sw6ud25poqqgzszu5yk6p0r8,2026-10-02
Police,Police,Police FC,64.6077890784,2556,d43v3lpfbbegmsubl20bdpct0,2026-10-02
Inter Moengotapoe,Inter,Inter Moengo Tapoe,64.6066942476,2557,2iliu0oyb0iehjz6cxu2y9t78,2026-10-02
Flambeau du Centre,Flamb. Centre,Flambeau du Centre FC,64.6033937532,2558,emlzehq1t5dd17y2jnjdwn4k,2026-10-02
Universitario,Universitario,CD Universitario,64.6017409242,2559,dxqxpijuyxkzzosa7wdmhzd3o,2026-10-02
Concordia Chiajna,Concordia,CS Concordia Chiajna,64.5997699148,2560,2iz4hkjsj1fadp09drcb6hhqs,2026-10-02
Tanta,Tanta,Tanta SC,64.5979412218,2561,c8yhc9482s3xm3dplmzcg8wes,2026-10-02
Freiburg II,Freiburg II,SC Freiburg II,64.593792245,2562,cp9ieu0l4mgyazd7866sx8pw4,2026-10-02
Prostějov,Prostějov,SK Prostějov,64.593792245,2563,6366wwpqz6bqwsprqq35h4hec,2026-10-02
Mashujaa,Mashujaa,Mashujaa FC,64.5879221288,2564,c5wdltkcr7ti6feuv6ej6kavo,2026-10-02
GOAL,GOAL,GOAL FC,64.5821357397,2565,4puti0g0aurz6lctqhbonl2c4,2026-10-02
Pirata,Pirata,Pirata FC,64.5798395939,2566,4wjv3pabgbhm9is93zhe6zf9w,2026-10-02
Recreativo do Libolo,Recreativo,Clube Recreativo Desportivo do Libolo,64.5768457803,2567,ofi6heevfqlhgto3devky0b8,2026-10-02
Motril,Motril,Motril CF,64.5751558707,2568,1h4ygpz4oamwj3kksmzc15ams,2026-10-02
Raufoss,Raufoss,Raufoss IL,64.5741009766,2569,1b7iiw2jok0qp6s65rmh05a1g,2026-10-02
Al Raed,Raed,Al Raed FC,64.5634099666,2570,3lxygsgllro9oeey1m5ndpct0,2026-10-02
Cosenza,Cosenza,Cosenza Calcio,64.5568709649,2571,5sw6ud25poqqgzszu5yk6p0r8,2026-10-02
Simba,Simba,FC Simba,64.555747815,2572,ehmma83pqd17k7x6if20hmrkk,2026-10-02
MC Saïda,MC Saïda,MC Saïda,64.5497677081,2573,flxkeved0q9tmclqafcpql1w,2026-10-02
Mekelakeya,Mekelakeya,Defence Force SC,64.5490644369,2574,yfk6117shr401b5om4u5nehg,2026-10-02
URA,URA,Uganda Revenue Authority FC,64.5448471163,2575,d43v3lpfbbegmsubl20bdpct0,2026-10-02
Tiaret,Tiaret,JSM Tiaret,64.5441415321,2576,flxkeved0q9tmclqafcpql1w,2026-10-02
Levanger,Levanger,Levanger FK,64.5421022707,2577,eyebcttojdlxx2xxue3awhmvo,2026-10-02
US Boujaad,Boujaad,US Boujaad,64.5388669783,2578,e66497iax4m4oq94h8qc9nllg,2026-10-02
Jaraíz,Jaraíz,CF Jaraíz,64.5371793494,2579,1h4ygpz4oamwj3kksmzc15ams,2026-10-02
Polisi Tanzania,Polisi,Polisi Tanzania FC,64.5337705435,2580,c5wdltkcr7ti6feuv6ej6kavo,2026-10-02
Borac Čačak,Borac,FK Borac Čačak,64.5315531396,2581,38qhp7f77q817kvnksk95ucyc,2026-10-02
SKA Khabarovsk,SKA,FK SKA-Khabarovsk,64.5252236354,2582,ewtzgv48te3m77r86sxunl3x0,2026-10-02
Olimpia Grudziądz,Grudziądz,GKS Olimpia Grudziądz,64.5213555956,2583,1f9k5nej63ck6nqpw0q5uml1w,2026-10-02
Ljungskile,Ljungskile,Ljungskile SK,64.5203006744,2584,e45p1bhnnox3kdgzamrx63r4k,2026-10-02
San Antonio Unido,SA Unido,CSD San Antonio Unido,64.5095123167,2585,1vt857quawnm0trdnurecgydw,2026-10-02
Brage,Brage,IK Brage,64.4988504952,2586,e45p1bhnnox3kdgzamrx63r4k,2026-10-02
Sakaryaspor,Sakaryaspor,Sakaryaspor Kulübü,64.4900593746,2587,9iurl7j8nsnscnb6u5uaicj6c,2026-10-02
Yadah,Yadah,Yadah FC,64.4885845431,2588,9ld63jfw4ucicyezh2ggpha1g,2026-10-02
Burgos Promesas,Burgos Promes.,CD Burgos Promesas 2000,64.488301146,2589,1h4ygpz4oamwj3kksmzc15ams,2026-10-02
Oliveira Hospital,Oliv. Hospital,FC Oliveira do Hospital,64.4830264515,2590,f0zodm68vgjezko34dv1zdyc4,2026-10-02
Baladiyyat Al Mehalla,Baladiyyat,Baladiyyat Al Mehalla,64.4826042442,2591,c8yhc9482s3xm3dplmzcg8wes,2026-10-02
Santiago Morning,Morning,CD Santiago Morning,64.4813807441,2592,1wi9d67mmituunqd3csuv0fmc,2026-10-02
Tacuarembó,Tacuarembó,Tacuarembó FC,64.4771609756,2593,6oy1dcqjggeoyx76gstf8zkes,2026-10-02
Africando,Africando,Africando FC,64.4768093278,2594,6f3mt0vs7zxlbfevjpbqur4lw,2026-10-02
Ibiza Islas Pitiusas,Ibiza Pitiusas,CD Ibiza Islas Pitiusas,64.4752902088,2595,1h4ygpz4oamwj3kksmzc15ams,2026-10-02
Inter de Limeira,Inter Limeira,AA Internacional de Limeira,64.471886253,2596,kis8d8dd780usq5xloolkaac,2026-10-02
Llosetense,Llosetense,CD Llosetense,64.46579569,2597,1h4ygpz4oamwj3kksmzc15ams,2026-10-02
RWDM Brussels,RWDM,RWDM Brussels,64.4654440403,2598,6t5gnnzhfwzumtn1olpzzhlhw,2026-10-02
Ciudad de Yantzaza,Yantzaza,CD Ciudad de Yantzaza,64.4648532688,2599,6f3mt0vs7zxlbfevjpbqur4lw,2026-10-02
Guijuelo,Guijuelo,CD Guijuelo,64.4612242397,2600,1h4ygpz4oamwj3kksmzc15ams,2026-10-02
Raja Beni Mellal,Raja BM,Raja de Beni Mellal,64.460802028,2601,e66497iax4m4oq94h8qc9nllg,2026-10-02
Ario Eslamshahr,Ario,FC Ario Eslamshahr,64.4579173363,2602,4kjg0qklfya45mq3pjthw09w4,2026-10-02
Union Omaha,Union Omaha,Union Omaha,64.4477227187,2603,aaqxopxxof8k6ao4qagu5yzo4,2026-10-02
ASFB,ASFB,ASFB Bobo Dioulasso,64.4416393004,2604,56y5sheadf58560v7uwkil9n8,2026-10-02
Fard Alborz,Fard,FC Fard Alborz,64.4389280978,2605,4kjg0qklfya45mq3pjthw09w4,2026-10-02
Dnepr Mogilev,Dnepr,FC Dnepr Mogilev,64.4348502924,2606,2tml5a5shxx16bkg25p0hh8gk,2026-10-02
Torres,Torres,ASD Torres,64.432388707,2607,5sw6ud25poqqgzszu5yk6p0r8,2026-10-02
Dinamo Zagreb II,Dinamo Zagreb,GNK Dinamo Zagreb II,64.4316853964,2608,cuux8wgnrxz78zen0blqr5q1g,2026-10-02
Juventud Cautivo,Juv. Cautivo,CD Juventud Cautivo,64.4239208312,2609,a9cov1ehhclrmqc4wgh59p2j8,2026-10-02
BVSC Zugló,BVSC,Budapesti Vasutas Sport Club Zugló,64.4200807366,2610,cnv4lxtlbn15zo28rnoqs4kr8,2026-10-02
Haguenau,Haguenau,FCSR Haguenau,64.4182697006,2611,4puti0g0aurz6lctqhbonl2c4,2026-10-02
Mbeya City,Mbeya City,Mbeya City FC,64.4149134496,2612,c5wdltkcr7ti6feuv6ej6kavo,2026-10-02
Unisport,Unisport,Unisport de Sokodé,64.4142101313,2613,d8hdusfvdmgo6ki7qtifb88wk,2026-10-02
Hessen Kassel,Kassel,KSV Hessen Kassel,64.4130475781,2614,cp9ieu0l4mgyazd7866sx8pw4,2026-10-02
Dečić,Dečić,FK Dečić,64.4119926023,2615,bp0tbsm945cofzlkbdgmd7dp0,2026-10-02
Pays de Grasse,Pays de Grasse,Racing Club Pays de Grasse,64.4119398535,2616,er1n8bxfo7q3075m90iafw1ec,2026-10-02
Arsenal,Arsenal,FK Arsenal Dzyarzhynsk,64.4053110764,2617,2tml5a5shxx16bkg25p0hh8gk,2026-10-02
CFFA,CFFA,Centre de Formation de Football Andoharanofotsy,64.4038361868,2618,citm4e83b4soxyy411ags2z8,2026-10-02
Baños Ciudad de Fuego,Baños CDF,Club Deportivo Especializado Baños Ciudad de Fuego,64.4012036856,2619,6f3mt0vs7zxlbfevjpbqur4lw,2026-10-02
ASKO,ASKO,AS Korofina,64.3894180742,2620,2fvr17f4zzd5uci32usqi0ro4,2026-10-02
Saguntino,Saguntino,Atlético Saguntino,64.3842113806,2621,1h4ygpz4oamwj3kksmzc15ams,2026-10-02
Picerno,Picerno,AZ Picerno,64.3810464078,2622,5sw6ud25poqqgzszu5yk6p0r8,2026-10-02
Balzan,Balzan,Balzan FC,64.3768264367,2623,3jedmdrdnamejeki9uh7jrs44,2026-10-02
AH Zapla,Zapla,Asociación Cultural y Deportiva Altos Hornos Zapla,64.37623564,2624,bt89iqwmniyxhz06vrzhc3das,2026-10-02
Eichstätt,Eichstätt,VfB Eichstätt,64.372606457,2625,cp9ieu0l4mgyazd7866sx8pw4,2026-10-02
Mjøndalen,Mjøndalen,Mjøndalen IF,64.3708481296,2626,eyebcttojdlxx2xxue3awhmvo,2026-10-02
Hapoel Kfar Saba,H Kfar Saba,Hapoel Kfar Saba FC,64.3676831366,2627,1mqfttramp7l8dfkpwk7w6wic,2026-10-02
Wacker Burghausen,Burghausen,SV Wacker Burghausen,64.3627598046,2628,cp9ieu0l4mgyazd7866sx8pw4,2026-10-02
Fortune,Fortune,Fortune FC,64.3611090513,2629,64nsmt5p5xncpk6dxcipjou8k,2026-10-02
Siheung Citizen,Siheung,Siheung City Athletic Club,64.3595561159,2630,2e9i1nuxuoznknto2pks55vys,2026-10-02
Ureña,Ureña,Ureña SC,64.356190655,2631,5l0o7aj8bf50pay409j5x0j6c,2026-10-02
AlbinoLeffe,AlbinoLeffe,UC AlbinoLeffe,64.355726453,2632,5sw6ud25poqqgzszu5yk6p0r8,2026-10-02
Dodoma Jiji,Dodoma Jiji,Dodoma Jiji FC,64.3544273626,2633,c5wdltkcr7ti6feuv6ej6kavo,2026-10-02
Dassendorf,Dassendorf,TuS Dassendorf,64.3522097683,2634,949cwx081ssmm4uuutgo1stn8,2026-10-02
Ethiopian Medhin,Medhin,Ethiopian Insurance Corporation,64.3521392034,2635,yfk6117shr401b5om4u5nehg,2026-10-02
St. Pauls United,St. Pauls,SL Horsford St. Pauls FC,64.349611628,2636,46z6xc333qod4qfckpehisphw,2026-10-02
Pécsi MFC,Pécsi,Pécsi Mecsek FC,64.3483414084,2637,2bunj0abqj9sw0w43ykismb6c,2026-10-02
Norrby,Norrby,Norrby IF,64.3441213711,2638,e45p1bhnnox3kdgzamrx63r4k,2026-10-02
WA Tlemcen,WA Tlemcen,WA Tlemcen,64.3408857722,2639,flxkeved0q9tmclqafcpql1w,2026-10-02
Defensor Jose María Arg.,Defensor JMA,CD Defensor Jose María Arguedas,64.3405765332,2640,61r1c8nb0n4p1lgy9oeaimpsk,2026-10-02
22 de Julio,22 de Julio,22 de Julio FC,64.34001386,2641,2tnmtnib22zkesr45sr0p8xsk,2026-10-02
Dos Hermanas 1971,Dos Hermanas,Dos Hermanas CF 1971,64.3360329425,2642,1h4ygpz4oamwj3kksmzc15ams,2026-10-02
Boxing Club,Boxing Club,Asociación Atlética Boxing Club,64.3357938059,2643,bt89iqwmniyxhz06vrzhc3das,2026-10-02
Racing des Gônaïves,Gônaïves,Racing FC des Gônaïves,64.3351931427,2644,4vdnis45sxd05ictg09vgpous,2026-10-02
Cavaly,Cavaly,AS Cavaly,64.3334347838,2645,4vdnis45sxd05ictg09vgpous,2026-10-02
Tivoli Gardens,Tivoli Gardens,Tivoli Gardens FC,64.3322039299,2646,3b44u42lrrjhxh5ket3d32z9w,2026-10-02
Hammam-Sousse,ESHS,Espoir Sportif de Hammam-Sousse,64.3299839529,2647,2cdwuc8jbyg41icy3ah21d2c4,2026-10-02
Adiaké,Adiaké,OFC Adiaké,64.3171501785,2648,zy02tnhmoub4rmqkhbjc05xw,2026-10-02
Al Ahli,Ahli,Al Ahli Club (Manama),64.3084603284,2649,3dsgnubzzf96l31ocjo3kial0,2026-10-02
Atlético El Vigía,El Vigía,Atlético El Vigía FC,64.3059015115,2650,5l0o7aj8bf50pay409j5x0j6c,2026-10-02
Roasso Kumamoto,Kumamoto,Roasso Kumamoto,64.3029368759,2651,d7a4tg9b5xoanhbupsxsbi238,2026-10-02
Kaya,Kaya,Kaya FC-Iloilo,64.3013566402,2652,c50ksp1w60e030qpuec4280es,2026-10-02
Reggina,Reggina,AS Reggina 1914 ASD,64.2973487198,2653,cvnhrujf5s3lefro06hwoncb8,2026-10-02
Canon,Canon,Canon de Yaoundé,64.297278153,2654,cqmw3la51kme1j36rsfej2p04,2026-10-02
Bolívar,Bolívar,Bolívar SC,64.2967579007,2655,5l0o7aj8bf50pay409j5x0j6c,2026-10-02
Geita Gold,Geita Gold,Geita Gold FC,64.296049593,2656,c5wdltkcr7ti6feuv6ej6kavo,2026-10-02
Kokand-1912,Kokand,FK Qo'qon 1912,64.295799949,2657,30hnhs47crryfhtm1523ygzkk,2026-10-02
Al Shomooa,Al Shomooa,Al Shomooa SC,64.2944670386,2658,68kgxuk3dkg7p955ifkisgc9g,2026-10-02
Oyonesa,Oyonesa,SD Oyonesa,64.2941836153,2659,1h4ygpz4oamwj3kksmzc15ams,2026-10-02
Damascus Al Ahli,Al Ahli,Damascus Al Ahli Club,64.290351242,2660,epf0rlgn33w37t43qiocvx4wk,2026-10-02
Langreo,Langreo,Unión Popular de Langreo,64.2903151477,2661,1h4ygpz4oamwj3kksmzc15ams,2026-10-02
Buffles,Buffles,Buffles de Borgou FC,64.2877851382,2662,t5yilsv0ffm6kb8mz07ywiz8,2026-10-02
Gomido,Gomido,Gomido FC,64.2869059372,2663,d8hdusfvdmgo6ki7qtifb88wk,2026-10-02
Municipal Jalapa,Jalapa,ART Municipal Jalapa,64.2857826931,2664,c0h34ymbtky0gg66xxiox8t1w,2026-10-02
Épila,Épila,AD CF Épila,64.2818748298,2665,1h4ygpz4oamwj3kksmzc15ams,2026-10-02
Caguas Sporting,Caguas Sport.,Caguas Sporting FC,64.280507487,2666,9ij31b9nteu7u821uzpr04k4,2026-10-02
Ventforet Kofu,Ventforet,Ventforet Kofu,64.2793743791,2667,4zxaepel6gk1jzqf5di3m6iok,2026-10-02
Avranches,Avranches,US Avranches Mont-Saint-Michel,64.2790086307,2668,4puti0g0aurz6lctqhbonl2c4,2026-10-02
Sarmiento Resistencia,S Resistencia,CA Sarmiento de Resistencia,64.2774155147,2669,1q9caek968o8ubc43inhg6uxg,2026-10-02
Gyeongnam,Gyeongnam,Gyeongnam FC,64.2740991567,2670,aqzfod554aa202i8pjkt4ou1g,2026-10-02
Bihor Oradea,Bihor,FC Bihor Oradea,64.2642907244,2671,2iz4hkjsj1fadp09drcb6hhqs,2026-10-02
Valle Sagrado,Valle Sagrado,Valle Sagrado FC,64.2635592224,2672,a9cov1ehhclrmqc4wgh59p2j8,2026-10-02
Cavese 1919,Cavese,Cavese 1919,64.2600705171,2673,5sw6ud25poqqgzszu5yk6p0r8,2026-10-02
Agouado,Agouado,ASC Agouado,64.2581756331,2674,8ptl1wrxicnblij9u19k2p4pg,2026-10-02
La Luz,La Luz,La Luz FC,64.2570178951,2675,6oy1dcqjggeoyx76gstf8zkes,2026-10-02
Al Jaish,Jaish,Al Jaish SC,64.255183026,2676,epf0rlgn33w37t43qiocvx4wk,2026-10-02
Kustošija,Kustošija,NK Kustošija,64.2544435606,2677,cuux8wgnrxz78zen0blqr5q1g,2026-10-02
Ashanti GB,Ashanti,AS Ashanti Golden Boys,64.246638214,2678,1odzlx97lfuimst69uxvbn310,2026-10-02
Pigotts Bullets,Pigotts,Pigotts Bullets FC,64.2337334084,2679,eutz7cztklmm0kuh8bthrfxg4,2026-10-02
Orange County SC,Orange County,Orange County SC,64.2279282224,2680,cbkjk31sv9wm38ljg3vxhtus4,2026-10-02
Al Ahli Wad Medani,Ahli Medani,Al Ahli SC Wad Medani,64.2244795304,2681,815s3vrb2yqcmcbnptxrl6yok,2026-10-02
Niki Volos,Niki,Niki Volou FC,64.2214376381,2682,2ucolfpd3bp9magtvueu1udw,2026-10-02
Semassi,Semassi,AC Semassi FC,64.2186789439,2683,d8hdusfvdmgo6ki7qtifb88wk,2026-10-02
Shirak,Shirak,Shirak FC,64.2171645902,2684,847iyp5po72cef4cdwd8c0ems,2026-10-02
Universidad O&M,O&M,Universidad Organización y Métodos,64.2161488949,2685,cokma0jt05z41cexn5ea0mxg,2026-10-02
Laktaši,Laktaši,FK Laktaši,64.2157578236,2686,1kkhhxd0jcelyo7vaq5llsil0,2026-10-02
Caldas,Caldas,Caldas SC,64.2136476718,2687,eoix5zq4par8gwml3bhkkyihg,2026-10-02
Wolaitta Dicha,Dicha,Wolaitta Dicha SC,64.2104118704,2688,yfk6117shr401b5om4u5nehg,2026-10-02
Créteil,Créteil,US Créteil Football,64.208671222,2689,4puti0g0aurz6lctqhbonl2c4,2026-10-02
Ethnikos Achna,Ethnikos Achna,Ethnikos Achna FC,64.2030968808,2690,8ejoxvm5ho0ybtj08tnwxm8lw,2026-10-02
Shenzhen Peng City,Peng City,Shenzhen Peng City FC,64.2030581945,2691,e6818x4pwankpph8awr91m1hw,2026-10-02
Young Buffaloes,Buffaloes,Young Buffaloes FC,64.1984565982,2692,8pf5znjqxa3ghoff6kevxy42c,2026-10-02
EF Ouagadougou,Étoile Filante,Étoile Filante de Ouagadougou,64.1849163062,2693,56y5sheadf58560v7uwkil9n8,2026-10-02
Olympique Béja,Olympique Béja,Olympique de Béja,64.1798143816,2694,2cdwuc8jbyg41icy3ah21d2c4,2026-10-02
Bragança,Bragança,GD Bragança,64.175664574,2695,f0zodm68vgjezko34dv1zdyc4,2026-10-02
Platense,Platense,CD Platense Municipal Zacatecoluca,64.1742971597,2696,30t9l739hkqomjqhti9lxg5qs,2026-10-02
Sandhausen,Sandhausen,SV Sandhausen,64.1739060804,2697,cp9ieu0l4mgyazd7866sx8pw4,2026-10-02
Khouribga,Khouribga,Olympique Club de Khouribga,64.1738355095,2698,4dfmno1tfc1gwcbeko4448v42,2026-10-02
Dordrecht,Dordrecht,FC Dordrecht,64.1721475854,2699,7bdyxkrzt42tv7377rpz5nqc4,2026-10-02
Memmingen,Memmingen,FC Memmingen 07,64.1686305909,2700,cp9ieu0l4mgyazd7866sx8pw4,2026-10-02
Gifu,Gifu,FC Gifu,64.1626129995,2701,d7a4tg9b5xoanhbupsxsbi238,2026-10-02
Leioa,Leioa,SD Leioa,64.159134676,2702,1h4ygpz4oamwj3kksmzc15ams,2026-10-02
B36,B36,B36 Tórshavn,64.159134676,2703,9cmufoxqnsf2h6xwos1z1j6s4,2026-10-02
Vilanculo,Vilankulo,AD Vilanculo,64.1559011017,2704,12paa0nrmm7b6c9bt3b9rsx78,2026-10-02
Sotra,Sotra,Sotra SK,64.1471767956,2705,eyebcttojdlxx2xxue3awhmvo,2026-10-02
Sancor,Sancor,SA Sancor,64.1448274157,2706,51fmboanx3f6tr3jlow8054ic,2026-10-02
Ethiopia Bunna,Ethiopia Bunna,Ye Ethiopia Bunna SC (Ethiopian Coffee),64.1446442985,2707,yfk6117shr401b5om4u5nehg,2026-10-02
Fassell,Fassell,FC Fassell,64.1342713241,2708,6x5fs0vog8z4mtp0f4ankjfo4,2026-10-02
Real Zaragoza II,Zaragoza II,Real Zaragoza Deportivo Aragón,64.1334603187,2709,1h4ygpz4oamwj3kksmzc15ams,2026-10-02
Oita Trinita,Oita,Oita Trinita,64.1281460388,2710,4zxaepel6gk1jzqf5di3m6iok,2026-10-02
Hammam-Lif,Hammam-Lif,CS Hammam-Lif,64.1277624474,2711,2cdwuc8jbyg41icy3ah21d2c4,2026-10-02
Rumilly Vallières,Rumilly V.,GFA Rumilly Vallières,64.1274285572,2712,4puti0g0aurz6lctqhbonl2c4,2026-10-02
Club Patria,Patria,Club Patria de Los Ríos,64.1240767895,2713,6f3mt0vs7zxlbfevjpbqur4lw,2026-10-02
General Velásquez,Velásquez,CD General Velásquez,64.1216148371,2714,1wi9d67mmituunqd3csuv0fmc,2026-10-02
Sligo Rovers,Sligo,Sligo Rovers FC,64.1207988751,2715,6zkfyunc0lfteytfj6slonuhg,2026-10-02
Homeboyz,Homeboyz,Kakamega Homeboyz FC,64.1200248865,2716,6of7eu9uyvb2ljqldumlr92xg,2026-10-02
Pianese,Pianese,US Pianese,64.1169300853,2717,5sw6ud25poqqgzszu5yk6p0r8,2026-10-02
Bhayangkara,Bhayangkara,Bhayangkara Presisi Lampung FC,64.1151328541,2718,2t0yn5r2hq16whtb16f4i7nro,2026-10-02
CSM Reşiţa,Reşiţa,Clubul Sportiv Muncitoresc Reşiţa,64.1144681243,2719,2iz4hkjsj1fadp09drcb6hhqs,2026-10-02
Știința Poli Timişoara,Știința Poli,ACS Știința Poli Timișoara,64.1130612882,2720,2iz4hkjsj1fadp09drcb6hhqs,2026-10-02
Zhetysu,Zhetysu,FK Zhetysu Taldykorgan,64.1028616979,2721,5dlquxczyamt372efk9kgws2c,2026-10-02
ASA,ASA,ASA FC,64.0975578912,2722,a9cov1ehhclrmqc4wgh59p2j8,2026-10-02
Negele Arsi Ketema,Negele Arsi,Negele Arsi Ketema FC,64.0908329201,2723,yfk6117shr401b5om4u5nehg,2026-10-02
WA Mostaganem,Mostaganem,WA Mostaganem,64.0852055059,2724,flxkeved0q9tmclqafcpql1w,2026-10-02
Royal Leopards,Leopards,Royal Leopards FC,64.0820423924,2725,8pf5znjqxa3ghoff6kevxy42c,2026-10-02
Figueirense,Figueirense,Figueirense FC,64.0794094846,2726,kis8d8dd780usq5xloolkaac,2026-10-02
Hutnik Kraków,Hutnik Kraków,KS Hutnik Kraków Stowarzyszenie Nowy Hutnik 2010,64.0747246376,2727,1f9k5nej63ck6nqpw0q5uml1w,2026-10-02
Ferroviário Nampula,Ferro Nampula,Clube Ferroviário de Nampula,64.0746563752,2728,12paa0nrmm7b6c9bt3b9rsx78,2026-10-02
Racing,Racing,Racing Club de France Football,64.0743201646,2729,4puti0g0aurz6lctqhbonl2c4,2026-10-02
Juventus II,Juventus NG,Juventus Next Gen,64.0624145538,2730,5sw6ud25poqqgzszu5yk6p0r8,2026-10-02
Karlovac 1919,Karlovac,NK Karlovac 1919,64.0617111183,2731,cuux8wgnrxz78zen0blqr5q1g,2026-10-02
INCA-Aruba,INCA-Aruba,Club Deportivo INCA-Aruba,64.0469782993,2732,30t9l739hkqomjqhti9lxg5qs,2026-10-02
Vancouver FC,Vancouver,Vancouver FC,64.0468001271,2733,bmqmrylzzfggzr15yas9dev4k,2026-10-02
Sidi M’hamed Benali,IRBSBM,IRB Sidi M’hamed Benali,64.0444062972,2734,1k0vq1es77s4mspo83z1m1wr8,2026-10-02
Angoulême,Angoulême,Angoulême Charente FC,64.0440723937,2735,4puti0g0aurz6lctqhbonl2c4,2026-10-02
Ejea,Ejea,SD Ejea,64.042366547,2736,1h4ygpz4oamwj3kksmzc15ams,2026-10-02
La Linguère,Linguère,ASC La Linguère de Saint-Louis,64.0410672592,2737,1bt3oe8dwu7lmuy50kex4bkt0,2026-10-02
Sintrense,Sintrense,Sport União Sintrense,64.0402562192,2738,f0zodm68vgjezko34dv1zdyc4,2026-10-02
Renate,Renate,AC Renate,64.0399044977,2739,5sw6ud25poqqgzszu5yk6p0r8,2026-10-02
Escobedo,Escobedo,Unión Montañesa Escobedo,64.0381458893,2740,1h4ygpz4oamwj3kksmzc15ams,2026-10-02
HFX Wanderers,Wanderers,HFX Wanderers FC,64.0355450449,2741,bmqmrylzzfggzr15yas9dev4k,2026-10-02
Kedus Giorgis,Kedus Giorgis,Saint George FC,64.0320960338,2742,yfk6117shr401b5om4u5nehg,2026-10-02
Imabari,Imabari,FC Imabari,64.0293141353,2743,4zxaepel6gk1jzqf5di3m6iok,2026-10-02
Mumbai City,Mumbai,Mumbai City FC,64.028859025,2744,d70h9cciplfhf01fn96gpcw0k,2026-10-02
Naft Bandar Abbas,Naft BA,Palayesh Naft Bandar Abbas FC,64.028155578,2745,4kjg0qklfya45mq3pjthw09w4,2026-10-02
IRB Nezla,IRB,Ittihad Riadhi Baladiat Nezla,64.023654668,2746,f3gc7cbkbeww4ue7d2gn8a149,2026-10-02
Spaeri,Spaeri,Spaeri FC,64.0233735198,2747,dmtc6z8cwdmdocaz02qc5p0yc,2026-10-02
Supra du Québec,Supra,FC Supra du Québec,64.0211243817,2748,bmqmrylzzfggzr15yas9dev4k,2026-10-02
LDU de El Carmin,LDU Carmin,LDU de El Carmin,64.0157481222,2749,51fmboanx3f6tr3jlow8054ic,2026-10-02
Cashmere Technical,Cashmere,Cashmere Technical,64.0150791399,2750,5covk71othb712xpvk7qwlul0,2026-10-02
Mes Kerman,Mes Kerman,Sanat Mes Kerman FC,64.014790041,2751,4kjg0qklfya45mq3pjthw09w4,2026-10-02
Tai Po,Wofoo,Tai Po FC,64.0124313469,2752,1eg1537in5v5szf108lk9s2s4,2026-10-02
Arema,Arema,Arema FC,64.008914082,2753,2t0yn5r2hq16whtb16f4i7nro,2026-10-02
América des Cayes,América Cayes,América des Cayes,64.0074093862,2754,bva0t7rr4t5eq0llsgztfzx90,2026-10-02
Mouloudia Oujda,MC Oujda,Mouloudia Club d'Oujda,64.0067718335,2755,e66497iax4m4oq94h8qc9nllg,2026-10-02
Achuapa,Achuapa,Deportivo Achuapa,64.0052967091,2756,9krteg77umv3opxgpwp51d6ac,2026-10-02
RCK,RCK,Rail Club de Kadiogo,64.0048396453,2757,56y5sheadf58560v7uwkil9n8,2026-10-02
Juventud Copalera,Copalera,Juventud Copalera San Ildefonso Ixtahuacán,64.0042415266,2758,9krteg77umv3opxgpwp51d6ac,2026-10-02
Sarriana,Sarriana,SD Sarriana,63.9998078555,2759,1h4ygpz4oamwj3kksmzc15ams,2026-10-02
Lamphun Warriors,Lamphun,Lamphun Warriors FC,63.9997691654,2760,2y9xq2tx9nthjl37uqgtoc2z8,2026-10-02
Pogradeci,Pogradeci,KS Pogradeci,63.9987526703,2761,ixep4ur6emnedzdu16lpw9p0,2026-10-02
Atlético Balboa,Atl. Balboa,CD Atlético Balboa,63.9980885969,2762,30t9l739hkqomjqhti9lxg5qs,2026-10-02
Ypiranga RS,Ypiranga,Ypiranga FC,63.9978100376,2763,kis8d8dd780usq5xloolkaac,2026-10-02
Trelleborg,Trelleborg,Trelleborgs FF,63.9973457557,2764,6y4xajtea36x0n0xrjr4vy3o4,2026-10-02
Cornellà,Cornellà,UE Cornellà,63.9952353822,2765,1h4ygpz4oamwj3kksmzc15ams,2026-10-02
Caxias do Sul,Caxias,Sociedade Esportiva e Recreativa Caxias do Sul,63.9840925742,2766,kis8d8dd780usq5xloolkaac,2026-10-02
Connah's Quay,Connah's Quay,Connah's Quay Nomads FC,63.982924827,2767,5a72rnkyvdjffzei7qqokyot0,2026-10-02
Latina,Latina,US Latina,63.9737797958,2768,5sw6ud25poqqgzszu5yk6p0r8,2026-10-02
Triangle United,Triangle,Triangle United FC,63.9723045986,2769,8ea4fh0n7w704hsj43vlxw4yc,2026-10-02
Metaloglobus,Metaloglobus,FC Metaloglobus Bucureşti,63.9621725828,2770,2iz4hkjsj1fadp09drcb6hhqs,2026-10-02
Namungo,Namungo,Namungo FC,63.9601697766,2771,c5wdltkcr7ti6feuv6ej6kavo,2026-10-02
Imst,Imst,SC Imst,63.9547861406,2772,8h4bz8mec7n5utisq4xhw6lg4,2026-10-02
Tekstilshchik,Tekstilshchik,FK Tekstilshchik Ivanovo,63.951268778,2773,ewtzgv48te3m77r86sxunl3x0,2026-10-02
Zamora II,Zamora II,Zamora FC II,63.9496226502,2774,5l0o7aj8bf50pay409j5x0j6c,2026-10-02
Wuhan Three Towns,Three Towns,Wuhan Three Towns FC,63.9487679295,2775,e6818x4pwankpph8awr91m1hw,2026-10-02
Oakland Roots,Roots,Oakland Roots SC,63.9465574016,2776,cbkjk31sv9wm38ljg3vxhtus4,2026-10-02
COSFA,COSFA,COSFA Antananarivo,63.945924458,2777,citm4e83b4soxyy411ags2z8,2026-10-02
Ajka,Ajka,FC Ajka,63.9333301357,2778,cnv4lxtlbn15zo28rnoqs4kr8,2026-10-02
Walter Ferretti,Walter Ferr.,CD Walter Ferretti,63.9330177828,2779,c0h34ymbtky0gg66xxiox8t1w,2026-10-02
FK Sibir,FK Sibir,FK Sibir,63.9319231768,2780,au1o7s1tazgfz249l77vlak9g,2026-10-02
Birmingham Legion,Legion,Birmingham Legion FC,63.9240460882,2781,cbkjk31sv9wm38ljg3vxhtus4,2026-10-02
Academy Eagles,Academy Eagles,Academy Eagles FC,63.9235207902,2782,9ia2wmzw59xkae8tdpphoxogk,2026-10-02
Havadar,Havadar,Havadar SC,63.9219323538,2783,4kjg0qklfya45mq3pjthw09w4,2026-10-02
Islanders,Islanders,Islanders FC,63.9207068581,2784,6ai1o32comsvohaqi346lvx1w,2026-10-02
Shabab Al Ordon,Shabab Ordon,Shabab Al Ordon Al Quadisiya,63.9092696196,2785,espg5w80i6jk5f0n0b3buusk4,2026-10-02
Dinamo Kirov,Dinamo Kr,FK Dinamo Kirov,63.9041355426,2786,au1o7s1tazgfz249l77vlak9g,2026-10-02
Express,Express,Express Sports Club,63.8994945901,2787,d43v3lpfbbegmsubl20bdpct0,2026-10-02
Toulon,Toulon,SC Toulon,63.8984548601,2788,4puti0g0aurz6lctqhbonl2c4,2026-10-02
Sagamihara,Sagamihara,SC Sagamihara,63.8963584557,2789,d7a4tg9b5xoanhbupsxsbi238,2026-10-02
Ipala,Ipala,CSD Ipala,63.8948513642,2790,e28lffq4n2gy2xccrcyfl2kno,2026-10-02
Wahlex,Wahlex,CA Wahlex,63.8929922448,2791,51fmboanx3f6tr3jlow8054ic,2026-10-02
Hapoel Afula,Hapoel Afula,Hapoel Afula FC,63.8928796859,2792,1mqfttramp7l8dfkpwk7w6wic,2026-10-02
Marko,Marko,FC Marko,63.8911737148,2793,2ucolfpd3bp9magtvueu1udw,2026-10-02
Las Vegas Lights,LV Lights,Las Vegas Lights FC,63.8878164295,2794,cbkjk31sv9wm38ljg3vxhtus4,2026-10-02
Aalen,Aalen,VfR Aalen 1921,63.8844377533,2795,cp9ieu0l4mgyazd7866sx8pw4,2026-10-02
Alcione Milano,Alcione,Alcione Milano SS,63.8837342574,2796,5sw6ud25poqqgzszu5yk6p0r8,2026-10-02
Sisaket United,Sisaket Utd,Sisaket United FC,63.8822885725,2797,2y9xq2tx9nthjl37uqgtoc2z8,2026-10-02
Rodina Moskva II,Rodina II,FK Rodina Moskva II,63.8784580302,2798,au1o7s1tazgfz249l77vlak9g,2026-10-02
San Marcos,San Marcos,FC San Marcos,63.8747013483,2799,4wjv3pabgbhm9is93zhe6zf9w,2026-10-02
Miami,Miami,Miami FC,63.8733947385,2800,cbkjk31sv9wm38ljg3vxhtus4,2026-10-02
Subiza,Subiza,CD Subiza,63.8700160388,2801,1h4ygpz4oamwj3kksmzc15ams,2026-10-02
Pacífico,Pacífico,Pacífico FC,63.864852337,2802,6f3mt0vs7zxlbfevjpbqur4lw,2026-10-02
Hobro,Hobro,Hobro IK,63.862629268,2803,2mb332vncy4450vu14paj8844,2026-10-02
Vire,Vire,AF Virois,63.8503882756,2804,bzf5qx9yamvvlrgfqfs6ozl78,2026-10-02
Karcag,Karcag,Karcagi SE,63.8489109096,2805,cnv4lxtlbn15zo28rnoqs4kr8,2026-10-02
Java United,Java Utd,Java United FC,63.8457064286,2806,2t0yn5r2hq16whtb16f4i7nro,2026-10-02
Barracuda,Barracuda,AC Barracuda,63.8444457106,2807,d8hdusfvdmgo6ki7qtifb88wk,2026-10-02
TOP Oss,TOP,TOP Oss,63.8418758187,2808,7bdyxkrzt42tv7377rpz5nqc4,2026-10-02
Racing d'Abidjan,RC Abidjan,Racing Club d'Abidjan,63.8360035804,2809,2x67tvk4kdanna2zej4ui0bv8,2026-10-02
LDF,LDF,Lesotho Defence Force,63.8333654094,2810,770xwf92zra2rdko15e3rqbys,2026-10-02
TelOne,TelOne,TelOne FC,63.8326618944,2811,8ea4fh0n7w704hsj43vlxw4yc,2026-10-02
Châteauroux,Châteauroux,La Berrichonne Châteauroux,63.8235317066,2812,4puti0g0aurz6lctqhbonl2c4,2026-10-02
Matagalpa,Matagalpa,Indígenas de Matagalpa FC,63.8176439603,2813,c0h34ymbtky0gg66xxiox8t1w,2026-10-02
MO Constantine,MO Constantine,Mouloudia Olympic of Constantine,63.8069811829,2814,flxkeved0q9tmclqafcpql1w,2026-10-02
Loudoun United,Loudoun Utd,Loudoun United FC,63.8040988703,2815,cbkjk31sv9wm38ljg3vxhtus4,2026-10-02
KAC Kénitra,Kénitra,Kénitra Athlétic Club,63.8024082838,2816,e66497iax4m4oq94h8qc9nllg,2026-10-02
Espoli,Espoli,Club Social Cultural y Deportivo Espoli,63.8022396694,2817,6f3mt0vs7zxlbfevjpbqur4lw,2026-10-02
Olympique Sport d'Abobo,OSA,Olympique Sport d'Abobo FC,63.8001241428,2818,2x67tvk4kdanna2zej4ui0bv8,2026-10-02
UDJ Quinindé,Quinindé,UDJ Quinindé,63.79907381,2819,6f3mt0vs7zxlbfevjpbqur4lw,2026-10-02
Real de Banjul,Real Banjul,Real de Banjul FC,63.7976618073,2820,64nsmt5p5xncpk6dxcipjou8k,2026-10-02
Loznica,Loznica,FK Loznica,63.7975541958,2821,38qhp7f77q817kvnksk95ucyc,2026-10-02
Gendrim,Gendrim,ASC Gendrim,63.7950212717,2822,dp0cjg7hm16o0ay8b1amdexhw,2026-10-02
Maccabi Kabilio Jaffa,M Jaffa,Maccabi Kabilio Jaffa FC,63.7929812758,2823,1mqfttramp7l8dfkpwk7w6wic,2026-10-02
Schweinfurt,Schweinfurt,1. FC Schweinfurt 1905,63.7922777488,2824,cp9ieu0l4mgyazd7866sx8pw4,2026-10-02
Hrvace,Hrvace,NK Hrvace,63.7915742215,2825,cuux8wgnrxz78zen0blqr5q1g,2026-10-02
Bikita Minerals,Bikita,Bikita Minerals FC,63.7858777228,2826,9ld63jfw4ucicyezh2ggpha1g,2026-10-02
Ahal,Ahal,Ahal FC,63.7819367986,2827,8xedf9bqe7yehjmxy13vcql90,2026-10-02
Tucumán Central,T Central,Club Tucumán Central Deportes,63.7811338486,2828,1q9caek968o8ubc43inhg6uxg,2026-10-02
Eindhoven,Eindhoven,FC Eindhoven,63.7799659869,2829,7bdyxkrzt42tv7377rpz5nqc4,2026-10-02
Dinan Léhon,Dinan Léhon,Dinan Léhon FC,63.7739331967,2830,4puti0g0aurz6lctqhbonl2c4,2026-10-02
Công An Hồ Chí Minh,Công An HCM,Công An TP Hồ Chí Minh FC,63.7721884332,2831,cld1l7cgrsr3bij22f2ytqiok,2026-10-02
Treviso,Treviso,Treviso FBC 1993,63.761322322,2832,5sw6ud25poqqgzszu5yk6p0r8,2026-10-02
Al Sailiya,Sailiya,Al Sailiya SC,63.759421382,2833,b0n3k3rsxrgrfimue4kkxqmms,2026-10-02
RCC Kamsar,RCC Kamsar,Renaissance Caïman Club de Kamsar,63.7591434351,2834,1odzlx97lfuimst69uxvbn310,2026-10-02
Voorwaarts,Voorwaarts,Voorwaarts,63.7576963883,2835,2iliu0oyb0iehjz6cxu2y9t78,2026-10-02
Zweigen Kanazawa,Zweigen,Ishikawa FC Zweigen Kanazawa,63.7563588576,2836,d7a4tg9b5xoanhbupsxsbi238,2026-10-02
Podhale Nowy Targ,Podhale NT,NKP Podhale Nowy Targ,63.7514727708,2837,1f9k5nej63ck6nqpw0q5uml1w,2026-10-02
FC Bacău,FC Bacău,ACS Fotbal Club Bacău,63.7493621466,2838,2iz4hkjsj1fadp09drcb6hhqs,2026-10-02
Otrant-Olympic,Otrant-Olympic,FK Otrant-Olympic KF,63.7479550626,2839,bp0tbsm945cofzlkbdgmd7dp0,2026-10-02
Örebro,Örebro,Örebro SK,63.7458444347,2840,e45p1bhnnox3kdgzamrx63r4k,2026-10-02
Kafr Qasim,Kafr Qasim,MS Kafr Qasim,63.7423267169,2841,1mqfttramp7l8dfkpwk7w6wic,2026-10-02
Maroons,Maroons,Maroons FC,63.7415548993,2842,d43v3lpfbbegmsubl20bdpct0,2026-10-02
Grama,Grama,FE Grama,63.7384572204,2843,1h4ygpz4oamwj3kksmzc15ams,2026-10-02
UD Santa Marta,Santa Marta,UD Santa Marta de Tormes,63.7338841697,2844,1h4ygpz4oamwj3kksmzc15ams,2026-10-02
Athens Kallithea,Kallithea,PAE Athens Kallithea,63.7328816149,2845,2ucolfpd3bp9magtvueu1udw,2026-10-02
Ferrocarril Oeste,Ferro Oeste,Ferrocarril Oeste FC,63.730127225,2846,51fmboanx3f6tr3jlow8054ic,2026-10-02
Quiché,Quiché,Deportivo Quiché FC,63.7210814729,2847,9krteg77umv3opxgpwp51d6ac,2026-10-02
Boiro,Boiro,CD Boiro,63.7205167326,2848,1h4ygpz4oamwj3kksmzc15ams,2026-10-02
Beyoğlu Yeni Çarşı,Yeni Çarşı,Beyoğlu Yeni Çarşı SFAŞ,63.702576089,2849,9iurl7j8nsnscnb6u5uaicj6c,2026-10-02
Green Mamba,Mamba,Green Mamba FC,63.700748921,2850,8pf5znjqxa3ghoff6kevxy42c,2026-10-02
Hertha Wels,Hertha Wels,FC Hertha Wels,63.6958922799,2851,bbsieeq7vmacbhd5d5hvgu978,2026-10-02
Al Fahaheel,Fahaheel,Al Fahaheel FC,63.6943430599,2852,evaw3m63xloe8o87vqybzjsic,2026-10-02
Njardvík,Njardvík,UMF Njardvík,63.6929197368,2853,a5uti9g06jek0b3rv3zavb578,2026-10-02
Al Wehda,Wehda,Al Wehda FC,63.6925841579,2854,3lxygsgllro9oeey1m5ndpct0,2026-10-02
El Dakhleya,El Dakhleya,El Dakhleya SC,63.6866753922,2855,c8yhc9482s3xm3dplmzcg8wes,2026-10-02
Yongin,Yongin,Yongin Football Centre,63.6863555022,2856,aqzfod554aa202i8pjkt4ou1g,2026-10-02
Afrique Football Élite,AFE,Afrique Football Élite,63.6845670159,2857,2fvr17f4zzd5uci32usqi0ro4,2026-10-02
Fylkir,Fylkir,Fylkir FC,63.6816627301,2858,a5uti9g06jek0b3rv3zavb578,2026-10-02
Carlisle United,Carlisle,Carlisle United FC,63.6740642158,2859,7jeqt00dn1903yv3hr8r63g2c,2026-10-02
Chongqing Tonglianglong,Tonglianglong,Chongqing Tonglianglong FC,63.6726359735,2860,e6818x4pwankpph8awr91m1hw,2026-10-02
Karib,Karib,ASC Karib,63.6704274645,2861,eikxh7g9o4a9phaxgqtsryh3o,2026-10-02
Politécnico de Manabí,Politécnico,CD Politécnico de Manabí,63.6671586899,2862,6f3mt0vs7zxlbfevjpbqur4lw,2026-10-02
Vega Real,Vega Real,Atlético Vega Real FC,63.6639194423,2863,cokma0jt05z41cexn5ea0mxg,2026-10-02
Bahardar,Bahardar,Bahardar FC,63.6606433922,2864,yfk6117shr401b5om4u5nehg,2026-10-02
Ferroviário Nacala,Ferro Nacala,Clube Ferroviário de Nacala,63.6543135468,2865,12paa0nrmm7b6c9bt3b9rsx78,2026-10-02
Mineros de Guayana,Mineros,AC Mineros de Guayana,63.6506247337,2866,5l0o7aj8bf50pay409j5x0j6c,2026-10-02
Wakirya,Wakirya,Wakirya Athletic Club,63.6497403097,2867,1odzlx97lfuimst69uxvbn310,2026-10-02
Luanda,Luanda,FC Luanda,63.6483331577,2868,ofi6heevfqlhgto3devky0b8,2026-10-02
Larissa,Larissa,AE Larissa,63.6424737963,2869,13prgjp0qzce661j00a3jy3o4,2026-10-02
Politehnica Iași,Iaşi,ACSM Politehnica Iași,63.6413656603,2870,t1itn8f3prux7a9rz52qtlw4,2026-10-02
Lumezzane,Lumezzane,FC Lumezzane,63.6413656603,2871,5sw6ud25poqqgzszu5yk6p0r8,2026-10-02
Al Nasar,Nasar,Al Nasar,63.6380574509,2872,evaw3m63xloe8o87vqybzjsic,2026-10-02
Nairobi United,Nairobi Utd,Nairobi United FC,63.6370735952,2873,6of7eu9uyvb2ljqldumlr92xg,2026-10-02
Deportivo Binacional,Binacional,Deportivo Binacional FC,63.6323316915,2874,4wjv3pabgbhm9is93zhe6zf9w,2026-10-02
Primero de Mayo,Primero Mayo,Primero de Mayo,63.6311004232,2875,9q5nb2oto8bvh3nkzt5d8kv10,2026-10-02
Helmond Sport,Helmond,Helmond Sport,63.6283494154,2876,7bdyxkrzt42tv7377rpz5nqc4,2026-10-02
Atlético Samborondón,Samborondón,Club Atlético Samborondón,63.6274066139,2877,51fmboanx3f6tr3jlow8054ic,2026-10-02
Sporting Covilhã,Covilhã,SC Covilhã,63.6174438496,2878,eoix5zq4par8gwml3bhkkyihg,2026-10-02
Malkiya,Malkiya,Malkiya Club,63.6165981579,2879,3dsgnubzzf96l31ocjo3kial0,2026-10-02
Villanovense,Villanovense,CF Villanovense,63.6082972016,2880,1h4ygpz4oamwj3kksmzc15ams,2026-10-02
Baghdad,Baghdad,Amanat Baghdad SC,63.6074538186,2881,dbzx312xiimeul3ewulj7smxg,2026-10-02
PAEEK,PAEEK,Podosfairiki Athlitiki Enosi Eparxeias Kerynias,63.6065382262,2882,8ejoxvm5ho0ybtj08tnwxm8lw,2026-10-02
Al Ittifaq Maqaba,Ittifaq,Al Ittifaq Maqaba,63.6011191849,2883,3dsgnubzzf96l31ocjo3kial0,2026-10-02
Sportivo Italiano,Italiano,Club Sportivo Italiano,63.5971523079,2884,epr9s9zih7yd5dygat10o64us,2026-10-02
Liaoning Tieren,Tieren,Liaoning Tieren FC,63.5889096915,2885,e6818x4pwankpph8awr91m1hw,2026-10-02
Sporting Braga II,Braga II,Sporting Braga II,63.5871893973,2886,f0zodm68vgjezko34dv1zdyc4,2026-10-02
Internazionale II,Inter II,FC Internazionale Milano Under 23,63.5843750071,2887,5sw6ud25poqqgzszu5yk6p0r8,2026-10-02
Molynes United,Molynes Utd,Molynes United FC,63.5798410065,2888,3b44u42lrrjhxh5ket3d32z9w,2026-10-02
Harrogate Town,Harrogate,Harrogate Town FC,63.5776732249,2889,7jeqt00dn1903yv3hr8r63g2c,2026-10-02
Sorrento,Sorrento,Sorrento Calcio,63.5762836137,2890,5sw6ud25poqqgzszu5yk6p0r8,2026-10-02
Mosconia,Mosconia,CD Mosconia,63.5755800128,2891,1h4ygpz4oamwj3kksmzc15ams,2026-10-02
Al Zulfi,Zulfi,Al Zulfi SC,63.5736789016,2892,3lxygsgllro9oeey1m5ndpct0,2026-10-02
Delta United,Delta United,Delta United FC,63.5667143893,2893,c8yhc9482s3xm3dplmzcg8wes,2026-10-02
Tromsdalen,TUIL,Tromsdalen UIL,63.5636187603,2894,eyebcttojdlxx2xxue3awhmvo,2026-10-02
A'Ali,A'Ali,A'Ali FC,63.5617176381,2895,3dsgnubzzf96l31ocjo3kial0,2026-10-02
Anguiano,Anguiano,CD Anguiano,63.5593971252,2896,1h4ygpz4oamwj3kksmzc15ams,2026-10-02
Paderborn II,Paderborn II,SC Paderborn 07 II,63.5488429995,2897,cp9ieu0l4mgyazd7866sx8pw4,2026-10-02
Pacífico,Pacífico,Club Deportivo Pacífico FC,63.5445931896,2898,a9cov1ehhclrmqc4wgh59p2j8,2026-10-02
Ararat,Ararat,FC Ararat,63.5407514665,2899,847iyp5po72cef4cdwd8c0ems,2026-10-02
HB Køge,HB Køge,HB Køge,63.5382888198,2900,2mb332vncy4450vu14paj8844,2026-10-02
Jelgava,Jelgava,FS Jelgava,63.5375852058,2901,d1tk0recez2ejvsidutwviwwk,2026-10-02
Jeonnam Dragons,Dragons,Jeonnam Dragons FC,63.5375465071,2902,aqzfod554aa202i8pjkt4ou1g,2026-10-02
Palencia CF,Palencia CF,Palencia CF,63.5344189403,2903,1h4ygpz4oamwj3kksmzc15ams,2026-10-02
Knokke,Knokke,Royal Knokke FC,63.5287900117,2904,6t5gnnzhfwzumtn1olpzzhlhw,2026-10-02
Real Puerto Quito,Real Puerto,FC Real Puerto Quito,63.5260881205,2905,6f3mt0vs7zxlbfevjpbqur4lw,2026-10-02
AGAMA,AGAMA,AGAMA FC,63.5213337389,2906,8ea4fh0n7w704hsj43vlxw4yc,2026-10-02
Mâcon,Mâcon,UF Maconnais,63.5204169519,2907,bzf5qx9yamvvlrgfqfs6ozl78,2026-10-02
Nagykanizsa,Nagykanizsa,Nagykanizsa FC,63.5203465899,2908,cnv4lxtlbn15zo28rnoqs4kr8,2026-10-02
Binah,Binah,AS Binah,63.5148252474,2909,d8hdusfvdmgo6ki7qtifb88wk,2026-10-02
Villa Dálmine,Villa Dálmine,Club Villa Dálmine,63.5144783914,2910,epr9s9zih7yd5dygat10o64us,2026-10-02
Joga Bonito Z,Joga Bonito Z,CD Joga Bonito Z,63.5102566555,2911,6f3mt0vs7zxlbfevjpbqur4lw,2026-10-02
Panthère,Panthère,Panthère Sportive du Ndé,63.5076107987,2912,cqmw3la51kme1j36rsfej2p04,2026-10-02
Tusker,Tusker,Tusker FC,63.5009263572,2913,6of7eu9uyvb2ljqldumlr92xg,2026-10-02
Bezana,Bezana,CD Bezana,63.4936088591,2914,1h4ygpz4oamwj3kksmzc15ams,2026-10-02
Stripfing,Stripfing,SV Stripfing / Weiden,63.4936088591,2915,9kzmi7xo1xfyp6j2sx3ngg7is,2026-10-02
Mebrat Hayl,EEPCO,Ethiopian Electric Power Corporation FC,63.4921310063,2916,yfk6117shr401b5om4u5nehg,2026-10-02
Cayón,Cayón,CD Cayón,63.4876280033,2917,1h4ygpz4oamwj3kksmzc15ams,2026-10-02
Dynamic Togolais,Dynamic,Dynamic Togolais,63.485624735,2918,d8hdusfvdmgo6ki7qtifb88wk,2026-10-02
Kuala Lumpur City,Kuala Lumpur,Kuala Lumpur City FC,63.4787938957,2919,6siod2n1m854sihsqbyknyl1w,2026-10-02
Colchagua,Colchagua,Colchagua Club de Deportes,63.4757788212,2920,1wi9d67mmituunqd3csuv0fmc,2026-10-02
Coatepeque FC,Coatepeque FC,Coatepeque FC,63.4741201409,2921,9krteg77umv3opxgpwp51d6ac,2026-10-02
Sheger Ketema,Sheger,Sheger Ketema FC,63.461522892,2922,yfk6117shr401b5om4u5nehg,2026-10-02
MVV,MVV,MVV Maastricht,63.4594825662,2923,7bdyxkrzt42tv7377rpz5nqc4,2026-10-02
Boluspor,Boluspor,Boluspor Kulübü,63.4594825662,2924,9vlcn0hdb4ufq9s8e7kjnfn6c,2026-10-02
Operário,Operário,Sport Operário e Benfica,63.4562478975,2925,ewvv0b6kirzyt9yhu07yxksgk,2026-10-02
Eintracht Trier,Trier,SV Eintracht Trier 05,63.4556125384,2926,cp9ieu0l4mgyazd7866sx8pw4,2026-10-02
Rukinzo,Rukinzo,Rukinzo FC,63.4493873798,2927,emlzehq1t5dd17y2jnjdwn4k,2026-10-02
Floresta,Floresta,Floresta EC,63.4469295769,2928,kis8d8dd780usq5xloolkaac,2026-10-02
Livorno,Livorno,AS Livorno Calcio,63.4468169937,2929,5sw6ud25poqqgzszu5yk6p0r8,2026-10-02
Rasi Salai United,Rasi Salai,Rasi Salai United,63.4464264706,2930,2y9xq2tx9nthjl37uqgtoc2z8,2026-10-02
Goa,Goa,FC Goa,63.4428048252,2931,d70h9cciplfhf01fn96gpcw0k,2026-10-02
Musongati,Musongati,Musongati FC,63.440943632,2932,emlzehq1t5dd17y2jnjdwn4k,2026-10-02
Pattani,Pattani,Pattani FC,63.4397418302,2933,2y9xq2tx9nthjl37uqgtoc2z8,2026-10-02
Chapelton,Chapelton,Chapelton Maroons FC,63.4341907377,2934,3b44u42lrrjhxh5ket3d32z9w,2026-10-02
Smederevo 1924,Smederevo,FK Smederevo 1924,63.4337995184,2935,38qhp7f77q817kvnksk95ucyc,2026-10-02
San Pedro del Pongo,San Pedro,CD San Pedro del Pongo,63.429690201,2936,6f3mt0vs7zxlbfevjpbqur4lw,2026-10-02
ASM Sangarédi,Sangarédi,Association Sportive des Mineurs de Sangarédi,63.428805682,2937,1odzlx97lfuimst69uxvbn310,2026-10-02
Vanraure Hachinohe,Vanraure,Vanraure Hachinohe,63.4217987405,2938,4zxaepel6gk1jzqf5di3m6iok,2026-10-02
Atlético Mansillés,Atl. Mansillés,CD Atlético Mansillés,63.4207819607,2939,1h4ygpz4oamwj3kksmzc15ams,2026-10-02
Maccabi Kiryat Gat,M Kiryat Gat,Maccabi Kiryat Gat FC,63.4024868753,2940,1mqfttramp7l8dfkpwk7w6wic,2026-10-02
Fraijanes,Fraijanes,Deportivo Fraijanes,63.3984779073,2941,9krteg77umv3opxgpwp51d6ac,2026-10-02
Taghit,JRBT,JRB Taghit,63.39749065,2942,bxsf9lv71z7pcxno2edypdzis,2026-10-02
Città di Teramo,Teramo,SS Città di Teramo 1913,63.3965057543,2943,cvnhrujf5s3lefro06hwoncb8,2026-10-02
Beltinci,Beltinci,ND Beltinci,63.3813769588,2944,sb5fgqugrkxqc8jsc698x5hw,2026-10-02
Tira,Tira,MS Tira,63.3750439415,2945,vb6kze8rzj979awz12g26vbo,2026-10-02
Werder Bremen II,Werder II,SV Werder Bremen II,63.3725810962,2946,cp9ieu0l4mgyazd7866sx8pw4,2026-10-02
L'Hospitalet,L'Hospitalet,CE L'Hospitalet,63.3722292609,2947,1h4ygpz4oamwj3kksmzc15ams,2026-10-02
Blessing,Blessing,Blessing FC,63.3693462907,2948,ehmma83pqd17k7x6if20hmrkk,2026-10-02
Cambérène,Cambérène,ASC Cambérène,63.3617818068,2949,4d4sx0infiwl8cie7h7cy00t0,2026-10-02
Manika Kolwezi,Manika,CS Manika Kolwezi,63.3482360334,2950,ehmma83pqd17k7x6if20hmrkk,2026-10-02
UNAN Managua,UNAN,Universidad Nacional Autónoma de Nicaragua,63.3444734805,2951,c0h34ymbtky0gg66xxiox8t1w,2026-10-02
Tambo,Tambo,Tambo FC,63.3396159492,2952,d8hdusfvdmgo6ki7qtifb88wk,2026-10-02
Mashuk-KMV,Mashuk,FK Mashuk-KMV Pyatigorsk,63.3381009512,2953,au1o7s1tazgfz249l77vlak9g,2026-10-02
Gubbio,Gubbio,AS Gubbio 1910,63.3352862199,2954,5sw6ud25poqqgzszu5yk6p0r8,2026-10-02
Badalona,Badalona,CF Badalona,63.3286012176,2955,1h4ygpz4oamwj3kksmzc15ams,2026-10-02
Tirsense,Tirsense,FC Tirsense,63.3236754125,2956,f0zodm68vgjezko34dv1zdyc4,2026-10-02
Village Superstars,Superstars,RAMS Village Superstars FC,63.3172056915,2957,46z6xc333qod4qfckpehisphw,2026-10-02
Unión Molinense,Un. Molinense,Unión Molinense CF,63.3166385275,2958,1h4ygpz4oamwj3kksmzc15ams,2026-10-02
Guarnizo,Guarnizo,CD Guarnizo,63.3074905409,2959,1h4ygpz4oamwj3kksmzc15ams,2026-10-02
Al-Magd,Magd,Al-Magd SCS,63.3056630202,2960,68kgxuk3dkg7p955ifkisgc9g,2026-10-02
Trival Valderas,Trival,CF Trival Valderas Alcorcón,63.3043239207,2961,1h4ygpz4oamwj3kksmzc15ams,2026-10-02
Derio,Derio,CD Derio,63.2993980572,2962,1h4ygpz4oamwj3kksmzc15ams,2026-10-02
Colonia Moscardó,Moscardó,CD Colonia Moscardó,63.2983425135,2963,1h4ygpz4oamwj3kksmzc15ams,2026-10-02
Tochigi,Tochigi,Tochigi SC,63.2979519622,2964,d7a4tg9b5xoanhbupsxsbi238,2026-10-02
Nara Club,Nara,Nara Club,63.2926742345,2965,d7a4tg9b5xoanhbupsxsbi238,2026-10-02
Śląsk Wrocław II,Śląsk II,WKS Śląsk Wrocław II,63.2906018431,2966,1f9k5nej63ck6nqpw0q5uml1w,2026-10-02
Magdeburg II,Magdeburg II,1. FC Magdeburg II,63.2884907461,2967,cp9ieu0l4mgyazd7866sx8pw4,2026-10-02
Baía de Pemba,Baía de Pemba,Baía de Pemba FC,63.2817373026,2968,12paa0nrmm7b6c9bt3b9rsx78,2026-10-02
Vitória de Sernache,Sernache,GD Vitória de Sernache,63.2811018894,2969,eoix5zq4par8gwml3bhkkyihg,2026-10-02
Torrent,Torrent,Torrent CF,63.2761759701,2970,1h4ygpz4oamwj3kksmzc15ams,2026-10-02
Torina,Torina,SD Torina,63.2719537442,2971,1h4ygpz4oamwj3kksmzc15ams,2026-10-02
San Juan,San Juan,AD San Juan,63.2434534916,2972,1h4ygpz4oamwj3kksmzc15ams,2026-10-02
Rebordosa,Rebordosa,Rebordosa AC,63.2385274818,2973,f0zodm68vgjezko34dv1zdyc4,2026-10-02
Giana Erminio,Giana Erminio,AS Giana Erminio,63.2321940233,2974,5sw6ud25poqqgzszu5yk6p0r8,2026-10-02
Chungbuk Cheongju,Cheongju,Chungbuk Cheongju FC,63.227581142,2975,aqzfod554aa202i8pjkt4ou1g,2026-10-02
Paju Frontier,Paju,Paju Frontier FC,63.2251181195,2976,aqzfod554aa202i8pjkt4ou1g,2026-10-02
Lübeck,Lübeck,VfB Lübeck,63.2163602912,2977,cp9ieu0l4mgyazd7866sx8pw4,2026-10-02
Plaza Amador II,Pl. Amador II,CD Plaza Amador II,63.2130546846,2978,5vfsgxr7re4yxafib5pgasopg,2026-10-02
Juventus,Juventus,Juventus FC des Cayes,63.2074271893,2979,4vdnis45sxd05ictg09vgpous,2026-10-02
Lille II,Lille II,Lille OSC II,63.2072822295,2980,bzf5qx9yamvvlrgfqfs6ozl78,2026-10-02
Volgar Astrakhan,Volgar,FK Volgar Astrakhan,63.2058044017,2981,au1o7s1tazgfz249l77vlak9g,2026-10-02
Awassa Kenema,Awassa,Awassa City FC (Hawassa City),63.2022151556,2982,yfk6117shr401b5om4u5nehg,2026-10-02
Muaither,Muaither,Muaither SC,63.1979212477,2983,e9xwqeh6pqwy3pva03skx9f6c,2026-10-02
CSA Steaua Bucureşti,CSA Steaua,CSA Steaua Bucureşti,63.197359651,2984,2iz4hkjsj1fadp09drcb6hhqs,2026-10-02
Ouanaminthe,Ouanaminthe,Ouanaminthe FC,63.1965193883,2985,4vdnis45sxd05ictg09vgpous,2026-10-02
Centre Chiefs,Centre Chiefs,Mochudi Centre Chiefs SC,63.1961967431,2986,e2i85rbbrmh0zcyvozwl9qk9g,2026-10-02
Schöningen,Schöningen,FSV Schöningen,63.1941928605,2987,cp9ieu0l4mgyazd7866sx8pw4,2026-10-02
Porreres,Porreres,UE Porreres,63.1920816641,2988,1h4ygpz4oamwj3kksmzc15ams,2026-10-02
Doqarah,Doqarah,Doqarah FC,63.1880689971,2989,dwbqa3w6jzvrnflam7a94quqc,2026-10-02
Maya,Maya,AS Maya de Bobo-Dioulasso,63.1770590018,2990,gclj8seympu56f7h3ibq640x,2026-10-02
OFK Vršac,OFK Vršac,OFK Vršac,63.1762476216,2991,38qhp7f77q817kvnksk95ucyc,2026-10-02
Jeddeloh,Jeddeloh,SSV Jeddeloh II,63.1755438836,2992,cp9ieu0l4mgyazd7866sx8pw4,2026-10-02
Šamorín,Šamorín,FC ŠTK 1914 Šamorín,63.1656915252,2993,47gcoqnouhyfwprkioq13ex3o,2026-10-02
Forlì,Forlì,FC Forlì,63.162876557,2994,5sw6ud25poqqgzszu5yk6p0r8,2026-10-02
Hibernians,Hibernians,Paola Hibernians FC,63.1551353744,2995,3jedmdrdnamejeki9uh7jrs44,2026-10-02
Ankaragücü,Ankaragücü,MKE Ankaragücü SK,63.1424679214,2996,9iurl7j8nsnscnb6u5uaicj6c,2026-10-02
Hải Phòng,Hải Phòng,Hải Phòng FC,63.1410217155,2997,cld1l7cgrsr3bij22f2ytqiok,2026-10-02
Weymouth Wales,Wales,JADA Group Weymouth Wales,63.1356457519,2998,bs8rnxn1ego633xiospptz21g,2026-10-02
Deportivo Armenio,Armenio,CD Armenio,63.1161897436,2999,epr9s9zih7yd5dygat10o64us,2026-10-02
VfR Mannheim,VfR Mannheim,VfR Mannheim,63.1160771423,3000,cp9ieu0l4mgyazd7866sx8pw4,2026-10-02
Real Pilar,Real Pilar,Real Pilar FC,63.1130228274,3001,epr9s9zih7yd5dygat10o64us,2026-10-02
UCAM Murcia II,UCAM Murcia II,Sangonera Universidad Católica de Murcia CF,63.1104470653,3002,1h4ygpz4oamwj3kksmzc15ams,2026-10-02
Police,Police,Police FC,63.1074931683,3003,7vg2l80h7ceoyxoj3jy1igro4,2026-10-02
Sporting Cristal II,Cristal II,Club Sporting Cristal SA II,63.1002143606,3004,a9cov1ehhclrmqc4wgh59p2j8,2026-10-02
Sukhothai,Sukhothai,Sukhothai FC,63.0998519221,3005,2y9xq2tx9nthjl37uqgtoc2z8,2026-10-02
RC Arbaâ,RC Arbaâ,RC Arbaâ,63.0938380164,3006,flxkeved0q9tmclqafcpql1w,2026-10-02
RCA,RCA,SV Racing Club Aruba,63.090429191,3007,7phwu4x5fqdwgmfu5vf5yhk44,2026-10-02
Skopje,Skopje,FK Skopje,63.0879266022,3008,bdisf9hz6nqbfmztljccr2978,2026-10-02
Lentigione,Lentigione,Polisportiva Lentigione Calcio,63.086519065,3009,cvnhrujf5s3lefro06hwoncb8,2026-10-02
Thór,Thór,Thór Akureyri,63.0844077574,3010,eeeacj91qdk6pru5zwwobaiac,2026-10-02
Dynamo Abomey,Dynamo,Dynamo Abomey FC,63.0832838093,3011,t5yilsv0ffm6kb8mz07ywiz8,2026-10-02
Colorados,Colorados,CD Colorados Jaipadida SC,63.0827609359,3012,6f3mt0vs7zxlbfevjpbqur4lw,2026-10-02
Csákvári TK,Csákvári,Csákvári TK,63.0805370211,3013,cnv4lxtlbn15zo28rnoqs4kr8,2026-10-02
Utrecht II,Utrecht II,FC Utrecht II,63.0742030732,3014,7bdyxkrzt42tv7377rpz5nqc4,2026-10-02
Mutilvera,Mutilvera,UD Mutilvera,63.0710360919,3015,1h4ygpz4oamwj3kksmzc15ams,2026-10-02
Botafogo PB,Botafogo PB,Botafogo FC (João Pessoa),63.0686854848,3016,kis8d8dd780usq5xloolkaac,2026-10-02
Shabana,Shabana,Shabana FC,63.0649833937,3017,6of7eu9uyvb2ljqldumlr92xg,2026-10-02
Matoury,Matoury,US Matoury,63.0638617973,3018,8ptl1wrxicnblij9u19k2p4pg,2026-10-02
Wolues,Wolues,Wolues FC,63.0548886253,3019,6ai1o32comsvohaqi346lvx1w,2026-10-02
Deportes Rengo,Rengo,Club Deportes Rengo Unido,63.0517948153,3020,1wi9d67mmituunqd3csuv0fmc,2026-10-02
Ulm,Ulm,SSV Ulm 1846,63.0485151942,3021,cp9ieu0l4mgyazd7866sx8pw4,2026-10-02
Babelsberg,Babelsberg,SV Babelsberg 03,63.0449962814,3022,cp9ieu0l4mgyazd7866sx8pw4,2026-10-02
Fuenlabrada,Fuenlabrada,CF Fuenlabrada,63.0435887147,3023,1h4ygpz4oamwj3kksmzc15ams,2026-10-02
Super Nova,Super Nova,SK Super Nova,63.0432368228,3024,d1tk0recez2ejvsidutwviwwk,2026-10-02
Orbit College,Orbit,Orbit College FC,63.0392953987,3025,4nwd2e9auc7j57110c5f3fehg,2026-10-02
Novara,Novara,Novara Calcio,63.0284573104,3026,5sw6ud25poqqgzszu5yk6p0r8,2026-10-02
AJEB,AJEB,Association Jeunes Espoirs de Bobo,63.0243422233,3027,56y5sheadf58560v7uwkil9n8,2026-10-02
Saint-Colomban Locminé,Locminé,LA Saint-Colomban Locminé,63.0192552504,3028,4puti0g0aurz6lctqhbonl2c4,2026-10-02
Roeselare,Roeselare,SK Roeselare,63.0143814848,3029,6t5gnnzhfwzumtn1olpzzhlhw,2026-10-02
Touring,Touring,Touring KE,63.0101587182,3030,1h4ygpz4oamwj3kksmzc15ams,2026-10-02
Pamplemousses,Pamplemousses,Pamplemousses SC,63.0070992887,3031,212mfktyohz85uisj8uw4ji1g,2026-10-02
Dinamo Jug,Dinamo,SU Dinamo Jug,63.0052321461,3032,54jd6j2c3t5uksf8s40khsh04,2026-10-02
Stal Stalowa Wola,Stal SW,ZKS Stal Stalowa Wola,63.0041764505,3033,1f9k5nej63ck6nqpw0q5uml1w,2026-10-02
UN Käerjéng,Käerjéng,Uewer/Nidder Käerjéng 97,63.0020650577,3034,uza4dpaosr9j4jztif162p78,2026-10-02
Beasain,Beasain,SD Beasain,62.9953789661,3035,1h4ygpz4oamwj3kksmzc15ams,2026-10-02
PK-35,PK-35,Pallokerho-35 ry,62.9953789661,3036,dfeircxbw7mix6mouzz7t05qs,2026-10-02
Móstoles,Móstoles,CD Móstoles URJC,62.995027066,3037,1h4ygpz4oamwj3kksmzc15ams,2026-10-02
Al Najaf,Najaf,Al Najaf,62.9896087211,3038,dbzx312xiimeul3ewulj7smxg,2026-10-02
ASA Târgu Mureş,ASA T. Mureş,AFC ASA Târgu Mureș,62.9809510096,3039,2iz4hkjsj1fadp09drcb6hhqs,2026-10-02
Panadería Pulido,Panad. Pulido,CF Panadería Pulido,62.9802472043,3040,1h4ygpz4oamwj3kksmzc15ams,2026-10-02
Samaritaine,Samaritaine,AS Samaritaine,62.9781751918,3041,8oya8610sjuxts1g4yxvd1nh0,2026-10-02
Al Hilal Port Sudan,Al Hilal PS,Hilal Alsahil SC Port Sudan,62.9780651748,3042,815s3vrb2yqcmcbnptxrl6yok,2026-10-02
Petrovac,Petrovac,OFK Petrovac,62.9721534251,3043,bp0tbsm945cofzlkbdgmd7dp0,2026-10-02
Almería II,Almería II,UD Almería II,62.9689862854,3044,1h4ygpz4oamwj3kksmzc15ams,2026-10-02
Al Sadaqa,Al Sadaqa,Al Sadaqa FC,62.9601203498,3045,68kgxuk3dkg7p955ifkisgc9g,2026-10-02
Caspe,Caspe,CD Caspe,62.9587810238,3046,1h4ygpz4oamwj3kksmzc15ams,2026-10-02
Deportivo Ucrania,Dep. Ucrania,Club Deportivo Ucrania,62.9584009648,3047,a9cov1ehhclrmqc4wgh59p2j8,2026-10-02
Tabor Sežana,Tabor,MND Tabor Sežana,62.9535024202,3048,sb5fgqugrkxqc8jsc698x5hw,2026-10-02
Altyn Asyr,Altyn,Altyn Asyr FK,62.9501954136,3049,8xedf9bqe7yehjmxy13vcql90,2026-10-02
Arbroath,Arbroath,Arbroath FC,62.9489276194,3050,73jqy9edtsysqefneqki92kno,2026-10-02
Adana 01,Adana 01,Adana 01 FK SK,62.927461109,3051,9iurl7j8nsnscnb6u5uaicj6c,2026-10-02
Dayrout,Dayrout,Dayrout SC,62.9214079847,3052,c8yhc9482s3xm3dplmzcg8wes,2026-10-02
Bokelj,Bokelj,FK Bokelj Kotor,62.9190152069,3053,bp0tbsm945cofzlkbdgmd7dp0,2026-10-02
Talleres de Perico,Tal Perico,CA Talleres de Perico,62.9096261379,3054,bt89iqwmniyxhz06vrzhc3das,2026-10-02
Luanda City,Luanda City,Luanda City FC,62.9080375636,3055,7tyqslotzxi8ytlvxmjv1zyfo,2026-10-02
Andratx,Andratx,CE Andratx,62.9035309619,3056,1h4ygpz4oamwj3kksmzc15ams,2026-10-02
Xorazm,Xorazm,Xorazm FK Urganch,62.9005734775,3057,30hnhs47crryfhtm1523ygzkk,2026-10-02
Medina United,Medina Utd,Medina United Football Academy,62.8969522059,3058,64nsmt5p5xncpk6dxcipjou8k,2026-10-02
PR Surf,PR Surf,Puerto Rico Surf SC,62.8965320365,3059,9ij31b9nteu7u821uzpr04k4,2026-10-02
Vall de Uxó,Vall de Uxó,UD Vall de Uxó,62.886990843,3060,1h4ygpz4oamwj3kksmzc15ams,2026-10-02
Racing Besançon,Racing,Racing Besançon,62.8853016318,3061,bzf5qx9yamvvlrgfqfs6ozl78,2026-10-02
Carchá,Carchá,CSyD Carchá,62.8836847029,3062,e28lffq4n2gy2xccrcyfl2kno,2026-10-02
Renaissance,Renaissance,Renaissance Football Club,62.8802360717,3063,1odzlx97lfuimst69uxvbn310,2026-10-02
BFC Preussen,BFC Preussen,Berliner FC Preussen,62.8760813292,3064,cp9ieu0l4mgyazd7866sx8pw4,2026-10-02
Tanzania Prisons,Prisons,Tanzania Prisons,62.8712620931,3065,e6nshvsw9syd2ukhn2pq496ok,2026-10-02
Jeunesse d'Esch,Esch,AS la Jeunesse d'Esch,62.869746746,3066,uza4dpaosr9j4jztif162p78,2026-10-02
Estrella Roja,Estrella Roja,CD Estrella Roja,62.8670439845,3067,51fmboanx3f6tr3jlow8054ic,2026-10-02
Mali Coura,Mali Coura,FC Mali Coura,62.8615842268,3068,2fvr17f4zzd5uci32usqi0ro4,2026-10-02
Club Sando,Sando,Club Sando FC,62.8544751809,3069,7vg2l80h7ceoyxoj3jy1igro4,2026-10-02
Police,Police,ASC Police,62.8541915101,3070,dp0cjg7hm16o0ay8b1amdexhw,2026-10-02
Ayutthaya United,Ayutthaya Utd,Ayutthaya United FC,62.852815716,3071,2y9xq2tx9nthjl37uqgtoc2z8,2026-10-02
Provincial Ovalle,Prov. Ovalle,CD Provincial Ovalle FC,62.8515593442,3072,1wi9d67mmituunqd3csuv0fmc,2026-10-02
Pineto,Pineto,ASD Pineto Calcio,62.8408889508,3073,5sw6ud25poqqgzszu5yk6p0r8,2026-10-02
FC 93 Bobigny BG,FC 93 BBG,Football Club 93 Bobigny-Bagnolet-Gagny,62.8383726724,3074,er1n8bxfo7q3075m90iafw1ec,2026-10-02
Académica do Lobito,Académica,Académica Petróleos do Lobito,62.8327263139,3075,ofi6heevfqlhgto3devky0b8,2026-10-02
Maccabi Yavne,M Yavne,Maccabi Yavne FC,62.8324426893,3076,vb6kze8rzj979awz12g26vbo,2026-10-02
Pacífico Gral. Alvear,Pacífico,Sport Club Pacífico de General Alvear,62.8307956643,3077,bt89iqwmniyxhz06vrzhc3das,2026-10-02
USM Blida,USM Blida,USM Blida,62.8218141958,3078,a88w9dpfzwaroe7qc210bh123,2026-10-02
Horriya,Horriya,Al-Horriya,62.7944701993,3079,epf0rlgn33w37t43qiocvx4wk,2026-10-02
Unión Adarve,Adarve,AD Unión Adarve Barrio del Pilar,62.7831721316,3080,1h4ygpz4oamwj3kksmzc15ams,2026-10-02
Istres,Istres,Istres FC,62.7806557818,3081,4puti0g0aurz6lctqhbonl2c4,2026-10-02
Leganés II,Leganés II,CD Leganés II,62.7800046977,3082,1h4ygpz4oamwj3kksmzc15ams,2026-10-02
Villacañas,Villacañas,Villacañas CF,62.7793008229,3083,1h4ygpz4oamwj3kksmzc15ams,2026-10-02
Las Rozas,Las Rozas,Las Rozas CF,62.7789488853,3084,1h4ygpz4oamwj3kksmzc15ams,2026-10-02
Desenzano,Desenzano,Calcio Desenzano,62.7778930724,3085,5sw6ud25poqqgzszu5yk6p0r8,2026-10-02
Transvaal,Transvaal,Transvaal,62.7774328406,3086,2iliu0oyb0iehjz6cxu2y9t78,2026-10-02
Deportivo Camioneros,Camioneros,CA Social y Deportivo Camioneros de Buenos Aires,62.7730785585,3087,epr9s9zih7yd5dygat10o64us,2026-10-02
Dieppe,Dieppe,FC Dieppe,62.7729131474,3088,4puti0g0aurz6lctqhbonl2c4,2026-10-02
Ethiopia Nigd Bank,Ethiopia Bank,Commercial Bank of Ethiopia SA,62.764096835,3089,yfk6117shr401b5om4u5nehg,2026-10-02
Bonner SC,Bonn,Bonner SC,62.7627596934,3090,cp9ieu0l4mgyazd7866sx8pw4,2026-10-02
East Bengal,East Bengal,East Bengal FC,62.7576903579,3091,d70h9cciplfhf01fn96gpcw0k,2026-10-02
Nueva Concepción,Concepción,CSyD Nueva Concepción,62.7513586938,3092,e28lffq4n2gy2xccrcyfl2kno,2026-10-02
Bashkimi Kumanovo,Bashkimi,KF Bashkimi 1947 Kumanovo,62.7472742586,3093,bdisf9hz6nqbfmztljccr2978,2026-10-02
Fasil Kenema,Fasil Kenema,Fasil Kenema SC,62.7454439227,3094,yfk6117shr401b5om4u5nehg,2026-10-02
Academia Cantolao,Cantolao,Academia Deportiva Cantolao,62.7403480078,3095,4wjv3pabgbhm9is93zhe6zf9w,2026-10-02
Harbour View,Harbour View,Harbour View FC,62.7395709049,3096,3b44u42lrrjhxh5ket3d32z9w,2026-10-02
O Elvas,O Elvas,O Elvas CAD,62.7388276081,3097,f0zodm68vgjezko34dv1zdyc4,2026-10-02
Hodio,Hodio,Hodio FC,62.7380554139,3098,t5yilsv0ffm6kb8mz07ywiz8,2026-10-02
Pocheon,Pocheon,Pocheon FC,62.7370291709,3099,2e9i1nuxuoznknto2pks55vys,2026-10-02
Al Kharaitiyat,Kharaitiyat,Al Kharaitiyat SC,62.7348140487,3100,e9xwqeh6pqwy3pva03skx9f6c,2026-10-02
APS Bomet,APS Bomet,APS Bomet,62.7243272113,3101,6of7eu9uyvb2ljqldumlr92xg,2026-10-02
Uničov,Uničov,SK Uničov,62.7236939379,3102,1b9w528q6lpjmxp9k0sfxvtw4,2026-10-02
Espoir Savalou,Espoir Savalou,Espoir FC,62.7222178433,3103,t5yilsv0ffm6kb8mz07ywiz8,2026-10-02
Atlético Arteixo,Arteixo,CA Arteixo,62.7215822541,3104,1h4ygpz4oamwj3kksmzc15ams,2026-10-02
Hohenems,Hohenems,VfB Hohenems,62.719470568,3105,8h4bz8mec7n5utisq4xhw6lg4,2026-10-02
Barletta,Barletta,ASD Barletta 1922,62.7163030348,3106,5sw6ud25poqqgzszu5yk6p0r8,2026-10-02
La Fama,La Fama,SV La Fama,62.7152865977,3107,7phwu4x5fqdwgmfu5vf5yhk44,2026-10-02
Rekord Bielsko-Biała,Rekord BB,BTS Rekord Bielsko-Biała,62.7082082052,3108,1f9k5nej63ck6nqpw0q5uml1w,2026-10-02
Thes Sport,Thes,KVV Thes Sport Tessenderlo,62.7022250495,3109,6t5gnnzhfwzumtn1olpzzhlhw,2026-10-02
Linense,Linense,Real Balompédica Linense,62.7018730986,3110,1h4ygpz4oamwj3kksmzc15ams,2026-10-02
Highbury,Highbury,Highbury FC,62.7018024771,3111,4nwd2e9auc7j57110c5f3fehg,2026-10-02
Tiquipaya,Tiquipaya,Escuela de Fútbol Tiquipaya,62.69371486,3112,2yzo0vofqnirl3yjd7fdzavpw,2026-10-02
Cheonan City,Cheonan City,Cheonan City Government FC,62.6930355919,3113,aqzfod554aa202i8pjkt4ou1g,2026-10-02
Unión Huaral,Huaral,CS Unión Huaral,62.6884707636,3114,a9cov1ehhclrmqc4wgh59p2j8,2026-10-02
Savoia,Savoia,FC Savoia 1908,62.6881469666,3115,5sw6ud25poqqgzszu5yk6p0r8,2026-10-02
Chichicasteco,Chichicasteco,Chichicasteco FC,62.6873041786,3116,9krteg77umv3opxgpwp51d6ac,2026-10-02
Bremer SV,Bremer SV,Bremer SV,62.6853313383,3117,cp9ieu0l4mgyazd7866sx8pw4,2026-10-02
Panthères,Panthères,Panthères FC,62.6831513075,3118,t5yilsv0ffm6kb8mz07ywiz8,2026-10-02
Perugia,Perugia,AC Perugia Calcio,62.6765324746,3119,5sw6ud25poqqgzszu5yk6p0r8,2026-10-02
Muş Spor,Muş,Muş SK,62.6740687859,3120,9iurl7j8nsnscnb6u5uaicj6c,2026-10-02
RC Bobo-Dioulasso,Racing Bobo,Racing Club de Bobo,62.6731205874,3121,56y5sheadf58560v7uwkil9n8,2026-10-02
Cabinda,Cabinda,FC de Cabinda,62.6652015641,3122,ofi6heevfqlhgto3devky0b8,2026-10-02
Alfaro,Alfaro,CD Alfaro,62.6617502977,3123,1h4ygpz4oamwj3kksmzc15ams,2026-10-02
Unirea Slobozia,Slobozia,FC Unirea 2004 Slobozia,62.6540072096,3124,2iz4hkjsj1fadp09drcb6hhqs,2026-10-02
Zabbar St. Patrick,Zabbar,Zabbar Saint Patrick FC,62.6536552504,3125,3jedmdrdnamejeki9uh7jrs44,2026-10-02
Jwaya,Jwaya,Jwaya SC,62.6531634327,3126,9lv9rln2qwsqme0g8t366uiac,2026-10-02
Eintracht Frankfurt II,Eintracht F II,Eintracht Frankfurt II,62.6529513317,3127,cp9ieu0l4mgyazd7866sx8pw4,2026-10-02
Nantes II,Nantes II,FC Nantes II,62.6484462463,3128,bzf5qx9yamvvlrgfqfs6ozl78,2026-10-02
Ligorna,Ligorna,SCD Ligorna 1922,62.646264092,3129,cvnhrujf5s3lefro06hwoncb8,2026-10-02
Al Futuwa,Futuwa,Al Futuwa SC,62.6459482546,3130,epf0rlgn33w37t43qiocvx4wk,2026-10-02
Deportivo Santo Domingo,Deportivo SD,Deportivo Santo Domingo de los Tsachilas,62.6337061001,3131,6f3mt0vs7zxlbfevjpbqur4lw,2026-10-02
Haka,Haka,FC Haka,62.6300738413,3132,dfeircxbw7mix6mouzz7t05qs,2026-10-02
Matsumoto Yamaga,Matsumoto,Matsumoto Yamaga FC,62.6268674524,3133,d7a4tg9b5xoanhbupsxsbi238,2026-10-02
Karfamoriah,Karfamoriah,Karfamoriah FC,62.6247260732,3134,1odzlx97lfuimst69uxvbn310,2026-10-02
Yangon United,Yangon,Yangon United FC,62.6242300348,3135,9z1alus7ccfyiq108ybm8ycyc,2026-10-02
Bjarg,Bjarg,IL Bjarg,62.6209227729,3136,eyebcttojdlxx2xxue3awhmvo,2026-10-02
Llerenense,Llerenense,AD Llerenense,62.6202188428,3137,1h4ygpz4oamwj3kksmzc15ams,2026-10-02
Málaga II,Málaga II,Atlético Malagueño (Málaga CF II),62.6170511546,3138,1h4ygpz4oamwj3kksmzc15ams,2026-10-02
Maranhão,Maranhão,Maranhão AC,62.6161078864,3139,kis8d8dd780usq5xloolkaac,2026-10-02
Guidonia Montecelio 1937,Guidonia 1937,Guidonia Montecelio 1937 FC,62.6142354275,3140,5sw6ud25poqqgzszu5yk6p0r8,2026-10-02
Sonacos,Sonacos,Sonacos de Diourbel,62.6055439277,3141,4d4sx0infiwl8cie7h7cy00t0,2026-10-02
Manica Diamonds,Manica,Manica Diamonds FC,62.5993844847,3142,8ea4fh0n7w704hsj43vlxw4yc,2026-10-02
Huesca II,Huesca II,SD Huesca II,62.5959331062,3143,1h4ygpz4oamwj3kksmzc15ams,2026-10-02
Stade Renard,Renard,Stade Renard de Melong,62.5891750528,3144,cqmw3la51kme1j36rsfej2p04,2026-10-02
UF Touraine,Touraine,Union Foot de Touraine,62.588136971,3145,d6508espb7py2ulpfflsrks2c,2026-10-02
Dhofar,Dhofar,Dhofar SCSC,62.5831199947,3146,cbdqxkajw3jvb9nqzpbraim1g,2026-10-02
Espoir,Espoir,Espoir FC de Tsévié,62.5823139304,3147,d8hdusfvdmgo6ki7qtifb88wk,2026-10-02
Lagun Onak,Lagun Onak,CD Lagun Onak,62.5786865367,3148,1h4ygpz4oamwj3kksmzc15ams,2026-10-02
Hồng Lĩnh Hà Tĩnh,Hồng Lĩnh,Hồng Lĩnh Hà Tĩnh,62.5747761206,3149,cld1l7cgrsr3bij22f2ytqiok,2026-10-02
CR Béni Thour,Béni Thour,Chabab Riadhi Béni Thour,62.5740402655,3150,flxkeved0q9tmclqafcpql1w,2026-10-02
Maccabi K. Ata Bialik,K. Ata Bialik,Maccabi Ironi Kiryat Ata Bialik FC,62.5639036458,3151,vb6kze8rzj979awz12g26vbo,2026-10-02
Hadiya Hosaena,Hosaena,Hadiya Hosaena,62.5603132676,3152,yfk6117shr401b5om4u5nehg,2026-10-02
Maccabi Ahi Nazareth,M Ahi Nazareth,Maccabi Ahi Nazareth FC,62.5579200641,3153,1mqfttramp7l8dfkpwk7w6wic,2026-10-02
Paysandu,Paysandu,Paysandu SC,62.5460654805,3154,kis8d8dd780usq5xloolkaac,2026-10-02
Real Sociedad III,Real Soc. III,CD Berio Futbol Taldea (Real Sociedad III),62.5382093168,3155,1h4ygpz4oamwj3kksmzc15ams,2026-10-02
Santiago de Píllaro,Sant Píllaro,Club Deportivo Santiago de Píllaro,62.5365620528,3156,51fmboanx3f6tr3jlow8054ic,2026-10-02
Schwarz-Weiß Bregenz,Bregenz SW,Schwarz-Weiß Bregenz,62.5269459464,3157,bbsieeq7vmacbhd5d5hvgu978,2026-10-02
Spakenburg,Spakenburg,SV Spakenburg,62.5265939651,3158,asox70lt42oe70oat4mcayaz8,2026-10-02
Villalbés,Villalbés,RC Villalbés,62.5251860391,3159,1h4ygpz4oamwj3kksmzc15ams,2026-10-02
Đà Nẵng,Đà Nẵng,SHB Đà Nẵng FC,62.5209235373,3160,cld1l7cgrsr3bij22f2ytqiok,2026-10-02
Unisport Bafang,Unisport,Unisport de Bafang,62.5187797323,3161,cqmw3la51kme1j36rsfej2p04,2026-10-02
Zenit II,Zenit SPb II,FK Zenit St. Petersburg II,62.5121626776,3162,au1o7s1tazgfz249l77vlak9g,2026-10-02
Uruguay Montevideo,Uruguay Mdeo,Uruguay Montevideo FC,62.5112193606,3163,6oy1dcqjggeoyx76gstf8zkes,2026-10-02
Bandari,Bandari,Bandari FC,62.5057563295,3164,6of7eu9uyvb2ljqldumlr92xg,2026-10-02
Ironi Modi'in,Ironi Modi'in,Ironi Modi'in FC,62.503011076,3165,1mqfttramp7l8dfkpwk7w6wic,2026-10-02
Moulien,Moulien,CS Moulien,62.5021705247,3166,5yj7rokg3llyzxbr4gglmdbmc,2026-10-02
Teleghma,Teleghma,NRB Teleghma,62.4980126448,3167,flxkeved0q9tmclqafcpql1w,2026-10-02
Fuerte San Francisco,Fuerte,CD Fuerte San Francisco,62.4935468587,3168,30t9l739hkqomjqhti9lxg5qs,2026-10-02
Al Buqa'a,Buqa'a,Al Buqa'a,62.4919573138,3169,espg5w80i6jk5f0n0b3buusk4,2026-10-02
Colina,Colina,Atlético Colina,62.4901002078,3170,1wi9d67mmituunqd3csuv0fmc,2026-10-02
Hauts Lyonnais,Hauts Lyonnais,Hauts Lyonnais SC,62.4843029617,3171,4puti0g0aurz6lctqhbonl2c4,2026-10-02
Meshakhte,Meshakhte,FC Meshakhte Tkibuli,62.480131891,3172,dmtc6z8cwdmdocaz02qc5p0yc,2026-10-02
Al Watan,Al Watan,Al Watan SC,62.4783036274,3173,68kgxuk3dkg7p955ifkisgc9g,2026-10-02
Lanzarote,Lanzarote,UD Lanzarote,62.4762600033,3174,1h4ygpz4oamwj3kksmzc15ams,2026-10-02
Atlas Delmenhorst,Atlas,SV Atlas Delmenhorst,62.4759080131,3175,cp9ieu0l4mgyazd7866sx8pw4,2026-10-02
Township Rollers,Rollers,Township Rollers FC,62.4754486733,3176,e2i85rbbrmh0zcyvozwl9qk9g,2026-10-02
Xerez Deportivo,Xerez DFC,Xerez Deportivo FC,62.4745000519,3177,1h4ygpz4oamwj3kksmzc15ams,2026-10-02
Bengaluru,Bengaluru,Bengaluru FC,62.4704859687,3178,d70h9cciplfhf01fn96gpcw0k,2026-10-02
Aurrerá Vitoria,Aurrerá,CD Aurrerá de Vitoria,62.4657002718,3179,1h4ygpz4oamwj3kksmzc15ams,2026-10-02
Estradense,Estradense,CD Estradense,62.4569004535,3180,1h4ygpz4oamwj3kksmzc15ams,2026-10-02
Koléa,Koléa,ESM Koléa,62.4480299664,3181,flxkeved0q9tmclqafcpql1w,2026-10-02
Serik Spor,Serik,Serik Spor Futbol AS,62.4470446114,3182,9iurl7j8nsnscnb6u5uaicj6c,2026-10-02
Cercle de Joachim,Cercle Joachim,Cercle de Joachim SC,62.4457443111,3183,212mfktyohz85uisj8uw4ji1g,2026-10-02
FA Šiauliai,FA Šiauliai,FA Šiauliai,62.4442286477,3184,4hzcbeghy116szh7rtk757xg4,2026-10-02
Juventude Évora,Évora,Juventude SC Évora,62.4435246562,3185,f0zodm68vgjezko34dv1zdyc4,2026-10-02
Guaraní A. Franco,Guaraní AF,Club Guaraní Antonio Franco,62.441877315,3186,bt89iqwmniyxhz06vrzhc3das,2026-10-02
Inverness CT,Inverness,Inverness Caledonian Thistle FC,62.4403566912,3187,73jqy9edtsysqefneqki92kno,2026-10-02
Ituano,Ituano,Ituano Futebol Clube,62.4394133407,3188,kis8d8dd780usq5xloolkaac,2026-10-02
Madura United,Madura Utd,Madura United FC,62.4392619821,3189,2t0yn5r2hq16whtb16f4i7nro,2026-10-02
Sông Lam Nghệ An,SLNA,CLB Sông Lam Nghệ An,62.4371500016,3190,cld1l7cgrsr3bij22f2ytqiok,2026-10-02
Royal Vision,Vision,Royal Vision 2026,62.419696482,3191,emlzehq1t5dd17y2jnjdwn4k,2026-10-02
East Riffa,East Riffa,East Riffa Club,62.4190946094,3192,3dsgnubzzf96l31ocjo3kial0,2026-10-02
Wellington Olympic,Wellington Ol.,Wellington Olympic,62.4133999242,3193,5covk71othb712xpvk7qwlul0,2026-10-02
Arenas Armilla,Arenas Armilla,Arenas de Armilla CyD CF,62.4121967842,3194,1h4ygpz4oamwj3kksmzc15ams,2026-10-02
Dunbeholden,Dunbeholden,Dunbeholden FC,62.4108281928,3195,3b44u42lrrjhxh5ket3d32z9w,2026-10-02
Juventud Unida G.,Juventud UG,Club Social y Deportivo Juventud Unida de Gualeguaychú,62.4077334028,3196,bt89iqwmniyxhz06vrzhc3das,2026-10-02
Rapid Wien II,Rapid II,SK Rapid Wien II,62.4016367178,3197,bbsieeq7vmacbhd5d5hvgu978,2026-10-02
Katwijk,Katwijk,vv Katwijk,62.3998767013,3198,asox70lt42oe70oat4mcayaz8,2026-10-02
US Oyem,US Oyem,US Oyem,62.3904802718,3199,91hx1tapplzhsaiav9r0gdq8k,2026-10-02
Independiente II,La Chorrera II,CA Independiente de La Chorrera II,62.3860096185,3200,5vfsgxr7re4yxafib5pgasopg,2026-10-02
Aliağa,Aliağa,Aliağa FK,62.3794603985,3201,9iurl7j8nsnscnb6u5uaicj6c,2026-10-02
ASVO,ASVO,Association Sportive de la Vallée de l'Ouémé FC,62.3734079532,3202,t5yilsv0ffm6kb8mz07ywiz8,2026-10-02
Cádiz II,Cádiz II,Cádiz CF II,62.3717162296,3203,1h4ygpz4oamwj3kksmzc15ams,2026-10-02
Liptovský Mikuláš,L. Mikuláš,MFK Tatran Liptovský Mikuláš,62.3636200212,3204,47gcoqnouhyfwprkioq13ex3o,2026-10-02
Hässleholms IF,Hässleholm,Hässleholms IF,62.3632680114,3205,6y4xajtea36x0n0xrjr4vy3o4,2026-10-02
Olímpico Totana,Totana,Club Olímpico de Totana,62.3615079615,3206,1h4ygpz4oamwj3kksmzc15ams,2026-10-02
Şanlıurfaspor,Şanlıurfa,Şanlıurfa SK,62.3611559513,3207,9iurl7j8nsnscnb6u5uaicj6c,2026-10-02
Ajesaia,Ajesaia,Ajesaia,62.3565114956,3208,citm4e83b4soxyy411ags2z8,2026-10-02
Mainz 05 II,Mainz 05 II,1. FSV Mainz 05 II,62.3558757915,3209,cp9ieu0l4mgyazd7866sx8pw4,2026-10-02
Cabeza del Buey,Cabeza Buey,CD Cabeza del Buey,62.3527076889,3210,1h4ygpz4oamwj3kksmzc15ams,2026-10-02
Cultural Leonesa II,CyD II,Cultural y Deportiva Leonesa Júpiter Leonés (Cultural Leonesa II),62.3505956178,3211,1h4ygpz4oamwj3kksmzc15ams,2026-10-02
Pitbulls Santa Bárbara,Pitbulls,Pitbulls Santa Bárbara FC,62.3444724994,3212,7yzd2ff4zj9i1m1mowvd9uot0,2026-10-02
Syunik,Syunik,FC Syunik,62.329122769,3213,847iyp5po72cef4cdwd8c0ems,2026-10-02
Árabe Unido II,Árabe Unido II,CD Árabe Unido II,62.3268717671,3214,5vfsgxr7re4yxafib5pgasopg,2026-10-02
Ostiamare,Ostiamare,AS Ostia Mare Lido Calcio,62.3248985751,3215,5sw6ud25poqqgzszu5yk6p0r8,2026-10-02
Səbail,Səbail,Səbail FK,62.324194542,3216,4pfckmvf2xp5c2nu2nq0ynwgk,2026-10-02
Atlético Nacional,Nacional,SD Atlético Nacional,62.3201834486,3217,dxqxpijuyxkzzosa7wdmhzd3o,2026-10-02
Köln II,Köln II,1. FC Köln II,62.3189142853,3218,cp9ieu0l4mgyazd7866sx8pw4,2026-10-02
Treasure Beach,Treasure Beach,Treasure Beach FC,62.3175456307,3219,3b44u42lrrjhxh5ket3d32z9w,2026-10-02
Colmar,Colmar,Stadium Racing Colmar,62.3167493761,3220,4puti0g0aurz6lctqhbonl2c4,2026-10-02
FC 105,FC 105,Football Canon 105 de Libreville,62.3144457415,3221,91hx1tapplzhsaiav9r0gdq8k,2026-10-02
Garden Stars,Garden Stars,Garden Stars FC,62.3108572829,3222,eutz7cztklmm0kuh8bthrfxg4,2026-10-02
Al Arabi,Arabi,Al Arabi SC,62.3089155731,3223,espg5w80i6jk5f0n0b3buusk4,2026-10-02
Santa Ana,Santa Ana,Santa Ana FC,62.3045941596,3224,6f3mt0vs7zxlbfevjpbqur4lw,2026-10-02
Beauvais,Beauvais,AS Beauvais Oise,62.3044287102,3225,er1n8bxfo7q3075m90iafw1ec,2026-10-02
Marbellí,Marbellí,FC Marbellí,62.3034254527,3226,1h4ygpz4oamwj3kksmzc15ams,2026-10-02
Barra,Barra,Barra FC,62.3007219351,3227,kis8d8dd780usq5xloolkaac,2026-10-02
Vado,Vado,Vado FC,62.29532897,3228,5sw6ud25poqqgzszu5yk6p0r8,2026-10-02
Gazelle,Gazelle,Gazelle FC,62.2903300244,3229,cqmw3la51kme1j36rsfej2p04,2026-10-02
Anápolis,Anápolis,Anápolis FC,62.276080332,3230,kis8d8dd780usq5xloolkaac,2026-10-02
Popești-Leordeni,Gloria PL,SC Popești-Leordeni,62.2735035069,3231,2iz4hkjsj1fadp09drcb6hhqs,2026-10-02
Piacenza,Piacenza,Piacenza Calcio,62.2692791964,3232,cvnhrujf5s3lefro06hwoncb8,2026-10-02
Sturm Graz II,Sturm II,SK Sturm Graz II,62.2657589309,3233,bbsieeq7vmacbhd5d5hvgu978,2026-10-02
Blue Eagles,Eagles,Blue Eagles FC,62.2656906081,3234,dzzhvxalhc0doyc8cvfxaeyvo,2026-10-02
Police,Police,Police FC,62.2612902691,3235,193l1zv2eyi82heh2jblkwqhg,2026-10-02
Terengganu,Terengganu,Terengganu FC,62.2565674886,3236,6siod2n1m854sihsqbyknyl1w,2026-10-02
Tempête,Tempête,Tempête FC,62.2540054157,3237,bva0t7rr4t5eq0llsgztfzx90,2026-10-02
Panserraikos,Panserraikos,Panserraikos FC,62.2489143752,3238,13prgjp0qzce661j00a3jy3o4,2026-10-02
Verdes,Verdes,Hankook Real Verdes United FC,62.2460847478,3239,djnavxxuhnda69fg22tpuri1g,2026-10-02
Kiyovu Sports,Kiyovu,Kiyovu Sports Association,62.2422806867,3240,193l1zv2eyi82heh2jblkwqhg,2026-10-02
Salgueiros,Salgueiros,SC Salgueiros,62.2393567433,3241,f0zodm68vgjezko34dv1zdyc4,2026-10-02
Hércules,Hércules,CD Hércules,62.2365799072,3242,6wgpez958rtypmrbiuzjpjxn8,2026-10-02
Cosmopolites,Cosmopolites,Cosmopolites SC,62.236051861,3243,bva0t7rr4t5eq0llsgztfzx90,2026-10-02
Tixeraïne,Tixeraïne,JS Tixeraïne,62.2325974962,3244,flxkeved0q9tmclqafcpql1w,2026-10-02
Platges Calvià,Platges,CF Platges de Calvià,62.2323161014,3245,1h4ygpz4oamwj3kksmzc15ams,2026-10-02
Ajax II,Ajax II,AFC Ajax II,62.2305559371,3246,7bdyxkrzt42tv7377rpz5nqc4,2026-10-02
Torre del Mar,Torre del Mar,UD Torre del Mar,62.2294998378,3247,1h4ygpz4oamwj3kksmzc15ams,2026-10-02
Bani Gansè,Bani Gansè,Bani Gansè FC,62.2280233822,3248,t5yilsv0ffm6kb8mz07ywiz8,2026-10-02
Inter Toronto,Inter Toronto,Inter Toronto FC,62.2254885558,3249,bmqmrylzzfggzr15yas9dev4k,2026-10-02
Gainare Tottori,Gainare,Gainare Tottori,62.2248846772,3250,d7a4tg9b5xoanhbupsxsbi238,2026-10-02
Blois,Blois,Blois Foot 41,62.2242897397,3251,bzf5qx9yamvvlrgfqfs6ozl78,2026-10-02
Kaédi,Kaédi,Kaédi FC,62.2237966605,3252,dp0cjg7hm16o0ay8b1amdexhw,2026-10-02
Amazonas,Amazonas,Amazonas FC,62.2204596049,3253,kis8d8dd780usq5xloolkaac,2026-10-02
Chemie Leipzig,Chemie L.,BSG Chemie Leipzig,62.2199949189,3254,cp9ieu0l4mgyazd7866sx8pw4,2026-10-02
Bergisch Gladbach,Bergisch Gladb,SV Bergisch Gladbach 09,62.2143623532,3255,cp9ieu0l4mgyazd7866sx8pw4,2026-10-02
Be'sat Kermanshah,Be'sat,Be'sat Kermanshah FC,62.2054192344,3256,4kjg0qklfya45mq3pjthw09w4,2026-10-02
Ogooue,Ogooue,Ogooue FC,62.2049650585,3257,91hx1tapplzhsaiav9r0gdq8k,2026-10-02
Villafranca,Villafranca,SP Villafranca,62.20380125,3258,1h4ygpz4oamwj3kksmzc15ams,2026-10-02
Meux,Meux,RFC Meux,62.198168639,3259,6t5gnnzhfwzumtn1olpzzhlhw,2026-10-02
JIPPO,JIPPO,JIPPO Joensuu,62.1971125227,3260,dfeircxbw7mix6mouzz7t05qs,2026-10-02
Pamba Jiji,Pamba,Pamba Jiji FC,62.1947559453,3261,c5wdltkcr7ti6feuv6ej6kavo,2026-10-02
Pergolettese,Pergolettese,US Pergolettese 1932,62.1914798929,3262,5sw6ud25poqqgzszu5yk6p0r8,2026-10-02
One Knoxville,One Knoxville,One Knoxville SC,62.1800756698,3263,aaqxopxxof8k6ao4qagu5yzo4,2026-10-02
Barrow,Barrow,Barrow AFC,62.1770286049,3264,7jeqt00dn1903yv3hr8r63g2c,2026-10-02
Céleste,Céleste,Céleste FC,62.1762737964,3265,ehmma83pqd17k7x6if20hmrkk,2026-10-02
Atlético Pulpileño,Pulpileño,Club Atlético Pulpileño,62.1749339517,3266,1h4ygpz4oamwj3kksmzc15ams,2026-10-02
Lambaréné,Lambaréné,Lambaréné AC,62.1743375633,3267,91hx1tapplzhsaiav9r0gdq8k,2026-10-02
Comunicaciones,Comunicaciones,Club Comunicaciones de Buenos Aires,62.1718782183,3268,epr9s9zih7yd5dygat10o64us,2026-10-02
Mosta,Mosta,Mosta FC,62.1703573907,3269,3jedmdrdnamejeki9uh7jrs44,2026-10-02
Koforidua Semper Fi,Semper Fi,Koforidua Semper Fi FC,62.1702867506,3270,aj4bxdgocyi3ngimzhnz3cbv8,2026-10-02
Quintanar del Rey,Quintanar,CD Quintanar del Rey,62.1626124176,3271,1h4ygpz4oamwj3kksmzc15ams,2026-10-02
Limón Black Star,Black Star,Limón Black Star FC,62.1600091842,3272,3axg6okixk6rkcmw8gjyjw3ro,2026-10-02
Corinthian's de Los Rios,Corinthian's,Corinthian's de Los Rios,62.1518116508,3273,6f3mt0vs7zxlbfevjpbqur4lw,2026-10-02
ÍR,ÍR,ÍR Reykjavík,62.1501323869,3274,a5uti9g06jek0b3rv3zavb578,2026-10-02
Al-Tahaddi,Tahaddi,Al-Tahaddi,62.1488142925,3275,68kgxuk3dkg7p955ifkisgc9g,2026-10-02
Gzira United,Gzira Utd,Gzira United FC,62.1418416607,3276,3jedmdrdnamejeki9uh7jrs44,2026-10-02
Haro Deportivo,Haro Deportivo,Club Haro Deportivo,62.1390252703,3277,1h4ygpz4oamwj3kksmzc15ams,2026-10-02
AFC Eskilstuna,AFC Eskilstuna,AFC Eskilstuna,62.1355047768,3278,6y4xajtea36x0n0xrjr4vy3o4,2026-10-02
Siroco Les Abymes,Siroco,Siroco Les Abymes,62.1300874195,3279,5yj7rokg3llyzxbr4gglmdbmc,2026-10-02
Brooklyn,Brooklyn,Brooklyn FC,62.1297330547,3280,cbkjk31sv9wm38ljg3vxhtus4,2026-10-02
Zawisza Bydgoszcz,Zawisza,WKS Zawisza Bydgoszcz,62.1295199237,3281,1f9k5nej63ck6nqpw0q5uml1w,2026-10-02
Al Najma,Najma,Al Najma Club,62.1293777149,3282,3dsgnubzzf96l31ocjo3kial0,2026-10-02
Chabab Mohammédia,Chabab Moham.,Sporting Club Chabab Mohammédia,62.1259287719,3283,e66497iax4m4oq94h8qc9nllg,2026-10-02
Sur,Sur,Sur SC,62.1248010502,3284,cbdqxkajw3jvb9nqzpbraim1g,2026-10-02
Al Anwar,Anwar,Al Anwar Club,62.1244489987,3285,3lxygsgllro9oeey1m5ndpct0,2026-10-02
Juventud Huracán,Juv. Huracán,CD Juventud Huracán,62.1217466291,3286,a9cov1ehhclrmqc4wgh59p2j8,2026-10-02
Al Malaab El Libby,Al Malaab,Al Malaab El Libby,62.1206503091,3287,68kgxuk3dkg7p955ifkisgc9g,2026-10-02
Kagera Sugar,Kagera Sugar,Kagera Sugar,62.1194181275,3288,c5wdltkcr7ti6feuv6ej6kavo,2026-10-02
Lifofane,Lifofane,Lifofane FC,62.1185379961,3289,770xwf92zra2rdko15e3rqbys,2026-10-02
Águilas II,Águilas II,Águilas FC II,62.1171981112,3290,1h4ygpz4oamwj3kksmzc15ams,2026-10-02
Valour,Valour,Valour FC,62.1156509786,3291,110qulr80h8ail8rgwi0o7x0,2026-10-02
Umm Salal,Umm Salal,Umm Salal SC,62.1135353695,3292,e9xwqeh6pqwy3pva03skx9f6c,2026-10-02
Cinfães,Cinfães,CD Cinfães,62.1076926613,3293,f0zodm68vgjezko34dv1zdyc4,2026-10-02
Giugliano,Giugliano,SSC Giugliano,62.1059323879,3294,5sw6ud25poqqgzszu5yk6p0r8,2026-10-02
Stjørdals-Blink,Stjørdals,IL Stjørdals-Blink,62.1038200577,3295,eyebcttojdlxx2xxue3awhmvo,2026-10-02
Cosma,Cosma,Cosma Foot,62.0962902786,3296,8ptl1wrxicnblij9u19k2p4pg,2026-10-02
Gloria Bistriţa,Gloria B.,CS Gloria Bistrița,62.0904419151,3297,2iz4hkjsj1fadp09drcb6hhqs,2026-10-02
Cavaliers,Cavaliers,US Cavaliers de Nikki,62.0875571256,3298,t5yilsv0ffm6kb8mz07ywiz8,2026-10-02
Cultural Volante,Cul Volante,Club Deportivo Cultural Volante,62.0851328801,3299,a9cov1ehhclrmqc4wgh59p2j8,2026-10-02
Militar 6 Setembro,Militar 6 Sete,Desportivo Militar 6 de Setembro,62.0815721278,3300,ewvv0b6kirzyt9yhu07yxksgk,2026-10-02
Kapfenberger SV,KSV 1919,Kapfenberger SV 1919,62.0774157432,3301,bbsieeq7vmacbhd5d5hvgu978,2026-10-02
Al Khabourah,Khabourah,Al Khabourah SC,62.0719926258,3302,42r30yzz5zgbxnlixkbfsyxhw,2026-10-02
Tanganyika,Tanganyika,FC Tanganyika,62.0678417754,3303,ehmma83pqd17k7x6if20hmrkk,2026-10-02
Greuther Fürth II,Fürth II,SpVgg Greuther Fürth II,62.0626291753,3304,cp9ieu0l4mgyazd7866sx8pw4,2026-10-02
Atlético Barinas,Barinas,Club Atlético Barinas,62.0557005746,3305,5l0o7aj8bf50pay409j5x0j6c,2026-10-02
Unión Coclé,Unión Coclé,Unión Coclé FC,62.0540407342,3306,5vfsgxr7re4yxafib5pgasopg,2026-10-02
Persita,Persita,Persatuan Sepak Bola Indonesia Tangerang,62.0495640958,3307,2t0yn5r2hq16whtb16f4i7nro,2026-10-02
Villarrobledo,Villarrobledo,CP Villarrobledo,62.0481945635,3308,1h4ygpz4oamwj3kksmzc15ams,2026-10-02
Stade Nyonnais,Nyon,FC Stade Nyonnais,62.0460821726,3309,akzt9nsp06yyv03a86lz8kdn8,2026-10-02
Afumaţi,Afumaţi,CS Afumaţi,62.0411532518,3310,2iz4hkjsj1fadp09drcb6hhqs,2026-10-02
Atlético Kin,Atlético Kin,Club Atlético Kin,62.0395055813,3311,51fmboanx3f6tr3jlow8054ic,2026-10-02
Folgore Caratese,Caratese,US Folgore Caratese ASD,62.0379846534,3312,5sw6ud25poqqgzszu5yk6p0r8,2026-10-02
Shakhter Karagandy,Karagandy,FK Shakhter Karagandy,62.0356610115,3313,3xvgloy6xksv9wwg16vg7cb8,2026-10-02
BKMA II,BKMA II,Banaki Kentronakan Marzakan Akumb II,62.0310313228,3314,64vw8f01cagdwkkeibkert91w,2026-10-02
Juan Aurich,Juan Aurich,Club Juan Aurich de Chiclayo,62.0305630724,3315,a9cov1ehhclrmqc4wgh59p2j8,2026-10-02
Blacks Power,Blacks Power,Blacks Power FC,62.0277063605,3316,d43v3lpfbbegmsubl20bdpct0,2026-10-02
Viktoria Plzeň II,Plzeň II,FC Viktoria Plzeň II,62.0270705541,3317,1b9w528q6lpjmxp9k0sfxvtw4,2026-10-02
1. FC Bocholt,Bocholt,1. FC Bocholt,62.021789517,3318,cp9ieu0l4mgyazd7866sx8pw4,2026-10-02
Lota Schwager,Lota Schwager,CD Lota Schwager,62.0131004203,3319,1wi9d67mmituunqd3csuv0fmc,2026-10-02
Granville,Granville,US Granvillaise,62.0111745903,3320,4puti0g0aurz6lctqhbonl2c4,2026-10-02
Ellas Syros,Syros,APO Ellas Syros,62.0109281403,3321,2ucolfpd3bp9magtvueu1udw,2026-10-02
La Cure Waves,Waves,La Cure Waves SC,62.0102788907,3322,212mfktyohz85uisj8uw4ji1g,2026-10-02
Caernarfon Town,Caernarfon,Caernarfon Town FC,62.009467043,3323,5a72rnkyvdjffzei7qqokyot0,2026-10-02
Pelileo,Pelileo,Pelileo SC,62.0035944773,3324,6f3mt0vs7zxlbfevjpbqur4lw,2026-10-02
Atlètic Lleida,Atlètic Lleida,CE Atlètic Lleida 2019,61.9996090092,3325,1h4ygpz4oamwj3kksmzc15ams,2026-10-02
Guelson,Guelson,RSD Guelson FC,61.9946116421,3326,7tyqslotzxi8ytlvxmjv1zyfo,2026-10-02
Lealtad,Lealtad,CD Lealtad de Villaviciosa,61.988694701,3327,1h4ygpz4oamwj3kksmzc15ams,2026-10-02
Panamá City,Panamá City,Panamá City FC,61.985739166,3328,5vfsgxr7re4yxafib5pgasopg,2026-10-02
Upington City,Upington,Upington City FC,61.985103297,3329,4nwd2e9auc7j57110c5f3fehg,2026-10-02
Saham,Saham,Saham Club,61.9822151142,3330,cbdqxkajw3jvb9nqzpbraim1g,2026-10-02
Troyes II,Troyes II,Espérance Sportive Troyes Aube Champagne II,61.9816003687,3331,4puti0g0aurz6lctqhbonl2c4,2026-10-02
Naft Masjed Soleyman,Naft MIS,Naft Masjed Soleyman FC,61.9808068075,3332,4kjg0qklfya45mq3pjthw09w4,2026-10-02
Mekelle 70 Enderta,Mekelle,Mekelle 70 Enderta FC,61.9766534541,3333,yfk6117shr401b5om4u5nehg,2026-10-02
Ayr United,Ayr Utd,Ayr United FC,61.9746116348,3334,73jqy9edtsysqefneqki92kno,2026-10-02
Zbrojovka Brno II,Brno II,FC Zbrojovka Brno II,61.9647534295,3335,1b9w528q6lpjmxp9k0sfxvtw4,2026-10-02
Gyulai Termál,Gyulai Termál,Várfürdő-Gyulai Termál FC,61.9629930306,3336,2bunj0abqj9sw0w43ykismb6c,2026-10-02
FC Jerusalem,FC Jerusalem,FC Jerusalem,61.9615847104,3337,vb6kze8rzj979awz12g26vbo,2026-10-02
Akritas,Akritas,Akritas Chloraka,61.9499660307,3338,8ejoxvm5ho0ybtj08tnwxm8lw,2026-10-02
Doxa,Doxa,Doxa Katokopia FC,61.9478535362,3339,8ejoxvm5ho0ybtj08tnwxm8lw,2026-10-02
Bourgoin-Jallieu,Bourgoin,FC Bourgoin-Jallieu,61.946163539,3340,bzf5qx9yamvvlrgfqfs6ozl78,2026-10-02
Lerumo Lions,Lions,Lerumo Lions FC,61.9460224744,3341,4nwd2e9auc7j57110c5f3fehg,2026-10-02
Enosis,Enosis,Enosis Neon Paralimni,61.9457410395,3342,8ejoxvm5ho0ybtj08tnwxm8lw,2026-10-02
Spartak Subotica,Spartak,FK Spartak Ždrepčeva Krv Subotica,61.9418681231,3343,38qhp7f77q817kvnksk95ucyc,2026-10-02
Kara Gostar,Kara Gostar,Kara Gostar SC,61.9378529769,3344,4kjg0qklfya45mq3pjthw09w4,2026-10-02
Os Marialvas,Os Marialvas,FC Os Marialvas,61.9376431149,3345,f0zodm68vgjezko34dv1zdyc4,2026-10-02
Vermont Green,Vermont Green,Vermont Green FC,61.9297583098,3346,65cy9siadyrbesmmxe748mtck,2026-10-02
Eimsbütteler TV,Eimsbüttel,Eimsbütteler Turnverband,61.9295451575,3347,cp9ieu0l4mgyazd7866sx8pw4,2026-10-02
Arlanda,Arlanda,FC Arlanda,61.9228555158,3348,6y4xajtea36x0n0xrjr4vy3o4,2026-10-02
Shenavarsazi Qeshm,Shenavarsazi,Shenavarsazi Qeshm,61.9188403314,3349,4kjg0qklfya45mq3pjthw09w4,2026-10-02
Valle Egüés,Valle Egüés,CD Valle Egüés,61.9179262918,3350,1h4ygpz4oamwj3kksmzc15ams,2026-10-02
Biesheim,Biesheim,ASC Biesheim,61.9168172148,3351,4puti0g0aurz6lctqhbonl2c4,2026-10-02
Ulinzi Stars,Ulinzi,Ulinzi Stars,61.9164472909,3352,6of7eu9uyvb2ljqldumlr92xg,2026-10-02
JSM Skikda,JSM Skikda,JSM Skikda,61.9160952027,3353,4ywcw2tioaj6sk5kze8z053yh,2026-10-02
KCB,KCB,Kenya Commercial Bank SC,61.9125743178,3354,6of7eu9uyvb2ljqldumlr92xg,2026-10-02
Persik Kediri,Persik,Persatuan Sepakbola Indonesia Kediri,61.9122541484,3355,2t0yn5r2hq16whtb16f4i7nro,2026-10-02
26 de Febrero,26 de Febrero,Club 26 de Febrero,61.9118774133,3356,1gjxy3gxbk5vg77nc8lyisljo,2026-10-02
Leo Victor,Leo Victor,Leo Victor,61.9079594667,3357,2iliu0oyb0iehjz6cxu2y9t78,2026-10-02
Highlanders,Highlanders,Mbabane Highlanders FC,61.902013942,3358,8pf5znjqxa3ghoff6kevxy42c,2026-10-02
Aubstadt,Aubstadt,TSV Aubstadt,61.895392542,3359,cp9ieu0l4mgyazd7866sx8pw4,2026-10-02
San Marcos,San Marcos,FC San Marcos,61.8926152316,3360,c0h34ymbtky0gg66xxiox8t1w,2026-10-02
Grand Santi,Santi,ASU Grand Santi,61.8924391855,3361,8ptl1wrxicnblij9u19k2p4pg,2026-10-02
Puerto Cabello II,Puerto Cabello,Academia Puerto Cabello II,61.8912801052,3362,5l0o7aj8bf50pay409j5x0j6c,2026-10-02
Zacatecoluca,Zacatecoluca,Zacatecoluca FC,61.8795877719,3363,6wgpez958rtypmrbiuzjpjxn8,2026-10-02
Arenteiro,Arenteiro,CD Arenteiro,61.8696896736,3364,1h4ygpz4oamwj3kksmzc15ams,2026-10-02
ASFAG,ASFAG,AS des Forces Armées de Guinée,61.8689171445,3365,1odzlx97lfuimst69uxvbn310,2026-10-02
Tatran Prešov,Tatran,1. FC Tatran Prešov,61.865464513,3366,47gcoqnouhyfwprkioq13ex3o,2026-10-02
Halaba Ketema,Halaba,Halaba Ketema FC,61.8587349481,3367,yr6guknnx5kfszs164te5444,2026-10-02
UD da Serra,UD da Serra,UD da Serra,61.8552536712,3368,f0zodm68vgjezko34dv1zdyc4,2026-10-02
Vilanova Geltrú,Vilanova,CF Vilanova Geltrú,61.8492679811,3369,1h4ygpz4oamwj3kksmzc15ams,2026-10-02
Damissa,Damissa,Damissa FC,61.847087045,3370,t5yilsv0ffm6kb8mz07ywiz8,2026-10-02
Guinée Foot Elite,Guinée Foot,Guinée Foot Elite,61.8463828425,3371,1odzlx97lfuimst69uxvbn310,2026-10-02
Al Shorta,Shorta,Al Shorta SC,61.8426142086,3372,epf0rlgn33w37t43qiocvx4wk,2026-10-02
IF Karlstad,IF Karlstad,IF Karlstad Fotboll,61.8422259698,3373,6y4xajtea36x0n0xrjr4vy3o4,2026-10-02
St-Pryvé St-Hilaire,St-Pryvé,Saint-Pryvé Saint-Hilaire FC,61.8273848497,3374,4puti0g0aurz6lctqhbonl2c4,2026-10-02
AS Cotonou,AS Cotonou,AS Cotonou,61.8252567054,3375,t5yilsv0ffm6kb8mz07ywiz8,2026-10-02
Angostura,Angostura,Angostura FC,61.8226208796,3376,cnw5897zluol2jbo1zgeqj8yc,2026-10-02
Shabab Al-Ghar,Al-Ghar,Shabab Al-Ghar Club,61.819975134,3377,68kgxuk3dkg7p955ifkisgc9g,2026-10-02
San Antonio,San Antonio,FCR San Antonio,61.8168463551,3378,a9cov1ehhclrmqc4wgh59p2j8,2026-10-02
Vis Pesaro,Vis Pesaro,Vis Pesaro,61.8147618886,3379,5sw6ud25poqqgzszu5yk6p0r8,2026-10-02
Forest Green Rovers,Forest Green,Forest Green Rovers FC,61.8129837523,3380,7jeqt00dn1903yv3hr8r63g2c,2026-10-02
Al Sahel,Sahel,Al Sahel SC,61.8093380597,3381,evaw3m63xloe8o87vqybzjsic,2026-10-02
ADT II,ADT II,Asociación Deportiva Tarma II,61.8010015377,3382,a9cov1ehhclrmqc4wgh59p2j8,2026-10-02
Khaleej Sart,Khaleej,Khaleej Sart,61.8002571507,3383,68kgxuk3dkg7p955ifkisgc9g,2026-10-02
Résidence Walferdange,Résidence,FC Résidence Walferdange,61.7971565097,3384,uza4dpaosr9j4jztif162p78,2026-10-02
África Show,África Show,SC África Show,61.7946234055,3385,378ubqtunv9zk2so0s1rz4s2c,2026-10-02
Hamburger SV II,HSV II,Hamburger SV II,61.7943396347,3386,cp9ieu0l4mgyazd7866sx8pw4,2026-10-02
Westfalia Rhynern,Rhynern,SV Westfalia Rhynern,61.7904664251,3387,cp9ieu0l4mgyazd7866sx8pw4,2026-10-02
Naval 1893,Naval,Associação Naval 1893,61.7887058727,3388,f0zodm68vgjezko34dv1zdyc4,2026-10-02
Humble Lions,Humble,Humble Lions,61.7834636331,3389,cs79t28tkr2uwriwjrtungs4b,2026-10-02
Gamo Chencha,Chencha,Gamo Chencha FC,61.7810338828,3390,yr6guknnx5kfszs164te5444,2026-10-02
Deportivo Alavés III,Alavés III,Deportivo Alavés III,61.7788467511,3391,1h4ygpz4oamwj3kksmzc15ams,2026-10-02
Qingdao Hainiu,Hainiu,Qingdao Hainiu FC,61.7763432306,3392,e6818x4pwankpph8awr91m1hw,2026-10-02
Altamura,Altamura,Team Altamura,61.7749735114,3393,5sw6ud25poqqgzszu5yk6p0r8,2026-10-02
Club Colonial,Colonial,Club Colonial de Fort-de-France,61.7743087138,3394,8oya8610sjuxts1g4yxvd1nh0,2026-10-02
Socuéllamos,Socuéllamos,Yugo Unión Deportiva Socuéllamos,61.7696918088,3395,1h4ygpz4oamwj3kksmzc15ams,2026-10-02
Zlaté Moravce,Zlaté Moravce,FC ViOn Zlaté Moravce - Vráble,61.7696918088,3396,47gcoqnouhyfwprkioq13ex3o,2026-10-02
AD Pemba,AD Pemba,AD de Pemba,61.7685671269,3397,12paa0nrmm7b6c9bt3b9rsx78,2026-10-02
Camerhogne,Camerhogne,FC Camerhogne,61.7672664382,3398,7e8iz4klq135f8mgvdy8z4kyc,2026-10-02
Dimona,Dimona,MS Dimona,61.7577198978,3399,vb6kze8rzj979awz12g26vbo,2026-10-02
LCS,LCS,Lesotho Correctional Services,61.7534261619,3400,770xwf92zra2rdko15e3rqbys,2026-10-02
Daejeon Korail,Daejeon Korail,Daejeon Korail FC,61.7516951825,3401,2e9i1nuxuoznknto2pks55vys,2026-10-02
Belisia Bilzen,Belisia Bilzen,Belisia Bilzen SV,61.7471563874,3402,6t5gnnzhfwzumtn1olpzzhlhw,2026-10-02
Inter Bratislava,Inter,FK Inter Bratislava,61.7443394418,3403,47gcoqnouhyfwprkioq13ex3o,2026-10-02
Ancona,Ancona,Unione Sportiva Ancona,61.7443394418,3404,cvnhrujf5s3lefro06hwoncb8,2026-10-02
Ayema,Ayema,Ayéma d'Adjarra FC,61.7351160021,3405,t5yilsv0ffm6kb8mz07ywiz8,2026-10-02
Almazán,Almazán,SD Almazán,61.7348322211,3406,1h4ygpz4oamwj3kksmzc15ams,2026-10-02
Sanjoanense,Sanjoanense,AD Sanjoanense,61.7341279807,3407,f0zodm68vgjezko34dv1zdyc4,2026-10-02
Spokane Velocity,Velocity,Spokane Velocity FC,61.7336369133,3408,aaqxopxxof8k6ao4qagu5yzo4,2026-10-02
PSIM Yogyakarta,PSIM,Perserikatan Sepakbola Indonesia Mataram,61.7273989515,3409,2t0yn5r2hq16whtb16f4i7nro,2026-10-02
Grobiņa,Grobiņa,FK Grobiņa,61.7242685894,3410,d1tk0recez2ejvsidutwviwwk,2026-10-02
Peralada,Peralada,CF Peralada,61.7239164674,3411,1h4ygpz4oamwj3kksmzc15ams,2026-10-02
IC Croix,IC Croix,Iris Club de Croix,61.715535945,3412,bzf5qx9yamvvlrgfqfs6ozl78,2026-10-02
Augsburg II,Augsburg II,FC Augsburg II,61.7140570257,3413,cp9ieu0l4mgyazd7866sx8pw4,2026-10-02
Fréjus St-Raphaël,Fréjus,Étoile Fréjus Saint-Raphaël FC,61.7125957114,3414,4puti0g0aurz6lctqhbonl2c4,2026-10-02
Sigma Olomouc II,Sigma II,SK Sigma Olomouc II,61.7073666624,3415,1b9w528q6lpjmxp9k0sfxvtw4,2026-10-02
América RN,América RN,América FC (Rio Grande do Norte),61.7043102153,3416,29znvbdtp6fkl3cekgpeti9lg,2026-10-02
Barockstadt Fulda-Lehn.,Lehnerz,SG Barockstadt Fulda-Lehnerz,61.7041975351,3417,cp9ieu0l4mgyazd7866sx8pw4,2026-10-02
Charlotte Independence,Independence,Charlotte Independence,61.7005373273,3418,aaqxopxxof8k6ao4qagu5yzo4,2026-10-02
Forward Madison,Forward,Forward Madison FC,61.6878607445,3419,aaqxopxxof8k6ao4qagu5yzo4,2026-10-02
Moneni Pirates,Moneni,Moneni Pirates FC,61.6780717344,3420,8pf5znjqxa3ghoff6kevxy42c,2026-10-02
Al Ahli San'a,Al Ahli,Al Ahli San'a Club,61.6734224537,3421,6spnboa211s9rgq47ldx6qej8,2026-10-02
Os Limianos,Limianos,AD Os Limianos,61.6615898904,3422,f0zodm68vgjezko34dv1zdyc4,2026-10-02
Svay Rieng,Svay Rieng,Preah Khan Reach Svay Rieng FC,61.6593371635,3423,4e6o0al3mukitypahlzl6tnh0,2026-10-02
Lubumbashi Sport,Lubumbashi,FC Lubumbashi Sport,61.6551831417,3424,ehmma83pqd17k7x6if20hmrkk,2026-10-02
Rijnsburgse Boys,Rijnsburg,Rijnsburgse Boys,61.6510258707,3425,asox70lt42oe70oat4mcayaz8,2026-10-02
Elite,Elite,Elite SC,61.6508892324,3426,amq9d5z9f0eytpclvwfgke238,2026-10-02
Qatar U23,Qatar,Qatar Under 23,61.6470101396,3427,e9xwqeh6pqwy3pva03skx9f6c,2026-10-02
Municipal Grecia,Grecia,AD Municipal Grecia FC,61.6459570223,3428,7yzd2ff4zj9i1m1mowvd9uot0,2026-10-02
Oyem AC,Oyem AC,Oyem AC,61.6454994296,3429,91hx1tapplzhsaiav9r0gdq8k,2026-10-02
1º de Maio,1º de Maio,Desportivo 1º de Maio,61.6361678046,3430,ewvv0b6kirzyt9yhu07yxksgk,2026-10-02
AD Sarchí,Sarchí,Asociación Deportiva Sarchí,61.6339843684,3431,7yzd2ff4zj9i1m1mowvd9uot0,2026-10-02
Dolomiti Bellunesi,Dolomiti,AC Dolomiti Bellunesi,61.6334190465,3432,5sw6ud25poqqgzszu5yk6p0r8,2026-10-02
Fos,Fos,ES Fosseenne,61.6324330598,3433,bzf5qx9yamvvlrgfqfs6ozl78,2026-10-02
Gurten,Gurten,Union Gurten,61.6320104939,3434,8h4bz8mec7n5utisq4xhw6lg4,2026-10-02
Binéfar,Binéfar,CD Binéfar,61.6288412467,3435,1h4ygpz4oamwj3kksmzc15ams,2026-10-02
Ecosem Pasco,Ecosem,Ecosem Pasco,61.6277566588,3436,a9cov1ehhclrmqc4wgh59p2j8,2026-10-02
Illescas,Illescas,CD Illescas,61.6263762733,3437,1h4ygpz4oamwj3kksmzc15ams,2026-10-02
Dynamic Herb Cebu,Cebu,Dynamic Herb Cebu FC,61.6222902467,3438,c50ksp1w60e030qpuec4280es,2026-10-02
Olympic Charleroi,ROCC,ROC Charleroi,61.6165163489,3439,6t5gnnzhfwzumtn1olpzzhlhw,2026-10-02
Linare,Linare,Linare FC,61.6118701669,3440,770xwf92zra2rdko15e3rqbys,2026-10-02
Fukushima United,Fukushima,Fukushima United FC,61.6062654971,3441,d7a4tg9b5xoanhbupsxsbi238,2026-10-02
Tarbes,Tarbes,Tarbes Pyrénées Football,61.6051949826,3442,4puti0g0aurz6lctqhbonl2c4,2026-10-02
Assabah,Assabah,Assabah Club,61.5960237188,3443,68kgxuk3dkg7p955ifkisgc9g,2026-10-02
FICA,FICA,Football Club Inter Association du Cap-Haïtien,61.5889125184,3444,4vdnis45sxd05ictg09vgpous,2026-10-02
Cariari Pococí,Cariari Pococí,AD Cariari Pococí,61.5878537639,3445,7yzd2ff4zj9i1m1mowvd9uot0,2026-10-02
Chełmianka Chełm,Chełm. Chełm,CKS Chełmianka Chełm,61.5851755506,3446,9xyu4j66xlkjhki4hrt3624no,2026-10-02
Frýdek-Místek,Frýdek-Místek,Fotbal Frýdek-Místek,61.5816540817,3447,1b9w528q6lpjmxp9k0sfxvtw4,2026-10-02
Naftan,Naftan,FK Naftan Novopolotsk,61.5816540817,3448,2tml5a5shxx16bkg25p0hh8gk,2026-10-02
Alondras,Alondras,Alondras CF,61.5781326066,3449,1h4ygpz4oamwj3kksmzc15ams,2026-10-02
Al Musannah,Musannah,Al Musannah SC,61.5765817667,3450,cbdqxkajw3jvb9nqzpbraim1g,2026-10-02
Mladost DG,Mladost DG,FK Mladost Donja Gorica,61.5717939358,3451,bp0tbsm945cofzlkbdgmd7dp0,2026-10-02
Bayreuth,Bayreuth,SpVgg Bayreuth,61.5717939358,3452,cp9ieu0l4mgyazd7866sx8pw4,2026-10-02
Manama,Manama,Manama,61.5603828884,3453,3dsgnubzzf96l31ocjo3kial0,2026-10-02
Seravezza,Seravezza,ASD Seravezza Pozzi Calcio,61.5587643822,3454,cvnhrujf5s3lefro06hwoncb8,2026-10-02
Virginia,Virginia,Virginia USC,61.5523622622,3455,eoxw97unt96j58tbyfq6em4gk,2026-10-02
Borgo,Borgo,FC Borgo,61.5516685219,3456,4puti0g0aurz6lctqhbonl2c4,2026-10-02
Utrera,Utrera,Club Deportivo Utrera,61.5510170396,3457,1h4ygpz4oamwj3kksmzc15ams,2026-10-02
ANBA,ANBA,CD ANBA,61.5467630314,3458,a9cov1ehhclrmqc4wgh59p2j8,2026-10-02
UD San Pedro,San Pedro,UD San Pedro,61.537635195,3459,1h4ygpz4oamwj3kksmzc15ams,2026-10-02
Amora,Amora,Amora FC,61.5355222639,3460,f0zodm68vgjezko34dv1zdyc4,2026-10-02
Notodden,Notodden,Notodden FK,61.5320007071,3461,eyebcttojdlxx2xxue3awhmvo,2026-10-02
Penybont,Penybont,Penybont FC,61.5224924727,3462,5a72rnkyvdjffzei7qqokyot0,2026-10-02
Sámano,Sámano,UD Sámano,61.5210838415,3463,1h4ygpz4oamwj3kksmzc15ams,2026-10-02
Smail,Smail,Smail Club,61.5209415894,3464,cbdqxkajw3jvb9nqzpbraim1g,2026-10-02
Gran Peña,Gran Peña,Gran Peña FC,61.5101669158,3465,1h4ygpz4oamwj3kksmzc15ams,2026-10-02
Casatese Merate,Casatese,USD Casatese Merate,61.5062931536,3466,cvnhrujf5s3lefro06hwoncb8,2026-10-02
Kariobangi Sharks,Kariobangi,Kariobangi Sharks FC,61.5055181688,3467,6of7eu9uyvb2ljqldumlr92xg,2026-10-02
FC Alverca II,Alverca II,FC Alverca II,61.5052366717,3468,f0zodm68vgjezko34dv1zdyc4,2026-10-02
Sokol Saratov,Sokol,FK Sokol Saratov,61.485867737,3469,au1o7s1tazgfz249l77vlak9g,2026-10-02
Králův Dvůr,Králův Dvůr,FK Králův Dvůr,61.4851634085,3470,1b9w528q6lpjmxp9k0sfxvtw4,2026-10-02
Racing Club Haitien,Racing Haitien,Racing Club Haitien,61.4776312963,3471,4vdnis45sxd05ictg09vgpous,2026-10-02
Independiente Cochabamba,Indep. CBBA,CA Independiente Cochabamba,61.4773523892,3472,c5tnc88k5en3ba29f455zsftg,2026-10-02
Volta Redonda,Volta Redonda,Volta Redonda FC,61.4771763064,3473,kis8d8dd780usq5xloolkaac,2026-10-02
Sofala,Sofala,Liga Desportiva de Sofala,61.4741779357,3474,12paa0nrmm7b6c9bt3b9rsx78,2026-10-02
Attram de Visser,Attram,Attram de Visser SC,61.4741756208,3475,aj4bxdgocyi3ngimzhnz3cbv8,2026-10-02
Unión Tarija,Unión Tarija,Club Unión Tarija,61.4738307293,3476,9q5nb2oto8bvh3nkzt5d8kv10,2026-10-02
Santa Ana,Santa Ana,AD Municipal Santa Ana,61.4691769866,3477,7yzd2ff4zj9i1m1mowvd9uot0,2026-10-02
Mara Sugar,Mara Sugar,Mara Sugar FC,61.4636106055,3478,6of7eu9uyvb2ljqldumlr92xg,2026-10-02
Baník Souš,Baník Souš,FK Baník Most-Souš,61.4594552489,3479,1b9w528q6lpjmxp9k0sfxvtw4,2026-10-02
Biellese,Biellese,ASD Biellese 1902,61.443959759,3480,cvnhrujf5s3lefro06hwoncb8,2026-10-02
Beti Kozkor,Beti Kozkor,Beti Kozkor KE,61.4436075874,3481,1h4ygpz4oamwj3kksmzc15ams,2026-10-02
Sport Boys II,Sport Boys II,Sport Boys Association II,61.4428750702,3482,a9cov1ehhclrmqc4wgh59p2j8,2026-10-02
Bumamuru,Bumamuru,Bumamuru FC,61.4292762342,3483,emlzehq1t5dd17y2jnjdwn4k,2026-10-02
Sundsvall,Sundsvall,GIF Sundsvall,61.4140249473,3484,e45p1bhnnox3kdgzamrx63r4k,2026-10-02
Moncarapachense,Moncarapachen.,Lusitano Ginásio Clube Moncarapachense,61.41120753,3485,8uutnpd0veh6kk9a4hyt8ozkk,2026-10-02
Aswan,Aswan,Aswan SC,61.4037411233,3486,cqm44i69gxmooacafu49zpmok,2026-10-02
Al Wefaq Ajdabiyah,Al Wefaq,Al Wefaq FC,61.3974042109,3487,68kgxuk3dkg7p955ifkisgc9g,2026-10-02
Limonest,Limonest,FC Limonest Saint-Didier,61.3956588363,3488,4puti0g0aurz6lctqhbonl2c4,2026-10-02
Amatitlán,Amatitlán,Deportivo Amatitlán,61.3938117908,3489,9krteg77umv3opxgpwp51d6ac,2026-10-02
Fountain Gate,Fountain Gate,Singida Fountain Gate FC,61.3873670612,3490,c5wdltkcr7ti6feuv6ej6kavo,2026-10-02
Hostert,Hostert,US Hostert,61.3847940482,3491,uza4dpaosr9j4jztif162p78,2026-10-02
Atlético Albericia,Albericia,SD Atlético Albericia,61.3847940482,3492,1h4ygpz4oamwj3kksmzc15ams,2026-10-02
La Almunia,La Almunia,CD La Almunia,61.3802156756,3493,1h4ygpz4oamwj3kksmzc15ams,2026-10-02
Consultants Moravia,Consultants,Fútbol Consultants Moravia,61.3793723377,3494,7yzd2ff4zj9i1m1mowvd9uot0,2026-10-02
Fanja,Fanja,Fanja SC,61.3726775578,3495,cbdqxkajw3jvb9nqzpbraim1g,2026-10-02
Schaffhausen,Schaffhausen,FC Schaffhausen,61.3703545294,3496,csiypz33i7wj1ttlalk11wb9w,2026-10-02
Aubervilliers,Aubervilliers,FC Municipal d'Aubervilliers,61.3619725165,3497,bzf5qx9yamvvlrgfqfs6ozl78,2026-10-02
Tenerife III,Tenerife,CD Tenerife III,61.3619020793,3498,1h4ygpz4oamwj3kksmzc15ams,2026-10-02
DPMM,DPMM,Brunei Duli Pengiran Muda Mahkota FC,61.3593980341,3499,6siod2n1m854sihsqbyknyl1w,2026-10-02
Eltersdorf,Eltersdorf,Sport-Club 1926 Eltersdorf,61.3541539684,3500,cp9ieu0l4mgyazd7866sx8pw4,2026-10-02
Central Argentino LB,Central Arg LB,CA Central Argentino La Banda,61.35250573,3501,bt89iqwmniyxhz06vrzhc3das,2026-10-02
Adama Kenema,Adama Kenema,Adama City FC,61.3495048558,3502,yfk6117shr401b5om4u5nehg,2026-10-02
Le Poiré sur Vie,VPSVF,Vendée Poiré sur Vie Football,61.3463529989,3503,4puti0g0aurz6lctqhbonl2c4,2026-10-02
Olympic Cochabamba,Olympic,Club Olympic Cochabamba,61.3463424332,3504,2yzo0vofqnirl3yjd7fdzavpw,2026-10-02
Prato,Prato,AC Prato,61.3365445128,3505,cvnhrujf5s3lefro06hwoncb8,2026-10-02
PAOK II,PAOK II,PAOK Thessaloniki FC II,61.3348363873,3506,2ucolfpd3bp9magtvueu1udw,2026-10-02
Al-Afreky,Al-Afreky,Al-Afreky SC,61.3308410992,3507,68kgxuk3dkg7p955ifkisgc9g,2026-10-02
Orapa United,Orapa Utd,Orapa United FC,61.3297454675,3508,e2i85rbbrmh0zcyvozwl9qk9g,2026-10-02
GPA,GPA,Gambia Ports Authority FC,61.327495277,3509,64nsmt5p5xncpk6dxcipjou8k,2026-10-02
Thành Phố Đồng Nai,TP Đồng Nai,Thành Phố Đồng Nai,61.3266444081,3510,cld1l7cgrsr3bij22f2ytqiok,2026-10-02
Barry Town United,Barry Town,Barry Town United FC,61.3238656078,3511,5a72rnkyvdjffzei7qqokyot0,2026-10-02
Hoogstraten,Hoogstraten,Hoogstraten VV,61.2981553569,3512,6t5gnnzhfwzumtn1olpzzhlhw,2026-10-02
Reilac Shiga,Reilac Shiga,Reilac Shiga FC,61.2981166152,3513,d7a4tg9b5xoanhbupsxsbi238,2026-10-02
PWD,PWD,PWD de Bamenda,61.2903363253,3514,cqmw3la51kme1j36rsfej2p04,2026-10-02
Bắc Ninh,Bắc Ninh,Bắc Ninh FC,61.2893116578,3515,cld1l7cgrsr3bij22f2ytqiok,2026-10-02
Bylis,Bylis,FK Bylis,61.2882938022,3516,ixep4ur6emnedzdu16lpw9p0,2026-10-02
Panthers,Panthers,HBA Police Panthers,61.2862200438,3517,6ai1o32comsvohaqi346lvx1w,2026-10-02
Giravanz Kitakyushu,Giravanz,Giravanz Kitakyushu,61.2836764645,3518,d7a4tg9b5xoanhbupsxsbi238,2026-10-02
Sporting Baie-Mahault,Sporting BM,Sporting Club Baie-Mahault,61.2740691175,3519,5yj7rokg3llyzxbr4gglmdbmc,2026-10-02
Manzini Sea Birds,Sea Birds,Manzini Sea Birds FC,61.2706154058,3520,8pf5znjqxa3ghoff6kevxy42c,2026-10-02
Mortágua,Mortágua,Mortágua FC,61.2632874968,3521,f0zodm68vgjezko34dv1zdyc4,2026-10-02
Chaves II,Chaves II,GD Chaves II,61.2615264774,3522,f0zodm68vgjezko34dv1zdyc4,2026-10-02
Río San Juan Humi,San Juan Humi,Club Deportivo Río San Juan Humi,61.2604064683,3523,2yzo0vofqnirl3yjd7fdzavpw,2026-10-02
Kaiserslautern II,Kaiserslautern,1. FC Kaiserslautern II,61.2573000246,3524,cp9ieu0l4mgyazd7866sx8pw4,2026-10-02
Welwalo Adigrat Uni,Adigrat Uni,Welwalo Adigrat University,61.2568771473,3525,yfk6117shr401b5om4u5nehg,2026-10-02
Karvan,Karvan,Karvan İK,61.2544823844,3526,4pfckmvf2xp5c2nu2nq0ynwgk,2026-10-02
Djeffa,Djeffa,Djeffa FC,61.2494831485,3527,t5yilsv0ffm6kb8mz07ywiz8,2026-10-02
Rangers Kinshasa,Rangers,Académic Club Rangers Kinshasa,61.2494831468,3528,ehmma83pqd17k7x6if20hmrkk,2026-10-02
AFF Guatemala,AFF,Academia de Fútbol Guatemala,61.2490603171,3529,9krteg77umv3opxgpwp51d6ac,2026-10-02
AC Carpi,AC Carpi,AC Carpi,61.2481426792,3530,5sw6ud25poqqgzszu5yk6p0r8,2026-10-02
Leotar,Leotar,FK Leotar Trebinje,61.2477904728,3531,1kkhhxd0jcelyo7vaq5llsil0,2026-10-02
Auckland City,Auckland,Auckland City FC,61.243359006,3532,5covk71othb712xpvk7qwlul0,2026-10-02
Cayon,Cayon,Cayon Rockets FC,61.2427229098,3533,46z6xc333qod4qfckpehisphw,2026-10-02
PSM Makassar,PSM,PSM Makassar,61.2382421324,3534,2t0yn5r2hq16whtb16f4i7nro,2026-10-02
Villa Santa Brígida,Santa Brígida,UD Villa de Santa Brígida,61.2375764588,3535,1h4ygpz4oamwj3kksmzc15ams,2026-10-02
Mineros Potosí,Mineros,CD Mineros Potosí,61.235752019,3536,5p141s9a5ltpktvq9w76hgkr8,2026-10-02
Cork City,Cork,Cork City FC,61.2326455366,3537,6qydmkudbsvl4lvc0tl1vqsk4,2026-10-02
Besa Kavajë,Besa,KS Besa Kavajë,61.2322933274,3538,ixep4ur6emnedzdu16lpw9p0,2026-10-02
Tigres,Tigres,CD Tigres FC,61.2315255111,3539,4ui85ubhp5a9x1m5ludn222ac,2026-10-02
HHC,HHC,Hardenberg Heemse Combinatie,61.23088449,3540,asox70lt42oe70oat4mcayaz8,2026-10-02
Pacific,Pacific,Pacific FC,61.2275756196,3541,bmqmrylzzfggzr15yas9dev4k,2026-10-02
Bombada,Bombada,Bombada FC,61.2190170803,3542,64nsmt5p5xncpk6dxcipjou8k,2026-10-02
UDELAS,UDELAS,UDELAS FC,61.2078517572,3543,5vfsgxr7re4yxafib5pgasopg,2026-10-02
Lorient II,Lorient II,FC Lorient II,61.2065290544,3544,4puti0g0aurz6lctqhbonl2c4,2026-10-02
Liga de Cuenca,Liga Cuenca,Liga Deportiva de Cuenca,61.2038768825,3545,6f3mt0vs7zxlbfevjpbqur4lw,2026-10-02
Murang'a SEAL,Murang'a SEAL,Murang'a Sports Excellence Academy,61.192422609,3546,6of7eu9uyvb2ljqldumlr92xg,2026-10-02
Tefana,Tefana,AS Tefana,61.1838350814,3547,9phbd490eakui5xnhsh6u70us,2026-10-02
Lugo II,Lugo II,Polvorín FC (CD Lugo II),61.1822789841,3548,a2oiskox6m1za45txwdorj40k,2026-10-02
Oedt,Oedt,ASKÖ Oedt,61.1773479239,3549,90igsi0lyp3qkpm99nvmjcpas,2026-10-02
Club Péléen,Péléen,AS Club Péléen,61.1752740491,3550,8oya8610sjuxts1g4yxvd1nh0,2026-10-02
Ontinyent 1931,Ontinyent 1931,Ontinyent 1931 CF,61.1710079713,3551,1h4ygpz4oamwj3kksmzc15ams,2026-10-02
LPRC Oilers,Oilers,LPRC Oilers FC,61.1700590622,3552,6x5fs0vog8z4mtp0f4ankjfo4,2026-10-02
AC Port of Spain,Ath­let­ic,Athletic Club Port of Spain,61.1652334539,3553,7vg2l80h7ceoyxoj3jy1igro4,2026-10-02
Soliman,Soliman,AS Soliman,61.1579051067,3554,1nu1lj0jx1nlr2x642usuevpw,2026-10-02
Marchfeld Donauauen,Marchfeld,FC Marchfeld Donauauen,61.152340215,3555,8h4bz8mec7n5utisq4xhw6lg4,2026-10-02
Flamurtari,Flamurtari,Flamurtari FC,61.1438868334,3556,ixep4ur6emnedzdu16lpw9p0,2026-10-02
César Vallejo II,UCV II,CD Universidad César Vallejo II,61.1424497549,3557,a9cov1ehhclrmqc4wgh59p2j8,2026-10-02
Atlético Ávila,Ávila,Atlético Ávila FC,61.1394206155,3558,5l0o7aj8bf50pay409j5x0j6c,2026-10-02
Beira-Mar,Beira-Mar,SC Beira-Mar,61.1378989995,3559,f0zodm68vgjezko34dv1zdyc4,2026-10-02
Tyumen,Tyumen,FK Tyumen,61.1319111474,3560,au1o7s1tazgfz249l77vlak9g,2026-10-02
Union Clodiense,Clodiense,Union Clodiense Chioggia FC,61.130150011,3561,cvnhrujf5s3lefro06hwoncb8,2026-10-02
Mtibwa Sugar,Mtibwa Sugar,Mtibwa Sugar FC,61.1292010822,3562,e6nshvsw9syd2ukhn2pq496ok,2026-10-02
Foolad II,Foolad II,Foolad Khuzestan FC II (Foolad Novin Khuzestan FC),61.126485453,3563,4kjg0qklfya45mq3pjthw09w4,2026-10-02
Amkar Perm,Amkar,FK Amkar Perm,61.1224009921,3564,au1o7s1tazgfz249l77vlak9g,2026-10-02
Luzino,Luzino,Wikęd Luzino,61.1171175526,3565,9xyu4j66xlkjhki4hrt3624no,2026-10-02
Alcochetense,Alcochetense,GD Alcochetense,61.116060863,3566,f0zodm68vgjezko34dv1zdyc4,2026-10-02
Brikama United,Brikama,Brikama United FC,61.1105329305,3567,64nsmt5p5xncpk6dxcipjou8k,2026-10-02
Rochefort,Rochefort,Royale Union Rochefortoise,61.1097207136,3568,6t5gnnzhfwzumtn1olpzzhlhw,2026-10-02
Holstein Kiel II,Holstein II,Kieler SV Holstein 1900 II,61.1090162513,3569,949cwx081ssmm4uuutgo1stn8,2026-10-02
Punjab,Punjab,Punjab FC,61.103590494,3570,d70h9cciplfhf01fn96gpcw0k,2026-10-02
CAI Rivadavia,CAI,Comisión de Actividades Infantiles de Comodoro Rivadavia,61.0999709331,3571,bt89iqwmniyxhz06vrzhc3das,2026-10-02
Jamshedpur,Jamshedpur,Jamshedpur FC,61.0990114703,3572,d70h9cciplfhf01fn96gpcw0k,2026-10-02
Lund,Lund,Lunds BK,61.092813549,3573,6y4xajtea36x0n0xrjr4vy3o4,2026-10-02
Granada II,Granada II,Club Recreativo Granada,61.0914046121,3574,1h4ygpz4oamwj3kksmzc15ams,2026-10-02
Jezero,Jezero,FK Jezero Plav,61.0899956741,3575,bp0tbsm945cofzlkbdgmd7dp0,2026-10-02
Napredak,Napredak,FK Napredak Kruševac,61.0850643834,3576,38qhp7f77q817kvnksk95ucyc,2026-10-02
Al Tai,Tai,Al Tai FC,61.0817519778,3577,3lxygsgllro9oeey1m5ndpct0,2026-10-02
BST Galaxy,BST Galaxy,BST Galaxy FC,61.075661759,3578,64nsmt5p5xncpk6dxcipjou8k,2026-10-02
Al-Tersana,Tersana,Al-Tersana,61.0751334014,3579,68kgxuk3dkg7p955ifkisgc9g,2026-10-02
UPDF,UPDF,Uganda People's Defence Force FC,61.0723155013,3580,d43v3lpfbbegmsubl20bdpct0,2026-10-02
Académica Porto Novo,Porto Novo,Associação Académica do Porto Novo,61.0712587877,3581,378ubqtunv9zk2so0s1rz4s2c,2026-10-02
Jura Dolois,Jura Dolois,Jura Dolois Foot,61.0692841703,3582,bzf5qx9yamvvlrgfqfs6ozl78,2026-10-02
Etoile de Kivu,Etoile de Kivu,Etoile de Kivu FC,61.0687931205,3583,ehmma83pqd17k7x6if20hmrkk,2026-10-02
Hapoel Nof HaGalil,Hapoel Nof HG,Hapoel Nof HaGalil FC,61.0678047689,3584,vb6kze8rzj979awz12g26vbo,2026-10-02
Thanh Hóa,Thanh Hóa,Đông Á Thanh Hóa FC,61.067413784,3585,cld1l7cgrsr3bij22f2ytqiok,2026-10-02
Dessel Sport,Dessel,KFC Dessel Sport,61.0656913363,3586,6t5gnnzhfwzumtn1olpzzhlhw,2026-10-02
Slingerz,Slingerz,Slingerz FC,61.0620322648,3587,5t6990t0c1erkodv9ovnltclw,2026-10-02
Niroye Zamini,Niroye,Niroye Zamini,61.0620266586,3588,4kjg0qklfya45mq3pjthw09w4,2026-10-02
Victory Club Warriors,VC Warriors,Victory Club Warriors FC,61.0575191441,3589,aj4bxdgocyi3ngimzhnz3cbv8,2026-10-02
Athletic Club Boise,Boise,Athletic Club Boise,61.0574508292,3590,aaqxopxxof8k6ao4qagu5yzo4,2026-10-02
Pro Vercelli,Pro Vercelli,FC Pro Vercelli Calcio,61.0480793101,3591,5sw6ud25poqqgzszu5yk6p0r8,2026-10-02
Pohronie,Pohronie,FK Pohronie Žiar nad Hronom Dolná Ždaňa,61.0399777251,3592,47gcoqnouhyfwprkioq13ex3o,2026-10-02
ESMTK,ESMTK,Erzsébeti Spartacus Munkás Testgyakorlók Köre Labdarúgó,61.0382165066,3593,2bunj0abqj9sw0w43ykismb6c,2026-10-02
Mounana,Mounana,CF Mounana,61.0340973348,3594,91hx1tapplzhsaiav9r0gdq8k,2026-10-02
Arsenal Tivat,Arsenal,FK Arsenal Tivat,61.0311716168,3595,bp0tbsm945cofzlkbdgmd7dp0,2026-10-02
Halkanoras,Halkanoras,Halkanoras FC Idaliou,61.0234222089,3596,8ejoxvm5ho0ybtj08tnwxm8lw,2026-10-02
Alaniya Vladikavkaz,Alaniya,FK Alaniya Vladikavkaz,61.0220132224,3597,au1o7s1tazgfz249l77vlak9g,2026-10-02
Paloma,Paloma,Uhlenhorster SC Paloma,61.0213087287,3598,949cwx081ssmm4uuutgo1stn8,2026-10-02
Sinnamary,Sinnamary,US Sinnamary,61.0208198019,3599,8ptl1wrxicnblij9u19k2p4pg,2026-10-02
Bitam,Bitam,US Bitam,61.0203597476,3600,91hx1tapplzhsaiav9r0gdq8k,2026-10-02
Épinal,Épinal,SA Épinal,61.0117452026,3601,4puti0g0aurz6lctqhbonl2c4,2026-10-02
České Budějovice,Č. Budějovice,SK Dynamo České Budějovice,61.0075710523,3602,1b9w528q6lpjmxp9k0sfxvtw4,2026-10-02
Machico,Machico,AD Machico,61.0054575552,3603,f0zodm68vgjezko34dv1zdyc4,2026-10-02
Celoricense,Celoricense,Clube Desportivo Celoricense,61.0047530556,3604,f0zodm68vgjezko34dv1zdyc4,2026-10-02
Vitré,Vitré,AS Vitré,60.997073994,3605,bzf5qx9yamvvlrgfqfs6ozl78,2026-10-02
Mercadal,Mercadal,CE Mercadal,60.9962990412,3606,1h4ygpz4oamwj3kksmzc15ams,2026-10-02
Mbabane Swallows,Swallows,Mbabane Swallows FC,60.9958784252,3607,8pf5znjqxa3ghoff6kevxy42c,2026-10-02
University of Pretoria,Tuks,University of Pretoria FC,60.9944671017,3608,4nwd2e9auc7j57110c5f3fehg,2026-10-02
Hertha BSC II,Hertha II,Hertha BSC II,60.9910152637,3609,cp9ieu0l4mgyazd7866sx8pw4,2026-10-02
TAFIC,TAFIC,TAFIC FC,60.9518074381,3610,e2i85rbbrmh0zcyvozwl9qk9g,2026-10-02
Villarrubia,Villarrubia,Viña Xétar Villarrubia CF,60.9515626104,3611,1h4ygpz4oamwj3kksmzc15ams,2026-10-02
Brito,Brito,Brito SC,60.9455741921,3612,f0zodm68vgjezko34dv1zdyc4,2026-10-02
Hope,Hope,Hope FC,60.9419809009,3613,4nwd2e9auc7j57110c5f3fehg,2026-10-02
Benfica Castelo Branco,Benfica CB,Sport Benfica e Castelo Branco,60.9364153995,3614,f0zodm68vgjezko34dv1zdyc4,2026-10-02
San Lorenzo Alem,San Lorenzo Al,Club Atlético San Lorenzo de Alem,60.9344145499,3615,bt89iqwmniyxhz06vrzhc3das,2026-10-02
SCM Râmnicu Vâlcea,Râmnicu Vâlcea,SCM Râmnicu Vâlcea,60.9328927756,3616,2iz4hkjsj1fadp09drcb6hhqs,2026-10-02
La Virgen del Camino,Virgen Camino,CD La Virgen del Camino,60.9293701453,3617,1h4ygpz4oamwj3kksmzc15ams,2026-10-02
Sambenedettese,Sambenedettese,US Sambenedettese,60.928313355,3618,5sw6ud25poqqgzszu5yk6p0r8,2026-10-02
Umm Mughad,Umm Mughad,Umm Mughad SC,60.9271858799,3619,815s3vrb2yqcmcbnptxrl6yok,2026-10-02
Huarte,Huarte,CD Itaroa Huarte,60.9237339238,3620,1h4ygpz4oamwj3kksmzc15ams,2026-10-02
Cetatea 1932 Suceava,Cetatea,ACSM Cetatea 1932 Suceava,60.9237339238,3621,2iz4hkjsj1fadp09drcb6hhqs,2026-10-02
Shahrdari Noshahr,Sh. Noshahr,Shahrdari Noshahr FC,60.9225348354,3622,9nix59zs26nwsfr23nq2yf2tw,2026-10-02
Bulle,Bulle,FC Bulle,60.9223248659,3623,csiypz33i7wj1ttlalk11wb9w,2026-10-02
HSV Hoek,Hoek,Hoekse Sportvereniging Hoek,60.9163363586,3624,asox70lt42oe70oat4mcayaz8,2026-10-02
Florgrade,Florgrade,Florgrade Futebol Clube,60.9159840929,3625,f0zodm68vgjezko34dv1zdyc4,2026-10-02
Chayka,Chayka,FK Chayka Peschanokopskoye,60.9138704974,3626,ewtzgv48te3m77r86sxunl3x0,2026-10-02
Sevastopol,Sevastopol,FK Sevastopol,60.9124614324,3627,9n14y5qaq232miwra7908raj8,2026-10-02
Al Khor,Khor,Al Khor SC,60.9123191365,3628,e9xwqeh6pqwy3pva03skx9f6c,2026-10-02
Vitória Riboque,Vitória,Vitória FC do Riboque,60.9116885303,3629,ewvv0b6kirzyt9yhu07yxksgk,2026-10-02
Real Tamale United,RTU,Real Tamale United,60.9106294149,3630,aj4bxdgocyi3ngimzhnz3cbv8,2026-10-02
Social Pariacoto,Pariacoto,CD Centro Social Pariacoto,60.9085583172,3631,a9cov1ehhclrmqc4wgh59p2j8,2026-10-02
Kasserine,ASK,Avenir Sportif de Kasserine,60.9046408719,3632,esqacmk0w93cocl5anz1mk650,2026-10-02
Shan United,Shan,Shan United FC,60.9041467215,3633,9z1alus7ccfyiq108ybm8ycyc,2026-10-02
Real San Joaquín,R. San Joaquín,CD Real Juventud San Joaquín,60.9041197471,3634,1wi9d67mmituunqd3csuv0fmc,2026-10-02
La Calzada,La Calzada,CD FC La Calzada,60.8962571127,3635,1h4ygpz4oamwj3kksmzc15ams,2026-10-02
Oleksandria,Oleksandria,FC Oleksandria,60.8927344169,3636,rr1w3xsanxl5hnby016mnx90,2026-10-02
Leicesterford City,Leicesterford,Leicesterford City FC,60.8912546512,3637,4nwd2e9auc7j57110c5f3fehg,2026-10-02
Mines United,Mines,Mines United,60.8893194799,3638,7hoa4ene4msnhin9rmaiu35sk,2026-10-02
Cham,Cham,SC Cham,60.8867458194,3639,csiypz33i7wj1ttlalk11wb9w,2026-10-02
Kahramanmaraş İstiklal,Kahramanmaraş,Kahramanmaraş İstiklal SK,60.8867458194,3640,9iurl7j8nsnscnb6u5uaicj6c,2026-10-02
Vihren Sandanski,Vihren,OFK Vihren Sandanski,60.8820782234,3641,ag6pp2ex0ka63z1nnnfqrhhjo,2026-10-02
Galapagar,Galapagar,CD Galapagar,60.8782912978,3642,1h4ygpz4oamwj3kksmzc15ams,2026-10-02
Gomora United,Gomora,Gomora United FC,60.8764592484,3643,4nwd2e9auc7j57110c5f3fehg,2026-10-02
Tormenta,Tormenta,South Georgia Tormenta FC,60.8756863814,3644,4b8z3pen6fglo1t1ultg1gmc4,2026-10-02
Chingale de Tete,Chingale,Chingale de Tete,60.8754047453,3645,12paa0nrmm7b6c9bt3b9rsx78,2026-10-02
Camacha,Camacha,AD Camacha,60.8747685697,3646,f0zodm68vgjezko34dv1zdyc4,2026-10-02
Blumenthaler SV,Blumenthal,Blumenthaler SV,60.8649048975,3647,949cwx081ssmm4uuutgo1stn8,2026-10-02
Altrincham,Altrincham,Altrincham FC,60.8634781837,3648,7jeqt00dn1903yv3hr8r63g2c,2026-10-02
Darnes,Darnes,Darnes,60.8634274265,3649,68kgxuk3dkg7p955ifkisgc9g,2026-10-02
Le Messager Ngozi,Messager,Académie de Football Le Messager FC,60.8555012212,3650,emlzehq1t5dd17y2jnjdwn4k,2026-10-02
Castellana,Castellana,La Castellana Fútbol Club,60.84951747,3651,6f3mt0vs7zxlbfevjpbqur4lw,2026-10-02
Heaven Eleven,Heaven Eleven,Heaven Eleven FC,60.846694287,3652,6x5fs0vog8z4mtp0f4ankjfo4,2026-10-02
Real Betis III,Betis III,Real Betis Balompié III,60.8462342395,3653,1h4ygpz4oamwj3kksmzc15ams,2026-10-02
Al Sulaibikhat,Sulaibikhat,Al Sulaibikhat SC,60.8453873822,3654,evaw3m63xloe8o87vqybzjsic,2026-10-02
Kairouan,Kairouan,JS Kairouanaise,60.8433453242,3655,1nu1lj0jx1nlr2x642usuevpw,2026-10-02
Olympic Star,Olympic Star,Olympic Star,60.8318985486,3656,emlzehq1t5dd17y2jnjdwn4k,2026-10-02
Umayya,Umayya,Umayya,60.8230198942,3657,epf0rlgn33w37t43qiocvx4wk,2026-10-02
Persijap,Persijap,Perserikatan Sepak Bola Indonesia Jepara,60.8187175933,3658,2t0yn5r2hq16whtb16f4i7nro,2026-10-02
Maxaquene,Maxaquene,CD Maxaquene,60.8169265552,3659,12paa0nrmm7b6c9bt3b9rsx78,2026-10-02
Nuova Ternana,Ternana,Nuova Ternana 1925,60.8162903607,3660,cvnhrujf5s3lefro06hwoncb8,2026-10-02
Hapoel Acre,H Acre,Hapoel Acre FC,60.8103015301,3661,1mqfttramp7l8dfkpwk7w6wic,2026-10-02
Austin II,Austin II,Austin FC II,60.8076965236,3662,93yvwhz6r37ar71e3pc8ep2c4,2026-10-02
Bistrica,Bistrica,NK Kety Emmi Bistrica,60.8074832506,3663,sb5fgqugrkxqc8jsc698x5hw,2026-10-02
1º Dezembro,1º Dezembro,Sociedade União 1º de Dezembro,60.8057218238,3664,f0zodm68vgjezko34dv1zdyc4,2026-10-02
Kraké,Kraké,USS Kraké FC,60.801778308,3665,t5yilsv0ffm6kb8mz07ywiz8,2026-10-02
Mathare United,Mathare Utd,Mathare United FC,60.8017759906,3666,6of7eu9uyvb2ljqldumlr92xg,2026-10-02
Villa San Carlos,Villa SC,CA Villa San Carlos,60.793856812,3667,epr9s9zih7yd5dygat10o64us,2026-10-02
La Amistad Cipolletti,La Amistad,Asociación Deportiva La Amistad de Cipolletti,60.7882202016,3668,bt89iqwmniyxhz06vrzhc3das,2026-10-02
Hodonín,Hodonín,FK Hodonín,60.785993736,3669,1b9w528q6lpjmxp9k0sfxvtw4,2026-10-02
Montlouis,Montlouis,AS Montlouis Football,60.7806565496,3670,4puti0g0aurz6lctqhbonl2c4,2026-10-02
Legnago Salus,Legnago,AC Legnago Salus,60.7768341993,3671,cvnhrujf5s3lefro06hwoncb8,2026-10-02
APEA,APEA,APEA Akrotiríou,60.7747204539,3672,8ejoxvm5ho0ybtj08tnwxm8lw,2026-10-02
Mazarrón FC,Mazarrón,Mazarrón FC,60.7736635804,3673,1h4ygpz4oamwj3kksmzc15ams,2026-10-02
Cliftonville,Cliftonville,Cliftonville FC,60.7683792043,3674,8ahwg697cwemg7ctdnexwqivo,2026-10-02
Bo Rangers,Bo Rangers,Bo Rangers FC,60.7679585377,3675,75th1zjyt7qwkl462sjdx3ims,2026-10-02
Birzebbuga,Birzebbuga,Birzebbuga St. Peter's FC,60.7659131572,3676,3jedmdrdnamejeki9uh7jrs44,2026-10-02
SWA Sharks,Sharks,SWA Sharks FC,60.7638388488,3677,9ia2wmzw59xkae8tdpphoxogk,2026-10-02
Santanyí,Santanyí,CD Santanyí,60.7627425207,3678,1h4ygpz4oamwj3kksmzc15ams,2026-10-02
Sporting Delhi,SC Delhi,Sporting Club Delhi,60.7615433339,3679,d70h9cciplfhf01fn96gpcw0k,2026-10-02
Shabab Al Sahel,Al Sahel,Shabab Al-Sahel,60.755556652,3680,9lv9rln2qwsqme0g8t366uiac,2026-10-02
Halifax Town,Halifax,FC Halifax Town,60.7532129657,3681,7jeqt00dn1903yv3hr8r63g2c,2026-10-02
Saint-Priest,Saint-Priest,AS Saint-Priest,60.7531777362,3682,4puti0g0aurz6lctqhbonl2c4,2026-10-02
Torrejón,Torrejón,AD Torrejón CF,60.7475938533,3683,1h4ygpz4oamwj3kksmzc15ams,2026-10-02
Fratria,Fratria,FK Fratria,60.7468011873,3684,ag6pp2ex0ka63z1nnnfqrhhjo,2026-10-02
Abu Salim,Abu Salim,Abu Salim SC,60.7425933286,3685,68kgxuk3dkg7p955ifkisgc9g,2026-10-02
EM Huanuni,Huanuni,Club Empresa Minera Huanuni,60.7390753187,3686,4l6wefmt6nyxdk9kh2zggx3sa,2026-10-02
Aguilas,Aguilas,Aguilas UMak FC,60.7339939752,3687,c50ksp1w60e030qpuec4280es,2026-10-02
Fraga,Fraga,UD Fraga,60.733854263,3688,1h4ygpz4oamwj3kksmzc15ams,2026-10-02
UDA,UDA,Club Social Unión Deportivo Ascensión,60.7334737807,3689,a9cov1ehhclrmqc4wgh59p2j8,2026-10-02
Racing Olavarría,Rac Olavarría,Racing Athletic Club de Olavarría,60.7255118187,3690,bt89iqwmniyxhz06vrzhc3das,2026-10-02
Martina,Martina,ASD Martina Calcio 1947,60.7222283806,3691,cvnhrujf5s3lefro06hwoncb8,2026-10-02
Dock Sud,Dock Sud,CS Dock Sud,60.7198750118,3692,epr9s9zih7yd5dygat10o64us,2026-10-02
Brühl,Brühl,SC Brühl St. Gallen,60.7197622755,3693,csiypz33i7wj1ttlalk11wb9w,2026-10-02
Al Wahda San'a,Wahda San'a,Al Wahda San'a,60.7164515717,3694,6spnboa211s9rgq47ldx6qej8,2026-10-02
Shahin Bandar Ameri,Shahin,Shahin Bandar Ameri FC,60.7160969527,3695,4kjg0qklfya45mq3pjthw09w4,2026-10-02
1599 Şelimbăr,1599 Şelimbăr,CSC 1599 Şelimbăr,60.7137731501,3696,2iz4hkjsj1fadp09drcb6hhqs,2026-10-02
Al Waab,Al Waab,Al Waab FC,60.7129262356,3697,e9xwqeh6pqwy3pva03skx9f6c,2026-10-02
Etincelles,Etincelles,Etincelles FC,60.7082440863,3698,193l1zv2eyi82heh2jblkwqhg,2026-10-02
General Paz Juniors,Paz Juniors,Club Atlético General Paz Juniors,60.7075444403,3699,bt89iqwmniyxhz06vrzhc3das,2026-10-02
El Farolito,El Farolito,El Farolito SC,60.7044742564,3700,9vt0x6w5j04ksnu2iuzbc6b6c,2026-10-02
Naft Gachsaran,Gachsaran,Naft Gachsaran FC,60.7041186612,3701,4kjg0qklfya45mq3pjthw09w4,2026-10-02
Deportivo Laferrere,Laferrere,CSyC Deportivo Laferrere,60.7040214056,3702,epr9s9zih7yd5dygat10o64us,2026-10-02
Garudayaksa,Garudayaksa,Garudayaksa FC,60.703869915,3703,2t0yn5r2hq16whtb16f4i7nro,2026-10-02
Digenis Morphou,Akritas,Digenis Akritas Morphou FC,60.7000333227,3704,8ejoxvm5ho0ybtj08tnwxm8lw,2026-10-02
Inter Sainte-Anne,Inter,Inter de Sainte-Anne,60.6979589446,3705,8oya8610sjuxts1g4yxvd1nh0,2026-10-02
Sporting SM II,Sporting SM II,AF Sporting San Miguelito II,60.6970758646,3706,5vfsgxr7re4yxafib5pgasopg,2026-10-02
Spartakos Kitiou,Spartakos,AS Spartakos Kitiou,60.6968625796,3707,8ejoxvm5ho0ybtj08tnwxm8lw,2026-10-02
Kaposvári Rákóczi,Kaposvári,Kaposvári Rákóczi FC,60.6915779964,3708,2bunj0abqj9sw0w43ykismb6c,2026-10-02
Agoncillo,Agoncillo,CD Agoncillo,60.690521078,3709,1h4ygpz4oamwj3kksmzc15ams,2026-10-02
Atlántico,Atlántico,Atlántico FC,60.6891513011,3710,cokma0jt05z41cexn5ea0mxg,2026-10-02
Alpendorada,Alpendorada,Futebol Clube de Alpendorada,60.6838272485,3711,f0zodm68vgjezko34dv1zdyc4,2026-10-02
Ciudad Canela,Canela,CD Ciudad Canela,60.6825307567,3712,6f3mt0vs7zxlbfevjpbqur4lw,2026-10-02
Foggia,Foggia,Foggia Calcio 1920,60.6820657106,3713,5sw6ud25poqqgzszu5yk6p0r8,2026-10-02
IB Khémis El Khechna,Khémis Khechna,IB Khémis El Khechna,60.6812904018,3714,flxkeved0q9tmclqafcpql1w,2026-10-02
Lyon La Duchere,Lyon Duchere,Lyon La Duchere,60.6774328584,3715,4puti0g0aurz6lctqhbonl2c4,2026-10-02
Deportivo Lute,Dep Lute,Deportivo Lute,60.6756959764,3716,a9cov1ehhclrmqc4wgh59p2j8,2026-10-02
Nations,Nations,Nations FC,60.6756534677,3717,68v3i3kx3e71qpfh48xnofac4,2026-10-02
Jerez,Jerez,Jerez CF,60.6753718522,3718,1h4ygpz4oamwj3kksmzc15ams,2026-10-02
Redonda,Redonda,Redonda FC,60.6728373104,3719,7tyqslotzxi8ytlvxmjv1zyfo,2026-10-02
Majantja,Majantja,Majantja FC,60.6633249354,3720,54lbd9u8pepyir3vgily337ys,2026-10-02
ETSV Hamburg,ETSV Hamburg,ETSV Hamburg von 1924 e.V.,60.6595178857,3721,949cwx081ssmm4uuutgo1stn8,2026-10-02
JSP,JSP,Jeunesse Sportive de Pobè FC,60.6555740756,3722,6kxxzenowii3ylw6oaiswv0us,2026-10-02
ASIL Lysi,ASIL,Asil FC Lyssi,60.6524716371,3723,8ejoxvm5ho0ybtj08tnwxm8lw,2026-10-02
CSKA Sofia II,CSKA II,PFK CSKA Sofia II,60.6488604249,3724,ag6pp2ex0ka63z1nnnfqrhhjo,2026-10-02
Guyana Defence Force,GDF,Guyana Defence Force,60.6417655086,3725,5t6990t0c1erkodv9ovnltclw,2026-10-02
Jableh,Jableh,Jableh SC,60.6391198546,3726,epf0rlgn33w37t43qiocvx4wk,2026-10-02
Sfax Railways,SRS,Sfax Railways Sport,60.6390130003,3727,esqacmk0w93cocl5anz1mk650,2026-10-02
Astoria Walldorf,Astoria,FC Astoria Walldorf,60.6387313794,3728,cp9ieu0l4mgyazd7866sx8pw4,2026-10-02
San Bartolomé,San Bartolomé,CF San Bartolomé,60.6373221168,3729,1h4ygpz4oamwj3kksmzc15ams,2026-10-02
APEJES Academy,APEJES,APEJES Football Academy,60.6266819194,3730,lo53szu99kmox2hdgoltho9g,2026-10-02
Lugazi,Lugazi,Lugazi FC,60.6178762728,3731,d43v3lpfbbegmsubl20bdpct0,2026-10-02
Rennes II,Rennes II,Stade Rennais FC II,60.6113210387,3732,bzf5qx9yamvvlrgfqfs6ozl78,2026-10-02
Tukums,Tukums,FK Tukums 2000,60.6087843296,3733,d1tk0recez2ejvsidutwviwwk,2026-10-02
Falcons,Falcons,Falcons FC,60.6074828279,3734,64nsmt5p5xncpk6dxcipjou8k,2026-10-02
Pro Sesto,Pro Sesto,AC Pro Sesto,60.6024425426,3735,cvnhrujf5s3lefro06hwoncb8,2026-10-02
Arandina,Arandina,Arandina CF,60.6017378983,3736,1h4ygpz4oamwj3kksmzc15ams,2026-10-02
Montañesa,Montañesa,CF Montañesa,60.5957484118,3737,1h4ygpz4oamwj3kksmzc15ams,2026-10-02
Ohrid Lihnidos,Ohrid,GFK Ohrid Lihnidos,60.5929298235,3738,23f13ffyouf0ta8fxwogo00k,2026-10-02
Monterey Bay,Monterey Bay,Monterey Bay FC,60.5892675547,3739,cbkjk31sv9wm38ljg3vxhtus4,2026-10-02
Colwyn Bay,Colwyn Bay,Colwyn Bay FC,60.5887019335,3740,5a72rnkyvdjffzei7qqokyot0,2026-10-02
Basel II,Basel II,FC Basel II,60.5851786848,3741,csiypz33i7wj1ttlalk11wb9w,2026-10-02
Deportivo Pucarani,Pucarani,Club Deportivo Pucarani,60.579478055,3742,2yzo0vofqnirl3yjd7fdzavpw,2026-10-02
Aral,Aral,PFK Aral Nukus,60.5765805418,3743,26s13oh06ryerg6163qnfmsr8,2026-10-02
Colomiers,Colomiers,US Colomiers Football,60.5760886739,3744,bzf5qx9yamvvlrgfqfs6ozl78,2026-10-02
Béchar Djedid,Béchar Djedid,US Béchar Djedid,60.5748905307,3745,flxkeved0q9tmclqafcpql1w,2026-10-02
Eintracht Norderstedt,Norderstedt,FC Eintracht Norderstedt,60.5647437173,3746,cp9ieu0l4mgyazd7866sx8pw4,2026-10-02
Hapoel Migdal HaEmek,H Migdal,Hapoel Migdal HaEmek FC,60.5541738226,3747,vb6kze8rzj979awz12g26vbo,2026-10-02
Thonon Évian,Thonon Évian,Thonon Évian Grand Genève FC,60.5535396271,3748,bzf5qx9yamvvlrgfqfs6ozl78,2026-10-02
Black Leopards,Leopards,Black Leopards FC,60.5467041643,3749,bs9n6kn2odqmtw1oqq0c6glck,2026-10-02
Ingenio El Alto,Ingenio,CD Ingenio Futbol El Alto,60.5431881181,3750,2yzo0vofqnirl3yjd7fdzavpw,2026-10-02
Al Saqer,Al Saqer,Al Saqer FC,60.5416998837,3751,3lxygsgllro9oeey1m5ndpct0,2026-10-02
Hatayspor,Hatay,Hatay SK,60.530567518,3752,9iurl7j8nsnscnb6u5uaicj6c,2026-10-02
Stade Gabésien,Stade Gabésien,Stade Gabésien,60.5304968194,3753,esqacmk0w93cocl5anz1mk650,2026-10-02
Ansbach,Ansbach,SpVgg Ansbach 09,60.530215183,3754,cp9ieu0l4mgyazd7866sx8pw4,2026-10-02
Lion Heart,Lion Heart,Lion Heart FC,60.5295499661,3755,6ai1o32comsvohaqi346lvx1w,2026-10-02
PSS,PSS,Persatuan Sepakbola Sleman,60.5277100788,3756,2t0yn5r2hq16whtb16f4i7nro,2026-10-02
Añaza,Añaza,AD Añaza,60.526339493,3757,1h4ygpz4oamwj3kksmzc15ams,2026-10-02
Scherpenheuvel,Scherpenheuvel,RSKV Scherpenheuvel,60.522327079,3758,119tdmfy4d0m5k0j3klu9515g,2026-10-02
St. Pauli II,St. Pauli II,FC Sankt Pauli von 1910 II,60.5182357529,3759,cp9ieu0l4mgyazd7866sx8pw4,2026-10-02
Victoria United,Victoria Utd,Victoria United FC,60.5132323258,3760,cqmw3la51kme1j36rsfej2p04,2026-10-02
Todesfelde,Todesfelde,SV Todesfelde 1928,60.5122460103,3761,cp9ieu0l4mgyazd7866sx8pw4,2026-10-02
Shimshon Tel Aviv,Shimshon TA,Shimshon Tel Aviv FC,60.5094273015,3762,vb6kze8rzj979awz12g26vbo,2026-10-02
Al Qadisiya,Al Qadisiya,Al Qadisiya,60.5083019013,3763,68kgxuk3dkg7p955ifkisgc9g,2026-10-02
Al Sha'ab Hadhramaut,Hadhramaut,Al Sha'ab Hadhramaut Mukalla,60.5043545436,3764,6spnboa211s9rgq47ldx6qej8,2026-10-02
Ryūkyū,Ryūkyū,FC Ryūkyū,60.500580053,3765,d7a4tg9b5xoanhbupsxsbi238,2026-10-02
Sparta Rotterdam II,Sparta II,Sparta Rotterdam II,60.4928673054,3766,asox70lt42oe70oat4mcayaz8,2026-10-02
San Martín Burzaco,SM Burzaco,CSyD San Martín de Burzaco,60.492275371,3767,epr9s9zih7yd5dygat10o64us,2026-10-02
Potters Tigers,Potters,Potters Tigers FC,60.4893833381,3768,eutz7cztklmm0kuh8bthrfxg4,2026-10-02
Morupule Wanderers,Morupule W.,Morupule Wanderers FC,60.4814848765,3769,e2i85rbbrmh0zcyvozwl9qk9g,2026-10-02
Schonnebeck,Schonnebeck,Spvg Schonnebeck 1910,60.4759548238,3770,949cwx081ssmm4uuutgo1stn8,2026-10-02
Racing de Casablanca,Racing AC,Racing Athletic Club Casablanca,60.4614379286,3771,e66497iax4m4oq94h8qc9nllg,2026-10-02
Arendal,Arendal,Arendal Fotball,60.4579851515,3772,eyebcttojdlxx2xxue3awhmvo,2026-10-02
Primorje,Primorje,ND Primorje,60.4548140157,3773,sb5fgqugrkxqc8jsc698x5hw,2026-10-02
Ayia Napa,Ayia Napa,AO Ayia Napa,60.4523475732,3774,8ejoxvm5ho0ybtj08tnwxm8lw,2026-10-02
Busan Transportation,Transportation,Busan Transportation Corporation FC,60.4516041163,3775,2e9i1nuxuoznknto2pks55vys,2026-10-02
Jose María Arguedas,JM Arguedas,CD Jose María Arguedas,60.4473864907,3776,a9cov1ehhclrmqc4wgh59p2j8,2026-10-02
Corazón de León AR,Corazón AR,Club Corazón de León - Alto Rendimiento,60.4445676882,3777,a9cov1ehhclrmqc4wgh59p2j8,2026-10-02
Iraklis Yerolakkou,Yerolakkou,Iraklis Yerolakkou FC,60.4417770698,3778,8ejoxvm5ho0ybtj08tnwxm8lw,2026-10-02
İnegölspor,İnegöl,İnegöl SK,60.4410723675,3779,9iurl7j8nsnscnb6u5uaicj6c,2026-10-02
San Ignacio,San Ignacio,CD San Ignacio,60.4410723675,3780,1h4ygpz4oamwj3kksmzc15ams,2026-10-02
Al Batnan,Al Batnan,Al Batnan SC,60.4334284161,3781,7dopabw0p0gkbg7i6eb0qh6ok,2026-10-02
Scunthorpe United,Scunthorpe,Scunthorpe United FC,60.4333030082,3782,7jeqt00dn1903yv3hr8r63g2c,2026-10-02
FBK Karlstad,FBK Karlstad,FBK Karlstad,60.4283876832,3783,6y4xajtea36x0n0xrjr4vy3o4,2026-10-02
Jönköpings Södra,Jönköpings S,Jönköpings Södra IF,60.420635891,3784,6y4xajtea36x0n0xrjr4vy3o4,2026-10-02
Barco,Barco,CD Barco,60.4160552721,3785,1h4ygpz4oamwj3kksmzc15ams,2026-10-02
Pozuelo Alarcón,Pozuelo,CF Pozuelo de Alarcón,60.4075987165,3786,1h4ygpz4oamwj3kksmzc15ams,2026-10-02
Thespa Gunma,Gunma,Thespa Gunma FC,60.4057981701,3787,d7a4tg9b5xoanhbupsxsbi238,2026-10-02
Metalac GM,Metalac GM,FK Metalac Gornji Milanovac,60.4040751408,3788,38qhp7f77q817kvnksk95ucyc,2026-10-02
Raya Ghazl,Kafr El-Dawar,Raya SC Ghazl Kafr El-Dawar,60.4032997217,3789,cqm44i69gxmooacafu49zpmok,2026-10-02
L'Aquila,L'Aquila,AS L'Aquila Calcio 1927,60.4005515588,3790,cvnhrujf5s3lefro06hwoncb8,2026-10-02
Aigle Royal de Moungo,Aigle Royal,Aigle Royal de Moungo FC,60.3997761383,3791,cqmw3la51kme1j36rsfej2p04,2026-10-02
Vestri,Vestri,IF Vestri,60.3996882802,3792,a5uti9g06jek0b3rv3zavb578,2026-10-02
Anaconda,Anaconda,Anaconda FC,60.3981978025,3793,6f3mt0vs7zxlbfevjpbqur4lw,2026-10-02
Aigle Royal,Aigle Royal,Aigle Royal de la Menoua (Dschang),60.396957267,3794,cqmw3la51kme1j36rsfej2p04,2026-10-02
Defensores Unidos,Def Unidos,CA Defensores Unidos,60.3918553311,3795,epr9s9zih7yd5dygat10o64us,2026-10-02
FC Siena,FC Siena,FC Siena SSD,60.3910378555,3796,cvnhrujf5s3lefro06hwoncb8,2026-10-02
Hilden,Hilden,VfB 03 Hilden,60.3861048058,3797,cp9ieu0l4mgyazd7866sx8pw4,2026-10-02
Crevillente,Crevillente,Crevillente Deportivo,60.3857524447,3798,1h4ygpz4oamwj3kksmzc15ams,2026-10-02
Camioneros Rio Grande,Camioneros RG,Club Atlético Social y Deportivo Camioneros de Rio Grande,60.3784656014,3799,bt89iqwmniyxhz06vrzhc3das,2026-10-02
Anadia,Anadia,Anadia FC,60.3734197637,3800,8uutnpd0veh6kk9a4hyt8ozkk,2026-10-02
Åtvidaberg,Åtvidaberg,Åtvidabergs FF,60.3698961262,3801,6y4xajtea36x0n0xrjr4vy3o4,2026-10-02
Yarmouk,Yarmouk,Al Yarmouk SC,60.3686966982,3802,76g4asjtuo0abv0lej1tevpqs,2026-10-02
Rayo Vallecano II,Rayo II,Rayo Vallecano II,60.3508683735,3803,1h4ygpz4oamwj3kksmzc15ams,2026-10-02
AFC,AFC,Amsterdamsche FC,60.3491065351,3804,asox70lt42oe70oat4mcayaz8,2026-10-02
Inter Nouakchott,Inter,FC Inter Nouakchott,60.3486834621,3805,dp0cjg7hm16o0ay8b1amdexhw,2026-10-02
Cardassar,Cardassar,CD Cardassar,60.346992327,3806,1h4ygpz4oamwj3kksmzc15ams,2026-10-02
Arba Minch Kenema,Arba Minch,Arba Minch City FC,60.3451597798,3807,yfk6117shr401b5om4u5nehg,2026-10-02
Lyra-Lierse Berlaar,Lyra-Lierse,K. Lyra-Lierse Berlaar,60.3431162728,3808,6t5gnnzhfwzumtn1olpzzhlhw,2026-10-02
ASAS,ASAS,AS Ali Sabieh Djibouti Télécom,60.3419907765,3809,7f868v9jwq97tjz4bmgfl3g9g,2026-10-02
Khan Sheikhoun,Khan Sheikhoun,Khan Sheikhoun FC,60.3417429618,3810,epf0rlgn33w37t43qiocvx4wk,2026-10-02
CIVO United,CIVO,Civil Service United,60.3416384074,3811,dzzhvxalhc0doyc8cvfxaeyvo,2026-10-02
Somozas,Somozas,UD Somozas,60.3413544274,3812,1h4ygpz4oamwj3kksmzc15ams,2026-10-02
Lagoa,Lagoa,GD Lagoa,60.3402973194,3813,f0zodm68vgjezko34dv1zdyc4,2026-10-02
Durango,Durango,SCD Durango,60.3336022888,3814,1h4ygpz4oamwj3kksmzc15ams,2026-10-02
Maccabi Kiryat Malachi,M Malachi,Maccabi Ironi Kiryat Malachi,60.3311356927,3815,vb6kze8rzj979awz12g26vbo,2026-10-02
Hay Al Wadi,Hay Al Wadi,Hay Al Wadi SC,60.3303602446,3816,815s3vrb2yqcmcbnptxrl6yok,2026-10-02
Dire Dawa Kenema,Dire Dawa,Dire Dawa City,60.3300078733,3817,yfk6117shr401b5om4u5nehg,2026-10-02
Brea,Brea,CD Brea,60.3286690936,3818,1h4ygpz4oamwj3kksmzc15ams,2026-10-02
St. Peters,St. Peters,Harris Paints St. Peters FC,60.3285323636,3819,46z6xc333qod4qfckpehisphw,2026-10-02
Cutelinho,Cutelinho,Cutelinho FC,60.3282483323,3820,378ubqtunv9zk2so0s1rz4s2c,2026-10-02
Firesystem,Firesystem,Firesystem FC,60.324905762,3821,6f3mt0vs7zxlbfevjpbqur4lw,2026-10-02
San Miguel,San Miguel,CD Arcangel San Miguel,60.3212692773,3822,1h4ygpz4oamwj3kksmzc15ams,2026-10-02
Jong Holland,Holland,CRKSV Jong Holland,60.3207801739,3823,119tdmfy4d0m5k0j3klu9515g,2026-10-02
The Bees,Bees,The Bees FC,60.3155605968,3824,4nwd2e9auc7j57110c5f3fehg,2026-10-02
Woking,Woking,Woking FC,60.3138518142,3825,7jeqt00dn1903yv3hr8r63g2c,2026-10-02
FC Serpa,Serpa,Futebol Clube de Serpa,60.3135170587,3826,f0zodm68vgjezko34dv1zdyc4,2026-10-02
Bochum II,Bochum,VfL Bochum 1848 II,60.3124599356,3827,cp9ieu0l4mgyazd7866sx8pw4,2026-10-02
Villaralbo,Villaralbo,CD Villaralbo,60.3106980624,3828,1h4ygpz4oamwj3kksmzc15ams,2026-10-02
Kigezi Home Boyz,Kigezi HB,Kigezi Home Boyz FC,60.3092201724,3829,d43v3lpfbbegmsubl20bdpct0,2026-10-02
Dacia-Buiucani,Dacia-Buiucani,FC Dacia-Buiucani,60.3082314373,3830,c0orgvbfnq9wp7blxq2rdm0pg,2026-10-02
Aserrí,Aserrí,AD Aserrí,60.3035115058,3831,7yzd2ff4zj9i1m1mowvd9uot0,2026-10-02
Anagennisi Karditsas,Anagennisi K,PAE Anagennisi Karditsas 1904,60.3026462819,3832,2ucolfpd3bp9magtvueu1udw,2026-10-02
Tienen,Tienen,KVK Tienen,60.3022410491,3833,6t5gnnzhfwzumtn1olpzzhlhw,2026-10-02
Dragons,Dragons,AS Dragons FC de l'Ouémé,60.2968870081,3834,t5yilsv0ffm6kb8mz07ywiz8,2026-10-02
Považská Bystrica,Považská,FK Považská Bystrica,60.2818031152,3835,47gcoqnouhyfwprkioq13ex3o,2026-10-02
Mukura,Mukura,Mukura Victory Sports FC,60.2794442539,3836,193l1zv2eyi82heh2jblkwqhg,2026-10-02
Şahdağ,Şahdağ,FK Şahdağ Gusar,60.2761650266,3837,4pfckmvf2xp5c2nu2nq0ynwgk,2026-10-02
Atlético San Pedro,San Pedro,Club Atlético San Pedro,60.2635920302,3838,bt89iqwmniyxhz06vrzhc3das,2026-10-02
Al Rustaq,Rustaq,Al Rustaq FC,60.2633369244,3839,42r30yzz5zgbxnlixkbfsyxhw,2026-10-02
Nuevo San Cristóbal,Nuevo San Cr.,CD Nuevo San Cristóbal,60.2613367756,3840,a9cov1ehhclrmqc4wgh59p2j8,2026-10-02
Unión Santiago SdE,Unión Santiago,CA Unión Santiago de Santiago del Estero,60.25724912,3841,bt89iqwmniyxhz06vrzhc3das,2026-10-02
Marine,Marine,Marine FC,60.2554822355,3842,193l1zv2eyi82heh2jblkwqhg,2026-10-02
Kvik Halden,Kvik,Kvik Halden FK,60.2553744337,3843,eyebcttojdlxx2xxue3awhmvo,2026-10-02
Ceuta II,Ceuta II,AD Ceuta FC II,60.2514981968,3844,1h4ygpz4oamwj3kksmzc15ams,2026-10-02
Houtvenne,Houtvenne,KFC Houtvenne,60.2514981968,3845,6t5gnnzhfwzumtn1olpzzhlhw,2026-10-02
Mbarara City,Mbarara,Mbarara City FC,60.2493154901,3846,d43v3lpfbbegmsubl20bdpct0,2026-10-02
Ross County,Ross County,Ross County FC,60.2455076338,3847,26kd2bh05z75muzw8jzn7ro5w,2026-10-02
Milan II,Milan II,Milan Futuro,60.2384598889,3848,cvnhrujf5s3lefro06hwoncb8,2026-10-02
Champ's Guatemala,Champ's,Champ's Academy Guatemala,60.2365588958,3849,9krteg77umv3opxgpwp51d6ac,2026-10-02
Sanga Balende,Sanga Balende,SM Sanga Balende,60.2348676138,3850,ehmma83pqd17k7x6if20hmrkk,2026-10-02
Rouge,Rouge,FC Rouge,60.2316961162,3851,citm4e83b4soxyy411ags2z8,2026-10-02
Landsberg,Landsberg,TSV 1882 Landsberg am Lech,60.2300025612,3852,cp9ieu0l4mgyazd7866sx8pw4,2026-10-02
Sparta Praha II,Sparta II,AC Sparta Praha II,60.2289453927,3853,1b9w528q6lpjmxp9k0sfxvtw4,2026-10-02
Argentino Merlo,A Merlo,CA Argentino de Merlo,60.2265914286,3854,epr9s9zih7yd5dygat10o64us,2026-10-02
GSI Pontivy,GSI Pontivy,Garde Saint-Ivy Pontivy,60.2221971199,3855,4puti0g0aurz6lctqhbonl2c4,2026-10-02
Tatabánya,Tatabánya,FC Tatabánya,60.2218975877,3856,2bunj0abqj9sw0w43ykismb6c,2026-10-02
Spišská Nová Ves,Spišská,FK Spišská Nová Ves,60.2190784585,3857,e48upqhbqk5biaiysv064j6z8,2026-10-02
Olympiakos Piraeus II,Olympiakos II,Olympiakos CFP II,60.2134930468,3858,2ucolfpd3bp9magtvueu1udw,2026-10-02
Rudar Velenje,Rudar,NK Rudar Velenje,60.2102686535,3859,sb5fgqugrkxqc8jsc698x5hw,2026-10-02
Al-Khums,Al-Khums,Al-Khums SC,60.2087906871,3860,68kgxuk3dkg7p955ifkisgc9g,2026-10-02
Rosario,Rosario,Rosario AD,60.2073104525,3861,7yzd2ff4zj9i1m1mowvd9uot0,2026-10-02
Union Saint-Gilloise II,Saint-Gilloise,Royale Union Saint-Gilloise II,60.2063923266,3862,6t5gnnzhfwzumtn1olpzzhlhw,2026-10-02
Lørenskog,Lørenskog,Lørenskog IF,60.2053351452,3863,eyebcttojdlxx2xxue3awhmvo,2026-10-02
Hoàng Anh Gia Lai,HAGL,Hoàng Anh Gia Lai,60.1964865143,3864,cld1l7cgrsr3bij22f2ytqiok,2026-10-02
Wattenscheid 09,Wattenscheid,SG Wattenscheid 09,60.1852485892,3865,cp9ieu0l4mgyazd7866sx8pw4,2026-10-02
Martin Pêcheur,Martin Pêcheur,AS Martin Pêcheur,60.1849225837,3866,ehmma83pqd17k7x6if20hmrkk,2026-10-02
Fylde,Fylde,AFC Fylde,60.1820593889,3867,7jeqt00dn1903yv3hr8r63g2c,2026-10-02
Stupčanica Olovo,Stupčanica,NK Stupčanica Olovo,60.1810198141,3868,1kkhhxd0jcelyo7vaq5llsil0,2026-10-02
Bougouni,Bougouni,US Bougouni,60.1805990226,3869,2fvr17f4zzd5uci32usqi0ro4,2026-10-02
Loubha Télimélé,Loubha,Loubha FC de Télimélé,60.1633314231,3870,1odzlx97lfuimst69uxvbn310,2026-10-02
Roda,Roda,CD Roda,60.1602282024,3871,1h4ygpz4oamwj3kksmzc15ams,2026-10-02
Isenmulang Kalteng,Isenmulang,Isenmulang Kalteng FC,60.1601894381,3872,2t0yn5r2hq16whtb16f4i7nro,2026-10-02
Fátima,Fátima,CD Fátima,60.1588185935,3873,f0zodm68vgjezko34dv1zdyc4,2026-10-02
Isparta 32 Spor,Isparta 32,Isparta 32 SK,60.1503609188,3874,9iurl7j8nsnscnb6u5uaicj6c,2026-10-02
L'Entregu,L'Entregu,L'Entregu CF,60.1475416857,3875,1h4ygpz4oamwj3kksmzc15ams,2026-10-02
Dijon II,Dijon II,Dijon FCO II,60.1465549532,3876,bzf5qx9yamvvlrgfqfs6ozl78,2026-10-02
Ceuta 6 de Junio,6 de Junio,CD Ceuta 6 de Junio,60.1411983963,3877,be9dzi3z9dzbbxvstbv9ixpn8,2026-10-02
24 Erzincanspor,Erzincan,Erzincan Futbol Yatırımları A.Ş.,60.1383791499,3878,9iurl7j8nsnscnb6u5uaicj6c,2026-10-02
Torrijos,Torrijos,CD Torrijos,60.1366171188,3879,1h4ygpz4oamwj3kksmzc15ams,2026-10-02
Boston United,Boston,Boston United FC,60.1358946856,3880,7jeqt00dn1903yv3hr8r63g2c,2026-10-02
Sabah,Sabah,Sabah FC,60.133406694,3881,6siod2n1m854sihsqbyknyl1w,2026-10-02
Bugesera,Bugesera,Bugesera FC,60.1332008604,3882,193l1zv2eyi82heh2jblkwqhg,2026-10-02
Al Shabab,Shabab,Al Shabab SC,60.1318934777,3883,evaw3m63xloe8o87vqybzjsic,2026-10-02
Montijo,Montijo,UD Montijo,60.1253400819,3884,1h4ygpz4oamwj3kksmzc15ams,2026-10-02
Jendouba Sport,Jendouba,Jendouba Sport,60.1245645515,3885,esqacmk0w93cocl5anz1mk650,2026-10-02
Marino,Marino,CD Marino,60.1168822612,3886,1h4ygpz4oamwj3kksmzc15ams,2026-10-02
Tamale City,Tamale City,Tamale City FC,60.1136398551,3887,aj4bxdgocyi3ngimzhnz3cbv8,2026-10-02
KSZO 1929,KSZO,KSZO 1929 Ostrowiec Świętokrzyski,60.1063099333,3888,9xyu4j66xlkjhki4hrt3624no,2026-10-02
Racing Veracruz,Racing V,Racing de Veracruz,60.1048424527,3889,27juuuimtbfpbnlba0ejeb4lw,2026-10-02
Merelbeke,Merelbeke,KFC Merelbeke,60.1006713349,3890,6t5gnnzhfwzumtn1olpzzhlhw,2026-10-02
Al Hikma,Al Hikma,Al Hikma / CS La Sagesse,60.0955975089,3891,9lv9rln2qwsqme0g8t366uiac,2026-10-02
Gimhae City,Gimhae,Gimhae FC 2008,60.0925270554,3892,aqzfod554aa202i8pjkt4ou1g,2026-10-02
Discoveries,Discoveries,Discoveries Sports Academy,60.0909115593,3893,6x5fs0vog8z4mtp0f4ankjfo4,2026-10-02
Anges Verts,Anges Verts,AF Anges Verts,60.0889732757,3894,ehmma83pqd17k7x6if20hmrkk,2026-10-02
East End Lions,East End,East End Lions FC,60.0865063689,3895,75th1zjyt7qwkl462sjdx3ims,2026-10-02
Trollhättan,Trollhättan,FC Trollhättan,60.0798788614,3896,6y4xajtea36x0n0xrjr4vy3o4,2026-10-02
Siracusa,Siracusa,Siracusa Calcio 1924 SSD,60.078821611,3897,cvnhrujf5s3lefro06hwoncb8,2026-10-02
Politehnica UTM,Politehnica,FC Politehnica UTM,60.0756498564,3898,c0orgvbfnq9wp7blxq2rdm0pg,2026-10-02
Leiknir Reykjavík,Leiknir R,Leiknir Reykjavík,60.0705574174,3899,a5uti9g06jek0b3rv3zavb578,2026-10-02
Legia Warszawa II,Legia II,KP Legia Warszawa II,60.0671918188,3900,1f9k5nej63ck6nqpw0q5uml1w,2026-10-02
LISCR,LISCR,Liberian International Shipping & Corporate Registry FC,60.0634230184,3901,6x5fs0vog8z4mtp0f4ankjfo4,2026-10-02
Suhul Shire,Suhul Shire,Suhul Shire FC,60.0625396507,3902,yfk6117shr401b5om4u5nehg,2026-10-02
Vitória Setúbal,Vitória FC,Vitória Setúbal FC,60.0601434258,3903,f0zodm68vgjezko34dv1zdyc4,2026-10-02
Kozakken Boys,Kozakken,Kozakken Boys,60.0552095355,3904,asox70lt42oe70oat4mcayaz8,2026-10-02
Bella Vista,Bella Vista,Club Atlético Bella Vista,60.0549170259,3905,4kgb1bb1pdi8lfym67m7cvrpw,2026-10-02
Güzide Gebzespor,Güzide Gebze,Güzide Gebze SK,60.0541522717,3906,9iurl7j8nsnscnb6u5uaicj6c,2026-10-02
Vila Meã,Vila Meã,AC Vila Meã,60.0530950072,3907,f0zodm68vgjezko34dv1zdyc4,2026-10-02
Kairat II,Kairat II,FK Kairat Zhastar,60.0514738673,3908,3xvgloy6xksv9wwg16vg7cb8,2026-10-02
Vicentino Dragons,Dragons,Vicentino Dragons SC,60.0472166065,3909,6f3mt0vs7zxlbfevjpbqur4lw,2026-10-02
Calvary,Calvary,Calvary FC,60.0470354317,3910,dv96o8lvelwcgu9jbd22jwjkk,2026-10-02
Deportivo Coopsol,Coopsol,Deportivo Coopsol,60.0453135233,3911,a9cov1ehhclrmqc4wgh59p2j8,2026-10-02
Babrungas,Babrungas,FK Babrungas Plungë,60.0386456689,3912,58po2os6hq9uwzvtb51qlj3mc,2026-10-02
Al Adalah,Adalah,Al Adalah Club,60.0321596627,3913,3lxygsgllro9oeey1m5ndpct0,2026-10-02
Tataouine,Tataouine,US Tataouine,60.029764327,3914,esqacmk0w93cocl5anz1mk650,2026-10-02
OSC Bremerhaven,Bremerhaven,Olympischer SC Bremerhaven,60.0234913689,3915,949cwx081ssmm4uuutgo1stn8,2026-10-02
Grecia,Grecia,CSCD Grecia,60.0211371553,3916,6f3mt0vs7zxlbfevjpbqur4lw,2026-10-02
Eldense II,Eldense II,CD Eldense II,60.0206719511,3917,1h4ygpz4oamwj3kksmzc15ams,2026-10-02
Dinamo Bryansk,Dinamo Br,FK Dinamo Bryansk,60.0196146684,3918,au1o7s1tazgfz249l77vlak9g,2026-10-02
LASK II,LASK,LASK Amateure,60.0196146684,3919,8h4bz8mec7n5utisq4xhw6lg4,2026-10-02
Carmelita,Carmelita,AD Carmelita,60.0194756,3920,7yzd2ff4zj9i1m1mowvd9uot0,2026-10-02
Buñol,Buñol,CD Buñol,60.0083369501,3921,1h4ygpz4oamwj3kksmzc15ams,2026-10-02
Pozoblanco,Pozoblanco,CD Pozoblanco,60.0016407738,3922,1h4ygpz4oamwj3kksmzc15ams,2026-10-02
