name,short_name,club_name,rating,rank,league_id,as_of
Arsenal,Arsenal,Arsenal FC,100.0,1,,2026-10-07
Bayern München,FC Bayern,FC Bayern München,99.3423883181,2,,2026-10-07
Manchester City,Man City,Manchester City FC,98.8243149813,3,,2026-10-07
Barcelona,Barcelona,FC Barcelona,96.9745478901,4,,2026-10-07
Liverpool,Liverpool,Liverpool FC,96.04285834,5,,2026-10-07
Paris Saint-Germain,Paris SG,Paris Saint-Germain FC,95.7635689266,6,,2026-10-07
Brighton & Hove Albion,Brighton,Brighton & Hove Albion FC,94.7233143112,7,,2026-10-07
Real Madrid,Real Madrid,Real Madrid CF,94.3512112902,8,,2026-10-07
Manchester United,Man Utd,Manchester United FC,94.0789941108,9,,2026-10-07
Aston Villa,Villa,Aston Villa FC,93.7212818089,10,,2026-10-07
Internazionale,Inter,FC Internazionale Milano,93.7061176708,11,,2026-10-07
Chelsea,Chelsea,Chelsea FC,93.4465915352,12,,2026-10-07
Brentford,Brentford,Brentford FC,92.9453938565,13,,2026-10-07
Newcastle United,Newcastle,Newcastle United FC,92.9253992505,14,,2026-10-07
Borussia Dortmund,Dortmund,BV Borussia 09 Dortmund,92.8605881695,15,,2026-10-07
Everton,Everton,Everton FC,92.7516470221,16,,2026-10-07
Benfica,Benfica,SL Benfica,92.3903181949,17,,2026-10-07
Leeds United,Leeds,Leeds United FC,92.0682548051,18,,2026-10-07
Bournemouth,Bournemouth,AFC Bournemouth,91.9658349754,19,,2026-10-07
Roma,Roma,AS Roma,91.5988857647,20,,2026-10-07
Sporting CP,Sporting,Sporting Clube de Portugal,91.4736842576,21,,2026-10-07
Union Saint-Gilloise,R. Union SG,Royale Union Saint-Gilloise,91.4716147636,22,,2026-10-07
Atlético de Madrid,Atlético,Club Atlético de Madrid,91.3612394994,23,,2026-10-07
Tottenham Hotspur,Spurs,Tottenham Hotspur FC,91.2629328112,24,,2026-10-07
Flamengo,Flamengo,CR Flamengo,91.2552612927,25,,2026-10-07
Bayer 04 Leverkusen,Bayer 04,Bayer 04 Leverkusen,91.1039100035,26,,2026-10-07
Nottingham Forest,Forest,Nottingham Forest FC,91.0752780226,27,,2026-10-07
Porto,Porto,FC Porto,91.0390564148,28,,2026-10-07
Sunderland,Sunderland,Sunderland AFC,90.7620315533,29,,2026-10-07
Club Brugge,Club Brugge,Club Brugge KV,90.6540429207,30,,2026-10-07
Como,Como,Calcio Como 1907,90.651282772,31,,2026-10-07
Crystal Palace,Palace,Crystal Palace FC,90.5936640319,32,,2026-10-07
Juventus,Juventus,Juventus FC,90.5015405288,33,,2026-10-07
Bodø / Glimt,Bodø/Glimt,FK Bodø / Glimt,90.0039507939,34,,2026-10-07
Fulham,Fulham,Fulham FC,89.992562446,35,,2026-10-07
Hull City,Hull,Hull City AFC,89.9166389048,36,,2026-10-07
Ipswich Town,Ipswich,Ipswich Town FC,89.799643468,37,,2026-10-07
Monaco,Monaco,AS Monaco FC,89.5987722531,38,,2026-10-07
Lens,Lens,Racing Club de Lens,89.1921521188,39,,2026-10-07
Napoli,Napoli,SSC Napoli,89.128288538,40,,2026-10-07
Stuttgart,Stuttgart,VfB Stuttgart 1893,89.1210390626,41,,2026-10-07
Coventry City,Coventry,Coventry City FC,89.1130991386,42,,2026-10-07
PSV,PSV,PSV Eindhoven,89.0647686598,43,,2026-10-07
Real Betis,Betis,Real Betis Balompié,88.9739740502,44,,2026-10-07
Milan,Milan,AC Milan,88.9580933084,45,,2026-10-07
Freiburg,Freiburg,SC Freiburg,88.9114862403,46,,2026-10-07
Palmeiras,Palmeiras,SE Palmeiras,88.8616882815,47,,2026-10-07
Olympique Lyonnais,Lyon,Lyon,88.7181445557,48,,2026-10-07
RB Leipzig,Leipzig,RasenBallsport Leipzig,88.6691164073,49,,2026-10-07
Slavia Praha,Slavia,SK Slavia Praha,88.515120736,50,,2026-10-07
Villarreal,Villarreal,Villarreal CF,88.4236168551,51,,2026-10-07
Independiente Valle,Ind. del Valle,CSD Independiente del Valle,87.9984312714,52,,2026-10-07
Lille,Lille,Lille OSC,87.8237568174,53,,2026-10-07
Fenerbahçe,Fenerbahçe,Fenerbahçe SK,87.8140861138,54,,2026-10-07
Boca Juniors,Boca,CA Boca Juniors,87.7463073038,55,,2026-10-07
Lazio,Lazio,SS Lazio,87.6669489007,56,,2026-10-07
Atalanta,Atalanta,Atalanta Bergamasca Calcio,87.4793888699,57,,2026-10-07
Rennes,Rennes,Stade Rennais FC,87.3747224952,58,,2026-10-07
AEK Athens,AEK Athens,AEK Athens FC,87.0071481334,59,,2026-10-07
Mainz 05,Mainz,1. FSV Mainz 05,86.9197379975,60,,2026-10-07
Viking,Viking,Viking FK,86.8838057111,61,,2026-10-07
Galatasaray,Galatasaray,Galatasaray SK,86.8140127436,62,,2026-10-07
Olympiakos Piraeus,Olympiakos,Olympiakos FC,86.7673678891,63,,2026-10-07
Sporting Braga,Braga,Sporting Braga,86.6557623723,64,,2026-10-07
Toluca,Toluca,Deportivo Toluca FC,86.5396046341,65,,2026-10-07
Cruzeiro,Cruzeiro,Cruzeiro EC,86.4804871463,66,,2026-10-07
Rayo Vallecano,Rayo,Rayo Vallecano de Madrid,86.4733133406,67,,2026-10-07
Omonia Nicosia,Omonia,AC Omonia Nicosia,86.3834663135,68,,2026-10-07
Athletic Club,Athletic,Athletic Club,86.3509823931,69,,2026-10-07
Hoffenheim,Hoffenheim,TSG 1899 Hoffenheim,86.2801383912,70,,2026-10-07
Strasbourg,Strasbourg,RC Strasbourg Alsace,86.2497267143,71,,2026-10-07
Ferencváros,Ferencváros,Ferencvárosi TC,86.2206970536,72,,2026-10-07
West Ham United,West Ham,West Ham United FC,86.1664383641,73,,2026-10-07
Feyenoord,Feyenoord,Feyenoord Rotterdam,86.0558438859,74,,2026-10-07
Paris FC,Paris FC,Paris FC,86.0074573157,75,,2026-10-07
Lech Poznań,Lech,KKS Lech Poznań,85.9563048143,76,,2026-10-07
Fluminense,Fluminense,Fluminense FC,85.9482723971,77,,2026-10-07
Olympique Marseille,Marseille,Olympique de Marseille,85.8889063915,78,,2026-10-07
Santos,Santos,Santos FC Sao Paulo,85.8473466105,79,,2026-10-07
Dinamo Zagreb,Dinamo Zagreb,GNK Dinamo Zagreb,85.837060254,80,,2026-10-07
Atlético Nacional,Atl. Nacional,Club Atlético Nacional SA,85.8352490768,81,,2026-10-07
Celta de Vigo,Celta,Real Club Celta de Vigo,85.7779543867,82,,2026-10-07
Real Sociedad,Real Sociedad,Real Sociedad de Fútbol,85.7551412335,83,,2026-10-07
Al Hilal,Hilal,Al Hilal FC,85.7478251107,84,,2026-10-07
København,København,FC København,85.6918855254,85,,2026-10-07
Independiente Rivadavia,Independiente,CS Independiente Rivadavia,85.6810869641,86,,2026-10-07
Midtjylland,Midtjylland,FC Midtjylland,85.660775591,87,,2026-10-07
Alavés,Alavés,Deportivo Alavés,85.637270058,88,,2026-10-07
Athletico Paranaense,Athletico PR,Club Athletico Paranaense,85.4733337337,89,,2026-10-07
Beşiktaş,Beşiktaş,Beşiktaş JK,85.4374643551,90,,2026-10-07
Eintracht Frankfurt,Frankfurt,Eintracht Frankfurt,85.4346987692,91,,2026-10-07
Bologna,Bologna,Bologna FC 1909,85.3904489904,92,,2026-10-07
Augsburg,Augsburg,FC Augsburg,85.3375556756,93,,2026-10-07
Bahia,Bahia,EC Bahia,85.274898157,94,,2026-10-07
River Plate,River,CA River Plate,85.274206717,95,,2026-10-07
Southampton,Southampton,Southampton FC,85.2528549579,96,,2026-10-07
Zenit,Zenit,FK Zenit St. Petersburg,85.212405056,97,,2026-10-07
PAOK,PAOK,PAOK Thessaloniki FC,85.2086020409,98,,2026-10-07
Genk,Genk,KRC Genk,85.2065276667,99,,2026-10-07
Rosario Central,Rosario,CA Rosario Central,85.1825892662,100,,2026-10-07
Vasco da Gama,Vasco,CR Vasco da Gama,85.1815520688,101,,2026-10-07
Ajax,Ajax,AFC Ajax,85.1778319838,102,,2026-10-07
AZ,AZ,AZ,85.166768502,103,,2026-10-07
Middlesbrough,Middlesbrough,Middlesbrough FC,85.0654662726,104,,2026-10-07
Sevilla,Sevilla,Sevilla FC,85.0637375308,105,,2026-10-07
Fiorentina,Fiorentina,ACF Fiorentina,85.0627002852,106,,2026-10-07
Wolverhampton Wanderers,Wolves,Wolverhampton Wanderers FC,85.0405722777,107,,2026-10-07
Valencia,Valencia,Valencia CF,85.0340029886,108,,2026-10-07
Atlético Mineiro,Atlético MG,CA Mineiro,85.015940814,109,,2026-10-07
Argentinos Juniors,Argentinos,AA Argentinos Juniors,84.9817108447,110,,2026-10-07
Toulouse,Toulouse,Toulouse FC,84.9648515518,111,,2026-10-07
Twente,Twente,FC Twente,84.963468504,112,,2026-10-07
Salzburg,Salzburg,FC Salzburg,84.9631227419,113,,2026-10-07
Instituto,Instituto,Instituto AC Córdoba,84.9554329813,114,,2026-10-07
Anderlecht,Anderlecht,RSC Anderlecht,84.8127117944,115,,2026-10-07
Sporting Charleroi,Charleroi,Royal Charleroi SC,84.8116744467,116,,2026-10-07
LASK,LASK,LASK,84.7757127989,117,,2026-10-07
Levante,Levante,Levante UD,84.6481140071,118,,2026-10-07
Panathinaikos,Panathinaikos,Panathinaikos FC,84.4994135676,119,,2026-10-07
Sassuolo,Sassuolo,US Sassuolo Calcio,84.4814305987,120,,2026-10-07
Gent,Gent,KAA Gent,84.3980847892,121,,2026-10-07
Estudiantes,Estudiantes,Club Estudiantes de La Plata,84.3644551896,122,,2026-10-07
Sparta Praha,Sparta,AC Sparta Praha,84.3472459582,123,,2026-10-07
Belgrano,Belgrano,CA Belgrano,84.3087737726,124,,2026-10-07
Vélez Sarsfield,Vélez,CA Vélez Sarsfield,84.3049694075,125,,2026-10-07
Werder Bremen,Bremen,SV Werder Bremen,84.2811885376,126,,2026-10-07
Elversberg,Elversberg,SV 07 Elversberg,84.2417607738,127,,2026-10-07
Cagliari,Cagliari,Cagliari Calcio,84.2341518364,128,,2026-10-07
Krasnodar,Krasnodar,FK Krasnodar,84.2241218385,129,,2026-10-07
Deportivo de A Coruña,Deportivo,RC Deportivo de A Coruña,84.2178963025,130,,2026-10-07
Osasuna,Osasuna,CA Osasuna,84.2172045753,131,,2026-10-07
Udinese,Udinese,Udinese Calcio,84.1988737365,132,,2026-10-07
Lorient,Lorient,FC Lorient,83.9546804377,133,,2026-10-07
Nordsjælland,Nordsjælland,FC Nordsjælland,83.9456870321,134,,2026-10-07
Mirassol,Mirassol,Mirassol FC,83.9213908403,135,,2026-10-07
Brest,Brest,Stade Brestois 29,83.9121344277,136,,2026-10-07
Peñarol,Peñarol,CA Peñarol,83.9082464476,137,,2026-10-07
Elche,Elche,Elche CF,83.8910341075,138,,2026-10-07
Lugano,Lugano,FC Lugano,83.876160005,139,,2026-10-07
RB Bragantino,Bragantino,Red Bull Bragantino,83.8477121744,140,,2026-10-07
Górnik Zabrze,Górnik,KS Górnik Zabrze,83.8118198515,141,,2026-10-07
São Paulo,São Paulo,São Paulo FC,83.7975541022,142,,2026-10-07
Botafogo,Botafogo,Botafogo FR,83.7570809975,143,,2026-10-07
Espanyol,Espanyol,Reial Club Deportiu Espanyol de Barcelona,83.7564721663,144,,2026-10-07
Gimnasia La Plata,GELP,Club de Gimnasia y Esgrima La Plata,83.728022982,145,,2026-10-07
Shakhtar Donetsk,Shakhtar D,FC Shakhtar Donetsk,83.6533838535,146,,2026-10-07
Cruz Azul,Cruz Azul,CF Cruz Azul,83.6412205372,147,,2026-10-07
Sabah,Sabah,Sabah FK,83.6371245722,148,,2026-10-07
Torino,Torino,Torino FC,83.6070273267,149,,2026-10-07
Getafe,Getafe,Getafe CF,83.6039137979,150,,2026-10-07
América de Cali,América,América de Cali SA,83.600025341,151,,2026-10-07
Famalicão,Famalicão,FC Famalicão,83.5869622958,152,,2026-10-07
Schalke 04,Schalke 04,FC Schalke 04,83.5641294792,153,,2026-10-07
Guadalajara,Chivas,CD Guadalajara,83.5533495499,154,,2026-10-07
Racing de Santander,Santander,Real Racing Club,83.5336854003,155,,2026-10-07
Legia Warszawa,Legia,KP Legia Warszawa,83.4880185886,156,,2026-10-07
Al Nassr,Nassr,Al Nassr FC,83.4855394395,157,,2026-10-07
LDU Quito,LDU Quito,Liga Deportiva Universitaria de Quito,83.4820541648,158,,2026-10-07
Lanús,Lanús,CA Lanús,83.4550687751,159,,2026-10-07
AEK Larnaca,AEK Larnaca,AEK Larnaca,83.3949525844,160,,2026-10-07
Club América,Club América,CF América,83.3824420354,161,,2026-10-07
Corinthians,Corinthians,SC Corinthians Paulista,83.3754947788,162,,2026-10-07
Crvena zvezda,Crvena zvezda,FK Crvena zvezda Beograd,83.3596627114,163,,2026-10-07
Paderborn,Paderborn,SC Paderborn 07,83.3541269999,164,,2026-10-07
Union Berlin,Union Berlin,1. FC Union Berlin,83.3212584602,165,,2026-10-07
Sint-Truiden,Sint-Truiden,Sint-Truidense VV,83.319182538,166,,2026-10-07
Bolívar,Bolívar,Club Bolívar,83.3149476512,167,,2026-10-07
Universidad Católica,U. Católica,CD Universidad Católica del Ecuador,83.2710068174,168,,2026-10-07
Frosinone,Frosinone,Frosinone Calcio,83.2683219036,169,,2026-10-07
Maccabi Tel Aviv,Maccabi TA,Maccabi Tel Aviv FC,83.214692222,170,,2026-10-07
Huracán,Huracán,CA Huracán,83.2135711764,171,,2026-10-07
Independiente Santa Fe,Santa Fe,Club Independiente Santa Fe,83.1699745667,172,,2026-10-07
Millonarios,Millonarios,Millonarios FC,83.1495600194,173,,2026-10-07
Borussia M'gladbach,M'gladbach,Borussia VfL Mönchengladbach,83.1430688503,174,,2026-10-07
Colo Colo,Colo Colo,CSD Colo-Colo,83.1031941555,175,,2026-10-07
Köln,Köln,1. FC Köln,83.0942807384,176,,2026-10-07
Sanfrecce Hiroshima,Sanfrecce,Sanfrecce Hiroshima,83.0924056642,177,,2026-10-07
Swansea City,Swansea,Swansea City AFC,83.0700593352,178,,2026-10-07
Nashville SC,Nashville,Nashville SC,83.0035669127,179,,2026-10-07
Millwall,Millwall,Millwall FC,82.9970476808,180,,2026-10-07
Spartak Moskva,Spartak M,FK Spartak Moskva,82.9638283996,181,,2026-10-07
Independiente,Independiente,CA Independiente,82.9246429189,182,,2026-10-07
Auxerre,Auxerre,Association Jeunesse Auxerroise,82.8440968923,183,,2026-10-07
Internacional,Internacional,SC Internacional,82.8263650654,184,,2026-10-07
Castellón,Castellón,CD Castellón,82.8212572792,185,,2026-10-07
Hajduk Split,Hajduk,HNK Hajduk Split,82.8136440282,186,,2026-10-07
Málaga,Málaga,Málaga CF,82.756197836,187,,2026-10-07
St. Louis City,St. Louis,St. Louis City SC,82.7066546182,188,,2026-10-07
Philadelphia Union,Philadelphia,Philadelphia Union,82.670316759,189,,2026-10-07
Hamburger SV,Hamburg,Hamburger SV,82.6471848386,190,,2026-10-07
Pyramids,Pyramids,Pyramids FC,82.6451199223,191,,2026-10-07
Sturm Graz,Sturm,SK Sturm Graz,82.6416475425,192,,2026-10-07
Santa Clara,Santa Clara,CD Santa Clara,82.6378406443,193,,2026-10-07
Al Qadsiah,Qadsiah,Al Qadsiah FC,82.576525965,194,,2026-10-07
Inter Miami,Inter Miami,Inter Miami CF,82.5623382618,195,,2026-10-07
Racing Club,Racing,Racing Club,82.5605801114,196,,2026-10-07
Celtic,Celtic,Celtic FC,82.5412819062,197,,2026-10-07
Universidad de Chile,U. de Chile,Club Universidad de Chile,82.5187025383,198,,2026-10-07
Olimpia,Olimpia,Club Olimpia,82.5128188555,199,,2026-10-07
Viktoria Plzeň,Plzeň,FC Viktoria Plzeň,82.4966351947,200,,2026-10-07
Universidad Católica,Univ Católica,CD Universidad Católica,82.4917067022,201,,2026-10-07
Dinamo Moskva,Dinamo M,FK Dinamo Moskva,82.4412583088,202,,2026-10-07
Trabzonspor,Trabzonspor,Trabzonspor Kulübü,82.4125310605,203,,2026-10-07
Young Boys,Young Boys,BSC Young Boys,82.4118388335,204,,2026-10-07
Nice,Nice,OGC Nice Côte d'Azur,82.4073393534,205,,2026-10-07
Macará,Macará,CSD Macará,82.3885660498,206,,2026-10-07
Genoa,Genoa,Genoa CFC,82.3813806547,207,,2026-10-07
Defensa y Justicia,Def y Justicia,CSD Defensa y Justicia,82.3695295527,208,,2026-10-07
Birmingham City,Birmingham,Birmingham City FC,82.3689203824,209,,2026-10-07
Norwich City,Norwich,Norwich City FC,82.3599212577,210,,2026-10-07
Tigre,Tigre,CA Tigre,82.342532087,211,,2026-10-07
Rangers,Rangers,Rangers FC,82.3311930633,212,,2026-10-07
Qarabağ,Qarabağ,Qarabağ Ağdam FK,82.3235783051,213,,2026-10-07
Al Ahly,Ahly,Al Ahly SC,82.317013474,214,,2026-10-07
Sion,Sion,FC Sion,82.2958880772,215,,2026-10-07
Hammarby,Hammarby,Hammarby IF,82.2955419474,216,,2026-10-07
Westerlo,Westerlo,KVC Westerlo,82.2456987469,217,,2026-10-07
Unión,Unión,CA Unión,82.2231166763,218,,2026-10-07
Vancouver Whitecaps,Whitecaps,Vancouver Whitecaps FC,82.1798764872,219,,2026-10-07
Coritiba,Coritiba,Coritiba FBC,82.1798487956,220,,2026-10-07
Eibar,Eibar,SD Eibar,82.1702397615,221,,2026-10-07
Zulte Waregem,ZW,SV Zulte Waregem,82.1588168696,222,,2026-10-07
Levski Sofia,Levski,PFK Levski Sofia,82.1030862431,223,,2026-10-07
Standard Liège,Standard,Royal Standard de Liège,82.0560084572,224,,2026-10-07
Rosenborg,Rosenborg,Rosenborg BK,82.0328153931,225,,2026-10-07
Wrexham,Wrexham,Wrexham FC,82.0134299777,226,,2026-10-07
Tromsø,Tromsø,Tromsø IL,81.9999293301,227,,2026-10-07
Le Mans,Le Mans,Le Mans FC,81.9954290978,228,,2026-10-07
Brann,Brann,SK Brann,81.9808898294,229,,2026-10-07
Deportes Tolima,Tolima,Club Deportes Tolima SA,81.9008392299,230,,2026-10-07
Almería,Almería,UD Almería,81.8929600382,231,,2026-10-07
Pafos,Pafos,Pafos FC,81.8804972933,232,,2026-10-07
Los Angeles,LAFC,Los Angeles FC,81.8790571498,233,,2026-10-07
Al Ahli,Ahli,Al Ahli FC,81.8707465651,234,,2026-10-07
Chicago Fire,Chicago,Chicago Fire FC,81.8354370183,235,,2026-10-07
Monza,Monza,AC Monza,81.7745614043,236,,2026-10-07
Rijeka,Rijeka,HNK Rijeka,81.7659063091,237,,2026-10-07
Dallas,Dallas,FC Dallas,81.7398854467,238,,2026-10-07
Gimnasia Mendoza,Gim Mendoza,CA Gimnasia y Esgrima de Mendoza,81.724278336,239,,2026-10-07
Angers,Angers,Angers Sporting Club de l'Ouest,81.7143213074,240,,2026-10-07
Parma,Parma,Parma Calcio 1913,81.6810847574,241,,2026-10-07
Nacional Asunción,Nacional,Club Nacional Asunción,81.6720000218,242,,2026-10-07
Hapoel Be'er Sheva,H Be'er Sheva,Hapoel Be'er Sheva FC,81.6589268066,243,,2026-10-07
Molde,Molde,Molde FK,81.639538435,244,,2026-10-07
Independiente Medellín,Medellín,Deportivo Independiente Medellín,81.6224903899,245,,2026-10-07
Le Havre,Le Havre,Le Havre AC,81.6204961348,246,,2026-10-07
Arouca,Arouca,FC Arouca,81.6017999139,247,,2026-10-07
Lecce,Lecce,US Lecce,81.5931442077,248,,2026-10-07
West Bromwich Albion,West Brom,West Bromwich Albion FC,81.5851809308,249,,2026-10-07
Deportivo Cali,Cali,Asociación Deportivo Cali,81.5449348253,250,,2026-10-07
Jagiellonia Białystok,Jagiellonia,SSA Jagiellonia Białystok,81.5349770665,251,,2026-10-07
Vitória,Vitória,EC Vitória,81.4985388017,252,,2026-10-07
Vissel Kobe,Vissel Kobe,Vissel Kobe,81.495014399,253,,2026-10-07
Nacional,Nacional,Club Nacional de Football,81.4833040942,254,,2026-10-07
Slovan Liberec,Liberec,FC Slovan Liberec,81.47680854,255,,2026-10-07
Viborg,Viborg,Viborg FF,81.4560337303,256,,2026-10-07
Atlético Bucaramanga,Bucaramanga,CA Bucaramanga,81.4382919027,257,,2026-10-07
Tigres UANL,Tigres,Club Tigres UANL,81.4300095691,258,,2026-10-07
Platense,Platense,CA Platense,81.4043590863,259,,2026-10-07
Wisła Kraków,Wisła,Wisła Kraków,81.3912844384,260,,2026-10-07
Rapid,Rapid,SK Rapid,81.3819354681,261,,2026-10-07
Apollon,Apollon,Apollon Limassol FC,81.3795116551,262,,2026-10-07
Pogoń Szczecin,Pogoń,MKS Pogoń Szczecin,81.3383064658,263,,2026-10-07
Gil Vicente,Gil Vicente,Gil Vicente FC,81.3351900786,264,,2026-10-07
Cerro Porteño,Cerro Porteño,Club Cerro Porteño,81.3330293812,265,,2026-10-07
Young Africans,Young Africans,Young Africans SC,81.3315681409,266,,2026-10-07
Sirius,Sirius,IK Sirius Fotboll,81.3185692796,267,,2026-10-07
Grêmio,Grêmio,Grêmio FB Porto Alegrense,81.3184861753,268,,2026-10-07
Machida Zelvia,Machida,FC Machida Zelvia,81.3049197098,269,,2026-10-07
Djurgården,Djurgården,Djurgårdens IF,81.2922527824,270,,2026-10-07
AGF,AGF,AGF,81.2572791025,271,,2026-10-07
St.Gallen,St.Gallen,FC St.Gallen 1879,81.2236900457,272,,2026-10-07
Newell's Old Boys,Newell's,CA Newell's Old Boys,81.1702790273,273,,2026-10-07
Troyes,Troyes,Espérance Sportive Troyes Aube Champagne,81.1475069604,274,,2026-10-07
Hertha BSC,Hertha,Hertha BSC,81.0955625783,275,,2026-10-07
Sarmiento,Sarmiento,CA Sarmiento,81.092016468,276,,2026-10-07
Girona,Girona,Girona FC,81.0650880237,277,,2026-10-07
Beveren,Beveren,SK Beveren,81.0481190718,278,,2026-10-07
Junior,Junior,CD Popular Junior FC SA,81.046997039,279,,2026-10-07
Kashima Antlers,Kashima,Kashima Antlers,81.0413941395,280,,2026-10-07
Burnley,Burnley,Burnley FC,81.0370372433,281,,2026-10-07
Atlético Tucumán,Atl. Tucumán,CA Tucumán,81.0137513861,282,,2026-10-07
Orlando Pirates,Pirates,Orlando Pirates FC,80.9335005372,283,,2026-10-07
Győri ETO,Győr,Győri ETO FC,80.9276014674,284,,2026-10-07
Mallorca,Mallorca,Real Club Deportivo Mallorca,80.922060284,285,,2026-10-07
Pachuca,Pachuca,CF Pachuca,80.8991473563,286,,2026-10-07
Always Ready,Always Ready,Club Always Ready,80.8523649678,287,,2026-10-07
Aucas,Aucas,SD Aucas,80.8364335365,288,,2026-10-07
San Lorenzo,San Lorenzo,CA San Lorenzo de Almagro,80.8180776269,289,,2026-10-07
Universitatea Craiova,U Craiova,Universitatea Craiova 1948 Club Sportiv,80.8056925043,290,,2026-10-07
Olimpia,Olimpia,CD Olimpia,80.7942100859,291,,2026-10-07
Lincoln City,Lincoln,Lincoln City FC,80.7821412013,292,,2026-10-07
FAR Rabat,FAR Rabat,AS Forces Armées Royales de Rabat,80.7773039524,293,,2026-10-07
Charlotte,Charlotte,Charlotte FC,80.7758515793,294,,2026-10-07
Sheffield United,Sheff Utd,Sheffield United FC,80.7703654639,295,,2026-10-07
Burgos,Burgos,Burgos CF,80.7634385327,296,,2026-10-07
Vitória Guimarães,Vitória SC,Vitória SC Guimarães,80.7558188854,297,,2026-10-07
Queens Park Rangers,QPR,Queens Park Rangers FC,80.719105703,298,,2026-10-07
Barracas Central,Barracas,CA Barracas Central,80.7134809171,299,,2026-10-07
İstanbul Başakşehir,Başakşehir,İstanbul Başakşehir FK,80.6498340279,300,,2026-10-07
DAC 1904,DAC 1904,DAC 1904 Dunajská Streda,80.6352867237,301,,2026-10-07
RSB Berkane,Berkane,Renaissance Sportive de Berkane,80.5961586906,302,,2026-10-07
CSKA Moskva,CSKA,PFK CSKA Moskva,80.5753647601,303,,2026-10-07
City Torque,City Torque,Montevideo City Torque,80.5375265637,304,,2026-10-07
GKS Katowice,GKS Katowice,GKS Katowice,80.5268719076,305,,2026-10-07
Once Caldas,Once Caldas,Once Caldas SA,80.5202075279,306,,2026-10-07
Bristol City,Bristol C,Bristol City FC,80.5189051314,307,,2026-10-07
Barcelona,Barcelona,Barcelona SC,80.5157045583,308,,2026-10-07
Slovan Bratislava,Slovan,ŠK Slovan Bratislava,80.5095527953,309,,2026-10-07
Mamelodi Sundowns,Sundowns,Mamelodi Sundowns FC,80.4870493418,310,,2026-10-07
Coquimbo Unido,Coquimbo,CD Coquimbo Unido,80.4862618568,311,,2026-10-07
Utrecht,Utrecht,FC Utrecht,80.4513596659,312,,2026-10-07
Seattle Sounders,Sounders,Seattle Sounders FC,80.4135472335,313,,2026-10-07
Antwerp,Antwerp,Royal Antwerp FC,80.4111778748,314,,2026-10-07
Alianza Lima,Alianza Lima,Club Alianza Lima,80.4048595735,315,,2026-10-07
Borac Banja Luka,Borac BB,FK Borac Banja Luka,80.4045963105,316,,2026-10-07
Kashiwa Reysol,Kashiwa,Kashiwa Reysol,80.3885167806,317,,2026-10-07
Korona Kielce,Kielce,MKS Korona Kielce,80.3744594444,318,,2026-10-07
Talleres de Córdoba,Talleres,CA Talleres,80.3515136048,319,,2026-10-07
Universitario,Universitario,Club Universitario de Deportes,80.3501279795,320,,2026-10-07
Varaždin,Varaždin,NK Varaždin,80.3176486927,321,,2026-10-07
Tokyo,Tokyo,FC Tokyo,80.3147322558,322,,2026-10-07
Lommel,Lommel,Lommel SK,80.2937462069,323,,2026-10-07
Deportivo Riestra,Riestra,CD Riestra,80.278074361,324,,2026-10-07
Remo,Remo,Clube do Remo,80.278074361,325,,2026-10-07
Hradec Králové,Hradec Kr.,FC Hradec Králové,80.2778110842,326,,2026-10-07
Deportivo Maldonado,Maldonado,CD Maldonado,80.2652569044,327,,2026-10-07
Jablonec,Jablonec,FK Jablonec,80.246286943,328,,2026-10-07
Raja Casablanca,Raja,Raja Club Athletic de Casablanca,80.1091117246,329,,2026-10-07
Académico de Viseu,Académico,Académico de Viseu FC,80.0976675567,330,,2026-10-07
Brøndby,Brøndby,Brøndby IF,80.0886600251,331,,2026-10-07
Portsmouth,Portsmouth,Portsmouth FC,80.0858884701,332,,2026-10-07
Deportivo Madryn,Dep Madryn,Club Social y Deportivo Madryn,80.0629398715,333,,2026-10-07
Monterrey,Monterrey,CF Monterrey,80.0567315172,334,,2026-10-07
Sportivo Trinidense,Trinidense,Club Sportivo Trinidense,80.0435387108,335,,2026-10-07
Tristán Suárez,Tristán Suárez,CSyD Tristán Suárez,80.0373025901,336,,2026-10-07
León,León,Club León,80.0307477168,337,,2026-10-07
Hannover 96,Hannover,Hannoverscher Sportverein 1896,80.0273386212,338,,2026-10-07
Libertad,Libertad,Club Libertad,80.0165154036,339,,2026-10-07
Heerenveen,Heerenveen,SC Heerenveen,79.99927576,340,,2026-10-07
Noah,Noah,FC Noah,79.9954647288,341,,2026-10-07
Alverca,Alverca,FC Alverca,79.9746771789,342,,2026-10-07
Cercle Brugge,Cercle Brugge,Cercle Brugge KSV,79.9674014938,343,,2026-10-07
Palermo,Palermo,Palermo FC,79.9348338701,344,,2026-10-07
Nürnberg,1.FCN,1. FC Nürnberg,79.9279045312,345,,2026-10-07
Cincinnati,Cincinnati,FC Cincinnati,79.9243844194,346,,2026-10-07
Simba,Simba,Simba Sports Club,79.9152722965,347,,2026-10-07
Derby County,Derby,Derby County FC,79.8984546169,348,,2026-10-07
Johor Darul Ta'zim,Darul Ta'zim,Johor Darul Ta'zim FC,79.8913800005,349,,2026-10-07
Göztepe,Göztepe,Göztepe SK,79.890832227,350,,2026-10-07
Venezia,Venezia,Venezia FC,79.8735085233,351,,2026-10-07
Liverpool,Liverpool,Liverpool FC Montevideo,79.8554085834,352,,2026-10-07
Sigma Olomouc,Olomouc,SK Sigma Olomouc,79.8059448779,353,,2026-10-07
Blackburn Rovers,Blackburn,Blackburn Rovers FC,79.8049054223,354,,2026-10-07
NEC,NEC,NEC,79.7969362474,355,,2026-10-07
The Strongest,The Strongest,Club The Strongest,79.7951206577,356,,2026-10-07
Groningen,Groningen,FC Groningen,79.7477346652,357,,2026-10-07
Querétaro,Querétaro,Querétaro FC,79.7414423333,358,,2026-10-07
Raków Częstochowa,Raków,KS Raków Częstochowa,79.7397652993,359,,2026-10-07
Al Ain,Al Ain,Al Ain FC,79.7303524336,360,,2026-10-07
Columbus Crew,Columbus,Columbus Crew,79.711297121,361,,2026-10-07
Banfield,Banfield,CA Banfield,79.6683031517,362,,2026-10-07
Servette,Servette,Servette FC,79.6600701755,363,,2026-10-07
SJ Earthquakes,Earthquakes,San Jose Earthquakes,79.6586287087,364,,2026-10-07
New England,New England,New England Revolution,79.5893263918,365,,2026-10-07
Piast Gliwice,Piast,GKS Piast Gliwice,79.5876492507,366,,2026-10-07
Hapoel Tel Aviv,Hapoel TA,Hapoel Tel Aviv FC,79.5602742604,367,,2026-10-07
Pumas UNAM,Pumas,Club Universidad Nacional,79.5286852091,368,,2026-10-07
Ludogorets Razgrad,Ludogorets,PFK Ludogorets 1945 Razgrad,79.5273545509,369,,2026-10-07
Chapecoense,Chapecoense,Chapecoense AF,79.5182617004,370,,2026-10-07
Wolfsburg,Wolfsburg,VfL Wolfsburg,79.5096816768,371,,2026-10-07
Everton,Everton,Everton de Viña del Mar,79.4891532558,372,,2026-10-07
Teplice,Teplice,FK Teplice,79.4646325799,373,,2026-10-07
Zagłębie Lubin,Zagłębie,KGHM Zagłębie Lubin,79.4486919256,374,,2026-10-07
Central Córdoba SdE,Córdoba SdE,CA Central Córdoba,79.4451433828,375,,2026-10-07
Häcken,Häcken,BK Häcken,79.4317115458,376,,2026-10-07
Dynamo Kyiv,Dynamo Kyiv,FC Dynamo Kyiv,79.4185430043,377,,2026-10-07
Dinamo Bucureşti,Dinamo,FC Dinamo 1948 Bucureşti,79.4091863647,378,,2026-10-07
Águilas Doradas,Águilas D,Águilas Doradas,79.3803399593,379,,2026-10-07
Tijuana,Tijuana,Club Tijuana Xoloitzcuintles de Caliente,79.3737832791,380,,2026-10-07
San Diego,San Diego,San Diego FC,79.361654066,381,,2026-10-07
Samsunspor,Samsunspor,Samsunspor Kulübü,79.3471543767,382,,2026-10-07
Las Palmas,Las Palmas,UD Las Palmas,79.3346784738,383,,2026-10-07
Stoke City,Stoke,Stoke City FC,79.3315594878,384,,2026-10-07
Carabobo,Carabobo,Carabobo FC,79.3266245504,385,,2026-10-07
Melgar,Melgar,FBC Melgar,79.3252383302,386,,2026-10-07
Saint-Étienne,Saint-Étienne,AS Saint-Étienne,79.290319176,387,,2026-10-07
New York City,NYCFC,New York City Football Club,79.277440962,388,,2026-10-07
Zamalek,Zamalek,Zamalek SC,79.276814872,389,,2026-10-07
Widzew Łódź,Widzew,RTS Widzew Łódź,79.2733376627,390,,2026-10-07
O'Higgins,O'Higgins,CD O'Higgins,79.264243839,391,,2026-10-07
Orlando City,Orlando,Orlando City SC,79.2559540119,392,,2026-10-07
Moreirense,Moreirense,Moreirense FC,79.2518506754,393,,2026-10-07
Temperley,Temperley,CA Temperley,79.2462224388,394,,2026-10-07
Real Oviedo,Oviedo,Real Oviedo,79.2411071087,395,,2026-10-07
Luzern,Luzern,FC Luzern,79.2393742708,396,,2026-10-07
Wisła Płock,Wisła Płock,Wisła Płock SA,79.2386811353,397,,2026-10-07
Rizespor,Rize,Çaykur Rize SK,79.2248183824,398,,2026-10-07
Club Guaraní,Guaraní,Club Guaraní,79.2115655147,399,,2026-10-07
GAIS,GAIS,GAIS,79.193973466,400,,2026-10-07
Deportivo Saprissa,Saprissa,Deportivo Saprissa,79.1703508403,401,,2026-10-07
Aris,Aris,Aris Thessaloniki FC,79.1513444367,402,,2026-10-07
Houston Dynamo,Houston,Houston Dynamo FC,79.1287611373,403,,2026-10-07
Aris Limassol,Aris Limassol,Aris FC Limassol,79.1087146393,404,,2026-10-07
Libertad,Libertad,Libertad Fútbol Club,79.091995231,405,,2026-10-07
Alanyaspor,Alanyaspor,Alanyaspor Kulübü,79.0917318231,406,,2026-10-07
Osijek,Osijek,NK Osijek,79.0695500017,407,,2026-10-07
Deportivo Morón,Morón,CD Morón,79.0486711722,408,,2026-10-07
Municipal,Municipal,CSD Municipal,79.0428067665,409,,2026-10-07
Beitar Jerusalem,Beitar,Beitar Jerusalem FC,79.0425156254,410,,2026-10-07
Mechelen,Mechelen,KV Mechelen,79.0390496574,411,,2026-10-07
Go Ahead Eagles,GAE,Go Ahead Eagles,79.0293449198,412,,2026-10-07
Heart of Midlothian,Hearts,Heart of Midlothian FC,79.0237993375,413,,2026-10-07
Heidenheim,Heidenheim,1. FC Heidenheim 1846,79.0196401423,414,,2026-10-07
Portland Timbers,Portland,Portland Timbers,79.0157720842,415,,2026-10-07
Maghreb Fès,Maghreb Fès,Maghreb AS de Fès,79.0116799167,416,,2026-10-07
Sporting de Gijón,Gijón,Real Sporting de Gijón,79.0106285275,417,,2026-10-07
Belouizdad,Belouizdad,CR Belouizdad,79.0078673018,418,,2026-10-07
Zbrojovka Brno,Zbrojovka,FC Zbrojovka Brno,78.9822070556,419,,2026-10-07
Al Ittihad,Ittihad,Al Ittihad Club,78.9551141712,420,,2026-10-07
Sarpsborg 08,Sarpsborg,Sarpsborg 08 FF,78.9510123631,421,,2026-10-07
Bolton Wanderers,Bolton,Bolton Wanderers FC,78.9440801532,422,,2026-10-07
Cardiff City,Cardiff,Cardiff City FC,78.9322953497,423,,2026-10-07
MC Alger,MC Alger,MC Alger,78.9087371522,424,,2026-10-07
Cracovia,Cracovia,MKS Cracovia,78.8920879297,425,,2026-10-07
Godoy Cruz,Godoy Cruz,CD Godoy Cruz Antonio Tomba,78.879179816,426,,2026-10-07
OFI,OFI,OFI FC,78.8653981429,427,,2026-10-07
Marítimo,Marítimo,CS Marítimo Funchal,78.8362816671,428,,2026-10-07
Polissya,Polissya,Polissya Zhytomyr,78.8248429532,429,,2026-10-07
Basel,Basel,FC Basel 1893,78.8030052541,430,,2026-10-07
Baltika,Baltika,FK Baltika Kaliningrad,78.8019653586,431,,2026-10-07
Shabab Al Ahli,Shabab Al Ahli,Shabab Al Ahli Club,78.7953218313,432,,2026-10-07
Mushuc Runa,Mushuc Runa,Mushuc Runa SC,78.7640989849,433,,2026-10-07
Minnesota United,Minnesota,Minnesota United FC,78.7280761421,434,,2026-10-07
Kawasaki Frontale,Kawasaki,Kawasaki Frontale,78.7231333574,435,,2026-10-07
Amed,Amed,Amed SFK,78.7153057872,436,,2026-10-07
Deportivo Táchira,Táchira,Deportivo Táchira FC,78.7034366437,437,,2026-10-07
Yokohama F. Marinos,F Marinos,Yokohama F. Marinos,78.6863888576,438,,2026-10-07
Fredrikstad,Fredrikstad,Fredrikstad FK,78.6744013603,439,,2026-10-07
Neftçi,Neftçi,Neftçi PFC Bakı,78.6116567457,440,,2026-10-07
Lillestrøm,Lillestrøm,Lillestrøm SK,78.6016035854,441,,2026-10-07
Metropolitanos,Metropolitanos,Metropolitanos FC,78.5633873169,442,,2026-10-07
Reims,Reims,Stade de Reims,78.4934427229,443,,2026-10-07
Seoul,Seoul,FC Seoul,78.4915640772,444,,2026-10-07
ES Tunis,Tunis,Espérance Sportive de Tunis,78.4840940021,445,,2026-10-07
Śląsk Wrocław,Śląsk,WKS Śląsk Wrocław,78.4802689438,446,,2026-10-07
Alajuelense,Alajuelense,LD Alajuelense,78.4715464746,447,,2026-10-07
LA Galaxy,Galaxy,Los Angeles Galaxy,78.4632261239,448,,2026-10-07
Charlton Athletic,Charlton,Charlton Athletic FC,78.4605081363,449,,2026-10-07
Mladá Boleslav,Ml. Boleslav,FK Mladá Boleslav,78.4591214067,450,,2026-10-07
Plymouth Argyle,Plymouth,Plymouth Argyle FC,78.4584280416,451,,2026-10-07
Sabadell,Sabadell,CE Sabadell FC,78.45253443,452,,2026-10-07
Palestino,Palestino,CD Palestino,78.4510644916,453,,2026-10-07
Sporting Cristal,Cristal,Club Sporting Cristal SA,78.4257564454,454,,2026-10-07
APOEL,APOEL,APOEL FC,78.38423679,455,,2026-10-07
Riga,Riga,Riga FC,78.3790363805,456,,2026-10-07
Puskás,Puskás,Puskás Akadémia FC,78.3644751723,457,,2026-10-07
CSKA Sofia,CSKA,PFK CSKA Sofia,78.3547676499,458,,2026-10-07
Elfsborg,Elfsborg,IF Elfsborg,78.3360458858,459,,2026-10-07
Granada,Granada,Granada CF,78.3298052645,460,,2026-10-07
Excelsior,Excelsior,Excelsior Rotterdam,78.3242580316,461,,2026-10-07
Estrela,Estrela,Club Foot Estrela,78.3003354389,462,,2026-10-07
Austria Wien,Austria,FK Austria Wien,78.2937480153,463,,2026-10-07
Emelec,Emelec,CS Emelec,78.290197733,464,,2026-10-07
Colorado Rapids,Colorado,Colorado Rapids,78.2825978918,465,,2026-10-07
Sandefjord,Sandefjord,Sandefjord Fotball,78.2355005149,466,,2026-10-07
Aldosivi,Aldosivi,CA Aldosivi,78.2340304402,467,,2026-10-07
Leones,Leones,Leones FC,78.2336837243,468,,2026-10-07
Ferro Carril Oeste,Ferro,Club Ferro Carril Oeste,78.226402679,469,,2026-10-07
Maccabi Haifa,M Haifa,Maccabi Haifa FC,78.2216318484,470,,2026-10-07
Konyaspor,Konyaspor,Konyaspor Kulübü,78.1956278769,471,,2026-10-07
Atlético San Luis,San Luis,Atlético de San Luis,78.1754624643,472,,2026-10-07
Audax Italiano,Audax,Audax Italiano La Florida,78.1691936761,473,,2026-10-07
Kortrijk,Kortrijk,KV Kortrijk,78.1689301648,474,,2026-10-07
Bohemians 1905,Bohemians,Bohemians Praha 1905,78.1633825499,475,,2026-10-07
Racing,Racing,Racing Club de Montevideo,78.1528975218,476,,2026-10-07
Huddersfield Town,Huddersfield,Huddersfield Town FC,78.1332171633,477,,2026-10-07
Universitatea Cluj,U Cluj,FC Universitatea Cluj,78.1318302396,478,,2026-10-07
Stockport County,Stockport,Stockport County FC,78.1065187372,479,,2026-10-07
Kaiserslautern,1.FCK,1. FC Kaiserslautern,78.1054785326,480,,2026-10-07
Motor Lublin,Motor,Motor Lublin SA,78.0718450003,481,,2026-10-07
Cartaginés,Cartaginés,CS Cartaginés,78.0600003335,482,,2026-10-07
OB,OB,Odense BK,78.0583221031,483,,2026-10-07
Lokomotiv Moskva,Lokomotiv M,FK Lokomotiv Moskva,78.0548546809,484,,2026-10-07
Thun,Thun,FC Thun,78.0378642377,485,,2026-10-07
Petro de Luanda,Petro Luanda,Atlético Petróleos Luanda,78.0299029588,486,,2026-10-07
Kasımpaşa,Kasımpaşa,Kasımpaşa SK,78.0198334277,487,,2026-10-07
Spartak Trnava,Spartak,FC Spartak Trnava,78.0167126964,488,,2026-10-07
Estoril,Estoril,GD Estoril Praia,78.0097777231,489,,2026-10-07
Kocaelispor,Kocaelispor,Kocaelispor Kulübü,78.0024959788,490,,2026-10-07
Cienciano,Cienciano,Club Cienciano,77.9996387549,491,,2026-10-07
Tractor,Tractor,Tractor FC,77.9944631774,492,,2026-10-07
Llaneros,Llaneros,Club Llaneros SA,77.987502449,493,,2026-10-07
Deportivo Garcilaso,Deportivo G.,Club Deportivo Garcilaso,77.9743258167,494,,2026-10-07
Gimnasia Jujuy,Gimn Jujuy,CA Gimnasia y Esgrima de Jujuy,77.9722452889,495,,2026-10-07
Celje,Celje,NK Celje,77.9667804273,496,,2026-10-07
Urawa Reds,Urawa,Urawa Red Diamonds,77.944095913,497,,2026-10-07
Austin,Austin,Austin FC,77.9431454465,498,,2026-10-07
Real Salt Lake,Salt Lake,Real Salt Lake,77.9417584096,499,,2026-10-07
Deportes Limache,Limache,CD Limache,77.9299408221,500,,2026-10-07
Atlas,Atlas,Atlas FC,77.8762199757,501,,2026-10-07
Zrinjski,Zrinjski,HŠK Zrinjski Mostar,77.8682997563,502,,2026-10-07
Watford,Watford,Watford FC,77.8644852802,503,,2026-10-07
Silkeborg,Silkeborg,Silkeborg IF,77.8533885869,504,,2026-10-07
Žilina,Žilina,MŠK Žilina,77.8506144053,505,,2026-10-07
Malmö FF,Malmö,Malmö FF,77.8291143856,506,,2026-10-07
Deportivo Cuenca,Dep. Cuenca,CD Cuenca,77.8248698421,507,,2026-10-07
Academia Puerto Cabello,Puerto Cabello,Academia Puerto Cabello,77.8193214075,508,,2026-10-07
Deportes Concepción,Concepción,CD Concepción,77.815506851,509,,2026-10-07
Bochum,Bochum,VfL Bochum 1848,77.8114287364,510,,2026-10-07
Magdeburg,Magdeburg,1. FC Magdeburg,77.8062270493,511,,2026-10-07
Rio Ave,Rio Ave,Rio Ave FC,77.7746698974,512,,2026-10-07
Córdoba,Córdoba,Córdoba FC,77.7736295444,513,,2026-10-07
OH Leuven,OHL,Oud-Heverlee Leuven,77.7736295444,514,,2026-10-07
Juventud,Juventud,CA Juventud de Las Piedras,77.7721591781,515,,2026-10-07
Gimnasia y Tiro,Gimnasia Tiro,Club de Gimnasia y Tiro de Salta,77.7686913293,516,,2026-10-07
Rapid Bucureşti,Rapid,FC Rapid 1923,77.7316682527,517,,2026-10-07
2 de Mayo,2 de Mayo,Club 2 de Mayo,77.7315850229,518,,2026-10-07
Inter Turku,Inter Turku,FC Inter Turku,77.7264663868,519,,2026-10-07
Inter Bogotá,Inter Bogotá,Internacional de Bogotá,77.7215280713,520,,2026-10-07
Guayaquil City,Guayaquil City,Guayaquil City FC,77.7163261827,521,,2026-10-07
Horsens,Horsens,AC Horsens,77.7129414809,522,,2026-10-07
Sportivo Ameliano,Ameliano,Club Sportivo Ameliano,77.6715894588,523,,2026-10-07
Real España,Real España,Real CD España,77.6469965765,524,,2026-10-07
FC Andorra,FC Andorra,FC Andorra,77.6168776995,525,,2026-10-07
Radomiak Radom,Radomiak,RKS Radomiak Radom,77.6161840837,526,,2026-10-07
Deportivo Maipú,Maipú,CD Maipú,77.6056965877,527,,2026-10-07
Wieczysta Kraków,Wieczysta,KS Wieczysta Kraków,77.599190432,528,,2026-10-07
Preston North End,Preston,Preston North End FC,77.5936414575,529,,2026-10-07
Alianza Atlético,Alianza Atl.,Club Alianza Atlético Sullana,77.589396483,530,,2026-10-07
Randers,Randers,Randers FC,77.5856647834,531,,2026-10-07
Víkingur Reykjavík,Víkingur R,Víkingur Reykjavík,77.5821966556,532,,2026-10-07
Modena,Modena,Modena FC 2018,77.5756071985,533,,2026-10-07
Cerezo Osaka,Cerezo,Cerezo Osaka,77.5688724072,534,,2026-10-07
Çorum,Çorum,Çorum FK,77.5683240926,535,,2026-10-07
St. Pauli,St. Pauli,FC St. Pauli,77.5620814121,536,,2026-10-07
Estudiantes Caseros,Est Caseros,CA Estudiantes de Caseros,77.5564491126,537,,2026-10-07
Atlante,Atlante,Atlante FC,77.5554364071,538,,2026-10-07
Atlanta,Atlanta,CA Atlanta,77.5550618446,539,,2026-10-07
Villarreal II,Villarreal II,Villarreal CF II,77.5468214556,540,,2026-10-07
IFK Göteborg,IFK Göteborg,IFK Göteborg,77.5412723556,541,,2026-10-07
KFUM,KFUM,KFUM Fotball,77.5378041613,542,,2026-10-07
Paks,Paks,Paksi FC,77.5246249757,543,,2026-10-07
RAAL La Louvière,La Louvière,RAAL La Louvière,77.5173417093,544,,2026-10-07
Rubin Kazan,Rubin,FK Rubin Kazan,77.4923703361,545,,2026-10-07
Ararat-Armenia,Ararat-Armenia,Ararat-Armenia FC,77.4812718615,546,,2026-10-07
Wanderers,Wanderers,Montevideo Wanderers FC,77.4756393652,547,,2026-10-07
Vålerenga,Vålerenga,Vålerenga Fotball,77.4431204485,548,,2026-10-07
Ceramica Cleopatra,Ceramica Cleo,Ceramica Cleopatra FC,77.4410510378,549,,2026-10-07
CSKA 1948 Sofia,CSKA 1948,FK CSKA 1948 Sofia,77.3949100349,550,,2026-10-07
Cusco,Cusco,Cusco FC,77.3375972957,551,,2026-10-07
Nacional,Nacional,CD Nacional,77.3349057401,552,,2026-10-07
Jeonbuk Motors,Jeonbuk Motors,Jeonbuk Hyundai Motors FC,77.3330261584,553,,2026-10-07
Kairat,Kairat,FK Kairat Almaty,77.3258876188,554,,2026-10-07
Red Star,Red Star,Red Star FC,77.3154820503,555,,2026-10-07
Ñublense,Ñublense,CD Ñublense,77.2994435089,556,,2026-10-07
Tenerife,Tenerife,CD Tenerife,77.2912022081,557,,2026-10-07
San Martín Tucumán,SM Tucumán,CA San Martín de Tucumán,77.2890378211,558,,2026-10-07
Deportivo Pasto,Pasto,AD Pasto,77.2706543247,559,,2026-10-07
Casa Pia,Casa Pia,Casa Pia AC,77.2402137071,560,,2026-10-07
Luton Town,Luton,Luton Town FC,77.229807752,561,,2026-10-07
Bradford City,Bradford,Bradford City AFC,77.2204423522,562,,2026-10-07
Zira,Zira,Zira IK,77.2138518628,563,,2026-10-07
Real Valladolid,Valladolid,Real Valladolid CF,77.1982427339,564,,2026-10-07
Lyngby,Lyngby,Lyngby BK,77.1958146377,565,,2026-10-07
Gaziantep,Gaziantep,Gaziantep FK,77.191652181,566,,2026-10-07
Oxford United,Oxford U,Oxford United FC,77.147945932,567,,2026-10-07
Eldense,Eldense,CD Eldense,77.1247049695,568,,2026-10-07
Orense,Orense,Orense SC,77.100686749,569,,2026-10-07
New York RB,New York,New York Red Bulls,77.0847577158,570,,2026-10-07
Toronto,Toronto,Toronto FC,77.08406394,571,,2026-10-07
AIK,AIK,AIK Fotboll,77.0702438838,572,,2026-10-07
Hartberg,Hartberg,TSV Hartberg,77.048736603,573,,2026-10-07
Montpellier,Montpellier,Montpellier HSC,77.0473490295,574,,2026-10-07
Levadiakos,Levadiakos,Levadiakos FC,77.0404111499,575,,2026-10-07
Fortaleza,Fortaleza,Fortaleza FC,77.0153513541,576,,2026-10-07
Koper,Koper,FC Koper,77.0143939146,577,,2026-10-07
Albacete,Albacete,Albacete Balompié,77.0050276378,578,,2026-10-07
San Martín San Juan,San Martín SJ,CA San Martín de San Juan,76.9962718689,579,,2026-10-07
Delfín,Delfín,Delfín SC,76.9685196074,580,,2026-10-07
Vojvodina,Vojvodina,FK Vojvodina Novi Sad,76.9595833078,581,,2026-10-07
TP Mazembe,Mazembe,Tout Puissant Mazembe,76.9530059471,582,,2026-10-07
Pardubice,Pardubice,FK Pardubice,76.9457069973,583,,2026-10-07
Esteghlal,Esteghlal,Esteghlal FC,76.9255286397,584,,2026-10-07
Motagua,Motagua,FC Motagua,76.9213700262,585,,2026-10-07
Västerås,Västerås,Västerås SK Fotboll,76.9183010374,586,,2026-10-07
Marathón,Marathón,CD Marathón,76.8991675193,587,,2026-10-07
Estudiantes Río Cuarto,Estudiantes RC,AA Estudiantes de Río Cuarto,76.8991374856,588,,2026-10-07
Fagiano Okayama,Fagiano,Fagiano Okayama,76.8973408077,589,,2026-10-07
Energie Cottbus,Cottbus,FC Energie Cottbus,76.8915885842,590,,2026-10-07
Ried,Ried,SV Ried,76.8745895883,591,,2026-10-07
Midland,Midland,CA Ferrocarril Midland,76.8540379809,592,,2026-10-07
Atlanta United,Atlanta United,Atlanta United FC,76.8495557355,593,,2026-10-07
Újpest,Újpest,Újpest FC,76.846488931,594,,2026-10-07
Vasas,Vasas,Budapesti Vasas SC,76.8260203341,595,,2026-10-07
Fortuna Sittard,Fortuna,Fortuna Sittard,76.8222041348,596,,2026-10-07
Gençlerbirliği,Gençlerbirliği,Gençlerbirliği SK,76.819775641,597,,2026-10-07
Leganés,Leganés,CD Leganés,76.8190817851,598,,2026-10-07
Erzurumspor,Erzurumspor,Erzurumspor FK,76.8038169035,599,,2026-10-07
Kuwait SC,Kuwait,Kuwait SC,76.7982084508,600,,2026-10-07
Hellas Verona,Verona,Hellas Verona FC,76.7871641893,601,,2026-10-07
Sparta Rotterdam,Sparta,Sparta Rotterdam,76.7708582893,602,,2026-10-07
Rostov,Rostov,FK Rostov,76.770511354,603,,2026-10-07
Daejeon Hana Citizen,Daejeon,Daejeon Hana Citizen FC,76.7651619519,604,,2026-10-07
Egnatia Rrogozhinë,Egnatia,KS Egnatia Rrogozhinë,76.762184891,605,,2026-10-07
Al Wasl,Al Wasl,Al Wasl Club,76.7541477729,606,,2026-10-07
Alianza,Alianza,Alianza FC,76.7537751325,607,,2026-10-07
Colegiales,Colegiales,CA Colegiales,76.7527343187,608,,2026-10-07
Lokomotiva Zagreb,Lokomotiva,NK Lokomotiva Zagreb,76.7104907549,609,,2026-10-07
Maribor,Maribor,NK Maribor,76.7049396372,610,,2026-10-07
CFR Cluj,CFR,SCS CFR 1907 Cluj,76.7018171277,611,,2026-10-07
Huachipato,Huachipato,CD Huachipato,76.6996521852,612,,2026-10-07
Grazer AK,GAK,Grazer AK 1902,76.6542850664,613,,2026-10-07
Arminia Bielefeld,Bielefeld,DSC Arminia Bielefeld,76.6511624876,614,,2026-10-07
Gamba Osaka,Gamba,Gamba Osaka,76.6333224194,615,,2026-10-07
Persepolis,Persepolis,Persepolis FC,76.6323693598,616,,2026-10-07
Istra 1961,Istra,NK Istra 1961,76.6234060444,617,,2026-10-07
Novorizontino,Novorizontino,Grêmio Novorizontino,76.6195062371,618,,2026-10-07
Al Seeb,Seeb,Al Seeb Club,76.6174501908,619,,2026-10-07
Cúcuta Deportivo,Cúcuta,Cúcuta Deportivo FC,76.6122201024,620,,2026-10-07
HamKam,HamKam,Hamarkameratene Fotball,76.6018945689,621,,2026-10-07
Colón,Colón,CA Colón,76.5955659931,622,,2026-10-07
Sønderjyske,Sønderjyske,Sønderjyske Fodbold,76.5949553401,623,,2026-10-07
Al Sadd,Sadd,Al Sadd SC,76.593162963,624,,2026-10-07
Holstein Kiel,Holstein,Kieler SV Holstein 1900,76.5817707472,625,,2026-10-07
Al Ahli Tripoli,Ahli Tripoli,Al Ahli Tripoli,76.5470879649,626,,2026-10-07
Kabylie,Kabylie,JS Kabylie,76.5207158692,627,,2026-10-07
DC United,DC United,DC United,76.4949725891,628,,2026-10-07
Nacional Potosí,Nacional,CA Nacional Potosí,76.4859234065,629,,2026-10-07
Telstar,Telstar,Telstar 1963,76.4742093806,630,,2026-10-07
Aalesund,Aalesund,Aalesunds FK,76.4655348558,631,,2026-10-07
Juárez,Juárez,FC Juárez,76.444660344,632,,2026-10-07
Catanzaro,Catanzaro,US Catanzaro 1929,76.4339593067,633,,2026-10-07
Real Sociedad II,Sociedad II,Real Sociedad de Fútbol,76.4336123203,634,,2026-10-07
Cremonese,Cremonese,US Cremonese,76.4245906531,635,,2026-10-07
Kyoto Sanga,Kyoto,Kyoto Sanga FC,76.4053608502,636,,2026-10-07
Mantova,Mantova,Mantova 1911,76.3957904764,637,,2026-10-07
Boyacá Chicó,Boyacá Chicó,Boyacá Chicó FC,76.3901553149,638,,2026-10-07
Leicester City,Leicester,Leicester City FC,76.3826047318,639,,2026-10-07
Akhmat Grozny,Akhmat,FK Akhmat Grozny,76.3773998116,640,,2026-10-07
Sport Huancayo,Huancayo,Club Sport Huancayo,76.3519857503,641,,2026-10-07
Celta de Vigo II,Celta Vigo II,Real Club Celta Fortuna,76.347905039,642,,2026-10-07
Darmstadt 98,Darmstadt,SV Darmstadt 1898,76.3371480268,643,,2026-10-07
Deportivo La Guaira,La Guaira,Deportivo La Guaira FC,76.3370647465,644,,2026-10-07
Necaxa,Necaxa,Club Necaxa,76.2888588254,645,,2026-10-07
Osnabrück,Osnabrück,VfL Osnabrück,76.2781570556,646,,2026-10-07
RFS,RFS,FC RFS,76.2375564979,647,,2026-10-07
Krylya Sovetov,Krylya,PFK Krylya Sovetov Samara,76.2372094815,648,,2026-10-07
Metz,Metz,FC Metz,76.2365154484,649,,2026-10-07
Pisa,Pisa,Pisa Sporting Club,76.2160413784,650,,2026-10-07
Annecy,Annecy,FC Annecy,76.2056307636,651,,2026-10-07
Reading,Reading,Reading FC,76.1872385607,652,,2026-10-07
Sheffield Wednesday,Sheff Wed,Sheffield Wednesday FC,76.1868915366,653,,2026-10-07
Cobreloa,Cobreloa,CD Cobreloa,76.1489823014,654,,2026-10-07
MSV Duisburg,Duisburg,MSV Duisburg,76.1421249793,655,,2026-10-07
Wycombe Wanderers,Wycombe,Wycombe Wanderers FC,76.1376135718,656,,2026-10-07
Deportes Antofagasta,Antofagasta,CD Antofagasta,76.1142790411,657,,2026-10-07
Dender,Dender,FCV Dender EH,76.1136682589,658,,2026-10-07
Al Shorta,Shorta,Al Shorta,76.1118777839,659,,2026-10-07
Ceuta,Ceuta,AD Ceuta FC,76.0914578877,660,,2026-10-07
Ordabasy,Ordabasy,FK Ordabasy Shymkent,76.0761881312,661,,2026-10-07
Dinamo Minsk,Dinamo Minsk,FK Dinamo Minsk,76.0754940489,662,,2026-10-07
Nantes,Nantes,FC Nantes,76.0720236343,663,,2026-10-07
Stevenage,Stevenage,Stevenage FC,76.0692472988,664,,2026-10-07
Baník Ostrava,Ostrava,FC Baník Ostrava,76.0650827892,665,,2026-10-07
La Serena,La Serena,CD La Serena,76.0601408945,666,,2026-10-07
USM Alger,USM Alger,USM Alger,76.0234488726,667,,2026-10-07
Real Potosí,Real Potosí,Club Real Potosí,76.0091249191,668,,2026-10-07
Debrecen,Debrecen,Debreceni VSC,76.0067788507,669,,2026-10-07
Atromitos,Atromitos,PAE APS Atromitos Athens,76.0029612786,670,,2026-10-07
Dynamo Dresden,Dresden,SG Dynamo Dresden,76.0026142262,671,,2026-10-07
Mjällby,Mjällby,Mjällby AIF,76.0008789638,672,,2026-10-07
Pyunik,Pyunik,Pyunik FC,75.9981025411,673,,2026-10-07
Montréal,Montréal,Club de Foot Montréal,75.9914529949,674,,2026-10-07
Dinamo Makhachkala,Dinamo Makh.,FK Dinamo Makhachkala,75.9863027067,675,,2026-10-07
Sepahan,Sepahan,Foolad Mobarakeh Sepahan SC,75.9813863514,676,,2026-10-07
Club Africain,Club Africain,Club Africain,75.975902638,677,,2026-10-07
Start,Start,IK Start,75.9647852033,678,,2026-10-07
Rodez,Rodez,Rodez Aveyron Football,75.9491675323,679,,2026-10-07
Ponferradina,Ponferradina,SD Ponferradina,75.9488204718,680,,2026-10-07
Turan,Turan,Turan-T IK,75.9075198828,681,,2026-10-07
Chaco For Ever,Chaco,CA Chaco For Ever,75.9074365867,682,,2026-10-07
Atlético Madrileño,Atlético,Atlético Madrileño,75.8700363425,683,,2026-10-07
WSG Tirol,Tirol,WSG Tirol,75.8624007303,684,,2026-10-07
Partizan,Partizan,FK Partizan Beograd,75.8540709421,685,,2026-10-07
UCV,UCV,Universidad Central de Venezuela FC,75.8519051921,686,,2026-10-07
Hibernian,Hibernian,Hibernian FC,75.8499060365,687,,2026-10-07
Nyíregyháza Spartacus,Nyíregyháza,Nyíregyháza Spartacus FC,75.8033974023,688,,2026-10-07
Aurora,Aurora,Club Deportivo Aurora,75.7994961868,689,,2026-10-07
Almirante Brown,Almirante,Club Almirante Brown,75.7890836568,690,,2026-10-07
Motherwell,Motherwell,Motherwell FC,75.7659121344,691,,2026-10-07
Beerschot,Beerschot,Koninklijke Beerschot VA,75.7492518155,692,,2026-10-07
Santos Laguna,Santos Laguna,Club Santos Laguna,75.7273294251,693,,2026-10-07
Juve Stabia,Juve Stabia,SS Juve Stabia,75.718707578,694,,2026-10-07
Kaizer Chiefs,Chiefs,Kaizer Chiefs FC,75.70795918,695,,2026-10-07
Al Jazira,Al Jazira,Al Jazira Club,75.69504734,696,,2026-10-07
Haugesund,Haugesund,FK Haugesund,75.6888571281,697,,2026-10-07
Real Zaragoza,Zaragoza,Real Zaragoza,75.6871216246,698,,2026-10-07
Quilmes,Quilmes,Quilmes AC,75.6821789035,699,,2026-10-07
Wolfsberger AC,WAC,Wolfsberger AC,75.6662954792,700,,2026-10-07
Al Masry,Masry,Al Masry SC,75.664571561,701,,2026-10-07
Torreense,Torreense,SC União Torreense,75.660394703,702,,2026-10-07
AEL,AEL,AEL Limassol,75.6513699566,703,,2026-10-07
Manta,Manta,Manta FC,75.6492040121,704,,2026-10-07
Kristiansund,Kristiansund,Kristiansund BK,75.6381798776,705,,2026-10-07
Buriram United,Buriram Utd,Buriram United FC,75.635951788,706,,2026-10-07
Kongsvinger,Kongsvinger,Kongsvinger IL,75.6194359483,707,,2026-10-07
Técnico Universitario,Técnico Univ,CD Técnico Universitario,75.6162286381,708,,2026-10-07
Astana,Astana,FK Astana,75.6027745469,709,,2026-10-07
Agropecuario,Agropecuario,Club Agropecuario Argentino,75.6006085556,710,,2026-10-07
Rubio Ñú,Rubio Ñú,Club Rubio Ñú,75.5898479913,711,,2026-10-07
Cerro Largo,Cerro Largo,Cerro Largo FC,75.5874181793,712,,2026-10-07
Mansfield Town,Mansfield,Mansfield Town FC,75.5715340868,713,,2026-10-07
Atlético Huila,Huila,CD Atlético Huila,75.555483264,714,,2026-10-07
HNK Gorica,Gorica,HNK Gorica,75.5545252096,715,,2026-10-07
MC Oran,MC Oran,MC Oran,75.5482886214,716,,2026-10-07
NEOM,NEOM,NEOM SC,75.5409298466,717,,2026-10-07
Sport Boys,Boys,Sport Boys Association,75.5297961554,718,,2026-10-07
Nagoya Grampus,Nagoya,Nagoya Grampus,75.527998394,719,,2026-10-07
Ciudad de Bolívar,Ciudad Bolívar,Club Ciudad de Bolívar,75.5235478955,720,,2026-10-07
União de Leiria,União Leiria,UD Leiria,75.5048863224,721,,2026-10-07
Kifisia,Kifisia,Kifisias FC,75.5048863224,722,,2026-10-07
Austria Lustenau,A Lustenau,SC Austria Lustenau,75.5045391935,723,,2026-10-07
Shkendija,Shkendija,KF Shkendija,75.50176216,724,,2026-10-07
Saoura,Saoura,JS Saoura,75.500732375,725,,2026-10-07
Greuther Fürth,Greuther Fürth,SpVgg Greuther Fürth,75.4962080828,726,,2026-10-07
Herediano,Herediano,CS Herediano,75.4951111509,727,,2026-10-07
Bravo,Bravo,NK Bravo,75.485794151,728,,2026-10-07
Südtirol,Südtirol,FC Südtirol,75.4847527552,729,,2026-10-07
Unión La Calera,La Calera,CD Unión La Calera,75.4374589906,730,,2026-10-07
UD Logroñés,UD Logroñés,UD Logroñés,75.4371951647,731,,2026-10-07
PEC Zwolle,PEC,PEC Zwolle,75.4330294883,732,,2026-10-07
Vaduz,Vaduz,FC Vaduz,75.4319880681,733,,2026-10-07
Defensores de Belgrano,Defensores,CA Defensores de Belgrano,75.4155891063,734,,2026-10-07
Boston River,Boston River,CA Boston River,75.4089933851,735,,2026-10-07
MTK,MTK,MTK Budapest,75.4069938363,736,,2026-10-07
Karlsruher SC,KSC,Karlsruher SC,75.3976209277,737,,2026-10-07
KuPS,KuPS,Kuopion Palloseura,75.3955380538,738,,2026-10-07
Portuguesa,Portuguesa,Portuguesa FC,75.3947604471,739,,2026-10-07
Zalaegerszeg,ZTE,Zalaegerszegi TE,75.3931080318,740,,2026-10-07
Anorthosis,Anorthosis,Anorthosis Famagusta FC,75.3760978043,741,,2026-10-07
Orenburg,Orenburg,FK Orenburg,75.3736677612,742,,2026-10-07
Cádiz,Cádiz,Cádiz CF,75.3441598859,743,,2026-10-07
Gangwon,Gangwon,Gangwon FC,75.3325583244,744,,2026-10-07
Strømsgodset,Strømsgodset,Strømsgodset IF,75.3195118336,745,,2026-10-07
Defensor Sporting,Defensor,Defensor Sporting Club,75.3090137641,746,,2026-10-07
Mazatlán,Mazatlán,Mazatlán FC,75.3041813028,747,,2026-10-07
National Bank of Egypt,National Bank,National Bank of Egypt SC,75.2959165989,748,,2026-10-07
Košice,Košice,FC Košice,75.291044732,749,,2026-10-07
Podbrezová,Podbrezová,FK Železiarne Podbrezová,75.2816713389,750,,2026-10-07
Pakhtakor,Pakhtakor,FK Pakhtakor Tashkent,75.2732818009,751,,2026-10-07
Municipal Liberia,Liberia,AD Municipal Liberia,75.2628688885,752,,2026-10-07
Karpaty Lviv,Karpaty Lviv,FC Karpaty Lviv,75.2615357694,753,,2026-10-07
Puebla,Puebla,Club Puebla,75.2607858895,754,,2026-10-07
Ulsan HD,Ulsan,Ulsan HD FC,75.257571471,755,,2026-10-07
Alcorcón,Alcorcón,AD Alcorcón,75.2417471886,756,,2026-10-07
Jaguares de Córdoba,Jaguares,Jaguares de Córdoba FC,75.2413166982,757,,2026-10-07
Real Madrid II,Real Madrid II,Real Madrid Castilla CF,75.2334151022,758,,2026-10-07
Lugo,Lugo,CD Lugo,75.2254301571,759,,2026-10-07
Zamora,Zamora,Zamora CF,75.2181395301,760,,2026-10-07
Zürich,Zürich,FC Zürich,75.2021695024,761,,2026-10-07
Jeju FC,Jeju,Jeju SK FC,75.2002881563,762,,2026-10-07
Oriente Petrolero,O. Petrolero,CD Oriente Petrolero,75.1906293507,763,,2026-10-07
Eyüpspor,Eyüp,Eyüp Spor Kulübü,75.1900183181,764,,2026-10-07
San Luis,San Luis,CD San Luis de Quillota,75.1854216815,765,,2026-10-07
ML Vitebsk,ML Vitebsk,FK Maxline Vitebsk,75.1827275758,766,,2026-10-07
FCSB,FCSB,SC Fotbal Club FCSB SA,75.1622439347,767,,2026-10-07
Wydad Casablanca,Wydad AC,Wydad Athletic Club,75.1591309002,768,,2026-10-07
Juventude,Juventude,EC Juventude,75.116332123,769,,2026-10-07
Penafiel,Penafiel,FC Penafiel,75.1066941336,770,,2026-10-07
Virtus Entella,Virtus Entella,Virtus Entella,75.1011390776,771,,2026-10-07
Sporting San José,SP. San José,Sporting San José FC,75.0930981096,772,,2026-10-07
Real Murcia,Murcia,Real Murcia CF,75.0872513772,773,,2026-10-07
Brommapojkarna,Brommapojkarna,IF Brommapojkarna,75.0869041835,774,,2026-10-07
SCR Altach,Altach,SCR Altach,75.0810018838,775,,2026-10-07
Dinamo City,Dinamo,FC Dinamo City,75.0803074946,776,,2026-10-07
Patronato,Patronato,CA Patronato de la Juventud Católica,75.07189148,777,,2026-10-07
Farense,Farense,SC Farense,75.0705860228,778,,2026-10-07
Malisheva,Malisheva,KF Malisheva,75.0136474062,779,,2026-10-07
Arkadag,Arkadag,FK Arkadag,75.0083817177,780,,2026-10-07
Xelajú,Xelajú,CSD Xelajú Mario Camposeco,74.9944932124,781,,2026-10-07
Slaven Koprivnica,Slaven,NK Slaven Belupo Koprivnica,74.9660775281,782,,2026-10-07
Atlético Rafaela,Rafaela,AMSyD Atlético de Rafaela,74.9583555103,783,,2026-10-07
Kharkiv,Kharkiv,FK Kharkiv,74.9542722743,784,,2026-10-07
Los Andes,Los Andes,CA Los Andes,74.9333559889,785,,2026-10-07
Nouadhibou,FCNDB,FC Nouadhibou ASJN,74.928589877,786,,2026-10-07
Fortaleza,Fortaleza,Fortaleza EC,74.9253699716,787,,2026-10-07
Ascoli,Ascoli,Ascoli Calcio 1898 FC,74.9230227715,788,,2026-10-07
Recoleta,Recoleta,Recoleta FC,74.9114811777,789,,2026-10-07
Real Cundinamarca,Cundinamarca,Real Cundinamarca,74.9114811777,790,,2026-10-07
Mito Hollyhock,Mito,Mito Hollyhock,74.9079468131,791,,2026-10-07
Vizela,Vizela,FC Vizela,74.9046200816,792,,2026-10-07
Mirandés,Mirandés,CD Mirandés,74.901147859,793,,2026-10-07
Antequera,Antequera,Antequera CF,74.8924672786,794,,2026-10-07
Shimizu S-Pulse,Shimizu,Shimizu S-Pulse,74.8673215299,795,,2026-10-07
Sportivo Luqueño,Luqueño,Club Sportivo Luqueño,74.8448137625,796,,2026-10-07
FAS,FAS,CD FAS,74.8293919765,797,,2026-10-07
Pontevedra,Pontevedra,Pontevedra CF,74.8230214185,798,,2026-10-07
Neftchi,Neftchi,FK Neftchi Farg'ona,74.8115050313,799,,2026-10-07
UTA Arad,Arad,AFC UTA Arad,74.8087847497,800,,2026-10-07
Eintracht Braunschweig,BTSV,Braunschweiger TSV Eintracht 1895,74.8049651401,801,,2026-10-07
Vinotinto de Ecuador,Vinotinto,Vinotinto de Ecuador FC,74.7784915934,802,,2026-10-07
Sporting KC,Sporting KC,Sporting Kansas City,74.7781721311,803,,2026-10-07
Cobresal,Cobresal,CD Cobresal,74.7708522638,804,,2026-10-07
Lausanne-Sport,Lausanne,FC Lausanne-Sport,74.7698938733,805,,2026-10-07
Olimpija,Olimpija,NK Olimpija Ljubljana,74.7691993872,806,,2026-10-07
Cerro,Cerro,CA Cerro,74.7666853456,807,,2026-10-07
Wadi Degla,Wadi Degla,Wadi Degla SC,74.7570574523,808,,2026-10-07
Artis Brno,Artis,SK Artis Brno,74.7441977427,809,,2026-10-07
Guabirá,Guabirá,CDSC Guabirá,74.7416836729,810,,2026-10-07
Djoliba,Djoliba,Djoliba AC Bamako,74.7247657167,811,,2026-10-07
Ittihad Tanger,IR Tanger,Ittihad Riadhi de Tanger,74.7230271814,812,,2026-10-07
Cesena,Cesena,Cesena FC,74.7153760538,813,,2026-10-07
Danubio,Danubio,Danubio FC,74.7100839345,814,,2026-10-07
Al Rayyan,Rayyan,Al Rayyan SC,74.6809402726,815,,2026-10-07
Avispa Fukuoka,Avispa,Avispa Fukuoka,74.6798106165,816,,2026-10-07
Hansa Rostock,Rostock,FC Hansa Rostock,74.6719691907,817,,2026-10-07
Empoli,Empoli,Empoli FC,74.666413051,818,,2026-10-07
Atlético Grau,Grau,Club Atlético Grau,74.6517447755,819,,2026-10-07
Kauno Žalgiris,Kauno Žalgiris,FK Kauno Žalgiris,74.6466191904,820,,2026-10-07
Maccabi Netanya,M Netanya,Maccabi Netanya FC,74.6334231854,821,,2026-10-07
Central Español,Central Esp.,Central Español FC,74.628825401,822,,2026-10-07
Benevento,Benevento,Benevento Calcio,74.6285614795,823,,2026-10-07
Erbil,Erbil,Erbil SC,74.6264225539,824,,2026-10-07
Sampdoria,Sampdoria,UC Sampdoria,74.6160599013,825,,2026-10-07
Santiago Wanderers,Wanderers,CD Santiago Wanderers,74.5840277586,826,,2026-10-07
Doncaster Rovers,Doncaster,Doncaster Rovers FC,74.5709147272,827,,2026-10-07
LNZ Cherkasy,LNZ Cherkasy,LNZ Cherkasy FC,74.5653583346,828,,2026-10-07
Grasshoppers,GC Zürich,Grasshopper Club Zürich,74.5500781832,829,,2026-10-07
Asteras Tripolis,Asteras,Asteras Tripolis Aktor FC,74.5462581288,830,,2026-10-07
Gimcheon Sangmu,Gimcheon,Gimcheon Sangmu FC,74.5336105766,831,,2026-10-07
Avellino,Avellino,US Avellino 1912,74.5247267906,832,,2026-10-07
Nueva Chicago,Nueva Chicago,CA Nueva Chicago,74.51839237,833,,2026-10-07
Al Faisaly,Faisaly,Al Faisaly SC,74.5073050358,834,,2026-10-07
Incheon United,Incheon Utd,Incheon United FC,74.5065225755,835,,2026-10-07
Arda Kardzhali,Arda,FK Arda 1924 Kardzhali,74.5059735192,836,,2026-10-07
Leixões,Leixões,Leixões SC,74.5004169638,837,,2026-10-07
San Telmo,San Telmo,CA San Telmo,74.4958189037,838,,2026-10-07
Tondela,Tondela,CD Tondela,74.4941658224,839,,2026-10-07
Ibiza,Ibiza,UD Ibiza,74.4726339781,840,,2026-10-07
Guingamp,Guingamp,En Avant Guingamp,74.471939399,841,,2026-10-07
Atlético Goianiense,Atlético GO,Atlético Goianiense,74.4708141804,842,,2026-10-07
Deportivo Pereira,Pereira,Deportivo Pereira FC,74.4458091748,843,,2026-10-07
Diriangén,Diriangén,Diriangén FC,74.4425399503,844,,2026-10-07
Dunkerque,Dunkerque,US du Littoral de Dunkerque,74.4250548058,845,,2026-10-07
CS Constantine,CS Constantine,CS Constantine,74.4108271937,846,,2026-10-07
ADO Den Haag,ADO,ADO Den Haag,74.4101209861,847,,2026-10-07
V-Varen Nagasaki,V-Varen,V-Varen Nagasaki,74.4002510652,848,,2026-10-07
All Boys,All Boys,CA All Boys,74.3968402209,849,,2026-10-07
Panaitolikos,Panaitolikos,Panaitolikos GFS Agrinio,74.3920613487,850,,2026-10-07
Cambuur,Cambuur,SC Cambuur Leeuwarden,74.3795584364,851,,2026-10-07
Vardar Skopje,Vardar,FK Vardar Skopje,74.3778219153,852,,2026-10-07
Estudiantes de Mérida,Estudiantes,Estudiantes de Mérida FC,74.3770439533,853,,2026-10-07
HJK,HJK,Helsingin Jalkapalloklubi,74.3611512426,854,,2026-10-07
Juan Pablo II College,Juan Pablo,ADC Juan Pablo II College,74.3496067281,855,,2026-10-07
FUS Rabat,FUS Rabat,Fath Union Sport de Rabat,74.348659765,856,,2026-10-07
Al Zawra'a,Zawra'a,Al Zawra'a SC,74.3308799865,857,,2026-10-07
Ben Aknoun,Ben Aknoun,ES Ben Aknoun,74.3153178543,858,,2026-10-07
Independiente Juniors,Ind. Juniors,CD Independiente Juniors,74.3138336321,859,,2026-10-07
Stade Malien Bamako,SM Bamako,Stade Malien de Bamako,74.3073318982,860,,2026-10-07
Auckland,Auckland,Auckland FC,74.300573475,861,,2026-10-07
Honvéd,Honvéd,Kispest-Honvéd FC,74.2830057889,862,,2026-10-07
ZED,ZED,ZED FC,74.2826700793,863,,2026-10-07
Rot-Weiss Essen,RW Essen,Rot-Weiss Essen,74.2826584696,864,,2026-10-07
Rudeš,Rudeš,NK Rudeš Zagreb,74.2798799133,865,,2026-10-07
Azam,Azam,Azam FC,74.2783308684,866,,2026-10-07
Envigado,Envigado,Envigado FC,74.2773653168,867,,2026-10-07
Almagro,Almagro,Club Almagro,74.2756287154,868,,2026-10-07
Sarajevo,Sarajevo,FK Sarajevo,74.2708495811,869,,2026-10-07
ENPPI,ENPPI,ENPPI Club,74.2528004158,870,,2026-10-07
Al Mokawloon,Mokawloon,Al Mokawloon Al Arab,74.2389074114,871,,2026-10-07
Pohang Steelers,Pohang,FC Pohang Steelers,74.231456409,872,,2026-10-07
Alemannia Aachen,Alemannia,TSV Alemannia Aachen,74.227434007,873,,2026-10-07
San Martín Formosa,SM Formosa,CS General San Martín de Formosa,74.2273506483,874,,2026-10-07
Iraklis 1908,Iraklis 1908,Iraklis 1908 FC,74.2201401068,875,,2026-10-07
Chacarita Juniors,Chacarita,CA Chacarita Juniors,74.2179727718,876,,2026-10-07
Pau,Pau,Pau FC,74.1906169311,877,,2026-10-07
Grenoble,Grenoble,Grenoble Foot 38,74.1906169311,878,,2026-10-07
Cambridge United,Cambridge U,Cambridge United FC,74.1805442278,879,,2026-10-07
Olimpo,Olimpo,Club Olimpo de Bahía Blanca,74.1797661964,880,,2026-10-07
Kalmar,Kalmar,Kalmar FF,74.1746395183,881,,2026-10-07
CS Sfaxien,Sfax,CS Sfaxien,74.1708304258,882,,2026-10-07
Lusitânia Lourosa,Lourosa,FC Lusitânia de Lourosa,74.168734793,883,,2026-10-07
Kisvárda,Kisvárda,Kisvárda Master Good FC,74.1624827137,884,,2026-10-07
San Marcos,San Marcos,CD San Marcos de Arica,74.1481584385,885,,2026-10-07
Al Ittihad Ahli Aleppo,Al Ittihad,Al Ittihad Al Ahli Aleppo SC,74.1368978611,886,,2026-10-07
Power Dynamos,Dynamos,Power Dynamos FC,74.1314096165,887,,2026-10-07
Nancy,Nancy,AS Nancy-Lorraine,74.1232331441,888,,2026-10-07
Atlético FC,Atlético,Atlético FC,74.1224550925,889,,2026-10-07
Petrojet,Petrojet,Petrojet SC,74.1159505099,890,,2026-10-07
Cartagena,Cartagena,FC Cartagena,74.1138548249,891,,2026-10-07
Vicenza,Vicenza,LR Vicenza Virtus,74.1065605491,892,,2026-10-07
Unión Magdalena,Magdalena,AD Unión Magdalena,74.0998775819,893,,2026-10-07
Công An Hà Nội,CAHN,Công An Hà Nội FC,74.0952998765,894,,2026-10-07
Huesca,Huesca,SD Huesca,74.0798146644,895,,2026-10-07
Athletic Club II,Athletic II,Bilbao Athletic,74.0756464454,896,,2026-10-07
Plaza Amador,Plaza Amador,CD Plaza Amador,74.0696858784,897,,2026-10-07
Mitre Santiago d. Estero,Mitre SdE,CA Mitre de Santiago del Estero,74.062363668,898,,2026-10-07
Antigua,Antigua,Antigua GFC,74.0516234557,899,,2026-10-07
Hapoel Haifa,H Haifa,Hapoel Haifa FC,74.0388268343,900,,2026-10-07
Dijon,Dijon,Dijon FCO,74.0308375921,901,,2026-10-07
Železničar Pančevo,Železničar,FK Železničar Pančevo,74.0072170543,902,,2026-10-07
Albion,Albion,Albion FC,73.983512895,903,,2026-10-07
Racing Córdoba,Racing Córdoba,CA Racing de Córdoba,73.9807339616,904,,2026-10-07
Slovácko,Slovácko,1. FC Slovácko,73.9766489231,905,,2026-10-07
Scottland Mabvuku,Scottland,Scottland FC Mabvuku,73.9606838529,906,,2026-10-07
Nea Salamis,Nea Salamis,Nea Salamis Famagusta,73.9578909959,907,,2026-10-07
Deportivo Alavés II,Alavés II,Deportivo Alavés II,73.9575436253,908,,2026-10-07
Criciúma,Criciúma,Criciúma EC,73.9425232711,909,,2026-10-07
UTS Rabat,UTS,Union Touarga Sportif,73.9290706666,910,,2026-10-07
Firpo,Firpo,CD Luis Ángel Firpo,73.9281373205,911,,2026-10-07
Drita,Drita,KF Drita,73.9259349606,912,,2026-10-07
Modern,Modern,Modern SC,73.9207336494,913,,2026-10-07
ES Sétif,ES Sétif,ES Sétif,73.9176072597,914,,2026-10-07
Caracas,Caracas,Caracas FC,73.9084804601,915,,2026-10-07
Olympiakos Nicosia,Olympiakos,Olympiakos Nicosia FC,73.9050900451,916,,2026-10-07
Al Ettifaq,Ettifaq,Al Ettifaq Club,73.9005164796,917,,2026-10-07
Benfica II,Benfica II,SL Benfica II,73.8977950772,918,,2026-10-07
Hércules,Hércules,Hércules CF,73.8776469446,919,,2026-10-07
Padova,Calcio Padova,Calcio Padova Spa,73.8762574115,920,,2026-10-07
Air Force,Air Force,Air Force SC,73.8518850846,921,,2026-10-07
Deportes Iquique,Iquique,CD Iquique,73.8497727407,922,,2026-10-07
Central Norte,Central Norte,CA Central Norte,73.8410880335,923,,2026-10-07
CF Os Belenenses,Belenenses,CF Os Belenenses,73.837350125,924,,2026-10-07
SS Reyes,Sanse,UD San Sebastián de los Reyes,73.8286653687,925,,2026-10-07
Olancho,Olancho,Olancho FC,73.8254855489,926,,2026-10-07
St Patrick's Athletic,St Pat's,St Patrick's Athletic FC,73.8213701469,927,,2026-10-07
CRB,CRB,Clube de Regatas Brasil,73.8122545594,928,,2026-10-07
Cultural Leonesa,Cultural,Cultural y Deportiva Leonesa,73.8095587839,929,,2026-10-07
Barakaldo,Barakaldo,Barakaldo CF,73.7883676497,930,,2026-10-07
Blooming,Blooming,CSCyD Blooming,73.7834207063,931,,2026-10-07
Magallanes,Magallanes,CD Magallanes,73.7601449099,932,,2026-10-07
Al-Karma,Karma,Al-Karma SC,73.7441923899,933,,2026-10-07
Foolad,Foolad,Foolad Khuzestan FC,73.736547198,934,,2026-10-07
Cuiabá,Cuiabá,Cuiabá EC,73.735479244,935,,2026-10-07
Isloch,Isloch,FK Isloch Minsk Region,73.7296567167,936,,2026-10-07
Akron,Akron,FK Akron Tolyatti,73.7220137577,937,,2026-10-07
Kawkab Marrakech,Kawkab,Kawkab Athlétique Club de Marrakech,73.7171616553,938,,2026-10-07
Rouen,Rouen,FC Rouen 1899,73.6879675253,939,,2026-10-07
Monagas,Monagas,Monagas SC,73.6878841462,940,,2026-10-07
Paradise,Paradise,Paradise FC International,73.6686327048,941,,2026-10-07
Al Wahda,Al Wahda,Al Wahda FC,73.6656753235,942,,2026-10-07
9 de Octubre,9 de Octubre,Club 9 de Octubre,73.6618279976,943,,2026-10-07
Radnički 1923,Radnički 1923,FK Radnički 1923,73.6424559187,944,,2026-10-07
Al Hilal Omdurman,Hilal Omdurman,Al-Hilal SC (Omdurman),73.6308312011,945,,2026-10-07
Farul Constanţa,Farul,FCV Farul Constanţa,73.6282116337,946,,2026-10-07
Al Ittihad,Ittihad,Al Ittihad Al Iskandary,73.6244015937,947,,2026-10-07
Degerfors,Degerfors,Degerfors IF,73.6216105921,948,,2026-10-07
Khenchela,Khenchela,USM Khenchela,73.6171056918,949,,2026-10-07
Deportes Quindío,Quindío,Corporación Deportes Quindío,73.6114518977,950,,2026-10-07
Sochaux,Sochaux,FC Sochaux Montbéliard,73.601459921,951,,2026-10-07
Tokyo Verdy,Tokyo Verdy,Tokyo Verdy,73.600966922,952,,2026-10-07
Corvinul Hunedoara,Hunedoara,SC Corvinul 1921 Hunedoara,73.5972907934,953,,2026-10-07
Blackpool,Blackpool,Blackpool FC,73.5952062266,954,,2026-10-07
Guastatoya,Guastatoya,Deportivo Guastatoya,73.5847277743,955,,2026-10-07
FCI Levadia,Levadia,Tallinna FCI Levadia,73.5813090642,956,,2026-10-07
Olympique Akbou,Akbou,Olympique Akbou,73.5649913989,957,,2026-10-07
Dundee United,Dundee Utd,Dundee United FC,73.5642849197,958,,2026-10-07
Robinhood,Robinhood,SV Robinhood,73.5514044659,959,,2026-10-07
Comerciantes Unidos,Comerciantes,CD Comerciantes Unidos,73.5350169787,960,,2026-10-07
Melbourne City,Melbourne City,Melbourne City FC,73.5227944399,961,,2026-10-07
Viktoria Köln,Viktoria Köln,FC Viktoria Köln 1904,73.5191181798,962,,2026-10-07
AF Elbasani,AF Elbasani,AF Elbasani,73.5191181798,963,,2026-10-07
Kalamata,Kalamata,PS PAE Kalamata,73.5173809788,964,,2026-10-07
1º de Agosto,1º de Agosto,CD Primeiro de Agosto,73.5107935003,965,,2026-10-07
Los Chankas,Los Chankas,CD Los Chankas CYC,73.5103487752,966,,2026-10-07
Fortuna Düsseldorf,Düsseldorf,Düsseldorfer TuS Fortuna 1895,73.5100847197,967,,2026-10-07
Muharraq,Muharraq,Muharraq Club,73.4884855945,968,,2026-10-07
Deportes Copiapó,Copiapó,CD Copiapó,73.4884598544,969,,2026-10-07
Alvarado,Alvarado,CA Alvarado,73.4808160526,970,,2026-10-07
Al Taawoun,Taawoun,Al Taawoun FC,73.4797994541,971,,2026-10-07
Moghreb Tétouan,Tétouan,Moghreb Athlétic de Tétouan,73.4784789294,972,,2026-10-07
Felgueiras 1932,Felgueiras,FC Felgueiras 1932,73.4774249756,973,,2026-10-07
Asswehly,Asswehly,Asswehly SC,73.4743118511,974,,2026-10-07
Notts County,Notts,Notts County FC,73.4426800306,975,,2026-10-07
Norrköping,Norrköping,IFK Norrköping,73.4218327981,976,,2026-10-07
Cacereño,Cacereño,CP Cacereño,73.419400608,977,,2026-10-07
Persib Bandung,Persib,Persatuan Sepakbola Indonesia Bandung,73.419255024,978,,2026-10-07
Arezzo,Arezzo,SS Arezzo,73.4187056961,979,,2026-10-07
Omonia Aradippou,Omonia,Omonia FC Aradippou,73.415231133,980,,2026-10-07
Real Estelí,Estelí,Real Estelí FC,73.4111820711,981,,2026-10-07
Bohemians,Bohemians,Bohemian FC,73.4079345325,982,,2026-10-07
AVS,AVS,AVS Futebol,73.4006379075,983,,2026-10-07
ASEC Mimosas,ASEC,AS des Employés de Commerce Mimosas,73.3959611056,984,,2026-10-07
Unionistas de Salamanca,Unionistas,CD Unionistas de Salamanca CF,73.3954260177,985,,2026-10-07
Al Ansar,Ansar,Al Ansar FC,73.394328273,986,,2026-10-07
Willem II,Willem II,Willem II Tilburg,73.3922988777,987,,2026-10-07
Al Khaldiya,Khaldiya,Al Khaldiya SC,73.3734782943,988,,2026-10-07
Vipers,Vipers,Vipers SC,73.370770135,989,,2026-10-07
Wiliete,Wiliete,Wiliete SC,73.3624309909,990,,2026-10-07
Falkirk,Falkirk,Falkirk FC,73.3561627133,991,,2026-10-07
Red Arrows,Red Arrows,Red Arrows FC,73.3556554129,992,,2026-10-07
Sport Recife,Sport,SC do Recife,73.3543419907,993,,2026-10-07
San Miguel,San Miguel,CA San Miguel,73.3515622586,994,,2026-10-07
Rodina Moskva,Rodina,FK Rodina Moskva,73.3259329617,995,,2026-10-07
Carrarese,Carrarese,Carrarese Calcio 1908,73.2929229837,996,,2026-10-07
IMT,IMT,FK IMT,73.2807612867,997,,2026-10-07
Shamrock Rovers,Shamrock,Shamrock Rovers FC,73.2797188524,998,,2026-10-07
Argeș,Argeș,ACS Campionii FC Argeş,73.2779814607,999,,2026-10-07
Melbourne Victory,Mel Victory,Melbourne Victory,73.2771409101,1000,,2026-10-07
AmaZulu,AmaZulu,AmaZulu FC,73.2658312954,1001,,2026-10-07
Teuta Durrës,Teuta,KF Teuta Durrës,73.2498355226,1002,,2026-10-07
Al Duhail,Al Duhail,Al Duhail SC,73.2487354205,1003,,2026-10-07
Burton Albion,Burton,Burton Albion FC,73.2414959155,1004,,2026-10-07
Oţelul Galați,Oţelul,ASC Oțelul Galați,73.2345462185,1005,,2026-10-07
Vila Nova,Vila Nova,Vila Nova FC,73.2330728798,1006,,2026-10-07
Primavera SP,Primavera,EC Primavera,73.227860589,1007,,2026-10-07
Botoșani,Botoșani,FC Botoșani,73.2255115791,1008,,2026-10-07
Sporting CP II,Sporting CP II,Sporting CP II,73.2143919715,1009,,2026-10-07
Renaissance Zemamra,RCA Zemamra,Renaissance Club Athletic Zemamra,73.2140560983,1010,,2026-10-07
KÍ,KÍ,KÍ Klaksvík,73.2060522285,1011,,2026-10-07
Capivariano,Capivariano,Capivariano FC,73.2004089843,1012,,2026-10-07
Universidad Concepción,U. Concepción,CD Universidad de Concepción,73.1941541398,1013,,2026-10-07
MK Dons,MK Dons,Milton Keynes Dons FC,73.1772103707,1015,,2026-10-07
Enugu Rangers,Enugu,Enugu Rangers International FC,73.1753130495,1016,,2026-10-07
Deportivo de A Coruña II,Deportivo II,Real Club Deportivo Fabril,73.1688704851,1017,,2026-10-07
JEF United,JEF Utd,JEF United Ichihara Chiba,73.1405775321,1018,,2026-10-07
Zlín,Zlín,FC Zlín,73.1240430514,1019,,2026-10-07
Omonia 29is Maiou,Omonia 29 M,ALS Omonia 29is Maiou,73.1216105286,1020,,2026-10-07
Racing de Ferrol,Racing Ferrol,Racing Club Ferrol,73.1115329049,1021,,2026-10-07
Recoleta,Recoleta,CD Recoleta,73.1093644721,1022,,2026-10-07
Mixco,Mixco,CSyD Mixco,73.1083497561,1023,,2026-10-07
Algeciras,Algeciras,Algeciras CF,73.1070153342,1024,,2026-10-07
Sheriff,Sheriff,FK Sheriff Tiraspol,73.0858173772,1025,,2026-10-07
Al Kholood,Al Kholood,Al Kholood Club,73.0857597199,1026,,2026-10-07
Wydad Témara,Wydad Témara,Wydad Sportive de Témara,73.0854814841,1027,,2026-10-07
Anyang,Anyang,FC Anyang,73.0714238464,1028,,2026-10-07
Aberdeen,Aberdeen,Aberdeen FC,73.0625341367,1029,,2026-10-07
Barcelona II,Barcelona II,FC Barcelona Atlètic,73.0559313813,1030,,2026-10-07
Diriyah Club,Diriyah,Diriyah Club,73.052746095,1031,,2026-10-07
Real Betis II,Betis II,Betis Deportivo Balompié,73.0493286057,1032,,2026-10-07
Barnet,Barnet,Barnet FC,73.0392506464,1033,,2026-10-07
Saarbrücken,Saarbrücken,1. FC Saarbrücken,73.0263924924,1034,,2026-10-07
Winterthur,Winterthur,FC Winterthur,73.0072788793,1035,,2026-10-07
Academia Quintana,Ac. Quintana,Academia Quintana,72.997668692,1036,,2026-10-07
Mount Pleasant Academy,Mt. Pleasant,Mount Pleasant Academy FC,72.9952360258,1037,,2026-10-07
CODM Meknès,CODM,Club Omnisports de Meknès,72.9805311546,1038,,2026-10-07
Prishtina,Prishtina,FC Prishtina,72.9791317177,1039,,2026-10-07
Kryvbas KR,Kryvbas KR,FK Kryvbas Kryvyi Rih,72.9756541677,1040,,2026-10-07
Botev Plovdiv,Botev,PFK Botev Plovdiv,72.9659233944,1041,,2026-10-07
Petrolul 52,Petrolul 52,ACS Petrolul 52 Ploieşti,72.9641857517,1042,,2026-10-07
Real Unión,Real Unión,Real Unión Club,72.9579302265,1043,,2026-10-07
Real Cartagena,Cartagena,Real Cartagena FC SA,72.9564567001,1044,,2026-10-07
Ural,Ural,FK Ural Sverdlovskaya Oblast,72.9561925774,1045,,2026-10-07
Monastir,Monastir,US Monastirienne,72.9468208649,1046,,2026-10-07
Sydney,Sydney,Sydney FC,72.9261591776,1047,,2026-10-07
Gualaceo,Gualaceo,Gualaceo SC,72.9147527086,1048,,2026-10-07
Clermont,Clermont,Clermont Foot 63,72.8998919922,1049,,2026-10-07
Ilves,Ilves,Tampereen Ilves,72.8978067572,1050,,2026-10-07
ADT,ADT,Asociación Deportiva Tarma,72.8799987687,1051,,2026-10-07
Real Jaén,Jaén,Real Jaén CF,72.8727837808,1052,,2026-10-07
Kayserispor,Kayseri,Kayserispor SK,72.8561016359,1053,,2026-10-07
Fakel,Fakel,FK Fakel Voronezh,72.8491507041,1054,,2026-10-07
Gol Gohar,Gol Gohar,Gol Gohar FC Sirjan,72.827197459,1055,,2026-10-07
Chaves,Chaves,GD Chaves,72.8081397523,1056,,2026-10-07
Stade-Lausanne-Ouchy,Stade-Lausanne,FC Stade-Lausanne-Ouchy,72.7980606705,1057,,2026-10-07
Preußen Münster,Münster,SC Preußen 06 Münster,72.7900668826,1058,,2026-10-07
Progreso,Progreso,CA Progreso,72.7739958038,1059,,2026-10-07
Europa,Europa,CE Europa,72.7633048555,1060,,2026-10-07
El Qanah,El Qanah,El Qanah FC,72.7428102803,1061,,2026-10-07
Sekhukhune United,Sekhukhune Utd,Sekhukhune United FC,72.7316881959,1062,,2026-10-07
Unión Española,Española,Unión Española,72.7277699322,1063,,2026-10-07
Operário PR,Operário,Operário Ferroviário EC,72.7235991282,1064,,2026-10-07
Differdange 03,Differdange,FC Differdange 03,72.7094322371,1065,,2026-10-07
Zemplín Michalovce,Zemplín,MFK Zemplín Michalovce,72.6854498004,1066,,2026-10-07
Sepsi,Sepsi,Sepsi OSK Sfântu Gheorghe,72.6830167847,1067,,2026-10-07
JS El Biar,Biar,Jeunesse Sportive D'El Biar,72.6799002359,1068,,2026-10-07
Newcastle Jets,Newcastle,Newcastle Jets FC,72.6644496563,1069,,2026-10-07
Karmiotissa,Karmiotissa,Karmiotissa Pano Polemidia,72.6642477141,1070,,2026-10-07
Chengdu Rongcheng,Rongcheng,Chengdu Rongcheng FC,72.659235997,1071,,2026-10-07
Cancún,Cancún,Cancún FC,72.6387840806,1072,,2026-10-07
Dundee,Dundee,Dundee FC,72.6343558941,1073,,2026-10-07
El Gouna,Gouna,El Gouna,72.6298489457,1074,,2026-10-07
Internacional Palmira,Inter Palmira,Internacional FC de Palmira,72.6294063249,1075,,2026-10-07
Al Ahli Benghazi,Ahli Benghazi,Al Ahli Benghazi,72.6156003034,1076,,2026-10-07
All Saints United,All Saints Utd,All Saints United FC,72.6091027456,1077,,2026-10-07
Numancia,Numancia,CD Numancia de Soria,72.5881270309,1078,,2026-10-07
Hapoel Jerusalem,H Jerusalem,Hapoel Jerusalem FC,72.5874318525,1079,,2026-10-07
Dukagjini,Dukagjini,KF Dukagjini Klina,72.5863913692,1080,,2026-10-07
Leyton Orient,L Orient,Leyton Orient FC,72.5770041489,1081,,2026-10-07
RC Saint Joseph,Saint Joseph,Racing Club Saint Joseph,72.5736487042,1082,,2026-10-07
Amal Tiznit,USAT,US Amal Tiznit,72.5686735686,1083,,2026-10-07
San Carlos,San Carlos,AD San Carlos,72.5630448508,1084,,2026-10-07
Atlético Morelia,Morelia,Club Atlético Morelia,72.5452827644,1085,,2026-10-07
Wigan Athletic,Wigan,Wigan Athletic FC,72.5165224727,1086,,2026-10-07
Sant Andreu,Sant Andreu,UE Sant Andreu,72.5137416651,1087,,2026-10-07
Yverdon Sport,Yverdon,Yverdon Sport FC,72.5130464627,1088,,2026-10-07
Medeama,Medeama,Medeama SC,72.5120152777,1089,,2026-10-07
Verl,Verl,SC Verl 1924,72.4963615364,1090,,2026-10-07
Independiente,Independiente,Club Independiente Petrolero,72.4872403887,1091,,2026-10-07
Laval,Laval,Stade Lavallois Mayenne FC,72.4702910801,1092,,2026-10-07
Nizhny Novgorod,Nizhny Novg.,FK Pari Nizhny Novgorod,72.4612532481,1093,,2026-10-07
Stabæk,Stabæk,Stabæk Fotball,72.4595151992,1094,,2026-10-07
Inter San Carlos,San Carlos,Inter San Carlos,72.451464538,1095,,2026-10-07
Managua,Managua,Managua FC,72.4460788439,1096,,2026-10-07
Volos NFC,Volos,Volos New Football Club,72.4456107569,1097,,2026-10-07
Stade Tunisien,Stade Tunisien,Stade Tunisien,72.4438843148,1098,,2026-10-07
Zorya,Zorya,FC Zorya Luhansk,72.4438726953,1099,,2026-10-07
Barnsley,Barnsley,Barnsley FC,72.4431774703,1100,,2026-10-07
Al Hussein,Hussein,Al Hussein SC,72.441729345,1101,,2026-10-07
Nasaf,Nasaf,PFC Nasaf,72.4288676326,1102,,2026-10-07
Cibao,Cibao,Cibao FC,72.4262648609,1103,,2026-10-07
Atlético Baleares,Baleares,CD Atlético Baleares,72.4209301505,1104,,2026-10-07
Gimnàstic Tarragona,Tarragona,Club Gimnàstic de Tarragona,72.4146730503,1105,,2026-10-07
USM El Harrach,USM El Harrach,USM El Harrach,72.3993894596,1106,,2026-10-07
General Caballero JLM,Caballero JLM,General Caballero JLM,72.3916467647,1107,,2026-10-07
MB Rouisset,Rouisset,MB Rouisset,72.3896560872,1108,,2026-10-07
Struga,Struga,FC Struga Trim-Lum,72.3813015416,1109,,2026-10-07
Al Wehdat,Wehdat,Al Wehdat SC,72.3791581289,1110,,2026-10-07
Ceará,Ceará,Ceará SC,72.3787847526,1111,,2026-10-07
Rivers United,Rivers Utd,Rivers United FC,72.3721034284,1112,,2026-10-07
St. Mirren,St. Mirren,Saint Mirren FC,72.3715680873,1113,,2026-10-07
Al-Nasr,Nasr,Al-Nasr Club of Benghazi,72.3660199986,1114,,2026-10-07
CA La Paz,La Paz,CA La Paz,72.3607013286,1115,,2026-10-07
Ironi Tiberias,I Tiberias,Ironi Tiberias FC,72.3590535812,1116,,2026-10-07
Difaâ El Jadida,El Jadida,Difaâ Hassani d'El Jadida,72.3541984291,1117,,2026-10-07
Ballkani,Ballkani,KF Ballkani,72.3427173735,1118,,2026-10-07
San Antonio Bulo Bulo,San Antonio BB,CD Cultural San Antonio de Bulo Bulo,72.3363743292,1119,,2026-10-07
Smouha,Smouha,Smouha SC,72.3361217506,1120,,2026-10-07
Bryne,Bryne,Bryne FK,72.3246383133,1121,,2026-10-07
Floriana,Floriana,Floriana FC,72.3194238306,1122,,2026-10-07
Golden Arrows,Arrows,Lamontville Golden Arrows FC,72.3135256885,1123,,2026-10-07
Rahimo,Rahimo,Rahimo FC,72.3091825498,1124,,2026-10-07
Inter Club d'Escaldes,Inter Club,Inter Club d'Escaldes,72.3072566551,1125,,2026-10-07
FC Cajamarca,FC Cajamarca,FC Cajamarca,72.2884008731,1126,,2026-10-07
Al-Ittihad,Ittihad,Al-Ittihad,72.288150574,1127,,2026-10-07
St. Johnstone,St. Johnstone,Saint Johnstone FC,72.2818791813,1128,,2026-10-07
Amiens,Amiens,Amiens SC,72.2756216759,1129,,2026-10-07
Hassania Agadir,HUSA,Hassania Union Sport d'Agadir,72.2572083133,1130,,2026-10-07
Sestao River,Sestao,Sestao River Club,72.2554584787,1131,,2026-10-07
Leones Negros UdeG,Leones Negros,CD Leones Negros de la Universidad de Guadalajara,72.2376382262,1132,,2026-10-07
Ironi Kiryat Shmona,Kiryat Shmona,Hapoel Ironi Kiryat Shmona FC,72.2279945084,1133,,2026-10-07
Örgryte,Örgryte,Örgryte IS,72.2220844942,1134,,2026-10-07
El Gaish,Gaish,Tala'ea El Gaish,72.2116666382,1135,,2026-10-07
Horoya,Horoya,Horoya AC,72.201239396,1136,,2026-10-07
Universitario de Vinto,Universitario,FC Universitario de Vinto,72.1962749231,1137,,2026-10-07
Cipolletti,Cipolletti,Club Cipolletti,72.1934937007,1138,,2026-10-07
Puntarenas,Puntarenas,Puntarenas FC,72.1820489328,1139,,2026-10-07
Villa Mitre,Villa Mitre,Club Villa Mitre,72.1802828453,1140,,2026-10-07
Goiás,Goiás,Goiás EC,72.1754156675,1141,,2026-10-07
Deportivo Santaní,Dep. Santaní,Deportivo Santaní,72.1733297308,1142,,2026-10-07
Eibar II,Eibar II,SD Eibar II,72.1678506606,1143,,2026-10-07
Al Hazem,Hazem,Al Hazem SC,72.1566679198,1144,,2026-10-07
RC Kouba,RC Kouba,RC Kouba,72.14074485,1145,,2026-10-07
Kolos Kovalivka,Kolos,FK Kolos Kovalivka,72.1327369974,1146,,2026-10-07
Radnik Surdulica,Radnik,FK Radnik Surdulica,72.1309986823,1147,,2026-10-07
Grenades,Grenades,Jennings Grenades FC,72.1262518853,1148,,2026-10-07
Gualberto Villarroel SJ,GVSJ,CD Gualberto Villarroel Deportivo San José,72.1225713106,1149,,2026-10-07
Yelimay,Yelimay,FK Yelimay Semey,72.100404105,1150,,2026-10-07
Lincoln Red Imps,Red Imps,Lincoln Red Imps FC,72.0969297062,1151,,2026-10-07
Boulogne,Boulogne,US Boulogne CO,72.0854543229,1152,,2026-10-07
Peterborough United,Peterborough,Peterborough United FC,72.081282272,1153,,2026-10-07
Académica,Académica,Associação Académica de Coimbra OAF,72.0798915866,1154,,2026-10-07
Tarazona,Tarazona,SD Tarazona,72.0663323562,1155,,2026-10-07
Al Shabab,Shabab,Al Shabab FC,72.0614072345,1156,,2026-10-07
Real Oruro,Real Oruro,CDT Real Oruro,72.0613814773,1157,,2026-10-07
Patriotas Boyacá,Patriotas,Patriotas Boyacá,72.0592954294,1158,,2026-10-07
Stellenbosch,Stellenbosch,Stellenbosch FC,72.0409636489,1159,,2026-10-07
Neman Grodno,Neman,FK Neman Grodno,72.0266971897,1160,,2026-10-07
Témouchent,Témouchent,CR Témouchent,72.0253180906,1161,,2026-10-07
Mérida,Mérida,AD Mérida,72.0183528505,1162,,2026-10-07
Chesterfield,Chesterfield,Chesterfield FC,72.0155713968,1163,,2026-10-07
Tigres,Tigres,Tigres FC,72.0120111308,1164,,2026-10-07
Sharjah,Sharjah,Sharjah FC,71.9970864883,1165,,2026-10-07
Independiente Cauca,Independiente,Independiente Valle del Cauca,71.9960176753,1166,,2026-10-07
Novi Pazar,Novi Pazar,FK Novi Pazar,71.9943626935,1167,,2026-10-07
São Bernardo,São Bernardo,São Bernardo FC,71.9887162754,1168,,2026-10-07
Rayo Majadahonda,Majadahonda,CF Rayo Majadahonda,71.986018228,1169,,2026-10-07
Şamaxı,Şamaxı,Şamaxı FK,71.9856705412,1170,,2026-10-07
Al Arabi,Arabi,Al Arabi SC,71.9845697937,1171,,2026-10-07
Amarante,Amarante,Amarante FC,71.981150608,1172,,2026-10-07
Acassuso,Acassuso,CA Acassuso,71.9730703344,1173,,2026-10-07
Douglas Haig,Douglas Haig,CA Douglas Haig,71.9643780953,1174,,2026-10-07
Zamora,Zamora,Zamora FC,71.9535996698,1175,,2026-10-07
Beijing Guoan,Guoan,Beijing Guoan FC,71.9476266602,1176,,2026-10-07
Urartu,Urartu,FC Urartu,71.946033878,1177,,2026-10-07
Petrocub,Petrocub,CS Petrocub Hînceşti,71.9456861847,1178,,2026-10-07
Gnistan,Gnistan,IF Gnistan,71.9356030548,1179,,2026-10-07
Ourense CF,Ourense,Ourense CF,71.9328214933,1180,,2026-10-07
Al Riffa,Riffa,Bahrain Riffa Club,71.9178128497,1181,,2026-10-07
Recreativo Huelva,Huelva,RC Recreativo de Huelva,71.9164797465,1182,,2026-10-07
Heracles,Heracles,Heracles Almelo,71.91091657,1183,,2026-10-07
Extremadura,Extremadura,CD Extremadura,71.9015286769,1184,,2026-10-07
Atlético Vinotinto,Vinotinto,CA Vinotinto,71.8976205196,1185,,2026-10-07
Aarau,Aarau,FC Aarau,71.8959654615,1186,,2026-10-07
Alashkert,Alashkert,Alashkert FC,71.8862297996,1187,,2026-10-07
Violette,Violette,Violette AC,71.8778315658,1188,,2026-10-07
Hapoel Ramat Gan,H Ramat Gan,Hapoel Ramat Gan Giv'atayim FC,71.8768417978,1189,,2026-10-07
Kilmarnock,Kilmarnock,Kilmarnock FC,71.8723216341,1190,,2026-10-07
Krasava Ypsonas,Ypsonas,Krasava ENY Ypsonas FC,71.8385939558,1191,,2026-10-07
Náutico,Náutico,Clube Náutico Capibaribe,71.8312085661,1192,,2026-10-07
Eupen,Eupen,KAS Eupen,71.8215560596,1193,,2026-10-07
Aktobe,Aktobe,FK Aktobe,71.8146017772,1194,,2026-10-07
ASCK,ASCK,Association Sportive des Chauffeurs de la Kozah,71.8144418284,1195,,2026-10-07
Versailles,Versailles,FC Versailles,71.7958251011,1196,,2026-10-07
Gjilani,Gjilani,KF Gjilani,71.7951319511,1197,,2026-10-07
KR,KR,KR Reykjavík,71.7805254648,1198,,2026-10-07
Aluminium Arak,Aluminium Arak,Aluminium Arak FC,71.7797723318,1199,,2026-10-07
Bnei Yehuda,Bnei Yehuda,Bnei Yehuda Tel Aviv FC,71.7707892753,1200,,2026-10-07
Metropolitan,Metropolitan,Metropolitan FA,71.7670848447,1201,,2026-10-07
Osasuna II,Osasuna II,CA Osasuna Promesas,71.7614007648,1202,,2026-10-07
Bucheon 1995,Bucheon,Bucheon FC 1995,71.7556914869,1203,,2026-10-07
San Pedro,San Pedro,Deportivo San Pedro,71.7418725301,1204,,2026-10-07
Sportivo San Lorenzo,San Lorenzo,Club Sportivo San Lorenzo,71.7300219756,1205,,2026-10-07
Deportes Temuco,Temuco,CD Temuco,71.7185469038,1206,,2026-10-07
Tirana,Tirana,KF Tirana,71.7123712032,1207,,2026-10-07
Port,Port,Port FC,71.7115300408,1208,,2026-10-07
Homs Al Fidaa,Al Fidaa,Homs Al Fidaa SC,71.7097078094,1209,,2026-10-07
Sūduva,Sūduva,FK Sūduva,71.7075029582,1210,,2026-10-07
Al Fayha,Fayha,Al Fayha FC,71.6997951417,1211,,2026-10-07
Club Franciscain,Franciscain,Club Franciscain,71.6996256196,1212,,2026-10-07
Coria,Coria,CD Coria,71.6953322967,1213,,2026-10-07
Chadormalu SC,Chadormalu,Chadormalu Sports Club,71.6900585827,1214,,2026-10-07
Portimonense,Portimonense,Portimonense SC,71.6800319377,1215,,2026-10-07
AFC Wimbledon,Wimbledon,AFC Wimbledon,71.6786409905,1216,,2026-10-07
Al Nasr,Al Nasr,Al Nasr SC,71.6751059233,1217,,2026-10-07
Grimsby Town,Grimsby,Grimsby Town FC,71.6706430265,1218,,2026-10-07
Adelaide United,Adelaide Utd,Adelaide United FC,71.6583264508,1219,,2026-10-07
Hapoel Petah Tikva,H Petah Tikva,Hapoel Petah Tikva FC,71.6497786309,1220,,2026-10-07
Cobán Imperial,Cobán,CSyD Cobán Imperial,71.642768148,1221,,2026-10-07
Hearts of Oak,Oak,Hearts of Oak SC,71.640748953,1222,,2026-10-07
US Biskra,Biskra,US Biskra,71.6400534667,1223,,2026-10-07
Salford City,Salford,Salford City FC,71.6320437335,1224,,2026-10-07
Halmstad,Halmstad,Halmstads BK,71.627870795,1225,,2026-10-07
Zimbru,Zimbru,FC Zimbru Chişinău,71.6209158792,1226,,2026-10-07
Navbahor,Navbahor,FK Navbahor Namangan,71.6187717033,1227,,2026-10-07
Sol de América,Sol de América,Club Sol de América,71.6173549535,1228,,2026-10-07
Marquense,Marquense,CD Marquense,71.5808690308,1229,,2026-10-07
Argentino Monte Maíz,Argentino MM,Club Deportivo Argentino Monte Maíz,71.5683220684,1230,,2026-10-07
ABB,ABB,Academia del Balompié Boliviano,71.5457178747,1231,,2026-10-07
Suwon Bluewings,Suwon,Suwon Samsung Bluewings FC,71.5453078671,1232,,2026-10-07
Cavalry,Cavalry,Cavalry FC,71.5436591423,1233,,2026-10-07
Genesis PN,Genesis PN,Genesis Policia Nacional FC,71.5387927964,1234,,2026-10-07
Amorebieta,Amorebieta,SD Amorebieta,71.530152139,1235,,2026-10-07
Hardrock,Hardrock,Hardrock FC,71.5207764755,1236,,2026-10-07
UCAM Murcia,UCAM,Universidad Católica de Murcia CF,71.5165894076,1237,,2026-10-07
Vargas Torres,Vargas Torres,Club Social y Deportivo Vargas Torres,71.5137238348,1238,,2026-10-07
Basconia,Basconia,CD Basconia,71.5117207137,1239,,2026-10-07
Dinamo Brest,Dinamo Brest,FK Dinamo Brest,71.5065042434,1240,,2026-10-07
Ingolstadt,Ingolstadt,FC Ingolstadt 04,71.4985056308,1241,,2026-10-07
Durban City,Durban City,Durban City FC,71.4943440543,1242,,2026-10-07
Athletic Club MG,Athletic,Athletic Club (Minas Gerais),71.4925101292,1243,,2026-10-07
Black Bulls Maputo,Black Bulls,Black Bulls Maputo,71.474871293,1244,,2026-10-07
Talavera,Talavera,CF Talavera de la Reina,71.4623376143,1245,,2026-10-07
Araz Naxçıvan,Araz,Araz FK Naxçıvan,71.4571210225,1246,,2026-10-07
Deportivo Moquegua,Moquegua,CD Moquegua,71.4546031429,1247,,2026-10-07
Cherno more Varna,Cherno more,PFK Cherno more Varna,71.4226911944,1248,,2026-10-07
Venados,Venados,Venados FC Yucatán,71.409037352,1249,,2026-10-07
ASO Chlef,ASO Chlef,ASO Chlef,71.3941847604,1250,,2026-10-07
Abu Qair Semad,Abu Qair Semad,Abu Qair Semad SC,71.3924458419,1251,,2026-10-07
Vegalta Sendai,Vegalta,Vegalta Sendai,71.3902017911,1252,,2026-10-07
Cumbayá,Cumbayá,Cumbayá FC,71.3899162602,1253,,2026-10-07
Maniema Union,Maniema U.,AS Maniema Union,71.383405729,1254,,2026-10-07
Maccabi Petah Tikva,M Petah Tikva,Maccabi Petah Tikva FC,71.3820006758,1255,,2026-10-07
The New Saints,TNS,The New Saints FC,71.3785228174,1256,,2026-10-07
Patro Eisden,Patro,Patro Eisden Maasmechelen,71.357655547,1257,,2026-10-07
LDU Portoviejo,LDU Portoviejo,LDU de Portoviejo,71.3499206931,1258,,2026-10-07
Porto II,Porto II,FC Porto II,71.3489607902,1259,,2026-10-07
Mangasport,Mangasport,AS MangaSport Football,71.3421927685,1260,,2026-10-07
Saint Eloi Lupopo,Lupopo,FC Saint Eloi Lupopo,71.3413232864,1261,,2026-10-07
Piratas,Piratas,Piratas FC,71.3363498515,1262,,2026-10-07
Hamrun Spartans,Hamrun,Hamrun Spartans FC,71.3347013117,1263,,2026-10-07
Polokwane City,Polokwane,Polokwane City FC,71.3260180862,1264,,2026-10-07
Alcoyano,Alcoyano,CD Alcoyano,71.3169637775,1265,,2026-10-07
Tobol Kostanay,Tobol,FK Tobol Kostanay,71.3131380153,1266,,2026-10-07
ŁKS Łódź,ŁKS Łódź,ŁKS Łódź,71.3093122462,1267,,2026-10-07
Comunicaciones,Comunicaciones,Comunicaciones FC,71.2956924519,1268,,2026-10-07
Rayo Zuliano,Rayo Zuliano,Deportivo Rayo Zuliano,71.2956646279,1269,,2026-10-07
Gimnasia Chivilcoy,GyE Chivilcoy,CSCyD Gimnasia y Esgrima de Chivilcoy,71.2942734284,1270,,2026-10-07
Al Fateh,Fateh,Al Fateh SC,71.2824739625,1271,,2026-10-07
Željezničar,Željezničar,FK Željezničar Sarajevo,71.2821838665,1272,,2026-10-07
Feirense,Feirense,CD Feirense,71.2752278156,1273,,2026-10-07
Real Tomayapo,Real Tomayapo,CD Real Tomayapo,71.2487111394,1274,,2026-10-07
Al Riyadh,Riyadh,Al Riyadh SC,71.2452588288,1275,,2026-10-07
Shanghai Port,Port,Shanghai Port FC,71.2048246828,1276,,2026-10-07
Mineros de Zacatecas,Mineros,Club Mineros de Zacatecas,71.2000105738,1277,,2026-10-07
Réal Bamako,Réal Bamako,AS Réal de Bamako,71.1969845785,1278,,2026-10-07
Etoile Matoury,Etoile M.,AS Etoile Matoury,71.1969173016,1279,,2026-10-07
Real Avilés,Real Avilés,Real Avilés CF,71.1952315833,1280,,2026-10-07
Utebo,Utebo,Utebo FC,71.1896665153,1281,,2026-10-07
Alianza,Alianza,Alianza FC,71.176917784,1282,,2026-10-07
Lokomotiv Plovdiv,Loko Plovdiv,PFK Lokomotiv Plovdiv 1926,71.1701886614,1283,,2026-10-07
Dakota,Dakota,SV Dakota,71.1654397154,1284,,2026-10-07
Águilas,Águilas,Águilas FC,71.1534932149,1285,,2026-10-07
SC Villa,SC Villa,Sports Club Villa Jogoo,71.1531593047,1286,,2026-10-07
Voluntari,Voluntari,FC Voluntari,71.1451454421,1287,,2026-10-07
Iberia 1999,Iberia,FC Iberia 1999,71.1357541582,1288,,2026-10-07
Laçi,Laçi,KF Laçi,71.1242758655,1289,,2026-10-07
Gomel,Gomel,FK Gomel,71.115927977,1290,,2026-10-07
Portmore United,Portmore,Portmore United FC,71.1115267389,1291,,2026-10-07
Ebro,Ebro,CD Ebro,71.0957537766,1292,,2026-10-07
Kimberley Mar del Plata,Kimberley MdP,CA Kimberley de Mar del Plata,71.0928876331,1293,,2026-10-07
Selangor,Selangor,Selangor FC,71.08621653,1294,,2026-10-07
Santo Domingo,Santo Domingo,Club Deportivo Santo Domingo,71.0793220954,1295,,2026-10-07
Čukarički,Čukarički,FK Čukarički,71.0727966928,1296,,2026-10-07
Arenas,Arenas,Arenas Club,71.0727966928,1297,,2026-10-07
Jaiba Brava,Jaiba Brava,Club Jaiba Brava,71.0695757244,1298,,2026-10-07
Komárno,Komárno,KFC Komárno,71.0672313015,1299,,2026-10-07
Skalica,Skalica,MFK Skalica,71.0505350393,1300,,2026-10-07
Le Puy Foot,Le Puy,Le Puy Football 43 Auvergne,71.0091416515,1301,,2026-10-07
UNA Strassen,Strassen,FC UNA Strassen,71.0056631784,1302,,2026-10-07
Newroz,Newroz,Newroz SC,71.0031728169,1303,,2026-10-07
Nieciecza,Nieciecza,Bruk-Bet Termalica Nieciecza,70.9934884775,1304,,2026-10-07
Auda,Auda,FK Auda,70.9611382155,1305,,2026-10-07
Teungueth,Teungueth,Teungueth FC,70.934193198,1306,,2026-10-07
Ajman,Ajman,Ajman Club,70.9210767992,1307,,2026-10-07
Torpedo Moskva,Torpedo,FK Torpedo Moskva,70.9190473445,1308,,2026-10-07
Cannes,Cannes,AS de Cannes,70.9148729973,1309,,2026-10-07
Bromley,Bromley,Bromley FC,70.9103507785,1310,,2026-10-07
9 de Julio Rafaela,9 de Julio,CA 9 de Julio de Rafaela,70.8967005758,1311,,2026-10-07
Almere City,Almere,Almere City FC,70.8877395383,1312,,2026-10-07
Malavan,Malavan,Malavan Bandar Anzali FC,70.8654182081,1313,,2026-10-07
Al Khaleej,Khaleej,Al Khaleej FC,70.8608958828,1314,,2026-10-07
Sol de América,Sol de América,CA Sol de América de Formosa,70.8556520312,1315,,2026-10-07
OFK Beograd,OFK,OFK Beograd,70.8456471965,1316,,2026-10-07
Tudelano,Tudelano,CD Tudelano,70.8212958696,1317,,2026-10-07
Al Qadsia,Qadsia,Al Qadsia SC,70.821238151,1318,,2026-10-07
ASKO de Kara,ASKO,Association Sportive de la Kozah de Kara,70.8197443326,1319,,2026-10-07
Shanghai Shenhua,Shenhua,Shanghai Shenhua FC,70.811409498,1320,,2026-10-07
Ghazl El Mahalla,El Mahalla,Ghazl El Mahalla SC,70.8094796087,1321,,2026-10-07
Güemes,Güemes,CA Güemes,70.7878158123,1322,,2026-10-07
La Roche VF,La Roche,Vendée Foot Club La Roche-sur-Yon,70.787203537,1323,,2026-10-07
Songo,Songo,UD Songo,70.7823470739,1324,,2026-10-07
Lokeren,Lokeren,KSC Lokeren,70.77955008,1325,,2026-10-07
Al Shamal,Shamal,Al Shamal SC,70.7760135069,1326,,2026-10-07
Port Vale,Port Vale,Port Vale FC,70.7722444814,1327,,2026-10-07
Al Talaba,Talaba,Al Talaba FC,70.7714932756,1328,,2026-10-07
Radnički Niš,Radnički Niš,FK Radnički Niš,70.763547307,1329,,2026-10-07
Blau-Weiß Linz,BW Linz,FC Blau-Weiß Linz,70.7531106501,1330,,2026-10-07
Lahti,Lahti,FC Lahti,70.7520669815,1331,,2026-10-07
Puerto Montt,Puerto Montt,CD Puerto Montt,70.7325015789,1332,,2026-10-07
Derry City,Derry,Derry City FC,70.7270187804,1333,,2026-10-07
Jahn Regensburg,Regensburg,SSV Jahn Regensburg,70.7120592952,1334,,2026-10-07
Deportiva Minera,Minera,Club Deportiva Minera,70.7089282266,1335,,2026-10-07
Al Nahda,Nahda,Al Nahda Club,70.6953024867,1336,,2026-10-07
Odd,Odd,Odds BK,70.6790088909,1337,,2026-10-07
Žalgiris,Žalgiris,FK Žalgiris Vilnius,70.6678760057,1338,,2026-10-07
Ngezi Platinum,Ngezi,Ngezi Platinum FC,70.6664983071,1339,,2026-10-07
Exeter City,Exeter,Exeter City FC,70.6661364871,1340,,2026-10-07
Britannia,Britannia,SV Britannia,70.6631259242,1341,,2026-10-07
Dinamo Tbilisi,Dinamo Tbilisi,FC Dinamo Tbilisi,70.6449142429,1342,,2026-10-07
Milford,Milford,Milford FC,70.640055163,1343,,2026-10-07
Samartex,Samartex,FC Samartex 1996,70.6372718954,1344,,2026-10-07
Atenas,Atenas,Club Sportivo y Biblioteca Atenas,70.6309144021,1345,,2026-10-07
Juventud Torremolinos,Torremolinos,Juventud Torremolinos CF,70.6264750692,1346,,2026-10-07
Conquense,Conquense,UB Conquense,70.6233438726,1347,,2026-10-07
Botev Vratsa,Botev Vratsa,POFK Botev Vratsa,70.6219522282,1348,,2026-10-07
Teruel,Teruel,CD Teruel,70.6181252012,1349,,2026-10-07
Waldhof Mannheim,Waldhof,SV Waldhof Mannheim 07,70.6087315599,1350,,2026-10-07
Lechia Gdańsk,Lechia,KS Lechia Gdańsk,70.6031649377,1351,,2026-10-07
Okzhetpes,Okzhetpes,FK Okzhetpes Kokshetau,70.5982941311,1352,,2026-10-07
Trenčín,Trenčín,AS Trenčín,70.5944670608,1353,,2026-10-07
Gaborone United,Gaborone,Gaborone United FC,70.590615318,1354,,2026-10-07
Águila,Águila,CD Águila,70.589368896,1355,,2026-10-07
Barau,Barau,Barau FC,70.5709965294,1356,,2026-10-07
12 de Junio VH,12 de Junio,Club 12 de Junio de Villa Hayes,70.5644625871,1357,,2026-10-07
Rot-Weiß Erfurt,Erfurt,FC Rot-Weiß Erfurt,70.5488895945,1358,,2026-10-07
Ružomberok,Ružomberok,MFK Ružomberok,70.5422790397,1359,,2026-10-07
Partizani Tirana,Partizani,KF Partizani Tirana,70.5203596821,1360,,2026-10-07
Bergantiños,Bergantiños,Bergantiños CF,70.5179241838,1361,,2026-10-07
Fatih Karagümrük,Fatih,Fatih Karagümrük SK,70.5134011078,1362,,2026-10-07
Ankara Keçiörengücü,Keçiörengücü,Ankara Keçiörengücü,70.5116614606,1363,,2026-10-07
Tapatío,Tapatío,CD Tapatío,70.5105272098,1364,,2026-10-07
Dila,Dila,FC Dila Gori,70.5047028573,1365,,2026-10-07
Bendel Insurance,Bendel Ins.,Bendel Insurance,70.4867982643,1366,,2026-10-07
Drenica Skënderaj,Drenica,KF Drenica Skënderaj,70.4855688656,1367,,2026-10-07
Jorge Wilstermann,Wilstermann,Club Jorge Wilstermann,70.4778285135,1368,,2026-10-07
Boca Juniors de Cali,Boca,Club Atlético Boca Juniors de Cali,70.4743491583,1369,,2026-10-07
Polonia Warszawa,Polonia,KSP Polonia Warszawa,70.4730409193,1370,,2026-10-07
Botafogo SP,Botafogo SP,Botafogo FC Ribeirão Preto,70.4646069331,1371,,2026-10-07
Falkenberg,Falkenberg,Falkenbergs FF,70.4629507502,1372,,2026-10-07
Suwon,Suwon,Suwon FC,70.4596735224,1373,,2026-10-07
Dukla Banská Bystrica,Banská Bystric,MFK Dukla Banská Bystrica,70.4469455544,1374,,2026-10-07
Rotherham United,Rotherham,Rotherham United FC,70.4455537924,1375,,2026-10-07
Naft,Naft,Al Naft Sport Club,70.4434107059,1376,,2026-10-07
NSÍ,NSÍ,NSÍ Runavík,70.4399867353,1377,,2026-10-07
Fleury,Fleury,FC Fleury 91,70.4305922926,1378,,2026-10-07
Guadalajara,Guadalajara,CD Guadalajara,70.4218936969,1379,,2026-10-07
Vora,Vora,FK Vora,70.4124991727,1380,,2026-10-07
Skënderbeu Korçë,Skënderbeu,KS Skënderbeu Korçë,70.4031046063,1381,,2026-10-07
Caen,Caen,Stade Malherbe Caen,70.3961456408,1382,,2026-10-07
Al-Akhdar,Akhdar,Al-Akhdar,70.3958116099,1383,,2026-10-07
Fram,Fram,Fram Reykjavík,70.3916223009,1384,,2026-10-07
Hoffenheim II,Hoffenheim II,TSG 1899 Hoffenheim II,70.3846632971,1385,,2026-10-07
Ústí nad Labem,Ústí,FK Ústí nad Labem,70.3836194445,1386,,2026-10-07
Avaí,Avaí,Avai FC,70.3804043753,1387,,2026-10-07
FADEP,FADEP,Fundación Amigos por el Deporte,70.3800564238,1388,,2026-10-07
Asyut Petrol,Asyut Petrol,Asyut Petroleum,70.3784118047,1389,,2026-10-07
Aluminij,Aluminij,NK Aluminij,70.3738767953,1390,,2026-10-07
Salcedo,Salcedo,Salcedo FC,70.3649506005,1391,,2026-10-07
Defensores Belgrano VR,Def Belgrano,CAyS Defensores de Belgrano de Villa Ramallo,70.3640505916,1392,,2026-10-07
USFA,USFA,US des Forces Armées,70.361190406,1393,,2026-10-07
Yokohama,Yokohama,Yokohama FC,70.3545935226,1394,,2026-10-07
Fajr Sepasi,Fajr,Basij Moghavemat Shahid Sepasi Fars FC,70.34354697,1395,,2026-10-07
Siwelele,Siwelele,Siwelele FC,70.3209989644,1396,,2026-10-07
Vllaznia Shkodër,Vllaznia,KS Vllaznia Shkodër,70.3136801308,1397,,2026-10-07
Mladost Lučani,Mladost Lučani,FK Mladost Lučani,70.3108964279,1398,,2026-10-07
NEC,NEC,NEC FC,70.3088225669,1399,,2026-10-07
San-Pédro,San-Pédro,San-Pédro FC,70.2804633533,1400,,2026-10-07
UTC Cajamarca,UTC,Club Universidad Técnica de Cajamarca,70.2798439699,1401,,2026-10-07
İmişli,İmişli,İmişli FK,70.2792315456,1402,,2026-10-07
Aduana,Aduana,Aduana FC,70.277851303,1403,,2026-10-07
Sochi,Sochi,PFK Sochi,70.2778396716,1404,,2026-10-07
Bangkok United,Bangkok Utd,True Bangkok United FC,70.2644710222,1405,,2026-10-07
Trujillanos,Trujillanos,Trujillanos FC,70.2603576546,1406,,2026-10-07
Shelbourne,Shelbourne,Shelbourne FC,70.2440864415,1407,,2026-10-07
Miedź Legnica,Miedź,MKS Miedź Legnica,70.242694544,1408,,2026-10-07
Concarneau,Concarneau,US Concarneau,70.2228599029,1409,,2026-10-07
Poblense,Poblense,UD Poblense,70.2127685216,1410,,2026-10-07
Colombe,Colombe,Colombe Sportive du Dja et Lobo,70.2103442954,1411,,2026-10-07
Dynamos,Dynamos,Dynamos FC,70.207910722,1412,,2026-10-07
Kheybar Khorramabad,Kheybar,Kheybar Khorramabad,70.206795126,1413,,2026-10-07
Nafta,Nafta,NK Nafta 1903 Lendava,70.1957174557,1414,,2026-10-07
Montego Bay United,Montego Bay,Montego Bay United FC,70.1920102478,1415,,2026-10-07
Port City,Port City,Port City FC,70.1873774941,1416,,2026-10-07
Cibalia,Cibalia,HNK Cibalia Vinkovci,70.1852779585,1417,,2026-10-07
Slavia Sofia,Slavia Sofia,PFK Slavia 1913 Sofia,70.1783182646,1418,,2026-10-07
Estepona,Estepona,CD Estepona FS,70.1654427694,1419,,2026-10-07
Louisville City,Louisville,Louisville City FC,70.1612112379,1420,,2026-10-07
Unión Comercio,Unión Comercio,CD Unión Comercio,70.1503957382,1421,,2026-10-07
Hallescher FC,Hallescher FC,Hallescher FC,70.1400395312,1422,,2026-10-07
SJK,SJK,Seinäjoen Jalkapallokerho,70.1393435477,1423,,2026-10-07
Ikorodu City,Ikorodu City,Ikorodu City FC,70.1363995349,1424,,2026-10-07
Veres Rivne,Veres Rivne,NK Veres Rivne,70.1348196492,1425,,2026-10-07
Haras El Hodood,Haras,Haras El Hodood SC,70.1306553665,1426,,2026-10-07
Drochtersen / Assel,Drochtersen,SV Drochtersen / Assel,70.1198559149,1427,,2026-10-07
Forge,Forge,Forge FC,70.1111003403,1428,,2026-10-07
HB,HB,HB Tórshavn,70.1108080232,1429,,2026-10-07
Seoul E-Land,Seoul E-Land,Seoul E-Land FC,70.0932623087,1430,,2026-10-07
Epitsentr,Epitsentr,FK Epitsentr Kamianets-Podilskyi,70.0927121214,1431,,2026-10-07
VPS,VPS,Vaasan Palloseura,70.0902761225,1432,,2026-10-07
UD Ourense,UD Ourense,UD Ourense,70.0899281225,1433,,2026-10-07
Melipilla,Melipilla,CD Melipilla,70.083580591,1434,,2026-10-07
BG Pathum United,BGPU,BG Pathum United FC,70.0786462767,1435,,2026-10-07
Kahraba Ismailia,Kahraba,Kahraba Ismailia SC,70.0687116406,1436,,2026-10-07
Velež,Velež,FK Velež Mostar,70.0683520043,1437,,2026-10-07
Sevilla II,Sevilla II,Sevilla Atlético,70.066611985,1438,,2026-10-07
Abha,Abha,Abha FC,70.0362776749,1439,,2026-10-07
UPNFM,UPNFM,Lobos de la Universidad Pedagógica Nacional Francisco Morazán,70.0314098882,1440,,2026-10-07
Malacateco,Malacateco,CD Malacateco-Coatepeque,70.0268834668,1441,,2026-10-07
Wehen Wiesbaden,Wiesbaden,SV Wehen 1926 Wiesbaden,70.0161507897,1442,,2026-10-07
Al Faisaly,Faisaly,Al Faisaly FC,70.0160930488,1443,,2026-10-07
Dreams,Dreams,Dreams FC,70.0158144101,1444,,2026-10-07
Vejle,Vejle,Vejle BK,70.005710389,1445,,2026-10-07
Curicó Unido,Curicó Unido,CD Provincial Curicó Unido,69.9962304596,1446,,2026-10-07
Lokomotiv Sofia 1929,Lokomotiv Sf,FK Lokomotiv Sofia 1929,69.9945739036,1447,,2026-10-07
Charleston Battery,Charleston,Charleston Battery,69.9913860736,1448,,2026-10-07
Karviná,Karviná,MFK Karviná,69.9855254651,1449,,2026-10-07
Orléans,Orléans,US Orléans Loiret Football,69.9816972677,1450,,2026-10-07
Zob Ahan,Zob Ahan,Zob Ahan FC,69.9812915076,1451,,2026-10-07
Nejmeh,Nejmeh,Nejmeh SC,69.9743334168,1452,,2026-10-07
Larne,Larne,Larne FC,69.9545516649,1453,,2026-10-07
Costa Brava,Costa Brava,CA Costa Brava,69.9527280244,1454,,2026-10-07
Ashdod,Ashdod,FC Ashdod,69.9510714336,1455,,2026-10-07
Ruch Chorzów,Ruch,KS Ruch Chorzów,69.9496793395,1456,,2026-10-07
Mictlán,Mictlán,CD Mictlán,69.9416190961,1457,,2026-10-07
Tikvesh,Tikvesh,FK Tikvesh 1930,69.9343662423,1458,,2026-10-07
Bursaspor,Bursaspor,Bursaspor Kulübü,69.9312340039,1459,,2026-10-07
TS Galaxy,Galaxy,TS Galaxy FC,69.9281133941,1460,,2026-10-07
Persija,Persija,Persatuan Sepak Bola Indonesia Jakarta,69.9248236892,1461,,2026-10-07
Zakho,Zakho,Zakho SC,69.922477861,1462,,2026-10-07
Hafia,Hafia,Hafia FC,69.9204590676,1463,,2026-10-07
Sanluqueño,Sanluqueño,Atlético Sanluqueño CF,69.917660916,1464,,2026-10-07
ZESCO United,ZESCO,ZESCO United FC,69.9081040167,1465,,2026-10-07
Waterhouse,Waterhouse,Waterhouse FC,69.9038603262,1466,,2026-10-07
Bastia,Bastia,SC Bastia,69.9037397078,1467,,2026-10-07
Olot,Olot,UE Olot,69.9016515185,1468,,2026-10-07
Ratchaburi,Ratchaburi,Ratchaburi FC,69.9008096296,1469,,2026-10-07
NAC Breda,NAC,NAC Breda,69.8932987402,1470,,2026-10-07
Rot-Weiß Oberhausen,RW Oberhausen,SC Rot-Weiß Oberhausen 1904,69.8905144732,1471,,2026-10-07
Bukovyna,Bukovyna,FK Bukovyna Chernivtsi,69.8856419971,1472,,2026-10-07
Phönix Lübeck,Phönix Lübeck,1. FC Phönix Lübeck,69.8852939626,1473,,2026-10-07
Ponce,Ponce,Ponce FC,69.879846025,1474,,2026-10-07
Ranheim,Ranheim,Ranheim Fotball,69.8633676741,1475,,2026-10-07
Liège,Liège,RFC de Liege,69.8574510167,1476,,2026-10-07
MO Béjaïa,MO Béjaïa,MO Béjaïa,69.8536342161,1477,,2026-10-07
Bristol Rovers,Bristol R,Bristol Rovers FC,69.8532745425,1478,,2026-10-07
Rotor Volgograd,Rotor,FK Rotor Volgograd,69.8490980598,1479,,2026-10-07
First Vienna,First Vienna,First Vienna FC 1894,69.834480304,1480,,2026-10-07
AGMK,AGMK,FK AGMK,69.8239812403,1481,,2026-10-07
Spartak Kostroma,Spartak Ks,FK Spartak Kostroma,69.8236909417,1482,,2026-10-07
Torpedo BelAZ,Torpedo BelAZ,FK Torpedo-BelAZ Zhodino,69.8229948519,1483,,2026-10-07
Francs Borains,Francs Borains,Royal Francs Borains,69.8198624448,1484,,2026-10-07
Walsall,Walsall,Walsall FC,69.8083769114,1485,,2026-10-07
Varberg,Varberg,Varbergs BoIS FC,69.8017639995,1486,,2026-10-07
Chrobry Głogów,Chrobry,MZKS Chrobry Głogów,69.7989796093,1487,,2026-10-07
Real Oviedo II,Oviedo II,Real Oviedo Vetusta,69.7878420107,1488,,2026-10-07
Al Hilal,Hilal,Al Hilal SC,69.7871598308,1489,,2026-10-07
Xerez,Xerez,Xerez CD,69.7770524047,1490,,2026-10-07
Omiya Ardija,Omiya,RB Omiya Ardija,69.7769065707,1491,,2026-10-07
Real Valladolid II,Valladolid II,Real Valladolid CF Promesas,69.7749640874,1492,,2026-10-07
Macarthur,Macarthur,Macarthur FC,69.7608960826,1493,,2026-10-07
San Antonio,San Antonio,San Antonio FC,69.7487764086,1494,,2026-10-07
Nîmes,Nîmes,Nîmes Olympique,69.7442829816,1495,,2026-10-07
Würzburger Kickers,Würzburg,FC Würzburger Kickers,69.737374014,1496,,2026-10-07
Thể Công – Viettel,Viettel,Thể Công – Viettel FC,69.7166925685,1497,,2026-10-07
Fortuna Köln,Fortuna Köln,SC Fortuna Köln,69.7063964943,1498,,2026-10-07
Meppen,Meppen,SV Meppen 1912,69.6969987278,1499,,2026-10-07
Cavalier,Cavalier,Cavalier FC,69.6825005261,1500,,2026-10-07
Egersund,Egersund,Egersunds IK,69.6806395506,1501,,2026-10-07
AFAD,AFAD,Académie de Football Amadou Diallo de Djékanou,69.6801313698,1502,,2026-10-07
Valletta,Valletta,Valletta FC,69.6795953434,1503,,2026-10-07
Espanyol II,Espanyol II,Reial Club Deportiu Espanyol II,69.6785511356,1504,,2026-10-07
Pérez Zeledón,Pérez Zeledón,Municipal de Pérez Zeledón,69.6732743978,1505,,2026-10-07
Comerciantes,Comerciantes,AD Comerciantes FC,69.6614121304,1506,,2026-10-07
Deportivo Rincón,Rincón,CD Rincón de Los Sauces,69.6558429672,1507,,2026-10-07
Spezia,Spezia,Spezia Calcio,69.6496611784,1508,,2026-10-07
Asante Kotoko,Asante Kotoko,Asante Kotoko FC,69.6479324416,1509,,2026-10-07
VfB Oldenburg,VfB Oldenburg,VfB Oldenburg 1897,69.6475727321,1510,,2026-10-07
Jaraaf,Jaraaf,ASC les Jaraaf de Dakar,69.6456722441,1511,,2026-10-07
Gwangju,Gwangju,Gwangju FC,69.6418576878,1512,,2026-10-07
Carl Zeiss Jena,Jena,FC Carl Zeiss Jena,69.6381746974,1513,,2026-10-07
Singida Black Stars,Black Stars,Singida Black Stars SC,69.6366222789,1514,,2026-10-07
Árabe Unido,Árabe,CD Árabe Unido,69.6304613153,1515,,2026-10-07
Génération Foot,Génération Ft.,AS Académie Génération Foot,69.6282684262,1516,,2026-10-07
Borneo,Borneo,Borneo FC Samarinda,69.6279346195,1517,,2026-10-07
Plateau United,Plateau Utd,Plateau United FC,69.6223510946,1518,,2026-10-07
Dinamo Batumi,Dinamo Batumi,FC Dinamo Batumi,69.6141573027,1519,,2026-10-07
Deportes Santa Cruz,Santa Cruz,CD Santa Cruz,69.6130295225,1520,,2026-10-07
Durango,Durango,CF Alacranes de Durango,69.6011877931,1521,,2026-10-07
Esenler Erokspor,Erokspor,Esenler Erokspor Kulübü,69.5793489871,1522,,2026-10-07
Londrina,Londrina,Londrina EC,69.5583801737,1523,,2026-10-07
Chemnitzer FC,Chemnitz,Chemnitzer FC,69.557419446,1524,,2026-10-07
Aurora,Aurora,Aurora FC,69.5385668156,1525,,2026-10-07
Tampa Bay Rowdies,Tampa Bay,Tampa Bay Rowdies,69.5375225363,1526,,2026-10-07
Etoile du Sahel,ES Sahel,Étoile Sportive du Sahel,69.5330646507,1527,,2026-10-07
Arka Gdynia,Arka,MZKS Arka Gdynia,69.5316606389,1528,,2026-10-07
Bodrum,Bodrum,Bodrum FK,69.5236544574,1529,,2026-10-07
Masar,Masar,FC Masar,69.5233179976,1530,,2026-10-07
Marbella,Marbella,Marbella FC,69.5163444385,1531,,2026-10-07
Sportivo Belgrano,Belgrano,CS Belgrano de San Francisco,69.5120837297,1532,,2026-10-07
AS Douanes,Douanes,AS Douanes,69.5034764538,1533,,2026-10-07
Crewe Alexandra,Crewe,Crewe Alexandra FC,69.4968509275,1534,,2026-10-07
Heart of Lions,Lions,Heart of Lions FC,69.4902486515,1535,,2026-10-07
Estrella Roja,Estrella Roja,Estrella Roja de Araulí,69.4853101852,1536,,2026-10-07
Csikszereda,Csikszereda,AFK Csikszereda Miercurea Ciuc,69.4815344677,1537,,2026-10-07
RKC Waalwijk,RKC,RKC Waalwijk,69.4804901594,1538,,2026-10-07
Excelsior Virton,Virton,Royal Excelsior Virton,69.4703951525,1539,,2026-10-07
Torpedo Kutaisi,Kutaisi,FC Torpedo Kutaisi,69.4655216831,1540,,2026-10-07
Kecskemét,Kecskemét,Kecskeméti TE,69.4505530977,1541,,2026-10-07
Isidro Metapán,Isidro,AD Isidro Metapán,69.4437115731,1542,,2026-10-07
St. Pölten,St. Pölten,spusu SKN St. Pölten,69.4425466003,1543,,2026-10-07
Sumqayıt,Sumqayıt,FK Sumqayıt,69.4366287343,1544,,2026-10-07
Safa,Safa,FK Safa,69.4314070737,1545,,2026-10-07
Aigles du Congo,Aigles,FC Les Aigles du Congo,69.4275917719,1546,,2026-10-07
Nassaji Mazandaran,Nassaji,Nassaji Mazandaran,69.4240389691,1547,,2026-10-07
Girona II,Girona II,Girona FC II,69.4178306939,1548,,2026-10-07
Independiente FBC,Independiente,Independiente FBC (Campo Grande),69.4121773237,1549,,2026-10-07
Zarzis,ESZ,ES Zarzis,69.4084432455,1550,,2026-10-07
Rangers,Rangers,CSD Rangers,69.3902459986,1551,,2026-10-07
Western Sydney Wanderers,Wanderers,Western Sydney Wanderers FC,69.3856581446,1552,,2026-10-07
Sportivo Las Parejas,Las Parejas,Sportivo Atlético Club Las Parejas,69.3839798626,1553,,2026-10-07
Prachuap,Prachuap,PT Prachuap FC,69.3828731914,1554,,2026-10-07
Gimnástica Segoviana,Segoviana,Gimnástica Segoviana CF,69.3760566545,1555,,2026-10-07
Kano Pillars,Kano Pillars,Kano Pillars FC,69.3671934864,1556,,2026-10-07
Desportivo Huíla,Huíla,Clube Desportivo da Huíla,69.3576201079,1557,,2026-10-07
Atlético Independiente,Independiente,Atlético Independiente Siguatepeque,69.3491977862,1558,,2026-10-07
Al Karama,Karama,Al Karama SC,69.3396222659,1559,,2026-10-07
Gorée,Gorée,Union Sportive Goréenne,69.3355141358,1560,,2026-10-07
Hvidovre,Hvidovre,Hvidovre IF,69.3328892534,1561,,2026-10-07
Táborsko,Táborsko,FK SILON Táborsko,69.3301042286,1562,,2026-10-07
Bibiani Gold Stars,Bibiani,Bibiani Gold Stars FC,69.3074873985,1563,,2026-10-07
Al Arabi,Arabi,Al Arabi SC,69.3035885432,1564,,2026-10-07
Wellington Phoenix,Wellington,Wellington Phoenix FC,69.2815679489,1565,,2026-10-07
Vision,Vision,Vision FC,69.2792884978,1566,,2026-10-07
Sacramento Republic,Sacramento,Sacramento Republic FC,69.2792211588,1567,,2026-10-07
APR,APR,Armée Patriotique Rwandaise FC,69.2721539675,1568,,2026-10-07
Colchester United,Colchester,Colchester United FC,69.271617833,1569,,2026-10-07
Minsk,Minsk,FK Minsk,69.2517738551,1570,,2026-10-07
Feronikeli,Feronikeli,KF Feronikeli,69.2489910085,1571,,2026-10-07
Linares Deportivo,Linares,Linares Deportivo,69.2392407174,1572,,2026-10-07
Getafe II,Getafe II,Getafe CF II,69.2350629878,1573,,2026-10-07
Al Wahda,Wahda,Al Wahda SC,69.2226483481,1574,,2026-10-07
Anzoátegui,Anzoátegui,Anzoátegui FC,69.2182684286,1575,,2026-10-07
Livyi Bereh,Livyi Bereh,FK Livyi Bereh,69.2030334439,1576,,2026-10-07
Breidablik,Breidablik,Breidablik UBK,69.202685294,1577,,2026-10-07
Lion City Sailors,Lion City,Lion City Sailors FC,69.1990602044,1578,,2026-10-07
Al Shabab,Shabab,Al Shabab Club,69.1907903957,1579,,2026-10-07
Dukla Praha,Dukla,FK Dukla Praha,69.1838851076,1580,,2026-10-07
Admira Wacker,Admira,FC Admira Wacker Mödling,69.1727441749,1581,,2026-10-07
Doma United,Doma United,Doma United FC,69.1691024693,1582,,2026-10-07
Al Nasr,Nasr,Al Nasr SCSC,69.1678122331,1583,,2026-10-07
Deportivo Cuenca Juniors,CD Cuenca Jrs,CD Cuenca Juniors,69.1650011909,1584,,2026-10-07
Gernika,Gernika,SD Gernika Club,69.1584697661,1585,,2026-10-07
Covadonga,Covadonga,CD Covadonga,69.1522029211,1586,,2026-10-07
Landskrona,Landskrona,Landskrona BoIS,69.151158445,1587,,2026-10-07
Atlético Pantoja,CA Pantoja,Club Atlético Pantoja,69.150234631,1588,,2026-10-07
Marsaxlokk,Marsaxlokk,Marsaxlokk FC,69.1487213322,1589,,2026-10-07
Barbastro,Barbastro,UD Barbastro,69.1476768543,1590,,2026-10-07
Vitebsk,Vitebsk,FK Vitebsk,69.1424544572,1591,,2026-10-07
Navalcarnero,Navalcarnero,CD Artístico Navalcarnero,69.1316614608,1592,,2026-10-07
ÍA,ÍA,ÍA Akranes,69.1295724872,1593,,2026-10-07
Boca Unidos,Boca Unidos,CA Boca Unidos,69.1280962779,1594,,2026-10-07
Plaza Colonia,Plaza Colonia,Club Plaza Colonia de Deportes,69.1277481152,1595,,2026-10-07
Lyn,Lyn,FC Lyn Oslo,69.1257426967,1596,,2026-10-07
Floridsdorfer AC,FAC Wien,Floridsdorfer AC Wien,69.121912899,1597,,2026-10-07
Yeclano,Yeclano,Yeclano Deportivo,69.1208684075,1598,,2026-10-07
Spartak Varna,Spartak Varna,FK Spartak 1918 Varna,69.1177349297,1599,,2026-10-07
Brinje Grosuplje,Brinje,NK Brinje Grosuplje,69.1086826336,1600,,2026-10-07
Jenis,Jenis,FK Jenis Astana,69.0996302973,1601,,2026-10-07
Sileks,Sileks,FK Sileks,69.0916224279,1602,,2026-10-07
Carlos Mannucci,Mannucci,CSD Carlos A. Mannucci,69.085619987,1603,,2026-10-07
Juventud Unida Univ.,Juventud UU,CA Juventud Unida Universitario,69.077960234,1604,,2026-10-07
Salamanca UDS,Salamanca UDS,Salamanca CF UDS,69.0759547666,1605,,2026-10-07
TransINVEST Vilnius,TransINVEST,FK TransINVEST Vilnius,69.075606595,1606,,2026-10-07
Sporting Lagos,Sport Lagos,Sporting Lagos FC,69.0528151519,1607,,2026-10-07
Arnett Gardens,Gardens,Arnett Gardens FC,69.0513551028,1608,,2026-10-07
Richards Bay,Richards Bay,Richards Bay FC,69.027221801,1609,,2026-10-07
Shinnik,Shinnik,FK Shinnik Yaroslavl,69.0272101625,1610,,2026-10-07
Bentín Tacna Heroica,Tacna Heroica,CD Bentín Tacna Heroica,69.0250375188,1611,,2026-10-07
Al Ula,Ula,Al Ula FC,69.0233224113,1612,,2026-10-07
Shooting Stars,Shooting Stars,Shooting Stars FC (3SC),69.018345483,1613,,2026-10-07
San Francisco,San Francisco,San Francisco FC,69.0163608479,1614,,2026-10-07
Sonnenhof Großaspach,Großaspach,SG Sonnenhof Großaspach,69.0150238296,1615,,2026-10-07
Široki Brijeg,Široki Brijeg,NK Široki Brijeg,69.0073638116,1616,,2026-10-07
Platense,Platense,CD Platense,69.0066140243,1617,,2026-10-07
Inter Santa Tecla,Inter,Internacional Santa Tecla,69.0053953819,1618,,2026-10-07
Mačva Šabac,Mačva,FK Mačva Šabac,69.0028374238,1619,,2026-10-07
Stjarnan,Stjarnan,UMF Stjarnan,68.9854281464,1620,,2026-10-07
Puszcza Niepołomice,Puszcza,MKS Puszcza Niepołomice,68.9777680172,1621,,2026-10-07
Kruger United,Kruger,Kruger United FC,68.9763869022,1622,,2026-10-07
Valur,Valur,Valur Reykjavík,68.9763752634,1623,,2026-10-07
Union Brescia,Union Brescia,Union Brescia Srl,68.9690632901,1624,,2026-10-07
Antalyaspor,Antalyaspor,Antalyaspor Kulübü,68.9659295792,1625,,2026-10-07
York City,York,York City FC,68.9572248015,1626,,2026-10-07
Paykan,Paykan,Paykan FC,68.9571670309,1627,,2026-10-07
Municipal Limeño,Limeño,CD Municipal Limeño,68.9475960809,1628,,2026-10-07
Dinamo Samarqand,Samarqand,PFK Dinamo Samarqand,68.9376681934,1629,,2026-10-07
Remo Stars,Remo Stars,Remo Stars FC,68.9306018786,1630,,2026-10-07
AJEL,AJEL,AJEL de Rufisque,68.9260753204,1631,,2026-10-07
Bravos do Maquis,Bravos,Bravos do Maquis FC,68.9217228511,1632,,2026-10-07
Tlaxcala,Tlaxcala,Tlaxcala FC,68.9160472171,1633,,2026-10-07
San Martín Mendoza,SM Mendoza,Atlético Club San Martín de Mendoza,68.9111793908,1634,,2026-10-07
KCCA,KCCA,Kampala Capital City Authority FC,68.9084912872,1635,,2026-10-07
Bechem United,Bechem Utd,Bechem United FC,68.90361419,1636,,2026-10-07
Ninh Bình,Ninh Bình,CLB Ninh Bình,68.8975372282,1637,,2026-10-07
Waterford,Waterford,Waterford FC,68.8917636818,1638,,2026-10-07
La Unión Atlético,Unión Atlético,FC La Unión Atlético,68.8834067916,1639,,2026-10-07
Galway United,Galway Utd,Galway United FC,68.8816657685,1640,,2026-10-07
Interclube,Interclube,GD Interclube,68.8792422619,1641,,2026-10-07
Fleetwood Town,Fleetwood,Fleetwood Town FC,68.8705231854,1642,,2026-10-07
Sarmiento de La Banda,Sar La Banda,CA Sarmiento de La Banda,68.8680021675,1643,,2026-10-07
Nasarawa United,Nasarawa Utd,Nasarawa United FC,68.867925562,1644,,2026-10-07
Oldham Athletic,Oldham,Oldham Athletic AFC,68.86355904,1645,,2026-10-07
Shandong Taishan,Taishan,Shandong Taishan FC,68.8616721007,1646,,2026-10-07
Vlašim,Vlašim,FC Sellier & Bellot Vlašim,68.8600769584,1647,,2026-10-07
USFAS Bamako,USFAS,US des Forces Armées et de Sécurité de Bamako,68.8593944714,1648,,2026-10-07
Unterhaching,Unterhaching,SpVgg Unterhaching,68.8569430798,1649,,2026-10-07
Mondorf-les-Bains,Mondorf,US Mondorf-les-Bains,68.8569430798,1650,,2026-10-07
Bartolomé Mitre,Bartolomé Mit.,CA Bartolomé Mitre,68.8551184638,1651,,2026-10-07
Binga,Binga,Binga FC,68.842680391,1652,,2026-10-07
La Unión,La Unión,CD La Unión,68.8422346786,1653,,2026-10-07
Valenciennes,Valenciennes,Valenciennes FC,68.8360504326,1654,,2026-10-07
Stuttgart II,Stuttgart II,VfB Stuttgart 1893,68.834309369,1655,,2026-10-07
Jicaral,Jicaral,Asociación Deportiva y Recreativa Jicaral Sercoba,68.8304233097,1656,,2026-10-07
Quevilly-Rouen Métropole,QRM,Quevilly-Rouen Métropole,68.8196843758,1657,,2026-10-07
Pogoń Grodzisk Maz.,Pogoń GM,GKS Pogoń Grodzisk Mazowiecki,68.8162022191,1658,,2026-10-07
Stade d'Abidjan,Stade Abidjan,Stade d'Abidjan,68.8125598767,1659,,2026-10-07
Slavia Mozyr,Slavia,FK Slavia-Mozyr,68.8123718398,1660,,2026-10-07
Al Ramtha,Ramtha,Al Ramtha SC,68.8112694149,1661,,2026-10-07
Mes Shahr-e Babak,Mes Shahr-e B.,Mes Shahr-e Babak Kerman FC,68.8088318957,1662,,2026-10-07
Sporting Gijón II,Gijón II,Real Sporting de Gijón II,68.8068003661,1663,,2026-10-07
Oriental,Oriental,Club Oriental de Futbol,68.7962702391,1664,,2026-10-07
Al Ahli,Ahli,Al Ahli SC (Doha),68.7900280781,1665,,2026-10-07
Oddevold,Oddevold,IK Oddevold,68.7890411918,1666,,2026-10-07
Fafe,Fafe,AD Fafe,68.7796392132,1667,,2026-10-07
Badajoz,Badajoz,CD Badajoz,68.7751123191,1668,,2026-10-07
Duhok,Duhok,Duhok FC,68.7722710462,1669,,2026-10-07
Atlético CP,Atlético CP,Atlético Clube de Portugal,68.7705854149,1670,,2026-10-07
Coruxo,Coruxo,Coruxo FC,68.7629244772,1671,,2026-10-07
Ravenna,Ravenna,Ravenna FC,68.7615315763,1672,,2026-10-07
Bandırmaspor,Bandırma,Bandırmaspor SK,68.7594422232,1673,,2026-10-07
Daegu,Daegu,Daegu FC,68.7592963166,1674,,2026-10-07
Sarıyer,Sarıyer,Sarıyer SK,68.7566564157,1675,,2026-10-07
Tampines Rovers,Tampines,Tampines Rovers FC,68.7547716662,1676,,2026-10-07
Marino de Luanco,Marino Luanco,Club Marino de Luanco,68.753174151,1677,,2026-10-07
Chippa United,Chippa Utd,Chippa United FC,68.748658838,1678,,2026-10-07
Borussia Dortmund II,Dortmund II,BV Borussia 09 Dortmund II,68.7437720064,1679,,2026-10-07
Cieza,Cieza,CD Cieza,68.7430755495,1680,,2026-10-07
Alianza,Alianza,Alianza FC Panama,68.7423233758,1681,,2026-10-07
Ouakam,Ouakam,US Ouakam,68.741174221,1682,,2026-10-07
Deportivo Lara,Deportivo Lara,AC Lara,68.7409026025,1683,,2026-10-07
Intercity,Intercity,CF Intercity Sant Joan d'Alacant,68.7382003447,1684,,2026-10-07
Costa do Sol,Costa do Sol,CD Costa do Sol,68.7315979057,1685,,2026-10-07
Bnei Sakhnin,Sakhnin,Ihoud Bnei Sakhnin FC,68.726708744,1686,,2026-10-07
Potenza,Potenza,SSD Potenza Calcio,68.7260122813,1687,,2026-10-07
Northampton Town,Northampton,Northampton Town FC,68.722529964,1688,,2026-10-07
Heilbronn-Freiberg,H.-Freiberg,SGV Heilbronn-Freiberg,68.722529964,1689,,2026-10-07
Iğdır,Iğdır,Iğdır FK,68.7193958734,1690,,2026-10-07
Kataller Toyama,Toyama,Kataller Toyama,68.7133300013,1691,,2026-10-07
St. John's,St. John's,St. John's SC,68.7129001341,1692,,2026-10-07
Dubai United,Dubai,Dubai United FC,68.7123734326,1693,,2026-10-07
Rustavi,Rustavi,FC Rustavi,68.7113865086,1694,,2026-10-07
Oulu,Oulu,AC Oulu,68.7103418066,1695,,2026-10-07
Qəbələ,Qəbələ,FK Qəbələ,68.7082524008,1696,,2026-10-07
Berekum Chelsea,Chelsea,Berekum Chelsea FC,68.707567572,1697,,2026-10-07
Fredericia,Fredericia,FC Fredericia,68.6988500482,1698,,2026-10-07
Terrassa,Terrassa,Terrassa FC,68.6985018121,1699,,2026-10-07
Östersund,Östersunds,Östersunds FC,68.6981535759,1700,,2026-10-07
CAPS United,CAPS,Central African Pharmaceutical Society United FC,68.6898098193,1701,,2026-10-07
Llapi,Llapi,KF Llapi Podujevë,68.6796992622,1702,,2026-10-07
TPS,TPS,Turun Palloseura,68.677259296,1703,,2026-10-07
Vita Club,Vita,AS Vita Club,68.6717013813,1704,,2026-10-07
Shonan Bellmare,Shonan,Shonan Bellmare,68.6638802273,1705,,2026-10-07
Kwara United,Kwara Utd,Kwara United,68.6603835255,1706,,2026-10-07
Valencia II,Valencia II,Valencia CF Mestalla,68.6577577739,1707,,2026-10-07
Karela United,Karela,Karela United FC,68.6574211714,1708,,2026-10-07
Paraguarí,Paraguarí,CA Paraguarí,68.655236492,1709,,2026-10-07
Mafra,Mafra,CD Mafra,68.6393008036,1710,,2026-10-07
Detroit City,Detroit City,Detroit City FC,68.6281011714,1711,,2026-10-07
Paradou AC,Paradou,Paradou AC,68.6278202836,1712,,2026-10-07
Guillermo Brown,Guillermo Br,CSA Guillermo Brown,68.6225013321,1713,,2026-10-07
La Nucía,La Nucía,CF La Nucía,68.6211919147,1714,,2026-10-07
Volendam,Volendam,FC Volendam,68.613530413,1715,,2026-10-07
Orsomarso,Orsomarso,Orsomarso SC,68.6113573272,1716,,2026-10-07
Kitara,Kitara,Kitara FC,68.604838056,1717,,2026-10-07
Katsina United,Katsina Utd,Katsina United FC,68.5928233185,1718,,2026-10-07
Green Eagles,Eagles,Green Eagles FC,68.5799378687,1719,,2026-10-07
Enyimba,Enyimba,Enyimba International FC,68.5740174994,1720,,2026-10-07
Gent II,Jong Gent,Jong KAA Gent (KRC Gent II),68.5689538287,1721,,2026-10-07
Hødd,Hødd,IL Hødd,68.5605956099,1722,,2026-10-07
Warta Poznań,Warta Poznań,Warta Poznań,68.5529338791,1723,,2026-10-07
Reddis,Reddis,CF Reddis,68.550147788,1724,,2026-10-07
FC Tulsa,Tulsa,FC Tulsa,68.5424302955,1725,,2026-10-07
Maestro United Zambia,MUZA,Maestro United Zambia FC,68.5384949203,1726,,2026-10-07
Al Karkh,Karkh,Al Karkh SC,68.5291964888,1727,,2026-10-07
Al Salmiyah,Salmiyah,Al Salmiyah SC,68.5152635422,1728,,2026-10-07
Paredes,Paredes,USC Paredes,68.5104455728,1729,,2026-10-07
Liepāja,Liepāja,FK Liepāja,68.506266347,1730,,2026-10-07
Cruz Azul Hidalgo,CA Hidalgo,CD Cruz Azul Hidalgo,68.4953794232,1731,,2026-10-07
Central Coast Mariners,Central Coast,Central Coast Mariners FC,68.494975777,1732,,2026-10-07
Bordeaux,Bordeaux,FC Girondins de Bordeaux,68.4940246483,1733,,2026-10-07
Tenerife II,Tenerife II,CD Tenerife II,68.4860666337,1734,,2026-10-07
Baník Ostrava II,Baník II,FC Baník Ostrava II,68.4843252697,1735,,2026-10-07
Racing United,Racing Utd,Racing United FC,68.4820080598,1736,,2026-10-07
Abia Warriors,Abia,Abia Warriors FC,68.4744133971,1737,,2026-10-07
Manila Digger,Manila Digger,Manila Digger FC,68.4662454946,1738,,2026-10-07
Don Benito,Don Benito,CD Don Benito,68.460294293,1739,,2026-10-07
Sporting Hasselt,Hasselt,Koninklijke Sporting Hasselt,68.4592494614,1740,,2026-10-07
Swindon Town,Swindon,Swindon Town FC,68.4533287391,1741,,2026-10-07
Pendikspor,Pendik,Pendik SK,68.4529804607,1742,,2026-10-07
US Chaouia,Chaouia,Union Sportive des Chaouia,68.4519472672,1743,,2026-10-07
Lierse SK,Lierse,Koninklijke Lierse SK,68.44705972,1744,,2026-10-07
Kabwe Warriors,Warriors,Kabwe Warriors FC,68.4361028212,1745,,2026-10-07
Vitesse,Vitesse,Vitesse,68.4310388053,1746,,2026-10-07
Shams Azar Qazvin,Shams Azar,Shams Azar Qazvin,68.4292396083,1747,,2026-10-07
Gor Mahia,Gor Mahia,Gor Mahia FC,68.41607426,1748,,2026-10-07
Barranquilla,Barranquilla,CD Barranquilla FC,68.4135410351,1749,,2026-10-07
Albirex Niigata,Albirex,Albirex Niigata,68.4131304069,1750,,2026-10-07
Kriens,Kriens,SC Kriens,68.4056140495,1751,,2026-10-07
Tropezón,Tropezón,CD Tropezón,68.4045691897,1752,,2026-10-07
Catania,Catania,Calcio Catania,68.3976034438,1753,,2026-10-07
Marítimo,Maritimo,Club Sport Marítimo de Venezuela,68.3922955292,1754,,2026-10-07
Azuaga,Azuaga,CD Azuaga,68.3774026447,1755,,2026-10-07
Perth Glory,Perth,Perth Glory FC,68.371335748,1756,,2026-10-07
Konkola Blades,Blades,Konkola Blades FC,68.3671419545,1757,,2026-10-07
Castellón II,Castellón II,CD Castellón II,68.3634709414,1758,,2026-10-07
Unión San Felipe,San Felipe,CD Unión San Felipe,68.349803847,1759,,2026-10-07
Sport Huancayo II,Huancayo II,Club Sport Huancayo II,68.3445793981,1760,,2026-10-07
Panevėžys,Panevėžys,FK Panevėžys,68.3425732061,1761,,2026-10-07
Ashantigold,Ashantigold,Ashantigold FC,68.3363154858,1762,,2026-10-07
Esteghlal Khuzestan,Khuzestan,Esteghlal Meli-Sanati Khuzestan FC,68.3345045619,1763,,2026-10-07
Mouna,Mouna,FC Mouna d'Akoupé,68.3337055351,1764,,2026-10-07
Batman Petrolspor,Batman,Batman Petrol SK,68.3321242574,1765,,2026-10-07
Hannover 96 II,Hannover II,Hannoverscher Sportverein 1896 II,68.3317759581,1766,,2026-10-07
Nkana,Nkana,Nkana FC,68.3072346435,1767,,2026-10-07
MWOS,MWOS,Moors World of Sport FC,68.3067121882,1768,,2026-10-07
Manresa,Manresa,CE Manresa,68.3049567373,1769,,2026-10-07
Pharco,Pharco,Pharco FC,68.3042717721,1770,,2026-10-07
Atenas,Atenas,CA Atenas,68.3006934933,1771,,2026-10-07
Partick Thistle,Partick,Partick Thistle FC,68.2760473078,1772,,2026-10-07
Sporting San Miguelito,San Miguelito,AF Sporting San Miguelito,68.2756432695,1773,,2026-10-07
UD Logroñés II,Logroñés II,UD Logroñés II,68.2687328081,1774,,2026-10-07
Suchitepéquez,Suchitepéquez,CD Suchitepéquez,68.2613625521,1775,,2026-10-07
Milo,Milo,Milo FC,68.2346120579,1776,,2026-10-07
Platinum,Platinum,FC Platinum,68.2321738442,1777,,2026-10-07
Ciudad de Lucena,Lucena,CD Ciudad de Lucena,68.2304183285,1778,,2026-10-07
Al Gharafa,Gharafa,Al Gharafa SC,68.225832414,1779,,2026-10-07
ASM Oran,ASM Oran,ASM d'Oran,68.2175422102,1780,,2026-10-07
Weiche Flensburg,Weiche,SC Weiche Flensburg 08,68.2091708939,1781,,2026-10-07
Soroksár SC,Soroksár,Soroksár Sport Club 1905,68.2088225734,1782,,2026-10-07
Al Merreikh,Merreikh,Al-Merreikh Al-Sudan,68.2023925685,1783,,2026-10-07
Herentals,Herentals,Herentals College FC,68.1956002839,1784,,2026-10-07
Hartford Athletic,Hartford Ath,Hartford Athletic,68.1934406815,1785,,2026-10-07
Castellonense,Castellonense,UD Castellonense,68.1921031202,1786,,2026-10-07
Banga,Banga,FK Banga Gargždai,68.1910581497,1787,,2026-10-07
Daquilema,Daquilema,Daquilema FC,68.1909745521,1788,,2026-10-07
Slatina,Slatina,CSM Slatina,68.1837433415,1789,,2026-10-07
Ben Guerdane,USBG,Union Sportive de Ben Guerdane,68.1802717335,1790,,2026-10-07
El Linqueño,Linqueño,CA El Linqueño,68.1777382123,1791,,2026-10-07
Radomlje,Radomlje,NK Radomlje,68.1732935693,1792,,2026-10-07
Coleraine,Coleraine,Coleraine FC,68.1729452426,1793,,2026-10-07
Boreham Wood,Boreham Wood,Boreham Wood FC,68.1729278263,1794,,2026-10-07
Racing Santander II,Santander II,Rayo Cantabria,68.170158627,1795,,2026-10-07
Escorpiones Belén,Escorpiones,CD Escorpiones de Belén FC,68.1547764397,1796,,2026-10-07
Kiryat Yam SC,Kiryat Yam SC,Kiryat Yam Sports Club,68.1541355127,1797,,2026-10-07
Highlanders,Highlanders,Highlanders FC,68.1485761589,1798,,2026-10-07
Choloma,Choloma,CD Choloma,68.1478121204,1799,,2026-10-07
Čelik,Čelik,NK Čelik Zenica,68.1440339185,1800,,2026-10-07
Resistencia,Resistencia,Resistencia SC,68.1418603275,1801,,2026-10-07
RSD Alcalá,Alcalá,RSD Alcalá,68.1408989307,1802,,2026-10-07
Varzim,Varzim,Varzim SC,68.1356739402,1803,,2026-10-07
Correcaminos UAT,Correcaminos,CF Correcaminos de la UAT,68.1338417069,1804,,2026-10-07
Kun Khalifat,Kun Khalifat,Kun Khalifat FC,68.1243670141,1805,,2026-10-07
UMECIT,UMECIT,UMECIT FC,68.1237748444,1806,,2026-10-07
Rapperswil-Jona,Rapperswil,FC Rapperswil-Jona,68.1179088708,1807,,2026-10-07
Sanat Naft,Sanat Naft,Sanat Naft FC,68.1140193739,1808,,2026-10-07
Wally Daan,Wally Daan,Wally Daan FC,68.1121752482,1809,,2026-10-07
Tepatitlán,Tepa,Tepatitlán FC,68.0972663597,1810,,2026-10-07
Příbram,Příbram,FK Příbram,68.0827266035,1811,,2026-10-07
Bogotá,Bogotá,Corporación Deportiva Bogotá FC,68.0669675348,1812,,2026-10-07
Swedru All Blacks,All Blacks,Swedru All Blacks United FC,68.0367565343,1813,,2026-10-07
Lusail City,Lusail City,Lusail City FC,68.0342486396,1814,,2026-10-07
Independiente Chivilcoy,Ind Chivilcoy,Atlético Independiente de Chivilcoy,68.0296942677,1815,,2026-10-07
Basake Holy Stars,Holy Stars,Basake Holy Stars FC,68.0249125892,1816,,2026-10-07
Kazma,Kazma,Kazma,68.0224046797,1817,,2026-10-07
Salernitana,Salernitana,US Salernitana 1919,68.0161921172,1818,,2026-10-07
Río Aguarico,Río Aguarico,Río Aguarico Fútbol Club,68.0094897777,1819,,2026-10-07
FH,FH,FH Hafnarfjörður,68.0043480509,1820,,2026-10-07
Unión Minas Volcán,Minas Volcán,CD Unión Minas,68.0042644455,1821,,2026-10-07
Polonia Bytom,Pl Bytom,TS Polonia Bytom,67.9945940614,1823,,2026-10-07
América Mineiro,América MG,América FC (Minas Gerais),67.9927686667,1824,,2026-10-07
Real Ávila,Ávila,Real Ávila CF,67.9890203319,1825,,2026-10-07
Rhode Island,Rhode Island,Rhode Island FC,67.9886162359,1826,,2026-10-07
Tokushima Vortis,Tokushima,Tokushima Vortis,67.9798170254,1827,,2026-10-07
Sesvete,Radnik,NK Sesvete,67.9750859402,1828,,2026-10-07
Amstetten,Amstetten,SKU Ertl Glas Amstetten,67.9702088803,1829,,2026-10-07
ES Mostaganem,ES Mostaganem,ES Mostaganem,67.9649950904,1830,,2026-10-07
Júbilo Iwata,Júbilo,Júbilo Iwata,67.957173486,1831,,2026-10-07
Atert Bissen,Atert,FC Atert Bissen,67.9437332053,1832,,2026-10-07
Kagoshima United,Kagoshima Utd,Kagoshima United FC,67.9416712232,1833,,2026-10-07
Pars Jonoubi Jam,Pars Jam,FC Pars Jonoubi Jam,67.9245151592,1834,,2026-10-07
Marumo Gallants,Gallants,Marumo Gallants FC,67.8988050753,1835,,2026-10-07
Atlético Tembetary,Tembetary,Club Atlético Tembetary,67.8980130718,1836,,2026-10-07
Colón,Colón,Colón FC,67.8882585652,1837,,2026-10-07
Zemun,Zemun,FK Zemun,67.8872970469,1838,,2026-10-07
Palmeira,Palmeira,Grupo Desportivo da Palmeira,67.8859174765,1839,,2026-10-07
Rentistas,Rentistas,CA Rentistas,67.878504011,1840,,2026-10-07
CS-Disciples,CS-Disciples,Caisse Nationale de Prévoyance Sociale Sport - Disciples FC,67.8719823701,1841,,2026-10-07
11 de Mayo,11 de Mayo,11 de Mayo FC,67.8701429268,1842,,2026-10-07
Yenisey,Yenisey,FK Yenisey Krasnoyarsk,67.8695297793,1843,,2026-10-07
1860 München,1860 München,TSV 1860 München,67.8608202768,1844,,2026-10-07
Benjamín Aceval,B. Aceval,Club Dr. Benjamín Aceval,67.8600399035,1845,,2026-10-07
Kuching City,Kuching City,Kuching City FC,67.8564937303,1846,,2026-10-07
Bani Yas,Bani Yas,Bani Yas Club,67.8524013166,1847,,2026-10-07
FC Santa Coloma,FC St. Coloma,FC Santa Coloma,67.8427043903,1848,,2026-10-07
Ferizaj,Ferizaj,KF Ferizaj,67.8378292983,1849,,2026-10-07
Henan,Henan,Henan FC,67.8352423393,1850,,2026-10-07
Sportivo Carapeguá,Carapeguá,Club Sportivo Carapeguá,67.833562773,1851,,2026-10-07
Cheltenham Town,Cheltenham,Cheltenham Town FC,67.8263302749,1852,,2026-10-07
Mineros,Mineros,Mineros SC,67.8234595651,1853,,2026-10-07
Al Wakrah,Wakrah,Al Wakrah SC,67.8179111697,1854,,2026-10-07
Kansanshi Dynamos,Kansanshi,Kansanshi Dynamos FC,67.8174603259,1855,,2026-10-07
Manacor,Manacor,CE Manacor,67.8165754191,1856,,2026-10-07
Thionville Lusitanos,Thionville,US Thionville Lusitanos,67.8141366977,1857,,2026-10-07
Stockholm Inter,Stockholm Int.,FC Stockholm Internazionale,67.811349584,1858,,2026-10-07
Dundalk,Dundalk,Dundalk FC,67.8082140763,1859,,2026-10-07
Obolon Kyiv,Obolon,FK Obolon Kyiv,67.8054269543,1860,,2026-10-07
Germinal de Rawson,Ger Rawson,CA Germinal Trelew,67.8001174761,1861,,2026-10-07
SOA,SOA,Société Omnisports de l'Armée,67.7801824196,1862,,2026-10-07
Roda JC,Roda JC,Roda JC Kerkrade,67.7789491013,1863,,2026-10-07
Deportivo Miranda,Miranda,Deportivo Miranda Fútbol Club,67.7708523826,1864,,2026-10-07
CI Kamsar,Kamsar,Club Industriel de Kamsar,67.7678143627,1865,,2026-10-07
Xamax,Xamax,Neuchâtel Xamax FCS,67.7660584408,1866,,2026-10-07
Kaspiy,Kaspiy,FK Kaspiy Aktau,67.757348488,1867,,2026-10-07
WE,WE,WE SC (Telecom Egypt),67.7510889443,1868,,2026-10-07
Colorado Springs,Switchbacks,Colorado Springs Switchbacks FC,67.7499763543,1869,,2026-10-07
Defence Force,Defence,Defence Force FC,67.7391759203,1870,,2026-10-07
Laredo,Laredo,CD Laredo,67.7364444464,1871,,2026-10-07
BATE,BATE,FK BATE Borisov,67.7347024331,1872,,2026-10-07
Öster,Öster,Östers IF,67.7340056273,1873,,2026-10-07
Bayelsa United,Bayelsa Utd,Bayelsa United FC,67.729664522,1874,,2026-10-07
Sandviken,Sandviken,Sandvikens IF,67.7287795764,1875,,2026-10-07
Kabuscorp,Kabuscorp,Kabuscorp SC do Palanca,67.7061471341,1876,,2026-10-07
Sacachispas,Sacachispas,CSyD Sacachispas,67.6994576933,1877,,2026-10-07
Odra Opole,Odra,OKS Odra Opole,67.6960293461,1878,,2026-10-07
Señor Montúfar,Señor,CD Señor Montúfar,67.6879322915,1879,,2026-10-07
Cittadella,Cittadella,AS Cittadella,67.6873190881,1880,,2026-10-07
Khorfakkan,Khorfakkan,Khorfakkan Club,67.6855192249,1881,,2026-10-07
Atlético Madrid III,A Madrid III,Club Atlético de Madrid III,67.682441327,1882,,2026-10-07
Defensores Vilelas,Defensores V.,Club Atlético Defensores de Vilelas,67.6809640599,1883,,2026-10-07
Gimnasia Concepción,Gim Concepción,Club Gimnasia y Esgrima de Concepción del Uruguay,67.6729505635,1884,,2026-10-07
Toledo,Toledo,CD Toledo,67.6664143139,1885,,2026-10-07
Mallorca II,Mallorca II,Real Club Deportivo Mallorca II,67.6625817482,1886,,2026-10-07
Dewa United,Dewa United,Dewa United Banten FC,67.6613905156,1887,,2026-10-07
Niger Tornadoes,Tornadoes,Niger Tornadoes FC,67.6603309834,1888,,2026-10-07
Aviced,Aviced,Aviced Fútbol Club,67.6600592191,1889,,2026-10-07
Ferroviário Beira,Ferro Beira,Clube Ferroviário da Beira,67.6566726143,1890,,2026-10-07
Lokomotive Leipzig,Lok Leipzig,1. FC Lokomotive Leipzig,67.651084007,1891,,2026-10-07
Kazincbarcika,Kazincbarcika,Kolorcity Kazincbarcika SC,67.6496903369,1892,,2026-10-07
Aigle Noir,Aigle Noir,Aigle Noir Makamba,67.6495300665,1893,,2026-10-07
Quick Boys,Quick Boys,kvv Quick Boys,67.6493419192,1894,,2026-10-07
Vysočina Jihlava,Vysočina,FC Vysočina Jihlava,67.6402830383,1895,,2026-10-07
Fénix,Fénix,CA Fénix,67.6401994176,1896,,2026-10-07
Chornomorets,Chornomorets,FK Chornomorets Odesa,67.6388893606,1897,,2026-10-07
Etoile Carouge,Etoile Carouge,Etoile Carouge FC,67.6354051622,1898,,2026-10-07
Lokomotiv,Lokomotiv,FK Lokomotiv Tashkent,67.6332568318,1899,,2026-10-07
Peña Sport,Peña Sport,Peña Sport FC,67.6329662198,1900,,2026-10-07
Debibi United,Debibi,Debibi United FC,67.6319326043,1901,,2026-10-07
Stal Rzeszów,Stal Rzeszów,ZKS Stal Rzeszów,67.6242556866,1902,,2026-10-07
Cuarte,Cuarte,CD Cuarte Industrial,67.622165153,1903,,2026-10-07
St Maur Lusitanos,St Maur Lusita,Lusitanos St Maur US,67.621067622,1904,,2026-10-07
Simba Bhora,Simba Bhora,Simba Bhora FC,67.6173011696,1905,,2026-10-07
Atlético Astorga,Astorga,Atlético Astorga FC,67.616590386,1906,,2026-10-07
Mura,Mura,NŠ Mura,67.6141514205,1907,,2026-10-07
Zhejiang,Zhejiang,Zhejiang Professional FC,67.6087790659,1908,,2026-10-07
Melgar II,Melgar II,FBC Melgar II,67.6066115141,1909,,2026-10-07
Warri Wolves,Warri,Warri Wolves FC,67.5993572889,1910,,2026-10-07
Métlaoui,Métlaoui,Étoile Sportive de Métlaoui,67.5963933716,1911,,2026-10-07
Brisbane Roar,Brisbane,Brisbane Roar FC,67.5864797546,1912,,2026-10-07
Stella,Stella,Stella Club d'Adjamé,67.5836780376,1913,,2026-10-07
Liefering,Liefering,FC Liefering,67.565719917,1914,,2026-10-07
Lexington,Lexington,Lexington SC,67.5628767073,1915,,2026-10-07
Saipa,Saipa,Saipa FC,67.560784048,1916,,2026-10-07
Gütersloh,Gütersloh,FC Gütersloh 2000,67.5587512585,1917,,2026-10-07
Deportivo Capiatá,Capiatá,Deportivo Capiatá,67.5586676345,1918,,2026-10-07
Delfines Del Este,Delfines,Delfines Del Este FC,67.5585235828,1919,,2026-10-07
Zanaco,Zanaco,Zanaco FC,67.5523191651,1920,,2026-10-07
CA Batna,Batna,CA Batna,67.5392505323,1921,,2026-10-07
Nueva Santa Rosa,Santa Rosa,Nueva Santa Rosa CDF,67.5391831353,1922,,2026-10-07
Portugalete,Portugalete,Club Portugalete,67.5381935741,1923,,2026-10-07
Silver Strikers,Strikers,Silver Strikers FC,67.5364653252,1924,,2026-10-07
Seraing,Seraing,RFC Seraing,67.5273919939,1925,,2026-10-07
Guaranda,Guaranda,Guaranda FC,67.5255661726,1926,,2026-10-07
Alianza Universidad,Alianza Univ,CDS y C Alianza Universidad de Huánuco,67.5252177332,1927,,2026-10-07
Le Geldar,Le Geldar,ASC Le Geldar de Kourou,67.5214150635,1928,,2026-10-07
Al Mosul,Mosul,Al Mosul,67.5165348336,1929,,2026-10-07
Golden Lion,Golden Lion,Golden Lion de Saint-Joseph,67.5128782637,1930,,2026-10-07
Wil,Wil,FC Wil 1900,67.5096215248,1931,,2026-10-07
Sivasspor,Sivas,Sivasspor Kulübü,67.5078793134,1932,,2026-10-07
Pogoń Siedlce,P Siedlce,MKP Pogoń Siedlce,67.5064855432,1933,,2026-10-07
Hurricanes,Hurricanes,Hurricanes SC,67.4916232154,1934,,2026-10-07
Dorados,Dorados,CSyD Dorados de Sinaloa,67.4879273999,1935,,2026-10-07
Chicken Inn,Chicken Inn,Chicken Inn FC,67.4810630034,1936,,2026-10-07
El Bayadh,Bayadh,MC El Bayadh,67.479666924,1937,,2026-10-07
Trento,Trento,AC Trento,67.4719894197,1938,,2026-10-07
Izarra,Izarra,CD Izarra,67.4538700042,1939,,2026-10-07
Grorud,Grorud,Grorud IL,67.4535215523,1940,,2026-10-07
Oliveirense,Oliveirense,UD Oliveirense,67.4475978604,1941,,2026-10-07
Huracán Las Heras,Las Heras,CA Huracán Las Heras,67.4457719659,1942,,2026-10-07
Llanera,Llanera,UD Llanera,67.4413256968,1943,,2026-10-07
Kalba,Kalba,Al Ittihad Kalba,67.4395256115,1944,,2026-10-07
Sliema Wanderers,Sliema,Sliema Wanderers FC,67.4388865167,1945,,2026-10-07
Nam Định,Nam Định,Thép Xanh Nam Định FC,67.4282868508,1946,,2026-10-07
Casa Sport,Casa,Casa Sport,67.4261818248,1947,,2026-10-07
Septemvri Sofia,Septemvri,PFK Septemvri Sofia,67.4249482876,1948,,2026-10-07
Bijelo Brdo,Bijelo Brdo,BSK Bijelo Brdo,67.4228575448,1949,,2026-10-07
Altglienicke,Altglienicke,VSG Altglienicke,67.4082222836,1950,,2026-10-07
El Paso Locomotive,El Paso Loco,El Paso Locomotive FC,67.4074696102,1951,,2026-10-07
USM Annaba,Annaba,USM Annaba,67.4019616438,1952,,2026-10-07
Mezőkövesd,Mezőkövesd,Mezőkövesd Zsóry SE,67.3981169214,1953,,2026-10-07
Znicz Pruszków,Znicz,MKS Znicz Pruszków,67.3967230743,1954,,2026-10-07
Sogndal,Sogndal,Sogndal Fotball,67.3956776883,1955,,2026-10-07
Matlama,Matlama,Matlama FC,67.3908131535,1956,,2026-10-07
Kapaz,Kapaz,FK Kapaz,67.3859207262,1957,,2026-10-07
Yunnan Yukun,Yukun,Yunnan Yukun FC,67.3836839358,1958,,2026-10-07
Deportivo Llacuabamba,Llacuabamba,CSCD Llacuabamba,67.3823524537,1959,,2026-10-07
Lorca Deportiva,Lorca,CF Lorca Deportiva,67.3817391563,1960,,2026-10-07
Mighty Wanderers,Wanderers,Mighty Wanderers FC,67.3810561657,1961,,2026-10-07
Veraguas United,Veraguas Utd,Veraguas United FC,67.3639116313,1962,,2026-10-07
Víkingur,Víkingur,Víkingur Gøta,67.347240869,1963,,2026-10-07
Veles,Veles,Veles Moskva,67.3451500444,1964,,2026-10-07
St Joseph's,St Joseph's,St Joseph's FC,67.3409706794,1965,,2026-10-07
Tevragh-Zeïne,FCTVZ,ASC Tevragh-Zeïne,67.3301773858,1966,,2026-10-07
Shrewsbury Town,Shrewsbury,Shrewsbury Town FC,67.3298172639,1967,,2026-10-07
Mes Rafsanjan,Rafsanjan,Mes Rafsanjan,67.3287140253,1968,,2026-10-07
VVV,VVV,VVV Venlo,67.3270294728,1969,,2026-10-07
Naft Maysan,Maysan,Naft Maysan,67.3248831002,1970,,2026-10-07
Hyères,Hyères,Hyères FC,67.3203561822,1971,,2026-10-07
Persebaya Surabaya,Persebaya,Persatuan Sepak Bola Surabaya,67.3181715894,1972,,2026-10-07
Qatar SC,Qatar,Qatar SC,67.3179113073,1973,,2026-10-07
Hapoel Kfar Shalem,H Kfar Shalem,Hapoel Kfar Shalem FC,67.3144843649,1974,,2026-10-07
Thróttur Reykjavík,Thróttur R,Thróttur Reykjavík,67.3039255042,1975,,2026-10-07
Jerv,Jerv,FK Jerv,67.3036815695,1976,,2026-10-07
Paide,Paide,Paide Linnameeskond,67.3026361346,1977,,2026-10-07
River Plate,River Plate,CA River Plate,67.2941890001,1978,,2026-10-07
Maleyet Kafr El Zayiat,Maleyet,Maleyet Kafr El Zayiat,67.2862692306,1979,,2026-10-07
Slavia Praha II,Slavia II,SK Slavia Praha II,67.285212138,1980,,2026-10-07
Sogdiana,Sogdiana,FK Sogdiana Jizak,67.2820179836,1981,,2026-10-07
Hwaseong,Hwaseong,Hwaseong FC,67.2801873774,1982,,2026-10-07
JS Omrane,Omrane,Jeunesse Sportive Omrane,67.2698905431,1983,,2026-10-07
Stal Mielec,Stal Mielec,PGE FKS Stal Mielec,67.2587273701,1984,,2026-10-07
Vitesse,Vitesse,Vitesse FC,67.2453245489,1985,,2026-10-07
Club Brugge II,Club NXT,Club NXT (Club Brugge KV II),67.2444393879,1986,,2026-10-07
Drogheda United,Drogheda,Drogheda United FC,67.2392120517,1987,,2026-10-07
Nouakchott King's,King's,Nouakchott King's,67.23364786,1988,,2026-10-07
Opava,Opava,SFC Opava,67.2266663884,1989,,2026-10-07
Yaracuyanos,Yaracuyanos,Yaracuyanos FC,67.2234463221,1990,,2026-10-07
Sagan Tosu,Sagan,Sagan Tosu,67.2118836618,1991,,2026-10-07
Pittsburgh Riverhounds,Pittsburgh,Pittsburgh Riverhounds SC,67.2053525185,1992,,2026-10-07
Sloga Doboj,Sloga Doboj,FK Sloga Doboj,67.1987868525,1993,,2026-10-07
Bouaké,Bouaké,Bouaké FC,67.1954900714,1994,,2026-10-07
Douanes,Douanes,AS Douanes,67.1899141079,1995,,2026-10-07
El Mansura,Mansura,El Mansura,67.189737568,1996,,2026-10-07
Nyasa Big Bullets,Big Bullets,Nyasa Big Bullets FC,67.1838153798,1997,,2026-10-07
Bantu,Bantu,Bantu FC,67.1827698834,1998,,2026-10-07
Bari,Bari,SSC Bari,67.181710443,1999,,2026-10-07
Illertissen,Illertissen,FV Illertissen 1921,67.1775284427,2000,,2026-10-07
Mardin 1969,Mardin,Mardin 1969 Spor,67.1726494313,2001,,2026-10-07
Náxara,Náxara,Náxara CD,67.1677704078,2002,,2026-10-07
JS Jijel,Jijel,Jeunesse Sportive Jijelienne,67.1573269663,2003,,2026-10-07
Tychy,Tychy,GKS Tychy,67.151390741,2004,,2026-10-07
Erzgebirge Aue,Aue,FC Erzgebirge Aue,67.1499967206,2005,,2026-10-07
3 de Noviembre,3 de Noviembre,Club 3 de Noviembre,67.1436399749,2006,,2026-10-07
Mornar,Mornar,FK Mornar Bar,67.1423295905,2007,,2026-10-07
Orihuela,Orihuela,Orihuela CF,67.1360564621,2008,,2026-10-07
RAEC Mons,R. Mons 44,Renaissance Albert Elisabeth Club de Mons,67.1329198904,2009,,2026-10-07
Gaz Al-Shamal,Gaz Al-Shamal,Gaz Al-Shamal SC,67.1241516327,2010,,2026-10-07
Barquisimeto,Barquisimeto,Barquisimeto SC,67.1199414009,2011,,2026-10-07
Qingdao West Coast,West Coast,Qingdao West Coast FC,67.111514747,2012,,2026-10-07
Dunav ot Ruse,Dunav,FK Dunav ot Ruse,67.1046905215,2013,,2026-10-07
Ufa,Ufa,FK Ufa,67.1029479547,2014,,2026-10-07
Atlético Tordesillas,Tordesillas,CD Atlético Tordesillas,67.1025994411,2015,,2026-10-07
Victoria,Victoria,CD Victoria,67.1025459699,2016,,2026-10-07
Vukovar,Vukovar,NK Vukovar '91,67.1015539001,2017,,2026-10-07
Juventud Antoniana,Juv Antoniana,Centro Juventud Antoniana,67.0955455137,2018,,2026-10-07
BUL,BUL,BIDCO BUL FC,67.0949460681,2019,,2026-10-07
Independiente,Independiente,CA Independiente de La Chorrera,67.0903456657,2020,,2026-10-07
Buxoro,Buxoro,FK Buxoro,67.0872069597,2021,,2026-10-07
Accrington Stanley,Accrington,Accrington Stanley FC,67.0726270461,2022,,2026-10-07
Sagrada Esperança,Sagrada,GD Sagrada Esperança,67.072292468,2023,,2026-10-07
Yacoub El Mansour,Yacoub,US Yacoub El Mansour,67.0614860609,2024,,2026-10-07
Pompiers,Pompiers,AS Pompiers,67.0566067633,2025,,2026-10-07
Gillingham,Gillingham,Gillingham FC,67.0552010262,2026,,2026-10-07
Genk II,Jong Genk,Jong KRC Genk (KRC Genk II),67.0520643263,2027,,2026-10-07
Diyala,Diyala,Diyala SC,67.0474779941,2028,,2026-10-07
Deportivo Quito,Quito,SD Quito,67.0467528365,2029,,2026-10-07
New Mexico United,New Mexico Utd,New Mexico United,67.0460836714,2030,,2026-10-07
Al Golan,Golan,Al Golan SC,67.044341282,2031,,2026-10-07
Constància,Constància,CE Constància,67.0440482928,2032,,2026-10-07
Gimpo Citizen,Gimpo,Gimpo Citizen FC,67.0428566893,2033,,2026-10-07
Newport County,Newport,Newport County AFC,67.0175602989,2034,,2026-10-07
İstanbulspor,İstanbulspor,İstanbulspor Kulübü,67.0165147129,2035,,2026-10-07
Las Palmas II,Las Palmas II,UD Las Palmas Atlético,67.0154691264,2036,,2026-10-07
Iwaki,Iwaki,Iwaki FC,67.0100951513,2037,,2026-10-07
Inter Lagos,Inter Lagos,Inter Lagos FC,67.0069440901,2038,,2026-10-07
Bizertin,Bizertin,CA Bizertin,66.9990998485,2039,,2026-10-07
Nürnberg II,Nürnberg II,1. FC Nürnberg II,66.9983911344,2040,,2026-10-07
Sandnes Ulf,Sandnes,Sandnes Ulf,66.9969970061,2041,,2026-10-07
Opatija,Opatija,NK Opatija,66.9949058118,2042,,2026-10-07
Ranchers Bees,Bees,Ranchers Bees,66.9877748226,2043,,2026-10-07
Dugopolje,Dugopolje,NK Dugopolje,66.9834042036,2044,,2026-10-07
Stade Mandji,Stade Mandji,AS Stade Mandji,66.9790614594,2045,,2026-10-07
Atlético Monzón,Monzón,CA Monzón,66.9705083813,2046,,2026-10-07
Sutjeska,Sutjeska,FK Sutjeska Nikšić,66.9701598444,2047,,2026-10-07
Tegevajaro Miyazaki,Tegevajaro,Tegevajaro Miyazaki FC,66.968619659,2048,,2026-10-07
AZ II,AZ II,AZ II,66.9663259343,2049,,2026-10-07
Nchanga Rangers,Rangers,Nchanga Rangers FC,66.9602404582,2050,,2026-10-07
Astillero,Astillero,Astillero FC,66.9596200593,2051,,2026-10-07
Istiklol,Istiklol,FC Istiklol Dushanbe,66.9579054767,2052,,2026-10-07
Hapoel Ra'anana,H Ra'anana,Hapoel Ra'anana AFC,66.9544756199,2053,,2026-10-07
Caudal,Caudal,Caudal Deportivo de Mieres,66.9488989767,2054,,2026-10-07
Olympic Safi,Olympic Safi,Olympic Club de Safi,66.947516464,2055,,2026-10-07
Afturelding,Afturelding,UMF Afturelding,66.941823588,2056,,2026-10-07
Tauro,Tauro,Tauro FC,66.9390840464,2057,,2026-10-07
Chemal,Chemal,Chemal FC,66.9381058363,2058,,2026-10-07
Keflavík,Keflavík,Keflavík ÍF,66.9377456431,2059,,2026-10-07
Tiszakécske,Tiszakécske,Tiszakécskei LC,66.9293806015,2060,,2026-10-07
Olympic Az Zawiyah,Az Zawiyah,Al Olympic Az Zawiyah SC,66.9137099947,2061,,2026-10-07
Linares,Linares,Club Social y Deportes Linares,66.9129153076,2062,,2026-10-07
BSK Banja Luka,Banja Luka,FK BSK Banja Luka,66.9095134855,2063,,2026-10-07
Kyzyl-Zhar,Kyzyl-Zhar,FK Kyzyl-Zhar SK Petropavlovsk,66.9084678423,2064,,2026-10-07
Vitória Guimarães II,Vitória SC II,Vitória SC Guimarães II,66.9074221985,2065,,2026-10-07
Luz Valdivia,Luz Valdivia,Luz Valdivia FC,66.907338547,2066,,2026-10-07
Saint-Malo,Saint-Malo,US Saint-Malo,66.905278627,2067,,2026-10-07
Antoniano,Antoniano,CA Antoniano,66.8994055777,2068,,2026-10-07
Manisa,Manisa,Manisa FK,66.89731428,2069,,2026-10-07
Motema Pembe,Motema,Daring Club Motema Pembe,66.8896601114,2070,,2026-10-07
El Nacional,El Nacional,CD El Nacional,66.8878197605,2071,,2026-10-07
Tishreen,Tishreen,Tishreen SC,66.8813996625,2072,,2026-10-07
Maccabi Bnei Raina,Bnei Raina,Maccabi Bnei Raina FC,66.87535552,2073,,2026-10-07
Tersana,Tersana,Tersana SC,66.8750186173,2074,,2026-10-07
Nsingizini Hotspurs,Nsingizini,Nsingizini Hotspurs,66.8628214913,2075,,2026-10-07
Tianjin Jinmen Tiger,Jinmen Tiger,Tianjin Jinmen Tiger FC,66.8626615023,2076,,2026-10-07
Young Apostles,Young Apostles,Young Apostles FC,66.845042767,2077,,2026-10-07
Ayacucho,Ayacucho,Ayacucho FC,66.8369305868,2078,,2026-10-07
Gimnástica Torrelavega,Gimnástica,RS Gimnástica de Torrelavega,66.8331800724,2079,,2026-10-07
Mijas Las Lagunas,Mijas,CP Mijas Las Lagunas,66.8321343887,2080,,2026-10-07
Aguacatán,Aguacatán,Aguacatán FC,66.823364566,2081,,2026-10-07
Santos,Santos,Santos FC,66.823336681,2082,,2026-10-07
Patria,Patria,Club Sport Patria,66.8205481759,2083,,2026-10-07
Górnik Łęczna,Górnik Łęczna,GKS Górnik Łęczna,66.8167976303,2084,,2026-10-07
Dalian Yingbo,Yingbo,Dalian Yingbo FC,66.8152573252,2085,,2026-10-07
Fosa Juniors,Fosa Juniors,SOM-Fosa Juniors FC,66.8084460198,2086,,2026-10-07
Diarra,Diarra,FC Diarra de la Commune 4,66.8074003229,2087,,2026-10-07
Dynamo de Douala,Dynamo,Dynamo de Douala FC,66.7924096473,2088,,2026-10-07
Trident,Trident,Trident FC,66.7904948116,2089,,2026-10-07
Buchbach,Buchbach,TSV Buchbach,66.7833351974,2090,,2026-10-07
Progrès Sakiet Eddaïer,Progrès SE,Progrès Sportif de Sakiet Eddaïer,66.7798611461,2091,,2026-10-07
Domžale,Domžale,NK Domžale,66.7795009239,2092,,2026-10-07
Sporting Cascades,Cascades,Sporting Football des Cascades de Tenakourou,66.7681862881,2093,,2026-10-07
Eidsvold,Eidsvold,Eidsvold TF,66.7673009133,2094,,2026-10-07
El Massira,El Massira,Jeunesse Sportive d'El Massira Laâyoune,66.7669639921,2095,,2026-10-07
Montedio Yamagata,Montedio,Montedio Yamagata,66.7626234092,2096,,2026-10-07
De Graafschap,De Graafschap,De Graafschap,66.7530093761,2097,,2026-10-07
Reggiana,Reggiana,AC Reggiana 1919,66.7512664986,2098,,2026-10-07
Atlètic Club d'Escaldes,Atlètic,Atlètic Club d'Escaldes,66.7488264675,2099,,2026-10-07
Seongnam,Seongnam,Seongnam FC,66.7420574569,2100,,2026-10-07
Jadran LP,Jadran,NK Jadran Luka Ploče,66.7411577787,2102,,2026-10-07
Strømmen,Strømmen,Strømmen IF,66.7331404811,2103,,2026-10-07
Hà Nội,Hà Nội,Hà Nội FC,66.7319486896,2104,,2026-10-07
Värnamo,Värnamo,IFK Värnamo,66.731397586,2105,,2026-10-07
Brattvåg,Brattvåg,Brattvåg IL,66.7216373449,2106,,2026-10-07
Podbeskidzie,Podbeskidzie,TS Podbeskidzie Bielsko-Biała,66.7212887639,2107,,2026-10-07
Real Hope,Real Hope,Real Hope FA,66.7187952157,2108,,2026-10-07
Brujas de Salamanca,B. Salamanca,CD Brujas de Salamanca,66.7163249647,2109,,2026-10-07
Muğlaspor,Muğla,Muğlaspor Kulübü,66.7125742205,2110,,2026-10-07
Borussia M'gladbach II,M'gladbach II,Borussia Mönchengladbach II,66.7069968924,2111,,2026-10-07
Juticalpa,Juticalpa,Juticalpa FC,66.6888169842,2112,,2026-10-07
Emmen,Emmen,FC Emmen,66.68852188,2113,,2026-10-07
Magesi,Magesi,Magesi FC,66.6850476612,2114,,2026-10-07
Paris 13 Atletico,Paris 13,FC Paris 13 Atletico,66.6808529559,2115,,2026-10-07
Nõmme Kalju,Kalju,Nõmme Kalju FC,66.6742297701,2116,,2026-10-07
Atlético Escobar,Atl. Escobar,Atlético Escobar FC,66.6685686715,2117,,2026-10-07
Radnik Bijeljina,Radnik,FK Radnik Bijeljina,66.6613319232,2118,,2026-10-07
Kaloum Star,Kaloum,AS du Kaloum Star,66.6589057241,2119,,2026-10-07
Real Native,Real Native,Real Native FC,66.651234393,2120,,2026-10-07
Al Shahaniya,Shahaniya,Al-Shahaniya SC,66.6504677166,2121,,2026-10-07
El Sekka El Hadid,Sekka El Hadid,El Sekka El Hadid,66.6456568908,2122,,2026-10-07
Al Salt,Al Salt,Al Salt SC,66.625368822,2123,,2026-10-07
TSC,TSC,FK TSC Bačka Topola,66.6201976834,2124,,2026-10-07
César Vallejo,UCV,CD Universidad César Vallejo,66.6194168217,2125,,2026-10-07
Prishtina e Re,Prishtina e Re,KF Prishtina e Re,66.6125307839,2126,,2026-10-07
Elche II,Elche II,Elche Ilicitano CF,66.6104368898,2127,,2026-10-07
SD Logroñés,SD Logroñés,SD Logroñés,66.6076480827,2128,,2026-10-07
Busan IPark,Busan IPark,Busan IPark,66.6071534176,2129,,2026-10-07
Oman Club,Oman Club,Oman Club,66.6037556278,2130,,2026-10-07
Don Bosco,Don Bosco,CS Don Bosco Lubumbashi,66.5989469791,2131,,2026-10-07
Elazığspor,Elazığspor,Elazığspor Kulubü,66.591263761,2132,,2026-10-07
Ismaily,Ismaily,Ismaily SC,66.5891837883,2133,,2026-10-07
Al Kahrabaa,Kahrabaa,Al Kahrabaa Club,66.5849333305,2134,,2026-10-07
Green Buffaloes,Buffaloes,Green Buffaloes FC,66.5830854931,2135,,2026-10-07
Moss,Moss,Moss FK,66.5762737298,2136,,2026-10-07
Ertis,Ertis,FK Ertis,66.5672099345,2137,,2026-10-07
Andijan,Andijan,FK Andijan,66.5584368672,2138,,2026-10-07
Huehuetecos,Huehuetecos,Huehuetecos FC,66.5563472692,2139,,2026-10-07
Aragua,Aragua,Aragua FC,66.5524846638,2140,,2026-10-07
Racing,Racing,Racing FC Union Lëtzebuerg,66.5518711085,2141,,2026-10-07
Džiugas Telšiai,Džiugas,FK Džiugas Telšiai,66.5515224974,2142,,2026-10-07
Blaublitz Akita,Blaublitz,AFC Blaublitz Akita,66.5485875383,2143,,2026-10-07
Atlético,Atlético,Atlético FC,66.5462096569,2144,,2026-10-07
Kaisar Kyzylorda,Kaisar,FK Kaisar Kyzylorda,66.5400182971,2145,,2026-10-07
ASPAC,ASPAC,AS du Port Autonome de Cotonou FC,66.5372433362,2146,,2026-10-07
Miramar Misiones,Miramar,CS Miramar Misiones,66.5308706666,2147,,2026-10-07
Nordic United,Nordic,Nordic United FC,66.5302571045,2148,,2026-10-07
Homburg,Homburg,FC 08 Homburg,66.5302571045,2149,,2026-10-07
Al Nasr,Nasr,Al Nasr SC,66.5295715276,2150,,2026-10-07
Pikine,Pikine,AS Pikine,66.5185924156,2151,,2026-10-07
Wikki Tourists,Wikki,Wikki Tourists FC,66.5158034779,2152,,2026-10-07
Pescara,Pescara,Delfino Pescara 1936,66.5124776645,2153,,2026-10-07
Aubagne Air Bel,Aubagne AB,SC Aubagne Air Bel,66.5107345735,2154,,2026-10-07
Tarancón,Tarancón,CD Tarancón,66.5086428622,2155,,2026-10-07
Real Madrid III,R Madrid III,Real Madrid CF III,66.5023677149,2156,,2026-10-07
Villarreal III,Villarreal III,Villarreal CF III,66.4964411685,2157,,2026-10-07
Tubize-Braine,RUTB,Royale Union Tubize-Braine,66.4856338906,2158,,2026-10-07
Chungnam Asan,Chungnam Asan,Chungnam Asan FC,66.4833960794,2159,,2026-10-07
Atlético Paso,Atlético Paso,CD Atlético Paso,66.4807531649,2160,,2026-10-07
Fernando de la Mora,Fernando Mora,Club Fernando de la Mora,66.4796236238,2161,,2026-10-07
Daugavpils,Daugavpils,BFC Daugavpils,66.4741293034,2162,,2026-10-07
Manchego,Manchego,CD Manchego Ciudad Real,66.4685512975,2163,,2026-10-07
Austria Salzburg,Austria Salzb,SV Austria Salzburg,66.4406610292,2164,,2026-10-07
Maccabi Herzliya,M Herzliya,Maccabi Herzliya FC,66.4364774547,2165,,2026-10-07
Proxy,Proxy,Proxy SC,66.4208006243,2166,,2026-10-07
Aarhus Fremad,Aarhus Fremad,Aarhus Fremad Fodbold,66.4159080832,2167,,2026-10-07
Hatta,Hatta,Hatta Club,66.4155016037,2168,,2026-10-07
Hapoel Rishon LeZion,Rishon LeZion,Hapoel Ironi Rishon LeZion FC,66.4148621772,2169,,2026-10-07
Havelse,Havelse,TSV Havelse,66.4047517235,2170,,2026-10-07
Roan United,Roan,Roan United FC,66.4011049746,2171,,2026-10-07
Stuttgarter Kickers,Stuttg Kickers,SV Stuttgarter Kickers,66.3991735197,2172,,2026-10-07
Coton Sport Ouidah,Coton Sport,Coton Sport FC,66.3953524428,2173,,2026-10-07
Pistoiese,Pistoiese,US Pistoiese 1921,66.3897602649,2174,,2026-10-07
Réal du Faso,RFA,Réal du Faso,66.3592679808,2176,,2026-10-07
Jaro,Jaro,FF Jaro,66.3587310668,2177,,2026-10-07
Compostela,Compostela,SD Compostela,66.3576851302,2178,,2026-10-07
Deportiva Agropecuaria,Agropecuaria,AD Agropecuaria,66.3523717636,2179,,2026-10-07
Al-Ittihad Benghazi,Ittihad Bngz,Al-Ittihad Benghazi,66.3444504974,2180,,2026-10-07
Circulo Deportivo,Circulo Dep.,Club Circulo Deportivo,66.3419123384,2181,,2026-10-07
Kudrivka,Kudrivka,FK Kudrivka,66.341298717,2182,,2026-10-07
Kickers Emden,Kickers Emden,BSV Kickers Emden,66.3378122284,2183,,2026-10-07
UD San Fernando,San Fernando,UD San Fernando,66.3371149299,2184,,2026-10-07
Aviron Bayonnais,Bayonne,Aviron Bayonnais FC,66.3314842356,2185,,2026-10-07
TRA United,TRA Utd,TRA United FC,66.3296329034,2186,,2026-10-07
Arosa,Arosa,Arosa SC,66.3290959796,2187,,2026-10-07
KAMAZ,KAMAZ,FK KAMAZ Naberezhnye Chelny,66.3203796919,2188,,2026-10-07
Tchologo,Tchologo,US Tchologo,66.3191733547,2189,,2026-10-07
Calahorra,Calahorra,CD Calahorra,66.3144525941,2190,,2026-10-07
NAPSA Stars,NAPSA,NAPSA Stars FC,66.3132462532,2191,,2026-10-07
Alebrijes de Oaxaca,Alebrijes,Alebrijes de Oaxaca FC,66.3115727154,2192,,2026-10-07
El Kanemi Warriors,Warriors,El Kanemi Warriors FC,66.2954648407,2193,,2026-10-07
Titanes,Titanes,Titanes FC,66.2948442316,2194,,2026-10-07
Paços de Ferreira,Paços Ferreira,FC Paços de Ferreira,66.2931846244,2195,,2026-10-07
Makeni All Stars,Makeni,Makeni All Stars FC,66.2912809555,2196,,2026-10-07
Nkwazi,Nkwazi,Nkwazi FC,66.2888403516,2197,,2026-10-07
Búhos ULVR,Búhos ULVR,Búhos ULVR FC,66.2882197404,2198,,2026-10-07
Flora,Flora,FC Flora Tallinn,66.2816789048,2199,,2026-10-07
N'Zidane,N'Zidane,FC N'Zidane,66.2684414651,2200,,2026-10-07
Audace Cerignola,Cerignola,SS Audace Cerignola,66.2652918539,2201,,2026-10-07
Olympique Dcheïra,Dcheïra,Olympique Dcheïra,66.2628628721,2202,,2026-10-07
Queens Park Rangers,QPR,Queens Park Rangers FC,66.2584394381,2203,,2026-10-07
Ciudad Nueva Santa Cruz,CN Santa Cruz,Ciudad Nueva Santa Cruz Academia FC,66.2580605881,2204,,2026-10-07
Kladno,Kladno,SK Kladno,66.2544832982,2205,,2026-10-07
Fujieda MYFC,Fujieda,Fujieda MYFC,66.2491072397,2206,,2026-10-07
NA Hussein Dey,NA Hussein Dey,NA Hussein Dey,66.2443836691,2207,,2026-10-07
Atlético Central,CA Central,Club Atlético Central,66.2436746825,2208,,2026-10-07
AaB,AaB,Aalborg BK,66.2377473518,2209,,2026-10-07
Arsenal Tula,Arsenal,FK Arsenal Tula,66.235306681,2210,,2026-10-07
Al Markhiya,Markhiya,Al Markhiya SC,66.2342028287,2211,,2026-10-07
Police,Police,Police FC,66.2339236653,2212,,2026-10-07
Damac,Damac,Damac FC,66.2303674805,2213,,2026-10-07
Puente Genil,Puente Genil,CD AD San Fermín (Salerm Cosmetic Puente Genil FC),66.2150838622,2214,,2026-10-07
San Benito,San Benito,San Benito Fútbol Club,66.2143307325,2215,,2026-10-07
La Viena FC,Viena FC,La Viena FC,66.2126548179,2216,,2026-10-07
Tranmere Rovers,Tranmere,Tranmere Rovers FC,66.2028803356,2217,,2026-10-07
Albacete II,Albacete II,Albacete Balompié II,66.2025316623,2218,,2026-10-07
Leopards,Leopards,AFC Leopards SC,66.1969645359,2219,,2026-10-07
Kjelsås,Kjelsås,Kjelsås Fotball,66.195558183,2220,,2026-10-07
Baltimore,Baltimore,Baltimore SC,66.1951560142,2221,,2026-10-07
Wydad Fès,Wydad Fès,Wydad Athletic Club de Fès,66.1938264644,2222,,2026-10-07
Budućnost,Budućnost,FK Budućnost Podgorica,66.1913740835,2223,,2026-10-07
Watanga,Watanga,Watanga FC,66.1901676682,2224,,2026-10-07
Real Santander,Real Santander,CD Real Santander,66.1891983482,2225,,2026-10-07
Calvo Sotelo,Calvo Sotelo,Calvo Sotelo de Puertollano CF,66.1791704085,2226,,2026-10-07
Concón National,Concón,Club Deportivo y Social Concón National,66.1773433374,2227,,2026-10-07
AD Marco 09,Marco,Associação Desportiva de Marco de Canaveses 09,66.17080213,2228,,2026-10-07
Monagas II,Monagas,Monagas SC II,66.170369768,2229,,2026-10-07
Al Dhafra,Al Dhafra,Al Dhafra FC,66.1696982412,2230,,2026-10-07
KA,KA,KA Akureyri,66.1652232578,2231,,2026-10-07
Triglav,Triglav,NK Triglav Kranj,66.1652232578,2232,,2026-10-07
Feignies Aulnoye,Feignies,SC Feignies Aulnoye,66.1602894293,2233,,2026-10-07
Santa Fe,Santa Fe,Santa Fe SC,66.1553765092,2234,,2026-10-07
Cape Town City,Cape Town City,Cape Town City FC,66.1537284385,2235,,2026-10-07
Atlético Ottawa,Atlético,Atlético Ottawa,66.151220218,2236,,2026-10-07
Naranja Mekánica,Naranja,Naranja Mekánica FC,66.1459620784,2237,,2026-10-07
Universidad San Martín,Uni San Martín,CD Universidad San Martín de Porres,66.1379423423,2238,,2026-10-07
Milsami,Milsami,FC Milsami Orhei,66.1355852309,2239,,2026-10-07
Panionios,Panionios,Panionios FC,66.1334059464,2240,,2026-10-07
Orijent 1919,Orijent,NK Orijent 1919,66.1324470605,2241,,2026-10-07
Galaxy,Galaxy,Jwaneng Galaxy FC,66.1324223404,2242,,2026-10-07
Lijabatho,Lijabatho,Lijabatho FC,66.1307175795,2243,,2026-10-07
Rayong,Rayong,Rayong FC,66.124629856,2244,,2026-10-07
FocuSport,FocuSport,FocuSport FC,66.1190365552,2245,,2026-10-07
Desportivo Lunda-Sul,CD Lunda-Sul,Clube Desportivo da Lunda-Sul,66.1174674573,2246,,2026-10-07
Stade de Mbour,Stade Mbour,Stade de Mbour,66.1155496693,2247,,2026-10-07
Ulytau,Ulytau,FK Ulytau,66.1118744847,2248,,2026-10-07
Petržalka,Petržalka,FC Petržalka,66.1108284157,2249,,2026-10-07
Al Minaa Basra,Minaa Basra,Al Minaa Basra FC,66.1083320247,2250,,2026-10-07
Biel-Bienne,Biel-Bienne,FC Biel-Bienne,66.1066441341,2251,,2026-10-07
Hillerød,Hillerød,Hillerød Fodbold,66.1038546081,2252,,2026-10-07
Rochdale,Rochdale,Rochdale AFC,66.1035059171,2253,,2026-10-07
Al Taliya,Taliya,Al Taliya SC,66.0921178644,2254,,2026-10-07
Nouakchott Academy,Nouakchott AF,Nouakchott Academy Football,66.0825959963,2255,,2026-10-07
Croatia Zmijavci,Zmijavci,NK Croatia Zmijavci,66.0696825896,2256,,2026-10-07
Dubrava Zagreb,Dubrava,NK Dubrava Zagreb,66.0679391032,2257,,2026-10-07
Metalul Buzău,Metalul Buzău,Metalul Buzău,66.0661956152,2258,,2026-10-07
San Antonio,San Antonio,San Antonio FC,66.0657911257,2259,,2026-10-07
Kitchee,Kitchee,Kitchee SC,66.0615164344,2260,,2026-10-07
Baranovichi,Baranovichi,FK Baranovichi,66.0578268511,2261,,2026-10-07
Surkhon Termez,Surkhon Termez,PFC Surkhon Termez,66.0295241508,2262,,2026-10-07
Progrès Niederkorn,Progrès,FC Progrès Niederkorn,66.0288845976,2263,,2026-10-07
Tacuary,Tacuary,Tacuary FC,66.0141552661,2264,,2026-10-07
Milagro,Milagro,Milagro FC,66.0078785284,2265,,2026-10-07
SOL,SOL,SOL FC,66.004663436,2266,,2026-10-07
Leça,Leça,Leça FC,66.0041264244,2267,,2026-10-07
Alianza,Alianza,Club Social y Deportivo Alianza,65.9984633838,2268,,2026-10-07
Javor,Javor,FK Javor Matis Ivanjica,65.9947112616,2269,,2026-10-07
Jiskra Domažlice,Domažlice,TJ Jiskra Domažlice,65.992967708,2270,,2026-10-07
Atyrau,Atyrau,FK Atyrau,65.9901780188,2271,,2026-10-07
Hegelmann,Hegelmann,FC Hegelmann,65.9832037785,2272,,2026-10-07
Al Ahed,Ahed,Al Ahed SC,65.9817533626,2273,,2026-10-07
Mufulira Wanderers,Mufulira,Mufulira Wanderers FC,65.9788588141,2274,,2026-10-07
Boavista,Boavista,Boavista FC,65.9758947478,2275,,2026-10-07
Huaquillas,Huaquillas,Huaquillas FC,65.9754483939,2276,,2026-10-07
Sidama Bunna,Sidama,Sidama Coffee FC,65.9678720181,2277,,2026-10-07
Universidad de Panamá,Uni Panamá,Universidad de Panamá FC,65.9639686939,2278,,2026-10-07
Chirundu United,Chirundu,Chirundu United FC,65.9610743482,2279,,2026-10-07
Furiani-Agliani,Furiani,AS Furiani-Agliani,65.957346564,2280,,2026-10-07
Casertana,Casertana,Casertana FC,65.9528655417,2281,,2026-10-07
Guaireña,Guaireña,Guaireña FC,65.9527818494,2282,,2026-10-07
Cerrito,Cerrito,CS Cerrito,65.9489459464,2283,,2026-10-07
Anderlecht II,RSCA Futures,RSCA Futures (RSC Anderlecht II),65.9472860443,2284,,2026-10-07
Crawley Town,Crawley,Crawley Town FC,65.9448450091,2285,,2026-10-07
JS Soualem,JS Soualem,Jeunesse Sportive Soualem,65.9417181873,2286,,2026-10-07
Moralo,Moralo,Moralo CP,65.9417065308,2287,,2026-10-07
Tochigi City,Tochigi City,Tochigi City FC,65.9391193747,2288,,2026-10-07
Old Road,Old Road,Old Road FC,65.9278785366,2289,,2026-10-07
CFFEB,CFFEB,Centre de Formation de Football Espoir du Burkina,65.9248074814,2290,,2026-10-07
Chelyabinsk,Chelyabinsk,FK Chelyabinsk,65.9239217245,2291,,2026-10-07
Diósgyőr,DVTK,Diósgyőri VTK,65.9190395923,2292,,2026-10-07
Aston Villa,Aston Villa,Aston Villa FC,65.9184630041,2293,,2026-10-07
Varea,Varea,CD Varea,65.9176446951,2294,,2026-10-07
Guédiawaye,Guédiawaye,Guédiawaye FC de Dakar,65.9153919341,2295,,2026-10-07
Villefranche,Villefranche,FC Villefranche Beaujolais,65.9141574478,2296,,2026-10-07
Insutec,Insutec,FC Insutec,65.9036119738,2297,,2026-10-07
Zwickau,Zwickau,FSV Zwickau,65.8995109406,2298,,2026-10-07
BFC Dynamo,BFC Dynamo,Berliner FC Dynamo,65.8974185734,2299,,2026-10-07
Lee Man,Lee Man,Lee Man FC,65.8944826297,2300,,2026-10-07
JKT Tanzania,JKT Tanzania,JKT Tanzania,65.8944683336,2301,,2026-10-07
Lusitano Évora 1911,Lusitano 1911,Associação Lusitano de Évora 1911,65.8876541634,2302,,2026-10-07
Chacaritas,Chacaritas,Chacaritas FC,65.8872217383,2303,,2026-10-07
Sobemap,Sobemap,AS Sobemap,65.8806935056,2304,,2026-10-07
Cercle Mbéri,Cercle Mbéri,Cercle Mbéri Sportif,65.8773805577,2305,,2026-10-07
Mensajero,Mensajero,CD Mensajero,65.8750998496,2306,,2026-10-07
Bakaridjan,Bakaridjan,AS Bakaridjan de Barouéli,65.8677904134,2307,,2026-10-07
Rayon Sports,Rayon,Rayon Sports FC,65.8637799753,2308,,2026-10-07
Ferroviário Maputo,Ferro Maputo,Clube Ferroviário de Maputo,65.8580258524,2309,,2026-10-07
Ümraniyespor,Ümraniye,Ümraniye SK,65.8566169619,2310,,2026-10-07
Cotonsport,Cotonsport,Cotonsport de Garoua,65.849305162,2311,,2026-10-07
Lioli,Lioli,Lioli FC,65.8486099825,2312,,2026-10-07
Altay,Altay,FK Altay VKO,65.8461548719,2313,,2026-10-07
Dauphins Noirs,Dauphins,AS Dauphins Noirs de Goma,65.8360554142,2314,,2026-10-07
Crotone,Crotone,FC Crotone,65.8356927255,2315,,2026-10-07
Les Herbiers,Les Herbiers,Vendée Les Herbiers Football,65.8342454574,2316,,2026-10-07
Renofa Yamaguchi,Renofa,Renofa Yamaguchi FC,65.8270024749,2317,,2026-10-07
Peña Deportiva,Peña,SCR Peña Deportiva,65.8269742269,2318,,2026-10-07
Agboville,Agboville,ES Agboville,65.8104229214,2319,,2026-10-07
Elgeco Plus,Elgeco Plus,ASSM Elgeco Plus,65.8095510637,2320,,2026-10-07
Marsa,Marsa,AS de La Marsa,65.8088512816,2321,,2026-10-07
Pamplona,Pamplona,CD Pamplona,65.8032597124,2322,,2026-10-07
São Salvador,São Salvador,CD São Salvador do Kongo,65.7942062712,2323,,2026-10-07
Cristo Atlético,Cristo Atl,CD Palencia Cristo Atlético,65.7833811456,2324,,2026-10-07
Ittihad Khemisset,IZK Khémisset,Ittihad Zemmouri de Khémisset,65.7757203193,2325,,2026-10-07
Leones,Leones,Leones FC,65.7742299614,2326,,2026-10-07
TSV Steinbach,Steinbach,TSV Steinbach,65.7725699096,2327,,2026-10-07
Bunyodkor,Bunyodkor,FK Bunyodkor,65.765537023,2328,,2026-10-07
Safa,Safa,Safa Beirut SC,65.7575180077,2329,,2026-10-07
Unia Skierniewice,U Skierniewice,Unia Skierniewice,65.7540860436,2330,,2026-10-07
Entebbe UPPC,Entebbe UPPC,Entebbe UPPC FC,65.7506124521,2331,,2026-10-07
Osaka,Osaka,FC Osaka,65.7502779965,2332,,2026-10-07
Hunters,Hunters,Hunters FC,65.7502636975,2333,,2026-10-07
Chiangrai United,Chiangrai Utd,Singha Chiangrai United FC,65.7462673151,2334,,2026-10-07
Formentera,Formentera,SD Formentera,65.7450184221,2335,,2026-10-07
Yamoussoukro,Yamoussoukro,Yamoussoukro FC,65.7441604834,2336,,2026-10-07
Kozármisleny,Kozármisleny,Kozármisleny SE,65.7415308641,2337,,2026-10-07
Provincial Osorno,Osorno,CD Provincial Osorno,65.7414471626,2338,,2026-10-07
AS Khroub,AS Khroub,AS Khroub,65.7345673869,2339,,2026-10-07
Greifswalder FC,Greifswald,Greifswalder FC,65.7310681523,2340,,2026-10-07
1º de Maio,1º de Maio,EC Primeiro de Maio,65.7265482433,2341,,2026-10-07
Estudiantil CNI,Est. CNI,CD Estudiantil CNI (Loreto),65.7250555549,2342,,2026-10-07
Bregalnica Štip,Bregalnica,FK Bregalnica 2008 Štip,65.7226979421,2343,,2026-10-07
Neftekhimik,Neftekhimik,FK Neftekhimik Nizhnekamsk,65.7153739784,2344,,2026-10-07
Segesta Sisak,Segesta,HNK Segesta Sisak,65.7139789346,2345,,2026-10-07
MSP Batna,MSP Batna,MSP Batna,65.7122467863,2346,,2026-10-07
Unión Santo Domingo,Santo Domingo,Club Unión Santo Domingo,65.7102681131,2347,,2026-10-07
Sohar,Sohar,Sohar Club,65.7079921218,2348,,2026-10-07
ÍBV,ÍBV,ÍB Vestmannaeyja,65.6993309135,2349,,2026-10-07
Entente II,Entente II,Entente II,65.6974266626,2350,,2026-10-07
Åsane,Åsane,Åsane Fotball,65.6958432731,2351,,2026-10-07
St. David’s,David’s,St. David’s FC,65.6879425509,2352,,2026-10-07
Moca,Moca,Moca FC,65.6865474856,2353,,2026-10-07
Chambly-Oise,Chambly,FC Chambly-Oise,65.6853279992,2354,,2026-10-07
Birkirkara,Birkirkara,Birkirkara FC,65.6798000461,2355,,2026-10-07
Quepos Cambute,Quepos,Quepos Cambute FC,65.6745127274,2356,,2026-10-07
Ferroviário de Lichinga,Ferroviário,Ferroviário de Lichinga,65.6696997201,2357,,2026-10-07
Hønefoss,Hønefoss,Hønefoss BK,65.6679419232,2358,,2026-10-07
KTP,KTP,Kotkan Työväen Palloilijat,65.663756686,2359,,2026-10-07
Santa Lucía,Santa Lucía,Santa Lucía Cotzumalguapa FC,65.6549816092,2360,,2026-10-07
Coastal Union,Coastal Union,Coastal Union,65.6534818919,2361,,2026-10-07
Al Ta'awon,Al Ta'awon,Al Ta'awon,65.6470295973,2362,,2026-10-07
Linfield,Linfield,Linfield FC,65.6424815899,2363,,2026-10-07
Kariba,Kariba,ZPC Kariba,65.631683517,2364,,2026-10-07
Jurong,Jurong,Jurong FC,65.6311769455,2365,,2026-10-07
Vianense,Vianense,SC Vianense,65.621903815,2366,,2026-10-07
Al Orobah,Orobah,Al Orobah FC,65.6068484472,2367,,2026-10-07
Phoenix Rising,Phoenix Rising,Phoenix Rising FC,65.6037114842,2368,,2026-10-07
Bahla,Bahla,Bahla Club,65.5935947456,2369,,2026-10-07
Bali United,Bali United,Bali United FC,65.585135668,2370,,2026-10-07
Chabab Ben Guerir,Chabab BG,Chabab Ben Guerir,65.5838983296,2371,,2026-10-07
AB,AB,AB Gladsaxe,65.5814451773,2372,,2026-10-07
Consadole Sapporo,Consadole,Hokkaido Consadole Sapporo,65.5809502513,2373,,2026-10-07
De Treffers,Treffers,De Treffers,65.5783061096,2374,,2026-10-07
USM Oujda,USMO,Union Sportive Musilman d'Oujda,65.5762250537,2375,,2026-10-07
Aampetra,Aampetra,Club Deportivo Aampetra,65.5722930368,2376,,2026-10-07
Karbala,Karbala,Karbala FC,65.5719723823,2377,,2026-10-07
Raith Rovers,Raith Rovers,Raith Rovers FC,65.5699352375,2378,,2026-10-07
Nazareno,Nazareno,Nazareno SC,65.5646197148,2379,,2026-10-07
Gagra,Gagra,FC Gagra,65.5636570595,2380,,2026-10-07
Casarano,Casarano,Casarano Calcio,65.5619131176,2381,,2026-10-07
Helsingborg,Helsingborg,Helsingborgs IF,65.5577276505,2382,,2026-10-07
DSC,DSC,AS Dakar Sacré Cœur,65.55582326,2383,,2026-10-07
Monopoli,Monopoli,Monopoli Calcio 1966,65.5552861238,2384,,2026-10-07
Fehérvár,Fehérvár,Fehérvár FC,65.5517982232,2385,,2026-10-07
Tamaraceite,Tamaraceite,UD Tamaraceite,65.5511006424,2386,,2026-10-07
Bulawayo Chiefs,Chiefs,Bulawayo Chiefs FC,65.5507658034,2387,,2026-10-07
PSV II,PSV II,PSV Eindhoven II,65.5427296521,2388,,2026-10-07
Levante II,Levante II,Atlético Levante UD,65.5423808601,2389,,2026-10-07
Ehime,Ehime,Ehime FC,65.5319453217,2390,,2026-10-07
BEA Mountain,BEA Mountain,FC BEA Mountain,65.5300126551,2391,,2026-10-07
Onze Créateurs,Onze,AS Onze Créateurs de Niaréla,65.5260015163,2392,,2026-10-07
Majestic,Majestic,Majestic FC,65.5244319362,2393,,2026-10-07
Vushtrria,Vushtrria,FC Vushtrria,65.5200603306,2394,,2026-10-07
Arzignano Valchiampo,Arzignano,ASD Arzignano Valchiampo,65.5172676669,2395,,2026-10-07
Santiago City,Santiago City,Santiago City FC,65.5147423777,2396,,2026-10-07
Volga Ulyanovsk,Volga Ul,FK Volga Ulyanovsk,65.5088965298,2397,,2026-10-07
Al Najma,Najma,Al Najma Club,65.5084898604,2398,,2026-10-07
Ferroviária,Ferroviária,Associação Ferroviária de Esportes,65.5032320397,2399,,2026-10-07
Chojniczanka Chojnice,Chojniczanka,MKS Chojniczanka Chojnice,65.5022693538,2400,,2026-10-07
Trasandino,Trasandino,CD Trasandino de Los Andes,65.4857920026,2401,,2026-10-07
Uthai Thani,Uthai Thani,Uthai Thani FC,65.4843343572,2402,,2026-10-07
JS Bordj Ménaïel,Bordj Ménaïel,Jeunesse Sportive de Bordj Ménaïel,65.4841433622,2403,,2026-10-07
Green Fuel,Green Fuel,Green Fuel FC,65.4834480496,2404,,2026-10-07
Austria Wien II,Austria II,Young Violets Austria Wien (FK Austria Wien II),65.481690083,2405,,2026-10-07
Chiquimulilla,Chiquimulilla,CSyD Chiquimulilla,65.4809366682,2406,,2026-10-07
Glentoran,Glentoran,Glentoran FC,65.4771556378,2407,,2026-10-07
Comoé,USCO,US de la Comoé,65.4769951881,2408,,2026-10-07
Gomerano,Gomerano,Deportivo Gomerano,65.4760534173,2409,,2026-10-07
Sitra,Sitra,Sitra Club,65.4760513537,2410,,2026-10-07
Tivoli Gardens,Tivoli Gardens,Tivoli Gardens FC,65.4713468492,2411,,2026-10-07
Buffles,Buffles,Buffles de Borgou FC,65.4656590293,2412,,2026-10-07
União Santarém,Santarém,UD Santarém,65.4558784834,2413,,2026-10-07
Calamocha,Calamocha,CF Calamocha,65.4520415945,2414,,2026-10-07
Andrézieux,Andrézieux,ASF Andrézieux Bouthéon,65.4502452302,2415,,2026-10-07
São João Ver,São João Ver,SC São João de Ver,65.4499487428,2416,,2026-10-07
HLM,HLM,Habitation à Loyer Modéré FC de Dakar,65.446997818,2417,,2026-10-07
Belshina,Belshina,FK Belshina Bobruisk,65.4433213639,2419,,2026-10-07
North Carolina,North Carolina,North Carolina FC,65.4418703137,2420,,2026-10-07
Al Gharraf,Gharraf,Al Gharraf SC,65.4415217327,2421,,2026-10-07
Hottin,Hottin,Hottin SC,65.4413473293,2422,,2026-10-07
NC Magra,NC Magra,NC Magra,65.4321710708,2423,,2026-10-07
SONABEL,SONABEL,AS de la SONABEL,65.4278132083,2424,,2026-10-07
Van,Van,FK Van,65.4262295975,2425,,2026-10-07
Al Jazeera,Al Jazeera,Al Jazeera Club Amman,65.4244276574,2426,,2026-10-07
Samgurali,Samgurali,FC Samgurali Tskaltubo,65.4216950217,2427,,2026-10-07
ASFA-Yennenga,ASFA,AS du Faso-Yennenga,65.4079307747,2428,,2026-10-07
Chonburi,Chonburi,Chonburi FC,65.4044569088,2429,,2026-10-07
Campobasso,Campobasso,Campobasso FC,65.403905429,2430,,2026-10-07
Costa del Este,Costa del Este,Academía Costa del Este,65.3947803505,2431,,2026-10-07
Real Murcia II,Murcia II,Real Murcia Imperial,65.3941385238,2432,,2026-10-07
Vautour Club,Vautour,Vautour Club Mangoungou,65.3925827925,2433,,2026-10-07
Mohun Bagan,Mohun Bagan,Mohun Bagan Super Giant,65.390243637,2434,,2026-10-07
Freiburg II,Freiburg II,SC Freiburg II,65.3875109527,2435,,2026-10-07
Mladost Ždralovi,Ždralovi,NK Mladost Ždralovi,65.3861156717,2436,,2026-10-07
Hohoe United,Hohoe,Hohoe United FC,65.3732209342,2437,,2026-10-07
Zoman,Zoman,Zoman FC,65.3618864553,2438,,2026-10-07
Shkëndija Haraçinë,Shkëndija 77,KF Shkëndija 77 Haraçinë,65.3575121876,2439,,2026-10-07
Mindelense,Mindelense,CS Mindelense,65.355782012,2440,,2026-10-07
Chindia Târgovişte,Chindia,CF Chindia Târgovişte,65.3498380097,2441,,2026-10-07
Esbjerg,Esbjerg,Esbjerg fB,65.3466985645,2442,,2026-10-07
Kolding,Kolding,Kolding IF,65.3400708299,2443,,2026-10-07
Prison Leopards,Prison Leopard,Prison Leopards FC,65.3381662241,2444,,2026-10-07
Al Okhdood,Okhdood,Al Okhdood Club,65.3347805153,2445,,2026-10-07
Flambeau du Centre,Flamb. Centre,Flambeau du Centre FC,65.3325849524,2446,,2026-10-07
Dunfermline Athletic,Dunfermline,Dunfermline Athletic FC,65.3306524309,2447,,2026-10-07
Hemelingen,Hemelingen,SV Hemelingen,65.3296059393,2448,,2026-10-07
Louletano,Louletano,Louletano DC,65.3180944938,2449,,2026-10-07
F91 Dudelange,Dudelange,F91 Dudelange,65.31425733,2450,,2026-10-07
Southend United,Southend,Southend United FC,65.3142398883,2451,,2026-10-07
Loto Popo,Loto Popo,Loto FC,65.3090387766,2452,,2026-10-07
Lecco,Lecco,Calcio Lecco 1912,65.2996062703,2453,,2026-10-07
Stenhousemuir,Stenhousemuir,Stenhousemuir FC,65.2975132527,2454,,2026-10-07
Hammarby Talang,Hammarby TFF,Hammarby Talangfotbollförening,65.2950713959,2455,,2026-10-07
Wacker Innsbruck,Wacker,FC Wacker Innsbruck,65.2933272105,2456,,2026-10-07
Szeged-Csanád,Szeged-Csanád,Szeged-Csanád Grosics Akadémia,65.2912341861,2457,,2026-10-07
MC Saïda,MC Saïda,MC Saïda,65.2779899719,2458,,2026-10-07
Cavese 1919,Cavese,Cavese 1919,65.2776294713,2459,,2026-10-07
Aresimi,Aresimi,KF Aresimi 1973,65.2765829507,2460,,2026-10-07
AlbinoLeffe,AlbinoLeffe,UC AlbinoLeffe,65.2661177142,2461,,2026-10-07
Motril,Motril,Motril CF,65.2636758175,2462,,2026-10-07
Ibiza Islas Pitiusas,Ibiza Pitiusas,CD Ibiza Islas Pitiusas,65.2577454839,2463,,2026-10-07
El Entag El Harby,Military,El Entag El Harby,65.2518267927,2464,,2026-10-07
Baladiyyat Al Mehalla,Baladiyyat,Baladiyyat Al Mehalla,65.2514779479,2465,,2026-10-07
Platense,Platense,CD Platense Municipal Zacatecoluca,65.236586802,2466,,2026-10-07
Vendsyssel,Vendsyssel,Vendsyssel FF,65.2312331802,2467,,2026-10-07
UD Melilla,UD Melilla,UD Melilla,65.2228607977,2468,,2026-10-07
Schalke 04 II,Schalke II,FC Schalke 04 II,65.2225119476,2469,,2026-10-07
Kickers Offenbach,Offenbach,Offenbacher FC Kickers 1901,65.2190234435,2470,,2026-10-07
Indy Eleven,Indy Eleven,Indy Eleven,65.2151302654,2471,,2026-10-07
FSV Frankfurt,FSV Frankfurt,FSV Frankfurt 1899,65.2120464161,2472,,2026-10-07
Al Hidd,Hidd,Al Hidd SCC,65.211988536,2473,,2026-10-07
Mariehamn,Mariehamn,IFK Mariehamn,65.2036739498,2474,,2026-10-07
Olimpia Grudziądz,Grudziądz,GKS Olimpia Grudziądz,65.1987899943,2475,,2026-10-07
Universitario II,Universitario,Club Universitario de Deportes II,65.198217873,2476,,2026-10-07
Derby Académie,Derby Académie,Derby Académie,65.1953154029,2477,,2026-10-07
Sardarapat,Sardarapat,Sardarapat FC,65.1768120403,2478,,2026-10-07
Khouribga,Khouribga,Olympique Club de Khouribga,65.1747305499,2479,,2026-10-07
Sua Flamingoes,Flamingoes,Sua Flamingoes FC,65.1673681076,2480,,2026-10-07
GOAL,GOAL,GOAL FC,65.165247349,2481,,2026-10-07
Avranches,Avranches,US Avranches Mont-Saint-Michel,65.1635030457,2482,,2026-10-07
Mutondo Stars,Mutondo Stars,Mutondo Stars FC,65.1599062871,2483,,2026-10-07
Pirata,Pirata,Pirata FC,65.1516103429,2484,,2026-10-07
Bayern München II,Bayern II,FC Bayern München II,65.1464611181,2485,,2026-10-07
Azazga,Azazga,JS Azazga,65.13705343,2486,,2026-10-07
Leningradets,Leningradets,FK Leningradets Leningradskaya Oblast,65.1356463054,2487,,2026-10-07
Sakaryaspor,Sakaryaspor,Sakaryaspor Kulübü,65.1349485735,2488,,2026-10-07
Dassendorf,Dassendorf,TuS Dassendorf,65.1332042425,2489,,2026-10-07
Bourg-Péronnas,Bourg-Péronnas,Football Bourg-en-Bresse Péronnas 01,65.1297155758,2490,,2026-10-07
SNIM,SNIM,ASC Société Nationale Industrielle et Minière FC (Cansado),65.1283317688,2491,,2026-10-07
Dynamo Puerto,Dynamo Puerto,Dynamo Puerto FC,65.1271897771,2492,,2026-10-07
Burgos Promesas,Burgos Promes.,CD Burgos Promesas 2000,65.1258780351,2493,,2026-10-07
Santa Cruz,Santa Cruz,Santa Cruz FC,65.1254454391,2494,,2026-10-07
Arnedo,Arnedo,CD Arnedo,65.1199472752,2495,,2026-10-07
Al-Madina,Madina,Al-Madina,65.1196123611,2496,,2026-10-07
Sayaxché,Sayaxché,Club Social y Deportivo Sayaxché,65.1167516346,2497,,2026-10-07
Ospitaletto,Ospitaletto,ACD Ospitaletto SSD,65.1157608454,2498,,2026-10-07
BKMA,BKMA,Banaki Kentronakan Marzakan Akumb,65.1143653668,2499,,2026-10-07
Old Road Jets United,Old Road Jets,Old Road Jets United FC,65.1132652312,2500,,2026-10-07
Den Bosch,Den Bosch,FC Den Bosch,65.1112255361,2501,,2026-10-07
Hungry Lions,Hungry Lions,Hungry Lions FC,65.1053063925,2502,,2026-10-07
Gbohloé-su des Lacs,Gbohloé,Gbohloé-su des Lacs,65.1019944042,2503,,2026-10-07
Arsenal Česká Lípa,Arsenal CL,FK Arsenal Česká Lípa,65.1000616521,2504,,2026-10-07
Deportivo Santamarina,Santamarina,CD Santamarina de Tandil,65.0961403224,2505,,2026-10-07
Excursionistas,Excursionistas,CA Excursionistas,65.0731145588,2507,,2026-10-07
Nacional FCB,Nacional,Nacional Fútbol Club Mollendo,65.0659974485,2508,,2026-10-07
Szentlőrinc SE,Szentlőrinc,Szentlőrinc SE,65.0623830628,2509,,2026-10-07
Ranger's,Ranger's,Ranger's FC Andorra,65.0609875452,2510,,2026-10-07
Arsenal,Arsenal,Arsenal FC,65.053228449,2511,,2026-10-07
Recreativo da Caála,Caála,CR da Caála,65.0501862049,2512,,2026-10-07
Korhogo,Korhogo,CO Korhogo,65.0447785342,2513,,2026-10-07
Leioa,Leioa,SD Leioa,65.0390080094,2514,,2026-10-07
INCA-Aruba,INCA-Aruba,Club Deportivo INCA-Aruba,65.0321512403,2515,,2026-10-07
Atlético El Vigía,El Vigía,Atlético El Vigía FC,65.0267133144,2516,,2026-10-07
Chabab Atlas Khénifra,CA Khénifra,Chabab Atlas Khénifra,65.0243665072,2517,,2026-10-07
Voitsberg,Voitsberg,ASK Voitsberg,65.0222615268,2518,,2026-10-07
Maringá,Maringá,Maringá FC,65.0176422628,2519,,2026-10-07
Livingston,Livingston,Livingston FC,65.0163304457,2520,,2026-10-07
Huracán,Huracán,Huracán Fútbol Club,65.0089200573,2521,,2026-10-07
Vanspor,Van,Van Spor FK,65.0086549016,2522,,2026-10-07
OTR,OTR,AS OTR,65.0022143986,2523,,2026-10-07
Guarani SP,Guarani,Guarani FC,64.997406685,2524,,2026-10-07
Hanácká Slávia,Kroměříž,SK Hanácká Slávia Kroměříž,64.9967926366,2525,,2026-10-07
VG United,VG United,Virgin Gorda United Rebels FC,64.9965646635,2526,,2026-10-07
Qizilqum,Qizilqum,Qizilqum Zarafshon PFK,64.9890591272,2527,,2026-10-07
Sport Sébaco,Sport Sébaco,Club Sport Sébaco FC,64.9780733365,2528,,2026-10-07
Al Jabalain,Jabalain,Al Jabalain FC,64.9758011607,2529,,2026-10-07
Gyirmót,Gyirmót,Gyirmót SE,64.9748123625,2530,,2026-10-07
Capoise,Capoise,AS Capoise,64.9744099391,2531,,2026-10-07
Bourges Foot 18,Bourges,Bourges Foot 18,64.9737133422,2532,,2026-10-07
Siheung Citizen,Siheung,Siheung City Athletic Club,64.9711772195,2533,,2026-10-07
HK,HK,HK Kópavogur,64.9691253615,2534,,2026-10-07
ISCA,ISCA,Inova Sporting Club Association,64.9690695381,2535,,2026-10-07
Trofense,Trofense,CD Trofense,64.9678344448,2536,,2026-10-07
Dos Hermanas 1971,Dos Hermanas,Dos Hermanas CF 1971,64.9660899614,2537,,2026-10-07
Etoile Filante,Etoile Filante,Etoile Filante Lomé,64.9526713418,2538,,2026-10-07
Alittihad Misurata,Alittihad Mis.,Alittihad Misurata SC,64.9521479928,2539,,2026-10-07
Cacahuatique,Cacahuatique,CD Cacahuatique,64.9424857488,2540,,2026-10-07
Créteil,Créteil,US Créteil Football,64.9370789688,2541,,2026-10-07
Imbabura,Imbabura,Imbabura SC,64.9342563484,2542,,2026-10-07
Brusque,Brusque,Brusque FC,64.9265804745,2543,,2026-10-07
Al Raed,Raed,Al Raed FC,64.9203260394,2544,,2026-10-07
San Juan SN,San Juan,IN San Juan FC Satélite Norte,64.9183812115,2545,,2026-10-07
Oita Trinita,Oita,Oita Trinita,64.9150041516,2546,,2026-10-07
US Bougouba,US Bougouba,US Bougouba,64.9113263298,2547,,2026-10-07
Scafatese,Scafatese,SS Scafatese Calcio 1922,64.9102656509,2548,,2026-10-07
Sandecja Nowy Sącz,Sandecja,MKS Sandecja Nowy Sącz,64.9099167439,2549,,2026-10-07
Mjøndalen,Mjøndalen,Mjøndalen IF,64.9095678367,2550,,2026-10-07
Police,Police,Police FC,64.9064416259,2551,,2026-10-07
Atalanta II,Atalanta II,Atalanta Bergamasca Calcio Under 23,64.904334222,2552,,2026-10-07
Stade Briochin,Stade Briochin,Stade Briochin,64.9032351611,2553,,2026-10-07
Llosetense,Llosetense,CD Llosetense,64.9011940462,2554,,2026-10-07
Imabari,Imabari,FC Imabari,64.900001127,2555,,2026-10-07
Inter Moengotapoe,Inter,Inter Moengo Tapoe,64.8987261762,2556,,2026-10-07
Třinec,Třinec,FK Fotbal Třinec,64.8984027746,2557,,2026-10-07
Concordia Chiajna,Concordia,CS Concordia Chiajna,64.8959604085,2558,,2026-10-07
Viktoria Žižkov,Žižkov,FK Viktoria Žižkov,64.8938669494,2559,,2026-10-07
Mashujaa,Mashujaa,Mashujaa FC,64.886379327,2560,,2026-10-07
Vilzing,Vilzing,DJK Vilzing,64.8823528833,2561,,2026-10-07
Recreativo do Libolo,Recreativo,Clube Recreativo Desportivo do Libolo,64.8760864108,2562,,2026-10-07
Prostějov,Prostějov,SK Prostějov,64.8697920045,2563,,2026-10-07
WA Mostaganem,Mostaganem,WA Mostaganem,64.8617786185,2564,,2026-10-07
Alianza Lima II,Alianza II,Club Alianza Lima II,64.8570077363,2565,,2026-10-07
Simba,Simba,FC Simba,64.8544536637,2566,,2026-10-07
Racing,Racing,Racing Club de France Football,64.8526427823,2567,,2026-10-07
Mekelakeya,Mekelakeya,Defence Force SC,64.8481708492,2568,,2026-10-07
URA,URA,Uganda Revenue Authority FC,64.8439861173,2569,,2026-10-07
Eichstätt,Eichstätt,VfB Eichstätt,64.8408318854,2570,,2026-10-07
Universitario,Universitario,CD Universitario,64.8365890166,2571,,2026-10-07
Polisi Tanzania,Polisi,Polisi Tanzania FC,64.8326462123,2572,,2026-10-07
Zápy,Zápy,SK Zápy,64.8282707331,2573,,2026-10-07
SKA Khabarovsk,SKA,FK SKA-Khabarovsk,64.822339049,2574,,2026-10-07
Voždovac,Voždovac,FK Voždovac,64.8185008907,2575,,2026-10-07
Ljungskile,Ljungskile,Ljungskile SK,64.8171051948,2576,,2026-10-07
Rumilly Vallières,Rumilly V.,GFA Rumilly Vallières,64.8142614613,2577,,2026-10-07
Real Zaragoza II,Zaragoza II,Real Zaragoza Deportivo Aragón,64.8132670259,2578,,2026-10-07
Brage,Brage,IK Brage,64.7958207062,2579,,2026-10-07
Trelleborg,Trelleborg,Trelleborgs FF,64.7940760655,2580,,2026-10-07
Vimenor,Vimenor,CF Vimenor,64.7926803517,2581,,2026-10-07
Ejea,Ejea,SD Ejea,64.7898889211,2582,,2026-10-07
Yadah,Yadah,Yadah FC,64.7881582321,2583,,2026-10-07
Saguntino,Saguntino,Atlético Saguntino,64.7863996271,2584,,2026-10-07
Oliveira Hospital,Oliv. Hospital,FC Oliveira do Hospital,64.7804678126,2585,,2026-10-07
Pianese,Pianese,US Pianese,64.7734891837,2586,,2026-10-07
Memmingen,Memmingen,FC Memmingen 07,64.7717445225,2587,,2026-10-07
Iztapa,Iztapa,Club Deportivo Iztapa,64.7699440304,2588,,2026-10-07
Torres,Torres,ASD Torres,64.7647658616,2589,,2026-10-07
Raja Beni Mellal,Raja BM,Raja de Beni Mellal,64.7605903165,2590,,2026-10-07
Angoulême,Angoulême,Angoulême Charente FC,64.7521518671,2591,,2026-10-07
Sol de Mayo,Sol de Mayo,Club Social y Deportivo Sol de Mayo,64.7514225907,2592,,2026-10-07
GC Mascara,Mascara,Ghali Club de Mascara,64.7476796981,2593,,2026-10-07
Union Omaha,Union Omaha,Union Omaha,64.7465653936,2594,,2026-10-07
Pécsi MFC,Pécsi,Pécsi Mecsek FC,64.7462722865,2595,,2026-10-07
Jorge Newbery CR,Newbery CR,Club Atlético Jorge Newbery de Comodoro Rivadavia,64.7458396045,2596,,2026-10-07
Miami,Miami,Miami FC,64.7427270825,2597,,2026-10-07
Ponte Preta,Ponte Preta,Associacao Atletica Ponte Preta,64.7423502297,2598,,2026-10-07
Dnepr Mogilev,Dnepr,FC Dnepr Mogilev,64.7326636919,2599,,2026-10-07
Young Buffaloes,Buffaloes,Young Buffaloes FC,64.7274435505,2600,,2026-10-07
Raufoss,Raufoss,Raufoss IL,64.7228933588,2601,,2026-10-07
BVSC Zugló,BVSC,Budapesti Vasutas Sport Club Zugló,64.7176592311,2602,,2026-10-07
Dinamo Zagreb II,Dinamo Zagreb,GNK Dinamo Zagreb II,64.7169613463,2603,,2026-10-07
Guijuelo,Guijuelo,CD Guijuelo,64.715565576,2604,,2026-10-07
Mbeya City,Mbeya City,Mbeya City FC,64.7147071785,2605,,2026-10-07
Unisport,Unisport,Unisport de Sokodé,64.7147071768,2606,,2026-10-07
Dečić,Dečić,FK Dečić,64.7092845969,2607,,2026-10-07
Pays de Grasse,Pays de Grasse,Racing Club Pays de Grasse,64.7088833114,2608,,2026-10-07
Kaya,Kaya,Kaya FC-Iloilo,64.7082683232,2609,,2026-10-07
CFFA,CFFA,Centre de Formation de Football Andoharanofotsy,64.7040643913,2610,,2026-10-07
Arsenal,Arsenal,FK Arsenal Dzyarzhynsk,64.703352542,2611,,2026-10-07
Beni Oulbane,NRBBO,NRB Beni Oulbane,64.702666316,2612,,2026-10-07
Supra du Québec,Supra,FC Supra du Québec,64.6991093667,2613,,2026-10-07
ASKO,ASKO,AS Korofina,64.6897575999,2614,,2026-10-07
Mouloudia Oujda,MC Oujda,Mouloudia Club d'Oujda,64.6887084618,2615,,2026-10-07
Kafr Qasim,Kafr Qasim,MS Kafr Qasim,64.6834625758,2616,,2026-10-07
Paysandú,Paysandú,Paysandú FC,64.6819830332,2617,,2026-10-07
Gyeongnam,Gyeongnam,Gyeongnam FC,64.6815716224,2618,,2026-10-07
Sagrado Corazón,S. Corazón,CD Sagrado Corazón,64.6750040429,2619,,2026-10-07
Balzan,Balzan,Balzan FC,64.6747388408,2620,,2026-10-07
Tru-Juice,Tru-Juice,Tru-Juice FC,64.6731150259,2621,,2026-10-07
Municipal Jalapa,Jalapa,ART Municipal Jalapa,64.6682297144,2622,,2026-10-07
Al Ahli,Ahli,Al Ahli Club (Manama),64.6666550725,2623,,2026-10-07
Fortune,Fortune,Fortune FC,64.6620160756,2624,,2026-10-07
Team,Team,Team FC,64.6555581471,2625,,2026-10-07
Dodoma Jiji,Dodoma Jiji,Dodoma Jiji FC,64.6546880581,2626,,2026-10-07
Kokand-1912,Kokand,FK Qo'qon 1912,64.6540927703,2627,,2026-10-07
Ethiopian Medhin,Medhin,Ethiopian Insurance Corporation,64.6527665152,2628,,2026-10-07
Damascus Al Ahli,Al Ahli,Damascus Al Ahli Club,64.6483373162,2629,,2026-10-07
St. Pauls United,St. Pauls,SL Horsford St. Pauls FC,64.6429305679,2630,,2026-10-07
Norrby,Norrby,Norrby IF,64.6422861948,2631,,2026-10-07
Atenas,Atenas,Atenas FC,64.6415045329,2632,,2026-10-07
WA Tlemcen,WA Tlemcen,WA Tlemcen,64.6412509905,2633,,2026-10-07
Encarnación,Encarnación,Encarnación FC,64.6369680955,2634,,2026-10-07
Hammam-Sousse,ESHS,Espoir Sportif de Hammam-Sousse,64.6304333127,2635,,2026-10-07
Racing des Gônaïves,Gônaïves,Racing FC des Gônaïves,64.6289722765,2636,,2026-10-07
Cavaly,Cavaly,AS Cavaly,64.6272274827,2637,,2026-10-07
Aalen,Aalen,VfR Aalen 1921,64.6230935089,2638,,2026-10-07
Adiaké,Adiaké,OFC Adiaké,64.6180475451,2639,,2026-10-07
HFX Wanderers,Wanderers,HFX Wanderers FC,64.6164074295,2640,,2026-10-07
Langreo,Langreo,Unión Popular de Langreo,64.6143694966,2641,,2026-10-07
Al Jaish,Jaish,Al Jaish SC,64.6134414905,2642,,2026-10-07
Shenzhen Peng City,Peng City,Shenzhen Peng City FC,64.6107336654,2643,,2026-10-07
Royal Leopards,Leopards,Royal Leopards FC,64.6094979924,2644,,2026-10-07
Stade Marocain,Stade Marocain,Stade Marocain du Rabat,64.605308146,2645,,2026-10-07
Universitario de Sucre,Universitario,CD Universitario San Francisco Xavier,64.602595506,2646,,2026-10-07
Canon,Canon,Canon de Yaoundé,64.5983288739,2647,,2026-10-07
Geita Gold,Geita Gold,Geita Gold FC,64.5967608298,2648,,2026-10-07
Al Shomooa,Al Shomooa,Al Shomooa SC,64.5955394518,2649,,2026-10-07
Marko,Marko,FC Marko,64.5947403224,2650,,2026-10-07
Bolívar,Bolívar,Bolívar SC,64.5891603654,2651,,2026-10-07
Gomido,Gomido,Gomido FC,64.5883856608,2652,,2026-10-07
Sportfreunde Siegen,SF Siegen,Sportfreunde Siegen von 1899,64.587848253,2653,,2026-10-07
TOP Oss,TOP,TOP Oss,64.5850565216,2654,,2026-10-07
La Luz,La Luz,La Luz FC,64.5835769023,2655,,2026-10-07
Ario Eslamshahr,Ario,FC Ario Eslamshahr,64.5822068869,2656,,2026-10-07
Caguas Sporting,Caguas Sport.,Caguas Sporting FC,64.5747084372,2657,,2026-10-07
Vire,Vire,AF Virois,64.5711675968,2658,,2026-10-07
Bihor Oradea,Bihor,FC Bihor Oradea,64.5630714932,2659,,2026-10-07
Agouado,Agouado,ASC Agouado,64.5521998299,2660,,2026-10-07
Ashanti GB,Ashanti,AS Ashanti Golden Boys,64.5480796515,2661,,2026-10-07
Dordrecht,Dordrecht,FC Dordrecht,64.5459718505,2662,,2026-10-07
Tai Po,Wofoo,Tai Po FC,64.5433828116,2663,,2026-10-07
Kustošija,Kustošija,NK Kustošija,64.5414351847,2664,,2026-10-07
Pigotts Bullets,Pigotts,Pigotts Bullets FC,64.5279460702,2665,,2026-10-07
Al Ahli Wad Medani,Ahli Medani,Al Ahli SC Wad Medani,64.5260919006,2666,,2026-10-07
Bhayangkara,Bhayangkara,Bhayangkara Presisi Lampung FC,64.5234911693,2667,,2026-10-07
Semassi,Semassi,AC Semassi FC,64.520685035,2668,,2026-10-07
Vital'O,Vital'O,Vital'O FC,64.5192891222,2669,,2026-10-07
Shirak,Shirak,Shirak FC,64.5156108805,2670,,2026-10-07
Caldas,Caldas,Caldas SC,64.5135170025,2671,,2026-10-07
Wolaitta Dicha,Dicha,Wolaitta Dicha SC,64.5121327479,2672,,2026-10-07
Olympique d'Alès,Alès,Olympique d'Alès en Cévennes,64.5083520937,2673,,2026-10-07
Ethnikos Achna,Ethnikos Achna,Ethnikos Achna FC,64.5020006326,2674,,2026-10-07
Hessen Kassel,Kassel,KSV Hessen Kassel,64.5006047042,2675,,2026-10-07
Boxing Club,Boxing Club,Asociación Atlética Boxing Club,64.4921453561,2676,,2026-10-07
EF Ouagadougou,Étoile Filante,Étoile Filante de Ouagadougou,64.4871828002,2677,,2026-10-07
Achuapa,Achuapa,Deportivo Achuapa,64.4865895261,2678,,2026-10-07
San Antonio Unido,SA Unido,CSD San Antonio Unido,64.4844676973,2679,,2026-10-07
Borac Čačak,Borac,FK Borac Čačak,64.4835044979,2680,,2026-10-07
Olympique Béja,Olympique Béja,Olympique de Béja,64.48142225,2681,,2026-10-07
Bragança,Bragança,GD Bragança,64.4754778173,2682,,2026-10-07
Oyonesa,Oyonesa,SD Oyonesa,64.4747798434,2683,,2026-10-07
Connah's Quay,Connah's Quay,Connah's Quay Nomads FC,64.4744308564,2684,,2026-10-07
FK Sibir,FK Sibir,FK Sibir,64.4726859204,2685,,2026-10-07
Las Vegas Lights,LV Lights,Las Vegas Lights FC,64.4653013333,2686,,2026-10-07
Vilanculo,Vilankulo,AD Vilanculo,64.4587403338,2687,,2026-10-07
B36,B36,B36 Tórshavn,64.4587263742,2688,,2026-10-07
Picerno,Picerno,AZ Picerno,64.4580283942,2689,,2026-10-07
Coatepeque FC,Coatepeque FC,Coatepeque FC,64.4576235656,2690,,2026-10-07
Santiago Morning,Morning,CD Santiago Morning,64.4565486757,2691,,2026-10-07
Carlisle United,Carlisle,Carlisle United FC,64.4548700314,2692,,2026-10-07
Zweigen Kanazawa,Zweigen,Ishikawa FC Zweigen Kanazawa,64.4531707951,2693,,2026-10-07
Rodina Moskva II,Rodina II,FK Rodina Moskva II,64.4524445448,2694,,2026-10-07
Ethiopia Bunna,Ethiopia Bunna,Ye Ethiopia Bunna SC (Ethiopian Coffee),64.4468723446,2696,,2026-10-07
Las Palmas III,Las Palmas III,UD Las Palmas III,64.4440687399,2697,,2026-10-07
Toulon,Toulon,SC Toulon,64.4436673983,2698,,2026-10-07
Fassell,Fassell,FC Fassell,64.4365793447,2699,,2026-10-07
Hammam-Lif,Hammam-Lif,CS Hammam-Lif,64.4297716532,2700,,2026-10-07
Vega Real,Vega Real,Atlético Vega Real FC,64.4235990148,2701,,2026-10-07
AH Zapla,Zapla,Asociación Cultural y Deportiva Altos Hornos Zapla,64.4223473131,2702,,2026-10-07
Renate,Renate,AC Renate,64.4217330789,2703,,2026-10-07
Sligo Rovers,Sligo,Sligo Rovers FC,64.4206860883,2704,,2026-10-07
Levanger,Levanger,Levanger FK,64.4203370913,2705,,2026-10-07
El Dakhleya,El Dakhleya,El Dakhleya SC,64.419650763,2706,,2026-10-07
Arema,Arema,Arema FC,64.4180968781,2707,,2026-10-07
CSM Reşiţa,Reşiţa,Clubul Sportiv Muncitoresc Reşiţa,64.4144041327,2708,,2026-10-07
Fard Alborz,Fard,FC Fard Alborz,64.4139972302,2709,,2026-10-07
Știința Poli Timişoara,Știința Poli,ACS Știința Poli Timișoara,64.4130081397,2710,,2026-10-07
Lamphun Warriors,Lamphun,Lamphun Warriors FC,64.4093719222,2711,,2026-10-07
Zhetysu,Zhetysu,FK Zhetysu Taldykorgan,64.4028871599,2712,,2026-10-07
Juventud Cautivo,Juv. Cautivo,CD Juventud Cautivo,64.4002207962,2713,,2026-10-07
Mes Kerman,Mes Kerman,Sanat Mes Kerman FC,64.3951512341,2714,,2026-10-07
Negele Arsi Ketema,Negele Arsi,Negele Arsi Ketema FC,64.3938247979,2715,,2026-10-07
Imst,Imst,SC Imst,64.3910211145,2716,,2026-10-07
Niki Volos,Niki,Niki Volou FC,64.3853498166,2717,,2026-10-07
Ferroviário Nampula,Ferro Nampula,Clube Ferroviário de Nampula,64.377772936,2718,,2026-10-07
MO Constantine,MO Constantine,Mouloudia Olympic of Constantine,64.3753276061,2719,,2026-10-07
Baños Ciudad de Fuego,Baños CDF,Club Deportivo Especializado Baños Ciudad de Fuego,64.3741851625,2720,,2026-10-07
Ciudad de Yantzaza,Yantzaza,CD Ciudad de Yantzaza,64.3696480851,2721,,2026-10-07
Tiaret,Tiaret,JSM Tiaret,64.3690454999,2722,,2026-10-07
Juventus II,Juventus NG,Juventus Next Gen,64.3627517065,2723,,2026-10-07
Valle Sagrado,Valle Sagrado,Valle Sagrado FC,64.3614813183,2724,,2026-10-07
Oakland Roots,Roots,Oakland Roots SC,64.359903802,2725,,2026-10-07
Wuhan Three Towns,Three Towns,Wuhan Three Towns FC,64.3584173756,2726,,2026-10-07
Homeboyz,Homeboyz,Kakamega Homeboyz FC,64.3582262679,2727,,2026-10-07
US Boujaad,Boujaad,US Boujaad,64.3578772594,2728,,2026-10-07
Salitas,Salitas,Salimata et Taséré FC,64.3545639694,2729,,2026-10-07
Hapoel Kfar Saba,H Kfar Saba,Hapoel Kfar Saba FC,64.3526304577,2730,,2026-10-07
Sidi M’hamed Benali,IRBSBM,IRB Sidi M’hamed Benali,64.3515950951,2731,,2026-10-07
Karlovac 1919,Karlovac,NK Karlovac 1919,64.3498383795,2732,,2026-10-07
La Linguère,Linguère,ASC La Linguère de Saint-Louis,64.3440936657,2733,,2026-10-07
Vancouver FC,Vancouver,Vancouver FC,64.3424533129,2734,,2026-10-07
Sintrense,Sintrense,Sport União Sintrense,64.3411131086,2735,,2026-10-07
Inter de Limeira,Inter Limeira,AA Internacional de Limeira,64.3410293458,2736,,2026-10-07
Kedus Giorgis,Kedus Giorgis,Saint George FC,64.3351915677,2737,,2026-10-07
Tanta,Tanta,Tanta SC,64.3303053831,2738,,2026-10-07
Wacker Burghausen,Burghausen,SV Wacker Burghausen,64.3288976617,2739,,2026-10-07
IRB Nezla,IRB,Ittihad Riadhi Baladiat Nezla,64.3264662292,2740,,2026-10-07
Spaeri,Spaeri,Spaeri FC,64.3236624459,2741,,2026-10-07
Roasso Kumamoto,Kumamoto,Roasso Kumamoto,64.3205495798,2742,,2026-10-07
Defensor Jose María Arg.,Defensor JMA,CD Defensor Jose María Arguedas,64.3175058137,2743,,2026-10-07
Maccabi Kabilio Jaffa,M Jaffa,Maccabi Kabilio Jaffa FC,64.311097869,2744,,2026-10-07
América des Cayes,América Cayes,América des Cayes,64.3037149468,2745,,2026-10-07
Pogradeci,Pogradeci,KS Pogradeci,64.3023724192,2746,,2026-10-07
ASFB,ASFB,ASFB Bobo Dioulasso,64.3004667755,2747,,2026-10-07
Quiché,Quiché,Deportivo Quiché FC,64.2995244236,2748,,2026-10-07
Sisaket United,Sisaket Utd,Sisaket United FC,64.2924536278,2749,,2026-10-07
Dinamo Kirov,Dinamo Kr,FK Dinamo Kirov,64.2887606369,2750,,2026-10-07
Tromsdalen,TUIL,Tromsdalen UIL,64.2821292203,2751,,2026-10-07
UD Santa Marta,Santa Marta,UD Santa Marta de Tormes,64.2786389916,2752,,2026-10-07
Podhale Nowy Targ,Podhale NT,NKP Podhale Nowy Targ,64.2782899684,2753,,2026-10-07
Triangle United,Triangle,Triangle United FC,64.275860765,2754,,2026-10-07
Shabab Al Ordon,Shabab Ordon,Shabab Al Ordon Al Quadisiya,64.2705535325,2755,,2026-10-07
Namungo,Namungo,Namungo FC,64.2638194107,2756,,2026-10-07
Metaloglobus,Metaloglobus,FC Metaloglobus Bucureşti,64.2632819089,2757,,2026-10-07
Musongati,Musongati,Musongati FC,64.2606781747,2758,,2026-10-07
Java United,Java Utd,Java United FC,64.256155133,2759,,2026-10-07
Sarmiento Resistencia,S Resistencia,CA Sarmiento de Resistencia,64.2544724714,2760,,2026-10-07
Cornellà,Cornellà,UE Cornellà,64.253160127,2761,,2026-10-07
Tekstilshchik,Tekstilshchik,FK Tekstilshchik Ivanovo,64.2524620711,2762,,2026-10-07
COSFA,COSFA,COSFA Antananarivo,64.2496838077,2763,,2026-10-07
Talleres Remedios,Talleres,CA Talleres Remedios de Escalada,64.2474919054,2764,,2026-10-07
Sotra,Sotra,Sotra SK,64.2454814976,2765,,2026-10-07
Ajka,Ajka,FC Ajka,64.2346615576,2766,,2026-10-07
Juventud Copalera,Copalera,Juventud Copalera San Ildefonso Ixtahuacán,64.2335586184,2767,,2026-10-07
Công An Hồ Chí Minh,Công An HCM,Công An TP Hồ Chí Minh FC,64.2268366082,2768,,2026-10-07
Schweinfurt,Schweinfurt,1. FC Schweinfurt 1905,64.2262847873,2769,,2026-10-07
Green Mamba,Mamba,Green Mamba FC,64.2249026184,2770,,2026-10-07
Sandhausen,Sandhausen,SV Sandhausen,64.2241905889,2771,,2026-10-07
Badalona,Badalona,CF Badalona,64.2224454218,2772,,2026-10-07
Academy Eagles,Academy Eagles,Academy Eagles FC,64.2201231528,2773,,2026-10-07
Islanders,Islanders,Islanders FC,64.2173308786,2774,,2026-10-07
Sagamihara,Sagamihara,SC Sagamihara,64.2120026572,2775,,2026-10-07
Châteauroux,Châteauroux,La Berrichonne Châteauroux,64.2087807076,2776,,2026-10-07
RWDM Brussels,RWDM,RWDM Brussels,64.2074369181,2777,,2026-10-07
Plaza Amador II,Pl. Amador II,CD Plaza Amador II,64.2049378161,2778,,2026-10-07
Express,Express,Express Sports Club,64.2036114757,2779,,2026-10-07
Épila,Épila,AD CF Épila,64.193126373,2780,,2026-10-07
Ipala,Ipala,CSD Ipala,64.1927214877,2781,,2026-10-07
Haguenau,Haguenau,FCSR Haguenau,64.1920268998,2782,,2026-10-07
Ventforet Kofu,Ventforet,Ventforet Kofu,64.191583969,2783,,2026-10-07
Ureña,Ureña,Ureña SC,64.1811752394,2784,,2026-10-07
Mumbai City,Mumbai,Mumbai City FC,64.1801539738,2785,,2026-10-07
Escobedo,Escobedo,Unión Montañesa Escobedo,64.1788157192,2786,,2026-10-07
Beltinci,Beltinci,ND Beltinci,64.1774195521,2787,,2026-10-07
Sorrento,Sorrento,Sorrento Calcio,64.1711367871,2788,,2026-10-07
Hobro,Hobro,Hobro IK,64.1648540011,2789,,2026-10-07
Al Sailiya,Sailiya,Al Sailiya SC,64.163748956,2790,,2026-10-07
22 de Julio,22 de Julio,22 de Julio FC,64.1598836045,2791,,2026-10-07
Karcag,Karcag,Karcagi SE,64.1512412263,2792,,2026-10-07
Hapoel Afula,Hapoel Afula,Hapoel Afula FC,64.1494959916,2793,,2026-10-07
Barracuda,Barracuda,AC Barracuda,64.14933543,2794,,2026-10-07
Ahal,Ahal,Ahal FC,64.1442046597,2795,,2026-10-07
Walter Ferretti,Walter Ferr.,CD Walter Ferretti,64.1415888641,2796,,2026-10-07
Racing d'Abidjan,RC Abidjan,Racing Club d'Abidjan,64.1406092317,2797,,2026-10-07
TelOne,TelOne,TelOne FC,64.1372932658,2798,,2026-10-07
Loudoun United,Loudoun Utd,Loudoun United FC,64.1281481505,2799,,2026-10-07
Dinan Léhon,Dinan Léhon,Dinan Léhon FC,64.1218687116,2800,,2026-10-07
Birmingham Legion,Legion,Birmingham Legion FC,64.1201199592,2801,,2026-10-07
Sancor,Sancor,SA Sancor,64.120092035,2802,,2026-10-07
Helmond Sport,Helmond,Helmond Sport,64.1191286497,2803,,2026-10-07
Mutilvera,Mutilvera,UD Mutilvera,64.1184305442,2804,,2026-10-07
Jaraíz,Jaraíz,CF Jaraíz,64.1170343323,2805,,2026-10-07
Matagalpa,Matagalpa,Indígenas de Matagalpa FC,64.1157590936,2806,,2026-10-07
Tacuarembó,Tacuarembó,Tacuarembó FC,64.1064789366,2807,,2026-10-07
Roeselare,Roeselare,SK Roeselare,64.1058645996,2808,,2026-10-07
Olympique Sport d'Abobo,OSA,Olympique Sport d'Abobo FC,64.1050059237,2809,,2026-10-07
Real de Banjul,Real Banjul,Real de Banjul FC,64.1029115922,2810,,2026-10-07
Bezana,Bezana,CD Bezana,64.1023740445,2811,,2026-10-07
Harrogate Town,Harrogate,Harrogate Town FC,64.10165848,2812,,2026-10-07
Gendrim,Gendrim,ASC Gendrim,64.0999423199,2813,,2026-10-07
Club Patria,Patria,Club Patria de Los Ríos,64.0994978223,2814,,2026-10-07
Yongin,Yongin,Yongin Football Centre,64.0983881718,2815,,2026-10-07
Bikita Minerals,Bikita,Bikita Minerals FC,64.0908691293,2816,,2026-10-07
Grosseto,Grosseto,SSD FC Grosseto,64.0859683491,2817,,2026-10-07
Chongqing Tonglianglong,Tonglianglong,Chongqing Tonglianglong FC,64.0844258573,2818,,2026-10-07
Cayón,Cayón,CD Cayón,64.0842230539,2819,,2026-10-07
Hrvace,Hrvace,NK Hrvace,64.081779638,2820,,2026-10-07
Larissa,Larissa,AE Larissa,64.0813433133,2821,,2026-10-07
Cashmere Technical,Cashmere,Cashmere Technical,64.0767371155,2822,,2026-10-07
ASA,ASA,ASA FC,64.0763203371,2823,,2026-10-07
RCC Kamsar,RCC Kamsar,Renaissance Caïman Club de Kamsar,64.0643405371,2824,,2026-10-07
Reggina,Reggina,AS Reggina 1914 ASD,64.0615340694,2825,,2026-10-07
Al Fahaheel,Fahaheel,Al Fahaheel FC,64.0569383243,2826,,2026-10-07
Figueirense,Figueirense,Figueirense FC,64.0569124642,2827,,2026-10-07
Voorwaarts,Voorwaarts,Voorwaarts,64.0562725921,2828,,2026-10-07
Al Wehda,Wehda,Al Wehda FC,64.0562401956,2829,,2026-10-07
Colchagua,Colchagua,Colchagua Club de Deportes,64.0551671421,2830,,2026-10-07
FC Bacău,FC Bacău,ACS Fotbal Club Bacău,64.0521093338,2831,,2026-10-07
Otrant-Olympic,Otrant-Olympic,FK Otrant-Olympic KF,64.0503640072,2832,,2026-10-07
Universidad O&M,O&M,Universidad Organización y Métodos,64.0501359185,2833,,2026-10-07
Örebro,Örebro,Örebro SK,64.048618679,2834,,2026-10-07
Maroons,Maroons,Maroons FC,64.0468873118,2835,,2026-10-07
Treviso,Treviso,Treviso FBC 1993,64.046524283,2836,,2026-10-07
Athens Kallithea,Kallithea,PAE Athens Kallithea,64.0356159328,2837,,2026-10-07
Deportes Rengo,Rengo,Club Deportes Rengo Unido,64.0314306003,2838,,2026-10-07
Fraijanes,Fraijanes,Deportivo Fraijanes,64.0307603877,2839,,2026-10-07
Smederevo 1924,Smederevo,FK Smederevo 1924,64.0276746141,2840,,2026-10-07
Naft Bandar Abbas,Naft BA,Palayesh Naft Bandar Abbas FC,64.0276166979,2841,,2026-10-07
Rukinzo,Rukinzo,Rukinzo FC,64.0275140438,2842,,2026-10-07
Knokke,Knokke,Royal Knokke FC,64.0252311247,2843,,2026-10-07
Tira,Tira,MS Tira,64.0231367026,2844,,2026-10-07
Mineros de Guayana,Mineros,AC Mineros de Guayana,64.0139770695,2845,,2026-10-07
Beyoğlu Yeni Çarşı,Yeni Çarşı,Beyoğlu Yeni Çarşı SFAŞ,64.0028905025,2846,,2026-10-07
Liaoning Tieren,Tieren,Liaoning Tieren FC,64.0013479426,2847,,2026-10-07
Al Nasar,Nasar,Al Nasar,64.0010872132,2848,,2026-10-07
Sportivo Italiano,Italiano,Club Sportivo Italiano,64.0010613523,2849,,2026-10-07
Derio,Derio,CD Derio,64.0007960556,2850,,2026-10-07
Hertha Wels,Hertha Wels,FC Hertha Wels,63.9993997563,2851,,2026-10-07
Latina,Latina,US Latina,63.9990506813,2852,,2026-10-07
Grama,Grama,FE Grama,63.9983525312,2853,,2026-10-07
Njardvík,Njardvík,UMF Njardvík,63.9961533565,2854,,2026-10-07
LDU de El Carmin,LDU Carmin,LDU de El Carmin,63.9919853899,2855,,2026-10-07
Orange County SC,Orange County,Orange County SC,63.9906170102,2856,,2026-10-07
Afrique Football Élite,AFE,Afrique Football Élite,63.9903377506,2857,,2026-10-07
Alcione Milano,Alcione,Alcione Milano SS,63.9899747092,2858,,2026-10-07
Fylkir,Fylkir,Fylkir FC,63.9849829058,2859,,2026-10-07
Malkiya,Malkiya,Malkiya Club,63.9801426185,2860,,2026-10-07
Ypiranga RS,Ypiranga,Ypiranga FC,63.9762768897,2861,,2026-10-07
Città di Teramo,Teramo,SS Città di Teramo 1913,63.9753134307,2862,,2026-10-07
Baghdad,Baghdad,Amanat Baghdad SC,63.9714179298,2863,,2026-10-07
Colonia Moscardó,Moscardó,CD Colonia Moscardó,63.9693790712,2864,,2026-10-07
Karib,Karib,ASC Karib,63.9689764341,2865,,2026-10-07
Torrent,Torrent,Torrent CF,63.9672845868,2866,,2026-10-07
Bahardar,Bahardar,Bahardar FC,63.9665980935,2867,,2026-10-07
Al Ittifaq Maqaba,Ittifaq,Al Ittifaq Maqaba,63.9647831007,2868,,2026-10-07
Caxias do Sul,Caxias,Sociedade Esportiva e Recreativa Caxias do Sul,63.9619645862,2869,,2026-10-07
Ferroviário Nacala,Ferro Nacala,Clube Ferroviário de Nacala,63.9606660011,2870,,2026-10-07
Eindhoven,Eindhoven,FC Eindhoven,63.9606520378,2871,,2026-10-07
Wakirya,Wakirya,Wakirya Athletic Club,63.9557788447,2872,,2026-10-07
Luanda,Luanda,FC Luanda,63.9543825119,2873,,2026-10-07
Jeonnam Dragons,Dragons,Jeonnam Dragons FC,63.950731446,2874,,2026-10-07
Villanovense,Villanovense,CF Villanovense,63.9459905303,2875,,2026-10-07
Lumezzane,Lumezzane,FC Lumezzane,63.9449432754,2876,,2026-10-07
Politehnica Iași,Iaşi,ACSM Politehnica Iași,63.9449432754,2877,,2026-10-07
Al Zulfi,Zulfi,Al Zulfi SC,63.9382527284,2878,,2026-10-07
A'Ali,A'Ali,A'Ali FC,63.9256855791,2879,,2026-10-07
Sporting Covilhã,Covilhã,SC Covilhã,63.9219035195,2880,,2026-10-07
Perugia,Perugia,AC Perugia Calcio,63.9128271743,2881,,2026-10-07
PAEEK,PAEEK,Podosfairiki Athlitiki Enosi Eparxeias Kerynias,63.9100344439,2882,,2026-10-07
Kuala Lumpur City,Kuala Lumpur,Kuala Lumpur City FC,63.8920844189,2883,,2026-10-07
Sporting Braga II,Braga II,Sporting Braga II,63.8915324998,2884,,2026-10-07
Internazionale II,Inter II,FC Internazionale Milano Under 23,63.8883906421,2885,,2026-10-07
Maya,Maya,AS Maya de Bobo-Dioulasso,63.8833427131,2886,,2026-10-07
Operário,Operário,Sport Operário e Benfica,63.8810735842,2887,,2026-10-07
Nairobi United,Nairobi Utd,Nairobi United FC,63.8786276092,2888,,2026-10-07
Wahlex,Wahlex,CA Wahlex,63.8701537997,2889,,2026-10-07
Cosenza,Cosenza,Cosenza Calcio,63.8698884845,2890,,2026-10-07
Rasi Salai United,Rasi Salai,Rasi Salai United,63.8599674127,2891,,2026-10-07
Havadar,Havadar,Havadar SC,63.855168346,2892,,2026-10-07
San Marcos,San Marcos,FC San Marcos,63.8551424831,2893,,2026-10-07
Palencia CF,Palencia CF,Palencia CF,63.8545280639,2894,,2026-10-07
Pattani,Pattani,Pattani FC,63.8533344841,2895,,2026-10-07
Trival Valderas,Trival,CF Trival Valderas Alcorcón,63.8527825536,2896,,2026-10-07
Ararat,Ararat,FC Ararat,63.8444040815,2897,,2026-10-07
HB Køge,HB Køge,HB Køge,63.8430076659,2898,,2026-10-07
Pacífico,Pacífico,Pacífico FC,63.8422256726,2899,,2026-10-07
Jelgava,Jelgava,FS Jelgava,63.8412621448,2900,,2026-10-07
Ankaragücü,Ankaragücü,MKE Ankaragücü SK,63.8342800444,2901,,2026-10-07
Sarriana,Sarriana,SD Sarriana,63.8339309387,2902,,2026-10-07
San Juan,San Juan,AD San Juan,63.8286943454,2903,,2026-10-07
AGAMA,AGAMA,AGAMA FC,63.8283592029,2904,,2026-10-07
LDF,LDF,Lesotho Defence Force,63.8259154556,2905,,2026-10-07
Nagykanizsa,Nagykanizsa,Nagykanizsa FC,63.825203275,2906,,2026-10-07
Binah,Binah,AS Binah,63.8222498244,2907,,2026-10-07
Panthère,Panthère,Panthère Sportive du Ndé,63.8147416944,2908,,2026-10-07
Laktaši,Laktaši,FK Laktaši,63.8080969361,2909,,2026-10-07
Subiza,Subiza,CD Subiza,63.8073987149,2910,,2026-10-07
Mebrat Hayl,EEPCO,Ethiopian Electric Power Corporation FC,63.7993808217,2911,,2026-10-07
Stripfing,Stripfing,SV Stripfing / Weiden,63.7983218152,2912,,2026-10-07
Hutnik Kraków,Hutnik Kraków,KS Hutnik Kraków Stowarzyszenie Nowy Hutnik 2010,63.7955289141,2913,,2026-10-07
Dynamic Togolais,Dynamic,Dynamic Togolais,63.7932736435,2914,,2026-10-07
RCK,RCK,Rail Club de Kadiogo,63.78524402,2915,,2026-10-07
Espoli,Espoli,Club Social Cultural y Deportivo Espoli,63.780084096,2916,,2026-10-07
Atlético Balboa,Atl. Balboa,CD Atlético Balboa,63.7788924145,2917,,2026-10-07
UDJ Quinindé,Quinindé,UDJ Quinindé,63.7769420514,2918,,2026-10-07
Deportivo Armenio,Armenio,CD Armenio,63.7692614757,2919,,2026-10-07
Sheger Ketema,Sheger,Sheger Ketema FC,63.769007816,2920,,2026-10-07
Tucumán Central,T Central,Club Tucumán Central Deportes,63.7619299876,2921,,2026-10-07
Novara,Novara,Novara Calcio,63.761664657,2922,,2026-10-07
Boluspor,Boluspor,Boluspor Kulübü,63.7613155378,2923,,2026-10-07
Tusker,Tusker,Tusker FC,63.7438711625,2924,,2026-10-07
Mosconia,Mosconia,CD Mosconia,63.7389717707,2925,,2026-10-07
ASM Sangarédi,Sangarédi,Association Sportive des Mineurs de Sangarédi,63.7365418699,2926,,2026-10-07
Desenzano,Desenzano,Calcio Desenzano,63.7145329697,2927,,2026-10-07
Ferrocarril Oeste,Ferro Oeste,Ferrocarril Oeste FC,63.7085139932,2928,,2026-10-07
Lentigione,Lentigione,Polisportiva Lentigione Calcio,63.6998695358,2929,,2026-10-07
Guarnizo,Guarnizo,CD Guarnizo,63.6869516535,2930,,2026-10-07
Atlético Mansillés,Atl. Mansillés,CD Atlético Mansillés,63.6831111848,2931,,2026-10-07
Blessing,Blessing,Blessing FC,63.6771898648,2932,,2026-10-07
Cambérène,Cambérène,ASC Cambérène,63.6700325839,2933,,2026-10-07
Unión Molinense,Un. Molinense,Unión Molinense CF,63.6583225149,2934,,2026-10-07
Manika Kolwezi,Manika,CS Manika Kolwezi,63.6562416482,2935,,2026-10-07
Delta United,Delta United,Delta United FC,63.6562393532,2936,,2026-10-07
KAC Kénitra,Kénitra,Kénitra Athlétic Club,63.6541445187,2937,,2026-10-07
Tambo,Tambo,Tambo FC,63.6483860065,2938,,2026-10-07
Panadería Pulido,Panad. Pulido,CF Panadería Pulido,63.6471500491,2939,,2026-10-07
Politécnico de Manabí,Politécnico,CD Politécnico de Manabí,63.6460188333,2940,,2026-10-07
UNAN Managua,UNAN,Universidad Nacional Autónoma de Nicaragua,63.6458744909,2941,,2026-10-07
Chungbuk Cheongju,Cheongju,Chungbuk Cheongju FC,63.6431632084,2942,,2026-10-07
Paju Frontier,Paju,Paju Frontier FC,63.6407192174,2943,,2026-10-07
Nara Club,Nara,Nara Club,63.6398463626,2944,,2026-10-07
Boiro,Boiro,CD Boiro,63.6380723715,2945,,2026-10-07
L'Hospitalet,L'Hospitalet,CE L'Hospitalet,63.6345809452,2946,,2026-10-07
Tirsense,Tirsense,FC Tirsense,63.6300420813,2947,,2026-10-07
Village Superstars,Superstars,RAMS Village Superstars FC,63.6184667321,2948,,2026-10-07
Deportivo Binacional,Binacional,Deportivo Binacional FC,63.6145958957,2949,,2026-10-07
Al-Magd,Magd,Al-Magd SCS,63.6143445101,2950,,2026-10-07
Primero de Mayo,Primero Mayo,Primero de Mayo,63.6098824095,2951,,2026-10-07
Atlético Samborondón,Samborondón,Club Atlético Samborondón,63.6065655046,2952,,2026-10-07
Hải Phòng,Hải Phòng,Hải Phòng FC,63.6005674782,2953,,2026-10-07
Maccabi Kiryat Gat,M Kiryat Gat,Maccabi Kiryat Gat FC,63.5986188749,2954,,2026-10-07
Goa,Goa,FC Goa,63.5985609453,2955,,2026-10-07
Śląsk Wrocław II,Śląsk II,WKS Śląsk Wrocław II,63.5965239756,2956,,2026-10-07
Baía de Pemba,Baía de Pemba,Baía de Pemba FC,63.5909515322,2957,,2026-10-07
Vitória de Sernache,Sernache,GD Vitória de Sernache,63.5881443551,2958,,2026-10-07
Caspe,Caspe,CD Caspe,63.5692900713,2959,,2026-10-07
Mashuk-KMV,Mashuk,FK Mashuk-KMV Pyatigorsk,63.5612594852,2960,,2026-10-07
Gifu,Gifu,FC Gifu,63.5584945114,2961,,2026-10-07
Doqarah,Doqarah,Doqarah FC,63.5549167236,2962,,2026-10-07
Rebordosa,Rebordosa,Rebordosa AC,63.5455473687,2963,,2026-10-07
Giana Erminio,Giana Erminio,AS Giana Erminio,63.5438015699,2964,,2026-10-07
Paderborn II,Paderborn II,SC Paderborn 07 II,63.5427540897,2965,,2026-10-07
Vanraure Hachinohe,Vanraure,Vanraure Hachinohe,63.5342279288,2966,,2026-10-07
Loznica,Loznica,FK Loznica,63.5291367946,2967,,2026-10-07
Pacífico,Pacífico,Club Deportivo Pacífico FC,63.527516679,2968,,2026-10-07
Ulm,Ulm,SSV Ulm 1846,63.5186618845,2969,,2026-10-07
Sukhothai,Sukhothai,Sukhothai FC,63.5160714302,2970,,2026-10-07
Taghit,JRBT,JRB Taghit,63.5148327408,2971,,2026-10-07
Magdeburg II,Magdeburg II,1. FC Magdeburg II,63.5141227385,2972,,2026-10-07
General Velásquez,Velásquez,CD General Velásquez,63.5136897732,2973,,2026-10-07
Awassa Kenema,Awassa,Awassa City FC (Hawassa City),63.5116902499,2974,,2026-10-07
Juventus,Juventus,Juventus FC des Cayes,63.5098791781,2975,,2026-10-07
Royal Vision,Vision,Royal Vision 2026,63.5090738003,2976,,2026-10-07
Real Puerto Quito,Real Puerto,FC Real Puerto Quito,63.5060081146,2977,,2026-10-07
CSA Steaua Bucureşti,CSA Steaua,CSA Steaua Bucureşti,63.5043460788,2978,,2026-10-07
Volgar Astrakhan,Volgar,FK Volgar Astrakhan,63.5001560661,2979,,2026-10-07
Ouanaminthe,Ouanaminthe,Ouanaminthe FC,63.4990549914,2980,,2026-10-07
Real Pilar,Real Pilar,Real Pilar FC,63.4923905509,2981,,2026-10-07
Joga Bonito Z,Joga Bonito Z,CD Joga Bonito Z,63.4902955323,2982,,2026-10-07
Muaither,Muaither,Muaither SC,63.4826396451,2983,,2026-10-07
Anguiano,Anguiano,CD Anguiano,63.4729207536,2984,,2026-10-07
Hibernians,Hibernians,Paola Hibernians FC,63.4624455273,2985,,2026-10-07
Panthères,Panthères,Panthères FC,63.4505875018,2986,,2026-10-07
Weymouth Wales,Wales,JADA Group Weymouth Wales,63.4382987096,2987,,2026-10-07
Fuenlabrada,Fuenlabrada,CF Fuenlabrada,63.4362572037,2988,,2026-10-07
Torina,Torina,SD Torina,63.4191472998,2989,,2026-10-07
Forlì,Forlì,FC Forlì,63.416703015,2990,,2026-10-07
Police,Police,Police FC,63.4110601966,2991,,2026-10-07
San Pedro del Pongo,San Pedro,CD San Pedro del Pongo,63.410333892,2992,,2026-10-07
RC Arbaâ,RC Arbaâ,RC Arbaâ,63.4037948425,2993,,2026-10-07
Skopje,Skopje,FK Skopje,63.3957518704,2994,,2026-10-07
RCA,RCA,SV Racing Club Aruba,63.3934285742,2995,,2026-10-07
Thór,Thór,Thór Akureyri,63.3915616132,2996,,2026-10-07
Csákvári TK,Csákvári,Csákvári TK,63.3887681031,2997,,2026-10-07
Tabor Sežana,Tabor,MND Tabor Sežana,63.3873713465,2998,,2026-10-07
Maccabi Yavne,M Yavne,Maccabi Yavne FC,63.3866729678,2999,,2026-10-07
Utrecht II,Utrecht II,FC Utrecht II,63.3814351192,3000,,2026-10-07
Matoury,Matoury,US Matoury,63.3670646839,3001,,2026-10-07
Alfaro,Alfaro,CD Alfaro,63.3601343828,3002,,2026-10-07
Wolues,Wolues,Wolues FC,63.3581602386,3003,,2026-10-07
Al Najaf,Najaf,Al Najaf,63.3579835736,3004,,2026-10-07
Bourgoin-Jallieu,Bourgoin,FC Bourgoin-Jallieu,63.3577598593,3005,,2026-10-07
Adana 01,Adana 01,Adana 01 FK SK,63.3552456547,3006,,2026-10-07
Ironi Modi'in,Ironi Modi'in,Ironi Modi'in FC,63.3538488729,3007,,2026-10-07
Lanzarote,Lanzarote,UD Lanzarote,63.3510553062,3008,,2026-10-07
Orbit College,Orbit,Orbit College FC,63.3503685863,3009,,2026-10-07
Super Nova,Super Nova,SK Super Nova,63.3503569138,3010,,2026-10-07
VfR Mannheim,VfR Mannheim,VfR Mannheim,63.3430237783,3011,,2026-10-07
AJEB,AJEB,Association Jeunes Espoirs de Bobo,63.3355299824,3012,,2026-10-07
MVV,MVV,MVV Maastricht,63.3217226015,3013,,2026-10-07
Blois,Blois,Blois Foot 41,63.3210940385,3014,,2026-10-07
Altyn Asyr,Altyn,Altyn Asyr FK,63.3188733436,3015,,2026-10-07
OFK Vršac,OFK Vršac,OFK Vršac,63.318230582,3016,,2026-10-07
Pamplemousses,Pamplemousses,Pamplemousses SC,63.318069949,3017,,2026-10-07
Tochigi,Tochigi,Tochigi SC,63.3161636526,3018,,2026-10-07
Dinamo Jug,Dinamo,SU Dinamo Jug,63.3136909468,3019,,2026-10-07
Bjarg,Bjarg,IL Bjarg,63.3122941338,3020,,2026-10-07
Lübeck,Lübeck,VfB Lübeck,63.3119449304,3021,,2026-10-07
Shabana,Shabana,Shabana FC,63.311258196,3022,,2026-10-07
UN Käerjéng,Käerjéng,Uewer/Nidder Käerjéng 97,63.3101989122,3023,,2026-10-07
USM Blida,USM Blida,USM Blida,63.3053217255,3024,,2026-10-07
PK-35,PK-35,Pallokerho-35 ry,63.3042624383,3025,,2026-10-07
Real Sociedad III,Real Soc. III,CD Berio Futbol Taldea (Real Sociedad III),63.3032148233,3026,,2026-10-07
Muş Spor,Muş,Muş SK,63.3004211804,3027,,2026-10-07
Floresta,Floresta,Floresta EC,63.2999881653,3028,,2026-10-07
ASA Târgu Mureş,ASA T. Mureş,AFC ASA Târgu Mureș,63.2895957743,3029,,2026-10-07
Al Hilal Port Sudan,Al Hilal PS,Hilal Alsahil SC Port Sudan,63.2892582394,3030,,2026-10-07
Nantes II,Nantes II,FC Nantes II,63.284078285,3031,,2026-10-07
Samaritaine,Samaritaine,AS Samaritaine,63.282034218,3032,,2026-10-07
Petrovac,Petrovac,OFK Petrovac,63.2805163528,3033,,2026-10-07
Zamora II,Zamora II,Zamora FC II,63.278337285,3034,,2026-10-07
Livorno,Livorno,AS Livorno Calcio,63.2763258355,3035,,2026-10-07
Babelsberg,Babelsberg,SV Babelsberg 03,63.2724845198,3036,,2026-10-07
Ayutthaya United,Ayutthaya Utd,Ayutthaya United FC,63.2716397784,3037,,2026-10-07
Al Sadaqa,Al Sadaqa,Al Sadaqa FC,63.2714508553,3038,,2026-10-07
Xorazm,Xorazm,Xorazm FK Urganch,63.2696328908,3039,,2026-10-07
Málaga II,Málaga II,Atlético Malagueño (Málaga CF II),63.268643196,3040,,2026-10-07
Hodio,Hodio,Hodio FC,63.2567839336,3041,,2026-10-07
Koléa,Koléa,ESM Koléa,63.2407177301,3042,,2026-10-07
Aliağa,Aliağa,Aliağa FK,63.239658406,3043,,2026-10-07
Zenit II,Zenit SPb II,FK Zenit St. Petersburg II,63.2340709245,3044,,2026-10-07
Dayrout,Dayrout,Dayrout SC,63.2288443186,3045,,2026-10-07
Bokelj,Bokelj,FK Bokelj Kotor,63.2277849877,3046,,2026-10-07
Inter Toronto,Inter Toronto,Inter Toronto FC,63.2245861362,3047,,2026-10-07
Luanda City,Luanda City,Luanda City FC,63.220116116,3048,,2026-10-07
Bonner SC,Bonn,Bonner SC,63.2187052636,3049,,2026-10-07
Arenas Armilla,Arenas Armilla,Arenas de Armilla CyD CF,63.213117719,3050,,2026-10-07
Medina United,Medina Utd,Medina United Football Academy,63.2091156315,3051,,2026-10-07
Bani Gansè,Bani Gansè,Bani Gansè FC,63.2061472352,3052,,2026-10-07
Renaissance,Renaissance,Renaissance Football Club,63.1921782456,3053,,2026-10-07
Carchá,Carchá,CSyD Carchá,63.1893145901,3054,,2026-10-07
Hohenems,Hohenems,VfB Hohenems,63.1837828332,3055,,2026-10-07
Botafogo PB,Botafogo PB,Botafogo FC (João Pessoa),63.1830005632,3056,,2026-10-07
Tanzania Prisons,Prisons,Tanzania Prisons,63.1829237349,3057,,2026-10-07
Jeunesse d'Esch,Esch,AS la Jeunesse d'Esch,63.1788936404,3058,,2026-10-07
Jeddeloh,Jeddeloh,SSV Jeddeloh II,63.1764490392,3059,,2026-10-07
Guidonia Montecelio 1937,Guidonia 1937,Guidonia Montecelio 1937 FC,63.175401352,3060,,2026-10-07
Mali Coura,Mali Coura,FC Mali Coura,63.1736691762,3061,,2026-10-07
Leganés II,Leganés II,CD Leganés II,63.1715598271,3062,,2026-10-07
Savoia,Savoia,FC Savoia 1908,63.1712105971,3063,,2026-10-07
Police,Police,ASC Police,63.1663330448,3064,,2026-10-07
Almería II,Almería II,UD Almería II,63.1649244471,3065,,2026-10-07
Horriya,Horriya,Al-Horriya,63.1639957233,3066,,2026-10-07
Talleres de Perico,Tal Perico,CA Talleres de Perico,63.1616975484,3067,,2026-10-07
Club Sando,Sando,Club Sando FC,63.1599793274,3068,,2026-10-07
Racing Besançon,Racing,Racing Besançon,63.1520726961,3069,,2026-10-07
FC 93 Bobigny BG,FC 93 BBG,Football Club 93 Bobigny-Bagnolet-Gagny,63.147410422,3070,,2026-10-07
Académica do Lobito,Académica,Académica Petróleos do Lobito,63.1450321339,3071,,2026-10-07
Ligorna,Ligorna,SCD Ligorna 1922,63.1408273409,3072,,2026-10-07
Uničov,Uničov,SK Uničov,63.1394303976,3073,,2026-10-07
Móstoles,Móstoles,CD Móstoles URJC,63.1362872712,3074,,2026-10-07
Cheonan City,Cheonan City,Cheonan City Government FC,63.1127419423,3075,,2026-10-07
Werder Bremen II,Werder II,SV Werder Bremen II,63.1066019262,3076,,2026-10-07
BFC Preussen,BFC Preussen,Berliner FC Preussen,63.1048557146,3077,,2026-10-07
Villa Dálmine,Villa Dálmine,Club Villa Dálmine,63.1044226538,3078,,2026-10-07
Sporting Cristal II,Cristal II,Club Sporting Cristal SA II,63.0864714988,3079,,2026-10-07
Liptovský Mikuláš,L. Mikuláš,MFK Tatran Liptovský Mikuláš,63.0859965242,3080,,2026-10-07
Transvaal,Transvaal,Transvaal,63.0831770215,3081,,2026-10-07
Touring,Touring,Touring KE,63.0797100847,3082,,2026-10-07
Ethiopia Nigd Bank,Ethiopia Bank,Commercial Bank of Ethiopia SA,63.0769277789,3083,,2026-10-07
Spakenburg,Spakenburg,SV Spakenburg,63.0744713688,3084,,2026-10-07
Stal Stalowa Wola,Stal SW,ZKS Stal Stalowa Wola,63.0716773809,3085,,2026-10-07
Estradense,Estradense,CD Estradense,63.069232638,3086,,2026-10-07
Hässleholms IF,Hässleholm,Hässleholms IF,63.0664386422,3087,,2026-10-07
Colina,Colina,Atlético Colina,63.0663548223,3088,,2026-10-07
Colorados,Colorados,CD Colorados Jaipadida SC,63.0660055725,3089,,2026-10-07
Šamorín,Šamorín,FC ŠTK 1914 Šamorín,63.0632953919,3090,,2026-10-07
Al Kharaitiyat,Kharaitiyat,Al Kharaitiyat SC,63.0607926916,3091,,2026-10-07
Fasil Kenema,Fasil Kenema,Fasil Kenema SC,63.058417555,3092,,2026-10-07
Nueva Concepción,Concepción,CSyD Nueva Concepción,63.0580007492,3093,,2026-10-07
Bashkimi Kumanovo,Bashkimi,KF Bashkimi 1947 Kumanovo,63.0577073781,3094,,2026-10-07
O Elvas,O Elvas,O Elvas CAD,63.0496745787,3095,,2026-10-07
UCAM Murcia II,UCAM Murcia II,Sangonera Universidad Católica de Murcia CF,63.0493253257,3096,,2026-10-07
Harbour View,Harbour View,Harbour View FC,63.0449060735,3097,,2026-10-07
Yangon United,Yangon,Yangon United FC,63.044117109,3098,,2026-10-07
Hồng Lĩnh Hà Tĩnh,Hồng Lĩnh,Hồng Lĩnh Hà Tĩnh,63.038701369,3099,,2026-10-07
Cavaliers,Cavaliers,US Cavaliers de Nikki,63.0311780538,3100,,2026-10-07
Lille II,Lille II,Lille OSC II,63.0294876503,3101,,2026-10-07
Jwaya,Jwaya,Jwaya SC,63.0241232888,3102,,2026-10-07
La Fama,La Fama,SV La Fama,63.0211566619,3103,,2026-10-07
Al Futuwa,Futuwa,Al Futuwa SC,63.0169634931,3104,,2026-10-07
Highbury,Highbury,Highbury FC,63.0154591513,3105,,2026-10-07
Molynes United,Molynes Utd,Molynes United FC,63.0064877551,3106,,2026-10-07
Istres,Istres,Istres FC,63.0063143214,3107,,2026-10-07
Hauts Lyonnais,Hauts Lyonnais,Hauts Lyonnais SC,62.9972335103,3108,,2026-10-07
Chichicasteco,Chichicasteco,Chichicasteco FC,62.9965314919,3109,,2026-10-07
Pergolettese,Pergolettese,US Pergolettese 1932,62.996238111,3110,,2026-10-07
Sông Lam Nghệ An,SLNA,CLB Sông Lam Nghệ An,62.9946947171,3111,,2026-10-07
Saint-Colomban Locminé,Locminé,LA Saint-Colomban Locminé,62.992693088,3112,,2026-10-07
Andratx,Andratx,CE Andratx,62.9920469501,3113,,2026-10-07
Biesheim,Biesheim,ASC Biesheim,62.9902482407,3114,,2026-10-07
RC Bobo-Dioulasso,Racing Bobo,Racing Club de Bobo,62.9869965886,3115,,2026-10-07
Đà Nẵng,Đà Nẵng,SHB Đà Nẵng FC,62.9852645839,3116,,2026-10-07
Chapelton,Chapelton,Chapelton Maroons FC,62.9851827068,3117,,2026-10-07
Cabinda,Cabinda,FC de Cabinda,62.9787888485,3118,,2026-10-07
Arlanda,Arlanda,FC Arlanda,62.9749329444,3119,,2026-10-07
APS Bomet,APS Bomet,APS Bomet,62.9728490158,3120,,2026-10-07
Unirea Slobozia,Slobozia,FC Unirea 2004 Slobozia,62.9651534413,3121,,2026-10-07
Zabbar St. Patrick,Zabbar,Zabbar Saint Patrick FC,62.9648041724,3122,,2026-10-07
Olímpico Totana,Totana,Club Olímpico de Totana,62.95781878,3123,,2026-10-07
UF Touraine,Touraine,Union Foot de Touraine,62.9563693078,3124,,2026-10-07
Arbroath,Arbroath,Arbroath FC,62.9560724278,3125,,2026-10-07
Dhofar,Dhofar,Dhofar SCSC,62.9546173952,3126,,2026-10-07
Paysandu,Paysandu,Paysandu SC,62.9504002643,3127,,2026-10-07
Deportivo Ucrania,Dep. Ucrania,Club Deportivo Ucrania,62.9457200178,3128,,2026-10-07
Centre Chiefs,Centre Chiefs,Mochudi Centre Chiefs SC,62.9424260619,3129,,2026-10-07
Haka,Haka,FC Haka,62.9417522772,3130,,2026-10-07
Be'sat Kermanshah,Be'sat,Be'sat Kermanshah FC,62.9416943271,3131,,2026-10-07
Vall de Uxó,Vall de Uxó,UD Vall de Uxó,62.9400059097,3132,,2026-10-07
Karfamoriah,Karfamoriah,Karfamoriah FC,62.9386227855,3133,,2026-10-07
Pacífico Gral. Alvear,Pacífico,Sport Club Pacífico de General Alvear,62.9371278926,3134,,2026-10-07
Aurrerá Vitoria,Aurrerá,CD Aurrerá de Vitoria,62.9361638955,3135,,2026-10-07
Bremer SV,Bremer SV,Bremer SV,62.9333696984,3136,,2026-10-07
Marbellí,Marbellí,FC Marbellí,62.9309247724,3137,,2026-10-07
Ayr United,Ayr Utd,Ayr United FC,62.9242885284,3138,,2026-10-07
Sonacos,Sonacos,Sonacos de Diourbel,62.9195872589,3139,,2026-10-07
East Bengal,East Bengal,East Bengal FC,62.9186421431,3140,,2026-10-07
Manica Diamonds,Manica,Manica Diamonds FC,62.9134748922,3141,,2026-10-07
Pocheon,Pocheon,Pocheon FC,62.9122667369,3142,,2026-10-07
Barletta,Barletta,ASD Barletta 1922,62.9106666895,3143,,2026-10-07
Schöningen,Schöningen,FSV Schöningen,62.9106666895,3144,,2026-10-07
Stade Renard,Renard,Stade Renard de Melong,62.9033434868,3145,,2026-10-07
Espoir,Espoir,Espoir FC de Tsévié,62.8968840804,3146,,2026-10-07
Llerenense,Llerenense,AD Llerenense,62.888661968,3147,,2026-10-07
Ostiamare,Ostiamare,AS Ostia Mare Lido Calcio,62.8841212784,3148,,2026-10-07
Eintracht Frankfurt II,Eintracht F II,Eintracht Frankfurt II,62.8834227098,3149,,2026-10-07
Piacenza,Piacenza,Piacenza Calcio,62.8820255718,3150,,2026-10-07
Hadiya Hosaena,Hosaena,Hadiya Hosaena,62.8747022553,3151,,2026-10-07
Al Buqa'a,Buqa'a,Al Buqa'a,62.8641540167,3152,,2026-10-07
Madura United,Madura Utd,Madura United FC,62.8605727338,3153,,2026-10-07
Pineto,Pineto,ASD Pineto Calcio,62.8565276169,3154,,2026-10-07
Estrella Roja,Estrella Roja,CD Estrella Roja,62.8519030185,3155,,2026-10-07
Porreres,Porreres,UE Porreres,62.8477953594,3156,,2026-10-07
Schwarz-Weiß Bregenz,Bregenz SW,Schwarz-Weiß Bregenz,62.8394123533,3157,,2026-10-07
Unisport Bafang,Unisport,Unisport de Bafang,62.8334860432,3158,,2026-10-07
Gainare Tottori,Gainare,Gainare Tottori,62.8296604241,3159,,2026-10-07
Árabe Unido II,Árabe Unido II,CD Árabe Unido II,62.8292269494,3160,,2026-10-07
FC Jerusalem,FC Jerusalem,FC Jerusalem,62.8271870676,3161,,2026-10-07
Beasain,Beasain,SD Beasain,62.8226462265,3162,,2026-10-07
Moulien,Moulien,CS Moulien,62.8096686412,3163,,2026-10-07
PR Surf,PR Surf,Puerto Rico Surf SC,62.800062913,3164,,2026-10-07
Highlanders,Highlanders,Mbabane Highlanders FC,62.7950656175,3165,,2026-10-07
Rekord Bielsko-Biała,Rekord BB,BTS Rekord Bielsko-Biała,62.79400374,3166,,2026-10-07
Al Watan,Al Watan,Al Watan SC,62.7933191092,3167,,2026-10-07
Meshakhte,Meshakhte,FC Meshakhte Tkibuli,62.7922572325,3168,,2026-10-07
East Riffa,East Riffa,East Riffa Club,62.791849976,3169,,2026-10-07
Township Rollers,Rollers,Township Rollers FC,62.7904859595,3170,,2026-10-07
Eintracht Trier,Trier,SV Eintracht Trier 05,62.7779358084,3171,,2026-10-07
Platges Calvià,Platges,CF Platges de Calvià,62.7747920663,3172,,2026-10-07
Fuerte San Francisco,Fuerte,CD Fuerte San Francisco,62.7717693787,3173,,2026-10-07
Dynamo Abomey,Dynamo,Dynamo Abomey FC,62.767470621,3174,,2026-10-07
Villalbés,Villalbés,RC Villalbés,62.7667580341,3175,,2026-10-07
Cercle de Joachim,Cercle Joachim,Cercle de Joachim SC,62.76100844,3176,,2026-10-07
Las Rozas,Las Rozas,Las Rozas CF,62.7608198139,3177,,2026-10-07
Haro Deportivo,Haro Deportivo,Club Haro Deportivo,62.7590732749,3178,,2026-10-07
Lota Schwager,Lota Schwager,CD Lota Schwager,62.7582908249,3179,,2026-10-07
FA Šiauliai,FA Šiauliai,FA Šiauliai,62.7573267342,3180,,2026-10-07
Bandari,Bandari,Bandari FC,62.7562904852,3181,,2026-10-07
Inverness CT,Inverness,Inverness Caledonian Thistle FC,62.7524364115,3182,,2026-10-07
Thes Sport,Thes,KVV Thes Sport Tessenderlo,62.7447515924,3183,,2026-10-07
Villarrobledo,Villarrobledo,CP Villarrobledo,62.7409091708,3184,,2026-10-07
Naft Masjed Soleyman,Naft MIS,Naft Masjed Soleyman FC,62.7401525915,3185,,2026-10-07
Gubbio,Gubbio,AS Gubbio 1910,62.7335736164,3186,,2026-10-07
Academia Cantolao,Cantolao,Academia Deportiva Cantolao,62.7289487089,3187,,2026-10-07
Mâcon,Mâcon,UF Maconnais,62.7287530933,3188,,2026-10-07
Independiente II,La Chorrera II,CA Independiente de La Chorrera II,62.7150040534,3189,,2026-10-07
Rapid Wien II,Rapid II,SK Rapid Wien II,62.7147106277,3190,,2026-10-07
Xerez Deportivo,Xerez DFC,Xerez Deportivo FC,62.7119160944,3191,,2026-10-07
Atlas Delmenhorst,Atlas,SV Atlas Delmenhorst,62.7077242864,3192,,2026-10-07
US Oyem,US Oyem,US Oyem,62.7061663304,3193,,2026-10-07
Stjørdals-Blink,Stjørdals,IL Stjørdals-Blink,62.6874637465,3194,,2026-10-07
Al Arabi,Arabi,Al Arabi SC,62.6825152797,3195,,2026-10-07
Tiquipaya,Tiquipaya,Escuela de Fútbol Tiquipaya,62.6795201566,3196,,2026-10-07
Terengganu,Terengganu,Terengganu FC,62.6792829662,3197,,2026-10-07
Pitbulls Santa Bárbara,Pitbulls,Pitbulls Santa Bárbara FC,62.6779761479,3198,,2026-10-07
Unión Huaral,Huaral,CS Unión Huaral,62.6778084727,3199,,2026-10-07
Atlético Nacional,Nacional,SD Atlético Nacional,62.6734349383,3200,,2026-10-07
Ajesaia,Ajesaia,Ajesaia,62.6724568319,3201,,2026-10-07
Fréjus St-Raphaël,Fréjus,Étoile Fréjus Saint-Raphaël FC,62.6695958608,3202,,2026-10-07
Barrow,Barrow,Barrow AFC,62.6657882146,3203,,2026-10-07
Granville,Granville,US Granvillaise,62.6608627155,3204,,2026-10-07
Vado,Vado,Vado FC,62.6588191535,3205,,2026-10-07
Villacañas,Villacañas,Villacañas CF,62.6528805844,3206,,2026-10-07
Atlético Arteixo,Arteixo,CA Arteixo,62.6483393127,3207,,2026-10-07
Syunik,Syunik,FC Syunik,62.6420513795,3208,,2026-10-07
San Antonio,San Antonio,FCR San Antonio,62.6383345022,3209,,2026-10-07
Səbail,Səbail,Səbail FK,62.6378594121,3210,,2026-10-07
Bengaluru,Bengaluru,Bengaluru FC,62.6336094753,3211,,2026-10-07
JSM Skikda,JSM Skikda,JSM Skikda,62.6326311163,3212,,2026-10-07
FC 105,FC 105,Football Canon 105 de Libreville,62.6307120872,3213,,2026-10-07
CR Béni Thour,Béni Thour,Chabab Riadhi Béni Thour,62.6238977951,3214,,2026-10-07
Sámano,Sámano,UD Sámano,62.6228381167,3215,,2026-10-07
Deportivo Santo Domingo,Deportivo SD,Deportivo Santo Domingo de los Tsachilas,62.6203089377,3216,,2026-10-07
Garden Stars,Garden Stars,Garden Stars FC,62.6198151809,3217,,2026-10-07
Beauvais,Beauvais,AS Beauvais Oise,62.6175457008,3218,,2026-10-07
Meux,Meux,RFC Meux,62.6106113902,3219,,2026-10-07
Gazelle,Gazelle,Gazelle FC,62.606780365,3220,,2026-10-07
Maranhão,Maranhão,Maranhão AC,62.6049381614,3221,,2026-10-07
Dunbeholden,Dunbeholden,Dunbeholden FC,62.598854992,3222,,2026-10-07
Shenavarsazi Qeshm,Shenavarsazi,Shenavarsazi Qeshm,62.5983266213,3223,,2026-10-07
Panserraikos,Panserraikos,Panserraikos FC,62.5948038586,3224,,2026-10-07
Popești-Leordeni,Gloria PL,SC Popești-Leordeni,62.5875550555,3225,,2026-10-07
Viktoria Plzeň II,Plzeň II,FC Viktoria Plzeň II,62.5872057149,3226,,2026-10-07
Blue Eagles,Eagles,Blue Eagles FC,62.5823289126,3227,,2026-10-07
Espoir Savalou,Espoir Savalou,Espoir FC,62.5805822056,3228,,2026-10-07
Sturm Graz II,Sturm II,SK Sturm Graz II,62.5798695462,3229,,2026-10-07
AFC Eskilstuna,AFC Eskilstuna,AFC Eskilstuna,62.5791708619,3230,,2026-10-07
Police,Police,Police FC,62.5779621392,3231,,2026-10-07
Huesca II,Huesca II,SD Huesca II,62.5746294077,3232,,2026-10-07
Juventud Unida G.,Juventud UG,Club Social y Deportivo Juventud Unida de Gualeguaychú,62.5682573791,3233,,2026-10-07
Tempête,Tempête,Tempête FC,62.5640954887,3234,,2026-10-07
Kiyovu Sports,Kiyovu,Kiyovu Sports Association,62.5590975509,3235,,2026-10-07
Verdes,Verdes,Hankook Real Verdes United FC,62.5555365127,3236,,2026-10-07
Salgueiros,Salgueiros,SC Salgueiros,62.554018051,3237,,2026-10-07
Santa Ana,Santa Ana,AD Municipal Santa Ana,62.5539621555,3238,,2026-10-07
Köln II,Köln II,1. FC Köln II,62.5519219678,3239,,2026-10-07
Tixeraïne,Tixeraïne,JS Tixeraïne,62.5491388641,3240,,2026-10-07
Hércules,Hércules,CD Hércules,62.5478508691,3241,,2026-10-07
Cabeza del Buey,Cabeza Buey,CD Cabeza del Buey,62.5466817494,3242,,2026-10-07
Cosmopolites,Cosmopolites,Cosmopolites SC,62.5459294549,3243,,2026-10-07
Ajax II,Ajax II,AFC Ajax II,62.5438869602,3244,,2026-10-07
Kaédi,Kaédi,Kaédi FC,62.5407544947,3245,,2026-10-07
AS Cotonou,AS Cotonou,AS Cotonou,62.5278308149,3246,,2026-10-07
Santiago de Píllaro,Sant Píllaro,Club Deportivo Santiago de Píllaro,62.5238901185,3247,,2026-10-07
Lealtad,Lealtad,CD Lealtad de Villaviciosa,62.5232752576,3248,,2026-10-07
Giugliano,Giugliano,SSC Giugliano,62.5215284925,3250,,2026-10-07
Lorient II,Lorient II,FC Lorient II,62.5155370755,3251,,2026-10-07
JIPPO,JIPPO,JIPPO Joensuu,62.5120959321,3252,,2026-10-07
Pamba Jiji,Pamba,Pamba Jiji FC,62.5115858754,3253,,2026-10-07
Al Najma,Najma,Al Najma Club,62.5043521423,3254,,2026-10-07
Al Anwar,Anwar,Al Anwar Club,62.4998105026,3255,,2026-10-07
Sur,Sur,Sur SC,62.4998105026,3256,,2026-10-07
Céleste,Céleste,Céleste FC,62.4932446397,3257,,2026-10-07
Treasure Beach,Treasure Beach,Treasure Beach FC,62.4923036678,3258,,2026-10-07
Lambaréné,Lambaréné,Lambaréné AC,62.4916725272,3259,,2026-10-07
Şanlıurfaspor,Şanlıurfa,Şanlıurfa SK,62.4851954002,3260,,2026-10-07
Mosta,Mosta,Mosta FC,62.4851954002,3261,,2026-10-07
Villafranca,Villafranca,SP Villafranca,62.4754132906,3262,,2026-10-07
Persita,Persita,Persatuan Sepak Bola Indonesia Tangerang,62.4738694593,3263,,2026-10-07
Limón Black Star,Black Star,Limón Black Star FC,62.4725624945,3264,,2026-10-07
Al-Tahaddi,Tahaddi,Al-Tahaddi,62.4663438308,3265,,2026-10-07
ÍR,ÍR,ÍR Reykjavík,62.4651769556,3266,,2026-10-07
Eltersdorf,Eltersdorf,Sport-Club 1926 Eltersdorf,62.4628362156,3267,,2026-10-07
Gzira United,Gzira Utd,Gzira United FC,62.4568970113,3268,,2026-10-07
Chemie Leipzig,Chemie L.,BSG Chemie Leipzig,62.4537527188,3269,,2026-10-07
Koforidua Semper Fi,Semper Fi,Koforidua Semper Fi FC,62.4513188325,3270,,2026-10-07
Al Khabourah,Khabourah,Al Khabourah SC,62.4474061521,3271,,2026-10-07
Deportivo Alavés III,Alavés III,Deportivo Alavés III,62.4467653829,3272,,2026-10-07
Umm Salal,Umm Salal,Umm Salal SC,62.4449605791,3273,,2026-10-07
Gyulai Termál,Gyulai Termál,Várfürdő-Gyulai Termál FC,62.4446691769,3274,,2026-10-07
Dimona,Dimona,MS Dimona,62.4446691769,3275,,2026-10-07
Siroco Les Abymes,Siroco,Siroco Les Abymes,62.4404231553,3276,,2026-10-07
Al Malaab El Libby,Al Malaab,Al Malaab El Libby,62.4383945193,3277,,2026-10-07
Kagera Sugar,Kagera Sugar,Kagera Sugar,62.4368223596,3278,,2026-10-07
Maccabi K. Ata Bialik,K. Ata Bialik,Maccabi Ironi Kiryat Ata Bialik FC,62.4334893711,3279,,2026-10-07
Ituano,Ituano,Ituano Futebol Clube,62.4292130773,3280,,2026-10-07
Panamá City,Panamá City,Panamá City FC,62.4264460584,3281,,2026-10-07
Valour,Valour,Valour FC,62.426096687,3282,,2026-10-07
Cinfães,Cinfães,CD Cinfães,62.4233576131,3283,,2026-10-07
Ellas Syros,Syros,APO Ellas Syros,62.422571526,3284,,2026-10-07
Cosma,Cosma,Cosma Foot,62.4068834566,3285,,2026-10-07
Gloria Bistriţa,Gloria B.,CS Gloria Bistrița,62.4058889328,3286,,2026-10-07
Militar 6 Setembro,Militar 6 Sete,Desportivo Militar 6 de Setembro,62.3996141421,3287,,2026-10-07
Kapfenberger SV,KSV 1919,Kapfenberger SV 1919,62.3929620019,3288,,2026-10-07
Tanganyika,Tanganyika,FC Tanganyika,62.3856390296,3289,,2026-10-07
Linense,Linense,Real Balompédica Linense,62.3835287784,3290,,2026-10-07
Ayema,Ayema,Ayéma d'Adjarra FC,62.3776032933,3291,,2026-10-07
ASVO,ASVO,Association Sportive de la Vallée de l'Ouémé FC,62.36677246,3292,,2026-10-07
Stade Nyonnais,Nyon,FC Stade Nyonnais,62.3618671177,3293,,2026-10-07
Unión Adarve,Adarve,AD Unión Adarve Barrio del Pilar,62.3594214302,3294,,2026-10-07
Saham,Saham,Saham Club,62.358315309,3295,,2026-10-07
Afumaţi,Afumaţi,CS Afumaţi,62.3569757395,3296,,2026-10-07
Illescas,Illescas,CD Illescas,62.3566263548,3297,,2026-10-07
Tatran Prešov,Tatran,1. FC Tatran Prešov,62.3534818898,3298,,2026-10-07
Shakhter Karagandy,Karagandy,FK Shakhter Karagandy,62.3516126775,3299,,2026-10-07
Teleghma,Teleghma,NRB Teleghma,62.3472046224,3300,,2026-10-07
BKMA II,BKMA II,Banaki Kentronakan Marzakan Akumb II,62.3462321305,3301,,2026-10-07
Blacks Power,Blacks Power,Blacks Power FC,62.3461587593,3302,,2026-10-07
Puerto Cabello II,Puerto Cabello,Academia Puerto Cabello II,62.3450127705,3303,,2026-10-07
Persik Kediri,Persik,Persatuan Sepakbola Indonesia Kediri,62.3376130899,3304,,2026-10-07
Maccabi Ahi Nazareth,M Ahi Nazareth,Maccabi Ahi Nazareth FC,62.3318198727,3305,,2026-10-07
La Cure Waves,Waves,La Cure Waves SC,62.3288640356,3306,,2026-10-07
Cádiz II,Cádiz II,Cádiz CF II,62.314000924,3307,,2026-10-07
Guelson,Guelson,RSD Guelson FC,62.3133161139,3308,,2026-10-07
Águilas II,Águilas II,Águilas FC II,62.3108563856,3309,,2026-10-07
Upington City,Upington,Upington City FC,62.3042295769,3310,,2026-10-07
Eimsbütteler TV,Eimsbüttel,Eimsbütteler Turnverband,62.2961818013,3311,,2026-10-07
Mekelle 70 Enderta,Mekelle,Mekelle 70 Enderta FC,62.2954946878,3312,,2026-10-07
Uruguay Montevideo,Uruguay Mdeo,Uruguay Montevideo FC,62.2947003605,3313,,2026-10-07
Santa Ana,Santa Ana,Santa Ana FC,62.2936521705,3314,,2026-10-07
Daejeon Korail,Daejeon Korail,Daejeon Korail FC,62.2928908348,3315,,2026-10-07
Qamishli,Qamishli,Qamishli SC,62.2926455073,3316,,2026-10-07
Barra,Barra,Barra FC,62.292254583,3317,,2026-10-07
Binéfar,Binéfar,CD Binéfar,62.2891938625,3318,,2026-10-07
Rijnsburgse Boys,Rijnsburg,Rijnsburgse Boys,62.2804589013,3319,,2026-10-07
Altamura,Altamura,Team Altamura,62.280109502,3320,,2026-10-07
Anápolis,Anápolis,Anápolis FC,62.2670978238,3321,,2026-10-07
Akritas,Akritas,Akritas Chloraka,62.2661334745,3322,,2026-10-07
Lerumo Lions,Lions,Lerumo Lions FC,62.2654463496,3323,,2026-10-07
Doxa,Doxa,Doxa Katokopia FC,62.2640370611,3324,,2026-10-07
Deportivo Camioneros,Camioneros,CA Social y Deportivo Camioneros de Buenos Aires,62.2632543995,3325,,2026-10-07
Enosis,Enosis,Enosis Neon Paralimni,62.2619406453,3326,,2026-10-07
Charlotte Independence,Independence,Charlotte Independence,62.2576919019,3327,,2026-10-07
Ancona,Ancona,Unione Sportiva Ancona,62.2553019794,3328,,2026-10-07
Os Marialvas,Os Marialvas,FC Os Marialvas,62.2546031711,3329,,2026-10-07
Vermont Green,Vermont Green,Vermont Green FC,62.2514026255,3330,,2026-10-07
Bayreuth,Bayreuth,SpVgg Bayreuth,62.2451692322,3331,,2026-10-07
Humble Lions,Humble,Humble Lions,62.230615215,3332,,2026-10-07
Cultural Leonesa II,CyD II,Cultural y Deportiva Leonesa Júpiter Leonés (Cultural Leonesa II),62.2266506177,3333,,2026-10-07
Leo Victor,Leo Victor,Leo Victor,62.2206851005,3334,,2026-10-07
Al Shorta,Shorta,Al Shorta SC,62.2194320325,3335,,2026-10-07
Sigma Olomouc II,Sigma II,SK Sigma Olomouc II,62.2186141792,3336,,2026-10-07
Lagun Onak,Lagun Onak,CD Lagun Onak,62.2130235923,3337,,2026-10-07
Amazonas,Amazonas,Amazonas FC,62.2118914964,3338,,2026-10-07
Greuther Fürth II,Fürth II,SpVgg Greuther Fürth II,62.208830641,3339,,2026-10-07
Atlético Barinas,Barinas,Club Atlético Barinas,62.2073491292,3340,,2026-10-07
San Marcos,San Marcos,FC San Marcos,62.205108193,3341,,2026-10-07
Unión Coclé,Unión Coclé,Unión Coclé FC,62.2049311875,3342,,2026-10-07
Grand Santi,Santi,ASU Grand Santi,62.2045840723,3343,,2026-10-07
Qingdao Hainiu,Hainiu,Qingdao Hainiu FC,62.2027442055,3344,,2026-10-07
Zacatecoluca,Zacatecoluca,Zacatecoluca FC,62.1935775016,3345,,2026-10-07
ASFAG,ASFAG,AS des Forces Armées de Guinée,62.1885785499,3346,,2026-10-07
Al Sahel,Sahel,Al Sahel SC,62.1864100967,3347,,2026-10-07
Zlaté Moravce,Zlaté Moravce,FC ViOn Zlaté Moravce - Vráble,62.1843715655,3348,,2026-10-07
Halaba Ketema,Halaba,Halaba Ketema FC,62.1784738414,3349,,2026-10-07
UD da Serra,UD da Serra,UD da Serra,62.1728407445,3350,,2026-10-07
Ulinzi Stars,Ulinzi,Ulinzi Stars,62.1714547443,3351,,2026-10-07
KCB,KCB,Kenya Commercial Bank SC,62.1676111181,3352,,2026-10-07
Guinée Foot Elite,Guinée Foot,Guinée Foot Elite,62.1662157307,3353,,2026-10-07
IF Karlstad,IF Karlstad,IF Karlstad Fotboll,62.1609604283,3354,,2026-10-07
Utrera,Utrera,Club Deportivo Utrera,62.1557190877,3355,,2026-10-07
PSIM Yogyakarta,PSIM,Perserikatan Sepakbola Indonesia Mataram,62.1541749859,3356,,2026-10-07
Colmar,Colmar,Stadium Racing Colmar,62.1507747425,3357,,2026-10-07
Barockstadt Fulda-Lehn.,Lehnerz,SG Barockstadt Fulda-Lehnerz,62.149429459,3358,,2026-10-07
Frýdek-Místek,Frýdek-Místek,Fotbal Frýdek-Místek,62.1459352114,3359,,2026-10-07
Dieppe,Dieppe,FC Dieppe,62.1451839473,3360,,2026-10-07
Biellese,Biellese,ASD Biellese 1902,62.1434892342,3361,,2026-10-07
Corinthian's de Los Rios,Corinthian's,Corinthian's de Los Rios,62.1420076692,3362,,2026-10-07
Shabab Al-Ghar,Al-Ghar,Shabab Al-Ghar Club,62.1400089522,3363,,2026-10-07
Municipal Grecia,Grecia,AD Municipal Grecia FC,62.1371436549,3364,,2026-10-07
Sambenedettese,Sambenedettese,US Sambenedettese,62.1368501364,3365,,2026-10-07
Matsumoto Yamaga,Matsumoto,Matsumoto Yamaga FC,62.135131305,3366,,2026-10-07
Vis Pesaro,Vis Pesaro,Vis Pesaro,62.1316087263,3367,,2026-10-07
Forest Green Rovers,Forest Green,Forest Green Rovers FC,62.130542971,3368,,2026-10-07
Gran Peña,Gran Peña,Gran Peña FC,62.1281144445,3369,,2026-10-07
Vilanova Geltrú,Vilanova,CF Vilanova Geltrú,62.1235718681,3370,,2026-10-07
Khaleej Sart,Khaleej,Khaleej Sart,62.1204409781,3371,,2026-10-07
Juventud Huracán,Juv. Huracán,CD Juventud Huracán,62.1153113386,3372,,2026-10-07
África Show,África Show,SC África Show,62.1148500897,3373,,2026-10-07
Résidence Walferdange,Résidence,FC Résidence Walferdange,62.1144866813,3374,,2026-10-07
Barry Town United,Barry Town,Barry Town United FC,62.1099440709,3375,,2026-10-07
Naval 1893,Naval,Associação Naval 1893,62.1067991801,3376,,2026-10-07
Gamo Chencha,Chencha,Gamo Chencha FC,62.1013639389,3377,,2026-10-07
Hoogstraten,Hoogstraten,Hoogstraten VV,62.0903757732,3378,,2026-10-07
AD Pemba,AD Pemba,AD de Pemba,62.089690879,3379,,2026-10-07
Club Colonial,Colonial,Club Colonial de Fort-de-France,62.0873519556,3380,,2026-10-07
Beti Kozkor,Beti Kozkor,Beti Kozkor KE,62.0833870444,3381,,2026-10-07
Camerhogne,Camerhogne,FC Camerhogne,62.0803632152,3382,,2026-10-07
Cultural Volante,Cul Volante,Club Deportivo Cultural Volante,62.0789701539,3383,,2026-10-07
Le Poiré sur Vie,VPSVF,Vendée Poiré sur Vie Football,62.077394188,3384,,2026-10-07
Club Péléen,Péléen,AS Club Péléen,62.0730250088,3385,,2026-10-07
Juventude Évora,Évora,Juventude SC Évora,62.0683611864,3386,,2026-10-07
Zawisza Bydgoszcz,Zawisza,WKS Zawisza Bydgoszcz,62.0627701377,3387,,2026-10-07
Atlètic Lleida,Atlètic Lleida,CE Atlètic Lleida 2019,62.057528514,3388,,2026-10-07
Troyes II,Troyes II,Espérance Sportive Troyes Aube Champagne II,62.0529333447,3389,,2026-10-07
Sanjoanense,Sanjoanense,AD Sanjoanense,62.0526363182,3390,,2026-10-07
One Knoxville,One Knoxville,One Knoxville SC,62.0525804073,3391,,2026-10-07
Al Ahli San'a,Al Ahli,Al Ahli San'a Club,62.0518817525,3392,,2026-10-07
Forward Madison,Forward,Forward Madison FC,62.0452420887,3393,,2026-10-07
Grobiņa,Grobiņa,FK Grobiņa,62.041803552,3394,,2026-10-07
Svay Rieng,Svay Rieng,Preah Khan Reach Svay Rieng FC,62.0337106148,3395,,2026-10-07
Hamburger SV II,HSV II,Hamburger SV II,62.0316696154,3396,,2026-10-07
Atlético Kin,Atlético Kin,Club Atlético Kin,62.0305374066,3397,,2026-10-07
Juan Aurich,Juan Aurich,Club Juan Aurich de Chiclayo,62.0244570137,3398,,2026-10-07
Brooklyn,Brooklyn,Brooklyn FC,62.0158885175,3399,,2026-10-07
Schaffhausen,Schaffhausen,FC Schaffhausen,62.0152455292,3400,,2026-10-07
Zbrojovka Brno II,Brno II,FC Zbrojovka Brno II,62.0131488266,3401,,2026-10-07
Kara Gostar,Kara Gostar,Kara Gostar SC,62.0120424949,3402,,2026-10-07
Mainz 05 II,Mainz 05 II,1. FSV Mainz 05 II,62.0096543169,3403,,2026-10-07
Foggia,Foggia,Foggia Calcio 1920,62.0026652775,3404,,2026-10-07
Peralada,Peralada,CF Peralada,61.9991707476,3405,,2026-10-07
Chabab Mohammédia,Chabab Moham.,Sporting Club Chabab Mohammédia,61.9963868,3406,,2026-10-07
Bergisch Gladbach,Bergisch Gladb,SV Bergisch Gladbach 09,61.996025665,3407,,2026-10-07
Pelileo,Pelileo,Pelileo SC,61.9948934339,3408,,2026-10-07
Comunicaciones,Comunicaciones,Club Comunicaciones de Buenos Aires,61.9920977986,3409,,2026-10-07
Qatar U23,Qatar,Qatar Under 23,61.9819894736,3410,,2026-10-07
Os Limianos,Limianos,AD Os Limianos,61.9806496271,3411,,2026-10-07
Napredak,Napredak,FK Napredak Kruševac,61.9796012561,3412,,2026-10-07
Lubumbashi Sport,Lubumbashi,FC Lubumbashi Sport,61.9761206601,3413,,2026-10-07
Torre del Mar,Torre del Mar,UD Torre del Mar,61.9698164312,3414,,2026-10-07
Inter Bratislava,Inter,FK Inter Bratislava,61.9649239989,3416,,2026-10-07
Elite,Elite,Elite SC,61.9648703824,3417,,2026-10-07
ETSV Hamburg,ETSV Hamburg,ETSV Hamburg von 1924 e.V.,61.9600315534,3418,,2026-10-07
Al Musannah,Musannah,Al Musannah SC,61.955780037,3419,,2026-10-07
Almazán,Almazán,SD Almazán,61.9512950108,3420,,2026-10-07
1. FC Bocholt,Bocholt,1. FC Bocholt,61.9509455483,3421,,2026-10-07
AD Sarchí,Sarchí,Asociación Deportiva Sarchí,61.9505401716,3422,,2026-10-07
HSV Hoek,Hoek,Hoekse Sportvereniging Hoek,61.9488487714,3423,,2026-10-07
Manama,Manama,Manama,61.9397047283,3424,,2026-10-07
Gurten,Gurten,Union Gurten,61.9359185936,3425,,2026-10-07
Serik Spor,Serik,Serik Spor Futbol AS,61.934520731,3426,,2026-10-07
Pohronie,Pohronie,FK Pohronie Žiar nad Hronom Dolná Ždaňa,61.9299776702,3427,,2026-10-07
Aubervilliers,Aubervilliers,FC Municipal d'Aubervilliers,61.9251550239,3428,,2026-10-07
Leotar,Leotar,FK Leotar Trebinje,61.9226388555,3429,,2026-10-07
Shahin Bandar Ameri,Shahin,Shahin Bandar Ameri FC,61.9218819369,3430,,2026-10-07
Assabah,Assabah,Assabah Club,61.9177602747,3431,,2026-10-07
Bulle,Bulle,FC Bulle,61.9163484193,3432,,2026-10-07
FICA,FICA,Football Club Inter Association du Cap-Haïtien,61.9037138649,3433,,2026-10-07
26 de Febrero,26 de Febrero,Club 26 de Febrero,61.9035088723,3434,,2026-10-07
Naftan,Naftan,FK Naftan Novopolotsk,61.9009717055,3435,,2026-10-07
Smail,Smail,Smail Club,61.9005642502,3436,,2026-10-07
Mladost DG,Mladost DG,FK Mladost Donja Gorica,61.8911864561,3437,,2026-10-07
Pro Vercelli,Pro Vercelli,FC Pro Vercelli Calcio,61.8800032491,3438,,2026-10-07
Tarbes,Tarbes,Tarbes Pyrénées Football,61.8775044918,3439,,2026-10-07
Dynamic Herb Cebu,Cebu,Dynamic Herb Cebu FC,61.8747917019,3440,,2026-10-07
Caernarfon Town,Caernarfon,Caernarfon Town FC,61.8604324706,3441,,2026-10-07
Amora,Amora,Amora FC,61.8555397429,3442,,2026-10-07
Provincial Ovalle,Prov. Ovalle,CD Provincial Ovalle FC,61.8446219229,3443,,2026-10-07
TAFIC,TAFIC,TAFIC FC,61.8422346388,3444,,2026-10-07
Thành Phố Đồng Nai,TP Đồng Nai,Thành Phố Đồng Nai,61.8389676265,3445,,2026-10-07
Olympic Charleroi,ROCC,ROC Charleroi,61.8356192151,3446,,2026-10-07
Damissa,Damissa,Damissa FC,61.8310898873,3447,,2026-10-07
Socuéllamos,Socuéllamos,Yugo Unión Deportiva Socuéllamos,61.8293284765,3448,,2026-10-07
FC Alverca II,Alverca II,FC Alverca II,61.8254841255,3449,,2026-10-07
Atlético Pulpileño,Pulpileño,Club Atlético Pulpileño,61.8230377161,3450,,2026-10-07
Auckland City,Auckland,Auckland City FC,61.8165910618,3451,,2026-10-07
Hodonín,Hodonín,FK Hodonín,61.8149994903,3452,,2026-10-07
St-Pryvé St-Hilaire,St-Pryvé,Saint-Pryvé Saint-Hilaire FC,61.8083067664,3453,,2026-10-07
Guaraní A. Franco,Guaraní AF,Club Guaraní Antonio Franco,61.8054793889,3454,,2026-10-07
Králův Dvůr,Králův Dvůr,FK Králův Dvůr,61.8045147943,3455,,2026-10-07
Westfalia Rhynern,Rhynern,SV Westfalia Rhynern,61.8010198822,3456,,2026-10-07
Sofala,Sofala,Liga Desportiva de Sofala,61.7975389429,3457,,2026-10-07
ADT II,ADT II,Asociación Deportiva Tarma II,61.7969517959,3458,,2026-10-07
HHC,HHC,Hardenberg Heemse Combinatie,61.7940300376,3459,,2026-10-07
Racing Club Haitien,Racing Haitien,Racing Club Haitien,61.7932774318,3460,,2026-10-07
DPMM,DPMM,Brunei Duli Pengiran Muda Mahkota FC,61.7889906923,3461,,2026-10-07
Astoria Walldorf,Astoria,FC Astoria Walldorf,61.7873896602,3462,,2026-10-07
Moneni Pirates,Moneni,Moneni Pirates FC,61.7716763348,3463,,2026-10-07
Linare,Linare,Linare FC,61.7636378807,3464,,2026-10-07
Bắc Ninh,Bắc Ninh,Bắc Ninh FC,61.7631279602,3465,,2026-10-07
Chełmianka Chełm,Chełm. Chełm,CKS Chełmianka Chełm,61.7597794083,3466,,2026-10-07
Fanja,Fanja,Fanja SC,61.753430418,3467,,2026-10-07
Aubstadt,Aubstadt,TSV Aubstadt,61.7464983773,3468,,2026-10-07
Alaniya Vladikavkaz,Alaniya,FK Alaniya Vladikavkaz,61.7419548443,3469,,2026-10-07
Oleksandria,Oleksandria,FC Oleksandria,61.7381103075,3470,,2026-10-07
Sundsvall,Sundsvall,GIF Sundsvall,61.7346152669,3471,,2026-10-07
Moncarapachense,Moncarapachen.,Lusitano Ginásio Clube Moncarapachense,61.7321687344,3472,,2026-10-07
Holstein Kiel II,Holstein II,Kieler SV Holstein 1900 II,61.7304212092,3473,,2026-10-07
Aswan,Aswan,Aswan SC,61.7276368482,3474,,2026-10-07
Folgore Caratese,Caratese,US Folgore Caratese ASD,61.7265766478,3475,,2026-10-07
Spokane Velocity,Velocity,Spokane Velocity FC,61.7244236898,3476,,2026-10-07
Mara Sugar,Mara Sugar,Mara Sugar FC,61.7220447475,3477,,2026-10-07
Torrejón,Torrejón,AD Torrejón CF,61.7216835578,3478,,2026-10-07
Al Wefaq Ajdabiyah,Al Wefaq,Al Wefaq FC,61.7206490171,3479,,2026-10-07
Fountain Gate,Fountain Gate,Singida Fountain Gate FC,61.7103385299,3480,,2026-10-07
Hostert,Hostert,US Hostert,61.7052566587,3481,,2026-10-07
LCS,LCS,Lesotho Correctional Services,61.7049211307,3482,,2026-10-07
Augsburg II,Augsburg II,FC Augsburg II,61.703159597,3483,,2026-10-07
América RN,América RN,América FC (Rio Grande do Norte),61.7002796283,3484,,2026-10-07
Belisia Bilzen,Belisia Bilzen,Belisia Bilzen SV,61.685683988,3485,,2026-10-07
UDELAS,UDELAS,UDELAS FC,61.6782882592,3486,,2026-10-07
Lifofane,Lifofane,Lifofane FC,61.6755620395,3487,,2026-10-07
Adama Kenema,Adama Kenema,Adama City FC,61.6731131278,3488,,2026-10-07
PSM Makassar,PSM,PSM Makassar,61.6687607964,3489,,2026-10-07
Kaiserslautern II,Kaiserslautern,1. FC Kaiserslautern II,61.6671596576,3490,,2026-10-07
Dessel Sport,Dessel,KFC Dessel Sport,61.6647130337,3491,,2026-10-07
Atlético Albericia,Albericia,SD Atlético Albericia,61.659120738,3492,,2026-10-07
Al-Afreky,Al-Afreky,Al-Afreky SC,61.6545909659,3493,,2026-10-07
Santanyí,Santanyí,CD Santanyí,61.6542274651,3494,,2026-10-07
Orapa United,Orapa Utd,Orapa United FC,61.6535036458,3495,,2026-10-07
GPA,GPA,Gambia Ports Authority FC,61.651620046,3496,,2026-10-07
Penybont,Penybont,Penybont FC,61.6510817827,3497,,2026-10-07
Wellington Olympic,Wellington Ol.,Wellington Olympic,61.6425373824,3498,,2026-10-07
Prato,Prato,AC Prato,61.6416447024,3499,,2026-10-07
Al Nawaeir,Nawaeir,Al Nawaeir SC,61.6403523324,3500,,2026-10-07
Borgo,Borgo,FC Borgo,61.6384465695,3501,,2026-10-07
Rochefort,Rochefort,Royale Union Rochefortoise,61.6280132769,3502,,2026-10-07
IC Croix,IC Croix,Iris Club de Croix,61.6266850813,3503,,2026-10-07
Ecosem Pasco,Ecosem,Ecosem Pasco,61.624993378,3504,,2026-10-07
Villa Santa Brígida,Santa Brígida,UD Villa de Santa Brígida,61.6147312761,3505,,2026-10-07
PWD,PWD,PWD de Bamenda,61.614393432,3506,,2026-10-07
Foolad II,Foolad II,Foolad Khuzestan FC II (Foolad Novin Khuzestan FC),61.6136247006,3507,,2026-10-07
Bylis,Bylis,FK Bylis,61.6126341091,3508,,2026-10-07
Panthers,Panthers,HBA Police Panthers,61.6029684371,3509,,2026-10-07
Halifax Town,Halifax,FC Halifax Town,61.5954896775,3510,,2026-10-07
Sporting Baie-Mahault,Sporting BM,Sporting Club Baie-Mahault,61.5909096132,3511,,2026-10-07
České Budějovice,Č. Budějovice,SK Dynamo České Budějovice,61.5906137084,3512,,2026-10-07
San Ignacio,San Ignacio,CD San Ignacio,61.5899146437,3513,,2026-10-07
Mortágua,Mortágua,Mortágua FC,61.5853707162,3514,,2026-10-07
Chaves II,Chaves II,GD Chaves II,61.5836230488,3515,,2026-10-07
Welwalo Adigrat Uni,Adigrat Uni,Welwalo Adigrat University,61.5811879952,3516,,2026-10-07
Karvan,Karvan,Karvan İK,61.5762828269,3517,,2026-10-07
Katwijk,Katwijk,vv Katwijk,61.5752342213,3518,,2026-10-07
Rangers Kinshasa,Rangers,Académic Club Rangers Kinshasa,61.5735005255,3519,,2026-10-07
Kariobangi Sharks,Kariobangi,Kariobangi Sharks FC,61.5707019407,3520,,2026-10-07
Valle Egüés,Valle Egüés,CD Valle Egüés,61.5703407206,3521,,2026-10-07
Vihren Sandanski,Vihren,OFK Vihren Sandanski,61.568243502,3522,,2026-10-07
ESMTK,ESMTK,Erzsébeti Spartacus Munkás Testgyakorlók Köre Labdarúgó,61.5612527555,3523,,2026-10-07
PAOK II,PAOK II,PAOK Thessaloniki FC II,61.5601167566,3524,,2026-10-07
Cayon,Cayon,Cayon Rockets FC,61.5598009744,3525,,2026-10-07
Besa Kavajë,Besa,KS Besa Kavajë,61.5570582945,3526,,2026-10-07
Bistrica,Bistrica,NK Kety Emmi Bistrica,61.5570582945,3527,,2026-10-07
Virginia,Virginia,Virginia USC,61.54666298,3528,,2026-10-07
Bombada,Bombada,Bombada FC,61.5439645245,3529,,2026-10-07
Thanh Hóa,Thanh Hóa,Đông Á Thanh Hóa FC,61.5429302296,3530,,2026-10-07
Giravanz Kitakyushu,Giravanz,Giravanz Kitakyushu,61.5424059171,3531,,2026-10-07
CAI Rivadavia,CAI,Comisión de Actividades Infantiles de Comodoro Rivadavia,61.540895547,3532,,2026-10-07
Seravezza,Seravezza,ASD Seravezza Pozzi Calcio,61.5385326418,3533,,2026-10-07
ANBA,ANBA,CD ANBA,61.5376098496,3534,,2026-10-07
Fukushima United,Fukushima,Fukushima United FC,61.5263269287,3535,,2026-10-07
Kairouan,Kairouan,JS Kairouanaise,61.5242130298,3536,,2026-10-07
Kozakken Boys,Kozakken,Kozakken Boys,61.5224536188,3537,,2026-10-07
Nuova Ternana,Ternana,Nuova Ternana 1925,61.5217545276,3538,,2026-10-07
Dolomiti Bellunesi,Dolomiti,AC Dolomiti Bellunesi,61.5081221945,3539,,2026-10-07
Arenteiro,Arenteiro,CD Arenteiro,61.5074230977,3540,,2026-10-07
Oedt,Oedt,ASKÖ Oedt,61.4997330152,3541,,2026-10-07
LPRC Oilers,Oilers,LPRC Oilers FC,61.4950280684,3542,,2026-10-07
Quintanar del Rey,Quintanar,CD Quintanar del Rey,61.4937906561,3543,,2026-10-07
Central Argentino LB,Central Arg LB,CA Central Argentino La Banda,61.4870652802,3544,,2026-10-07
AC Port of Spain,Ath­let­ic,Athletic Club Port of Spain,61.4835977168,3545,,2026-10-07
Flamurtari,Flamurtari,Flamurtari FC,61.4791094495,3546,,2026-10-07
Volta Redonda,Volta Redonda,Volta Redonda FC,61.474481349,3547,,2026-10-07
Independiente Cochabamba,Indep. CBBA,CA Independiente Cochabamba,61.472209241,3548,,2026-10-07
Unión Tarija,Unión Tarija,Club Unión Tarija,61.4687136845,3549,,2026-10-07
Blumenthaler SV,Blumenthal,Blumenthaler SV,61.4665254627,3550,,2026-10-07
Al Tai,Tai,Al Tai FC,61.4654187961,3551,,2026-10-07
Kraké,Kraké,USS Kraké FC,61.4651412205,3552,,2026-10-07
Fratria,Fratria,FK Fratria,61.4626803381,3553,,2026-10-07
Lugo II,Lugo II,Polvorín FC (CD Lugo II),61.4616316663,3554,,2026-10-07
Beira-Mar,Beira-Mar,SC Beira-Mar,61.4609325514,3555,,2026-10-07
Monterey Bay,Monterey Bay,Monterey Bay FC,61.4594783916,3556,,2026-10-07
Majantja,Majantja,Majantja FC,61.4578005152,3557,,2026-10-07
Huarte,Huarte,CD Itaroa Huarte,61.4553396227,3558,,2026-10-07
Mtibwa Sugar,Mtibwa Sugar,Mtibwa Sugar FC,61.4544797101,3559,,2026-10-07
Murang'a SEAL,Murang'a SEAL,Murang'a Sports Excellence Academy,61.4529043955,3560,,2026-10-07
Athletic Club Boise,Boise,Athletic Club Boise,61.4458455864,3561,,2026-10-07
Sport Boys II,Sport Boys II,Sport Boys Association II,61.4414830668,3562,,2026-10-07
Montlouis,Montlouis,AS Montlouis Football,61.4413047906,3563,,2026-10-07
Alcochetense,Alcochetense,GD Alcochetense,61.4392598557,3564,,2026-10-07
Brikama United,Brikama,Brikama United FC,61.4363025629,3565,,2026-10-07
Soliman,Soliman,AS Soliman,61.4326298555,3566,,2026-10-07
Manzini Sea Birds,Sea Birds,Manzini Sea Birds FC,61.4312339025,3567,,2026-10-07
Niroye Zamini,Niroye,Niroye Zamini,61.425918463,3568,,2026-10-07
Kahramanmaraş İstiklal,Kahramanmaraş,Kahramanmaraş İstiklal SK,61.418635596,3569,,2026-10-07
Jezero,Jezero,FK Jezero Plav,61.4126929687,3570,,2026-10-07
Sokol Saratov,Sokol,FK Sokol Saratov,61.4098964314,3571,,2026-10-07
BST Galaxy,BST Galaxy,BST Galaxy FC,61.4016955625,3572,,2026-10-07
Al-Tersana,Tersana,Al-Tersana,61.400821638,3573,,2026-10-07
UPDF,UPDF,Uganda People's Defence Force FC,61.3980250822,3574,,2026-10-07
Académica Porto Novo,Porto Novo,Associação Académica do Porto Novo,61.3969763727,3575,,2026-10-07
Etoile de Kivu,Etoile de Kivu,Etoile de Kivu FC,61.3941798109,3576,,2026-10-07
Reilac Shiga,Reilac Shiga,Reilac Shiga FC,61.3879018634,3577,,2026-10-07
Kasserine,ASK,Avenir Sportif de Kasserine,61.3861373737,3578,,2026-10-07
Victory Club Warriors,VC Warriors,Victory Club Warriors FC,61.383340795,3579,,2026-10-07
AFF Guatemala,AFF,Academia de Fútbol Guatemala,61.382574033,3580,,2026-10-07
Slingerz,Slingerz,Slingerz FC,61.3804788931,3581,,2026-10-07
UD San Pedro,San Pedro,UD San Pedro,61.3784350868,3582,,2026-10-07
Le Messager Ngozi,Messager,Académie de Football Le Messager FC,61.3751281197,3583,,2026-10-07
Attram de Visser,Attram,Attram de Visser SC,61.3725040116,3584,,2026-10-07
La Calzada,La Calzada,CD FC La Calzada,61.3665495464,3585,,2026-10-07
Mounana,Mounana,CF Mounana,61.3600963659,3586,,2026-10-07
Arsenal Tivat,Arsenal,FK Arsenal Tivat,61.3543143491,3587,,2026-10-07
Halkanoras,Halkanoras,Halkanoras FC Idaliou,61.3466236109,3588,,2026-10-07
Bitam,Bitam,US Bitam,61.3464628059,3589,,2026-10-07
Olympic Cochabamba,Olympic,Club Olympic Cochabamba,61.3421699592,3590,,2026-10-07
Todesfelde,Todesfelde,SV Todesfelde 1928,61.3399815832,3591,,2026-10-07
Sinnamary,Sinnamary,US Sinnamary,61.3395783688,3592,,2026-10-07
Shan United,Shan,Shan United FC,61.3372155466,3593,,2026-10-07
Sevastopol,Sevastopol,FK Sevastopol,61.3368353509,3594,,2026-10-07
Marchfeld Donauauen,Marchfeld,FC Marchfeld Donauauen,61.329843704,3595,,2026-10-07
Machico,Machico,AD Machico,61.3294941209,3596,,2026-10-07
Celoricense,Celoricense,Clube Desportivo Celoricense,61.3287949546,3597,,2026-10-07
Limonest,Limonest,FC Limonest Saint-Didier,61.3273441836,3598,,2026-10-07
Mbabane Swallows,Swallows,Mbabane Swallows FC,61.3221668459,3599,,2026-10-07
University of Pretoria,Tuks,University of Pretoria FC,61.3211157924,3600,,2026-10-07
Bumamuru,Bumamuru,Bumamuru FC,61.3209432997,3601,,2026-10-07
El Farolito,El Farolito,El Farolito SC,61.3182514932,3602,,2026-10-07
Fos,Fos,ES Fosseenne,61.3169790023,3603,,2026-10-07
Djeffa,Djeffa,Djeffa FC,61.3148255558,3604,,2026-10-07
CSKA Sofia II,CSKA II,PFK CSKA Sofia II,61.3109661209,3605,,2026-10-07
Shahrdari Noshahr,Sh. Noshahr,Shahrdari Noshahr FC,61.3070626608,3606,,2026-10-07
Agoncillo,Agoncillo,CD Agoncillo,61.2882428406,3607,,2026-10-07
Jamshedpur,Jamshedpur,Jamshedpur FC,61.2724531668,3608,,2026-10-07
Brito,Brito,Brito SC,61.2700640089,3609,,2026-10-07
Hope,Hope,Hope FC,61.2690269103,3610,,2026-10-07
Benfica Castelo Branco,Benfica CB,Sport Benfica e Castelo Branco,61.2609745238,3611,,2026-10-07
SCM Râmnicu Vâlcea,Râmnicu Vâlcea,SCM Râmnicu Vâlcea,61.2571289585,3612,,2026-10-07
Río San Juan Humi,San Juan Humi,Club Deportivo Río San Juan Humi,61.2568702565,3613,,2026-10-07
L'Aquila,L'Aquila,AS L'Aquila Calcio 1927,61.2543321786,3614,,2026-10-07
Umm Mughad,Umm Mughad,Umm Mughad SC,61.2539942667,3615,,2026-10-07
Al Khor,Khor,Al Khor SC,61.2528757831,3616,,2026-10-07
Persijap,Persijap,Perserikatan Sepak Bola Indonesia Jepara,61.2524377073,3617,,2026-10-07
Cetatea 1932 Suceava,Cetatea,ACSM Cetatea 1932 Suceava,61.2480394078,3618,,2026-10-07
Schonnebeck,Schonnebeck,Spvg Schonnebeck 1910,61.2473402096,3619,,2026-10-07
Aguilas,Aguilas,Aguilas UMak FC,61.2438748306,3620,,2026-10-07
Alondras,Alondras,Alondras CF,61.2410474143,3621,,2026-10-07
Florgrade,Florgrade,Florgrade Futebol Clube,61.2406978139,3622,,2026-10-07
Vitória Riboque,Vitória,Vitória FC do Riboque,61.2386141941,3623,,2026-10-07
Hertha BSC II,Hertha II,Hertha BSC II,61.2340553934,3625,,2026-10-07
Mineros Potosí,Mineros,CD Mineros Potosí,61.2323982805,3626,,2026-10-07
Al Sulaibikhat,Sulaibikhat,Al Sulaibikhat SC,61.2298021632,3627,,2026-10-07
Tigres,Tigres,CD Tigres FC,61.228203051,3628,,2026-10-07
Olympic Star,Olympic Star,Olympic Star,61.2244553061,3629,,2026-10-07
Woking,Woking,Woking FC,61.2193545806,3630,,2026-10-07
Leicesterford City,Leicesterford,Leicesterford City FC,61.2186845376,3631,,2026-10-07
Mines United,Mines,Mines United,61.2164144035,3632,,2026-10-07
Deportivo Laferrere,Laferrere,CSyC Deportivo Laferrere,61.2077511664,3633,,2026-10-07
Umayya,Umayya,Umayya,61.2076045631,3634,,2026-10-07
Gomora United,Gomora,Gomora United FC,61.2040010788,3635,,2026-10-07
Chingale de Tete,Chingale,Chingale de Tete,61.2029545538,3636,,2026-10-07
Liga de Cuenca,Liga Cuenca,Liga Deportiva de Cuenca,61.2011086236,3637,,2026-10-07
Tormenta,Tormenta,South Georgia Tormenta FC,61.2004373759,3638,,2026-10-07
Camacha,Camacha,AD Camacha,61.1997940965,3639,,2026-10-07
Martina,Martina,ASD Martina Calcio 1947,61.199444488,3640,,2026-10-07
Carmelita,Carmelita,AD Carmelita,61.1920467571,3641,,2026-10-07
Darnes,Darnes,Darnes,61.1907182389,3642,,2026-10-07
Villa San Carlos,Villa SC,CA Villa San Carlos,61.1801320109,3643,,2026-10-07
Heaven Eleven,Heaven Eleven,Heaven Eleven FC,61.1741116794,3644,,2026-10-07
Union Saint-Gilloise II,Saint-Gilloise,Royale Union Saint-Gilloise II,61.1637840668,3645,,2026-10-07
Pacific,Pacific,Pacific FC,61.1626792816,3646,,2026-10-07
Vitré,Vitré,AS Vitré,61.1579105174,3647,,2026-10-07
Tefana,Tefana,AS Tefana,61.1559365792,3648,,2026-10-07
Punjab,Punjab,Punjab FC,61.1535871826,3649,,2026-10-07
Bochum II,Bochum,VfL Bochum 1848 II,61.15049863,3650,,2026-10-07
Spartak Subotica,Spartak,FK Spartak Ždrepčeva Krv Subotica,61.1497993937,3651,,2026-10-07
Cardassar,Cardassar,CD Cardassar,61.1463032084,3652,,2026-10-07
Maxaquene,Maxaquene,CD Maxaquene,61.1449187171,3653,,2026-10-07
Austin II,Austin II,Austin FC II,61.1441495548,3654,,2026-10-07
César Vallejo II,UCV II,CD Universidad César Vallejo II,61.1432824987,3655,,2026-10-07
Shabab Al Sahel,Al Sahel,Shabab Al-Sahel,61.1410032081,3656,,2026-10-07
Garudayaksa,Garudayaksa,Garudayaksa FC,61.1384650855,3657,,2026-10-07
Cariari Pococí,Cariari Pococí,AD Cariari Pococí,61.1375067757,3658,,2026-10-07
Tenerife III,Tenerife,CD Tenerife III,61.1365138529,3659,,2026-10-07
1º Dezembro,1º Dezembro,Sociedade União 1º de Dezembro,61.1312695333,3660,,2026-10-07
La Almunia,La Almunia,CD La Almunia,61.1288221789,3661,,2026-10-07
Colomiers,Colomiers,US Colomiers Football,61.1218996439,3662,,2026-10-07
Cork City,Cork,Cork City FC,61.1218297192,3663,,2026-10-07
Casatese Merate,Casatese,USD Casatese Merate,61.114137982,3664,,2026-10-07
San Miguel,San Miguel,CD Arcangel San Miguel,61.1106417268,3665,,2026-10-07
Al Wahda San'a,Wahda San'a,Al Wahda San'a,61.1021949776,3666,,2026-10-07
APEA,APEA,APEA Akrotiríou,61.0998032923,3667,,2026-10-07
Bo Rangers,Bo Rangers,Bo Rangers FC,61.0959713655,3668,,2026-10-07
Lechia Zielona Góra,Lechia ZG,KS Lechia Zielona Góra,61.0956077516,3669,,2026-10-07
Birzebbuga,Birzebbuga,Birzebbuga St. Peter's FC,61.091412201,3670,,2026-10-07
Villarrubia,Villarrubia,Viña Xétar Villarrubia CF,61.090013682,3671,,2026-10-07
Montijo,Montijo,UD Montijo,61.0879159014,3672,,2026-10-07
Hilden,Hilden,VfB 03 Hilden,61.086167749,3673,,2026-10-07
SWA Sharks,Sharks,SWA Sharks FC,61.0845407694,3674,,2026-10-07
Basel II,Basel II,FC Basel II,61.0791751223,3675,,2026-10-07
Tatabánya,Tatabánya,FC Tatabánya,61.0725321015,3676,,2026-10-07
Ontinyent 1931,Ontinyent 1931,Ontinyent 1931 CF,61.0714832012,3677,,2026-10-07
Abu Salim,Abu Salim,Abu Salim SC,61.0707979194,3678,,2026-10-07
1º de Maio,1º de Maio,Desportivo 1º de Maio,61.0683504821,3679,,2026-10-07
Mathare United,Mathare Utd,Mathare United FC,61.0652014737,3680,,2026-10-07
FC Siena,FC Siena,FC Siena SSD,61.0592459858,3681,,2026-10-07
AC Carpi,AC Carpi,AC Carpi,61.0564488962,3682,,2026-10-07
Al Waab,Al Waab,Al Waab FC,61.0546427026,3683,,2026-10-07
Somozas,Somozas,UD Somozas,61.0512043414,3684,,2026-10-07
Brühl,Brühl,SC Brühl St. Gallen,61.0456101326,3685,,2026-10-07
Tyumen,Tyumen,FK Tyumen,61.0445612165,3686,,2026-10-07
Olympique Marseille II,O Marseille II,Olympique de Marseille II,61.0411347529,3687,,2026-10-07
1599 Şelimbăr,1599 Şelimbăr,CSC 1599 Şelimbăr,61.0396662665,3688,,2026-10-07
Považská Bystrica,Považská,FK Považská Bystrica,61.0396662665,3689,,2026-10-07
Etincelles,Etincelles,Etincelles FC,61.0367083133,3690,,2026-10-07
Amatitlán,Amatitlán,Deportivo Amatitlán,61.0273728901,3691,,2026-10-07
Altrincham,Altrincham,Altrincham FC,61.0263624239,3692,,2026-10-07
Digenis Morphou,Akritas,Digenis Akritas Morphou FC,61.0256806211,3693,,2026-10-07
Jableh,Jableh,Jableh SC,61.0251004461,3694,,2026-10-07
Spartakos Kitiou,Spartakos,AS Spartakos Kitiou,61.0225338358,3695,,2026-10-07
Saint-Priest,Saint-Priest,AS Saint-Priest,61.0207331728,3696,,2026-10-07
Inter Sainte-Anne,Inter,Inter de Sainte-Anne,61.0191585801,3697,,2026-10-07
Alpendorada,Alpendorada,Futebol Clube de Alpendorada,61.0102962845,3698,,2026-10-07
IB Khémis El Khechna,Khémis Khechna,IB Khémis El Khechna,61.0096086808,3699,,2026-10-07
Redonda,Redonda,Redonda FC,61.0015691109,3700,,2026-10-07
Le Pays du Valois,Pays du Valois,US Le Pays du Valois,60.9962579615,3701,,2026-10-07
Nations,Nations,Nations FC,60.9956227997,3702,,2026-10-07
Granada II,Granada II,Club Recreativo Granada,60.9879188306,3703,,2026-10-07
Barco,Barco,CD Barco,60.9875691807,3704,,2026-10-07
Naft Gachsaran,Gachsaran,Naft Gachsaran FC,60.9861125676,3705,,2026-10-07
JSP,JSP,Jeunesse Sportive de Pobè FC,60.9840866652,3706,,2026-10-07
Notodden,Notodden,Notodden FK,60.9802265159,3707,,2026-10-07
ASIL Lysi,ASIL,Asil FC Lyssi,60.978478258,3708,,2026-10-07
PSS,PSS,Persatuan Sepakbola Sleman,60.963646318,3709,,2026-10-07
Guyana Defence Force,GDF,Guyana Defence Force,60.9633895223,3710,,2026-10-07
Aral,Aral,PFK Aral Nukus,60.9633851553,3711,,2026-10-07
24 Erzincanspor,Erzincan,Erzincan Futbol Yatırımları A.Ş.,60.9602962734,3712,,2026-10-07
Jerez,Jerez,Jerez CF,60.9585479959,3713,,2026-10-07
APEJES Academy,APEJES,APEJES Football Academy,60.9557624361,3714,,2026-10-07
Lugazi,Lugazi,Lugazi FC,60.9470233074,3715,,2026-10-07
Amkar Perm,Amkar,FK Amkar Perm,60.9438623968,3716,,2026-10-07
Rosario,Rosario,Rosario AD,60.9431071342,3717,,2026-10-07
Falcons,Falcons,Falcons FC,60.93705803,3719,,2026-10-07
San Lorenzo Alem,San Lorenzo Al,Club Atlético San Lorenzo de Alem,60.9367852935,3720,,2026-10-07
Tukums,Tukums,FK Tukums 2000,60.9344215907,3721,,2026-10-07
Rennes II,Rennes II,Stade Rennais FC II,60.9327432199,3722,,2026-10-07
Al Saqer,Al Saqer,Al Saqer FC,60.9294683237,3723,,2026-10-07
Hapoel Acre,H Acre,Hapoel Acre FC,60.9204351191,3724,,2026-10-07
Ohrid Lihnidos,Ohrid,GFK Ohrid Lihnidos,60.9197357926,3725,,2026-10-07
Arandina,Arandina,Arandina CF,60.9183371389,3726,,2026-10-07
Lund,Lund,Lunds BK,60.9144908354,3727,,2026-10-07
Social Pariacoto,Pariacoto,CD Centro Social Pariacoto,60.911120068,3728,,2026-10-07
Béchar Djedid,Béchar Djedid,US Béchar Djedid,60.9040125627,3729,,2026-10-07
Épinal,Épinal,SA Épinal,60.9039484246,3730,,2026-10-07
Metalac GM,Metalac GM,FK Metalac Gornji Milanovac,60.8977068683,3731,,2026-10-07
Brea,Brea,CD Brea,60.8949095251,3732,,2026-10-07
Atlántico,Atlántico,Atlántico FC,60.892583032,3733,,2026-10-07
Al Sha'ab Hadhramaut,Hadhramaut,Al Sha'ab Hadhramaut Mukalla,60.8917067932,3734,,2026-10-07
Montañesa,Montañesa,CF Montañesa,60.8795240587,3735,,2026-10-07
Pozoblanco,Pozoblanco,CD Pozoblanco,60.8770763586,3736,,2026-10-07
Black Leopards,Leopards,Black Leopards FC,60.8763887034,3737,,2026-10-07
Ross County,Ross County,Ross County FC,60.8648378074,3738,,2026-10-07
Eintracht Norderstedt,Norderstedt,FC Eintracht Norderstedt,60.8592430132,3739,,2026-10-07
Consultants Moravia,Consultants,Fútbol Consultants Moravia,60.8542916055,3740,,2026-10-07
Marino,Marino,CD Marino,60.8525991721,3741,,2026-10-07
Lion Heart,Lion Heart,Lion Heart FC,60.8520210093,3742,,2026-10-07
Castellana,Castellana,La Castellana Fútbol Club,60.8493681583,3743,,2026-10-07
Guingamp II,Guingamp II,En Avant Guingamp II,60.8467245972,3744,,2026-10-07
Scherpenheuvel,Scherpenheuvel,RSKV Scherpenheuvel,60.8448526225,3745,,2026-10-07
Victoria United,Victoria Utd,Victoria United FC,60.8431695701,3746,,2026-10-07
Al Qadisiya,Al Qadisiya,Al Qadisiya,60.838276365,3747,,2026-10-07
Roda,Roda,CD Roda,60.8295203733,3748,,2026-10-07
Trollhättan,Trollhättan,FC Trollhättan,60.8253241958,3749,,2026-10-07
San Bartolomé,San Bartolomé,CF San Bartolomé,60.8225267387,3750,,2026-10-07
Pro Sesto,Pro Sesto,AC Pro Sesto,60.816232444,3751,,2026-10-07
Durango,Durango,SCD Durango,60.8155330766,3752,,2026-10-07
Potters Tigers,Potters,Potters Tigers FC,60.8121574283,3753,,2026-10-07
Morupule Wanderers,Morupule W.,Morupule Wanderers FC,60.8116617598,3754,,2026-10-07
General Paz Juniors,Paz Juniors,Club Atlético General Paz Juniors,60.8116026264,3755,,2026-10-07
Gyeongju KHNP,Gyeongju KHNP,Gyeongju Korea Hydro & Nuclear Power FC,60.8115400329,3756,,2026-10-07
Sfax Railways,SRS,Sfax Railways Sport,60.8008579854,3757,,2026-10-07
Real Tamale United,RTU,Real Tamale United,60.7991095511,3758,,2026-10-07
Atlético Ávila,Ávila,Atlético Ávila FC,60.7976151886,3759,,2026-10-07
Kilia Kiel,Kilia,FC Kilia Kiel 1902,60.794551925,3760,,2026-10-07
Isparta 32 Spor,Isparta 32,Isparta 32 SK,60.7921041079,3761,,2026-10-07
Racing de Casablanca,Racing AC,Racing Athletic Club Casablanca,60.7914164198,3762,,2026-10-07
Dijon II,Dijon II,Dijon FCO II,60.7911249801,3763,,2026-10-07
Europa II,Europa II,CE Europa II,60.7826624958,3764,,2026-10-07
FBK Karlstad,FBK Karlstad,FBK Karlstad,60.7823128055,3765,,2026-10-07
Ayia Napa,Ayia Napa,AO Ayia Napa,60.7798649714,3766,,2026-10-07
Paloma,Paloma,Uhlenhorster SC Paloma,60.7770674427,3767,,2026-10-07
Pontarlier,Pontarlier,CA Pontarlier,60.7746895398,3768,,2026-10-07
Baník Souš,Baník Souš,FK Baník Most-Souš,60.7721717568,3769,,2026-10-07
Iraklis Yerolakkou,Yerolakkou,Iraklis Yerolakkou FC,60.7693742159,3770,,2026-10-07
Yarmouk,Yarmouk,Al Yarmouk SC,60.7693161963,3771,,2026-10-07
St. Pauli II,St. Pauli II,FC Sankt Pauli von 1910 II,60.7648282026,3772,,2026-10-07
Al Batnan,Al Batnan,Al Batnan SC,60.7639679557,3773,,2026-10-07
Real Betis III,Betis III,Real Betis Balompié III,60.7634294269,3774,,2026-10-07
Union Clodiense,Clodiense,Union Clodiense Chioggia FC,60.7620306501,3775,,2026-10-07
Scunthorpe United,Scunthorpe,Scunthorpe United FC,60.7613137766,3776,,2026-10-07
HSC Hannover,HSC Hannover,HSC Hannover,60.7602821776,3777,,2026-10-07
Hapoel Migdal HaEmek,H Migdal,Hapoel Migdal HaEmek FC,60.7581840083,3778,,2026-10-07
Jura Dolois,Jura Dolois,Jura Dolois Foot,60.7495115489,3779,,2026-10-07
Rana,Rana,Rana FK,60.7462943354,3780,,2026-10-07
Hapoel Hadera,Hapoel Hadera,Hapoel Hadera Shulam Shwartz FC,60.745944638,3781,,2026-10-07
San Martín Burzaco,SM Burzaco,CSyD San Martín de Burzaco,60.7430631282,3782,,2026-10-07
EM Huanuni,Huanuni,Club Empresa Minera Huanuni,60.7393912947,3783,,2026-10-07
UDA,UDA,Club Social Unión Deportivo Ascensión,60.7373280706,3784,,2026-10-07
Mercadal,Mercadal,CE Mercadal,60.7372021789,3785,,2026-10-07
Raya Ghazl,Kafr El-Dawar,Raya SC Ghazl Kafr El-Dawar,60.7347659719,3786,,2026-10-07
Wattenscheid 09,Wattenscheid,SG Wattenscheid 09,60.7340548831,3787,,2026-10-07
Aigle Royal de Moungo,Aigle Royal,Aigle Royal de Moungo FC,60.7305695705,3788,,2026-10-07
Khan Sheikhoun,Khan Sheikhoun,Khan Sheikhoun FC,60.7303273104,3789,,2026-10-07
Racing Olavarría,Rac Olavarría,Racing Athletic Club de Olavarría,60.7294248511,3790,,2026-10-07
Vestri,Vestri,IF Vestri,60.7280050654,3791,,2026-10-07
Aigle Royal,Aigle Royal,Aigle Royal de la Menoua (Dschang),60.727771964,3792,,2026-10-07
Lyon La Duchere,Lyon Duchere,Lyon La Duchere,60.7147688317,3793,,2026-10-07
Primorje,Primorje,ND Primorje,60.7085266106,3794,,2026-10-07
Asteras Tripolis II,Asteras,Asteras Tripolis II,60.7052918375,3795,,2026-10-07
Anadia,Anadia,Anadia FC,60.7022319116,3796,,2026-10-07
Schwaben Augsburg,Schwaben,TSV Schwaben Augsburg,60.6973360191,3797,,2026-10-07
Cjarlins Muzane,Cjarlins Muz.,ASD Cjarlins Muzane,60.6917406969,3798,,2026-10-07
Luparense,Luparense,Luparense San Paolo FC,60.6910412804,3799,,2026-10-07
Ciudad Canela,Canela,CD Ciudad Canela,60.6836134599,3800,,2026-10-07
Inter Nouakchott,Inter,FC Inter Nouakchott,60.6798622681,3801,,2026-10-07
Hoàng Anh Gia Lai,HAGL,Hoàng Anh Gia Lai,60.6786549177,3802,,2026-10-07
Arba Minch Kenema,Arba Minch,Arba Minch City FC,60.6763651593,3803,,2026-10-07
Hapoel Nof HaGalil,Hapoel Nof HG,Hapoel Nof HaGalil FC,60.6735557776,3804,,2026-10-07
ASAS,ASAS,AS Ali Sabieh Djibouti Télécom,60.6732200543,3805,,2026-10-07
CIVO United,CIVO,Civil Service United,60.6728703424,3806,,2026-10-07
Auxerre II,Auxerre II,Association Jeunesse Auxerroise II,60.6711777359,3807,,2026-10-07
Crevillente,Crevillente,Crevillente Deportivo,60.6711077935,3808,,2026-10-07
Åtvidaberg,Åtvidaberg,Åtvidabergs FF,60.6700586564,3809,,2026-10-07
Lagoa,Lagoa,GD Lagoa,60.6693592313,3810,,2026-10-07
Villaralbo,Villaralbo,CD Villaralbo,60.666211815,3811,,2026-10-07
Luzino,Luzino,Wikęd Luzino,60.664463248,3812,,2026-10-07
Hay Al Wadi,Hay Al Wadi,Hay Al Wadi SC,60.661677227,3813,,2026-10-07
Dire Dawa Kenema,Dire Dawa,Dire Dawa City,60.6613275128,3814,,2026-10-07
La Virgen del Camino,Virgen Camino,CD La Virgen del Camino,60.6602666801,3815,,2026-10-07
Cutelinho,Cutelinho,Cutelinho FC,60.6595812397,3816,,2026-10-07
Deportivo Lute,Dep Lute,Deportivo Lute,60.6582942898,3817,,2026-10-07
St. Peters,St. Peters,Harris Paints St. Peters FC,60.6525192908,3818,,2026-10-07
Al Rustaq,Rustaq,Al Rustaq FC,60.6525149231,3819,,2026-10-07
Jendouba Sport,Jendouba,Jendouba Sport,60.6501366232,3820,,2026-10-07
The Bees,Bees,The Bees FC,60.6473388898,3821,,2026-10-07
Jong Holland,Holland,CRKSV Jong Holland,60.6448255235,3822,,2026-10-07
FC Serpa,Serpa,Futebol Clube de Serpa,60.6427808736,3823,,2026-10-07
Kigezi Home Boyz,Kigezi HB,Kigezi Home Boyz FC,60.640696554,3824,,2026-10-07
Dacia-Buiucani,Dacia-Buiucani,FC Dacia-Buiucani,60.6371853791,3825,,2026-10-07
Pro Palazzolo,Pro Palazzolo,ASD Pro Palazzolo,60.6176010089,3826,,2026-10-07
Mukura,Mukura,Mukura Victory Sports FC,60.6111451153,3827,,2026-10-07
Şahdağ,Şahdağ,FK Şahdağ Gusar,60.6053606675,3828,,2026-10-07
Stade Gabésien,Stade Gabésien,Stade Gabésien,60.6050226324,3829,,2026-10-07
Champ's Guatemala,Champ's,Champ's Academy Guatemala,60.6028566329,3830,,2026-10-07
Isenmulang Kalteng,Isenmulang,Isenmulang Kalteng FC,60.5989190664,3831,,2026-10-07
Fraga,Fraga,UD Fraga,60.5927705137,3832,,2026-10-07
AFC Malmö,AFC Malmö,Ariana Malmö FC,60.5899726896,3833,,2026-10-07
Marine,Marine,Marine FC,60.5873637163,3834,,2026-10-07
Mbarara City,Mbarara,Mbarara City FC,60.5812434499,3835,,2026-10-07
Deportivo Pucarani,Pucarani,Club Deportivo Pucarani,60.5809706605,3836,,2026-10-07
OSC Bremerhaven,Bremerhaven,Olympischer SC Bremerhaven,60.5777321571,3837,,2026-10-07
Ansbach,Ansbach,SpVgg Ansbach 09,60.5759835026,3838,,2026-10-07
Sabah,Sabah,Sabah FC,60.572339651,3839,,2026-10-07
Güzide Gebzespor,Güzide Gebze,Güzide Gebze SK,60.5686391352,3840,,2026-10-07
Milan II,Milan II,Milan Futuro,60.56793967,3841,,2026-10-07
Sanga Balende,Sanga Balende,SM Sanga Balende,60.5665547282,3842,,2026-10-07
Torrijos,Torrijos,CD Torrijos,60.5665407389,3843,,2026-10-07
Thonon Évian,Thonon Évian,Thonon Évian Grand Genève FC,60.5648620201,3844,,2026-10-07
Rouge,Rouge,FC Rouge,60.5637568644,3845,,2026-10-07
Cliftonville,Cliftonville,Cliftonville FC,60.5626936725,3846,,2026-10-07
Tataouine,Tataouine,US Tataouine,60.5602572255,3847,,2026-10-07
Sparta Praha II,Sparta II,AC Sparta Praha II,60.5577973942,3848,,2026-10-07
Merelbeke,Merelbeke,KFC Merelbeke,60.5539503088,3849,,2026-10-07
Berceo,Berceo,CD Berceo,60.5455566389,3850,,2026-10-07
Ingenio El Alto,Ingenio,CD Ingenio Futbol El Alto,60.5449480963,3851,,2026-10-07
Olympiakos Piraeus II,Olympiakos II,Olympiakos CFP II,60.5430210433,3852,,2026-10-07
Cham,Cham,SC Cham,60.541359789,3853,,2026-10-07
Al-Khums,Al-Khums,Al-Khums SC,60.5410240406,3854,,2026-10-07
Hatayspor,Hatay,Hatay SK,60.5410100511,3855,,2026-10-07
Camioneros Rio Grande,Camioneros RG,Club Atlético Social y Deportivo Camioneros de Rio Grande,60.5405763759,3856,,2026-10-07
Gimhae City,Gimhae,Gimhae FC 2008,60.5321200391,3857,,2026-10-07
Al Shabab,Shabab,Al Shabab SC,60.52171633,3858,,2026-10-07
Martin Pêcheur,Martin Pêcheur,AS Martin Pêcheur,60.5169860285,3859,,2026-10-07
Huétor Vega,Huétor Vega,CD Huétor Vega,60.5147795083,3860,,2026-10-07
Bougouni,Bougouni,US Bougouni,60.5126950395,3861,,2026-10-07
Tienen,Tienen,KVK Tienen,60.5063856523,3862,,2026-10-07
Avance Ezcabarte,Avance,CD Avance Ezcabarte,60.5046369273,3863,,2026-10-07
Loubha Télimélé,Loubha,Loubha FC de Télimélé,60.4959072662,3864,,2026-10-07
Colwyn Bay,Colwyn Bay,Colwyn Bay FC,60.4955435294,3865,,2026-10-07
Maccabi Kiryat Malachi,M Malachi,Maccabi Ironi Kiryat Malachi,60.4955435294,3866,,2026-10-07
Sparta Rotterdam II,Sparta II,Sparta Rotterdam II,60.4937947936,3867,,2026-10-07
Fátima,Fátima,CD Fátima,60.4892480726,3868,,2026-10-07
Unirea Alba Iulia,U. Alba Iulia,CSM Unirea Alba Iulia,60.488548576,3869,,2026-10-07
Al Hikma,Al Hikma,Al Hikma / CS La Sagesse,60.4860446059,3870,,2026-10-07
LASK II,LASK,LASK Amateure,60.4766570917,3871,,2026-10-07
Bugesera,Bugesera,Bugesera FC,60.4660036544,3872,,2026-10-07
Corazón de León AR,Corazón AR,Club Corazón de León - Alto Rendimiento,60.4564973453,3873,,2026-10-07
Arendal,Arendal,Arendal Fotball,60.4535733935,3874,,2026-10-07
Jose María Arguedas,JM Arguedas,CD Jose María Arguedas,60.4533495501,3875,,2026-10-07
Kaposvári Rákóczi,Kaposvári,Kaposvári Rákóczi FC,60.4528738828,3876,,2026-10-07
Mazarrón FC,Mazarrón,Mazarrón FC,60.450775349,3877,,2026-10-07
AFC,AFC,Amsterdamsche FC,60.4395831264,3878,,2026-10-07
Racing Veracruz,Racing V,Racing de Veracruz,60.4323919824,3879,,2026-10-07
Discoveries,Discoveries,Discoveries Sports Academy,60.4240328161,3880,,2026-10-07
Al Adalah,Adalah,Al Adalah Club,60.4237859124,3881,,2026-10-07
Ufalya Simba,Ufalya Simba,AF Ufalya Simba,60.4217593654,3882,,2026-10-07
East End Lions,East End,East End Lions FC,60.4196607946,3883,,2026-10-07
Barendrecht,Barendrecht,BVV Barendrecht,60.415099892,3884,,2026-10-07
Añaza,Añaza,AD Añaza,60.4088041483,3885,,2026-10-07
Politehnica UTM,Politehnica,FC Politehnica UTM,60.4060060327,3886,,2026-10-07
Anaconda,Anaconda,Anaconda FC,60.4013751417,3887,,2026-10-07
Leiknir Reykjavík,Leiknir R,Leiknir Reykjavík,60.4013541558,3888,,2026-10-07
KSZO 1929,KSZO,KSZO 1929 Ostrowiec Świętokrzyski,60.4004097883,3889,,2026-10-07
Legia Warszawa II,Legia II,KP Legia Warszawa II,60.3976116594,3890,,2026-10-07
LISCR,LISCR,Liberian International Shipping & Corporate Registry FC,60.3967512356,3891,,2026-10-07
Suhul Shire,Suhul Shire,Suhul Shire FC,60.3958745181,3892,,2026-10-07
Vitória Setúbal,Vitória FC,Vitória Setúbal FC,60.3913158532,3893,,2026-10-07
Vila Meã,Vila Meã,AC Vila Meã,60.3843204865,3894,,2026-10-07
Kairat II,Kairat II,FK Kairat Zhastar,60.3824492213,3895,,2026-10-07
Ibri,Ibri,Ibri,60.3807647604,3896,,2026-10-07
Calvary,Calvary,Calvary FC,60.3804870139,3897,,2026-10-07
İnegölspor,İnegöl,İnegöl SK,60.3759260099,3898,,2026-10-07
Tau Altopascio,Tau Altopascio,ASD Calcio Tau Altopascio,60.3710292135,3899,,2026-10-07
Babrungas,Babrungas,FK Babrungas Plungë,60.3699798982,3900,,2026-10-07
Marchamalo,Marchamalo,CD Marchamalo,60.3699798982,3901,,2026-10-07
Cham,Cham,ASV Cham,60.3689305822,3902,,2026-10-07
Jarabacoa,Jarabacoa,Jarabacoa FC,60.3575092883,3903,,2026-10-07
SK Poltava,SK Poltava,SK Poltava,60.3440965895,3904,,2026-10-07
Guadalupe,Guadalupe,Guadalupe FC,60.3398432959,3905,,2026-10-07
Firesystem,Firesystem,Firesystem FC,60.3286223866,3906,,2026-10-07
Versailles II,Versailles II,FC Versailles II,60.3277269493,3907,,2026-10-07
Lørenskog,Lørenskog,Lørenskog IF,60.327307213,3908,,2026-10-07
Midlands Wanderers,Midlands Wand.,Midlands Wanderers FC,60.323471317,3909,,2026-10-07
Jönköpings Södra,Jönköpings S,Jönköpings Södra IF,60.3171635537,3910,,2026-10-07
TGBC,TGBC,TGBC Football Atsinanana,60.3147290685,3911,,2026-10-07
La Amistad Cipolletti,La Amistad,Asociación Deportiva La Amistad de Cipolletti,60.3090345929,3912,,2026-10-07
Proleter 023 Zrenjanin,Proleter 023,FK Proleter 023 Zrenjanin,60.308768757,3913,,2026-10-07
Almere City II,Almere II,Almere City FC II,60.3045713437,3914,,2026-10-07
Kataka,Kataka,Kataka FC,60.3003879117,3915,,2026-10-07
Hapoel Ironi Karmiel,Ironi Karmiel,Hapoel Ironi Karmiel,60.2979254187,3916,,2026-10-07
Nacional,Nacional,SV Deportivo Nacional,60.2941989933,3917,,2026-10-07
Fylde,Fylde,AFC Fylde,60.2926611288,3918,,2026-10-07
Sporting SM II,Sporting SM II,AF Sporting San Miguelito II,60.2901741398,3919,,2026-10-07
Musanze,Musanze,Musanze FC,60.2900692051,3920,,2026-10-07
Defensores Unidos,Def Unidos,CA Defensores Unidos,60.2883972172,3921,,2026-10-07
Condal,Condal,Condal Club de Fútbol,60.285333071,3922,,2026-10-07
Pozuelo Alarcón,Pozuelo,CF Pozuelo de Alarcón,60.2842837046,3923,,2026-10-07
L'Entregu,L'Entregu,L'Entregu CF,60.2825347593,3924,,2026-10-07
Wamanafo Mighty Royals,Mighty Royals,Wamanafo Mighty Royals FC,60.2797481354,3925,,2026-10-07
Tammeka,Tammeka,JK Tammeka Tartu,60.2797364431,3926,,2026-10-07
Paradiso,Paradiso,FC Paradiso,60.2790368633,3927,,2026-10-07
Villa,Villa,CD Villa,60.2695925096,3928,,2026-10-07
Nuevo San Cristóbal,Nuevo San Cr.,CD Nuevo San Cristóbal,60.268669059,3929,,2026-10-07
Unión Santiago SdE,Unión Santiago,CA Unión Santiago de Santiago del Estero,60.2646114671,3930,,2026-10-07
Chievo,Chievo,AC ChievoVerona,60.2618970728,3931,,2026-10-07
Galapagar,Galapagar,CD Galapagar,60.2590987238,3932,,2026-10-07
Avia Świdnik,Avia Świdnik,MKS Avia Świdnik,60.2587489298,3933,,2026-10-07
Tamale City,Tamale City,Tamale City FC,60.2549128844,3934,,2026-10-07
Stupčanica Olovo,Stupčanica,NK Stupčanica Olovo,60.2549011919,3935,,2026-10-07
Al Orooba,Orooba,Al Orooba,60.249946022,3936,,2026-10-07
Dragons,Dragons,AS Dragons FC de l'Ouémé,60.244421312,3937,,2026-10-07
Kuchl,Kuchl,SV Kuchl,60.2440575215,3938,,2026-10-07
Shimshon Tel Aviv,Shimshon TA,Shimshon Tel Aviv FC,60.2356623759,3939,,2026-10-07
New Jak,New Jak,FC New Jak,60.234277173,3940,,2026-10-07
Hart Acedemy,Hart,Hart Academy FC,60.229554884,3941,,2026-10-07
Steve Biko,Steve Biko,Steve Biko FC,60.2260568827,3942,,2026-10-07
Mysterious Dwarfs,Dwarfs,Cape Coast Mysterious Ebusua Dwarfs FC,60.2209824673,3943,,2026-10-07
Busan Transportation,Transportation,Busan Transportation Corporation FC,60.2180257934,3944,,2026-10-07
Real Unión de Tenerife,RU Tenerife,Real Unión de Tenerife,60.2164233493,3945,,2026-10-07
Al Mesaimeer,Mesaimeer,Al Mesaimeer,60.215315904,3946,,2026-10-07
Thespa Gunma,Gunma,Thespa Gunma FC,60.2126038528,3947,,2026-10-07
Pelister,Pelister,FK Pelister,60.2087276797,3948,,2026-10-07
Canet Roussillon,Canet,Canet Roussillon FC,60.2069261885,3949,,2026-10-07
Kvik Halden,Kvik,Kvik Halden FK,60.1999825597,3950,,2026-10-07
Legnago Salus,Legnago,AC Legnago Salus,60.1954350801,3951,,2026-10-07
Ceuta 6 de Junio,6 de Junio,CD Ceuta 6 de Junio,60.168499767,3952,,2026-10-07
Świt Szczecin,Świt Szczecin,KS Świt Szczecin,60.1674503309,3953,,2026-10-07
Yantra 2019,Yantra,OFK Yantra 2019 Gabrovo,60.162902767,3954,,2026-10-07
Aserrí,Aserrí,AD Aserrí,60.1624969838,3955,,2026-10-07
Ceuta II,Ceuta II,AD Ceuta FC II,60.1622031408,3956,,2026-10-07
Anagennisi Karditsas,Anagennisi K,PAE Anagennisi Karditsas 1904,60.1589673657,3957,,2026-10-07
Real San Joaquín,R. San Joaquín,CD Real Juventud San Joaquín,60.1540734632,3958,,2026-10-07
Ogre United,Ogre United,Ogre United,60.1457618435,3959,,2026-10-07
GSI Pontivy,GSI Pontivy,Garde Saint-Ivy Pontivy,60.1418613854,3960,,2026-10-07
Pau II,Pau II,Pau FC II,60.1412841869,3961,,2026-10-07
Mandel United,Mandel Utd,KFC Mandel United Izegem-Ingelmunster,60.1391153178,3962,,2026-10-07
Eastern,Eastern,Eastern SC,60.1347709252,3963,,2026-10-07
Les Genêts d'Anglet,Anglet Genets,Les Genêts d'Anglet Football,60.1307896344,3964,,2026-10-07
Al Moroj,Al Moroj,Al Moroj SC,60.1303838438,3965,,2026-10-07
Bella Vista,Bella Vista,Club Atlético Bella Vista,60.1193889812,3966,,2026-10-07
Rayo Vallecano II,Rayo II,Rayo Vallecano II,60.1174264802,3967,,2026-10-07
Liniers,Liniers,CSyD Liniers,60.1173425229,3968,,2026-10-07
NWU Soccer Institute,NWU,North West University Soccer Institute,60.114989417,3969,,2026-10-07
Roskilde,Roskilde,FC Roskilde,60.1139282554,3970,,2026-10-07
Rudar Velenje,Rudar,NK Rudar Velenje,60.1139282554,3971,,2026-10-07
FC Renaissance,FC Renaissance,FC Renaissance du Congo,60.1118433102,3972,,2026-10-07
Dinamo Bryansk,Dinamo Br,FK Dinamo Bryansk,60.1107798472,3973,,2026-10-07
Houtvenne,Houtvenne,KFC Houtvenne,60.1072816092,3974,,2026-10-07
Gravina,Gravina,FBC Gravina,60.1037833642,3975,,2026-10-07
Mama FCA,Mama,Mama FCA,60.0957513691,3976,,2026-10-07
Aretxabaleta,Aretxabaleta,UD Aretxabaleta,60.0943380679,3977,,2026-10-07
Santomera,Santomera,Santomera CF,60.0918892791,3978,,2026-10-07
Karacabey Belediyespor,Karacabey BS,Karacabey Belediyespor AŞ,60.0915394518,3979,,2026-10-07
Atlético Malveira,Malveira,Atlético Clube da Malveira,60.0911896245,3980,,2026-10-07
Inter Ibiza,Inter Ibiza,Inter Ibiza CD,60.0824439187,3981,,2026-10-07
Montalegre,Montalegre,Centro Desportivo e Cultural de Montalegre,60.0820940896,3982,,2026-10-07
Chattanooga Red Wolves,Red Wolves,Chattanooga Red Wolves SC,60.0806387996,3983,,2026-10-07
Miramar,Miramar,Miramar Rangers AFC,60.0801889188,3984,,2026-10-07
Artis Brno II,Artis II,SK Artis Brno II,60.0796452836,3985,,2026-10-07
Grafičar,Grafičar,FK Grafičar Beograd,60.0775463044,3986,,2026-10-07
Mestre,Mestre,AC Mestre,60.0684506986,3987,,2026-10-07
Mollerussa,Mollerussa,CFJ Mollerussa,60.0677510347,3988,,2026-10-07
Textáfrica,Textáfrica,GDR Textáfrica do Chimoio,60.0670653638,3989,,2026-10-07
Trénelle,Trénelle,CO Trénelle,60.0629746239,3990,,2026-10-07
Argentino Quilmes,A Quilmes,CA Argentino de Quilmes de Buenos Aires,60.06171992,3991,,2026-10-07
Almansa,Almansa,UD Almansa,60.0593550457,3992,,2026-10-07
Dock Sud,Dock Sud,CS Dock Sud,60.0561225792,3993,,2026-10-07
Lichtenberg,Lichtenberg,SV Lichtenberg 47,60.055856705,3994,,2026-10-07
Deportivo Coopsol,Coopsol,Deportivo Coopsol,60.0542334726,3995,,2026-10-07
Vicentino Dragons,Dragons,Vicentino Dragons SC,60.0529740671,3996,,2026-10-07
Žilina II,Žilina II,MŠK Žilina II,60.0467609867,3997,,2026-10-07
Landsberg,Landsberg,TSV 1882 Landsberg am Lech,60.0436124578,3998,,2026-10-07
Atzeneta,Atzeneta,Atzeneta UE,60.0415134354,3999,,2026-10-07
Avenir Sainte Anne,Avenir SA,AS Avenir Sainte Anne,60.040128081,4000,,2026-10-07
Ciudad de Torredonjimeno,Cd. Torredonj.,UD Ciudad de Torredonjimeno,60.0387147349,4001,,2026-10-07
Praviano,Praviano,CD Praviano,60.0306684462,4002,,2026-10-07
Grecia,Grecia,CSCD Grecia,60.0270860866,4003,,2026-10-07
Polonia Środa Wlkp.,Pl Środa,KS Polonia Środa Wielkopolska,60.0177243389,4004,,2026-10-07
Cesson,Cesson,OC Cesson Football,60.010797453,4005,,2026-10-07
Al Arabi,Arabi,Al Arabi (UAE),60.0071710018,4006,,2026-10-07
Spišská Nová Ves,Spišská,FK Spišská Nová Ves,60.0037306018,4007,,2026-10-07
Moyale Barracks,Moyale,Moyale Barracks FC,60.0009458348,4008,,2026-10-07
