name,short_name,club_name,rating,rank,league_id,as_of
Arsenal,Arsenal,Arsenal FC,100.0,1,,2026-10-08
Bayern München,FC Bayern,FC Bayern München,99.3422496163,2,,2026-10-08
Manchester City,Man City,Manchester City FC,98.8240680348,3,,2026-10-08
Barcelona,Barcelona,FC Barcelona,96.9742662368,4,,2026-10-08
Liverpool,Liverpool,Liverpool FC,96.0417014964,5,,2026-10-08
Paris Saint-Germain,Paris SG,Paris Saint-Germain FC,95.7630456729,6,,2026-10-08
Brighton & Hove Albion,Brighton,Brighton & Hove Albion FC,94.7222430363,7,,2026-10-08
Real Madrid,Real Madrid,Real Madrid CF,94.3500681304,8,,2026-10-08
Manchester United,Man Utd,Manchester United FC,94.0777986746,9,,2026-10-08
Aston Villa,Villa,Aston Villa FC,93.7203627846,10,,2026-10-08
Internazionale,Inter,FC Internazionale Milano,93.7051957633,11,,2026-10-08
Chelsea,Chelsea,Chelsea FC,93.4452756758,12,,2026-10-08
Brentford,Brentford,Brentford FC,92.9439835795,13,,2026-10-08
Newcastle United,Newcastle,Newcastle United FC,92.9239852256,14,,2026-10-08
Borussia Dortmund,Dortmund,BV Borussia 09 Dortmund,92.8595068144,15,,2026-10-08
Everton,Everton,Everton FC,92.7502004895,16,,2026-10-08
Benfica,Benfica,SL Benfica,92.3891492767,17,,2026-10-08
Leeds United,Leeds,Leeds United FC,92.0666814788,18,,2026-10-08
Bournemouth,Bournemouth,AFC Bournemouth,91.9638978756,19,,2026-10-08
Roma,Roma,AS Roma,91.5972263415,20,,2026-10-08
Sporting CP,Sporting,Sporting Clube de Portugal,91.4726919617,21,,2026-10-08
Union Saint-Gilloise,R. Union SG,Royale Union Saint-Gilloise,91.4699321341,22,,2026-10-08
Atlético de Madrid,Atlético,Club Atlético de Madrid,91.3595367927,23,,2026-10-08
Flamengo,Flamengo,CR Flamengo,91.289668082,24,,2026-10-08
Tottenham Hotspur,Spurs,Tottenham Hotspur FC,91.2608672559,25,,2026-10-08
Bayer 04 Leverkusen,Bayer 04,Bayer 04 Leverkusen,91.1021606631,26,,2026-10-08
Nottingham Forest,Forest,Nottingham Forest FC,91.0735235086,27,,2026-10-08
Porto,Porto,FC Porto,91.0376403924,28,,2026-10-08
Sunderland,Sunderland,Sunderland AFC,90.7602206357,29,,2026-10-08
Club Brugge,Club Brugge,Club Brugge KV,90.6522126428,30,,2026-10-08
Como,Como,Calcio Como 1907,90.6497970803,31,,2026-10-08
Crystal Palace,Palace,Crystal Palace FC,90.5918229481,32,,2026-10-08
Juventus,Juventus,Juventus FC,90.5000280832,33,,2026-10-08
Bodø / Glimt,Bodø/Glimt,FK Bodø / Glimt,90.0020048844,34,,2026-10-08
Fulham,Fulham,Fulham FC,89.9906145248,35,,2026-10-08
Hull City,Hull,Hull City AFC,89.9146775853,36,,2026-10-08
Ipswich Town,Ipswich,Ipswich Town FC,89.7976615445,37,,2026-10-08
Monaco,Monaco,AS Monaco FC,89.5971002869,38,,2026-10-08
Lens,Lens,Racing Club de Lens,89.1900640375,39,,2026-10-08
Napoli,Napoli,SSC Napoli,89.1261893775,40,,2026-10-08
Stuttgart,Stuttgart,VfB Stuttgart 1893,89.1189386455,41,,2026-10-08
Coventry City,Coventry,Coventry City FC,89.1109973453,42,,2026-10-08
PSV,PSV,PSV Eindhoven,89.0633490562,43,,2026-10-08
Real Betis,Betis,Real Betis Balompié,88.9721934748,44,,2026-10-08
Milan,Milan,AC Milan,88.9559646975,45,,2026-10-08
Freiburg,Freiburg,SC Freiburg,88.9096948838,46,,2026-10-08
Palmeiras,Palmeiras,SE Palmeiras,88.8953579871,47,,2026-10-08
Olympique Lyonnais,Lyon,Lyon,88.7163199357,48,,2026-10-08
RB Leipzig,Leipzig,RasenBallsport Leipzig,88.6669380438,49,,2026-10-08
Slavia Praha,Slavia,SK Slavia Praha,88.5132613397,50,,2026-10-08
Villarreal,Villarreal,Villarreal CF,88.4213964737,51,,2026-10-08
Independiente Valle,Ind. del Valle,CSD Independiente del Valle,88.0319650994,52,,2026-10-08
Lille,Lille,Lille OSC,87.8217801771,53,,2026-10-08
Fenerbahçe,Fenerbahçe,Fenerbahçe SK,87.8121078465,54,,2026-10-08
Boca Juniors,Boca,CA Boca Juniors,87.7801474536,55,,2026-10-08
Lazio,Lazio,SS Lazio,87.6649459235,56,,2026-10-08
Atalanta,Atalanta,Atalanta Bergamasca Calcio,87.477354515,57,,2026-10-08
Rennes,Rennes,Stade Rennais FC,87.3723251913,58,,2026-10-08
AEK Athens,AEK Athens,AEK Athens FC,87.0046898319,59,,2026-10-08
Mainz 05,Mainz,1. FSV Mainz 05,86.9172652676,60,,2026-10-08
Viking,Viking,Viking FK,86.8813270588,61,,2026-10-08
Galatasaray,Galatasaray,Galatasaray SK,86.8118681731,62,,2026-10-08
Cruzeiro,Cruzeiro,Cruzeiro EC,86.7881895322,63,,2026-10-08
Olympiakos Piraeus,Olympiakos,Olympiakos FC,86.7652156566,64,,2026-10-08
Sporting Braga,Braga,Sporting Braga,86.6532462497,65,,2026-10-08
Toluca,Toluca,Deportivo Toluca FC,86.5712560622,66,,2026-10-08
Rayo Vallecano,Rayo,Rayo Vallecano de Madrid,86.4711130013,67,,2026-10-08
Omonia Nicosia,Omonia,AC Omonia Nicosia,86.3809057151,68,,2026-10-08
Athletic Club,Athletic,Athletic Club,86.3484165082,69,,2026-10-08
Hoffenheim,Hoffenheim,TSG 1899 Hoffenheim,86.2775609914,70,,2026-10-08
Strasbourg,Strasbourg,RC Strasbourg Alsace,86.2474900227,71,,2026-10-08
Ferencváros,Ferencváros,Ferencvárosi TC,86.2188013058,72,,2026-10-08
West Ham United,West Ham,West Ham United FC,86.1638425247,73,,2026-10-08
Feyenoord,Feyenoord,Feyenoord Rotterdam,86.053921501,74,,2026-10-08
Paris FC,Paris FC,Paris FC,86.0051814556,75,,2026-10-08
Fluminense,Fluminense,Fluminense FC,85.9814955393,76,,2026-10-08
Lech Poznań,Lech,KKS Lech Poznań,85.9540207136,77,,2026-10-08
Olympique Marseille,Marseille,Olympique de Marseille,85.8869571418,78,,2026-10-08
Santos,Santos,Santos FC Sao Paulo,85.8809005942,79,,2026-10-08
Atlético Nacional,Atl. Nacional,Club Atlético Nacional SA,85.8736410152,80,,2026-10-08
Dinamo Zagreb,Dinamo Zagreb,GNK Dinamo Zagreb,85.8347569833,81,,2026-10-08
Celta de Vigo,Celta,Real Club Celta de Vigo,85.775295927,82,,2026-10-08
Real Sociedad,Real Sociedad,Real Sociedad de Fútbol,85.7528248257,83,,2026-10-08
Al Hilal,Hilal,Al Hilal FC,85.7456665583,84,,2026-10-08
Independiente Rivadavia,Independiente,CS Independiente Rivadavia,85.7139251626,85,,2026-10-08
København,København,FC København,85.6899047107,86,,2026-10-08
Midtjylland,Midtjylland,FC Midtjylland,85.658444083,87,,2026-10-08
Alavés,Alavés,Deportivo Alavés,85.6345890677,88,,2026-10-08
Vasco da Gama,Vasco,CR Vasco da Gama,85.6188515523,89,,2026-10-08
Athletico Paranaense,Athletico PR,Club Athletico Paranaense,85.5068330929,90,,2026-10-08
Beşiktaş,Beşiktaş,Beşiktaş JK,85.4354430061,91,,2026-10-08
Eintracht Frankfurt,Frankfurt,Eintracht Frankfurt,85.4323312277,92,,2026-10-08
Bologna,Bologna,Bologna FC 1909,85.3877286605,93,,2026-10-08
Augsburg,Augsburg,FC Augsburg,85.335172713,94,,2026-10-08
Bahia,Bahia,EC Bahia,85.3083687694,95,,2026-10-08
River Plate,River,CA River Plate,85.3073314595,96,,2026-10-08
Southampton,Southampton,Southampton FC,85.2501128023,97,,2026-10-08
Rosario Central,Rosario,CA Rosario Central,85.2163923439,98,,2026-10-08
Zenit,Zenit,FK Zenit St. Petersburg,85.2096564983,99,,2026-10-08
PAOK,PAOK,PAOK Thessaloniki FC,85.2061986652,100,,2026-10-08
Genk,Genk,KRC Genk,85.2037781792,101,,2026-10-08
Ajax,Ajax,AFC Ajax,85.1757695346,102,,2026-10-08
AZ,AZ,AZ,85.1643585183,103,,2026-10-08
Middlesbrough,Middlesbrough,Middlesbrough FC,85.0626945134,104,,2026-10-08
Sevilla,Sevilla,Sevilla FC,85.0609654991,105,,2026-10-08
Fiorentina,Fiorentina,ACF Fiorentina,85.0602738931,106,,2026-10-08
Atlético Mineiro,Atlético MG,CA Mineiro,85.049028353,107,,2026-10-08
Wolverhampton Wanderers,Wolves,Wolverhampton Wanderers FC,85.0377965962,108,,2026-10-08
Valencia,Valencia,Valencia CF,85.0312262724,109,,2026-10-08
Argentinos Juniors,Argentinos,AA Argentinos Juniors,85.0151392828,110,,2026-10-08
Instituto,Instituto,Instituto AC Córdoba,84.9888576568,111,,2026-10-08
Toulouse,Toulouse,Toulouse FC,84.9624097713,112,,2026-10-08
Twente,Twente,FC Twente,84.9613723225,113,,2026-10-08
Salzburg,Salzburg,FC Salzburg,84.9599890569,114,,2026-10-08
Anderlecht,Anderlecht,RSC Anderlecht,84.8102461629,115,,2026-10-08
Sporting Charleroi,Charleroi,Royal Charleroi SC,84.8088628161,116,,2026-10-08
LASK,LASK,LASK,84.7728955394,117,,2026-10-08
Levante,Levante,Levante UD,84.6452768168,118,,2026-10-08
Panathinaikos,Panathinaikos,Panathinaikos FC,84.4968991115,119,,2026-10-08
Sassuolo,Sassuolo,US Sassuolo Calcio,84.478913352,120,,2026-10-08
Estudiantes,Estudiantes,Club Estudiantes de La Plata,84.3977960082,121,,2026-10-08
Gent,Gent,KAA Gent,84.395554626,122,,2026-10-08
Sparta Praha,Sparta,AC Sparta Praha,84.3447079299,123,,2026-10-08
Belgrano,Belgrano,CA Belgrano,84.3421067656,124,,2026-10-08
Vélez Sarsfield,Vélez,CA Vélez Sarsfield,84.3383018663,125,,2026-10-08
Werder Bremen,Bremen,SV Werder Bremen,84.2782943971,126,,2026-10-08
Elversberg,Elversberg,SV 07 Elversberg,84.2388605459,127,,2026-10-08
Cagliari,Cagliari,Cagliari Calcio,84.2315963491,128,,2026-10-08
Krasnodar,Krasnodar,FK Krasnodar,84.2212188892,129,,2026-10-08
Deportivo de A Coruña,Deportivo,RC Deportivo de A Coruña,84.214992393,130,,2026-10-08
Osasuna,Osasuna,CA Osasuna,84.2146464761,131,,2026-10-08
Udinese,Udinese,Udinese Calcio,84.1959668941,132,,2026-10-08
Mirassol,Mirassol,Mirassol FC,84.0494588844,133,,2026-10-08
Lorient,Lorient,FC Lorient,83.9520820271,134,,2026-10-08
Nordsjælland,Nordsjælland,FC Nordsjælland,83.9430872454,135,,2026-10-08
Peñarol,Peñarol,CA Peñarol,83.9418694879,136,,2026-10-08
Brest,Brest,Stade Brestois 29,83.9095295102,137,,2026-10-08
Elche,Elche,Elche CF,83.8880800044,138,,2026-10-08
Lugano,Lugano,FC Lugano,83.8735495913,139,,2026-10-08
Górnik Zabrze,Górnik,KS Górnik Zabrze,83.808853649,140,,2026-10-08
RB Bragantino,Bragantino,Red Bull Bragantino,83.7858394868,141,,2026-10-08
Gimnasia La Plata,GELP,Club de Gimnasia y Esgrima La Plata,83.7609291546,142,,2026-10-08
Espanyol,Espanyol,Reial Club Deportiu Espanyol de Barcelona,83.7534975248,143,,2026-10-08
Cruz Azul,Cruz Azul,CF Cruz Azul,83.6724533006,144,,2026-10-08
Shakhtar Donetsk,Shakhtar D,FC Shakhtar Donetsk,83.6503935269,145,,2026-10-08
América de Cali,América,América de Cali SA,83.6370658185,146,,2026-10-08
Sabah,Sabah,Sabah FK,83.6341317757,147,,2026-10-08
Torino,Torino,Torino FC,83.6043759609,148,,2026-10-08
Getafe,Getafe,Getafe CF,83.6009159597,149,,2026-10-08
Guadalajara,Chivas,CD Guadalajara,83.5842241656,150,,2026-10-08
Famalicão,Famalicão,FC Famalicão,83.5839618859,151,,2026-10-08
Schalke 04,Schalke 04,FC Schalke 04,83.5611256072,152,,2026-10-08
São Paulo,São Paulo,São Paulo FC,83.5564476047,153,,2026-10-08
Racing de Santander,Santander,Real Racing Club,83.5306769155,154,,2026-10-08
LDU Quito,LDU Quito,Liga Deportiva Universitaria de Quito,83.5152725061,155,,2026-10-08
Lanús,Lanús,CA Lanús,83.4882834227,156,,2026-10-08
Legia Warszawa,Legia,KP Legia Warszawa,83.4853492076,157,,2026-10-08
Al Nassr,Nassr,Al Nassr FC,83.4830288514,158,,2026-10-08
Club América,Club América,CF América,83.4136391254,159,,2026-10-08
AEK Larnaca,AEK Larnaca,AEK Larnaca,83.3922691553,160,,2026-10-08
Botafogo,Botafogo,Botafogo FR,83.3858606926,161,,2026-10-08
Crvena zvezda,Crvena zvezda,FK Crvena zvezda Beograd,83.3569739646,162,,2026-10-08
Paderborn,Paderborn,SC Paderborn 07,83.3514374193,163,,2026-10-08
Bolívar,Bolívar,Club Bolívar,83.3477971342,164,,2026-10-08
Union Berlin,Union Berlin,1. FC Union Berlin,83.3182178932,165,,2026-10-08
Sint-Truiden,Sint-Truiden,Sint-Truidense VV,83.3161416583,166,,2026-10-08
Universidad Católica,U. Católica,CD Universidad Católica del Ecuador,83.3038503128,167,,2026-10-08
Frosinone,Frosinone,Frosinone Calcio,83.2652733702,168,,2026-10-08
Huracán,Huracán,CA Huracán,83.2464068575,169,,2026-10-08
Maccabi Tel Aviv,Maccabi TA,Maccabi Tel Aviv FC,83.2116356296,170,,2026-10-08
Independiente Santa Fe,Santa Fe,Club Independiente Santa Fe,83.2073030346,171,,2026-10-08
Millonarios,Millonarios,Millonarios FC,83.1865396964,172,,2026-10-08
Corinthians,Corinthians,SC Corinthians Paulista,83.145012507,173,,2026-10-08
Borussia M'gladbach,M'gladbach,Borussia VfL Mönchengladbach,83.1403475767,174,,2026-10-08
Internacional,Internacional,SC Internacional,83.1232104587,175,,2026-10-08
Köln,Köln,1. FC Köln,83.0912060942,176,,2026-10-08
Colo Colo,Colo Colo,CSD Colo-Colo,83.0761450761,177,,2026-10-08
Swansea City,Swansea,Swansea City AFC,83.066981067,178,,2026-10-08
Nashville SC,Nashville,Nashville SC,83.0357505198,179,,2026-10-08
Sanfrecce Hiroshima,Sanfrecce,Sanfrecce Hiroshima,83.0240862777,180,,2026-10-08
Millwall,Millwall,Millwall FC,82.9939585029,181,,2026-10-08
Spartak Moskva,Spartak M,FK Spartak Moskva,82.9607342651,182,,2026-10-08
Independiente,Independiente,CA Independiente,82.9577855928,183,,2026-10-08
Auxerre,Auxerre,Association Jeunesse Auxerroise,82.8413310349,184,,2026-10-08
Castellón,Castellón,CD Castellón,82.8181419233,185,,2026-10-08
Hajduk Split,Hajduk,HNK Hajduk Split,82.8108736501,186,,2026-10-08
Málaga,Málaga,Málaga CF,82.7534189404,187,,2026-10-08
St. Louis City,St. Louis,St. Louis City SC,82.7387982469,188,,2026-10-08
Philadelphia Union,Philadelphia,Philadelphia Union,82.7021093971,189,,2026-10-08
Hamburger SV,Hamburg,Hamburger SV,82.644043685,190,,2026-10-08
Pyramids,Pyramids,Pyramids FC,82.6421722975,191,,2026-10-08
Sturm Graz,Sturm,SK Sturm Graz,82.6385055704,192,,2026-10-08
Santa Clara,Santa Clara,CD Santa Clara,82.6346981095,193,,2026-10-08
Inter Miami,Inter Miami,Inter Miami CF,82.5937703177,194,,2026-10-08
Racing Club,Racing,Racing Club,82.5936740814,195,,2026-10-08
Al Qadsiah,Qadsiah,Al Qadsiah FC,82.5738797418,196,,2026-10-08
Olimpia,Olimpia,Club Olimpia,82.5459064783,197,,2026-10-08
Celtic,Celtic,Celtic FC,82.538471265,198,,2026-10-08
Viktoria Plzeň,Plzeň,FC Viktoria Plzeň,82.4938179825,199,,2026-10-08
Universidad Católica,Univ Católica,CD Universidad Católica,82.4642148394,200,,2026-10-08
Dinamo Moskva,Dinamo M,FK Dinamo Moskva,82.4380867973,201,,2026-10-08
Macará,Macará,CSD Macará,82.4216372061,202,,2026-10-08
Trabzonspor,Trabzonspor,Trabzonspor Kulübü,82.4100476563,203,,2026-10-08
Young Boys,Young Boys,BSC Young Boys,82.4093553278,204,,2026-10-08
Nice,Nice,OGC Nice Côte d'Azur,82.4045090233,205,,2026-10-08
Defensa y Justicia,Def y Justicia,CSD Defensa y Justicia,82.4022520268,206,,2026-10-08
Genoa,Genoa,Genoa CFC,82.3785465172,207,,2026-10-08
Tigre,Tigre,CA Tigre,82.3752509905,208,,2026-10-08
Birmingham City,Birmingham,Birmingham City FC,82.3657382481,209,,2026-10-08
Norwich City,Norwich,Norwich City FC,82.3567378034,210,,2026-10-08
Rangers,Rangers,Rangers FC,82.3283515729,211,,2026-10-08
Qarabağ,Qarabağ,Qarabağ Ağdam FK,82.3203895234,212,,2026-10-08
Al Ahly,Ahly,Al Ahly SC,82.3140175899,213,,2026-10-08
Sion,Sion,FC Sion,82.2933876009,214,,2026-10-08
Hammarby,Hammarby,Hammarby IF,82.29269524,215,,2026-10-08
Unión,Unión,CA Unión,82.2558198242,216,,2026-10-08
Universidad de Chile,U. de Chile,Club Universidad de Chile,82.2492422893,217,,2026-10-08
Westerlo,Westerlo,KVC Westerlo,82.2424985671,218,,2026-10-08
Coritiba,Coritiba,Coritiba FBC,82.2128924415,219,,2026-10-08
Vancouver Whitecaps,Whitecaps,Vancouver Whitecaps FC,82.2116039258,220,,2026-10-08
Eibar,Eibar,SD Eibar,82.1670285619,221,,2026-10-08
Zulte Waregem,ZW,SV Zulte Waregem,82.1556040039,222,,2026-10-08
Levski Sofia,Levski,PFK Levski Sofia,82.1002114637,223,,2026-10-08
Standard Liège,Standard,Royal Standard de Liège,82.0531268341,224,,2026-10-08
Rosenborg,Rosenborg,Rosenborg BK,82.0292379677,225,,2026-10-08
Wrexham,Wrexham,Wrexham FC,82.0101959531,226,,2026-10-08
Tromsø,Tromsø,Tromsø IL,81.9960009018,227,,2026-10-08
Le Mans,Le Mans,Le Mans FC,81.9925386819,228,,2026-10-08
Brann,Brann,SK Brann,81.9769586324,229,,2026-10-08
Deportes Tolima,Tolima,Club Deportes Tolima SA,81.9373086963,230,,2026-10-08
Los Angeles,LAFC,Los Angeles FC,81.9107451103,231,,2026-10-08
Vitória,Vitória,EC Vitória,81.9051091028,232,,2026-10-08
Almería,Almería,UD Almería,81.8897085473,233,,2026-10-08
Pafos,Pafos,Pafos FC,81.8772439989,234,,2026-10-08
Al Ahli,Ahli,Al Ahli FC,81.86799737,235,,2026-10-08
Chicago Fire,Chicago,Chicago Fire FC,81.8671192868,236,,2026-10-08
Dallas,Dallas,FC Dallas,81.7715552755,237,,2026-10-08
Monza,Monza,AC Monza,81.7712928059,238,,2026-10-08
Rijeka,Rijeka,HNK Rijeka,81.7629827167,239,,2026-10-08
Gimnasia Mendoza,Gim Mendoza,CA Gimnasia y Esgrima de Mendoza,81.7572625891,240,,2026-10-08
Angers,Angers,Angers Sporting Club de l'Ouest,81.7113902887,241,,2026-10-08
Nacional Asunción,Nacional,Club Nacional Asunción,81.7042849922,242,,2026-10-08
Parma,Parma,Parma Calcio 1913,81.6781489597,243,,2026-10-08
Independiente Medellín,Medellín,Deportivo Independiente Medellín,81.659270456,244,,2026-10-08
Hapoel Be'er Sheva,H Be'er Sheva,Hapoel Be'er Sheva FC,81.6559878255,245,,2026-10-08
Molde,Molde,Molde FK,81.635904126,246,,2026-10-08
Le Havre,Le Havre,Le Havre AC,81.6172053624,247,,2026-10-08
Arouca,Arouca,FC Arouca,81.5988527347,248,,2026-10-08
Lecce,Lecce,US Lecce,81.589849509,249,,2026-10-08
Deportivo Cali,Cali,Asociación Deportivo Cali,81.5830901426,250,,2026-10-08
West Bromwich Albion,West Brom,West Bromwich Albion FC,81.5818850896,251,,2026-10-08
Jagiellonia Białystok,Jagiellonia,SSA Jagiellonia Białystok,81.532020315,252,,2026-10-08
Nacional,Nacional,Club Nacional de Football,81.5172961625,253,,2026-10-08
Atlético Bucaramanga,Bucaramanga,CA Bucaramanga,81.4760874605,254,,2026-10-08
Slovan Liberec,Liberec,FC Slovan Liberec,81.473843471,255,,2026-10-08
Tigres UANL,Tigres,Club Tigres UANL,81.4606004386,256,,2026-10-08
Viborg,Viborg,Viborg FF,81.4534119919,257,,2026-10-08
Platense,Platense,CA Platense,81.4373021707,258,,2026-10-08
Grêmio,Grêmio,Grêmio FB Porto Alegrense,81.4203334145,259,,2026-10-08
Vissel Kobe,Vissel Kobe,Vissel Kobe,81.4080652773,260,,2026-10-08
Wisła Kraków,Wisła,Wisła Kraków,81.3883071661,261,,2026-10-08
Rapid,Rapid,SK Rapid,81.3782642472,262,,2026-10-08
Apollon,Apollon,Apollon Limassol FC,81.3761863968,263,,2026-10-08
Cerro Porteño,Cerro Porteño,Club Cerro Porteño,81.3659633474,264,,2026-10-08
Pogoń Szczecin,Pogoń,MKS Pogoń Szczecin,81.3353216495,265,,2026-10-08
Gil Vicente,Gil Vicente,Gil Vicente FC,81.3318585041,266,,2026-10-08
Young Africans,Young Africans,Young Africans SC,81.3284299871,267,,2026-10-08
Sirius,Sirius,IK Sirius Fotboll,81.3152353385,268,,2026-10-08
Djurgården,Djurgården,Djurgårdens IF,81.2889150967,269,,2026-10-08
AGF,AGF,AGF,81.2546290962,270,,2026-10-08
St.Gallen,St.Gallen,FC St.Gallen 1879,81.2210352784,271,,2026-10-08
Machida Zelvia,Machida,FC Machida Zelvia,81.2179370048,272,,2026-10-08
Newell's Old Boys,Newell's,CA Newell's Old Boys,81.2031922722,273,,2026-10-08
Troyes,Troyes,Espérance Sportive Troyes Aube Champagne,81.1441487299,274,,2026-10-08
Sarmiento,Sarmiento,CA Sarmiento,81.1249197898,275,,2026-10-08
Hertha BSC,Hertha,Hertha BSC,81.0921969965,276,,2026-10-08
Junior,Junior,CD Popular Junior FC SA,81.0847435642,277,,2026-10-08
Girona,Girona,Girona FC,81.0617181342,278,,2026-10-08
Atlético Tucumán,Atl. Tucumán,CA Tucumán,81.0466448114,279,,2026-10-08
Beveren,Beveren,SK Beveren,81.0450931406,280,,2026-10-08
Burnley,Burnley,Burnley FC,81.0336633921,281,,2026-10-08
Kashima Antlers,Kashima,Kashima Antlers,80.9543651003,282,,2026-10-08
Orlando Pirates,Pirates,Orlando Pirates FC,80.9303060601,283,,2026-10-08
Pachuca,Pachuca,CF Pachuca,80.9300167018,284,,2026-10-08
Győri ETO,Győr,Győri ETO FC,80.9245585644,285,,2026-10-08
Mallorca,Mallorca,Real Club Deportivo Mallorca,80.9190166021,286,,2026-10-08
Always Ready,Always Ready,Club Always Ready,80.8848916932,287,,2026-10-08
Aucas,Aucas,SD Aucas,80.8686118796,288,,2026-10-08
San Lorenzo,San Lorenzo,CA San Lorenzo de Almagro,80.8506000446,289,,2026-10-08
Olimpia,Olimpia,CD Olimpia,80.8257589438,290,,2026-10-08
Charlotte,Charlotte,Charlotte FC,80.8073981275,291,,2026-10-08
Universitatea Craiova,U Craiova,Universitatea Craiova 1948 Club Sportiv,80.8019397164,292,,2026-10-08
Lincoln City,Lincoln,Lincoln City FC,80.7787315023,293,,2026-10-08
FAR Rabat,FAR Rabat,AS Forces Armées Royales de Rabat,80.7740875561,294,,2026-10-08
Sheffield United,Sheff Utd,Sheffield United FC,80.7669541153,295,,2026-10-08
Burgos,Burgos,Burgos CF,80.7600262141,296,,2026-10-08
Vitória Guimarães,Vitória SC,Vitória SC Guimarães,80.7527518966,297,,2026-10-08
Barracas Central,Barracas,CA Barracas Central,80.745990226,298,,2026-10-08
Queens Park Rangers,QPR,Queens Park Rangers FC,80.7156871809,299,,2026-10-08
İstanbul Başakşehir,Başakşehir,İstanbul Başakşehir FK,80.6467522408,300,,2026-10-08
DAC 1904,DAC 1904,DAC 1904 Dunajská Streda,80.632202909,301,,2026-10-08
RSB Berkane,Berkane,Renaissance Sportive de Berkane,80.5929170025,302,,2026-10-08
CSKA Moskva,CSKA,PFK CSKA Moskva,80.5719261811,303,,2026-10-08
City Torque,City Torque,Montevideo City Torque,80.5710531968,304,,2026-10-08
Once Caldas,Once Caldas,Once Caldas SA,80.5565034132,305,,2026-10-08
Barcelona,Barcelona,Barcelona SC,80.5481892121,306,,2026-10-08
GKS Katowice,GKS Katowice,GKS Katowice,80.523773011,307,,2026-10-08
Bristol City,Bristol C,Bristol City FC,80.5154586982,308,,2026-10-08
Coquimbo Unido,Coquimbo,CD Coquimbo Unido,80.5142392632,309,,2026-10-08
Slovan Bratislava,Slovan,ŠK Slovan Bratislava,80.5064514939,310,,2026-10-08
Mamelodi Sundowns,Sundowns,Mamelodi Sundowns FC,80.4837924863,311,,2026-10-08
Utrecht,Utrecht,FC Utrecht,80.4485967335,312,,2026-10-08
Seattle Sounders,Sounders,Seattle Sounders FC,80.4450485041,313,,2026-10-08
Alianza Lima,Alianza Lima,Club Alianza Lima,80.4376769262,314,,2026-10-08
Antwerp,Antwerp,Royal Antwerp FC,80.4080629381,315,,2026-10-08
Borac Banja Luka,Borac BB,FK Borac Banja Luka,80.4011340166,316,,2026-10-08
Talleres de Córdoba,Talleres,CA Talleres,80.3843243708,317,,2026-10-08
Universitario,Universitario,Club Universitario de Deportes,80.3832850237,318,,2026-10-08
Korona Kielce,Kielce,MKS Korona Kielce,80.3713394289,319,,2026-10-08
Varaždin,Varaždin,NK Varaždin,80.3145208304,320,,2026-10-08
Deportivo Riestra,Riestra,CD Riestra,80.3112225392,321,,2026-10-08
Kashiwa Reysol,Kashiwa,Kashiwa Reysol,80.3013740646,322,,2026-10-08
Deportivo Maldonado,Maldonado,CD Maldonado,80.2980570466,323,,2026-10-08
Lommel,Lommel,Lommel SK,80.2906150471,324,,2026-10-08
Hradec Králové,Hradec Kr.,FC Hradec Králové,80.2750241921,325,,2026-10-08
Tokyo,Tokyo,FC Tokyo,80.2649954083,326,,2026-10-08
Jablonec,Jablonec,FK Jablonec,80.2434957125,327,,2026-10-08
Remo,Remo,Clube do Remo,80.2419296719,328,,2026-10-08
Raja Casablanca,Raja,Raja Club Athletic de Casablanca,80.1058027208,329,,2026-10-08
Deportivo Madryn,Dep Madryn,Club Social y Deportivo Madryn,80.0957152252,330,,2026-10-08
Académico de Viseu,Académico,Académico de Viseu FC,80.094509439,331,,2026-10-08
Monterrey,Monterrey,CF Monterrey,80.0874957807,332,,2026-10-08
Brøndby,Brøndby,Brøndby IF,80.0858471646,333,,2026-10-08
Portsmouth,Portsmouth,Portsmouth FC,80.0823822461,334,,2026-10-08
Sportivo Trinidense,Trinidense,Club Sportivo Trinidense,80.076311697,335,,2026-10-08
Tristán Suárez,Tristán Suárez,CSyD Tristán Suárez,80.0704213094,336,,2026-10-08
León,León,Club León,80.061508789,337,,2026-10-08
Libertad,Libertad,Club Libertad,80.048938598,338,,2026-10-08
Hannover 96,Hannover,Hannoverscher Sportverein 1896,80.0238243736,339,,2026-10-08
Heerenveen,Heerenveen,SC Heerenveen,79.9967971851,340,,2026-10-08
Noah,Noah,FC Noah,79.9922926244,341,,2026-10-08
Alverca,Alverca,FC Alverca,79.9715022351,342,,2026-10-08
Cercle Brugge,Cercle Brugge,Cercle Brugge KSV,79.9642255566,343,,2026-10-08
Cincinnati,Cincinnati,FC Cincinnati,79.9561719902,344,,2026-10-08
Palermo,Palermo,Palermo FC,79.9320000028,345,,2026-10-08
Nürnberg,1.FCN,1. FC Nürnberg,79.9243766906,346,,2026-10-08
Simba,Simba,Simba Sports Club,79.9119367813,347,,2026-10-08
Derby County,Derby,Derby County FC,79.8949227585,348,,2026-10-08
Liverpool,Liverpool,Liverpool FC Montevideo,79.8888517386,349,,2026-10-08
Göztepe,Göztepe,Göztepe SK,79.8876458493,350,,2026-10-08
Venezia,Venezia,Venezia FC,79.8699732643,351,,2026-10-08
Johor Darul Ta'zim,Darul Ta'zim,Johor Darul Ta'zim FC,79.8093497701,352,,2026-10-08
Sigma Olomouc,Olomouc,SK Sigma Olomouc,79.8027469546,353,,2026-10-08
Blackburn Rovers,Blackburn,Blackburn Rovers FC,79.8013608254,354,,2026-10-08
NEC,NEC,NEC,79.7940836341,355,,2026-10-08
Querétaro,Querétaro,Querétaro FC,79.7718215396,356,,2026-10-08
Groningen,Groningen,FC Groningen,79.7452219235,357,,2026-10-08
Columbus Crew,Columbus,Columbus Crew,79.7427122858,358,,2026-10-08
Raków Częstochowa,Raków,KS Raków Częstochowa,79.7362118545,359,,2026-10-08
Al Ain,Al Ain,Al Ain FC,79.7273036646,360,,2026-10-08
Banfield,Banfield,CA Banfield,79.7010306778,361,,2026-10-08
SJ Earthquakes,Earthquakes,San Jose Earthquakes,79.6900375041,362,,2026-10-08
Servette,Servette,Servette FC,79.6568524834,363,,2026-10-08
The Strongest,The Strongest,Club The Strongest,79.6320668721,364,,2026-10-08
New England,New England,New England Revolution,79.620726825,365,,2026-10-08
Piast Gliwice,Piast,GKS Piast Gliwice,79.584421778,366,,2026-10-08
Pumas UNAM,Pumas,Club Universidad Nacional,79.5593852085,367,,2026-10-08
Hapoel Tel Aviv,Hapoel TA,Hapoel Tel Aviv FC,79.5566965288,368,,2026-10-08
Ludogorets Razgrad,Ludogorets,PFK Ludogorets 1945 Razgrad,79.5241189523,369,,2026-10-08
Wolfsburg,Wolfsburg,VfL Wolfsburg,79.5064436993,370,,2026-10-08
Central Córdoba SdE,Córdoba SdE,CA Central Córdoba,79.4778441715,371,,2026-10-08
Teplice,Teplice,FK Teplice,79.4613885447,372,,2026-10-08
Everton,Everton,Everton de Viña del Mar,79.4608617409,373,,2026-10-08
Zagłębie Lubin,Zagłębie,KGHM Zagłębie Lubin,79.4457923326,374,,2026-10-08
Häcken,Häcken,BK Häcken,79.428116503,375,,2026-10-08
Águilas Doradas,Águilas D,Águilas Doradas,79.4182318451,376,,2026-10-08
Dynamo Kyiv,Dynamo Kyiv,FC Dynamo Kyiv,79.4152927805,377,,2026-10-08
Dinamo Bucureşti,Dinamo,FC Dinamo 1948 Bucureşti,79.4055882963,378,,2026-10-08
Tijuana,Tijuana,Club Tijuana Xoloitzcuintles de Caliente,79.4041180732,379,,2026-10-08
San Diego,San Diego,San Diego FC,79.3930271792,380,,2026-10-08
Melgar,Melgar,FBC Melgar,79.3582714413,381,,2026-10-08
Samsunspor,Samsunspor,Samsunspor Kulübü,79.3442411835,382,,2026-10-08
Las Palmas,Las Palmas,UD Las Palmas,79.3314170124,383,,2026-10-08
Stoke City,Stoke,Stoke City FC,79.3279510085,384,,2026-10-08
New York City,NYCFC,New York City Football Club,79.3088040287,385,,2026-10-08
Carabobo,Carabobo,Carabobo FC,79.2892977924,386,,2026-10-08
Orlando City,Orlando,Orlando City SC,79.2873145204,387,,2026-10-08
Saint-Étienne,Saint-Étienne,AS Saint-Étienne,79.2870517829,388,,2026-10-08
Temperley,Temperley,CA Temperley,79.2788995827,389,,2026-10-08
Zamalek,Zamalek,Zamalek SC,79.273393167,390,,2026-10-08
Widzew Łódź,Widzew,RTS Widzew Łódź,79.270068001,391,,2026-10-08
Moreirense,Moreirense,Moreirense FC,79.2485781451,392,,2026-10-08
Club Guaraní,Guaraní,Club Guaraní,79.2435453316,393,,2026-10-08
Real Oviedo,Oviedo,Real Oviedo,79.2378331448,394,,2026-10-08
Luzern,Luzern,FC Luzern,79.2361000757,395,,2026-10-08
O'Higgins,O'Higgins,CD O'Higgins,79.2359198365,396,,2026-10-08
Wisła Płock,Wisła Płock,Wisła Płock SA,79.2354068478,397,,2026-10-08
Rizespor,Rize,Çaykur Rize SK,79.2215422459,398,,2026-10-08
Deportivo Saprissa,Saprissa,Deportivo Saprissa,79.2013545584,399,,2026-10-08
GAIS,GAIS,GAIS,79.190346598,400,,2026-10-08
Chapecoense,Chapecoense,Chapecoense AF,79.1763014912,401,,2026-10-08
Houston Dynamo,Houston,Houston Dynamo FC,79.1601065447,402,,2026-10-08
Belouizdad,Belouizdad,CR Belouizdad,79.1600494897,403,,2026-10-08
Aris,Aris,Aris Thessaloniki FC,79.1477118877,404,,2026-10-08
Libertad,Libertad,Libertad Fútbol Club,79.1239609047,405,,2026-10-08
Aris Limassol,Aris Limassol,Aris FC Limassol,79.105076417,406,,2026-10-08
Alanyaspor,Alanyaspor,Alanyaspor Kulübü,79.0884379782,407,,2026-10-08
Deportivo Morón,Morón,CD Morón,79.0813250102,408,,2026-10-08
Municipal,Municipal,CSD Municipal,79.07414201,409,,2026-10-08
Osijek,Osijek,NK Osijek,79.0662532128,410,,2026-10-08
Portland Timbers,Portland,Portland Timbers,79.0467574964,411,,2026-10-08
Beitar Jerusalem,Beitar,Beitar Jerusalem FC,79.0388686087,412,,2026-10-08
Mechelen,Mechelen,KV Mechelen,79.0354021807,413,,2026-10-08
Go Ahead Eagles,GAE,Go Ahead Eagles,79.0263894444,414,,2026-10-08
Heart of Midlothian,Hearts,Heart of Midlothian FC,79.020496483,415,,2026-10-08
Heidenheim,Heidenheim,1. FC Heidenheim 1846,79.015990091,416,,2026-10-08
Maghreb Fès,Maghreb Fès,Maghreb AS de Fès,79.0082229322,417,,2026-10-08
Sporting de Gijón,Gijón,Real Sporting de Gijón,79.0069772813,418,,2026-10-08
Zbrojovka Brno,Zbrojovka,FC Zbrojovka Brno,78.9792453458,419,,2026-10-08
Al Ittihad,Ittihad,Al Ittihad Club,78.9519616888,420,,2026-10-08
Sarpsborg 08,Sarpsborg,Sarpsborg 08 FF,78.9470065654,421,,2026-10-08
Bolton Wanderers,Bolton,Bolton Wanderers FC,78.9404200943,422,,2026-10-08
Cardiff City,Cardiff,Cardiff City FC,78.9286337321,423,,2026-10-08
Godoy Cruz,Godoy Cruz,CD Godoy Cruz Antonio Tomba,78.911813799,424,,2026-10-08
MC Alger,MC Alger,MC Alger,78.9052665513,425,,2026-10-08
Cracovia,Cracovia,MKS Cracovia,78.8884209989,426,,2026-10-08
OFI,OFI,OFI FC,78.861727689,427,,2026-10-08
Marítimo,Marítimo,CS Marítimo Funchal,78.8329540459,428,,2026-10-08
Polissya,Polissya,Polissya Zhytomyr,78.8211671518,429,,2026-10-08
Basel,Basel,FC Basel 1893,78.7996732536,430,,2026-10-08
Baltika,Baltika,FK Baltika Kaliningrad,78.7982865439,431,,2026-10-08
Mushuc Runa,Mushuc Runa,Mushuc Runa SC,78.7960262052,432,,2026-10-08
Shabab Al Ahli,Shabab Al Ahli,Shabab Al Ahli Club,78.7921482924,433,,2026-10-08
Minnesota United,Minnesota,Minnesota United FC,78.7593744542,434,,2026-10-08
Amed,Amed,Amed SFK,78.7119622683,435,,2026-10-08
Fredrikstad,Fredrikstad,Fredrikstad FK,78.6703590881,436,,2026-10-08
Deportivo Táchira,Táchira,Deportivo Táchira FC,78.6660184477,437,,2026-10-08
Kawasaki Frontale,Kawasaki,Kawasaki Frontale,78.665177361,438,,2026-10-08
Neftçi,Neftçi,Neftçi PFC Bakı,78.6079529512,439,,2026-10-08
Yokohama F. Marinos,F Marinos,Yokohama F. Marinos,78.598957318,440,,2026-10-08
Lillestrøm,Lillestrøm,Lillestrøm SK,78.5975517689,441,,2026-10-08
Metropolitanos,Metropolitanos,Metropolitanos FC,78.526295509,442,,2026-10-08
Alajuelense,Alajuelense,LD Alajuelense,78.5028150164,443,,2026-10-08
LA Galaxy,Galaxy,Los Angeles Galaxy,78.4944937051,444,,2026-10-08
Reims,Reims,Stade de Reims,78.4900702132,445,,2026-10-08
ES Tunis,Tunis,Espérance Sportive de Tunis,78.4805677169,446,,2026-10-08
Śląsk Wrocław,Śląsk,WKS Śląsk Wrocław,78.4768947194,447,,2026-10-08
Plymouth Argyle,Plymouth,Plymouth Argyle FC,78.464412605,448,,2026-10-08
Sporting Cristal,Cristal,Club Sporting Cristal SA,78.4583379522,449,,2026-10-08
Charlton Athletic,Charlton,Charlton Athletic FC,78.4567846138,450,,2026-10-08
Mladá Boleslav,Ml. Boleslav,FK Mladá Boleslav,78.4557444313,451,,2026-10-08
Sabadell,Sabadell,CE Sabadell FC,78.4488098695,452,,2026-10-08
Seoul,Seoul,FC Seoul,78.4422407404,453,,2026-10-08
Palestino,Palestino,CD Palestino,78.4229715134,454,,2026-10-08
APOEL,APOEL,APOEL FC,78.3808500887,455,,2026-10-08
Riga,Riga,Riga FC,78.375995744,456,,2026-10-08
Puskás,Puskás,Puskás Akadémia FC,78.3610859085,457,,2026-10-08
CSKA Sofia,CSKA,PFK CSKA Sofia,78.3513771279,458,,2026-10-08
Elfsborg,Elfsborg,IF Elfsborg,78.3323061928,459,,2026-10-08
Granada,Granada,Granada CF,78.3260647625,460,,2026-10-08
Emelec,Emelec,CS Emelec,78.3224169855,461,,2026-10-08
Excelsior,Excelsior,Excelsior Rotterdam,78.3215570525,462,,2026-10-08
Colorado Rapids,Colorado,Colorado Rapids,78.3138446973,463,,2026-10-08
Estrela,Estrela,Club Foot Estrela,78.2965911187,464,,2026-10-08
Austria Wien,Austria,FK Austria Wien,78.2900028421,465,,2026-10-08
Aldosivi,Aldosivi,CA Aldosivi,78.2662432838,466,,2026-10-08
Leones,Leones,Leones FC,78.2658965284,467,,2026-10-08
Ferro Carril Oeste,Ferro,Club Ferro Carril Oeste,78.2589614099,468,,2026-10-08
Sandefjord,Sandefjord,Sandefjord Fotball,78.2317478079,469,,2026-10-08
Maccabi Haifa,M Haifa,Maccabi Haifa FC,78.2178773498,470,,2026-10-08
Atlético San Luis,San Luis,Atlético de San Luis,78.206003489,471,,2026-10-08
Konyaspor,Konyaspor,Konyaspor Kulübü,78.1922167873,472,,2026-10-08
Racing,Racing,Racing Club de Montevideo,78.1857946678,473,,2026-10-08
Kortrijk,Kortrijk,KV Kortrijk,78.1651688654,474,,2026-10-08
Bohemians 1905,Bohemians,Bohemians Praha 1905,78.1599673064,475,,2026-10-08
Audax Italiano,Audax,Audax Italiano La Florida,78.1407145028,476,,2026-10-08
Huddersfield Town,Huddersfield,Huddersfield Town FC,78.135346438,477,,2026-10-08
Universitatea Cluj,U Cluj,FC Universitatea Cluj,78.1280641601,478,,2026-10-08
Kaiserslautern,1.FCK,1. FC Kaiserslautern,78.1020558409,479,,2026-10-08
Cartaginés,Cartaginés,CS Cartaginés,78.0912217405,480,,2026-10-08
Motor Lublin,Motor,Motor Lublin SA,78.0684179891,481,,2026-10-08
Stockport County,Stockport,Stockport County FC,78.0569740743,482,,2026-10-08
OB,OB,Odense BK,78.0552401429,483,,2026-10-08
Lokomotiv Moskva,Lokomotiv M,FK Lokomotiv Moskva,78.0510787025,484,,2026-10-08
Thun,Thun,FC Thun,78.0344328674,485,,2026-10-08
Cienciano,Cienciano,Club Cienciano,78.0325185888,486,,2026-10-08
Petro de Luanda,Petro Luanda,Atlético Petróleos Luanda,78.02631798,487,,2026-10-08
Llaneros,Llaneros,Club Llaneros SA,78.0259295745,488,,2026-10-08
Kasımpaşa,Kasımpaşa,Kasımpaşa SK,78.0163997464,489,,2026-10-08
Spartak Trnava,Spartak,FC Spartak Trnava,78.0132786153,490,,2026-10-08
Deportivo Garcilaso,Deportivo G.,Club Deportivo Garcilaso,78.0068560081,491,,2026-10-08
Estoril,Estoril,GD Estoril Praia,78.0063427536,492,,2026-10-08
Gimnasia Jujuy,Gimn Jujuy,CA Gimnasia y Esgrima de Jujuy,78.004775246,493,,2026-10-08
Kocaelispor,Kocaelispor,Kocaelispor Kulübü,77.9994068714,494,,2026-10-08
Tractor,Tractor,Tractor FC,77.9911857729,495,,2026-10-08
Austin,Austin,Austin FC,77.9740068125,496,,2026-10-08
Real Salt Lake,Salt Lake,Real Salt Lake,77.9729664172,497,,2026-10-08
Celje,Celje,NK Celje,77.9633399545,498,,2026-10-08
Atlas,Atlas,Atlas FC,77.9067269674,499,,2026-10-08
Deportes Limache,Limache,CD Limache,77.9017752238,500,,2026-10-08
Urawa Reds,Urawa,Urawa Red Diamonds,77.8894891354,501,,2026-10-08
Juventud,Juventud,CA Juventud de Las Piedras,77.8833942739,502,,2026-10-08
Zrinjski,Zrinjski,HŠK Zrinjski Mostar,77.8648467093,503,,2026-10-08
Watford,Watford,Watford FC,77.8606849319,504,,2026-10-08
Deportivo Cuenca,Dep. Cuenca,CD Cuenca,77.8570364344,505,,2026-10-08
Silkeborg,Silkeborg,Silkeborg IF,77.8502804563,506,,2026-10-08
Žilina,Žilina,MŠK Žilina,77.8471591047,507,,2026-10-08
Malmö FF,Malmö,Malmö FF,77.8253095268,508,,2026-10-08
Bochum,Bochum,VfL Bochum 1848,77.8076216244,509,,2026-10-08
Magdeburg,Magdeburg,1. FC Magdeburg,77.8024192748,510,,2026-10-08
Gimnasia y Tiro,Gimnasia Tiro,Club de Gimnasia y Tiro de Salta,77.801198455,511,,2026-10-08
Alianza Atlético,Alianza Atl.,Club Alianza Atlético Sullana,77.7956492665,512,,2026-10-08
Deportes Concepción,Concepción,CD Concepción,77.7869786332,513,,2026-10-08
Academia Puerto Cabello,Puerto Cabello,Academia Puerto Cabello,77.7821230645,514,,2026-10-08
Rio Ave,Rio Ave,Rio Ave FC,77.7712049348,515,,2026-10-08
Córdoba,Córdoba,Córdoba FC,77.7698176212,516,,2026-10-08
OH Leuven,OHL,Oud-Heverlee Leuven,77.7698176212,517,,2026-10-08
2 de Mayo,2 de Mayo,Club 2 de Mayo,77.7637411778,518,,2026-10-08
Inter Bogotá,Inter Bogotá,Internacional de Bogotá,77.758885561,519,,2026-10-08
Guayaquil City,Guayaquil City,Guayaquil City FC,77.7484806341,520,,2026-10-08
Rapid Bucureşti,Rapid,FC Rapid 1923,77.727504161,521,,2026-10-08
Horsens,Horsens,AC Horsens,77.709815521,522,,2026-10-08
Sportivo Ameliano,Ameliano,Club Sportivo Ameliano,77.7037389221,523,,2026-10-08
Real España,Real España,Real CD España,77.67817146,524,,2026-10-08
Inter Turku,Inter Turku,FC Inter Turku,77.6449560317,525,,2026-10-08
Deportivo Maipú,Maipú,CD Maipú,77.6381855687,526,,2026-10-08
FC Andorra,FC Andorra,FC Andorra,77.6130458911,527,,2026-10-08
Radomiak Radom,Radomiak,RKS Radomiak Radom,77.6126990394,528,,2026-10-08
Wieczysta Kraków,Wieczysta,KS Wieczysta Kraków,77.5957032409,529,,2026-10-08
Preston North End,Preston,Preston North End FC,77.5898067106,530,,2026-10-08
Estudiantes Caseros,Est Caseros,CA Estudiantes de Caseros,77.5889326354,531,,2026-10-08
Atlanta,Atlanta,CA Atlanta,77.5878920693,532,,2026-10-08
Atlante,Atlante,Atlante FC,77.5859073713,533,,2026-10-08
Randers,Randers,Randers FC,77.5825227408,534,,2026-10-08
Víkingur Reykjavík,Víkingur R,Víkingur Reykjavík,77.578707319,535,,2026-10-08
Modena,Modena,Modena FC 2018,77.5724638881,536,,2026-10-08
Çorum,Çorum,Çorum FK,77.5651798644,537,,2026-10-08
St. Pauli,St. Pauli,FC St. Pauli,77.5582426778,538,,2026-10-08
Villarreal II,Villarreal II,Villarreal CF II,77.5429807949,539,,2026-10-08
IFK Göteborg,IFK Göteborg,IFK Göteborg,77.5377778575,540,,2026-10-08
KFUM,KFUM,KFUM Fotball,77.5336154993,541,,2026-10-08
Cerezo Osaka,Cerezo,Cerezo Osaka,77.5214939761,542,,2026-10-08
Paks,Paks,Paksi FC,77.5207815147,543,,2026-10-08
RAAL La Louvière,La Louvière,RAAL La Louvière,77.5134973299,544,,2026-10-08
Rubin Kazan,Rubin,FK Rubin Kazan,77.4885228098,545,,2026-10-08
Ararat-Armenia,Ararat-Armenia,Ararat-Armenia FC,77.4777698092,546,,2026-10-08
Vålerenga,Vålerenga,Vålerenga Fotball,77.4389198462,547,,2026-10-08
Ceramica Cleopatra,Ceramica Cleo,Ceramica Cleopatra FC,77.4373913043,548,,2026-10-08
Wanderers,Wanderers,Montevideo Wanderers FC,77.432495665,549,,2026-10-08
CSKA 1948 Sofia,CSKA 1948,FK CSKA 1948 Sofia,77.3913971373,550,,2026-10-08
Cusco,Cusco,Cusco FC,77.3700566981,551,,2026-10-08
Nacional,Nacional,CD Nacional,77.3313853265,552,,2026-10-08
Kairat,Kairat,FK Kairat Almaty,77.3223660769,553,,2026-10-08
San Martín Tucumán,SM Tucumán,CA San Martín de Tucumán,77.3214919017,554,,2026-10-08
Red Star,Red Star,Red Star FC,77.3119592071,555,,2026-10-08
Deportivo Pasto,Pasto,AD Pasto,77.3083098538,556,,2026-10-08
Tenerife,Tenerife,CD Tenerife,77.2873294301,557,,2026-10-08
Jeonbuk Motors,Jeonbuk Motors,Jeonbuk Hyundai Motors FC,77.2835322586,558,,2026-10-08
Ñublense,Ñublense,CD Ñublense,77.270844679,559,,2026-10-08
Casa Pia,Casa Pia,Casa Pia AC,77.2363345572,560,,2026-10-08
Luton Town,Luton,Luton Town FC,77.2356407417,561,,2026-10-08
Zira,Zira,Zira IK,77.209969423,562,,2026-10-08
Bradford City,Bradford,Bradford City AFC,77.2012966162,563,,2026-10-08
Real Valladolid,Valladolid,Real Valladolid CF,77.1943583475,564,,2026-10-08
Lyngby,Lyngby,Lyngby BK,77.1926237771,565,,2026-10-08
Gaziantep,Gaziantep,Gaziantep FK,77.1881138879,566,,2026-10-08
Oxford United,Oxford U,Oxford United FC,77.1527283007,567,,2026-10-08
Orense,Orense,Orense SC,77.1324264443,568,,2026-10-08
Eldense,Eldense,CD Eldense,77.1208114269,569,,2026-10-08
New York RB,New York,New York Red Bulls,77.1158705266,570,,2026-10-08
Toronto,Toronto,Toronto FC,77.1151766752,571,,2026-10-08
AIK,AIK,AIK Fotboll,77.0663435757,572,,2026-10-08
Fortaleza,Fortaleza,Fortaleza FC,77.053326611,573,,2026-10-08
Hartberg,Hartberg,TSV Hartberg,77.0444866903,574,,2026-10-08
Montpellier,Montpellier,Montpellier HSC,77.0437928176,575,,2026-10-08
Levadiakos,Levadiakos,Levadiakos FC,77.0365071413,576,,2026-10-08
San Martín San Juan,San Martín SJ,CA San Martín de San Juan,77.0286940953,577,,2026-10-08
Koper,Koper,FC Koper,77.0108336234,578,,2026-10-08
Albacete,Albacete,Albacete Balompié,77.0011192452,579,,2026-10-08
Delfín,Delfín,Delfín SC,77.0002449492,580,,2026-10-08
Vojvodina,Vojvodina,FK Vojvodina Novi Sad,76.9560162426,581,,2026-10-08
Motagua,Motagua,FC Motagua,76.9524650729,582,,2026-10-08
TP Mazembe,Mazembe,Tout Puissant Mazembe,76.9492854116,583,,2026-10-08
Pardubice,Pardubice,FK Pardubice,76.9421382192,584,,2026-10-08
Estudiantes Río Cuarto,Estudiantes RC,AA Estudiantes de Río Cuarto,76.9318961846,585,,2026-10-08
Marathón,Marathón,CD Marathón,76.9302601616,586,,2026-10-08
Esteghlal,Esteghlal,Esteghlal FC,76.9221169715,587,,2026-10-08
Västerås,Västerås,Västerås SK Fotboll,76.9143819231,588,,2026-10-08
Fagiano Okayama,Fagiano,Fagiano Okayama,76.8901136272,589,,2026-10-08
Energie Cottbus,Cottbus,FC Energie Cottbus,76.8876661743,590,,2026-10-08
Midland,Midland,CA Ferrocarril Midland,76.8864448755,591,,2026-10-08
Atlanta United,Atlanta United,Atlanta United FC,76.8802960527,592,,2026-10-08
Ried,Ried,SV Ried,76.8703181204,593,,2026-10-08
Újpest,Újpest,Újpest FC,76.8429079306,594,,2026-10-08
Vasas,Vasas,Budapesti Vasas SC,76.8224368176,595,,2026-10-08
Fortuna Sittard,Fortuna,Fortuna Sittard,76.8193140896,596,,2026-10-08
Gençlerbirliği,Gençlerbirliği,Gençlerbirliği SK,76.8161913573,597,,2026-10-08
Leganés,Leganés,CD Leganés,76.8151504456,598,,2026-10-08
Erzurumspor,Erzurumspor,Erzurumspor FK,76.8005776327,599,,2026-10-08
Kuwait SC,Kuwait,Kuwait SC,76.7947811266,600,,2026-10-08
Alianza,Alianza,Alianza FC,76.7913758951,601,,2026-10-08
Colegiales,Colegiales,CA Colegiales,76.7851303509,602,,2026-10-08
Hellas Verona,Verona,Hellas Verona FC,76.7839228771,603,,2026-10-08
Sparta Rotterdam,Sparta,Sparta Rotterdam,76.7679619571,604,,2026-10-08
Rostov,Rostov,FK Rostov,76.7665740458,605,,2026-10-08
Egnatia Rrogozhinë,Egnatia,KS Egnatia Rrogozhinë,76.7592874979,606,,2026-10-08
Al Wasl,Al Wasl,Al Wasl Club,76.7507150475,607,,2026-10-08
Daejeon Hana Citizen,Daejeon,Daejeon Hana Citizen FC,76.7155864653,608,,2026-10-08
Lokomotiva Zagreb,Lokomotiva,NK Lokomotiva Zagreb,76.7068930723,609,,2026-10-08
Maribor,Maribor,NK Maribor,76.7013412755,610,,2026-10-08
CFR Cluj,CFR,SCS CFR 1907 Cluj,76.6975244074,611,,2026-10-08
Huachipato,Huachipato,CD Huachipato,76.6713197032,612,,2026-10-08
Novorizontino,Novorizontino,Grêmio Novorizontino,76.6518880568,613,,2026-10-08
Grazer AK,GAK,Grazer AK 1902,76.650333518,614,,2026-10-08
Cúcuta Deportivo,Cúcuta,Cúcuta Deportivo FC,76.6501530804,615,,2026-10-08
Arminia Bielefeld,Bielefeld,DSC Arminia Bielefeld,76.6472105575,616,,2026-10-08
Persepolis,Persepolis,Persepolis FC,76.628921751,617,,2026-10-08
Colón,Colón,CA Colón,76.6279452676,618,,2026-10-08
Istra 1961,Istra,NK Istra 1961,76.6197977228,619,,2026-10-08
Al Seeb,Seeb,Al Seeb Club,76.6140007632,620,,2026-10-08
HamKam,HamKam,Hamarkameratene Fotball,76.5975896179,621,,2026-10-08
Sønderjyske,Sønderjyske,Sønderjyske Fodbold,76.59134355,622,,2026-10-08
Al Sadd,Sadd,Al Sadd SC,76.5897105765,623,,2026-10-08
Holstein Kiel,Holstein,Kieler SV Holstein 1900,76.5778103447,624,,2026-10-08
Gamba Osaka,Gamba,Gamba Osaka,76.5455572733,625,,2026-10-08
Al Ahli Tripoli,Ahli Tripoli,Al Ahli Tripoli,76.5433176623,626,,2026-10-08
DC United,DC United,DC United,76.5260218614,627,,2026-10-08
Nacional Potosí,Nacional,CA Nacional Potosí,76.5175970285,628,,2026-10-08
Kabylie,Kabylie,JS Kabylie,76.5169423585,629,,2026-10-08
Juárez,Juárez,FC Juárez,76.474663206,630,,2026-10-08
Telstar,Telstar,Telstar 1963,76.4709299326,631,,2026-10-08
Aalesund,Aalesund,Aalesunds FK,76.4612132857,632,,2026-10-08
Leicester City,Leicester,Leicester City FC,76.4608662618,633,,2026-10-08
Deportes Antofagasta,Antofagasta,CD Antofagasta,76.4527042455,634,,2026-10-08
Catanzaro,Catanzaro,US Catanzaro 1929,76.4306749857,635,,2026-10-08
Real Sociedad II,Sociedad II,Real Sociedad de Fútbol,76.4296339001,636,,2026-10-08
Boyacá Chicó,Boyacá Chicó,Boyacá Chicó FC,76.4273712726,637,,2026-10-08
Cremonese,Cremonese,US Cremonese,76.4213051988,638,,2026-10-08
Mantova,Mantova,Mantova 1911,76.3925015409,639,,2026-10-08
Sport Huancayo,Huancayo,Club Sport Huancayo,76.3843392822,640,,2026-10-08
Akhmat Grozny,Akhmat,FK Akhmat Grozny,76.3734145811,641,,2026-10-08
Celta de Vigo II,Celta Vigo II,Real Club Celta Fortuna,76.3439162407,642,,2026-10-08
Darmstadt 98,Darmstadt,SV Darmstadt 1898,76.3331579282,643,,2026-10-08
Necaxa,Necaxa,Club Necaxa,76.3191921851,644,,2026-10-08
Kyoto Sanga,Kyoto,Kyoto Sanga FC,76.3175596739,645,,2026-10-08
Deportivo La Guaira,La Guaira,Deportivo La Guaira FC,76.2996610794,646,,2026-10-08
Osnabrück,Osnabrück,VfL Osnabrück,76.2741598357,647,,2026-10-08
RFS,RFS,FC RFS,76.2342485021,648,,2026-10-08
Krylya Sovetov,Krylya,PFK Krylya Sovetov Samara,76.2332073276,649,,2026-10-08
Metz,Metz,FC Metz,76.2328602693,650,,2026-10-08
Pisa,Pisa,Pisa Sporting Club,76.2127307996,651,,2026-10-08
Annecy,Annecy,FC Annecy,76.2023189357,652,,2026-10-08
Reading,Reading,Reading FC,76.1929482178,653,,2026-10-08
Sheffield Wednesday,Sheff Wed,Sheffield Wednesday FC,76.1926011534,654,,2026-10-08
Cobreloa,Cobreloa,CD Cobreloa,76.1886029682,655,,2026-10-08
Wycombe Wanderers,Wycombe,Wycombe Wanderers FC,76.142623337,656,,2026-10-08
MSV Duisburg,Duisburg,MSV Duisburg,76.1384584698,657,,2026-10-08
Dender,Dender,FCV Dender EH,76.1096512645,658,,2026-10-08
Al Shorta,Shorta,Al Shorta,76.1080202304,659,,2026-10-08
Ceuta,Ceuta,AD Ceuta FC,76.0874382324,660,,2026-10-08
Ordabasy,Ordabasy,FK Ordabasy Shymkent,76.0725137305,661,,2026-10-08
Dinamo Minsk,Dinamo Minsk,FK Dinamo Minsk,76.0718195653,662,,2026-10-08
Nantes,Nantes,FC Nantes,76.0683487359,663,,2026-10-08
Baník Ostrava,Ostrava,FC Baník Ostrava,76.0614070613,664,,2026-10-08
Real Potosí,Real Potosí,Club Real Potosí,76.040401426,665,,2026-10-08
La Serena,La Serena,CD La Serena,76.0317242236,666,,2026-10-08
Montréal,Montréal,Club de Foot Montréal,76.022796399,667,,2026-10-08
USM Alger,USM Alger,USM Alger,76.0196154544,668,,2026-10-08
Debrecen,Debrecen,Debreceni VSC,76.0030961642,669,,2026-10-08
Stevenage,Stevenage,Stevenage FC,76.002401978,670,,2026-10-08
Atromitos,Atromitos,PAE APS Atromitos Athens,75.9989310433,671,,2026-10-08
Dynamo Dresden,Dresden,SG Dynamo Dresden,75.9985839496,672,,2026-10-08
Mjällby,Mjällby,Mjällby AIF,75.99684848,673,,2026-10-08
Pyunik,Pyunik,Pyunik FC,75.9947659148,674,,2026-10-08
Dinamo Makhachkala,Dinamo Makh.,FK Dinamo Makhachkala,75.9822704838,675,,2026-10-08
Sepahan,Sepahan,Foolad Mobarakeh Sepahan SC,75.9778603037,676,,2026-10-08
Club Africain,Club Africain,Club Africain,75.9720635496,677,,2026-10-08
Start,Start,IK Start,75.9604033153,678,,2026-10-08
Rodez,Rodez,Rodez Aveyron Football,75.945477985,679,,2026-10-08
Ponferradina,Ponferradina,SD Ponferradina,75.9447837812,680,,2026-10-08
Chaco For Ever,Chaco,CA Chaco For Ever,75.9397438554,681,,2026-10-08
Turan,Turan,Turan-T IK,75.9034782767,682,,2026-10-08
Atlético Madrileño,Atlético,Atlético Madrileño,75.8663373957,683,,2026-10-08
WSG Tirol,Tirol,WSG Tirol,75.8580066478,684,,2026-10-08
Partizan,Partizan,FK Partizan Beograd,75.850022986,685,,2026-10-08
Hibernian,Hibernian,Hibernian FC,75.8462047031,686,,2026-10-08
Aurora,Aurora,Club Deportivo Aurora,75.8307510055,687,,2026-10-08
Almirante Brown,Almirante,Club Almirante Brown,75.8213787659,688,,2026-10-08
UCV,UCV,Universidad Central de Venezuela FC,75.8140892197,689,,2026-10-08
Nyíregyháza Spartacus,Nyíregyháza,Nyíregyháza Spartacus FC,75.7993434378,690,,2026-10-08
Motherwell,Motherwell,Motherwell FC,75.7622008624,691,,2026-10-08
Santos Laguna,Santos Laguna,Club Santos Laguna,75.757604176,692,,2026-10-08
Beerschot,Beerschot,Koninklijke Beerschot VA,75.7451914436,693,,2026-10-08
Juve Stabia,Juve Stabia,SS Juve Stabia,75.7153378713,694,,2026-10-08
Quilmes,Quilmes,Quilmes AC,75.7144630863,695,,2026-10-08
Kaizer Chiefs,Chiefs,Kaizer Chiefs FC,75.7040883282,696,,2026-10-08
Al Jazira,Al Jazira,Al Jazira Club,75.6914873922,697,,2026-10-08
Haugesund,Haugesund,FK Haugesund,75.6844424834,698,,2026-10-08
Real Zaragoza,Zaragoza,Real Zaragoza,75.6830539168,699,,2026-10-08
Manta,Manta,Manta FC,75.6814848356,700,,2026-10-08
Wolfsberger AC,WAC,Wolfsberger AC,75.6618781713,701,,2026-10-08
Al Masry,Masry,Al Masry SC,75.6610427413,702,,2026-10-08
Torreense,Torreense,SC União Torreense,75.6566709907,703,,2026-10-08
Técnico Universitario,Técnico Univ,CD Técnico Universitario,75.6478118132,704,,2026-10-08
AEL,AEL,AEL Limassol,75.6472980354,705,,2026-10-08
Kristiansund,Kristiansund,Kristiansund BK,75.6341064034,706,,2026-10-08
Agropecuario,Agropecuario,Club Agropecuario Argentino,75.6328844378,707,,2026-10-08
Mansfield Town,Mansfield,Mansfield Town FC,75.6323706566,708,,2026-10-08
Rubio Ñú,Rubio Ñú,Club Rubio Ñú,75.6214284786,709,,2026-10-08
Cerro Largo,Cerro Largo,Cerro Largo FC,75.6200398736,710,,2026-10-08
Kongsvinger,Kongsvinger,Kongsvinger IL,75.6150131163,711,,2026-10-08
Astana,Astana,FK Astana,75.5993912169,712,,2026-10-08
Atlético Huila,Huila,CD Atlético Huila,75.5808114315,713,,2026-10-08
Ciudad de Bolívar,Ciudad Bolívar,Club Ciudad de Bolívar,75.555815965,714,,2026-10-08
HNK Gorica,Gorica,HNK Gorica,75.5504419039,715,,2026-10-08
MC Oran,MC Oran,MC Oran,75.5443989953,716,,2026-10-08
NEOM,NEOM,NEOM SC,75.5376989695,717,,2026-10-08
Herediano,Herediano,CS Herediano,75.5260564307,718,,2026-10-08
União de Leiria,União Leiria,UD Leiria,75.5011443674,719,,2026-10-08
Kifisia,Kifisia,Kifisias FC,75.5007971979,720,,2026-10-08
Austria Lustenau,A Lustenau,SC Austria Lustenau,75.5001028586,721,,2026-10-08
Shkendija,Shkendija,KF Shkendija,75.4976726696,722,,2026-10-08
Saoura,Saoura,JS Saoura,75.4968371793,723,,2026-10-08
Greuther Fürth,Greuther Fürth,SpVgg Greuther Fürth,75.4921179421,724,,2026-10-08
Bravo,Bravo,NK Bravo,75.4820499638,725,,2026-10-08
Südtirol,Südtirol,FC Südtirol,75.4813556189,726,,2026-10-08
Defensores de Belgrano,Defensores,CA Defensores de Belgrano,75.4481934558,727,,2026-10-08
Boston River,Boston River,CA Boston River,75.4422914287,728,,2026-10-08
Nagoya Grampus,Nagoya,Nagoya Grampus,75.4400604585,729,,2026-10-08
UD Logroñés,UD Logroñés,UD Logroñés,75.433445303,730,,2026-10-08
PEC Zwolle,PEC,PEC Zwolle,75.4296263213,731,,2026-10-08
Vaduz,Vaduz,FC Vaduz,75.428237599,732,,2026-10-08
Unión La Calera,La Calera,CD Unión La Calera,75.4089620468,733,,2026-10-08
MTK,MTK,MTK Budapest,75.4032404537,734,,2026-10-08
Karlsruher SC,KSC,Karlsruher SC,75.3935192672,735,,2026-10-08
KuPS,KuPS,Kuopion Palloseura,75.3931720812,736,,2026-10-08
Zalaegerszeg,ZTE,Zalaegerszegi TE,75.3893530317,737,,2026-10-08
Sport Boys,Boys,Sport Boys Association,75.3884781213,738,,2026-10-08
Anorthosis,Anorthosis,Anorthosis Famagusta FC,75.3719936347,739,,2026-10-08
Orenburg,Orenburg,FK Orenburg,75.3695633085,740,,2026-10-08
Portuguesa,Portuguesa,Portuguesa FC,75.3568839073,741,,2026-10-08
Oriente Petrolero,O. Petrolero,CD Oriente Petrolero,75.3551479488,742,,2026-10-08
Defensor Sporting,Defensor,Defensor Sporting Club,75.3419546201,743,,2026-10-08
Cádiz,Cádiz,Cádiz CF,75.3400519969,744,,2026-10-08
Mazatlán,Mazatlán,Mazatlán FC,75.334412872,745,,2026-10-08
Strømsgodset,Strømsgodset,Strømsgodset IF,75.3147066814,746,,2026-10-08
Municipal Liberia,Liberia,AD Municipal Liberia,75.29379069,747,,2026-10-08
National Bank of Egypt,National Bank,National Bank of Egypt SC,75.2916503317,748,,2026-10-08
Puebla,Puebla,Club Puebla,75.2910130783,749,,2026-10-08
Košice,Košice,FC Košice,75.2869306676,750,,2026-10-08
Gangwon,Gangwon,Gangwon FC,75.2827829852,751,,2026-10-08
San Luis,San Luis,CD San Luis de Quillota,75.2808476752,752,,2026-10-08
Jaguares de Córdoba,Jaguares,Jaguares de Córdoba FC,75.2787644548,753,,2026-10-08
Podbrezová,Podbrezová,FK Železiarne Podbrezová,75.2779033898,754,,2026-10-08
Pakhtakor,Pakhtakor,FK Pakhtakor Tashkent,75.2696725935,755,,2026-10-08
Karpaty Lviv,Karpaty Lviv,FC Karpaty Lviv,75.2577654866,756,,2026-10-08
Alcorcón,Alcorcón,AD Alcorcón,75.2376274042,757,,2026-10-08
Real Madrid II,Real Madrid II,Real Madrid Castilla CF,75.2296415633,758,,2026-10-08
Lugo,Lugo,CD Lugo,75.2213084819,759,,2026-10-08
Zamora,Zamora,Zamora CF,75.2140170104,760,,2026-10-08
Fortaleza,Fortaleza,Fortaleza EC,75.2082810364,761,,2026-10-08
Ulsan HD,Ulsan,Ulsan HD FC,75.2077859087,762,,2026-10-08
Zürich,Zürich,FC Zürich,75.1983923497,763,,2026-10-08
Eyüpspor,Eyüp,Eyüp Spor Kulübü,75.1865869789,764,,2026-10-08
ML Vitebsk,ML Vitebsk,FK Maxline Vitebsk,75.1789481767,765,,2026-10-08
FCSB,FCSB,SC Fotbal Club FCSB SA,75.1577677266,766,,2026-10-08
Wydad Casablanca,Wydad AC,Wydad Athletic Club,75.1551959991,767,,2026-10-08
Jeju FC,Jeju,Jeju SK FC,75.1504948004,768,,2026-10-08
Juventude,Juventude,EC Juventude,75.1485593772,769,,2026-10-08
Buriram United,Buriram Utd,Buriram United FC,75.1456336699,770,,2026-10-08
Sporting San José,SP. San José,Sporting San José FC,75.1240029108,771,,2026-10-08
Patronato,Patronato,CA Patronato de la Juventud Católica,75.1041143278,772,,2026-10-08
Penafiel,Penafiel,FC Penafiel,75.1029059659,773,,2026-10-08
Virtus Entella,Virtus Entella,Virtus Entella,75.0976975016,774,,2026-10-08
Brommapojkarna,Brommapojkarna,IF Brommapojkarna,75.0827665042,775,,2026-10-08
Dinamo City,Dinamo,FC Dinamo City,75.0772107591,776,,2026-10-08
SCR Altach,Altach,SCR Altach,75.07651629,777,,2026-10-08
Farense,Farense,SC Farense,75.0647102825,778,,2026-10-08
Xelajú,Xelajú,CSD Xelajú Mario Camposeco,75.0253882028,779,,2026-10-08
Malisheva,Malisheva,KF Malisheva,75.0101957884,780,,2026-10-08
Arkadag,Arkadag,FK Arkadag,75.004741984,781,,2026-10-08
Atlético Rafaela,Rafaela,AMSyD Atlético de Rafaela,74.9905671438,782,,2026-10-08
Guabirá,Guabirá,CDSC Guabirá,74.9690376755,783,,2026-10-08
Los Andes,Los Andes,CA Los Andes,74.9655651613,784,,2026-10-08
Slaven Koprivnica,Slaven,NK Slaven Belupo Koprivnica,74.9619259608,785,,2026-10-08
Kharkiv,Kharkiv,FK Kharkiv,74.9504666077,786,,2026-10-08
Recoleta,Recoleta,Recoleta FC,74.9433409442,787,,2026-10-08
Real Cundinamarca,Cundinamarca,Real Cundinamarca,74.9367430875,788,,2026-10-08
Nouadhibou,FCNDB,FC Nouadhibou ASJN,74.9246284788,789,,2026-10-08
Ascoli,Ascoli,Ascoli Calcio 1898 FC,74.9195607891,790,,2026-10-08
Vizela,Vizela,FC Vizela,74.9008087375,791,,2026-10-08
Mirandés,Mirandés,CD Mirandés,74.8969888559,792,,2026-10-08
Antequera,Antequera,Antequera CF,74.888307283,793,,2026-10-08
Sportivo Luqueño,Luqueño,Club Sportivo Luqueño,74.876319712,794,,2026-10-08
FAS,FAS,CD FAS,74.8602706442,795,,2026-10-08
Mito Hollyhock,Mito,Mito Hollyhock,74.8199140694,796,,2026-10-08
Pontevedra,Pontevedra,Pontevedra CF,74.818853494,797,,2026-10-08
CS Constantine,CS Constantine,CS Constantine,74.8166286546,798,,2026-10-08
Sporting KC,Sporting KC,Sporting Kansas City,74.8090457614,799,,2026-10-08
UTA Arad,Arad,AFC UTA Arad,74.8046152025,800,,2026-10-08
Eintracht Braunschweig,BTSV,Braunschweiger TSV Eintracht 1895,74.8007951577,801,,2026-10-08
Cerro,Cerro,CA Cerro,74.799572742,802,,2026-10-08
Lausanne-Sport,Lausanne,FC Lausanne-Sport,74.7660671804,803,,2026-10-08
Olimpija,Olimpija,NK Olimpija Ljubljana,74.7657198979,804,,2026-10-08
Wadi Degla,Wadi Degla,Wadi Degla SC,74.7530764962,805,,2026-10-08
Real Murcia,Murcia,Real Murcia CF,74.75148127,806,,2026-10-08
Danubio,Danubio,Danubio FC,74.7426185467,807,,2026-10-08
Cobresal,Cobresal,CD Cobresal,74.7422712606,808,,2026-10-08
Artis Brno,Artis,SK Artis Brno,74.7403681318,809,,2026-10-08
Shimizu S-Pulse,Shimizu,Shimizu S-Pulse,74.724411653,810,,2026-10-08
Djoliba,Djoliba,Djoliba AC Bamako,74.7207810937,811,,2026-10-08
Ittihad Tanger,IR Tanger,Ittihad Riadhi de Tanger,74.7190423612,812,,2026-10-08
Cesena,Cesena,Cesena FC,74.7118904644,813,,2026-10-08
Atlético Grau,Grau,Club Atlético Grau,74.6839264329,814,,2026-10-08
Santiago Wanderers,Wanderers,CD Santiago Wanderers,74.6797588872,815,,2026-10-08
Al Rayyan,Rayyan,Al Rayyan SC,74.6776105435,816,,2026-10-08
Hansa Rostock,Rostock,FC Hansa Rostock,74.6681313938,817,,2026-10-08
Empoli,Empoli,Empoli FC,74.6629219238,818,,2026-10-08
Central Español,Central Esp.,Central Español FC,74.6610048358,819,,2026-10-08
Kauno Žalgiris,Kauno Žalgiris,FK Kauno Žalgiris,74.6424312246,820,,2026-10-08
Maccabi Netanya,M Netanya,Maccabi Netanya FC,74.6295810296,821,,2026-10-08
Benevento,Benevento,Benevento Calcio,74.6250660788,822,,2026-10-08
Erbil,Erbil,Erbil SC,74.6223920626,823,,2026-10-08
Sampdoria,Sampdoria,UC Sampdoria,74.6125630905,824,,2026-10-08
Diriangén,Diriangén,Diriangén FC,74.6057088556,825,,2026-10-08
Doncaster Rovers,Doncaster,Doncaster Rovers FC,74.5764429553,826,,2026-10-08
LNZ Cherkasy,LNZ Cherkasy,LNZ Cherkasy FC,74.5618558126,827,,2026-10-08
Nueva Chicago,Nueva Chicago,CA Nueva Chicago,74.5505611312,828,,2026-10-08
Grasshoppers,GC Zürich,Grasshopper Club Zürich,74.5462266258,829,,2026-10-08
Vinotinto de Ecuador,Vinotinto,Vinotinto de Ecuador FC,74.5446567548,830,,2026-10-08
Asteras Tripolis,Asteras,Asteras Tripolis Aktor FC,74.5420588243,831,,2026-10-08
San Telmo,San Telmo,CA San Telmo,74.5279854905,832,,2026-10-08
Avellino,Avellino,US Avellino 1912,74.5212197003,833,,2026-10-08
Neftchi,Neftchi,FK Neftchi Farg'ona,74.5140281028,834,,2026-10-08
Al Faisaly,Faisaly,Al Faisaly SC,74.5036084346,835,,2026-10-08
Arda Kardzhali,Arda,FK Arda 1924 Kardzhali,74.5021169996,836,,2026-10-08
Leixões,Leixões,Leixões SC,74.4962124955,837,,2026-10-08
Tondela,Tondela,CD Tondela,74.4903079759,838,,2026-10-08
Gimcheon Sangmu,Gimcheon,Gimcheon Sangmu FC,74.4837275441,839,,2026-10-08
Deportivo Pereira,Pereira,Deportivo Pereira FC,74.4831808526,840,,2026-10-08
Ibiza,Ibiza,UD Ibiza,74.4684263849,841,,2026-10-08
Guingamp,Guingamp,En Avant Guingamp,74.4680790564,842,,2026-10-08
Incheon United,Incheon Utd,Incheon United FC,74.4566359393,843,,2026-10-08
Cartagena,Cartagena,FC Cartagena,74.441334595,844,,2026-10-08
All Boys,All Boys,CA All Boys,74.428997302,845,,2026-10-08
Dunkerque,Dunkerque,US du Littoral de Dunkerque,74.4211892052,846,,2026-10-08
Air Force,Air Force,Air Force SC,74.4080948329,847,,2026-10-08
ADO Den Haag,ADO,ADO Den Haag,74.4066010511,848,,2026-10-08
Panaitolikos,Panaitolikos,Panaitolikos GFS Agrinio,74.3878447131,849,,2026-10-08
Avispa Fukuoka,Avispa,Avispa Fukuoka,74.3871687873,850,,2026-10-08
Juan Pablo II College,Juan Pablo,ADC Juan Pablo II College,74.3817592897,851,,2026-10-08
Cambuur,Cambuur,SC Cambuur Leeuwarden,74.3763824291,852,,2026-10-08
Vardar Skopje,Vardar,FK Vardar Skopje,74.373951028,853,,2026-10-08
V-Varen Nagasaki,V-Varen,V-Varen Nagasaki,74.3670229096,854,,2026-10-08
HJK,HJK,Helsingin Jalkapalloklubi,74.3590152201,855,,2026-10-08
Independiente Juniors,Ind. Juniors,CD Independiente Juniors,74.3452880826,856,,2026-10-08
FUS Rabat,FUS Rabat,Fath Union Sport de Rabat,74.3446327857,857,,2026-10-08
Estudiantes de Mérida,Estudiantes,Estudiantes de Mérida FC,74.339035816,858,,2026-10-08
Al Zawra'a,Zawra'a,Al Zawra'a SC,74.3268162859,859,,2026-10-08
Almagro,Almagro,Club Almagro,74.3077742201,860,,2026-10-08
Envigado,Envigado,Envigado FC,74.3036059742,861,,2026-10-08
Stade Malien Bamako,SM Bamako,Stade Malien de Bamako,74.3033003043,862,,2026-10-08
Honvéd,Honvéd,Kispest-Honvéd FC,74.2791243199,863,,2026-10-08
Rot-Weiss Essen,RW Essen,Rot-Weiss Essen,74.2787769619,864,,2026-10-08
ZED,ZED,ZED FC,74.2786357354,865,,2026-10-08
Rudeš,Rudeš,NK Rudeš Zagreb,74.2756507376,866,,2026-10-08
Azam,Azam,Azam FC,74.2742960408,867,,2026-10-08
Sarajevo,Sarajevo,FK Sarajevo,74.2666193985,868,,2026-10-08
San Martín Formosa,SM Formosa,CS General San Martín de Formosa,74.259491562,869,,2026-10-08
Auckland,Auckland,Auckland FC,74.2506595435,870,,2026-10-08
Chacarita Juniors,Chacarita,CA Chacarita Juniors,74.250112795,871,,2026-10-08
ENPPI,ENPPI,ENPPI Club,74.2487627449,872,,2026-10-08
CRB,CRB,Clube de Regatas Brasil,74.2459444415,873,,2026-10-08
San Marcos,San Marcos,CD San Marcos de Arica,74.2438602618,874,,2026-10-08
Al Mokawloon,Mokawloon,Al Mokawloon Al Arab,74.2348681944,875,,2026-10-08
Alemannia Aachen,Alemannia,TSV Alemannia Aachen,74.2231989885,876,,2026-10-08
Iraklis 1908,Iraklis 1908,Iraklis 1908 FC,74.2159042767,877,,2026-10-08
Olimpo,Olimpo,Club Olimpo de Bahía Blanca,74.2119025961,878,,2026-10-08
Pau,Pau,Pau FC,74.1867251909,879,,2026-10-08
Grenoble,Grenoble,Grenoble Foot 38,74.1867251909,880,,2026-10-08
Pohang Steelers,Pohang,FC Pohang Steelers,74.1815333579,881,,2026-10-08
Kalmar,Kalmar,Kalmar FF,74.1703986311,882,,2026-10-08
CS Sfaxien,Sfax,CS Sfaxien,74.1667836459,883,,2026-10-08
Lusitânia Lourosa,Lourosa,FC Lusitânia de Lourosa,74.1648406259,884,,2026-10-08
Kisvárda,Kisvárda,Kisvárda Master Good FC,74.1582404769,885,,2026-10-08
Atlético FC,Atlético,Atlético FC,74.1538913153,886,,2026-10-08
Cambridge United,Cambridge U,Cambridge United FC,74.1526824414,887,,2026-10-08
Ben Aknoun,Ben Aknoun,ES Ben Aknoun,74.1445515062,888,,2026-10-08
Công An Hà Nội,CAHN,Công An Hà Nội FC,74.1443641207,889,,2026-10-08
Al Ittihad Ahli Aleppo,Al Ittihad,Al Ittihad Al Ahli Aleppo SC,74.1331599621,890,,2026-10-08
Power Dynamos,Dynamos,Power Dynamos FC,74.1273584669,891,,2026-10-08
Unión Magdalena,Magdalena,AD Unión Magdalena,74.1205428296,892,,2026-10-08
Nancy,Nancy,AS Nancy-Lorraine,74.1193339376,893,,2026-10-08
Petrojet,Petrojet,Petrojet SC,74.1118976487,894,,2026-10-08
Vicenza,Vicenza,LR Vicenza Virtus,74.1030068838,895,,2026-10-08
Atlético Goianiense,Atlético GO,Atlético Goianiense,74.1014367013,896,,2026-10-08
Plaza Amador,Plaza Amador,CD Plaza Amador,74.1004911271,897,,2026-10-08
Mitre Santiago d. Estero,Mitre SdE,CA Mitre de Santiago del Estero,74.0944889776,898,,2026-10-08
Antigua,Antigua,Antigua GFC,74.0824269928,899,,2026-10-08
Huesca,Huesca,SD Huesca,74.0755632684,900,,2026-10-08
Athletic Club II,Athletic II,Bilbao Athletic,74.0713945883,901,,2026-10-08
Hapoel Haifa,H Haifa,Hapoel Haifa FC,74.0345709087,902,,2026-10-08
Dijon,Dijon,Dijon FCO,74.0269281818,903,,2026-10-08
Albion,Albion,Albion FC,74.0156307938,904,,2026-10-08
Racing Córdoba,Racing Córdoba,CA Racing de Córdoba,74.0128515997,905,,2026-10-08
Železničar Pančevo,Železničar,FK Železničar Pančevo,74.0029576408,906,,2026-10-08
Criciúma,Criciúma,Criciúma EC,73.9746373294,907,,2026-10-08
Slovácko,Slovácko,1. FC Slovácko,73.9727335467,908,,2026-10-08
Firpo,Firpo,CD Luis Ángel Firpo,73.9589291982,909,,2026-10-08
Scottland Mabvuku,Scottland,Scottland FC Mabvuku,73.9566138618,910,,2026-10-08
Nea Salamis,Nea Salamis,Nea Salamis Famagusta,73.9536261488,911,,2026-10-08
Deportivo Alavés II,Alavés II,Deportivo Alavés II,73.9529313312,912,,2026-10-08
Deportes Iquique,Iquique,CD Iquique,73.9454550804,913,,2026-10-08
UTS Rabat,UTS,Union Touarga Sportif,73.9246497881,914,,2026-10-08
Drita,Drita,KF Drita,73.9220140131,915,,2026-10-08
Modern,Modern,Modern SC,73.9166592687,916,,2026-10-08
ES Sétif,ES Sétif,ES Sétif,73.9138799509,917,,2026-10-08
Caracas,Caracas,Caracas FC,73.9121034693,918,,2026-10-08
Olympiakos Nicosia,Olympiakos,Olympiakos Nicosia FC,73.9011668111,919,,2026-10-08
Al Ettifaq,Ettifaq,Al Ettifaq Club,73.8967525563,920,,2026-10-08
Benfica II,Benfica II,SL Benfica II,73.8938710435,921,,2026-10-08
Hércules,Hércules,Hércules CF,73.8733732822,922,,2026-10-08
Central Norte,Central Norte,CA Central Norte,73.8731926232,923,,2026-10-08
Padova,Calcio Padova,Calcio Padova Spa,73.8726784396,924,,2026-10-08
Olancho,Olancho,Olancho FC,73.8562677908,925,,2026-10-08
Magallanes,Magallanes,CD Magallanes,73.8558214894,926,,2026-10-08
Cuiabá,Cuiabá,Cuiabá EC,73.8513049724,927,,2026-10-08
CF Os Belenenses,Belenenses,CF Os Belenenses,73.8334194745,928,,2026-10-08
SS Reyes,Sanse,UD San Sebastián de los Reyes,73.824038911,929,,2026-10-08
St Patrick's Athletic,St Pat's,St Patrick's Athletic FC,73.8174377499,930,,2026-10-08
Blooming,Blooming,CSCyD Blooming,73.814477644,931,,2026-10-08
Cultural Leonesa,Cultural,Cultural y Deportiva Leonesa,73.8052776649,932,,2026-10-08
Barakaldo,Barakaldo,Barakaldo CF,73.7840842144,933,,2026-10-08
Al-Karma,Karma,Al-Karma SC,73.7400639561,934,,2026-10-08
Foolad,Foolad,Foolad Khuzestan FC,73.7327653745,935,,2026-10-08
Isloch,Isloch,FK Isloch Minsk Region,73.7260617637,936,,2026-10-08
Akron,Akron,FK Akron Tolyatti,73.7177230829,937,,2026-10-08
Kawkab Marrakech,Kawkab,Kawkab Athlétique Club de Marrakech,73.713065022,938,,2026-10-08
Paradise,Paradise,Paradise FC International,73.6994003221,939,,2026-10-08
9 de Octubre,9 de Octubre,Club 9 de Octubre,73.6932210777,940,,2026-10-08
Rouen,Rouen,FC Rouen 1899,73.6892323534,941,,2026-10-08
Al Wahda,Al Wahda,Al Wahda FC,73.6618858016,942,,2026-10-08
Deportes Quindío,Quindío,Corporación Deportes Quindío,73.6487470908,943,,2026-10-08
Radnički 1923,Radnički 1923,FK Radnički 1923,73.6378091327,944,,2026-10-08
Al Hilal Omdurman,Hilal Omdurman,Al-Hilal SC (Omdurman),73.6267251889,945,,2026-10-08
Farul Constanţa,Farul,FCV Farul Constanţa,73.6235632992,946,,2026-10-08
Blackpool,Blackpool,Blackpool FC,73.6218259962,947,,2026-10-08
Al Ittihad,Ittihad,Al Ittihad Al Iskandary,73.6202948844,948,,2026-10-08
Degerfors,Degerfors,Degerfors IF,73.6173090019,949,,2026-10-08
Guastatoya,Guastatoya,Deportivo Guastatoya,73.6154876179,950,,2026-10-08
Sochaux,Sochaux,FC Sochaux Montbéliard,73.5975036102,951,,2026-10-08
Corvinul Hunedoara,Hunedoara,SC Corvinul 1921 Hunedoara,73.5929865662,952,,2026-10-08
Deportes Copiapó,Copiapó,CD Copiapó,73.5841192345,953,,2026-10-08
Robinhood,Robinhood,SV Robinhood,73.5821612316,954,,2026-10-08
FCI Levadia,Levadia,Tallinna FCI Levadia,73.5770031056,955,,2026-10-08
Comerciantes Unidos,Comerciantes,CD Comerciantes Unidos,73.567093302,956,,2026-10-08
Olympique Akbou,Akbou,Olympique Akbou,73.5608782572,957,,2026-10-08
Dundee United,Dundee Utd,Dundee United FC,73.5603245886,958,,2026-10-08
Los Chankas,Los Chankas,CD Los Chankas CYC,73.5424228403,959,,2026-10-08
AF Elbasani,AF Elbasani,AF Elbasani,73.5158479276,960,,2026-10-08
Viktoria Köln,Viktoria Köln,FC Viktoria Köln 1904,73.5151529727,961,,2026-10-08
Kalamata,Kalamata,PS PAE Kalamata,73.5130681066,962,,2026-10-08
Alvarado,Alvarado,CA Alvarado,73.5128874181,963,,2026-10-08
1º de Agosto,1º de Agosto,CD Primeiro de Agosto,73.5066745048,964,,2026-10-08
Fortuna Düsseldorf,Düsseldorf,Düsseldorfer TuS Fortuna 1895,73.5061185386,965,,2026-10-08
Muharraq,Muharraq,Muharraq Club,73.4846769278,966,,2026-10-08
Al Taawoun,Taawoun,Al Taawoun FC,73.4759898526,967,,2026-10-08
Moghreb Tétouan,Tétouan,Moghreb Athlétic de Tétouan,73.4743564503,968,,2026-10-08
Felgueiras 1932,Felgueiras,FC Felgueiras 1932,73.473455276,969,,2026-10-08
Melbourne City,Melbourne City,Melbourne City FC,73.4727790718,970,,2026-10-08
Persib Bandung,Persib,Persatuan Sepakbola Indonesia Bandung,73.471736619,971,,2026-10-08
Asswehly,Asswehly,Asswehly SC,73.4701889231,972,,2026-10-08
Monagas,Monagas,Monagas SC,73.45798523,973,,2026-10-08
Khenchela,Khenchela,USM Khenchela,73.4569821845,974,,2026-10-08
Notts County,Notts,Notts County FC,73.4480887916,975,,2026-10-08
Tokyo Verdy,Tokyo Verdy,Tokyo Verdy,73.4428952285,976,,2026-10-08
Real Estelí,Estelí,Real Estelí FC,73.441925945,977,,2026-10-08
Norrköping,Norrköping,IFK Norrköping,73.417509628,978,,2026-10-08
Arezzo,Arezzo,SS Arezzo,73.4150771763,979,,2026-10-08
Cacereño,Cacereño,CP Cacereño,73.4150771763,980,,2026-10-08
Omonia Aradippou,Omonia,Omonia FC Aradippou,73.4109072529,981,,2026-10-08
Bohemians,Bohemians,Bohemian FC,73.403957363,982,,2026-10-08
AVS,AVS,AVS Futebol,73.396659955,983,,2026-10-08
ASEC Mimosas,ASEC,AS des Employés de Commerce Mimosas,73.3918297527,984,,2026-10-08
Unionistas de Salamanca,Unionistas,CD Unionistas de Salamanca CF,73.3911000089,985,,2026-10-08
Al Ansar,Ansar,Al Ansar FC,73.3905094923,986,,2026-10-08
Willem II,Willem II,Willem II Tilburg,73.3890150255,987,,2026-10-08
Sport Recife,Sport,SC do Recife,73.3864018435,988,,2026-10-08
San Miguel,San Miguel,CA San Miguel,73.3836218593,989,,2026-10-08
Al Khaldiya,Khaldiya,Al Khaldiya SC,73.3696572796,990,,2026-10-08
Vipers,Vipers,Vipers SC,73.3666360794,991,,2026-10-08
Wiliete,Wiliete,Wiliete SC,73.3582960413,992,,2026-10-08
Falkirk,Falkirk,Falkirk FC,73.3521799933,993,,2026-10-08
Red Arrows,Red Arrows,Red Arrows FC,73.3515197371,994,,2026-10-08
Rodina Moskva,Rodina,FK Rodina Moskva,73.3215994985,995,,2026-10-08
Carrarese,Carrarese,Carrarese Calcio 1908,73.2892810138,996,,2026-10-08
IMT,IMT,FK IMT,73.27642299,997,,2026-10-08
Shamrock Rovers,Shamrock,Shamrock Rovers FC,73.2757279596,998,,2026-10-08
Argeș,Argeș,ACS Campionii FC Argeş,73.2736428669,999,,2026-10-08
AmaZulu,AmaZulu,AmaZulu FC,73.261686013,1000,,2026-10-08
Primavera SP,Primavera,EC Primavera,73.2595614893,1001,,2026-10-08
Teuta Durrës,Teuta,KF Teuta Durrës,73.2465364822,1002,,2026-10-08
Al Duhail,Al Duhail,Al Duhail SC,73.2449010822,1003,,2026-10-08
Burton Albion,Burton,Burton Albion FC,73.2441038416,1004,,2026-10-08
Capivariano,Capivariano,Capivariano FC,73.2321074088,1005,,2026-10-08
Oţelul Galați,Oţelul,ASC Oțelul Galați,73.229855464,1006,,2026-10-08
Melbourne Victory,Mel Victory,Melbourne Victory,73.2270940482,1007,,2026-10-08
Botoșani,Botoșani,FC Botoșani,73.2211673835,1008,,2026-10-08
Sporting CP II,Sporting CP II,Sporting CP II,73.2103941161,1009,,2026-10-08
Renaissance Zemamra,RCA Zemamra,Renaissance Club Athletic Zemamra,73.2099052958,1010,,2026-10-08
Recoleta,Recoleta,CD Recoleta,73.205000512,1011,,2026-10-08
KÍ,KÍ,KÍ Klaksvík,73.2020534856,1012,,2026-10-08
MK Dons,MK Dons,Milton Keynes Dons FC,73.1825918915,1014,,2026-10-08
Vila Nova,Vila Nova,Vila Nova FC,73.1813685855,1015,,2026-10-08
Enugu Rangers,Enugu,Enugu Rangers International FC,73.1711581245,1016,,2026-10-08
Universidad Concepción,U. Concepción,CD Universidad de Concepción,73.1650346054,1017,,2026-10-08
Deportivo de A Coruña II,Deportivo II,Real Club Deportivo Fabril,73.1645202568,1018,,2026-10-08
Mixco,Mixco,CSyD Mixco,73.1390661168,1019,,2026-10-08
Zlín,Zlín,FC Zlín,73.1200355993,1020,,2026-10-08
Omonia 29is Maiou,Omonia 29 M,ALS Omonia 29is Maiou,73.1172552783,1021,,2026-10-08
Racing de Ferrol,Racing Ferrol,Racing Club Ferrol,73.1075241269,1022,,2026-10-08
Algeciras,Algeciras,Algeciras CF,73.1026585351,1023,,2026-10-08
Al Kholood,Al Kholood,Al Kholood Club,73.081908084,1024,,2026-10-08
Sheriff,Sheriff,FK Sheriff Tiraspol,73.0818058763,1025,,2026-10-08
Wydad Témara,Wydad Témara,Wydad Sportive de Témara,73.0813170274,1026,,2026-10-08
Aberdeen,Aberdeen,Aberdeen FC,73.0585201731,1027,,2026-10-08
Diriyah Club,Diriyah,Diriyah Club,73.0488909704,1028,,2026-10-08
Barcelona II,Barcelona II,FC Barcelona Atlètic,73.0477461073,1029,,2026-10-08
Real Betis II,Betis II,Betis Deportivo Balompié,73.0446181428,1030,,2026-10-08
Barnet,Barnet,Barnet FC,73.0362768824,1031,,2026-10-08
Academia Quintana,Ac. Quintana,Academia Quintana,73.0283751097,1032,,2026-10-08
Mount Pleasant Academy,Mt. Pleasant,Mount Pleasant Academy FC,73.0262897804,1033,,2026-10-08
Saarbrücken,Saarbrücken,1. FC Saarbrücken,73.022374711,1034,,2026-10-08
Anyang,Anyang,FC Anyang,73.0213508126,1035,,2026-10-08
Winterthur,Winterthur,FC Winterthur,73.0032590814,1036,,2026-10-08
Real Cartagena,Cartagena,Real Cartagena FC SA,72.9822247449,1037,,2026-10-08
CODM Meknès,CODM,Club Omnisports de Meknès,72.97635561,1038,,2026-10-08
Prishtina,Prishtina,FC Prishtina,72.9754565161,1039,,2026-10-08
Kryvbas KR,Kryvbas KR,FK Kryvbas Kryvyi Rih,72.9719786004,1040,,2026-10-08
JEF United,JEF Utd,JEF United Ichihara Chiba,72.9716498054,1041,,2026-10-08
Botev Plovdiv,Botev,PFK Botev Plovdiv,72.9618992391,1042,,2026-10-08
Petrolul 52,Petrolul 52,ACS Petrolul 52 Ploieşti,72.9598138482,1043,,2026-10-08
Real Unión,Real Unión,Real Unión Club,72.9535576637,1044,,2026-10-08
Ural,Ural,FK Ural Sverdlovskaya Oblast,72.9518198315,1045,,2026-10-08
Gualaceo,Gualaceo,Gualaceo SC,72.946078024,1046,,2026-10-08
Monastir,Monastir,US Monastirienne,72.9426417698,1047,,2026-10-08
ADT,ADT,Asociación Deportiva Tarma,72.9120161445,1048,,2026-10-08
Clermont,Clermont,Clermont Foot 63,72.8958608963,1049,,2026-10-08
Ilves,Ilves,Tampereen Ilves,72.8958608963,1050,,2026-10-08
Sydney,Sydney,Sydney FC,72.876067774,1051,,2026-10-08
Real Jaén,Jaén,Real Jaén CF,72.8684022617,1052,,2026-10-08
Kayserispor,Kayseri,Kayserispor SK,72.8520659485,1053,,2026-10-08
Fakel,Fakel,FK Fakel Voronezh,72.8447667052,1054,,2026-10-08
JS El Biar,Biar,Jeunesse Sportive D'El Biar,72.8425398843,1055,,2026-10-08
Unión Española,Española,Unión Española,72.8233832579,1056,,2026-10-08
Gol Gohar,Gol Gohar,Gol Gohar FC Sirjan,72.8233186359,1057,,2026-10-08
Progreso,Progreso,CA Progreso,72.8063514288,1058,,2026-10-08
Chaves,Chaves,GD Chaves,72.8061845858,1059,,2026-10-08
Stade-Lausanne-Ouchy,Stade-Lausanne,FC Stade-Lausanne-Ouchy,72.7940189113,1060,,2026-10-08
Preußen Münster,Münster,SC Preußen 06 Münster,72.7860242883,1061,,2026-10-08
Europa,Europa,CE Europa,72.7589118707,1062,,2026-10-08
El Qanah,El Qanah,El Qanah FC,72.7386098117,1063,,2026-10-08
Sekhukhune United,Sekhukhune Utd,Sekhukhune United FC,72.7274865677,1064,,2026-10-08
Differdange 03,Differdange,FC Differdange 03,72.7053812368,1065,,2026-10-08
Zemplín Michalovce,Zemplín,MFK Zemplín Michalovce,72.6810486961,1066,,2026-10-08
Sepsi,Sepsi,Sepsi OSK Sfântu Gheorghe,72.6786154271,1067,,2026-10-08
Cancún,Cancún,Cancún FC,72.6687634506,1068,,2026-10-08
Karmiotissa,Karmiotissa,Karmiotissa Pano Polemidia,72.6598444036,1069,,2026-10-08
Internacional Palmira,Inter Palmira,Internacional FC de Palmira,72.6544494425,1070,,2026-10-08
All Saints United,All Saints Utd,All Saints United FC,72.6397747353,1071,,2026-10-08
Independiente,Independiente,Club Independiente Petrolero,72.6388067607,1072,,2026-10-08
Dundee,Dundee,Dundee FC,72.6306447123,1073,,2026-10-08
El Gouna,Gouna,El Gouna,72.6256367267,1074,,2026-10-08
Newcastle Jets,Newcastle,Newcastle Jets FC,72.6143253906,1075,,2026-10-08
Al Ahli Benghazi,Ahli Benghazi,Al Ahli Benghazi,72.6113866065,1076,,2026-10-08
Chengdu Rongcheng,Rongcheng,Chengdu Rongcheng FC,72.6091110797,1077,,2026-10-08
RC Saint Joseph,Saint Joseph,Racing Club Saint Joseph,72.6043175898,1078,,2026-10-08
San Carlos,San Carlos,AD San Carlos,72.5937128091,1079,,2026-10-08
Numancia,Numancia,CD Numancia de Soria,72.5833681918,1080,,2026-10-08
Hapoel Jerusalem,H Jerusalem,Hapoel Jerusalem FC,72.5830205666,1081,,2026-10-08
Dukagjini,Dukagjini,KF Dukagjini Klina,72.5823276009,1082,,2026-10-08
Leyton Orient,L Orient,Leyton Orient FC,72.5823253158,1083,,2026-10-08
Atlético Morelia,Morelia,Club Atlético Morelia,72.5752539179,1084,,2026-10-08
Amal Tiznit,USAT,US Amal Tiznit,72.5644550111,1085,,2026-10-08
Wigan Athletic,Wigan,Wigan Athletic FC,72.5218376532,1086,,2026-10-08
Sant Andreu,Sant Andreu,UE Sant Andreu,72.5093227545,1087,,2026-10-08
Yverdon Sport,Yverdon,Yverdon Sport FC,72.5089751174,1088,,2026-10-08
Medeama,Medeama,Medeama SC,72.5077908656,1089,,2026-10-08
Barnsley,Barnsley,Barnsley FC,72.4940266693,1090,,2026-10-08
Verl,Verl,SC Verl 1924,72.4922884709,1091,,2026-10-08
Inter San Carlos,San Carlos,Inter San Carlos,72.4821227739,1092,,2026-10-08
Managua,Managua,Managua FC,72.476736612,1093,,2026-10-08
Laval,Laval,Stade Lavallois Mayenne FC,72.4662153295,1094,,2026-10-08
Cibao,Cibao,Cibao FC,72.4569209095,1095,,2026-10-08
Nizhny Novgorod,Nizhny Novg.,FK Pari Nizhny Novgorod,72.4568289221,1096,,2026-10-08
Stabæk,Stabæk,Stabæk Fotball,72.4547430482,1097,,2026-10-08
Volos NFC,Volos,Volos New Football Club,72.4415324674,1098,,2026-10-08
Zorya,Zorya,FC Zorya Luhansk,72.4397942271,1099,,2026-10-08
Stade Tunisien,Stade Tunisien,Stade Tunisien,72.4396528826,1100,,2026-10-08
Al Hussein,Hussein,Al Hussein SC,72.4378105748,1101,,2026-10-08
Nasaf,Nasaf,PFC Nasaf,72.4249475417,1102,,2026-10-08
General Caballero JLM,Caballero JLM,General Caballero JLM,72.4222309692,1103,,2026-10-08
Atlético Baleares,Baleares,CD Atlético Baleares,72.416154021,1104,,2026-10-08
Ceará,Ceará,Ceará SC,72.4107584556,1105,,2026-10-08
Gimnàstic Tarragona,Tarragona,Club Gimnàstic de Tarragona,72.4102439293,1106,,2026-10-08
USM El Harrach,USM El Harrach,USM El Harrach,72.3951534546,1107,,2026-10-08
CA La Paz,La Paz,CA La Paz,72.3906563894,1108,,2026-10-08
MB Rouisset,Rouisset,MB Rouisset,72.3854190831,1109,,2026-10-08
Struga,Struga,FC Struga Trim-Lum,72.3768689917,1110,,2026-10-08
Al Wehdat,Wehdat,Al Wehdat SC,72.3752329405,1111,,2026-10-08
Rivers United,Rivers Utd,Rivers United FC,72.3678646238,1112,,2026-10-08
San Antonio Bulo Bulo,San Antonio BB,CD Cultural San Antonio de Bulo Bulo,72.3676490748,1113,,2026-10-08
St. Mirren,St. Mirren,Saint Mirren FC,72.3674821981,1114,,2026-10-08
Al-Nasr,Nasr,Al-Nasr Club of Benghazi,72.3617805703,1115,,2026-10-08
Ironi Tiberias,I Tiberias,Ironi Tiberias FC,72.35496641,1116,,2026-10-08
Difaâ El Jadida,El Jadida,Difaâ Hassani d'El Jadida,72.3499577893,1117,,2026-10-08
Ballkani,Ballkani,KF Ballkani,72.3393238588,1118,,2026-10-08
Smouha,Smouha,Smouha SC,72.3318792596,1119,,2026-10-08
FC Cajamarca,FC Cajamarca,FC Cajamarca,72.3203668336,1120,,2026-10-08
Deportivo Santaní,Dep. Santaní,Deportivo Santaní,72.3203668336,1121,,2026-10-08
Bryne,Bryne,Bryne FK,72.3198522859,1122,,2026-10-08
Floriana,Floriana,Floriana FC,72.3149849367,1123,,2026-10-08
Golden Arrows,Arrows,Lamontville Golden Arrows FC,72.3092808856,1124,,2026-10-08
Rahimo,Rahimo,Rahimo FC,72.3049373028,1125,,2026-10-08
Inter Club d'Escaldes,Inter Club,Inter Club d'Escaldes,72.302816516,1126,,2026-10-08
Al-Ittihad,Ittihad,Al-Ittihad,72.2839031778,1127,,2026-10-08
Amiens,Amiens,Amiens SC,72.2781317954,1128,,2026-10-08
St. Johnstone,St. Johnstone,Saint Johnstone FC,72.2777841213,1129,,2026-10-08
Leones Negros UdeG,Leones Negros,CD Leones Negros de la Universidad de Guadalajara,72.2675826519,1130,,2026-10-08
Operário PR,Operário,Operário Ferroviário EC,72.2543090351,1131,,2026-10-08
Hassania Agadir,HUSA,Hassania Union Sport d'Agadir,72.2529577589,1132,,2026-10-08
Sestao River,Sestao,Sestao River Club,72.2506653674,1133,,2026-10-08
Cipolletti,Cipolletti,Club Cipolletti,72.2254515753,1134,,2026-10-08
Ironi Kiryat Shmona,Kiryat Shmona,Hapoel Ironi Kiryat Shmona FC,72.223546274,1135,,2026-10-08
Örgryte,Örgryte,Örgryte IS,72.2176356573,1136,,2026-10-08
Puntarenas,Puntarenas,Puntarenas FC,72.2126839486,1137,,2026-10-08
Villa Mitre,Villa Mitre,Club Villa Mitre,72.2122395979,1138,,2026-10-08
El Gaish,Gaish,Tala'ea El Gaish,72.2074114437,1139,,2026-10-08
Goiás,Goiás,Goiás EC,72.2073720069,1140,,2026-10-08
Horoya,Horoya,Horoya AC,72.1969831405,1141,,2026-10-08
Eibar II,Eibar II,SD Eibar II,72.1630486109,1142,,2026-10-08
Grenades,Grenades,Jennings Grenades FC,72.1568821373,1143,,2026-10-08
Al Hazem,Hazem,Al Hazem SC,72.1527200597,1144,,2026-10-08
RC Kouba,RC Kouba,RC Kouba,72.1364824492,1145,,2026-10-08
Kolos Kovalivka,Kolos,FK Kolos Kovalivka,72.1286267717,1146,,2026-10-08
Radnik Surdulica,Radnik,FK Radnik Surdulica,72.126540582,1147,,2026-10-08
Yelimay,Yelimay,FK Yelimay Semey,72.0959429021,1148,,2026-10-08
Universitario de Vinto,Universitario,FC Universitario de Vinto,72.0940235786,1149,,2026-10-08
Lincoln Red Imps,Red Imps,Lincoln Red Imps FC,72.0924681511,1150,,2026-10-08
Real Oruro,Real Oruro,CDT Real Oruro,72.0922850595,1151,,2026-10-08
Peterborough United,Peterborough,Peterborough United FC,72.0865548907,1152,,2026-10-08
Patriotas Boyacá,Patriotas,Patriotas Boyacá,72.0842878537,1153,,2026-10-08
Boulogne,Boulogne,US Boulogne CO,72.0813393112,1154,,2026-10-08
Académica,Académica,Associação Académica de Coimbra OAF,72.0757760125,1155,,2026-10-08
Santo Domingo,Santo Domingo,Club Deportivo Santo Domingo,72.0623823122,1156,,2026-10-08
Tarazona,Tarazona,SD Tarazona,72.0618677032,1157,,2026-10-08
Al Shabab,Shabab,Al Shabab FC,72.0574497392,1158,,2026-10-08
Stellenbosch,Stellenbosch,Stellenbosch FC,72.0366911499,1159,,2026-10-08
Tigres,Tigres,Tigres FC,72.0349131447,1160,,2026-10-08
Gualberto Villarroel SJ,GVSJ,CD Gualberto Villarroel Deportivo San José,72.0335222915,1161,,2026-10-08
Neman Grodno,Neman,FK Neman Grodno,72.0229239606,1162,,2026-10-08
Témouchent,Témouchent,CR Témouchent,72.0210440125,1163,,2026-10-08
São Bernardo,São Bernardo,São Bernardo FC,72.0206568568,1164,,2026-10-08
Independiente Cauca,Independiente,Independiente Valle del Cauca,72.0206568568,1165,,2026-10-08
Mérida,Mérida,AD Mérida,72.0138833485,1166,,2026-10-08
Gnistan,Gnistan,IF Gnistan,72.0124924817,1167,,2026-10-08
Acassuso,Acassuso,CA Acassuso,72.0050096031,1168,,2026-10-08
Chesterfield,Chesterfield,Chesterfield FC,72.000670078,1169,,2026-10-08
Douglas Haig,Douglas Haig,CA Douglas Haig,71.9963166354,1170,,2026-10-08
Sharjah,Sharjah,Sharjah FC,71.9931225117,1171,,2026-10-08
Novi Pazar,Novi Pazar,FK Novi Pazar,71.9898907711,1172,,2026-10-08
Rayo Majadahonda,Majadahonda,CF Rayo Majadahonda,71.9815454643,1173,,2026-10-08
Şamaxı,Şamaxı,Şamaxı FK,71.9811977425,1174,,2026-10-08
Al Arabi,Arabi,Al Arabi SC,71.9806045581,1175,,2026-10-08
Amarante,Amarante,Amarante FC,71.9770250763,1176,,2026-10-08
Urartu,Urartu,FC Urartu,71.9422525442,1177,,2026-10-08
Petrocub,Petrocub,CS Petrocub Hînceşti,71.9415570878,1178,,2026-10-08
Atlético Vinotinto,Vinotinto,CA Vinotinto,71.9288580152,1179,,2026-10-08
Ourense CF,Ourense,Ourense CF,71.927995644,1180,,2026-10-08
Al Riffa,Riffa,Bahrain Riffa Club,71.9141886448,1181,,2026-10-08
Recreativo Huelva,Huelva,RC Recreativo de Huelva,71.9116522521,1182,,2026-10-08
Violette,Violette,Violette AC,71.908440798,1183,,2026-10-08
Heracles,Heracles,Heracles Almelo,71.9067839838,1184,,2026-10-08
Beijing Guoan,Guoan,Beijing Guoan FC,71.8974139272,1185,,2026-10-08
Extremadura,Extremadura,CD Extremadura,71.8970474141,1186,,2026-10-08
Aarau,Aarau,FC Aarau,71.8921791128,1187,,2026-10-08
Alashkert,Alashkert,Alashkert FC,71.8820947393,1188,,2026-10-08
Hapoel Ramat Gan,H Ramat Gan,Hapoel Ramat Gan Giv'atayim FC,71.872358058,1189,,2026-10-08
Kilmarnock,Kilmarnock,Kilmarnock FC,71.8678374411,1190,,2026-10-08
Náutico,Náutico,Clube Náutico Capibaribe,71.8631359894,1191,,2026-10-08
Krasava Ypsonas,Ypsonas,Krasava ENY Ypsonas FC,71.8341063841,1192,,2026-10-08
Eupen,Eupen,KAS Eupen,71.8170667833,1193,,2026-10-08
Deportes Temuco,Temuco,CD Temuco,71.8141039655,1194,,2026-10-08
Zamora,Zamora,Zamora FC,71.8113219732,1195,,2026-10-08
Aktobe,Aktobe,FK Aktobe,71.8104595549,1196,,2026-10-08
ASCK,ASCK,Association Sportive des Chauffeurs de la Kozah,71.8101465804,1197,,2026-10-08
Metropolitan,Metropolitan,Metropolitan FA,71.7976848059,1198,,2026-10-08
Gjilani,Gjilani,KF Gjilani,71.7916832913,1199,,2026-10-08
KR,KR,KR Reykjavík,71.7760320889,1200,,2026-10-08
Aluminium Arak,Aluminium Arak,Aluminium Arak FC,71.7757866031,1201,,2026-10-08
San Pedro,San Pedro,Deportivo San Pedro,71.7724703894,1202,,2026-10-08
Bnei Yehuda,Bnei Yehuda,Bnei Yehuda Tel Aviv FC,71.7662949279,1203,,2026-10-08
Versailles,Versailles,FC Versailles,71.7642083876,1204,,2026-10-08
Sportivo San Lorenzo,San Lorenzo,Club Sportivo San Lorenzo,71.761245497,1205,,2026-10-08
Osasuna II,Osasuna II,CA Osasuna Promesas,71.7565577227,1206,,2026-10-08
Club Franciscain,Franciscain,Club Franciscain,71.7302199638,1207,,2026-10-08
Tirana,Tirana,KF Tirana,71.7089143333,1208,,2026-10-08
Homs Al Fidaa,Al Fidaa,Homs Al Fidaa SC,71.7057151157,1209,,2026-10-08
Bucheon 1995,Bucheon,Bucheon FC 1995,71.7054554516,1210,,2026-10-08
Sūduva,Sūduva,FK Sūduva,71.7026545394,1211,,2026-10-08
Al Fayha,Fayha,Al Fayha FC,71.6958014644,1212,,2026-10-08
Coria,Coria,CD Coria,71.6908304345,1213,,2026-10-08
Chadormalu SC,Chadormalu,Chadormalu Sports Club,71.6860639399,1214,,2026-10-08
Portimonense,Portimonense,Portimonense SC,71.6758763262,1215,,2026-10-08
Cobán Imperial,Cobán,CSyD Cobán Imperial,71.6733577757,1216,,2026-10-08
AFC Wimbledon,Wimbledon,AFC Wimbledon,71.6723986117,1217,,2026-10-08
Al Nasr,Al Nasr,Al Nasr SC,71.6711097985,1218,,2026-10-08
Grimsby Town,Grimsby,Grimsby Town FC,71.6588354713,1219,,2026-10-08
Sol de América,Sol de América,Club Sol de América,71.647873609,1220,,2026-10-08
Hapoel Petah Tikva,H Petah Tikva,Hapoel Petah Tikva FC,71.6452722452,1221,,2026-10-08
Salford City,Salford,Salford City FC,71.6421422578,1222,,2026-10-08
Hearts of Oak,Oak,Hearts of Oak SC,71.6364364273,1223,,2026-10-08
Halmstad,Halmstad,Halmstads BK,71.6233622374,1224,,2026-10-08
Zimbru,Zimbru,FC Zimbru Chişinău,71.6167544133,1225,,2026-10-08
Navbahor,Navbahor,FK Navbahor Namangan,71.6147700047,1226,,2026-10-08
Marquense,Marquense,CD Marquense,71.6114535423,1227,,2026-10-08
Adelaide United,Adelaide Utd,Adelaide United FC,71.6080786572,1228,,2026-10-08
Argentino Monte Maíz,Argentino MM,Club Deportivo Argentino Monte Maíz,71.6002278085,1229,,2026-10-08
ABB,ABB,Academia del Balompié Boliviano,71.5765784051,1230,,2026-10-08
Cavalry,Cavalry,Cavalry FC,71.5738927999,1231,,2026-10-08
Genesis PN,Genesis PN,Genesis Policia Nacional FC,71.5693738412,1232,,2026-10-08
Vargas Torres,Vargas Torres,Club Social y Deportivo Vargas Torres,71.5449295307,1233,,2026-10-08
Amorebieta,Amorebieta,SD Amorebieta,71.5252861261,1234,,2026-10-08
Athletic Club MG,Athletic,Athletic Club (Minas Gerais),71.5244096811,1235,,2026-10-08
Hardrock,Hardrock,Hardrock FC,71.5164521001,1236,,2026-10-08
UCAM Murcia,UCAM,Universidad Católica de Murcia CF,71.5117220554,1237,,2026-10-08
Basconia,Basconia,CD Basconia,71.5068528809,1238,,2026-10-08
Dinamo Brest,Dinamo Brest,FK Dinamo Brest,71.5023314946,1239,,2026-10-08
Suwon Bluewings,Suwon,Suwon Samsung Bluewings FC,71.4950464778,1240,,2026-10-08
Ingolstadt,Ingolstadt,FC Ingolstadt 04,71.4943320955,1241,,2026-10-08
Durban City,Durban City,Durban City FC,71.4900170774,1242,,2026-10-08
Deportivo Moquegua,Moquegua,CD Moquegua,71.4864996115,1243,,2026-10-08
Black Bulls Maputo,Black Bulls,Black Bulls Maputo,71.4705424017,1244,,2026-10-08
Port,Port,Port FC,71.4595705336,1245,,2026-10-08
Talavera,Talavera,CF Talavera de la Reina,71.4574649135,1246,,2026-10-08
Araz Naxçıvan,Araz,Araz FK Naxçıvan,71.452943423,1247,,2026-10-08
Venados,Venados,Venados FC Yucatán,71.4389121433,1248,,2026-10-08
Cherno more Varna,Cherno more,PFK Cherno more Varna,71.41851022,1249,,2026-10-08
ASO Chlef,ASO Chlef,ASO Chlef,71.3898479563,1250,,2026-10-08
Abu Qair Semad,Abu Qair Semad,Abu Qair Semad SC,71.3881088676,1251,,2026-10-08
LDU Portoviejo,LDU Portoviejo,LDU de Portoviejo,71.3807652278,1252,,2026-10-08
Maniema Union,Maniema U.,AS Maniema Union,71.3790678701,1253,,2026-10-08
Maccabi Petah Tikva,M Petah Tikva,Maccabi Petah Tikva FC,71.3774679005,1254,,2026-10-08
The New Saints,TNS,The New Saints FC,71.3743375218,1255,,2026-10-08
Vegalta Sendai,Vegalta,Vegalta Sendai,71.368443354,1256,,2026-10-08
Piratas,Piratas,Piratas FC,71.366218699,1257,,2026-10-08
Patro Eisden,Patro,Patro Eisden Maasmechelen,71.3531203895,1258,,2026-10-08
Porto II,Porto II,FC Porto II,71.3447726076,1259,,2026-10-08
Mangasport,Mangasport,AS MangaSport Football,71.3378508821,1260,,2026-10-08
Saint Eloi Lupopo,Lupopo,FC Saint Eloi Lupopo,71.3369813151,1261,,2026-10-08
Hamrun Spartans,Hamrun,Hamrun Spartans FC,71.3301639108,1262,,2026-10-08
Rayo Zuliano,Rayo Zuliano,Deportivo Rayo Zuliano,71.3282439032,1263,,2026-10-08
Comunicaciones,Comunicaciones,Comunicaciones FC,71.3262536424,1264,,2026-10-08
Gimnasia Chivilcoy,GyE Chivilcoy,CSCyD Gimnasia y Esgrima de Chivilcoy,71.3261569365,1265,,2026-10-08
Polokwane City,Polokwane,Polokwane City FC,71.3216746214,1266,,2026-10-08
Alcoyano,Alcoyano,CD Alcoyano,71.3120768145,1267,,2026-10-08
Tobol Kostanay,Tobol,FK Tobol Kostanay,71.3089463399,1268,,2026-10-08
ŁKS Łódź,ŁKS Łódź,ŁKS Łódź,71.3051201982,1269,,2026-10-08
Real Tomayapo,Real Tomayapo,CD Real Tomayapo,71.2795474819,1270,,2026-10-08
Al Fateh,Fateh,Al Fateh SC,71.2784393067,1271,,2026-10-08
Željezničar,Željezničar,FK Željezničar Sarajevo,71.2776413422,1272,,2026-10-08
Feirense,Feirense,CD Feirense,71.2710324507,1273,,2026-10-08
Al Riyadh,Riyadh,Al Riyadh SC,71.2415684011,1274,,2026-10-08
Mineros de Zacatecas,Mineros,Club Mineros de Zacatecas,71.2298683448,1275,,2026-10-08
Etoile Matoury,Etoile M.,AS Etoile Matoury,71.2274705105,1276,,2026-10-08
US Biskra,Biskra,US Biskra,71.2253239014,1277,,2026-10-08
Alianza,Alianza,Alianza FC,71.2074693829,1278,,2026-10-08
Dakota,Dakota,SV Dakota,71.1959903912,1279,,2026-10-08
Réal Bamako,Réal Bamako,AS Réal de Bamako,71.1926285667,1280,,2026-10-08
Real Avilés,Real Avilés,Real Avilés CF,71.1906806056,1281,,2026-10-08
Utebo,Utebo,Utebo FC,71.1847671468,1282,,2026-10-08
Lokomotiv Plovdiv,Loko Plovdiv,PFK Lokomotiv Plovdiv 1926,71.1659831099,1283,,2026-10-08
Shanghai Port,Port,Shanghai Port FC,71.1545226789,1284,,2026-10-08
Águilas,Águilas,Águilas FC,71.1489381924,1285,,2026-10-08
Portmore United,Portmore,Portmore United FC,71.1424209456,1286,,2026-10-08
Voluntari,Voluntari,FC Voluntari,71.1402417534,1287,,2026-10-08
Iberia 1999,Iberia,FC Iberia 1999,71.1315452788,1288,,2026-10-08
Kimberley Mar del Plata,Kimberley MdP,CA Kimberley de Mar del Plata,71.1247550468,1289,,2026-10-08
Laçi,Laçi,KF Laçi,71.1225009077,1290,,2026-10-08
Gomel,Gomel,FK Gomel,71.1117171841,1291,,2026-10-08
Jaiba Brava,Jaiba Brava,Club Jaiba Brava,71.0994229867,1292,,2026-10-08
Ebro,Ebro,CD Ebro,71.090845306,1293,,2026-10-08
Čukarički,Čukarički,FK Čukarički,71.0682338738,1294,,2026-10-08
Arenas,Arenas,Arenas Club,71.0682338738,1295,,2026-10-08
Komárno,Komárno,KFC Komárno,71.0630158169,1296,,2026-10-08
Skalica,Skalica,MFK Skalica,71.045970075,1297,,2026-10-08
Selangor,Selangor,Selangor FC,71.0028520872,1298,,2026-10-08
UNA Strassen,Strassen,FC UNA Strassen,71.0014417783,1299,,2026-10-08
Newroz,Newroz,Newroz SC,70.9987633219,1300,,2026-10-08
Botafogo SP,Botafogo SP,Botafogo FC Ribeirão Preto,70.9981299489,1301,,2026-10-08
Nieciecza,Nieciecza,Bruk-Bet Termalica Nieciecza,70.9896137927,1302,,2026-10-08
Auda,Auda,FK Auda,70.957260437,1303,,2026-10-08
Cannes,Cannes,AS de Cannes,70.9419533013,1304,,2026-10-08
Teungueth,Teungueth,Teungueth FC,70.9298118811,1305,,2026-10-08
9 de Julio Rafaela,9 de Julio,CA 9 de Julio de Rafaela,70.9285525092,1306,,2026-10-08
SC Villa,SC Villa,Sports Club Villa Jogoo,70.9223321751,1307,,2026-10-08
Ajman,Ajman,Ajman Club,70.9170073334,1308,,2026-10-08
Bromley,Bromley,Bromley FC,70.9151655483,1309,,2026-10-08
Torpedo Moskva,Torpedo,FK Torpedo Moskva,70.914469758,1310,,2026-10-08
Sol de América,Sol de América,CA Sol de América de Formosa,70.8875007505,1311,,2026-10-08
Almere City,Almere,Almere City FC,70.8831589587,1312,,2026-10-08
Malavan,Malavan,Malavan Bandar Anzali FC,70.8613434373,1313,,2026-10-08
Al Khaleej,Khaleej,Al Khaleej FC,70.8571685862,1314,,2026-10-08
Le Puy Foot,Le Puy,Le Puy Football 43 Auvergne,70.8441937632,1315,,2026-10-08
OFK Beograd,OFK,OFK Beograd,70.8410626003,1316,,2026-10-08
Puerto Montt,Puerto Montt,CD Puerto Montt,70.8280090805,1317,,2026-10-08
Tudelano,Tudelano,CD Tudelano,70.8198401524,1318,,2026-10-08
Güemes,Güemes,CA Güemes,70.8196592388,1319,,2026-10-08
Al Qadsia,Qadsia,Al Qadsia SC,70.8171591799,1320,,2026-10-08
ASKO de Kara,ASKO,Association Sportive de la Kozah de Kara,70.8153520994,1321,,2026-10-08
Ghazl El Mahalla,El Mahalla,Ghazl El Mahalla SC,70.8050863995,1322,,2026-10-08
Songo,Songo,UD Songo,70.7779512874,1323,,2026-10-08
Lokeren,Lokeren,KSC Lokeren,70.7749591939,1324,,2026-10-08
Al Shamal,Shamal,Al Shamal SC,70.771930246,1325,,2026-10-08
Al Talaba,Talaba,Al Talaba FC,70.7670616672,1326,,2026-10-08
Shanghai Shenhua,Shenhua,Shanghai Shenhua FC,70.7610612122,1327,,2026-10-08
Radnički Niš,Radnički Niš,FK Radnički Niš,70.7589549012,1328,,2026-10-08
La Roche VF,La Roche,Vendée Foot Club La Roche-sur-Yon,70.7579111388,1329,,2026-10-08
Lahti,Lahti,FC Lahti,70.7499089431,1330,,2026-10-08
Blau-Weiß Linz,BW Linz,FC Blau-Weiß Linz,70.7481693314,1331,,2026-10-08
Derry City,Derry,Derry City FC,70.7227708371,1332,,2026-10-08
Jahn Regensburg,Regensburg,SSV Jahn Regensburg,70.7078099375,1333,,2026-10-08
Deportiva Minera,Minera,Club Deportiva Minera,70.7039827137,1334,,2026-10-08
Port Vale,Port Vale,Port Vale FC,70.7018951341,1335,,2026-10-08
Britannia,Britannia,SV Britannia,70.6936368584,1336,,2026-10-08
Al Nahda,Nahda,Al Nahda Club,70.6912115947,1337,,2026-10-08
Odd,Odd,Odds BK,70.6740605431,1338,,2026-10-08
Žalgiris,Žalgiris,FK Žalgiris Vilnius,70.6632745406,1339,,2026-10-08
Atenas,Atenas,Club Sportivo y Biblioteca Atenas,70.6627456771,1340,,2026-10-08
Ngezi Platinum,Ngezi,Ngezi Platinum FC,70.6620915563,1341,,2026-10-08
Exeter City,Exeter,Exeter City FC,70.6524884831,1342,,2026-10-08
Avaí,Avaí,Avai FC,70.6411735017,1343,,2026-10-08
Dinamo Tbilisi,Dinamo Tbilisi,FC Dinamo Tbilisi,70.6406585503,1344,,2026-10-08
Milford,Milford,Milford FC,70.6356459188,1345,,2026-10-08
Samartex,Samartex,FC Samartex 1996,70.6328623889,1346,,2026-10-08
Juventud Torremolinos,Torremolinos,Juventud Torremolinos CF,70.6218696975,1347,,2026-10-08
Águila,Águila,CD Águila,70.6198741032,1348,,2026-10-08
Conquense,Conquense,UB Conquense,70.618390262,1349,,2026-10-08
Botev Vratsa,Botev Vratsa,POFK Botev Vratsa,70.6176943742,1350,,2026-10-08
Teruel,Teruel,CD Teruel,70.6135190426,1351,,2026-10-08
Waldhof Mannheim,Waldhof,SV Waldhof Mannheim 07,70.6041245164,1352,,2026-10-08
Lechia Gdańsk,Lechia,KS Lechia Gdańsk,70.5985573701,1353,,2026-10-08
12 de Junio VH,12 de Junio,Club 12 de Junio de Villa Hayes,70.5948969634,1354,,2026-10-08
Okzhetpes,Okzhetpes,FK Okzhetpes Kokshetau,70.5940340529,1355,,2026-10-08
Trenčín,Trenčín,AS Trenčín,70.5902066231,1356,,2026-10-08
Gaborone United,Gaborone,Gaborone United FC,70.5862014208,1357,,2026-10-08
Barau,Barau,Barau FC,70.5665807891,1358,,2026-10-08
Rot-Weiß Erfurt,Erfurt,FC Rot-Weiß Erfurt,70.5446248803,1359,,2026-10-08
Tapatío,Tapatío,CD Tapatío,70.5403304128,1360,,2026-10-08
Ružomberok,Ružomberok,MFK Ružomberok,70.5380137061,1361,,2026-10-08
Yokohama,Yokohama,Yokohama FC,70.5376845387,1362,,2026-10-08
Partizani Tirana,Partizani,KF Partizani Tirana,70.5167882174,1363,,2026-10-08
Bergantiños,Bergantiños,Bergantiños CF,70.5129606476,1364,,2026-10-08
Fatih Karagümrük,Fatih,Fatih Karagümrük SK,70.5091330708,1365,,2026-10-08
Jorge Wilstermann,Wilstermann,Club Jorge Wilstermann,70.5089521306,1366,,2026-10-08
Ankara Keçiörengücü,Keçiörengücü,Ankara Keçiörengücü,70.5073932608,1367,,2026-10-08
Boca Juniors de Cali,Boca,Club Atlético Boca Juniors de Cali,70.5040806587,1368,,2026-10-08
Dila,Dila,FC Dila Gori,70.5004340067,1369,,2026-10-08
Bendel Insurance,Bendel Ins.,Bendel Insurance,70.4823746353,1370,,2026-10-08
Drenica Skënderaj,Drenica,KF Drenica Skënderaj,70.4816461933,1371,,2026-10-08
Polonia Warszawa,Polonia,KSP Polonia Warszawa,70.4687691107,1372,,2026-10-08
Cumbayá,Cumbayá,Cumbayá FC,70.4685881671,1373,,2026-10-08
Falkenberg,Falkenberg,Falkenbergs FF,70.4583300298,1374,,2026-10-08
Rotherham United,Rotherham,Rotherham United FC,70.4558942368,1375,,2026-10-08
Dukla Banská Bystrica,Banská Bystric,MFK Dukla Banská Bystrica,70.4426713115,1376,,2026-10-08
Naft,Naft,Al Naft Sport Club,70.4389482279,1377,,2026-10-08
NSÍ,NSÍ,NSÍ Runavík,70.4357118438,1378,,2026-10-08
Fleury,Fleury,FC Fleury 91,70.426316526,1379,,2026-10-08
FADEP,FADEP,Fundación Amigos por el Deporte,70.4118685332,1380,,2026-10-08
Suwon,Suwon,Suwon FC,70.4092844477,1381,,2026-10-08
Vora,Vora,FK Vora,70.4089176786,1382,,2026-10-08
Guadalajara,Guadalajara,CD Guadalajara,70.4019580994,1383,,2026-10-08
Skënderbeu Korçë,Skënderbeu,KS Skënderbeu Korçë,70.3995222412,1384,,2026-10-08
Defensores Belgrano VR,Def Belgrano,CAyS Defensores de Belgrano de Villa Ramallo,70.3958614891,1385,,2026-10-08
Salcedo,Salcedo,Salcedo FC,70.395438554,1386,,2026-10-08
Caen,Caen,Stade Malherbe Caen,70.3918666687,1387,,2026-10-08
Al-Akhdar,Akhdar,Al-Akhdar,70.3913794949,1388,,2026-10-08
Fram,Fram,Fram Reykjavík,70.3869949262,1389,,2026-10-08
Hoffenheim II,Hoffenheim II,TSG 1899 Hoffenheim II,70.3803832577,1390,,2026-10-08
Ústí nad Labem,Ústí,FK Ústí nad Labem,70.3793393081,1391,,2026-10-08
Asyut Petrol,Asyut Petrol,Asyut Petroleum,70.3739780715,1392,,2026-10-08
Aluminij,Aluminij,NK Aluminij,70.3699437388,1393,,2026-10-08
USFA,USFA,US des Forces Armées,70.3567550726,1394,,2026-10-08
Fajr Sepasi,Fajr,Basij Moghavemat Shahid Sepasi Fars FC,70.3394231897,1395,,2026-10-08
Siwelele,Siwelele,Siwelele FC,70.3165599022,1396,,2026-10-08
UTC Cajamarca,UTC,Club Universidad Técnica de Cajamarca,70.3116485135,1397,,2026-10-08
Vllaznia Shkodër,Vllaznia,KS Vllaznia Shkodër,70.3100894977,1398,,2026-10-08
Mladost Lučani,Mladost Lučani,FK Mladost Lučani,70.3062615523,1399,,2026-10-08
NEC,NEC,NEC FC,70.3043823765,1400,,2026-10-08
Forge,Forge,Forge FC,70.2800775323,1401,,2026-10-08
San-Pédro,San-Pédro,San-Pédro FC,70.2760205383,1402,,2026-10-08
İmişli,İmişli,İmişli FK,70.2745937363,1403,,2026-10-08
Aduana,Aduana,Aduana FC,70.2734082464,1404,,2026-10-08
Sochi,Sochi,PFK Sochi,70.2732017335,1405,,2026-10-08
Shelbourne,Shelbourne,Shelbourne FC,70.2397933884,1406,,2026-10-08
Miedź Legnica,Miedź,MKS Miedź Legnica,70.2384013625,1407,,2026-10-08
Montego Bay United,Montego Bay,Montego Bay United FC,70.2228330912,1408,,2026-10-08
Poblense,Poblense,UD Poblense,70.2077765592,1409,,2026-10-08
Colombe,Colombe,Colombe Sportive du Dja et Lobo,70.2058950077,1410,,2026-10-08
Kheybar Khorramabad,Kheybar,Kheybar Khorramabad,70.2026587226,1411,,2026-10-08
Trujillanos,Trujillanos,Trujillanos FC,70.1957631621,1412,,2026-10-08
Nafta,Nafta,NK Nafta 1903 Lendava,70.1917679615,1413,,2026-10-08
Louisville City,Louisville,Louisville City FC,70.1854194844,1414,,2026-10-08
Port City,Port City,Port City FC,70.1829260916,1415,,2026-10-08
Unión Comercio,Unión Comercio,CD Unión Comercio,70.1821905856,1416,,2026-10-08
Cibalia,Cibalia,HNK Cibalia Vinkovci,70.1806314737,1417,,2026-10-08
Slavia Sofia,Slavia Sofia,PFK Slavia 1913 Sofia,70.1736711389,1418,,2026-10-08
Estepona,Estepona,CD Estepona FS,70.1604464391,1419,,2026-10-08
SJK,SJK,Seinäjoen Jalkapallokerho,70.1371290022,1420,,2026-10-08
Hallescher FC,Hallescher FC,Hallescher FC,70.1357369082,1421,,2026-10-08
Dynamos,Dynamos,Dynamos FC,70.1342056038,1422,,2026-10-08
Ikorodu City,Ikorodu City,Ikorodu City FC,70.1319434474,1423,,2026-10-08
Veres Rivne,Veres Rivne,NK Veres Rivne,70.130168523,1424,,2026-10-08
Haras El Hodood,Haras,Haras El Hodood SC,70.1261987519,1425,,2026-10-08
Melipilla,Melipilla,CD Melipilla,70.1167625751,1426,,2026-10-08
Drochtersen / Assel,Drochtersen,SV Drochtersen / Assel,70.1155514416,1427,,2026-10-08
HB,HB,HB Tórshavn,70.1065027211,1428,,2026-10-08
Curicó Unido,Curicó Unido,CD Provincial Curicó Unido,70.0917044986,1429,,2026-10-08
Concarneau,Concarneau,US Concarneau,70.0901453195,1430,,2026-10-08
Epitsentr,Epitsentr,FK Epitsentr Kamianets-Podilskyi,70.0884051629,1431,,2026-10-08
VPS,VPS,Vaasan Palloseura,70.0877090999,1432,,2026-10-08
UD Ourense,UD Ourense,UD Ourense,70.0852728774,1433,,2026-10-08
Kahraba Ismailia,Kahraba,Kahraba Ismailia SC,70.0642493521,1434,,2026-10-08
Velež,Velež,FK Velež Mostar,70.063694783,1435,,2026-10-08
UPNFM,UPNFM,Lobos de la Universidad Pedagógica Nacional Francisco Morazán,70.0618726773,1436,,2026-10-08
Sevilla II,Sevilla II,Sevilla Atlético,70.0616065686,1437,,2026-10-08
Malacateco,Malacateco,CD Malacateco-Coatepeque,70.0573459183,1438,,2026-10-08
Seoul E-Land,Seoul E-Land,Seoul E-Land FC,70.0428313388,1439,,2026-10-08
Abha,Abha,Abha FC,70.0321256599,1440,,2026-10-08
Charleston Battery,Charleston,Charleston Battery,70.0152330632,1441,,2026-10-08
Al Faisaly,Faisaly,Al Faisaly FC,70.0122872394,1442,,2026-10-08
Bangkok United,Bangkok Utd,True Bangkok United FC,70.0122036796,1443,,2026-10-08
Wehen Wiesbaden,Wiesbaden,SV Wehen 1926 Wiesbaden,70.011836841,1444,,2026-10-08
Dreams,Dreams,Dreams FC,70.0113472913,1445,,2026-10-08
Vejle,Vejle,Vejle BK,70.0013954893,1446,,2026-10-08
Lokomotiv Sofia 1929,Lokomotiv Sf,FK Lokomotiv Sofia 1929,69.9902579901,1447,,2026-10-08
Costa Brava,Costa Brava,CA Costa Brava,69.9845082329,1448,,2026-10-08
Karviná,Karviná,MFK Karviná,69.9812087283,1449,,2026-10-08
Orléans,Orléans,US Orléans Loiret Football,69.9773801827,1450,,2026-10-08
Zob Ahan,Zob Ahan,Zob Ahan FC,69.9771344887,1451,,2026-10-08
Persija,Persija,Persatuan Sepak Bola Indonesia Jakarta,69.9770509275,1452,,2026-10-08
Nejmeh,Nejmeh,Nejmeh SC,69.9701757658,1453,,2026-10-08
Larne,Larne,Larne FC,69.9498840585,1454,,2026-10-08
Ashdod,Ashdod,FC Ashdod,69.9464035107,1455,,2026-10-08
Ruch Chorzów,Ruch,KS Ruch Chorzów,69.9453593452,1456,,2026-10-08
Waterhouse,Waterhouse,Waterhouse FC,69.9346617011,1457,,2026-10-08
Tikvesh,Tikvesh,FK Tikvesh 1930,69.9296968004,1458,,2026-10-08
Bursaspor,Bursaspor,Bursaspor Kulübü,69.9269123358,1459,,2026-10-08
TS Galaxy,Galaxy,TS Galaxy FC,69.9236382971,1460,,2026-10-08
Borneo,Borneo,Borneo FC Samarinda,69.9199699531,1461,,2026-10-08
Zakho,Zakho,Zakho SC,69.9179674467,1462,,2026-10-08
Hafia,Hafia,Hafia FC,69.9159832761,1463,,2026-10-08
Sanluqueño,Sanluqueño,Atlético Sanluqueño CF,69.9126418961,1464,,2026-10-08
Ponce,Ponce,Ponce FC,69.910297569,1465,,2026-10-08
ZESCO United,ZESCO,ZESCO United FC,69.9036271047,1466,,2026-10-08
Bastia,Bastia,SC Bastia,69.8994155479,1467,,2026-10-08
Olot,Olot,UE Olot,69.8966310429,1468,,2026-10-08
NAC Breda,NAC,NAC Breda,69.888973635,1469,,2026-10-08
Rot-Weiß Oberhausen,RW Oberhausen,SC Rot-Weiß Oberhausen 1904,69.8861891161,1470,,2026-10-08
Bukovyna,Bukovyna,FK Bukovyna Chernivtsi,69.8809681331,1471,,2026-10-08
Phönix Lübeck,Phönix Lübeck,1. FC Phönix Lübeck,69.8809681331,1472,,2026-10-08
Ranheim,Ranheim,Ranheim Fotball,69.8583437227,1473,,2026-10-08
Liège,Liège,RFC de Liege,69.8527745994,1474,,2026-10-08
MO Béjaïa,MO Béjaïa,MO Béjaïa,69.8491523734,1475,,2026-10-08
Rotor Volgograd,Rotor,FK Rotor Volgograd,69.8444208867,1476,,2026-10-08
Bristol Rovers,Bristol R,Bristol Rovers FC,69.8391997993,1477,,2026-10-08
First Vienna,First Vienna,First Vienna FC 1894,69.8294537346,1478,,2026-10-08
BG Pathum United,BGPU,BG Pathum United FC,69.8263398573,1479,,2026-10-08
AGMK,AGMK,FK AGMK,69.819809988,1480,,2026-10-08
Spartak Kostroma,Spartak Ks,FK Spartak Kostroma,69.8190114719,1481,,2026-10-08
Torpedo BelAZ,Torpedo BelAZ,FK Torpedo-BelAZ Zhodino,69.8186633956,1482,,2026-10-08
Francs Borains,Francs Borains,Royal Francs Borains,69.8151826291,1483,,2026-10-08
Varberg,Varberg,Varbergs BoIS FC,69.7970825501,1484,,2026-10-08
Chrobry Głogów,Chrobry,MZKS Chrobry Głogów,69.794645989,1485,,2026-10-08
Walsall,Walsall,Walsall FC,69.7936017477,1486,,2026-10-08
Real Oviedo II,Oviedo II,Real Oviedo Vetusta,69.7828112233,1487,,2026-10-08
Al Hilal,Hilal,Al Hilal SC,69.7826719904,1488,,2026-10-08
San Antonio,San Antonio,San Antonio FC,69.7794974769,1489,,2026-10-08
Xerez,Xerez,Xerez CD,69.7720206431,1490,,2026-10-08
Real Valladolid II,Valladolid II,Real Valladolid CF Promesas,69.7699321372,1491,,2026-10-08
Thể Công – Viettel,Viettel,Thể Công – Viettel FC,69.7654258306,1492,,2026-10-08
Nîmes,Nîmes,Nîmes Olympique,69.7399444435,1493,,2026-10-08
Würzburger Kickers,Würzburg,FC Würzburger Kickers,69.7330348557,1494,,2026-10-08
Omiya Ardija,Omiya,RB Omiya Ardija,69.7219147224,1495,,2026-10-08
Cavalier,Cavalier,Cavalier FC,69.7132857008,1496,,2026-10-08
Macarthur,Macarthur,Macarthur FC,69.7104276383,1497,,2026-10-08
Deportes Santa Cruz,Santa Cruz,CD Santa Cruz,69.7084873591,1498,,2026-10-08
Pérez Zeledón,Pérez Zeledón,Municipal de Pérez Zeledón,69.7037108073,1499,,2026-10-08
Fortuna Köln,Fortuna Köln,SC Fortuna Köln,69.7020545583,1500,,2026-10-08
Meppen,Meppen,SV Meppen 1912,69.6923078527,1501,,2026-10-08
Deportivo Rincón,Rincón,CD Rincón de Los Sauces,69.6876015699,1502,,2026-10-08
Egersund,Egersund,Egersunds IK,69.6759472085,1503,,2026-10-08
AFAD,AFAD,Académie de Football Amadou Diallo de Djékanou,69.6756339183,1504,,2026-10-08
Valletta,Valletta,Valletta FC,69.6749029077,1505,,2026-10-08
Espanyol II,Espanyol II,Reial Club Deportiu Espanyol II,69.6735105058,1506,,2026-10-08
Árabe Unido,Árabe,CD Árabe Unido,69.6608946159,1507,,2026-10-08
Spezia,Spezia,Spezia Calcio,69.6453141674,1508,,2026-10-08
Asante Kotoko,Asante Kotoko,Asante Kotoko FC,69.6434321097,1509,,2026-10-08
VfB Oldenburg,VfB Oldenburg,VfB Oldenburg 1897,69.6432255346,1510,,2026-10-08
Jaraaf,Jaraaf,ASC les Jaraaf de Dakar,69.6411717102,1511,,2026-10-08
Carl Zeiss Jena,Jena,FC Carl Zeiss Jena,69.6338266608,1512,,2026-10-08
Singida Black Stars,Black Stars,Singida Black Stars SC,69.6321209365,1513,,2026-10-08
Durango,Durango,CF Alacranes de Durango,69.6309227581,1514,,2026-10-08
Génération Foot,Génération Ft.,AS Académie Génération Foot,69.6237663378,1515,,2026-10-08
Plateau United,Plateau Utd,Plateau United FC,69.617848478,1516,,2026-10-08
Dinamo Batumi,Dinamo Batumi,FC Dinamo Batumi,69.6098071239,1517,,2026-10-08
Gwangju,Gwangju,Gwangju FC,69.5913759446,1518,,2026-10-08
Mictlán,Mictlán,CD Mictlán,69.5857030755,1519,,2026-10-08
Esenler Erokspor,Erokspor,Esenler Erokspor Kulübü,69.5749957086,1520,,2026-10-08
Aurora,Aurora,Aurora FC,69.5689934753,1521,,2026-10-08
Tampa Bay Rowdies,Tampa Bay,Tampa Bay Rowdies,69.5613348636,1522,,2026-10-08
Chemnitzer FC,Chemnitz,Chemnitzer FC,69.5530642178,1523,,2026-10-08
Sportivo Belgrano,Belgrano,CS Belgrano de San Francisco,69.5438320353,1524,,2026-10-08
Etoile du Sahel,ES Sahel,Étoile Sportive du Sahel,69.528554085,1525,,2026-10-08
Arka Gdynia,Arka,MZKS Arka Gdynia,69.5273031235,1526,,2026-10-08
Bodrum,Bodrum,Bodrum FK,69.5192962319,1527,,2026-10-08
Masar,Masar,FC Masar,69.5188065665,1528,,2026-10-08
Estrella Roja,Estrella Roja,Estrella Roja de Araulí,69.5157330164,1529,,2026-10-08
Marbella,Marbella,Marbella FC,69.5112893093,1530,,2026-10-08
AS Douanes,Douanes,AS Douanes,69.4989632625,1531,,2026-10-08
Heart of Lions,Lions,Heart of Lions FC,69.4857342879,1532,,2026-10-08
Rangers,Rangers,CSD Rangers,69.4856948004,1533,,2026-10-08
Csikszereda,Csikszereda,AFK Csikszereda Miercurea Ciuc,69.4764762439,1534,,2026-10-08
RKC Waalwijk,RKC,RKC Waalwijk,69.4761281103,1535,,2026-10-08
Isidro Metapán,Isidro,AD Isidro Metapán,69.4741314242,1536,,2026-10-08
Kano Pillars,Kano Pillars,Kano Pillars FC,69.4685039698,1537,,2026-10-08
Excelsior Virton,Virton,Royal Excelsior Virton,69.4656840751,1538,,2026-10-08
Deportivo Cuenca Juniors,CD Cuenca Jrs,CD Cuenca Juniors,69.4616735516,1539,,2026-10-08
Torpedo Kutaisi,Kutaisi,FC Torpedo Kutaisi,69.4611583102,1540,,2026-10-08
Crewe Alexandra,Crewe,Crewe Alexandra FC,69.460810174,1541,,2026-10-08
Kecskemét,Kecskemét,Kecskeméti TE,69.4458402634,1542,,2026-10-08
Independiente FBC,Independiente,Independiente FBC (Campo Grande),69.4425259802,1543,,2026-10-08
St. Pölten,St. Pölten,spusu SKN St. Pölten,69.4374849175,1544,,2026-10-08
Sumqayıt,Sumqayıt,FK Sumqayıt,69.4319146683,1545,,2026-10-08
Safa,Safa,FK Safa,69.426692546,1546,,2026-10-08
Aigles du Congo,Aigles,FC Les Aigles du Congo,69.4230718668,1547,,2026-10-08
Nassaji Mazandaran,Nassaji,Nassaji Mazandaran,69.4198320791,1548,,2026-10-08
Ratchaburi,Ratchaburi,Ratchaburi FC,69.4166152054,1549,,2026-10-08
Sportivo Las Parejas,Las Parejas,Sportivo Atlético Club Las Parejas,69.4157190835,1550,,2026-10-08
Girona II,Girona II,Girona FC II,69.4127668223,1551,,2026-10-08
Zarzis,ESZ,ES Zarzis,69.4039216507,1552,,2026-10-08
Atlético Independiente,Independiente,Atlético Independiente Siguatepeque,69.3796108997,1553,,2026-10-08
Gimnástica Segoviana,Segoviana,Gimnástica Segoviana CF,69.3709890901,1554,,2026-10-08
Londrina,Londrina,Londrina EC,69.3610597919,1555,,2026-10-08
Desportivo Huíla,Huíla,Clube Desportivo da Huíla,69.3530940373,1556,,2026-10-08
Al Karama,Karama,Al Karama SC,69.3354079549,1557,,2026-10-08
Western Sydney Wanderers,Wanderers,Western Sydney Wanderers FC,69.3351479989,1558,,2026-10-08
Gorée,Gorée,Union Sportive Goréenne,69.3309861224,1559,,2026-10-08
Hvidovre,Hvidovre,Hvidovre IF,69.3285141992,1560,,2026-10-08
Táborsko,Táborsko,FK SILON Táborsko,69.32572893,1561,,2026-10-08
Bibiani Gold Stars,Bibiani,Bibiani Gold Stars FC,69.3029569254,1562,,2026-10-08
Sacramento Republic,Sacramento,Sacramento Republic FC,69.3026660707,1563,,2026-10-08
Al Arabi,Arabi,Al Arabi SC,69.2993710753,1564,,2026-10-08
Vision,Vision,Vision FC,69.2747555539,1565,,2026-10-08
APR,APR,Armée Patriotique Rwandaise FC,69.2676203991,1566,,2026-10-08
Colchester United,Colchester,Colchester United FC,69.2571404944,1567,,2026-10-08
Minsk,Minsk,FK Minsk,69.2473916998,1568,,2026-10-08
Feronikeli,Feronikeli,KF Feronikeli,69.2449567826,1569,,2026-10-08
Linares Deportivo,Linares,Linares Deportivo,69.2341611193,1570,,2026-10-08
Wellington Phoenix,Wellington,Wellington Phoenix FC,69.2310463499,1571,,2026-10-08
Getafe II,Getafe II,Getafe CF II,69.2299830237,1572,,2026-10-08
Al Wahda,Wahda,Al Wahda SC,69.2184238124,1573,,2026-10-08
Livyi Bereh,Livyi Bereh,FK Livyi Bereh,69.1986470374,1574,,2026-10-08
Breidablik,Breidablik,Breidablik UBK,69.1982988572,1575,,2026-10-08
Al Shabab,Shabab,Al Shabab Club,69.1865630871,1576,,2026-10-08
Lion City Sailors,Lion City,Lion City Sailors FC,69.1816072247,1577,,2026-10-08
Atlético Pantoja,CA Pantoja,Club Atlético Pantoja,69.1806337142,1578,,2026-10-08
Dukla Praha,Dukla,FK Dukla Praha,69.1794970342,1579,,2026-10-08
Anzoátegui,Anzoátegui,Anzoátegui FC,69.1793159788,1580,,2026-10-08
Admira Wacker,Admira,FC Admira Wacker Mödling,69.1676587617,1581,,2026-10-08
Doma United,Doma United,Doma United FC,69.1645599085,1582,,2026-10-08
Al Nasr,Nasr,Al Nasr SCSC,69.1635829276,1583,,2026-10-08
Boca Unidos,Boca Unidos,CA Boca Unidos,69.1598176097,1584,,2026-10-08
Gernika,Gernika,SD Gernika Club,69.1533831075,1585,,2026-10-08
Covadonga,Covadonga,CD Covadonga,69.1474639048,1586,,2026-10-08
Landskrona,Landskrona,Landskrona BoIS,69.1464193379,1587,,2026-10-08
Marsaxlokk,Marsaxlokk,Marsaxlokk FC,69.1443302025,1588,,2026-10-08
Barbastro,Barbastro,UD Barbastro,69.1422410649,1589,,2026-10-08
Vitebsk,Vitebsk,FK Vitebsk,69.1380627834,1590,,2026-10-08
Prachuap,Prachuap,PT Prachuap FC,69.1304213812,1591,,2026-10-08
Navalcarnero,Navalcarnero,CD Artístico Navalcarnero,69.1265724659,1592,,2026-10-08
ÍA,ÍA,ÍA Akranes,69.1248315031,1593,,2026-10-08
Lyn,Lyn,FC Lyn Oslo,69.1206531864,1594,,2026-10-08
Carlos Mannucci,Mannucci,CSD Carlos A. Mannucci,69.1173383825,1595,,2026-10-08
Floridsdorfer AC,FAC Wien,Floridsdorfer AC Wien,69.1168230553,1596,,2026-10-08
Yeclano,Yeclano,Yeclano Deportivo,69.1157784729,1597,,2026-10-08
Spartak Varna,Spartak Varna,FK Spartak 1918 Varna,69.1133411119,1598,,2026-10-08
Juventud Unida Univ.,Juventud UU,CA Juventud Unida Universitario,69.109678101,1599,,2026-10-08
Brinje Grosuplje,Brinje,NK Brinje Grosuplje,69.1046362274,1600,,2026-10-08
Jenis,Jenis,FK Jenis Astana,69.095234911,1601,,2026-10-08
Sileks,Sileks,FK Sileks,69.0868781494,1602,,2026-10-08
Arnett Gardens,Gardens,Arnett Gardens FC,69.0820954903,1603,,2026-10-08
Plaza Colonia,Plaza Colonia,Club Plaza Colonia de Deportes,69.0797330914,1604,,2026-10-08
Salamanca UDS,Salamanca UDS,Salamanca CF UDS,69.0708609283,1605,,2026-10-08
TransINVEST Vilnius,TransINVEST,FK TransINVEST Vilnius,69.0705127265,1606,,2026-10-08
Bentín Tacna Heroica,Tacna Heroica,CD Bentín Tacna Heroica,69.0567517427,1607,,2026-10-08
Sporting Lagos,Sport Lagos,Sporting Lagos FC,69.0482625071,1608,,2026-10-08
San Francisco,San Francisco,San Francisco FC,69.0467506074,1609,,2026-10-08
Platense,Platense,CD Platense,69.0370031086,1610,,2026-10-08
Inter Santa Tecla,Inter,Internacional Santa Tecla,69.0357843819,1611,,2026-10-08
Richards Bay,Richards Bay,Richards Bay FC,69.0226669459,1612,,2026-10-08
Shinnik,Shinnik,FK Shinnik Yaroslavl,69.0224603088,1613,,2026-10-08
Al Ula,Ula,Al Ula FC,69.0190806092,1614,,2026-10-08
Sonnenhof Großaspach,Großaspach,SG Sonnenhof Großaspach,69.0106211354,1615,,2026-10-08
Široki Brijeg,Široki Brijeg,NK Široki Brijeg,69.0026122443,1616,,2026-10-08
Mačva Šabac,Mačva,FK Mačva Šabac,68.998085466,1617,,2026-10-08
Comerciantes,Comerciantes,AD Comerciantes FC,68.9874579442,1618,,2026-10-08
Stjarnan,Stjarnan,UMF Stjarnan,68.9806746874,1619,,2026-10-08
Municipal Limeño,Limeño,CD Municipal Limeño,68.977981088,1620,,2026-10-08
Puszcza Niepołomice,Puszcza,MKS Puszcza Niepołomice,68.9733621165,1621,,2026-10-08
Kruger United,Kruger,Kruger United FC,68.9718276665,1622,,2026-10-08
Valur,Valur,Valur Reykjavík,68.9716210244,1623,,2026-10-08
Union Brescia,Union Brescia,Union Brescia Srl,68.9646566411,1624,,2026-10-08
Antalyaspor,Antalyaspor,Antalyaspor Kulübü,68.961522661,1625,,2026-10-08
Paykan,Paykan,Paykan FC,68.952919542,1626,,2026-10-08
Ninh Bình,Ninh Bình,CLB Ninh Bình,68.9462197156,1627,,2026-10-08
Tlaxcala,Tlaxcala,Tlaxcala FC,68.9457336062,1628,,2026-10-08
San Martín Mendoza,SM Mendoza,Atlético Club San Martín de Mendoza,68.9428858272,1629,,2026-10-08
York City,York,York City FC,68.9423704565,1630,,2026-10-08
Dinamo Samarqand,Samarqand,PFK Dinamo Samarqand,68.9334190325,1631,,2026-10-08
Remo Stars,Remo Stars,Remo Stars FC,68.9260387086,1632,,2026-10-08
AJEL,AJEL,AJEL de Rufisque,68.921511762,1633,,2026-10-08
Bravos do Maquis,Bravos,Bravos do Maquis FC,68.9171589193,1634,,2026-10-08
Shooting Stars,Shooting Stars,Shooting Stars FC (3SC),68.9079308623,1635,,2026-10-08
KCCA,KCCA,Kampala Capital City Authority FC,68.9039262209,1636,,2026-10-08
Sarmiento de La Banda,Sar La Banda,CA Sarmiento de La Banda,68.8997056687,1637,,2026-10-08
Bechem United,Bechem Utd,Bechem United FC,68.8990487057,1638,,2026-10-08
Waterford,Waterford,Waterford FC,68.887350405,1639,,2026-10-08
Bartolomé Mitre,Bartolomé Mit.,CA Bartolomé Mitre,68.886821091,1640,,2026-10-08
La Unión Atlético,Unión Atlético,FC La Unión Atlético,68.8782963315,1641,,2026-10-08
Galway United,Galway Utd,Galway United FC,68.8772516281,1642,,2026-10-08
Interclube,Interclube,GD Interclube,68.8746746909,1643,,2026-10-08
La Unión,La Unión,CD La Unión,68.8725434917,1644,,2026-10-08
Nasarawa United,Nasarawa Utd,Nasarawa United FC,68.863357023,1645,,2026-10-08
Jicaral,Jicaral,Asociación Deportiva y Recreativa Jicaral Sercoba,68.8608002759,1646,,2026-10-08
Valenciennes,Valenciennes,Valenciennes FC,68.8591433523,1647,,2026-10-08
Vlašim,Vlašim,FC Sellier & Bellot Vlašim,68.8556609733,1648,,2026-10-08
USFAS Bamako,USFAS,US des Forces Armées et de Sécurité de Bamako,68.8548252032,1649,,2026-10-08
Mondorf-les-Bains,Mondorf,US Mondorf-les-Bains,68.8525268272,1650,,2026-10-08
Unterhaching,Unterhaching,SpVgg Unterhaching,68.8525268272,1651,,2026-10-08
Oldham Athletic,Oldham,Oldham Athletic AFC,68.8483479582,1652,,2026-10-08
Binga,Binga,Binga FC,68.8381096951,1653,,2026-10-08
Stuttgart II,Stuttgart II,VfB Stuttgart 1893,68.8298911853,1654,,2026-10-08
Oriental,Oriental,Club Oriental de Futbol,68.8265759135,1655,,2026-10-08
Tampines Rovers,Tampines,Tampines Rovers FC,68.8142413047,1656,,2026-10-08
Pogoń Grodzisk Maz.,Pogoń GM,GKS Pogoń Grodzisk Mazowiecki,68.8117824923,1657,,2026-10-08
Shandong Taishan,Taishan,Shandong Taishan FC,68.8111048062,1658,,2026-10-08
Fleetwood Town,Fleetwood,Fleetwood Town FC,68.8100412634,1659,,2026-10-08
Stade d'Abidjan,Stade Abidjan,Stade d'Abidjan,68.8079866114,1660,,2026-10-08
Slavia Mozyr,Slavia,FK Slavia-Mozyr,68.8079517868,1661,,2026-10-08
Al Ramtha,Ramtha,Al Ramtha SC,68.8070094614,1662,,2026-10-08
Mes Shahr-e Babak,Mes Shahr-e B.,Mes Shahr-e Babak Kerman FC,68.8045717349,1663,,2026-10-08
Sporting Gijón II,Gijón II,Real Sporting de Gijón II,68.8020315915,1664,,2026-10-08
Al Ahli,Ahli,Al Ahli SC (Doha),68.7861145688,1665,,2026-10-08
Oddevold,Oddevold,IK Oddevold,68.783922653,1666,,2026-10-08
Quevilly-Rouen Métropole,QRM,Quevilly-Rouen Métropole,68.783922653,1667,,2026-10-08
Fafe,Fafe,AD Fafe,68.7752163757,1668,,2026-10-08
Alianza,Alianza,Alianza FC Panama,68.7726943441,1669,,2026-10-08
Deportivo Lara,Deportivo Lara,AC Lara,68.7708562581,1670,,2026-10-08
Badajoz,Badajoz,CD Badajoz,68.7699925916,1671,,2026-10-08
Duhok,Duhok,Duhok FC,68.767659526,1672,,2026-10-08
Atlético CP,Atlético CP,Atlético Clube de Portugal,68.7661618081,1673,,2026-10-08
Coruxo,Coruxo,Coruxo FC,68.7581519651,1674,,2026-10-08
Ravenna,Ravenna,Ravenna FC,68.7571072007,1675,,2026-10-08
Bandırmaspor,Bandırma,Bandırmaspor SK,68.7550176702,1676,,2026-10-08
Sarıyer,Sarıyer,Sarıyer SK,68.7522316262,1677,,2026-10-08
Marino de Luanco,Marino Luanco,Club Marino de Luanco,68.7480525532,1678,,2026-10-08
Chippa United,Chippa Utd,Chippa United FC,68.7440801368,1679,,2026-10-08
St. John's,St. John's,St. John's SC,68.7432691084,1680,,2026-10-08
Northampton Town,Northampton,Northampton Town FC,68.7410874127,1681,,2026-10-08
Borussia Dortmund II,Dortmund II,BV Borussia 09 Dortmund II,68.7393461238,1682,,2026-10-08
Cieza,Cieza,CD Cieza,68.7379530917,1683,,2026-10-08
Ouakam,Ouakam,US Ouakam,68.7365948844,1684,,2026-10-08
Intercity,Intercity,CF Intercity Sant Joan d'Alacant,68.7327292128,1685,,2026-10-08
Costa do Sol,Costa do Sol,CD Costa do Sol,68.7270177566,1686,,2026-10-08
Bnei Sakhnin,Sakhnin,Ihoud Bnei Sakhnin FC,68.7219331542,1687,,2026-10-08
Potenza,Potenza,SSD Potenza Calcio,68.7215848933,1688,,2026-10-08
Heilbronn-Freiberg,H.-Freiberg,SGV Heilbronn-Freiberg,68.718102281,1689,,2026-10-08
Iğdır,Iğdır,Iğdır FK,68.7149679249,1690,,2026-10-08
Kitara,Kitara,Kitara FC,68.7099529452,1691,,2026-10-08
Daegu,Daegu,Daegu FC,68.7087180046,1692,,2026-10-08
Dubai United,Dubai,Dubai United FC,68.7081050907,1693,,2026-10-08
Oulu,Oulu,AC Oulu,68.708002672,1694,,2026-10-08
Rustavi,Rustavi,FC Rustavi,68.7069578821,1695,,2026-10-08
Qəbələ,Qəbələ,FK Qəbələ,68.703475245,1696,,2026-10-08
Berekum Chelsea,Chelsea,Berekum Chelsea FC,68.702985386,1697,,2026-10-08
Fredericia,Fredericia,FC Fredericia,68.6940720953,1698,,2026-10-08
Terrassa,Terrassa,Terrassa FC,68.693375564,1699,,2026-10-08
Östersund,Östersunds,Östersunds FC,68.693375564,1700,,2026-10-08
Kataller Toyama,Toyama,Kataller Toyama,68.691304775,1701,,2026-10-08
Paraguarí,Paraguarí,CA Paraguarí,68.685532605,1702,,2026-10-08
CAPS United,CAPS,Central African Pharmaceutical Society United FC,68.6852261299,1703,,2026-10-08
Llapi,Llapi,KF Llapi Podujevë,68.6756162246,1704,,2026-10-08
TPS,TPS,Turun Palloseura,68.6749173978,1705,,2026-10-08
Vita Club,Vita,AS Vita Club,68.6671161606,1706,,2026-10-08
Kwara United,Kwara Utd,Kwara United,68.6557973485,1707,,2026-10-08
Guillermo Brown,Guillermo Br,CSA Guillermo Brown,68.6541883307,1708,,2026-10-08
Karela United,Karela,Karela United FC,68.6528347442,1709,,2026-10-08
Valencia II,Valencia II,Valencia CF Mestalla,68.6526280699,1710,,2026-10-08
Detroit City,Detroit City,Detroit City FC,68.6518472522,1711,,2026-10-08
Orsomarso,Orsomarso,Orsomarso SC,68.6353815361,1712,,2026-10-08
Mafra,Mafra,CD Mafra,68.6348660882,1713,,2026-10-08
Paradou AC,Paradou,Paradou AC,68.6232313588,1714,,2026-10-08
La Nucía,La Nucía,CF La Nucía,68.6160591162,1715,,2026-10-08
Volendam,Volendam,FC Volendam,68.6087452471,1716,,2026-10-08
Shonan Bellmare,Shonan,Shonan Bellmare,68.604236408,1717,,2026-10-08
Katsina United,Katsina Utd,Katsina United FC,68.5882314464,1718,,2026-10-08
Green Eagles,Eagles,Green Eagles FC,68.5753449129,1719,,2026-10-08
Enyimba,Enyimba,Enyimba International FC,68.5694240461,1720,,2026-10-08
FC Tulsa,Tulsa,FC Tulsa,68.566170358,1721,,2026-10-08
Gent II,Jong Gent,Jong KAA Gent (KRC Gent II),68.5641649088,1722,,2026-10-08
Hødd,Hødd,IL Hødd,68.5554576981,1723,,2026-10-08
Warta Poznań,Warta Poznań,Warta Poznań,68.5484919029,1724,,2026-10-08
Reddis,Reddis,CF Reddis,68.5450089964,1725,,2026-10-08
Maestro United Zambia,MUZA,Maestro United Zambia FC,68.533898485,1726,,2026-10-08
Cruz Azul Hidalgo,CA Hidalgo,CD Cruz Azul Hidalgo,68.5250372092,1727,,2026-10-08
Al Karkh,Karkh,Al Karkh SC,68.5245644446,1728,,2026-10-08
Racing United,Racing Utd,Racing United FC,68.5127098416,1729,,2026-10-08
Al Salmiyah,Salmiyah,Al Salmiyah SC,68.5109786274,1730,,2026-10-08
Paredes,Paredes,USC Paredes,68.5060000384,1731,,2026-10-08
Liepāja,Liepāja,FK Liepāja,68.5021687614,1732,,2026-10-08
Marítimo,Maritimo,Club Sport Marítimo de Venezuela,68.4932801709,1733,,2026-10-08
Bordeaux,Bordeaux,FC Girondins de Bordeaux,68.4895777411,1734,,2026-10-08
Tenerife II,Tenerife II,CD Tenerife II,68.4809224582,1735,,2026-10-08
Baník Ostrava II,Baník II,FC Baník Ostrava II,68.4798775523,1736,,2026-10-08
Abia Warriors,Abia,Abia Warriors FC,68.4698115986,1737,,2026-10-08
Barranquilla,Barranquilla,CD Barranquilla FC,68.4622812575,1738,,2026-10-08
Don Benito,Don Benito,CD Don Benito,68.4551479579,1739,,2026-10-08
Sporting Hasselt,Hasselt,Koninklijke Sporting Hasselt,68.4544513452,1740,,2026-10-08
Pendikspor,Pendik,Pendik SK,68.4485301283,1741,,2026-10-08
US Chaouia,Chaouia,Union Sportive des Chaouia,68.4473435933,1742,,2026-10-08
Unión San Felipe,San Felipe,CD Unión San Felipe,68.4448659313,1743,,2026-10-08
Central Coast Mariners,Central Coast,Central Coast Mariners FC,68.444369244,1744,,2026-10-08
Lierse SK,Lierse,Koninklijke Lierse SK,68.4422605858,1745,,2026-10-08
Swindon Town,Swindon,Swindon Town FC,68.4384291892,1746,,2026-10-08
Kabwe Warriors,Warriors,Kabwe Warriors FC,68.4314978262,1747,,2026-10-08
Vitesse,Vitesse,Vitesse,68.4262383341,1748,,2026-10-08
Shams Azar Qazvin,Shams Azar,Shams Azar Qazvin,68.4249475217,1749,,2026-10-08
Manila Digger,Manila Digger,Manila Digger FC,68.4156359138,1750,,2026-10-08
Gor Mahia,Gor Mahia,Gor Mahia FC,68.4114675968,1751,,2026-10-08
Kriens,Kriens,SC Kriens,68.4011597747,1752,,2026-10-08
Tropezón,Tropezón,CD Tropezón,68.3997665124,1753,,2026-10-08
Catania,Catania,Calcio Catania,68.3931485034,1754,,2026-10-08
Albirex Niigata,Albirex,Albirex Niigata,68.3910774104,1755,,2026-10-08
Azuaga,Azuaga,CD Azuaga,68.3725977069,1756,,2026-10-08
Konkola Blades,Blades,Konkola Blades FC,68.3625312242,1757,,2026-10-08
Castellón II,Castellón II,CD Castellón II,68.358316523,1758,,2026-10-08
Panevėžys,Panevėžys,FK Panevėžys,68.3374170493,1759,,2026-10-08
Ashantigold,Ashantigold,Ashantigold FC,68.3317021995,1760,,2026-10-08
Atenas,Atenas,CA Atenas,68.3313143626,1761,,2026-10-08
Esteghlal Khuzestan,Khuzestan,Esteghlal Meli-Sanati Khuzestan FC,68.3302046205,1762,,2026-10-08
Mouna,Mouna,FC Mouna d'Akoupé,68.3290920326,1763,,2026-10-08
Batman Petrolspor,Batman,Batman Petrol SK,68.3276638883,1764,,2026-10-08
Hannover 96 II,Hannover II,Hannoverscher Sportverein 1896 II,68.3273155602,1765,,2026-10-08
Perth Glory,Perth,Perth Glory FC,68.3207161259,1766,,2026-10-08
Sporting San Miguelito,San Miguelito,AF Sporting San Miguelito,68.3059831506,1767,,2026-10-08
Nkana,Nkana,Nkana FC,68.3026189503,1768,,2026-10-08
MWOS,MWOS,Moors World of Sport FC,68.3020964518,1769,,2026-10-08
Manresa,Manresa,CE Manresa,68.2997974568,1770,,2026-10-08
Pharco,Pharco,Pharco FC,68.299655834,1771,,2026-10-08
Suchitepéquez,Suchitepéquez,CD Suchitepéquez,68.2917015001,1772,,2026-10-08
Partick Thistle,Partick,Partick Thistle FC,68.2715823067,1773,,2026-10-08
UD Logroñés II,Logroñés II,UD Logroñés II,68.2635705262,1774,,2026-10-08
Milo,Milo,Milo FC,68.2299903728,1775,,2026-10-08
Platinum,Platinum,FC Platinum,68.2275519583,1776,,2026-10-08
Ciudad de Lucena,Lucena,CD Ciudad de Lucena,68.2252528792,1777,,2026-10-08
Al Gharafa,Gharafa,Al Gharafa SC,68.2215235178,1778,,2026-10-08
Daquilema,Daquilema,Daquilema FC,68.2212399348,1779,,2026-10-08
Hartford Athletic,Hartford Ath,Hartford Athletic,68.214369849,1780,,2026-10-08
ASM Oran,ASM Oran,ASM d'Oran,68.2129191205,1781,,2026-10-08
El Linqueño,Linqueño,CA El Linqueño,68.2093961291,1782,,2026-10-08
Weiche Flensburg,Weiche,SC Weiche Flensburg 08,68.2047003895,1783,,2026-10-08
Soroksár SC,Soroksár,Soroksár Sport Club 1905,68.2040036913,1784,,2026-10-08
Al Merreikh,Merreikh,Al-Merreikh Al-Sudan,68.1977682334,1785,,2026-10-08
Herentals,Herentals,Herentals College FC,68.190975391,1786,,2026-10-08
Castellonense,Castellonense,UD Castellonense,68.1869345108,1787,,2026-10-08
Banga,Banga,FK Banga Gargždai,68.1858894543,1788,,2026-10-08
Escorpiones Belén,Escorpiones,CD Escorpiones de Belén FC,68.1851084581,1789,,2026-10-08
Slatina,Slatina,CSM Slatina,68.1785740436,1790,,2026-10-08
Choloma,Choloma,CD Choloma,68.1781436881,1791,,2026-10-08
Ben Guerdane,USBG,Union Sportive de Ben Guerdane,68.1756455821,1792,,2026-10-08
Resistencia,Resistencia,Resistencia SC,68.1721225263,1793,,2026-10-08
Radomlje,Radomlje,NK Radomlje,68.169168477,1794,,2026-10-08
Coleraine,Coleraine,Coleraine FC,68.1684717666,1795,,2026-10-08
Boreham Wood,Boreham Wood,Boreham Wood FC,68.1677576382,1796,,2026-10-08
Racing Santander II,Santander II,Rayo Cantabria,68.1649882112,1797,,2026-10-08
Correcaminos UAT,Correcaminos,CF Correcaminos de la UAT,68.1634756593,1798,,2026-10-08
UMECIT,UMECIT,UMECIT FC,68.1541048586,1799,,2026-10-08
Kiryat Yam SC,Kiryat Yam SC,Kiryat Yam Sports Club,68.1493121378,1800,,2026-10-08
Highlanders,Highlanders,Highlanders FC,68.1439474094,1801,,2026-10-08
Čelik,Čelik,NK Čelik Zenica,68.1392097154,1802,,2026-10-08
RSD Alcalá,Alcalá,RSD Alcalá,68.1357261099,1803,,2026-10-08
Varzim,Varzim,Varzim SC,68.1311974137,1804,,2026-10-08
Tepatitlán,Tepa,Tepatitlán FC,68.1268979396,1805,,2026-10-08
Deportivo Llacuabamba,Llacuabamba,CSCD Llacuabamba,68.1202170254,1806,,2026-10-08
Kun Khalifat,Kun Khalifat,Kun Khalifat FC,68.1197362837,1807,,2026-10-08
Rapperswil-Jona,Rapperswil,FC Rapperswil-Jona,68.1134308928,1808,,2026-10-08
Sanat Naft,Sanat Naft,Sanat Naft FC,68.1097013264,1809,,2026-10-08
Wally Daan,Wally Daan,Wally Daan FC,68.1075435212,1810,,2026-10-08
Bogotá,Bogotá,Corporación Deportiva Bogotá FC,68.0902575423,1811,,2026-10-08
Příbram,Příbram,FK Příbram,68.0782457556,1812,,2026-10-08
Independiente Chivilcoy,Ind Chivilcoy,Atlético Independiente de Chivilcoy,68.0613427383,1813,,2026-10-08
Río Aguarico,Río Aguarico,Río Aguarico Fútbol Club,68.0397434595,1814,,2026-10-08
Unión Minas Volcán,Minas Volcán,CD Unión Minas,68.0359113053,1815,,2026-10-08
Swedru All Blacks,All Blacks,Swedru All Blacks United FC,68.0321186594,1816,,2026-10-08
Lusail City,Lusail City,Lusail City FC,68.0302724808,1817,,2026-10-08
Basake Holy Stars,Holy Stars,Basake Holy Stars FC,68.0202737515,1819,,2026-10-08
Kazma,Kazma,Kazma,68.0180791811,1820,,2026-10-08
Rhode Island,Rhode Island,Rhode Island FC,68.0123183246,1821,,2026-10-08
Salernitana,Salernitana,US Salernitana 1919,68.0117058591,1822,,2026-10-08
FH,FH,FH Hafnarfjörður,67.9995124478,1823,,2026-10-08
Polonia Bytom,Pl Bytom,TS Polonia Bytom,67.9901060519,1824,,2026-10-08
Real Ávila,Ávila,Real Ávila CF,67.983835097,1825,,2026-10-08
Nueva Santa Rosa,Santa Rosa,Nueva Santa Rosa CDF,67.9788733742,1826,,2026-10-08
Thionville Lusitanos,Thionville,US Thionville Lusitanos,67.9705963508,1827,,2026-10-08
Sesvete,Radnik,NK Sesvete,67.9702479616,1828,,2026-10-08
Amstetten,Amstetten,SKU Ertl Glas Amstetten,67.965022116,1829,,2026-10-08
ES Mostaganem,ES Mostaganem,ES Mostaganem,67.9603513925,1830,,2026-10-08
Tokushima Vortis,Tokushima,Tokushima Vortis,67.9577247227,1831,,2026-10-08
Atert Bissen,Atert,FC Atert Bissen,67.9392410807,1832,,2026-10-08
Júbilo Iwata,Júbilo,Júbilo Iwata,67.9350791547,1833,,2026-10-08
Atlético Tembetary,Tembetary,Club Atlético Tembetary,67.9279112571,1834,,2026-10-08
Pars Jonoubi Jam,Pars Jam,FC Pars Jonoubi Jam,67.9201817461,1835,,2026-10-08
Colón,Colón,Colón FC,67.918852927,1836,,2026-10-08
Rentistas,Rentistas,CA Rentistas,67.9087493571,1837,,2026-10-08
11 de Mayo,11 de Mayo,11 de Mayo FC,67.900387744,1838,,2026-10-08
Marumo Gallants,Gallants,Marumo Gallants FC,67.8941560295,1839,,2026-10-08
Benjamín Aceval,B. Aceval,Club Dr. Benjamín Aceval,67.890284082,1840,,2026-10-08
Zemun,Zemun,FK Zemun,67.8824519672,1841,,2026-10-08
Palmeira,Palmeira,Grupo Desportivo da Palmeira,67.8812673921,1842,,2026-10-08
CS-Disciples,CS-Disciples,Caisse Nationale de Prévoyance Sociale Sport - Disciples FC,67.8673311635,1843,,2026-10-08
Yenisey,Yenisey,FK Yenisey Krasnoyarsk,67.8646832672,1844,,2026-10-08
Sportivo Carapeguá,Carapeguá,Club Sportivo Carapeguá,67.8638052803,1845,,2026-10-08
Kagoshima United,Kagoshima Utd,Kagoshima United FC,67.8605211879,1846,,2026-10-08
1860 München,1860 München,TSV 1860 München,67.856321472,1847,,2026-10-08
Mineros,Mineros,Mineros SC,67.8537014357,1848,,2026-10-08
Bani Yas,Bani Yas,Bani Yas Club,67.8480621041,1849,,2026-10-08
FC Santa Coloma,FC St. Coloma,FC Santa Coloma,67.8382041306,1850,,2026-10-08
Ferizaj,Ferizaj,KF Ferizaj,67.8336770601,1851,,2026-10-08
Germinal de Rawson,Ger Rawson,CA Germinal Trelew,67.8317515305,1852,,2026-10-08
Al Wakrah,Wakrah,Al Wakrah SC,67.8139176091,1853,,2026-10-08
Kansanshi Dynamos,Kansanshi,Kansanshi Dynamos FC,67.8128047383,1854,,2026-10-08
Manacor,Manacor,CE Manacor,67.8117246473,1855,,2026-10-08
Cheltenham Town,Cheltenham,Cheltenham Town FC,67.8113762308,1856,,2026-10-08
Stockholm Inter,Stockholm Int.,FC Stockholm Internazionale,67.8064983926,1857,,2026-10-08
Dundalk,Dundalk,Dundalk FC,67.8037110512,1858,,2026-10-08
Obolon Kyiv,Obolon,FK Obolon Kyiv,67.8009237059,1859,,2026-10-08
Henan,Henan,Henan FC,67.7845667898,1860,,2026-10-08
Sport Huancayo II,Huancayo II,Club Sport Huancayo II,67.7808825805,1861,,2026-10-08
SOA,SOA,Société Omnisports de l'Armée,67.7755238454,1862,,2026-10-08
Colorado Springs,Switchbacks,Colorado Springs Switchbacks FC,67.7743594259,1863,,2026-10-08
Roda JC,Roda JC,Roda JC Kerkrade,67.7740953115,1864,,2026-10-08
América Mineiro,América MG,América FC (Minas Gerais),67.7728688621,1865,,2026-10-08
Defence Force,Defence,Defence Force FC,67.7694814983,1866,,2026-10-08
CI Kamsar,Kamsar,Club Industriel de Kamsar,67.763154799,1867,,2026-10-08
Xamax,Xamax,Neuchâtel Xamax FCS,67.7615520438,1868,,2026-10-08
Kaspiy,Kaspiy,FK Kaspiy Aktau,67.7528413955,1869,,2026-10-08
Deportivo Miranda,Miranda,Deportivo Miranda Fútbol Club,67.7502212251,1870,,2026-10-08
WE,WE,WE SC (Telecom Egypt),67.746428044,1871,,2026-10-08
Laredo,Laredo,CD Laredo,67.7315872559,1872,,2026-10-08
BATE,BATE,FK BATE Borisov,67.730193534,1873,,2026-10-08
Sacachispas,Sacachispas,CSyD Sacachispas,67.729760793,1874,,2026-10-08
Öster,Öster,Östers IF,67.729148242,1875,,2026-10-08
Bayelsa United,Bayelsa Utd,Bayelsa United FC,67.7250019115,1876,,2026-10-08
Sandviken,Sandviken,Sandvikens IF,67.7239217736,1877,,2026-10-08
Señor Montúfar,Señor,CD Señor Montúfar,67.7181656742,1878,,2026-10-08
Dewa United,Dewa United,Dewa United Banten FC,67.7134876118,1879,,2026-10-08
Defensores Vilelas,Defensores V.,Club Atlético Defensores de Vilelas,67.7125907438,1880,,2026-10-08
Gimnasia Concepción,Gim Concepción,Club Gimnasia y Esgrima de Concepción del Uruguay,67.7045767544,1881,,2026-10-08
El Nacional,El Nacional,CD El Nacional,67.6965627333,1882,,2026-10-08
Kuching City,Kuching City,Kuching City FC,67.6957174264,1883,,2026-10-08
Odra Opole,Odra,OKS Odra Opole,67.6915173679,1884,,2026-10-08
Aviced,Aviced,Aviced Fútbol Club,67.6902908684,1885,,2026-10-08
Cittadella,Cittadella,AS Cittadella,67.6828064175,1886,,2026-10-08
Khorfakkan,Khorfakkan,Khorfakkan Club,67.6811666932,1887,,2026-10-08
Atlético Madrid III,A Madrid III,Club Atlético de Madrid III,67.6772313894,1888,,2026-10-08
Fénix,Fénix,CA Fénix,67.6704298344,1889,,2026-10-08
Toledo,Toledo,CD Toledo,67.6615515405,1890,,2026-10-08
Mallorca II,Mallorca II,Real Club Deportivo Mallorca II,67.65771867,1891,,2026-10-08
Niger Tornadoes,Tornadoes,Niger Tornadoes FC,67.6556628546,1892,,2026-10-08
Ferroviário Beira,Ferro Beira,Clube Ferroviário da Beira,67.652004195,1893,,2026-10-08
Lokomotive Leipzig,Lok Leipzig,1. FC Lokomotive Leipzig,67.6465684598,1894,,2026-10-08
Aigle Noir,Aigle Noir,Aigle Noir Makamba,67.6448610802,1895,,2026-10-08
Kazincbarcika,Kazincbarcika,Kolorcity Kazincbarcika SC,67.6448262339,1896,,2026-10-08
Quick Boys,Quick Boys,kvv Quick Boys,67.6444777886,1897,,2026-10-08
Melgar II,Melgar II,FBC Melgar II,67.6382336375,1898,,2026-10-08
Vysočina Jihlava,Vysočina,FC Vysočina Jihlava,67.6354181881,1899,,2026-10-08
Chornomorets,Chornomorets,FK Chornomorets Odesa,67.6343728469,1900,,2026-10-08
Etoile Carouge,Etoile Carouge,Etoile Carouge FC,67.6308883725,1901,,2026-10-08
Lokomotiv,Lokomotiv,FK Lokomotiv Tashkent,67.628900158,1902,,2026-10-08
Peña Sport,Peña Sport,Peña Sport FC,67.6277523404,1903,,2026-10-08
Debibi United,Debibi,Debibi United FC,67.6272622223,1904,,2026-10-08
Stal Rzeszów,Stal Rzeszów,ZKS Stal Rzeszów,67.619738014,1905,,2026-10-08
Cuarte,Cuarte,CD Cuarte Industrial,67.6172988649,1906,,2026-10-08
St Maur Lusitanos,St Maur Lusita,Lusitanos St Maur US,67.6165496971,1907,,2026-10-08
Simba Bhora,Simba Bhora,Simba Bhora FC,67.6126296283,1908,,2026-10-08
Atlético Astorga,Astorga,Atlético Astorga FC,67.6113752047,1909,,2026-10-08
Mura,Mura,NŠ Mura,67.6099813997,1910,,2026-10-08
Warri Wolves,Warri,Warri Wolves FC,67.5946843273,1911,,2026-10-08
Métlaoui,Métlaoui,Étoile Sportive de Métlaoui,67.5917201756,1912,,2026-10-08
Deportivo Capiatá,Capiatá,Deportivo Capiatá,67.5888930135,1913,,2026-10-08
Delfines Del Este,Delfines,Delfines Del Este FC,67.5888179568,1914,,2026-10-08
Lexington,Lexington,Lexington SC,67.5862022519,1915,,2026-10-08
Stella,Stella,Stella Club d'Adjamé,67.5790038363,1916,,2026-10-08
Liefering,Liefering,FC Liefering,67.5605007,1917,,2026-10-08
Zhejiang,Zhejiang,Zhejiang Professional FC,67.558080296,1918,,2026-10-08
Alianza Universidad,Alianza Univ,CDS y C Alianza Universidad de Huánuco,67.5568348984,1919,,2026-10-08
Saipa,Saipa,Saipa FC,67.5564216534,1920,,2026-10-08
Guaranda,Guaranda,Guaranda FC,67.5557895165,1921,,2026-10-08
Gütersloh,Gütersloh,FC Gütersloh 2000,67.5542284119,1922,,2026-10-08
Le Geldar,Le Geldar,ASC Le Geldar de Kourou,67.5517071578,1923,,2026-10-08
Santos,Santos,Santos FC,67.5502141372,1924,,2026-10-08
Zanaco,Zanaco,Zanaco FC,67.5476424882,1925,,2026-10-08
Golden Lion,Golden Lion,Golden Lion de Saint-Joseph,67.5431698346,1926,,2026-10-08
Brisbane Roar,Brisbane,Brisbane Roar FC,67.5357787114,1927,,2026-10-08
CA Batna,Batna,CA Batna,67.5345728252,1928,,2026-10-08
Portugalete,Portugalete,Club Portugalete,67.5329721789,1929,,2026-10-08
Silver Strikers,Strikers,Silver Strikers FC,67.5317873986,1930,,2026-10-08
Seraing,Seraing,RFC Seraing,67.5225182114,1931,,2026-10-08
Hurricanes,Hurricanes,Hurricanes SC,67.5219134848,1932,,2026-10-08
Dorados,Dorados,CSyD Dorados de Sinaloa,67.5175205087,1933,,2026-10-08
Wil,Wil,FC Wil 1900,67.5050948118,1934,,2026-10-08
Sivasspor,Sivas,Sivasspor Kulübü,67.5033524635,1935,,2026-10-08
Pogoń Siedlce,P Siedlce,MKP Pogoń Siedlce,67.5019585838,1936,,2026-10-08
Huracán Las Heras,Las Heras,CA Huracán Las Heras,67.4773843261,1937,,2026-10-08
Nam Định,Nam Định,Thép Xanh Nam Định FC,67.4768874017,1938,,2026-10-08
Chicken Inn,Chicken Inn,Chicken Inn FC,67.4763807199,1939,,2026-10-08
El Bayadh,Bayadh,MC El Bayadh,67.4749845308,1940,,2026-10-08
Trento,Trento,AC Trento,67.4674597535,1941,,2026-10-08
Izarra,Izarra,CD Izarra,67.4489904395,1942,,2026-10-08
Grorud,Grorud,Grorud IL,67.4482934809,1943,,2026-10-08
Oliveirense,Oliveirense,UD Oliveirense,67.4430662839,1944,,2026-10-08
Llanera,Llanera,UD Llanera,67.4360966669,1945,,2026-10-08
Kalba,Kalba,Al Ittihad Kalba,67.4351537051,1946,,2026-10-08
Sliema Wanderers,Sliema,Sliema Wanderers FC,67.434005777,1947,,2026-10-08
El Paso Locomotive,El Paso Loco,El Paso Locomotive FC,67.4314820798,1948,,2026-10-08
Casa Sport,Casa,Casa Sport,67.4214952407,1949,,2026-10-08
Septemvri Sofia,Septemvri,PFK Septemvri Sofia,67.4200664558,1950,,2026-10-08
Bijelo Brdo,Bijelo Brdo,BSK Bijelo Brdo,67.4179755493,1951,,2026-10-08
Altglienicke,Altglienicke,VSG Altglienicke,67.4036876299,1952,,2026-10-08
USM Annaba,Annaba,USM Annaba,67.3972731666,1953,,2026-10-08
Veraguas United,Veraguas Utd,Veraguas United FC,67.3941941322,1954,,2026-10-08
Mezőkövesd,Mezőkövesd,Mezőkövesd Zsóry SE,67.3932329903,1955,,2026-10-08
Znicz Pruszków,Znicz,MKS Znicz Pruszków,67.3921875233,1956,,2026-10-08
Sogndal,Sogndal,Sogndal Fotball,67.3904450772,1957,,2026-10-08
Sagrada Esperança,Sagrada,GD Sagrada Esperança,67.389260213,1958,,2026-10-08
Matlama,Matlama,Matlama FC,67.386123806,1959,,2026-10-08
Kapaz,Kapaz,FK Kapaz,67.381035842,1960,,2026-10-08
Kabuscorp,Kabuscorp,Kabuscorp SC do Palanca,67.3798509722,1961,,2026-10-08
Lorca Deportiva,Lorca,CF Lorca Deportiva,67.3765054537,1962,,2026-10-08
Mighty Wanderers,Wanderers,Mighty Wanderers FC,67.376366057,1963,,2026-10-08
Shrewsbury Town,Shrewsbury,Shrewsbury Town FC,67.3705810845,1964,,2026-10-08
Persebaya Surabaya,Persebaya,Persatuan Sepak Bola Surabaya,67.3702514102,1965,,2026-10-08
Víkingur,Víkingur,Víkingur Gøta,67.342701465,1966,,2026-10-08
Veles,Veles,Veles Moskva,67.3402619798,1967,,2026-10-08
St Joseph's,St Joseph's,St Joseph's FC,67.3360822892,1968,,2026-10-08
Yunnan Yukun,Yukun,Yunnan Yukun FC,67.3329623256,1969,,2026-10-08
Tevragh-Zeïne,FCTVZ,ASC Tevragh-Zeïne,67.3254833157,1970,,2026-10-08
River Plate,River Plate,CA River Plate,67.3243982841,1971,,2026-10-08
Mes Rafsanjan,Rafsanjan,Mes Rafsanjan,67.3243334923,1972,,2026-10-08
VVV,VVV,VVV Venlo,67.3224884986,1973,,2026-10-08
Naft Maysan,Maysan,Naft Maysan,67.3201537685,1974,,2026-10-08
Hyères,Hyères,Hyères FC,67.31581469,1975,,2026-10-08
Qatar SC,Qatar,Qatar SC,67.3138784394,1976,,2026-10-08
Hapoel Kfar Shalem,H Kfar Shalem,Hapoel Kfar Shalem FC,67.3095939137,1977,,2026-10-08
Thróttur Reykjavík,Thróttur R,Thróttur Reykjavík,67.2990690829,1978,,2026-10-08
Jerv,Jerv,FK Jerv,67.2984417734,1979,,2026-10-08
Paide,Paide,Paide Linnameeskond,67.2977447626,1980,,2026-10-08
Yaracuyanos,Yaracuyanos,Yaracuyanos FC,67.282577747,1981,,2026-10-08
Maleyet Kafr El Zayiat,Maleyet,Maleyet Kafr El Zayiat,67.2815717525,1982,,2026-10-08
Slavia Praha II,Slavia II,SK Slavia Praha II,67.2806679216,1983,,2026-10-08
Sogdiana,Sogdiana,FK Sogdiana Jizak,67.2776338341,1984,,2026-10-08
JS Omrane,Omrane,Jeunesse Sportive Omrane,67.2651917962,1985,,2026-10-08
Stal Mielec,Stal Mielec,PGE FKS Stal Mielec,67.254181105,1986,,2026-10-08
Vitesse,Vitesse,Vitesse FC,67.2406239016,1987,,2026-10-08
Club Brugge II,Club NXT,Club NXT (Club Brugge KV II),67.2395435035,1988,,2026-10-08
Drogheda United,Drogheda,Drogheda United FC,67.2346642793,1989,,2026-10-08
Hwaseong,Hwaseong,Hwaseong FC,67.2294553458,1990,,2026-10-08
Nouakchott King's,King's,Nouakchott King's,67.2289463106,1991,,2026-10-08
Pittsburgh Riverhounds,Pittsburgh,Pittsburgh Riverhounds SC,67.2286551595,1992,,2026-10-08
Opava,Opava,SFC Opava,67.2221176481,1993,,2026-10-08
Sloga Doboj,Sloga Doboj,FK Sloga Doboj,67.1938874404,1994,,2026-10-08
Bouaké,Bouaké,Bouaké FC,67.1907855785,1995,,2026-10-08
Sagan Tosu,Sagan,Sagan Tosu,67.1897239739,1996,,2026-10-08
Douanes,Douanes,AS Douanes,67.1852091855,1997,,2026-10-08
El Mansura,Mansura,El Mansura,67.185032632,1998,,2026-10-08
Nyasa Big Bullets,Big Bullets,Nyasa Big Bullets FC,67.1791099879,1999,,2026-10-08
Bantu,Bantu,Bantu FC,67.178064411,2000,,2026-10-08
Bari,Bari,SSC Bari,67.1771582407,2001,,2026-10-08
3 de Noviembre,3 de Noviembre,Club 3 de Noviembre,67.1738402661,2002,,2026-10-08
Illertissen,Illertissen,FV Illertissen 1921,67.1729759189,2003,,2026-10-08
Mardin 1969,Mardin,Mardin 1969 Spor,67.1680965324,2004,,2026-10-08
Náxara,Náxara,Náxara CD,67.1625200762,2005,,2026-10-08
JS Jijel,Jijel,Jeunesse Sportive Jijelienne,67.1526195371,2006,,2026-10-08
Tychy,Tychy,GKS Tychy,67.1468362097,2007,,2026-10-08
Erzgebirge Aue,Aue,FC Erzgebirge Aue,67.1450935503,2008,,2026-10-08
Mornar,Mornar,FK Mornar Bar,67.1377743641,2009,,2026-10-08
Victoria,Victoria,CD Victoria,67.1328128473,2010,,2026-10-08
Orihuela,Orihuela,Orihuela CF,67.1308036857,2011,,2026-10-08
Juventud Antoniana,Juv Antoniana,Centro Juventud Antoniana,67.1271370991,2012,,2026-10-08
Independiente,Independiente,CA Independiente de La Chorrera,67.1206118229,2013,,2026-10-08
Gaz Al-Shamal,Gaz Al-Shamal,Gaz Al-Shamal SC,67.1194068033,2014,,2026-10-08
Dunav ot Ruse,Dunav,FK Dunav ot Ruse,67.1001324122,2015,,2026-10-08
Ufa,Ufa,FK Ufa,67.0980411718,2016,,2026-10-08
Atlético Tordesillas,Tordesillas,CD Atlético Tordesillas,67.0973440912,2017,,2026-10-08
Vukovar,Vukovar,NK Vukovar '91,67.0966470104,2018,,2026-10-08
BUL,BUL,BIDCO BUL FC,67.0902338553,2019,,2026-10-08
Buxoro,Buxoro,FK Buxoro,67.0828078434,2020,,2026-10-08
Deportivo Quito,Quito,SD Quito,67.0769474054,2021,,2026-10-08
New Mexico United,New Mexico Utd,New Mexico United,67.0693763298,2022,,2026-10-08
Qingdao West Coast,West Coast,Qingdao West Coast FC,67.06076584,2023,,2026-10-08
Yacoub El Mansour,Yacoub,US Yacoub El Mansour,67.0567712905,2024,,2026-10-08
Aragua,Aragua,Aragua FC,67.0567317559,2025,,2026-10-08
Pompiers,Pompiers,AS Pompiers,67.0518916204,2026,,2026-10-08
Genk II,Jong Genk,Jong KRC Genk (KRC Genk II),67.0471536492,2027,,2026-10-08
Diyala,Diyala,Diyala SC,67.0427272997,2028,,2026-10-08
Gillingham,Gillingham,Gillingham FC,67.0401826548,2029,,2026-10-08
Al Golan,Golan,Al Golan SC,67.0395903483,2030,,2026-10-08
Constància,Constància,CE Constància,67.0391370035,2031,,2026-10-08
Accrington Stanley,Accrington,Accrington Stanley FC,67.0328630844,2032,,2026-10-08
İstanbulspor,İstanbulspor,İstanbulspor Kulübü,67.0119498784,2033,,2026-10-08
Las Palmas II,Las Palmas II,UD Las Palmas Atlético,67.0102071013,2034,,2026-10-08
Newport County,Newport,Newport County AFC,67.0025388642,2035,,2026-10-08
Inter Lagos,Inter Lagos,Inter Lagos FC,67.0022251629,2036,,2026-10-08
Bizertin,Bizertin,CA Bizertin,66.9943803248,2037,,2026-10-08
Nürnberg II,Nürnberg II,1. FC Nürnberg II,66.9938249226,2038,,2026-10-08
Gimpo Citizen,Gimpo,Gimpo Citizen FC,66.9921009519,2039,,2026-10-08
Sandnes Ulf,Sandnes,Sandnes Ulf,66.9917335709,2040,,2026-10-08
Opatija,Opatija,NK Opatija,66.9899907762,2041,,2026-10-08
Astillero,Astillero,Astillero FC,66.9898095255,2042,,2026-10-08
Ranchers Bees,Bees,Ranchers Bees,66.9830544382,2043,,2026-10-08
Deportiva Agropecuaria,Agropecuaria,AD Agropecuaria,66.9797012852,2044,,2026-10-08
Dugopolje,Dugopolje,NK Dugopolje,66.978836854,2045,,2026-10-08
Stade Mandji,Stade Mandji,AS Stade Mandji,66.9743404132,2046,,2026-10-08
Iwaki,Iwaki,Iwaki FC,66.969444506,2047,,2026-10-08
Tauro,Tauro,Tauro FC,66.9693413412,2048,,2026-10-08
Sutjeska,Sutjeska,FK Sutjeska Nikšić,66.9655914904,2049,,2026-10-08
Atlético Monzón,Monzón,CA Monzón,66.9655914904,2050,,2026-10-08
AZ II,AZ II,AZ II,66.9617572898,2051,,2026-10-08
Nchanga Rangers,Rangers,Nchanga Rangers FC,66.9555179839,2052,,2026-10-08
Istiklol,Istiklol,FC Istiklol Dushanbe,66.9534965343,2053,,2026-10-08
Al Mosul,Mosul,Al Mosul,66.9496623104,2054,,2026-10-08
Hapoel Ra'anana,H Ra'anana,Hapoel Ra'anana AFC,66.9495575115,2055,,2026-10-08
Linares,Linares,Club Social y Deportes Linares,66.9458905921,2056,,2026-10-08
Caudal,Caudal,Caudal Deportivo de Mieres,66.9439804451,2057,,2026-10-08
Olympic Safi,Olympic Safi,Olympic Club de Safi,66.9427930252,2058,,2026-10-08
Luz Valdivia,Luz Valdivia,Luz Valdivia FC,66.9375249713,2059,,2026-10-08
Afturelding,Afturelding,UMF Afturelding,66.9369393765,2060,,2026-10-08
Chemal,Chemal,Chemal FC,66.9333816848,2061,,2026-10-08
Keflavík,Keflavík,Keflavík ÍF,66.9328262656,2062,,2026-10-08
Tiszakécske,Tiszakécske,Tiszakécskei LC,66.92446059,2063,,2026-10-08
Tegevajaro Miyazaki,Tegevajaro,Tegevajaro Miyazaki FC,66.916810846,2064,,2026-10-08
Olympic Az Zawiyah,Az Zawiyah,Al Olympic Az Zawiyah SC,66.9089839975,2065,,2026-10-08
BSK Banja Luka,Banja Luka,FK BSK Banja Luka,66.9045919697,2066,,2026-10-08
Kyzyl-Zhar,Kyzyl-Zhar,FK Kyzyl-Zhar SK Petropavlovsk,66.9038948215,2067,,2026-10-08
Vitória Guimarães II,Vitória SC II,Vitória SC Guimarães II,66.9028490988,2068,,2026-10-08
Saint-Malo,Saint-Malo,US Saint-Malo,66.9007053655,2069,,2026-10-08
Antoniano,Antoniano,CA Antoniano,66.8941347216,2070,,2026-10-08
Manisa,Manisa,Manisa FK,66.8927404177,2071,,2026-10-08
Motema Pembe,Motema,Daring Club Motema Pembe,66.8849322978,2072,,2026-10-08
Tishreen,Tishreen,Tishreen SC,66.8769849467,2073,,2026-10-08
Maccabi Bnei Raina,Bnei Raina,Maccabi Bnei Raina FC,66.8704314225,2074,,2026-10-08
Tersana,Tersana,Tersana SC,66.8702896992,2075,,2026-10-08
Ayacucho,Ayacucho,Ayacucho FC,66.86850726,2076,,2026-10-08
Nsingizini Hotspurs,Nsingizini,Nsingizini Hotspurs,66.858091654,2077,,2026-10-08
Aguacatán,Aguacatán,Aguacatán FC,66.8536151649,2078,,2026-10-08
Patria,Patria,Club Sport Patria,66.8507295834,2079,,2026-10-08
Young Apostles,Young Apostles,Young Apostles FC,66.8403115913,2080,,2026-10-08
Gimnástica Torrelavega,Gimnástica,RS Gimnástica de Torrelavega,66.8279042083,2081,,2026-10-08
Mijas Las Lagunas,Mijas,CP Mijas Las Lagunas,66.8268584457,2082,,2026-10-08
Barquisimeto,Barquisimeto,Barquisimeto SC,66.8176138802,2083,,2026-10-08
Górnik Łęczna,Górnik Łęczna,GKS Górnik Łęczna,66.8122177113,2084,,2026-10-08
Tianjin Jinmen Tiger,Jinmen Tiger,Tianjin Jinmen Tiger FC,66.811887945,2085,,2026-10-08
Paris 13 Atletico,Paris 13,FC Paris 13 Atletico,66.8048973038,2086,,2026-10-08
Fosa Juniors,Fosa Juniors,SOM-Fosa Juniors FC,66.8037120941,2087,,2026-10-08
Diarra,Diarra,FC Diarra de la Commune 4,66.8026663188,2088,,2026-10-08
Dynamo de Douala,Dynamo,Dynamo de Douala FC,66.7876745188,2089,,2026-10-08
Trident,Trident,Trident FC,66.7857595396,2090,,2026-10-08
Hà Nội,Hà Nội,Hà Nội FC,66.7805145748,2091,,2026-10-08
Buchbach,Buchbach,TSV Buchbach,66.7787527711,2092,,2026-10-08
Domžale,Domžale,NK Domžale,66.7756154041,2093,,2026-10-08
Progrès Sakiet Eddaïer,Progrès SE,Progrès Sportif de Sakiet Eddaïer,66.7751250774,2094,,2026-10-08
Dalian Yingbo,Yingbo,Dalian Yingbo FC,66.7644791056,2095,,2026-10-08
Sporting Cascades,Cascades,Sporting Football des Cascades de Tenakourou,66.7634493452,2096,,2026-10-08
El Massira,El Massira,Jeunesse Sportive d'El Massira Laâyoune,66.7622269578,2097,,2026-10-08
Eidsvold,Eidsvold,Eidsvold TF,66.7620200898,2098,,2026-10-08
Brujas de Salamanca,B. Salamanca,CD Brujas de Salamanca,66.7492892138,2099,,2026-10-08
Real Hope,Real Hope,Real Hope FA,66.7490398267,2100,,2026-10-08
De Graafschap,De Graafschap,De Graafschap,66.7484246826,2101,,2026-10-08
Reggiana,Reggiana,AC Reggiana 1919,66.7466816749,2102,,2026-10-08
Atlètic Club d'Escaldes,Atlètic,Atlètic Club d'Escaldes,66.7438928595,2103,,2026-10-08
Montedio Yamagata,Montedio,Montedio Yamagata,66.7404256593,2104,,2026-10-08
César Vallejo,UCV,CD Universidad César Vallejo,66.7391797526,2105,,2026-10-08
Jadran LP,Jadran,NK Jadran Luka Ploče,66.7362235969,2107,,2026-10-08
Strømmen,Strømmen,Strømmen IF,66.7278570949,2108,,2026-10-08
Värnamo,Värnamo,IFK Värnamo,66.7264626744,2109,,2026-10-08
Juticalpa,Juticalpa,Juticalpa FC,66.7190598896,2110,,2026-10-08
Podbeskidzie,Podbeskidzie,TS Podbeskidzie Bielsko-Biała,66.716701704,2111,,2026-10-08
Brattvåg,Brattvåg,Brattvåg IL,66.716353097,2112,,2026-10-08
Muğlaspor,Muğla,Muğlaspor Kulübü,66.7079865113,2113,,2026-10-08
Borussia M'gladbach II,M'gladbach II,Borussia Mönchengladbach II,66.7024087679,2114,,2026-10-08
Atlético Escobar,Atl. Escobar,Atlético Escobar FC,66.700135833,2115,,2026-10-08
Seongnam,Seongnam,Seongnam FC,66.6912720591,2116,,2026-10-08
Emmen,Emmen,FC Emmen,66.683932381,2117,,2026-10-08
Magesi,Magesi,Magesi FC,66.6803045141,2118,,2026-10-08
Nõmme Kalju,Kalju,Nõmme Kalju FC,66.6692905938,2119,,2026-10-08
Radnik Bijeljina,Radnik,FK Radnik Bijeljina,66.656391787,2120,,2026-10-08
Kaloum Star,Kaloum,AS du Kaloum Star,66.6541606336,2121,,2026-10-08
Real Native,Real Native,Real Native FC,66.6464887328,2122,,2026-10-08
Al Shahaniya,Shahaniya,Al-Shahaniya SC,66.6456871375,2123,,2026-10-08
El Sekka El Hadid,Sekka El Hadid,El Sekka El Hadid,66.6409108166,2124,,2026-10-08
Al Salt,Al Salt,Al Salt SC,66.6209350048,2125,,2026-10-08
TSC,TSC,FK TSC Bačka Topola,66.6152544918,2126,,2026-10-08
Prishtina e Re,Prishtina e Re,KF Prishtina e Re,66.6082842759,2127,,2026-10-08
Elche II,Elche II,Elche Ilicitano CF,66.6051443479,2128,,2026-10-08
SD Logroñés,SD Logroñés,SD Logroñés,66.6023553336,2129,,2026-10-08
Oman Club,Oman Club,Oman Club,66.5993202137,2130,,2026-10-08
Don Bosco,Don Bosco,CS Don Bosco Lubumbashi,66.5941974444,2131,,2026-10-08
Huehuetecos,Huehuetecos,Huehuetecos FC,66.5865826966,2132,,2026-10-08
Ismaily,Ismaily,Ismaily SC,66.5844335317,2133,,2026-10-08
Al Kahrabaa,Kahrabaa,Al Kahrabaa Club,66.5801478967,2134,,2026-10-08
Green Buffaloes,Buffaloes,Green Buffaloes FC,66.5783347858,2135,,2026-10-08
Moss,Moss,Moss FK,66.5709786527,2136,,2026-10-08
Atlético,Atlético,Atlético FC,66.5687055672,2137,,2026-10-08
Ertis,Ertis,FK Ertis,66.5626114539,2138,,2026-10-08
Miramar Misiones,Miramar,CS Miramar Misiones,66.5610356275,2139,,2026-10-08
Busan IPark,Busan IPark,Busan IPark,66.5563548579,2140,,2026-10-08
Andijan,Andijan,FK Andijan,66.5539981124,2141,,2026-10-08
Racing,Racing,Racing FC Union Lëtzebuerg,66.5472714977,2142,,2026-10-08
Džiugas Telšiai,Džiugas,FK Džiugas Telšiai,66.5462255873,2143,,2026-10-08
Kaisar Kyzylorda,Kaisar,FK Kaisar Kyzylorda,66.5354178138,2144,,2026-10-08
ASPAC,ASPAC,AS du Port Autonome de Cotonou FC,66.5324892474,2145,,2026-10-08
Aubagne Air Bel,Aubagne AB,SC Aubagne Air Bel,66.5312341437,2146,,2026-10-08
Blaublitz Akita,Blaublitz,AFC Blaublitz Akita,66.5263720107,2147,,2026-10-08
Homburg,Homburg,FC 08 Homburg,66.5256559032,2148,,2026-10-08
Nordic United,Nordic,Nordic United FC,66.5253072626,2149,,2026-10-08
Al Nasr,Nasr,Al Nasr SC,66.524816874,2150,,2026-10-08
RAEC Mons,R. Mons 44,Renaissance Albert Elisabeth Club de Mons,66.5151966599,2151,,2026-10-08
Pikine,Pikine,AS Pikine,66.5138369542,2152,,2026-10-08
Real Madrid III,R Madrid III,Real Madrid CF III,66.5120588761,2153,,2026-10-08
Wikki Tourists,Wikki,Wikki Tourists FC,66.5110478114,2154,,2026-10-08
Fernando de la Mora,Fernando Mora,Club Fernando de la Mora,66.509785723,2155,,2026-10-08
Pescara,Pescara,Delfino Pescara 1936,66.5078751567,2156,,2026-10-08
Tarancón,Tarancón,CD Tarancón,66.5036914284,2157,,2026-10-08
Villarreal III,Villarreal III,Villarreal CF III,66.4914888371,2158,,2026-10-08
Tubize-Braine,RUTB,Royale Union Tubize-Braine,66.4806807648,2159,,2026-10-08
Atlético Paso,Atlético Paso,CD Atlético Paso,66.4754510313,2160,,2026-10-08
Daugavpils,Daugavpils,BFC Daugavpils,66.4698726335,2161,,2026-10-08
Manchego,Manchego,CD Manchego Ciudad Real,66.4635969173,2162,,2026-10-08
Austria Salzburg,Austria Salzb,SV Austria Salzburg,66.4353559479,2163,,2026-10-08
Chungnam Asan,Chungnam Asan,Chungnam Asan FC,66.4325855219,2164,,2026-10-08
Maccabi Herzliya,M Herzliya,Maccabi Herzliya FC,66.4315207234,2165,,2026-10-08
Proxy,Proxy,Proxy SC,66.4160379952,2166,,2026-10-08
Hatta,Hatta,Hatta Club,66.4110523824,2167,,2026-10-08
Aarhus Fremad,Aarhus Fremad,Aarhus Fremad Fodbold,66.4109498469,2168,,2026-10-08
Hapoel Rishon LeZion,Rishon LeZion,Hapoel Ironi Rishon LeZion FC,66.4099038644,2169,,2026-10-08
Havelse,Havelse,TSV Havelse,66.4001413345,2171,,2026-10-08
Roan United,Roan,Roan United FC,66.396340908,2172,,2026-10-08
Titanes,Titanes,Titanes FC,66.3957760733,2173,,2026-10-08
Stuttgarter Kickers,Stuttg Kickers,SV Stuttgarter Kickers,66.3945627243,2174,,2026-10-08
Coton Sport Ouidah,Coton Sport,Coton Sport FC,66.3905879567,2175,,2026-10-08
Circulo Deportivo,Circulo Dep.,Club Circulo Deportivo,66.3734614888,2176,,2026-10-08
Jaro,Jaro,FF Jaro,66.3558606824,2177,,2026-10-08
Réal du Faso,RFA,Réal du Faso,66.3545008672,2178,,2026-10-08
Compostela,Compostela,SD Compostela,66.3523739748,2179,,2026-10-08
Elazığspor,Elazığspor,Elazığspor Kulubü,66.3447031962,2180,,2026-10-08
Alebrijes de Oaxaca,Alebrijes,Alebrijes de Oaxaca FC,66.3410972324,2181,,2026-10-08
Al-Ittihad Benghazi,Ittihad Bngz,Al-Ittihad Benghazi,66.3396823069,2182,,2026-10-08
Kudrivka,Kudrivka,FK Kudrivka,66.3366837141,2183,,2026-10-08
Kickers Emden,Kickers Emden,BSV Kickers Emden,66.3331969725,2184,,2026-10-08
UD San Fernando,San Fernando,UD San Fernando,66.3321509489,2185,,2026-10-08
Aviron Bayonnais,Bayonne,Aviron Bayonnais FC,66.3268685209,2186,,2026-10-08
TRA United,TRA Utd,TRA United FC,66.324863637,2187,,2026-10-08
Arosa,Arosa,Arosa SC,66.3237827396,2188,,2026-10-08
Búhos ULVR,Búhos ULVR,Búhos ULVR FC,66.3183712787,2189,,2026-10-08
KAMAZ,KAMAZ,FK KAMAZ Naberezhnye Chelny,66.3154144949,2190,,2026-10-08
Tchologo,Tchologo,US Tchologo,66.3144033296,2191,,2026-10-08
Calahorra,Calahorra,CD Calahorra,66.3094869667,2192,,2026-10-08
NAPSA Stars,NAPSA,NAPSA Stars FC,66.3084757984,2193,,2026-10-08
El Kanemi Warriors,Warriors,El Kanemi Warriors FC,66.2906930979,2194,,2026-10-08
Queens Park Rangers,QPR,Queens Park Rangers FC,66.2886584003,2195,,2026-10-08
Paços de Ferreira,Paços Ferreira,FC Paços de Ferreira,66.2882174544,2196,,2026-10-08
Ciudad Nueva Santa Cruz,CN Santa Cruz,Ciudad Nueva Santa Cruz Academia FC,66.2882104807,2197,,2026-10-08
Makeni All Stars,Makeni,Makeni All Stars FC,66.2865089098,2198,,2026-10-08
Nkwazi,Nkwazi,Nkwazi FC,66.2840681293,2199,,2026-10-08
Flora,Flora,FC Flora Tallinn,66.2767109013,2200,,2026-10-08
Monagas II,Monagas,Monagas SC II,66.2712993113,2201,,2026-10-08
N'Zidane,N'Zidane,FC N'Zidane,66.263667768,2202,,2026-10-08
Audace Cerignola,Cerignola,SS Audace Cerignola,66.2606713517,2203,,2026-10-08
Olympique Dcheïra,Dcheïra,Olympique Dcheïra,66.2580887721,2204,,2026-10-08
Kladno,Kladno,SK Kladno,66.2498620164,2205,,2026-10-08
San Benito,San Benito,San Benito Fútbol Club,66.2445472983,2206,,2026-10-08
NA Hussein Dey,NA Hussein Dey,NA Hussein Dey,66.2396082354,2207,,2026-10-08
Atlético Central,CA Central,Club Atlético Central,66.2383552395,2208,,2026-10-08
AaB,AaB,Aalborg BK,66.2331248641,2209,,2026-10-08
Arsenal Tula,Arsenal,FK Arsenal Tula,66.2303353249,2210,,2026-10-08
Al Markhiya,Markhiya,Al Markhiya SC,66.2300891772,2211,,2026-10-08
Police,Police,Police FC,66.2291474775,2212,,2026-10-08
Fujieda MYFC,Fujieda,Fujieda MYFC,66.2268672248,2213,,2026-10-08
Damac,Damac,Damac FC,66.2259048605,2214,,2026-10-08
Baltimore,Baltimore,Baltimore SC,66.2253715416,2215,,2026-10-08
Real Santander,Real Santander,CD Real Santander,66.2134166851,2216,,2026-10-08
Concón National,Concón,Club Deportivo y Social Concón National,66.2102784219,2217,,2026-10-08
Puente Genil,Puente Genil,CD AD San Fermín (Salerm Cosmetic Puente Genil FC),66.2097623514,2218,,2026-10-08
La Viena FC,Viena FC,La Viena FC,66.2078770985,2219,,2026-10-08
Albacete II,Albacete II,Albacete Balompié II,66.1972092451,2220,,2026-10-08
Leopards,Leopards,AFC Leopards SC,66.1921856881,2221,,2026-10-08
Kjelsås,Kjelsås,Kjelsås Fotball,66.1902352626,2222,,2026-10-08
Wydad Fès,Wydad Fès,Wydad Athletic Club de Fès,66.189047391,2223,,2026-10-08
Tranmere Rovers,Tranmere,Tranmere Rovers FC,66.1877943629,2224,,2026-10-08
Budućnost,Budućnost,FK Budućnost Podgorica,66.1867482621,2225,,2026-10-08
Santa Fe,Santa Fe,Santa Fe SC,66.1855208364,2226,,2026-10-08
Watanga,Watanga,Watanga FC,66.1853883319,2227,,2026-10-08
Atlético Ottawa,Atlético,Atlético Ottawa,66.1814333737,2228,,2026-10-08
Naranja Mekánica,Naranja,Naranja Mekánica FC,66.1761058983,2229,,2026-10-08
Calvo Sotelo,Calvo Sotelo,Calvo Sotelo de Puertollano CF,66.1738463064,2230,,2026-10-08
Universidad San Martín,Uni San Martín,CD Universidad San Martín de Porres,66.1694805445,2231,,2026-10-08
AD Marco 09,Marco,Associação Desportiva de Marco de Canaveses 09,66.1661748333,2232,,2026-10-08
Al Dhafra,Al Dhafra,Al Dhafra FC,66.1652312693,2233,,2026-10-08
Triglav,Triglav,NK Triglav Kranj,66.1609442663,2234,,2026-10-08
KA,KA,KA Akureyri,66.1602468563,2235,,2026-10-08
Feignies Aulnoye,Feignies,SC Feignies Aulnoye,66.1556613795,2236,,2026-10-08
Pistoiese,Pistoiese,US Pistoiese 1921,66.1508317973,2237,,2026-10-08
Cape Town City,Cape Town City,Cape Town City FC,66.1489464879,2238,,2026-10-08
Milsami,Milsami,FC Milsami Orhei,66.1309554137,2239,,2026-10-08
Panionios,Panionios,Panionios FC,66.1284272628,2240,,2026-10-08
Galaxy,Galaxy,Jwaneng Galaxy FC,66.1276388644,2241,,2026-10-08
Orijent 1919,Orijent,NK Orijent 1919,66.1274683082,2242,,2026-10-08
Lijabatho,Lijabatho,Lijabatho FC,66.1259339815,2243,,2026-10-08
FocuSport,FocuSport,FocuSport FC,66.1142521221,2244,,2026-10-08
Desportivo Lunda-Sul,CD Lunda-Sul,Clube Desportivo da Lunda-Sul,66.112682912,2245,,2026-10-08
Stade de Mbour,Stade Mbour,Stade de Mbour,66.1107649869,2246,,2026-10-08
Ulytau,Ulytau,FK Ulytau,66.1072429742,2247,,2026-10-08
Petržalka,Petržalka,FC Petržalka,66.1058481159,2248,,2026-10-08
Al Minaa Basra,Minaa Basra,Al Minaa Basra FC,66.1035119553,2249,,2026-10-08
Biel-Bienne,Biel-Bienne,FC Biel-Bienne,66.1020122505,2250,,2026-10-08
Hillerød,Hillerød,Hillerød Fodbold,66.0988738096,2251,,2026-10-08
Rochdale,Rochdale,Rochdale AFC,66.0922481957,2252,,2026-10-08
San Antonio,San Antonio,San Antonio FC,66.0897227946,2253,,2026-10-08
Al Taliya,Taliya,Al Taliya SC,66.0876453555,2254,,2026-10-08
Nouakchott Academy,Nouakchott AF,Nouakchott Academy Football,66.0778089622,2255,,2026-10-08
Croatia Zmijavci,Zmijavci,NK Croatia Zmijavci,66.0646993512,2256,,2026-10-08
Dubrava Zagreb,Dubrava,NK Dubrava Zagreb,66.0629557405,2257,,2026-10-08
Metalul Buzău,Metalul Buzău,Metalul Buzău,66.0608634055,2258,,2026-10-08
Cerrito,Cerrito,CS Cerrito,66.0551024985,2259,,2026-10-08
Baranovichi,Baranovichi,FK Baranovichi,66.0531914917,2260,,2026-10-08
Tacuary,Tacuary,Tacuary FC,66.0439433085,2261,,2026-10-08
Milagro,Milagro,Milagro FC,66.038014963,2262,,2026-10-08
Alianza,Alianza,Club Social y Deportivo Alianza,66.0285993187,2263,,2026-10-08
Surkhon Termez,Surkhon Termez,PFC Surkhon Termez,66.0250471973,2264,,2026-10-08
Progrès Niederkorn,Progrès,FC Progrès Niederkorn,66.0242471835,2265,,2026-10-08
Kitchee,Kitchee,Kitchee SC,66.0106655301,2266,,2026-10-08
Huaquillas,Huaquillas,Huaquillas FC,66.0055831093,2267,,2026-10-08
SOL,SOL,SOL FC,65.9998708629,2268,,2026-10-08
Leça,Leça,Leça FC,65.999487256,2269,,2026-10-08
Universidad de Panamá,Uni Panamá,Universidad de Panamá FC,65.9938231269,2270,,2026-10-08
Javor,Javor,FK Javor Matis Ivanjica,65.9897226917,2271,,2026-10-08
Jiskra Domažlice,Domažlice,TJ Jiskra Domažlice,65.98832775,2272,,2026-10-08
Atyrau,Atyrau,FK Atyrau,65.9855378635,2273,,2026-10-08
Hegelmann,Hegelmann,FC Hegelmann,65.9778656554,2274,,2026-10-08
Al Ahed,Ahed,Al Ahed SC,65.977273031,2275,,2026-10-08
Mufulira Wanderers,Mufulira,Mufulira Wanderers FC,65.9740644139,2276,,2026-10-08
Boavista,Boavista,Boavista FC,65.971100138,2277,,2026-10-08
Sidama Bunna,Sidama,Sidama Coffee FC,65.963076841,2278,,2026-10-08
Old Road,Old Road,Old Road FC,65.9580798013,2279,,2026-10-08
Chirundu United,Chirundu,Chirundu United FC,65.9562786908,2280,,2026-10-08
Furiani-Agliani,Furiani,AS Furiani-Agliani,65.9527040897,2281,,2026-10-08
Aston Villa,Aston Villa,Aston Villa FC,65.9486637736,2282,,2026-10-08
Casertana,Casertana,Casertana FC,65.9482227514,2283,,2026-10-08
Anderlecht II,RSCA Futures,RSCA Futures (RSC Anderlecht II),65.9422941168,2284,,2026-10-08
JS Soualem,JS Soualem,Jeunesse Sportive Soualem,65.9369211635,2285,,2026-10-08
Moralo,Moralo,Moralo CP,65.9367142091,2286,,2026-10-08
Insutec,Insutec,FC Insutec,65.9337429018,2287,,2026-10-08
Crawley Town,Crawley,Crawley Town FC,65.9300880481,2288,,2026-10-08
CFFEB,CFFEB,Centre de Formation de Football Espoir du Burkina,65.9200092655,2289,,2026-10-08
Chelyabinsk,Chelyabinsk,FK Chelyabinsk,65.9189281473,2290,,2026-10-08
Chacaritas,Chacaritas,Chacaritas FC,65.9180493024,2291,,2026-10-08
Tochigi City,Tochigi City,Tochigi City FC,65.9168544913,2292,,2026-10-08
Diósgyőr,DVTK,Diósgyőri VTK,65.9140456707,2293,,2026-10-08
Varea,Varea,CD Varea,65.9126506752,2294,,2026-10-08
Guédiawaye,Guédiawaye,Guédiawaye FC de Dakar,65.910593055,2295,,2026-10-08
Villefranche,Villefranche,FC Villefranche Beaujolais,65.9028856787,2296,,2026-10-08
Zwickau,Zwickau,FSV Zwickau,65.8948643951,2297,,2026-10-08
BFC Dynamo,BFC Dynamo,Berliner FC Dynamo,65.8927718809,2298,,2026-10-08
JKT Tanzania,JKT Tanzania,JKT Tanzania,65.8896679826,2299,,2026-10-08
Lusitano Évora 1911,Lusitano 1911,Associação Lusitano de Évora 1911,65.8830067853,2300,,2026-10-08
SONABEL,SONABEL,AS de la SONABEL,65.8774615844,2301,,2026-10-08
Sobemap,Sobemap,AS Sobemap,65.8758921868,2302,,2026-10-08
Cercle Mbéri,Cercle Mbéri,Cercle Mbéri Sportif,65.8725790063,2303,,2026-10-08
Rayong,Rayong,Rayong FC,65.871516693,2304,,2026-10-08
Mensajero,Mensajero,CD Mensajero,65.8701028344,2305,,2026-10-08
Guaireña,Guaireña,Guaireña FC,65.8660851544,2306,,2026-10-08
Bakaridjan,Bakaridjan,AS Bakaridjan de Barouéli,65.8629881889,2307,,2026-10-08
Rayon Sports,Rayon,Rayon Sports FC,65.8589774695,2308,,2026-10-08
Ferroviário Maputo,Ferro Maputo,Clube Ferroviário de Maputo,65.8532229431,2309,,2026-10-08
Ümraniyespor,Ümraniye,Ümraniye SK,65.8519674082,2310,,2026-10-08
Cotonsport,Cotonsport,Cotonsport de Garoua,65.8445016416,2311,,2026-10-08
Lioli,Lioli,Lioli FC,65.8438064134,2312,,2026-10-08
Lee Man,Lee Man,Lee Man FC,65.843615988,2313,,2026-10-08
Altay,Altay,FK Altay VKO,65.841504586,2314,,2026-10-08
Gomerano,Gomerano,Deportivo Gomerano,65.8375838131,2315,,2026-10-08
Dauphins Noirs,Dauphins,AS Dauphins Noirs de Goma,65.831250966,2316,,2026-10-08
Crotone,Crotone,FC Crotone,65.8310417078,2317,,2026-10-08
Les Herbiers,Les Herbiers,Vendée Les Herbiers Football,65.8295943386,2318,,2026-10-08
Peña Deportiva,Peña,SCR Peña Deportiva,65.8216250697,2319,,2026-10-08
Agboville,Agboville,ES Agboville,65.8056166809,2320,,2026-10-08
Elgeco Plus,Elgeco Plus,ASSM Elgeco Plus,65.8047447623,2321,,2026-10-08
Marsa,Marsa,AS de La Marsa,65.8040449314,2322,,2026-10-08
Pamplona,Pamplona,CD Pamplona,65.7982576609,2323,,2026-10-08
São Salvador,São Salvador,CD São Salvador do Kongo,65.7893988986,2324,,2026-10-08
Renofa Yamaguchi,Renofa,Renofa Yamaguchi FC,65.7860695282,2325,,2026-10-08
Cristo Atlético,Cristo Atl,CD Palencia Cristo Atlético,65.7783777053,2326,,2026-10-08
Provincial Osorno,Osorno,CD Provincial Osorno,65.7743598371,2327,,2026-10-08
Leones,Leones,Leones FC,65.7743598371,2328,,2026-10-08
Ittihad Khemisset,IZK Khémisset,Ittihad Zemmouri de Khémisset,65.7709116579,2329,,2026-10-08
TSV Steinbach,Steinbach,TSV Steinbach,65.7679144896,2330,,2026-10-08
Bunyodkor,Bunyodkor,FK Bunyodkor,65.7610415509,2331,,2026-10-08
Safa,Safa,Safa Beirut SC,65.7530219787,2332,,2026-10-08
Unia Skierniewice,U Skierniewice,Unia Skierniewice,65.7494293385,2333,,2026-10-08
Entebbe UPPC,Entebbe UPPC,Entebbe UPPC FC,65.745802043,2334,,2026-10-08
Hunters,Hunters,Hunters FC,65.7454532642,2335,,2026-10-08
Unión Santo Domingo,Santo Domingo,Club Unión Santo Domingo,65.7417841079,2336,,2026-10-08
Formentera,Formentera,SD Formentera,65.7396635277,2337,,2026-10-08
Yamoussoukro,Yamoussoukro,Yamoussoukro FC,65.7393496258,2338,,2026-10-08
Kozármisleny,Kozármisleny,Kozármisleny SE,65.7365245067,2339,,2026-10-08
AS Khroub,AS Khroub,AS Khroub,65.7297558628,2340,,2026-10-08
Greifswalder FC,Greifswald,Greifswalder FC,65.7264098493,2341,,2026-10-08
1º de Maio,1º de Maio,EC Primeiro de Maio,65.7217361623,2342,,2026-10-08
St. David’s,David’s,St. David’s FC,65.7181313491,2343,,2026-10-08
Bregalnica Štip,Bregalnica,FK Bregalnica 2008 Štip,65.717690275,2344,,2026-10-08
Moca,Moca,Moca FC,65.7167362122,2345,,2026-10-08
Neftekhimik,Neftekhimik,FK Neftekhimik Nizhnekamsk,65.7103658025,2346,,2026-10-08
Osaka,Osaka,FC Osaka,65.7093382815,2347,,2026-10-08
Segesta Sisak,Segesta,HNK Segesta Sisak,65.7089706618,2348,,2026-10-08
MSP Batna,MSP Batna,MSP Batna,65.7074337132,2349,,2026-10-08
Quepos Cambute,Quepos,Quepos Cambute FC,65.7047008372,2350,,2026-10-08
Sohar,Sohar,Sohar Club,65.7034926614,2351,,2026-10-08
ÍBV,ÍBV,ÍB Vestmannaeyja,65.694321624,2352,,2026-10-08
Entente II,Entente II,Entente II,65.6926125625,2353,,2026-10-08
Åsane,Åsane,Åsane Fotball,65.6904849531,2354,,2026-10-08
Chambly-Oise,Chambly,FC Chambly-Oise,65.6806665292,2355,,2026-10-08
Birkirkara,Birkirkara,Birkirkara FC,65.6747894028,2356,,2026-10-08
Estudiantil CNI,Est. CNI,CD Estudiantil CNI (Loreto),65.6683297752,2357,,2026-10-08
Ferroviário de Lichinga,Ferroviário,Ferroviário de Lichinga,65.6648837016,2358,,2026-10-08
Hønefoss,Hønefoss,Hønefoss BK,65.6625816653,2359,,2026-10-08
KTP,KTP,Kotkan Työväen Palloilijat,65.6604889026,2360,,2026-10-08
Coastal Union,Coastal Union,Coastal Union,65.6486647532,2361,,2026-10-08
Al Ta'awon,Al Ta'awon,Al Ta'awon,65.6422120133,2362,,2026-10-08
Linfield,Linfield,Linfield FC,65.6378171633,2363,,2026-10-08
Bali United,Bali United,Bali United FC,65.6371384022,2364,,2026-10-08
Phoenix Rising,Phoenix Rising,Phoenix Rising FC,65.626919995,2365,,2026-10-08
Kariba,Kariba,ZPC Kariba,65.6268648749,2366,,2026-10-08
Vianense,Vianense,SC Vianense,65.6172379718,2367,,2026-10-08
Jurong,Jurong,Jurong FC,65.6134222775,2368,,2026-10-08
Aampetra,Aampetra,Club Deportivo Aampetra,65.6024068674,2369,,2026-10-08
Al Orobah,Orobah,Al Orobah FC,65.6023420191,2370,,2026-10-08
Nazareno,Nazareno,Nazareno SC,65.5947331567,2371,,2026-10-08
Bahla,Bahla,Bahla Club,65.5890874084,2372,,2026-10-08
Chabab Ben Guerir,Chabab BG,Chabab Ben Guerir,65.5790764003,2373,,2026-10-08
AB,AB,AB Gladsaxe,65.5767765556,2374,,2026-10-08
De Treffers,Treffers,De Treffers,65.5732884631,2375,,2026-10-08
USM Oujda,USMO,Union Sportive Musilman d'Oujda,65.5714025978,2376,,2026-10-08
Karbala,Karbala,Karbala FC,65.5671147535,2377,,2026-10-08
Raith Rovers,Raith Rovers,Raith Rovers FC,65.5652658268,2378,,2026-10-08
Gagra,Gagra,FC Gagra,65.5589872189,2379,,2026-10-08
Consadole Sapporo,Consadole,Hokkaido Consadole Sapporo,65.5586572426,2380,,2026-10-08
Casarano,Casarano,Casarano Calcio,65.5572431575,2381,,2026-10-08
Helsingborg,Helsingborg,Helsingborgs IF,65.5527085907,2382,,2026-10-08
DSC,DSC,AS Dakar Sacré Cœur,65.5509994051,2383,,2026-10-08
Monopoli,Monopoli,Monopoli Calcio 1966,65.5506157101,2384,,2026-10-08
Santiago City,Santiago City,Santiago City FC,65.5476438159,2385,,2026-10-08
Fehérvár,Fehérvár,Fehérvár FC,65.5467787566,2386,,2026-10-08
Bulawayo Chiefs,Chiefs,Bulawayo Chiefs FC,65.5459416021,2387,,2026-10-08
Tamaraceite,Tamaraceite,UD Tamaraceite,65.5457323134,2388,,2026-10-08
PSV II,PSV II,PSV Eindhoven II,65.5377095637,2389,,2026-10-08
Levante II,Levante II,Atlético Levante UD,65.5373607477,2390,,2026-10-08
Sayaxché,Sayaxché,Club Social y Deportivo Sayaxché,65.5341369975,2391,,2026-10-08
Ferroviária,Ferroviária,Associação Ferroviária de Esportes,65.5340400167,2392,,2026-10-08
BEA Mountain,BEA Mountain,FC BEA Mountain,65.5251870335,2393,,2026-10-08
Onze Créateurs,Onze,AS Onze Créateurs de Niaréla,65.5211756205,2394,,2026-10-08
Majestic,Majestic,Majestic FC,65.5196059331,2395,,2026-10-08
Trasandino,Trasandino,CD Trasandino de Los Andes,65.5186920267,2396,,2026-10-08
Vushtrria,Vushtrria,FC Vushtrria,65.5157363294,2397,,2026-10-08
Arzignano Valchiampo,Arzignano,ASD Arzignano Valchiampo,65.5125946553,2398,,2026-10-08
Chiquimulilla,Chiquimulilla,CSyD Chiquimulilla,65.5111149682,2399,,2026-10-08
Al Najma,Najma,Al Najma Club,65.5039767081,2400,,2026-10-08
Volga Ulyanovsk,Volga Ul,FK Volga Ulyanovsk,65.5038741252,2401,,2026-10-08
Tivoli Gardens,Tivoli Gardens,Tivoli Gardens FC,65.5015246686,2402,,2026-10-08
Chojniczanka Chojnice,Chojniczanka,MKS Chojniczanka Chojnice,65.4975953194,2403,,2026-10-08
Chiangrai United,Chiangrai Utd,Singha Chiangrai United FC,65.4930794502,2404,,2026-10-08
Ehime,Ehime,Ehime FC,65.4909865055,2405,,2026-10-08
JS Bordj Ménaïel,Bordj Ménaïel,Jeunesse Sportive de Bordj Ménaïel,65.4793146097,2406,,2026-10-08
Green Fuel,Green Fuel,Green Fuel FC,65.4786192498,2407,,2026-10-08
Austria Wien II,Austria II,Young Violets Austria Wien (FK Austria Wien II),65.4763169934,2408,,2026-10-08
Glentoran,Glentoran,Glentoran FC,65.4724798935,2409,,2026-10-08
Sitra,Sitra,Sitra Club,65.4715359951,2410,,2026-10-08
North Carolina,North Carolina,North Carolina FC,65.466814237,2411,,2026-10-08
Buffles,Buffles,Buffles de Borgou FC,65.4608290182,2412,,2026-10-08
União Santarém,Santarém,UD Santarém,65.451201293,2413,,2026-10-08
Calamocha,Calamocha,CF Calamocha,65.4466664792,2414,,2026-10-08
Andrézieux,Andrézieux,ASF Andrézieux Bouthéon,65.4455676573,2415,,2026-10-08
São João Ver,São João Ver,SC São João de Ver,65.4452711497,2416,,2026-10-08
HLM,HLM,Habitation à Loyer Modéré FC de Dakar,65.4421665381,2417,,2026-10-08
Belshina,Belshina,FK Belshina Bobruisk,65.4386433212,2418,,2026-10-08
Hottin,Hottin,Hottin SC,65.4368296163,2419,,2026-10-08
Al Gharraf,Gharraf,Al Gharraf SC,65.4366551975,2420,,2026-10-08
NC Magra,NC Magra,NC Magra,65.4273387842,2421,,2026-10-08
Costa del Este,Costa del Este,Academía Costa del Este,65.4246055155,2422,,2026-10-08
Van,Van,FK Van,65.4215503959,2423,,2026-10-08
Al Jazeera,Al Jazeera,Al Jazeera Club Amman,65.4199087988,2424,,2026-10-08
Samgurali,Samgurali,FC Samgurali Tskaltubo,65.4173643505,2425,,2026-10-08
ASFA-Yennenga,ASFA,AS du Faso-Yennenga,65.4030968447,2426,,2026-10-08
Santa Lucía,Santa Lucía,Santa Lucía Cotzumalguapa FC,65.4015821903,2427,,2026-10-08
Campobasso,Campobasso,Campobasso FC,65.3992247162,2428,,2026-10-08
Real Murcia II,Murcia II,Real Murcia Imperial,65.3887594656,2430,,2026-10-08
Vautour Club,Vautour,Vautour Club Mangoungou,65.3877478235,2431,,2026-10-08
Mohun Bagan,Mohun Bagan,Mohun Bagan Super Giant,65.3857224686,2432,,2026-10-08
Freiburg II,Freiburg II,SC Freiburg II,65.3828291319,2433,,2026-10-08
Mladost Ždralovi,Ždralovi,NK Mladost Ždralovi,65.3810849126,2434,,2026-10-08
Hohoe United,Hohoe,Hohoe United FC,65.3683846563,2435,,2026-10-08
Shkëndija Haraçinë,Shkëndija 77,KF Shkëndija 77 Haraçinë,65.3528283428,2436,,2026-10-08
Mindelense,Mindelense,CS Mindelense,65.3509445569,2437,,2026-10-08
Chindia Târgovişte,Chindia,CF Chindia Târgovişte,65.3444559469,2438,,2026-10-08
Esbjerg,Esbjerg,Esbjerg fB,65.3420139912,2439,,2026-10-08
Kolding,Kolding,Kolding IF,65.3353858105,2440,,2026-10-08
Prison Leopards,Prison Leopard,Prison Leopards FC,65.3333275814,2441,,2026-10-08
Al Okhdood,Okhdood,Al Okhdood Club,65.3302556124,2442,,2026-10-08
Flambeau du Centre,Flamb. Centre,Flambeau du Centre FC,65.3277459338,2443,,2026-10-08
Dunfermline Athletic,Dunfermline,Dunfermline Athletic FC,65.325966778,2444,,2026-10-08
Hemelingen,Hemelingen,SV Hemelingen,65.3245713618,2445,,2026-10-08
Louletano,Louletano,Louletano DC,65.3134079968,2446,,2026-10-08
F91 Dudelange,Dudelange,F91 Dudelange,65.3095705752,2447,,2026-10-08
Southend United,Southend,Southend United FC,65.3088554185,2448,,2026-10-08
Loto Popo,Loto Popo,Loto FC,65.304198174,2449,,2026-10-08
Lecco,Lecco,Calcio Lecco 1912,65.2949185321,2450,,2026-10-08
Stenhousemuir,Stenhousemuir,Stenhousemuir FC,65.2928253741,2451,,2026-10-08
Hammarby Talang,Hammarby TFF,Hammarby Talangfotbollförening,65.2900344932,2452,,2026-10-08
Wacker Innsbruck,Wacker,FC Wacker Innsbruck,65.2879413299,2453,,2026-10-08
Szeged-Csanád,Szeged-Csanád,Szeged-Csanád Grosics Akadémia,65.2861970254,2454,,2026-10-08
MC Saïda,MC Saïda,MC Saïda,65.2731472849,2455,,2026-10-08
Cavese 1919,Cavese,Cavese 1919,65.2729402601,2456,,2026-10-08
Aresimi,Aresimi,KF Aresimi 1973,65.2715448058,2457,,2026-10-08
Platense,Platense,CD Platense Municipal Zacatecoluca,65.2667530181,2458,,2026-10-08
AlbinoLeffe,AlbinoLeffe,UC AlbinoLeffe,65.2614277325,2459,,2026-10-08
Motril,Motril,Motril CF,65.2586368064,2460,,2026-10-08
Ibiza Islas Pitiusas,Ibiza Pitiusas,CD Ibiza Islas Pitiusas,65.2527060751,2461,,2026-10-08
El Entag El Harby,Military,El Entag El Harby,65.2469823534,2462,,2026-10-08
Baladiyyat Al Mehalla,Baladiyyat,Baladiyyat Al Mehalla,65.2466334853,2463,,2026-10-08
Indy Eleven,Indy Eleven,Indy Eleven,65.2386669251,2464,,2026-10-08
Uthai Thani,Uthai Thani,Uthai Thani FC,65.2310950347,2465,,2026-10-08
Zoman,Zoman,Zoman FC,65.2297155984,2466,,2026-10-08
Universitario II,Universitario,Club Universitario de Deportes II,65.229708621,2467,,2026-10-08
Vendsyssel,Vendsyssel,Vendsyssel FF,65.2265408678,2468,,2026-10-08
UD Melilla,UD Melilla,UD Melilla,65.2178190535,2469,,2026-10-08
Schalke 04 II,Schalke II,FC Schalke 04 II,65.2178190535,2470,,2026-10-08
Kickers Offenbach,Offenbach,Offenbacher FC Kickers 1901,65.2143303168,2471,,2026-10-08
Al Hidd,Hidd,Al Hidd SCC,65.2074554231,2472,,2026-10-08
FSV Frankfurt,FSV Frankfurt,FSV Frankfurt 1899,65.2073528245,2473,,2026-10-08
Mariehamn,Mariehamn,IFK Mariehamn,65.2007241836,2474,,2026-10-08
Olimpia Grudziądz,Grudziądz,GKS Olimpia Grudziądz,65.19409552,2475,,2026-10-08
Derby Académie,Derby Académie,Derby Académie,65.190467191,2476,,2026-10-08
Pirata,Pirata,Pirata FC,65.1834477455,2477,,2026-10-08
Sardarapat,Sardarapat,Sardarapat FC,65.1721161047,2478,,2026-10-08
Khouribga,Khouribga,Olympique Club de Khouribga,65.1698809679,2479,,2026-10-08
Korhogo,Korhogo,CO Korhogo,65.1672666445,2480,,2026-10-08
Sua Flamingoes,Flamingoes,Sua Flamingoes FC,65.1625180362,2481,,2026-10-08
GOAL,GOAL,GOAL FC,65.1605506455,2482,,2026-10-08
Avranches,Avranches,US Avranches Mont-Saint-Michel,65.1588062264,2483,,2026-10-08
Santa Cruz,Santa Cruz,Santa Cruz FC,65.1562349497,2484,,2026-10-08
Mutondo Stars,Mutondo Stars,Mutondo Stars FC,65.1550557199,2485,,2026-10-08
Chonburi,Chonburi,Chonburi FC,65.1512019361,2486,,2026-10-08
Old Road Jets United,Old Road Jets,Old Road Jets United FC,65.1434254756,2487,,2026-10-08
Bayern München II,Bayern II,FC Bayern München II,65.1417631686,2488,,2026-10-08
Supra du Québec,Supra,FC Supra du Québec,65.1357476584,2489,,2026-10-08
Azazga,Azazga,JS Azazga,65.1322013462,2490,,2026-10-08
Leningradets,Leningradets,FK Leningradets Leningradskaya Oblast,65.1305987505,2491,,2026-10-08
Dassendorf,Dassendorf,TuS Dassendorf,65.1281565255,2492,,2026-10-08
Deportivo Santamarina,Santamarina,CD Santamarina de Tandil,65.1276262134,2493,,2026-10-08
Atlético El Vigía,El Vigía,Atlético El Vigía FC,65.1276262134,2494,,2026-10-08
SNIM,SNIM,ASC Société Nationale Industrielle et Minière FC (Cansado),65.123479107,2495,,2026-10-08
Burgos Promesas,Burgos Promes.,CD Burgos Promesas 2000,65.1208298319,2496,,2026-10-08
Bourg-Péronnas,Bourg-Péronnas,Football Bourg-en-Bresse Péronnas 01,65.1197831591,2497,,2026-10-08
Al-Madina,Madina,Al-Madina,65.1147591219,2498,,2026-10-08
Arnedo,Arnedo,CD Arnedo,65.1145497867,2499,,2026-10-08
Ospitaletto,Ospitaletto,ACD Ospitaletto SSD,65.1110608639,2500,,2026-10-08
BKMA,BKMA,Banaki Kentronakan Marzakan Akumb,65.109665293,2501,,2026-10-08
Den Bosch,Den Bosch,FC Den Bosch,65.1065252549,2502,,2026-10-08
Excursionistas,Excursionistas,CA Excursionistas,65.1045993623,2503,,2026-10-08
Hungry Lions,Hungry Lions,Hungry Lions FC,65.1004522066,2505,,2026-10-08
Nacional FCB,Nacional,Nacional Fútbol Club Mollendo,65.0974819165,2506,,2026-10-08
Gbohloé-su des Lacs,Gbohloé,Gbohloé-su des Lacs,65.0971399993,2507,,2026-10-08
Arsenal Česká Lípa,Arsenal CL,FK Arsenal Česká Lípa,65.0953606334,2508,,2026-10-08
Arsenal,Arsenal,Arsenal FC,65.0847123157,2509,,2026-10-08
INCA-Aruba,INCA-Aruba,Club Deportivo INCA-Aruba,65.0623076036,2510,,2026-10-08
Szentlőrinc SE,Szentlőrinc,Szentlőrinc SE,65.0573306579,2511,,2026-10-08
Ranger's,Ranger's,Ranger's FC Andorra,65.0559350483,2512,,2026-10-08
Maringá,Maringá,Maringá FC,65.048426651,2513,,2026-10-08
Recreativo da Caála,Caála,CR da Caála,65.0453283819,2514,,2026-10-08
Iztapa,Iztapa,Club Deportivo Iztapa,65.0436389955,2515,,2026-10-08
Huracán,Huracán,Huracán Fútbol Club,65.0393551283,2516,,2026-10-08
Bolívar,Bolívar,Bolívar SC,65.0355171636,2517,,2026-10-08
Leioa,Leioa,SD Leioa,65.0339540631,2518,,2026-10-08
Guarani SP,Guarani,Guarani FC,65.0281901189,2519,,2026-10-08
VG United,VG United,Virgin Gorda United Rebels FC,65.0267193357,2520,,2026-10-08
Chabab Atlas Khénifra,CA Khénifra,Chabab Atlas Khénifra,65.019506986,2521,,2026-10-08
Comoé,USCO,US de la Comoé,65.0175902784,2522,,2026-10-08
Voitsberg,Voitsberg,ASK Voitsberg,65.0168575684,2523,,2026-10-08
Livingston,Livingston,Livingston FC,65.0116239173,2524,,2026-10-08
Sport Sébaco,Sport Sébaco,Club Sport Sébaco FC,65.0082271328,2525,,2026-10-08
Capoise,Capoise,AS Capoise,65.0045635622,2526,,2026-10-08
Vanspor,Van,Van Spor FK,65.0039478701,2527,,2026-10-08
OTR,OTR,AS OTR,64.9973534233,2528,,2026-10-08
Hanácká Slávia,Kroměříž,SK Hanácká Slávia Kroměříž,64.9920848279,2529,,2026-10-08
Qizilqum,Qizilqum,Qizilqum Zarafshon PFK,64.9845113135,2530,,2026-10-08
Cacahuatique,Cacahuatique,CD Cacahuatique,64.9726378649,2531,,2026-10-08
Al Jabalain,Jabalain,Al Jabalain FC,64.9709035631,2532,,2026-10-08
Gyirmót,Gyirmót,Gyirmót SE,64.9697541979,2533,,2026-10-08
Bourges Foot 18,Bourges,Bourges Foot 18,64.9690040238,2534,,2026-10-08
Imbabura,Imbabura,Imbabura SC,64.9643389812,2535,,2026-10-08
ISCA,ISCA,Inova Sporting Club Association,64.9642063919,2536,,2026-10-08
HK,HK,HK Kópavogur,64.963752797,2537,,2026-10-08
Trofense,Trofense,CD Trofense,64.9631247424,2538,,2026-10-08
Dos Hermanas 1971,Dos Hermanas,Dos Hermanas CF 1971,64.9610312254,2539,,2026-10-08
Brusque,Brusque,Brusque FC,64.9570116664,2540,,2026-10-08
San Juan SN,San Juan,IN San Juan FC Satélite Norte,64.9484630972,2541,,2026-10-08
Etoile Filante,Etoile Filante,Etoile Filante Lomé,64.9478071238,2542,,2026-10-08
Alittihad Misurata,Alittihad Mis.,Alittihad Misurata SC,64.9472837406,2543,,2026-10-08
Créteil,Créteil,US Créteil Football,64.9323672599,2544,,2026-10-08
Inter Moengotapoe,Inter,Inter Moengo Tapoe,64.9288762359,2545,,2026-10-08
Siheung Citizen,Siheung,Siheung City Athletic Club,64.9202260317,2546,,2026-10-08
Al Raed,Raed,Al Raed FC,64.9157737465,2547,,2026-10-08
US Bougouba,US Bougouba,US Bougouba,64.9064594156,2548,,2026-10-08
Scafatese,Scafatese,SS Scafatese Calcio 1922,64.9055521968,2549,,2026-10-08
Sandecja Nowy Sącz,Sandecja,MKS Sandecja Nowy Sącz,64.9052032671,2550,,2026-10-08
Mjøndalen,Mjøndalen,Mjøndalen IF,64.9041564774,2551,,2026-10-08
Police,Police,Police FC,64.9015743938,2552,,2026-10-08
Atalanta II,Atalanta II,Atalanta Bergamasca Calcio Under 23,64.8996203823,2553,,2026-10-08
Stade Briochin,Stade Briochin,Stade Briochin,64.89852125,2554,,2026-10-08
Llosetense,Llosetense,CD Llosetense,64.8961310712,2555,,2026-10-08
Třinec,Třinec,FK Fotbal Třinec,64.8936885496,2556,,2026-10-08
Oita Trinita,Oita,Oita Trinita,64.892660596,2557,,2026-10-08
Concordia Chiajna,Concordia,CS Concordia Chiajna,64.8905481601,2558,,2026-10-08
Viktoria Žižkov,Žižkov,FK Viktoria Žižkov,64.8891524299,2559,,2026-10-08
Alianza Lima II,Alianza II,Club Alianza Lima II,64.888482479,2560,,2026-10-08
Sakaryaspor,Sakaryaspor,Sakaryaspor Kulübü,64.8884545644,2561,,2026-10-08
Dynamo Puerto,Dynamo Puerto,Dynamo Puerto FC,64.8826901855,2562,,2026-10-08
Mashujaa,Mashujaa,Mashujaa FC,64.8815107904,2563,,2026-10-08
Imabari,Imabari,FC Imabari,64.877656459,2564,,2026-10-08
Vilzing,Vilzing,DJK Vilzing,64.8776376165,2565,,2026-10-08
Recreativo do Libolo,Recreativo,Clube Recreativo Desportivo do Libolo,64.8712172058,2566,,2026-10-08
Universitario,Universitario,CD Universitario,64.8663872382,2567,,2026-10-08
Prostějov,Prostějov,SK Prostějov,64.8650759234,2568,,2026-10-08
WA Mostaganem,Mostaganem,WA Mostaganem,64.8569084853,2569,,2026-10-08
Simba,Simba,FC Simba,64.8495830558,2570,,2026-10-08
Racing,Racing,Racing Club de France Football,64.8479255907,2571,,2026-10-08
Mekelakeya,Mekelakeya,Defence Force SC,64.8432998343,2572,,2026-10-08
URA,URA,Uganda Revenue Authority FC,64.8391148314,2573,,2026-10-08
Eichstätt,Eichstätt,VfB Eichstätt,64.83611393,2574,,2026-10-08
Polisi Tanzania,Polisi,Polisi Tanzania FC,64.8277741926,2575,,2026-10-08
Zápy,Zápy,SK Zápy,64.823551966,2576,,2026-10-08
SKA Khabarovsk,SKA,FK SKA-Khabarovsk,64.8172709533,2577,,2026-10-08
Voždovac,Voždovac,FK Voždovac,64.8134325466,2578,,2026-10-08
Ljungskile,Ljungskile,Ljungskile SK,64.8120367604,2579,,2026-10-08
Rumilly Vallières,Rumilly V.,GFA Rumilly Vallières,64.8095417901,2580,,2026-10-08
Real Zaragoza II,Zaragoza II,Real Zaragoza Deportivo Aragón,64.8078493958,2581,,2026-10-08
Brage,Brage,IK Brage,64.7907508959,2582,,2026-10-08
Trelleborg,Trelleborg,Trelleborgs FF,64.7890061425,2583,,2026-10-08
Vimenor,Vimenor,CF Vimenor,64.7876103386,2584,,2026-10-08
Ejea,Ejea,SD Ejea,64.7848187278,2585,,2026-10-08
Yadah,Yadah,Yadah FC,64.7832833401,2586,,2026-10-08
Sol de Mayo,Sol de Mayo,Club Social y Deportivo Sol de Mayo,64.782892514,2587,,2026-10-08
Saguntino,Saguntino,Atlético Saguntino,64.7813292086,2588,,2026-10-08
Jorge Newbery CR,Newbery CR,Club Atlético Jorge Newbery de Comodoro Rivadavia,64.7773092746,2589,,2026-10-08
Oliveira Hospital,Oliv. Hospital,FC Oliveira do Hospital,64.7757459647,2590,,2026-10-08
Ponte Preta,Ponte Preta,Associacao Atletica Ponte Preta,64.7738197418,2591,,2026-10-08
Union Omaha,Union Omaha,Union Omaha,64.7721719919,2592,,2026-10-08
Coatepeque FC,Coatepeque FC,Coatepeque FC,64.771474084,2593,,2026-10-08
Pianese,Pianese,US Pianese,64.768766887,2594,,2026-10-08
Memmingen,Memmingen,FC Memmingen 07,64.7670221136,2595,,2026-10-08
Miami,Miami,Miami FC,64.7658908115,2596,,2026-10-08
Torres,Torres,ASD Torres,64.7600430043,2597,,2026-10-08
Raja Beni Mellal,Raja BM,Raja de Beni Mellal,64.75571365,2598,,2026-10-08
Angoulême,Angoulême,Angoulême Charente FC,64.7474281999,2599,,2026-10-08
GC Mascara,Mascara,Ghali Club de Mascara,64.7428022019,2600,,2026-10-08
Pécsi MFC,Pécsi,Pécsi Mecsek FC,64.7411992826,2601,,2026-10-08
Dnepr Mogilev,Dnepr,FC Dnepr Mogilev,64.7279387751,2602,,2026-10-08
Young Buffaloes,Buffaloes,Young Buffaloes FC,64.7225647557,2603,,2026-10-08
Raufoss,Raufoss,Raufoss IL,64.7174698888,2604,,2026-10-08
BVSC Zugló,BVSC,Budapesti Vasutas Sport Club Zugló,64.712584389,2605,,2026-10-08
Paysandú,Paysandú,Paysandú FC,64.7120539625,2606,,2026-10-08
Dinamo Zagreb II,Dinamo Zagreb,GNK Dinamo Zagreb II,64.7118864594,2607,,2026-10-08
Guijuelo,Guijuelo,CD Guijuelo,64.7104905996,2608,,2026-10-08
Mbeya City,Mbeya City,Mbeya City FC,64.7098275675,2609,,2026-10-08
Unisport,Unisport,Unisport de Sokodé,64.7098275658,2610,,2026-10-08
Sagrado Corazón,S. Corazón,CD Sagrado Corazón,64.7050746536,2611,,2026-10-08
Dečić,Dečić,FK Dečić,64.7045581838,2612,,2026-10-08
Pays de Grasse,Pays de Grasse,Racing Club Pays de Grasse,64.7041568726,2613,,2026-10-08
Tru-Juice,Tru-Juice,Tru-Juice FC,64.7036036219,2614,,2026-10-08
CFFA,CFFA,Centre de Formation de Football Andoharanofotsy,64.6991840989,2615,,2026-10-08
Arsenal,Arsenal,FK Arsenal Dzyarzhynsk,64.6986257497,2616,,2026-10-08
Municipal Jalapa,Jalapa,ART Municipal Jalapa,64.6983691213,2617,,2026-10-08
Beni Oulbane,NRBBO,NRB Beni Oulbane,64.6977859342,2618,,2026-10-08
ASKO,ASKO,AS Korofina,64.6848763925,2619,,2026-10-08
Mouloudia Oujda,MC Oujda,Mouloudia Club d'Oujda,64.6838271873,2620,,2026-10-08
Kafr Qasim,Kafr Qasim,MS Kafr Qasim,64.6783855425,2621,,2026-10-08
St. Pauls United,St. Pauls,SL Horsford St. Pauls FC,64.6730688239,2622,,2026-10-08
Atenas,Atenas,Atenas FC,64.6715736179,2623,,2026-10-08
Balzan,Balzan,Balzan FC,64.6696612494,2624,,2026-10-08
Encarnación,Encarnación,Encarnación FC,64.6670369743,2625,,2026-10-08
Al Ahli,Ahli,Al Ahli Club (Manama),64.6620864664,2626,,2026-10-08
Racing des Gônaïves,Gônaïves,Racing FC des Gônaïves,64.6591098991,2627,,2026-10-08
Cavaly,Cavaly,AS Cavaly,64.6573650262,2628,,2026-10-08
Kaya,Kaya,Kaya FC-Iloilo,64.6572938238,2629,,2026-10-08
Fortune,Fortune,Fortune FC,64.6571330971,2630,,2026-10-08
Team,Team,Team FC,64.6506747569,2631,,2026-10-08
Dodoma Jiji,Dodoma Jiji,Dodoma Jiji FC,64.6498046125,2632,,2026-10-08
Kokand-1912,Kokand,FK Qo'qon 1912,64.6495233653,2633,,2026-10-08
Ethiopian Medhin,Medhin,Ethiopian Insurance Corporation,64.6478829471,2634,,2026-10-08
HFX Wanderers,Wanderers,HFX Wanderers FC,64.6465444828,2635,,2026-10-08
Damascus Al Ahli,Al Ahli,Damascus Al Ahli Club,64.6437675454,2636,,2026-10-08
Norrby,Norrby,Norrby IF,64.6372065313,2637,,2026-10-08
WA Tlemcen,WA Tlemcen,WA Tlemcen,64.636366689,2638,,2026-10-08
Universitario de Sucre,Universitario,CD Universitario San Francisco Xavier,64.632662827,2639,,2026-10-08
Gyeongnam,Gyeongnam,Gyeongnam FC,64.6305947749,2640,,2026-10-08
Hammam-Sousse,ESHS,Espoir Sportif de Hammam-Sousse,64.6255483229,2641,,2026-10-08
Aalen,Aalen,VfR Aalen 1921,64.6183616044,2642,,2026-10-08
La Luz,La Luz,La Luz FC,64.6136433641,2643,,2026-10-08
Adiaké,Adiaké,OFC Adiaké,64.6131617679,2644,,2026-10-08
Langreo,Langreo,Unión Popular de Langreo,64.609288055,2645,,2026-10-08
Al Jaish,Jaish,Al Jaish SC,64.6088695059,2646,,2026-10-08
Caguas Sporting,Caguas Sport.,Caguas Sporting FC,64.6048436077,2647,,2026-10-08
Royal Leopards,Leopards,Royal Leopards FC,64.6046116723,2648,,2026-10-08
Stade Marocain,Stade Marocain,Stade Marocain du Rabat,64.6004215598,2649,,2026-10-08
Canon,Canon,Canon de Yaoundé,64.593441845,2650,,2026-10-08
Geita Gold,Geita Gold,Geita Gold FC,64.5918737014,2651,,2026-10-08
Al Shomooa,Al Shomooa,Al Shomooa SC,64.590652246,2652,,2026-10-08
Marko,Marko,FC Marko,64.5896576331,2653,,2026-10-08
Gomido,Gomido,Gomido FC,64.5834980015,2654,,2026-10-08
Sportfreunde Siegen,SF Siegen,Sportfreunde Siegen von 1899,64.5831141145,2655,,2026-10-08
Agouado,Agouado,ASC Agouado,64.5823339882,2656,,2026-10-08
TOP Oss,TOP,TOP Oss,64.5799732176,2657,,2026-10-08
Ario Eslamshahr,Ario,FC Ario Eslamshahr,64.5776329264,2658,,2026-10-08
Bhayangkara,Bhayangkara,Bhayangkara Presisi Lampung FC,64.5754552029,2659,,2026-10-08
Vire,Vire,AF Virois,64.5664324032,2660,,2026-10-08
Shenzhen Peng City,Peng City,Shenzhen Peng City FC,64.5597506043,2661,,2026-10-08
Pigotts Bullets,Pigotts,Pigotts Bullets FC,64.558079141,2662,,2026-10-08
Bihor Oradea,Bihor,FC Bihor Oradea,64.5576378025,2663,,2026-10-08
Ashanti GB,Ashanti,AS Ashanti Golden Boys,64.5431894421,2664,,2026-10-08
Dordrecht,Dordrecht,FC Dordrecht,64.5408860703,2665,,2026-10-08
Kustošija,Kustošija,NK Kustošija,64.5363491176,2666,,2026-10-08
Boxing Club,Boxing Club,Asociación Atlética Boxing Club,64.5236037131,2667,,2026-10-08
Al Ahli Wad Medani,Ahli Medani,Al Ahli SC Wad Medani,64.5212003037,2668,,2026-10-08
San Antonio Unido,SA Unido,CSD San Antonio Unido,64.5173217191,2669,,2026-10-08
Achuapa,Achuapa,Deportivo Achuapa,64.5167207504,2670,,2026-10-08
Semassi,Semassi,AC Semassi FC,64.5157930974,2671,,2026-10-08
Vital'O,Vital'O,Vital'O FC,64.5143970966,2672,,2026-10-08
Shirak,Shirak,Shirak FC,64.5108721838,2673,,2026-10-08
Caldas,Caldas,Caldas SC,64.5084291723,2674,,2026-10-08
Công An Hồ Chí Minh,Công An HCM,Công An TP Hồ Chí Minh FC,64.5077500146,2675,,2026-10-08
Wolaitta Dicha,Dicha,Wolaitta Dicha SC,64.5072402715,2676,,2026-10-08
Olympique d'Alès,Alès,Olympique d'Alès en Cévennes,64.5036129406,2677,,2026-10-08
Ethnikos Achna,Ethnikos Achna,Ethnikos Achna FC,64.4969993273,2678,,2026-10-08
Hessen Kassel,Kassel,KSV Hessen Kassel,64.4958650642,2679,,2026-10-08
Tai Po,Wofoo,Tai Po FC,64.4923938657,2680,,2026-10-08
Santiago Morning,Morning,CD Santiago Morning,64.4894014964,2681,,2026-10-08
Las Vegas Lights,LV Lights,Las Vegas Lights FC,64.4888005189,2682,,2026-10-08
EF Ouagadougou,Étoile Filante,Étoile Filante de Ouagadougou,64.4822887546,2683,,2026-10-08
Borac Čačak,Borac,FK Borac Čačak,64.4784147771,2685,,2026-10-08
Olympique Béja,Olympique Béja,Olympique de Béja,64.4765278424,2686,,2026-10-08
Bragança,Bragança,GD Bragança,64.4707366004,2687,,2026-10-08
Arema,Arema,Arema FC,64.4700574293,2688,,2026-10-08
Connah's Quay,Connah's Quay,Connah's Quay Nomads FC,64.4696895739,2689,,2026-10-08
Oyonesa,Oyonesa,SD Oyonesa,64.4696895739,2690,,2026-10-08
FK Sibir,FK Sibir,FK Sibir,64.4675955192,2691,,2026-10-08
B36,B36,B36 Tórshavn,64.4539841079,2692,,2026-10-08
Vilanculo,Vilankulo,AD Vilanculo,64.4538445032,2693,,2026-10-08
AH Zapla,Zapla,Asociación Cultural y Deportiva Altos Hornos Zapla,64.4538026218,2694,,2026-10-08
Vega Real,Vega Real,Atlético Vega Real FC,64.4537274451,2695,,2026-10-08
Picerno,Picerno,AZ Picerno,64.4532860842,2696,,2026-10-08
Carlisle United,Carlisle,Carlisle United FC,64.4494294986,2697,,2026-10-08
Rodina Moskva II,Rodina II,FK Rodina Moskva II,64.4473528724,2698,,2026-10-08
Ethiopia Bunna,Ethiopia Bunna,Ye Ethiopia Bunna SC (Ethiopian Coffee),64.4419757705,2699,,2026-10-08
Las Palmas III,Las Palmas III,UD Las Palmas III,64.4389765421,2700,,2026-10-08
Toulon,Toulon,SC Toulon,64.4389241899,2701,,2026-10-08
Fassell,Fassell,FC Fassell,64.4316821264,2702,,2026-10-08
Juventud Cautivo,Juv. Cautivo,CD Juventud Cautivo,64.4316751443,2703,,2026-10-08
Hammam-Lif,Hammam-Lif,CS Hammam-Lif,64.4248740091,2704,,2026-10-08
Renate,Renate,AC Renate,64.4169885005,2705,,2026-10-08
Sligo Rovers,Sligo,Sligo Rovers FC,64.4159414446,2706,,2026-10-08
Levanger,Levanger,Levanger FK,64.4148943881,2707,,2026-10-08
El Dakhleya,El Dakhleya,El Dakhleya SC,64.4147524864,2708,,2026-10-08
Zweigen Kanazawa,Zweigen,Ishikawa FC Zweigen Kanazawa,64.4121210818,2709,,2026-10-08
Maroons,Maroons,Maroons FC,64.411962627,2710,,2026-10-08
Fard Alborz,Fard,FC Fard Alborz,64.4094127184,2711,,2026-10-08
CSM Reşiţa,Reşiţa,Clubul Sportiv Muncitoresc Reşiţa,64.4089610573,2712,,2026-10-08
Știința Poli Timişoara,Știința Poli,ACS Știința Poli Timișoara,64.4075649767,2713,,2026-10-08
Baños Ciudad de Fuego,Baños CDF,Club Deportivo Especializado Baños Ciudad de Fuego,64.4049403426,2714,,2026-10-08
Ciudad de Yantzaza,Yantzaza,CD Ciudad de Yantzaza,64.3997050243,2715,,2026-10-08
Zhetysu,Zhetysu,FK Zhetysu Taldykorgan,64.3981414065,2716,,2026-10-08
Valle Sagrado,Valle Sagrado,Valle Sagrado FC,64.3929339914,2717,,2026-10-08
Mes Kerman,Mes Kerman,Sanat Mes Kerman FC,64.3905655496,2718,,2026-10-08
Negele Arsi Ketema,Negele Arsi,Negele Arsi Ketema FC,64.3889249097,2719,,2026-10-08
Imst,Imst,SC Imst,64.3855765738,2720,,2026-10-08
Oakland Roots,Roots,Oakland Roots SC,64.3833979728,2721,,2026-10-08
Niki Volos,Niki,Niki Volou FC,64.3802539462,2722,,2026-10-08
Ferroviário Nampula,Ferro Nampula,Clube Ferroviário de Nampula,64.3728720479,2723,,2026-10-08
Vancouver FC,Vancouver,Vancouver FC,64.3725781773,2724,,2026-10-08
Inter de Limeira,Inter Limeira,AA Internacional de Limeira,64.3714340578,2725,,2026-10-08
MO Constantine,MO Constantine,Mouloudia Olympic of Constantine,64.3704265659,2726,,2026-10-08
Tiaret,Tiaret,JSM Tiaret,64.3641440688,2727,,2026-10-08
Juventus II,Juventus NG,Juventus Next Gen,64.358003457,2728,,2026-10-08
Homeboyz,Homeboyz,Kakamega Homeboyz FC,64.3533241642,2729,,2026-10-08
US Boujaad,Boujaad,US Boujaad,64.352975134,2730,,2026-10-08
Salitas,Salitas,Salimata et Taséré FC,64.3496616382,2731,,2026-10-08
Defensor Jose María Arg.,Defensor JMA,CD Defensor Jose María Arguedas,64.3489565958,2732,,2026-10-08
Hapoel Kfar Saba,H Kfar Saba,Hapoel Kfar Saba FC,64.3475325489,2733,,2026-10-08
Sidi M’hamed Benali,IRBSBM,IRB Sidi M’hamed Benali,64.3466925795,2734,,2026-10-08
Karlovac 1919,Karlovac,NK Karlovac 1919,64.344740297,2735,,2026-10-08
Triangle United,Triangle,Triangle United FC,64.3404122986,2736,,2026-10-08
La Linguère,Linguère,ASC La Linguère de Saint-Louis,64.3391906843,2737,,2026-10-08
Sintrense,Sintrense,Sport União Sintrense,64.336363517,2738,,2026-10-08
América des Cayes,América Cayes,América des Cayes,64.3338381222,2739,,2026-10-08
Kedus Giorgis,Kedus Giorgis,Saint George FC,64.3302880341,2740,,2026-10-08
Tanta,Tanta,Tanta SC,64.3254015465,2741,,2026-10-08
Wacker Burghausen,Burghausen,SV Wacker Burghausen,64.3241473134,2742,,2026-10-08
IRB Nezla,IRB,Ittihad Riadhi Baladiat Nezla,64.3215621546,2743,,2026-10-08
Spaeri,Spaeri,Spaeri FC,64.3189117737,2744,,2026-10-08
Ureña,Ureña,Ureña SC,64.3082591512,2745,,2026-10-08
Java United,Java Utd,Java United FC,64.3081104609,2746,,2026-10-08
Wuhan Three Towns,Three Towns,Wuhan Three Towns FC,64.3074123839,2747,,2026-10-08
Mineros de Guayana,Mineros,AC Mineros de Guayana,64.3072120357,2748,,2026-10-08
Maccabi Kabilio Jaffa,M Jaffa,Maccabi Kabilio Jaffa FC,64.305997381,2749,,2026-10-08
ASFB,ASFB,ASFB Bobo Dioulasso,64.2955610917,2750,,2026-10-08
Sarmiento Resistencia,S Resistencia,CA Sarmiento de Resistencia,64.2859205623,2751,,2026-10-08
Dinamo Kirov,Dinamo Kr,FK Dinamo Kirov,64.2836587656,2752,,2026-10-08
Roasso Kumamoto,Kumamoto,Roasso Kumamoto,64.2794890944,2753,,2026-10-08
Talleres Remedios,Talleres,CA Talleres Remedios de Escalada,64.2789396996,2754,,2026-10-08
Tromsdalen,TUIL,Tromsdalen UIL,64.2766778946,2755,,2026-10-08
Podhale Nowy Targ,Podhale NT,NKP Podhale Nowy Targ,64.2735364944,2756,,2026-10-08
UD Santa Marta,Santa Marta,UD Santa Marta de Tormes,64.2735364944,2757,,2026-10-08
Shabab Al Ordon,Shabab Ordon,Shabab Al Ordon Al Quadisiya,64.265960143,2758,,2026-10-08
Juventud Copalera,Copalera,Juventud Copalera San Ildefonso Ixtahuacán,64.2636787565,2759,,2026-10-08
Namungo,Namungo,Namungo FC,64.2589114645,2760,,2026-10-08
Metaloglobus,Metaloglobus,FC Metaloglobus Bucureşti,64.2578294154,2761,,2026-10-08
Musongati,Musongati,Musongati FC,64.255770035,2762,,2026-10-08
Academy Eagles,Academy Eagles,Academy Eagles FC,64.2502427125,2763,,2026-10-08
Cornellà,Cornellà,UE Cornellà,64.2480560565,2764,,2026-10-08
Islanders,Islanders,Islanders FC,64.2474503183,2765,,2026-10-08
Tekstilshchik,Tekstilshchik,FK Tekstilshchik Ivanovo,64.2473579575,2766,,2026-10-08
COSFA,COSFA,COSFA Antananarivo,64.2447749908,2767,,2026-10-08
Sotra,Sotra,Sotra SK,64.2400279028,2768,,2026-10-08
Plaza Amador II,Pl. Amador II,CD Plaza Amador II,64.2347076714,2769,,2026-10-08
Ajka,Ajka,FC Ajka,64.2295563472,2770,,2026-10-08
Ipala,Ipala,CSD Ipala,64.2228398709,2771,,2026-10-08
Schweinfurt,Schweinfurt,1. FC Schweinfurt 1905,64.2215281155,2772,,2026-10-08
Green Mamba,Mamba,Green Mamba FC,64.2199922778,2773,,2026-10-08
Sandhausen,Sandhausen,SV Sandhausen,64.2194337887,2774,,2026-10-08
Badalona,Badalona,CF Badalona,64.2173394595,2775,,2026-10-08
Châteauroux,Châteauroux,La Berrichonne Châteauroux,64.2040229628,2776,,2026-10-08
RWDM Brussels,RWDM,RWDM Brussels,64.2023300332,2777,,2026-10-08
Express,Express,Express Sports Club,64.1986998286,2778,,2026-10-08
Épila,Épila,AD CF Épila,64.1880186095,2779,,2026-10-08
Pogradeci,Pogradeci,KS Pogradeci,64.1873204885,2780,,2026-10-08
Haguenau,Haguenau,FCSR Haguenau,64.1872681295,2781,,2026-10-08
Mumbai City,Mumbai,Mumbai City FC,64.1755550465,2782,,2026-10-08
Escobedo,Escobedo,Unión Montañesa Escobedo,64.1737070783,2783,,2026-10-08
Beltinci,Beltinci,ND Beltinci,64.1730089521,2784,,2026-10-08
Walter Ferretti,Walter Ferr.,CD Walter Ferretti,64.1717050633,2785,,2026-10-08
Sagamihara,Sagamihara,SC Sagamihara,64.1709334213,2786,,2026-10-08
Ventforet Kofu,Ventforet,Ventforet Kofu,64.1691881027,2787,,2026-10-08
Sorrento,Sorrento,Sorrento Calcio,64.1663767402,2788,,2026-10-08
Hobro,Hobro,Hobro IK,64.1597445052,2789,,2026-10-08
Al Sailiya,Sailiya,Al Sailiya SC,64.1594980942,2790,,2026-10-08
Lamphun Warriors,Lamphun,Lamphun Warriors FC,64.1559236292,2791,,2026-10-08
Sancor,Sancor,SA Sancor,64.1501381954,2792,,2026-10-08
Loudoun United,Loudoun Utd,Loudoun United FC,64.1498861785,2793,,2026-10-08
Karcag,Karcag,Karcagi SE,64.1461308978,2794,,2026-10-08
Matagalpa,Matagalpa,Indígenas de Matagalpa FC,64.1458741953,2795,,2026-10-08
Barracuda,Barracuda,AC Barracuda,64.1444204633,2796,,2026-10-08
Hapoel Afula,Hapoel Afula,Hapoel Afula FC,64.1443855564,2797,,2026-10-08
Birmingham Legion,Legion,Birmingham Legion FC,64.143253886,2798,,2026-10-08
Ahal,Ahal,Ahal FC,64.1396035424,2799,,2026-10-08
Tacuarembó,Tacuarembó,Tacuarembó FC,64.1368735891,2800,,2026-10-08
Racing d'Abidjan,RC Abidjan,Racing Club d'Abidjan,64.1356937328,2801,,2026-10-08
TelOne,TelOne,TelOne FC,64.1323775647,2802,,2026-10-08
Club Patria,Patria,Club Patria de Los Ríos,64.1295431091,2803,,2026-10-08
Dinan Léhon,Dinan Léhon,Dinan Léhon FC,64.1171056634,2804,,2026-10-08
Helmond Sport,Helmond,Helmond Sport,64.114365435,2805,,2026-10-08
Mutilvera,Mutilvera,UD Mutilvera,64.1133182129,2806,,2026-10-08
Jaraíz,Jaraíz,CF Jaraíz,64.1119219159,2807,,2026-10-08
Città di Teramo,Teramo,SS Città di Teramo 1913,64.1115728415,2808,,2026-10-08
ASA,ASA,ASA FC,64.1077609447,2809,,2026-10-08
Roeselare,Roeselare,SK Roeselare,64.1007515028,2810,,2026-10-08
Olympique Sport d'Abobo,OSA,Olympique Sport d'Abobo FC,64.1000882575,2811,,2026-10-08
Real de Banjul,Real Banjul,Real de Banjul FC,64.0979937988,2812,,2026-10-08
Bezana,Bezana,CD Bezana,64.0972607353,2813,,2026-10-08
Harrogate Town,Harrogate,Harrogate Town FC,64.0961960499,2814,,2026-10-08
Gendrim,Gendrim,ASC Gendrim,64.0950243461,2815,,2026-10-08
Colchagua,Colchagua,Colchagua Club de Deportes,64.0880031888,2816,,2026-10-08
Figueirense,Figueirense,Figueirense FC,64.08765411,2817,,2026-10-08
Voorwaarts,Voorwaarts,Voorwaarts,64.0863851805,2818,,2026-10-08
Bikita Minerals,Bikita,Bikita Minerals FC,64.0859506045,2819,,2026-10-08
Grosseto,Grosseto,SSD FC Grosseto,64.0812031221,2820,,2026-10-08
Universidad O&M,O&M,Universidad Organización y Métodos,64.0802482489,2821,,2026-10-08
Cayón,Cayón,CD Cayón,64.0791086408,2822,,2026-10-08
Hrvace,Hrvace,NK Hrvace,64.0766650764,2823,,2026-10-08
Larissa,Larissa,AE Larissa,64.0758796443,2824,,2026-10-08
Deportes Rengo,Rengo,Club Deportes Rengo Unido,64.064265684,2825,,2026-10-08
Fraijanes,Fraijanes,Deportivo Fraijanes,64.0608719045,2826,,2026-10-08
RCC Kamsar,RCC Kamsar,Renaissance Caïman Club de Kamsar,64.0594204039,2827,,2026-10-08
Al Fahaheel,Fahaheel,Al Fahaheel FC,64.0523319199,2828,,2026-10-08
Cashmere Technical,Cashmere,Cashmere Technical,64.0517265765,2829,,2026-10-08
Al Wehda,Wehda,Al Wehda FC,64.0516337491,2830,,2026-10-08
Yongin,Yongin,Yongin Football Centre,64.047360909,2831,,2026-10-08
FC Bacău,FC Bacău,ACS Fotbal Club Bacău,64.0466438857,2832,,2026-10-08
Otrant-Olympic,Otrant-Olympic,FK Otrant-Olympic KF,64.0455966263,2833,,2026-10-08
Örebro,Örebro,Örebro SK,64.0435021058,2834,,2026-10-08
Treviso,Treviso,Treviso FBC 1993,64.0417566703,2835,,2026-10-08
Sisaket United,Sisaket Utd,Sisaket United FC,64.0389828208,2836,,2026-10-08
Chongqing Tonglianglong,Tonglianglong,Chongqing Tonglianglong FC,64.0333974081,2837,,2026-10-08
Sportivo Italiano,Italiano,Club Sportivo Italiano,64.0324988533,2838,,2026-10-08
Athens Kallithea,Kallithea,PAE Athens Kallithea,64.0304985725,2839,,2026-10-08
Naft Bandar Abbas,Naft BA,Palayesh Naft Bandar Abbas FC,64.0230085262,2840,,2026-10-08
Rukinzo,Rukinzo,Rukinzo FC,64.0225916843,2841,,2026-10-08
Smederevo 1924,Smederevo,FK Smederevo 1924,64.0225567735,2842,,2026-10-08
LDU de El Carmin,LDU Carmin,LDU de El Carmin,64.0220261554,2843,,2026-10-08
Knokke,Knokke,Royal Knokke FC,64.0201131363,2844,,2026-10-08
Tira,Tira,MS Tira,64.0180185877,2845,,2026-10-08
Orange County SC,Orange County,Orange County SC,64.0147922898,2846,,2026-10-08
Ypiranga RS,Ypiranga,Ypiranga FC,64.0066660939,2847,,2026-10-08
Karib,Karib,ASC Karib,63.9990853712,2848,,2026-10-08
Quiché,Quiché,Deportivo Quiché FC,63.9980357891,2849,,2026-10-08
Al Nasar,Nasar,Al Nasar,63.9964774466,2850,,2026-10-08
Derio,Derio,CD Derio,63.9956765918,2851,,2026-10-08
Latina,Latina,US Latina,63.9942802083,2852,,2026-10-08
Hertha Wels,Hertha Wels,FC Hertha Wels,63.9939311123,2853,,2026-10-08
Grama,Grama,FE Grama,63.99323292,2854,,2026-10-08
Caxias do Sul,Caxias,Sociedade Esportiva e Recreativa Caxias do Sul,63.9927022937,2855,,2026-10-08
Njardvík,Njardvík,UMF Njardvík,63.9910685224,2856,,2026-10-08
Afrique Football Élite,AFE,Afrique Football Élite,63.985413151,2857,,2026-10-08
Alcione Milano,Alcione,Alcione Milano SS,63.9852036907,2858,,2026-10-08
Fylkir,Fylkir,Fylkir FC,63.9798973987,2859,,2026-10-08
Malkiya,Malkiya,Malkiya Club,63.9755315954,2860,,2026-10-08
Baghdad,Baghdad,Amanat Baghdad SC,63.9664572829,2861,,2026-10-08
Colonia Moscardó,Moscardó,CD Colonia Moscardó,63.9642577151,2862,,2026-10-08
Torrent,Torrent,Torrent CF,63.9621631048,2863,,2026-10-08
Bahardar,Bahardar,Bahardar FC,63.9616720673,2864,,2026-10-08
Al Ittifaq Maqaba,Ittifaq,Al Ittifaq Maqaba,63.9601711576,2865,,2026-10-08
Ferroviário Nacala,Ferro Nacala,Clube Ferroviário de Nacala,63.9557396189,2866,,2026-10-08
Eindhoven,Eindhoven,FC Eindhoven,63.955530157,2867,,2026-10-08
Wakirya,Wakirya,Wakirya Athletic Club,63.9508521694,2868,,2026-10-08
Liaoning Tieren,Tieren,Liaoning Tieren FC,63.9503124545,2869,,2026-10-08
Luanda,Luanda,FC Luanda,63.9494557529,2870,,2026-10-08
Villanovense,Villanovense,CF Villanovense,63.9408677691,2871,,2026-10-08
Lumezzane,Lumezzane,FC Lumezzane,63.9401695573,2872,,2026-10-08
Politehnica Iași,Iaşi,ACSM Politehnica Iași,63.9394713452,2873,,2026-10-08
Al Zulfi,Zulfi,Al Zulfi SC,63.9336391994,2874,,2026-10-08
A'Ali,A'Ali,A'Ali FC,63.9210713001,2875,,2026-10-08
Sporting Covilhã,Covilhã,SC Covilhã,63.9171284243,2876,,2026-10-08
Perugia,Perugia,AC Perugia Calcio,63.9080515375,2877,,2026-10-08
PAEEK,PAEEK,Podosfairiki Athlitiki Enosi Eparxeias Kerynias,63.9049968062,2878,,2026-10-08
Wahlex,Wahlex,CA Wahlex,63.9001895219,2879,,2026-10-08
Jeonnam Dragons,Dragons,Jeonnam Dragons FC,63.8996916863,2880,,2026-10-08
Sporting Braga II,Braga II,Sporting Braga II,63.8867555939,2881,,2026-10-08
San Marcos,San Marcos,FC San Marcos,63.8865740537,2882,,2026-10-08
Internazionale II,Inter II,FC Internazionale Milano Under 23,63.8836135492,2883,,2026-10-08
Maya,Maya,AS Maya de Bobo-Dioulasso,63.8784117081,2884,,2026-10-08
Operário,Operário,Sport Operário e Benfica,63.8761424441,2885,,2026-10-08
Nairobi United,Nairobi Utd,Nairobi United FC,63.8736963234,2886,,2026-10-08
Pacífico,Pacífico,Pacífico FC,63.8722602508,2887,,2026-10-08
Cosenza,Cosenza,Cosenza Calcio,63.8651102911,2888,,2026-10-08
Reggina,Reggina,AS Reggina 1914 ASD,63.8630155713,2889,,2026-10-08
Havadar,Havadar,Havadar SC,63.8505498749,2890,,2026-10-08
Palencia CF,Palencia CF,Palencia CF,63.8493998358,2891,,2026-10-08
Trival Valderas,Trival,CF Trival Valderas Alcorcón,63.8476542216,2892,,2026-10-08
Ararat,Ararat,FC Ararat,63.8396243756,2893,,2026-10-08
HB Køge,HB Køge,HB Køge,63.8382278772,2894,,2026-10-08
Jelgava,Jelgava,FS Jelgava,63.8368313777,2895,,2026-10-08
Sarriana,Sarriana,SD Sarriana,63.8288014858,2896,,2026-10-08
San Juan,San Juan,AD San Juan,63.8235645814,2897,,2026-10-08
AGAMA,AGAMA,AGAMA FC,63.8234249304,2898,,2026-10-08
LDF,LDF,Lesotho Defence Force,63.8209810383,2899,,2026-10-08
Nagykanizsa,Nagykanizsa,Nagykanizsa FC,63.8200733038,2900,,2026-10-08
Binah,Binah,AS Binah,63.8173151899,2901,,2026-10-08
Espoli,Espoli,Club Social Cultural y Deportivo Espoli,63.8101161445,2902,,2026-10-08
Panthère,Panthère,Panthère Sportive du Ndé,63.8098066152,2903,,2026-10-08
Atlético Balboa,Atl. Balboa,CD Atlético Balboa,63.8089935523,2904,,2026-10-08
Kuala Lumpur City,Kuala Lumpur,Kuala Lumpur City FC,63.8078726343,2905,,2026-10-08
UDJ Quinindé,Quinindé,UDJ Quinindé,63.8069739726,2906,,2026-10-08
Laktaši,Laktaši,FK Laktaši,63.8029659502,2907,,2026-10-08
Subiza,Subiza,CD Subiza,63.8022676876,2908,,2026-10-08
Deportivo Armenio,Armenio,CD Armenio,63.8006896131,2909,,2026-10-08
Mebrat Hayl,EEPCO,Ethiopian Electric Power Corporation FC,63.7944448337,2910,,2026-10-08
Tucumán Central,T Central,Club Tucumán Central Deportes,63.793357834,2911,,2026-10-08
Stripfing,Stripfing,SV Stripfing / Weiden,63.792841117,2912,,2026-10-08
Hutnik Kraków,Hutnik Kraków,KS Hutnik Kraków Stowarzyszenie Nowy Hutnik 2010,63.7907463172,2913,,2026-10-08
Dynamic Togolais,Dynamic,Dynamic Togolais,63.7883372945,2914,,2026-10-08
RCK,RCK,Rail Club de Kadiogo,63.7803071968,2915,,2026-10-08
Sheger Ketema,Sheger,Sheger Ketema FC,63.7640700348,2916,,2026-10-08
Novara,Novara,Novara Calcio,63.7568800646,2917,,2026-10-08
Boluspor,Boluspor,Boluspor Kulübü,63.7565309248,2918,,2026-10-08
Beyoğlu Yeni Çarşı,Yeni Çarşı,Beyoğlu Yeni Çarşı SFAŞ,63.7558326451,2919,,2026-10-08
Tusker,Tusker,Tusker FC,63.7389319012,2920,,2026-10-08
Ferrocarril Oeste,Ferro Oeste,Ferrocarril Oeste FC,63.7385431559,2921,,2026-10-08
Mosconia,Mosconia,CD Mosconia,63.7338367006,2922,,2026-10-08
ASM Sangarédi,Sangarédi,Association Sportive des Mineurs de Sangarédi,63.7316021776,2923,,2026-10-08
Desenzano,Desenzano,Calcio Desenzano,63.7097456104,2924,,2026-10-08
Guarnizo,Guarnizo,CD Guarnizo,63.681813527,2925,,2026-10-08
Atlético Mansillés,Atl. Mansillés,CD Atlético Mansillés,63.6779728332,2926,,2026-10-08
Politécnico de Manabí,Politécnico,CD Politécnico de Manabí,63.6760455003,2927,,2026-10-08
UNAN Managua,UNAN,Universidad Nacional Autónoma de Nicaragua,63.6759702946,2928,,2026-10-08
Blessing,Blessing,Blessing FC,63.6722466934,2929,,2026-10-08
Cambérène,Cambérène,ASC Cambérène,63.6650889942,2930,,2026-10-08
Unión Molinense,Un. Molinense,Unión Molinense CF,63.6531827126,2931,,2026-10-08
Manika Kolwezi,Manika,CS Manika Kolwezi,63.6512972535,2932,,2026-10-08
Delta United,Delta United,Delta United FC,63.6512949583,2933,,2026-10-08
KAC Kénitra,Kénitra,Kénitra Athlétic Club,63.6492000015,2934,,2026-10-08
Hải Phòng,Hải Phòng,Hải Phòng FC,63.6490116555,2935,,2026-10-08
Village Superstars,Superstars,RAMS Village Superstars FC,63.6485614494,2936,,2026-10-08
Deportivo Binacional,Binacional,Deportivo Binacional FC,63.6460179579,2937,,2026-10-08
Tambo,Tambo,Tambo FC,63.6434411535,2938,,2026-10-08
Panadería Pulido,Panad. Pulido,CF Panadería Pulido,63.642009594,2939,,2026-10-08
Primero de Mayo,Primero Mayo,Primero de Mayo,63.6399076437,2940,,2026-10-08
Atlético Samborondón,Samborondón,Club Atlético Samborondón,63.6365906077,2941,,2026-10-08
Boiro,Boiro,CD Boiro,63.6329313865,2942,,2026-10-08
L'Hospitalet,L'Hospitalet,CE L'Hospitalet,63.6294397565,2943,,2026-10-08
Tirsense,Tirsense,FC Tirsense,63.6252497921,2944,,2026-10-08
Al-Magd,Magd,Al-Magd SCS,63.6093976757,2945,,2026-10-08
Rasi Salai United,Rasi Salai,Rasi Salai United,63.606413692,2946,,2026-10-08
Pattani,Pattani,Pattani FC,63.5997794963,2947,,2026-10-08
Nara Club,Nara,Nara Club,63.5987319896,2948,,2026-10-08
Goa,Goa,FC Goa,63.5939274473,2949,,2026-10-08
Maccabi Kiryat Gat,M Kiryat Gat,Maccabi Kiryat Gat FC,63.5934755921,2950,,2026-10-08
Chungbuk Cheongju,Cheongju,Chungbuk Cheongju FC,63.5920977669,2951,,2026-10-08
Śląsk Wrocław II,Śląsk II,WKS Śląsk Wrocław II,63.5917297414,2952,,2026-10-08
Paju Frontier,Paju,Paju Frontier FC,63.5896535737,2953,,2026-10-08
Ankaragücü,Ankaragücü,MKE Ankaragücü SK,63.5871905221,2954,,2026-10-08
Baía de Pemba,Baía de Pemba,Baía de Pemba FC,63.5860033398,2955,,2026-10-08
Vitória de Sernache,Sernache,GD Vitória de Sernache,63.5833496356,2956,,2026-10-08
Caspe,Caspe,CD Caspe,63.5637959105,2957,,2026-10-08
Xorazm,Xorazm,Xorazm FK Urganch,63.5604068396,2958,,2026-10-08
Pacífico,Pacífico,Club Deportivo Pacífico FC,63.5589353816,2959,,2026-10-08
Mashuk-KMV,Mashuk,FK Mashuk-KMV Pyatigorsk,63.5561140344,2960,,2026-10-08
Doqarah,Doqarah,Doqarah FC,63.5502807054,2961,,2026-10-08
General Velásquez,Velásquez,CD General Velásquez,63.5465046617,2962,,2026-10-08
Rebordosa,Rebordosa,Rebordosa AC,63.5407501882,2963,,2026-10-08
Juventus,Juventus,Juventus FC des Cayes,63.5399696339,2964,,2026-10-08
Giana Erminio,Giana Erminio,AS Giana Erminio,63.5390042887,2965,,2026-10-08
Paderborn II,Paderborn II,SC Paderborn 07 II,63.5379567482,2966,,2026-10-08
Real Puerto Quito,Real Puerto,FC Real Puerto Quito,63.5360292721,2967,,2026-10-08
Ouanaminthe,Ouanaminthe,Ouanaminthe FC,63.5291450261,2968,,2026-10-08
Loznica,Loznica,FK Loznica,63.5239894858,2969,,2026-10-08
Real Pilar,Real Pilar,Real Pilar FC,63.5238079107,2970,,2026-10-08
Joga Bonito Z,Joga Bonito Z,CD Joga Bonito Z,63.5203160786,2971,,2026-10-08
Gifu,Gifu,FC Gifu,63.5173738558,2972,,2026-10-08
Ulm,Ulm,SSV Ulm 1846,63.5138631558,2973,,2026-10-08
Vanraure Hachinohe,Vanraure,Vanraure Hachinohe,63.5117869023,2974,,2026-10-08
Taghit,JRBT,JRB Taghit,63.5098801503,2975,,2026-10-08
Magdeburg II,Magdeburg II,1. FC Magdeburg II,63.5093237488,2976,,2026-10-08
Awassa Kenema,Awassa,Awassa City FC (Hawassa City),63.5067374785,2977,,2026-10-08
Royal Vision,Vision,Royal Vision 2026,63.5041208783,2978,,2026-10-08
CSA Steaua Bucureşti,CSA Steaua,CSA Steaua Bucureşti,63.4988481524,2979,,2026-10-08
Volgar Astrakhan,Volgar,FK Volgar Astrakhan,63.4950070858,2980,,2026-10-08
Muaither,Muaither,Muaither SC,63.4783486677,2981,,2026-10-08
Weymouth Wales,Wales,JADA Group Weymouth Wales,63.4680372003,2982,,2026-10-08
Anguiano,Anguiano,CD Anguiano,63.4677702067,2983,,2026-10-08
Hibernians,Hibernians,Paola Hibernians FC,63.4572943789,2984,,2026-10-08
Panthères,Panthères,Panthères FC,63.4456312238,2985,,2026-10-08
Police,Police,Police FC,63.4411468335,2986,,2026-10-08
San Pedro del Pongo,San Pedro,CD San Pedro del Pongo,63.44035135,2987,,2026-10-08
Fuenlabrada,Fuenlabrada,CF Fuenlabrada,63.4311045542,2988,,2026-10-08
RCA,RCA,SV Racing Club Aruba,63.4235145356,2989,,2026-10-08
Torina,Torina,SD Torina,63.4139936717,2990,,2026-10-08
Forlì,Forlì,FC Forlì,63.4118984509,2991,,2026-10-08
22 de Julio,22 de Julio,22 de Julio FC,63.411716865,2992,,2026-10-08
RC Arbaâ,RC Arbaâ,RC Arbaâ,63.398835893,2993,,2026-10-08
Matoury,Matoury,US Matoury,63.3971496388,2994,,2026-10-08
Skopje,Skopje,FK Skopje,63.3905969067,2995,,2026-10-08
Wolues,Wolues,Wolues FC,63.3882448544,2996,,2026-10-08
Thór,Thór,Thór Akureyri,63.3867556189,2997,,2026-10-08
Csákvári TK,Csákvári,Csákvári TK,63.3836127412,2998,,2026-10-08
Tabor Sežana,Tabor,MND Tabor Sežana,63.3829143233,2999,,2026-10-08
Maccabi Yavne,M Yavne,Maccabi Yavne FC,63.3815174865,3000,,2026-10-08
Zamora II,Zamora II,Zamora FC II,63.3792406405,3001,,2026-10-08
Utrecht II,Utrecht II,FC Utrecht II,63.3766285498,3002,,2026-10-08
Alfaro,Alfaro,CD Alfaro,63.3549773914,3003,,2026-10-08
Al Najaf,Najaf,Al Najaf,63.3533363133,3004,,2026-10-08
Bourgoin-Jallieu,Bourgoin,FC Bourgoin-Jallieu,63.3529519477,3005,,2026-10-08
Ironi Modi'in,Ironi Modi'in,Ironi Modi'in FC,63.3486915244,3006,,2026-10-08
Lanzarote,Lanzarote,UD Lanzarote,63.345897799,3007,,2026-10-08
Super Nova,Super Nova,SK Super Nova,63.345897799,3008,,2026-10-08
Orbit College,Orbit,Orbit College FC,63.3454066011,3009,,2026-10-08
Lentigione,Lentigione,Polisportiva Lentigione Calcio,63.3438025022,3010,,2026-10-08
VfR Mannheim,VfR Mannheim,VfR Mannheim,63.3382150327,3011,,2026-10-08
Floresta,Floresta,Floresta EC,63.33069986,3012,,2026-10-08
AJEB,AJEB,Association Jeunes Espoirs de Bobo,63.3305671568,3013,,2026-10-08
MVV,MVV,MVV Maastricht,63.3165634312,3014,,2026-10-08
Blois,Blois,Blois Foot 41,63.316284054,3015,,2026-10-08
Altyn Asyr,Altyn,Altyn Asyr FK,63.3142238759,3016,,2026-10-08
Pamplemousses,Pamplemousses,Pamplemousses SC,63.3131061362,3017,,2026-10-08
OFK Vršac,OFK Vršac,OFK Vršac,63.313071214,3018,,2026-10-08
Samaritaine,Samaritaine,AS Samaritaine,63.312115954,3019,,2026-10-08
Dinamo Jug,Dinamo,SU Dinamo Jug,63.3085313219,3020,,2026-10-08
Lübeck,Lübeck,VfB Lübeck,63.3071344298,3021,,2026-10-08
Bjarg,Bjarg,IL Bjarg,63.3067852066,3022,,2026-10-08
Shabana,Shabana,Shabana FC,63.3062939985,3023,,2026-10-08
UN Käerjéng,Käerjéng,Uewer/Nidder Käerjéng 97,63.3053883133,3024,,2026-10-08
PK-35,PK-35,Pallokerho-35 ry,63.3008484026,3025,,2026-10-08
USM Blida,USM Blida,USM Blida,63.3003571929,3026,,2026-10-08
Al Hilal Port Sudan,Al Hilal PS,Hilal Alsahil SC Port Sudan,63.2842928012,3027,,2026-10-08
ASA Târgu Mureş,ASA T. Mureş,AFC ASA Târgu Mureș,63.2840855603,3028,,2026-10-08
Nantes II,Nantes II,FC Nantes II,63.2792662154,3029,,2026-10-08
Petrovac,Petrovac,OFK Petrovac,63.275704083,3030,,2026-10-08
Tochigi,Tochigi,Tochigi SC,63.2750244832,3031,,2026-10-08
Livorno,Livorno,AS Livorno Calcio,63.2715133302,3032,,2026-10-08
Babelsberg,Babelsberg,SV Babelsberg 03,63.2676717987,3033,,2026-10-08
Al Sadaqa,Al Sadaqa,Al Sadaqa FC,63.2664844146,3034,,2026-10-08
Málaga II,Málaga II,Atlético Malagueño (Málaga CF II),63.263481028,3035,,2026-10-08
Sukhothai,Sukhothai,Sukhothai FC,63.2624521924,3036,,2026-10-08
Hodio,Hodio,Hodio FC,63.2518166687,3037,,2026-10-08
Koléa,Koléa,ESM Koléa,63.2357495635,3038,,2026-10-08
Zenit II,Zenit SPb II,FK Zenit St. Petersburg II,63.2289068123,3039,,2026-10-08
Piacenza,Piacenza,Piacenza Calcio,63.2285575745,3040,,2026-10-08
Dayrout,Dayrout,Dayrout SC,63.2238754866,3041,,2026-10-08
Bokelj,Bokelj,FK Bokelj Kotor,63.2229697616,3042,,2026-10-08
Carchá,Carchá,CSyD Carchá,63.2193928638,3043,,2026-10-08
Luanda City,Luanda City,Luanda City FC,63.2151467954,3044,,2026-10-08
Real Sociedad III,Real Soc. III,CD Berio Futbol Taldea (Real Sociedad III),63.2149372512,3045,,2026-10-08
Bonner SC,Bonn,Bonner SC,63.2138895299,3046,,2026-10-08
Botafogo PB,Botafogo PB,Botafogo FC (João Pessoa),63.2137079248,3047,,2026-10-08
Arenas Armilla,Arenas Armilla,Arenas de Armilla CyD CF,63.2079524316,3048,,2026-10-08
Medina United,Medina Utd,Medina United Football Academy,63.2041456957,3049,,2026-10-08
Bani Gansè,Bani Gansè,Bani Gansè FC,63.2011771334,3050,,2026-10-08
Talleres de Perico,Tal Perico,CA Talleres de Perico,63.1931026185,3051,,2026-10-08
Club Sando,Sando,Club Sando FC,63.1900565161,3052,,2026-10-08
Renaissance,Renaissance,Renaissance Football Club,63.1872073637,3053,,2026-10-08
Hohenems,Hohenems,VfB Hohenems,63.1782666575,3054,,2026-10-08
Tanzania Prisons,Prisons,Tanzania Prisons,63.1779523368,3055,,2026-10-08
Jeunesse d'Esch,Esch,AS la Jeunesse d'Esch,63.1740756868,3056,,2026-10-08
Jeddeloh,Jeddeloh,SSV Jeddeloh II,63.1716309495,3057,,2026-10-08
Guidonia Montecelio 1937,Guidonia 1937,Guidonia Montecelio 1937 FC,63.170583204,3058,,2026-10-08
Mali Coura,Mali Coura,FC Mali Coura,63.1686972624,3059,,2026-10-08
Leganés II,Leganés II,CD Leganés II,63.1663922161,3060,,2026-10-08
Savoia,Savoia,FC Savoia 1908,63.1663922161,3061,,2026-10-08
Police,Police,ASC Police,63.1613607224,3062,,2026-10-08
Almería II,Almería II,UD Almería II,63.159756466,3063,,2026-10-08
Horriya,Horriya,Al-Horriya,63.1593375965,3064,,2026-10-08
Racing Besançon,Racing,Racing Besançon,63.1472532518,3065,,2026-10-08
FC 93 Bobigny BG,FC 93 BBG,Football Club 93 Bobigny-Bagnolet-Gagny,63.142590719,3066,,2026-10-08
Académica do Lobito,Académica,Académica Petróleos do Lobito,63.140058627,3067,,2026-10-08
Ligorna,Ligorna,SCD Ligorna 1922,63.1360072727,3068,,2026-10-08
Villa Dálmine,Villa Dálmine,Club Villa Dálmine,63.1358256601,3069,,2026-10-08
Uničov,Uničov,SK Uničov,63.134610252,3070,,2026-10-08
Las Rozas,Las Rozas,Las Rozas CF,63.1328639746,3071,,2026-10-08
Móstoles,Móstoles,CD Móstoles URJC,63.1311176955,3072,,2026-10-08
Sporting Cristal II,Cristal II,Club Sporting Cristal SA II,63.1178738622,3073,,2026-10-08
Transvaal,Transvaal,Transvaal,63.1136006527,3074,,2026-10-08
Adana 01,Adana 01,Adana 01 FK SK,63.1080666593,3075,,2026-10-08
Werder Bremen II,Werder II,SV Werder Bremen II,63.1017799637,3076,,2026-10-08
BFC Preussen,BFC Preussen,Berliner FC Preussen,63.1000336556,3077,,2026-10-08
Colina,Colina,Atlético Colina,63.0991535157,3078,,2026-10-08
Colorados,Colorados,CD Colorados Jaipadida SC,63.0960101556,3079,,2026-10-08
Nueva Concepción,Concepción,CSyD Nueva Concepción,63.0880742053,3080,,2026-10-08
Hồng Lĩnh Hà Tĩnh,Hồng Lĩnh,Hồng Lĩnh Hà Tĩnh,63.0871297854,3081,,2026-10-08
Liptovský Mikuláš,L. Mikuláš,MFK Tatran Liptovský Mikuláš,63.0808241591,3082,,2026-10-08
Harbour View,Harbour View,Harbour View FC,63.0753283211,3083,,2026-10-08
Touring,Touring,Touring KE,63.0745373718,3084,,2026-10-08
Ethiopia Nigd Bank,Ethiopia Bank,Commercial Bank of Ethiopia SA,63.0719505018,3085,,2026-10-08
Spakenburg,Spakenburg,SV Spakenburg,63.0696476338,3086,,2026-10-08
Stal Stalowa Wola,Stal SW,ZKS Stal Stalowa Wola,63.066853492,3087,,2026-10-08
Estradense,Estradense,CD Estradense,63.0640593461,3088,,2026-10-08
Cheonan City,Cheonan City,Cheonan City Government FC,63.0616333255,3089,,2026-10-08
Hässleholms IF,Hässleholm,Hässleholms IF,63.061265196,3090,,2026-10-08
Šamorín,Šamorín,FC ŠTK 1914 Šamorín,63.0581217721,3091,,2026-10-08
Al Kharaitiyat,Kharaitiyat,Al Kharaitiyat SC,63.0564781379,3092,,2026-10-08
Fasil Kenema,Fasil Kenema,Fasil Kenema SC,63.0534392575,3093,,2026-10-08
Muş Spor,Muş,Muş SK,63.0532319911,3094,,2026-10-08
Bashkimi Kumanovo,Bashkimi,KF Bashkimi 1947 Kumanovo,63.0525334499,3095,,2026-10-08
La Fama,La Fama,SV La Fama,63.0512287843,3096,,2026-10-08
O Elvas,O Elvas,O Elvas CAD,63.0448494796,3097,,2026-10-08
UCAM Murcia II,UCAM Murcia II,Sangonera Universidad Católica de Murcia CF,63.0441509353,3098,,2026-10-08
Sông Lam Nghệ An,SLNA,CLB Sông Lam Nghệ An,63.043121979,3099,,2026-10-08
Molynes United,Molynes Utd,Molynes United FC,63.0369086224,3100,,2026-10-08
Đà Nẵng,Đà Nẵng,SHB Đà Nẵng FC,63.0336915999,3101,,2026-10-08
Chichicasteco,Chichicasteco,Chichicasteco FC,63.0266027274,3102,,2026-10-08
Cavaliers,Cavaliers,US Cavaliers de Nikki,63.0261982582,3103,,2026-10-08
Lille II,Lille II,Lille OSC II,63.0246614433,3104,,2026-10-08
Jwaya,Jwaya,Jwaya SC,63.0194574551,3105,,2026-10-08
Ayutthaya United,Ayutthaya Utd,Ayutthaya United FC,63.0179741954,3106,,2026-10-08
Chapelton,Chapelton,Chapelton Maroons FC,63.0156028123,3107,,2026-10-08
Al Futuwa,Futuwa,Al Futuwa SC,63.0122972677,3108,,2026-10-08
Highbury,Highbury,Highbury FC,63.010478493,3109,,2026-10-08
Istres,Istres,Istres FC,63.0014868452,3110,,2026-10-08
Yangon United,Yangon,Yangon United FC,62.9930030098,3111,,2026-10-08
Aliağa,Aliağa,Aliağa FK,62.9924579299,3112,,2026-10-08
Hauts Lyonnais,Hauts Lyonnais,Hauts Lyonnais SC,62.9924055376,3113,,2026-10-08
Pergolettese,Pergolettese,US Pergolettese 1932,62.9914100839,3114,,2026-10-08
Saint-Colomban Locminé,Locminé,LA Saint-Colomban Locminé,62.9878648672,3115,,2026-10-08
Andratx,Andratx,CE Andratx,62.9868694111,3116,,2026-10-08
Biesheim,Biesheim,ASC Biesheim,62.9854198863,3117,,2026-10-08
RC Bobo-Dioulasso,Racing Bobo,Racing Club de Bobo,62.9820143718,3118,,2026-10-08
Paysandu,Paysandu,Paysandu SC,62.9810992479,3119,,2026-10-08
Deportivo Ucrania,Dep. Ucrania,Club Deportivo Ucrania,62.9771174057,3120,,2026-10-08
Cabinda,Cabinda,FC de Cabinda,62.9738061831,3121,,2026-10-08
Arlanda,Arlanda,FC Arlanda,62.9697544682,3122,,2026-10-08
Pacífico Gral. Alvear,Pacífico,Sport Club Pacífico de General Alvear,62.9685249805,3123,,2026-10-08
APS Bomet,APS Bomet,APS Bomet,62.967866026,3124,,2026-10-08
Zabbar St. Patrick,Zabbar,Zabbar Saint Patrick FC,62.9596251422,3125,,2026-10-08
Unirea Slobozia,Slobozia,FC Unirea 2004 Slobozia,62.9596251422,3126,,2026-10-08
Olímpico Totana,Totana,Club Olímpico de Totana,62.9526393681,3127,,2026-10-08
UF Touraine,Touraine,Union Foot de Touraine,62.9515391063,3128,,2026-10-08
Arbroath,Arbroath,Arbroath FC,62.9512422102,3129,,2026-10-08
Dhofar,Dhofar,Dhofar SCSC,62.9499477717,3130,,2026-10-08
Haka,Haka,FC Haka,62.9386677414,3131,,2026-10-08
Centre Chiefs,Centre Chiefs,Mochudi Centre Chiefs SC,62.9374414135,3132,,2026-10-08
Be'sat Kermanshah,Be'sat,Be'sat Kermanshah FC,62.937024002,3133,,2026-10-08
Vall de Uxó,Vall de Uxó,UD Vall de Uxó,62.9348255257,3134,,2026-10-08
Karfamoriah,Karfamoriah,Karfamoriah FC,62.9336379301,3135,,2026-10-08
Aurrerá Vitoria,Aurrerá,CD Aurrerá de Vitoria,62.9309833021,3136,,2026-10-08
Bremer SV,Bremer SV,Bremer SV,62.9285382465,3137,,2026-10-08
Marbellí,Marbellí,FC Marbellí,62.9257438934,3138,,2026-10-08
Ayr United,Ayr Utd,Ayr United FC,62.9194565836,3139,,2026-10-08
Sonacos,Sonacos,Sonacos de Diourbel,62.9146013688,3140,,2026-10-08
East Bengal,East Bengal,East Bengal FC,62.9139705686,3141,,2026-10-08
Madura United,Madura Utd,Madura United FC,62.912489521,3142,,2026-10-08
Manica Diamonds,Manica,Manica Diamonds FC,62.9084886702,3143,,2026-10-08
Schöningen,Schöningen,FSV Schöningen,62.9058340063,3144,,2026-10-08
Barletta,Barletta,ASD Barletta 1922,62.9058340063,3145,,2026-10-08
Stade Renard,Renard,Stade Renard de Melong,62.8983567152,3146,,2026-10-08
Espoir,Espoir,Espoir FC de Tsévié,62.8918969587,3147,,2026-10-08
Llerenense,Llerenense,AD Llerenense,62.8834787917,3148,,2026-10-08
Estrella Roja,Estrella Roja,CD Estrella Roja,62.8818999445,3149,,2026-10-08
Ostiamare,Ostiamare,AS Ostia Mare Lido Calcio,62.879287159,3150,,2026-10-08
Eintracht Frankfurt II,Eintracht F II,Eintracht Frankfurt II,62.8785885527,3151,,2026-10-08
Hadiya Hosaena,Hosaena,Hadiya Hosaena,62.8697139331,3152,,2026-10-08
Pocheon,Pocheon,Pocheon FC,62.8611421712,3153,,2026-10-08
Al Buqa'a,Buqa'a,Al Buqa'a,62.8594795008,3154,,2026-10-08
Árabe Unido II,Árabe Unido II,CD Árabe Unido II,62.8589429458,3155,,2026-10-08
Gainare Tottori,Gainare,Gainare Tottori,62.858697024,3156,,2026-10-08
Pineto,Pineto,ASD Pineto Calcio,62.8516920087,3157,,2026-10-08
Inter Toronto,Inter Toronto,Inter Toronto FC,62.8477650905,3158,,2026-10-08
Porreres,Porreres,UE Porreres,62.842609971,3159,,2026-10-08
Moulien,Moulien,CS Moulien,62.8397332617,3160,,2026-10-08
Schwarz-Weiß Bregenz,Bregenz SW,Schwarz-Weiß Bregenz,62.8338772006,3161,,2026-10-08
PR Surf,PR Surf,Puerto Rico Surf SC,62.8301271989,3162,,2026-10-08
Unisport Bafang,Unisport,Unisport de Bafang,62.8284954975,3163,,2026-10-08
FC Jerusalem,FC Jerusalem,FC Jerusalem,62.8220005671,3164,,2026-10-08
Beasain,Beasain,SD Beasain,62.8174594813,3165,,2026-10-08
Fuerte San Francisco,Fuerte,CD Fuerte San Francisco,62.8018326825,3166,,2026-10-08
Lota Schwager,Lota Schwager,CD Lota Schwager,62.7910790467,3167,,2026-10-08
Highlanders,Highlanders,Mbabane Highlanders FC,62.7900730076,3168,,2026-10-08
Rekord Bielsko-Biała,Rekord BB,BTS Rekord Bielsko-Biała,62.7891647739,3169,,2026-10-08
Al Watan,Al Watan,Al Watan SC,62.7883264057,3170,,2026-10-08
Meshakhte,Meshakhte,FC Meshakhte Tkibuli,62.787418173,3171,,2026-10-08
East Riffa,East Riffa,East Riffa Club,62.7871715821,3172,,2026-10-08
Township Rollers,Rollers,Township Rollers FC,62.7854931041,3173,,2026-10-08
Eintracht Trier,Trier,SV Eintracht Trier 05,62.773095983,3174,,2026-10-08
Platges Calvià,Platges,CF Platges de Calvià,62.7696027491,3175,,2026-10-08
Dynamo Abomey,Dynamo,Dynamo Abomey FC,62.7624765335,3176,,2026-10-08
Villalbés,Villalbés,RC Villalbés,62.7615682864,3177,,2026-10-08
Cercle de Joachim,Cercle Joachim,Cercle de Joachim SC,62.7560140071,3178,,2026-10-08
Haro Deportivo,Haro Deportivo,Club Haro Deportivo,62.7538831157,3179,,2026-10-08
FA Šiauliai,FA Šiauliai,FA Šiauliai,62.7517871545,3180,,2026-10-08
Bandari,Bandari,Bandari FC,62.7512958003,3181,,2026-10-08
Inverness CT,Inverness,Inverness Caledonian Thistle FC,62.7475952251,3182,,2026-10-08
Independiente II,La Chorrera II,CA Independiente de La Chorrera II,62.7447160725,3183,,2026-10-08
Thes Sport,Thes,KVV Thes Sport Tessenderlo,62.7395606672,3184,,2026-10-08
Villarrobledo,Villarrobledo,CP Villarrobledo,62.7357180403,3185,,2026-10-08
Naft Masjed Soleyman,Naft MIS,Naft Masjed Soleyman FC,62.7354714426,3186,,2026-10-08
Gubbio,Gubbio,AS Gubbio 1910,62.7287314255,3187,,2026-10-08
Mâcon,Mâcon,UF Maconnais,62.723910646,3188,,2026-10-08
Tiquipaya,Tiquipaya,Escuela de Fútbol Tiquipaya,62.7095111126,3189,,2026-10-08
Unión Huaral,Huaral,CS Unión Huaral,62.7091967111,3190,,2026-10-08
Rapid Wien II,Rapid II,SK Rapid Wien II,62.7091687643,3191,,2026-10-08
Pitbulls Santa Bárbara,Pitbulls,Pitbulls Santa Bárbara FC,62.7080362294,3192,,2026-10-08
Xerez Deportivo,Xerez DFC,Xerez Deportivo FC,62.7067234171,3193,,2026-10-08
Atlético Nacional,Nacional,SD Atlético Nacional,62.7034948651,3194,,2026-10-08
Atlas Delmenhorst,Atlas,SV Atlas Delmenhorst,62.7028807222,3195,,2026-10-08
US Oyem,US Oyem,US Oyem,62.7011689755,3196,,2026-10-08
Stjørdals-Blink,Stjørdals,IL Stjørdals-Blink,62.6819204283,3197,,2026-10-08
Al Arabi,Arabi,Al Arabi SC,62.6778310767,3198,,2026-10-08
San Antonio,San Antonio,FCR San Antonio,62.6697214282,3199,,2026-10-08
Ajesaia,Ajesaia,Ajesaia,62.6674576891,3200,,2026-10-08
Fréjus St-Raphaël,Fréjus,Étoile Fréjus Saint-Raphaël FC,62.6647502777,3201,,2026-10-08
Barrow,Barrow,Barrow AFC,62.6602437419,3202,,2026-10-08
Granville,Granville,US Granvillaise,62.6560166712,3203,,2026-10-08
Vado,Vado,Vado FC,62.6536236558,3204,,2026-10-08
Deportivo Santo Domingo,Deportivo SD,Deportivo Santo Domingo de los Tsachilas,62.6502978833,3205,,2026-10-08
Garden Stars,Garden Stars,Garden Stars FC,62.6498732902,3206,,2026-10-08
Villacañas,Villacañas,Villacañas CF,62.6476847722,3207,,2026-10-08
Atlético Arteixo,Arteixo,CA Arteixo,62.6431432601,3208,,2026-10-08
Syunik,Syunik,FC Syunik,62.637204343,3209,,2026-10-08
Maranhão,Maranhão,Maranhão AC,62.6352759375,3210,,2026-10-08
Səbail,Səbail,Səbail FK,62.6326628052,3211,,2026-10-08
Dunbeholden,Dunbeholden,Dunbeholden FC,62.6292617456,3212,,2026-10-08
Bengaluru,Bengaluru,Bengaluru FC,62.6289226952,3213,,2026-10-08
JSM Skikda,JSM Skikda,JSM Skikda,62.6276298695,3214,,2026-10-08
FC 105,FC 105,Football Canon 105 de Libreville,62.6257107392,3215,,2026-10-08
CR Béni Thour,Béni Thour,Chabab Riadhi Béni Thour,62.6188960881,3216,,2026-10-08
Sámano,Sámano,UD Sámano,62.6176407166,3217,,2026-10-08
Beauvais,Beauvais,AS Beauvais Oise,62.6126973747,3218,,2026-10-08
Meux,Meux,RFC Meux,62.6054133452,3219,,2026-10-08
Gazelle,Gazelle,Gazelle FC,62.6017777571,3220,,2026-10-08
Juventud Unida G.,Juventud UG,Club Social y Deportivo Juventud Unida de Gualeguaychú,62.5996419979,3221,,2026-10-08
Terengganu,Terengganu,Terengganu FC,62.5949515422,3222,,2026-10-08
Tempête,Tempête,Tempête FC,62.5941517272,3223,,2026-10-08
Shenavarsazi Qeshm,Shenavarsazi,Shenavarsazi Qeshm,62.5936379903,3224,,2026-10-08
Panserraikos,Panserraikos,Panserraikos FC,62.5896049812,3225,,2026-10-08
Verdes,Verdes,Hankook Real Verdes United FC,62.5855924655,3226,,2026-10-08
Santa Ana,Santa Ana,AD Municipal Santa Ana,62.5840180558,3227,,2026-10-08
Viktoria Plzeň II,Plzeň II,FC Viktoria Plzeň II,62.5823557968,3228,,2026-10-08
Popești-Leordeni,Gloria PL,SC Popești-Leordeni,62.5820064378,3229,,2026-10-08
Hércules,Hércules,CD Hércules,62.5779065657,3230,,2026-10-08
Blue Eagles,Eagles,Blue Eagles FC,62.5773250208,3231,,2026-10-08
Cosmopolites,Cosmopolites,Cosmopolites SC,62.5759850875,3232,,2026-10-08
Espoir Savalou,Espoir Savalou,Espoir FC,62.5755782221,3233,,2026-10-08
Sturm Graz II,Sturm II,SK Sturm Graz II,62.5743205231,3234,,2026-10-08
AFC Eskilstuna,AFC Eskilstuna,AFC Eskilstuna,62.5739711625,3235,,2026-10-08
Police,Police,Police FC,62.5729580183,3236,,2026-10-08
Huesca II,Huesca II,SD Huesca II,62.5694294698,3237,,2026-10-08
Kiyovu Sports,Kiyovu,Kiyovu Sports Association,62.5540924422,3238,,2026-10-08
Santiago de Píllaro,Sant Píllaro,Club Deportivo Santiago de Píllaro,62.5538758347,3239,,2026-10-08
Salgueiros,Salgueiros,SC Salgueiros,62.5491663973,3240,,2026-10-08
Köln II,Köln II,1. FC Köln II,62.5470702048,3241,,2026-10-08
Tixeraïne,Tixeraïne,JS Tixeraïne,62.5441332347,3242,,2026-10-08
Cabeza del Buey,Cabeza Buey,CD Cabeza del Buey,62.5414803463,3243,,2026-10-08
Ajax II,Ajax II,AFC Ajax II,62.5390347779,3244,,2026-10-08
Kaédi,Kaédi,Kaédi FC,62.5357484273,3245,,2026-10-08
Persita,Persita,Persatuan Sepak Bola Indonesia Tangerang,62.5257776448,3246,,2026-10-08
AS Cotonou,AS Cotonou,AS Cotonou,62.5228240732,3247,,2026-10-08
Treasure Beach,Treasure Beach,Treasure Beach FC,62.5227068932,3248,,2026-10-08
Lealtad,Lealtad,CD Lealtad de Villaviciosa,62.5180726306,3249,,2026-10-08
Giugliano,Giugliano,SSC Giugliano,62.5166751457,3251,,2026-10-08
Lorient II,Lorient II,FC Lorient II,62.5106834171,3252,,2026-10-08
JIPPO,JIPPO,JIPPO Joensuu,62.5086395869,3253,,2026-10-08
Pamba Jiji,Pamba,Pamba Jiji FC,62.5065782874,3254,,2026-10-08
Limón Black Star,Black Star,Limón Black Star FC,62.5026156996,3255,,2026-10-08
Al Najma,Najma,Al Najma Club,62.4996586151,3256,,2026-10-08
Sur,Sur,Sur SC,62.49511674,3257,,2026-10-08
Al Anwar,Anwar,Al Anwar Club,62.49511674,3258,,2026-10-08
Céleste,Céleste,Céleste FC,62.488236098,3259,,2026-10-08
Lambaréné,Lambaréné,Lambaréné AC,62.4866639038,3260,,2026-10-08
Mosta,Mosta,Mosta FC,62.4799907886,3261,,2026-10-08
Siroco Les Abymes,Siroco,Siroco Les Abymes,62.470475307,3262,,2026-10-08
Villafranca,Villafranca,SP Villafranca,62.4702081705,3263,,2026-10-08
Al-Tahaddi,Tahaddi,Al-Tahaddi,62.4613338936,3264,,2026-10-08
ÍR,ÍR,ÍR Reykjavík,62.4600062422,3265,,2026-10-08
Ituano,Ituano,Ituano Futebol Clube,62.4598944399,3266,,2026-10-08
Eltersdorf,Eltersdorf,Sport-Club 1926 Eltersdorf,62.4579798251,3267,,2026-10-08
Panamá City,Panamá City,Panamá City FC,62.4561483711,3268,,2026-10-08
Valour,Valour,Valour FC,62.4561483711,3269,,2026-10-08
Gzira United,Gzira Utd,Gzira United FC,62.4516909302,3270,,2026-10-08
Chemie Leipzig,Chemie L.,BSG Chemie Leipzig,62.4488958589,3271,,2026-10-08
Koforidua Semper Fi,Semper Fi,Koforidua Semper Fi FC,62.4463081176,3272,,2026-10-08
Puerto Cabello II,Puerto Cabello,Academia Puerto Cabello II,62.4459191034,3273,,2026-10-08
Al Khabourah,Khabourah,Al Khabourah SC,62.4427096817,3274,,2026-10-08
Deportivo Alavés III,Alavés III,Deportivo Alavés III,62.4415587767,3275,,2026-10-08
Umm Salal,Umm Salal,Umm Salal SC,62.4406133685,3276,,2026-10-08
Dimona,Dimona,MS Dimona,62.4394624622,3277,,2026-10-08
Gyulai Termál,Gyulai Termál,Várfürdő-Gyulai Termál FC,62.4394624622,3278,,2026-10-08
Cosma,Cosma,Cosma Foot,62.4369345155,3279,,2026-10-08
Al Malaab El Libby,Al Malaab,Al Malaab El Libby,62.4333831365,3280,,2026-10-08
Kagera Sugar,Kagera Sugar,Kagera Sugar,62.4318108957,3281,,2026-10-08
One Knoxville,One Knoxville,One Knoxville SC,62.4313420257,3282,,2026-10-08
Maccabi K. Ata Bialik,K. Ata Bialik,Maccabi Ironi Kiryat Ata Bialik FC,62.4282820778,3283,,2026-10-08
Cinfães,Cinfães,CD Cinfães,62.4184991859,3284,,2026-10-08
Ellas Syros,Syros,APO Ellas Syros,62.4173636683,3285,,2026-10-08
Atlético Barinas,Barinas,Club Atlético Barinas,62.4127272554,3286,,2026-10-08
Gloria Bistriţa,Gloria B.,CS Gloria Bistrița,62.4003308206,3287,,2026-10-08
Militar 6 Setembro,Militar 6 Sete,Desportivo Militar 6 de Setembro,62.3946007607,3288,,2026-10-08
Persik Kediri,Persik,Persatuan Sepakbola Indonesia Kediri,62.3895184621,3289,,2026-10-08
Kapfenberger SV,KSV 1919,Kapfenberger SV 1919,62.3874032211,3290,,2026-10-08
Tanganyika,Tanganyika,FC Tanganyika,62.38062493,3291,,2026-10-08
Linense,Linense,Real Balompédica Linense,62.3783189078,3292,,2026-10-08
Ayema,Ayema,Ayéma d'Adjarra FC,62.3725887813,3293,,2026-10-08
ASVO,ASVO,Association Sportive de la Vallée de l'Ouémé FC,62.3617573926,3294,,2026-10-08
Stade Nyonnais,Nyon,FC Stade Nyonnais,62.3570055357,3295,,2026-10-08
Unión Adarve,Adarve,AD Unión Adarve Barrio del Pilar,62.3542103211,3296,,2026-10-08
Saham,Saham,Saham Club,62.3536142704,3297,,2026-10-08
Illescas,Illescas,CD Illescas,62.3514151023,3298,,2026-10-08
Afumaţi,Afumaţi,CS Afumaţi,62.3514151023,3299,,2026-10-08
Tatran Prešov,Tatran,1. FC Tatran Prešov,62.348270476,3300,,2026-10-08
Shakhter Karagandy,Karagandy,FK Shakhter Karagandy,62.3467505714,3301,,2026-10-08
Teleghma,Teleghma,NRB Teleghma,62.3421885533,3302,,2026-10-08
BKMA II,BKMA II,Banaki Kentronakan Marzakan Akumb II,62.3413697496,3303,,2026-10-08
Blacks Power,Blacks Power,Blacks Power FC,62.3411426367,3304,,2026-10-08
Maccabi Ahi Nazareth,M Ahi Nazareth,Maccabi Ahi Nazareth FC,62.3266073495,3305,,2026-10-08
Uruguay Montevideo,Uruguay Mdeo,Uruguay Montevideo FC,62.32467862,3306,,2026-10-08
La Cure Waves,Waves,La Cure Waves SC,62.3238470296,3307,,2026-10-08
Santa Ana,Santa Ana,Santa Ana FC,62.3236303967,3308,,2026-10-08
Barra,Barra,Barra FC,62.3225821727,3309,,2026-10-08
Cádiz II,Cádiz II,Cádiz CF II,62.3087874901,3310,,2026-10-08
Guelson,Guelson,RSD Guelson FC,62.308298315,3311,,2026-10-08
Águilas II,Águilas II,Águilas FC II,62.3056427911,3312,,2026-10-08
Upington City,Upington,Upington City FC,62.2992113153,3313,,2026-10-08
Anápolis,Anápolis,Anápolis FC,62.297774032,3314,,2026-10-08
Deportivo Camioneros,Camioneros,CA Social y Deportivo Camioneros de Buenos Aires,62.2946293142,3315,,2026-10-08
Eimsbütteler TV,Eimsbüttel,Eimsbütteler Turnverband,62.2913168724,3316,,2026-10-08
Mekelle 70 Enderta,Mekelle,Mekelle 70 Enderta FC,62.2904759818,3317,,2026-10-08
Qamishli,Qamishli,Qamishli SC,62.2879411297,3318,,2026-10-08
Binéfar,Binéfar,CD Binéfar,62.2839791636,3319,,2026-10-08
Charlotte Independence,Independence,Charlotte Independence,62.2831957839,3320,,2026-10-08
Rijnsburgse Boys,Rijnsburg,Rijnsburgse Boys,62.2755931749,3321,,2026-10-08
Altamura,Altamura,Team Altamura,62.2752437579,3322,,2026-10-08
Vermont Green,Vermont Green,Vermont Green FC,62.2730627051,3323,,2026-10-08
Humble Lions,Humble,Humble Lions,62.2610100598,3324,,2026-10-08
Akritas,Akritas,Akritas Chloraka,62.2610049578,3325,,2026-10-08
Lerumo Lions,Lions,Lerumo Lions FC,62.2604261183,3326,,2026-10-08
Doxa,Doxa,Doxa Katokopia FC,62.2589084381,3327,,2026-10-08
Enosis,Enosis,Enosis Neon Paralimni,62.2568119159,3328,,2026-10-08
Leo Victor,Leo Victor,Leo Victor,62.2507302137,3329,,2026-10-08
Os Marialvas,Os Marialvas,FC Os Marialvas,62.2497361361,3330,,2026-10-08
Amazonas,Amazonas,Amazonas FC,62.2425659849,3331,,2026-10-08
Daejeon Korail,Daejeon Korail,Daejeon Korail FC,62.2417182838,3332,,2026-10-08
Bayreuth,Bayreuth,SpVgg Bayreuth,62.2403017208,3333,,2026-10-08
Şanlıurfaspor,Şanlıurfa,Şanlıurfa SK,62.2378557533,3334,,2026-10-08
Grand Santi,Santi,ASU Grand Santi,62.2346286809,3335,,2026-10-08
Unión Coclé,Unión Coclé,Unión Coclé FC,62.2346263823,3336,,2026-10-08
Zacatecoluca,Zacatecoluca,Zacatecoluca FC,62.2236217662,3337,,2026-10-08
Cultural Leonesa II,CyD II,Cultural y Deportiva Leonesa Júpiter Leonés (Cultural Leonesa II),62.221432745,3338,,2026-10-08
Al Shorta,Shorta,Al Shorta SC,62.2147239606,3339,,2026-10-08
Sigma Olomouc II,Sigma II,SK Sigma Olomouc II,62.213745329,3340,,2026-10-08
Biellese,Biellese,ASD Biellese 1902,62.2119981846,3341,,2026-10-08
Lagun Onak,Lagun Onak,CD Lagun Onak,62.2078050311,3342,,2026-10-08
PSIM Yogyakarta,PSIM,Perserikatan Sepakbola Indonesia Mataram,62.2060767502,3343,,2026-10-08
Greuther Fürth II,Fürth II,SpVgg Greuther Fürth II,62.2039612986,3344,,2026-10-08
ASFAG,ASFAG,AS des Forces Armées de Guinée,62.1835544392,3345,,2026-10-08
Al Sahel,Sahel,Al Sahel SC,62.1817003684,3346,,2026-10-08
Zlaté Moravce,Zlaté Moravce,FC ViOn Zlaté Moravce - Vráble,62.1791515597,3347,,2026-10-08
Halaba Ketema,Halaba,Halaba Ketema FC,62.1734492232,3348,,2026-10-08
Corinthian's de Los Rios,Corinthian's,Corinthian's de Los Rios,62.1719811334,3349,,2026-10-08
UD da Serra,UD da Serra,UD da Serra,62.1679695962,3350,,2026-10-08
Municipal Grecia,Grecia,AD Municipal Grecia FC,62.1671861671,3351,,2026-10-08
Ulinzi Stars,Ulinzi,Ulinzi Stars,62.1664297739,3352,,2026-10-08
KCB,KCB,Kenya Commercial Bank SC,62.162585955,3353,,2026-10-08
Guinée Foot Elite,Guinée Foot,Guinée Foot Elite,62.1611904976,3354,,2026-10-08
IF Karlstad,IF Karlstad,IF Karlstad Fotboll,62.1557392457,3355,,2026-10-08
Qingdao Hainiu,Hainiu,Qingdao Hainiu FC,62.1515648337,3356,,2026-10-08
Utrera,Utrera,Club Deportivo Utrera,62.150497642,3357,,2026-10-08
Juventud Huracán,Juv. Huracán,CD Juventud Huracán,62.1466817451,3358,,2026-10-08
Colmar,Colmar,Stadium Racing Colmar,62.1459024904,3359,,2026-10-08
Barockstadt Fulda-Lehn.,Lehnerz,SG Barockstadt Fulda-Lehnerz,62.1445571397,3360,,2026-10-08
Frýdek-Místek,Frýdek-Místek,Fotbal Frýdek-Místek,62.1410627176,3361,,2026-10-08
Dieppe,Dieppe,FC Dieppe,62.140311416,3362,,2026-10-08
Ancona,Ancona,Unione Sportiva Ancona,62.1396649469,3363,,2026-10-08
Shabab Al-Ghar,Al-Ghar,Shabab Al-Ghar Club,62.1349824074,3364,,2026-10-08
Sambenedettese,Sambenedettese,US Sambenedettese,62.1319771892,3365,,2026-10-08
Vis Pesaro,Vis Pesaro,Vis Pesaro,62.1267355177,3366,,2026-10-08
Forest Green Rovers,Forest Green,Forest Green Rovers FC,62.1249708183,3367,,2026-10-08
Gran Peña,Gran Peña,Gran Peña FC,62.1228916158,3368,,2026-10-08
Vilanova Geltrú,Vilanova,CF Vilanova Geltrú,62.1183488123,3369,,2026-10-08
Club Colonial,Colonial,Club Colonial de Fort-de-France,62.1173929373,3370,,2026-10-08
Khaleej Sart,Khaleej,Khaleej Sart,62.1154134563,3371,,2026-10-08
Camerhogne,Camerhogne,FC Camerhogne,62.1104039832,3372,,2026-10-08
Cultural Volante,Cul Volante,Club Deportivo Cultural Volante,62.1103394728,3373,,2026-10-08
África Show,África Show,SC África Show,62.1098222891,3374,,2026-10-08
Résidence Walferdange,Résidence,FC Résidence Walferdange,62.10961262,3375,,2026-10-08
Barry Town United,Barry Town,Barry Town United FC,62.1050697837,3376,,2026-10-08
Club Péléen,Péléen,AS Club Péléen,62.1030655528,3377,,2026-10-08
San Marcos,San Marcos,FC San Marcos,62.1020172032,3378,,2026-10-08
Naval 1893,Naval,Associação Naval 1893,62.1019247365,3379,,2026-10-08
Gamo Chencha,Chencha,Gamo Chencha FC,62.0963354667,3380,,2026-10-08
Matsumoto Yamaga,Matsumoto,Matsumoto Yamaga FC,62.0939062397,3381,,2026-10-08
Hoogstraten,Hoogstraten,Hoogstraten VV,62.0851510607,3382,,2026-10-08
AD Pemba,AD Pemba,AD de Pemba,62.0846618262,3383,,2026-10-08
Beti Kozkor,Beti Kozkor,Beti Kozkor KE,62.0781619839,3384,,2026-10-08
Le Poiré sur Vie,VPSVF,Vendée Poiré sur Vie Football,62.072518285,3385,,2026-10-08
Forward Madison,Forward,Forward Madison FC,62.071088322,3386,,2026-10-08
Academia Cantolao,Cantolao,Academia Deportiva Cantolao,62.0636525756,3387,,2026-10-08
Juventude Évora,Évora,Juventude SC Évora,62.0634848361,3388,,2026-10-08
Atlético Kin,Atlético Kin,Club Atlético Kin,62.0605074575,3389,,2026-10-08
Zawisza Bydgoszcz,Zawisza,WKS Zawisza Bydgoszcz,62.0578935108,3390,,2026-10-08
Juan Aurich,Juan Aurich,Club Juan Aurich de Chiclayo,62.0558247161,3391,,2026-10-08
Atlètic Lleida,Atlètic Lleida,CE Atlètic Lleida 2019,62.0523021684,3392,,2026-10-08
Sanjoanense,Sanjoanense,AD Sanjoanense,62.0481086505,3393,,2026-10-08
Troyes II,Troyes II,Espérance Sportive Troyes Aube Champagne II,62.0480562314,3394,,2026-10-08
Al Ahli San'a,Al Ahli,Al Ahli San'a Club,62.047165339,3395,,2026-10-08
Brooklyn,Brooklyn,Brooklyn FC,62.039287564,3396,,2026-10-08
Grobiņa,Grobiņa,FK Grobiņa,62.0372753514,3397,,2026-10-08
Svay Rieng,Svay Rieng,Preah Khan Reach Svay Rieng FC,62.02934277,3398,,2026-10-08
Hamburger SV II,HSV II,Hamburger SV II,62.0267914528,3399,,2026-10-08
Pelileo,Pelileo,Pelileo SC,62.0248624089,3400,,2026-10-08
Comunicaciones,Comunicaciones,Club Comunicaciones de Buenos Aires,62.0234645497,3401,,2026-10-08
Schaffhausen,Schaffhausen,FC Schaffhausen,62.0103665577,3402,,2026-10-08
Zbrojovka Brno II,Brno II,FC Zbrojovka Brno II,62.008269752,3403,,2026-10-08
Kara Gostar,Kara Gostar,Kara Gostar SC,62.0073241212,3404,,2026-10-08
Mainz 05 II,Mainz 05 II,1. FSV Mainz 05 II,62.0047750705,3405,,2026-10-08
Foggia,Foggia,Foggia Calcio 1920,61.9977856875,3406,,2026-10-08
Elite,Elite,Elite SC,61.9949076619,3407,,2026-10-08
Peralada,Peralada,CF Peralada,61.9939415155,3408,,2026-10-08
Chabab Mohammédia,Chabab Moham.,Sporting Club Chabab Mohammédia,61.9913531344,3409,,2026-10-08
Bergisch Gladbach,Bergisch Gladb,SV Bergisch Gladbach 09,61.9911457489,3410,,2026-10-08
AD Sarchí,Sarchí,Asociación Deportiva Sarchí,61.9805770238,3411,,2026-10-08
Qatar U23,Qatar,Qatar Under 23,61.9776191007,3412,,2026-10-08
Os Limianos,Limianos,AD Os Limianos,61.9757689568,3413,,2026-10-08
Napredak,Napredak,FK Napredak Kruševac,61.9743710602,3414,,2026-10-08
Lubumbashi Sport,Lubumbashi,FC Lubumbashi Sport,61.971085999,3415,,2026-10-08
Torre del Mar,Torre del Mar,UD Torre del Mar,61.9645857542,3416,,2026-10-08
Inter Bratislava,Inter,FK Inter Bratislava,61.9596930817,3418,,2026-10-08
ETSV Hamburg,ETSV Hamburg,ETSV Hamburg von 1924 e.V.,61.954800396,3419,,2026-10-08
Al Musannah,Musannah,Al Musannah SC,61.9510589099,3420,,2026-10-08
1. FC Bocholt,Bocholt,1. FC Bocholt,61.9460634248,3421,,2026-10-08
Almazán,Almazán,SD Almazán,61.9460634248,3422,,2026-10-08
HSV Hoek,Hoek,Hoekse Sportvereniging Hoek,61.9439665455,3423,,2026-10-08
Manama,Manama,Manama,61.9349828179,3424,,2026-10-08
FICA,FICA,Football Club Inter Association du Cap-Haïtien,61.9337493293,3425,,2026-10-08
26 de Febrero,26 de Febrero,Club 26 de Febrero,61.9334751235,3426,,2026-10-08
Prato,Prato,AC Prato,61.9317347019,3427,,2026-10-08
Gurten,Gurten,Union Gurten,61.9303367717,3428,,2026-10-08
Pohronie,Pohronie,FK Pohronie Žiar nad Hronom Dolná Ždaňa,61.9247450402,3429,,2026-10-08
Aubervilliers,Aubervilliers,FC Municipal d'Aubervilliers,61.9202716427,3430,,2026-10-08
Leotar,Leotar,FK Leotar Trebinje,61.9174058668,3431,,2026-10-08
Shahin Bandar Ameri,Shahin,Shahin Bandar Ameri FC,61.9171591596,3432,,2026-10-08
Assabah,Assabah,Assabah Club,61.9127227598,3433,,2026-10-08
Bulle,Bulle,FC Bulle,61.9114646096,3434,,2026-10-08
Naftan,Naftan,FK Naftan Novopolotsk,61.8960871484,3435,,2026-10-08
Smail,Smail,Smail Club,61.8958404384,3436,,2026-10-08
Thành Phố Đồng Nai,TP Đồng Nai,Thành Phố Đồng Nai,61.8873687695,3437,,2026-10-08
Mladost DG,Mladost DG,FK Mladost Donja Gorica,61.8859519329,3438,,2026-10-08
Provincial Ovalle,Prov. Ovalle,CD Provincial Ovalle FC,61.8773823897,3439,,2026-10-08
Pro Vercelli,Pro Vercelli,FC Pro Vercelli Calcio,61.875117675,3440,,2026-10-08
Tarbes,Tarbes,Tarbes Pyrénées Football,61.8726187967,3441,,2026-10-08
Caernarfon Town,Caernarfon,Caernarfon Town FC,61.8555459496,3442,,2026-10-08
Amora,Amora,Amora FC,61.8506529855,3443,,2026-10-08
TAFIC,TAFIC,TAFIC FC,61.8371934589,3444,,2026-10-08
Guaraní A. Franco,Guaraní AF,Club Guaraní Antonio Franco,61.8368407762,3445,,2026-10-08
Olympic Charleroi,ROCC,ROC Charleroi,61.8303819948,3446,,2026-10-08
ADT II,ADT II,Asociación Deportiva Tarma II,61.8283129431,3447,,2026-10-08
Damissa,Damissa,Damissa FC,61.8260481693,3448,,2026-10-08
Socuéllamos,Socuéllamos,Yugo Unión Deportiva Socuéllamos,61.824090952,3449,,2026-10-08
Dynamic Herb Cebu,Cebu,Dynamic Herb Cebu FC,61.823587868,3450,,2026-10-08
Racing Club Haitien,Racing Haitien,Racing Club Haitien,61.823309675,3451,,2026-10-08
FC Alverca II,Alverca II,FC Alverca II,61.8205959188,3452,,2026-10-08
Atlético Pulpileño,Pulpileño,Club Atlético Pulpileño,61.8177998875,3453,,2026-10-08
Bắc Ninh,Bắc Ninh,Bắc Ninh FC,61.8115276746,3454,,2026-10-08
Hodonín,Hodonín,FK Hodonín,61.8101107793,3455,,2026-10-08
St-Pryvé St-Hilaire,St-Pryvé,Saint-Pryvé Saint-Hilaire FC,61.8034177337,3456,,2026-10-08
Králův Dvůr,Králův Dvůr,FK Králův Dvůr,61.7996255795,3457,,2026-10-08
Westfalia Rhynern,Rhynern,SV Westfalia Rhynern,61.7961304996,3458,,2026-10-08
Sofala,Sofala,Liga Desportiva de Sofala,61.7924956093,3459,,2026-10-08
Auckland City,Auckland,Auckland City FC,61.7914331016,3460,,2026-10-08
HHC,HHC,Hardenberg Heemse Combinatie,61.7891403196,3461,,2026-10-08
Astoria Walldorf,Astoria,FC Astoria Walldorf,61.7824996239,3462,,2026-10-08
Moneni Pirates,Moneni,Moneni Pirates FC,61.7666317601,3463,,2026-10-08
Linare,Linare,Linare FC,61.758592921,3464,,2026-10-08
Chełmianka Chełm,Chełm. Chełm,CKS Chełmianka Chełm,61.754888051,3465,,2026-10-08
Spokane Velocity,Velocity,Spokane Velocity FC,61.7502597611,3466,,2026-10-08
Fanja,Fanja,Fanja SC,61.7486995356,3467,,2026-10-08
Aubstadt,Aubstadt,TSV Aubstadt,61.7416063862,3468,,2026-10-08
Alaniya Vladikavkaz,Alaniya,FK Alaniya Vladikavkaz,61.7367131169,3469,,2026-10-08
Oleksandria,Oleksandria,FC Oleksandria,61.7332179165,3470,,2026-10-08
América RN,América RN,América FC (Rio Grande do Norte),61.7309390423,3471,,2026-10-08
Sundsvall,Sundsvall,GIF Sundsvall,61.7293731884,3472,,2026-10-08
Moncarapachense,Moncarapachen.,Lusitano Ginásio Clube Moncarapachense,61.7272760605,3473,,2026-10-08
Holstein Kiel II,Holstein II,Kieler SV Holstein 1900 II,61.7251789302,3474,,2026-10-08
Aswan,Aswan,Aswan SC,61.7225901687,3475,,2026-10-08
Folgore Caratese,Caratese,US Folgore Caratese ASD,61.7216837077,3476,,2026-10-08
PSM Makassar,PSM,PSM Makassar,61.7206540139,3477,,2026-10-08
Mara Sugar,Mara Sugar,Mara Sugar FC,61.7169978016,3478,,2026-10-08
Torrejón,Torrejón,AD Torrejón CF,61.7164408615,3479,,2026-10-08
Al Wefaq Ajdabiyah,Al Wefaq,Al Wefaq FC,61.7156020046,3480,,2026-10-08
UDELAS,UDELAS,UDELAS FC,61.7079677007,3481,,2026-10-08
Fountain Gate,Fountain Gate,Singida Fountain Gate FC,61.7052910267,3482,,2026-10-08
DPMM,DPMM,Brunei Duli Pengiran Muda Mahkota FC,61.7045758951,3483,,2026-10-08
Hostert,Hostert,US Hostert,61.7003627055,3484,,2026-10-08
LCS,LCS,Lesotho Correctional Services,61.6998733699,3485,,2026-10-08
Augsburg II,Augsburg II,FC Augsburg II,61.6982655443,3486,,2026-10-08
Serik Spor,Serik,Serik Spor Futbol AS,61.6870806437,3487,,2026-10-08
Belisia Bilzen,Belisia Bilzen,Belisia Bilzen SV,61.6804395765,3488,,2026-10-08
Lifofane,Lifofane,Lifofane FC,61.6705128854,3489,,2026-10-08
Adama Kenema,Adama Kenema,Adama City FC,61.6680638576,3490,,2026-10-08
Kaiserslautern II,Kaiserslautern,1. FC Kaiserslautern II,61.6622639005,3491,,2026-10-08
Dessel Sport,Dessel,KFC Dessel Sport,61.6594676266,3492,,2026-10-08
Ecosem Pasco,Ecosem,Ecosem Pasco,61.6563497761,3493,,2026-10-08
Atlético Albericia,Albericia,SD Atlético Albericia,61.6538750658,3494,,2026-10-08
Al-Afreky,Al-Afreky,Al-Afreky SC,61.6495408194,3495,,2026-10-08
Santanyí,Santanyí,CD Santanyí,61.6489815611,3496,,2026-10-08
Orapa United,Orapa Utd,Orapa United FC,61.648453448,3497,,2026-10-08
GPA,GPA,Gambia Ports Authority FC,61.6465697592,3498,,2026-10-08
Penybont,Penybont,Penybont FC,61.6461852667,3499,,2026-10-08
Al Nawaeir,Nawaeir,Al Nawaeir SC,61.6356160988,3500,,2026-10-08
Borgo,Borgo,FC Borgo,61.6335494582,3501,,2026-10-08
Panthers,Panthers,HBA Police Panthers,61.6329953005,3502,,2026-10-08
Rochefort,Rochefort,Royale Union Rochefortoise,61.6227661332,3503,,2026-10-08
IC Croix,IC Croix,Iris Club de Croix,61.6217874166,3504,,2026-10-08
Sporting Baie-Mahault,Sporting BM,Sporting Club Baie-Mahault,61.6209361429,3505,,2026-10-08
Wellington Olympic,Wellington Ol.,Wellington Olympic,61.6173692037,3506,,2026-10-08
Villa Santa Brígida,Santa Brígida,UD Villa de Santa Brígida,61.6094835058,3507,,2026-10-08
PWD,PWD,PWD de Bamenda,61.6093413905,3508,,2026-10-08
Foolad II,Foolad II,Foolad Khuzestan FC II (Foolad Novin Khuzestan FC),61.6088872128,3509,,2026-10-08
Thanh Hóa,Thanh Hóa,Đông Á Thanh Hóa FC,61.5913259972,3510,,2026-10-08
Halifax Town,Halifax,FC Halifax Town,61.5898914534,3511,,2026-10-08
Cayon,Cayon,Cayon Rockets FC,61.5898266477,3512,,2026-10-08
České Budějovice,Č. Budějovice,SK Dynamo České Budějovice,61.5857143516,3513,,2026-10-08
San Ignacio,San Ignacio,CD San Ignacio,61.5846657053,3514,,2026-10-08
Mortágua,Mortágua,Mortágua FC,61.580471114,3515,,2026-10-08
Chaves II,Chaves II,GD Chaves II,61.5787233648,3516,,2026-10-08
Virginia,Virginia,Virginia USC,61.5766190725,3517,,2026-10-08
Welwalo Adigrat Uni,Adigrat Uni,Welwalo Adigrat University,61.5761343952,3518,,2026-10-08
CAI Rivadavia,CAI,Comisión de Actividades Infantiles de Comodoro Rivadavia,61.5722496871,3519,,2026-10-08
Karvan,Karvan,Karvan İK,61.5710332483,3520,,2026-10-08
Katwijk,Katwijk,vv Katwijk,61.5699845935,3521,,2026-10-08
ANBA,ANBA,CD ANBA,61.5689639023,3522,,2026-10-08
Rangers Kinshasa,Rangers,Académic Club Rangers Kinshasa,61.5684465655,3523,,2026-10-08
Kariobangi Sharks,Kariobangi,Kariobangi Sharks FC,61.5656478497,3524,,2026-10-08
Valle Egüés,Valle Egüés,CD Valle Egüés,61.5650908633,3525,,2026-10-08
Vihren Sandanski,Vihren,OFK Vihren Sandanski,61.5633430993,3526,,2026-10-08
ESMTK,ESMTK,Erzsébeti Spartacus Munkás Testgyakorlók Köre Labdarúgó,61.5560024722,3527,,2026-10-08
PAOK II,PAOK II,PAOK Thessaloniki FC II,61.5548664202,3528,,2026-10-08
Bistrica,Bistrica,NK Kety Emmi Bistrica,61.5525069251,3529,,2026-10-08
Bombada,Bombada,Bombada FC,61.5389091847,3530,,2026-10-08
Kairouan,Kairouan,JS Kairouanaise,61.51915677,3531,,2026-10-08
Central Argentino LB,Central Arg LB,CA Central Argentino La Banda,61.5184179973,3532,,2026-10-08
Kozakken Boys,Kozakken,Kozakken Boys,61.5172015225,3533,,2026-10-08
Nuova Ternana,Ternana,Nuova Ternana 1925,61.5168519607,3534,,2026-10-08
AC Port of Spain,Ath­let­ic,Athletic Club Port of Spain,61.5136213165,3535,,2026-10-08
Volta Redonda,Volta Redonda,Volta Redonda FC,61.5051346079,3536,,2026-10-08
Dolomiti Bellunesi,Dolomiti,AC Dolomiti Bellunesi,61.5032189953,3537,,2026-10-08
Arenteiro,Arenteiro,CD Arenteiro,61.5021703014,3538,,2026-10-08
Independiente Cochabamba,Indep. CBBA,CA Independiente Cochabamba,61.5021633101,3539,,2026-10-08
Giravanz Kitakyushu,Giravanz,Giravanz Kitakyushu,61.5011404834,3540,,2026-10-08
Unión Tarija,Unión Tarija,Club Unión Tarija,61.4986676595,3541,,2026-10-08
Bylis,Bylis,FK Bylis,61.4983250854,3542,,2026-10-08
Oedt,Oedt,ASKÖ Oedt,61.4941302949,3543,,2026-10-08
LPRC Oilers,Oilers,LPRC Oilers FC,61.4899704532,3544,,2026-10-08
Quintanar del Rey,Quintanar,CD Quintanar del Rey,61.4885372259,3545,,2026-10-08
Fukushima United,Fukushima,Fukushima United FC,61.4850604257,3546,,2026-10-08
Monterey Bay,Monterey Bay,Monterey Bay FC,61.4825099855,3547,,2026-10-08
Sport Boys II,Sport Boys II,Sport Boys Association II,61.4728345927,3548,,2026-10-08
Athletic Club Boise,Boise,Athletic Club Boise,61.4716733293,3549,,2026-10-08
Blumenthaler SV,Blumenthal,Blumenthaler SV,61.461270768,3550,,2026-10-08
Al Tai,Tai,Al Tai FC,61.4606744264,3551,,2026-10-08
Kraké,Kraké,USS Kraké FC,61.4600822225,3552,,2026-10-08
Fratria,Fratria,FK Fratria,61.4577750386,3553,,2026-10-08
Lugo II,Lugo II,Polvorín FC (CD Lugo II),61.456376745,3554,,2026-10-08
Beira-Mar,Beira-Mar,SC Beira-Mar,61.4560271714,3555,,2026-10-08
Majantja,Majantja,Majantja FC,61.4527411783,3556,,2026-10-08
Huarte,Huarte,CD Itaroa Huarte,61.4500844104,3557,,2026-10-08
Mtibwa Sugar,Mtibwa Sugar,Mtibwa Sugar FC,61.44942022,3558,,2026-10-08
Murang'a SEAL,Murang'a SEAL,Murang'a Sports Excellence Academy,61.4478448327,3559,,2026-10-08
Besa Kavajë,Besa,KS Besa Kavajë,61.4444912057,3560,,2026-10-08
Seravezza,Seravezza,ASD Seravezza Pozzi Calcio,61.4371500985,3561,,2026-10-08
Montlouis,Montlouis,AS Montlouis Football,61.4363985072,3562,,2026-10-08
Alcochetense,Alcochetense,GD Alcochetense,61.4343534784,3563,,2026-10-08
Brikama United,Brikama,Brikama United FC,61.4312422352,3564,,2026-10-08
Soliman,Soliman,AS Soliman,61.4275693588,3565,,2026-10-08
Manzini Sea Birds,Sea Birds,Manzini Sea Birds FC,61.4261733416,3566,,2026-10-08
Niroye Zamini,Niroye,Niroye Zamini,61.42117228,3567,,2026-10-08
Slingerz,Slingerz,Slingerz FC,61.4104997423,3568,,2026-10-08
Jezero,Jezero,FK Jezero Plav,61.4077853725,3569,,2026-10-08
Victory Club Warriors,VC Warriors,Victory Club Warriors FC,61.4065944923,3570,,2026-10-08
Sokol Saratov,Sokol,FK Sokol Saratov,61.4046391237,3571,,2026-10-08
BST Galaxy,BST Galaxy,BST Galaxy FC,61.3966336455,3572,,2026-10-08
FC Siena,FC Siena,FC Siena SSD,61.395899515,3573,,2026-10-08
Al-Tersana,Tersana,Al-Tersana,61.3957596809,3574,,2026-10-08
UPDF,UPDF,Uganda People's Defence Force FC,61.392962997,3575,,2026-10-08
Académica Porto Novo,Porto Novo,Associação Académica do Porto Novo,61.3919142394,3576,,2026-10-08
Etoile de Kivu,Etoile de Kivu,Etoile de Kivu FC,61.3891175496,3577,,2026-10-08
Kasserine,ASK,Avenir Sportif de Kasserine,61.3810747443,3578,,2026-10-08
UD San Pedro,San Pedro,UD San Pedro,61.3731763352,3579,,2026-10-08
Olympic Cochabamba,Olympic,Club Olympic Cochabamba,61.3721205744,3580,,2026-10-08
Le Messager Ngozi,Messager,Académie de Football Le Messager FC,61.3700649871,3581,,2026-10-08
Sinnamary,Sinnamary,US Sinnamary,61.3695981448,3582,,2026-10-08
Attram de Visser,Attram,Attram de Visser SC,61.3674407592,3583,,2026-10-08
La Calzada,La Calzada,CD FC La Calzada,61.3612902508,3584,,2026-10-08
Flamurtari,Flamurtari,Flamurtari FC,61.3570951436,3585,,2026-10-08
Mounana,Mounana,CF Mounana,61.3550325474,3586,,2026-10-08
Arsenal Tivat,Arsenal,FK Arsenal Tivat,61.3497536825,3587,,2026-10-08
Reilac Shiga,Reilac Shiga,Reilac Shiga FC,61.3466262111,3588,,2026-10-08
Halkanoras,Halkanoras,Halkanoras FC Idaliou,61.3414508039,3589,,2026-10-08
Bitam,Bitam,US Bitam,61.3413983663,3590,,2026-10-08
Todesfelde,Todesfelde,SV Todesfelde 1928,61.3350706713,3591,,2026-10-08
Sevastopol,Sevastopol,FK Sevastopol,61.3315746987,3592,,2026-10-08
Machico,Machico,AD Machico,61.3245827333,3593,,2026-10-08
Marchfeld Donauauen,Marchfeld,FC Marchfeld Donauauen,61.3242331343,3594,,2026-10-08
Celoricense,Celoricense,Clube Desportivo Celoricense,61.3238835352,3595,,2026-10-08
Limonest,Limonest,FC Limonest Saint-Didier,61.3224326985,3596,,2026-10-08
Mbabane Swallows,Swallows,Mbabane Swallows FC,61.3171013021,3597,,2026-10-08
University of Pretoria,Tuks,University of Pretoria FC,61.3160502009,3598,,2026-10-08
Bumamuru,Bumamuru,Bumamuru FC,61.3158777003,3599,,2026-10-08
Fos,Fos,ES Fosseenne,61.3120670478,3600,,2026-10-08
Djeffa,Djeffa,Djeffa FC,61.309759679,3601,,2026-10-08
CSKA Sofia II,CSKA II,PFK CSKA Sofia II,61.3060538943,3602,,2026-10-08
Persijap,Persijap,Perserikatan Sepak Bola Indonesia Jepara,61.3043247594,3603,,2026-10-08
Shahrdari Noshahr,Sh. Noshahr,Shahrdari Noshahr FC,61.3023110752,3604,,2026-10-08
Río San Juan Humi,San Juan Humi,Club Deportivo Río San Juan Humi,61.2868186613,3605,,2026-10-08
Shan United,Shan,Shan United FC,61.2859728145,3606,,2026-10-08
Agoncillo,Agoncillo,CD Agoncillo,61.2829799808,3607,,2026-10-08
Jamshedpur,Jamshedpur,Jamshedpur FC,61.267700023,3608,,2026-10-08
Brito,Brito,Brito SC,61.265149937,3609,,2026-10-08
Hope,Hope,Hope FC,61.2639589631,3610,,2026-10-08
Mineros Potosí,Mineros,CD Mineros Potosí,61.2623460592,3611,,2026-10-08
Tigres,Tigres,CD Tigres FC,61.2581507228,3612,,2026-10-08
Benfica Castelo Branco,Benfica CB,Sport Benfica e Castelo Branco,61.2560600432,3613,,2026-10-08
SCM Râmnicu Vâlcea,Râmnicu Vâlcea,SCM Râmnicu Vâlcea,61.2515150791,3614,,2026-10-08
Umm Mughad,Umm Mughad,Umm Mughad SC,61.2489256425,3615,,2026-10-08
Al Khor,Khor,Al Khor SC,61.2484713746,3616,,2026-10-08
Cetatea 1932 Suceava,Cetatea,ACSM Cetatea 1932 Suceava,61.2424251168,3617,,2026-10-08
Schonnebeck,Schonnebeck,Spvg Schonnebeck 1910,61.2420755019,3618,,2026-10-08
Deportivo Laferrere,Laferrere,CSyC Deportivo Laferrere,61.2390967807,3619,,2026-10-08
Florgrade,Florgrade,Florgrade Futebol Clube,61.2357824231,3620,,2026-10-08
Alondras,Alondras,Alondras CF,61.2357824231,3621,,2026-10-08
Vitória Riboque,Vitória,Vitória FC do Riboque,61.2335448786,3622,,2026-10-08
Liga de Cuenca,Liga Cuenca,Liga Deportiva de Cuenca,61.2310556072,3624,,2026-10-08
Hertha BSC II,Hertha II,Hertha BSC II,61.229139705,3625,,2026-10-08
Tormenta,Tormenta,South Georgia Tormenta FC,61.2269574017,3626,,2026-10-08
Al Sulaibikhat,Sulaibikhat,Al Sulaibikhat SC,61.2250471086,3627,,2026-10-08
Carmelita,Carmelita,AD Carmelita,61.2220627458,3628,,2026-10-08
Olympic Star,Olympic Star,Olympic Star,61.2193853554,3629,,2026-10-08
Woking,Woking,Woking FC,61.2137389936,3630,,2026-10-08
Leicesterford City,Leicesterford,Leicesterford City FC,61.2136143283,3631,,2026-10-08
Villa San Carlos,Villa SC,CA Villa San Carlos,61.2114769485,3632,,2026-10-08
Mines United,Mines,Mines United,61.2113440926,3633,,2026-10-08
Umayya,Umayya,Umayya,61.2028485181,3634,,2026-10-08
Gomora United,Gomora,Gomora United FC,61.1989302125,3635,,2026-10-08
Chingale de Tete,Chingale,Chingale de Tete,61.1978836407,3636,,2026-10-08
Camacha,Camacha,AD Camacha,61.1948768767,3637,,2026-10-08
Martina,Martina,ASD Martina Calcio 1947,61.1945272527,3638,,2026-10-08
Aguilas,Aguilas,Aguilas UMak FC,61.1926254971,3639,,2026-10-08
Garudayaksa,Garudayaksa,Garudayaksa FC,61.1903506386,3640,,2026-10-08
Darnes,Darnes,Darnes,61.1856467792,3641,,2026-10-08
César Vallejo II,UCV II,CD Universidad César Vallejo II,61.1746265405,3642,,2026-10-08
Kahramanmaraş İstiklal,Kahramanmaraş,Kahramanmaraş İstiklal SK,61.1711022876,3643,,2026-10-08
Heaven Eleven,Heaven Eleven,Heaven Eleven FC,61.1690394793,3644,,2026-10-08
Cariari Pococí,Cariari Pococí,AD Cariari Pococí,61.1675213976,3645,,2026-10-08
Austin II,Austin II,Austin FC II,61.1594799057,3646,,2026-10-08
Union Saint-Gilloise II,Saint-Gilloise,Royale Union Saint-Gilloise II,61.1585156137,3647,,2026-10-08
Vitré,Vitré,AS Vitré,61.1529914347,3648,,2026-10-08
Punjab,Punjab,Punjab FC,61.1488287393,3649,,2026-10-08
Bochum II,Bochum,VfL Bochum 1848 II,61.1455792186,3650,,2026-10-08
Spartak Subotica,Spartak,FK Spartak Ždrepčeva Krv Subotica,61.1445303177,3651,,2026-10-08
Cardassar,Cardassar,CD Cardassar,61.1410339767,3652,,2026-10-08
Maxaquene,Maxaquene,CD Maxaquene,61.1398452193,3653,,2026-10-08
L'Aquila,L'Aquila,AS L'Aquila Calcio 1927,61.1392858037,3654,,2026-10-08
Shabab Al Sahel,Al Sahel,Shabab Al-Sahel,61.1362442085,3655,,2026-10-08
Tenerife III,Tenerife,CD Tenerife III,61.1312441861,3656,,2026-10-08
Tefana,Tefana,AS Tefana,61.1307407079,3657,,2026-10-08
1º Dezembro,1º Dezembro,Sociedade União 1º de Dezembro,61.1263492708,3658,,2026-10-08
La Almunia,La Almunia,CD La Almunia,61.1235521704,3659,,2026-10-08
Colomiers,Colomiers,US Colomiers Football,61.1169789675,3660,,2026-10-08
Cork City,Cork,Cork City FC,61.1169090397,3661,,2026-10-08
SWA Sharks,Sharks,SWA Sharks FC,61.1145540811,3662,,2026-10-08
Casatese Merate,Casatese,USD Casatese Merate,61.1092169629,3663,,2026-10-08
San Miguel,San Miguel,CD Arcangel San Miguel,61.1053709123,3664,,2026-10-08
Al Wahda San'a,Wahda San'a,Al Wahda San'a,61.0974342679,3665,,2026-10-08
APEA,APEA,APEA Akrotiríou,61.094619409,3666,,2026-10-08
Bo Rangers,Bo Rangers,Bo Rangers FC,61.0908957027,3667,,2026-10-08
Lechia Zielona Góra,Lechia ZG,KS Lechia Zielona Góra,61.0906859162,3668,,2026-10-08
Birzebbuga,Birzebbuga,Birzebbuga St. Peter's FC,61.086140536,3669,,2026-10-08
Villarrubia,Villarrubia,Viña Xétar Villarrubia CF,61.0847419552,3670,,2026-10-08
Montijo,Montijo,UD Montijo,61.0826440819,3671,,2026-10-08
Hilden,Hilden,VfB 03 Hilden,61.0812454984,3672,,2026-10-08
Basel II,Basel II,FC Basel II,61.0742525645,3673,,2026-10-08
Tatabánya,Tatabánya,FC Tatabánya,61.0672596034,3674,,2026-10-08
Ontinyent 1931,Ontinyent 1931,Ontinyent 1931 CF,61.0662106569,3675,,2026-10-08
Abu Salim,Abu Salim,Abu Salim SC,61.0657211484,3676,,2026-10-08
1º de Maio,1º de Maio,Desportivo 1º de Maio,61.0632736035,3677,,2026-10-08
Mathare United,Mathare Utd,Mathare United FC,61.0601244569,3678,,2026-10-08
El Farolito,El Farolito,El Farolito SC,61.0570351561,3679,,2026-10-08
Pacific,Pacific,Pacific FC,61.0535386456,3680,,2026-10-08
AC Carpi,AC Carpi,AC Carpi,61.0515253419,3681,,2026-10-08
Al Waab,Al Waab,Al Waab FC,61.0502295613,3682,,2026-10-08
Inter Sainte-Anne,Inter,Inter de Sainte-Anne,61.049170298,3683,,2026-10-08
Somozas,Somozas,UD Somozas,61.0462805576,3684,,2026-10-08
Brühl,Brühl,SC Brühl St. Gallen,61.0406861041,3685,,2026-10-08
Tyumen,Tyumen,FK Tyumen,61.039287488,3686,,2026-10-08
Olympique Marseille II,O Marseille II,Olympique de Marseille II,61.0362105288,3687,,2026-10-08
Považská Bystrica,Považská,FK Považská Bystrica,61.0343923232,3688,,2026-10-08
1599 Şelimbăr,1599 Şelimbăr,CSC 1599 Şelimbăr,61.0340426681,3689,,2026-10-08
Etincelles,Etincelles,Etincelles FC,61.0316300474,3690,,2026-10-08
Altrincham,Altrincham,Altrincham FC,61.0207382396,3691,,2026-10-08
Atlético Ávila,Ávila,Atlético Ávila FC,61.0205739004,3692,,2026-10-08
Digenis Morphou,Akritas,Digenis Akritas Morphou FC,61.0204934791,3693,,2026-10-08
Jableh,Jableh,Jableh SC,61.0203363647,3694,,2026-10-08
Spartakos Kitiou,Spartakos,AS Spartakos Kitiou,61.0173465562,3695,,2026-10-08
Saint-Priest,Saint-Priest,AS Saint-Priest,61.0158080585,3696,,2026-10-08
PSS,PSS,Persatuan Sepakbola Sleman,61.0155297301,3697,,2026-10-08
Alpendorada,Alpendorada,Futebol Clube de Alpendorada,61.0053707157,3698,,2026-10-08
IB Khémis El Khechna,Khémis Khechna,IB Khémis El Khechna,61.0045292313,3699,,2026-10-08
AFF Guatemala,AFF,Academia de Fútbol Guatemala,61.0017894966,3700,,2026-10-08
Redonda,Redonda,Redonda FC,60.996489311,3701,,2026-10-08
LA Force,LA Force,Los Angeles Force,60.9951459171,3702,,2026-10-08
Guyana Defence Force,GDF,Guyana Defence Force,60.9933999011,3703,,2026-10-08
Le Pays du Valois,Pays du Valois,US Le Pays du Valois,60.9913317823,3704,,2026-10-08
Nations,Nations,Nations FC,60.9905427409,3705,,2026-10-08
Granada II,Granada II,Club Recreativo Granada,60.9826426242,3706,,2026-10-08
Barco,Barco,CD Barco,60.982292959,3707,,2026-10-08
Naft Gachsaran,Gachsaran,Naft Gachsaran FC,60.9813467941,3708,,2026-10-08
JSP,JSP,Jeunesse Sportive de Pobè FC,60.9790061047,3709,,2026-10-08
Notodden,Notodden,Notodden FK,60.9746003077,3710,,2026-10-08
ASIL Lysi,ASIL,Asil FC Lyssi,60.9732890571,3711,,2026-10-08
Rosario,Rosario,Rosario AD,60.9731170307,3712,,2026-10-08
San Lorenzo Alem,San Lorenzo Al,Club Atlético San Lorenzo de Alem,60.9681244685,3713,,2026-10-08
Aral,Aral,PFK Aral Nukus,60.9586183993,3714,,2026-10-08
Jerez,Jerez,Jerez CF,60.9532705118,3715,,2026-10-08
APEJES Academy,APEJES,APEJES Football Academy,60.950680647,3716,,2026-10-08
Social Pariacoto,Pariacoto,CD Centro Social Pariacoto,60.9424586563,3717,,2026-10-08
Amkar Perm,Amkar,FK Amkar Perm,60.9385842757,3718,,2026-10-08
Falcons,Falcons,Falcons FC,60.9319754322,3720,,2026-10-08
Tukums,Tukums,FK Tukums 2000,60.930192087,3721,,2026-10-08
Rennes II,Rennes II,Stade Rennais FC II,60.9278142931,3722,,2026-10-08
Al Saqer,Al Saqer,Al Saqer FC,60.9247001071,3723,,2026-10-08
Atlántico,Atlántico,Atlántico FC,60.922591738,3724,,2026-10-08
Hapoel Acre,H Acre,Hapoel Acre FC,60.9151559843,3725,,2026-10-08
Ohrid Lihnidos,Ohrid,GFK Ohrid Lihnidos,60.9144566277,3726,,2026-10-08
Arandina,Arandina,Arandina CF,60.9130579135,3727,,2026-10-08
Lund,Lund,Lunds BK,60.9092114439,3728,,2026-10-08
Épinal,Épinal,SA Épinal,60.8990182598,3729,,2026-10-08
Béchar Djedid,Béchar Djedid,US Béchar Djedid,60.8989285409,3730,,2026-10-08
Metalac GM,Metalac GM,FK Metalac Gornji Milanovac,60.8924267532,3731,,2026-10-08
Brea,Brea,CD Brea,60.8896292895,3732,,2026-10-08
Al Sha'ab Hadhramaut,Hadhramaut,Al Sha'ab Hadhramaut Mukalla,60.8869369581,3733,,2026-10-08
Consultants Moravia,Consultants,Fútbol Consultants Moravia,60.8842994195,3734,,2026-10-08
Lion Heart,Lion Heart,Lion Heart FC,60.8820287707,3735,,2026-10-08
Castellana,Castellana,La Castellana Fútbol Club,60.8793066108,3736,,2026-10-08
Scherpenheuvel,Scherpenheuvel,RSKV Scherpenheuvel,60.874860218,3737,,2026-10-08
Montañesa,Montañesa,CF Montañesa,60.8742431613,3738,,2026-10-08
Pozoblanco,Pozoblanco,CD Pozoblanco,60.871795356,3739,,2026-10-08
Black Leopards,Leopards,Black Leopards FC,60.8716531828,3740,,2026-10-08
Union Clodiense,Clodiense,Union Clodiense Chioggia FC,60.8648016083,3741,,2026-10-08
Ross County,Ross County,Ross County FC,60.8595562797,3742,,2026-10-08
Eintracht Norderstedt,Norderstedt,FC Eintracht Norderstedt,60.8543109357,3743,,2026-10-08
Marino,Marino,CD Marino,60.8473171199,3744,,2026-10-08
General Paz Juniors,Paz Juniors,Club Atlético General Paz Juniors,60.8429389774,3745,,2026-10-08
Potters Tigers,Potters,Potters Tigers FC,60.8421642711,3746,,2026-10-08
Guingamp II,Guingamp II,En Avant Guingamp II,60.8417919862,3747,,2026-10-08
Victoria United,Victoria Utd,Victoria United FC,60.8380829427,3748,,2026-10-08
Al Qadisiya,Al Qadisiya,Al Qadisiya,60.8331895289,3749,,2026-10-08
Roda,Roda,CD Roda,60.8242373346,3750,,2026-10-08
Trollhättan,Trollhättan,FC Trollhättan,60.8200409781,3751,,2026-10-08
San Bartolomé,San Bartolomé,CF San Bartolomé,60.8172434016,3752,,2026-10-08
Amatitlán,Amatitlán,Deportivo Amatitlán,60.8133121097,3753,,2026-10-08
Pro Sesto,Pro Sesto,AC Pro Sesto,60.8112985372,3754,,2026-10-08
Durango,Durango,SCD Durango,60.8102494414,3755,,2026-10-08
Morupule Wanderers,Morupule W.,Morupule Wanderers FC,60.8065737914,3756,,2026-10-08
Sfax Railways,SRS,Sfax Railways Sport,60.7957695585,3757,,2026-10-08
Real Tamale United,RTU,Real Tamale United,60.7940210501,3758,,2026-10-08
Kilia Kiel,Kilia,FC Kilia Kiel 1902,60.7892673973,3759,,2026-10-08
Racing de Casablanca,Racing AC,Racing Athletic Club Casablanca,60.7863275928,3760,,2026-10-08
Dijon II,Dijon II,Dijon FCO II,60.7861900102,3761,,2026-10-08
FBK Karlstad,FBK Karlstad,FBK Karlstad,60.7770277582,3762,,2026-10-08
Europa II,Europa II,CE Europa II,60.7770277582,3763,,2026-10-08
Ayia Napa,Ayia Napa,AO Ayia Napa,60.7746672468,3764,,2026-10-08
San Martín Burzaco,SM Burzaco,CSyD San Martín de Burzaco,60.7743979735,3765,,2026-10-08
Paloma,Paloma,Uhlenhorster SC Paloma,60.7717821731,3766,,2026-10-08
Pontarlier,Pontarlier,CA Pontarlier,60.769753876,3767,,2026-10-08
EM Huanuni,Huanuni,Club Empresa Minera Huanuni,60.769327234,3768,,2026-10-08
UDA,UDA,Club Social Unión Deportivo Ascensión,60.7686627912,3769,,2026-10-08
Baník Souš,Baník Souš,FK Baník Most-Souš,60.7672359869,3770,,2026-10-08
Yarmouk,Yarmouk,Al Yarmouk SC,60.7645411715,3771,,2026-10-08
Iraklis Yerolakkou,Yerolakkou,Iraklis Yerolakkou FC,60.7641760473,3772,,2026-10-08
Racing Olavarría,Rac Olavarría,Racing Athletic Club de Olavarría,60.7607594001,3773,,2026-10-08
Gyeongju KHNP,Gyeongju KHNP,Gyeongju Korea Hydro & Nuclear Power FC,60.760260716,3774,,2026-10-08
St. Pauli II,St. Pauli II,FC Sankt Pauli von 1910 II,60.7598921232,3775,,2026-10-08
Al Batnan,Al Batnan,Al Batnan SC,60.7588779683,3776,,2026-10-08
Real Betis III,Betis III,Real Betis Balompié III,60.7581435798,3777,,2026-10-08
Scunthorpe United,Scunthorpe,Scunthorpe United FC,60.7556781308,3778,,2026-10-08
HSC Hannover,HSC Hannover,HSC Hannover,60.7553459069,3779,,2026-10-08
Hapoel Migdal HaEmek,H Migdal,Hapoel Migdal HaEmek FC,60.7528979394,3780,,2026-10-08
Jura Dolois,Jura Dolois,Jura Dolois Foot,60.7445748252,3781,,2026-10-08
Rana,Rana,Rana FK,60.7406580521,3782,,2026-10-08
Hapoel Hadera,Hapoel Hadera,Hapoel Hadera Shulam Shwartz FC,60.7406580521,3783,,2026-10-08
Mercadal,Mercadal,CE Mercadal,60.7319152243,3784,,2026-10-08
Raya Ghazl,Kafr El-Dawar,Raya SC Ghazl Kafr El-Dawar,60.7296747547,3785,,2026-10-08
Wattenscheid 09,Wattenscheid,SG Wattenscheid 09,60.7291175104,3786,,2026-10-08
Hoàng Anh Gia Lai,HAGL,Hoàng Anh Gia Lai,60.7270381067,3787,,2026-10-08
Khan Sheikhoun,Khan Sheikhoun,Khan Sheikhoun FC,60.7255506504,3788,,2026-10-08
Aigle Royal de Moungo,Aigle Royal,Aigle Royal de Moungo FC,60.725478177,3789,,2026-10-08
Vestri,Vestri,IF Vestri,60.722752695,3790,,2026-10-08
Aigle Royal,Aigle Royal,Aigle Royal de la Menoua (Dschang),60.722680453,3791,,2026-10-08
Ciudad Canela,Canela,CD Ciudad Canela,60.7135481527,3792,,2026-10-08
24 Erzincanspor,Erzincan,Erzincan Futbol Yatırımları A.Ş.,60.7126808529,3793,,2026-10-08
Lyon La Duchere,Lyon Duchere,Lyon La Duchere,60.7098306512,3794,,2026-10-08
Primorje,Primorje,ND Primorje,60.7039378886,3795,,2026-10-08
Asteras Tripolis II,Asteras,Asteras Tripolis II,60.7000035407,3796,,2026-10-08
Anadia,Anadia,Anadia FC,60.6972932071,3797,,2026-10-08
Schwaben Augsburg,Schwaben,TSV Schwaben Augsburg,60.6923971103,3798,,2026-10-08
Deportivo Lute,Dep Lute,Deportivo Lute,60.6896273125,3799,,2026-10-08
Luparense,Luparense,Luparense San Paolo FC,60.686102109,3800,,2026-10-08
St. Peters,St. Peters,Harris Paints St. Peters FC,60.682522552,3801,,2026-10-08
Jong Holland,Holland,CRKSV Jong Holland,60.6748286161,3802,,2026-10-08
Inter Nouakchott,Inter,FC Inter Nouakchott,60.674768752,3803,,2026-10-08
Arba Minch Kenema,Arba Minch,Arba Minch City FC,60.6712714973,3804,,2026-10-08
Hapoel Nof HaGalil,Hapoel Nof HG,Hapoel Nof HaGalil FC,60.6682661517,3805,,2026-10-08
ASAS,ASAS,AS Ali Sabieh Djibouti Télécom,60.6681262612,3806,,2026-10-08
CIVO United,CIVO,Civil Service United,60.6677765347,3807,,2026-10-08
Auxerre II,Auxerre II,Association Jeunesse Auxerroise II,60.6662377375,3808,,2026-10-08
Crevillente,Crevillente,Crevillente Deportivo,60.6658180653,3809,,2026-10-08
Åtvidaberg,Åtvidaberg,Åtvidabergs FF,60.6647688844,3810,,2026-10-08
Lagoa,Lagoa,GD Lagoa,60.6644191573,3811,,2026-10-08
Villaralbo,Villaralbo,CD Villaralbo,60.6609218824,3812,,2026-10-08
Luzino,Luzino,Wikęd Luzino,60.6595229705,3813,,2026-10-08
Hay Al Wadi,Hay Al Wadi,Hay Al Wadi SC,60.6565829532,3814,,2026-10-08
Dire Dawa Kenema,Dire Dawa,Dire Dawa City,60.6562332245,3815,,2026-10-08
La Virgen del Camino,Virgen Camino,CD La Virgen del Camino,60.6549764994,3816,,2026-10-08
Cutelinho,Cutelinho,Cutelinho FC,60.6544868788,3817,,2026-10-08
Isenmulang Kalteng,Isenmulang,Isenmulang Kalteng FC,60.650798632,3818,,2026-10-08
Al Rustaq,Rustaq,Al Rustaq FC,60.6477350257,3819,,2026-10-08
Jendouba Sport,Jendouba,Jendouba Sport,60.6450418696,3820,,2026-10-08
The Bees,Bees,The Bees FC,60.64224402,3821,,2026-10-08
FC Serpa,Serpa,Futebol Clube de Serpa,60.6378396968,3822,,2026-10-08
Champ's Guatemala,Champ's,Champ's Academy Guatemala,60.6328588117,3823,,2026-10-08
Dacia-Buiucani,Dacia-Buiucani,FC Dacia-Buiucani,60.6322439706,3824,,2026-10-08
Pro Palazzolo,Pro Palazzolo,ASD Pro Palazzolo,60.612658791,3825,,2026-10-08
Deportivo Pucarani,Pucarani,Club Deportivo Pucarani,60.6109031091,3826,,2026-10-08
Mukura,Mukura,Mukura Victory Sports FC,60.6060487462,3827,,2026-10-08
Cjarlins Muzane,Cjarlins Muz.,ASD Cjarlins Muzane,60.6035655991,3828,,2026-10-08
Şahdağ,Şahdağ,FK Şahdağ Gusar,60.6000682052,3829,,2026-10-08
Stade Gabésien,Stade Gabésien,Stade Gabésien,60.5999260104,3830,,2026-10-08
Fraga,Fraga,UD Fraga,60.5874775307,3831,,2026-10-08
AFC Malmö,AFC Malmö,Ariana Malmö FC,60.584679591,3832,,2026-10-08
Marine,Marine,Marine FC,60.5822663661,3833,,2026-10-08
Ingenio El Alto,Ingenio,CD Ingenio Futbol El Alto,60.5748797726,3834,,2026-10-08
OSC Bremerhaven,Bremerhaven,Olympischer SC Bremerhaven,60.5724385532,3835,,2026-10-08
Camioneros Rio Grande,Camioneros RG,Club Atlético Social y Deportivo Camioneros de Rio Grande,60.5719069406,3836,,2026-10-08
Lugazi,Lugazi,Lugazi FC,60.5712494194,3837,,2026-10-08
Ansbach,Ansbach,SpVgg Ansbach 09,60.5710395722,3838,,2026-10-08
Milan II,Milan II,Milan Futuro,60.5629954097,3839,,2026-10-08
Sanga Balende,Sanga Balende,SM Sanga Balende,60.5614565223,3840,,2026-10-08
Torrijos,Torrijos,CD Torrijos,60.5612466739,3841,,2026-10-08
Thonon Évian,Thonon Évian,Thonon Évian Grand Genève FC,60.5599176336,3842,,2026-10-08
Rouge,Rouge,FC Rouge,60.5586585436,3843,,2026-10-08
Cliftonville,Cliftonville,Cliftonville FC,60.5573994492,3844,,2026-10-08
Tataouine,Tataouine,US Tataouine,60.5551587611,3845,,2026-10-08
Sparta Praha II,Sparta II,AC Sparta Praha II,60.5528527184,3846,,2026-10-08
Merelbeke,Merelbeke,KFC Merelbeke,60.5486557259,3847,,2026-10-08
Isparta 32 Spor,Isparta 32,Isparta 32 SK,60.5444587235,3848,,2026-10-08
Berceo,Berceo,CD Berceo,60.5402617112,3849,,2026-10-08
Olympiakos Piraeus II,Olympiakos II,Olympiakos CFP II,60.5377260115,3850,,2026-10-08
Cham,Cham,SC Cham,60.5364144413,3851,,2026-10-08
Al-Khums,Al-Khums,Al-Khums SC,60.5359247882,3852,,2026-10-08
Kigezi Home Boyz,Kigezi HB,Kigezi Home Boyz FC,60.5254321888,3853,,2026-10-08
Kataka,Kataka,Kataka FC,60.5229839068,3854,,2026-10-08
Al Shabab,Shabab,Al Shabab SC,60.516931069,3855,,2026-10-08
Martin Pêcheur,Martin Pêcheur,AS Martin Pêcheur,60.5118857941,3856,,2026-10-08
Huétor Vega,Huétor Vega,CD Huétor Vega,60.5094833198,3857,,2026-10-08
Bougouni,Bougouni,US Bougouni,60.5075946302,3858,,2026-10-08
Tienen,Tienen,KVK Tienen,60.5010891209,3859,,2026-10-08
Avance Ezcabarte,Avance,CD Avance Ezcabarte,60.4993403246,3860,,2026-10-08
Loubha Télimélé,Loubha,Loubha FC de Télimélé,60.4908061736,3861,,2026-10-08
Colwyn Bay,Colwyn Bay,Colwyn Bay FC,60.4905963169,3862,,2026-10-08
Maccabi Kiryat Malachi,M Malachi,Maccabi Ironi Kiryat Malachi,60.4902465557,3863,,2026-10-08
Sparta Rotterdam II,Sparta II,Sparta Rotterdam II,60.4888475102,3864,,2026-10-08
Corazón de León AR,Corazón AR,Club Corazón de León - Alto Rendimiento,60.4878262063,3865,,2026-10-08
Sabah,Sabah,Sabah FC,60.4878171125,3866,,2026-10-08
Jose María Arguedas,JM Arguedas,CD Jose María Arguedas,60.4846783481,3867,,2026-10-08
Fátima,Fátima,CD Fátima,60.4843006048,3868,,2026-10-08
Unirea Alba Iulia,U. Alba Iulia,CSM Unirea Alba Iulia,60.4829015547,3869,,2026-10-08
Al Hikma,Al Hikma,Al Hikma / CS La Sagesse,60.4812578992,3870,,2026-10-08
Gimhae City,Gimhae,Gimhae FC 2008,60.4808218646,3871,,2026-10-08
LASK II,LASK,LASK Amateure,60.4710095841,3872,,2026-10-08
Racing Veracruz,Racing V,Racing de Veracruz,60.4616910268,3873,,2026-10-08
Bugesera,Bugesera,Bugesera FC,60.4609013485,3874,,2026-10-08
Arendal,Arendal,Arendal Fotball,60.4479249444,3875,,2026-10-08
Kaposvári Rákóczi,Kaposvári,Kaposvári Rákóczi FC,60.4475751748,3876,,2026-10-08
Mazarrón FC,Mazarrón,Mazarrón FC,60.445476556,3877,,2026-10-08
AFC,AFC,Amsterdamsche FC,60.4342838804,3878,,2026-10-08
Anaconda,Anaconda,Anaconda FC,60.4313038187,3879,,2026-10-08
Al Adalah,Adalah,Al Adalah Club,60.4189967001,3880,,2026-10-08
Discoveries,Discoveries,Discoveries Sports Academy,60.4189288161,3881,,2026-10-08
Ufalya Simba,Ufalya Simba,AF Ufalya Simba,60.4166552739,3882,,2026-10-08
East End Lions,East End,East End Lions FC,60.4145566187,3883,,2026-10-08
Barendrecht,Barendrecht,BVV Barendrecht,60.4097996576,3884,,2026-10-08
Añaza,Añaza,AD Añaza,60.4035036602,3885,,2026-10-08
Politehnica UTM,Politehnica,FC Politehnica UTM,60.4014049895,3886,,2026-10-08
Leiknir Reykjavík,Leiknir R,Leiknir Reykjavík,60.3960883459,3887,,2026-10-08
KSZO 1929,KSZO,KSZO 1929 Ostrowiec Świętokrzyski,60.3954587423,3888,,2026-10-08
Legia Warszawa II,Legia II,KP Legia Warszawa II,60.3926605014,3889,,2026-10-08
LISCR,LISCR,Liberian International Shipping & Corporate Registry FC,60.3916461398,3890,,2026-10-08
Suhul Shire,Suhul Shire,Suhul Shire FC,60.3907693872,3891,,2026-10-08
Jarabacoa,Jarabacoa,Jarabacoa FC,60.3875063406,3892,,2026-10-08
Vitória Setúbal,Vitória FC,Vitória Setúbal FC,60.3863644435,3893,,2026-10-08
Vila Meã,Vila Meã,AC Vila Meã,60.3793687974,3894,,2026-10-08
Kairat II,Kairat II,FK Kairat Zhastar,60.3774974574,3895,,2026-10-08
Ibri,Ibri,Ibri,60.3759738298,3896,,2026-10-08
Calvary,Calvary,Calvary FC,60.3753812668,3897,,2026-10-08
Guadalupe,Guadalupe,Guadalupe FC,60.3698399934,3898,,2026-10-08
Tau Altopascio,Tau Altopascio,ASD Calcio Tau Altopascio,60.3660769941,3899,,2026-10-08
Marchamalo,Marchamalo,CD Marchamalo,60.3646778511,3900,,2026-10-08
Babrungas,Babrungas,FK Babrungas Plungë,60.3643280652,3901,,2026-10-08
Cham,Cham,ASV Cham,60.3636284932,3902,,2026-10-08
Firesystem,Firesystem,Firesystem FC,60.358549592,3903,,2026-10-08
La Amistad Cipolletti,La Amistad,Asociación Deportiva La Amistad de Cipolletti,60.3403605708,3904,,2026-10-08
SK Poltava,SK Poltava,SK Poltava,60.3391432989,3905,,2026-10-08
Nacional,Nacional,SV Deportivo Nacional,60.3241947828,3906,,2026-10-08
Versailles II,Versailles II,FC Versailles II,60.3227730097,3907,,2026-10-08
Lørenskog,Lørenskog,Lørenskog IF,60.3216536682,3908,,2026-10-08
Güzide Gebzespor,Güzide Gebze,Güzide Gebze SK,60.3209540794,3909,,2026-10-08
Sporting SM II,Sporting SM II,AF Sporting San Miguelito II,60.3198200551,3910,,2026-10-08
Defensores Unidos,Def Unidos,CA Defensores Unidos,60.3197228024,3911,,2026-10-08
Midlands Wanderers,Midlands Wand.,Midlands Wanderers FC,60.3183632991,3912,,2026-10-08
Jönköpings Södra,Jönköpings S,Jönköpings Södra IF,60.3118593999,3913,,2026-10-08
TGBC,TGBC,TGBC Football Atsinanana,60.3096207041,3914,,2026-10-08
Proleter 023 Zrenjanin,Proleter 023,FK Proleter 023 Zrenjanin,60.3034642698,3915,,2026-10-08
Nuevo San Cristóbal,Nuevo San Cr.,CD Nuevo San Cristóbal,60.2999942711,3916,,2026-10-08
Almere City II,Almere II,Almere City FC II,60.2992666899,3917,,2026-10-08
Unión Santiago SdE,Unión Santiago,CA Unión Santiago de Santiago del Estero,60.2959366028,3918,,2026-10-08
Hapoel Ironi Karmiel,Ironi Karmiel,Hapoel Ironi Karmiel,60.2926205014,3919,,2026-10-08
Fylde,Fylde,AFC Fylde,60.2870062018,3920,,2026-10-08
Musanze,Musanze,Musanze FC,60.2849598656,3921,,2026-10-08
Condal,Condal,Condal Club de Fútbol,60.2800276552,3922,,2026-10-08
Pozuelo Alarcón,Pozuelo,CF Pozuelo de Alarcón,60.2789782473,3923,,2026-10-08
L'Entregu,L'Entregu,L'Entregu CF,60.2772292328,3924,,2026-10-08
Wamanafo Mighty Royals,Mighty Royals,Wamanafo Mighty Royals FC,60.2746383888,3925,,2026-10-08
Tammeka,Tammeka,JK Tammeka Tartu,60.274430806,3926,,2026-10-08
Paradiso,Paradiso,FC Paradiso,60.2740810023,3927,,2026-10-08
Villa,Villa,CD Villa,60.2642864719,3928,,2026-10-08
Galapagar,Galapagar,CD Galapagar,60.2537922723,3929,,2026-10-08
Avia Świdnik,Avia Świdnik,MKS Avia Świdnik,60.2537922723,3930,,2026-10-08
Tamale City,Tamale City,Tamale City FC,60.2498021607,3931,,2026-10-08
Stupčanica Olovo,Stupčanica,NK Stupčanica Olovo,60.249594575,3932,,2026-10-08
Al Orooba,Orooba,Al Orooba,60.2451499319,3933,,2026-10-08
Mbarara City,Mbarara,Mbarara City FC,60.2428082769,3934,,2026-10-08
Dragons,Dragons,AS Dragons FC de l'Ouémé,60.2393101767,3935,,2026-10-08
Kuchl,Kuchl,SV Kuchl,60.2384006673,3936,,2026-10-08
Shimshon Tel Aviv,Shimshon TA,Shimshon Tel Aviv FC,60.2303550025,3937,,2026-10-08
New Jak,New Jak,FC New Jak,60.2291656403,3938,,2026-10-08
Hart Acedemy,Hart,Hart Academy FC,60.2244431665,3939,,2026-10-08
Steve Biko,Steve Biko,Steve Biko FC,60.2209450284,3940,,2026-10-08
Mysterious Dwarfs,Dwarfs,Cape Coast Mysterious Ebusua Dwarfs FC,60.2158704146,3941,,2026-10-08
Real Unión de Tenerife,RU Tenerife,Real Unión de Tenerife,60.2111152216,3942,,2026-10-08
Al Mesaimeer,Mesaimeer,Al Mesaimeer,60.2108682808,3943,,2026-10-08
Pelister,Pelister,FK Pelister,60.2034192508,3944,,2026-10-08
Canet Roussillon,Canet,Canet Roussillon FC,60.2019675071,3945,,2026-10-08
Kvik Halden,Kvik,Kvik Halden FK,60.1943239696,3946,,2026-10-08
Aserrí,Aserrí,AD Aserrí,60.1924902251,3947,,2026-10-08
Legnago Salus,Legnago,AC Legnago Salus,60.190475952,3948,,2026-10-08
Real San Joaquín,R. San Joaquín,CD Real Juventud San Joaquín,60.18679584,3949,,2026-10-08
Thespa Gunma,Gunma,Thespa Gunma FC,60.1712546292,3950,,2026-10-08
Busan Transportation,Transportation,Busan Transportation Corporation FC,60.166706912,3951,,2026-10-08
Ceuta 6 de Junio,6 de Junio,CD Ceuta 6 de Junio,60.1631897695,3952,,2026-10-08
Świt Szczecin,Świt Szczecin,KS Świt Szczecin,60.1624901182,3953,,2026-10-08
Yantra 2019,Yantra,OFK Yantra 2019 Gabrovo,60.1579423785,3954,,2026-10-08
Ceuta II,Ceuta II,AD Ceuta FC II,60.1568928985,3955,,2026-10-08
Anagennisi Karditsas,Anagennisi K,PAE Anagennisi Karditsas 1904,60.1536569978,3956,,2026-10-08
Bella Vista,Bella Vista,Club Atlético Bella Vista,60.1502741634,3957,,2026-10-08
Liniers,Liniers,CSyD Liniers,60.1486649534,3958,,2026-10-08
Ogre United,Ogre United,Ogre United,60.1411506233,3959,,2026-10-08
GSI Pontivy,GSI Pontivy,Garde Saint-Ivy Pontivy,60.136900185,3960,,2026-10-08
Pau II,Pau II,Pau FC II,60.1363229642,3961,,2026-10-08
Mandel United,Mandel Utd,KFC Mandel United Izegem-Ingelmunster,60.1338041803,3962,,2026-10-08
İnegölspor,İnegöl,İnegöl SK,60.12820687,3963,,2026-10-08
Les Genêts d'Anglet,Anglet Genets,Les Genêts d'Anglet Football,60.1258280078,3964,,2026-10-08
Al Moroj,Al Moroj,Al Moroj SC,60.1252682751,3965,,2026-10-08
Rayo Vallecano II,Rayo II,Rayo Vallecano II,60.1121145045,3966,,2026-10-08
NWU Soccer Institute,NWU,North West University Soccer Institute,60.1102230915,3967,,2026-10-08
Rudar Velenje,Rudar,NK Rudar Velenje,60.1093158173,3968,,2026-10-08
Roskilde,Roskilde,FC Roskilde,60.1089659811,3969,,2026-10-08
FC Renaissance,FC Renaissance,FC Renaissance du Congo,60.1067270277,3970,,2026-10-08
Dinamo Bryansk,Dinamo Br,FK Dinamo Bryansk,60.1054676152,3971,,2026-10-08
Houtvenne,Houtvenne,KFC Houtvenne,60.1019692424,3972,,2026-10-08
Chievo,Chievo,AC ChievoVerona,60.0991705392,3973,,2026-10-08
Argentino Quilmes,A Quilmes,CA Argentino de Quilmes de Buenos Aires,60.0930413637,3974,,2026-10-08
Trénelle,Trénelle,CO Trénelle,60.0929660105,3975,,2026-10-08
Mama FCA,Mama,Mama FCA,60.0906344688,3976,,2026-10-08
Aretxabaleta,Aretxabaleta,UD Aretxabaleta,60.089025203,3977,,2026-10-08
Dock Sud,Dock Sud,CS Dock Sud,60.0874439246,3978,,2026-10-08
Santomera,Santomera,Santomera CF,60.08657632,3979,,2026-10-08
Atlético Malveira,Malveira,Atlético Clube da Malveira,60.0862264793,3980,,2026-10-08
Deportivo Coopsol,Coopsol,Deportivo Coopsol,60.085554785,3981,,2026-10-08
Eastern,Eastern,Eastern SC,60.0834466426,3982,,2026-10-08
Vicentino Dragons,Dragons,Vicentino Dragons SC,60.0828959924,3983,,2026-10-08
Montalegre,Montalegre,Centro Desportivo e Cultural de Montalegre,60.0771305968,3984,,2026-10-08
Inter Ibiza,Inter Ibiza,Inter Ibiza CD,60.0771305968,3985,,2026-10-08
Artis Brno II,Artis II,SK Artis Brno II,60.0746816974,3986,,2026-10-08
Grafičar,Grafičar,FK Grafičar Beograd,60.0722327946,3987,,2026-10-08
Hatayspor,Hatay,Hatay SK,60.0697838884,3988,,2026-10-08
Mollerussa,Mollerussa,CFJ Mollerussa,60.0624371495,3989,,2026-10-08
Textáfrica,Textáfrica,GDR Textáfrica do Chimoio,60.0619473659,3990,,2026-10-08
Grecia,Grecia,CSCD Grecia,60.0570075401,3991,,2026-10-08
Miramar,Miramar,Miramar Rangers AFC,60.0549364475,3992,,2026-10-08
Almansa,Almansa,UD Almansa,60.0540408392,3993,,2026-10-08
Lichtenberg,Lichtenberg,SV Lichtenberg 47,60.0505423648,3994,,2026-10-08
Žilina II,Žilina II,MŠK Žilina II,60.041446299,3995,,2026-10-08
Landsberg,Landsberg,TSV 1882 Landsberg am Lech,60.0386475001,3996,,2026-10-08
Atzeneta,Atzeneta,Atzeneta UE,60.0361985475,3997,,2026-10-08
Sanremese,Sanremese,SSD Sanremese Calcio,60.0358486968,3998,,2026-10-08
Avenir Sainte Anne,Avenir SA,AS Avenir Sainte Anne,60.0350090567,3999,,2026-10-08
Ciudad de Torredonjimeno,Cd. Torredonj.,UD Ciudad de Torredonjimeno,60.0333997403,4000,,2026-10-08
Praviano,Praviano,CD Praviano,60.025353145,4001,,2026-10-08
Fort Wayne,Fort Wayne,Fort Wayne FC,60.021070252,4002,,2026-10-08
Argentino Merlo,A Merlo,CA Argentino de Merlo,60.0206231293,4003,,2026-10-08
Polonia Środa Wlkp.,Pl Środa,KS Polonia Środa Wielkopolska,60.0127584006,4004,,2026-10-08
Academy,Academy,Academy SC,60.0070783519,4005,,2026-10-08
Cesson,Cesson,OC Cesson Football,60.0058312529,4006,,2026-10-08
Al Arabi,Arabi,Al Arabi (UAE),60.0023655992,4007,,2026-10-08
