name,short_name,club_name,rating,rank,league_id,as_of
Arsenal,Arsenal,Arsenal FC,100.0,1,,2026-10-09
Bayern München,FC Bayern,FC Bayern München,99.3408335849,2,,2026-10-09
Manchester City,Man City,Manchester City FC,98.8221562332,3,,2026-10-09
Barcelona,Barcelona,FC Barcelona,96.9693813363,4,,2026-10-09
Liverpool,Liverpool,Liverpool FC,96.0356788156,5,,2026-10-09
Paris Saint-Germain,Paris SG,Paris Saint-Germain FC,95.7558920761,6,,2026-10-09
Brighton & Hove Albion,Brighton,Brighton & Hove Albion FC,94.7137962067,7,,2026-10-09
Real Madrid,Real Madrid,Real Madrid CF,94.3410388428,8,,2026-10-09
Manchester United,Man Utd,Manchester United FC,94.0683444073,9,,2026-10-09
Aston Villa,Villa,Aston Villa FC,93.7100068116,10,,2026-10-09
Internazionale,Inter,FC Internazionale Milano,93.6944709709,11,,2026-10-09
Chelsea,Chelsea,Chelsea FC,93.4344925317,12,,2026-10-09
Brentford,Brentford,Brentford FC,92.9327698545,13,,2026-10-09
Newcastle United,Newcastle,Newcastle United FC,92.9127406169,14,,2026-10-09
Borussia Dortmund,Dortmund,BV Borussia 09 Dortmund,92.8474719853,15,,2026-10-09
Everton,Everton,Everton FC,92.7386877221,16,,2026-10-09
Benfica,Benfica,SL Benfica,92.3767352555,17,,2026-10-09
Leeds United,Leeds,Leeds United FC,92.054117842,18,,2026-10-09
Bournemouth,Bournemouth,AFC Bournemouth,91.951522192,19,,2026-10-09
Roma,Roma,AS Roma,91.5835990165,20,,2026-10-09
Sporting CP,Sporting,Sporting Clube de Portugal,91.4588745913,21,,2026-10-09
Union Saint-Gilloise,R. Union SG,Royale Union Saint-Gilloise,91.4564560592,22,,2026-10-09
Atlético de Madrid,Atlético,Club Atlético de Madrid,91.3462379562,23,,2026-10-09
Tottenham Hotspur,Spurs,Tottenham Hotspur FC,91.2474181626,24,,2026-10-09
Flamengo,Flamengo,CR Flamengo,91.0904743399,25,,2026-10-09
Bayer 04 Leverkusen,Bayer 04,Bayer 04 Leverkusen,91.0874335124,26,,2026-10-09
Nottingham Forest,Forest,Nottingham Forest FC,91.0594439272,27,,2026-10-09
Porto,Porto,FC Porto,91.0235062843,28,,2026-10-09
Sunderland,Sunderland,Sunderland AFC,90.7456655513,29,,2026-10-09
Club Brugge,Club Brugge,Club Brugge KV,90.6374939374,30,,2026-10-09
Como,Como,Calcio Como 1907,90.6343835114,31,,2026-10-09
Crystal Palace,Palace,Crystal Palace FC,90.5770128267,32,,2026-10-09
Juventus,Juventus,Juventus FC,90.4847334781,33,,2026-10-09
Bodø / Glimt,Bodø/Glimt,FK Bodø / Glimt,89.9863044883,34,,2026-10-09
Fulham,Fulham,Fulham FC,89.9748969822,35,,2026-10-09
Hull City,Hull,Hull City AFC,89.8988457751,36,,2026-10-09
Ipswich Town,Ipswich,Ipswich Town FC,89.7816538043,37,,2026-10-09
Monaco,Monaco,AS Monaco FC,89.5800999788,38,,2026-10-09
Lens,Lens,Racing Club de Lens,89.172799996,39,,2026-10-09
Napoli,Napoli,SSC Napoli,89.1088298997,40,,2026-10-09
Stuttgart,Stuttgart,VfB Stuttgart 1893,89.1015683377,41,,2026-10-09
Coventry City,Coventry,Coventry City FC,89.093960967,42,,2026-10-09
PSV,PSV,PSV Eindhoven,89.0455499457,43,,2026-10-09
Real Betis,Betis,Real Betis Balompié,88.9549499445,44,,2026-10-09
Milan,Milan,AC Milan,88.9386969645,45,,2026-10-09
Palmeiras,Palmeiras,SE Palmeiras,88.9120003767,46,,2026-10-09
Freiburg,Freiburg,SC Freiburg,88.8916665364,47,,2026-10-09
Olympique Lyonnais,Lyon,Lyon,88.698349389,48,,2026-10-09
RB Leipzig,Leipzig,RasenBallsport Leipzig,88.6488940294,49,,2026-10-09
Slavia Praha,Slavia,SK Slavia Praha,88.4949889072,50,,2026-10-09
Villarreal,Villarreal,Villarreal CF,88.4036794024,51,,2026-10-09
Independiente Valle,Ind. del Valle,CSD Independiente del Valle,87.8826739263,52,,2026-10-09
Lille,Lille,Lille OSC,87.802483979,53,,2026-10-09
Fenerbahçe,Fenerbahçe,Fenerbahçe SK,87.7927973749,54,,2026-10-09
Lazio,Lazio,SS Lazio,87.6450724758,55,,2026-10-09
Boca Juniors,Boca,CA Boca Juniors,87.6315104516,56,,2026-10-09
Atalanta,Atalanta,Atalanta Bergamasca Calcio,87.4575508472,57,,2026-10-09
Rennes,Rennes,Stade Rennais FC,87.3523671033,58,,2026-10-09
AEK Athens,AEK Athens,AEK Athens FC,86.9845384877,59,,2026-10-09
Mainz 05,Mainz,1. FSV Mainz 05,86.8966399006,60,,2026-10-09
Viking,Viking,Viking FK,86.8609951843,61,,2026-10-09
Galatasaray,Galatasaray,Galatasaray SK,86.7914347456,62,,2026-10-09
Olympiakos Piraeus,Olympiakos,Olympiakos FC,86.7447140583,63,,2026-10-09
Cruzeiro,Cruzeiro,Cruzeiro EC,86.6390877634,64,,2026-10-09
Sporting Braga,Braga,Sporting Braga,86.6325811613,65,,2026-10-09
Toluca,Toluca,Deportivo Toluca FC,86.6054983118,66,,2026-10-09
Rayo Vallecano,Rayo,Rayo Vallecano de Madrid,86.4501823504,67,,2026-10-09
Omonia Nicosia,Omonia,AC Omonia Nicosia,86.359497578,68,,2026-10-09
Athletic Club,Athletic,Athletic Club,86.3273072208,69,,2026-10-09
Hoffenheim,Hoffenheim,TSG 1899 Hoffenheim,86.2556563527,70,,2026-10-09
Strasbourg,Strasbourg,RC Strasbourg Alsace,86.2258878056,71,,2026-10-09
Ferencváros,Ferencváros,Ferencvárosi TC,86.1968112364,72,,2026-10-09
West Ham United,West Ham,West Ham United FC,86.1424649119,73,,2026-10-09
Fluminense,Fluminense,Fluminense FC,86.1302801095,74,,2026-10-09
Feyenoord,Feyenoord,Feyenoord Rotterdam,86.0316919737,75,,2026-10-09
Paris FC,Paris FC,Paris FC,85.9832273945,76,,2026-10-09
Al Hilal,Hilal,Al Hilal FC,85.9502964059,77,,2026-10-09
Lech Poznań,Lech,KKS Lech Poznań,85.9316462856,78,,2026-10-09
Olympique Marseille,Marseille,Olympique de Marseille,85.864485521,79,,2026-10-09
Dinamo Zagreb,Dinamo Zagreb,GNK Dinamo Zagreb,85.8129021557,80,,2026-10-09
Santos,Santos,Santos FC Sao Paulo,85.7851367434,81,,2026-10-09
Celta de Vigo,Celta,Real Club Celta de Vigo,85.7537012451,82,,2026-10-09
Real Sociedad,Real Sociedad,Real Sociedad de Fútbol,85.730851425,83,,2026-10-09
København,København,FC København,85.6671478781,84,,2026-10-09
Midtjylland,Midtjylland,FC Midtjylland,85.6359879886,85,,2026-10-09
Alavés,Alavés,Deportivo Alavés,85.6124447229,86,,2026-10-09
Independiente Rivadavia,Independiente,CS Independiente Rivadavia,85.5625184727,87,,2026-10-09
Atlético Nacional,Atl. Nacional,Club Atlético Nacional SA,85.4711115745,88,,2026-10-09
Vasco da Gama,Vasco,CR Vasco da Gama,85.4652254183,89,,2026-10-09
Beşiktaş,Beşiktaş,Beşiktaş JK,85.4126649362,90,,2026-10-09
Eintracht Frankfurt,Frankfurt,Eintracht Frankfurt,85.4092024179,91,,2026-10-09
Bologna,Bologna,Bologna FC 1909,85.3648817912,92,,2026-10-09
Augsburg,Augsburg,FC Augsburg,85.3119038363,93,,2026-10-09
Athletico Paranaense,Athletico PR,Club Athletico Paranaense,85.2456972415,94,,2026-10-09
Southampton,Southampton,Southampton FC,85.2270676866,95,,2026-10-09
Zenit,Zenit,FK Zenit St. Petersburg,85.1865531535,96,,2026-10-09
PAOK,PAOK,PAOK Thessaloniki FC,85.1834366257,97,,2026-10-09
Genk,Genk,KRC Genk,85.1810126571,98,,2026-10-09
River Plate,River,CA River Plate,85.1539333169,99,,2026-10-09
Ajax,Ajax,AFC Ajax,85.1526174341,100,,2026-10-09
AZ,AZ,AZ,85.1411900036,101,,2026-10-09
Rosario Central,Rosario,CA Rosario Central,85.063897744,102,,2026-10-09
Middlesbrough,Middlesbrough,Middlesbrough FC,85.0397261419,103,,2026-10-09
Sevilla,Sevilla,Sevilla FC,85.0383409432,104,,2026-10-09
Fiorentina,Fiorentina,ACF Fiorentina,85.0366094438,105,,2026-10-09
Wolverhampton Wanderers,Wolves,Wolverhampton Wanderers FC,85.0147924562,106,,2026-10-09
Valencia,Valencia,Valencia CF,85.0085589985,107,,2026-10-09
Atlético Mineiro,Atlético MG,CA Mineiro,85.0057193075,108,,2026-10-09
Bahia,Bahia,EC Bahia,84.991867113,109,,2026-10-09
Toulouse,Toulouse,Toulouse FC,84.9386047591,110,,2026-10-09
Twente,Twente,FC Twente,84.9379121337,111,,2026-10-09
Salzburg,Salzburg,FC Salzburg,84.9368731953,112,,2026-10-09
Argentinos Juniors,Argentinos,AA Argentinos Juniors,84.8626919556,113,,2026-10-09
Instituto,Instituto,Instituto AC Córdoba,84.8356786693,114,,2026-10-09
Anderlecht,Anderlecht,RSC Anderlecht,84.7869155344,115,,2026-10-09
Sporting Charleroi,Charleroi,Royal Charleroi SC,84.785530205,116,,2026-10-09
LASK,LASK,LASK,84.7491650543,117,,2026-10-09
Levante,Levante,Levante UD,84.6220563097,118,,2026-10-09
Panathinaikos,Panathinaikos,Panathinaikos FC,84.4727737392,119,,2026-10-09
Sassuolo,Sassuolo,US Sassuolo Calcio,84.4547622843,120,,2026-10-09
Gent,Gent,KAA Gent,84.3716309149,121,,2026-10-09
Sparta Praha,Sparta,AC Sparta Praha,84.320365277,122,,2026-10-09
Werder Bremen,Bremen,SV Werder Bremen,84.2538570316,123,,2026-10-09
Estudiantes,Estudiantes,Club Estudiantes de La Plata,84.2437420903,124,,2026-10-09
Elversberg,Elversberg,SV 07 Elversberg,84.2140205673,125,,2026-10-09
Cagliari,Cagliari,Cagliari Calcio,84.2067460181,126,,2026-10-09
Krasnodar,Krasnodar,FK Krasnodar,84.1967001792,127,,2026-10-09
Deportivo de A Coruña,Deportivo,RC Deportivo de A Coruña,84.1911576312,128,,2026-10-09
Osasuna,Osasuna,CA Osasuna,84.1904648118,129,,2026-10-09
Belgrano,Belgrano,CA Belgrano,84.1883170708,130,,2026-10-09
Vélez Sarsfield,Vélez,CA Vélez Sarsfield,84.1845065582,131,,2026-10-09
Udinese,Udinese,Udinese Calcio,84.1714122098,132,,2026-10-09
Lorient,Lorient,FC Lorient,83.9271803769,133,,2026-10-09
Nordsjælland,Nordsjælland,FC Nordsjælland,83.9181728151,134,,2026-10-09
Mirassol,Mirassol,Mirassol FC,83.8955844871,135,,2026-10-09
Brest,Brest,Stade Brestois 29,83.8845674105,136,,2026-10-09
Elche,Elche,Elche CF,83.8637803487,137,,2026-10-09
Lugano,Lugano,FC Lugano,83.8485363996,138,,2026-10-09
Peñarol,Peñarol,CA Peñarol,83.7850651942,139,,2026-10-09
Górnik Zabrze,Górnik,KS Górnik Zabrze,83.7837486356,140,,2026-10-09
Espanyol,Espanyol,Reial Club Deportiu Espanyol de Barcelona,83.7290069341,141,,2026-10-09
Cruz Azul,Cruz Azul,CF Cruz Azul,83.7025877771,142,,2026-10-09
Al Nassr,Nassr,Al Nassr FC,83.6842680642,143,,2026-10-09
RB Bragantino,Bragantino,Red Bull Bragantino,83.631577757,144,,2026-10-09
Shakhtar Donetsk,Shakhtar D,FC Shakhtar Donetsk,83.6254103552,145,,2026-10-09
Guadalajara,Chivas,CD Guadalajara,83.6145820355,146,,2026-10-09
Sabah,Sabah,Sabah FK,83.6091255732,147,,2026-10-09
Gimnasia La Plata,GELP,Club de Gimnasia y Esgrima La Plata,83.6066308743,148,,2026-10-09
Torino,Torino,Torino FC,83.5786346471,149,,2026-10-09
Getafe,Getafe,Getafe CF,83.5762092174,150,,2026-10-09
Famalicão,Famalicão,FC Famalicão,83.5588846545,151,,2026-10-09
Schalke 04,Schalke 04,FC Schalke 04,83.5356695617,152,,2026-10-09
Racing de Santander,Santander,Real Racing Club,83.5058707846,153,,2026-10-09
América de Cali,América,América de Cali SA,83.4614491908,154,,2026-10-09
Legia Warszawa,Legia,KP Legia Warszawa,83.4594394598,155,,2026-10-09
Club América,Club América,CF América,83.4434128493,156,,2026-10-09
São Paulo,São Paulo,São Paulo FC,83.4008100796,157,,2026-10-09
AEK Larnaca,AEK Larnaca,AEK Larnaca,83.3665743526,158,,2026-10-09
LDU Quito,LDU Quito,Liga Deportiva Universitaria de Quito,83.3609607596,159,,2026-10-09
Lanús,Lanús,CA Lanús,83.3332391373,160,,2026-10-09
Crvena zvezda,Crvena zvezda,FK Crvena zvezda Beograd,83.3312293083,161,,2026-10-09
Paderborn,Paderborn,SC Paderborn 07,83.3253384214,162,,2026-10-09
Union Berlin,Union Berlin,1. FC Union Berlin,83.2920719885,163,,2026-10-09
Sint-Truiden,Sint-Truiden,Sint-Truidense VV,83.290685878,164,,2026-10-09
Frosinone,Frosinone,Frosinone Calcio,83.2393992746,165,,2026-10-09
Botafogo,Botafogo,Botafogo FR,83.2310131266,166,,2026-10-09
Maccabi Tel Aviv,Maccabi TA,Maccabi Tel Aviv FC,83.1860324206,167,,2026-10-09
Universidad Católica,U. Católica,CD Universidad Católica del Ecuador,83.1495759975,168,,2026-10-09
Bolívar,Bolívar,Club Bolívar,83.114228031,169,,2026-10-09
Borussia M'gladbach,M'gladbach,Borussia VfL Mönchengladbach,83.1139507901,170,,2026-10-09
Huracán,Huracán,CA Huracán,83.0910090091,171,,2026-10-09
Köln,Köln,1. FC Köln,83.0647400766,172,,2026-10-09
Nashville SC,Nashville,Nashville SC,83.0639596386,173,,2026-10-09
Swansea City,Swansea,Swansea City AFC,83.0411740554,174,,2026-10-09
Independiente Santa Fe,Santa Fe,Club Independiente Santa Fe,83.0320941495,175,,2026-10-09
Sanfrecce Hiroshima,Sanfrecce,Sanfrecce Hiroshima,82.9980064459,176,,2026-10-09
Corinthians,Corinthians,SC Corinthians Paulista,82.989466689,177,,2026-10-09
Millwall,Millwall,Millwall FC,82.9680487272,178,,2026-10-09
Internacional,Internacional,SC Internacional,82.9679794132,179,,2026-10-09
Spartak Moskva,Spartak M,FK Spartak Moskva,82.9347777591,180,,2026-10-09
Millonarios,Millonarios,Millonarios FC,82.9326289946,181,,2026-10-09
Colo Colo,Colo Colo,CSD Colo-Colo,82.9180728009,182,,2026-10-09
Auxerre,Auxerre,Association Jeunesse Auxerroise,82.8145135397,183,,2026-10-09
Independiente,Independiente,CA Independiente,82.8019669246,184,,2026-10-09
Castellón,Castellón,CD Castellón,82.7923316378,185,,2026-10-09
Hajduk Split,Hajduk,HNK Hajduk Split,82.7843599707,186,,2026-10-09
Al Qadsiah,Qadsiah,Al Qadsiah FC,82.7742648338,187,,2026-10-09
St. Louis City,St. Louis,St. Louis City SC,82.7669428429,188,,2026-10-09
Philadelphia Union,Philadelphia,Philadelphia Union,82.7302032955,189,,2026-10-09
Málaga,Málaga,Málaga CF,82.7271712102,190,,2026-10-09
Pyramids,Pyramids,Pyramids FC,82.6727286716,191,,2026-10-09
Inter Miami,Inter Miami,Inter Miami CF,82.6220612449,192,,2026-10-09
Hamburger SV,Hamburg,Hamburger SV,82.6169493325,193,,2026-10-09
Sturm Graz,Sturm,SK Sturm Graz,82.6120966898,194,,2026-10-09
Santa Clara,Santa Clara,CD Santa Clara,82.6086305109,195,,2026-10-09
Celtic,Celtic,Celtic FC,82.5115756277,196,,2026-10-09
Viktoria Plzeň,Plzeň,FC Viktoria Plzeň,82.4668598378,197,,2026-10-09
Al Ahly,Ahly,Al Ahly SC,82.4373701205,198,,2026-10-09
Racing Club,Racing,Racing Club,82.4369795555,199,,2026-10-09
Dinamo Moskva,Dinamo M,FK Dinamo Moskva,82.4113973237,200,,2026-10-09
Olimpia,Olimpia,Club Olimpia,82.3901825989,201,,2026-10-09
Trabzonspor,Trabzonspor,Trabzonspor Kulübü,82.3833189744,202,,2026-10-09
Young Boys,Young Boys,BSC Young Boys,82.3822790297,203,,2026-10-09
Nice,Nice,OGC Nice Côte d'Azur,82.3770792999,204,,2026-10-09
Genoa,Genoa,Genoa CFC,82.3514271475,205,,2026-10-09
Birmingham City,Birmingham,Birmingham City FC,82.3389476302,206,,2026-10-09
Norwich City,Norwich,Norwich City FC,82.3299346082,207,,2026-10-09
Universidad Católica,Univ Católica,CD Universidad Católica,82.3059459509,208,,2026-10-09
Rangers,Rangers,Rangers FC,82.3011620592,209,,2026-10-09
Qarabağ,Qarabağ,Qarabağ Ağdam FK,82.2935355469,210,,2026-10-09
Sion,Sion,FC Sion,82.2661492496,211,,2026-10-09
Hammarby,Hammarby,Hammarby IF,82.2654559218,212,,2026-10-09
Macará,Macará,CSD Macará,82.2653865891,213,,2026-10-09
Defensa y Justicia,Def y Justicia,CSD Defensa y Justicia,82.2452800034,214,,2026-10-09
Vancouver Whitecaps,Whitecaps,Vancouver Whitecaps FC,82.2390219799,215,,2026-10-09
Tigre,Tigre,CA Tigre,82.2178931962,216,,2026-10-09
Westerlo,Westerlo,KVC Westerlo,82.2158825078,217,,2026-10-09
Eibar,Eibar,SD Eibar,82.1399605447,218,,2026-10-09
Zulte Waregem,ZW,SV Zulte Waregem,82.1285200558,219,,2026-10-09
Unión,Unión,CA Unión,82.0989825596,220,,2026-10-09
Universidad de Chile,U. de Chile,Club Universidad de Chile,82.0906620773,221,,2026-10-09
Levski Sofia,Levski,PFK Levski Sofia,82.0727036116,222,,2026-10-09
Al Ahli,Ahli,Al Ahli FC,82.0702329006,223,,2026-10-09
Standard Liège,Standard,Royal Standard de Liège,82.0259000743,224,,2026-10-09
Rosenborg,Rosenborg,Rosenborg BK,82.0019779389,225,,2026-10-09
Deportes Tolima,Tolima,Club Deportes Tolima SA,81.9890806958,226,,2026-10-09
Wrexham,Wrexham,Wrexham FC,81.9832561132,227,,2026-10-09
Tromsø,Tromsø,Tromsø IL,81.9690413031,228,,2026-10-09
Le Mans,Le Mans,Le Mans FC,81.964880856,229,,2026-10-09
Brann,Brann,SK Brann,81.9499725324,230,,2026-10-09
Los Angeles,LAFC,Los Angeles FC,81.9377504261,231,,2026-10-09
Chicago Fire,Chicago,Chicago Fire FC,81.8940648679,232,,2026-10-09
Almería,Almería,UD Almería,81.8622543721,233,,2026-10-09
Pafos,Pafos,Pafos FC,81.8494257745,234,,2026-10-09
Dallas,Dallas,FC Dallas,81.7983701066,235,,2026-10-09
Coritiba,Coritiba,Coritiba FBC,81.756087136,236,,2026-10-09
Vitória,Vitória,EC Vitória,81.7484590145,237,,2026-10-09
Monza,Monza,AC Monza,81.7433273565,238,,2026-10-09
Rijeka,Rijeka,HNK Rijeka,81.7350057271,239,,2026-10-09
Angers,Angers,Angers Sporting Club de l'Ouest,81.6833416756,240,,2026-10-09
Parma,Parma,Parma Calcio 1913,81.6497074738,241,,2026-10-09
Hapoel Be'er Sheva,H Be'er Sheva,Hapoel Be'er Sheva FC,81.6278623441,242,,2026-10-09
Molde,Molde,Molde FK,81.6084442952,243,,2026-10-09
Gimnasia Mendoza,Gim Mendoza,CA Gimnasia y Esgrima de Mendoza,81.5997061253,244,,2026-10-09
Le Havre,Le Havre,Le Havre AC,81.5890260995,245,,2026-10-09
Arouca,Arouca,FC Arouca,81.5709947864,246,,2026-10-09
Lecce,Lecce,US Lecce,81.5616323239,247,,2026-10-09
West Bromwich Albion,West Brom,West Bromwich Albion FC,81.5540036255,248,,2026-10-09
Nacional Asunción,Nacional,Club Nacional Asunción,81.5476925942,249,,2026-10-09
Jagiellonia Białystok,Jagiellonia,SSA Jagiellonia Białystok,81.5037230008,250,,2026-10-09
Tigres UANL,Tigres,Club Tigres UANL,81.4880310928,251,,2026-10-09
Independiente Medellín,Medellín,Deportivo Independiente Medellín,81.4814605062,252,,2026-10-09
Slovan Liberec,Liberec,FC Slovan Liberec,81.4454655967,253,,2026-10-09
Viborg,Viborg,Viborg FF,81.4246590602,254,,2026-10-09
Deportivo Cali,Cali,Asociación Deportivo Cali,81.4003151981,255,,2026-10-09
Vissel Kobe,Vissel Kobe,Vissel Kobe,81.3797305831,256,,2026-10-09
Wisła Kraków,Wisła,Wisła Kraków,81.359464152,257,,2026-10-09
Nacional,Nacional,Club Nacional de Football,81.3566205066,258,,2026-10-09
Rapid,Rapid,SK Rapid,81.3501009173,259,,2026-10-09
Apollon,Apollon,Apollon Limassol FC,81.3476734064,260,,2026-10-09
Young Africans,Young Africans,Young Africans SC,81.3096767666,261,,2026-10-09
Pogoń Szczecin,Pogoń,MKS Pogoń Szczecin,81.306405369,262,,2026-10-09
Gil Vicente,Gil Vicente,Gil Vicente FC,81.3036310232,263,,2026-10-09
Atlético Bucaramanga,Bucaramanga,CA Bucaramanga,81.2935046359,264,,2026-10-09
Sirius,Sirius,IK Sirius Fotboll,81.2873316815,265,,2026-10-09
Platense,Platense,CA Platense,81.2789392139,266,,2026-10-09
Grêmio,Grêmio,Grêmio FB Porto Alegrense,81.2629865138,267,,2026-10-09
Djurgården,Djurgården,Djurgårdens IF,81.2606282801,268,,2026-10-09
AGF,AGF,AGF,81.225601318,269,,2026-10-09
Cerro Porteño,Cerro Porteño,Club Cerro Porteño,81.2081916988,270,,2026-10-09
St.Gallen,St.Gallen,FC St.Gallen 1879,81.1926547275,271,,2026-10-09
Machida Zelvia,Machida,FC Machida Zelvia,81.1893395834,272,,2026-10-09
Troyes,Troyes,Espérance Sportive Troyes Aube Champagne,81.1153152723,273,,2026-10-09
Hertha BSC,Hertha,Hertha BSC,81.0629450733,274,,2026-10-09
Newell's Old Boys,Newell's,CA Newell's Old Boys,81.0448406883,275,,2026-10-09
Girona,Girona,Girona FC,81.0334646871,276,,2026-10-09
Beveren,Beveren,SK Beveren,81.0164699566,277,,2026-10-09
Burnley,Burnley,Burnley FC,81.0050244621,278,,2026-10-09
Sarmiento,Sarmiento,CA Sarmiento,80.9664562355,279,,2026-10-09
Pachuca,Pachuca,CF Pachuca,80.956379853,280,,2026-10-09
Orlando Pirates,Pirates,Orlando Pirates FC,80.937018683,281,,2026-10-09
Kashima Antlers,Kashima,Kashima Antlers,80.9254043644,282,,2026-10-09
FAR Rabat,FAR Rabat,AS Forces Armées Royales de Rabat,80.9089242285,283,,2026-10-09
Junior,Junior,CD Popular Junior FC SA,80.9040244153,284,,2026-10-09
Győri ETO,Győr,Győri ETO FC,80.8954225778,285,,2026-10-09
Mallorca,Mallorca,Real Club Deportivo Mallorca,80.8902198395,286,,2026-10-09
Atlético Tucumán,Atl. Tucumán,CA Tucumán,80.888416221,287,,2026-10-09
Olimpia,Olimpia,CD Olimpia,80.8512872725,288,,2026-10-09
Charlotte,Charlotte,Charlotte FC,80.8329016171,289,,2026-10-09
Universitatea Craiova,U Craiova,Universitatea Craiova 1948 Club Sportiv,80.7733288462,290,,2026-10-09
Lincoln City,Lincoln,Lincoln City FC,80.7497418814,291,,2026-10-09
Sheffield United,Sheff Utd,Sheffield United FC,80.7376014465,292,,2026-10-09
Burgos,Burgos,Burgos CF,80.7313577717,293,,2026-10-09
Vitória Guimarães,Vitória SC,Vitória SC Guimarães,80.7237265927,294,,2026-10-09
Aucas,Aucas,SD Aucas,80.7111697847,295,,2026-10-09
San Lorenzo,San Lorenzo,CA San Lorenzo de Almagro,80.6920916426,296,,2026-10-09
Queens Park Rangers,QPR,Queens Park Rangers FC,80.6866109862,297,,2026-10-09
İstanbul Başakşehir,Başakşehir,İstanbul Başakşehir FK,80.6172345654,298,,2026-10-09
DAC 1904,DAC 1904,DAC 1904 Dunajská Streda,80.6026652759,299,,2026-10-09
Barracas Central,Barracas,CA Barracas Central,80.5869858519,300,,2026-10-09
RSB Berkane,Berkane,Renaissance Sportive de Berkane,80.550605993,301,,2026-10-09
CSKA Moskva,CSKA,PFK CSKA Moskva,80.5426527962,302,,2026-10-09
Mamelodi Sundowns,Sundowns,Mamelodi Sundowns FC,80.5294452508,303,,2026-10-09
GKS Katowice,GKS Katowice,GKS Katowice,80.4940867431,304,,2026-10-09
Bristol City,Bristol C,Bristol City FC,80.4861079453,305,,2026-10-09
Slovan Bratislava,Slovan,ŠK Slovan Bratislava,80.4770884045,306,,2026-10-09
Seattle Sounders,Sounders,Seattle Sounders FC,80.4700628634,307,,2026-10-09
Always Ready,Always Ready,Club Always Ready,80.456204575,308,,2026-10-09
Utrecht,Utrecht,FC Utrecht,80.4188075195,309,,2026-10-09
City Torque,City Torque,Montevideo City Torque,80.4097183557,310,,2026-10-09
Barcelona,Barcelona,Barcelona SC,80.3892502719,311,,2026-10-09
Antwerp,Antwerp,Royal Antwerp FC,80.3782182529,312,,2026-10-09
Once Caldas,Once Caldas,Once Caldas SA,80.3736389101,313,,2026-10-09
Borac Banja Luka,Borac BB,FK Borac Banja Luka,80.371626772,314,,2026-10-09
Coquimbo Unido,Coquimbo,CD Coquimbo Unido,80.3517828416,315,,2026-10-09
Korona Kielce,Kielce,MKS Korona Kielce,80.3410975838,316,,2026-10-09
Varaždin,Varaždin,NK Varaždin,80.2845482266,317,,2026-10-09
Alianza Lima,Alianza Lima,Club Alianza Lima,80.2785809813,318,,2026-10-09
Kashiwa Reysol,Kashiwa,Kashiwa Reysol,80.2715177569,319,,2026-10-09
Lommel,Lommel,Lommel SK,80.2609567094,320,,2026-10-09
Hradec Králové,Hradec Kr.,FC Hradec Králové,80.2446506789,321,,2026-10-09
Tokyo,Tokyo,FC Tokyo,80.2350893981,322,,2026-10-09
Talleres de Córdoba,Talleres,CA Talleres,80.22445881,323,,2026-10-09
Universitario,Universitario,Club Universitario de Deportes,80.2234179876,324,,2026-10-09
Jablonec,Jablonec,FK Jablonec,80.2130791289,325,,2026-10-09
Raja Casablanca,Raja,Raja Club Athletic de Casablanca,80.197094307,326,,2026-10-09
Deportivo Riestra,Riestra,CD Riestra,80.1512532565,327,,2026-10-09
Deportivo Maldonado,Maldonado,CD Maldonado,80.1363343284,328,,2026-10-09
Monterrey,Monterrey,CF Monterrey,80.1127233927,329,,2026-10-09
León,León,Club León,80.0867015513,330,,2026-10-09
Remo,Remo,Clube do Remo,80.0822091036,331,,2026-10-09
Académico de Viseu,Académico,Académico de Viseu FC,80.0645834588,332,,2026-10-09
Brøndby,Brøndby,Brøndby IF,80.0555624118,333,,2026-10-09
Portsmouth,Portsmouth,Portsmouth FC,80.0524397341,334,,2026-10-09
Hannover 96,Hannover,Hannoverscher Sportverein 1896,79.9931081222,335,,2026-10-09
Cincinnati,Cincinnati,FC Cincinnati,79.9801826761,336,,2026-10-09
Heerenveen,Heerenveen,SC Heerenveen,79.9656971388,337,,2026-10-09
Noah,Noah,FC Noah,79.9622273728,338,,2026-10-09
Alverca,Alverca,FC Alverca,79.941408676,339,,2026-10-09
Deportivo Madryn,Dep Madryn,Club Social y Deportivo Madryn,79.9350936372,340,,2026-10-09
Cercle Brugge,Cercle Brugge,Cercle Brugge KSV,79.9341220914,341,,2026-10-09
Sportivo Trinidense,Trinidense,Club Sportivo Trinidense,79.9177445479,342,,2026-10-09
Tristán Suárez,Tristán Suárez,CSyD Tristán Suárez,79.9097639266,343,,2026-10-09
Palermo,Palermo,Palermo FC,79.9008117212,344,,2026-10-09
Nürnberg,1.FCN,1. FC Nürnberg,79.8935250188,345,,2026-10-09
Libertad,Libertad,Club Libertad,79.8903327425,346,,2026-10-09
Simba,Simba,Simba Sports Club,79.8902054996,347,,2026-10-09
Derby County,Derby,Derby County FC,79.8647249883,348,,2026-10-09
Göztepe,Göztepe,Göztepe SK,79.8574381812,349,,2026-10-09
Venezia,Venezia,Venezia FC,79.8393945679,350,,2026-10-09
Johor Darul Ta'zim,Darul Ta'zim,Johor Darul Ta'zim FC,79.8107469423,351,,2026-10-09
Querétaro,Querétaro,Querétaro FC,79.7969735317,352,,2026-10-09
Al Ain,Al Ain,Al Ain FC,79.7737679592,353,,2026-10-09
Sigma Olomouc,Olomouc,SK Sigma Olomouc,79.7720768655,354,,2026-10-09
Blackburn Rovers,Blackburn,Blackburn Rovers FC,79.7710358559,355,,2026-10-09
Columbus Crew,Columbus,Columbus Crew,79.766784378,356,,2026-10-09
NEC,NEC,NEC,79.7630547681,357,,2026-10-09
Liverpool,Liverpool,Liverpool FC Montevideo,79.7258556236,358,,2026-10-09
SJ Earthquakes,Earthquakes,San Jose Earthquakes,79.7140392372,359,,2026-10-09
Groningen,Groningen,FC Groningen,79.7137796632,360,,2026-10-09
Raków Częstochowa,Raków,KS Raków Częstochowa,79.705798393,361,,2026-10-09
New England,New England,New England Revolution,79.6446360444,362,,2026-10-09
Servette,Servette,Servette FC,79.626331316,363,,2026-10-09
Pumas UNAM,Pumas,Club Universidad Nacional,79.5839066722,364,,2026-10-09
Piast Gliwice,Piast,GKS Piast Gliwice,79.5534553592,365,,2026-10-09
Banfield,Banfield,CA Banfield,79.5405456826,366,,2026-10-09
Hapoel Tel Aviv,Hapoel TA,Hapoel Tel Aviv FC,79.5256925313,367,,2026-10-09
Ludogorets Razgrad,Ludogorets,PFK Ludogorets 1945 Razgrad,79.4934178563,368,,2026-10-09
Wolfsburg,Wolfsburg,VfL Wolfsburg,79.474677531,369,,2026-10-09
The Strongest,The Strongest,Club The Strongest,79.4742610777,370,,2026-10-09
Teplice,Teplice,FK Teplice,79.4302554575,371,,2026-10-09
Tijuana,Tijuana,Club Tijuana Xoloitzcuintles de Caliente,79.4287798079,372,,2026-10-09
San Diego,San Diego,San Diego FC,79.4166330024,373,,2026-10-09
Zagłębie Lubin,Zagłębie,KGHM Zagłębie Lubin,79.4142910818,374,,2026-10-09
Häcken,Häcken,BK Häcken,79.3972854388,375,,2026-10-09
Dynamo Kyiv,Dynamo Kyiv,FC Dynamo Kyiv,79.3840973093,376,,2026-10-09
Dinamo Bucureşti,Dinamo,FC Dinamo 1948 Bucureşti,79.3747267538,377,,2026-10-09
New York City,NYCFC,New York City Football Club,79.3322978361,378,,2026-10-09
Central Córdoba SdE,Córdoba SdE,CA Central Córdoba,79.3163508711,379,,2026-10-09
Samsunspor,Samsunspor,Samsunspor Kulübü,79.3129496182,380,,2026-10-09
Orlando City,Orlando,Orlando City SC,79.310779765,381,,2026-10-09
Las Palmas,Las Palmas,UD Las Palmas,79.3004551799,382,,2026-10-09
Everton,Everton,Everton de Viña del Mar,79.2983033536,383,,2026-10-09
Stoke City,Stoke,Stoke City FC,79.2966374224,384,,2026-10-09
Saint-Étienne,Saint-Étienne,AS Saint-Étienne,79.2556829281,385,,2026-10-09
Widzew Łódź,Widzew,RTS Widzew Łódź,79.2383291256,386,,2026-10-09
Águilas Doradas,Águilas D,Águilas Doradas,79.2320123115,387,,2026-10-09
Deportivo Saprissa,Saprissa,Deportivo Saprissa,79.2247056215,388,,2026-10-09
Moreirense,Moreirense,Moreirense FC,79.2171573229,389,,2026-10-09
Real Oviedo,Oviedo,Real Oviedo,79.2067448948,390,,2026-10-09
Luzern,Luzern,FC Luzern,79.2050094859,391,,2026-10-09
Wisła Płock,Wisła Płock,Wisła Płock SA,79.2039682399,392,,2026-10-09
Melgar,Melgar,FBC Melgar,79.1969571726,393,,2026-10-09
Rizespor,Rize,Çaykur Rize SK,79.1907790871,394,,2026-10-09
Houston Dynamo,Houston,Houston Dynamo FC,79.183402859,395,,2026-10-09
GAIS,GAIS,GAIS,79.1591942526,396,,2026-10-09
Belouizdad,Belouizdad,CR Belouizdad,79.151185772,397,,2026-10-09
Al Ittihad,Ittihad,Al Ittihad Club,79.1476963801,398,,2026-10-09
Carabobo,Carabobo,Carabobo FC,79.1247628552,399,,2026-10-09
Temperley,Temperley,CA Temperley,79.1171267952,400,,2026-10-09
Aris,Aris,Aris Thessaloniki FC,79.1165020256,401,,2026-10-09
Club Guaraní,Guaraní,Club Guaraní,79.0841526303,402,,2026-10-09
Aris Limassol,Aris Limassol,Aris FC Limassol,79.073461965,403,,2026-10-09
O'Higgins,O'Higgins,CD O'Higgins,79.0723512439,404,,2026-10-09
Portland Timbers,Portland,Portland Timbers,79.0702506009,405,,2026-10-09
Alanyaspor,Alanyaspor,Alanyaspor Kulübü,79.0571481988,406,,2026-10-09
Municipal,Municipal,CSD Municipal,79.0535897106,407,,2026-10-09
Osijek,Osijek,NK Osijek,79.0342393248,408,,2026-10-09
Shabab Al Ahli,Shabab Al Ahli,Shabab Al Ahli Club,79.020658229,409,,2026-10-09
Chapecoense,Chapecoense,Chapecoense AF,79.0154261218,410,,2026-10-09
Beitar Jerusalem,Beitar,Beitar Jerusalem FC,79.0071649285,411,,2026-10-09
Mechelen,Mechelen,KV Mechelen,79.0043880507,412,,2026-10-09
Go Ahead Eagles,GAE,Go Ahead Eagles,78.9946689537,413,,2026-10-09
Heart of Midlothian,Hearts,Heart of Midlothian FC,78.9884209427,414,,2026-10-09
Heidenheim,Heidenheim,1. FC Heidenheim 1846,78.9835613677,415,,2026-10-09
Sporting de Gijón,Gijón,Real Sporting de Gijón,78.9759248735,416,,2026-10-09
Libertad,Libertad,Libertad Fútbol Club,78.964400665,417,,2026-10-09
Zbrojovka Brno,Zbrojovka,FC Zbrojovka Brno,78.9471142518,418,,2026-10-09
Maghreb Fès,Maghreb Fès,Maghreb AS de Fès,78.9359810136,419,,2026-10-09
MC Alger,MC Alger,MC Alger,78.9276501316,420,,2026-10-09
Deportivo Morón,Morón,CD Morón,78.9192752367,421,,2026-10-09
Sarpsborg 08,Sarpsborg,Sarpsborg 08 FF,78.9158734403,422,,2026-10-09
Bolton Wanderers,Bolton,Bolton Wanderers FC,78.9089309843,423,,2026-10-09
Cardiff City,Cardiff,Cardiff City FC,78.8971287644,424,,2026-10-09
Cracovia,Cracovia,MKS Cracovia,78.8565148136,425,,2026-10-09
OFI,OFI,OFI FC,78.8301327451,426,,2026-10-09
Universitatea Cluj,U Cluj,FC Universitatea Cluj,78.8252728597,427,,2026-10-09
Marítimo,Marítimo,CS Marítimo Funchal,78.8013204281,428,,2026-10-09
Polissya,Polissya,Polissya Zhytomyr,78.7895176953,429,,2026-10-09
Minnesota United,Minnesota,Minnesota United FC,78.7821402742,430,,2026-10-09
Zamalek,Zamalek,Zamalek SC,78.7690109081,431,,2026-10-09
Basel,Basel,FC Basel 1893,78.7676477771,432,,2026-10-09
Baltika,Baltika,FK Baltika Kaliningrad,78.7662592043,433,,2026-10-09
Godoy Cruz,Godoy Cruz,CD Godoy Cruz Antonio Tomba,78.7495268412,434,,2026-10-09
Amed,Amed,Amed SFK,78.6801661698,435,,2026-10-09
Fredrikstad,Fredrikstad,Fredrikstad FK,78.638507173,436,,2026-10-09
Mushuc Runa,Mushuc Runa,Mushuc Runa SC,78.6356604492,437,,2026-10-09
Kawasaki Frontale,Kawasaki,Kawasaki Frontale,78.6331056855,438,,2026-10-09
Neftçi,Neftçi,Neftçi PFC Bakı,78.5763645299,439,,2026-10-09
Yokohama F. Marinos,F Marinos,Yokohama F. Marinos,78.5667968541,440,,2026-10-09
Lillestrøm,Lillestrøm,Lillestrøm SK,78.5656022373,441,,2026-10-09
Alajuelense,Alajuelense,LD Alajuelense,78.5252425368,442,,2026-10-09
LA Galaxy,Galaxy,Los Angeles Galaxy,78.5169102706,443,,2026-10-09
Deportivo Táchira,Táchira,Deportivo Táchira FC,78.499569336,444,,2026-10-09
ES Tunis,Tunis,Espérance Sportive de Tunis,78.4638534485,445,,2026-10-09
Reims,Reims,Stade de Reims,78.45762954,446,,2026-10-09
Śląsk Wrocław,Śląsk,WKS Śląsk Wrocław,78.4440892216,447,,2026-10-09
Plymouth Argyle,Plymouth,Plymouth Argyle FC,78.4322847808,448,,2026-10-09
Charlton Athletic,Charlton,Charlton Athletic FC,78.424646583,449,,2026-10-09
Mladá Boleslav,Ml. Boleslav,FK Mladá Boleslav,78.4232578172,450,,2026-10-09
Sabadell,Sabadell,CE Sabadell FC,78.4166611691,451,,2026-10-09
Seoul,Seoul,FC Seoul,78.4098704221,452,,2026-10-09
Metropolitanos,Metropolitanos,Metropolitanos FC,78.3603459057,453,,2026-10-09
APOEL,APOEL,APOEL FC,78.3482633015,454,,2026-10-09
Riga,Riga,Riga FC,78.343402467,455,,2026-10-09
Colorado Rapids,Colorado,Colorado Rapids,78.3360237115,456,,2026-10-09
Puskás,Puskás,Puskás Akadémia FC,78.3284727008,457,,2026-10-09
CSKA Sofia,CSKA,PFK CSKA Sofia,78.3187509439,458,,2026-10-09
Elfsborg,Elfsborg,IF Elfsborg,78.3003489416,459,,2026-10-09
Sporting Cristal,Cristal,Club Sporting Cristal SA,78.2954185704,460,,2026-10-09
Granada,Granada,Granada CF,78.2937519638,461,,2026-10-09
Excelsior,Excelsior,Excelsior Rotterdam,78.2881966004,462,,2026-10-09
Estrela,Estrela,Club Foot Estrela,78.2642389518,463,,2026-10-09
Cienciano,Cienciano,Club Cienciano,78.260350152,464,,2026-10-09
Palestino,Palestino,CD Palestino,78.2589612934,465,,2026-10-09
Austria Wien,Austria,FK Austria Wien,78.2572946621,466,,2026-10-09
Atlético San Luis,San Luis,Atlético de San Luis,78.2287353797,467,,2026-10-09
Sandefjord,Sandefjord,Sandefjord Fotball,78.1993090769,468,,2026-10-09
Maccabi Haifa,M Haifa,Maccabi Haifa FC,78.1854201107,469,,2026-10-09
Emelec,Emelec,CS Emelec,78.1610447849,470,,2026-10-09
Konyaspor,Konyaspor,Konyaspor Kulübü,78.1597253159,471,,2026-10-09
Kortrijk,Kortrijk,KV Kortrijk,78.1326413219,472,,2026-10-09
Bohemians 1905,Bohemians,Bohemians Praha 1905,78.1274328272,473,,2026-10-09
Cartaginés,Cartaginés,CS Cartaginés,78.1131087251,474,,2026-10-09
Leones,Leones,Leones FC,78.1047931085,475,,2026-10-09
Aldosivi,Aldosivi,CA Aldosivi,78.1037513986,476,,2026-10-09
Huddersfield Town,Huddersfield,Huddersfield Town FC,78.1027791357,477,,2026-10-09
Ferro Carril Oeste,Ferro,Club Ferro Carril Oeste,78.0961121793,478,,2026-10-09
Kaiserslautern,1.FCK,1. FC Kaiserslautern,78.0684024475,479,,2026-10-09
Tractor,Tractor,Tractor FC,78.0357175572,480,,2026-10-09
Motor Lublin,Motor,Motor Lublin SA,78.035414263,481,,2026-10-09
Stockport County,Stockport,Stockport County FC,78.0243023534,482,,2026-10-09
OB,OB,Odense BK,78.0218716165,483,,2026-10-09
Racing,Racing,Racing Club de Montevideo,78.0207604217,484,,2026-10-09
Lokomotiv Moskva,Lokomotiv M,FK Lokomotiv Moskva,78.0180518821,485,,2026-10-09
Thun,Thun,FC Thun,78.0017311319,486,,2026-10-09
Petro de Luanda,Petro Luanda,Atlético Petróleos Luanda,78.0013607144,487,,2026-10-09
Austin,Austin,Austin FC,77.9960876092,488,,2026-10-09
Real Salt Lake,Salt Lake,Real Salt Lake,77.9946986009,489,,2026-10-09
Kasımpaşa,Kasımpaşa,Kasımpaşa SK,77.983326751,490,,2026-10-09
Spartak Trnava,Spartak,FC Spartak Trnava,77.9805487192,491,,2026-10-09
Audax Italiano,Audax,Audax Italiano La Florida,77.9766594695,492,,2026-10-09
Estoril,Estoril,GD Estoril Praia,77.973603626,493,,2026-10-09
Kocaelispor,Kocaelispor,Kocaelispor Kulübü,77.9666585131,494,,2026-10-09
Celje,Celje,NK Celje,77.9301963466,495,,2026-10-09
Atlas,Atlas,Atlas FC,77.9290670623,496,,2026-10-09
Urawa Reds,Urawa,Urawa Red Diamonds,77.8563817139,497,,2026-10-09
Deportivo Garcilaso,Deportivo G.,Club Deportivo Garcilaso,77.8436572946,498,,2026-10-09
Gimnasia Jujuy,Gimn Jujuy,CA Gimnasia y Esgrima de Jujuy,77.841573652,499,,2026-10-09
Llaneros,Llaneros,Club Llaneros SA,77.837753636,500,,2026-10-09
Zrinjski,Zrinjski,HŠK Zrinjski Mostar,77.8315721429,501,,2026-10-09
Watford,Watford,Watford FC,77.8277521113,502,,2026-10-09
Silkeborg,Silkeborg,Silkeborg IF,77.8169865354,503,,2026-10-09
Žilina,Žilina,MŠK Žilina,77.8142083146,504,,2026-10-09
Malmö FF,Malmö,Malmö FF,77.7923297151,505,,2026-10-09
Bochum,Bochum,VfL Bochum 1848,77.7739237572,506,,2026-10-09
Magdeburg,Magdeburg,1. FC Magdeburg,77.7683672143,507,,2026-10-09
Rio Ave,Rio Ave,Rio Ave FC,77.738153291,508,,2026-10-09
Córdoba,Córdoba,Córdoba FC,77.7371114249,509,,2026-10-09
OH Leuven,OHL,Oud-Heverlee Leuven,77.7367641361,510,,2026-10-09
Deportes Limache,Limache,CD Limache,77.7366946784,511,,2026-10-09
Juventud,Juventud,CA Juventud de Las Piedras,77.7175937177,512,,2026-10-09
Real España,Real España,Real CD España,77.6995187234,513,,2026-10-09
Deportivo Cuenca,Dep. Cuenca,CD Cuenca,77.695366957,514,,2026-10-09
Rapid Bucureşti,Rapid,FC Rapid 1923,77.6947418264,515,,2026-10-09
Horsens,Horsens,AC Horsens,77.676335132,516,,2026-10-09
Gimnasia y Tiro,Gimnasia Tiro,Club de Gimnasia y Tiro de Salta,77.6373680485,517,,2026-10-09
Alianza Atlético,Alianza Atl.,Club Alianza Atlético Sullana,77.6321584981,518,,2026-10-09
Deportes Concepción,Concepción,CD Concepción,77.6217393639,519,,2026-10-09
Academia Puerto Cabello,Puerto Cabello,Academia Puerto Cabello,77.6151405558,520,,2026-10-09
Inter Turku,Inter Turku,FC Inter Turku,77.6113896464,521,,2026-10-09
Atlante,Atlante,Atlante FC,77.6078290653,522,,2026-10-09
2 de Mayo,2 de Mayo,Club 2 de Mayo,77.601595578,523,,2026-10-09
Guayaquil City,Guayaquil City,Guayaquil City FC,77.5866612843,524,,2026-10-09
FC Andorra,FC Andorra,FC Andorra,77.5797845322,525,,2026-10-09
Radomiak Radom,Radomiak,RKS Radomiak Radom,77.5787425984,526,,2026-10-09
Inter Bogotá,Inter Bogotá,Internacional de Bogotá,77.5692957113,527,,2026-10-09
Wieczysta Kraków,Wieczysta,KS Wieczysta Kraków,77.5620715964,528,,2026-10-09
Preston North End,Preston,Preston North End FC,77.5565145704,529,,2026-10-09
Randers,Randers,Randers FC,77.5485263232,530,,2026-10-09
Víkingur Reykjavík,Víkingur R,Víkingur Reykjavík,77.5450531641,531,,2026-10-09
Sportivo Ameliano,Ameliano,Club Sportivo Ameliano,77.5422051699,532,,2026-10-09
Modena,Modena,Modena FC 2018,77.5381068309,533,,2026-10-09
Çorum,Çorum,Çorum FK,77.5318551142,534,,2026-10-09
St. Pauli,St. Pauli,FC St. Pauli,77.5242141052,535,,2026-10-09
Villarreal II,Villarreal II,Villarreal CF II,77.5096266577,536,,2026-10-09
IFK Göteborg,IFK Göteborg,IFK Göteborg,77.5044168338,537,,2026-10-09
KFUM,KFUM,KFUM Fotball,77.5005962892,538,,2026-10-09
Cerezo Osaka,Cerezo,Cerezo Osaka,77.4878984923,539,,2026-10-09
Paks,Paks,Paksi FC,77.4873979979,540,,2026-10-09
RAAL La Louvière,La Louvière,RAAL La Louvière,77.4801041747,541,,2026-10-09
Deportivo Maipú,Maipú,CD Maipú,77.4741301698,542,,2026-10-09
Rubin Kazan,Rubin,FK Rubin Kazan,77.4550966144,543,,2026-10-09
Ararat-Armenia,Ararat-Armenia,Ararat-Armenia FC,77.4443293911,544,,2026-10-09
Estudiantes Caseros,Est Caseros,CA Estudiantes de Caseros,77.4248093355,545,,2026-10-09
Atlanta,Atlanta,CA Atlanta,77.4237673353,546,,2026-10-09
Vålerenga,Vålerenga,Vålerenga Fotball,77.4054280575,547,,2026-10-09
CSKA 1948 Sofia,CSKA 1948,FK CSKA 1948 Sofia,77.3574952,548,,2026-10-09
Nacional,Nacional,CD Nacional,77.2980988235,549,,2026-10-09
Kairat,Kairat,FK Kairat Almaty,77.2887203152,550,,2026-10-09
Red Star,Red Star,Red Star FC,77.2779523536,551,,2026-10-09
Wanderers,Wanderers,Montevideo Wanderers FC,77.266767517,552,,2026-10-09
Esteghlal,Esteghlal,Esteghlal FC,77.2650562417,553,,2026-10-09
Tenerife,Tenerife,CD Tenerife,77.2536374255,554,,2026-10-09
Jeonbuk Motors,Jeonbuk Motors,Jeonbuk Hyundai Motors FC,77.2496223127,555,,2026-10-09
Cusco,Cusco,Cusco FC,77.2063268231,556,,2026-10-09
Casa Pia,Casa Pia,Casa Pia AC,77.202575282,557,,2026-10-09
Luton Town,Luton,Luton Town FC,77.2018805515,558,,2026-10-09
Zira,Zira,Zira IK,77.1761753841,559,,2026-10-09
Ceramica Cleopatra,Ceramica Cleo,Ceramica Cleopatra FC,77.1719814953,560,,2026-10-09
Bradford City,Bradford,Bradford City AFC,77.1674911442,561,,2026-10-09
Real Valladolid,Valladolid,Real Valladolid CF,77.1605437299,562,,2026-10-09
Lyngby,Lyngby,Lyngby BK,77.1581121302,563,,2026-10-09
San Martín Tucumán,SM Tucumán,CA San Martín de Tucumán,77.1570005409,564,,2026-10-09
Gaziantep,Gaziantep,Gaziantep FK,77.1542910399,565,,2026-10-09
New York RB,New York,New York Red Bulls,77.1364874685,566,,2026-10-09
Toronto,Toronto,Toronto FC,77.1357927191,567,,2026-10-09
Deportivo Pasto,Pasto,AD Pasto,77.1191367265,568,,2026-10-09
Oxford United,Oxford U,Oxford United FC,77.1188588248,569,,2026-10-09
Ñublense,Ñublense,CD Ñublense,77.1052416001,570,,2026-10-09
Eldense,Eldense,CD Eldense,77.0868999109,571,,2026-10-09
Al Wasl,Al Wasl,Al Wasl Club,77.0423906619,572,,2026-10-09
AIK,AIK,AIK Fotboll,77.0323603535,573,,2026-10-09
Hartberg,Hartberg,TSV Hartberg,77.0104747071,574,,2026-10-09
Montpellier,Montpellier,Montpellier HSC,77.0094325285,575,,2026-10-09
Levadiakos,Levadiakos,Levadiakos FC,77.0024846598,576,,2026-10-09
TP Mazembe,Mazembe,Tout Puissant Mazembe,76.9979453586,577,,2026-10-09
Kuwait SC,Kuwait,Kuwait SC,76.9881974953,578,,2026-10-09
Koper,Koper,FC Koper,76.976429974,579,,2026-10-09
Motagua,Motagua,FC Motagua,76.9728707436,580,,2026-10-09
Orense,Orense,Orense SC,76.9701073278,581,,2026-10-09
Albacete,Albacete,Albacete Balompié,76.9670502182,582,,2026-10-09
Novorizontino,Novorizontino,Grêmio Novorizontino,76.950652928,583,,2026-10-09
Marathón,Marathón,CD Marathón,76.9506371564,584,,2026-10-09
Fortaleza,Fortaleza,Fortaleza FC,76.9409256692,585,,2026-10-09
Vojvodina,Vojvodina,FK Vojvodina Novi Sad,76.9215405152,586,,2026-10-09
Pardubice,Pardubice,FK Pardubice,76.9076442515,587,,2026-10-09
Atlanta United,Atlanta United,Atlanta United FC,76.900955961,588,,2026-10-09
Västerås,Västerås,Västerås SK Fotboll,76.8801988954,589,,2026-10-09
San Martín San Juan,San Martín SJ,CA San Martín de San Juan,76.8638010145,590,,2026-10-09
Fagiano Okayama,Fagiano,Fagiano Okayama,76.8556857592,591,,2026-10-09
Energie Cottbus,Cottbus,FC Energie Cottbus,76.8527532267,592,,2026-10-09
Delfín,Delfín,Delfín SC,76.8373974124,593,,2026-10-09
Ried,Ried,SV Ried,76.8360772247,594,,2026-10-09
Persepolis,Persepolis,Persepolis FC,76.821441654,595,,2026-10-09
Újpest,Újpest,Újpest FC,76.8082836313,596,,2026-10-09
Al Seeb,Seeb,Al Seeb Club,76.8068499689,597,,2026-10-09
Vasas,Vasas,Budapesti Vasas SC,76.7877856507,598,,2026-10-09
Fortuna Sittard,Fortuna,Fortuna Sittard,76.7839639739,599,,2026-10-09
Al Sadd,Sadd,Al Sadd SC,76.782530297,600,,2026-10-09
Gençlerbirliği,Gençlerbirliği,Gençlerbirliği SK,76.7818794204,601,,2026-10-09
Leganés,Leganés,CD Leganés,76.7811845689,602,,2026-10-09
Estudiantes Río Cuarto,Estudiantes RC,AA Estudiantes de Río Cuarto,76.7675654377,603,,2026-10-09
Erzurumspor,Erzurumspor,Erzurumspor FK,76.7669400676,604,,2026-10-09
Hellas Verona,Verona,Hellas Verona FC,76.7485263189,605,,2026-10-09
Sparta Rotterdam,Sparta,Sparta Rotterdam,76.7325444606,606,,2026-10-09
Rostov,Rostov,FK Rostov,76.7318495948,607,,2026-10-09
Egnatia Rrogozhinë,Egnatia,KS Egnatia Rrogozhinë,76.7245534916,608,,2026-10-09
Midland,Midland,CA Ferrocarril Midland,76.7213570965,609,,2026-10-09
Daejeon Hana Citizen,Daejeon,Daejeon Hana Citizen FC,76.6809296287,610,,2026-10-09
Lokomotiva Zagreb,Lokomotiva,NK Lokomotiva Zagreb,76.6720903833,611,,2026-10-09
Maribor,Maribor,NK Maribor,76.6668787537,612,,2026-10-09
Nacional Potosí,Nacional,CA Nacional Potosí,76.6289377496,613,,2026-10-09
Colegiales,Colegiales,CA Colegiales,76.6199040889,614,,2026-10-09
Grazer AK,GAK,Grazer AK 1902,76.6154567357,615,,2026-10-09
Arminia Bielefeld,Bielefeld,DSC Arminia Bielefeld,76.6119822353,616,,2026-10-09
Alianza,Alianza,Alianza FC,76.6025315688,617,,2026-10-09
Istra 1961,Istra,NK Istra 1961,76.5848809597,618,,2026-10-09
HamKam,HamKam,Hamarkameratene Fotball,76.5629912444,619,,2026-10-09
Sønderjyske,Sønderjyske,Sønderjyske Fodbold,76.5563895451,620,,2026-10-09
DC United,DC United,DC United,76.5458782221,621,,2026-10-09
Holstein Kiel,Holstein,Kieler SV Holstein 1900,76.5424911712,622,,2026-10-09
Al Ahli Tripoli,Ahli Tripoli,Al Ahli Tripoli,76.5164083228,623,,2026-10-09
Gamba Osaka,Gamba,Gamba Osaka,76.5106778378,624,,2026-10-09
Huachipato,Huachipato,CD Huachipato,76.5045482006,625,,2026-10-09
Kabylie,Kabylie,JS Kabylie,76.5032023654,626,,2026-10-09
Juárez,Juárez,FC Juárez,76.4954960129,627,,2026-10-09
Sepahan,Sepahan,Foolad Mobarakeh Sepahan SC,76.4715642312,628,,2026-10-09
Colón,Colón,CA Colón,76.462504464,629,,2026-10-09
Cúcuta Deportivo,Cúcuta,Cúcuta Deportivo FC,76.4600721591,630,,2026-10-09
Telstar,Telstar,Telstar 1963,76.435470994,631,,2026-10-09
Aalesund,Aalesund,Aalesunds FK,76.4264366044,632,,2026-10-09
Leicester City,Leicester,Leicester City FC,76.4260891272,633,,2026-10-09
Real Sociedad II,Sociedad II,Real Sociedad de Fútbol,76.3951634541,634,,2026-10-09
Catanzaro,Catanzaro,US Catanzaro 1929,76.3948159724,635,,2026-10-09
Cremonese,Cremonese,US Cremonese,76.3854339462,636,,2026-10-09
Mantova,Mantova,Mantova 1911,76.3565926726,637,,2026-10-09
Necaxa,Necaxa,Club Necaxa,76.3394781757,638,,2026-10-09
Akhmat Grozny,Akhmat,FK Akhmat Grozny,76.3381757738,639,,2026-10-09
Celta de Vigo II,Celta Vigo II,Real Club Celta Fortuna,76.3093339303,640,,2026-10-09
Darmstadt 98,Darmstadt,SV Darmstadt 1898,76.2975190988,641,,2026-10-09
Deportes Antofagasta,Antofagasta,CD Antofagasta,76.2856347094,642,,2026-10-09
Kyoto Sanga,Kyoto,Kyoto Sanga FC,76.2823824768,643,,2026-10-09
Osnabrück,Osnabrück,VfL Osnabrück,76.238444065,644,,2026-10-09
Al Shorta,Shorta,Al Shorta,76.2363173366,645,,2026-10-09
Boyacá Chicó,Boyacá Chicó,Boyacá Chicó FC,76.2362895362,646,,2026-10-09
Sport Huancayo,Huancayo,Club Sport Huancayo,76.2189142325,647,,2026-10-09
RFS,RFS,FC RFS,76.1991757341,648,,2026-10-09
Krylya Sovetov,Krylya,PFK Krylya Sovetov Samara,76.1977856929,649,,2026-10-09
Metz,Metz,FC Metz,76.1974381825,650,,2026-10-09
Pisa,Pisa,Pisa Sporting Club,76.1765874635,651,,2026-10-09
MSV Duisburg,Duisburg,MSV Duisburg,76.1689421543,652,,2026-10-09
Annecy,Annecy,FC Annecy,76.1668570657,653,,2026-10-09
Reading,Reading,Reading FC,76.1578216607,654,,2026-10-09
Sheffield Wednesday,Sheff Wed,Sheffield Wednesday FC,76.1574741445,655,,2026-10-09
Deportivo La Guaira,La Guaira,Deportivo La Guaira FC,76.1306457365,656,,2026-10-09
Wycombe Wanderers,Wycombe,Wycombe Wanderers FC,76.1074312745,657,,2026-10-09
Dender,Dender,FCV Dender EH,76.0744163061,658,,2026-10-09
Ceuta,Ceuta,AD Ceuta FC,76.0521743852,659,,2026-10-09
Montréal,Montréal,Club de Foot Montréal,76.0416608447,660,,2026-10-09
Ordabasy,Ordabasy,FK Ordabasy Shymkent,76.037230478,661,,2026-10-09
Dinamo Minsk,Dinamo Minsk,FK Dinamo Minsk,76.0361878763,662,,2026-10-09
Nantes,Nantes,FC Nantes,76.0327125341,663,,2026-10-09
Baník Ostrava,Ostrava,FC Baník Ostrava,76.0257618344,664,,2026-10-09
Cobreloa,Cobreloa,CD Cobreloa,76.0215218976,665,,2026-10-09
Debrecen,Debrecen,Debreceni VSC,75.967375156,666,,2026-10-09
Stevenage,Stevenage,Stevenage FC,75.9670276119,667,,2026-10-09
Atromitos,Atromitos,PAE APS Atromitos Athens,75.9638997133,668,,2026-10-09
Dynamo Dresden,Dresden,SG Dynamo Dresden,75.9625095348,669,,2026-10-09
Mjällby,Mjällby,Mjällby AIF,75.9614669004,670,,2026-10-09
Pyunik,Pyunik,Pyunik FC,75.959034085,671,,2026-10-09
Dinamo Makhachkala,Dinamo Makh.,FK Dinamo Makhachkala,75.9468699706,672,,2026-10-09
Club Africain,Club Africain,Club Africain,75.946496953,673,,2026-10-09
CFR Cluj,CFR,SCS CFR 1907 Cluj,75.9326205005,674,,2026-10-09
Start,Start,IK Start,75.9249744081,675,,2026-10-09
Rodez,Rodez,Rodez Aveyron Football,75.9096821496,676,,2026-10-09
Ponferradina,Ponferradina,SD Ponferradina,75.9096821496,677,,2026-10-09
Al Masry,Masry,Al Masry SC,75.8839376581,678,,2026-10-09
Al Jazira,Al Jazira,Al Jazira Club,75.8832240254,679,,2026-10-09
Real Potosí,Real Potosí,Club Real Potosí,75.8783327121,680,,2026-10-09
Turan,Turan,Turan-T IK,75.8679754899,681,,2026-10-09
La Serena,La Serena,CD La Serena,75.8644303901,682,,2026-10-09
Atlético Madrileño,Atlético,Atlético Madrileño,75.8307864342,683,,2026-10-09
WSG Tirol,Tirol,WSG Tirol,75.8224448838,684,,2026-10-09
Partizan,Partizan,FK Partizan Beograd,75.8144508705,685,,2026-10-09
Hibernian,Hibernian,Hibernian FC,75.8099325033,686,,2026-10-09
Santos Laguna,Santos Laguna,Club Santos Laguna,75.7771733981,687,,2026-10-09
Chaco For Ever,Chaco,CA Chaco For Ever,75.7733681688,688,,2026-10-09
Nyíregyháza Spartacus,Nyíregyháza,Nyíregyháza Spartacus FC,75.7637056364,689,,2026-10-09
NEOM,NEOM,NEOM SC,75.7292515851,690,,2026-10-09
Motherwell,Motherwell,Motherwell FC,75.7261673675,691,,2026-10-09
Beerschot,Beerschot,Koninklijke Beerschot VA,75.7094835017,692,,2026-10-09
Kaizer Chiefs,Chiefs,Kaizer Chiefs FC,75.7035491313,693,,2026-10-09
Juve Stabia,Juve Stabia,SS Juve Stabia,75.6785485231,694,,2026-10-09
Aurora,Aurora,Club Deportivo Aurora,75.6683989815,695,,2026-10-09
Almirante Brown,Almirante,Club Almirante Brown,75.654843019,696,,2026-10-09
Haugesund,Haugesund,FK Haugesund,75.6490035035,697,,2026-10-09
Real Zaragoza,Zaragoza,Real Zaragoza,75.6476131406,698,,2026-10-09
UCV,UCV,Universidad Central de Venezuela FC,75.6444153027,699,,2026-10-09
Wolfsberger AC,WAC,Wolfsberger AC,75.6257148166,700,,2026-10-09
Torreense,Torreense,SC União Torreense,75.6205009,701,,2026-10-09
AEL,AEL,AEL Limassol,75.6111158213,702,,2026-10-09
Kristiansund,Kristiansund,Kristiansund BK,75.5982547272,703,,2026-10-09
Mansfield Town,Mansfield,Mansfield Town FC,75.5965167361,704,,2026-10-09
USM Alger,USM Alger,USM Alger,75.5839776883,705,,2026-10-09
Kongsvinger,Kongsvinger,Kongsvinger IL,75.5794843562,706,,2026-10-09
Astana,Astana,FK Astana,75.5634946634,707,,2026-10-09
Quilmes,Quilmes,Quilmes AC,75.5481305524,708,,2026-10-09
Herediano,Herediano,CS Herediano,75.5446364296,709,,2026-10-09
Manta,Manta,Manta FC,75.516498245,710,,2026-10-09
HNK Gorica,Gorica,HNK Gorica,75.5141344951,711,,2026-10-09
Técnico Universitario,Técnico Univ,CD Técnico Universitario,75.4834750548,712,,2026-10-09
Agropecuario,Agropecuario,Club Agropecuario Argentino,75.4664418605,713,,2026-10-09
União de Leiria,União Leiria,UD Leiria,75.4647732961,714,,2026-10-09
Kifisia,Kifisia,Kifisias FC,75.4647732961,715,,2026-10-09
Austria Lustenau,A Lustenau,SC Austria Lustenau,75.4640780605,716,,2026-10-09
Shkendija,Shkendija,KF Shkendija,75.4619923528,717,,2026-10-09
Pakhtakor,Pakhtakor,FK Pakhtakor Tashkent,75.460905499,718,,2026-10-09
Rubio Ñú,Rubio Ñú,Club Rubio Ñú,75.4574037891,719,,2026-10-09
Greuther Fürth,Greuther Fürth,SpVgg Greuther Fürth,75.4553875993,720,,2026-10-09
Cerro Largo,Cerro Largo,Cerro Largo FC,75.4518418819,721,,2026-10-09
Bravo,Bravo,NK Bravo,75.4456542447,722,,2026-10-09
Südtirol,Südtirol,FC Südtirol,75.4442637622,723,,2026-10-09
Nagoya Grampus,Nagoya,Nagoya Grampus,75.4037450901,724,,2026-10-09
UD Logroñés,UD Logroñés,UD Logroñés,75.3973344975,725,,2026-10-09
PEC Zwolle,PEC,PEC Zwolle,75.3928153339,726,,2026-10-09
Vaduz,Vaduz,FC Vaduz,75.3921200772,727,,2026-10-09
Ciudad de Bolívar,Ciudad Bolívar,Club Ciudad de Bolívar,75.3892695225,728,,2026-10-09
MTK,MTK,MTK Budapest,75.366743067,729,,2026-10-09
MC Oran,MC Oran,MC Oran,75.3635888988,730,,2026-10-09
Karlsruher SC,KSC,Karlsruher SC,75.3566617132,731,,2026-10-09
Mazatlán,Mazatlán,Mazatlán FC,75.3534454144,732,,2026-10-09
Zalaegerszeg,ZTE,Zalaegerszegi TE,75.3528377402,733,,2026-10-09
Anorthosis,Anorthosis,Anorthosis Famagusta FC,75.3354559663,734,,2026-10-09
Orenburg,Orenburg,FK Orenburg,75.3330225078,735,,2026-10-09
Atlético Huila,Huila,CD Atlético Huila,75.3225238435,736,,2026-10-09
Municipal Liberia,Liberia,AD Municipal Liberia,75.3120765929,737,,2026-10-09
Puebla,Puebla,Club Puebla,75.3099907507,738,,2026-10-09
Saoura,Saoura,JS Saoura,75.3051858969,739,,2026-10-09
Cádiz,Cádiz,Cádiz CF,75.3038208091,740,,2026-10-09
Defensores de Belgrano,Defensores,CA Defensores de Belgrano,75.2811544792,741,,2026-10-09
Strømsgodset,Strømsgodset,Strømsgodset IF,75.2787904936,742,,2026-10-09
Boston River,Boston River,CA Boston River,75.27281099,743,,2026-10-09
National Bank of Egypt,National Bank,National Bank of Egypt SC,75.2686832858,744,,2026-10-09
Košice,Košice,FC Košice,75.2506310709,745,,2026-10-09
Gangwon,Gangwon,Gangwon FC,75.2462649396,746,,2026-10-09
Podbrezová,Podbrezová,FK Železiarne Podbrezová,75.2412445218,747,,2026-10-09
Unión La Calera,La Calera,CD Unión La Calera,75.2411749916,748,,2026-10-09
Sport Boys,Boys,Sport Boys Association,75.2220541272,749,,2026-10-09
Karpaty Lviv,Karpaty Lviv,FC Karpaty Lviv,75.2210806972,750,,2026-10-09
Alcorcón,Alcorcón,AD Alcorcón,75.2012643565,751,,2026-10-09
Arkadag,Arkadag,FK Arkadag,75.195660126,752,,2026-10-09
Real Madrid II,Real Madrid II,Real Madrid Castilla CF,75.193268242,753,,2026-10-09
Oriente Petrolero,O. Petrolero,CD Oriente Petrolero,75.1925033948,754,,2026-10-09
Portuguesa,Portuguesa,Portuguesa FC,75.186245545,755,,2026-10-09
Lugo,Lugo,CD Lugo,75.1852721002,756,,2026-10-09
Zamora,Zamora,Zamora CF,75.1779712515,757,,2026-10-09
Defensor Sporting,Defensor,Defensor Sporting Club,75.1730344742,758,,2026-10-09
Ulsan HD,Ulsan,Ulsan HD FC,75.1711713596,759,,2026-10-09
Zürich,Zürich,FC Zürich,75.1619788368,760,,2026-10-09
Wydad Casablanca,Wydad AC,Wydad Athletic Club,75.15951972,761,,2026-10-09
Eyüpspor,Eyüp,Eyüp Spor Kulübü,75.1501582866,762,,2026-10-09
ML Vitebsk,ML Vitebsk,FK Maxline Vitebsk,75.1421619983,763,,2026-10-09
Sporting San José,SP. San José,Sporting San José FC,75.1420743964,764,,2026-10-09
FCSB,FCSB,SC Fotbal Club FCSB SA,75.1213019878,765,,2026-10-09
Jeju FC,Jeju,Jeju SK FC,75.1138065932,766,,2026-10-09
San Luis,San Luis,CD San Luis de Quillota,75.1121930585,767,,2026-10-09
Jaguares de Córdoba,Jaguares,Jaguares de Córdoba FC,75.0871607045,768,,2026-10-09
Penafiel,Penafiel,FC Penafiel,75.0660220645,769,,2026-10-09
Virtus Entella,Virtus Entella,Virtus Entella,75.0604592329,770,,2026-10-09
Brommapojkarna,Brommapojkarna,IF Brommapojkarna,75.0462044167,771,,2026-10-09
Xelajú,Xelajú,CSD Xelajú Mario Camposeco,75.0433353735,772,,2026-10-09
Fortaleza,Fortaleza,Fortaleza EC,75.0409196824,773,,2026-10-09
Dinamo City,Dinamo,FC Dinamo City,75.0402938578,774,,2026-10-09
SCR Altach,Altach,SCR Altach,75.0399461774,775,,2026-10-09
Farense,Farense,SC Farense,75.027777331,776,,2026-10-09
Juventude,Juventude,EC Juventude,74.9807702231,777,,2026-10-09
Malisheva,Malisheva,KF Malisheva,74.9728451816,778,,2026-10-09
Patronato,Patronato,CA Patronato de la Juventud Católica,74.9369609757,779,,2026-10-09
Wadi Degla,Wadi Degla,Wadi Degla SC,74.9359619461,780,,2026-10-09
Slaven Koprivnica,Slaven,NK Slaven Belupo Koprivnica,74.9248611346,781,,2026-10-09
Kharkiv,Kharkiv,FK Kharkiv,74.9133870896,782,,2026-10-09
Ascoli,Ascoli,Ascoli Calcio 1898 FC,74.8817462501,783,,2026-10-09
Al Rayyan,Rayyan,Al Rayyan SC,74.8681417492,784,,2026-10-09
Vizela,Vizela,FC Vizela,74.8636655786,785,,2026-10-09
Mirandés,Mirandés,CD Mirandés,74.8601885103,786,,2026-10-09
Antequera,Antequera,Antequera CF,74.8518435255,787,,2026-10-09
Buriram United,Buriram Utd,Buriram United FC,74.8460858164,788,,2026-10-09
Sporting KC,Sporting KC,Sporting Kansas City,74.8267207789,789,,2026-10-09
Atlético Rafaela,Rafaela,AMSyD Atlético de Rafaela,74.8229140145,790,,2026-10-09
Guabirá,Guabirá,CDSC Guabirá,74.8062237494,791,,2026-10-09
CS Constantine,CS Constantine,CS Constantine,74.8024429404,792,,2026-10-09
Los Andes,Los Andes,CA Los Andes,74.7978785722,793,,2026-10-09
Mito Hollyhock,Mito,Mito Hollyhock,74.7828018909,794,,2026-10-09
Pontevedra,Pontevedra,Pontevedra CF,74.7823008284,795,,2026-10-09
Recoleta,Recoleta,Recoleta FC,74.7777109377,796,,2026-10-09
UTA Arad,Arad,AFC UTA Arad,74.7676965994,797,,2026-10-09
Eintracht Braunschweig,BTSV,Braunschweiger TSV Eintracht 1895,74.7631762243,798,,2026-10-09
ZED,ZED,ZED FC,74.7426350825,799,,2026-10-09
Lausanne-Sport,Lausanne,FC Lausanne-Sport,74.7290992694,800,,2026-10-09
Olimpija,Olimpija,NK Olimpija Ljubljana,74.7284038161,801,,2026-10-09
Ittihad Tanger,IR Tanger,Ittihad Riadhi de Tanger,74.7221192439,802,,2026-10-09
Real Murcia,Murcia,Real Murcia CF,74.7148424367,803,,2026-10-09
Sportivo Luqueño,Luqueño,Club Sportivo Luqueño,74.7106001429,804,,2026-10-09
HJK,HJK,Helsingin Jalkapalloklubi,74.7064969333,805,,2026-10-09
Neftchi,Neftchi,FK Neftchi Farg'ona,74.7040188092,806,,2026-10-09
Artis Brno,Artis,SK Artis Brno,74.7030196315,807,,2026-10-09
Djoliba,Djoliba,Djoliba AC Bamako,74.6949986209,808,,2026-10-09
Al Faisaly,Faisaly,Al Faisaly SC,74.6939346088,809,,2026-10-09
Shimizu S-Pulse,Shimizu,Shimizu S-Pulse,74.6871773264,810,,2026-10-09
Hansa Rostock,Rostock,FC Hansa Rostock,74.6870239762,811,,2026-10-09
Erbil,Erbil,Erbil SC,74.6852435835,812,,2026-10-09
Real Cundinamarca,Cundinamarca,Real Cundinamarca,74.6789565607,813,,2026-10-09
Cesena,Cesena,Cesena FC,74.6738100914,814,,2026-10-09
KuPS,KuPS,Kuopion Palloseura,74.6529459106,815,,2026-10-09
Al Hilal Omdurman,Hilal Omdurman,Al-Hilal SC (Omdurman),74.6324037995,816,,2026-10-09
Cerro,Cerro,CA Cerro,74.6295778067,817,,2026-10-09
Empoli,Empoli,Empoli FC,74.6247789707,818,,2026-10-09
Diriangén,Diriangén,Diriangén FC,74.623128797,819,,2026-10-09
Kauno Žalgiris,Kauno Žalgiris,FK Kauno Žalgiris,74.605305332,820,,2026-10-09
Air Force,Air Force,Air Force SC,74.5983086921,821,,2026-10-09
Maccabi Netanya,M Netanya,Maccabi Netanya FC,74.5920909846,822,,2026-10-09
Benevento,Benevento,Benevento Calcio,74.5868747742,823,,2026-10-09
Sampdoria,Sampdoria,UC Sampdoria,74.5747035713,824,,2026-10-09
Cobresal,Cobresal,CD Cobresal,74.5735907725,825,,2026-10-09
Danubio,Danubio,Danubio FC,74.5732430227,826,,2026-10-09
Công An Hà Nội,CAHN,Công An Hà Nội FC,74.5644244194,827,,2026-10-09
Doncaster Rovers,Doncaster,Doncaster Rovers FC,74.5392328462,828,,2026-10-09
LNZ Cherkasy,LNZ Cherkasy,LNZ Cherkasy FC,74.5242793396,829,,2026-10-09
Santiago Wanderers,Wanderers,CD Santiago Wanderers,74.5102994629,830,,2026-10-09
Grasshoppers,GC Zürich,Grasshopper Club Zürich,74.5089779777,831,,2026-10-09
Asteras Tripolis,Asteras,Asteras Tripolis Aktor FC,74.5048048616,832,,2026-10-09
Central Español,Central Esp.,Central Español FC,74.4915203921,833,,2026-10-09
Avellino,Avellino,US Avellino 1912,74.4828958792,834,,2026-10-09
Arda Kardzhali,Arda,FK Arda 1924 Kardzhali,74.4644643534,835,,2026-10-09
Leixões,Leixões,Leixões SC,74.4589000905,836,,2026-10-09
Independiente Juniors,Ind. Juniors,CD Independiente Juniors,74.4560484006,837,,2026-10-09
Tondela,Tondela,CD Tondela,74.4526402789,838,,2026-10-09
Gimcheon Sangmu,Gimcheon,Gimcheon Sangmu FC,74.4461860477,839,,2026-10-09
Ibiza,Ibiza,UD Ibiza,74.4310785767,840,,2026-10-09
Guingamp,Guingamp,En Avant Guingamp,74.4303830346,841,,2026-10-09
Incheon United,Incheon Utd,Incheon United FC,74.4190599276,842,,2026-10-09
Cartagena,Cartagena,FC Cartagena,74.4039522804,843,,2026-10-09
Atlético Grau,Grau,Club Atlético Grau,74.389623904,844,,2026-10-09
Dunkerque,Dunkerque,US du Littoral de Dunkerque,74.3834334616,845,,2026-10-09
Nueva Chicago,Nueva Chicago,CA Nueva Chicago,74.3823205713,846,,2026-10-09
Vinotinto de Ecuador,Vinotinto,Vinotinto de Ecuador FC,74.3757127744,847,,2026-10-09
ADO Den Haag,ADO,ADO Den Haag,74.3684789542,848,,2026-10-09
Al Mokawloon,Mokawloon,Al Mokawloon Al Arab,74.3677579057,849,,2026-10-09
San Telmo,San Telmo,CA San Telmo,74.3600626542,850,,2026-10-09
Panaitolikos,Panaitolikos,Panaitolikos GFS Agrinio,74.3503943051,851,,2026-10-09
Avispa Fukuoka,Avispa,Avispa Fukuoka,74.3495043281,852,,2026-10-09
FUS Rabat,FUS Rabat,Fath Union Sport de Rabat,74.3479343345,853,,2026-10-09
FAS,FAS,CD FAS,74.345961667,854,,2026-10-09
Cambuur,Cambuur,SC Cambuur Leeuwarden,74.3382218659,855,,2026-10-09
Vardar Skopje,Vardar,FK Vardar Skopje,74.3364829408,856,,2026-10-09
V-Varen Nagasaki,V-Varen,V-Varen Nagasaki,74.329332815,857,,2026-10-09
Al Ittihad Ahli Aleppo,Al Ittihad,Al Ittihad Al Ahli Aleppo SC,74.3233992285,858,,2026-10-09
Persib Bandung,Persib,Persatuan Sepakbola Indonesia Bandung,74.3098567051,859,,2026-10-09
Rot-Weiss Essen,RW Essen,Rot-Weiss Essen,74.3006607945,860,,2026-10-09
Deportivo Pereira,Pereira,Deportivo Pereira FC,74.2901574973,861,,2026-10-09
Stade Malien Bamako,SM Bamako,Stade Malien de Bamako,74.2835957963,862,,2026-10-09
Al Duhail,Al Duhail,Al Duhail SC,74.2814882163,863,,2026-10-09
All Boys,All Boys,CA All Boys,74.2605949821,864,,2026-10-09
Alemannia Aachen,Alemannia,TSV Alemannia Aachen,74.2491872285,865,,2026-10-09
Azam,Azam,Azam FC,74.245859942,866,,2026-10-09
Honvéd,Honvéd,Kispest-Honvéd FC,74.2411878557,867,,2026-10-09
Rudeš,Rudeš,NK Rudeš Zagreb,74.2377098589,868,,2026-10-09
Sarajevo,Sarajevo,FK Sarajevo,74.2290148441,869,,2026-10-09
ENPPI,ENPPI,ENPPI Club,74.2244679343,870,,2026-10-09
Juan Pablo II College,Juan Pablo,ADC Juan Pablo II College,74.2139897817,871,,2026-10-09
Auckland,Auckland,Auckland FC,74.2128215095,872,,2026-10-09
Power Dynamos,Dynamos,Power Dynamos FC,74.2002978608,873,,2026-10-09
Iraklis 1908,Iraklis 1908,Iraklis 1908 FC,74.1782353068,874,,2026-10-09
Estudiantes de Mérida,Estudiantes,Estudiantes de Mérida FC,74.1670358345,875,,2026-10-09
Atlético FC,Atlético,Atlético FC,74.1635577265,876,,2026-10-09
Pau,Pau,Pau FC,74.1486713654,877,,2026-10-09
Grenoble,Grenoble,Grenoble Foot 38,74.1486713654,878,,2026-10-09
Pohang Steelers,Pohang,FC Pohang Steelers,74.1436075461,879,,2026-10-09
Antigua,Antigua,Antigua GFC,74.1430187066,880,,2026-10-09
Almagro,Almagro,Club Almagro,74.1395586392,881,,2026-10-09
CS Sfaxien,Sfax,CS Sfaxien,74.1385592677,882,,2026-10-09
Kalmar,Kalmar,Kalmar FF,74.1326718986,883,,2026-10-09
Ben Aknoun,Ben Aknoun,ES Ben Aknoun,74.1288204326,884,,2026-10-09
Lusitânia Lourosa,Lourosa,FC Lusitânia de Lourosa,74.1267590243,885,,2026-10-09
Kisvárda,Kisvárda,Kisvárda Master Good FC,74.1204983174,886,,2026-10-09
Plaza Amador,Plaza Amador,CD Plaza Amador,74.1172803171,887,,2026-10-09
Cambridge United,Cambridge U,Cambridge United FC,74.1149332303,888,,2026-10-09
San Martín Formosa,SM Formosa,CS General San Martín de Formosa,74.0905162529,889,,2026-10-09
Foolad,Foolad,Foolad Khuzestan FC,74.0881070369,890,,2026-10-09
Petrojet,Petrojet,Petrojet SC,74.0870821038,891,,2026-10-09
Al Ettifaq,Ettifaq,Al Ettifaq Club,74.0863679243,892,,2026-10-09
Chacarita Juniors,Chacarita,CA Chacarita Juniors,74.0814728626,893,,2026-10-09
Nancy,Nancy,AS Nancy-Lorraine,74.0811946039,894,,2026-10-09
CRB,CRB,Clube de Regatas Brasil,74.0769511542,895,,2026-10-09
San Marcos,San Marcos,CD San Marcos de Arica,74.0738207355,896,,2026-10-09
ES Sétif,ES Sétif,ES Sétif,74.0648213542,897,,2026-10-09
Vicenza,Vicenza,LR Vicenza Virtus,74.0641511933,898,,2026-10-09
Envigado,Envigado,Envigado FC,74.0452989481,899,,2026-10-09
Olimpo,Olimpo,Club Olimpo de Bahía Blanca,74.0428641451,900,,2026-10-09
Huesca,Huesca,SD Huesca,74.0380640974,901,,2026-10-09
UTS Rabat,UTS,Union Touarga Sportif,74.0369951162,902,,2026-10-09
Athletic Club II,Athletic II,Bilbao Athletic,74.0338901348,903,,2026-10-09
Hapoel Haifa,H Haifa,Hapoel Haifa FC,73.9963241321,904,,2026-10-09
Dijon,Dijon,Dijon FCO,73.9886717235,905,,2026-10-09
Firpo,Firpo,CD Luis Ángel Firpo,73.9755424274,906,,2026-10-09
Železničar Pančevo,Železničar,FK Železničar Pančevo,73.9650186638,907,,2026-10-09
Slovácko,Slovácko,1. FC Slovácko,73.9344084625,908,,2026-10-09
Atlético Goianiense,Atlético GO,Atlético Goianiense,73.9322518194,909,,2026-10-09
Al-Karma,Karma,Al-Karma SC,73.9294968789,910,,2026-10-09
Scottland Mabvuku,Scottland,Scottland FC Mabvuku,73.9263847962,911,,2026-10-09
Mitre Santiago d. Estero,Mitre SdE,CA Mitre de Santiago del Estero,73.9256427393,912,,2026-10-09
Nea Salamis,Nea Salamis,Nea Salamis Famagusta,73.9152768808,913,,2026-10-09
Deportivo Alavés II,Alavés II,Deportivo Alavés II,73.9149290324,914,,2026-10-09
Modern,Modern,Modern SC,73.8912497249,915,,2026-10-09
Drita,Drita,KF Drita,73.8836247478,916,,2026-10-09
Olancho,Olancho,Olancho FC,73.8727536254,917,,2026-10-09
Olympiakos Nicosia,Olympiakos,Olympiakos Nicosia FC,73.862751178,918,,2026-10-09
Unión Magdalena,Magdalena,AD Unión Magdalena,73.8605944679,919,,2026-10-09
Benfica II,Benfica II,SL Benfica II,73.8554461842,920,,2026-10-09
Al Wahda,Al Wahda,Al Wahda FC,73.8508800041,921,,2026-10-09
Albion,Albion,Albion FC,73.8452887259,922,,2026-10-09
Racing Córdoba,Racing Córdoba,CA Racing de Córdoba,73.8438972898,923,,2026-10-09
Hércules,Hércules,Hércules CF,73.8352703671,924,,2026-10-09
Padova,Calcio Padova,Calcio Padova Spa,73.8335310643,925,,2026-10-09
CF Os Belenenses,Belenenses,CF Os Belenenses,73.7949182035,926,,2026-10-09
SS Reyes,Sanse,UD San Sebastián de los Reyes,73.786221524,927,,2026-10-09
St Patrick's Athletic,St Pat's,St Patrick's Athletic FC,73.7789162879,928,,2026-10-09
Deportes Iquique,Iquique,CD Iquique,73.7746722829,929,,2026-10-09
Cultural Leonesa,Cultural,Cultural y Deportiva Leonesa,73.7670887137,930,,2026-10-09
Barakaldo,Barakaldo,Barakaldo CF,73.7462163758,931,,2026-10-09
Caracas,Caracas,Caracas FC,73.7398850626,932,,2026-10-09
Blooming,Blooming,CSCyD Blooming,73.7297966705,933,,2026-10-09
Olympique Akbou,Akbou,Olympique Akbou,73.7197523149,934,,2026-10-09
Paradise,Paradise,Paradise FC International,73.7156918436,935,,2026-10-09
Kawkab Marrakech,Kawkab,Kawkab Athlétique Club de Marrakech,73.7145341409,936,,2026-10-09
Central Norte,Central Norte,CA Central Norte,73.7040536765,937,,2026-10-09
Isloch,Isloch,FK Isloch Minsk Region,73.6874249409,938,,2026-10-09
Magallanes,Magallanes,CD Magallanes,73.6849201837,939,,2026-10-09
Cuiabá,Cuiabá,Cuiabá EC,73.6817892334,940,,2026-10-09
Akron,Akron,FK Akron Tolyatti,73.6790757397,941,,2026-10-09
Muharraq,Muharraq,Muharraq Club,73.6738134406,942,,2026-10-09
Al Taawoun,Taawoun,Al Taawoun FC,73.6651163039,943,,2026-10-09
Al Zawra'a,Zawra'a,Al Zawra'a SC,73.6619876134,944,,2026-10-09
Rouen,Rouen,FC Rouen 1899,73.6505490736,945,,2026-10-09
Al Ansar,Ansar,Al Ansar FC,73.6317212802,946,,2026-10-09
Guastatoya,Guastatoya,Deportivo Guastatoya,73.6316753684,947,,2026-10-09
Radnički 1923,Radnički 1923,FK Radnički 1923,73.5994089209,948,,2026-10-09
Robinhood,Robinhood,SV Robinhood,73.5983078022,949,,2026-10-09
Farul Constanţa,Farul,FCV Farul Constanţa,73.5854930363,950,,2026-10-09
Blackpool,Blackpool,Blackpool FC,73.5834056463,951,,2026-10-09
Degerfors,Degerfors,Degerfors IF,73.5788829615,952,,2026-10-09
Sochaux,Sochaux,FC Sochaux Montbéliard,73.5587047211,953,,2026-10-09
Al Khaldiya,Khaldiya,Al Khaldiya SC,73.5586606859,954,,2026-10-09
Corvinul Hunedoara,Hunedoara,SC Corvinul 1921 Hunedoara,73.5545298906,955,,2026-10-09
FCI Levadia,Levadia,Tallinna FCI Levadia,73.5385263035,956,,2026-10-09
Viktoria Köln,Viktoria Köln,FC Viktoria Köln 1904,73.5367867764,957,,2026-10-09
Fortuna Düsseldorf,Düsseldorf,Düsseldorfer TuS Fortuna 1895,73.5239142352,958,,2026-10-09
Dundee United,Dundee Utd,Dundee United FC,73.5211309736,959,,2026-10-09
Criciúma,Criciúma,Criciúma EC,73.5120157681,960,,2026-10-09
Los Chankas,Los Chankas,CD Los Chankas CYC,73.5008826436,961,,2026-10-09
Moghreb Tétouan,Tétouan,Moghreb Athlétic de Tétouan,73.4779644893,962,,2026-10-09
AF Elbasani,AF Elbasani,AF Elbasani,73.4769462432,963,,2026-10-09
1º de Agosto,1º de Agosto,CD Primeiro de Agosto,73.4758792885,964,,2026-10-09
Kalamata,Kalamata,PS PAE Kalamata,73.4741629246,965,,2026-10-09
Khenchela,Khenchela,USM Khenchela,73.4407373404,966,,2026-10-09
Asswehly,Asswehly,Asswehly SC,73.4393479465,967,,2026-10-09
Felgueiras 1932,Felgueiras,FC Felgueiras 1932,73.434500268,968,,2026-10-09
Melbourne City,Melbourne City,Melbourne City FC,73.433957859,969,,2026-10-09
Shamrock Rovers,Shamrock,Shamrock Rovers FC,73.4157124544,970,,2026-10-09
Deportes Copiapó,Copiapó,CD Copiapó,73.4128594766,971,,2026-10-09
Notts County,Notts,Notts County FC,73.4094498157,972,,2026-10-09
Vipers,Vipers,Vipers SC,73.4090786796,973,,2026-10-09
Tokyo Verdy,Tokyo Verdy,Tokyo Verdy,73.4040364465,974,,2026-10-09
Comerciantes Unidos,Comerciantes,CD Comerciantes Unidos,73.3982466081,975,,2026-10-09
Deportes Quindío,Quindío,Corporación Deportes Quindío,73.3878087879,976,,2026-10-09
Al Ittihad,Ittihad,Al Ittihad Al Iskandary,73.3875049469,977,,2026-10-09
Norrköping,Norrköping,IFK Norrköping,73.3788322245,978,,2026-10-09
Cacereño,Cacereño,CP Cacereño,73.3763967167,979,,2026-10-09
Arezzo,Arezzo,SS Arezzo,73.3753529269,980,,2026-10-09
Omonia Aradippou,Omonia,Omonia FC Aradippou,73.371873624,981,,2026-10-09
Bohemians,Bohemians,Bohemian FC,73.3649150023,982,,2026-10-09
ASEC Mimosas,ASEC,AS des Employés de Commerce Mimosas,73.3612385058,983,,2026-10-09
AVS,AVS,AVS Futebol,73.3576084269,984,,2026-10-09
Red Arrows,Red Arrows,Red Arrows FC,73.353236052,985,,2026-10-09
Unionistas de Salamanca,Unionistas,CD Unionistas de Salamanca CF,73.3527373636,986,,2026-10-09
Willem II,Willem II,Willem II Tilburg,73.3496059604,987,,2026-10-09
Alvarado,Alvarado,CA Alvarado,73.3429256191,988,,2026-10-09
Wiliete,Wiliete,Wiliete SC,73.3269669309,989,,2026-10-09
Gol Gohar,Gol Gohar,Gol Gohar FC Sirjan,73.3199873452,990,,2026-10-09
Falkirk,Falkirk,Falkirk FC,73.3130726058,991,,2026-10-09
Monagas,Monagas,Monagas SC,73.2848197453,992,,2026-10-09
Rodina Moskva,Rodina,FK Rodina Moskva,73.2824537263,993,,2026-10-09
Al Kholood,Al Kholood,Al Kholood Club,73.2705795543,994,,2026-10-09
AmaZulu,AmaZulu,AmaZulu FC,73.2605076406,995,,2026-10-09
Carrarese,Carrarese,Carrarese Calcio 1908,73.2493987943,996,,2026-10-09
9 de Octubre,9 de Octubre,Club 9 de Octubre,73.2430661107,997,,2026-10-09
Hassania Agadir,HUSA,Hassania Union Sport d'Agadir,73.2410224989,998,,2026-10-09
IMT,IMT,FK IMT,73.237568492,999,,2026-10-09
Diriyah Club,Diriyah,Diriyah Club,73.2375244507,1000,,2026-10-09
Argeș,Argeș,ACS Campionii FC Argeş,73.2347848826,1001,,2026-10-09
Sport Recife,Sport,SC do Recife,73.2162737937,1002,,2026-10-09
San Miguel,San Miguel,CA San Miguel,73.2138381129,1003,,2026-10-09
Teuta Durrës,Teuta,KF Teuta Durrës,73.2072965575,1004,,2026-10-09
Burton Albion,Burton,Burton Albion FC,73.2052088231,1005,,2026-10-09
Oţelul Galați,Oţelul,ASC Oțelul Galați,73.190942587,1006,,2026-10-09
Melbourne Victory,Mel Victory,Melbourne Victory,73.187964412,1007,,2026-10-09
Botoșani,Botoșani,FC Botoșani,73.1822436189,1008,,2026-10-09
Sporting CP II,Sporting CP II,Sporting CP II,73.1711088913,1009,,2026-10-09
KÍ,KÍ,KÍ Klaksvík,73.1631057724,1010,,2026-10-09
Mixco,Mixco,CSyD Mixco,73.1546669848,1011,,2026-10-09
MK Dons,MK Dons,Milton Keynes Dons FC,73.1436198003,1013,,2026-10-09
Enugu Rangers,Enugu,Enugu Rangers International FC,73.1409868453,1014,,2026-10-09
Deportivo de A Coruña II,Deportivo II,Real Club Deportivo Fabril,73.1258735025,1015,,2026-10-09
Primavera SP,Primavera,EC Primavera,73.0892669779,1016,,2026-10-09
Zlín,Zlín,FC Zlín,73.0802892425,1017,,2026-10-09
Omonia 29is Maiou,Omonia 29 M,ALS Omonia 29is Maiou,73.0778534167,1018,,2026-10-09
Racing de Ferrol,Racing Ferrol,Racing Club Ferrol,73.0684580644,1019,,2026-10-09
Algeciras,Algeciras,Algeciras CF,73.0635863849,1020,,2026-10-09
Capivariano,Capivariano,Capivariano FC,73.0617769013,1021,,2026-10-09
Academia Quintana,Ac. Quintana,Academia Quintana,73.0438401807,1022,,2026-10-09
Sheriff,Sheriff,FK Sheriff Tiraspol,73.042707641,1023,,2026-10-09
Mount Pleasant Academy,Mt. Pleasant,Mount Pleasant Academy FC,73.0414043143,1024,,2026-10-09
Saarbrücken,Saarbrücken,1. FC Saarbrücken,73.0395758129,1025,,2026-10-09
Recoleta,Recoleta,CD Recoleta,73.0335905295,1026,,2026-10-09
Aberdeen,Aberdeen,Aberdeen FC,73.018696849,1027,,2026-10-09
Vila Nova,Vila Nova,Vila Nova FC,73.0113195694,1028,,2026-10-09
Barcelona II,Barcelona II,FC Barcelona Atlètic,73.0086052813,1029,,2026-10-09
Real Betis II,Betis II,Betis Deportivo Balompié,73.0054734064,1030,,2026-10-09
Barnet,Barnet,Barnet FC,72.9971217188,1031,,2026-10-09
Universidad Concepción,U. Concepción,CD Universidad de Concepción,72.9939202305,1032,,2026-10-09
Anyang,Anyang,FC Anyang,72.9819636758,1033,,2026-10-09
CODM Meknès,CODM,Club Omnisports de Meknès,72.9772608352,1034,,2026-10-09
Wydad Témara,Wydad Témara,Wydad Sportive de Témara,72.9699530198,1035,,2026-10-09
Winterthur,Winterthur,FC Winterthur,72.9640626553,1036,,2026-10-09
Real Estelí,Estelí,Real Estelí FC,72.943967593,1037,,2026-10-09
Prishtina,Prishtina,FC Prishtina,72.9355293653,1038,,2026-10-09
Kryvbas KR,Kryvbas KR,FK Kryvbas Kryvyi Rih,72.9323951023,1039,,2026-10-09
JEF United,JEF Utd,JEF United Ichihara Chiba,72.9322005717,1040,,2026-10-09
Botev Plovdiv,Botev,PFK Botev Plovdiv,72.9223031523,1041,,2026-10-09
Petrolul 52,Petrolul 52,ACS Petrolul 52 Ploieşti,72.9205631563,1042,,2026-10-09
Real Unión,Real Unión,Real Unión Club,72.9146471603,1043,,2026-10-09
Monastir,Monastir,US Monastirienne,72.9132296552,1044,,2026-10-09
Ural,Ural,FK Ural Sverdlovskaya Oblast,72.9122111574,1045,,2026-10-09
Ilves,Ilves,Tampereen Ilves,72.8561823721,1046,,2026-10-09
Clermont,Clermont,Clermont Foot 63,72.8561823721,1047,,2026-10-09
Sydney,Sydney,Sydney FC,72.8364992366,1048,,2026-10-09
Real Jaén,Jaén,Real Jaén CF,72.8290374953,1049,,2026-10-09
JS El Biar,Biar,Jeunesse Sportive D'El Biar,72.8241397988,1050,,2026-10-09
Kayserispor,Kayseri,Kayserispor SK,72.8144208889,1051,,2026-10-09
Fakel,Fakel,FK Fakel Voronezh,72.8050244494,1052,,2026-10-09
Preußen Münster,Münster,SC Preußen 06 Münster,72.8029363464,1053,,2026-10-09
MB Rouisset,Rouisset,MB Rouisset,72.7910782217,1054,,2026-10-09
Gualaceo,Gualaceo,Gualaceo SC,72.7750251863,1055,,2026-10-09
Chaves,Chaves,GD Chaves,72.7663942344,1056,,2026-10-09
Stade-Lausanne-Ouchy,Stade-Lausanne,FC Stade-Lausanne-Ouchy,72.7545614245,1057,,2026-10-09
ADT,ADT,Asociación Deportiva Tarma,72.7419628943,1058,,2026-10-09
Sekhukhune United,Sekhukhune Utd,Sekhukhune United FC,72.7235615064,1059,,2026-10-09
Europa,Europa,CE Europa,72.7194106548,1060,,2026-10-09
Cancún,Cancún,Cancún FC,72.6846240916,1061,,2026-10-09
El Qanah,El Qanah,El Qanah FC,72.6779691864,1062,,2026-10-09
Differdange 03,Differdange,FC Differdange 03,72.6654653453,1063,,2026-10-09
All Saints United,All Saints Utd,All Saints United FC,72.6547647426,1064,,2026-10-09
Unión Española,Española,Unión Española,72.6511261181,1065,,2026-10-09
Zemplín Michalovce,Zemplín,MFK Zemplín Michalovce,72.6414505689,1066,,2026-10-09
Sepsi,Sepsi,Sepsi OSK Sfântu Gheorghe,72.6390142731,1067,,2026-10-09
Progreso,Progreso,CA Progreso,72.6340720648,1068,,2026-10-09
Al Hussein,Hussein,Al Hussein SC,72.6257445681,1069,,2026-10-09
Real Cartagena,Cartagena,Real Cartagena FC SA,72.6211944294,1070,,2026-10-09
Karmiotissa,Karmiotissa,Karmiotissa Pano Polemidia,72.6198718573,1071,,2026-10-09
RC Saint Joseph,Saint Joseph,Racing Club Saint Joseph,72.6192643809,1072,,2026-10-09
Nasaf,Nasaf,PFC Nasaf,72.6128668853,1073,,2026-10-09
San Carlos,San Carlos,AD San Carlos,72.6086466791,1074,,2026-10-09
Atlético Morelia,Morelia,Club Atlético Morelia,72.5906525717,1075,,2026-10-09
Dundee,Dundee,Dundee FC,72.5902878056,1076,,2026-10-09
Al Ahli Benghazi,Ahli Benghazi,Al Ahli Benghazi,72.5794750121,1077,,2026-10-09
Newcastle Jets,Newcastle,Newcastle Jets FC,72.5744309429,1078,,2026-10-09
Chengdu Rongcheng,Rongcheng,Chengdu Rongcheng FC,72.5692101513,1079,,2026-10-09
Amal Tiznit,USAT,US Amal Tiznit,72.5655506174,1080,,2026-10-09
Al Wehdat,Wehdat,Al Wehdat SC,72.5630956933,1081,,2026-10-09
Numancia,Numancia,CD Numancia de Soria,72.5436486335,1082,,2026-10-09
Hapoel Jerusalem,H Jerusalem,Hapoel Jerusalem FC,72.5429525192,1083,,2026-10-09
Leyton Orient,L Orient,Leyton Orient FC,72.5426044619,1084,,2026-10-09
Dukagjini,Dukagjini,KF Dukagjini Klina,72.5422586925,1085,,2026-10-09
Ceará,Ceará,Ceará SC,72.5327892257,1086,,2026-10-09
Verl,Verl,SC Verl 1924,72.508842655,1087,,2026-10-09
Inter San Carlos,San Carlos,Inter San Carlos,72.4969207979,1088,,2026-10-09
Managua,Managua,Managua FC,72.4915280846,1089,,2026-10-09
Wigan Athletic,Wigan,Wigan Athletic FC,72.4820416867,1090,,2026-10-09
Medeama,Medeama,Medeama SC,72.4802758444,1091,,2026-10-09
Cibao,Cibao,Cibao FC,72.4716882836,1092,,2026-10-09
Independiente,Independiente,Club Independiente Petrolero,72.4715300513,1093,,2026-10-09
Sant Andreu,Sant Andreu,UE Sant Andreu,72.4698593233,1094,,2026-10-09
Yverdon Sport,Yverdon,Yverdon Sport FC,72.4691631863,1095,,2026-10-09
Barnsley,Barnsley,Barnsley FC,72.4541961883,1096,,2026-10-09
El Gouna,Gouna,El Gouna,72.4412920202,1097,,2026-10-09
Laval,Laval,Stade Lavallois Mayenne FC,72.4260022717,1098,,2026-10-09
Nizhny Novgorod,Nizhny Novg.,FK Pari Nizhny Novgorod,72.4166042214,1099,,2026-10-09
Stabæk,Stabæk,Stabæk Fotball,72.4152119143,1100,,2026-10-09
Stade Tunisien,Stade Tunisien,Stade Tunisien,72.4096171679,1101,,2026-10-09
CA La Paz,La Paz,CA La Paz,72.4058305365,1102,,2026-10-09
Volos NFC,Volos,Volos New Football Club,72.4016368753,1103,,2026-10-09
Zorya,Zorya,FC Zorya Luhansk,72.3995484005,1104,,2026-10-09
Internacional Palmira,Inter Palmira,Internacional FC de Palmira,72.391821027,1105,,2026-10-09
Atlético Baleares,Baleares,CD Atlético Baleares,72.3762269675,1106,,2026-10-09
USM El Harrach,USM El Harrach,USM El Harrach,72.3762014577,1107,,2026-10-09
Gimnàstic Tarragona,Tarragona,Club Gimnàstic de Tarragona,72.3703095507,1108,,2026-10-09
Difaâ El Jadida,El Jadida,Difaâ Hassani d'El Jadida,72.3514874372,1109,,2026-10-09
Al Hazem,Hazem,Al Hazem SC,72.3403300868,1110,,2026-10-09
Struga,Struga,FC Struga Trim-Lum,72.3368932587,1111,,2026-10-09
Rivers United,Rivers Utd,Rivers United FC,72.336347903,1112,,2026-10-09
Al-Nasr,Nasr,Al-Nasr Club of Benghazi,72.3295601566,1113,,2026-10-09
St. Mirren,St. Mirren,Saint Mirren FC,72.3267986565,1114,,2026-10-09
Ironi Tiberias,I Tiberias,Ironi Tiberias FC,72.3146154557,1115,,2026-10-09
Golden Arrows,Arrows,Lamontville Golden Arrows FC,72.3062357123,1116,,2026-10-09
Smouha,Smouha,Smouha SC,72.3048433371,1117,,2026-10-09
Ballkani,Ballkani,KF Ballkani,72.2982573422,1118,,2026-10-09
Leones Negros UdeG,Leones Negros,CD Leones Negros de la Universidad de Guadalajara,72.282607447,1119,,2026-10-09
Bryne,Bryne,Bryne FK,72.2801540459,1120,,2026-10-09
Rahimo,Rahimo,Rahimo FC,72.2754314991,1121,,2026-10-09
Floriana,Floriana,Floriana FC,72.2745844757,1122,,2026-10-09
Inter Club d'Escaldes,Inter Club,Inter Club d'Escaldes,72.2624009928,1123,,2026-10-09
Al-Ittihad,Ittihad,Al-Ittihad,72.25158663,1124,,2026-10-09
General Caballero JLM,Caballero JLM,General Caballero JLM,72.2494516189,1125,,2026-10-09
Al Shabab,Shabab,Al Shabab FC,72.2449518425,1126,,2026-10-09
Amiens,Amiens,Amiens SC,72.2376857253,1127,,2026-10-09
St. Johnstone,St. Johnstone,Saint Johnstone FC,72.2369895167,1128,,2026-10-09
Puntarenas,Puntarenas,Puntarenas FC,72.2271548602,1129,,2026-10-09
Renaissance Zemamra,RCA Zemamra,Renaissance Club Athletic Zemamra,72.2226916805,1130,,2026-10-09
Sestao River,Sestao,Sestao River Club,72.2105334288,1131,,2026-10-09
San Antonio Bulo Bulo,San Antonio BB,CD Cultural San Antonio de Bulo Bulo,72.2007167487,1132,,2026-10-09
Ironi Kiryat Shmona,Kiryat Shmona,Hapoel Ironi Kiryat Shmona FC,72.1830326922,1133,,2026-10-09
El Gaish,Gaish,Tala'ea El Gaish,72.1802222767,1134,,2026-10-09
Sharjah,Sharjah,Sharjah FC,72.1802037269,1135,,2026-10-09
Örgryte,Örgryte,Örgryte IS,72.1774628819,1136,,2026-10-09
Grenades,Grenades,Jennings Grenades FC,72.1712854609,1137,,2026-10-09
Al Arabi,Arabi,Al Arabi SC,72.1683678486,1138,,2026-10-09
FC Cajamarca,FC Cajamarca,FC Cajamarca,72.1498921177,1139,,2026-10-09
Deportivo Santaní,Dep. Santaní,Deportivo Santaní,72.1471071733,1140,,2026-10-09
Eibar II,Eibar II,SD Eibar II,72.1228083867,1141,,2026-10-09
RC Kouba,RC Kouba,RC Kouba,72.1172129145,1142,,2026-10-09
Al Riffa,Riffa,Bahrain Riffa Club,72.1011806537,1143,,2026-10-09
Horoya,Horoya,Horoya AC,72.0980683619,1144,,2026-10-09
Kolos Kovalivka,Kolos,FK Kolos Kovalivka,72.087995914,1145,,2026-10-09
Radnik Surdulica,Radnik,FK Radnik Surdulica,72.0859071485,1146,,2026-10-09
Operário PR,Operário,Operário Ferroviário EC,72.082704371,1147,,2026-10-09
Yelimay,Yelimay,FK Yelimay Semey,72.0556198306,1148,,2026-10-09
Cipolletti,Cipolletti,Club Cipolletti,72.0538095412,1149,,2026-10-09
Lincoln Red Imps,Red Imps,Lincoln Red Imps FC,72.0521407919,1150,,2026-10-09
Peterborough United,Peterborough,Peterborough United FC,72.0462202351,1151,,2026-10-09
Boulogne,Boulogne,US Boulogne CO,72.0406500859,1152,,2026-10-09
Villa Mitre,Villa Mitre,Club Villa Mitre,72.040580459,1153,,2026-10-09
Goiás,Goiás,Goiás EC,72.0360547025,1154,,2026-10-09
Académica,Académica,Associação Académica de Coimbra OAF,72.0350799229,1155,,2026-10-09
Stellenbosch,Stellenbosch,Stellenbosch FC,72.0298323688,1156,,2026-10-09
Tarazona,Tarazona,SD Tarazona,72.0215025927,1157,,2026-10-09
Témouchent,Témouchent,CR Témouchent,72.0023294222,1158,,2026-10-09
Neman Grodno,Neman,FK Neman Grodno,71.9821626853,1159,,2026-10-09
Al Nasr,Al Nasr,Al Nasr SC,71.9741112972,1160,,2026-10-09
Mérida,Mérida,AD Mérida,71.973807218,1161,,2026-10-09
Gnistan,Gnistan,IF Gnistan,71.9720664917,1162,,2026-10-09
Chesterfield,Chesterfield,Chesterfield FC,71.9602295172,1163,,2026-10-09
Novi Pazar,Novi Pazar,FK Novi Pazar,71.9490887783,1164,,2026-10-09
Rayo Majadahonda,Majadahonda,CF Rayo Majadahonda,71.941081338,1165,,2026-10-09
Şamaxı,Şamaxı,Şamaxı FK,71.9407331878,1166,,2026-10-09
Amarante,Amarante,Amarante FC,71.9362072299,1167,,2026-10-09
Universitario de Vinto,Universitario,FC Universitario de Vinto,71.9270856564,1168,,2026-10-09
Real Oruro,Real Oruro,CDT Real Oruro,71.9249967412,1169,,2026-10-09
Violette,Violette,Violette AC,71.9221957139,1170,,2026-10-09
Urartu,Urartu,FC Urartu,71.9013918642,1171,,2026-10-09
Petrocub,Petrocub,CS Petrocub Hînceşti,71.9010437078,1172,,2026-10-09
Homs Al Fidaa,Al Fidaa,Homs Al Fidaa SC,71.8928202399,1173,,2026-10-09
Tigres,Tigres,Tigres FC,71.8877440933,1174,,2026-10-09
Ourense CF,Ourense,Ourense CF,71.8874655665,1175,,2026-10-09
Al Fayha,Fayha,Al Fayha FC,71.8828954334,1176,,2026-10-09
Chadormalu SC,Chadormalu,Chadormalu Sports Club,71.8727987929,1177,,2026-10-09
Recreativo Huelva,Huelva,RC Recreativo de Huelva,71.8711020561,1178,,2026-10-09
Gualberto Villarroel SJ,GVSJ,CD Gualberto Villarroel Deportivo San José,71.8658100017,1179,,2026-10-09
Heracles,Heracles,Heracles Almelo,71.8651833102,1180,,2026-10-09
Extremadura,Extremadura,CD Extremadura,71.856827407,1181,,2026-10-09
Beijing Guoan,Guoan,Beijing Guoan FC,71.8566327837,1182,,2026-10-09
Aarau,Aarau,FC Aarau,71.8516049516,1183,,2026-10-09
São Bernardo,São Bernardo,São Bernardo FC,71.8490981687,1184,,2026-10-09
Alashkert,Alashkert,Alashkert FC,71.8415081701,1185,,2026-10-09
Acassuso,Acassuso,CA Acassuso,71.8334307121,1186,,2026-10-09
Hapoel Ramat Gan,H Ramat Gan,Hapoel Ramat Gan Giv'atayim FC,71.8314113431,1187,,2026-10-09
Kilmarnock,Kilmarnock,Kilmarnock FC,71.8268851644,1188,,2026-10-09
Douglas Haig,Douglas Haig,CA Douglas Haig,71.8243783539,1189,,2026-10-09
Patriotas Boyacá,Patriotas,Patriotas Boyacá,71.8222893429,1190,,2026-10-09
Aluminium Arak,Aluminium Arak,Aluminium Arak FC,71.8167442025,1191,,2026-10-09
Metropolitan,Metropolitan,Metropolitan FA,71.8113061988,1192,,2026-10-09
Navbahor,Navbahor,FK Navbahor Namangan,71.8017728632,1193,,2026-10-09
Krasava Ypsonas,Ypsonas,Krasava ENY Ypsonas FC,71.7931126197,1194,,2026-10-09
San Pedro,San Pedro,Deportivo San Pedro,71.7864095891,1195,,2026-10-09
ASCK,ASCK,Association Sportive des Chauffeurs de la Kozah,71.7772474554,1196,,2026-10-09
Eupen,Eupen,KAS Eupen,71.7764002441,1197,,2026-10-09
Aktobe,Aktobe,FK Aktobe,71.7694367174,1198,,2026-10-09
Atlético Vinotinto,Vinotinto,CA Vinotinto,71.7564845002,1199,,2026-10-09
Alianza,Alianza,Alianza FC,71.7531609914,1200,,2026-10-09
Santo Domingo,Santo Domingo,Club Deportivo Santo Domingo,71.75195817,1201,,2026-10-09
Gjilani,Gjilani,KF Gjilani,71.7502891961,1202,,2026-10-09
Club Franciscain,Franciscain,Club Franciscain,71.7441083102,1203,,2026-10-09
KR,KR,KR Reykjavík,71.734618759,1204,,2026-10-09
Bnei Yehuda,Bnei Yehuda,Bnei Yehuda Tel Aviv FC,71.7248696335,1205,,2026-10-09
Versailles,Versailles,FC Versailles,71.7231287137,1206,,2026-10-09
Osasuna II,Osasuna II,CA Osasuna Promesas,71.715816836,1207,,2026-10-09
Cobán Imperial,Cobán,CSyD Cobán Imperial,71.6871777313,1208,,2026-10-09
Tirana,Tirana,KF Tirana,71.6677667587,1209,,2026-10-09
Bucheon 1995,Bucheon,Bucheon FC 1995,71.6644383821,1210,,2026-10-09
Sūduva,Sūduva,FK Sūduva,71.6621956684,1211,,2026-10-09
Coria,Coria,CD Coria,71.6503570554,1212,,2026-10-09
Independiente Cauca,Independiente,Independiente Valle del Cauca,71.6433234968,1213,,2026-10-09
Deportes Temuco,Temuco,CD Temuco,71.6408861198,1214,,2026-10-09
Zamora,Zamora,Zamora FC,71.6356631602,1215,,2026-10-09
Portimonense,Portimonense,Portimonense SC,71.6346882064,1216,,2026-10-09
AFC Wimbledon,Wimbledon,AFC Wimbledon,71.6315544234,1217,,2026-10-09
Marquense,Marquense,CD Marquense,71.6251991077,1218,,2026-10-09
Nouadhibou,FCNDB,FC Nouadhibou ASJN,71.6249131264,1219,,2026-10-09
Grimsby Town,Grimsby,Grimsby Town FC,71.6179746462,1220,,2026-10-09
Hearts of Oak,Oak,Hearts of Oak SC,71.6050656729,1221,,2026-10-09
Hapoel Petah Tikva,H Petah Tikva,Hapoel Petah Tikva FC,71.6040465838,1222,,2026-10-09
Salford City,Salford,Salford City FC,71.6012609609,1223,,2026-10-09
Sportivo San Lorenzo,San Lorenzo,Club Sportivo San Lorenzo,71.591789817,1224,,2026-10-09
Cavalry,Cavalry,Cavalry FC,71.5879414666,1225,,2026-10-09
Genesis PN,Genesis PN,Genesis Policia Nacional FC,71.582720672,1226,,2026-10-09
Halmstad,Halmstad,Halmstads BK,71.5824579153,1227,,2026-10-09
Zimbru,Zimbru,FC Zimbru Chişinău,71.5758419912,1228,,2026-10-09
Adelaide United,Adelaide Utd,Adelaide United FC,71.5669421495,1229,,2026-10-09
Ingolstadt,Ingolstadt,FC Ingolstadt 04,71.5093334532,1230,,2026-10-09
Durban City,Durban City,Durban City FC,71.4845843581,1231,,2026-10-09
Amorebieta,Amorebieta,SD Amorebieta,71.4842616568,1232,,2026-10-09
Hardrock,Hardrock,Hardrock FC,71.4831937615,1233,,2026-10-09
Sol de América,Sol de América,Club Sol de América,71.4740935701,1234,,2026-10-09
UCAM Murcia,UCAM,Universidad Católica de Murcia CF,71.4706809826,1235,,2026-10-09
Basconia,Basconia,CD Basconia,71.4658058486,1236,,2026-10-09
Al Fateh,Fateh,Al Fateh SC,71.4650653241,1237,,2026-10-09
Dinamo Brest,Dinamo Brest,FK Dinamo Brest,71.4609307039,1238,,2026-10-09
Suwon Bluewings,Suwon,Suwon Samsung Bluewings FC,71.4537715346,1239,,2026-10-09
Venados,Venados,Venados FC Yucatán,71.4532864653,1240,,2026-10-09
Saint Eloi Lupopo,Lupopo,FC Saint Eloi Lupopo,71.4511571512,1241,,2026-10-09
Black Bulls Maputo,Black Bulls,Black Bulls Maputo,71.4368798177,1242,,2026-10-09
Al Riyadh,Riyadh,Al Riyadh SC,71.4281532365,1243,,2026-10-09
Argentino Monte Maíz,Argentino MM,Club Deportivo Argentino Monte Maíz,71.427779437,1244,,2026-10-09
Maniema Union,Maniema U.,AS Maniema Union,71.4236470854,1245,,2026-10-09
Talavera,Talavera,CF Talavera de la Reina,71.4163574576,1246,,2026-10-09
Araz Naxçıvan,Araz,Araz FK Naxçıvan,71.4118304373,1247,,2026-10-09
ABB,ABB,Academia del Balompié Boliviano,71.4086266943,1248,,2026-10-09
Piratas,Piratas,Piratas FC,71.3801577627,1249,,2026-10-09
Cherno more Varna,Cherno more,PFK Cherno more Varna,71.3770068966,1250,,2026-10-09
Vargas Torres,Vargas Torres,Club Social y Deportivo Vargas Torres,71.3720619096,1251,,2026-10-09
ASO Chlef,ASO Chlef,ASO Chlef,71.3707130801,1252,,2026-10-09
Abu Qair Semad,Abu Qair Semad,Abu Qair Semad SC,71.3599176412,1253,,2026-10-09
Athletic Club MG,Athletic,Athletic Club (Minas Gerais),71.3518639612,1254,,2026-10-09
LDU Portoviejo,LDU Portoviejo,LDU de Portoviejo,71.3462920811,1255,,2026-10-09
Comunicaciones,Comunicaciones,Comunicaciones FC,71.3396573564,1256,,2026-10-09
Maccabi Petah Tikva,M Petah Tikva,Maccabi Petah Tikva FC,71.3359144172,1257,,2026-10-09
The New Saints,TNS,The New Saints FC,71.3327802138,1258,,2026-10-09
Vegalta Sendai,Vegalta,Vegalta Sendai,71.3270136164,1259,,2026-10-09
Polokwane City,Polokwane,Polokwane City FC,71.3163871138,1260,,2026-10-09
Patro Eisden,Patro,Patro Eisden Maasmechelen,71.311885412,1261,,2026-10-09
Mangasport,Mangasport,AS MangaSport Football,71.304374829,1262,,2026-10-09
Porto II,Porto II,FC Porto II,71.3031791865,1263,,2026-10-09
Hamrun Spartans,Hamrun,Hamrun Spartans FC,71.288552651,1264,,2026-10-09
Alcoyano,Alcoyano,CD Alcoyano,71.2707917283,1265,,2026-10-09
Tobol Kostanay,Tobol,FK Tobol Kostanay,71.2673091778,1266,,2026-10-09
ŁKS Łódź,ŁKS Łódź,ŁKS Łódź,71.26313011,1267,,2026-10-09
Mineros de Zacatecas,Mineros,Club Mineros de Zacatecas,71.2439926746,1268,,2026-10-09
Etoile Matoury,Etoile M.,AS Etoile Matoury,71.2407561547,1269,,2026-10-09
Željezničar,Željezničar,FK Željezničar Sarajevo,71.2363142376,1270,,2026-10-09
Feirense,Feirense,CD Feirense,71.2293490229,1271,,2026-10-09
Náutico,Náutico,Clube Náutico Capibaribe,71.225796755,1272,,2026-10-09
Dakota,Dakota,SV Dakota,71.2092384453,1273,,2026-10-09
US Biskra,Biskra,US Biskra,71.2052933413,1274,,2026-10-09
Malavan,Malavan,Malavan Bandar Anzali FC,71.1927372058,1275,,2026-10-09
Newroz,Newroz,Newroz SC,71.1850776073,1276,,2026-10-09
Réal Bamako,Réal Bamako,AS Réal de Bamako,71.161762073,1277,,2026-10-09
Portmore United,Portmore,Portmore United FC,71.1552568007,1278,,2026-10-09
Gimnasia Chivilcoy,GyE Chivilcoy,CSCyD Gimnasia y Esgrima de Chivilcoy,71.1533571099,1279,,2026-10-09
Rayo Zuliano,Rayo Zuliano,Deportivo Rayo Zuliano,71.1519640166,1280,,2026-10-09
Real Avilés,Real Avilés,Real Avilés CF,71.1492474822,1281,,2026-10-09
Utebo,Utebo,Utebo FC,71.1433268187,1282,,2026-10-09
Lokomotiv Plovdiv,Loko Plovdiv,PFK Lokomotiv Plovdiv 1926,71.1241716225,1283,,2026-10-09
Jaiba Brava,Jaiba Brava,Club Jaiba Brava,71.1133917115,1284,,2026-10-09
Shanghai Port,Port,Shanghai Port FC,71.1128320165,1285,,2026-10-09
Real Tomayapo,Real Tomayapo,CD Real Tomayapo,71.1112156504,1286,,2026-10-09
Águilas,Águilas,Águilas FC,71.1078025054,1287,,2026-10-09
Ajman,Ajman,Ajman Club,71.1028824917,1288,,2026-10-09
Voluntari,Voluntari,FC Voluntari,71.0987471971,1289,,2026-10-09
Iberia 1999,Iberia,FC Iberia 1999,71.0896918519,1290,,2026-10-09
Laçi,Laçi,KF Laçi,71.0806364696,1291,,2026-10-09
Gomel,Gomel,FK Gomel,71.0701879056,1292,,2026-10-09
Ebro,Ebro,CD Ebro,71.0492906295,1293,,2026-10-09
Al Khaleej,Khaleej,Al Khaleej FC,71.0429773239,1294,,2026-10-09
Arenas,Arenas,Arenas Club,71.0269999842,1295,,2026-10-09
Čukarički,Čukarički,FK Čukarički,71.0266516911,1296,,2026-10-09
Komárno,Komárno,KFC Komárno,71.0214272878,1297,,2026-10-09
Al Talaba,Talaba,Al Talaba FC,71.0172059609,1298,,2026-10-09
Skalica,Skalica,MFK Skalica,71.0043608177,1299,,2026-10-09
Al Qadsia,Qadsia,Al Qadsia SC,71.0036201392,1300,,2026-10-09
Selangor,Selangor,Selangor FC,70.9609769093,1301,,2026-10-09
UNA Strassen,Strassen,FC UNA Strassen,70.959430093,1302,,2026-10-09
Kimberley Mar del Plata,Kimberley MdP,CA Kimberley de Mar del Plata,70.9516977366,1303,,2026-10-09
Nieciecza,Nieciecza,Bruk-Bet Termalica Nieciecza,70.9472394288,1304,,2026-10-09
Deportivo Moquegua,Moquegua,CD Moquegua,70.9224399271,1305,,2026-10-09
Auda,Auda,FK Auda,70.915543387,1306,,2026-10-09
Cannes,Cannes,AS de Cannes,70.8998693521,1307,,2026-10-09
Teungueth,Teungueth,Teungueth FC,70.8958405104,1308,,2026-10-09
Al Nahda,Nahda,Al Nahda Club,70.8771847954,1309,,2026-10-09
Bromley,Bromley,Bromley FC,70.873397396,1310,,2026-10-09
Torpedo Moskva,Torpedo,FK Torpedo Moskva,70.8727007613,1311,,2026-10-09
Jahn Regensburg,Regensburg,SSV Jahn Regensburg,70.8702625381,1312,,2026-10-09
Almere City,Almere,Almere City FC,70.8403070044,1313,,2026-10-09
Botafogo SP,Botafogo SP,Botafogo FC Ribeirão Preto,70.8249110952,1314,,2026-10-09
Ngezi Platinum,Ngezi,Ngezi Platinum FC,70.8165977077,1315,,2026-10-09
SC Villa,SC Villa,Sports Club Villa Jogoo,70.8023162844,1316,,2026-10-09
Le Puy Foot,Le Puy,Le Puy Football 43 Auvergne,70.801991194,1317,,2026-10-09
OFK Beograd,OFK,OFK Beograd,70.7988562346,1318,,2026-10-09
ASKO de Kara,ASKO,Association Sportive de la Kozah de Kara,70.781242308,1319,,2026-10-09
Tudelano,Tudelano,CD Tudelano,70.7779563913,1320,,2026-10-09
Ghazl El Mahalla,El Mahalla,Ghazl El Mahalla SC,70.7761892006,1321,,2026-10-09
9 de Julio Rafaela,9 de Julio,CA 9 de Julio de Rafaela,70.7552450035,1322,,2026-10-09
Songo,Songo,UD Songo,70.7434479776,1323,,2026-10-09
Lokeren,Lokeren,KSC Lokeren,70.7330210569,1324,,2026-10-09
Shanghai Shenhua,Shenhua,Shanghai Shenhua FC,70.7188927106,1325,,2026-10-09
Radnički Niš,Radnički Niš,FK Radnički Niš,70.7166490405,1326,,2026-10-09
La Roche VF,La Roche,Vendée Foot Club La Roche-sur-Yon,70.715604014,1327,,2026-10-09
Sol de América,Sol de América,CA Sol de América de Formosa,70.7141409762,1328,,2026-10-09
Lahti,Lahti,FC Lahti,70.7079404716,1329,,2026-10-09
Britannia,Britannia,SV Britannia,70.7062874424,1330,,2026-10-09
Blau-Weiß Linz,BW Linz,FC Blau-Weiß Linz,70.7058504099,1331,,2026-10-09
Derry City,Derry,Derry City FC,70.6804211672,1332,,2026-10-09
Deportiva Minera,Minera,Club Deportiva Minera,70.6619586563,1333,,2026-10-09
Port Vale,Port Vale,Port Vale FC,70.6598685509,1334,,2026-10-09
Puerto Montt,Puerto Montt,CD Puerto Montt,70.6535285526,1335,,2026-10-09
Güemes,Güemes,CA Güemes,70.6469098535,1336,,2026-10-09
Odd,Odd,Odds BK,70.6323486454,1337,,2026-10-09
Águila,Águila,CD Águila,70.6320889817,1338,,2026-10-09
Milford,Milford,Milford FC,70.6291879145,1339,,2026-10-09
Naft,Naft,Al Naft Sport Club,70.6246430101,1340,,2026-10-09
Žalgiris,Žalgiris,FK Žalgiris Vilnius,70.6212012438,1341,,2026-10-09
Waldhof Mannheim,Waldhof,SV Waldhof Mannheim 07,70.6187627422,1342,,2026-10-09
Exeter City,Exeter,Exeter City FC,70.6104021447,1343,,2026-10-09
Samartex,Samartex,FC Samartex 1996,70.6002741834,1344,,2026-10-09
Dinamo Tbilisi,Dinamo Tbilisi,FC Dinamo Tbilisi,70.5982095496,1345,,2026-10-09
Juventud Torremolinos,Torremolinos,Juventud Torremolinos CF,70.5797463484,1346,,2026-10-09
Conquense,Conquense,UB Conquense,70.5762627081,1347,,2026-10-09
Botev Vratsa,Botev Vratsa,POFK Botev Vratsa,70.5752176149,1348,,2026-10-09
Teruel,Teruel,CD Teruel,70.5717339675,1349,,2026-10-09
Lechia Gdańsk,Lechia,KS Lechia Gdańsk,70.555709118,1350,,2026-10-09
Tapatío,Tapatío,CD Tapatío,70.553635643,1351,,2026-10-09
Okzhetpes,Okzhetpes,FK Okzhetpes Kokshetau,70.5515287033,1352,,2026-10-09
Gaborone United,Gaborone,Gaborone United FC,70.5514668302,1353,,2026-10-09
Trenčín,Trenčín,AS Trenčín,70.5476966494,1354,,2026-10-09
Port,Port,Port FC,70.5401861529,1355,,2026-10-09
Barau,Barau,Barau FC,70.532867683,1356,,2026-10-09
Ružomberok,Ružomberok,MFK Ružomberok,70.4957890794,1357,,2026-10-09
Yokohama,Yokohama,Yokohama FC,70.4952459595,1358,,2026-10-09
Atenas,Atenas,Club Sportivo y Biblioteca Atenas,70.4891002294,1359,,2026-10-09
Partizani Tirana,Partizani,KF Partizani Tirana,70.4741895946,1360,,2026-10-09
Rot-Weiß Erfurt,Erfurt,FC Rot-Weiß Erfurt,70.4734928335,1361,,2026-10-09
Bergantiños,Bergantiños,Bergantiños CF,70.4710541679,1362,,2026-10-09
Fatih Karagümrük,Fatih,Fatih Karagümrük SK,70.4679187366,1363,,2026-10-09
Avaí,Avaí,Avai FC,70.4678490603,1364,,2026-10-09
Ankara Keçiörengücü,Keçiörengücü,Ankara Keçiörengücü,70.4665252102,1365,,2026-10-09
Dila,Dila,FC Dila Gori,70.4578156499,1366,,2026-10-09
Bendel Insurance,Bendel Ins.,Bendel Insurance,70.4485602363,1367,,2026-10-09
Drenica Skënderaj,Drenica,KF Drenica Skënderaj,70.4386567856,1368,,2026-10-09
Polonia Warszawa,Polonia,KSP Polonia Warszawa,70.4257641702,1369,,2026-10-09
12 de Junio VH,12 de Junio,Club 12 de Junio de Villa Hayes,70.419771885,1370,,2026-10-09
Falkenberg,Falkenberg,Falkenbergs FF,70.416009279,1371,,2026-10-09
Rotherham United,Rotherham,Rotherham United FC,70.4135705494,1372,,2026-10-09
Salcedo,Salcedo,Salcedo FC,70.4073882188,1373,,2026-10-09
Dukla Banská Bystrica,Banská Bystric,MFK Dukla Banská Bystrica,70.399983292,1374,,2026-10-09
Nejmeh,Nejmeh,Nejmeh SC,70.3988963078,1375,,2026-10-09
Hoffenheim II,Hoffenheim II,TSG 1899 Hoffenheim II,70.3944090082,1376,,2026-10-09
APR,APR,Armée Patriotique Rwandaise FC,70.3943834756,1377,,2026-10-09
NSÍ,NSÍ,NSÍ Runavík,70.393015435,1378,,2026-10-09
Kheybar Khorramabad,Kheybar,Kheybar Khorramabad,70.3880938246,1379,,2026-10-09
Fleury,Fleury,FC Fleury 91,70.383608793,1380,,2026-10-09
Suwon,Suwon,Suwon FC,70.3666910198,1381,,2026-10-09
Vora,Vora,FK Vora,70.3661889788,1382,,2026-10-09
Guadalajara,Guadalajara,CD Guadalajara,70.359569413,1383,,2026-10-09
Skënderbeu Korçë,Skënderbeu,KS Skënderbeu Korçë,70.3567822215,1384,,2026-10-09
Al-Akhdar,Akhdar,Al-Akhdar,70.3567589786,1385,,2026-10-09
Caen,Caen,Stade Malherbe Caen,70.3491174264,1386,,2026-10-09
Fram,Fram,Fram Reykjavík,70.3442398156,1387,,2026-10-09
Jorge Wilstermann,Wilstermann,Club Jorge Wilstermann,70.3399893173,1388,,2026-10-09
Ústí nad Labem,Ústí,FK Ústí nad Labem,70.3362265742,1389,,2026-10-09
Aluminij,Aluminij,NK Aluminij,70.3271680921,1390,,2026-10-09
USFA,USFA,US des Forces Armées,70.322789796,1391,,2026-10-09
Siwelele,Siwelele,Siwelele FC,70.3100707018,1392,,2026-10-09
Cumbayá,Cumbayá,Cumbayá FC,70.2939997914,1393,,2026-10-09
Forge,Forge,Forge FC,70.2922396373,1394,,2026-10-09
Vllaznia Shkodër,Vllaznia,KS Vllaznia Shkodër,70.2672418041,1395,,2026-10-09
Mladost Lučani,Mladost Lučani,FK Mladost Lučani,70.2637576671,1396,,2026-10-09
Zob Ahan,Zob Ahan,Zob Ahan FC,70.2612746679,1397,,2026-10-09
San-Pédro,San-Pédro,San-Pédro FC,70.2416100234,1398,,2026-10-09
Boca Juniors de Cali,Boca,Club Atlético Boca Juniors de Cali,70.2410409577,1399,,2026-10-09
Aduana,Aduana,Aduana FC,70.2403882715,1400,,2026-10-09
FADEP,FADEP,Fundación Amigos por el Deporte,70.237905197,1401,,2026-10-09
Montego Bay United,Montego Bay,Montego Bay United FC,70.2345794048,1402,,2026-10-09
İmişli,İmişli,İmişli FK,70.2320517651,1403,,2026-10-09
Sochi,Sochi,PFK Sochi,70.2303096693,1404,,2026-10-09
Fajr Sepasi,Fajr,Basij Moghavemat Shahid Sepasi Fars FC,70.221903489,1405,,2026-10-09
Defensores Belgrano VR,Def Belgrano,CAyS Defensores de Belgrano de Villa Ramallo,70.2218779057,1406,,2026-10-09
Abha,Abha,Abha FC,70.2173740159,1407,,2026-10-09
Asyut Petrol,Asyut Petrol,Asyut Petroleum,70.207288339,1408,,2026-10-09
Louisville City,Louisville,Louisville City FC,70.2040902718,1409,,2026-10-09
Colombe,Colombe,Colombe Sportive du Dja et Lobo,70.2006682923,1410,,2026-10-09
Al Faisaly,Faisaly,Al Faisaly FC,70.1975139074,1411,,2026-10-09
Persija,Persija,Persatuan Sepak Bola Indonesia Jakarta,70.1973632393,1412,,2026-10-09
Shelbourne,Shelbourne,Shelbourne FC,70.1968611594,1413,,2026-10-09
Miedź Legnica,Miedź,MKS Miedź Legnica,70.1951190355,1414,,2026-10-09
Poblense,Poblense,UD Poblense,70.1651542866,1415,,2026-10-09
Port City,Port City,Port City FC,70.1497977904,1416,,2026-10-09
Nafta,Nafta,NK Nafta 1903 Lendava,70.1484295967,1417,,2026-10-09
Borneo,Borneo,Borneo FC Samarinda,70.140220863,1418,,2026-10-09
UTC Cajamarca,UTC,Club Universidad Técnica de Cajamarca,70.1386037817,1419,,2026-10-09
Cibalia,Cibalia,HNK Cibalia Vinkovci,70.1376281664,1420,,2026-10-09
Slavia Sofia,Slavia Sofia,PFK Slavia 1913 Sofia,70.1310079085,1421,,2026-10-09
Estepona,Estepona,CD Estepona FS,70.1177673325,1422,,2026-10-09
Al Shamal,Shamal,Al Shamal SC,70.1090122803,1423,,2026-10-09
Zakho,Zakho,Zakho SC,70.1030911053,1424,,2026-10-09
Dynamos,Dynamos,Dynamos FC,70.0992768334,1425,,2026-10-09
Ikorodu City,Ikorodu City,Ikorodu City FC,70.0977088518,1426,,2026-10-09
Haras El Hodood,Haras,Haras El Hodood SC,70.0961385787,1427,,2026-10-09
SJK,SJK,Seinäjoen Jalkapallokerho,70.0940734694,1428,,2026-10-09
Veres Rivne,Veres Rivne,NK Veres Rivne,70.0871046372,1429,,2026-10-09
UPNFM,UPNFM,Lobos de la Universidad Pedagógica Nacional Francisco Morazán,70.0737782868,1430,,2026-10-09
Malacateco,Malacateco,CD Malacateco-Coatepeque,70.0692462158,1431,,2026-10-09
Hallescher FC,Hallescher FC,Hallescher FC,70.0641073328,1432,,2026-10-09
HB,HB,HB Tórshavn,70.063061995,1433,,2026-10-09
Concarneau,Concarneau,US Concarneau,70.0470334196,1434,,2026-10-09
Epitsentr,Epitsentr,FK Epitsentr Kamianets-Podilskyi,70.045291176,1435,,2026-10-09
Drochtersen / Assel,Drochtersen,SV Drochtersen / Assel,70.0438973801,1436,,2026-10-09
UD Ourense,UD Ourense,UD Ourense,70.0428520327,1437,,2026-10-09
Kahraba Ismailia,Kahraba,Kahraba Ismailia SC,70.0341152474,1438,,2026-10-09
Charleston Battery,Charleston,Charleston Battery,70.0337045337,1439,,2026-10-09
Wehen Wiesbaden,Wiesbaden,SV Wehen 1926 Wiesbaden,70.0254295009,1440,,2026-10-09
Velež,Velež,FK Velež Mostar,70.0208996198,1441,,2026-10-09
Sevilla II,Sevilla II,Sevilla Atlético,70.0188089023,1442,,2026-10-09
Trujillanos,Trujillanos,Trujillanos FC,70.0180423053,1443,,2026-10-09
Unión Comercio,Unión Comercio,CD Unión Comercio,70.006543319,1444,,2026-10-09
AGMK,AGMK,FK AGMK,70.004826629,1445,,2026-10-09
Seoul E-Land,Seoul E-Land,Seoul E-Land FC,69.9997975673,1446,,2026-10-09
Dreams,Dreams,Dreams FC,69.9783624315,1447,,2026-10-09
Al Ula,Ula,Al Ula FC,69.9738138842,1448,,2026-10-09
Vejle,Vejle,Vejle BK,69.9585256836,1449,,2026-10-09
Etoile du Sahel,ES Sahel,Étoile Sportive du Sahel,69.9529247349,1450,,2026-10-09
Lokomotiv Sofia 1929,Lokomotiv Sf,FK Lokomotiv Sofia 1929,69.9470263829,1451,,2026-10-09
Waterhouse,Waterhouse,Waterhouse FC,69.9464181732,1452,,2026-10-09
Melipilla,Melipilla,CD Melipilla,69.9392904555,1453,,2026-10-09
Karviná,Karviná,MFK Karviná,69.9376178189,1454,,2026-10-09
Orléans,Orléans,US Orléans Loiret Football,69.9341331553,1455,,2026-10-09
Ponce,Ponce,Ponce FC,69.9220255109,1456,,2026-10-09
TS Galaxy,Galaxy,TS Galaxy FC,69.9194719689,1457,,2026-10-09
Curicó Unido,Curicó Unido,CD Provincial Curicó Unido,69.91629159,1458,,2026-10-09
NEC,NEC,NEC FC,69.9079747524,1459,,2026-10-09
Larne,Larne,Larne FC,69.9066041163,1460,,2026-10-09
Ashdod,Ashdod,FC Ashdod,69.9031194029,1461,,2026-10-09
Ruch Chorzów,Ruch,KS Ruch Chorzów,69.901725516,1462,,2026-10-09
ZESCO United,ZESCO,ZESCO United FC,69.9015280324,1463,,2026-10-09
Tikvesh,Tikvesh,FK Tikvesh 1930,69.8867411754,1464,,2026-10-09
Bursaspor,Bursaspor,Bursaspor Kulübü,69.8849988035,1465,,2026-10-09
Sanluqueño,Sanluqueño,Atlético Sanluqueño CF,69.8696658707,1466,,2026-10-09
Bastia,Bastia,SC Bastia,69.8560752262,1467,,2026-10-09
Olot,Olot,UE Olot,69.8536358707,1468,,2026-10-09
NAC Breda,NAC,NAC Breda,69.8449238646,1469,,2026-10-09
Bukovyna,Bukovyna,FK Bukovyna Chernivtsi,69.8379542345,1470,,2026-10-09
MO Béjaïa,MO Béjaïa,MO Béjaïa,69.8271257245,1471,,2026-10-09
Ranheim,Ranheim,Ranheim Fotball,69.815651268,1472,,2026-10-09
Rot-Weiß Oberhausen,RW Oberhausen,SC Rot-Weiß Oberhausen 1904,69.814257325,1473,,2026-10-09
Costa Brava,Costa Brava,CA Costa Brava,69.8100057933,1474,,2026-10-09
Liège,Liège,RFC de Liege,69.809727004,1475,,2026-10-09
Phönix Lübeck,Phönix Lübeck,1. FC Phönix Lübeck,69.8090300307,1476,,2026-10-09
Duhok,Duhok,Duhok FC,69.8082912388,1477,,2026-10-09
Rotor Volgograd,Rotor,FK Rotor Volgograd,69.8010148218,1478,,2026-10-09
Bristol Rovers,Bristol R,Bristol Rovers FC,69.7961359844,1479,,2026-10-09
First Vienna,First Vienna,First Vienna FC 1894,69.7863782768,1480,,2026-10-09
Spartak Kostroma,Spartak Ks,FK Spartak Kostroma,69.7759235414,1481,,2026-10-09
Torpedo BelAZ,Torpedo BelAZ,FK Torpedo-BelAZ Zhodino,69.7752265573,1482,,2026-10-09
Francs Borains,Francs Borains,Royal Francs Borains,69.7720901258,1483,,2026-10-09
Varberg,Varberg,Varbergs BoIS FC,69.7539684331,1484,,2026-10-09
Chrobry Głogów,Chrobry,MZKS Chrobry Głogów,69.750831971,1485,,2026-10-09
Walsall,Walsall,Walsall FC,69.7504834749,1486,,2026-10-09
Al Hilal,Hilal,Al Hilal SC,69.7473237583,1487,,2026-10-09
Würzburger Kickers,Würzburg,FC Würzburger Kickers,69.7463015176,1488,,2026-10-09
Real Oviedo II,Oviedo II,Real Oviedo Vetusta,69.7400285665,1489,,2026-10-09
Xerez,Xerez,Xerez CD,69.7288766087,1490,,2026-10-09
Real Valladolid II,Valladolid II,Real Valladolid CF Promesas,69.7267856102,1491,,2026-10-09
Cavalier,Cavalier,Cavalier FC,69.7244348381,1492,,2026-10-09
Pérez Zeledón,Pérez Zeledón,Municipal de Pérez Zeledón,69.7151972699,1493,,2026-10-09
Fortuna Köln,Fortuna Köln,SC Fortuna Köln,69.7149365808,1494,,2026-10-09
Bangkok United,Bangkok Utd,True Bangkok United FC,69.7056807012,1495,,2026-10-09
Meppen,Meppen,SV Meppen 1912,69.7055270113,1496,,2026-10-09
Nîmes,Nîmes,Nîmes Olympique,69.69641363,1497,,2026-10-09
Omiya Ardija,Omiya,RB Omiya Ardija,69.6784972729,1498,,2026-10-09
Árabe Unido,Árabe,CD Árabe Unido,69.6723311275,1499,,2026-10-09
Macarthur,Macarthur,Macarthur FC,69.666996489,1500,,2026-10-09
VPS,VPS,Vaasan Palloseura,69.6588270617,1501,,2026-10-09
Hafia,Hafia,Hafia FC,69.6462573846,1502,,2026-10-09
Durango,Durango,CF Alacranes de Durango,69.6428122421,1503,,2026-10-09
AFAD,AFAD,Académie de Football Amadou Diallo de Djékanou,69.6405069147,1504,,2026-10-09
Egersund,Egersund,Egersunds IK,69.6330371059,1505,,2026-10-09
Valletta,Valletta,Valletta FC,69.6312945302,1506,,2026-10-09
Espanyol II,Espanyol II,Reial Club Deportiu Espanyol II,69.6302489841,1507,,2026-10-09
Al Merreikh,Merreikh,Al-Merreikh Al-Sudan,69.6169798152,1508,,2026-10-09
Asante Kotoko,Asante Kotoko,Asante Kotoko FC,69.6096609336,1509,,2026-10-09
Jaraaf,Jaraaf,ASC les Jaraaf de Dakar,69.6056552552,1510,,2026-10-09
Spezia,Spezia,Spezia Calcio,69.6020190493,1511,,2026-10-09
Singida Black Stars,Black Stars,Singida Black Stars SC,69.5986848577,1512,,2026-10-09
Mictlán,Mictlán,CD Mictlán,69.5970519465,1513,,2026-10-09
Génération Foot,Génération Ft.,AS Académie Génération Foot,69.588229215,1514,,2026-10-09
Plateau United,Plateau Utd,Plateau United FC,69.5830013755,1515,,2026-10-09
Aurora,Aurora,Aurora FC,69.5803228841,1516,,2026-10-09
Tampa Bay Rowdies,Tampa Bay,Tampa Bay Rowdies,69.5792773134,1517,,2026-10-09
VfB Oldenburg,VfB Oldenburg,VfB Oldenburg 1897,69.5713490731,1518,,2026-10-09
Dinamo Batumi,Dinamo Batumi,FC Dinamo Batumi,69.5661211929,1519,,2026-10-09
Carl Zeiss Jena,Jena,FC Carl Zeiss Jena,69.5615903531,1520,,2026-10-09
Aigles du Congo,Aigles,FC Les Aigles du Congo,69.5608700486,1521,,2026-10-09
Gwangju,Gwangju,Gwangju FC,69.5478029494,1522,,2026-10-09
Esenler Erokspor,Erokspor,Esenler Erokspor Kulübü,69.5333595224,1523,,2026-10-09
Deportes Santa Cruz,Santa Cruz,CD Santa Cruz,69.5322442227,1524,,2026-10-09
Estrella Roja,Estrella Roja,Estrella Roja de Araulí,69.5270004251,1525,,2026-10-09
Al Karama,Karama,Al Karama SC,69.5202477462,1526,,2026-10-09
BG Pathum United,BGPU,BG Pathum United FC,69.5195719386,1527,,2026-10-09
Deportivo Rincón,Rincón,CD Rincón de Los Sauces,69.5127263857,1528,,2026-10-09
Nassaji Mazandaran,Nassaji,Nassaji Mazandaran,69.5043871363,1529,,2026-10-09
Masar,Masar,FC Masar,69.4880244677,1530,,2026-10-09
Isidro Metapán,Isidro,AD Isidro Metapán,69.4853504407,1531,,2026-10-09
Al Arabi,Arabi,Al Arabi SC,69.4841719698,1532,,2026-10-09
Arka Gdynia,Arka,MZKS Arka Gdynia,69.4831704684,1533,,2026-10-09
Chemnitzer FC,Chemnitz,Chemnitzer FC,69.480730693,1534,,2026-10-09
Bodrum,Bodrum,Bodrum FK,69.4768967547,1535,,2026-10-09
Marbella,Marbella,Marbella FC,69.4678346916,1536,,2026-10-09
Heart of Lions,Lions,Heart of Lions FC,69.4517761739,1537,,2026-10-09
Kano Pillars,Kano Pillars,Kano Pillars FC,69.4334798163,1538,,2026-10-09
Csikszereda,Csikszereda,AFK Csikszereda Miercurea Ciuc,69.4329802482,1539,,2026-10-09
RKC Waalwijk,RKC,RKC Waalwijk,69.4315860588,1540,,2026-10-09
San Antonio,San Antonio,San Antonio FC,69.4252424855,1541,,2026-10-09
Excelsior Virton,Virton,Royal Excelsior Virton,69.4221752565,1542,,2026-10-09
Torpedo Kutaisi,Kutaisi,FC Torpedo Kutaisi,69.4176441149,1543,,2026-10-09
Crewe Alexandra,Crewe,Crewe Alexandra FC,69.4172955651,1544,,2026-10-09
Al Wahda,Wahda,Al Wahda SC,69.4031374284,1545,,2026-10-09
Kecskemét,Kecskemét,Kecskeméti TE,69.401610768,1546,,2026-10-09
St. Pölten,St. Pölten,spusu SKN St. Pölten,69.3939426035,1547,,2026-10-09
Atlético Independiente,Independiente,Atlético Independiente Siguatepeque,69.3907200845,1548,,2026-10-09
Sumqayıt,Sumqayıt,FK Sumqayıt,69.3887142939,1549,,2026-10-09
Safa,Safa,FK Safa,69.3834859716,1550,,2026-10-09
Al Shabab,Shabab,Al Shabab Club,69.3708938283,1551,,2026-10-09
Zarzis,ESZ,ES Zarzis,69.3702152871,1552,,2026-10-09
Girona II,Girona II,Girona FC II,69.3691951593,1553,,2026-10-09
Oulu,Oulu,AC Oulu,69.3688466017,1554,,2026-10-09
Sportivo Belgrano,Belgrano,CS Belgrano de San Francisco,69.3687768902,1555,,2026-10-09
Al Nasr,Nasr,Al Nasr SCSC,69.3478889252,1556,,2026-10-09
Gimnástica Segoviana,Segoviana,Gimnástica Segoviana CF,69.3273678472,1557,,2026-10-09
Sacramento Republic,Sacramento,Sacramento Republic FC,69.3206572863,1558,,2026-10-09
Desportivo Huíla,Huíla,Clube Desportivo da Huíla,69.3168876384,1559,,2026-10-09
Rangers,Rangers,CSD Rangers,69.3095212803,1560,,2026-10-09
Gorée,Gorée,Union Sportive Goréenne,69.2951021525,1561,,2026-10-09
Western Sydney Wanderers,Wanderers,Western Sydney Wanderers FC,69.2912705728,1562,,2026-10-09
Deportivo Cuenca Juniors,CD Cuenca Jrs,CD Cuenca Juniors,69.2861671511,1563,,2026-10-09
Hvidovre,Hvidovre,Hvidovre IF,69.2848425809,1564,,2026-10-09
Táborsko,Táborsko,FK SILON Táborsko,69.2813568661,1565,,2026-10-09
Bibiani Gold Stars,Bibiani,Bibiani Gold Stars FC,69.2687827003,1566,,2026-10-09
Independiente FBC,Independiente,Independiente FBC (Campo Grande),69.2656013649,1567,,2026-10-09
Vision,Vision,Vision FC,69.2408966159,1568,,2026-10-09
Sportivo Las Parejas,Las Parejas,Sportivo Atlético Club Las Parejas,69.2405038681,1569,,2026-10-09
Colchester United,Colchester,Colchester United FC,69.2133842994,1570,,2026-10-09
Minsk,Minsk,FK Minsk,69.2032753753,1571,,2026-10-09
Feronikeli,Feronikeli,KF Feronikeli,69.2004889896,1572,,2026-10-09
Atlético Pantoja,CA Pantoja,Club Atlético Pantoja,69.1911636369,1573,,2026-10-09
Linares Deportivo,Linares,Linares Deportivo,69.1903777135,1574,,2026-10-09
Wellington Phoenix,Wellington,Wellington Phoenix FC,69.1870455725,1575,,2026-10-09
Getafe II,Getafe II,Getafe CF II,69.1861946714,1576,,2026-10-09
Londrina,Londrina,Londrina EC,69.1857763667,1577,,2026-10-09
Livyi Bereh,Livyi Bereh,FK Livyi Bereh,69.1544730041,1578,,2026-10-09
Breidablik,Breidablik,Breidablik UBK,69.1537758194,1579,,2026-10-09
Paykan,Paykan,Paykan FC,69.1369991944,1580,,2026-10-09
Dukla Praha,Dukla,FK Dukla Praha,69.1349517454,1581,,2026-10-09
Doma United,Doma United,Doma United FC,69.1291766561,1582,,2026-10-09
Admira Wacker,Admira,FC Admira Wacker Mödling,69.1234480634,1583,,2026-10-09
Dinamo Samarqand,Samarqand,PFK Dinamo Samarqand,69.1171291786,1584,,2026-10-09
Gernika,Gernika,SD Gernika Club,69.1095041239,1585,,2026-10-09
Ratchaburi,Ratchaburi,Ratchaburi FC,69.1093092567,1586,,2026-10-09
Covadonga,Covadonga,CD Covadonga,69.1035779222,1587,,2026-10-09
Landskrona,Landskrona,Landskrona BoIS,69.1025321202,1588,,2026-10-09
Marsaxlokk,Marsaxlokk,Marsaxlokk FC,69.1000919135,1589,,2026-10-09
Barbastro,Barbastro,UD Barbastro,69.0983489071,1590,,2026-10-09
Vitebsk,Vitebsk,FK Vitebsk,69.0938170837,1591,,2026-10-09
Arnett Gardens,Gardens,Arnett Gardens FC,69.0925114292,1592,,2026-10-09
Navalcarnero,Navalcarnero,CD Artístico Navalcarnero,69.0826617854,1593,,2026-10-09
ÍA,ÍA,ÍA Akranes,69.0805701605,1594,,2026-10-09
Lyn,Lyn,FC Lyn Oslo,69.0770841145,1595,,2026-10-09
Floridsdorfer AC,FAC Wien,Floridsdorfer AC Wien,69.0729008518,1596,,2026-10-09
Yeclano,Yeclano,Yeclano Deportivo,69.0718550348,1597,,2026-10-09
Spartak Varna,Spartak Varna,FK Spartak 1918 Varna,69.0690661872,1598,,2026-10-09
Brinje Grosuplje,Brinje,NK Brinje Grosuplje,69.0603510148,1599,,2026-10-09
San Francisco,San Francisco,San Francisco FC,69.0574743127,1600,,2026-10-09
Carlos Mannucci,Mannucci,CSD Carlos A. Mannucci,69.0557493895,1601,,2026-10-09
Jenis,Jenis,FK Jenis Astana,69.0509385889,1602,,2026-10-09
Platense,Platense,CD Platense,69.0477155561,1603,,2026-10-09
Inter Santa Tecla,Inter,Internacional Santa Tecla,69.046495422,1604,,2026-10-09
Sileks,Sileks,FK Sileks,69.0429205639,1605,,2026-10-09
Ninh Bình,Ninh Bình,CLB Ninh Bình,69.0395881942,1606,,2026-10-09
Salamanca UDS,Salamanca UDS,Salamanca CF UDS,69.026884424,1607,,2026-10-09
TransINVEST Vilnius,TransINVEST,FK TransINVEST Vilnius,69.026884424,1608,,2026-10-09
Sonnenhof Großaspach,Großaspach,SG Sonnenhof Großaspach,69.0230496771,1609,,2026-10-09
Richards Bay,Richards Bay,Richards Bay FC,69.0136115387,1610,,2026-10-09
Sporting Lagos,Sport Lagos,Sporting Lagos FC,69.0127422921,1611,,2026-10-09
Anzoátegui,Anzoátegui,Anzoátegui FC,69.0006685631,1612,,2026-10-09
Al Ramtha,Ramtha,Al Ramtha SC,68.9909328543,1613,,2026-10-09
Municipal Limeño,Limeño,CD Municipal Limeño,68.9886254056,1614,,2026-10-09
Boca Unidos,Boca Unidos,CA Boca Unidos,68.9842834872,1615,,2026-10-09
Shinnik,Shinnik,FK Shinnik Yaroslavl,68.9784266638,1616,,2026-10-09
Al Ahli,Ahli,Al Ahli SC (Doha),68.9700156191,1617,,2026-10-09
Kruger United,Kruger,Kruger United FC,68.9627131155,1618,,2026-10-09
Široki Brijeg,Široki Brijeg,NK Široki Brijeg,68.9585551792,1619,,2026-10-09
Tlaxcala,Tlaxcala,Tlaxcala FC,68.9568288014,1620,,2026-10-09
Mačva Šabac,Mačva,FK Mačva Šabac,68.9540230604,1621,,2026-10-09
Stjarnan,Stjarnan,UMF Stjarnan,68.9362431172,1622,,2026-10-09
Juventud Unida Univ.,Juventud UU,CA Juventud Unida Universitario,68.9340816238,1623,,2026-10-09
Puszcza Niepołomice,Puszcza,MKS Puszcza Niepołomice,68.9285732922,1624,,2026-10-09
Valur,Valur,Valur Reykjavík,68.9271787756,1625,,2026-10-09
Union Brescia,Union Brescia,Union Brescia Srl,68.920206179,1626,,2026-10-09
Antalyaspor,Antalyaspor,Antalyaspor Kulübü,68.9195089181,1627,,2026-10-09
Plaza Colonia,Plaza Colonia,Club Plaza Colonia de Deportes,68.9006130611,1628,,2026-10-09
York City,York,York City FC,68.8982423514,1629,,2026-10-09
Remo Stars,Remo Stars,Remo Stars FC,68.890374814,1630,,2026-10-09
AJEL,AJEL,AJEL de Rufisque,68.8851452788,1631,,2026-10-09
Bravos do Maquis,Bravos,Bravos do Maquis FC,68.880787323,1632,,2026-10-09
Shooting Stars,Shooting Stars,Shooting Stars FC (3SC),68.8725943422,1633,,2026-10-09
Jicaral,Jicaral,Asociación Deportiva y Recreativa Jicaral Sercoba,68.87130952,1634,,2026-10-09
Bechem United,Bechem Utd,Bechem United FC,68.8643990382,1635,,2026-10-09
Dubai United,Dubai,Dubai United FC,68.8581049403,1636,,2026-10-09
Waterford,Waterford,Waterford FC,68.8428088317,1637,,2026-10-09
Stuttgart II,Stuttgart II,VfB Stuttgart 1893,68.8421115455,1638,,2026-10-09
Interclube,Interclube,GD Interclube,68.8379045648,1639,,2026-10-09
La Unión Atlético,Unión Atlético,FC La Unión Atlético,68.8340927387,1640,,2026-10-09
Galway United,Galway Utd,Galway United FC,68.8326981606,1641,,2026-10-09
Nasarawa United,Nasarawa Utd,Nasarawa United FC,68.8276195478,1642,,2026-10-09
Prachuap,Prachuap,PT Prachuap FC,68.8227411947,1643,,2026-10-09
USFAS Bamako,USFAS,US des Forces Armées et de Sécurité de Bamako,68.8215182449,1644,,2026-10-09
Mes Shahr-e Babak,Mes Shahr-e B.,Mes Shahr-e Babak Kerman FC,68.8214973731,1645,,2026-10-09
Valenciennes,Valenciennes,Valenciennes FC,68.8145685616,1646,,2026-10-09
Vlašim,Vlašim,FC Sellier & Bellot Vlašim,68.8107334345,1647,,2026-10-09
Comerciantes,Comerciantes,AD Comerciantes FC,68.8103150565,1648,,2026-10-09
Mondorf-les-Bains,Mondorf,US Mondorf-les-Bains,68.8079442467,1649,,2026-10-09
Binga,Binga,Binga FC,68.8047831484,1650,,2026-10-09
Oldham Athletic,Oldham,Oldham Athletic AFC,68.8041091077,1651,,2026-10-09
Thể Công – Viettel,Viettel,Thể Công – Viettel FC,68.8021709653,1652,,2026-10-09
Alianza,Alianza,Alianza FC Panama,68.7831021955,1653,,2026-10-09
KCCA,KCCA,Kampala Capital City Authority FC,68.7814235221,1654,,2026-10-09
Stade d'Abidjan,Stade Abidjan,Stade d'Abidjan,68.7718355425,1655,,2026-10-09
San Martín Mendoza,SM Mendoza,Atlético Club San Martín de Mendoza,68.7670822293,1656,,2026-10-09
Pogoń Grodzisk Maz.,Pogoń GM,GKS Pogoń Grodzisk Mazowiecki,68.766803305,1657,,2026-10-09
Shandong Taishan,Taishan,Shandong Taishan FC,68.7666084066,1658,,2026-10-09
Fleetwood Town,Fleetwood,Fleetwood Town FC,68.7657573386,1659,,2026-10-09
Bentín Tacna Heroica,Tacna Heroica,CD Bentín Tacna Heroica,68.7646416404,1660,,2026-10-09
Slavia Mozyr,Slavia,FK Slavia-Mozyr,68.7633167481,1661,,2026-10-09
Sporting Gijón II,Gijón II,Real Sporting de Gijón II,68.7577382452,1662,,2026-10-09
St. John's,St. John's,St. John's SC,68.7536431289,1663,,2026-10-09
Oddevold,Oddevold,IK Oddevold,68.7399566701,1664,,2026-10-09
Quevilly-Rouen Métropole,QRM,Quevilly-Rouen Métropole,68.7392593504,1665,,2026-10-09
Chippa United,Chippa Utd,Chippa United FC,68.7350498753,1666,,2026-10-09
Fafe,Fafe,AD Fafe,68.730542835,1667,,2026-10-09
Badajoz,Badajoz,CD Badajoz,68.7256615708,1668,,2026-10-09
Sarmiento de La Banda,Sar La Banda,CA Sarmiento de La Banda,68.723848527,1669,,2026-10-09
Atlético CP,Atlético CP,Atlético Clube de Portugal,68.7214776213,1670,,2026-10-09
Coruxo,Coruxo,Coruxo FC,68.7138070257,1671,,2026-10-09
Ravenna,Ravenna,Ravenna FC,68.712412369,1672,,2026-10-09
Bandırmaspor,Bandırma,Bandırmaspor SK,68.7120637047,1673,,2026-10-09
Bartolomé Mitre,Bartolomé Mit.,CA Bartolomé Mitre,68.7109479785,1674,,2026-10-09
Sarıyer,Sarıyer,Sarıyer SK,68.7096230529,1675,,2026-10-09
Vita Club,Vita,AS Vita Club,68.7095997923,1676,,2026-10-09
Al Karkh,Karkh,Al Karkh SC,68.7081865537,1677,,2026-10-09
Marino de Luanco,Marino Luanco,Club Marino de Luanco,68.703695744,1678,,2026-10-09
Ouakam,Ouakam,US Ouakam,68.7000114902,1679,,2026-10-09
La Unión,La Unión,CD La Unión,68.6973500186,1680,,2026-10-09
Northampton Town,Northampton,Northampton Town FC,68.6967224184,1681,,2026-10-09
Al Salmiyah,Salmiyah,Al Salmiyah SC,68.6949349514,1682,,2026-10-09
Cieza,Cieza,CD Cieza,68.6935844144,1683,,2026-10-09
Costa do Sol,Costa do Sol,CD Costa do Sol,68.6900744771,1684,,2026-10-09
Intercity,Intercity,CF Intercity Sant Joan d'Alacant,68.6883543975,1685,,2026-10-09
Gor Mahia,Gor Mahia,Gor Mahia FC,68.678914782,1686,,2026-10-09
Lion City Sailors,Lion City,Lion City Sailors FC,68.6783990505,1687,,2026-10-09
Bnei Sakhnin,Sakhnin,Ihoud Bnei Sakhnin FC,68.6771969853,1688,,2026-10-09
Potenza,Potenza,SSD Potenza Calcio,68.6768483152,1689,,2026-10-09
Iğdır,Iğdır,Iğdır FK,68.6726642699,1690,,2026-10-09
Detroit City,Detroit City,Detroit City FC,68.6687410324,1691,,2026-10-09
Berekum Chelsea,Chelsea,Berekum Chelsea FC,68.6681059919,1692,,2026-10-09
Borussia Dortmund II,Dortmund II,BV Borussia 09 Dortmund II,68.6660395147,1693,,2026-10-09
Daegu,Daegu,Daegu FC,68.664101247,1694,,2026-10-09
Rustavi,Rustavi,FC Rustavi,68.6622041208,1695,,2026-10-09
Qəbələ,Qəbələ,FK Qəbələ,68.659066066,1696,,2026-10-09
Fredericia,Fredericia,FC Fredericia,68.649651874,1697,,2026-10-09
Östersund,Östersunds,Östersunds FC,68.6493031994,1698,,2026-10-09
Terrassa,Terrassa,Terrassa FC,68.6489545248,1699,,2026-10-09
CAPS United,CAPS,Central African Pharmaceutical Society United FC,68.6485825888,1700,,2026-10-09
Oriental,Oriental,Club Oriental de Futbol,68.6471414158,1701,,2026-10-09
Kataller Toyama,Toyama,Kataller Toyama,68.6466675665,1702,,2026-10-09
Heilbronn-Freiberg,H.-Freiberg,SGV Heilbronn-Freiberg,68.6447704248,1703,,2026-10-09
Tampines Rovers,Tampines,Tampines Rovers FC,68.6320254566,1704,,2026-10-09
Unterhaching,Unterhaching,SpVgg Unterhaching,68.6311720429,1705,,2026-10-09
TPS,TPS,Turun Palloseura,68.6304746876,1706,,2026-10-09
Llapi,Llapi,KF Llapi Podujevë,68.6301283019,1707,,2026-10-09
Kwara United,Kwara Utd,Kwara United,68.6198167302,1708,,2026-10-09
Karela United,Karela,Karela United FC,68.6178967005,1709,,2026-10-09
Valencia II,Valencia II,Valencia CF Mestalla,68.608159199,1710,,2026-10-09
Shams Azar Qazvin,Shams Azar,Shams Azar Qazvin,68.6081150653,1711,,2026-10-09
Paradou AC,Paradou,Paradou AC,68.6001139594,1712,,2026-10-09
Deportivo Lara,Deportivo Lara,AC Lara,68.5906553241,1713,,2026-10-09
Mafra,Mafra,CD Mafra,68.5900276924,1714,,2026-10-09
Kitara,Kitara,Kitara FC,68.5882610083,1715,,2026-10-09
FC Tulsa,Tulsa,FC Tulsa,68.582966136,1716,,2026-10-09
La Nucía,La Nucía,CF La Nucía,68.5715473441,1717,,2026-10-09
Green Eagles,Eagles,Green Eagles FC,68.571001051,1718,,2026-10-09
Volendam,Volendam,FC Volendam,68.5631788318,1719,,2026-10-09
Shonan Bellmare,Shonan,Shonan Bellmare,68.5594970246,1720,,2026-10-09
Katsina United,Katsina Utd,Katsina United FC,68.5521718471,1721,,2026-10-09
Cruz Azul Hidalgo,CA Hidalgo,CD Cruz Azul Hidalgo,68.5356489933,1722,,2026-10-09
Enyimba,Enyimba,Enyimba International FC,68.5333424767,1723,,2026-10-09
Maestro United Zambia,MUZA,Maestro United Zambia FC,68.5295068438,1724,,2026-10-09
Racing United,Racing Utd,Racing United FC,68.5224706413,1725,,2026-10-09
Gent II,Jong Gent,Jong KAA Gent (KRC Gent II),68.5195922981,1726,,2026-10-09
Hødd,Hødd,IL Hødd,68.5112235814,1727,,2026-10-09
Paraguarí,Paraguarí,CA Paraguarí,68.5080155647,1728,,2026-10-09
Warta Poznań,Warta Poznań,Warta Poznań,68.5032035304,1729,,2026-10-09
Reddis,Reddis,CF Reddis,68.5004139404,1730,,2026-10-09
Guillermo Brown,Guillermo Br,CSA Guillermo Brown,68.4783760504,1731,,2026-10-09
Paredes,Paredes,USC Paredes,68.46101059,1732,,2026-10-09
Liepāja,Liepāja,FK Liepāja,68.4571748267,1733,,2026-10-09
Bordeaux,Bordeaux,FC Girondins de Bordeaux,68.4445690646,1734,,2026-10-09
Tenerife II,Tenerife II,CD Tenerife II,68.4362523591,1735,,2026-10-09
Baník Ostrava II,Baník II,FC Baník Ostrava II,68.4348575206,1736,,2026-10-09
Abia Warriors,Abia,Abia Warriors FC,68.4336137726,1737,,2026-10-09
Kabwe Warriors,Warriors,Kabwe Warriors FC,68.4269882733,1738,,2026-10-09
US Chaouia,Chaouia,Union Sportive des Chaouia,68.4236732238,1739,,2026-10-09
Don Benito,Don Benito,CD Don Benito,68.4107964124,1740,,2026-10-09
Sporting Hasselt,Hasselt,Koninklijke Sporting Hasselt,68.4097502711,1741,,2026-10-09
Pendikspor,Pendik,Pendik SK,68.4052169861,1742,,2026-10-09
Central Coast Mariners,Central Coast,Central Coast Mariners FC,68.3994426131,1743,,2026-10-09
Lierse SK,Lierse,Koninklijke Lierse SK,68.3975452509,1744,,2026-10-09
Swindon Town,Swindon,Swindon Town FC,68.393709373,1745,,2026-10-09
Vitesse,Vitesse,Vitesse,68.3804581049,1746,,2026-10-09
Manila Digger,Manila Digger,Manila Digger FC,68.3706756774,1747,,2026-10-09
Orsomarso,Orsomarso,Orsomarso SC,68.3685318928,1748,,2026-10-09
Konkola Blades,Blades,Konkola Blades FC,68.3603834222,1749,,2026-10-09
Kriens,Kriens,SC Kriens,68.3563963802,1750,,2026-10-09
Tropezón,Tropezón,CD Tropezón,68.3550014893,1751,,2026-10-09
Catania,Catania,Calcio Catania,68.3480270207,1752,,2026-10-09
Albirex Niigata,Albirex,Albirex Niigata,68.3460884631,1753,,2026-10-09
Azuaga,Azuaga,CD Azuaga,68.3278009324,1754,,2026-10-09
Sporting San Miguelito,San Miguelito,AF Sporting San Miguelito,68.3158563002,1755,,2026-10-09
Castellón II,Castellón II,CD Castellón II,68.3135030639,1756,,2026-10-09
Marítimo,Maritimo,Club Sport Marítimo de Venezuela,68.3127358585,1757,,2026-10-09
Al Wakrah,Wakrah,Al Wakrah SC,68.3110178148,1758,,2026-10-09
Suchitepéquez,Suchitepéquez,CD Suchitepéquez,68.3015583512,1759,,2026-10-09
Nkana,Nkana,Nkana FC,68.2979612715,1760,,2026-10-09
Ashantigold,Ashantigold,Ashantigold FC,68.2963896835,1761,,2026-10-09
Panevėžys,Panevėžys,FK Panevėžys,68.2925791802,1762,,2026-10-09
Sanat Naft,Sanat Naft,Sanat Naft FC,68.2921863067,1763,,2026-10-09
Batman Petrolspor,Batman,Batman Petrol SK,68.2831633651,1764,,2026-10-09
Perth Glory,Perth,Perth Glory FC,68.2756449811,1765,,2026-10-09
Pharco,Pharco,Pharco FC,68.2674446892,1766,,2026-10-09
Unión San Felipe,San Felipe,CD Unión San Felipe,68.2674004996,1767,,2026-10-09
MWOS,MWOS,Moors World of Sport FC,68.2650058194,1768,,2026-10-09
Manresa,Manresa,CE Manresa,68.2552644082,1769,,2026-10-09
Hannover 96 II,Hannover II,Hannoverscher Sportverein 1896 II,68.2535207112,1770,,2026-10-09
Hartford Athletic,Hartford Ath,Hartford Athletic,68.2335545905,1771,,2026-10-09
Partick Thistle,Partick,Partick Thistle FC,68.2263188521,1772,,2026-10-09
UD Logroñés II,Logroñés II,UD Logroñés II,68.2186464697,1773,,2026-10-09
Lusail City,Lusail City,Lusail City FC,68.213371142,1774,,2026-10-09
Esteghlal Khuzestan,Khuzestan,Esteghlal Meli-Sanati Khuzestan FC,68.2043037225,1775,,2026-10-09
Kazma,Kazma,Kazma,68.2015137395,1776,,2026-10-09
Barranquilla,Barranquilla,CD Barranquilla FC,68.1952106568,1777,,2026-10-09
Escorpiones Belén,Escorpiones,CD Escorpiones de Belén FC,68.1948437824,1778,,2026-10-09
Platinum,Platinum,FC Platinum,68.1903746468,1779,,2026-10-09
ASM Oran,ASM Oran,ASM d'Oran,68.1889773541,1780,,2026-10-09
Choloma,Choloma,CD Choloma,68.1878710792,1781,,2026-10-09
Ciudad de Lucena,Lucena,CD Ciudad de Lucena,68.1802841406,1782,,2026-10-09
UMECIT,UMECIT,UMECIT FC,68.1638048753,1783,,2026-10-09
Soroksár SC,Soroksár,Soroksár Sport Club 1905,68.1583126753,1784,,2026-10-09
Herentals,Herentals,Herentals College FC,68.1537555858,1785,,2026-10-09
Atenas,Atenas,CA Atenas,68.151267808,1786,,2026-10-09
Castellonense,Castellonense,UD Castellonense,68.1419211161,1787,,2026-10-09
Banga,Banga,FK Banga Gargždai,68.1412236001,1788,,2026-10-09
Ben Guerdane,USBG,Union Sportive de Ben Guerdane,68.1405005245,1789,,2026-10-09
Tepatitlán,Tepa,Tepatitlán FC,68.1370552496,1790,,2026-10-09
Slatina,Slatina,CSM Slatina,68.1335509091,1791,,2026-10-09
Weiche Flensburg,Weiche,SC Weiche Flensburg 08,68.1307608328,1792,,2026-10-09
Radomlje,Radomlje,NK Radomlje,68.1234368649,1793,,2026-10-09
Milo,Milo,Milo FC,68.1234135979,1794,,2026-10-09
Coleraine,Coleraine,Coleraine FC,68.1230881039,1795,,2026-10-09
Boreham Wood,Boreham Wood,Boreham Wood FC,68.1227219048,1796,,2026-10-09
Racing Santander II,Santander II,Rayo Cantabria,68.1199492522,1797,,2026-10-09
Kiryat Yam SC,Kiryat Yam SC,Kiryat Yam Sports Club,68.1039061598,1798,,2026-10-09
Pars Jonoubi Jam,Pars Jam,FC Pars Jonoubi Jam,68.1028157226,1799,,2026-10-09
Čelik,Čelik,NK Čelik Zenica,68.0941407395,1800,,2026-10-09
RSD Alcalá,Alcalá,RSD Alcalá,68.0906530785,1801,,2026-10-09
Al Gharafa,Gharafa,Al Gharafa SC,68.090608934,1802,,2026-10-09
Varzim,Varzim,Varzim SC,68.0857703434,1803,,2026-10-09
Kun Khalifat,Kun Khalifat,Kun Khalifat FC,68.0831313204,1804,,2026-10-09
Wally Daan,Wally Daan,Wally Daan FC,68.0702268786,1805,,2026-10-09
Rapperswil-Jona,Rapperswil,FC Rapperswil-Jona,68.0683319117,1806,,2026-10-09
Daquilema,Daquilema,Daquilema FC,68.0448944326,1807,,2026-10-09
Příbram,Příbram,FK Příbram,68.0327570644,1808,,2026-10-09
El Linqueño,Linqueño,CA El Linqueño,68.0326873092,1809,,2026-10-09
Bani Yas,Bani Yas,Bani Yas Club,68.0309690382,1810,,2026-10-09
Rhode Island,Rhode Island,Rhode Island FC,68.0284838669,1811,,2026-10-09
Swedru All Blacks,All Blacks,Swedru All Blacks United FC,67.9964584929,1812,,2026-10-09
Resistencia,Resistencia,Resistencia SC,67.9939728224,1813,,2026-10-09
Nueva Santa Rosa,Santa Rosa,Nueva Santa Rosa CDF,67.9883741703,1814,,2026-10-09
Basake Holy Stars,Holy Stars,Basake Holy Stars FC,67.9849486571,1815,,2026-10-09
Sacachispas,Sacachispas,CSyD Sacachispas,67.9845375507,1816,,2026-10-09
Salernitana,Salernitana,US Salernitana 1919,67.9661398065,1817,,2026-10-09
FH,FH,FH Hafnarfjörður,67.9539322275,1818,,2026-10-09
Polonia Bytom,Pl Bytom,TS Polonia Bytom,67.9441661134,1819,,2026-10-09
Deportivo Llacuabamba,Llacuabamba,CSCD Llacuabamba,67.9420036106,1820,,2026-10-09
Real Ávila,Ávila,Real Ávila CF,67.9385854564,1821,,2026-10-09
ES Mostaganem,ES Mostaganem,ES Mostaganem,67.9361183526,1822,,2026-10-09
Dewa United,Dewa United,Dewa United Banten FC,67.9314146394,1823,,2026-10-09
Thionville Lusitanos,Thionville,US Thionville Lusitanos,67.9249825432,1824,,2026-10-09
Sesvete,Radnik,NK Sesvete,67.9242849556,1825,,2026-10-09
Amstetten,Amstetten,SKU Ertl Glas Amstetten,67.9194018355,1826,,2026-10-09
Highlanders,Highlanders,Highlanders FC,67.917983387,1827,,2026-10-09
Tokushima Vortis,Tokushima,Tokushima Vortis,67.9122309532,1828,,2026-10-09
Atert Bissen,Atert,FC Atert Bissen,67.89359087,1829,,2026-10-09
Júbilo Iwata,Júbilo,Júbilo Iwata,67.8895590988,1830,,2026-10-09
Marumo Gallants,Gallants,Marumo Gallants FC,67.8844965148,1831,,2026-10-09
Independiente Chivilcoy,Ind Chivilcoy,Atlético Independiente de Chivilcoy,67.8844523172,1832,,2026-10-09
Correcaminos UAT,Correcaminos,CF Correcaminos de la UAT,67.8726795802,1833,,2026-10-09
Río Aguarico,Río Aguarico,Río Aguarico Fútbol Club,67.8631753803,1834,,2026-10-09
Unión Minas Volcán,Minas Volcán,CD Unión Minas,67.8575945088,1835,,2026-10-09
Palmeira,Palmeira,Grupo Desportivo da Palmeira,67.8436887567,1837,,2026-10-09
Zemun,Zemun,FK Zemun,67.8370846789,1838,,2026-10-09
CS-Disciples,CS-Disciples,Caisse Nationale de Prévoyance Sociale Sport - Disciples FC,67.8300852323,1839,,2026-10-09
Bogotá,Bogotá,Corporación Deportiva Bogotá FC,67.822364916,1840,,2026-10-09
Yenisey,Yenisey,FK Yenisey Krasnoyarsk,67.8192953789,1841,,2026-10-09
Kagoshima United,Kagoshima Utd,Kagoshima United FC,67.8149146535,1842,,2026-10-09
Lokomotiv,Lokomotiv,FK Lokomotiv Tashkent,67.8115773665,1843,,2026-10-09
Kansanshi Dynamos,Kansanshi,Kansanshi Dynamos FC,67.8075868982,1844,,2026-10-09
FC Santa Coloma,FC St. Coloma,FC Santa Coloma,67.792436739,1845,,2026-10-09
Colorado Springs,Switchbacks,Colorado Springs Switchbacks FC,67.7895583194,1846,,2026-10-09
Ferizaj,Ferizaj,KF Ferizaj,67.787555606,1847,,2026-10-09
1860 München,1860 München,TSV 1860 München,67.781972241,1848,,2026-10-09
Defence Force,Defence,Defence Force FC,67.7787449891,1849,,2026-10-09
Kalba,Kalba,Al Ittihad Kalba,67.7679753447,1850,,2026-10-09
Manacor,Manacor,CE Manacor,67.7662753964,1851,,2026-10-09
Cheltenham Town,Cheltenham,Cheltenham Town FC,67.7655777561,1852,,2026-10-09
Khorfakkan,Khorfakkan,Khorfakkan Club,67.7648359642,1853,,2026-10-09
Stockholm Inter,Stockholm Int.,FC Stockholm Internazionale,67.7610430887,1854,,2026-10-09
Dundalk,Dundalk,Dundalk FC,67.7579036979,1855,,2026-10-09
Aigle Noir,Aigle Noir,Aigle Noir Makamba,67.7573571964,1856,,2026-10-09
Obolon Kyiv,Obolon,FK Obolon Kyiv,67.7551131244,1857,,2026-10-09
Atlético Tembetary,Tembetary,Club Atlético Tembetary,67.7494622016,1858,,2026-10-09
Henan,Henan,Henan FC,67.7388722616,1859,,2026-10-09
Saipa,Saipa,Saipa FC,67.7386742781,1860,,2026-10-09
Colón,Colón,Colón FC,67.738648665,1861,,2026-10-09
SOA,SOA,Société Omnisports de l'Armée,67.7381719217,1862,,2026-10-09
Rentistas,Rentistas,CA Rentistas,67.7285327256,1863,,2026-10-09
Roda JC,Roda JC,Roda JC Kerkrade,67.7275560116,1864,,2026-10-09
11 de Mayo,11 de Mayo,11 de Mayo FC,67.7236491512,1865,,2026-10-09
Xamax,Xamax,Neuchâtel Xamax FCS,67.7160447056,1866,,2026-10-09
WE,WE,WE SC (Telecom Egypt),67.7135773408,1867,,2026-10-09
Benjamín Aceval,B. Aceval,Club Dr. Benjamín Aceval,67.7121378237,1868,,2026-10-09
Kaspiy,Kaspiy,FK Kaspiy Aktau,67.7069751473,1869,,2026-10-09
Bayelsa United,Bayelsa Utd,Bayelsa United FC,67.6879405589,1870,,2026-10-09
Laredo,Laredo,CD Laredo,67.6860452479,1871,,2026-10-09
Sportivo Carapeguá,Carapeguá,Club Sportivo Carapeguá,67.6849289808,1872,,2026-10-09
BATE,BATE,FK BATE Borisov,67.6843010802,1873,,2026-10-09
Öster,Öster,Östers IF,67.6836034127,1874,,2026-10-09
Sandviken,Sandviken,Sandvikens IF,67.6783708992,1875,,2026-10-09
Mineros,Mineros,Mineros SC,67.6769057931,1876,,2026-10-09
CI Kamsar,Kamsar,Club Industriel de Kamsar,67.6560220894,1877,,2026-10-09
Germinal de Rawson,Ger Rawson,CA Germinal Trelew,67.6549290785,1878,,2026-10-09
Kuching City,Kuching City,Kuching City FC,67.6499200995,1879,,2026-10-09
Odra Opole,Odra,OKS Odra Opole,67.6452313439,1880,,2026-10-09
Cittadella,Cittadella,AS Cittadella,67.6368591629,1881,,2026-10-09
Atlético Madrid III,A Madrid III,Club Atlético de Madrid III,67.6316265328,1882,,2026-10-09
Naft Maysan,Maysan,Naft Maysan,67.6305381441,1883,,2026-10-09
Niger Tornadoes,Tornadoes,Niger Tornadoes FC,67.6185216279,1884,,2026-10-09
Toledo,Toledo,CD Toledo,67.6159285642,1885,,2026-10-09
Ferroviário Beira,Ferro Beira,Clube Ferroviário da Beira,67.6138122202,1886,,2026-10-09
Mallorca II,Mallorca II,Real Club Deportivo Mallorca II,67.6120912652,1887,,2026-10-09
Sport Huancayo II,Huancayo II,Club Sport Huancayo II,67.6022537936,1888,,2026-10-09
Lexington,Lexington,Lexington SC,67.6022356633,1889,,2026-10-09
Kazincbarcika,Kazincbarcika,Kolorcity Kazincbarcika SC,67.598835087,1890,,2026-10-09
Delfines Del Este,Delfines,Delfines Del Este FC,67.5978773602,1891,,2026-10-09
Quick Boys,Quick Boys,kvv Quick Boys,67.597439695,1892,,2026-10-09
América Mineiro,América MG,América FC (Minas Gerais),67.5956256839,1893,,2026-10-09
Debibi United,Debibi,Debibi United FC,67.5911348533,1894,,2026-10-09
Vysočina Jihlava,Vysočina,FC Vysočina Jihlava,67.5894161727,1895,,2026-10-09
Chornomorets,Chornomorets,FK Chornomorets Odesa,67.588369624,1896,,2026-10-09
Persebaya Surabaya,Persebaya,Persatuan Sepak Bola Surabaya,67.5878257674,1897,,2026-10-09
Etoile Carouge,Etoile Carouge,Etoile Carouge FC,67.5852299749,1898,,2026-10-09
Peña Sport,Peña Sport,Peña Sport FC,67.5820903211,1899,,2026-10-09
Simba Bhora,Simba Bhora,Simba Bhora FC,67.5747411709,1900,,2026-10-09
Stal Rzeszów,Stal Rzeszów,ZKS Stal Rzeszów,67.5733690359,1901,,2026-10-09
Lokomotive Leipzig,Lok Leipzig,1. FC Lokomotive Leipzig,67.5716247745,1902,,2026-10-09
Cuarte,Cuarte,CD Cuarte Industrial,67.5716247745,1903,,2026-10-09
St Maur Lusitanos,St Maur Lusita,Lusitanos St Maur US,67.5705258891,1904,,2026-10-09
Deportivo Miranda,Miranda,Deportivo Miranda Fútbol Club,67.5691130355,1905,,2026-10-09
Nam Định,Nam Định,Thép Xanh Nam Định FC,67.5686389445,1906,,2026-10-09
Atlético Astorga,Astorga,Atlético Astorga FC,67.5656942749,1907,,2026-10-09
Mura,Mura,NŠ Mura,67.5639500071,1908,,2026-10-09
Le Geldar,Le Geldar,ASC Le Geldar de Kourou,67.5607247148,1909,,2026-10-09
Warri Wolves,Warri,Warri Wolves FC,67.5574729304,1910,,2026-10-09
Métlaoui,Métlaoui,Étoile Sportive de Métlaoui,67.5562496452,1911,,2026-10-09
Golden Lion,Golden Lion,Golden Lion de Saint-Joseph,67.5521777685,1912,,2026-10-09
Zanaco,Zanaco,Zanaco FC,67.5421232638,1913,,2026-10-09
Stella,Stella,Stella Club d'Adjamé,67.541425549,1914,,2026-10-09
Señor Montúfar,Señor,CD Señor Montúfar,67.5412046222,1915,,2026-10-09
Defensores Vilelas,Defensores V.,Club Atlético Defensores de Vilelas,67.534925178,1916,,2026-10-09
Hurricanes,Hurricanes,Hurricanes SC,67.530897465,1917,,2026-10-09
Gimnasia Concepción,Gim Concepción,Club Gimnasia y Esgrima de Concepción del Uruguay,67.5272502761,1918,,2026-10-09
Dorados,Dorados,CSyD Dorados de Sinaloa,67.5269879433,1919,,2026-10-09
El Nacional,El Nacional,CD El Nacional,67.519226485,1920,,2026-10-09
Liefering,Liefering,FC Liefering,67.5144121956,1921,,2026-10-09
Aviced,Aviced,Aviced Fútbol Club,67.513295837,1922,,2026-10-09
Zhejiang,Zhejiang,Zhejiang Professional FC,67.5121240088,1923,,2026-10-09
CA Batna,Batna,CA Batna,67.5098514183,1924,,2026-10-09
Mes Rafsanjan,Rafsanjan,Mes Rafsanjan,67.5063441985,1925,,2026-10-09
Qatar SC,Qatar,Qatar SC,67.4962271384,1926,,2026-10-09
Silver Strikers,Strikers,Silver Strikers FC,67.4938059651,1927,,2026-10-09
Fénix,Fénix,CA Fénix,67.4902708092,1928,,2026-10-09
Brisbane Roar,Brisbane,Brisbane Roar FC,67.4897967003,1929,,2026-10-09
Portugalete,Portugalete,Club Portugalete,67.4872007863,1930,,2026-10-09
Gütersloh,Gütersloh,FC Gütersloh 2000,67.4795257095,1931,,2026-10-09
Seraing,Seraing,RFC Seraing,67.4767347655,1932,,2026-10-09
Sogdiana,Sogdiana,FK Sogdiana Jizak,67.4599448654,1933,,2026-10-09
Melgar II,Melgar II,FBC Melgar II,67.4594308295,1934,,2026-10-09
Wil,Wil,FC Wil 1900,67.459291281,1935,,2026-10-09
Sivasspor,Sivas,Sivasspor Kulübü,67.4589424099,1936,,2026-10-09
Pogoń Siedlce,P Siedlce,MKP Pogoń Siedlce,67.4554536949,1937,,2026-10-09
El Bayadh,Bayadh,MC El Bayadh,67.4498461713,1938,,2026-10-09
El Paso Locomotive,El Paso Loco,El Paso Locomotive FC,67.4466439759,1939,,2026-10-09
Chicken Inn,Chicken Inn,Chicken Inn FC,67.4383356331,1940,,2026-10-09
Trento,Trento,AC Trento,67.4209151032,1941,,2026-10-09
Deportivo Capiatá,Capiatá,Deportivo Capiatá,67.4100300954,1942,,2026-10-09
Izarra,Izarra,CD Izarra,67.4031222726,1943,,2026-10-09
Veraguas United,Veraguas Utd,Veraguas United FC,67.4030343645,1944,,2026-10-09
Grorud,Grorud,Grorud IL,67.4027733921,1945,,2026-10-09
Oliveirense,Oliveirense,UD Oliveirense,67.3968424139,1946,,2026-10-09
Llanera,Llanera,UD Llanera,67.3902136537,1947,,2026-10-09
Sliema Wanderers,Sliema,Sliema Wanderers FC,67.3877714736,1948,,2026-10-09
Casa Sport,Casa,Casa Sport,67.3833871553,1949,,2026-10-09
Guaranda,Guaranda,Guaranda FC,67.3786307169,1950,,2026-10-09
Alianza Universidad,Alianza Univ,CDS y C Alianza Universidad de Huánuco,67.3779329476,1951,,2026-10-09
Septemvri Sofia,Septemvri,PFK Septemvri Sofia,67.3741649892,1952,,2026-10-09
Mouna,Mouna,FC Mouna d'Akoupé,67.3736183858,1953,,2026-10-09
USM Annaba,Annaba,USM Annaba,67.3723949931,1954,,2026-10-09
Bijelo Brdo,Bijelo Brdo,BSK Bijelo Brdo,67.3717227903,1955,,2026-10-09
Santos,Santos,Santos FC,67.3713041274,1956,,2026-10-09
Sagrada Esperança,Sagrada,GD Sagrada Esperança,67.3511151536,1957,,2026-10-09
Matlama,Matlama,Matlama FC,67.3479751501,1958,,2026-10-09
Mezőkövesd,Mezőkövesd,Mezőkövesd Zsóry SE,67.3469517545,1959,,2026-10-09
Znicz Pruszków,Znicz,MKS Znicz Pruszków,67.3455561945,1960,,2026-10-09
Sogndal,Sogndal,Sogndal Fotball,67.3448584141,1961,,2026-10-09
Kabuscorp,Kabuscorp,Kabuscorp SC do Palanca,67.3413462331,1962,,2026-10-09
Mighty Wanderers,Wanderers,Mighty Wanderers FC,67.3382062132,1963,,2026-10-09
Kapaz,Kapaz,FK Kapaz,67.3354383562,1964,,2026-10-09
Lorca Deportiva,Lorca,CF Lorca Deportiva,67.330553865,1965,,2026-10-09
Altglienicke,Altglienicke,VSG Altglienicke,67.3288094011,1966,,2026-10-09
Shrewsbury Town,Shrewsbury,Shrewsbury Town FC,67.3242737881,1967,,2026-10-09
Gaz Al-Shamal,Gaz Al-Shamal,Gaz Al-Shamal SC,67.3015537075,1968,,2026-10-09
Huracán Las Heras,Las Heras,CA Huracán Las Heras,67.2997813075,1969,,2026-10-09
Víkingur,Víkingur,Víkingur Gøta,67.296013208,1970,,2026-10-09
Veles,Veles,Veles Moskva,67.2939198165,1971,,2026-10-09
St Joseph's,St Joseph's,St Joseph's FC,67.29008422,1972,,2026-10-09
Yunnan Yukun,Yukun,Yunnan Yukun FC,67.2867467945,1973,,2026-10-09
VVV,VVV,VVV Venlo,67.2754281001,1974,,2026-10-09
Hyères,Hyères,Hyères FC,67.2694444247,1975,,2026-10-09
Buxoro,Buxoro,FK Buxoro,67.2649168563,1976,,2026-10-09
Hapoel Kfar Shalem,H Kfar Shalem,Hapoel Kfar Shalem FC,67.2628675955,1977,,2026-10-09
Thróttur Reykjavík,Thróttur R,Thróttur Reykjavík,67.2529935901,1978,,2026-10-09
Jerv,Jerv,FK Jerv,67.2527493562,1979,,2026-10-09
Paide,Paide,Paide Linnameeskond,67.2513537331,1980,,2026-10-09
Maleyet Kafr El Zayiat,Maleyet,Maleyet Kafr El Zayiat,67.2481880076,1981,,2026-10-09
Pittsburgh Riverhounds,Pittsburgh,Pittsburgh Riverhounds SC,67.2442876889,1982,,2026-10-09
Slavia Praha II,Slavia II,SK Slavia Praha II,67.2342572747,1983,,2026-10-09
JS Omrane,Omrane,Jeunesse Sportive Omrane,67.2296958856,1984,,2026-10-09
Diyala,Diyala,Diyala SC,67.224794848,1985,,2026-10-09
Al Golan,Golan,Al Golan SC,67.2216546527,1986,,2026-10-09
Stal Mielec,Stal Mielec,PGE FKS Stal Mielec,67.2073911281,1987,,2026-10-09
Vitesse,Vitesse,Vitesse FC,67.2033553447,1988,,2026-10-09
Club Brugge II,Club NXT,Club NXT (Club Brugge KV II),67.1934345515,1989,,2026-10-09
Hwaseong,Hwaseong,Hwaseong FC,67.1831209303,1990,,2026-10-09
Opava,Opava,SFC Opava,67.1752908622,1991,,2026-10-09
Aguacatán,Aguacatán,Aguacatán FC,67.1629907564,1992,,2026-10-09
El Mansura,Mansura,El Mansura,67.1515386893,1993,,2026-10-09
Sloga Doboj,Sloga Doboj,FK Sloga Doboj,67.1477261086,1994,,2026-10-09
Douanes,Douanes,AS Douanes,67.1475283691,1995,,2026-10-09
River Plate,River Plate,CA River Plate,67.1434692407,1996,,2026-10-09
Sagan Tosu,Sagan,Sagan Tosu,67.143343977,1997,,2026-10-09
Victoria,Victoria,CD Victoria,67.1413598552,1998,,2026-10-09
Nyasa Big Bullets,Big Bullets,Nyasa Big Bullets FC,67.1407243541,1999,,2026-10-09
Bantu,Bantu,Bantu FC,67.1396775823,2000,,2026-10-09
Istiklol,Istiklol,FC Istiklol Dushanbe,67.1358208135,2001,,2026-10-09
Al Mosul,Mosul,Al Mosul,67.1316337064,2002,,2026-10-09
Bari,Bari,SSC Bari,67.1306287994,2003,,2026-10-09
Independiente,Independiente,CA Independiente de La Chorrera,67.1291451749,2004,,2026-10-09
JS Jijel,Jijel,Jeunesse Sportive Jijelienne,67.1274628904,2005,,2026-10-09
Mardin 1969,Mardin,Mardin 1969 Spor,67.12434812,2006,,2026-10-09
Rayon Sports,Rayon,Rayon Sports FC,67.1236246938,2007,,2026-10-09
Náxara,Náxara,Náxara CD,67.1163227798,2008,,2026-10-09
Yaracuyanos,Yaracuyanos,Yaracuyanos FC,67.1002022202,2009,,2026-10-09
Tychy,Tychy,GKS Tychy,67.0999230752,2010,,2026-10-09
Illertissen,Illertissen,FV Illertissen 1921,67.0978294866,2011,,2026-10-09
New Mexico United,New Mexico Utd,New Mexico United,67.0848310553,2012,,2026-10-09
Orihuela,Orihuela,Orihuela CF,67.0845700431,2013,,2026-10-09
Erzgebirge Aue,Aue,FC Erzgebirge Aue,67.0702637066,2014,,2026-10-09
Tishreen,Tishreen,Tishreen SC,67.0592303152,2015,,2026-10-09
Dunav ot Ruse,Dunav,FK Dunav ot Ruse,67.0535146996,2016,,2026-10-09
Ufa,Ufa,FK Ufa,67.0514210643,2017,,2026-10-09
Atlético Tordesillas,Tordesillas,CD Atlético Tordesillas,67.0510721249,2018,,2026-10-09
Vukovar,Vukovar,NK Vukovar '91,67.0500253062,2019,,2026-10-09
Yacoub El Mansour,Yacoub,US Yacoub El Mansour,67.0493018542,2020,,2026-10-09
Qingdao West Coast,West Coast,Qingdao West Coast FC,67.0142380979,2021,,2026-10-09
Drogheda United,Drogheda,Drogheda United FC,67.0085010746,2022,,2026-10-09
Genk II,Jong Genk,Jong KRC Genk (KRC Genk II),67.0008242349,2023,,2026-10-09
3 de Noviembre,3 de Noviembre,Club 3 de Noviembre,66.9944733734,2024,,2026-10-09
Gillingham,Gillingham,Gillingham FC,66.9938452652,2025,,2026-10-09
Constància,Constància,CE Constància,66.9927984177,2026,,2026-10-09
Accrington Stanley,Accrington,Accrington Stanley FC,66.9865173217,2027,,2026-10-09
Tauro,Tauro,Tauro FC,66.9777056196,2028,,2026-10-09
İstanbulspor,İstanbulspor,İstanbulspor Kulübü,66.9673249661,2029,,2026-10-09
BUL,BUL,BIDCO BUL FC,66.9655569178,2030,,2026-10-09
Inter Lagos,Inter Lagos,Inter Lagos FC,66.964335579,2031,,2026-10-09
Las Palmas II,Las Palmas II,UD Las Palmas Atlético,66.9638354278,2032,,2026-10-09
Bizertin,Bizertin,CA Bizertin,66.9582265806,2033,,2026-10-09
Newport County,Newport,Newport County AFC,66.956158423,2034,,2026-10-09
Nchanga Rangers,Rangers,Nchanga Rangers FC,66.9493305012,2035,,2026-10-09
Juventud Antoniana,Juv Antoniana,Centro Juventud Antoniana,66.9491095117,2036,,2026-10-09
Sandnes Ulf,Sandnes,Sandnes Ulf,66.9456897342,2037,,2026-10-09
Gimpo Citizen,Gimpo,Gimpo Citizen FC,66.9454946671,2038,,2026-10-09
Ranchers Bees,Bees,Ranchers Bees,66.9451430183,2039,,2026-10-09
Opatija,Opatija,NK Opatija,66.9432470326,2040,,2026-10-09
Stade Mandji,Stade Mandji,AS Stade Mandji,66.9357211525,2041,,2026-10-09
Olympic Safi,Olympic Safi,Olympic Club de Safi,66.9355443775,2042,,2026-10-09
Dugopolje,Dugopolje,NK Dugopolje,66.9317314004,2043,,2026-10-09
Iwaki,Iwaki,Iwaki FC,66.9228123248,2044,,2026-10-09
Motema Pembe,Motema,Daring Club Motema Pembe,66.921239308,2045,,2026-10-09
Atlético Monzón,Monzón,CA Monzón,66.9191688196,2046,,2026-10-09
Sutjeska,Sutjeska,FK Sutjeska Nikšić,66.9188198579,2047,,2026-10-09
Nürnberg II,Nürnberg II,1. FC Nürnberg II,66.9184708962,2048,,2026-10-09
AZ II,AZ II,AZ II,66.9139343885,2049,,2026-10-09
Hapoel Ra'anana,H Ra'anana,Hapoel Ra'anana AFC,66.9024185935,2050,,2026-10-09
Deportivo Quito,Quito,SD Quito,66.899208118,2051,,2026-10-09
Caudal,Caudal,Caudal Deportivo de Mieres,66.8975330853,2052,,2026-10-09
Afturelding,Afturelding,UMF Afturelding,66.8901001116,2053,,2026-10-09
Keflavík,Keflavík,Keflavík ÍF,66.8860171992,2054,,2026-10-09
Tiszakécske,Tiszakécske,Tiszakécskei LC,66.8772930005,2055,,2026-10-09
Aragua,Aragua,Aragua FC,66.8744314553,2056,,2026-10-09
Hà Nội,Hà Nội,Hà Nội FC,66.87151442,2057,,2026-10-09
Olympic Az Zawiyah,Az Zawiyah,Al Olympic Az Zawiyah SC,66.8702903341,2058,,2026-10-09
Tegevajaro Miyazaki,Tegevajaro,Tegevajaro Miyazaki FC,66.8701185409,2059,,2026-10-09
Mornar,Mornar,FK Mornar Bar,66.8675218543,2060,,2026-10-09
BSK Banja Luka,Banja Luka,FK BSK Banja Luka,66.8580996339,2061,,2026-10-09
Kyzyl-Zhar,Kyzyl-Zhar,FK Kyzyl-Zhar SK Petropavlovsk,66.8570527179,2062,,2026-10-09
Vitória Guimarães II,Vitória SC II,Vitória SC Guimarães II,66.8560058014,2063,,2026-10-09
Saint-Malo,Saint-Malo,US Saint-Malo,66.8538596208,2064,,2026-10-09
Manisa,Manisa,Manisa FK,66.84763045,2065,,2026-10-09
Antoniano,Antoniano,CA Antoniano,66.84763045,2066,,2026-10-09
Tersana,Tersana,Tersana SC,66.8364376868,2067,,2026-10-09
Al Shahaniya,Shahaniya,Al-Shahaniya SC,66.8273457063,2068,,2026-10-09
Maccabi Bnei Raina,Bnei Raina,Maccabi Bnei Raina FC,66.823551126,2069,,2026-10-09
Nsingizini Hotspurs,Nsingizini,Nsingizini Hotspurs,66.8193401091,2070,,2026-10-09
Astillero,Astillero,Astillero FC,66.8119650326,2071,,2026-10-09
Young Apostles,Young Apostles,Young Apostles FC,66.8032847424,2072,,2026-10-09
Al Salt,Al Salt,Al Salt SC,66.802568184,2073,,2026-10-09
Deportiva Agropecuaria,Agropecuaria,AD Agropecuaria,66.800099689,2074,,2026-10-09
Gimnástica Torrelavega,Gimnástica,RS Gimnástica de Torrelavega,66.7813243887,2075,,2026-10-09
Oman Club,Oman Club,Oman Club,66.7809312317,2076,,2026-10-09
Mijas Las Lagunas,Mijas,CP Mijas Las Lagunas,66.7806264189,2077,,2026-10-09
Trident,Trident,Trident FC,66.7793816891,2078,,2026-10-09
Dynamo de Douala,Dynamo,Dynamo de Douala FC,66.7792049026,2079,,2026-10-09
Bouaké,Bouaké,Bouaké FC,66.777287777,2080,,2026-10-09
Diarra,Diarra,FC Diarra de la Commune 4,66.7676906541,2081,,2026-10-09
Fosa Juniors,Fosa Juniors,SOM-Fosa Juniors FC,66.7652477425,2082,,2026-10-09
Tianjin Jinmen Tiger,Jinmen Tiger,Tianjin Jinmen Tiger FC,66.7650759388,2083,,2026-10-09
Górnik Łęczna,Górnik Łęczna,GKS Górnik Łęczna,66.7649220353,2084,,2026-10-09
Linares,Linares,Club Social y Deportes Linares,66.7645032501,2085,,2026-10-09
Al Kahrabaa,Kahrabaa,Al Kahrabaa Club,66.7617392657,2086,,2026-10-09
Luz Valdivia,Luz Valdivia,Luz Valdivia FC,66.7596174165,2087,,2026-10-09
Paris 13 Atletico,Paris 13,FC Paris 13 Atletico,66.757942271,2088,,2026-10-09
Real Hope,Real Hope,Real Hope FA,66.7571586536,2089,,2026-10-09
El Massira,El Massira,Jeunesse Sportive d'El Massira Laâyoune,66.7544268037,2090,,2026-10-09
Progrès Sakiet Eddaïer,Progrès SE,Progrès Sportif de Sakiet Eddaïer,66.7383732291,2091,,2026-10-09
Andijan,Andijan,FK Andijan,66.7355626937,2092,,2026-10-09
Domžale,Domžale,NK Domžale,66.7282780097,2093,,2026-10-09
Juticalpa,Juticalpa,Juticalpa FC,66.7271453854,2094,,2026-10-09
Sporting Cascades,Cascades,Sporting Football des Cascades de Tenakourou,66.7252882776,2095,,2026-10-09
Dalian Yingbo,Yingbo,Dalian Yingbo FC,66.7176130803,2096,,2026-10-09
Eidsvold,Eidsvold,Eidsvold TF,66.7157141943,2097,,2026-10-09
Buchbach,Buchbach,TSV Buchbach,66.7031503025,2098,,2026-10-09
De Graafschap,De Graafschap,De Graafschap,66.7007073147,2099,,2026-10-09
Reggiana,Reggiana,AC Reggiana 1919,66.699660319,2100,,2026-10-09
Atlètic Club d'Escaldes,Atlètic,Atlètic Club d'Escaldes,66.6972173271,2101,,2026-10-09
Montedio Yamagata,Montedio,Montedio Yamagata,66.6935322427,2102,,2026-10-09
Jadran LP,Jadran,NK Jadran Luka Ploče,66.6888413327,2104,,2026-10-09
Ayacucho,Ayacucho,Ayacucho FC,66.6887715326,2105,,2026-10-09
Strømmen,Strømmen,Strømmen IF,66.6815123098,2106,,2026-10-09
Värnamo,Värnamo,IFK Värnamo,66.6797673005,2107,,2026-10-09
Patria,Patria,Club Sport Patria,66.6727174479,2108,,2026-10-09
Brattvåg,Brattvåg,Brattvåg IL,66.6699952212,2109,,2026-10-09
Podbeskidzie,Podbeskidzie,TS Podbeskidzie Bielsko-Biała,66.6692972137,2110,,2026-10-09
Magesi,Magesi,Magesi FC,66.6668286085,2111,,2026-10-09
Muğlaspor,Muğla,Muğlaspor Kulübü,66.6640621505,2112,,2026-10-09
Alebrijes de Oaxaca,Alebrijes,Alebrijes de Oaxaca FC,66.6508166929,2113,,2026-10-09
Seongnam,Seongnam,Seongnam FC,66.6443227015,2114,,2026-10-09
Emmen,Emmen,FC Emmen,66.6361415889,2115,,2026-10-09
Barquisimeto,Barquisimeto,Barquisimeto SC,66.6350247586,2116,,2026-10-09
Don Bosco,Don Bosco,CS Don Bosco Lubumbashi,66.6343732576,2117,,2026-10-09
Real Native,Real Native,Real Native FC,66.6329749243,2118,,2026-10-09
Borussia M'gladbach II,M'gladbach II,Borussia Mönchengladbach II,66.6267183141,2119,,2026-10-09
Nõmme Kalju,Kalju,Nõmme Kalju FC,66.6225301782,2120,,2026-10-09
Yamoussoukro,Yamoussoukro,Yamoussoukro FC,66.6191912807,2121,,2026-10-09
Radnik Bijeljina,Radnik,FK Radnik Bijeljina,66.6096167055,2122,,2026-10-09
El Sekka El Hadid,Sekka El Hadid,El Sekka El Hadid,66.6067990146,2123,,2026-10-09
Green Buffaloes,Buffaloes,Green Buffaloes FC,66.571725069,2124,,2026-10-09
TSC,TSC,FK TSC Bačka Topola,66.5680836372,2125,,2026-10-09
Brujas de Salamanca,B. Salamanca,CD Brujas de Salamanca,66.5676648121,2126,,2026-10-09
Prishtina e Re,Prishtina e Re,KF Prishtina e Re,66.5607564796,2127,,2026-10-09
César Vallejo,UCV,CD Universidad César Vallejo,66.5592882919,2128,,2026-10-09
Elche II,Elche II,Elche Ilicitano CF,66.558311029,2129,,2026-10-09
SD Logroñés,SD Logroñés,SD Logroñés,66.5555188467,2130,,2026-10-09
Ismaily,Ismaily,Ismaily SC,66.5502579159,2131,,2026-10-09
Kaloum Star,Kaloum,AS du Kaloum Star,66.5457228943,2132,,2026-10-09
Moss,Moss,Moss FK,66.5244555635,2133,,2026-10-09
Atlético Escobar,Atl. Escobar,Atlético Escobar FC,66.5215935296,2134,,2026-10-09
Al Ahli Wad Medani,Ahli Medani,Al Ahli SC Wad Medani,66.5174494068,2135,,2026-10-09
Ertis,Ertis,FK Ertis,66.5153808082,2136,,2026-10-09
Busan IPark,Busan IPark,Busan IPark,66.5092521844,2137,,2026-10-09
Racing,Racing,Racing FC Union Lëtzebuerg,66.5000234388,2138,,2026-10-09
Džiugas Telšiai,Džiugas,FK Džiugas Telšiai,66.4996744063,2139,,2026-10-09
ASPAC,ASPAC,AS du Port Autonome de Cotonou FC,66.4937175621,2140,,2026-10-09
Al Nasr,Nasr,Al Nasr SC,66.4905739622,2141,,2026-10-09
Kaisar Kyzylorda,Kaisar,FK Kaisar Kyzylorda,66.4881563021,2142,,2026-10-09
Aubagne Air Bel,Aubagne AB,SC Aubagne Air Bel,66.4839678847,2143,,2026-10-09
Blaublitz Akita,Blaublitz,AFC Blaublitz Akita,66.4792353117,2144,,2026-10-09
Nordic United,Nordic,Nordic United FC,66.4787323508,2145,,2026-10-09
Hatta,Hatta,Hatta Club,66.4755468454,2146,,2026-10-09
Pikine,Pikine,AS Pikine,66.4746951471,2147,,2026-10-09
Wikki Tourists,Wikki,Wikki Tourists FC,66.4726009257,2148,,2026-10-09
RAEC Mons,R. Mons 44,Renaissance Albert Elisabeth Club de Mons,66.4682612432,2149,,2026-10-09
Real Madrid III,R Madrid III,Real Madrid CF III,66.4651199005,2150,,2026-10-09
Pescara,Pescara,Delfino Pescara 1936,66.4605823971,2151,,2026-10-09
San Benito,San Benito,San Benito Fútbol Club,66.4594473313,2152,,2026-10-09
Tarancón,Tarancón,CD Tarancón,66.4567429633,2153,,2026-10-09
Homburg,Homburg,FC 08 Homburg,66.4497621562,2154,,2026-10-09
Villarreal III,Villarreal III,Villarreal CF III,66.4445265353,2155,,2026-10-09
Huehuetecos,Huehuetecos,Huehuetecos FC,66.4388539094,2156,,2026-10-09
Tubize-Braine,RUTB,Royale Union Tubize-Braine,66.43370621,2157,,2026-10-09
Atlético Paso,Atlético Paso,CD Atlético Paso,66.4288195928,2158,,2026-10-09
Daugavpils,Daugavpils,BFC Daugavpils,66.4228858277,2159,,2026-10-09
Manchego,Manchego,CD Manchego Ciudad Real,66.416602999,2160,,2026-10-09
Al Markhiya,Markhiya,Al Markhiya SC,66.4113231137,2161,,2026-10-09
Havelse,Havelse,TSV Havelse,66.4096220557,2163,,2026-10-09
Damac,Damac,Damac FC,66.4067854916,2164,,2026-10-09
Atlético,Atlético,Atlético FC,66.3983826872,2165,,2026-10-09
Roan United,Roan,Roan United FC,66.3898774765,2166,,2026-10-09
Austria Salzburg,Austria Salzb,SV Austria Salzburg,66.3879809808,2167,,2026-10-09
Chungnam Asan,Chungnam Asan,Chungnam Asan FC,66.3853424994,2168,,2026-10-09
Maccabi Herzliya,M Herzliya,Maccabi Herzliya FC,66.3837923594,2169,,2026-10-09
Proxy,Proxy,Proxy SC,66.3816724646,2170,,2026-10-09
Miramar Misiones,Miramar,CS Miramar Misiones,66.378835813,2171,,2026-10-09
Aarhus Fremad,Aarhus Fremad,Aarhus Fremad Fodbold,66.3638962909,2172,,2026-10-09
Hapoel Rishon LeZion,Rishon LeZion,Hapoel Ironi Rishon LeZion FC,66.3625000683,2173,,2026-10-09
Coton Sport Ouidah,Coton Sport,Coton Sport FC,66.3516560262,2174,,2026-10-09
Al Dhafra,Al Dhafra,Al Dhafra FC,66.3463992592,2175,,2026-10-09
Police,Police,Police FC,66.3362951381,2176,,2026-10-09
Fernando de la Mora,Fernando Mora,Club Fernando de la Mora,66.3292696912,2177,,2026-10-09
Stuttgarter Kickers,Stuttg Kickers,SV Stuttgarter Kickers,66.3185185718,2178,,2026-10-09
Réal du Faso,RFA,Réal du Faso,66.3158773086,2179,,2026-10-09
Elazığspor,Elazığspor,Elazığspor Kulubü,66.3146788726,2180,,2026-10-09
Jaro,Jaro,FF Jaro,66.308395713,2181,,2026-10-09
Compostela,Compostela,SD Compostela,66.305254126,2182,,2026-10-09
NAPSA Stars,NAPSA,NAPSA Stars FC,66.3015656477,2183,,2026-10-09
Al-Ittihad Benghazi,Ittihad Bngz,Al-Ittihad Benghazi,66.300343916,2184,,2026-10-09
Leopards,Leopards,AFC Leopards SC,66.2992944222,2185,,2026-10-09
Queens Park Rangers,QPR,Queens Park Rangers FC,66.2962672779,2186,,2026-10-09
Kudrivka,Kudrivka,FK Kudrivka,66.2891970507,2187,,2026-10-09
UD San Fernando,San Fernando,UD San Fernando,66.2850082278,2188,,2026-10-09
Al Minaa Basra,Minaa Basra,Al Minaa Basra FC,66.2846172705,2189,,2026-10-09
Makeni All Stars,Makeni,Makeni All Stars FC,66.2799234344,2190,,2026-10-09
Aviron Bayonnais,Bayonne,Aviron Bayonnais FC,66.2793707568,2191,,2026-10-09
Nkwazi,Nkwazi,Nkwazi FC,66.2774799444,2192,,2026-10-09
Arosa,Arosa,Arosa SC,66.2766305563,2193,,2026-10-09
Tchologo,Tchologo,US Tchologo,66.2757345925,2194,,2026-10-09
Al Taliya,Taliya,Al Taliya SC,66.269083643,2195,,2026-10-09
KAMAZ,KAMAZ,FK KAMAZ Naberezhnye Chelny,66.2682528506,2196,,2026-10-09
Calahorra,Calahorra,CD Calahorra,66.2623186217,2197,,2026-10-09
Kickers Emden,Kickers Emden,BSV Kickers Emden,66.2570825231,2198,,2026-10-09
El Kanemi Warriors,Warriors,El Kanemi Warriors FC,66.2519976605,2199,,2026-10-09
Olympique Dcheïra,Dcheïra,Olympique Dcheïra,66.2493773051,2200,,2026-10-09
Paços de Ferreira,Paços Ferreira,FC Paços de Ferreira,66.2410250708,2201,,2026-10-09
Baltimore,Baltimore,Baltimore SC,66.232910636,2202,,2026-10-09
Flora,Flora,FC Flora Tallinn,66.2295055166,2203,,2026-10-09
NA Hussein Dey,NA Hussein Dey,NA Hussein Dey,66.2134222653,2204,,2026-10-09
Audace Cerignola,Cerignola,SS Audace Cerignola,66.2130987672,2205,,2026-10-09
Titanes,Titanes,Titanes FC,66.2126798697,2206,,2026-10-09
Surkhon Termez,Surkhon Termez,PFC Surkhon Termez,66.2060729473,2207,,2026-10-09
Kladno,Kladno,SK Kladno,66.2022772223,2208,,2026-10-09
Circulo Deportivo,Circulo Dep.,Club Circulo Deportivo,66.1945275647,2209,,2026-10-09
Atlético Central,CA Central,Club Atlético Central,66.1911065353,2210,,2026-10-09
Atlético Ottawa,Atlético,Atlético Ottawa,66.188924065,2211,,2026-10-09
AaB,AaB,Aalborg BK,66.1858702548,2212,,2026-10-09
Arsenal Tula,Arsenal,FK Arsenal Tula,66.1830775664,2213,,2026-10-09
Wydad Fès,Wydad Fès,Wydad Athletic Club de Fès,66.1813065509,2214,,2026-10-09
Fujieda MYFC,Fujieda,Fujieda MYFC,66.179391561,2215,,2026-10-09
La Viena FC,Viena FC,La Viena FC,66.1732775436,2216,,2026-10-09
Puente Genil,Puente Genil,CD AD San Fermín (Salerm Cosmetic Puente Genil FC),66.162481372,2217,,2026-10-09
Al Ahed,Ahed,Al Ahed SC,66.1582503993,2218,,2026-10-09
Albacete II,Albacete II,Albacete Balompié II,66.1499141007,2219,,2026-10-09
Watanga,Watanga,Watanga FC,66.1458762521,2220,,2026-10-09
Kjelsås,Kjelsås,Kjelsås Fotball,66.1432813431,2221,,2026-10-09
Tranmere Rovers,Tranmere,Tranmere Rovers FC,66.1404885967,2222,,2026-10-09
Búhos ULVR,Búhos ULVR,Búhos ULVR FC,66.1397205907,2223,,2026-10-09
Budućnost,Budućnost,FK Budućnost Podgorica,66.139092222,2224,,2026-10-09
Cape Town City,Cape Town City,Cape Town City FC,66.1348775083,2225,,2026-10-09
Calvo Sotelo,Calvo Sotelo,Calvo Sotelo de Puertollano CF,66.1265248072,2226,,2026-10-09
AD Marco 09,Marco,Associação Desportiva de Marco de Canaveses 09,66.1184955851,2227,,2026-10-09
Ciudad Nueva Santa Cruz,CN Santa Cruz,Ciudad Nueva Santa Cruz Academia FC,66.1144111426,2228,,2026-10-09
Triglav,Triglav,NK Triglav Kranj,66.1136082171,2229,,2026-10-09
KA,KA,KA Akureyri,66.1125609224,2230,,2026-10-09
AS Douanes,Douanes,AS Douanes,66.1107898458,2231,,2026-10-09
Feignies Aulnoye,Feignies,SC Feignies Aulnoye,66.1079702745,2232,,2026-10-09
San Antonio,San Antonio,San Antonio FC,66.1033963828,2233,,2026-10-09
Pistoiese,Pistoiese,US Pistoiese 1921,66.1010406457,2234,,2026-10-09
Monagas II,Monagas,Monagas SC II,66.0884031767,2235,,2026-10-09
Galaxy,Galaxy,Jwaneng Galaxy FC,66.0877127887,2236,,2026-10-09
Lijabatho,Lijabatho,Lijabatho FC,66.0863550936,2237,,2026-10-09
Milsami,Milsami,FC Milsami Orhei,66.0835855575,2238,,2026-10-09
Panionios,Panionios,Panionios FC,66.0811941988,2239,,2026-10-09
Orijent 1919,Orijent,NK Orijent 1919,66.0793963141,2240,,2026-10-09
FocuSport,FocuSport,FocuSport FC,66.0753583246,2241,,2026-10-09
Desportivo Lunda-Sul,CD Lunda-Sul,Clube Desportivo da Lunda-Sul,66.072740038,2242,,2026-10-09
Stade de Mbour,Stade Mbour,Stade de Mbour,66.0711690644,2243,,2026-10-09
Ulytau,Ulytau,FK Ulytau,66.0594972911,2244,,2026-10-09
Petržalka,Petržalka,FC Petržalka,66.0584499687,2245,,2026-10-09
Biel-Bienne,Biel-Bienne,FC Biel-Bienne,66.0546097821,2246,,2026-10-09
Hillerød,Hillerød,Hillerød Fodbold,66.0514678058,2247,,2026-10-09
Safa,Safa,Safa Beirut SC,66.0486330409,2248,,2026-10-09
Rochdale,Rochdale,Rochdale AFC,66.0448347291,2249,,2026-10-09
Ferroviário Maputo,Ferro Maputo,Clube Ferroviário de Maputo,66.0284032088,2250,,2026-10-09
Concón National,Concón,Club Deportivo y Social Concón National,66.028007564,2251,,2026-10-09
Croatia Zmijavci,Zmijavci,NK Croatia Zmijavci,66.0165566339,2252,,2026-10-09
Dubrava Zagreb,Dubrava,NK Dubrava Zagreb,66.0151601746,2253,,2026-10-09
Metalul Buzău,Metalul Buzău,Metalul Buzău,66.0134145991,2254,,2026-10-09
Santa Fe,Santa Fe,Santa Fe SC,66.0067115755,2255,,2026-10-09
Baranovichi,Baranovichi,FK Baranovichi,66.0053849328,2256,,2026-10-09
Universidad de Panamá,Uni Panamá,Universidad de Panamá FC,66.0014566787,2257,,2026-10-09
Naranja Mekánica,Naranja,Naranja Mekánica FC,65.9972854114,2258,,2026-10-09
Universidad San Martín,Uni San Martín,CD Universidad San Martín de Porres,65.9889065623,2259,,2026-10-09
Progrès Niederkorn,Progrès,FC Progrès Niederkorn,65.9764080485,2260,,2026-10-09
Mufulira Wanderers,Mufulira,Mufulira Wanderers FC,65.9667838917,2261,,2026-10-09
Sidama Bunna,Sidama,Sidama Coffee FC,65.9655596652,2262,,2026-10-09
Old Road,Old Road,Old Road FC,65.9653250169,2263,,2026-10-09
Kitchee,Kitchee,Kitchee SC,65.9629462257,2264,,2026-10-09
SOL,SOL,SOL FC,65.9604996643,2265,,2026-10-09
Aston Villa,Aston Villa,Aston Villa FC,65.9558986617,2266,,2026-10-09
Leça,Leça,Leça FC,65.9516202669,2267,,2026-10-09
Chirundu United,Chirundu,Chirundu United FC,65.9489785303,2268,,2026-10-09
Real Santander,Real Santander,CD Real Santander,65.9435205322,2269,,2026-10-09
Javor,Javor,FK Javor Matis Ivanjica,65.941844721,2270,,2026-10-09
Bunyodkor,Bunyodkor,FK Bunyodkor,65.9418005307,2271,,2026-10-09
Jiskra Domažlice,Domažlice,TJ Jiskra Domažlice,65.9404482106,2272,,2026-10-09
Atyrau,Atyrau,FK Atyrau,65.9376551869,2273,,2026-10-09
Boavista,Boavista,Boavista FC,65.9313475782,2274,,2026-10-09
Hegelmann,Hegelmann,FC Hegelmann,65.9303234817,2275,,2026-10-09
JS Soualem,JS Soualem,Jeunesse Sportive Soualem,65.9282031174,2276,,2026-10-09
TRA United,TRA Utd,TRA United FC,65.9168586636,2277,,2026-10-09
Furiani-Agliani,Furiani,AS Furiani-Agliani,65.9047845026,2278,,2026-10-09
Casertana,Casertana,Casertana FC,65.9002981281,2279,,2026-10-09
Anderlecht II,RSCA Futures,RSCA Futures (RSC Anderlecht II),65.8947119671,2280,,2026-10-09
Moralo,Moralo,Moralo CP,65.8891257907,2281,,2026-10-09
Sohar,Sohar,Sohar Club,65.8841936823,2282,,2026-10-09
Crawley Town,Crawley,Crawley Town FC,65.8824921864,2283,,2026-10-09
CFFEB,CFFEB,Centre de Formation de Football Espoir du Burkina,65.8808977742,2284,,2026-10-09
Cerrito,Cerrito,CS Cerrito,65.8722973419,2285,,2026-10-09
Chelyabinsk,Chelyabinsk,FK Chelyabinsk,65.8713197513,2286,,2026-10-09
Guédiawaye,Guédiawaye,Guédiawaye FC de Dakar,65.8707727497,2287,,2026-10-09
Tochigi City,Tochigi City,Tochigi City FC,65.8690297437,2288,,2026-10-09
Dauphins Noirs,Dauphins,AS Dauphins Noirs de Goma,65.8664084994,2289,,2026-10-09
Diósgyőr,DVTK,Diósgyőri VTK,65.8657335109,2290,,2026-10-09
Varea,Varea,CD Varea,65.8650352297,2291,,2026-10-09
Tacuary,Tacuary,Tacuary FC,65.8632196977,2292,,2026-10-09
Milagro,Milagro,Milagro FC,65.8590300021,2293,,2026-10-09
Villefranche,Villefranche,FC Villefranche Beaujolais,65.8549101264,2294,,2026-10-09
Bali United,Bali United,Bali United FC,65.852969243,2295,,2026-10-09
JKT Tanzania,JKT Tanzania,JKT Tanzania,65.8512208375,2296,,2026-10-09
Alianza,Alianza,Club Social y Deportivo Alianza,65.8496031555,2297,,2026-10-09
Gomerano,Gomerano,Deportivo Gomerano,65.8446969981,2298,,2026-10-09
SONABEL,SONABEL,AS de la SONABEL,65.838302504,2299,,2026-10-09
Sobemap,Sobemap,AS Sobemap,65.8363822062,2300,,2026-10-09
Lusitano Évora 1911,Lusitano 1911,Associação Lusitano de Évora 1911,65.8350089145,2301,,2026-10-09
Cotonsport,Cotonsport,Cotonsport de Garoua,65.8349833268,2302,,2026-10-09
Cercle Mbéri,Cercle Mbéri,Cercle Mbéri Sportif,65.8323670285,2303,,2026-10-09
Bakaridjan,Bakaridjan,AS Bakaridjan de Barouéli,65.8266061077,2304,,2026-10-09
Huaquillas,Huaquillas,Huaquillas FC,65.8265595692,2305,,2026-10-09
Mensajero,Mensajero,CD Mensajero,65.8224396279,2306,,2026-10-09
Zwickau,Zwickau,FSV Zwickau,65.8182498484,2307,,2026-10-09
BFC Dynamo,BFC Dynamo,Berliner FC Dynamo,65.8161549555,2308,,2026-10-09
Ümraniyespor,Ümraniye,Ümraniye SK,65.8063787598,2309,,2026-10-09
Lioli,Lioli,Lioli FC,65.8039114123,2310,,2026-10-09
Lee Man,Lee Man,Lee Man FC,65.7957090362,2311,,2026-10-09
Altay,Altay,FK Altay VKO,65.7934601436,2312,,2026-10-09
Crotone,Crotone,FC Crotone,65.7829855297,2313,,2026-10-09
Al Orobah,Orobah,Al Orobah FC,65.7825921813,2314,,2026-10-09
Les Herbiers,Les Herbiers,Vendée Les Herbiers Football,65.7815365372,2315,,2026-10-09
Peña Deportiva,Peña,SCR Peña Deportiva,65.7739074874,2316,,2026-10-09
Bahla,Bahla,Bahla Club,65.7696734141,2317,,2026-10-09
Agboville,Agboville,ES Agboville,65.7660281631,2318,,2026-10-09
Elgeco Plus,Elgeco Plus,ASSM Elgeco Plus,65.7651552706,2319,,2026-10-09
Ittihad Khemisset,IZK Khémisset,Ittihad Zemmouri de Khémisset,65.7623597098,2320,,2026-10-09
Insutec,Insutec,FC Insutec,65.754633971,2321,,2026-10-09
Pamplona,Pamplona,CD Pamplona,65.750513884,2322,,2026-10-09
São Salvador,São Salvador,CD São Salvador do Kongo,65.7490939488,2323,,2026-10-09
Karbala,Karbala,Karbala FC,65.7476787006,2324,,2026-10-09
Chacaritas,Chacaritas,Chacaritas FC,65.7382234054,2325,,2026-10-09
Renofa Yamaguchi,Renofa,Renofa Yamaguchi FC,65.7380980561,2326,,2026-10-09
Cristo Atlético,Cristo Atl,CD Palencia Cristo Atlético,65.7306116514,2327,,2026-10-09
Chiquimulilla,Chiquimulilla,CSyD Chiquimulilla,65.7284286886,2328,,2026-10-09
St. David’s,David’s,St. David’s FC,65.7251139243,2329,,2026-10-09
Moca,Moca,Moca FC,65.7233680986,2330,,2026-10-09
Quepos Cambute,Quepos,Quepos Cambute FC,65.7116687447,2331,,2026-10-09
Hunters,Hunters,Hunters FC,65.7054484165,2332,,2026-10-09
AS Khroub,AS Khroub,AS Khroub,65.7030019438,2333,,2026-10-09
Unia Skierniewice,U Skierniewice,Unia Skierniewice,65.7009325216,2334,,2026-10-09
Formentera,Formentera,SD Formentera,65.6918541129,2335,,2026-10-09
TSV Steinbach,Steinbach,TSV Steinbach,65.6915049426,2336,,2026-10-09
Kozármisleny,Kozármisleny,Kozármisleny SE,65.6880132355,2337,,2026-10-09
Guaireña,Guaireña,Guaireña FC,65.6848008598,2338,,2026-10-09
Al Najma,Najma,Al Najma Club,65.6844773267,2339,,2026-10-09
1º de Maio,1º de Maio,EC Primeiro de Maio,65.6813556812,2340,,2026-10-09
MSP Batna,MSP Batna,MSP Batna,65.6806550416,2341,,2026-10-09
Bregalnica Štip,Bregalnica,FK Bregalnica 2008 Štip,65.6702054364,2342,,2026-10-09
Neftekhimik,Neftekhimik,FK Neftekhimik Nizhnekamsk,65.6625235925,2343,,2026-10-09
Osaka,Osaka,FC Osaka,65.6612808769,2344,,2026-10-09
Segesta Sisak,Segesta,HNK Segesta Sisak,65.6604285391,2345,,2026-10-09
Entente II,Entente II,Entente II,65.6525487749,2346,,2026-10-09
Sitra,Sitra,Sitra Club,65.6520041075,2347,,2026-10-09
Greifswalder FC,Greifswald,Greifswalder FC,65.6496040622,2348,,2026-10-09
ÍBV,ÍBV,ÍB Vestmannaeyja,65.6461122832,2349,,2026-10-09
Åsane,Åsane,Åsane Fotball,65.6429696769,2350,,2026-10-09
Phoenix Rising,Phoenix Rising,Phoenix Rising FC,65.64078662,2351,,2026-10-09
Chambly-Oise,Chambly,FC Chambly-Oise,65.6324419104,2352,,2026-10-09
Birkirkara,Birkirkara,Birkirkara FC,65.6269073911,2353,,2026-10-09
Ferroviário de Lichinga,Ferroviário,Ferroviário de Lichinga,65.624439824,2354,,2026-10-09
Entebbe UPPC,Entebbe UPPC,Entebbe UPPC FC,65.6202496364,2355,,2026-10-09
Hottin,Hottin,Hottin SC,65.6176121598,2356,,2026-10-09
Al Gharraf,Gharraf,Al Gharraf SC,65.6170883833,2357,,2026-10-09
Hønefoss,Hønefoss,Hønefoss BK,65.6150351851,2358,,2026-10-09
KTP,KTP,Kotkan Työväen Palloilijat,65.6125908988,2359,,2026-10-09
Coastal Union,Coastal Union,Coastal Union,65.6099487238,2360,,2026-10-09
Al Ta'awon,Al Ta'awon,Al Ta'awon,65.6020920572,2361,,2026-10-09
Al Jazeera,Al Jazeera,Al Jazeera Club Amman,65.6003252253,2362,,2026-10-09
Provincial Osorno,Osorno,CD Provincial Osorno,65.5915699148,2363,,2026-10-09
Linfield,Linfield,Linfield FC,65.5895446258,2364,,2026-10-09
Kariba,Kariba,ZPC Kariba,65.5867278248,2365,,2026-10-09
Chabab Ben Guerir,Chabab BG,Chabab Ben Guerir,65.5703136072,2366,,2026-10-09
Vianense,Vianense,SC Vianense,65.5692916243,2367,,2026-10-09
Mohun Bagan,Mohun Bagan,Mohun Bagan Super Giant,65.5664538926,2368,,2026-10-09
USM Oujda,USMO,Union Sportive Musilman d'Oujda,65.5622821926,2369,,2026-10-09
Unión Santo Domingo,Santo Domingo,Club Unión Santo Domingo,65.5607014971,2370,,2026-10-09
Rayong,Rayong,Rayong FC,65.559668235,2371,,2026-10-09
Sayaxché,Sayaxché,Club Social y Deportivo Sayaxché,65.540918934,2372,,2026-10-09
AB,AB,AB Gladsaxe,65.5287850144,2373,,2026-10-09
De Treffers,Treffers,De Treffers,65.5242454301,2374,,2026-10-09
Raith Rovers,Raith Rovers,Raith Rovers FC,65.516912234,2375,,2026-10-09
DSC,DSC,AS Dakar Sacré Cœur,65.5107779206,2376,,2026-10-09
Gagra,Gagra,FC Gagra,65.5106266162,2377,,2026-10-09
Consadole Sapporo,Consadole,Hokkaido Consadole Sapporo,65.5104314125,2378,,2026-10-09
Casarano,Casarano,Casarano Calcio,65.5088806078,2379,,2026-10-09
Tivoli Gardens,Tivoli Gardens,Tivoli Gardens FC,65.5082711113,2380,,2026-10-09
Bulawayo Chiefs,Chiefs,Bulawayo Chiefs FC,65.5057144924,2381,,2026-10-09
Helsingborg,Helsingborg,Helsingborgs IF,65.5046901815,2382,,2026-10-09
Leones,Leones,Leones FC,65.5032235302,2383,,2026-10-09
Monopoli,Monopoli,Monopoli Calcio 1966,65.5022457621,2384,,2026-10-09
Fehérvár,Fehérvár,Fehérvár FC,65.4980553221,2385,,2026-10-09
Tamaraceite,Tamaraceite,UD Tamaraceite,65.4977061183,2386,,2026-10-09
Levante II,Levante II,Atlético Levante UD,65.4893252108,2387,,2026-10-09
PSV II,PSV II,PSV Eindhoven II,65.4886268003,2388,,2026-10-09
Estudiantil CNI,Est. CNI,CD Estudiantil CNI (Loreto),65.4871601374,2389,,2026-10-09
BEA Mountain,BEA Mountain,FC BEA Mountain,65.4849368461,2390,,2026-10-09
Onze Créateurs,Onze,AS Onze Créateurs de Niaréla,65.4844130371,2391,,2026-10-09
Majestic,Majestic,Majestic FC,65.480047955,2392,,2026-10-09
North Carolina,North Carolina,North Carolina FC,65.4787610372,2393,,2026-10-09
Vushtrria,Vushtrria,FC Vushtrria,65.4669782499,2394,,2026-10-09
Arzignano Valchiampo,Arzignano,ASD Arzignano Valchiampo,65.4641822801,2395,,2026-10-09
Volga Ulyanovsk,Volga Ul,FK Volga Ulyanovsk,65.4554520228,2396,,2026-10-09
JS Bordj Ménaïel,Bordj Ménaïel,Jeunesse Sportive de Bordj Ménaïel,65.4522835283,2397,,2026-10-09
Chojniczanka Chojnice,Chojniczanka,MKS Chojniczanka Chojnice,65.448817002,2398,,2026-10-09
Ehime,Ehime,Ehime FC,65.4426851759,2399,,2026-10-09
Green Fuel,Green Fuel,Green Fuel FC,65.4383173119,2400,,2026-10-09
Costa del Este,Costa del Este,Academía Costa del Este,65.4316175399,2401,,2026-10-09
Austria Wien II,Austria II,Young Violets Austria Wien (FK Austria Wien II),65.4278641621,2402,,2026-10-09
Jurong,Jurong,Jurong FC,65.4273220301,2403,,2026-10-09
Glentoran,Glentoran,Glentoran FC,65.4236735681,2404,,2026-10-09
Aampetra,Aampetra,Club Deportivo Aampetra,65.4229052916,2405,,2026-10-09
Buffles,Buffles,Buffles de Borgou FC,65.4208565382,2406,,2026-10-09
Nazareno,Nazareno,Nazareno SC,65.4152225104,2407,,2026-10-09
Santa Lucía,Santa Lucía,Santa Lucía Cotzumalguapa FC,65.4082199889,2408,,2026-10-09
União Santarém,Santarém,UD Santarém,65.4027204678,2409,,2026-10-09
HLM,HLM,Habitation à Loyer Modéré FC de Dakar,65.4018241195,2410,,2026-10-09
NC Magra,NC Magra,NC Magra,65.400250332,2411,,2026-10-09
Calamocha,Calamocha,CF Calamocha,65.3985298216,2412,,2026-10-09
Al Hilal Port Sudan,Al Hilal PS,Hilal Alsahil SC Port Sudan,65.3978057865,2413,,2026-10-09
São João Ver,São João Ver,SC São João de Ver,65.3971329377,2414,,2026-10-09
Andrézieux,Andrézieux,ASF Andrézieux Bouthéon,65.3970805545,2415,,2026-10-09
Belshina,Belshina,FK Belshina Bobruisk,65.3901485034,2416,,2026-10-09
Al Hidd,Hidd,Al Hidd SCC,65.3873105206,2417,,2026-10-09
Van,Van,FK Van,65.3733857625,2418,,2026-10-09
Samgurali,Samgurali,FC Samgurali Tskaltubo,65.3688458297,2419,,2026-10-09
Santiago City,Santiago City,Santiago City FC,65.364585268,2420,,2026-10-09
ASFA-Yennenga,ASFA,AS du Faso-Yennenga,65.3634095213,2421,,2026-10-09
Ferroviária,Ferroviária,Associação Ferroviária de Esportes,65.3544576673,2422,,2026-10-09
Campobasso,Campobasso,Campobasso FC,65.3510352252,2423,,2026-10-09
Vautour Club,Vautour,Vautour Club Mangoungou,65.3473450201,2424,,2026-10-09
Real Murcia II,Murcia II,Real Murcia Imperial,65.3405583257,2426,,2026-10-09
Trasandino,Trasandino,CD Trasandino de Los Andes,65.3355992411,2427,,2026-10-09
Flambeau du Centre,Flamb. Centre,Flambeau du Centre FC,65.3337250153,2428,,2026-10-09
Mladost Ždralovi,Ždralovi,NK Mladost Ždralovi,65.332176767,2429,,2026-10-09
Hohoe United,Hohoe,Hohoe United FC,65.3297065451,2430,,2026-10-09
Prison Leopards,Prison Leopard,Prison Leopards FC,65.3253434265,2431,,2026-10-09
Mindelense,Mindelense,CS Mindelense,65.3105009474,2432,,2026-10-09
Marsa,Marsa,AS de La Marsa,65.3077047611,2433,,2026-10-09
Freiburg II,Freiburg II,SC Freiburg II,65.305634935,2434,,2026-10-09
Shkëndija Haraçinë,Shkëndija 77,KF Shkëndija 77 Haraçinë,65.304587224,2435,,2026-10-09
ISCA,ISCA,Inova Sporting Club Association,65.2994999807,2436,,2026-10-09
Chindia Târgovişte,Chindia,CF Chindia Târgovişte,65.296205516,2437,,2026-10-09
Esbjerg,Esbjerg,Esbjerg fB,65.2937608446,2438,,2026-10-09
Kolding,Kolding,Kolding IF,65.287125293,2439,,2026-10-09
Dunfermline Athletic,Dunfermline,Dunfermline Athletic FC,65.2773465457,2440,,2026-10-09
Hemelingen,Hemelingen,SV Hemelingen,65.2749018515,2441,,2026-10-09
Platense,Platense,CD Platense Municipal Zacatecoluca,65.2732445571,2442,,2026-10-09
Louletano,Louletano,Louletano DC,65.264773801,2443,,2026-10-09
Loto Popo,Loto Popo,Loto FC,65.2640520154,2444,,2026-10-09
F91 Dudelange,Dudelange,F91 Dudelange,65.2609321134,2445,,2026-10-09
Southend United,Southend,Southend United FC,65.2605654064,2446,,2026-10-09
Indy Eleven,Indy Eleven,Indy Eleven,65.2521129776,2447,,2026-10-09
Lecco,Lecco,Calcio Lecco 1912,65.2466130314,2448,,2026-10-09
MC Saïda,MC Saïda,MC Saïda,65.2458889418,2449,,2026-10-09
Stenhousemuir,Stenhousemuir,Stenhousemuir FC,65.2441682999,2450,,2026-10-09
Hammarby Talang,Hammarby TFF,Hammarby Talangfotbollförening,65.2417235655,2451,,2026-10-09
Wacker Innsbruck,Wacker,FC Wacker Innsbruck,65.2392788281,2452,,2026-10-09
Szeged-Csanád,Szeged-Csanád,Szeged-Csanád Grosics Akadémia,65.2371833365,2453,,2026-10-09
Cavese 1919,Cavese,Cavese 1919,65.2242610905,2454,,2026-10-09
Aresimi,Aresimi,KF Aresimi 1973,65.2235625883,2455,,2026-10-09
AlbinoLeffe,AlbinoLeffe,UC AlbinoLeffe,65.2127357741,2456,,2026-10-09
El Entag El Harby,Military,El Entag El Harby,65.211313166,2457,,2026-10-09
Baladiyyat Al Mehalla,Baladiyyat,Baladiyyat Al Mehalla,65.2109639127,2458,,2026-10-09
Motril,Motril,Motril CF,65.2102910016,2459,,2026-10-09
Ibiza Islas Pitiusas,Ibiza Pitiusas,CD Ibiza Islas Pitiusas,65.2043536845,2460,,2026-10-09
Zoman,Zoman,Zoman FC,65.1894870151,2461,,2026-10-09
Chiangrai United,Chiangrai Utd,Singha Chiangrai United FC,65.1807582642,2462,,2026-10-09
Vendsyssel,Vendsyssel,Vendsyssel FF,65.1781594296,2463,,2026-10-09
UD Melilla,UD Melilla,UD Melilla,65.1694279357,2464,,2026-10-09
Qizilqum,Qizilqum,Qizilqum Zarafshon PFK,65.1644940753,2465,,2026-10-09
Khouribga,Khouribga,Olympique Club de Khouribga,65.1603215455,2466,,2026-10-09
Derby Académie,Derby Académie,Derby Académie,65.1529893258,2467,,2026-10-09
Mariehamn,Mariehamn,IFK Mariehamn,65.1523140977,2468,,2026-10-09
Al Jabalain,Jabalain,Al Jabalain FC,65.1508728358,2469,,2026-10-09
Old Road Jets United,Old Road Jets,Old Road Jets United FC,65.1497835429,2470,,2026-10-09
Mutondo Stars,Mutondo Stars,Mutondo Stars FC,65.1468772059,2471,,2026-10-09
Olimpia Grudziądz,Grudziądz,GKS Olimpia Grudziądz,65.1449795512,2472,,2026-10-09
Supra du Québec,Supra,FC Supra du Québec,65.1420974262,2473,,2026-10-09
Mashujaa,Mashujaa,Mashujaa FC,65.1419874997,2474,,2026-10-09
Schalke 04 II,Schalke II,FC Schalke 04 II,65.1404391043,2475,,2026-10-09
Kickers Offenbach,Offenbach,Offenbacher FC Kickers 1901,65.1369464458,2476,,2026-10-09
FSV Frankfurt,FSV Frankfurt,FSV Frankfurt 1899,65.1299611107,2477,,2026-10-09
Korhogo,Korhogo,CO Korhogo,65.1269690352,2478,,2026-10-09
Sardarapat,Sardarapat,Sardarapat FC,65.1233250199,2479,,2026-10-09
Sua Flamingoes,Flamingoes,Sua Flamingoes FC,65.1215166436,2480,,2026-10-09
GOAL,GOAL,GOAL FC,65.1117467355,2481,,2026-10-09
Avranches,Avranches,US Avranches Mont-Saint-Michel,65.1100003821,2482,,2026-10-09
Azazga,Azazga,JS Azazga,65.1047881067,2483,,2026-10-09
Al Raed,Raed,Al Raed FC,65.0953391363,2484,,2026-10-09
Hungry Lions,Hungry Lions,Hungry Lions FC,65.0852287949,2485,,2026-10-09
Leningradets,Leningradets,FK Leningradets Leningradskaya Oblast,65.0821109135,2486,,2026-10-09
Dassendorf,Dassendorf,TuS Dassendorf,65.0782688775,2487,,2026-10-09
Al-Madina,Madina,Al-Madina,65.0740542557,2488,,2026-10-09
Burgos Promesas,Burgos Promes.,CD Burgos Promesas 2000,65.0723311711,2489,,2026-10-09
Bourg-Péronnas,Bourg-Péronnas,Football Bourg-en-Bresse Péronnas 01,65.0709340612,2490,,2026-10-09
INCA-Aruba,INCA-Aruba,Club Deportivo INCA-Aruba,65.068228765,2491,,2026-10-09
Arnedo,Arnedo,CD Arnedo,65.0663934472,2492,,2026-10-09
Bayern München II,Bayern II,FC Bayern München II,65.0642977757,2493,,2026-10-09
Ospitaletto,Ospitaletto,ACD Ospitaletto SSD,65.062202102,2494,,2026-10-09
BKMA,BKMA,Banaki Kentronakan Marzakan Akumb,65.0608049851,2495,,2026-10-09
Den Bosch,Den Bosch,FC Den Bosch,65.0569629084,2496,,2026-10-09
Gbohloé-su des Lacs,Gbohloé,Gbohloé-su des Lacs,65.0564156866,2497,,2026-10-09
Iztapa,Iztapa,Club Deportivo Iztapa,65.0498892865,2498,,2026-10-09
Universitario II,Universitario,Club Universitario de Deportes II,65.0480213196,2499,,2026-10-09
Arsenal Česká Lípa,Arsenal CL,FK Arsenal Česká Lípa,65.0464844801,2500,,2026-10-09
VG United,VG United,Virgin Gorda United Rebels FC,65.0329513716,2501,,2026-10-09
Sport Sébaco,Sport Sébaco,Club Sport Sébaco FC,65.0144392234,2502,,2026-10-09
Capoise,Capoise,AS Capoise,65.0107717021,2503,,2026-10-09
Chabab Atlas Khénifra,CA Khénifra,Chabab Atlas Khénifra,65.0104825289,2504,,2026-10-09
Szentlőrinc SE,Szentlőrinc,Szentlőrinc SE,65.0080631089,2505,,2026-10-09
Ranger's,Ranger's,Ranger's FC Andorra,65.007015243,2506,,2026-10-09
Recreativo da Caála,Caála,CR da Caála,65.0041976291,2507,,2026-10-09
Pirata,Pirata,Pirata FC,65.0013567579,2508,,2026-10-09
Leioa,Leioa,SD Leioa,64.985359226,2509,,2026-10-09
Cacahuatique,Cacahuatique,CD Cacahuatique,64.9788115885,2510,,2026-10-09
Comoé,USCO,US de la Comoé,64.9774768273,2511,,2026-10-09
Santa Cruz,Santa Cruz,Santa Cruz FC,64.9765570362,2512,,2026-10-09
Voitsberg,Voitsberg,ASK Voitsberg,64.967894526,2513,,2026-10-09
Livingston,Livingston,Livingston FC,64.9626550864,2514,,2026-10-09
Vanspor,Van,Van Spor FK,64.9570663358,2515,,2026-10-09
OTR,OTR,AS OTR,64.9565190868,2516,,2026-10-09
Deportivo Santamarina,Santamarina,CD Santamarina de Tandil,64.9475654239,2517,,2026-10-09
Atlético El Vigía,El Vigía,Atlético El Vigía FC,64.9430245311,2518,,2026-10-09
Hanácká Slávia,Kroměříž,SK Hanácká Slávia Kroměříž,64.9427450912,2519,,2026-10-09
Inter Moengotapoe,Inter,Inter Moengo Tapoe,64.9350028166,2520,,2026-10-09
Excursionistas,Excursionistas,CA Excursionistas,64.9238129476,2522,,2026-10-09
Gyirmót,Gyirmót,Gyirmót SE,64.9203897734,2523,,2026-10-09
Bourges Foot 18,Bourges,Bourges Foot 18,64.919988074,2524,,2026-10-09
Uthai Thani,Uthai Thani,Uthai Thani FC,64.9184479927,2525,,2026-10-09
Nacional FCB,Nacional,Nacional Fútbol Club Mollendo,64.9156392362,2526,,2026-10-09
HK,HK,HK Kópavogur,64.9150454183,2527,,2026-10-09
Trofense,Trofense,CD Trofense,64.9141022953,2528,,2026-10-09
Dos Hermanas 1971,Dos Hermanas,Dos Hermanas CF 1971,64.9123557702,2529,,2026-10-09
Etoile Filante,Etoile Filante,Etoile Filante Lomé,64.9069182291,2530,,2026-10-09
Alittihad Misurata,Alittihad Mis.,Alittihad Misurata SC,64.9063942698,2531,,2026-10-09
Arsenal,Arsenal,Arsenal FC,64.9039025669,2532,,2026-10-09
Simba,Simba,FC Simba,64.8913740459,2533,,2026-10-09
Créteil,Créteil,US Créteil Football,64.8833108336,2534,,2026-10-09
Universitario,Universitario,CD Universitario,64.8727958788,2535,,2026-10-09
Siheung Citizen,Siheung,Siheung City Athletic Club,64.8712913814,2536,,2026-10-09
US Bougouba,US Bougouba,US Bougouba,64.8686688445,2537,,2026-10-09
Maringá,Maringá,Maringá FC,64.868622284,2538,,2026-10-09
Sakaryaspor,Sakaryaspor,Sakaryaspor Kulübü,64.8596099933,2539,,2026-10-09
Scafatese,Scafatese,SS Scafatese Calcio 1922,64.8564661615,2540,,2026-10-09
Mjøndalen,Mjøndalen,Mjøndalen IF,64.8557675315,2541,,2026-10-09
Sandecja Nowy Sącz,Sandecja,MKS Sandecja Nowy Sącz,64.8557675315,2542,,2026-10-09
Huracán,Huracán,Huracán Fútbol Club,64.8553483534,2543,,2026-10-09
Bolívar,Bolívar,Bolívar SC,64.8508072517,2544,,2026-10-09
Atalanta II,Atalanta II,Atalanta Bergamasca Calcio Under 23,64.850527799,2545,,2026-10-09
Stade Briochin,Stade Briochin,Stade Briochin,64.8494274534,2546,,2026-10-09
Guarani SP,Guarani,Guarani FC,64.8480127225,2547,,2026-10-09
Llosetense,Llosetense,CD Llosetense,64.8473839529,2548,,2026-10-09
Třinec,Třinec,FK Fotbal Třinec,64.8445894189,2549,,2026-10-09
Mekelakeya,Mekelakeya,Defence Force SC,64.8445638186,2550,,2026-10-09
Oita Trinita,Oita,Oita Trinita,64.8436955165,2551,,2026-10-09
Concordia Chiajna,Concordia,CS Concordia Chiajna,64.841794881,2552,,2026-10-09
Al Ahli,Ahli,Al Ahli Club (Manama),64.8417506667,2553,,2026-10-09
Viktoria Žižkov,Žižkov,FK Viktoria Žižkov,64.8400482928,2554,,2026-10-09
Chonburi,Chonburi,Chonburi FC,64.8384557524,2555,,2026-10-09
Recreativo do Libolo,Recreativo,Clube Recreativo Desportivo do Libolo,64.8298947471,2556,,2026-10-09
WA Mostaganem,Mostaganem,WA Mostaganem,64.8291938117,2557,,2026-10-09
Kokand-1912,Kokand,FK Qo'qon 1912,64.8291751976,2558,,2026-10-09
Imabari,Imabari,FC Imabari,64.8286748227,2559,,2026-10-09
Damascus Al Ahli,Al Ahli,Damascus Al Ahli Club,64.8237630331,2560,,2026-10-09
Prostějov,Prostějov,SK Prostějov,64.8159452205,2561,,2026-10-09
Vilzing,Vilzing,DJK Vilzing,64.7998763445,2562,,2026-10-09
Racing,Racing,Racing Club de France Football,64.7987759711,2563,,2026-10-09
Bhayangkara,Bhayangkara,Bhayangkara Presisi Lampung FC,64.7902492793,2564,,2026-10-09
Al Jaish,Jaish,Al Jaish SC,64.7888306658,2565,,2026-10-09
Imbabura,Imbabura,Imbabura SC,64.7840868015,2566,,2026-10-09
Union Omaha,Union Omaha,Union Omaha,64.7830206633,2567,,2026-10-09
Miami,Miami,Miami FC,64.7788287261,2568,,2026-10-09
Coatepeque FC,Coatepeque FC,Coatepeque FC,64.7774314118,2569,,2026-10-09
Brusque,Brusque,Brusque FC,64.7771002383,2570,,2026-10-09
Zápy,Zápy,SK Zápy,64.7743754721,2571,,2026-10-09
Police,Police,Police FC,64.7743521672,2572,,2026-10-09
San Juan SN,San Juan,IN San Juan FC Satélite Norte,64.7730829535,2573,,2026-10-09
SKA Khabarovsk,SKA,FK SKA-Khabarovsk,64.7684368661,2574,,2026-10-09
Voždovac,Voždovac,FK Voždovac,64.7642448983,2575,,2026-10-09
Ljungskile,Ljungskile,Ljungskile SK,64.763196905,2576,,2026-10-09
Rumilly Vallières,Rumilly V.,GFA Rumilly Vallières,64.7603498537,2577,,2026-10-09
Real Zaragoza II,Zaragoza II,Real Zaragoza Deportivo Aragón,64.7590049263,2578,,2026-10-09
Eichstätt,Eichstätt,VfB Eichstätt,64.7583062623,2579,,2026-10-09
Ario Eslamshahr,Ario,FC Ario Eslamshahr,64.7568647175,2580,,2026-10-09
Raja Beni Mellal,Raja BM,Raja de Beni Mellal,64.7457046674,2581,,2026-10-09
Brage,Brage,IK Brage,64.7422369234,2582,,2026-10-09
Yadah,Yadah,Yadah FC,64.7422136181,2583,,2026-10-09
Trelleborg,Trelleborg,Trelleborgs FF,64.7401409132,2584,,2026-10-09
Vimenor,Vimenor,CF Vimenor,64.7387435718,2585,,2026-10-09
Al Okhdood,Okhdood,Al Okhdood Club,64.7376513486,2586,,2026-10-09
Ejea,Ejea,SD Ejea,64.7359488861,2587,,2026-10-09
Saguntino,Saguntino,Atlético Saguntino,64.7324555235,2588,,2026-10-09
Oliveira Hospital,Oliv. Hospital,FC Oliveira do Hospital,64.7268661307,2589,,2026-10-09
Pianese,Pianese,US Pianese,64.7195300288,2590,,2026-10-09
GC Mascara,Mascara,Ghali Club de Mascara,64.714963017,2591,,2026-10-09
URA,URA,Uganda Revenue Authority FC,64.7118212543,2592,,2026-10-09
Torres,Torres,ASD Torres,64.7107965392,2593,,2026-10-09
Tru-Juice,Tru-Juice,Tru-Juice FC,64.7091387792,2594,,2026-10-09
Alianza Lima II,Alianza II,Club Alianza Lima II,64.7063948459,2595,,2026-10-09
Municipal Jalapa,Jalapa,ART Municipal Jalapa,64.7042480061,2596,,2026-10-09
Angoulême,Angoulême,Angoulême Charente FC,64.6981678456,2597,,2026-10-09
Dynamo Puerto,Dynamo Puerto,Dynamo Puerto FC,64.6978010359,2598,,2026-10-09
Pécsi MFC,Pécsi,Pécsi Mecsek FC,64.6919320712,2599,,2026-10-09
Memmingen,Memmingen,FC Memmingen 07,64.6894866642,2600,,2026-10-09
Arema,Arema,Arema FC,64.6847499023,2601,,2026-10-09
Young Buffaloes,Buffaloes,Young Buffaloes FC,64.6814284301,2602,,2026-10-09
St. Pauls United,St. Pauls,SL Horsford St. Pauls FC,64.6789205855,2603,,2026-10-09
Dnepr Mogilev,Dnepr,FC Dnepr Mogilev,64.6786569685,2604,,2026-10-09
Mouloudia Oujda,MC Oujda,Mouloudia Club d'Oujda,64.6740898633,2605,,2026-10-09
Beni Oulbane,NRBBO,NRB Beni Oulbane,64.6698976977,2606,,2026-10-09
Mbeya City,Mbeya City,Mbeya City FC,64.6697253221,2607,,2026-10-09
Raufoss,Raufoss,Raufoss IL,64.6688752575,2608,,2026-10-09
Unisport,Unisport,Unisport de Sokodé,64.6686772775,2609,,2026-10-09
Racing des Gônaïves,Gônaïves,Racing FC des Gônaïves,64.6649467014,2610,,2026-10-09
BVSC Zugló,BVSC,Budapesti Vasutas Sport Club Zugló,64.6632856868,2611,,2026-10-09
Cavaly,Cavaly,AS Cavaly,64.6631999588,2612,,2026-10-09
Dinamo Zagreb II,Dinamo Zagreb,GNK Dinamo Zagreb II,64.6625869894,2613,,2026-10-09
Guijuelo,Guijuelo,CD Guijuelo,64.6615389428,2614,,2026-10-09
CFFA,CFFA,Centre de Formation de Football Andoharanofotsy,64.6583714951,2615,,2026-10-09
Dečić,Dečić,FK Dečić,64.6552506515,2616,,2026-10-09
Pays de Grasse,Pays de Grasse,Racing Club Pays de Grasse,64.6548488989,2617,,2026-10-09
HFX Wanderers,Wanderers,HFX Wanderers FC,64.6523678225,2618,,2026-10-09
Arsenal,Arsenal,FK Arsenal Dzyarzhynsk,64.6493116916,2619,,2026-10-09
Ethiopian Medhin,Medhin,Ethiopian Insurance Corporation,64.6489367377,2620,,2026-10-09
ASKO,ASKO,AS Korofina,64.6468429278,2621,,2026-10-09
Kafr Qasim,Kafr Qasim,MS Kafr Qasim,64.629049225,2622,,2026-10-09
Balzan,Balzan,Balzan FC,64.6203153397,2623,,2026-10-09
Fortune,Fortune,Fortune FC,64.6159250777,2624,,2026-10-09
Team,Team,Team FC,64.6143506727,2625,,2026-10-09
Caguas Sporting,Caguas Sport.,Caguas Sporting FC,64.6106222915,2626,,2026-10-09
Dodoma Jiji,Dodoma Jiji,Dodoma Jiji FC,64.6099860008,2627,,2026-10-09
WA Tlemcen,WA Tlemcen,WA Tlemcen,64.6084115911,2628,,2026-10-09
Kaya,Kaya,Kaya FC-Iloilo,64.6080695204,2629,,2026-10-09
Sol de Mayo,Sol de Mayo,Club Social y Deportivo Sol de Mayo,64.602078864,2630,,2026-10-09
Công An Hồ Chí Minh,Công An HCM,Công An TP Hồ Chí Minh FC,64.5963636859,2631,,2026-10-09
Jorge Newbery CR,Newbery CR,Club Atlético Jorge Newbery de Comodoro Rivadavia,64.5961397459,2632,,2026-10-09
Ponte Preta,Ponte Preta,Associacao Atletica Ponte Preta,64.5933448607,2633,,2026-10-09
Stade Marocain,Stade Marocain,Stade Marocain du Rabat,64.5905942403,2634,,2026-10-09
Namungo,Namungo,Namungo FC,64.58867505,2635,,2026-10-09
Fard Alborz,Fard,FC Fard Alborz,64.5884794546,2636,,2026-10-09
Norrby,Norrby,Norrby IF,64.5881743127,2637,,2026-10-09
Agouado,Agouado,ASC Agouado,64.5880885815,2638,,2026-10-09
Hammam-Sousse,ESHS,Espoir Sportif de Hammam-Sousse,64.5864018994,2639,,2026-10-09
Canon,Canon,Canon de Yaoundé,64.5825589124,2640,,2026-10-09
Gyeongnam,Gyeongnam,Gyeongnam FC,64.5813411335,2641,,2026-10-09
Adiaké,Adiaké,OFC Adiaké,64.5722549801,2642,,2026-10-09
Mes Kerman,Mes Kerman,Sanat Mes Kerman FC,64.5696138309,2643,,2026-10-09
Pigotts Bullets,Pigotts,Pigotts Bullets FC,64.5638077874,2644,,2026-10-09
Royal Leopards,Leopards,Royal Leopards FC,64.5633461648,2645,,2026-10-09
Langreo,Langreo,Unión Popular de Langreo,64.5602251727,2646,,2026-10-09
Al Shomooa,Al Shomooa,Al Shomooa SC,64.549371468,2647,,2026-10-09
Gomido,Gomido,Gomido FC,64.5422093988,2648,,2026-10-09
Marko,Marko,FC Marko,64.540712947,2649,,2026-10-09
Aalen,Aalen,VfR Aalen 1921,64.5403111714,2650,,2026-10-09
TOP Oss,TOP,TOP Oss,64.5298300381,2651,,2026-10-09
Paysandú,Paysandú,Paysandú FC,64.5280133028,2652,,2026-10-09
Sagrado Corazón,S. Corazón,CD Sagrado Corazón,64.5245195762,2653,,2026-10-09
Vital'O,Vital'O,Vital'O FC,64.523343339,2654,,2026-10-09
Java United,Java Utd,Java United FC,64.5226472857,2655,,2026-10-09
Vire,Vire,AF Virois,64.5169731061,2656,,2026-10-09
Shenzhen Peng City,Peng City,Shenzhen Peng City FC,64.5104191832,2657,,2026-10-09
Bihor Oradea,Bihor,FC Bihor Oradea,64.5085182305,2658,,2026-10-09
Wolaitta Dicha,Dicha,Wolaitta Dicha SC,64.5081432501,2659,,2026-10-09
Sportfreunde Siegen,SF Siegen,Sportfreunde Siegen von 1899,64.5050244698,2660,,2026-10-09
Las Vegas Lights,LV Lights,Las Vegas Lights FC,64.5010932928,2661,,2026-10-09
Atenas,Atenas,Atenas FC,64.49097949,2662,,2026-10-09
Dordrecht,Dordrecht,FC Dordrecht,64.4906999869,2663,,2026-10-09
Polisi Tanzania,Polisi,Polisi Tanzania FC,64.488056337,2664,,2026-10-09
Kustošija,Kustošija,NK Kustošija,64.4865074358,2665,,2026-10-09
Encarnación,Encarnación,Encarnación FC,64.4846906609,2666,,2026-10-09
Semassi,Semassi,AC Semassi FC,64.4744304939,2667,,2026-10-09
Shirak,Shirak,Shirak FC,64.461701328,2668,,2026-10-09
Vega Real,Vega Real,Atlético Vega Real FC,64.4593445923,2669,,2026-10-09
Caldas,Caldas,Caldas SC,64.4592556386,2670,,2026-10-09
Homeboyz,Homeboyz,Kakamega Homeboyz FC,64.4585312644,2671,,2026-10-09
Universitario de Sucre,Universitario,CD Universitario San Francisco Xavier,64.4572641465,2672,,2026-10-09
Olympique d'Alès,Alès,Olympique d'Alès en Cévennes,64.4540847427,2673,,2026-10-09
Ethnikos Achna,Ethnikos Achna,Ethnikos Achna FC,64.4471144934,2674,,2026-10-09
Tai Po,Wofoo,Tai Po FC,64.4429885835,2675,,2026-10-09
Ethiopia Bunna,Ethiopia Bunna,Ye Ethiopia Bunna SC (Ethiopian Coffee),64.4428088983,2676,,2026-10-09
EF Ouagadougou,Étoile Filante,Étoile Filante de Ouagadougou,64.441588339,2677,,2026-10-09
Olympique Béja,Olympique Béja,Olympique de Béja,64.4372186937,2678,,2026-10-09
Ashanti GB,Ashanti,AS Ashanti Golden Boys,64.4326789376,2679,,2026-10-09
La Luz,La Luz,La Luz FC,64.4294878645,2680,,2026-10-09
Borac Čačak,Borac,FK Borac Čačak,64.4288589631,2681,,2026-10-09
Juventud Copalera,Copalera,Juventud Copalera San Ildefonso Ixtahuacán,64.4249276356,2682,,2026-10-09
Bragança,Bragança,GD Bragança,64.4215217649,2683,,2026-10-09
Oyonesa,Oyonesa,SD Oyonesa,64.4204735915,2684,,2026-10-09
Connah's Quay,Connah's Quay,Connah's Quay Nomads FC,64.4201242003,2685,,2026-10-09
FK Sibir,FK Sibir,FK Sibir,64.4183772431,2686,,2026-10-09
Hessen Kassel,Kassel,KSV Hessen Kassel,64.4176784598,2687,,2026-10-09
B36,B36,B36 Tórshavn,64.4040521365,2688,,2026-10-09
Picerno,Picerno,AZ Picerno,64.4037027424,2689,,2026-10-09
Carlisle United,Carlisle,Carlisle United FC,64.400191328,2690,,2026-10-09
Rodina Moskva II,Rodina II,FK Rodina Moskva II,64.3977630328,2691,,2026-10-09
Oakland Roots,Roots,Oakland Roots SC,64.3959280181,2692,,2026-10-09
Fassell,Fassell,FC Fassell,64.390227714,2693,,2026-10-09
Las Palmas III,Las Palmas III,UD Las Palmas III,64.3897269268,2694,,2026-10-09
Negele Arsi Ketema,Negele Arsi,Negele Arsi Ketema FC,64.3897013207,2695,,2026-10-09
Toulon,Toulon,SC Toulon,64.3889757239,2696,,2026-10-09
Hammam-Lif,Hammam-Lif,CS Hammam-Lif,64.3855085568,2697,,2026-10-09
El Dakhleya,El Dakhleya,El Dakhleya SC,64.3781711987,2698,,2026-10-09
Vancouver FC,Vancouver,Vancouver FC,64.3781087662,2699,,2026-10-09
Renate,Renate,AC Renate,64.3673654174,2700,,2026-10-09
Sligo Rovers,Sligo,Sligo Rovers FC,64.3663172155,2701,,2026-10-09
Levanger,Levanger,Levanger FK,64.3659678147,2702,,2026-10-09
Zweigen Kanazawa,Zweigen,Ishikawa FC Zweigen Kanazawa,64.3626278897,2703,,2026-10-09
CSM Reşiţa,Reşiţa,Clubul Sportiv Muncitoresc Reşiţa,64.3596785904,2704,,2026-10-09
Mumbai City,Mumbai,Mumbai City FC,64.3547427327,2705,,2026-10-09
Zhetysu,Zhetysu,FK Zhetysu Taldykorgan,64.3484976981,2706,,2026-10-09
Express,Express,Express Sports Club,64.3470767723,2707,,2026-10-09
US Boujaad,Boujaad,US Boujaad,64.3428816217,2708,,2026-10-09
MO Constantine,MO Constantine,Mouloudia Olympic of Constantine,64.3421828118,2709,,2026-10-09
Boxing Club,Boxing Club,Asociación Atlética Boxing Club,64.3421385376,2710,,2026-10-09
América des Cayes,América Cayes,América des Cayes,64.3393274349,2711,,2026-10-09
Al Sailiya,Sailiya,Al Sailiya SC,64.3386701403,2712,,2026-10-09
Imst,Imst,SC Imst,64.3362685251,2713,,2026-10-09
Tiaret,Tiaret,JSM Tiaret,64.3358935123,2714,,2026-10-09
San Antonio Unido,SA Unido,CSD San Antonio Unido,64.3330539872,2715,,2026-10-09
Ferroviário Nampula,Ferro Nampula,Clube Ferroviário de Nampula,64.3310041178,2716,,2026-10-09
Kedus Giorgis,Kedus Giorgis,Saint George FC,64.3310018211,2717,,2026-10-09
Niki Volos,Niki,Niki Volou FC,64.330730432,2718,,2026-10-09
Sidi M’hamed Benali,IRBSBM,IRB Sidi M’hamed Benali,64.3184231312,2719,,2026-10-09
Achuapa,Achuapa,Deportivo Achuapa,64.3148666021,2720,,2026-10-09
Salitas,Salitas,Salimata et Taséré FC,64.3088166529,2721,,2026-10-09
Juventus II,Juventus NG,Juventus Next Gen,64.3083158469,2722,,2026-10-09
Santiago Morning,Morning,CD Santiago Morning,64.3051012637,2723,,2026-10-09
Triangle United,Triangle,Triangle United FC,64.2988584187,2724,,2026-10-09
La Linguère,Linguère,ASC La Linguère de Saint-Louis,64.2976354742,2726,,2026-10-09
Hapoel Kfar Saba,H Kfar Saba,Hapoel Kfar Saba FC,64.2974840783,2727,,2026-10-09
Karlovac 1919,Karlovac,NK Karlovac 1919,64.2950381869,2728,,2026-10-09
IRB Nezla,IRB,Ittihad Riadhi Baladiat Nezla,64.2932655124,2729,,2026-10-09
Tanta,Tanta,Tanta SC,64.2887231306,2730,,2026-10-09
Sintrense,Sintrense,Sport União Sintrense,64.2870016653,2731,,2026-10-09
Maroons,Maroons,Maroons FC,64.2841830352,2732,,2026-10-09
AH Zapla,Zapla,Asociación Cultural y Deportiva Altos Hornos Zapla,64.2722563107,2733,,2026-10-09
Spaeri,Spaeri,Spaeri FC,64.2691814362,2734,,2026-10-09
Musongati,Musongati,Musongati FC,64.2605973718,2735,,2026-10-09
Wuhan Three Towns,Three Towns,Wuhan Three Towns FC,64.2578047086,2736,,2026-10-09
Maccabi Kabilio Jaffa,M Jaffa,Maccabi Kabilio Jaffa FC,64.2559035143,2737,,2026-10-09
Academy Eagles,Academy Eagles,Academy Eagles FC,64.2556430587,2738,,2026-10-09
ASFB,ASFB,ASFB Bobo Dioulasso,64.2546572324,2739,,2026-10-09
Islanders,Islanders,Islanders FC,64.2528476951,2740,,2026-10-09
Juventud Cautivo,Juv. Cautivo,CD Juventud Cautivo,64.2490548673,2741,,2026-10-09
Wacker Burghausen,Burghausen,SV Wacker Burghausen,64.2461197256,2742,,2026-10-09
Plaza Amador II,Pl. Amador II,CD Plaza Amador II,64.2404409227,2743,,2026-10-09
Hồng Lĩnh Hà Tĩnh,Hồng Lĩnh,Hồng Lĩnh Hà Tĩnh,64.2347428656,2744,,2026-10-09
Dinamo Kirov,Dinamo Kr,FK Dinamo Kirov,64.2342393458,2745,,2026-10-09
Al Fahaheel,Fahaheel,Al Fahaheel FC,64.2317491486,2746,,2026-10-09
Al Wehda,Wehda,Al Wehda FC,64.2303514504,2747,,2026-10-09
Roasso Kumamoto,Kumamoto,Roasso Kumamoto,64.2298509251,2748,,2026-10-09
Ipala,Ipala,CSD Ipala,64.2282110838,2749,,2026-10-09
Tromsdalen,TUIL,Tromsdalen UIL,64.227600279,2750,,2026-10-09
UD Santa Marta,Santa Marta,UD Santa Marta de Tormes,64.2241060244,2751,,2026-10-09
Baños Ciudad de Fuego,Baños CDF,Club Deportivo Especializado Baños Ciudad de Fuego,64.2236867134,2752,,2026-10-09
Podhale Nowy Targ,Podhale NT,NKP Podhale Nowy Targ,64.2234071727,2753,,2026-10-09
Ciudad de Yantzaza,Yantzaza,CD Ciudad de Yantzaza,64.2187947456,2754,,2026-10-09
Știința Poli Timişoara,Știința Poli,ACS Știința Poli Timișoara,64.2125749405,2755,,2026-10-09
Valle Sagrado,Valle Sagrado,Valle Sagrado FC,64.2102687156,2756,,2026-10-09
Metaloglobus,Metaloglobus,FC Metaloglobus Bucureşti,64.2083818024,2757,,2026-10-09
COSFA,COSFA,COSFA Antananarivo,64.203466487,2758,,2026-10-09
Naft Bandar Abbas,Naft BA,Palayesh Naft Bandar Abbas FC,64.2016984205,2759,,2026-10-09
Cornellà,Cornellà,UE Cornellà,64.1985977791,2760,,2026-10-09
Tekstilshchik,Tekstilshchik,FK Tekstilshchik Ivanovo,64.1978989185,2761,,2026-10-09
UNAN Managua,UNAN,Universidad Nacional Autónoma de Nicaragua,64.1969395943,2762,,2026-10-09
Vilanculo,Vilankulo,AD Vilanculo,64.1961284541,2763,,2026-10-09
Altyn Asyr,Altyn,Altyn Asyr FK,64.1957604033,2764,,2026-10-09
Sotra,Sotra,Sotra SK,64.1909102984,2765,,2026-10-09
Inter de Limeira,Inter Limeira,AA Internacional de Limeira,64.190840412,2766,,2026-10-09
Ajka,Ajka,FC Ajka,64.1797284549,2767,,2026-10-09
Green Mamba,Mamba,Green Mamba FC,64.177957976,2768,,2026-10-09
Walter Ferretti,Walter Ferr.,CD Walter Ferretti,64.1770219523,2769,,2026-10-09
Al Nasar,Nasar,Al Nasar,64.1758404526,2770,,2026-10-09
Badalona,Badalona,CF Badalona,64.1678476771,2771,,2026-10-09
Defensor Jose María Arg.,Defensor JMA,CD Defensor Jose María Arguedas,64.1662402723,2772,,2026-10-09
Loudoun United,Loudoun Utd,Loudoun United FC,64.1635663962,2773,,2026-10-09
Birmingham Legion,Legion,Birmingham Legion FC,64.1555293417,2774,,2026-10-09
Malkiya,Malkiya,Malkiya Club,64.1545248469,2775,,2026-10-09
Châteauroux,Châteauroux,La Berrichonne Châteauroux,64.1541672226,2776,,2026-10-09
RWDM Brussels,RWDM,RWDM Brussels,64.1528218855,2777,,2026-10-09
Matagalpa,Matagalpa,Indígenas de Matagalpa FC,64.1511636623,2778,,2026-10-09
Baghdad,Baghdad,Amanat Baghdad SC,64.145441734,2779,,2026-10-09
Schweinfurt,Schweinfurt,1. FC Schweinfurt 1905,64.1430375878,2780,,2026-10-09
Sandhausen,Sandhausen,SV Sandhausen,64.1409409462,2781,,2026-10-09
Al Ittifaq Maqaba,Ittifaq,Al Ittifaq Maqaba,64.1391495134,2782,,2026-10-09
Épila,Épila,AD CF Épila,64.1384948617,2783,,2026-10-09
Pogradeci,Pogradeci,KS Pogradeci,64.1374465388,2784,,2026-10-09
Haguenau,Haguenau,FCSR Haguenau,64.1373941226,2785,,2026-10-09
Escobedo,Escobedo,Unión Montañesa Escobedo,64.1241677342,2786,,2026-10-09
Beltinci,Beltinci,ND Beltinci,64.1234688473,2787,,2026-10-09
Ureña,Ureña,Ureña SC,64.1227000714,2788,,2026-10-09
Mineros de Guayana,Mineros,AC Mineros de Guayana,64.1216517401,2789,,2026-10-09
Sagamihara,Sagamihara,SC Sagamihara,64.1211768459,2790,,2026-10-09
Ventforet Kofu,Ventforet,Ventforet Kofu,64.1194296255,2791,,2026-10-09
Sorrento,Sorrento,Sorrento Calcio,64.1164799645,2792,,2026-10-09
Al Zulfi,Zulfi,Al Zulfi SC,64.1122423925,2793,,2026-10-09
Hobro,Hobro,Hobro IK,64.1101899489,2794,,2026-10-09
Sarmiento Resistencia,S Resistencia,CA Sarmiento de Resistencia,64.1045289177,2795,,2026-10-09
Barracuda,Barracuda,AC Barracuda,64.1026535357,2796,,2026-10-09
A'Ali,A'Ali,A'Ali FC,64.100011762,2797,,2026-10-09
Talleres Remedios,Talleres,CA Talleres Remedios de Escalada,64.0971905199,2798,,2026-10-09
Karcag,Karcag,Karcagi SE,64.0958626164,2799,,2026-10-09
Hapoel Afula,Hapoel Afula,Hapoel Afula FC,64.0944648223,2800,,2026-10-09
Racing d'Abidjan,RC Abidjan,Racing Club d'Abidjan,64.0942667851,2801,,2026-10-09
Voorwaarts,Voorwaarts,Voorwaarts,64.0916115446,2802,,2026-10-09
TelOne,TelOne,TelOne FC,64.0905975706,2803,,2026-10-09
Universidad O&M,O&M,Universidad Organización y Métodos,64.0851186569,2804,,2026-10-09
Dinan Léhon,Dinan Léhon,Dinan Léhon FC,64.0671552222,2805,,2026-10-09
Helmond Sport,Helmond,Helmond Sport,64.0637131025,2806,,2026-10-09
Mutilvera,Mutilvera,UD Mutilvera,64.0633636484,2807,,2026-10-09
Jaraíz,Jaraíz,CF Jaraíz,64.0623152857,2808,,2026-10-09
Olympique Sport d'Abobo,OSA,Olympique Sport d'Abobo FC,64.0586226986,2809,,2026-10-09
Real de Banjul,Real Banjul,Real de Banjul FC,64.056176514,2810,,2026-10-09
Al Buqa'a,Buqa'a,Al Buqa'a,64.0528357646,2811,,2026-10-09
Roeselare,Roeselare,SK Roeselare,64.0511327157,2812,,2026-10-09
Bezana,Bezana,CD Bezana,64.0476381495,2813,,2026-10-09
Harrogate Town,Harrogate,Harrogate Town FC,64.0465723056,2814,,2026-10-09
Città di Teramo,Teramo,SS Città di Teramo 1913,64.0458908642,2815,,2026-10-09
Bikita Minerals,Bikita,Bikita Minerals FC,64.0441202638,2816,,2026-10-09
Grosseto,Grosseto,SSD FC Grosseto,64.031213606,2817,,2026-10-09
Cayón,Cayón,CD Cayón,64.0294663061,2818,,2026-10-09
Havadar,Havadar,Havadar SC,64.0290726136,2819,,2026-10-09
Rukinzo,Rukinzo,Rukinzo FC,64.0268220414,2820,,2026-10-09
Hrvace,Hrvace,NK Hrvace,64.0266706231,2821,,2026-10-09
Larissa,Larissa,AE Larissa,64.0263735815,2822,,2026-10-09
Orange County SC,Orange County,Orange County SC,64.0258836474,2823,,2026-10-09
Tusker,Tusker,Tusker FC,64.0255966301,2824,,2026-10-09
Karib,Karib,ASC Karib,64.0042192599,2825,,2026-10-09
Quiché,Quiché,Deportivo Quiché FC,64.0031685669,2826,,2026-10-09
Yongin,Yongin,Yongin Football Centre,63.9974698266,2827,,2026-10-09
FC Bacău,FC Bacău,ACS Fotbal Club Bacău,63.9969662463,2828,,2026-10-09
Örebro,Örebro,Örebro SK,63.9938210509,2829,,2026-10-09
Treviso,Treviso,Treviso FBC 1993,63.9920737179,2830,,2026-10-09
Cashmere Technical,Cashmere,Cashmere Technical,63.9906024623,2831,,2026-10-09
Chongqing Tonglianglong,Tonglianglong,Chongqing Tonglianglong FC,63.9834911454,2832,,2026-10-09
Athens Kallithea,Kallithea,PAE Athens Kallithea,63.9809431706,2833,,2026-10-09
Nairobi United,Nairobi Utd,Nairobi United FC,63.9791177944,2834,,2026-10-09
Smederevo 1924,Smederevo,FK Smederevo 1924,63.972503483,2835,,2026-10-09
Knokke,Knokke,Royal Knokke FC,63.9704066606,2836,,2026-10-09
Sancor,Sancor,SA Sancor,63.9689388836,2837,,2026-10-09
Tira,Tira,MS Tira,63.9679603649,2838,,2026-10-09
Bahardar,Bahardar,Bahardar FC,63.9619937371,2839,,2026-10-09
Tacuarembó,Tacuarembó,Tacuarembó FC,63.9518147379,2840,,2026-10-09
Club Patria,Patria,Club Patria de Los Ríos,63.948319996,2841,,2026-10-09
RCC Kamsar,RCC Kamsar,Renaissance Caïman Club de Kamsar,63.9480171018,2842,,2026-10-09
Afrique Football Élite,AFE,Afrique Football Élite,63.9466192048,2843,,2026-10-09
Derio,Derio,CD Derio,63.9455940931,2844,,2026-10-09
Latina,Latina,US Latina,63.9441961927,2845,,2026-10-09
Hertha Wels,Hertha Wels,FC Hertha Wels,63.9438467174,2846,,2026-10-09
Grama,Grama,FE Grama,63.9434972421,2847,,2026-10-09
Njardvík,Njardvík,UMF Njardvík,63.9409460704,2848,,2026-10-09
Alcione Milano,Alcione,Alcione Milano SS,63.9351098159,2849,,2026-10-09
Fylkir,Fylkir,Fylkir FC,63.9301122908,2850,,2026-10-09
ASA,ASA,ASA FC,63.9247652744,2851,,2026-10-09
Colonia Moscardó,Moscardó,CD Colonia Moscardó,63.9144905748,2852,,2026-10-09
Ferroviário Nacala,Ferro Nacala,Clube Ferroviário de Nacala,63.913418818,2853,,2026-10-09
Torrent,Torrent,Torrent CF,63.9123936907,2854,,2026-10-09
Luanda,Luanda,FC Luanda,63.9071281557,2855,,2026-10-09
Figueirense,Figueirense,Figueirense FC,63.9063826108,2856,,2026-10-09
Eindhoven,Eindhoven,FC Eindhoven,63.9047050968,2857,,2026-10-09
Colchagua,Colchagua,Colchagua Club de Deportes,63.9032372709,2858,,2026-10-09
Liaoning Tieren,Tieren,Liaoning Tieren FC,63.9003159447,2859,,2026-10-09
Villanovense,Villanovense,CF Villanovense,63.891075243,2860,,2026-10-09
Lumezzane,Lumezzane,FC Lumezzane,63.8900267888,2861,,2026-10-09
Politehnica Iași,Iaşi,ACSM Politehnica Iași,63.8896773039,2862,,2026-10-09
Deportes Rengo,Rengo,Club Deportes Rengo Unido,63.8794723188,2863,,2026-10-09
Panthère,Panthère,Panthère Sportive du Ndé,63.8700804402,2864,,2026-10-09
Sporting Covilhã,Covilhã,SC Covilhã,63.8669606553,2865,,2026-10-09
Police,Police,Police FC,63.8599452516,2866,,2026-10-09
Perugia,Perugia,AC Perugia Calcio,63.858223413,2867,,2026-10-09
Geita Gold,Geita Gold,Geita Gold FC,63.8562779006,2868,,2026-10-09
PAEEK,PAEEK,Podosfairiki Athlitiki Enosi Eparxeias Kerynias,63.854815878,2869,,2026-10-09
Sportivo Italiano,Italiano,Club Sportivo Italiano,63.8504647094,2870,,2026-10-09
Jeonnam Dragons,Dragons,Jeonnam Dragons FC,63.849640258,2871,,2026-10-09
Otrant-Olympic,Otrant-Olympic,FK Otrant-Olympic KF,63.8435447588,2872,,2026-10-09
Lamphun Warriors,Lamphun,Lamphun Warriors FC,63.8419514192,2873,,2026-10-09
LDU de El Carmin,LDU Carmin,LDU de El Carmin,63.8406789135,2874,,2026-10-09
Wakirya,Wakirya,Wakirya Athletic Club,63.8393275216,2875,,2026-10-09
Maya,Maya,AS Maya de Bobo-Dioulasso,63.8370558104,2876,,2026-10-09
Sporting Braga II,Braga II,Sporting Braga II,63.8369043792,2877,,2026-10-09
Operário,Operário,Sport Operário e Benfica,63.8340851073,2878,,2026-10-09
Internazionale II,Inter II,FC Internazionale Milano Under 23,63.8334094337,2879,,2026-10-09
Ypiranga RS,Ypiranga,Ypiranga FC,63.8256506323,2880,,2026-10-09
Fraijanes,Fraijanes,Deportivo Fraijanes,63.8200405203,2881,,2026-10-09
Cosenza,Cosenza,Cosenza Calcio,63.8148861185,2882,,2026-10-09
Atlético Balboa,Atl. Balboa,CD Atlético Balboa,63.8139266065,2883,,2026-10-09
Reggina,Reggina,AS Reggina 1914 ASD,63.8127891284,2884,,2026-10-09
Caxias do Sul,Caxias,Sociedade Esportiva e Recreativa Caxias do Sul,63.8116707328,2885,,2026-10-09
Palencia CF,Palencia CF,Palencia CF,63.7995081395,2886,,2026-10-09
Trival Valderas,Trival,CF Trival Valderas Alcorcón,63.7977606343,2887,,2026-10-09
Mebrat Hayl,EEPCO,Ethiopian Electric Power Corporation FC,63.7945895072,2888,,2026-10-09
Ararat,Ararat,FC Ararat,63.7893725877,2889,,2026-10-09
HB Køge,HB Køge,HB Køge,63.7883240794,2890,,2026-10-09
Jelgava,Jelgava,FS Jelgava,63.7865765642,2891,,2026-10-09
AGAMA,AGAMA,AGAMA FC,63.7813106929,2892,,2026-10-09
Sarriana,Sarriana,SD Sarriana,63.7788874792,2893,,2026-10-09
LDF,LDF,Lesotho Defence Force,63.7788641643,2894,,2026-10-09
Binah,Binah,AS Binah,63.7751943613,2895,,2026-10-09
San Juan,San Juan,AD San Juan,63.7736449039,2896,,2026-10-09
Goa,Goa,FC Goa,63.7725521491,2897,,2026-10-09
Nagykanizsa,Nagykanizsa,Nagykanizsa FC,63.7694508337,2898,,2026-10-09
Tevragh-Zeïne,FCTVZ,ASC Tevragh-Zeïne,63.7655806472,2899,,2026-10-09
Sheger Ketema,Sheger,Sheger Ketema FC,63.7641826191,2900,,2026-10-09
Kiyovu Sports,Kiyovu,Kiyovu Sports Association,63.7599885287,2901,,2026-10-09
Kuala Lumpur City,Kuala Lumpur,Kuala Lumpur City FC,63.7577217193,2902,,2026-10-09
Laktaši,Laktaši,FK Laktaši,63.7526744633,2903,,2026-10-09
Subiza,Subiza,CD Subiza,63.752324954,2904,,2026-10-09
Dynamic Togolais,Dynamic,Dynamic Togolais,63.7461852153,2905,,2026-10-09
Stripfing,Stripfing,SV Stripfing / Weiden,63.7428881811,2906,,2026-10-09
Hutnik Kraków,Hutnik Kraków,KS Hutnik Kraków Stowarzyszenie Nowy Hutnik 2010,63.7400920916,2907,,2026-10-09
Xorazm,Xorazm,Xorazm FK Urganch,63.7389993181,2908,,2026-10-09
RCK,RCK,Rail Club de Kadiogo,63.738845484,2909,,2026-10-09
Hải Phòng,Hải Phòng,Hải Phòng FC,63.7367511088,2910,,2026-10-09
Doqarah,Doqarah,Doqarah FC,63.7288634545,2911,,2026-10-09
Sisaket United,Sisaket Utd,Sisaket United FC,63.7248676636,2912,,2026-10-09
Beyoğlu Yeni Çarşı,Yeni Çarşı,Beyoğlu Yeni Çarşı SFAŞ,63.7233154707,2913,,2026-10-09
Wahlex,Wahlex,CA Wahlex,63.7187018748,2914,,2026-10-09
Boluspor,Boluspor,Boluspor Kulübü,63.7082862929,2915,,2026-10-09
Blessing,Blessing,Blessing FC,63.7072144238,2916,,2026-10-09
Novara,Novara,Novara Calcio,63.7065387066,2917,,2026-10-09
San Marcos,San Marcos,FC San Marcos,63.7033231438,2918,,2026-10-09
Pacífico,Pacífico,Pacífico FC,63.6907404562,2919,,2026-10-09
Manika Kolwezi,Manika,CS Manika Kolwezi,63.6858937535,2920,,2026-10-09
Mosconia,Mosconia,CD Mosconia,63.6838199436,2921,,2026-10-09
Nouakchott King's,King's,Nouakchott King's,63.6687648482,2922,,2026-10-09
Desenzano,Desenzano,Calcio Desenzano,63.6597028153,2923,,2026-10-09
Muaither,Muaither,Muaither SC,63.6568623667,2924,,2026-10-09
Village Superstars,Superstars,RAMS Village Superstars FC,63.6533255684,2925,,2026-10-09
KAC Kénitra,Kénitra,Kénitra Athlétic Club,63.6383560133,2926,,2026-10-09
Guarnizo,Guarnizo,CD Guarnizo,63.6317405566,2927,,2026-10-09
Espoli,Espoli,Club Social Cultural y Deportivo Espoli,63.6285248714,2928,,2026-10-09
Atlético Mansillés,Atl. Mansillés,CD Atlético Mansillés,63.6278957149,2929,,2026-10-09
UDJ Quinindé,Quinindé,UDJ Quinindé,63.6253790872,2930,,2026-10-09
Cambérène,Cambérène,ASC Cambérène,63.6228041845,2931,,2026-10-09
ASM Sangarédi,Sangarédi,Association Sportive des Mineurs de Sangarédi,63.6198331576,2932,,2026-10-09
Deportivo Armenio,Armenio,CD Armenio,63.6183884376,2933,,2026-10-09
Ahal,Ahal,Ahal FC,63.6156201335,2934,,2026-10-09
Delta United,Delta United,Delta United FC,63.6138887926,2935,,2026-10-09
Tucumán Central,T Central,Club Tucumán Central Deportes,63.6113977631,2936,,2026-10-09
Unión Molinense,Un. Molinense,Unión Molinense CF,63.603078828,2937,,2026-10-09
Tambo,Tambo,Tambo FC,63.6011330613,2938,,2026-10-09
CSA Steaua Bucureşti,CSA Steaua,CSA Steaua Bucureşti,63.5943404128,2939,,2026-10-09
Panadería Pulido,Panad. Pulido,CF Panadería Pulido,63.5918936495,2940,,2026-10-09
Boiro,Boiro,CD Boiro,63.5828056451,2941,,2026-10-09
L'Hospitalet,L'Hospitalet,CE L'Hospitalet,63.5793102475,2942,,2026-10-09
Tirsense,Tirsense,FC Tirsense,63.5751157623,2943,,2026-10-09
Al-Magd,Magd,Al-Magd SCS,63.5670529879,2944,,2026-10-09
Ferrocarril Oeste,Ferro Oeste,Ferrocarril Oeste FC,63.5568696469,2945,,2026-10-09
Ankaragücü,Ankaragücü,MKE Ankaragücü SK,63.5565900116,2946,,2026-10-09
Nara Club,Nara,Nara Club,63.5483550844,2947,,2026-10-09
Juventus,Juventus,Juventus FC des Cayes,63.5446196991,2948,,2026-10-09
Baía de Pemba,Baía de Pemba,Baía de Pemba FC,63.5432839707,2949,,2026-10-09
Maccabi Kiryat Gat,M Kiryat Gat,Maccabi Kiryat Gat FC,63.542608197,2950,,2026-10-09
Chungbuk Cheongju,Cheongju,Chungbuk Cheongju FC,63.541713707,2951,,2026-10-09
Śląsk Wrocław II,Śląsk II,WKS Śląsk Wrocław II,63.5408604632,2952,,2026-10-09
Paju Frontier,Paju,Paju Frontier FC,63.5392668781,2953,,2026-10-09
Ouanaminthe,Ouanaminthe,Ouanaminthe FC,63.5337837354,2954,,2026-10-09
Vitória de Sernache,Sernache,GD Vitória de Sernache,63.5328208675,2955,,2026-10-09
Al Najaf,Najaf,Al Najaf,63.5317302763,2956,,2026-10-09
Caspe,Caspe,CD Caspe,63.5135956135,2957,,2026-10-09
Royal Vision,Vision,Royal Vision 2026,63.5081542352,2958,,2026-10-09
Awassa Kenema,Awassa,Awassa City FC (Hawassa City),63.5065789477,2959,,2026-10-09
Mashuk-KMV,Mashuk,FK Mashuk-KMV Pyatigorsk,63.505905459,2960,,2026-10-09
Politécnico de Manabí,Politécnico,CD Politécnico de Manabí,63.4943002597,2961,,2026-10-09
Pompiers,Pompiers,AS Pompiers,63.4911985535,2962,,2026-10-09
Rebordosa,Rebordosa,Rebordosa AC,63.4905250596,2963,,2026-10-09
Giana Erminio,Giana Erminio,AS Giana Erminio,63.4880781667,2964,,2026-10-09
Taghit,JRBT,JRB Taghit,63.4807118518,2965,,2026-10-09
Loznica,Loznica,FK Loznica,63.4737463042,2966,,2026-10-09
Weymouth Wales,Wales,JADA Group Weymouth Wales,63.4729614049,2967,,2026-10-09
Gifu,Gifu,FC Gifu,63.4669092696,2968,,2026-10-09
Primero de Mayo,Primero Mayo,Primero de Mayo,63.4630148164,2969,,2026-10-09
Deportivo Binacional,Binacional,Deportivo Binacional FC,63.4624904751,2970,,2026-10-09
Vanraure Hachinohe,Vanraure,Vanraure Hachinohe,63.4613162997,2971,,2026-10-09
Paderborn II,Paderborn II,SC Paderborn 07 II,63.4587152136,2972,,2026-10-09
Atlético Samborondón,Samborondón,Club Atlético Samborondón,63.4548001199,2973,,2026-10-09
Police,Police,Police FC,63.4456933118,2974,,2026-10-09
Volgar Astrakhan,Volgar,FK Volgar Astrakhan,63.4447327001,2975,,2026-10-09
Ulm,Ulm,SSV Ulm 1846,63.4345953154,2976,,2026-10-09
Magdeburg II,Magdeburg II,1. FC Magdeburg II,63.4300509534,2977,,2026-10-09
Shabab Al Ordon,Shabab Ordon,Shabab Al Ordon Al Quadisiya,63.4300067076,2978,,2026-10-09
RCA,RCA,SV Racing Club Aruba,63.4280425523,2979,,2026-10-09
Anguiano,Anguiano,CD Anguiano,63.4174665113,2980,,2026-10-09
Shabana,Shabana,Shabana FC,63.4104495008,2981,,2026-10-09
Hibernians,Hibernians,Paola Hibernians FC,63.4066298435,2982,,2026-10-09
Panthères,Panthères,Panthères FC,63.4034603836,2983,,2026-10-09
Matoury,Matoury,US Matoury,63.4016500622,2984,,2026-10-09
Wolues,Wolues,Wolues FC,63.3927359612,2985,,2026-10-09
Fuenlabrada,Fuenlabrada,CF Fuenlabrada,63.3807614259,2986,,2026-10-09
Pacífico,Pacífico,Club Deportivo Pacífico FC,63.3753080402,2987,,2026-10-09
Chemal,Chemal,Chemal FC,63.372345976,2988,,2026-10-09
RC Arbaâ,RC Arbaâ,RC Arbaâ,63.3695493578,2989,,2026-10-09
Torina,Torina,SD Torina,63.3636321502,2990,,2026-10-09
Forlì,Forlì,FC Forlì,63.3611850985,2991,,2026-10-09
General Velásquez,Velásquez,CD General Velásquez,63.3611151827,2992,,2026-10-09
Real Puerto Quito,Real Puerto,FC Real Puerto Quito,63.3541235894,2993,,2026-10-09
Umm Mughad,Umm Mughad,Umm Mughad SC,63.3534687252,2994,,2026-10-09
Real Pilar,Real Pilar,Real Pilar FC,63.3411890758,2995,,2026-10-09
Skopje,Skopje,FK Skopje,63.340559827,2996,,2026-10-09
Joga Bonito Z,Joga Bonito Z,CD Joga Bonito Z,63.3383924129,2997,,2026-10-09
Horriya,Horriya,Al-Horriya,63.3378960066,2998,,2026-10-09
Thór,Thór,Thór Akureyri,63.3360152464,2999,,2026-10-09
Tabor Sežana,Tabor,MND Tabor Sežana,63.3325194079,3000,,2026-10-09
Csákvári TK,Csákvári,Csákvári TK,63.3325194079,3001,,2026-10-09
Maccabi Yavne,M Yavne,Maccabi Yavne FC,63.3307714863,3002,,2026-10-09
Orbit College,Orbit,Orbit College FC,63.3286483585,3003,,2026-10-09
Utrecht II,Utrecht II,FC Utrecht II,63.3251781268,3004,,2026-10-09
Samaritaine,Samaritaine,AS Samaritaine,63.3165274774,3005,,2026-10-09
Alfaro,Alfaro,CD Alfaro,63.3045524749,3006,,2026-10-09
Bourgoin-Jallieu,Bourgoin,FC Bourgoin-Jallieu,63.3021752671,3007,,2026-10-09
Ironi Modi'in,Ironi Modi'in,Ironi Modi'in FC,63.2979102694,3008,,2026-10-09
Lanzarote,Lanzarote,UD Lanzarote,63.2954631353,3009,,2026-10-09
Super Nova,Super Nova,SK Super Nova,63.2954631353,3010,,2026-10-09
Lentigione,Lentigione,Polisportiva Lentigione Calcio,63.2930159982,3011,,2026-10-09
Rasi Salai United,Rasi Salai,Rasi Salai United,63.2917718026,3012,,2026-10-09
AJEB,AJEB,Association Jeunes Espoirs de Bobo,63.2886227804,3013,,2026-10-09
Pattani,Pattani,Pattani FC,63.2851295536,3014,,2026-10-09
USM Blida,USM Blida,USM Blida,63.2709660054,3015,,2026-10-09
Pamplemousses,Pamplemousses,Pamplemousses SC,63.2704439106,3016,,2026-10-09
Blois,Blois,Blois Foot 41,63.2654680144,3017,,2026-10-09
MVV,MVV,MVV Maastricht,63.265048499,3018,,2026-10-09
OFK Vršac,OFK Vršac,OFK Vršac,63.262251727,3019,,2026-10-09
VfR Mannheim,VfR Mannheim,VfR Mannheim,63.2587557564,3020,,2026-10-09
San Pedro del Pongo,San Pedro,CD San Pedro del Pongo,63.2583362395,3021,,2026-10-09
Dinamo Jug,Dinamo,SU Dinamo Jug,63.257706964,3022,,2026-10-09
Bjarg,Bjarg,IL Bjarg,63.256658171,3023,,2026-10-09
UN Käerjéng,Käerjéng,Uewer/Nidder Käerjéng 97,63.2545605833,3024,,2026-10-09
PK-35,PK-35,Pallokerho-35 ry,63.2503654013,3025,,2026-10-09
Al Kharaitiyat,Kharaitiyat,Al Kharaitiyat SC,63.234589138,3026,,2026-10-09
ASA Târgu Mureş,ASA T. Mureş,AFC ASA Târgu Mureș,63.2335845828,3027,,2026-10-09
22 de Julio,22 de Julio,22 de Julio FC,63.2289698324,3028,,2026-10-09
Nantes II,Nantes II,FC Nantes II,63.228410468,3029,,2026-10-09
Lübeck,Lübeck,VfB Lübeck,63.2276413417,3030,,2026-10-09
Petrovac,Petrovac,OFK Petrovac,63.224844516,3031,,2026-10-09
Tochigi,Tochigi,Tochigi SC,63.2242994841,3032,,2026-10-09
Al Sadaqa,Al Sadaqa,Al Sadaqa FC,63.2237723821,3033,,2026-10-09
Carchá,Carchá,CSyD Carchá,63.223707615,3034,,2026-10-09
Livorno,Livorno,AS Livorno Calcio,63.22064927,3035,,2026-10-09
Málaga II,Málaga II,Atlético Malagueño (Málaga CF II),63.2129579622,3036,,2026-10-09
Hodio,Hodio,Hodio FC,63.2094385815,3037,,2026-10-09
Koléa,Koléa,ESM Koléa,63.2062898232,3038,,2026-10-09
Jwaya,Jwaya,Jwaya SC,63.1975333025,3039,,2026-10-09
Club Sando,Sando,Club Sando FC,63.1943406862,3040,,2026-10-09
Zamora II,Zamora II,Zamora FC II,63.1926108106,3041,,2026-10-09
Al Futuwa,Futuwa,Al Futuwa SC,63.1903663197,3042,,2026-10-09
Babelsberg,Babelsberg,SV Babelsberg 03,63.1881358072,3043,,2026-10-09
Dayrout,Dayrout,Dayrout SC,63.186012524,3044,,2026-10-09
Zenit II,Zenit SPb II,FK Zenit St. Petersburg II,63.1783467013,3045,,2026-10-09
Piacenza,Piacenza,Piacenza Calcio,63.1776474776,3046,,2026-10-09
Bokelj,Bokelj,FK Bokelj Kotor,63.1720536787,3047,,2026-10-09
Luanda City,Luanda City,Luanda City FC,63.1720303549,3048,,2026-10-09
Real Sociedad III,Real Soc. III,CD Berio Futbol Taldea (Real Sociedad III),63.164362179,3049,,2026-10-09
Medina United,Medina Utd,Medina United Football Academy,63.1613671329,3050,,2026-10-09
Pamba Jiji,Pamba,Pamba Jiji FC,63.160318288,3051,,2026-10-09
Bani Gansè,Bani Gansè,Bani Gansè FC,63.1587450197,3052,,2026-10-09
Arenas Armilla,Arenas Armilla,Arenas de Armilla CyD CF,63.1573698802,3053,,2026-10-09
Bonner SC,Bonn,Bonner SC,63.1524752561,3054,,2026-10-09
Floresta,Floresta,Floresta EC,63.1485595479,3055,,2026-10-09
Tanzania Prisons,Prisons,Tanzania Prisons,63.1365443201,3056,,2026-10-09
Sông Lam Nghệ An,SLNA,CLB Sông Lam Nghệ An,63.1302538573,3057,,2026-10-09
Mali Coura,Mali Coura,FC Mali Coura,63.1290274904,3058,,2026-10-09
Dhofar,Dhofar,Dhofar SCSC,63.1279576981,3059,,2026-10-09
Hohenems,Hohenems,VfB Hohenems,63.1276523299,3060,,2026-10-09
Madura United,Madura Utd,Madura United FC,63.1257087863,3061,,2026-10-09
Jeunesse d'Esch,Esch,AS la Jeunesse d'Esch,63.1231072528,3062,,2026-10-09
Đà Nẵng,Đà Nẵng,SHB Đà Nẵng FC,63.1208140825,3063,,2026-10-09
Guidonia Montecelio 1937,Guidonia 1937,Guidonia Montecelio 1937 FC,63.1196110324,3064,,2026-10-09
Transvaal,Transvaal,Transvaal,63.1174555818,3065,,2026-10-09
Leganés II,Leganés II,CD Leganés II,63.1157651827,3066,,2026-10-09
Savoia,Savoia,FC Savoia 1908,63.1157651827,3067,,2026-10-09
Be'sat Kermanshah,Be'sat,Be'sat Kermanshah FC,63.1146720603,3068,,2026-10-09
Almería II,Almería II,UD Almería II,63.1091223335,3069,,2026-10-09
Académica do Lobito,Académica,Académica Petróleos do Lobito,63.0968621218,3070,,2026-10-09
Racing Besançon,Racing,Racing Besançon,63.0962561189,3071,,2026-10-09
Nueva Concepción,Concepción,CSyD Nueva Concepción,63.0922522013,3072,,2026-10-09
Jeddeloh,Jeddeloh,SSV Jeddeloh II,63.0919906703,3073,,2026-10-09
East Bengal,East Bengal,East Bengal FC,63.0919464168,3074,,2026-10-09
FC 93 Bobigny BG,FC 93 BBG,Football Club 93 Bobigny-Bagnolet-Gagny,63.0915885988,3075,,2026-10-09
Ligorna,Ligorna,SCD Ligorna 1922,63.0849981113,3076,,2026-10-09
Uničov,Uničov,SK Uničov,63.0839492253,3077,,2026-10-09
Las Rozas,Las Rozas,Las Rozas CF,63.0822010807,3078,,2026-10-09
Móstoles,Móstoles,CD Móstoles URJC,63.0804529345,3079,,2026-10-09
Harbour View,Harbour View,Harbour View FC,63.0791434326,3080,,2026-10-09
Adana 01,Adana 01,Adana 01 FK SK,63.0752084865,3081,,2026-10-09
Renaissance,Renaissance,Renaissance Football Club,63.0748355311,3082,,2026-10-09
APS Bomet,APS Bomet,APS Bomet,63.0716865567,3083,,2026-10-09
Ethiopia Nigd Bank,Ethiopia Bank,Commercial Bank of Ethiopia SA,63.0713369257,3084,,2026-10-09
La Fama,La Fama,SV La Fama,63.0553684723,3085,,2026-10-09
Fasil Kenema,Fasil Kenema,Fasil Kenema SC,63.0528063925,3086,,2026-10-09
Molynes United,Molynes Utd,Molynes United FC,63.0406837927,3087,,2026-10-09
Botafogo PB,Botafogo PB,Botafogo FC (João Pessoa),63.0314342751,3088,,2026-10-09
Liptovský Mikuláš,L. Mikuláš,MFK Tatran Liptovský Mikuláš,63.0301056495,3089,,2026-10-09
Touring,Touring,Touring KE,63.0238121471,3090,,2026-10-09
Werder Bremen II,Werder II,SV Werder Bremen II,63.0220639484,3091,,2026-10-09
BFC Preussen,BFC Preussen,Berliner FC Preussen,63.0203157481,3092,,2026-10-09
Muş Spor,Muş,Muş SK,63.0196164675,3093,,2026-10-09
Chapelton,Chapelton,Chapelton Maroons FC,63.019355846,3094,,2026-10-09
Spakenburg,Spakenburg,SV Spakenburg,63.0175186243,3095,,2026-10-09
Stal Stalowa Wola,Stal SW,ZKS Stal Stalowa Wola,63.0154207789,3096,,2026-10-09
Estradense,Estradense,CD Estradense,63.0133229311,3097,,2026-10-09
Cheonan City,Cheonan City,Cheonan City Government FC,63.0106799894,3098,,2026-10-09
Hässleholms IF,Hässleholm,Hässleholms IF,63.0101761553,3099,,2026-10-09
Talleres de Perico,Tal Perico,CA Talleres de Perico,63.0101062269,3100,,2026-10-09
Šamorín,Šamorín,FC ŠTK 1914 Šamorín,63.0073790169,3101,,2026-10-09
Bashkimi Kumanovo,Bashkimi,KF Bashkimi 1947 Kumanovo,63.0021343717,3102,,2026-10-09
O Elvas,O Elvas,O Elvas CAD,62.9940925547,3103,,2026-10-09
UCAM Murcia II,UCAM Murcia II,Sangonera Universidad Católica de Murcia CF,62.9933932647,3104,,2026-10-09
Highbury,Highbury,Highbury FC,62.9926683501,3105,,2026-10-09
Cavaliers,Cavaliers,US Cavaliers de Nikki,62.9835798538,3106,,2026-10-09
Lille II,Lille II,Lille OSC II,62.9735333233,3107,,2026-10-09
East Riffa,East Riffa,East Riffa Club,62.9650275513,3108,,2026-10-09
Aliağa,Aliağa,Aliağa FK,62.9584284431,3109,,2026-10-09
Villa Dálmine,Villa Dálmine,Club Villa Dálmine,62.9527640827,3110,,2026-10-09
Istres,Istres,Istres FC,62.9503339971,3111,,2026-10-09
Sukhothai,Sukhothai,Sukhothai FC,62.9473937643,3112,,2026-10-09
Yangon United,Yangon,Yangon United FC,62.9419764281,3113,,2026-10-09
Hauts Lyonnais,Hauts Lyonnais,Hauts Lyonnais SC,62.9412430023,3114,,2026-10-09
Pergolettese,Pergolettese,US Pergolettese 1932,62.9402464868,3115,,2026-10-09
RC Bobo-Dioulasso,Racing Bobo,Racing Club de Bobo,62.9396986782,3116,,2026-10-09
Saint-Colomban Locminé,Locminé,LA Saint-Colomban Locminé,62.936697489,3117,,2026-10-09
Andratx,Andratx,CE Andratx,62.9360506266,3118,,2026-10-09
Biesheim,Biesheim,ASC Biesheim,62.9342499004,3119,,2026-10-09
Sporting Cristal II,Cristal II,Club Sporting Cristal SA II,62.9337428996,3120,,2026-10-09
Cabinda,Cabinda,FC de Cabinda,62.9304328053,3121,,2026-10-09
Arlanda,Arlanda,FC Arlanda,62.9189174362,3122,,2026-10-09
Colorados,Colorados,CD Colorados Jaipadida SC,62.9136026199,3123,,2026-10-09
Colina,Colina,Atlético Colina,62.9132529604,3124,,2026-10-09
Naft Masjed Soleyman,Naft MIS,Naft Masjed Soleyman FC,62.9129289752,3125,,2026-10-09
Unirea Slobozia,Slobozia,FC Unirea 2004 Slobozia,62.9087773135,3126,,2026-10-09
Zabbar St. Patrick,Zabbar,Zabbar Saint Patrick FC,62.9084276531,3127,,2026-10-09
Olímpico Totana,Totana,Club Olímpico de Totana,62.9017840944,3128,,2026-10-09
UF Touraine,Touraine,Union Foot de Touraine,62.9003329983,3129,,2026-10-09
Arbroath,Arbroath,Arbroath FC,62.9000357857,3130,,2026-10-09
Centre Chiefs,Centre Chiefs,Mochudi Centre Chiefs SC,62.8940294213,3131,,2026-10-09
Haka,Haka,FC Haka,62.8877975807,3132,,2026-10-09
Stade Renard,Renard,Stade Renard de Melong,62.8856739691,3133,,2026-10-09
Vall de Uxó,Vall de Uxó,UD Vall de Uxó,62.8839512717,3134,,2026-10-09
Aurrerá Vitoria,Aurrerá,CD Aurrerá de Vitoria,62.880104955,3135,,2026-10-09
Marbellí,Marbellí,FC Marbellí,62.8748599655,3136,,2026-10-09
Sonacos,Sonacos,Sonacos de Diourbel,62.871514804,3137,,2026-10-09
Hadiya Hosaena,Hosaena,Hadiya Hosaena,62.8688900009,3138,,2026-10-09
Ayr United,Ayr Utd,Ayr United FC,62.8678666241,3139,,2026-10-09
Manica Diamonds,Manica,Manica Diamonds FC,62.8653956211,3140,,2026-10-09
Árabe Unido II,Árabe Unido II,CD Árabe Unido II,62.8632328319,3141,,2026-10-09
Al Arabi,Arabi,Al Arabi SC,62.8555839569,3142,,2026-10-09
Bandari,Bandari,Bandari FC,62.8549032496,3143,,2026-10-09
Barletta,Barletta,ASD Barletta 1922,62.8545792057,3144,,2026-10-09
Inter Toronto,Inter Toronto,Inter Toronto FC,62.8516937357,3145,,2026-10-09
Espoir,Espoir,Espoir FC de Tsévié,62.8487863127,3146,,2026-10-09
Bremer SV,Bremer SV,Bremer SV,62.8486348048,3147,,2026-10-09
Moulien,Moulien,CS Moulien,62.8436535931,3148,,2026-10-09
PR Surf,PR Surf,Puerto Rico Surf SC,62.8340375889,3149,,2026-10-09
Llerenense,Llerenense,AD Llerenense,62.8325498639,3150,,2026-10-09
Ostiamare,Ostiamare,AS Ostia Mare Lido Calcio,62.8283537703,3151,,2026-10-09
Schöningen,Schöningen,FSV Schöningen,62.8259060449,3152,,2026-10-09
Karfamoriah,Karfamoriah,Karfamoriah FC,62.8209872567,3153,,2026-10-09
Unisport Bafang,Unisport,Unisport de Bafang,62.8157398084,3154,,2026-10-09
Pocheon,Pocheon,Pocheon FC,62.8099751231,3155,,2026-10-09
Gainare Tottori,Gainare,Gainare Tottori,62.8075273744,3156,,2026-10-09
Bengaluru,Bengaluru,Bengaluru FC,62.8066295487,3157,,2026-10-09
Fuerte San Francisco,Fuerte,CD Fuerte San Francisco,62.8057138009,3158,,2026-10-09
Pineto,Pineto,ASD Pineto Calcio,62.8003795809,3159,,2026-10-09
Eintracht Frankfurt II,Eintracht F II,Eintracht Frankfurt II,62.7986311806,3160,,2026-10-09
Paysandu,Paysandu,Paysandu SC,62.7985612445,3161,,2026-10-09
Deportivo Ucrania,Dep. Ucrania,Club Deportivo Ucrania,62.7928264803,3162,,2026-10-09
Porreres,Porreres,UE Porreres,62.7916375637,3163,,2026-10-09
Pacífico Gral. Alvear,Pacífico,Sport Club Pacífico de General Alvear,62.7852733503,3164,,2026-10-09
Schwarz-Weiß Bregenz,Bregenz SW,Schwarz-Weiß Bregenz,62.7825458239,3165,,2026-10-09
Shenavarsazi Qeshm,Shenavarsazi,Shenavarsazi Qeshm,62.7709619857,3166,,2026-10-09
FC Jerusalem,FC Jerusalem,FC Jerusalem,62.7706565613,3167,,2026-10-09
Beasain,Beasain,SD Beasain,62.7664603335,3168,,2026-10-09
Hay Al Wadi,Hay Al Wadi,Hay Al Wadi SC,62.7594409728,3169,,2026-10-09
Independiente II,La Chorrera II,CA Independiente de La Chorrera II,62.748887841,3170,,2026-10-09
Highlanders,Highlanders,Mbabane Highlanders FC,62.7468544894,3171,,2026-10-09
Al Watan,Al Watan,Al Watan SC,62.745106039,3172,,2026-10-09
Township Rollers,Rollers,Township Rollers FC,62.7419200484,3173,,2026-10-09
Persita,Persita,Persatuan Sepak Bola Indonesia Tangerang,62.7386394624,3174,,2026-10-09
Rekord Bielsko-Biała,Rekord BB,BTS Rekord Bielsko-Biała,62.7374361751,3175,,2026-10-09
Meshakhte,Meshakhte,FC Meshakhte Tkibuli,62.7360374095,3176,,2026-10-09
Chichicasteco,Chichicasteco,Chichicasteco FC,62.7289554533,3177,,2026-10-09
Dynamo Abomey,Dynamo,Dynamo Abomey FC,62.7195785099,3178,,2026-10-09
Platges Calvià,Platges,CF Platges de Calvià,62.7185527536,3179,,2026-10-09
Cercle de Joachim,Cercle Joachim,Cercle de Joachim SC,62.7127594531,3180,,2026-10-09
Pitbulls Santa Bárbara,Pitbulls,Pitbulls Santa Bárbara FC,62.7118204293,3181,,2026-10-09
Villalbés,Villalbés,RC Villalbés,62.7105097588,3182,,2026-10-09
Eintracht Trier,Trier,SV Eintracht Trier 05,62.7098103664,3183,,2026-10-09
Atlético Nacional,Nacional,SD Atlético Nacional,62.7069246803,3184,,2026-10-09
Haro Deportivo,Haro Deportivo,Club Haro Deportivo,62.7028164281,3185,,2026-10-09
Ayutthaya United,Ayutthaya Utd,Ayutthaya United FC,62.7026209471,3186,,2026-10-09
FA Šiauliai,FA Šiauliai,FA Šiauliai,62.7007182416,3187,,2026-10-09
N'Zidane,N'Zidane,FC N'Zidane,62.7006926134,3188,,2026-10-09
Estrella Roja,Estrella Roja,CD Estrella Roja,62.6992495098,3189,,2026-10-09
Inverness CT,Inverness,Inverness Caledonian Thistle FC,62.6961721632,3190,,2026-10-09
Thes Sport,Thes,KVV Thes Sport Tessenderlo,62.6884787753,3191,,2026-10-09
Villarrobledo,Villarrobledo,CP Villarrobledo,62.684282369,3192,,2026-10-09
Gubbio,Gubbio,AS Gubbio 1910,62.6772883383,3193,,2026-10-09
Al Najma,Najma,Al Najma Club,62.6772440753,3194,,2026-10-09
Al Anwar,Anwar,Al Anwar Club,62.6726979416,3195,,2026-10-09
Sur,Sur,Sur SC,62.6726979416,3196,,2026-10-09
Mâcon,Mâcon,UF Maconnais,62.6724624423,3197,,2026-10-09
Rapid Wien II,Rapid II,SK Rapid Wien II,62.658054623,3198,,2026-10-09
US Oyem,US Oyem,US Oyem,62.6578564418,3199,,2026-10-09
Xerez Deportivo,Xerez DFC,Xerez Deportivo FC,62.6556066818,3200,,2026-10-09
Garden Stars,Garden Stars,Garden Stars FC,62.6535974815,3201,,2026-10-09
Dunbeholden,Dunbeholden,Dunbeholden FC,62.6326149778,3202,,2026-10-09
Stjørdals-Blink,Stjørdals,IL Stjørdals-Blink,62.6311270994,3203,,2026-10-09
Ajesaia,Ajesaia,Ajesaia,62.624459259,3204,,2026-10-09
Atlas Delmenhorst,Atlas,SV Atlas Delmenhorst,62.6227340282,3205,,2026-10-09
Al Khabourah,Khabourah,Al Khabourah SC,62.620241778,3206,,2026-10-09
Umm Salal,Umm Salal,Umm Salal SC,62.6181435018,3207,,2026-10-09
Fréjus St-Raphaël,Fréjus,Étoile Fréjus Saint-Raphaël FC,62.6132393224,3208,,2026-10-09
Barrow,Barrow,Barrow AFC,62.6090777239,3209,,2026-10-09
Lota Schwager,Lota Schwager,CD Lota Schwager,62.6048286876,3210,,2026-10-09
Granville,Granville,US Granvillaise,62.604496458,3211,,2026-10-09
Vado,Vado,Vado FC,62.602450622,3212,,2026-10-09
Persik Kediri,Persik,Persatuan Sepakbola Indonesia Kediri,62.6022551309,3213,,2026-10-09
Tempête,Tempête,Tempête FC,62.5978184938,3214,,2026-10-09
JSM Skikda,JSM Skikda,JSM Skikda,62.5975289659,3215,,2026-10-09
Villacañas,Villacañas,Villacañas CF,62.5965054453,3216,,2026-10-09
Atlético Arteixo,Arteixo,CA Arteixo,62.5919591213,3217,,2026-10-09
Verdes,Verdes,Hankook Real Verdes United FC,62.5892504168,3218,,2026-10-09
Gazelle,Gazelle,Gazelle FC,62.5887860302,3219,,2026-10-09
CR Béni Thour,Béni Thour,Chabab Riadhi Béni Thour,62.5887860302,3220,,2026-10-09
Santa Ana,Santa Ana,AD Municipal Santa Ana,62.5876743857,3221,,2026-10-09
Syunik,Syunik,FC Syunik,62.5856641934,3222,,2026-10-09
FC 105,FC 105,Football Canon 105 de Libreville,62.5823185329,3223,,2026-10-09
Hércules,Hércules,CD Hércules,62.5815566025,3224,,2026-10-09
Səbail,Səbail,Səbail FK,62.5814675634,3225,,2026-10-09
Cosmopolites,Cosmopolites,Cosmopolites SC,62.5796331458,3226,,2026-10-09
Sámano,Sámano,UD Sámano,62.5664295642,3227,,2026-10-09
Beauvais,Beauvais,AS Beauvais Oise,62.5611312644,3228,,2026-10-09
Meux,Meux,RFC Meux,62.5541892456,3229,,2026-10-09
Terengganu,Terengganu,Terengganu FC,62.543501985,3230,,2026-10-09
Panserraikos,Panserraikos,Panserraikos FC,62.538504038,3231,,2026-10-09
Blue Eagles,Eagles,Blue Eagles FC,62.5338817863,3232,,2026-10-09
Espoir Savalou,Espoir Savalou,Espoir FC,62.5324828748,3233,,2026-10-09
Tiquipaya,Tiquipaya,Escuela de Fútbol Tiquipaya,62.5315619376,3234,,2026-10-09
Saham,Saham,Saham Club,62.5310630241,3235,,2026-10-09
Viktoria Plzeň II,Plzeň II,FC Viktoria Plzeň II,62.5307575617,3236,,2026-10-09
Popești-Leordeni,Gloria PL,SC Popești-Leordeni,62.5307575617,3237,,2026-10-09
Treasure Beach,Treasure Beach,Treasure Beach FC,62.5259503945,3238,,2026-10-09
Unión Huaral,Huaral,CS Unión Huaral,62.5246023257,3239,,2026-10-09
Sturm Graz II,Sturm II,SK Sturm Graz II,62.5230635137,3240,,2026-10-09
Céleste,Céleste,Céleste FC,62.523040182,3241,,2026-10-09
AFC Eskilstuna,AFC Eskilstuna,AFC Eskilstuna,62.5227137835,3242,,2026-10-09
Huesca II,Huesca II,SD Huesca II,62.5181672853,3243,,2026-10-09
Nouakchott Academy,Nouakchott AF,Nouakchott Academy Football,62.5142946094,3244,,2026-10-09
Tixeraïne,Tixeraïne,JS Tixeraïne,62.5139448776,3245,,2026-10-09
Limón Black Star,Black Star,Limón Black Star FC,62.5061882702,3246,,2026-10-09
Salgueiros,Salgueiros,SC Salgueiros,62.497882778,3247,,2026-10-09
Cabeza del Buey,Cabeza Buey,CD Cabeza del Buey,62.4901885986,3248,,2026-10-09
Ajax II,Ajax II,AFC Ajax II,62.4866912342,3249,,2026-10-09
San Antonio,San Antonio,FCR San Antonio,62.4850824444,3250,,2026-10-09
AS Cotonou,AS Cotonou,AS Cotonou,62.4800228938,3251,,2026-10-09
Siroco Les Abymes,Siroco,Siroco Les Abymes,62.474014844,3252,,2026-10-09
Deportivo Santo Domingo,Deportivo SD,Deportivo Santo Domingo de los Tsachilas,62.467385668,3254,,2026-10-09
Köln II,Köln II,1. FC Köln II,62.4667561354,3255,,2026-10-09
Lealtad,Lealtad,CD Lealtad de Villaviciosa,62.4667561354,3256,,2026-10-09
Qamishli,Qamishli,Qamishli SC,62.4656783042,3257,,2026-10-09
Giugliano,Giugliano,SSC Giugliano,62.4650074327,3258,,2026-10-09
Panamá City,Panamá City,Panamá City FC,62.4600229315,3259,,2026-10-09
Valour,Valour,Valour FC,62.4596731899,3260,,2026-10-09
Lorient II,Lorient II,FC Lorient II,62.4590093703,3261,,2026-10-09
JIPPO,JIPPO,JIPPO Joensuu,62.4573131218,3262,,2026-10-09
Maranhão,Maranhão,Maranhão AC,62.4526965205,3263,,2026-10-09
Lambaréné,Lambaréné,Lambaréné AC,62.4431251835,3264,,2026-10-09
Cosma,Cosma,Cosma Foot,62.4404396022,3265,,2026-10-09
One Knoxville,One Knoxville,One Knoxville SC,62.439737811,3266,,2026-10-09
Shakhter Karagandy,Karagandy,FK Shakhter Karagandy,62.4334081003,3267,,2026-10-09
Mosta,Mosta,Mosta FC,62.428284308,3268,,2026-10-09
Villafranca,Villafranca,SP Villafranca,62.4188411053,3269,,2026-10-09
PSIM Yogyakarta,PSIM,Perserikatan Sepakbola Indonesia Mataram,62.4186455956,3270,,2026-10-09
Al-Tahaddi,Tahaddi,Al-Tahaddi,62.4177685248,3271,,2026-10-09
Juventud Unida G.,Juventud UG,Club Social y Deportivo Juventud Unida de Gualeguaychú,62.4159731605,3272,,2026-10-09
Beti Kozkor,Beti Kozkor,Beti Kozkor KE,62.4132451115,3273,,2026-10-09
Tanganyika,Tanganyika,FC Tanganyika,62.4132217785,3274,,2026-10-09
ÍR,ÍR,ÍR Reykjavík,62.4085934292,3275,,2026-10-09
Koforidua Semper Fi,Semper Fi,Koforidua Semper Fi FC,62.4044757064,3276,,2026-10-09
Gzira United,Gzira Utd,Gzira United FC,62.3999545609,3277,,2026-10-09
Al Shorta,Shorta,Al Shorta SC,62.3923928977,3278,,2026-10-09
Deportivo Alavés III,Alavés III,Deportivo Alavés III,62.3901614647,3279,,2026-10-09
Al Malaab El Libby,Al Malaab,Al Malaab El Libby,62.3897883771,3280,,2026-10-09
Kagera Sugar,Kagera Sugar,Kagera Sugar,62.3896135016,3281,,2026-10-09
Dimona,Dimona,MS Dimona,62.3877131828,3282,,2026-10-09
Gyulai Termál,Gyulai Termál,Várfürdő-Gyulai Termál FC,62.3877131828,3283,,2026-10-09
Eltersdorf,Eltersdorf,Sport-Club 1926 Eltersdorf,62.3775702677,3284,,2026-10-09
Maccabi K. Ata Bialik,K. Ata Bialik,Maccabi Ironi Kiryat Ata Bialik FC,62.3765209975,3285,,2026-10-09
Santiago de Píllaro,Sant Píllaro,Club Deportivo Santiago de Píllaro,62.3708549288,3286,,2026-10-09
Chemie Leipzig,Chemie L.,BSG Chemie Leipzig,62.368476574,3287,,2026-10-09
Cinfães,Cinfães,CD Cinfães,62.3670775404,3288,,2026-10-09
Ellas Syros,Syros,APO Ellas Syros,62.3660807283,3289,,2026-10-09
Al Sahel,Sahel,Al Sahel SC,62.359338567,3290,,2026-10-09
Militar 6 Setembro,Militar 6 Sete,Desportivo Militar 6 de Setembro,62.3509652468,3291,,2026-10-09
Gloria Bistriţa,Gloria B.,CS Gloria Bistrița,62.3488900106,3292,,2026-10-09
Kapfenberger SV,KSV 1919,Kapfenberger SV 1919,62.3359487787,3293,,2026-10-09
Ayema,Ayema,Ayéma d'Adjarra FC,62.3292799151,3294,,2026-10-09
Linense,Linense,Real Balompédica Linense,62.3268548879,3295,,2026-10-09
ASVO,ASVO,Association Sportive de la Vallée de l'Ouémé FC,62.3184371564,3296,,2026-10-09
Teleghma,Teleghma,NRB Teleghma,62.3117892635,3297,,2026-10-09
Stade Nyonnais,Nyon,FC Stade Nyonnais,62.3055190517,3298,,2026-10-09
Unión Adarve,Adarve,AD Unión Adarve Barrio del Pilar,62.3027208916,3299,,2026-10-09
Illescas,Illescas,CD Illescas,62.2999227275,3300,,2026-10-09
Afumaţi,Afumaţi,CS Afumaţi,62.2999227275,3301,,2026-10-09
Tatran Prešov,Tatran,1. FC Tatran Prešov,62.2967747879,3302,,2026-10-09
Charlotte Independence,Independence,Charlotte Independence,62.2914400777,3303,,2026-10-09
BKMA II,BKMA II,Banaki Kentronakan Marzakan Akumb II,62.2895170187,3304,,2026-10-09
Mekelle 70 Enderta,Mekelle,Mekelle 70 Enderta FC,62.2890541691,3305,,2026-10-09
Vermont Green,Vermont Green,Vermont Green FC,62.2851441656,3306,,2026-10-09
Upington City,Upington,Upington City FC,62.2810093789,3307,,2026-10-09
La Cure Waves,Waves,La Cure Waves SC,62.2801372423,3308,,2026-10-09
Ituano,Ituano,Ituano Futebol Clube,62.2767677624,3309,,2026-10-09
Maccabi Ahi Nazareth,M Ahi Nazareth,Maccabi Ahi Nazareth FC,62.2747390664,3310,,2026-10-09
Ulinzi Stars,Ulinzi,Ulinzi Stars,62.2694667947,3311,,2026-10-09
KCB,KCB,Kenya Commercial Bank SC,62.2656192512,3312,,2026-10-09
Guelson,Guelson,RSD Guelson FC,62.2642224418,3313,,2026-10-09
Humble Lions,Humble,Humble Lions,62.2639850531,3314,,2026-10-09
Etincelles,Etincelles,Etincelles FC,62.2610721444,3315,,2026-10-09
Puerto Cabello II,Puerto Cabello,Academia Puerto Cabello II,62.2585793762,3316,,2026-10-09
Cádiz II,Cádiz II,Cádiz CF II,62.2572502182,3317,,2026-10-09
Águilas II,Águilas II,Águilas FC II,62.2541022086,3318,,2026-10-09
Leo Victor,Leo Victor,Leo Victor,62.2540444675,3319,,2026-10-09
Lerumo Lions,Lions,Lerumo Lions FC,62.2421840467,3320,,2026-10-09
Unión Coclé,Unión Coclé,Unión Coclé FC,62.2382739475,3321,,2026-10-09
Grand Santi,Santi,ASU Grand Santi,62.2379264665,3322,,2026-10-09
Binéfar,Binéfar,CD Binéfar,62.2324157794,3323,,2026-10-09
Zacatecoluca,Zacatecoluca,Zacatecoluca FC,62.2269082972,3324,,2026-10-09
Atlético Barinas,Barinas,Club Atlético Barinas,62.224650579,3325,,2026-10-09
Al Ahli San'a,Al Ahli,Al Ahli San'a Club,62.2243287789,3326,,2026-10-09
Altamura,Altamura,Team Altamura,62.2233213974,3327,,2026-10-09
Rijnsburgse Boys,Rijnsburg,Rijnsburgse Boys,62.2226218277,3328,,2026-10-09
Eimsbütteler TV,Eimsbüttel,Eimsbütteler Turnverband,62.2107291048,3329,,2026-10-09
Akritas,Akritas,Akritas Chloraka,62.2090676155,3330,,2026-10-09
Doxa,Doxa,Doxa Katokopia FC,62.2069688902,3331,,2026-10-09
Enosis,Enosis,Enosis Neon Paralimni,62.2048701626,3332,,2026-10-09
Şanlıurfaspor,Şanlıurfa,Şanlıurfa SK,62.2044329274,3333,,2026-10-09
Os Marialvas,Os Marialvas,FC Os Marialvas,62.1981367293,3334,,2026-10-09
Daejeon Korail,Daejeon Korail,Daejeon Korail FC,62.1898960241,3335,,2026-10-09
Kara Gostar,Kara Gostar,Kara Gostar SC,62.1841008296,3336,,2026-10-09
Svay Rieng,Svay Rieng,Preah Khan Reach Svay Rieng FC,62.17430893,3337,,2026-10-09
Halaba Ketema,Halaba,Halaba Ketema FC,62.1737452375,3338,,2026-10-09
Municipal Grecia,Grecia,AD Municipal Grecia FC,62.1704150322,3339,,2026-10-09
Cultural Leonesa II,CyD II,Cultural y Deportiva Leonesa Júpiter Leonés (Cultural Leonesa II),62.1698035816,3340,,2026-10-09
Sigma Olomouc II,Sigma II,SK Sigma Olomouc II,62.1617582904,3341,,2026-10-09
Biellese,Biellese,ASD Biellese 1902,62.1600093096,3342,,2026-10-09
Bayreuth,Bayreuth,SpVgg Bayreuth,62.1596595132,3343,,2026-10-09
Lagun Onak,Lagun Onak,CD Lagun Onak,62.1561615461,3344,,2026-10-09
Qatar U23,Qatar,Qatar Under 23,62.1547180824,3345,,2026-10-09
Santa Ana,Santa Ana,Santa Ana FC,62.1403506549,3346,,2026-10-09
Barra,Barra,Barra FC,62.1396510549,3347,,2026-10-09
Uruguay Montevideo,Uruguay Mdeo,Uruguay Montevideo FC,62.1379020539,3348,,2026-10-09
Al Musannah,Musannah,Al Musannah SC,62.1281333032,3349,,2026-10-09
Zlaté Moravce,Zlaté Moravce,FC ViOn Zlaté Moravce - Vráble,62.1274779744,3350,,2026-10-09
Greuther Fürth II,Fürth II,SpVgg Greuther Fürth II,62.1232803425,3351,,2026-10-09
Club Colonial,Colonial,Club Colonial de Fort-de-France,62.1205709782,3352,,2026-10-09
UD da Serra,UD da Serra,UD da Serra,62.1162842687,3353,,2026-10-09
Anápolis,Anápolis,Anápolis FC,62.1144652854,3354,,2026-10-09
Camerhogne,Camerhogne,FC Camerhogne,62.1135748946,3355,,2026-10-09
Manama,Manama,Manama,62.1120423362,3356,,2026-10-09
Deportivo Camioneros,Camioneros,CA Social y Deportivo Camioneros de Buenos Aires,62.1106174302,3357,,2026-10-09
Club Péléen,Péléen,AS Club Péléen,62.1062289792,3358,,2026-10-09
San Marcos,San Marcos,FC San Marcos,62.1051795604,3359,,2026-10-09
IF Karlstad,IF Karlstad,IF Karlstad Fotboll,62.1040410781,3360,,2026-10-09
Qingdao Hainiu,Hainiu,Qingdao Hainiu FC,62.0996478523,3361,,2026-10-09
Utrera,Utrera,Club Deportivo Utrera,62.0987939724,3362,,2026-10-09
Gamo Chencha,Chencha,Gamo Chencha FC,62.0965499299,3363,,2026-10-09
Shahin Bandar Ameri,Shahin,Shahin Bandar Ameri FC,62.0938523843,3364,,2026-10-09
Colmar,Colmar,Stadium Racing Colmar,62.093494381,3365,,2026-10-09
Shabab Al-Ghar,Al-Ghar,Shabab Al-Ghar Club,62.0910748543,3366,,2026-10-09
Frýdek-Místek,Frýdek-Místek,Fotbal Frýdek-Místek,62.0889993365,3367,,2026-10-09
Dieppe,Dieppe,FC Dieppe,62.0882472463,3368,,2026-10-09
Sambenedettese,Sambenedettese,US Sambenedettese,62.0802540834,3369,,2026-10-09
Forward Madison,Forward,Forward Madison FC,62.0791165077,3370,,2026-10-09
Ancona,Ancona,Unione Sportiva Ancona,62.076755971,3371,,2026-10-09
Vis Pesaro,Vis Pesaro,Vis Pesaro,62.0746571004,3372,,2026-10-09
Forest Green Rovers,Forest Green,Forest Green Rovers FC,62.0732403615,3373,,2026-10-09
Smail,Smail,Smail Club,62.072863763,3374,,2026-10-09
Khaleej Sart,Khaleej,Khaleej Sart,62.0714854531,3375,,2026-10-09
Gran Peña,Gran Peña,Gran Peña FC,62.0711589777,3376,,2026-10-09
ASFAG,ASFAG,AS des Forces Armées de Guinée,62.0700862025,3377,,2026-10-09
Vilanova Geltrú,Vilanova,CF Vilanova Geltrú,62.0666114087,3378,,2026-10-09
África Show,África Show,SC África Show,62.0658884445,3379,,2026-10-09
Barockstadt Fulda-Lehn.,Lehnerz,SG Barockstadt Fulda-Lehnerz,62.0638128992,3380,,2026-10-09
Amazonas,Amazonas,Amazonas FC,62.0591953497,3381,,2026-10-09
Résidence Walferdange,Résidence,FC Résidence Walferdange,62.057516238,3382,,2026-10-09
Barry Town United,Barry Town,Barry Town United FC,62.0529686365,3383,,2026-10-09
Naval 1893,Naval,Associação Naval 1893,62.0501701071,3384,,2026-10-09
Brooklyn,Brooklyn,Brooklyn FC,62.0490325135,3385,,2026-10-09
Guinée Foot Elite,Guinée Foot,Guinée Foot Elite,62.047698053,3386,,2026-10-09
Matsumoto Yamaga,Matsumoto,Matsumoto Yamaga FC,62.0419287639,3387,,2026-10-09
AD Pemba,AD Pemba,AD de Pemba,62.040002066,3388,,2026-10-09
Hoogstraten,Hoogstraten,Hoogstraten VV,62.0333788444,3389,,2026-10-09
Le Poiré sur Vie,VPSVF,Vendée Poiré sur Vie Football,62.0203830053,3390,,2026-10-09
Juventude Évora,Évora,Juventude SC Évora,62.0116899114,3391,,2026-10-09
Zawisza Bydgoszcz,Zawisza,WKS Zawisza Bydgoszcz,62.0053930782,3392,,2026-10-09
Lubumbashi Sport,Lubumbashi,FC Lubumbashi Sport,62.0032707912,3393,,2026-10-09
Atlètic Lleida,Atlètic Lleida,CE Atlètic Lleida 2019,62.0004955269,3394,,2026-10-09
Elite,Elite,Elite SC,61.9979608997,3395,,2026-10-09
Sanjoanense,Sanjoanense,AD Sanjoanense,61.9959477895,3396,,2026-10-09
Troyes II,Troyes II,Espérance Sportive Troyes Aube Champagne II,61.9958953155,3397,,2026-10-09
Corinthian's de Los Rios,Corinthian's,Corinthian's de Los Rios,61.9885314559,3398,,2026-10-09
Mladost DG,Mladost DG,FK Mladost Donja Gorica,61.9858027976,3399,,2026-10-09
Grobiņa,Grobiņa,FK Grobiņa,61.985103141,3400,,2026-10-09
AD Sarchí,Sarchí,Asociación Deportiva Sarchí,61.98361568,3401,,2026-10-09
Chabab Mohammédia,Chabab Moham.,Sporting Club Chabab Mohammédia,61.9787805822,3402,,2026-10-09
Thành Phố Đồng Nai,TP Đồng Nai,Thành Phố Đồng Nai,61.9733632148,3403,,2026-10-09
Juventud Huracán,Juv. Huracán,CD Juventud Huracán,61.9614545969,3404,,2026-10-09
Schaffhausen,Schaffhausen,FC Schaffhausen,61.958516,3405,,2026-10-09
Zbrojovka Brno II,Brno II,FC Zbrojovka Brno II,61.9560671657,3406,,2026-10-09
Foggia,Foggia,Foggia Calcio 1920,61.945572126,3407,,2026-10-09
Hamburger SV II,HSV II,Hamburger SV II,61.945572126,3408,,2026-10-09
Peralada,Peralada,CF Peralada,61.9420737666,3409,,2026-10-09
FICA,FICA,Football Club Inter Association du Cap-Haïtien,61.9367403676,3410,,2026-10-09
PSM Makassar,PSM,PSM Makassar,61.9327824427,3411,,2026-10-09
Fanja,Fanja,Fanja SC,61.925587111,3412,,2026-10-09
Cultural Volante,Cul Volante,Club Deportivo Cultural Volante,61.9250716484,3413,,2026-10-09
Os Limianos,Limianos,AD Os Limianos,61.9238821942,3414,,2026-10-09
1. FC Bocholt,Bocholt,1. FC Bocholt,61.9238821942,3415,,2026-10-09
Mainz 05 II,Mainz 05 II,1. FSV Mainz 05 II,61.9238821942,3416,,2026-10-09
Napredak,Napredak,FK Napredak Kruševac,61.9221329954,3417,,2026-10-09
Mukura,Mukura,Mukura Victory Sports FC,61.9193086353,3418,,2026-10-09
Torre del Mar,Torre del Mar,UD Torre del Mar,61.912687294,3420,,2026-10-09
Inter Bratislava,Inter,FK Inter Bratislava,61.9077895045,3421,,2026-10-09
ETSV Hamburg,ETSV Hamburg,ETSV Hamburg von 1924 e.V.,61.901492328,3422,,2026-10-09
Bắc Ninh,Bắc Ninh,Bắc Ninh FC,61.8974484802,3423,,2026-10-09
Almazán,Almazán,SD Almazán,61.8941455958,3424,,2026-10-09
HSV Hoek,Hoek,Hoekse Sportvereniging Hoek,61.890647142,3425,,2026-10-09
Bergisch Gladbach,Bergisch Gladb,SV Bergisch Gladbach 09,61.8815511318,3426,,2026-10-09
Prato,Prato,AC Prato,61.8794520464,3427,,2026-10-09
Gurten,Gurten,Union Gurten,61.8787523507,3428,,2026-10-09
Academia Cantolao,Cantolao,Academia Deportiva Cantolao,61.8783325332,3429,,2026-10-09
Atlético Kin,Atlético Kin,Club Atlético Kin,61.8769331408,3430,,2026-10-09
Pohronie,Pohronie,FK Pohronie Žiar nad Hronom Dolná Ždaňa,61.8728049273,3431,,2026-10-09
Juan Aurich,Juan Aurich,Club Juan Aurich de Chiclayo,61.8708457719,3432,,2026-10-09
Assabah,Assabah,Assabah Club,61.8685833951,3433,,2026-10-09
Aubervilliers,Aubervilliers,FC Municipal d'Aubervilliers,61.8679770051,3434,,2026-10-09
Leotar,Leotar,FK Leotar Trebinje,61.865108234,3435,,2026-10-09
Bulle,Bulle,FC Bulle,61.8595106193,3436,,2026-10-09
Blacks Power,Blacks Power,Blacks Power FC,61.8503911205,3437,,2026-10-09
Al Shorta,Al Shorta,Al Shorta Al Qadarif Club,61.8454908709,3438,,2026-10-09
Naftan,Naftan,FK Naftan Novopolotsk,61.8437672397,3439,,2026-10-09
Pelileo,Pelileo,Pelileo SC,61.8412482869,3440,,2026-10-09
Comunicaciones,Comunicaciones,Club Comunicaciones de Buenos Aires,61.839149157,3441,,2026-10-09
Racing Club Haitien,Racing Haitien,Racing Club Haitien,61.8261885901,3442,,2026-10-09
Pro Vercelli,Pro Vercelli,FC Pro Vercelli Calcio,61.8231257224,3443,,2026-10-09
Tarbes,Tarbes,Tarbes Pyrénées Football,61.8202743766,3444,,2026-10-09
Al Hilal Al Fashir,Al Fashir,Al Hilal Al Fashir SC,61.819601498,3445,,2026-10-09
Mara Sugar,Mara Sugar,Mara Sugar FC,61.819601498,3446,,2026-10-09
Al Nawaeir,Nawaeir,Al Nawaeir SC,61.8127495364,3447,,2026-10-09
Caernarfon Town,Caernarfon,Caernarfon Town FC,61.8031837048,3448,,2026-10-09
Amora,Amora,Amora FC,61.798635496,3449,,2026-10-09
TAFIC,TAFIC,TAFIC FC,61.7926256832,3450,,2026-10-09
Foolad II,Foolad II,Foolad Khuzestan FC II (Foolad Novin Khuzestan FC),61.7852963859,3451,,2026-10-09
Damissa,Damissa,Damissa FC,61.7821685422,3452,,2026-10-09
Marine,Marine,Marine FC,61.7804169116,3453,,2026-10-09
Olympic Charleroi,ROCC,ROC Charleroi,61.778343355,3454,,2026-10-09
Socuéllamos,Socuéllamos,Yugo Unión Deportiva Socuéllamos,61.77204575,3455,,2026-10-09
Dynamic Herb Cebu,Cebu,Dynamic Herb Cebu FC,61.7713276724,3456,,2026-10-09
FC Alverca II,Alverca II,FC Alverca II,61.7685470715,3457,,2026-10-09
Atlético Pulpileño,Pulpileño,Club Atlético Pulpileño,61.765748124,3458,,2026-10-09
Al Amal Atbara,Al Amal Atbara,Al Amal SC Atbara,61.7590749665,3459,,2026-10-09
Spokane Velocity,Velocity,Spokane Velocity FC,61.7576129697,3460,,2026-10-09
Hodonín,Hodonín,FK Hodonín,61.757351257,3461,,2026-10-09
26 de Febrero,26 de Febrero,Club 26 de Febrero,61.7546572543,3462,,2026-10-09
St-Pryvé St-Hilaire,St-Pryvé,Saint-Pryvé Saint-Hilaire FC,61.7510011016,3463,,2026-10-09
Sofala,Sofala,Liga Desportiva de Sofala,61.747531524,3464,,2026-10-09
Králův Dvůr,Králův Dvůr,FK Králův Dvůr,61.7472049931,3465,,2026-10-09
HHC,HHC,Hardenberg Heemse Combinatie,61.7356591786,3466,,2026-10-09
Auckland City,Auckland,Auckland City FC,61.727888456,3467,,2026-10-09
Moneni Pirates,Moneni,Moneni Pirates FC,61.7223405715,3468,,2026-10-09
Westfalia Rhynern,Rhynern,SV Westfalia Rhynern,61.7150164867,3469,,2026-10-09
Linare,Linare,Linare FC,61.7142933907,3470,,2026-10-09
Bugesera,Bugesera,Bugesera FC,61.7142910891,3471,,2026-10-09
UDELAS,UDELAS,UDELAS FC,61.7110796647,3472,,2026-10-09
Serik Spor,Serik,Serik Spor Futbol AS,61.7031205962,3473,,2026-10-09
Chełmianka Chełm,Chełm. Chełm,CKS Chełmianka Chełm,61.7020709552,3474,,2026-10-09
Astoria Walldorf,Astoria,FC Astoria Walldorf,61.7013711942,3475,,2026-10-09
Provincial Ovalle,Prov. Ovalle,CD Provincial Ovalle FC,61.690105007,3476,,2026-10-09
Alaniya Vladikavkaz,Alaniya,FK Alaniya Vladikavkaz,61.6842269697,3477,,2026-10-09
Aswan,Aswan,Aswan SC,61.6831516764,3478,,2026-10-09
Oleksandria,Oleksandria,FC Oleksandria,61.6807281293,3479,,2026-10-09
Sundsvall,Sundsvall,GIF Sundsvall,61.6772292825,3480,,2026-10-09
Thanh Hóa,Thanh Hóa,Đông Á Thanh Hóa FC,61.6770336968,3481,,2026-10-09
Moncarapachense,Moncarapachen.,Lusitano Ginásio Clube Moncarapachense,61.6751299713,3482,,2026-10-09
Welwalo Adigrat Uni,Adigrat Uni,Welwalo Adigrat University,61.6733549016,3483,,2026-10-09
Holstein Kiel II,Holstein II,Kieler SV Holstein 1900 II,61.6716311141,3484,,2026-10-09
Al Wefaq Ajdabiyah,Al Wefaq,Al Wefaq FC,61.671257886,3485,,2026-10-09
Folgore Caratese,Caratese,US Folgore Caratese ASD,61.6691819103,3486,,2026-10-09
Kariobangi Sharks,Kariobangi,Kariobangi Sharks FC,61.6681066085,3487,,2026-10-09
Adama Kenema,Adama Kenema,Adama City FC,61.6660072872,3488,,2026-10-09
Torrejón,Torrejón,AD Torrejón CF,61.6642834931,3489,,2026-10-09
Fountain Gate,Fountain Gate,Singida Fountain Gate FC,61.662335771,3490,,2026-10-09
Aubstadt,Aubstadt,TSV Aubstadt,61.6604347279,3491,,2026-10-09
LCS,LCS,Lesotho Correctional Services,61.6555129476,3492,,2026-10-09
Guaraní A. Franco,Guaraní AF,Club Guaraní Antonio Franco,61.6523173065,3493,,2026-10-09
DPMM,DPMM,Brunei Duli Pengiran Muda Mahkota FC,61.6521916961,3494,,2026-10-09
Hostert,Hostert,US Hostert,61.6478387143,3495,,2026-10-09
ADT II,ADT II,Asociación Deportiva Tarma II,61.6427303071,3496,,2026-10-09
Al Tai,Tai,Al Tai FC,61.6369477929,3497,,2026-10-09
Panthers,Panthers,HBA Police Panthers,61.6356815946,3498,,2026-10-09
Belisia Bilzen,Belisia Bilzen,Belisia Bilzen SV,61.628244749,3499,,2026-10-09
Lifofane,Lifofane,Lifofane FC,61.6261220426,3500,,2026-10-09
Sporting Baie-Mahault,Sporting BM,Sporting Club Baie-Mahault,61.6236102571,3501,,2026-10-09
Augsburg II,Augsburg II,FC Augsburg II,61.6170481064,3502,,2026-10-09
Dessel Sport,Dessel,KFC Dessel Sport,61.6072509898,3503,,2026-10-09
Al-Afreky,Al-Afreky,Al-Afreky SC,61.6051282582,3504,,2026-10-09
Orapa United,Orapa Utd,Orapa United FC,61.6036898625,3505,,2026-10-09
GPA,GPA,Gambia Ports Authority FC,61.602154122,3506,,2026-10-09
Atlético Albericia,Albericia,SD Atlético Albericia,61.6016526148,3507,,2026-10-09
Rangers Kinshasa,Rangers,Académic Club Rangers Kinshasa,61.5988300781,3508,,2026-10-09
Niroye Zamini,Niroye,Niroye Zamini,61.5974095346,3509,,2026-10-09
Santanyí,Santanyí,CD Santanyí,61.596754023,3510,,2026-10-09
PWD,PWD,PWD de Bamenda,61.59532878,3511,,2026-10-09
Penybont,Penybont,Penybont FC,61.5936049216,3512,,2026-10-09
Cayon,Cayon,Cayon Rockets FC,61.5924693549,3513,,2026-10-09
Kaiserslautern II,Kaiserslautern,1. FC Kaiserslautern II,61.5810084637,3514,,2026-10-09
Borgo,Borgo,FC Borgo,61.5809559783,3515,,2026-10-09
Jezero,Jezero,FK Jezero Plav,61.579258949,3516,,2026-10-09
Rochefort,Rochefort,Royale Union Rochefortoise,61.5705113514,3517,,2026-10-09
IC Croix,IC Croix,Iris Club de Croix,61.569181713,3518,,2026-10-09
Musanze,Musanze,Musanze FC,61.5662868468,3519,,2026-10-09
Villa Santa Brígida,Santa Brígida,UD Villa de Santa Brígida,61.5572149256,3520,,2026-10-09
SNIM,SNIM,ASC Société Nationale Industrielle et Minière FC (Cansado),61.5571892821,3521,,2026-10-09
Wellington Olympic,Wellington Ol.,Wellington Olympic,61.55364237,3522,,2026-10-09
Murang'a SEAL,Murang'a SEAL,Murang'a Sports Excellence Academy,61.5501911256,3523,,2026-10-09
América RN,América RN,América FC (Rio Grande do Norte),61.5469976086,3524,,2026-10-09
Halifax Town,Halifax,FC Halifax Town,61.537602527,3525,,2026-10-09
České Budějovice,Č. Budějovice,SK Dynamo České Budějovice,61.5330711767,3526,,2026-10-09
San Ignacio,San Ignacio,CD San Ignacio,61.5323713533,3527,,2026-10-09
Mortágua,Mortágua,Mortágua FC,61.5281724075,3528,,2026-10-09
Chaves II,Chaves II,GD Chaves II,61.5264228439,3529,,2026-10-09
Karvan,Karvan,Karvan İK,61.5187247452,3530,,2026-10-09
Haidob En Nahud,Haidob,Haidob En Nahud SC,61.5172994435,3531,,2026-10-09
Katwijk,Katwijk,vv Katwijk,61.5166252583,3532,,2026-10-09
AC Port of Spain,Ath­let­ic,Athletic Club Port of Spain,61.5161871749,3533,,2026-10-09
Persijap,Persijap,Perserikatan Sepak Bola Indonesia Jepara,61.5160797412,3534,,2026-10-09
Valle Egüés,Valle Egüés,CD Valle Egüés,61.5127761929,3535,,2026-10-09
Vihren Sandanski,Vihren,OFK Vihren Sandanski,61.5106766994,3536,,2026-10-09
ESMTK,ESMTK,Erzsébeti Spartacus Munkás Testgyakorlók Köre Labdarúgó,61.5033284537,3537,,2026-10-09
PAOK II,PAOK II,PAOK Thessaloniki FC II,61.5026811069,3538,,2026-10-09
Bistrica,Bistrica,NK Kety Emmi Bistrica,61.5001791968,3539,,2026-10-09
Bombada,Bombada,Bombada FC,61.4943822031,3540,,2026-10-09
Monterey Bay,Monterey Bay,Monterey Bay FC,61.4920429022,3541,,2026-10-09
Athletic Club Boise,Boise,Athletic Club Boise,61.4787459248,3542,,2026-10-09
Shahrdari Noshahr,Sh. Noshahr,Shahrdari Noshahr FC,61.4784398828,3543,,2026-10-09
Kairouan,Kairouan,JS Kairouanaise,61.4767089194,3544,,2026-10-09
Ecosem Pasco,Ecosem,Ecosem Pasco,61.4705759257,3545,,2026-10-09
Nuova Ternana,Ternana,Nuova Ternana 1925,61.4641373277,3546,,2026-10-09
Kozakken Boys,Kozakken,Kozakken Boys,61.4637874033,3547,,2026-10-09
Dolomiti Bellunesi,Dolomiti,AC Dolomiti Bellunesi,61.450490227,3548,,2026-10-09
Arenteiro,Arenteiro,CD Arenteiro,61.4501403,3549,,2026-10-09
Giravanz Kitakyushu,Giravanz,Giravanz Kitakyushu,61.4485449822,3550,,2026-10-09
Bylis,Bylis,FK Bylis,61.4455912437,3551,,2026-10-09
LPRC Oilers,Oilers,LPRC Oilers FC,61.4453929367,3552,,2026-10-09
Jamshedpur,Jamshedpur,Jamshedpur FC,61.4441472403,3553,,2026-10-09
Oedt,Oedt,ASKÖ Oedt,61.4417420336,3554,,2026-10-09
Quintanar del Rey,Quintanar,CD Quintanar del Rey,61.4361431686,3555,,2026-10-09
Fukushima United,Fukushima,Fukushima United FC,61.4324482585,3556,,2026-10-09
Al Khor,Khor,Al Khor SC,61.4249010967,3557,,2026-10-09
Etoile de Kivu,Etoile de Kivu,Etoile de Kivu FC,61.4196730614,3558,,2026-10-09
Kraké,Kraké,USS Kraké FC,61.4158238002,3559,,2026-10-09
Slingerz,Slingerz,Slingerz FC,61.4129618016,3560,,2026-10-09
Majantja,Majantja,Majantja FC,61.4081252509,3561,,2026-10-09
Blumenthaler SV,Blumenthal,Blumenthaler SV,61.4074487248,3562,,2026-10-09
Mtibwa Sugar,Mtibwa Sugar,Mtibwa Sugar FC,61.4062006086,3563,,2026-10-09
Fratria,Fratria,FK Fratria,61.4049991789,3564,,2026-10-09
Lugo II,Lugo II,Polvorín FC (CD Lugo II),61.4039493725,3565,,2026-10-09
Beira-Mar,Beira-Mar,SC Beira-Mar,61.4035994369,3566,,2026-10-09
Garudayaksa,Garudayaksa,Garudayaksa FC,61.4020040798,3567,,2026-10-09
Al Sulaibikhat,Sulaibikhat,Al Sulaibikhat SC,61.4018054655,3568,,2026-10-09
Huarte,Huarte,CD Itaroa Huarte,61.3976505221,3569,,2026-10-09
Virginia,Virginia,Virginia USC,61.3974055664,3570,,2026-10-09
Besa Kavajë,Besa,KS Besa Kavajë,61.3917015885,3571,,2026-10-09
CAI Rivadavia,CAI,Comisión de Actividades Infantiles de Comodoro Rivadavia,61.3874323422,3572,,2026-10-09
Brikama United,Brikama,Brikama United FC,61.3866041394,3573,,2026-10-09
Soliman,Soliman,AS Soliman,61.3850271123,3574,,2026-10-09
Seravezza,Seravezza,ASD Seravezza Pozzi Calcio,61.3843528799,3575,,2026-10-09
Montlouis,Montlouis,AS Montlouis Football,61.3836005105,3576,,2026-10-09
ANBA,ANBA,CD ANBA,61.3830930984,3577,,2026-10-09
Alcochetense,Alcochetense,GD Alcochetense,61.381903304,3578,,2026-10-09
Manzini Sea Birds,Sea Birds,Manzini Sea Birds FC,61.3815300205,3579,,2026-10-09
Umayya,Umayya,Umayya,61.379586704,3580,,2026-10-09
Sinnamary,Sinnamary,US Sinnamary,61.3720190953,3581,,2026-10-09
Le Messager Ngozi,Messager,Académie de Football Le Messager FC,61.3719066539,3582,,2026-10-09
Victory Club Warriors,VC Warriors,Victory Club Warriors FC,61.3636807089,3583,,2026-10-09
Sokol Saratov,Sokol,FK Sokol Saratov,61.3521582002,3584,,2026-10-09
BST Galaxy,BST Galaxy,BST Galaxy FC,61.3519598833,3585,,2026-10-09
Al-Tersana,Tersana,Al-Tersana,61.3510850184,3586,,2026-10-09
El Farolito,El Farolito,El Farolito SC,61.3506702426,3587,,2026-10-09
Académica Porto Novo,Porto Novo,Associação Académica do Porto Novo,61.3472356155,3588,,2026-10-09
FC Siena,FC Siena,FC Siena SSD,61.3430596041,3589,,2026-10-09
Kasserine,ASK,Avenir Sportif de Kasserine,61.3384846431,3590,,2026-10-09
Central Argentino LB,Central Arg LB,CA Central Argentino La Banda,61.3335410258,3591,,2026-10-09
Punjab,Punjab,Punjab FC,61.3251679361,3592,,2026-10-09
Attram de Visser,Attram,Attram de Visser SC,61.3244866833,3593,,2026-10-09
Independiente Cochabamba,Indep. CBBA,CA Independiente Cochabamba,61.3228675629,3594,,2026-10-09
Volta Redonda,Volta Redonda,Volta Redonda FC,61.3209428336,3595,,2026-10-09
UD San Pedro,San Pedro,UD San Pedro,61.3206628728,3596,,2026-10-09
Unión Tarija,Unión Tarija,Club Unión Tarija,61.3193680537,3597,,2026-10-09
Bumamuru,Bumamuru,Bumamuru FC,61.3176649423,3598,,2026-10-09
Mounana,Mounana,CF Mounana,61.3103159451,3599,,2026-10-09
La Calzada,La Calzada,CD FC La Calzada,61.3087645011,3600,,2026-10-09
Flamurtari,Flamurtari,Flamurtari FC,61.3042151038,3601,,2026-10-09
University of Pretoria,Tuks,University of Pretoria FC,61.2968404071,3602,,2026-10-09
Bitam,Bitam,US Bitam,61.2966677315,3603,,2026-10-09
Arsenal Tivat,Arsenal,FK Arsenal Tivat,61.2965160987,3604,,2026-10-09
Reilac Shiga,Reilac Shiga,Reilac Shiga FC,61.2938707833,3605,,2026-10-09
Al Hilal Al Manaqil,Al Manaqil,Al Hilal SC Al Manaqil,61.2933408496,3606,,2026-10-09
Halkanoras,Halkanoras,Halkanoras FC Idaliou,61.2885545945,3607,,2026-10-09
Sport Boys II,Sport Boys II,Sport Boys Association II,61.2868573024,3608,,2026-10-09
Sevastopol,Sevastopol,FK Sevastopol,61.2790182429,3609,,2026-10-09
Al Wahda San'a,Wahda San'a,Al Wahda San'a,61.273726861,3610,,2026-10-09
Mbabane Swallows,Swallows,Mbabane Swallows FC,61.2723456698,3611,,2026-10-09
Machico,Machico,AD Machico,61.2720190551,3612,,2026-10-09
Marchfeld Donauauen,Marchfeld,FC Marchfeld Donauauen,61.271669095,3613,,2026-10-09
Celoricense,Celoricense,Clube Desportivo Celoricense,61.2713191348,3614,,2026-10-09
Limonest,Limonest,FC Limonest Saint-Didier,61.2695168391,3615,,2026-10-09
Djeffa,Djeffa,Djeffa FC,61.2653464572,3616,,2026-10-09
UPDF,UPDF,Uganda People's Defence Force FC,61.2618468393,3617,,2026-10-09
Fos,Fos,ES Fosseenne,61.2591404814,3618,,2026-10-09
Todesfelde,Todesfelde,SV Todesfelde 1928,61.2534710814,3619,,2026-10-09
CSKA Sofia II,CSKA II,PFK CSKA Sofia II,61.2531211179,3620,,2026-10-09
Hope,Hope,Hope FC,61.244696326,3621,,2026-10-09
Tormenta,Tormenta,South Georgia Tormenta FC,61.2334348747,3622,,2026-10-09
Shan United,Shan,Shan United FC,61.2331547418,3623,,2026-10-09
Agoncillo,Agoncillo,CD Agoncillo,61.2303733492,3624,,2026-10-09
PSS,PSS,Persatuan Sepakbola Sleman,61.2270280042,3625,,2026-10-09
Al Waab,Al Waab,Al Waab FC,61.2268293714,3626,,2026-10-09
Carmelita,Carmelita,AD Carmelita,61.2243357051,3627,,2026-10-09
Olympic Star,Olympic Star,Olympic Star,61.2210758341,3628,,2026-10-09
Brito,Brito,Brito SC,61.2125249074,3629,,2026-10-09
Benfica Castelo Branco,Benfica CB,Sport Benfica e Castelo Branco,61.2034256366,3630,,2026-10-09
Mines United,Mines,Mines United,61.1990276236,3631,,2026-10-09
SCM Râmnicu Vâlcea,Râmnicu Vâlcea,SCM Râmnicu Vâlcea,61.1988759847,3632,,2026-10-09
Jableh,Jableh,Jableh SC,61.1969091335,3633,,2026-10-09
Leicesterford City,Leicesterford,Leicesterford City FC,61.1943006733,3634,,2026-10-09
Olympic Cochabamba,Olympic,Club Olympic Cochabamba,61.1926814409,3635,,2026-10-09
Cetatea 1932 Suceava,Cetatea,ACSM Cetatea 1932 Suceava,61.1897766479,3636,,2026-10-09
Vitória Riboque,Vitória,Vitória FC do Riboque,61.1887033735,3637,,2026-10-09
Schonnebeck,Schonnebeck,Spvg Schonnebeck 1910,61.1880267703,3638,,2026-10-09
Florgrade,Florgrade,Florgrade Futebol Clube,61.1831271046,3639,,2026-10-09
Alondras,Alondras,Alondras CF,61.1831271046,3640,,2026-10-09
Gomora United,Gomora,Gomora United FC,61.1796016869,3642,,2026-10-09
Austin II,Austin II,Austin FC II,61.176739331,3643,,2026-10-09
Cariari Pococí,Cariari Pococí,AD Cariari Pococí,61.1697397626,3644,,2026-10-09
Mathare United,Mathare Utd,Mathare United FC,61.1621027436,3645,,2026-10-09
Woking,Woking,Woking FC,61.1610609517,3646,,2026-10-09
Naft Gachsaran,Gachsaran,Naft Gachsaran FC,61.157184361,3647,,2026-10-09
Chingale de Tete,Chingale,Chingale de Tete,61.1526555471,3648,,2026-10-09
Hertha BSC II,Hertha II,Hertha BSC II,61.1474291545,3649,,2026-10-09
Camacha,Camacha,AD Camacha,61.1421793987,3650,,2026-10-09
Martina,Martina,ASD Martina Calcio 1947,61.1414794302,3651,,2026-10-09
Darnes,Darnes,Darnes,61.1407561127,3652,,2026-10-09
Aguilas,Aguilas,Aguilas UMak FC,61.1397111592,3653,,2026-10-09
Kahramanmaraş İstiklal,Kahramanmaraş,Kahramanmaraş İstiklal SK,61.1351797016,3654,,2026-10-09
Aral,Aral,PFK Aral Nukus,61.1347854172,3655,,2026-10-09
Heaven Eleven,Heaven Eleven,Heaven Eleven FC,61.1241317785,3656,,2026-10-09
SWA Sharks,Sharks,SWA Sharks FC,61.1167194873,3657,,2026-10-09
Río San Juan Humi,San Juan Humi,Club Deportivo Río San Juan Humi,61.1072856492,3659,,2026-10-09
Union Saint-Gilloise II,Saint-Gilloise,Royale Union Saint-Gilloise II,61.1057806886,3660,,2026-10-09
Al Saqer,Al Saqer,Al Saqer FC,61.1004865167,3661,,2026-10-09
Vitré,Vitré,AS Vitré,61.0995508386,3662,,2026-10-09
Maxaquene,Maxaquene,CD Maxaquene,61.0945575943,3663,,2026-10-09
Spartak Subotica,Spartak,FK Spartak Ždrepčeva Krv Subotica,61.0914310031,3664,,2026-10-09
Cardassar,Cardassar,CD Cardassar,61.0882810575,3665,,2026-10-09
L'Aquila,L'Aquila,AS L'Aquila Calcio 1927,61.0882810575,3666,,2026-10-09
Mineros Potosí,Mineros,CD Mineros Potosí,61.0827861397,3667,,2026-10-09
Tigres,Tigres,CD Tigres FC,61.0785861916,3668,,2026-10-09
Tenerife III,Tenerife,CD Tenerife III,61.0784811928,3669,,2026-10-09
1º Dezembro,1º Dezembro,Sociedade União 1º de Dezembro,61.0735812413,3670,,2026-10-09
La Almunia,La Almunia,CD La Almunia,61.0707812632,3671,,2026-10-09
Tefana,Tefana,AS Tefana,61.0665077869,3672,,2026-10-09
Colomiers,Colomiers,US Colomiers Football,61.0638512996,3673,,2026-10-09
Bochum II,Bochum,VfL Bochum 1848 II,61.0637812998,3674,,2026-10-09
Cork City,Cork,Cork City FC,61.0637812998,3675,,2026-10-09
Al Sha'ab Hadhramaut,Hadhramaut,Al Sha'ab Hadhramaut Mukalla,61.0630393038,3676,,2026-10-09
Casatese Merate,Casatese,USD Casatese Merate,61.0592313096,3677,,2026-10-09
Pacific,Pacific,Pacific FC,61.0556431193,3678,,2026-10-09
Deportivo Laferrere,Laferrere,CSyC Deportivo Laferrere,61.053911307,3679,,2026-10-09
San Miguel,San Miguel,CD Arcangel San Miguel,61.052581304,3680,,2026-10-09
Inter Sainte-Anne,Inter,Inter de Sainte-Anne,61.0512704123,3681,,2026-10-09
Liga de Cuenca,Liga Cuenca,Liga Deportiva de Cuenca,61.0465612786,3682,,2026-10-09
Bo Rangers,Bo Rangers,Bo Rangers FC,61.045907925,3683,,2026-10-09
Gicumbi,Gicumbi,Gicumbi FC,61.0445056152,3684,,2026-10-09
APEA,APEA,APEA Akrotiríou,61.0414687421,3685,,2026-10-09
Lechia Zielona Góra,Lechia ZG,KS Lechia Zielona Góra,61.0371812006,3686,,2026-10-09
Birzebbuga,Birzebbuga,Birzebbuga St. Peter's FC,61.0329811504,3687,,2026-10-09
Villarrubia,Villarrubia,Viña Xétar Villarrubia CF,61.0319311364,3688,,2026-10-09
Montijo,Montijo,UD Montijo,61.0298311066,3689,,2026-10-09
Villa San Carlos,Villa SC,CA Villa San Carlos,61.0262610506,3690,,2026-10-09
LA Force,LA Force,Los Angeles Force,61.0262428601,3691,,2026-10-09
Basel II,Basel II,FC Basel II,61.0214309639,3692,,2026-10-09
Abu Salim,Abu Salim,Abu Salim SC,61.0207076002,3693,,2026-10-09
1º de Maio,1º de Maio,Desportivo 1º de Maio,61.0182575506,3694,,2026-10-09
Tatabánya,Tatabánya,FC Tatabánya,61.0140808082,3695,,2026-10-09
Ontinyent 1931,Ontinyent 1931,Ontinyent 1931 CF,61.0133807919,3696,,2026-10-09
AFF Guatemala,AFF,Academia de Fútbol Guatemala,61.003842353,3697,,2026-10-09
Al Zamala Umm Ruwaba,Al Zamala,Al Zamala SC Umm Ruwaba,60.99970477,3698,,2026-10-09
Hilden,Hilden,VfB 03 Hilden,60.9993804103,3699,,2026-10-09
AC Carpi,AC Carpi,AC Carpi,60.9983303774,3700,,2026-10-09
Guyana Defence Force,GDF,Guyana Defence Force,60.9954443946,3701,,2026-10-09
Somozas,Somozas,UD Somozas,60.9934302164,3702,,2026-10-09
César Vallejo II,UCV II,CD Universidad César Vallejo II,60.9883200348,3703,,2026-10-09
Brühl,Brühl,SC Brühl St. Gallen,60.9878300167,3704,,2026-10-09
Tyumen,Tyumen,FK Tyumen,60.9864299641,3705,,2026-10-09
Olympique Marseille II,O Marseille II,Olympique de Marseille II,60.982999831,3706,,2026-10-09
Považská Bystrica,Považská,FK Považská Bystrica,60.981529772,3707,,2026-10-09
1599 Şelimbăr,1599 Şelimbăr,CSC 1599 Şelimbăr,60.9811797578,3708,,2026-10-09
Rosario,Rosario,Rosario AD,60.975141312,3709,,2026-10-09
IB Khémis El Khechna,Khémis Khechna,IB Khémis El Khechna,60.9727537455,3710,,2026-10-09
Altrincham,Altrincham,Altrincham FC,60.9678616683,3711,,2026-10-09
Digenis Morphou,Akritas,Digenis Akritas Morphou FC,60.9672666397,3712,,2026-10-09
Spartakos Kitiou,Spartakos,AS Spartakos Kitiou,60.9641164854,3713,,2026-10-09
Şahdağ,Şahdağ,FK Şahdağ Gusar,60.9629789284,3714,,2026-10-09
Saint-Priest,Saint-Priest,AS Saint-Priest,60.9625764081,3715,,2026-10-09
Alpendorada,Alpendorada,Futebol Clube de Alpendorada,60.9524783695,3716,,2026-10-09
Redonda,Redonda,Redonda FC,60.9510549395,3717,,2026-10-09
Nations,Nations,Nations FC,60.9472024161,3718,,2026-10-09
Yarmouk,Yarmouk,Al Yarmouk SC,60.9408833832,3719,,2026-10-09
Le Pays du Valois,Pays du Valois,US Le Pays du Valois,60.938075007,3720,,2026-10-09
APEJES Academy,APEJES,APEJES Football Academy,60.9360017233,3721,,2026-10-09
JSP,JSP,Jeunesse Sportive de Pobè FC,60.9342539116,3722,,2026-10-09
Granada II,Granada II,Club Recreativo Granada,60.9297269563,3723,,2026-10-09
Barco,Barco,CD Barco,60.9293769324,3724,,2026-10-09
Atlántico,Atlántico,Atlántico FC,60.9242156829,3725,,2026-10-09
Notodden,Notodden,Notodden FK,60.9220264154,3726,,2026-10-09
ASIL Lysi,ASIL,Asil FC Lyssi,60.9200137688,3727,,2026-10-09
Khan Sheikhoun,Khan Sheikhoun,Khan Sheikhoun FC,60.901507821,3728,,2026-10-09
Jerez,Jerez,Jerez CF,60.9003247203,3729,,2026-10-09
Falcons,Falcons,Falcons FC,60.886825191,3730,,2026-10-09
Consultants Moravia,Consultants,Fútbol Consultants Moravia,60.8862352949,3731,,2026-10-09
Amkar Perm,Amkar,FK Amkar Perm,60.885623429,3732,,2026-10-09
Lion Heart,Lion Heart,Lion Heart FC,60.8839623881,3733,,2026-10-09
Tukums,Tukums,FK Tukums 2000,60.8768726055,3734,,2026-10-09
Scherpenheuvel,Scherpenheuvel,RSKV Scherpenheuvel,60.8767867077,3735,,2026-10-09
Rennes II,Rennes II,Stade Rennais FC II,60.8744923744,3736,,2026-10-09
Béchar Djedid,Béchar Djedid,US Béchar Djedid,60.8670459816,3737,,2026-10-09
Isenmulang Kalteng,Isenmulang,Isenmulang Kalteng FC,60.8619754594,3738,,2026-10-09
Hapoel Acre,H Acre,Hapoel Acre FC,60.8618210932,3739,,2026-10-09
Ohrid Lihnidos,Ohrid,GFK Ohrid Lihnidos,60.8614710566,3740,,2026-10-09
Arandina,Arandina,Arandina CF,60.8600709095,3741,,2026-10-09
Lund,Lund,Lunds BK,60.8562204996,3742,,2026-10-09
Black Leopards,Leopards,Black Leopards FC,60.8519943902,3743,,2026-10-09
Épinal,Épinal,SA Épinal,60.8456668353,3744,,2026-10-09
Potters Tigers,Potters,Potters Tigers FC,60.8440582648,3745,,2026-10-09
Metalac GM,Metalac GM,FK Metalac Gornji Milanovac,60.8390685771,3746,,2026-10-09
Brea,Brea,CD Brea,60.8366182896,3747,,2026-10-09
Atlético Ávila,Ávila,Atlético Ávila FC,60.8309476119,3748,,2026-10-09
Al Rustaq,Rustaq,Al Rustaq FC,60.8236224104,3749,,2026-10-09
Victoria United,Victoria Utd,Victoria United FC,60.8232910193,3750,,2026-10-09
Montañesa,Montañesa,CF Montañesa,60.8212164089,3751,,2026-10-09
Pozoblanco,Pozoblanco,CD Pozoblanco,60.8191161426,3752,,2026-10-09
AS Kigali,Kigali,Association Sportive de Kigali,60.8176903101,3753,,2026-10-09
Amatitlán,Amatitlán,Deportivo Amatitlán,60.8151774466,3754,,2026-10-09
Hoàng Anh Gia Lai,HAGL,Hoàng Anh Gia Lai,60.8119195622,3755,,2026-10-09
Union Clodiense,Clodiense,Union Clodiense Chioggia FC,60.811415146,3756,,2026-10-09
Ross County,Ross County,Ross County FC,60.8061644482,3757,,2026-10-09
Marino,Marino,CD Marino,60.7946128612,3758,,2026-10-09
Guingamp II,Guingamp II,En Avant Guingamp II,60.7883819755,3759,,2026-10-09
Al Qadisiya,Al Qadisiya,Al Qadisiya,60.787938562,3760,,2026-10-09
San Lorenzo Alem,San Lorenzo Al,Club Atlético San Lorenzo de Alem,60.7826411411,3761,,2026-10-09
Racing de Casablanca,Racing AC,Racing Athletic Club Casablanca,60.7725339787,3762,,2026-10-09
Eintracht Norderstedt,Norderstedt,FC Eintracht Norderstedt,60.7722095796,3763,,2026-10-09
Roda,Roda,CD Roda,60.7715094727,3764,,2026-10-09
Trollhättan,Trollhättan,FC Trollhättan,60.7669587716,3765,,2026-10-09
San Bartolomé,San Bartolomé,CF San Bartolomé,60.7641583346,3766,,2026-10-09
Morupule Wanderers,Morupule W.,Morupule Wanderers FC,60.7609456652,3767,,2026-10-09
Pro Sesto,Pro Sesto,AC Pro Sesto,60.757857336,3768,,2026-10-09
Durango,Durango,SCD Durango,60.7571572237,3769,,2026-10-09
Social Pariacoto,Pariacoto,CD Centro Social Pariacoto,60.755897021,3770,,2026-10-09
Sfax Railways,SRS,Sfax Railways Sport,60.752580833,3771,,2026-10-09
Real Tamale United,RTU,Real Tamale United,60.7504804895,3772,,2026-10-09
Kilia Kiel,Kilia,FC Kilia Kiel 1902,60.7347534923,3773,,2026-10-09
Dijon II,Dijon II,Dijon FCO II,60.7327231409,3774,,2026-10-09
Europa II,Europa II,CE Europa II,60.7242516506,3775,,2026-10-09
FBK Karlstad,FBK Karlstad,FBK Karlstad,60.7239015882,3776,,2026-10-09
Ayia Napa,Ayia Napa,AO Ayia Napa,60.7211886023,3777,,2026-10-09
Paloma,Paloma,Uhlenhorster SC Paloma,60.7172503899,3778,,2026-10-09
Pontarlier,Pontarlier,CA Pontarlier,60.7162702113,3779,,2026-10-09
Baník Souš,Baník Souš,FK Baník Most-Souš,60.7137497497,3780,,2026-10-09
Al Batnan,Al Batnan,Al Batnan SC,60.7135513635,3781,,2026-10-09
Iraklis Yerolakkou,Yerolakkou,Iraklis Yerolakkou FC,60.7106866841,3782,,2026-10-09
Aigle Royal de Moungo,Aigle Royal,Aigle Royal de Moungo FC,60.7105735128,3783,,2026-10-09
Aigle Royal,Aigle Royal,Aigle Royal de la Menoua (Dschang),60.7077729911,3784,,2026-10-09
Gyeongju KHNP,Gyeongju KHNP,Gyeongju Korea Hydro & Nuclear Power FC,60.7069028285,3785,,2026-10-09
Real Betis III,Betis III,Real Betis Balompié III,60.7049981204,3786,,2026-10-09
Scunthorpe United,Scunthorpe,Scunthorpe United FC,60.7025301535,3787,,2026-10-09
Hapoel Migdal HaEmek,H Migdal,Hapoel Migdal HaEmek FC,60.6993970561,3788,,2026-10-09
Castellana,Castellana,La Castellana Fútbol Club,60.6944260974,3789,,2026-10-09
Al Shabab,Shabab,Al Shabab SC,60.6930515293,3790,,2026-10-09
Jura Dolois,Jura Dolois,Jura Dolois Foot,60.6910654418,3791,,2026-10-09
Raya Ghazl,Kafr El-Dawar,Raya SC Ghazl Kafr El-Dawar,60.6892194287,3792,,2026-10-09
Rana,Rana,Rana FK,60.6878448078,3793,,2026-10-09
Hapoel Hadera,Hapoel Hadera,Hapoel Hadera Shulam Shwartz FC,60.6871446692,3794,,2026-10-09
St. Peters,St. Peters,Harris Paints St. Peters FC,60.6842582056,3795,,2026-10-09
Shabab Al Sahel,Al Sahel,Shabab Al-Sahel,60.6790510483,3796,,2026-10-09
Mercadal,Mercadal,CE Mercadal,60.6787429859,3797,,2026-10-09
St. Pauli II,St. Pauli II,FC Sankt Pauli von 1910 II,60.6776927728,3798,,2026-10-09
24 Erzincanspor,Erzincan,Erzincan Futbol Yatırımları A.Ş.,60.6773427017,3799,,2026-10-09
Jong Holland,Holland,CRKSV Jong Holland,60.6765566521,3800,,2026-10-09
HSC Hannover,HSC Hannover,HSC Hannover,60.6731418427,3801,,2026-10-09
Vestri,Vestri,IF Vestri,60.6691860251,3802,,2026-10-09
Arba Minch Kenema,Arba Minch,Arba Minch City FC,60.6682151728,3803,,2026-10-09
General Paz Juniors,Paz Juniors,Club Atlético General Paz Juniors,60.657318522,3804,,2026-10-09
Lyon La Duchere,Lyon Duchere,Lyon La Duchere,60.6562858006,3805,,2026-10-09
Dire Dawa Kenema,Dire Dawa,Dire Dawa City,60.6531619771,3806,,2026-10-09
Primorje,Primorje,ND Primorje,60.6507371012,3807,,2026-10-09
Wattenscheid 09,Wattenscheid,SG Wattenscheid 09,60.6468862591,3808,,2026-10-09
Asteras Tripolis II,Asteras,Asteras Tripolis II,60.6465886937,3809,,2026-10-09
Anadia,Anadia,Anadia FC,60.6440856417,3810,,2026-10-09
Luparense,Luparense,Luparense San Paolo FC,60.6332332094,3811,,2026-10-09
ASAS,ASAS,AS Ali Sabieh Djibouti Télécom,60.6321596157,3812,,2026-10-09
CIVO United,CIVO,Civil Service United,60.6223573587,3813,,2026-10-09
The Bees,Bees,The Bees FC,60.6223550575,3814,,2026-10-09
Hapoel Nof HaGalil,Hapoel Nof HG,Hapoel Nof HaGalil FC,60.6146789043,3815,,2026-10-09
Auxerre II,Auxerre II,Association Jeunesse Auxerroise II,60.6126484219,3816,,2026-10-09
Crevillente,Crevillente,Crevillente Deportivo,60.6125784053,3817,,2026-10-09
Åtvidaberg,Åtvidaberg,Åtvidabergs FF,60.6115281549,3818,,2026-10-09
Lagoa,Lagoa,GD Lagoa,60.6111780713,3819,,2026-10-09
Schwaben Augsburg,Schwaben,TSV Schwaben Augsburg,60.6101278201,3820,,2026-10-09
Cutelinho,Cutelinho,Cutelinho FC,60.609054213,3821,,2026-10-09
Villaralbo,Villaralbo,CD Villaralbo,60.6076772317,3822,,2026-10-09
Luzino,Luzino,Wikęd Luzino,60.6055767247,3823,,2026-10-09
Al Hikma,Al Hikma,Al Hikma / CS La Sagesse,60.6044844602,3824,,2026-10-09
La Virgen del Camino,Virgen Camino,CD La Virgen del Camino,60.6017257892,3825,,2026-10-09
Jendouba Sport,Jendouba,Jendouba Sport,60.6017001326,3826,,2026-10-09
Al Adalah,Adalah,Al Adalah Club,60.5943296694,3827,,2026-10-09
Sanga Balende,Sanga Balende,SM Sanga Balende,60.5911998417,3828,,2026-10-09
EM Huanuni,Huanuni,Club Empresa Minera Huanuni,60.589227698,3829,,2026-10-09
San Martín Burzaco,SM Burzaco,CSyD San Martín de Burzaco,60.5887025663,3830,,2026-10-09
FC Serpa,Serpa,Futebol Clube de Serpa,60.5845715249,3831,,2026-10-09
UDA,UDA,Club Social Unión Deportivo Ascensión,60.5819108494,3832,,2026-10-09
Dacia-Buiucani,Dacia-Buiucani,FC Dacia-Buiucani,60.5786200085,3833,,2026-10-09
Racing Olavarría,Rac Olavarría,Racing Athletic Club de Olavarría,60.5750490896,3834,,2026-10-09
Pro Palazzolo,Pro Palazzolo,ASD Pro Palazzolo,60.5590148786,3835,,2026-10-09
Stade Gabésien,Stade Gabésien,Stade Gabésien,60.5565385656,3836,,2026-10-09
Ibri,Ibri,Ibri,60.5516185889,3837,,2026-10-09
Cjarlins Muzane,Cjarlins Muz.,ASD Cjarlins Muzane,60.5502625217,3838,,2026-10-09
Martin Pêcheur,Martin Pêcheur,AS Martin Pêcheur,60.5415809353,3839,,2026-10-09
Gorilla,Gorilla,Gorilla FC,60.5348326158,3840,,2026-10-09
Fraga,Fraga,UD Fraga,60.5341580772,3841,,2026-10-09
AFC Malmö,AFC Malmö,Ariana Malmö FC,60.53135729,3842,,2026-10-09
Ciudad Canela,Canela,CD Ciudad Canela,60.5284864788,3843,,2026-10-09
Gendrim,Gendrim,ASC Gendrim,60.5257300453,3844,,2026-10-09
OSC Bremerhaven,Bremerhaven,Olympischer SC Bremerhaven,60.517703392,3845,,2026-10-09
Rouge,Rouge,FC Rouge,60.5141790216,3846,,2026-10-09
Tataouine,Tataouine,US Tataouine,60.5117260036,3847,,2026-10-09
Milan II,Milan II,Milan Futuro,60.5093009433,3848,,2026-10-09
Isparta 32 Spor,Isparta 32,Isparta 32 SK,60.5082506345,3849,,2026-10-09
Torrijos,Torrijos,CD Torrijos,60.5079005315,3850,,2026-10-09
Thonon Évian,Thonon Évian,Thonon Évian Grand Genève FC,60.5062200359,3851,,2026-10-09
Cliftonville,Cliftonville,Cliftonville FC,60.5036992897,3852,,2026-10-09
Deportivo Lute,Dep Lute,Deportivo Lute,60.5027890194,3853,,2026-10-09
Sparta Praha II,Sparta II,AC Sparta Praha II,60.498797829,3854,,2026-10-09
Merelbeke,Merelbeke,KFC Merelbeke,60.4952967777,3855,,2026-10-09
Al-Khums,Al-Khums,Al-Khums SC,60.490371938,3856,,2026-10-09
Ansbach,Ansbach,SpVgg Ansbach 09,60.488644762,3857,,2026-10-09
Berceo,Berceo,CD Berceo,60.4868942276,3858,,2026-10-09
Olympiakos Piraeus II,Olympiakos II,Olympiakos CFP II,60.4844959928,3859,,2026-10-09
Cham,Cham,SC Cham,60.4830430461,3860,,2026-10-09
Kédia,Kédia,ASC Kédia,60.4795683215,3861,,2026-10-09
Bougouni,Bougouni,US Bougouni,60.4655142196,3862,,2026-10-09
Racing Veracruz,Racing V,Racing de Veracruz,60.4637782629,3863,,2026-10-09
Huétor Vega,Huétor Vega,CD Huétor Vega,60.4560845518,3864,,2026-10-09
Tienen,Tienen,KVK Tienen,60.4476818242,3865,,2026-10-09
Ufalya Simba,Ufalya Simba,AF Ufalya Simba,60.4462580085,3866,,2026-10-09
Avance Ezcabarte,Avance,CD Avance Ezcabarte,60.4459312511,3867,,2026-10-09
Lugazi,Lugazi,Lugazi FC,60.4392557011,3868,,2026-10-09
Colwyn Bay,Colwyn Bay,Colwyn Bay FC,60.4368282446,3869,,2026-10-09
Maccabi Kiryat Malachi,M Malachi,Maccabi Ironi Kiryat Malachi,60.4364781281,3870,,2026-10-09
Sabah,Sabah,Sabah FC,60.4341817122,3871,,2026-10-09
Sparta Rotterdam II,Sparta II,Sparta Rotterdam II,60.4340273106,3872,,2026-10-09
Fátima,Fátima,CD Fátima,60.4308762547,3873,,2026-10-09
Deportivo Pucarani,Pucarani,Club Deportivo Pucarani,60.4306311723,3874,,2026-10-09
Unirea Alba Iulia,U. Alba Iulia,CSM Unirea Alba Iulia,60.4294757837,3875,,2026-10-09
Gimhae City,Gimhae,Gimhae FC 2008,60.4271793591,3876,,2026-10-09
Champ's Guatemala,Champ's,Champ's Academy Guatemala,60.42343555,3877,,2026-10-09
Al Orooba,Orooba,Al Orooba,60.4206785002,3878,,2026-10-09
LASK II,LASK,LASK Amateure,60.4175717375,3879,,2026-10-09
Arendal,Arendal,Arendal Fotball,60.3948137894,3880,,2026-10-09
Ingenio El Alto,Ingenio,CD Ingenio Futbol El Alto,60.3945687023,3881,,2026-10-09
Kaposvári Rákóczi,Kaposvári,Kaposvári Rákóczi FC,60.3941135404,3882,,2026-10-09
Kigezi Home Boyz,Kigezi HB,Kigezi Home Boyz FC,60.3933899332,3883,,2026-10-09
Mazarrón FC,Mazarrón,Mazarrón FC,60.3920127919,3884,,2026-10-09
Kataka,Kataka,Kataka FC,60.3909390587,3885,,2026-10-09
Jarabacoa,Jarabacoa,Jarabacoa FC,60.3886006814,3886,,2026-10-09
Suhul Shire,Suhul Shire,Suhul Shire FC,60.3874355023,3887,,2026-10-09
Al Mesaimeer,Mesaimeer,Al Mesaimeer,60.3863664675,3888,,2026-10-09
Camioneros Rio Grande,Camioneros RG,Club Atlético Social y Deportivo Camioneros de Rio Grande,60.3859906328,3889,,2026-10-09
AFC,AFC,Amsterdamsche FC,60.3797583778,3890,,2026-10-09
Loubha Télimélé,Loubha,Loubha FC de Télimélé,60.3755334876,3891,,2026-10-09
Discoveries,Discoveries,Discoveries Sports Academy,60.3732576555,3892,,2026-10-09
Guadalupe,Guadalupe,Guadalupe FC,60.3712670816,3893,,2026-10-09
East End Lions,East End,East End Lions FC,60.3688810423,3894,,2026-10-09
Sunrise,Sunrise,Sunrise FC Rwamagana,60.3597753558,3895,,2026-10-09
Barendrecht,Barendrecht,BVV Barendrecht,60.3548991746,3896,,2026-10-09
Añaza,Añaza,AD Añaza,60.3499973205,3897,,2026-10-09
Politehnica UTM,Politehnica,FC Politehnica UTM,60.3475463886,3898,,2026-10-09
LISCR,LISCR,Liberian International Shipping & Corporate Registry FC,60.345947431,3899,,2026-10-09
Leiknir Reykjavík,Leiknir R,Leiknir Reykjavík,60.3425394748,3900,,2026-10-09
KSZO 1929,KSZO,KSZO 1929 Ostrowiec Świętokrzyski,60.3412439774,3901,,2026-10-09
Legia Warszawa II,Legia II,KP Legia Warszawa II,60.3384428988,3902,,2026-10-09
Vitória Setúbal,Vitória FC,Vitória Setúbal FC,60.332840729,3903,,2026-10-09
Vila Meã,Vila Meã,AC Vila Meã,60.3258379929,3904,,2026-10-09
Nacional,Nacional,SV Deportivo Nacional,60.3255770009,3905,,2026-10-09
Kairat II,Kairat II,FK Kairat Zhastar,60.3236146186,3906,,2026-10-09
Sporting SM II,Sporting SM II,AF Sporting San Miguelito II,60.3215481135,3907,,2026-10-09
Tau Altopascio,Tau Altopascio,ASD Calcio Tau Altopascio,60.3121825812,3908,,2026-10-09
Marchamalo,Marchamalo,CD Marchamalo,60.3111321608,3909,,2026-10-09
Babrungas,Babrungas,FK Babrungas Plungë,60.3107820205,3910,,2026-10-09
Cham,Cham,ASV Cham,60.3086811774,3911,,2026-10-09
Corazón de León AR,Corazón AR,Club Corazón de León - Alto Rendimiento,60.3007679803,3912,,2026-10-09
Midlands Wanderers,Midlands Wand.,Midlands Wanderers FC,60.2981512653,3913,,2026-10-09
Jose María Arguedas,JM Arguedas,CD Jose María Arguedas,60.2976166977,3914,,2026-10-09
SK Poltava,SK Poltava,SK Poltava,60.2852216008,3915,,2026-10-09
Güzide Gebzespor,Güzide Gebze,Güzide Gebze SK,60.2845213103,3916,,2026-10-09
Versailles II,Versailles II,FC Versailles II,60.2688347349,3917,,2026-10-09
Lørenskog,Lørenskog,Lørenskog IF,60.2684145569,3918,,2026-10-09
TGBC,TGBC,TGBC Football Atsinanana,60.2641894143,3919,,2026-10-09
New Jak,New Jak,FC New Jak,60.2585870178,3920,,2026-10-09
Jönköpings Södra,Jönköpings S,Jönköpings Södra IF,60.2582602273,3921,,2026-10-09
Proleter 023 Zrenjanin,Proleter 023,FK Proleter 023 Zrenjanin,60.24950645,3922,,2026-10-09
Anaconda,Anaconda,Anaconda FC,60.245934897,3923,,2026-10-09
Almere City II,Almere II,Almere City FC II,60.2442541638,3924,,2026-10-09
Calvary,Calvary,Calvary FC,60.2431803448,3925,,2026-10-09
Hapoel Ironi Karmiel,Ironi Karmiel,Hapoel Ironi Karmiel,60.2386517086,3926,,2026-10-09
Fylde,Fylde,AFC Fylde,60.2333818838,3927,,2026-10-09
Wamanafo Mighty Royals,Mighty Royals,Wamanafo Mighty Royals FC,60.2305724879,3928,,2026-10-09
Al Taqadom,Al Taqadom,Al Taqadom Port Sudan FC,60.2298721768,3929,,2026-10-09
Condal,Condal,Condal Club de Fútbol,60.2263962789,3930,,2026-10-09
Pozuelo Alarcón,Pozuelo,CF Pozuelo de Alarcón,60.2253458097,3931,,2026-10-09
L'Entregu,L'Entregu,L'Entregu CF,60.2235950263,3932,,2026-10-09
Tammeka,Tammeka,JK Tammeka Tartu,60.2207937696,3933,,2026-10-09
Paradiso,Paradiso,FC Paradiso,60.2204436122,3934,,2026-10-09
Villa,Villa,CD Villa,60.2106391782,3935,,2026-10-09
Tamale City,Tamale City,Tamale City FC,60.2057112796,3936,,2026-10-09
Galapagar,Galapagar,CD Galapagar,60.2001343698,3937,,2026-10-09
Avia Świdnik,Avia Świdnik,MKS Avia Świdnik,60.1994340471,3938,,2026-10-09
Stupčanica Olovo,Stupčanica,NK Stupčanica Olovo,60.1959324297,3939,,2026-10-09
Dragons,Dragons,AS Dragons FC de l'Ouémé,60.1938080973,3940,,2026-10-09
Aserrí,Aserrí,AD Aserrí,60.1937432249,3941,,2026-10-09
Kuchl,Kuchl,SV Kuchl,60.1847272093,3942,,2026-10-09
Hart Acedemy,Hart,Hart Academy FC,60.1785759667,3943,,2026-10-09
Al Arabi,Arabi,Al Arabi (UAE),60.1776795904,3944,,2026-10-09
Shimshon Tel Aviv,Shimshon TA,Shimshon Tel Aviv FC,60.1763232494,3945,,2026-10-09
Steve Biko,Steve Biko,Steve Biko FC,60.1750743097,3946,,2026-10-09
Firesystem,Firesystem,Firesystem FC,60.1731017213,3947,,2026-10-09
Mysterious Dwarfs,Dwarfs,Cape Coast Mysterious Ebusua Dwarfs FC,60.1717454259,3948,,2026-10-09
Real Unión de Tenerife,RU Tenerife,Real Unión de Tenerife,60.1574141997,3949,,2026-10-09
La Amistad Cipolletti,La Amistad,Asociación Deportiva La Amistad de Cipolletti,60.1541926386,3950,,2026-10-09
Pelister,Pelister,FK Pelister,60.1497104572,3951,,2026-10-09
Canet Roussillon,Canet,Canet Roussillon FC,60.1479070765,3952,,2026-10-09
Kvik Halden,Kvik,Kvik Halden FK,60.1409561654,3953,,2026-10-09
FC Renaissance,FC Renaissance,FC Renaissance du Congo,60.1360303825,3954,,2026-10-09
Defensores Unidos,Def Unidos,CA Defensores Unidos,60.1335324933,3955,,2026-10-09
Al Tadhamon,Tadhamon,Al Tadhamon SC,60.1286557642,3956,,2026-10-09
Thespa Gunma,Gunma,Thespa Gunma FC,60.1172987094,3957,,2026-10-09
Busan Transportation,Transportation,Busan Transportation Corporation FC,60.1127464028,3958,,2026-10-09
Nuevo San Cristóbal,Nuevo San Cr.,CD Nuevo San Cristóbal,60.1127320455,3959,,2026-10-09
Mbarara City,Mbarara,Mbarara City FC,60.1104675442,3960,,2026-10-09
Unión Santiago SdE,Unión Santiago,CA Unión Santiago de Santiago del Estero,60.1097205134,3961,,2026-10-09
Ceuta 6 de Junio,6 de Junio,CD Ceuta 6 de Junio,60.1094403706,3962,,2026-10-09
Świt Szczecin,Świt Szczecin,KS Świt Szczecin,60.1080396561,3963,,2026-10-09
Yantra 2019,Yantra,OFK Yantra 2019 Gabrovo,60.1038375063,3964,,2026-10-09
Ceuta II,Ceuta II,AD Ceuta FC II,60.103137147,3965,,2026-10-09
Al Bidda,Al Bidda,Al Bidda SC,60.1006415641,3966,,2026-10-09
Anagennisi Karditsas,Anagennisi K,PAE Anagennisi Karditsas 1904,60.1000380542,3967,,2026-10-09
Trénelle,Trénelle,CO Trénelle,60.0941216111,3968,,2026-10-09
İnegölspor,İnegöl,İnegöl SK,60.0922815447,3969,,2026-10-09
NWU Soccer Institute,NWU,North West University Soccer Institute,60.0898046072,3970,,2026-10-09
Al Rayyan II,Rayyan II,Al Rayyan SC II,60.0890855826,3971,,2026-10-09
Ogre United,Ogre United,Ogre United,60.087028811,3972,,2026-10-09
GSI Pontivy,GSI Pontivy,Garde Saint-Ivy Pontivy,60.0827740857,3973,,2026-10-09
Pau II,Pau II,Pau FC II,60.0821962828,3974,,2026-10-09
Mandel United,Mandel Utd,KFC Mandel United Izegem-Ingelmunster,60.0800251427,3975,,2026-10-09
Al Moroj,Al Moroj,Al Moroj SC,60.0793014125,3976,,2026-10-09
Les Genêts d'Anglet,Anglet Genets,Les Genêts d'Anglet Football,60.0716907428,3977,,2026-10-09
Dibba Al Hisn,Dibba Hisn,Dibba Al Hisn SC,60.0701756382,3978,,2026-10-09
Rayo Vallecano II,Rayo II,Rayo Vallecano II,60.0583136019,3979,,2026-10-09
Rudar Velenje,Rudar,NK Rudar Velenje,60.0555120941,3980,,2026-10-09
Roskilde,Roskilde,FC Roskilde,60.0551619054,3981,,2026-10-09
Dinamo Bryansk,Dinamo Br,FK Dinamo Bryansk,60.051660014,3982,,2026-10-09
Houtvenne,Houtvenne,KFC Houtvenne,60.0481581159,3983,,2026-10-09
Chievo,Chievo,AC ChievoVerona,60.045006402,3984,,2026-10-09
Mama FCA,Mama,Mama FCA,60.0449830414,3985,,2026-10-09
Aretxabaleta,Aretxabaleta,UD Aretxabaleta,60.0352010353,3986,,2026-10-09
Posta Rangers,Posta Rangers,Posta Rangers FC,60.0337745999,3987,,2026-10-09
Hatayspor,Hatay,Hatay SK,60.0334500714,3988,,2026-10-09
Santomera,Santomera,Santomera CF,60.0327496854,3989,,2026-10-09
Atlético Malveira,Malveira,Atlético Clube da Malveira,60.0323994923,3990,,2026-10-09
Eastern,Eastern,Eastern SC,60.0294021868,3991,,2026-10-09
Fort Wayne,Fort Wayne,Fort Wayne FC,60.0267081545,3992,,2026-10-09
Montalegre,Montalegre,Centro Desportivo e Cultural de Montalegre,60.0232944483,3993,,2026-10-09
Inter Ibiza,Inter Ibiza,Inter Ibiza CD,60.0232944483,3994,,2026-10-09
Artis Brno II,Artis II,SK Artis Brno II,60.0204928872,3995,,2026-10-09
Grafičar,Grafičar,FK Grafičar Beograd,60.0180415178,3996,,2026-10-09
Textáfrica,Textáfrica,GDR Textáfrica do Chimoio,60.0155667823,3997,,2026-10-09
Mollerussa,Mollerussa,CFJ Mollerussa,60.0085862051,3998,,2026-10-09
Academy,Academy,Academy SC,60.0081500694,3999,,2026-10-09
Almansa,Almansa,UD Almansa,60.000181442,4000,,2026-10-09
