name,short_name,club_name,rating,rank,league_id,as_of
Arsenal,Arsenal,Arsenal FC,100.0,1,6pdwluctev9iebv00r4qqukno,2026-10-05
Bayern München,FC Bayern,FC Bayern München,99.3438010978,2,8h5xijv2u4mlf5028gso6kw7o,2026-10-05
Manchester City,Man City,Manchester City FC,98.8256108988,3,6pdwluctev9iebv00r4qqukno,2026-10-05
Barcelona,Barcelona,FC Barcelona,96.9789024085,4,830epggffy1nfkfyrtpqdwhlg,2026-10-05
Liverpool,Liverpool,Liverpool FC,96.0471965654,5,6pdwluctev9iebv00r4qqukno,2026-10-05
Paris Saint-Germain,Paris SG,Paris Saint-Germain FC,95.7692428296,6,bqnc4ccgnrp6pb3bktqet0yz8,2026-10-05
Brighton & Hove Albion,Brighton,Brighton & Hove Albion FC,94.7294281494,7,6pdwluctev9iebv00r4qqukno,2026-10-05
Real Madrid,Real Madrid,Real Madrid CF,94.3580716302,8,830epggffy1nfkfyrtpqdwhlg,2026-10-05
Manchester United,Man Utd,Manchester United FC,94.0854599619,9,6pdwluctev9iebv00r4qqukno,2026-10-05
Aston Villa,Villa,Aston Villa FC,93.7284776144,10,6pdwluctev9iebv00r4qqukno,2026-10-05
Internazionale,Inter,FC Internazionale Milano,93.7171167729,11,60cryos85i4bp5ul34tt0brx0,2026-10-05
Chelsea,Chelsea,Chelsea FC,93.4537388543,12,6pdwluctev9iebv00r4qqukno,2026-10-05
Brentford,Brentford,Brentford FC,92.9530799747,13,6pdwluctev9iebv00r4qqukno,2026-10-05
Newcastle United,Newcastle,Newcastle United FC,92.9334512053,14,6pdwluctev9iebv00r4qqukno,2026-10-05
Borussia Dortmund,Dortmund,BV Borussia 09 Dortmund,92.8690540901,15,8h5xijv2u4mlf5028gso6kw7o,2026-10-05
Everton,Everton,Everton FC,92.7595411167,16,6pdwluctev9iebv00r4qqukno,2026-10-05
Benfica,Benfica,SL Benfica,92.3948109404,17,a8xa8yfi2tlljxrwyxcst51xw,2026-10-05
Leeds United,Leeds,Leeds United FC,92.0768811138,18,6pdwluctev9iebv00r4qqukno,2026-10-05
Bournemouth,Bournemouth,AFC Bournemouth,91.9742263509,19,6pdwluctev9iebv00r4qqukno,2026-10-05
Roma,Roma,AS Roma,91.6352315984,20,60cryos85i4bp5ul34tt0brx0,2026-10-05
Sporting CP,Sporting,Sporting Clube de Portugal,91.482945868,21,a8xa8yfi2tlljxrwyxcst51xw,2026-10-05
Union Saint-Gilloise,R. Union SG,Royale Union Saint-Gilloise,91.4815676777,22,5ysazl26p4ksxbonjpbamevpw,2026-10-05
Atlético de Madrid,Atlético,Club Atlético de Madrid,91.3713101972,23,830epggffy1nfkfyrtpqdwhlg,2026-10-05
Flamengo,Flamengo,CR Flamengo,91.2975178827,24,752zalnunu0zkdfbbm915kys4,2026-10-05
Tottenham Hotspur,Spurs,Tottenham Hotspur FC,91.2724192184,25,6pdwluctev9iebv00r4qqukno,2026-10-05
Bayer 04 Leverkusen,Bayer 04,Bayer 04 Leverkusen,91.1142550836,26,8h5xijv2u4mlf5028gso6kw7o,2026-10-05
Nottingham Forest,Forest,Nottingham Forest FC,91.0856536131,27,6pdwluctev9iebv00r4qqukno,2026-10-05
Porto,Porto,FC Porto,91.0484367903,28,a8xa8yfi2tlljxrwyxcst51xw,2026-10-05
Sunderland,Sunderland,Sunderland AFC,90.772396054,29,6pdwluctev9iebv00r4qqukno,2026-10-05
Como,Como,Calcio Como 1907,90.6903710279,30,60cryos85i4bp5ul34tt0brx0,2026-10-05
Club Brugge,Club Brugge,Club Brugge KV,90.664522289,31,5ysazl26p4ksxbonjpbamevpw,2026-10-05
Crystal Palace,Palace,Crystal Palace FC,90.6035182831,32,6pdwluctev9iebv00r4qqukno,2026-10-05
Juventus,Juventus,Juventus FC,90.5566442109,33,60cryos85i4bp5ul34tt0brx0,2026-10-05
Fulham,Fulham,Fulham FC,90.0033995042,34,6pdwluctev9iebv00r4qqukno,2026-10-05
Bodø / Glimt,Bodø/Glimt,FK Bodø / Glimt,89.9789231155,35,beev3xu6oz7vc6l4rcxygw4d0,2026-10-05
Hull City,Hull,Hull City AFC,89.9279011911,36,6pdwluctev9iebv00r4qqukno,2026-10-05
Ipswich Town,Ipswich,Ipswich Town FC,89.811029736,37,6pdwluctev9iebv00r4qqukno,2026-10-05
Monaco,Monaco,AS Monaco FC,89.6110608105,38,bqnc4ccgnrp6pb3bktqet0yz8,2026-10-05
Lens,Lens,Racing Club de Lens,89.2045259534,39,bqnc4ccgnrp6pb3bktqet0yz8,2026-10-05
Napoli,Napoli,SSC Napoli,89.1417643907,40,60cryos85i4bp5ul34tt0brx0,2026-10-05
Stuttgart,Stuttgart,VfB Stuttgart 1893,89.1331431808,41,8h5xijv2u4mlf5028gso6kw7o,2026-10-05
Coventry City,Coventry,Coventry City FC,89.125211643,42,6pdwluctev9iebv00r4qqukno,2026-10-05
PSV,PSV,PSV Eindhoven,89.0779667732,43,56cvval3nf96u0bf9rzs9h6vo,2026-10-05
Real Betis,Betis,Real Betis Balompié,88.9865783185,44,830epggffy1nfkfyrtpqdwhlg,2026-10-05
Palmeiras,Palmeiras,SE Palmeiras,88.9261705411,45,752zalnunu0zkdfbbm915kys4,2026-10-05
Freiburg,Freiburg,SC Freiburg,88.924501341,46,8h5xijv2u4mlf5028gso6kw7o,2026-10-05
Milan,Milan,AC Milan,88.9038086912,47,60cryos85i4bp5ul34tt0brx0,2026-10-05
Olympique Lyonnais,Lyon,Lyon,88.7313636368,48,bqnc4ccgnrp6pb3bktqet0yz8,2026-10-05
RB Leipzig,Leipzig,RasenBallsport Leipzig,88.6834219092,49,8h5xijv2u4mlf5028gso6kw7o,2026-10-05
Slavia Praha,Slavia,SK Slavia Praha,88.5285538202,50,ei2lksxq5fb6mh8yzxqatwnx0,2026-10-05
Villarreal,Villarreal,Villarreal CF,88.4368013872,51,830epggffy1nfkfyrtpqdwhlg,2026-10-05
Independiente Valle,Ind. del Valle,CSD Independiente del Valle,88.0441751199,52,6fbkqr97shkflapdt7ck1dt78,2026-10-05
Lille,Lille,Lille OSC,87.8379171706,53,bqnc4ccgnrp6pb3bktqet0yz8,2026-10-05
Fenerbahçe,Fenerbahçe,Fenerbahçe SK,87.8299817239,54,e00dq6lfzgc7vo631cz8ktc0k,2026-10-05
Boca Juniors,Boca,CA Boca Juniors,87.7974944434,55,8v84l9nq3d5t0j4gb781i3llg,2026-10-05
Lazio,Lazio,SS Lazio,87.6760982854,56,60cryos85i4bp5ul34tt0brx0,2026-10-05
Atalanta,Atalanta,Atalanta Bergamasca Calcio,87.4977063222,57,60cryos85i4bp5ul34tt0brx0,2026-10-05
Rennes,Rennes,Stade Rennais FC,87.3893539677,58,bqnc4ccgnrp6pb3bktqet0yz8,2026-10-05
AEK Athens,AEK Athens,AEK Athens FC,87.0214742758,59,13prgjp0qzce661j00a3jy3o4,2026-10-05
Mainz 05,Mainz,1. FSV Mainz 05,86.9345006949,60,8h5xijv2u4mlf5028gso6kw7o,2026-10-05
Viking,Viking,Viking FK,86.8620204709,61,beev3xu6oz7vc6l4rcxygw4d0,2026-10-05
Galatasaray,Galatasaray,Galatasaray SK,86.8299214349,62,e00dq6lfzgc7vo631cz8ktc0k,2026-10-05
Olympiakos Piraeus,Olympiakos,Olympiakos FC,86.7826350298,63,13prgjp0qzce661j00a3jy3o4,2026-10-05
Sporting Braga,Braga,Sporting Braga,86.6697654276,64,a8xa8yfi2tlljxrwyxcst51xw,2026-10-05
Toluca,Toluca,Deportivo Toluca FC,86.603927284,65,9zum4nxferygj8bb0ldcavxn8,2026-10-05
Cruzeiro,Cruzeiro,Cruzeiro EC,86.5316366673,66,752zalnunu0zkdfbbm915kys4,2026-10-05
Rayo Vallecano,Rayo,Rayo Vallecano de Madrid,86.4885423977,67,830epggffy1nfkfyrtpqdwhlg,2026-10-05
Omonia Nicosia,Omonia,AC Omonia Nicosia,86.3984439007,68,9ov525t4gyibnhjsey291aw44,2026-10-05
Athletic Club,Athletic,Athletic Club,86.3659938579,69,830epggffy1nfkfyrtpqdwhlg,2026-10-05
Hoffenheim,Hoffenheim,TSG 1899 Hoffenheim,86.2952237216,70,8h5xijv2u4mlf5028gso6kw7o,2026-10-05
Strasbourg,Strasbourg,RC Strasbourg Alsace,86.2655342039,71,bqnc4ccgnrp6pb3bktqet0yz8,2026-10-05
Ferencváros,Ferencváros,Ferencvárosi TC,86.2361895745,72,1qah382h96g7zu8m6op3ftams,2026-10-05
West Ham United,West Ham,West Ham United FC,86.181296952,73,al48ooi8acoibema226051250,2026-10-05
Feyenoord,Feyenoord,Feyenoord Rotterdam,86.0721986796,74,56cvval3nf96u0bf9rzs9h6vo,2026-10-05
Paris FC,Paris FC,Paris FC,86.02351725,75,bqnc4ccgnrp6pb3bktqet0yz8,2026-10-05
Fluminense,Fluminense,Fluminense FC,85.9941145975,76,752zalnunu0zkdfbbm915kys4,2026-10-05
Lech Poznań,Lech,KKS Lech Poznań,85.959643043,77,1objvzhwen02wc4i4a1nnux3o,2026-10-05
Olympique Marseille,Marseille,Olympique de Marseille,85.9050897503,78,bqnc4ccgnrp6pb3bktqet0yz8,2026-10-05
Santos,Santos,Santos FC Sao Paulo,85.8901875211,79,752zalnunu0zkdfbbm915kys4,2026-10-05
Atlético Nacional,Atl. Nacional,Club Atlético Nacional SA,85.883627198,80,5l22b8pqde1bdxk6377auk3ro,2026-10-05
Dinamo Zagreb,Dinamo Zagreb,GNK Dinamo Zagreb,85.8529522837,81,ddv8l7gdb84ask7lsxf8x9f6c,2026-10-05
Celta de Vigo,Celta,Real Club Celta de Vigo,85.7939079029,82,830epggffy1nfkfyrtpqdwhlg,2026-10-05
Real Sociedad,Real Sociedad,Real Sociedad de Fútbol,85.771463773,83,830epggffy1nfkfyrtpqdwhlg,2026-10-05
København,København,FC København,85.7082738507,84,aa2sqzvq68621ok3nca8csrh0,2026-10-05
Midtjylland,Midtjylland,FC Midtjylland,85.6768509547,85,aa2sqzvq68621ok3nca8csrh0,2026-10-05
Al Hilal,Hilal,Al Hilal FC,85.6747224904,86,4vs6oaojacz5bwo1320rkk844,2026-10-05
Independiente Rivadavia,Independiente,CS Independiente Rivadavia,85.6726519976,87,8v84l9nq3d5t0j4gb781i3llg,2026-10-05
Alavés,Alavés,Deportivo Alavés,85.6533698555,88,830epggffy1nfkfyrtpqdwhlg,2026-10-05
Athletico Paranaense,Athletico PR,Club Athletico Paranaense,85.5193300569,89,752zalnunu0zkdfbbm915kys4,2026-10-05
Beşiktaş,Beşiktaş,Beşiktaş JK,85.4548077554,90,e00dq6lfzgc7vo631cz8ktc0k,2026-10-05
Eintracht Frankfurt,Frankfurt,Eintracht Frankfurt,85.4513543638,91,8h5xijv2u4mlf5028gso6kw7o,2026-10-05
Bologna,Bologna,Bologna FC 1909,85.4043877716,92,60cryos85i4bp5ul34tt0brx0,2026-10-05
Rosario Central,Rosario,CA Rosario Central,85.3936267738,93,8v84l9nq3d5t0j4gb781i3llg,2026-10-05
Augsburg,Augsburg,FC Augsburg,85.3539667835,94,8h5xijv2u4mlf5028gso6kw7o,2026-10-05
River Plate,River,CA River Plate,85.3221388808,95,8v84l9nq3d5t0j4gb781i3llg,2026-10-05
Bahia,Bahia,EC Bahia,85.3124688657,96,752zalnunu0zkdfbbm915kys4,2026-10-05
Southampton,Southampton,Southampton FC,85.2686632341,97,al48ooi8acoibema226051250,2026-10-05
Zenit,Zenit,FK Zenit St. Petersburg,85.2289460243,98,ac9tayo9q3al8a2m6m9pnfrx0,2026-10-05
Vasco da Gama,Vasco,CR Vasco da Gama,85.2271639158,99,752zalnunu0zkdfbbm915kys4,2026-10-05
PAOK,PAOK,PAOK Thessaloniki FC,85.2248015838,100,13prgjp0qzce661j00a3jy3o4,2026-10-05
Genk,Genk,KRC Genk,85.2230747316,101,5ysazl26p4ksxbonjpbamevpw,2026-10-05
Ajax,Ajax,AFC Ajax,85.1954449357,102,56cvval3nf96u0bf9rzs9h6vo,2026-10-05
AZ,AZ,AZ,85.1840475568,103,56cvval3nf96u0bf9rzs9h6vo,2026-10-05
Middlesbrough,Middlesbrough,Middlesbrough FC,85.08146883,104,al48ooi8acoibema226051250,2026-10-05
Sevilla,Sevilla,Sevilla FC,85.08043266,105,830epggffy1nfkfyrtpqdwhlg,2026-10-05
Fiorentina,Fiorentina,ACF Fiorentina,85.0759425849,106,60cryos85i4bp5ul34tt0brx0,2026-10-05
Atlético Mineiro,Atlético MG,CA Mineiro,85.066561756,107,752zalnunu0zkdfbbm915kys4,2026-10-05
Wolverhampton Wanderers,Wolves,Wolverhampton Wanderers FC,85.0566006315,108,al48ooi8acoibema226051250,2026-10-05
Valencia,Valencia,Valencia CF,85.0507289377,109,830epggffy1nfkfyrtpqdwhlg,2026-10-05
Argentinos Juniors,Argentinos,AA Argentinos Juniors,85.0299499397,110,8v84l9nq3d5t0j4gb781i3llg,2026-10-05
Instituto,Instituto,Instituto AC Córdoba,85.0002456223,111,8v84l9nq3d5t0j4gb781i3llg,2026-10-05
Toulouse,Toulouse,Toulouse FC,84.9819945633,112,bqnc4ccgnrp6pb3bktqet0yz8,2026-10-05
Twente,Twente,FC Twente,84.9809583523,113,56cvval3nf96u0bf9rzs9h6vo,2026-10-05
Salzburg,Salzburg,FC Salzburg,84.9795767371,114,1ypt1hmmrdjdek7yieatpskyc,2026-10-05
Anderlecht,Anderlecht,RSC Anderlecht,84.8300123984,115,5ysazl26p4ksxbonjpbamevpw,2026-10-05
Sporting Charleroi,Charleroi,Royal Charleroi SC,84.8286307002,116,5ysazl26p4ksxbonjpbamevpw,2026-10-05
LASK,LASK,LASK,84.7927062809,117,1ypt1hmmrdjdek7yieatpskyc,2026-10-05
Vélez Sarsfield,Vélez,CA Vélez Sarsfield,84.665529706,118,8v84l9nq3d5t0j4gb781i3llg,2026-10-05
Levante,Levante,Levante UD,84.6652395305,119,830epggffy1nfkfyrtpqdwhlg,2026-10-05
Panathinaikos,Panathinaikos,Panathinaikos FC,84.5166928656,120,13prgjp0qzce661j00a3jy3o4,2026-10-05
Sassuolo,Sassuolo,US Sassuolo Calcio,84.4966556643,121,60cryos85i4bp5ul34tt0brx0,2026-10-05
Gent,Gent,KAA Gent,84.4154688098,122,5ysazl26p4ksxbonjpbamevpw,2026-10-05
Belgrano,Belgrano,CA Belgrano,84.3656636883,123,8v84l9nq3d5t0j4gb781i3llg,2026-10-05
Sparta Praha,Sparta,AC Sparta Praha,84.3650279895,124,ei2lksxq5fb6mh8yzxqatwnx0,2026-10-05
Cagliari,Cagliari,Cagliari Calcio,84.3183865987,125,60cryos85i4bp5ul34tt0brx0,2026-10-05
Werder Bremen,Bremen,SV Werder Bremen,84.2986933055,126,8h5xijv2u4mlf5028gso6kw7o,2026-10-05
Elversberg,Elversberg,SV 07 Elversberg,84.2589607496,127,8h5xijv2u4mlf5028gso6kw7o,2026-10-05
Krasnodar,Krasnodar,FK Krasnodar,84.2413400224,128,ac9tayo9q3al8a2m6m9pnfrx0,2026-10-05
Deportivo de A Coruña,Deportivo,RC Deportivo de A Coruña,84.235466419,129,830epggffy1nfkfyrtpqdwhlg,2026-10-05
Osasuna,Osasuna,CA Osasuna,84.2351209124,130,830epggffy1nfkfyrtpqdwhlg,2026-10-05
Udinese,Udinese,Udinese Calcio,84.2185365435,131,60cryos85i4bp5ul34tt0brx0,2026-10-05
Estudiantes,Estudiantes,Club Estudiantes de La Plata,84.0681803827,132,8v84l9nq3d5t0j4gb781i3llg,2026-10-05
Lorient,Lorient,FC Lorient,83.9728676475,133,bqnc4ccgnrp6pb3bktqet0yz8,2026-10-05
Mirassol,Mirassol,Mirassol FC,83.9693569288,134,752zalnunu0zkdfbbm915kys4,2026-10-05
Nordsjælland,Nordsjælland,FC Nordsjælland,83.9635379709,135,aa2sqzvq68621ok3nca8csrh0,2026-10-05
Peñarol,Peñarol,CA Peñarol,83.9582995149,136,6bxydtby0dlb8mn1nb1h08iz8,2026-10-05
Brest,Brest,Stade Brestois 29,83.9303655037,137,bqnc4ccgnrp6pb3bktqet0yz8,2026-10-05
Elche,Elche,Elche CF,83.9089413833,138,830epggffy1nfkfyrtpqdwhlg,2026-10-05
Lugano,Lugano,FC Lugano,83.8937370566,139,cx0b7yl7kqmgay9wn2c3zyjh0,2026-10-05
RB Bragantino,Bragantino,Red Bull Bragantino,83.8556705433,140,752zalnunu0zkdfbbm915kys4,2026-10-05
São Paulo,São Paulo,São Paulo FC,83.8435759407,141,752zalnunu0zkdfbbm915kys4,2026-10-05
Botafogo,Botafogo,Botafogo FR,83.8387380831,142,752zalnunu0zkdfbbm915kys4,2026-10-05
Gimnasia La Plata,GELP,Club de Gimnasia y Esgrima La Plata,83.8328635291,143,8v84l9nq3d5t0j4gb781i3llg,2026-10-05
Górnik Zabrze,Górnik,KS Górnik Zabrze,83.8287720668,144,1objvzhwen02wc4i4a1nnux3o,2026-10-05
Espanyol,Espanyol,Reial Club Deportiu Espanyol de Barcelona,83.7745180858,145,830epggffy1nfkfyrtpqdwhlg,2026-10-05
Cruz Azul,Cruz Azul,CF Cruz Azul,83.7086043799,146,9zum4nxferygj8bb0ldcavxn8,2026-10-05
Shakhtar Donetsk,Shakhtar D,FC Shakhtar Donetsk,83.6711903412,147,5vqx2miccjg04lp2pqs1hbmc,2026-10-05
Sabah,Sabah,Sabah FK,83.6552933826,148,cjfv1fu1qsr0jyk785saolgd0,2026-10-05
Getafe,Getafe,Getafe CF,83.6221167922,149,830epggffy1nfkfyrtpqdwhlg,2026-10-05
Guadalajara,Chivas,CD Guadalajara,83.6208255734,150,9zum4nxferygj8bb0ldcavxn8,2026-10-05
Famalicão,Famalicão,FC Famalicão,83.6041459534,151,a8xa8yfi2tlljxrwyxcst51xw,2026-10-05
Schalke 04,Schalke 04,FC Schalke 04,83.5823734161,152,8h5xijv2u4mlf5028gso6kw7o,2026-10-05
Torino,Torino,Torino FC,83.5751158611,153,60cryos85i4bp5ul34tt0brx0,2026-10-05
Racing de Santander,Santander,Real Racing Club,83.5519606622,154,830epggffy1nfkfyrtpqdwhlg,2026-10-05
LDU Quito,LDU Quito,Liga Deportiva Universitaria de Quito,83.533934017,155,6fbkqr97shkflapdt7ck1dt78,2026-10-05
Legia Warszawa,Legia,KP Legia Warszawa,83.5066864379,156,1objvzhwen02wc4i4a1nnux3o,2026-10-05
Lanús,Lanús,CA Lanús,83.5049031003,157,8v84l9nq3d5t0j4gb781i3llg,2026-10-05
Club América,Club América,CF América,83.450097242,158,9zum4nxferygj8bb0ldcavxn8,2026-10-05
Corinthians,Corinthians,SC Corinthians Paulista,83.4229926034,159,752zalnunu0zkdfbbm915kys4,2026-10-05
Al Nassr,Nassr,Al Nassr FC,83.4143507341,160,4vs6oaojacz5bwo1320rkk844,2026-10-05
AEK Larnaca,AEK Larnaca,AEK Larnaca,83.4133705338,161,9ov525t4gyibnhjsey291aw44,2026-10-05
Crvena zvezda,Crvena zvezda,FK Crvena zvezda Beograd,83.3777713149,162,akqbhzm3iofv030i63sb5js44,2026-10-05
Paderborn,Paderborn,SC Paderborn 07,83.3725869198,163,8h5xijv2u4mlf5028gso6kw7o,2026-10-05
Bolívar,Bolívar,Club Bolívar,83.3659647033,164,b8kaz0tks262ypfye6pj6dpuc,2026-10-05
Union Berlin,Union Berlin,1. FC Union Berlin,83.3397521644,165,8h5xijv2u4mlf5028gso6kw7o,2026-10-05
Sint-Truiden,Sint-Truiden,Sint-Truidense VV,83.3376783757,166,5ysazl26p4ksxbonjpbamevpw,2026-10-05
Universidad Católica,U. Católica,CD Universidad Católica del Ecuador,83.3217239696,167,6fbkqr97shkflapdt7ck1dt78,2026-10-05
Huracán,Huracán,CA Huracán,83.2719521952,168,8v84l9nq3d5t0j4gb781i3llg,2026-10-05
Frosinone,Frosinone,Frosinone Calcio,83.2647490301,169,60cryos85i4bp5ul34tt0brx0,2026-10-05
Maccabi Tel Aviv,Maccabi TA,Maccabi Tel Aviv FC,83.232949777,170,cbr00ay9uda1ju0ooqvb1ufbo,2026-10-05
Millonarios,Millonarios,Millonarios FC,83.2007491584,171,5l22b8pqde1bdxk6377auk3ro,2026-10-05
Borussia M'gladbach,M'gladbach,Borussia VfL Mönchengladbach,83.1617456121,172,8h5xijv2u4mlf5028gso6kw7o,2026-10-05
Colo Colo,Colo Colo,CSD Colo-Colo,83.1537401995,173,ikhh1wx11krn1uqgykcjof84,2026-10-05
América de Cali,América,América de Cali SA,83.1164089158,174,5l22b8pqde1bdxk6377auk3ro,2026-10-05
Köln,Köln,1. FC Köln,83.1126619297,175,8h5xijv2u4mlf5028gso6kw7o,2026-10-05
Sanfrecce Hiroshima,Sanfrecce,Sanfrecce Hiroshima,83.1121918277,176,bakisqj15kviwhxxx3wr3rv9w,2026-10-05
Swansea City,Swansea,Swansea City AFC,83.088119721,177,al48ooi8acoibema226051250,2026-10-05
Nashville SC,Nashville,Nashville SC,83.0716188355,178,6i6n0jkbh9zzij6s8htfjh2j8,2026-10-05
Millwall,Millwall,Millwall FC,83.0151829781,179,al48ooi8acoibema226051250,2026-10-05
Spartak Moskva,Spartak M,FK Spartak Moskva,82.983034816,180,ac9tayo9q3al8a2m6m9pnfrx0,2026-10-05
Independiente,Independiente,CA Independiente,82.9781399621,181,8v84l9nq3d5t0j4gb781i3llg,2026-10-05
Internacional,Internacional,SC Internacional,82.8716675599,182,752zalnunu0zkdfbbm915kys4,2026-10-05
Castellón,Castellón,CD Castellón,82.8630804283,183,fgkxmpz2ewao1l63jrbkgg7o,2026-10-05
Auxerre,Auxerre,Association Jeunesse Auxerroise,82.8630804283,184,bqnc4ccgnrp6pb3bktqet0yz8,2026-10-05
Hajduk Split,Hajduk,HNK Hajduk Split,82.8323130834,185,ddv8l7gdb84ask7lsxf8x9f6c,2026-10-05
St. Louis City,St. Louis,St. Louis City SC,82.7753626578,186,6i6n0jkbh9zzij6s8htfjh2j8,2026-10-05
Málaga,Málaga,Málaga CF,82.7752714777,187,830epggffy1nfkfyrtpqdwhlg,2026-10-05
Philadelphia Union,Philadelphia,Philadelphia Union,82.7387170476,188,6i6n0jkbh9zzij6s8htfjh2j8,2026-10-05
Independiente Santa Fe,Santa Fe,Club Independiente Santa Fe,82.6891326764,189,5l22b8pqde1bdxk6377auk3ro,2026-10-05
Olimpia,Olimpia,Club Olimpia,82.6884412305,190,ynp3ah4di570mdbqt5a0yuc4,2026-10-05
Vancouver Whitecaps,Whitecaps,Vancouver Whitecaps FC,82.6706100685,191,6i6n0jkbh9zzij6s8htfjh2j8,2026-10-05
Hamburger SV,Hamburg,Hamburger SV,82.6663701746,192,8h5xijv2u4mlf5028gso6kw7o,2026-10-05
Sturm Graz,Sturm,SK Sturm Graz,82.6608385504,193,1ypt1hmmrdjdek7yieatpskyc,2026-10-05
Santa Clara,Santa Clara,CD Santa Clara,82.6563440966,194,a8xa8yfi2tlljxrwyxcst51xw,2026-10-05
Pyramids,Pyramids,Pyramids FC,82.6406077131,195,5q5bvm7r1fjy0h427jh93a9lg,2026-10-05
Inter Miami,Inter Miami,Inter Miami CF,82.6308513103,196,6i6n0jkbh9zzij6s8htfjh2j8,2026-10-05
Racing Club,Racing,Racing Club,82.6258645667,197,8v84l9nq3d5t0j4gb781i3llg,2026-10-05
Universidad de Chile,U. de Chile,Club Universidad de Chile,82.5702011045,198,ikhh1wx11krn1uqgykcjof84,2026-10-05
Celtic,Celtic,Celtic FC,82.5605756914,199,7qmc7ue3f8yzv8yqmsxc9irro,2026-10-05
Universidad Católica,Univ Católica,CD Universidad Católica,82.5432332566,200,ikhh1wx11krn1uqgykcjof84,2026-10-05
Viktoria Plzeň,Plzeň,FC Viktoria Plzeň,82.5159746828,201,ei2lksxq5fb6mh8yzxqatwnx0,2026-10-05
Al Qadsiah,Qadsiah,Al Qadsiah FC,82.5062370526,202,4vs6oaojacz5bwo1320rkk844,2026-10-05
Dinamo Moskva,Dinamo M,FK Dinamo Moskva,82.4610002246,203,ac9tayo9q3al8a2m6m9pnfrx0,2026-10-05
Macará,Macará,CSD Macará,82.4401995025,204,6fbkqr97shkflapdt7ck1dt78,2026-10-05
Defensa y Justicia,Def y Justicia,CSD Defensa y Justicia,82.4395079861,205,8v84l9nq3d5t0j4gb781i3llg,2026-10-05
Trabzonspor,Trabzonspor,Trabzonspor Kulübü,82.433339651,206,e00dq6lfzgc7vo631cz8ktc0k,2026-10-05
Young Boys,Young Boys,BSC Young Boys,82.4309193359,207,cx0b7yl7kqmgay9wn2c3zyjh0,2026-10-05
Nice,Nice,OGC Nice Côte d'Azur,82.4271159787,208,bqnc4ccgnrp6pb3bktqet0yz8,2026-10-05
Genoa,Genoa,Genoa CFC,82.4181262018,209,60cryos85i4bp5ul34tt0brx0,2026-10-05
Tigre,Tigre,CA Tigre,82.3931759394,210,8v84l9nq3d5t0j4gb781i3llg,2026-10-05
Hammarby,Hammarby,Hammarby IF,82.391502437,211,b99u9gpztyjs5u1i88z6qvg9g,2026-10-05
Birmingham City,Birmingham,Birmingham City FC,82.3876990183,212,al48ooi8acoibema226051250,2026-10-05
Norwich City,Norwich,Norwich City FC,82.3787090959,213,al48ooi8acoibema226051250,2026-10-05
Rangers,Rangers,Rangers FC,82.3507018172,214,7qmc7ue3f8yzv8yqmsxc9irro,2026-10-05
Qarabağ,Qarabağ,Qarabağ Ağdam FK,82.3430948463,215,cjfv1fu1qsr0jyk785saolgd0,2026-10-05
Sion,Sion,FC Sion,82.3154329337,216,cx0b7yl7kqmgay9wn2c3zyjh0,2026-10-05
Al Ahly,Ahly,Al Ahly SC,82.3128338826,217,5q5bvm7r1fjy0h427jh93a9lg,2026-10-05
Unión,Unión,CA Unión,82.2683516353,218,8v84l9nq3d5t0j4gb781i3llg,2026-10-05
Westerlo,Westerlo,KVC Westerlo,82.2656406985,219,5ysazl26p4ksxbonjpbamevpw,2026-10-05
Coritiba,Coritiba,Coritiba FBC,82.2306610435,220,752zalnunu0zkdfbbm915kys4,2026-10-05
Independiente Medellín,Medellín,Deportivo Independiente Medellín,82.2064557681,221,5l22b8pqde1bdxk6377auk3ro,2026-10-05
Eibar,Eibar,SD Eibar,82.1899130527,222,fgkxmpz2ewao1l63jrbkgg7o,2026-10-05
Zulte Waregem,ZW,SV Zulte Waregem,82.1788476283,223,5ysazl26p4ksxbonjpbamevpw,2026-10-05
Levski Sofia,Levski,PFK Levski Sofia,82.1228281435,224,3rbiru554kufnw6hrtsv0us5w,2026-10-05
Gimnasia Mendoza,Gim Mendoza,CA Gimnasia y Esgrima de Mendoza,82.1206979944,225,8v84l9nq3d5t0j4gb781i3llg,2026-10-05
Cerro Porteño,Cerro Porteño,Club Cerro Porteño,82.0881922399,226,ynp3ah4di570mdbqt5a0yuc4,2026-10-05
Standard Liège,Standard,Royal Standard de Liège,82.0761442518,227,5ysazl26p4ksxbonjpbamevpw,2026-10-05
Wrexham,Wrexham,Wrexham FC,82.0329176251,228,al48ooi8acoibema226051250,2026-10-05
Le Mans,Le Mans,Le Mans FC,82.0156267587,229,bqnc4ccgnrp6pb3bktqet0yz8,2026-10-05
Rosenborg,Rosenborg,Rosenborg BK,82.0156267587,230,beev3xu6oz7vc6l4rcxygw4d0,2026-10-05
Tromsø,Tromsø,Tromsø IL,81.9827737725,231,beev3xu6oz7vc6l4rcxygw4d0,2026-10-05
Brann,Brann,SK Brann,81.9640992449,232,beev3xu6oz7vc6l4rcxygw4d0,2026-10-05
Deportes Tolima,Tolima,Club Deportes Tolima SA,81.9529774579,233,5l22b8pqde1bdxk6377auk3ro,2026-10-05
Los Angeles,LAFC,Los Angeles FC,81.9482824115,234,6i6n0jkbh9zzij6s8htfjh2j8,2026-10-05
Almería,Almería,UD Almería,81.912570635,235,fgkxmpz2ewao1l63jrbkgg7o,2026-10-05
Pafos,Pafos,Pafos FC,81.90046644,236,9ov525t4gyibnhjsey291aw44,2026-10-05
Dallas,Dallas,FC Dallas,81.8092554915,237,6i6n0jkbh9zzij6s8htfjh2j8,2026-10-05
Al Ahli,Ahli,Al Ahli FC,81.8039198489,238,4vs6oaojacz5bwo1320rkk844,2026-10-05
Rijeka,Rijeka,HNK Rijeka,81.7856464926,239,ddv8l7gdb84ask7lsxf8x9f6c,2026-10-05
Monza,Monza,AC Monza,81.7642036089,240,60cryos85i4bp5ul34tt0brx0,2026-10-05
Angers,Angers,Angers Sporting Club de l'Ouest,81.7348057977,241,bqnc4ccgnrp6pb3bktqet0yz8,2026-10-05
Parma,Parma,Parma Calcio 1913,81.7050617657,242,60cryos85i4bp5ul34tt0brx0,2026-10-05
Hapoel Be'er Sheva,H Be'er Sheva,Hapoel Be'er Sheva FC,81.6791219037,243,cbr00ay9uda1ju0ooqvb1ufbo,2026-10-05
Le Havre,Le Havre,Le Havre AC,81.6407303962,244,bqnc4ccgnrp6pb3bktqet0yz8,2026-10-05
Molde,Molde,Molde FK,81.6227449753,245,beev3xu6oz7vc6l4rcxygw4d0,2026-10-05
Arouca,Arouca,FC Arouca,81.6213614759,246,a8xa8yfi2tlljxrwyxcst51xw,2026-10-05
West Bromwich Albion,West Brom,West Bromwich Albion FC,81.6047594203,247,al48ooi8acoibema226051250,2026-10-05
Nacional Asunción,Nacional,Club Nacional Asunción,81.5991700358,248,ynp3ah4di570mdbqt5a0yuc4,2026-10-05
Deportivo Cali,Cali,Asociación Deportivo Cali,81.5977865228,249,5l22b8pqde1bdxk6377auk3ro,2026-10-05
Lecce,Lecce,US Lecce,81.5957665924,250,60cryos85i4bp5ul34tt0brx0,2026-10-05
Jagiellonia Białystok,Jagiellonia,SSA Jagiellonia Białystok,81.5670584944,251,1objvzhwen02wc4i4a1nnux3o,2026-10-05
Vitória,Vitória,EC Vitória,81.5497089527,252,752zalnunu0zkdfbbm915kys4,2026-10-05
Vissel Kobe,Vissel Kobe,Vissel Kobe,81.5143592207,253,bakisqj15kviwhxxx3wr3rv9w,2026-10-05
Tigres UANL,Tigres,Club Tigres UANL,81.49970164,254,9zum4nxferygj8bb0ldcavxn8,2026-10-05
Slovan Liberec,Liberec,FC Slovan Liberec,81.4971891636,255,ei2lksxq5fb6mh8yzxqatwnx0,2026-10-05
Atlético Bucaramanga,Bucaramanga,CA Bucaramanga,81.4912536359,256,5l22b8pqde1bdxk6377auk3ro,2026-10-05
Chicago Fire,Chicago,Chicago Fire FC,81.4827528511,257,6i6n0jkbh9zzij6s8htfjh2j8,2026-10-05
Viborg,Viborg,Viborg FF,81.4767814022,258,aa2sqzvq68621ok3nca8csrh0,2026-10-05
Sirius,Sirius,IK Sirius Fotboll,81.4155570796,259,b99u9gpztyjs5u1i88z6qvg9g,2026-10-05
Wisła Kraków,Wisła,Wisła Kraków,81.4124439368,260,1objvzhwen02wc4i4a1nnux3o,2026-10-05
Rapid,Rapid,SK Rapid,81.4020667651,261,1ypt1hmmrdjdek7yieatpskyc,2026-10-05
Apollon,Apollon,Apollon Limassol FC,81.3996454186,262,9ov525t4gyibnhjsey291aw44,2026-10-05
Djurgården,Djurgården,Djurgårdens IF,81.3889222832,263,b99u9gpztyjs5u1i88z6qvg9g,2026-10-05
Grêmio,Grêmio,Grêmio FB Porto Alegrense,81.3688041687,264,752zalnunu0zkdfbbm915kys4,2026-10-05
Pogoń Szczecin,Pogoń,MKS Pogoń Szczecin,81.3584821546,265,1objvzhwen02wc4i4a1nnux3o,2026-10-05
Gil Vicente,Gil Vicente,Gil Vicente FC,81.3546771114,266,a8xa8yfi2tlljxrwyxcst51xw,2026-10-05
Young Africans,Young Africans,Young Africans SC,81.3287300171,267,c5wdltkcr7ti6feuv6ej6kavo,2026-10-05
Machida Zelvia,Machida,FC Machida Zelvia,81.3230742653,268,bakisqj15kviwhxxx3wr3rv9w,2026-10-05
AGF,AGF,AGF,81.2778831332,269,aa2sqzvq68621ok3nca8csrh0,2026-10-05
St.Gallen,St.Gallen,FC St.Gallen 1879,81.2443282364,270,cx0b7yl7kqmgay9wn2c3zyjh0,2026-10-05
Newell's Old Boys,Newell's,CA Newell's Old Boys,81.222133317,271,8v84l9nq3d5t0j4gb781i3llg,2026-10-05
Troyes,Troyes,Espérance Sportive Troyes Aube Champagne,81.1682226073,272,bqnc4ccgnrp6pb3bktqet0yz8,2026-10-05
Sarmiento,Sarmiento,CA Sarmiento,81.1442972658,273,8v84l9nq3d5t0j4gb781i3llg,2026-10-05
Platense,Platense,CA Platense,81.1439513222,274,8v84l9nq3d5t0j4gb781i3llg,2026-10-05
Hertha BSC,Hertha,Hertha BSC,81.1163310202,275,c21j57b4gkcp8rzyp2cn8jbpw,2026-10-05
Junior,Junior,CD Popular Junior FC SA,81.1010539228,276,5l22b8pqde1bdxk6377auk3ro,2026-10-05
Nacional,Nacional,Club Nacional de Football,81.0899835014,277,6bxydtby0dlb8mn1nb1h08iz8,2026-10-05
Girona,Girona,Girona FC,81.0803521932,278,fgkxmpz2ewao1l63jrbkgg7o,2026-10-05
Beveren,Beveren,SK Beveren,81.0689357217,279,5ysazl26p4ksxbonjpbamevpw,2026-10-05
Atlético Tucumán,Atl. Tucumán,CA Tucumán,81.0657667763,280,8v84l9nq3d5t0j4gb781i3llg,2026-10-05
Kashima Antlers,Kashima,Kashima Antlers,81.0632758992,281,bakisqj15kviwhxxx3wr3rv9w,2026-10-05
Burnley,Burnley,Burnley FC,81.0571732395,282,al48ooi8acoibema226051250,2026-10-05
City Torque,City Torque,Montevideo City Torque,81.0373983009,283,6bxydtby0dlb8mn1nb1h08iz8,2026-10-05
Pachuca,Pachuca,CF Pachuca,80.9693899969,284,9zum4nxferygj8bb0ldcavxn8,2026-10-05
Mallorca,Mallorca,Real Club Deportivo Mallorca,80.9488864954,285,fgkxmpz2ewao1l63jrbkgg7o,2026-10-05
Győri ETO,Győr,Győri ETO FC,80.9485405235,286,1qah382h96g7zu8m6op3ftams,2026-10-05
Orlando Pirates,Pirates,Orlando Pirates FC,80.9307171691,287,3wl91cn4c74oeacldjjpw800k,2026-10-05
Always Ready,Always Ready,Club Always Ready,80.9066221976,288,b8kaz0tks262ypfye6pj6dpuc,2026-10-05
Aucas,Aucas,SD Aucas,80.8896692157,289,6fbkqr97shkflapdt7ck1dt78,2026-10-05
Olimpia,Olimpia,CD Olimpia,80.8645613933,290,bifv7w5gplrvhfvyqle3jf504,2026-10-05
San Lorenzo,San Lorenzo,CA San Lorenzo de Almagro,80.850919091,291,8v84l9nq3d5t0j4gb781i3llg,2026-10-05
Charlotte,Charlotte,Charlotte FC,80.846221892,292,6i6n0jkbh9zzij6s8htfjh2j8,2026-10-05
Universitatea Craiova,U Craiova,Universitatea Craiova 1948 Club Sportiv,80.8264093123,293,zbhxyecp7s7s2dqg00ojrbis,2026-10-05
Lincoln City,Lincoln,Lincoln City FC,80.8028819022,294,al48ooi8acoibema226051250,2026-10-05
Sheffield United,Sheff Utd,Sheffield United FC,80.7907721154,295,al48ooi8acoibema226051250,2026-10-05
Burgos,Burgos,Burgos CF,80.7848901968,296,fgkxmpz2ewao1l63jrbkgg7o,2026-10-05
Vitória Guimarães,Vitória SC,Vitória SC Guimarães,80.7762402901,297,a8xa8yfi2tlljxrwyxcst51xw,2026-10-05
FAR Rabat,FAR Rabat,AS Forces Armées Royales de Rabat,80.7746775692,298,3m3hltejq5dp7tvessefe7pck,2026-10-05
Barracas Central,Barracas,CA Barracas Central,80.7658050009,299,8v84l9nq3d5t0j4gb781i3llg,2026-10-05
Queens Park Rangers,QPR,Queens Park Rangers FC,80.739564337,300,al48ooi8acoibema226051250,2026-10-05
İstanbul Başakşehir,Başakşehir,İstanbul Başakşehir FK,80.6717469369,301,e00dq6lfzgc7vo631cz8ktc0k,2026-10-05
DAC 1904,DAC 1904,DAC 1904 Dunajská Streda,80.6568683714,302,5sqcuu8cql6utpiiunzurorv8,2026-10-05
CSKA Moskva,CSKA,PFK CSKA Moskva,80.5966611335,303,ac9tayo9q3al8a2m6m9pnfrx0,2026-10-05
RSB Berkane,Berkane,Renaissance Sportive de Berkane,80.5937142015,304,3m3hltejq5dp7tvessefe7pck,2026-10-05
Once Caldas,Once Caldas,Once Caldas SA,80.5744601951,305,5l22b8pqde1bdxk6377auk3ro,2026-10-05
Barcelona,Barcelona,Barcelona SC,80.5692697961,306,6fbkqr97shkflapdt7ck1dt78,2026-10-05
GKS Katowice,GKS Katowice,GKS Katowice,80.5478713919,307,1objvzhwen02wc4i4a1nnux3o,2026-10-05
Bristol City,Bristol C,Bristol City FC,80.5395666553,308,al48ooi8acoibema226051250,2026-10-05
Coquimbo Unido,Coquimbo,CD Coquimbo Unido,80.5395112903,309,ikhh1wx11krn1uqgykcjof84,2026-10-05
Slovan Bratislava,Slovan,ŠK Slovan Bratislava,80.5312618897,310,5sqcuu8cql6utpiiunzurorv8,2026-10-05
Deportivo Riestra,Riestra,CD Riestra,80.508368269,311,8v84l9nq3d5t0j4gb781i3llg,2026-10-05
Mamelodi Sundowns,Sundowns,Mamelodi Sundowns FC,80.4847143271,312,3wl91cn4c74oeacldjjpw800k,2026-10-05
Seattle Sounders,Sounders,Seattle Sounders FC,80.4842922699,313,6i6n0jkbh9zzij6s8htfjh2j8,2026-10-05
Utrecht,Utrecht,FC Utrecht,80.4738197997,314,56cvval3nf96u0bf9rzs9h6vo,2026-10-05
Alianza Lima,Alianza Lima,Club Alianza Lima,80.4585385857,315,7z7bio16q91wdq4kywi8wlmok,2026-10-05
Antwerp,Antwerp,Royal Antwerp FC,80.432640579,316,5ysazl26p4ksxbonjpbamevpw,2026-10-05
Borac Banja Luka,Borac BB,FK Borac Banja Luka,80.4257196314,317,4c48j9oq3d0aje3ojkb3mbp5g,2026-10-05
Kashiwa Reysol,Kashiwa,Kashiwa Reysol,80.4110609978,318,bakisqj15kviwhxxx3wr3rv9w,2026-10-05
Universitario,Universitario,Club Universitario de Deportes,80.4038631465,319,7z7bio16q91wdq4kywi8wlmok,2026-10-05
Talleres de Córdoba,Talleres,CA Talleres,80.3965960629,320,8v84l9nq3d5t0j4gb781i3llg,2026-10-05
Korona Kielce,Kielce,MKS Korona Kielce,80.3956132747,321,1objvzhwen02wc4i4a1nnux3o,2026-10-05
Varaždin,Varaždin,NK Varaždin,80.3388600229,322,ddv8l7gdb84ask7lsxf8x9f6c,2026-10-05
Tokyo,Tokyo,FC Tokyo,80.3373511984,323,bakisqj15kviwhxxx3wr3rv9w,2026-10-05
Deportivo Maldonado,Maldonado,CD Maldonado,80.3187330556,324,6bxydtby0dlb8mn1nb1h08iz8,2026-10-05
Lommel,Lommel,Lommel SK,80.3156738523,325,5ysazl26p4ksxbonjpbamevpw,2026-10-05
Remo,Remo,Clube do Remo,80.3010837517,326,752zalnunu0zkdfbbm915kys4,2026-10-05
Hradec Králové,Hradec Kr.,FC Hradec Králové,80.2997548576,327,ei2lksxq5fb6mh8yzxqatwnx0,2026-10-05
Jablonec,Jablonec,FK Jablonec,80.2682626181,328,ei2lksxq5fb6mh8yzxqatwnx0,2026-10-05
Monterrey,Monterrey,CF Monterrey,80.1278449564,329,9zum4nxferygj8bb0ldcavxn8,2026-10-05
Académico de Viseu,Académico,Académico de Viseu FC,80.1187552819,330,a8xa8yfi2tlljxrwyxcst51xw,2026-10-05
Deportivo Madryn,Dep Madryn,Club Social y Deportivo Madryn,80.1159311634,331,cbhbsl8jupde33c7j6vrze32s,2026-10-05
Sportivo Trinidense,Trinidense,Club Sportivo Trinidense,80.1145467904,332,ynp3ah4di570mdbqt5a0yuc4,2026-10-05
Brøndby,Brøndby,Brøndby IF,80.1104490416,333,aa2sqzvq68621ok3nca8csrh0,2026-10-05
Raja Casablanca,Raja,Raja Club Athletic de Casablanca,80.1071554108,334,3m3hltejq5dp7tvessefe7pck,2026-10-05
Portsmouth,Portsmouth,Portsmouth FC,80.1069880995,335,al48ooi8acoibema226051250,2026-10-05
León,León,Club León,80.1018879585,336,9zum4nxferygj8bb0ldcavxn8,2026-10-05
Tristán Suárez,Tristán Suárez,CSyD Tristán Suárez,80.0903201316,337,cbhbsl8jupde33c7j6vrze32s,2026-10-05
Hannover 96,Hannover,Hannoverscher Sportverein 1896,80.0439980683,338,c21j57b4gkcp8rzyp2cn8jbpw,2026-10-05
Heerenveen,Heerenveen,SC Heerenveen,80.0221934352,339,56cvval3nf96u0bf9rzs9h6vo,2026-10-05
Noah,Noah,FC Noah,80.0173479339,340,847iyp5po72cef4cdwd8c0ems,2026-10-05
Alverca,Alverca,FC Alverca,79.9958891654,341,a8xa8yfi2tlljxrwyxcst51xw,2026-10-05
Cincinnati,Cincinnati,FC Cincinnati,79.9956343403,342,6i6n0jkbh9zzij6s8htfjh2j8,2026-10-05
Cercle Brugge,Cercle Brugge,Cercle Brugge KSV,79.9896591638,343,5ysazl26p4ksxbonjpbamevpw,2026-10-05
Palermo,Palermo,Palermo FC,79.9560860943,344,2aad86jp2iq9zr22oxib5a4gk,2026-10-05
Nürnberg,1.FCN,1. FC Nürnberg,79.9498559876,345,c21j57b4gkcp8rzyp2cn8jbpw,2026-10-05
Derby County,Derby,Derby County FC,79.9197435731,346,al48ooi8acoibema226051250,2026-10-05
Göztepe,Göztepe,Göztepe SK,79.9138594932,347,e00dq6lfzgc7vo631cz8ktc0k,2026-10-05
Johor Darul Ta'zim,Darul Ta'zim,Johor Darul Ta'zim FC,79.913734889,348,6siod2n1m854sihsqbyknyl1w,2026-10-05
Simba,Simba,Simba Sports Club,79.9135099109,349,c5wdltkcr7ti6feuv6ej6kavo,2026-10-05
Liverpool,Liverpool,Liverpool FC Montevideo,79.9096506364,350,6bxydtby0dlb8mn1nb1h08iz8,2026-10-05
Venezia,Venezia,Venezia FC,79.8671324544,351,60cryos85i4bp5ul34tt0brx0,2026-10-05
The Strongest,The Strongest,Club The Strongest,79.8504627917,352,b8kaz0tks262ypfye6pj6dpuc,2026-10-05
Sigma Olomouc,Olomouc,SK Sigma Olomouc,79.8280194797,353,ei2lksxq5fb6mh8yzxqatwnx0,2026-10-05
Libertad,Libertad,Club Libertad,79.8279640981,354,ynp3ah4di570mdbqt5a0yuc4,2026-10-05
Blackburn Rovers,Blackburn,Blackburn Rovers FC,79.8262888021,355,al48ooi8acoibema226051250,2026-10-05
NEC,NEC,NEC,79.8210967617,356,56cvval3nf96u0bf9rzs9h6vo,2026-10-05
Querétaro,Querétaro,Querétaro FC,79.8128807658,357,9zum4nxferygj8bb0ldcavxn8,2026-10-05
Columbus Crew,Columbus,Columbus Crew,79.7827666002,358,6i6n0jkbh9zzij6s8htfjh2j8,2026-10-05
Groningen,Groningen,FC Groningen,79.7709064468,359,56cvval3nf96u0bf9rzs9h6vo,2026-10-05
Raków Częstochowa,Raków,KS Raków Częstochowa,79.7608682553,360,1objvzhwen02wc4i4a1nnux3o,2026-10-05
SJ Earthquakes,Earthquakes,San Jose Earthquakes,79.7301524203,361,6i6n0jkbh9zzij6s8htfjh2j8,2026-10-05
Servette,Servette,Servette FC,79.681945809,362,cx0b7yl7kqmgay9wn2c3zyjh0,2026-10-05
Al Ain,Al Ain,Al Ain FC,79.6625041922,363,b6a9x42zsbxzbc2n5t79kdono,2026-10-05
New England,New England,New England Revolution,79.6609214423,364,6i6n0jkbh9zzij6s8htfjh2j8,2026-10-05
Piast Gliwice,Piast,GKS Piast Gliwice,79.6099440719,365,1objvzhwen02wc4i4a1nnux3o,2026-10-05
Pumas UNAM,Pumas,Club Universidad Nacional,79.6003426627,366,9zum4nxferygj8bb0ldcavxn8,2026-10-05
Hapoel Tel Aviv,Hapoel TA,Hapoel Tel Aviv FC,79.5819043365,367,cbr00ay9uda1ju0ooqvb1ufbo,2026-10-05
Chapecoense,Chapecoense,Chapecoense AF,79.5693867366,368,752zalnunu0zkdfbbm915kys4,2026-10-05
Banfield,Banfield,CA Banfield,79.558655334,369,8v84l9nq3d5t0j4gb781i3llg,2026-10-05
Ludogorets Razgrad,Ludogorets,PFK Ludogorets 1945 Razgrad,79.5497101531,370,3rbiru554kufnw6hrtsv0us5w,2026-10-05
Everton,Everton,Everton de Viña del Mar,79.5434235814,371,ikhh1wx11krn1uqgykcjof84,2026-10-05
Wolfsburg,Wolfsburg,VfL Wolfsburg,79.5320550907,372,c21j57b4gkcp8rzyp2cn8jbpw,2026-10-05
Häcken,Häcken,BK Häcken,79.5306703743,373,b99u9gpztyjs5u1i88z6qvg9g,2026-10-05
Teplice,Teplice,FK Teplice,79.4870513891,374,ei2lksxq5fb6mh8yzxqatwnx0,2026-10-05
Zagłębie Lubin,Zagłębie,KGHM Zagłębie Lubin,79.4711267954,375,1objvzhwen02wc4i4a1nnux3o,2026-10-05
Tijuana,Tijuana,Club Tijuana Xoloitzcuintles de Caliente,79.4456000507,376,9zum4nxferygj8bb0ldcavxn8,2026-10-05
Dynamo Kyiv,Dynamo Kyiv,FC Dynamo Kyiv,79.4410082462,377,5vqx2miccjg04lp2pqs1hbmc,2026-10-05
Águilas Doradas,Águilas D,Águilas Doradas,79.4354137696,378,5l22b8pqde1bdxk6377auk3ro,2026-10-05
San Diego,San Diego,San Diego FC,79.4334833074,379,6i6n0jkbh9zzij6s8htfjh2j8,2026-10-05
Dinamo Bucureşti,Dinamo,FC Dinamo 1948 Bucureşti,79.4316610315,380,zbhxyecp7s7s2dqg00ojrbis,2026-10-05
Carabobo,Carabobo,Carabobo FC,79.381406996,381,55wby45j07iiofu0nuiy08xzo,2026-10-05
Melgar,Melgar,FBC Melgar,79.3800221905,382,7z7bio16q91wdq4kywi8wlmok,2026-10-05
Samsunspor,Samsunspor,Samsunspor Kulübü,79.3707301247,383,e00dq6lfzgc7vo631cz8ktc0k,2026-10-05
Stoke City,Stoke,Stoke City FC,79.3530737133,384,al48ooi8acoibema226051250,2026-10-05
New York City,NYCFC,New York City Football Club,79.3493567609,385,6i6n0jkbh9zzij6s8htfjh2j8,2026-10-05
Orlando City,Orlando,Orlando City SC,79.3278918902,386,6i6n0jkbh9zzij6s8htfjh2j8,2026-10-05
Central Córdoba SdE,Córdoba SdE,CA Central Córdoba,79.3218596213,387,8v84l9nq3d5t0j4gb781i3llg,2026-10-05
O'Higgins,O'Higgins,CD O'Higgins,79.3190899391,388,ikhh1wx11krn1uqgykcjof84,2026-10-05
Saint-Étienne,Saint-Étienne,AS Saint-Étienne,79.3132597473,389,b4rd8q7zjvernie5778azl7v8,2026-10-05
Las Palmas,Las Palmas,UD Las Palmas,79.3118749015,390,fgkxmpz2ewao1l63jrbkgg7o,2026-10-05
Temperley,Temperley,CA Temperley,79.3000482849,391,cbhbsl8jupde33c7j6vrze32s,2026-10-05
Widzew Łódź,Widzew,RTS Widzew Łódź,79.2942180456,392,1objvzhwen02wc4i4a1nnux3o,2026-10-05
GAIS,GAIS,GAIS,79.2928331886,393,b99u9gpztyjs5u1i88z6qvg9g,2026-10-05
Zamalek,Zamalek,Zamalek SC,79.2756897763,394,5q5bvm7r1fjy0h427jh93a9lg,2026-10-05
Moreirense,Moreirense,Moreirense FC,79.2734451033,395,a8xa8yfi2tlljxrwyxcst51xw,2026-10-05
Club Guaraní,Guaraní,Club Guaraní,79.2661191349,396,ynp3ah4di570mdbqt5a0yuc4,2026-10-05
Real Oviedo,Oviedo,Real Oviedo,79.264097219,397,fgkxmpz2ewao1l63jrbkgg7o,2026-10-05
Luzern,Luzern,FC Luzern,79.2616736873,398,cx0b7yl7kqmgay9wn2c3zyjh0,2026-10-05
Wisła Płock,Wisła Płock,Wisła Płock SA,79.2613274683,399,1objvzhwen02wc4i4a1nnux3o,2026-10-05
Rizespor,Rize,Çaykur Rize SK,79.2488635496,400,e00dq6lfzgc7vo631cz8ktc0k,2026-10-05
Deportivo Saprissa,Saprissa,Deportivo Saprissa,79.2420304365,401,dys50za4ylhqy94bj8zhmyx3o,2026-10-05
Houston Dynamo,Houston,Houston Dynamo FC,79.200829667,402,6i6n0jkbh9zzij6s8htfjh2j8,2026-10-05
Aris,Aris,Aris Thessaloniki FC,79.1737324084,403,13prgjp0qzce661j00a3jy3o4,2026-10-05
Libertad,Libertad,Libertad Fútbol Club,79.1470169922,404,6fbkqr97shkflapdt7ck1dt78,2026-10-05
Aris Limassol,Aris Limassol,Aris FC Limassol,79.1314917186,405,9ov525t4gyibnhjsey291aw44,2026-10-05
Alanyaspor,Alanyaspor,Alanyaspor Kulübü,79.1159109431,406,e00dq6lfzgc7vo631cz8ktc0k,2026-10-05
Municipal,Municipal,CSD Municipal,79.1149635409,407,8hlpnvuhsi69veuw84gyggr9w,2026-10-05
Deportivo Morón,Morón,CD Morón,79.1026983639,408,cbhbsl8jupde33c7j6vrze32s,2026-10-05
Osijek,Osijek,NK Osijek,79.0920202185,409,ddv8l7gdb84ask7lsxf8x9f6c,2026-10-05
Portland Timbers,Portland,Portland Timbers,79.0879566059,410,6i6n0jkbh9zzij6s8htfjh2j8,2026-10-05
Beitar Jerusalem,Beitar,Beitar Jerusalem FC,79.0646667694,411,cbr00ay9uda1ju0ooqvb1ufbo,2026-10-05
Mechelen,Mechelen,KV Mechelen,79.0622430306,412,5ysazl26p4ksxbonjpbamevpw,2026-10-05
Go Ahead Eagles,GAE,Go Ahead Eagles,79.05324055,413,56cvval3nf96u0bf9rzs9h6vo,2026-10-05
Heart of Midlothian,Hearts,Heart of Midlothian FC,79.0466617922,414,7qmc7ue3f8yzv8yqmsxc9irro,2026-10-05
Heidenheim,Heidenheim,1. FC Heidenheim 1846,79.0421605262,415,c21j57b4gkcp8rzyp2cn8jbpw,2026-10-05
Sporting de Gijón,Gijón,Real Sporting de Gijón,79.0234628665,416,fgkxmpz2ewao1l63jrbkgg7o,2026-10-05
Maghreb Fès,Maghreb Fès,Maghreb AS de Fès,79.011165066,417,3m3hltejq5dp7tvessefe7pck,2026-10-05
Belouizdad,Belouizdad,CR Belouizdad,79.0070099882,418,ccifwc50hpqpwze0lsw8f8qac,2026-10-05
Zbrojovka Brno,Zbrojovka,FC Zbrojovka Brno,79.0054575708,419,ei2lksxq5fb6mh8yzxqatwnx0,2026-10-05
Bolton Wanderers,Bolton,Bolton Wanderers FC,78.966330198,420,al48ooi8acoibema226051250,2026-10-05
Cardiff City,Cardiff,Cardiff City FC,78.9545572315,421,al48ooi8acoibema226051250,2026-10-05
Sarpsborg 08,Sarpsborg,Sarpsborg 08 FF,78.93689767,422,beev3xu6oz7vc6l4rcxygw4d0,2026-10-05
Godoy Cruz,Godoy Cruz,CD Godoy Cruz Antonio Tomba,78.9333795923,423,cbhbsl8jupde33c7j6vrze32s,2026-10-05
Cracovia,Cracovia,MKS Cracovia,78.9147364619,424,1objvzhwen02wc4i4a1nnux3o,2026-10-05
MC Alger,MC Alger,MC Alger,78.9079784379,425,ccifwc50hpqpwze0lsw8f8qac,2026-10-05
Al Ittihad,Ittihad,Al Ittihad Club,78.8883629833,426,4vs6oaojacz5bwo1320rkk844,2026-10-05
OFI,OFI,OFI FC,78.887727204,427,13prgjp0qzce661j00a3jy3o4,2026-10-05
Marítimo,Marítimo,CS Marítimo Funchal,78.8586399598,428,a8xa8yfi2tlljxrwyxcst51xw,2026-10-05
Polissya,Polissya,Polissya Zhytomyr,78.8479052896,429,5vqx2miccjg04lp2pqs1hbmc,2026-10-05
Basel,Basel,FC Basel 1893,78.825743233,430,cx0b7yl7kqmgay9wn2c3zyjh0,2026-10-05
Baltika,Baltika,FK Baltika Kaliningrad,78.8250506653,431,ac9tayo9q3al8a2m6m9pnfrx0,2026-10-05
Mushuc Runa,Mushuc Runa,Mushuc Runa SC,78.8194547109,432,6fbkqr97shkflapdt7ck1dt78,2026-10-05
Minnesota United,Minnesota,Minnesota United FC,78.8005557112,433,6i6n0jkbh9zzij6s8htfjh2j8,2026-10-05
Deportivo Táchira,Táchira,Deportivo Táchira FC,78.7588540933,434,55wby45j07iiofu0nuiy08xzo,2026-10-05
Kawasaki Frontale,Kawasaki,Kawasaki Frontale,78.7473571118,435,bakisqj15kviwhxxx3wr3rv9w,2026-10-05
Amed,Amed,Amed SFK,78.7391706722,436,e00dq6lfzgc7vo631cz8ktc0k,2026-10-05
Plymouth Argyle,Plymouth,Plymouth Argyle FC,78.7381317819,437,b7amy99ea2lpnx81o6q94pst0,2026-10-05
Shabab Al Ahli,Shabab Al Ahli,Shabab Al Ahli Club,78.7311490609,438,b6a9x42zsbxzbc2n5t79kdono,2026-10-05
Yokohama F. Marinos,F Marinos,Yokohama F. Marinos,78.7106495004,439,bakisqj15kviwhxxx3wr3rv9w,2026-10-05
Fredrikstad,Fredrikstad,Fredrikstad FK,78.6605599883,440,beev3xu6oz7vc6l4rcxygw4d0,2026-10-05
Neftçi,Neftçi,Neftçi PFC Bakı,78.6349330217,441,cjfv1fu1qsr0jyk785saolgd0,2026-10-05
Metropolitanos,Metropolitanos,Metropolitanos FC,78.618947192,442,55wby45j07iiofu0nuiy08xzo,2026-10-05
Lillestrøm,Lillestrøm,Lillestrøm SK,78.5878340735,443,beev3xu6oz7vc6l4rcxygw4d0,2026-10-05
Llaneros,Llaneros,Club Llaneros SA,78.579120663,444,5l22b8pqde1bdxk6377auk3ro,2026-10-05
Alajuelense,Alajuelense,LD Alajuelense,78.5442887703,445,dys50za4ylhqy94bj8zhmyx3o,2026-10-05
LA Galaxy,Galaxy,Los Angeles Galaxy,78.5359769354,446,6i6n0jkbh9zzij6s8htfjh2j8,2026-10-05
Reims,Reims,Stade de Reims,78.5171838541,447,b4rd8q7zjvernie5778azl7v8,2026-10-05
Seoul,Seoul,FC Seoul,78.5160201854,448,aclvhp7yp4w85gpqw5yyt1xqs,2026-10-05
Palestino,Palestino,CD Palestino,78.5063921895,449,ikhh1wx11krn1uqgykcjof84,2026-10-05
Śląsk Wrocław,Śląsk,WKS Śląsk Wrocław,78.5040232807,450,1objvzhwen02wc4i4a1nnux3o,2026-10-05
ES Tunis,Tunis,Espérance Sportive de Tunis,78.483757038,451,2cdwuc8jbyg41icy3ah21d2c4,2026-10-05
Charlton Athletic,Charlton,Charlton Athletic FC,78.4832432755,452,al48ooi8acoibema226051250,2026-10-05
Mladá Boleslav,Ml. Boleslav,FK Mladá Boleslav,78.4828969405,453,ei2lksxq5fb6mh8yzxqatwnx0,2026-10-05
Sporting Cristal,Cristal,Club Sporting Cristal SA,78.4811098511,454,7z7bio16q91wdq4kywi8wlmok,2026-10-05
Sabadell,Sabadell,CE Sabadell FC,78.4690434979,455,fgkxmpz2ewao1l63jrbkgg7o,2026-10-05
Elfsborg,Elfsborg,IF Elfsborg,78.4361412387,456,b99u9gpztyjs5u1i88z6qvg9g,2026-10-05
APOEL,APOEL,APOEL FC,78.4073946708,457,9ov525t4gyibnhjsey291aw44,2026-10-05
Riga,Riga,Riga FC,78.4025458169,458,d1tk0recez2ejvsidutwviwwk,2026-10-05
Puskás,Puskás,Puskás Akadémia FC,78.387999194,459,1qah382h96g7zu8m6op3ftams,2026-10-05
CSKA Sofia,CSKA,PFK CSKA Sofia,78.3783013944,460,3rbiru554kufnw6hrtsv0us5w,2026-10-05
Colorado Rapids,Colorado,Colorado Rapids,78.3555334841,461,6i6n0jkbh9zzij6s8htfjh2j8,2026-10-05
Excelsior,Excelsior,Excelsior Rotterdam,78.3492077513,462,56cvval3nf96u0bf9rzs9h6vo,2026-10-05
Emelec,Emelec,CS Emelec,78.3463814922,463,6fbkqr97shkflapdt7ck1dt78,2026-10-05
Granada,Granada,Granada CF,78.3433197075,464,fgkxmpz2ewao1l63jrbkgg7o,2026-10-05
Estrela,Estrela,Club Foot Estrela,78.3228846153,465,a8xa8yfi2tlljxrwyxcst51xw,2026-10-05
Austria Wien,Austria,FK Austria Wien,78.3169965043,466,1ypt1hmmrdjdek7yieatpskyc,2026-10-05
Huddersfield Town,Huddersfield,Huddersfield Town FC,78.2989857185,467,b7amy99ea2lpnx81o6q94pst0,2026-10-05
Leones,Leones,Leones FC,78.2895784905,468,6fbkqr97shkflapdt7ck1dt78,2026-10-05
Ferro Carril Oeste,Ferro,Club Ferro Carril Oeste,78.2812657388,469,cbhbsl8jupde33c7j6vrze32s,2026-10-05
Aldosivi,Aldosivi,CA Aldosivi,78.2802266427,470,8v84l9nq3d5t0j4gb781i3llg,2026-10-05
Atlético San Luis,San Luis,Atlético de San Luis,78.2485075755,471,9zum4nxferygj8bb0ldcavxn8,2026-10-05
Sportivo Ameliano,Ameliano,Club Sportivo Ameliano,78.2469753209,472,ynp3ah4di570mdbqt5a0yuc4,2026-10-05
Maccabi Haifa,M Haifa,Maccabi Haifa FC,78.2449525167,473,cbr00ay9uda1ju0ooqvb1ufbo,2026-10-05
Audax Italiano,Audax,Audax Italiano La Florida,78.2251538802,474,ikhh1wx11krn1uqgykcjof84,2026-10-05
Sandefjord,Sandefjord,Sandefjord Fotball,78.2220919345,475,beev3xu6oz7vc6l4rcxygw4d0,2026-10-05
Konyaspor,Konyaspor,Konyaspor Kulübü,78.220360063,476,e00dq6lfzgc7vo631cz8ktc0k,2026-10-05
Stockport County,Stockport,Stockport County FC,78.2200136886,477,b7amy99ea2lpnx81o6q94pst0,2026-10-05
Racing,Racing,Racing Club de Montevideo,78.2085278819,478,6bxydtby0dlb8mn1nb1h08iz8,2026-10-05
Kortrijk,Kortrijk,KV Kortrijk,78.1926499414,479,5ysazl26p4ksxbonjpbamevpw,2026-10-05
Bohemians 1905,Bohemians,Bohemians Praha 1905,78.1874542565,480,ei2lksxq5fb6mh8yzxqatwnx0,2026-10-05
Universitatea Cluj,U Cluj,FC Universitatea Cluj,78.1555871325,481,zbhxyecp7s7s2dqg00ojrbis,2026-10-05
Cartaginés,Cartaginés,CS Cartaginés,78.1331634092,482,dys50za4ylhqy94bj8zhmyx3o,2026-10-05
Kaiserslautern,1.FCK,1. FC Kaiserslautern,78.1292617841,483,c21j57b4gkcp8rzyp2cn8jbpw,2026-10-05
Motor Lublin,Motor,Motor Lublin SA,78.0956618887,484,1objvzhwen02wc4i4a1nnux3o,2026-10-05
OB,OB,Odense BK,78.082152514,485,aa2sqzvq68621ok3nca8csrh0,2026-10-05
Lokomotiv Moskva,Lokomotiv M,FK Lokomotiv Moskva,78.078688559,486,ac9tayo9q3al8a2m6m9pnfrx0,2026-10-05
Thun,Thun,FC Thun,78.0613687057,487,cx0b7yl7kqmgay9wn2c3zyjh0,2026-10-05
Cienciano,Cienciano,Club Cienciano,78.0571564976,488,7z7bio16q91wdq4kywi8wlmok,2026-10-05
Kasımpaşa,Kasımpaşa,Kasımpaşa SK,78.0443951227,489,e00dq6lfzgc7vo631cz8ktc0k,2026-10-05
Spartak Trnava,Spartak,FC Spartak Trnava,78.0405847093,490,5sqcuu8cql6utpiiunzurorv8,2026-10-05
Estoril,Estoril,GD Estoril Praia,78.0329638636,491,a8xa8yfi2tlljxrwyxcst51xw,2026-10-05
Deportivo Garcilaso,Deportivo G.,Club Deportivo Garcilaso,78.0301372162,492,7z7bio16q91wdq4kywi8wlmok,2026-10-05
Petro de Luanda,Petro Luanda,Atlético Petróleos Luanda,78.0300159751,493,ofi6heevfqlhgto3devky0b8,2026-10-05
Kocaelispor,Kocaelispor,Kocaelispor Kulübü,78.0277678179,494,e00dq6lfzgc7vo631cz8ktc0k,2026-10-05
Gimnasia Jujuy,Gimn Jujuy,CA Gimnasia y Esgrima de Jujuy,78.0273659899,495,cbhbsl8jupde33c7j6vrze32s,2026-10-05
Austin,Austin,Austin FC,78.0164278392,496,6i6n0jkbh9zzij6s8htfjh2j8,2026-10-05
Real Salt Lake,Salt Lake,Real Salt Lake,78.0153886236,497,6i6n0jkbh9zzij6s8htfjh2j8,2026-10-05
Celje,Celje,NK Celje,77.9903559419,498,8pj9wygfe1cepoagkwe0x785w,2026-10-05
Deportes Limache,Limache,CD Limache,77.9861436036,499,ikhh1wx11krn1uqgykcjof84,2026-10-05
Urawa Reds,Urawa,Urawa Red Diamonds,77.9691001823,500,bakisqj15kviwhxxx3wr3rv9w,2026-10-05
Atlas,Atlas,Atlas FC,77.9495706723,501,9zum4nxferygj8bb0ldcavxn8,2026-10-05
Malmö FF,Malmö,Malmö FF,77.9297335522,502,b99u9gpztyjs5u1i88z6qvg9g,2026-10-05
Tractor,Tractor,Tractor FC,77.928637504,503,1p2kviatzyprl6bv4j6zs9ams,2026-10-05
Zrinjski,Zrinjski,HŠK Zrinjski Mostar,77.8923200781,504,4c48j9oq3d0aje3ojkb3mbp5g,2026-10-05
Watford,Watford,Watford FC,77.8878165632,505,al48ooi8acoibema226051250,2026-10-05
Deportivo Cuenca,Dep. Cuenca,CD Cuenca,77.8815254845,506,6fbkqr97shkflapdt7ck1dt78,2026-10-05
Silkeborg,Silkeborg,Silkeborg IF,77.8777702289,507,aa2sqzvq68621ok3nca8csrh0,2026-10-05
Academia Puerto Cabello,Puerto Cabello,Academia Puerto Cabello,77.8752898168,508,55wby45j07iiofu0nuiy08xzo,2026-10-05
Žilina,Žilina,MŠK Žilina,77.874652392,509,5sqcuu8cql6utpiiunzurorv8,2026-10-05
Deportes Concepción,Concepción,CD Concepción,77.8714791226,510,ikhh1wx11krn1uqgykcjof84,2026-10-05
Bochum,Bochum,VfL Bochum 1848,77.8407023385,511,c21j57b4gkcp8rzyp2cn8jbpw,2026-10-05
Magdeburg,Magdeburg,1. FC Magdeburg,77.8299629311,512,c21j57b4gkcp8rzyp2cn8jbpw,2026-10-05
Juventud,Juventud,CA Juventud de Las Piedras,77.8278289009,513,6bxydtby0dlb8mn1nb1h08iz8,2026-10-05
Gimnasia y Tiro,Gimnasia Tiro,Club de Gimnasia y Tiro de Salta,77.8240181278,514,cbhbsl8jupde33c7j6vrze32s,2026-10-05
Rio Ave,Rio Ave,Rio Ave FC,77.798090845,515,a8xa8yfi2tlljxrwyxcst51xw,2026-10-05
OH Leuven,OHL,Oud-Heverlee Leuven,77.798090845,516,5ysazl26p4ksxbonjpbamevpw,2026-10-05
Inter Bogotá,Inter Bogotá,Internacional de Bogotá,77.778288356,517,5l22b8pqde1bdxk6377auk3ro,2026-10-05
Guayaquil City,Guayaquil City,Guayaquil City FC,77.7727452912,518,6fbkqr97shkflapdt7ck1dt78,2026-10-05
Rapid Bucureşti,Rapid,FC Rapid 1923,77.7558250032,519,zbhxyecp7s7s2dqg00ojrbis,2026-10-05
Inter Turku,Inter Turku,FC Inter Turku,77.7502818841,520,32gy6t29t9240sgu7l11j9nh0,2026-10-05
Horsens,Horsens,AC Horsens,77.7374633697,521,aa2sqzvq68621ok3nca8csrh0,2026-10-05
Real España,Real España,Real CD España,77.7205810411,522,bifv7w5gplrvhfvyqle3jf504,2026-10-05
Tenerife,Tenerife,CD Tenerife,77.6539680451,523,fgkxmpz2ewao1l63jrbkgg7o,2026-10-05
FC Andorra,FC Andorra,FC Andorra,77.6480782183,524,fgkxmpz2ewao1l63jrbkgg7o,2026-10-05
Alianza Atlético,Alianza Atl.,Club Alianza Atlético Sullana,77.6459440185,525,7z7bio16q91wdq4kywi8wlmok,2026-10-05
IFK Göteborg,IFK Göteborg,IFK Göteborg,77.6421883763,526,b99u9gpztyjs5u1i88z6qvg9g,2026-10-05
Radomiak Radom,Radomiak,RKS Radomiak Radom,77.6401096049,527,1objvzhwen02wc4i4a1nnux3o,2026-10-05
Atlante,Atlante,Atlante FC,77.6291141709,528,9zum4nxferygj8bb0ldcavxn8,2026-10-05
Wieczysta Kraków,Wieczysta,KS Wieczysta Kraków,77.6248652235,529,1objvzhwen02wc4i4a1nnux3o,2026-10-05
Preston North End,Preston,Preston North End FC,77.6172429947,530,al48ooi8acoibema226051250,2026-10-05
Estudiantes Caseros,Est Caseros,CA Estudiantes de Caseros,77.6119905713,531,cbhbsl8jupde33c7j6vrze32s,2026-10-05
Atlanta,Atlanta,CA Atlanta,77.6106047056,532,cbhbsl8jupde33c7j6vrze32s,2026-10-05
Randers,Randers,Randers FC,77.6103136737,533,aa2sqzvq68621ok3nca8csrh0,2026-10-05
Víkingur Reykjavík,Víkingur R,Víkingur Reykjavík,77.606156071,534,eeeacj91qdk6pru5zwwobaiac,2026-10-05
Modena,Modena,Modena FC 2018,77.5999196528,535,2aad86jp2iq9zr22oxib5a4gk,2026-10-05
Cerezo Osaka,Cerezo,Cerezo Osaka,77.5942514268,536,bakisqj15kviwhxxx3wr3rv9w,2026-10-05
Çorum,Çorum,Çorum FK,77.5940296866,537,e00dq6lfzgc7vo631cz8ktc0k,2026-10-05
St. Pauli,St. Pauli,FC St. Pauli,77.5864073549,538,c21j57b4gkcp8rzyp2cn8jbpw,2026-10-05
Villarreal II,Villarreal II,Villarreal CF II,77.5711626151,539,c1yslf7aazs430di8dpm8yvx0,2026-10-05
Paks,Paks,Paksi FC,77.5486417904,540,1qah382h96g7zu8m6op3ftams,2026-10-05
RAAL La Louvière,La Louvière,RAAL La Louvière,77.5417122612,541,5ysazl26p4ksxbonjpbamevpw,2026-10-05
Wanderers,Wanderers,Montevideo Wanderers FC,77.5319554483,542,6bxydtby0dlb8mn1nb1h08iz8,2026-10-05
KFUM,KFUM,KFUM Fotball,77.5254277846,543,beev3xu6oz7vc6l4rcxygw4d0,2026-10-05
Rubin Kazan,Rubin,FK Rubin Kazan,77.5167657817,544,ac9tayo9q3al8a2m6m9pnfrx0,2026-10-05
Ararat-Armenia,Ararat-Armenia,Ararat-Armenia FC,77.5060248523,545,847iyp5po72cef4cdwd8c0ems,2026-10-05
Córdoba,Córdoba,Córdoba FC,77.459595737,546,fgkxmpz2ewao1l63jrbkgg7o,2026-10-05
Ceramica Cleopatra,Ceramica Cleo,Ceramica Cleopatra FC,77.441399225,547,5q5bvm7r1fjy0h427jh93a9lg,2026-10-05
Luton Town,Luton,Luton Town FC,77.4315299176,548,b7amy99ea2lpnx81o6q94pst0,2026-10-05
Vålerenga,Vålerenga,Vålerenga Fotball,77.4301439423,549,beev3xu6oz7vc6l4rcxygw4d0,2026-10-05
CSKA 1948 Sofia,CSKA 1948,FK CSKA 1948 Sofia,77.4194026048,550,3rbiru554kufnw6hrtsv0us5w,2026-10-05
Cusco,Cusco,Cusco FC,77.3943993468,551,7z7bio16q91wdq4kywi8wlmok,2026-10-05
Oxford United,Oxford U,Oxford United FC,77.3857922859,552,b7amy99ea2lpnx81o6q94pst0,2026-10-05
Nacional,Nacional,CD Nacional,77.3591115765,553,a8xa8yfi2tlljxrwyxcst51xw,2026-10-05
Jeonbuk Motors,Jeonbuk Motors,Jeonbuk Hyundai Motors FC,77.35864033,554,aclvhp7yp4w85gpqw5yyt1xqs,2026-10-05
Ñublense,Ñublense,CD Ñublense,77.3559375907,555,ikhh1wx11krn1uqgykcjof84,2026-10-05
Kairat,Kairat,FK Kairat Almaty,77.3507954473,556,5dlquxczyamt372efk9kgws2c,2026-10-05
San Martín Tucumán,SM Tucumán,CA San Martín de Tucumán,77.3448493962,557,cbhbsl8jupde33c7j6vrze32s,2026-10-05
Red Star,Red Star,Red Star FC,77.340400243,558,b4rd8q7zjvernie5778azl7v8,2026-10-05
Deportivo Pasto,Pasto,AD Pasto,77.3275239842,559,5l22b8pqde1bdxk6377auk3ro,2026-10-05
Deportivo Maipú,Maipú,CD Maipú,77.2821307787,560,cbhbsl8jupde33c7j6vrze32s,2026-10-05
Real Valladolid,Valladolid,Real Valladolid CF,77.2686720389,561,fgkxmpz2ewao1l63jrbkgg7o,2026-10-05
Casa Pia,Casa Pia,Casa Pia AC,77.2638207743,562,a8xa8yfi2tlljxrwyxcst51xw,2026-10-05
Zira,Zira,Zira IK,77.2381782038,563,cjfv1fu1qsr0jyk785saolgd0,2026-10-05
Bradford City,Bradford,Bradford City AFC,77.2260498602,564,b7amy99ea2lpnx81o6q94pst0,2026-10-05
Lyngby,Lyngby,Lyngby BK,77.2208519788,565,aa2sqzvq68621ok3nca8csrh0,2026-10-05
Gaziantep,Gaziantep,Gaziantep FK,77.217386718,566,e00dq6lfzgc7vo631cz8ktc0k,2026-10-05
AIK,AIK,AIK Fotboll,77.1716447792,567,b99u9gpztyjs5u1i88z6qvg9g,2026-10-05
New York RB,New York,New York Red Bulls,77.1589144073,568,6i6n0jkbh9zzij6s8htfjh2j8,2026-10-05
Toronto,Toronto,Toronto FC,77.1582213366,569,6i6n0jkbh9zzij6s8htfjh2j8,2026-10-05
Orense,Orense,Orense SC,77.157727958,570,6fbkqr97shkflapdt7ck1dt78,2026-10-05
Eldense,Eldense,CD Eldense,77.1494665377,571,fgkxmpz2ewao1l63jrbkgg7o,2026-10-05
2 de Mayo,2 de Mayo,Club 2 de Mayo,77.0859939848,572,ynp3ah4di570mdbqt5a0yuc4,2026-10-05
Hartberg,Hartberg,TSV Hartberg,77.073227179,573,1ypt1hmmrdjdek7yieatpskyc,2026-10-05
Fortaleza,Fortaleza,Fortaleza FC,77.0731717313,574,5l22b8pqde1bdxk6377auk3ro,2026-10-05
Montpellier,Montpellier,Montpellier HSC,77.0725340822,575,b4rd8q7zjvernie5778azl7v8,2026-10-05
Levadiakos,Levadiakos,Levadiakos FC,77.064910003,576,13prgjp0qzce661j00a3jy3o4,2026-10-05
San Martín San Juan,San Martín SJ,CA San Martín de San Juan,77.0523787335,577,cbhbsl8jupde33c7j6vrze32s,2026-10-05
Koper,Koper,FC Koper,77.0385720776,578,8pj9wygfe1cepoagkwe0x785w,2026-10-05
Albacete,Albacete,Albacete Balompié,77.0299082194,579,fgkxmpz2ewao1l63jrbkgg7o,2026-10-05
Delfín,Delfín,Delfín SC,77.0256941068,580,6fbkqr97shkflapdt7ck1dt78,2026-10-05
Västerås,Västerås,Västerås SK Fotboll,77.0195115459,581,b99u9gpztyjs5u1i88z6qvg9g,2026-10-05
Motagua,Motagua,FC Motagua,76.9956926979,582,bifv7w5gplrvhfvyqle3jf504,2026-10-05
Vojvodina,Vojvodina,FK Vojvodina Novi Sad,76.9845090609,583,akqbhzm3iofv030i63sb5js44,2026-10-05
Marathón,Marathón,CD Marathón,76.9735127349,584,bifv7w5gplrvhfvyqle3jf504,2026-10-05
Pardubice,Pardubice,FK Pardubice,76.970993105,585,ei2lksxq5fb6mh8yzxqatwnx0,2026-10-05
TP Mazembe,Mazembe,Tout Puissant Mazembe,76.9541812227,586,ehmma83pqd17k7x6if20hmrkk,2026-10-05
Estudiantes Río Cuarto,Estudiantes RC,AA Estudiantes de Río Cuarto,76.9411329533,587,8v84l9nq3d5t0j4gb781i3llg,2026-10-05
Atlanta United,Atlanta United,Atlanta United FC,76.9239513165,588,6i6n0jkbh9zzij6s8htfjh2j8,2026-10-05
Fagiano Okayama,Fagiano,Fagiano Okayama,76.9233885726,589,bakisqj15kviwhxxx3wr3rv9w,2026-10-05
Energie Cottbus,Cottbus,FC Energie Cottbus,76.9165819021,590,c21j57b4gkcp8rzyp2cn8jbpw,2026-10-05
Midland,Midland,CA Ferrocarril Midland,76.9102881397,591,cbhbsl8jupde33c7j6vrze32s,2026-10-05
Ried,Ried,SV Ried,76.8992532188,592,1ypt1hmmrdjdek7yieatpskyc,2026-10-05
Újpest,Újpest,Újpest FC,76.8715270492,593,1qah382h96g7zu8m6op3ftams,2026-10-05
Esteghlal,Esteghlal,Esteghlal FC,76.8603796663,594,1p2kviatzyprl6bv4j6zs9ams,2026-10-05
Vasas,Vasas,Budapesti Vasas SC,76.8510787813,595,1qah382h96g7zu8m6op3ftams,2026-10-05
Fortuna Sittard,Fortuna,Fortuna Sittard,76.8483061206,596,56cvval3nf96u0bf9rzs9h6vo,2026-10-05
Gençlerbirliği,Gençlerbirliği,Gençlerbirliği SK,76.8458800396,597,e00dq6lfzgc7vo631cz8ktc0k,2026-10-05
Leganés,Leganés,CD Leganés,76.8441471231,598,fgkxmpz2ewao1l63jrbkgg7o,2026-10-05
Erzurumspor,Erzurumspor,Erzurumspor FK,76.8309769139,599,e00dq6lfzgc7vo631cz8ktc0k,2026-10-05
Alianza,Alianza,Alianza FC,76.8115125904,600,5l22b8pqde1bdxk6377auk3ro,2026-10-05
Hellas Verona,Verona,Hellas Verona FC,76.8112214561,601,2aad86jp2iq9zr22oxib5a4gk,2026-10-05
Colegiales,Colegiales,CA Colegiales,76.80908647,602,cbhbsl8jupde33c7j6vrze32s,2026-10-05
Sparta Rotterdam,Sparta,Sparta Rotterdam,76.7970112831,603,56cvval3nf96u0bf9rzs9h6vo,2026-10-05
Rostov,Rostov,FK Rostov,76.79562492,604,ac9tayo9q3al8a2m6m9pnfrx0,2026-10-05
Daejeon Hana Citizen,Daejeon,Daejeon Hana Citizen FC,76.7913410526,605,aclvhp7yp4w85gpqw5yyt1xqs,2026-10-05
Egnatia Rrogozhinë,Egnatia,KS Egnatia Rrogozhinë,76.7862669466,606,bd2cao9ydrq06v5uu7x4ytiqc,2026-10-05
Huachipato,Huachipato,CD Huachipato,76.7487792095,607,ikhh1wx11krn1uqgykcjof84,2026-10-05
Lokomotiva Zagreb,Lokomotiva,NK Lokomotiva Zagreb,76.7353172999,608,ddv8l7gdb84ask7lsxf8x9f6c,2026-10-05
Kuwait SC,Kuwait,Kuwait SC,76.7338740759,609,evaw3m63xloe8o87vqybzjsic,2026-10-05
Maribor,Maribor,NK Maribor,76.7294250897,610,8pj9wygfe1cepoagkwe0x785w,2026-10-05
CFR Cluj,CFR,SCS CFR 1907 Cluj,76.7266522796,611,zbhxyecp7s7s2dqg00ojrbis,2026-10-05
Leicester City,Leicester,Leicester City FC,76.7186804315,612,b7amy99ea2lpnx81o6q94pst0,2026-10-05
Al Wasl,Al Wasl,Al Wasl Club,76.6895087922,613,b6a9x42zsbxzbc2n5t79kdono,2026-10-05
Grazer AK,GAK,Grazer AK 1902,76.679167377,614,1ypt1hmmrdjdek7yieatpskyc,2026-10-05
Novorizontino,Novorizontino,Grêmio Novorizontino,76.6791119196,615,7pt8trpd4rbju1v568nuskdn8,2026-10-05
Arminia Bielefeld,Bielefeld,DSC Arminia Bielefeld,76.6763945051,616,c21j57b4gkcp8rzyp2cn8jbpw,2026-10-05
Cúcuta Deportivo,Cúcuta,Cúcuta Deportivo FC,76.6697534629,617,5l22b8pqde1bdxk6377auk3ro,2026-10-05
Gamba Osaka,Gamba,Gamba Osaka,76.6596324216,618,bakisqj15kviwhxxx3wr3rv9w,2026-10-05
Colón,Colón,CA Colón,76.6520762721,619,cbhbsl8jupde33c7j6vrze32s,2026-10-05
Istra 1961,Istra,NK Istra 1961,76.6483189847,620,ddv8l7gdb84ask7lsxf8x9f6c,2026-10-05
Sønderjyske,Sønderjyske,Sønderjyske Fodbold,76.6202431145,621,aa2sqzvq68621ok3nca8csrh0,2026-10-05
Holstein Kiel,Holstein,Kieler SV Holstein 1900,76.607071598,622,c21j57b4gkcp8rzyp2cn8jbpw,2026-10-05
HamKam,HamKam,Hamarkameratene Fotball,76.5904337829,623,beev3xu6oz7vc6l4rcxygw4d0,2026-10-05
DC United,DC United,DC United,76.5697277624,624,6i6n0jkbh9zzij6s8htfjh2j8,2026-10-05
Persepolis,Persepolis,Persepolis FC,76.567499759,625,1p2kviatzyprl6bv4j6zs9ams,2026-10-05
Al Seeb,Seeb,Al Seeb Club,76.5529414216,626,cbdqxkajw3jvb9nqzpbraim1g,2026-10-05
Al Ahli Tripoli,Ahli Tripoli,Al Ahli Tripoli,76.5486619264,627,68kgxuk3dkg7p955ifkisgc9g,2026-10-05
Nacional Potosí,Nacional,CA Nacional Potosí,76.544277067,628,b8kaz0tks262ypfye6pj6dpuc,2026-10-05
Al Sadd,Sadd,Al Sadd SC,76.5290239485,629,b0n3k3rsxrgrfimue4kkxqmms,2026-10-05
Kabylie,Kabylie,JS Kabylie,76.5223157001,630,ccifwc50hpqpwze0lsw8f8qac,2026-10-05
Juárez,Juárez,FC Juárez,76.5194664867,631,9zum4nxferygj8bb0ldcavxn8,2026-10-05
Telstar,Telstar,Telstar 1963,76.5003101468,632,56cvval3nf96u0bf9rzs9h6vo,2026-10-05
Catanzaro,Catanzaro,US Catanzaro 1929,76.4701525854,633,2aad86jp2iq9zr22oxib5a4gk,2026-10-05
Real Sociedad II,Sociedad II,Real Sociedad de Fútbol,76.4694593034,634,fgkxmpz2ewao1l63jrbkgg7o,2026-10-05
Aalesund,Aalesund,Aalesunds FK,76.4538604011,635,beev3xu6oz7vc6l4rcxygw4d0,2026-10-05
Cremonese,Cremonese,US Cremonese,76.4500473197,636,2aad86jp2iq9zr22oxib5a4gk,2026-10-05
Boyacá Chicó,Boyacá Chicó,Boyacá Chicó FC,76.4482586356,637,5l22b8pqde1bdxk6377auk3ro,2026-10-05
Kyoto Sanga,Kyoto,Kyoto Sanga FC,76.4318969632,638,bakisqj15kviwhxxx3wr3rv9w,2026-10-05
Mantova,Mantova,Mantova 1911,76.4209290297,639,2aad86jp2iq9zr22oxib5a4gk,2026-10-05
Reading,Reading,Reading FC,76.4094895982,640,b7amy99ea2lpnx81o6q94pst0,2026-10-05
Sport Huancayo,Huancayo,Club Sport Huancayo,76.4090874838,641,7z7bio16q91wdq4kywi8wlmok,2026-10-05
Akhmat Grozny,Akhmat,FK Akhmat Grozny,76.4029032324,642,ac9tayo9q3al8a2m6m9pnfrx0,2026-10-05
Deportivo La Guaira,La Guaira,Deportivo La Guaira FC,76.3948747731,643,55wby45j07iiofu0nuiy08xzo,2026-10-05
Sheffield Wednesday,Sheff Wed,Sheffield Wednesday FC,76.3907704028,644,b7amy99ea2lpnx81o6q94pst0,2026-10-05
Celta de Vigo II,Celta Vigo II,Real Club Celta Fortuna,76.3838373279,645,fgkxmpz2ewao1l63jrbkgg7o,2026-10-05
Necaxa,Necaxa,Club Necaxa,76.3638227192,646,9zum4nxferygj8bb0ldcavxn8,2026-10-05
Darmstadt 98,Darmstadt,SV Darmstadt 1898,76.3626913171,647,c21j57b4gkcp8rzyp2cn8jbpw,2026-10-05
Mjällby,Mjällby,Mjällby AIF,76.3332252321,648,b99u9gpztyjs5u1i88z6qvg9g,2026-10-05
Osnabrück,Osnabrück,VfL Osnabrück,76.3037587601,649,c21j57b4gkcp8rzyp2cn8jbpw,2026-10-05
Wycombe Wanderers,Wycombe,Wycombe Wanderers FC,76.2670117936,650,b7amy99ea2lpnx81o6q94pst0,2026-10-05
RFS,RFS,FC RFS,76.2638917404,651,d1tk0recez2ejvsidutwviwwk,2026-10-05
Krylya Sovetov,Krylya,PFK Krylya Sovetov Samara,76.2628517217,652,ac9tayo9q3al8a2m6m9pnfrx0,2026-10-05
Metz,Metz,FC Metz,76.2625050487,653,b4rd8q7zjvernie5778azl7v8,2026-10-05
Pisa,Pisa,Pisa Sporting Club,76.2514114842,654,2aad86jp2iq9zr22oxib5a4gk,2026-10-05
Annecy,Annecy,FC Annecy,76.2319976141,655,b4rd8q7zjvernie5778azl7v8,2026-10-05
Cobreloa,Cobreloa,CD Cobreloa,76.2066345261,656,3mlz1os528syxdg3qpkz4ljis,2026-10-05
Deportes Antofagasta,Antofagasta,CD Antofagasta,76.1719660898,657,3mlz1os528syxdg3qpkz4ljis,2026-10-05
MSV Duisburg,Duisburg,MSV Duisburg,76.1675146237,658,58t4zseno2tp4253w3dm5i80k,2026-10-05
Stevenage,Stevenage,Stevenage FC,76.1408195087,659,b7amy99ea2lpnx81o6q94pst0,2026-10-05
Dender,Dender,FCV Dender EH,76.1401261249,660,83p55gs5rtqe8vjqg5t6me39w,2026-10-05
La Serena,La Serena,CD La Serena,76.1178822568,661,ikhh1wx11krn1uqgykcjof84,2026-10-05
Ordabasy,Ordabasy,FK Ordabasy Shymkent,76.1023363798,662,5dlquxczyamt372efk9kgws2c,2026-10-05
Dinamo Minsk,Dinamo Minsk,FK Dinamo Minsk,76.1012962861,663,2tml5a5shxx16bkg25p0hh8gk,2026-10-05
Nantes,Nantes,FC Nantes,76.0981760019,664,b4rd8q7zjvernie5778azl7v8,2026-10-05
Ceuta,Ceuta,AD Ceuta FC,76.0947090144,665,fgkxmpz2ewao1l63jrbkgg7o,2026-10-05
Baník Ostrava,Ostrava,FC Baník Ostrava,76.0908953219,666,ei2lksxq5fb6mh8yzxqatwnx0,2026-10-05
Montréal,Montréal,Club de Foot Montréal,76.0667176593,667,6i6n0jkbh9zzij6s8htfjh2j8,2026-10-05
Al Shorta,Shorta,Al Shorta,76.0475028889,668,1ua3sfkjt1blxmm5vtgqwavis,2026-10-05
Debrecen,Debrecen,Debreceni VSC,76.0326490282,669,1qah382h96g7zu8m6op3ftams,2026-10-05
Atromitos,Atromitos,PAE APS Atromitos Athens,76.0284885206,670,13prgjp0qzce661j00a3jy3o4,2026-10-05
Dynamo Dresden,Dresden,SG Dynamo Dresden,76.0284885206,671,c21j57b4gkcp8rzyp2cn8jbpw,2026-10-05
USM Alger,USM Alger,USM Alger,76.0255357435,672,ccifwc50hpqpwze0lsw8f8qac,2026-10-05
Pyunik,Pyunik,Pyunik FC,76.0246747151,673,847iyp5po72cef4cdwd8c0ems,2026-10-05
Dinamo Makhachkala,Dinamo Makh.,FK Dinamo Makhachkala,76.0121931243,674,ac9tayo9q3al8a2m6m9pnfrx0,2026-10-05
Mansfield Town,Mansfield,Mansfield Town FC,76.0073391535,675,b7amy99ea2lpnx81o6q94pst0,2026-10-05
Club Africain,Club Africain,Club Africain,75.9780360023,676,2cdwuc8jbyg41icy3ah21d2c4,2026-10-05
Rodez,Rodez,Rodez Aveyron Football,75.9754413686,677,b4rd8q7zjvernie5778azl7v8,2026-10-05
Ponferradina,Ponferradina,SD Ponferradina,75.9750946511,678,c1yslf7aazs430di8dpm8yvx0,2026-10-05
Chaco For Ever,Chaco,CA Chaco For Ever,75.9646376242,679,cbhbsl8jupde33c7j6vrze32s,2026-10-05
Real Potosí,Real Potosí,Club Real Potosí,75.9424474845,680,b8kaz0tks262ypfye6pj6dpuc,2026-10-05
Turan,Turan,Turan-T IK,75.933141429,681,cjfv1fu1qsr0jyk785saolgd0,2026-10-05
Sepahan,Sepahan,Foolad Mobarakeh Sepahan SC,75.9171352195,682,1p2kviatzyprl6bv4j6zs9ams,2026-10-05
UCV,UCV,Universidad Central de Venezuela FC,75.9102020444,683,55wby45j07iiofu0nuiy08xzo,2026-10-05
Atlético Madrileño,Atlético,Atlético Madrileño,75.8963883713,684,c1yslf7aazs430di8dpm8yvx0,2026-10-05
WSG Tirol,Tirol,WSG Tirol,75.8880668401,685,1ypt1hmmrdjdek7yieatpskyc,2026-10-05
Partizan,Partizan,FK Partizan Beograd,75.8800920103,686,akqbhzm3iofv030i63sb5js44,2026-10-05
Hibernian,Hibernian,Hibernian FC,75.8759312182,687,7qmc7ue3f8yzv8yqmsxc9irro,2026-10-05
Almirante Brown,Almirante,Club Almirante Brown,75.8464032404,688,cbhbsl8jupde33c7j6vrze32s,2026-10-05
Start,Start,IK Start,75.8433380779,689,beev3xu6oz7vc6l4rcxygw4d0,2026-10-05
Nyíregyháza Spartacus,Nyíregyháza,Nyíregyháza Spartacus FC,75.8291217717,690,1qah382h96g7zu8m6op3ftams,2026-10-05
Santos Laguna,Santos Laguna,Club Santos Laguna,75.8028608069,691,9zum4nxferygj8bb0ldcavxn8,2026-10-05
Motherwell,Motherwell,Motherwell FC,75.7920202523,692,7qmc7ue3f8yzv8yqmsxc9irro,2026-10-05
Beerschot,Beerschot,Koninklijke Beerschot VA,75.7760698764,693,83p55gs5rtqe8vjqg5t6me39w,2026-10-05
Haugesund,Haugesund,FK Haugesund,75.7514505935,694,1b7iiw2jok0qp6s65rmh05a1g,2026-10-05
Juve Stabia,Juve Stabia,SS Juve Stabia,75.7452090419,695,2aad86jp2iq9zr22oxib5a4gk,2026-10-05
Aurora,Aurora,Club Deportivo Aurora,75.7423795327,696,b8kaz0tks262ypfye6pj6dpuc,2026-10-05
Quilmes,Quilmes,Quilmes AC,75.7396055006,697,cbhbsl8jupde33c7j6vrze32s,2026-10-05
Real Zaragoza,Zaragoza,Real Zaragoza,75.7136542629,698,c1yslf7aazs430di8dpm8yvx0,2026-10-05
Kaizer Chiefs,Chiefs,Kaizer Chiefs FC,75.7103543099,699,3wl91cn4c74oeacldjjpw800k,2026-10-05
Manta,Manta,Manta FC,75.7080506421,700,6fbkqr97shkflapdt7ck1dt78,2026-10-05
Wolfsberger AC,WAC,Wolfsberger AC,75.692155146,701,1ypt1hmmrdjdek7yieatpskyc,2026-10-05
Torreense,Torreense,SC União Torreense,75.6855666653,702,ahb4b1qj0kffrsdj0uhrjs1lg,2026-10-05
AEL,AEL,AEL Limassol,75.677244346,703,9ov525t4gyibnhjsey291aw44,2026-10-05
Técnico Universitario,Técnico Univ,CD Técnico Universitario,75.6747615148,704,6fbkqr97shkflapdt7ck1dt78,2026-10-05
Al Masry,Masry,Al Masry SC,75.6670090388,705,5q5bvm7r1fjy0h427jh93a9lg,2026-10-05
Buriram United,Buriram Utd,Buriram United FC,75.6625553765,706,2y9xq2tx9nthjl37uqgtoc2z8,2026-10-05
Agropecuario,Agropecuario,Club Agropecuario Argentino,75.6581167641,707,cbhbsl8jupde33c7j6vrze32s,2026-10-05
Cerro Largo,Cerro Largo,Cerro Largo FC,75.6459798882,708,6bxydtby0dlb8mn1nb1h08iz8,2026-10-05
Al Jazira,Al Jazira,Al Jazira Club,75.6314141819,709,b6a9x42zsbxzbc2n5t79kdono,2026-10-05
Astana,Astana,FK Astana,75.6293904054,710,5dlquxczyamt372efk9kgws2c,2026-10-05
Kristiansund,Kristiansund,Kristiansund BK,75.6276565476,711,beev3xu6oz7vc6l4rcxygw4d0,2026-10-05
Atlético Huila,Huila,CD Atlético Huila,75.6144237004,712,3t6mr8e3n1eg5bapvvi2vv2ms,2026-10-05
Sport Boys,Boys,Sport Boys Association,75.5884155162,713,7z7bio16q91wdq4kywi8wlmok,2026-10-05
Ciudad de Bolívar,Ciudad Bolívar,Club Ciudad de Bolívar,75.5811331701,714,cbhbsl8jupde33c7j6vrze32s,2026-10-05
HNK Gorica,Gorica,HNK Gorica,75.5801483176,715,ddv8l7gdb84ask7lsxf8x9f6c,2026-10-05
Herediano,Herediano,CS Herediano,75.5708767241,716,dys50za4ylhqy94bj8zhmyx3o,2026-10-05
Nagoya Grampus,Nagoya,Nagoya Grampus,75.5550552392,717,bakisqj15kviwhxxx3wr3rv9w,2026-10-05
MC Oran,MC Oran,MC Oran,75.5508395418,718,ccifwc50hpqpwze0lsw8f8qac,2026-10-05
Kifisia,Kifisia,Kifisias FC,75.5309051374,719,13prgjp0qzce661j00a3jy3o4,2026-10-05
Austria Lustenau,A Lustenau,SC Austria Lustenau,75.5305583505,720,1ypt1hmmrdjdek7yieatpskyc,2026-10-05
União de Leiria,União Leiria,UD Leiria,75.5302115636,721,ahb4b1qj0kffrsdj0uhrjs1lg,2026-10-05
Shkendija,Shkendija,KF Shkendija,75.5277840539,722,bdisf9hz6nqbfmztljccr2978,2026-10-05
Greuther Fürth,Greuther Fürth,SpVgg Greuther Fürth,75.5225822383,723,c21j57b4gkcp8rzyp2cn8jbpw,2026-10-05
Bravo,Bravo,NK Bravo,75.5114849911,724,8pj9wygfe1cepoagkwe0x785w,2026-10-05
Südtirol,Südtirol,FC Südtirol,75.5107914113,725,2aad86jp2iq9zr22oxib5a4gk,2026-10-05
Saoura,Saoura,JS Saoura,75.5033296673,726,ccifwc50hpqpwze0lsw8f8qac,2026-10-05
Unión La Calera,La Calera,CD Unión La Calera,75.4961706986,727,ikhh1wx11krn1uqgykcjof84,2026-10-05
NEOM,NEOM,NEOM SC,75.4777892659,728,4vs6oaojacz5bwo1320rkk844,2026-10-05
Defensores de Belgrano,Defensores,CA Defensores de Belgrano,75.4732822926,729,cbhbsl8jupde33c7j6vrze32s,2026-10-05
Boston River,Boston River,CA Boston River,75.4677335525,730,6bxydtby0dlb8mn1nb1h08iz8,2026-10-05
UD Logroñés,UD Logroñés,UD Logroñés,75.4639742732,731,c1yslf7aazs430di8dpm8yvx0,2026-10-05
PEC Zwolle,PEC,PEC Zwolle,75.4601594998,732,56cvval3nf96u0bf9rzs9h6vo,2026-10-05
Vaduz,Vaduz,FC Vaduz,75.4580787116,733,cx0b7yl7kqmgay9wn2c3zyjh0,2026-10-05
Portuguesa,Portuguesa,Portuguesa FC,75.4538616415,734,55wby45j07iiofu0nuiy08xzo,2026-10-05
MTK,MTK,MTK Budapest,75.4334559025,735,1qah382h96g7zu8m6op3ftams,2026-10-05
Karlsruher SC,KSC,Karlsruher SC,75.4240922272,736,c21j57b4gkcp8rzyp2cn8jbpw,2026-10-05
KuPS,KuPS,Kuopion Palloseura,75.4216646012,737,32gy6t29t9240sgu7l11j9nh0,2026-10-05
Zalaegerszeg,ZTE,Zalaegerszegi TE,75.4195837768,738,1qah382h96g7zu8m6op3ftams,2026-10-05
Anorthosis,Anorthosis,Anorthosis Famagusta FC,75.4022434975,739,9ov525t4gyibnhjsey291aw44,2026-10-05
Orenburg,Orenburg,FK Orenburg,75.4001626549,740,ac9tayo9q3al8a2m6m9pnfrx0,2026-10-05
Strømsgodset,Strømsgodset,Strømsgodset IF,75.3824754135,741,1b7iiw2jok0qp6s65rmh05a1g,2026-10-05
Mazatlán,Mazatlán,Mazatlán FC,75.380139212,742,aegyls91smdw9kipjgbsu8tn8,2026-10-05
Cádiz,Cádiz,Cádiz CF,75.3706838406,743,fgkxmpz2ewao1l63jrbkgg7o,2026-10-05
Defensor Sporting,Defensor,Defensor Sporting Club,75.3678538538,744,6bxydtby0dlb8mn1nb1h08iz8,2026-10-05
Kongsvinger,Kongsvinger,Kongsvinger IL,75.3630539659,745,1b7iiw2jok0qp6s65rmh05a1g,2026-10-05
Gangwon,Gangwon,Gangwon FC,75.3601546066,746,aclvhp7yp4w85gpqw5yyt1xqs,2026-10-05
Municipal Liberia,Liberia,AD Municipal Liberia,75.3388683886,747,58b52ey94lc177s651eyucn4k,2026-10-05
Puebla,Puebla,Club Puebla,75.3367874864,748,9zum4nxferygj8bb0ldcavxn8,2026-10-05
Košice,Košice,FC Košice,75.3176209853,749,5sqcuu8cql6utpiiunzurorv8,2026-10-05
Podbrezová,Podbrezová,FK Železiarne Podbrezová,75.3082568198,750,5sqcuu8cql6utpiiunzurorv8,2026-10-05
Jaguares de Córdoba,Jaguares,Jaguares de Córdoba FC,75.3005712381,751,5l22b8pqde1bdxk6377auk3ro,2026-10-05
National Bank of Egypt,National Bank,National Bank of Egypt SC,75.2983666319,752,5q5bvm7r1fjy0h427jh93a9lg,2026-10-05
Karpaty Lviv,Karpaty Lviv,FC Karpaty Lviv,75.288141071,753,5vqx2miccjg04lp2pqs1hbmc,2026-10-05
Ulsan HD,Ulsan,Ulsan HD FC,75.2852416135,754,aclvhp7yp4w85gpqw5yyt1xqs,2026-10-05
Alcorcón,Alcorcón,AD Alcorcón,75.2683719671,755,c1yslf7aazs430di8dpm8yvx0,2026-10-05
Real Madrid II,Real Madrid II,Real Madrid Castilla CF,75.2603949102,756,c1yslf7aazs430di8dpm8yvx0,2026-10-05
Lugo,Lugo,CD Lugo,75.2524178244,757,c1yslf7aazs430di8dpm8yvx0,2026-10-05
Oriente Petrolero,O. Petrolero,CD Oriente Petrolero,75.2506281786,758,b8kaz0tks262ypfye6pj6dpuc,2026-10-05
Zamora,Zamora,Zamora CF,75.2451343732,759,c1yslf7aazs430di8dpm8yvx0,2026-10-05
San Luis,San Luis,CD San Luis de Quillota,75.2436915533,760,3mlz1os528syxdg3qpkz4ljis,2026-10-05
Zürich,Zürich,FC Zürich,75.2284863944,761,cx0b7yl7kqmgay9wn2c3zyjh0,2026-10-05
Jeju FC,Jeju,Jeju SK FC,75.2280146999,762,aclvhp7yp4w85gpqw5yyt1xqs,2026-10-05
Eyüpspor,Eyüp,Eyüp Spor Kulübü,75.218081344,763,e00dq6lfzgc7vo631cz8ktc0k,2026-10-05
Recoleta,Recoleta,Recoleta FC,75.2138638162,764,ynp3ah4di570mdbqt5a0yuc4,2026-10-05
Pakhtakor,Pakhtakor,FK Pakhtakor Tashkent,75.2100472435,765,30hnhs47crryfhtm1523ygzkk,2026-10-05
ML Vitebsk,ML Vitebsk,FK Maxline Vitebsk,75.2090635939,766,2tml5a5shxx16bkg25p0hh8gk,2026-10-05
Brommapojkarna,Brommapojkarna,IF Brommapojkarna,75.1899874628,767,b99u9gpztyjs5u1i88z6qvg9g,2026-10-05
FCSB,FCSB,SC Fotbal Club FCSB SA,75.1886001013,768,zbhxyecp7s7s2dqg00ojrbis,2026-10-05
Sporting San José,SP. San José,Sporting San José FC,75.1692684287,769,dys50za4ylhqy94bj8zhmyx3o,2026-10-05
Wydad Casablanca,Wydad AC,Wydad Athletic Club,75.1624077425,770,3m3hltejq5dp7tvessefe7pck,2026-10-05
Farense,Farense,SC Farense,75.1358797209,771,ahb4b1qj0kffrsdj0uhrjs1lg,2026-10-05
Penafiel,Penafiel,FC Penafiel,75.1324112307,772,ahb4b1qj0kffrsdj0uhrjs1lg,2026-10-05
Patronato,Patronato,CA Patronato de la Juventud Católica,75.1299277883,773,cbhbsl8jupde33c7j6vrze32s,2026-10-05
Rubio Ñú,Rubio Ñú,Club Rubio Ñú,75.128887239,774,ynp3ah4di570mdbqt5a0yuc4,2026-10-05
Virtus Entella,Virtus Entella,Virtus Entella,75.1275553352,775,2aad86jp2iq9zr22oxib5a4gk,2026-10-05
Real Murcia,Murcia,Real Murcia CF,75.1143749934,776,c1yslf7aazs430di8dpm8yvx0,2026-10-05
SCR Altach,Altach,SCR Altach,75.1074379398,777,1ypt1hmmrdjdek7yieatpskyc,2026-10-05
Dinamo City,Dinamo,FC Dinamo City,75.1060505265,778,bd2cao9ydrq06v5uu7x4ytiqc,2026-10-05
Xelajú,Xelajú,CSD Xelajú Mario Camposeco,75.0707626741,779,8hlpnvuhsi69veuw84gyggr9w,2026-10-05
Malisheva,Malisheva,KF Malisheva,75.0401496666,780,cex4ulecg78atcdvr7zz1dqtw,2026-10-05
Atlético Rafaela,Rafaela,AMSyD Atlético de Rafaela,75.0165050218,781,cbhbsl8jupde33c7j6vrze32s,2026-10-05
Slaven Koprivnica,Slaven,NK Slaven Belupo Koprivnica,74.9926265306,782,ddv8l7gdb84ask7lsxf8x9f6c,2026-10-05
Los Andes,Los Andes,CA Los Andes,74.991530417,783,cbhbsl8jupde33c7j6vrze32s,2026-10-05
Fortaleza,Fortaleza,Fortaleza EC,74.9828586129,784,7pt8trpd4rbju1v568nuskdn8,2026-10-05
Kharkiv,Kharkiv,FK Kharkiv,74.9811797477,785,5vqx2miccjg04lp2pqs1hbmc,2026-10-05
Real Cundinamarca,Cundinamarca,Real Cundinamarca,74.9710649046,786,3f1bsdfpg1eedvajxpif8t5p0,2026-10-05
Nueva Chicago,Nueva Chicago,CA Nueva Chicago,74.9564961188,787,cbhbsl8jupde33c7j6vrze32s,2026-10-05
Ascoli,Ascoli,Ascoli Calcio 1898 FC,74.9496140683,788,2aad86jp2iq9zr22oxib5a4gk,2026-10-05
Mito Hollyhock,Mito,Mito Hollyhock,74.9359609044,789,bakisqj15kviwhxxx3wr3rv9w,2026-10-05
Arkadag,Arkadag,FK Arkadag,74.9339499101,790,8xedf9bqe7yehjmxy13vcql90,2026-10-05
Nouadhibou,FCNDB,FC Nouadhibou ASJN,74.9317440253,791,dp0cjg7hm16o0ay8b1amdexhw,2026-10-05
Vizela,Vizela,FC Vizela,74.9305356907,792,ahb4b1qj0kffrsdj0uhrjs1lg,2026-10-05
Mirandés,Mirandés,CD Mirandés,74.9281075217,793,c1yslf7aazs430di8dpm8yvx0,2026-10-05
Antequera,Antequera,Antequera CF,74.9197823505,794,c1yslf7aazs430di8dpm8yvx0,2026-10-05
FAS,FAS,CD FAS,74.9058273225,795,30t9l739hkqomjqhti9lxg5qs,2026-10-05
Juventude,Juventude,EC Juventude,74.9016888695,796,7pt8trpd4rbju1v568nuskdn8,2026-10-05
Shimizu S-Pulse,Shimizu,Shimizu S-Pulse,74.8953755417,797,bakisqj15kviwhxxx3wr3rv9w,2026-10-05
Sportivo Luqueño,Luqueño,Club Sportivo Luqueño,74.887119624,798,ynp3ah4di570mdbqt5a0yuc4,2026-10-05
Sporting KC,Sporting KC,Sporting Kansas City,74.8546589099,799,6i6n0jkbh9zzij6s8htfjh2j8,2026-10-05
Pontevedra,Pontevedra,Pontevedra CF,74.8504046969,800,c1yslf7aazs430di8dpm8yvx0,2026-10-05
Vinotinto de Ecuador,Vinotinto,Vinotinto de Ecuador FC,74.8378609833,801,2tnmtnib22zkesr45sr0p8xsk,2026-10-05
UTA Arad,Arad,AFC UTA Arad,74.8358351113,802,zbhxyecp7s7s2dqg00ojrbis,2026-10-05
Eintracht Braunschweig,BTSV,Braunschweiger TSV Eintracht 1895,74.8320192515,803,c21j57b4gkcp8rzyp2cn8jbpw,2026-10-05
Cobresal,Cobresal,CD Cobresal,74.8302292641,804,ikhh1wx11krn1uqgykcjof84,2026-10-05
Cerro,Cerro,CA Cerro,74.826066497,805,6bxydtby0dlb8mn1nb1h08iz8,2026-10-05
Guabirá,Guabirá,CDSC Guabirá,74.8021304328,806,b8kaz0tks262ypfye6pj6dpuc,2026-10-05
Lausanne-Sport,Lausanne,FC Lausanne-Sport,74.7966355082,807,cx0b7yl7kqmgay9wn2c3zyjh0,2026-10-05
Olimpija,Olimpija,NK Olimpija Ljubljana,74.7959417036,808,8pj9wygfe1cepoagkwe0x785w,2026-10-05
Doncaster Rovers,Doncaster,Doncaster Rovers FC,74.776515086,809,b7amy99ea2lpnx81o6q94pst0,2026-10-05
Artis Brno,Artis,SK Artis Brno,74.7716584048,810,ei2lksxq5fb6mh8yzxqatwnx0,2026-10-05
Danubio,Danubio,Danubio FC,74.7695214616,811,6bxydtby0dlb8mn1nb1h08iz8,2026-10-05
Wadi Degla,Wadi Degla,Wadi Degla SC,74.7603781752,812,5q5bvm7r1fjy0h427jh93a9lg,2026-10-05
Neftchi,Neftchi,FK Neftchi Farg'ona,74.7483586932,813,30hnhs47crryfhtm1523ygzkk,2026-10-05
Cesena,Cesena,Cesena FC,74.7421711805,814,2aad86jp2iq9zr22oxib5a4gk,2026-10-05
Djoliba,Djoliba,Djoliba AC Bamako,74.7281177786,815,2fvr17f4zzd5uci32usqi0ro4,2026-10-05
Ittihad Tanger,IR Tanger,Ittihad Riadhi de Tanger,74.7267278437,816,3m3hltejq5dp7tvessefe7pck,2026-10-05
Atlético Grau,Grau,Club Atlético Grau,74.7112403907,817,7z7bio16q91wdq4kywi8wlmok,2026-10-05
Avispa Fukuoka,Avispa,Avispa Fukuoka,74.7080487635,818,bakisqj15kviwhxxx3wr3rv9w,2026-10-05
Hansa Rostock,Rostock,FC Hansa Rostock,74.6988068951,819,58t4zseno2tp4253w3dm5i80k,2026-10-05
Empoli,Empoli,Empoli FC,74.6932562046,820,2aad86jp2iq9zr22oxib5a4gk,2026-10-05
Central Español,Central Esp.,Central Español FC,74.6879969124,821,6bxydtby0dlb8mn1nb1h08iz8,2026-10-05
Kauno Žalgiris,Kauno Žalgiris,FK Kauno Žalgiris,74.6734817556,822,4hzcbeghy116szh7rtk757xg4,2026-10-05
Maccabi Netanya,M Netanya,Maccabi Netanya FC,74.6602986904,823,cbr00ay9uda1ju0ooqvb1ufbo,2026-10-05
Benevento,Benevento,Benevento Calcio,74.6554417516,824,2aad86jp2iq9zr22oxib5a4gk,2026-10-05
Sampdoria,Sampdoria,UC Sampdoria,74.6432993576,825,2aad86jp2iq9zr22oxib5a4gk,2026-10-05
Santiago Wanderers,Wanderers,CD Santiago Wanderers,74.6432438494,826,3mlz1os528syxdg3qpkz4ljis,2026-10-05
Al Rayyan,Rayyan,Al Rayyan SC,74.61861056,827,b0n3k3rsxrgrfimue4kkxqmms,2026-10-05
LNZ Cherkasy,LNZ Cherkasy,LNZ Cherkasy FC,74.5926475019,828,5vqx2miccjg04lp2pqs1hbmc,2026-10-05
Grasshoppers,GC Zürich,Grasshopper Club Zürich,74.5770353922,829,cx0b7yl7kqmgay9wn2c3zyjh0,2026-10-05
Asteras Tripolis,Asteras,Asteras Tripolis Aktor FC,74.5732190818,830,13prgjp0qzce661j00a3jy3o4,2026-10-05
Erbil,Erbil,Erbil SC,74.563450209,831,1ua3sfkjt1blxmm5vtgqwavis,2026-10-05
Gimcheon Sangmu,Gimcheon,Gimcheon Sangmu FC,74.5619921518,832,aclvhp7yp4w85gpqw5yyt1xqs,2026-10-05
San Telmo,San Telmo,CA San Telmo,74.55442886,833,cbhbsl8jupde33c7j6vrze32s,2026-10-05
Avellino,Avellino,US Avellino 1912,74.551361903,834,2aad86jp2iq9zr22oxib5a4gk,2026-10-05
Incheon United,Incheon Utd,Incheon United FC,74.5349307117,835,aclvhp7yp4w85gpqw5yyt1xqs,2026-10-05
Arda Kardzhali,Arda,FK Arda 1924 Kardzhali,74.5333208923,836,3rbiru554kufnw6hrtsv0us5w,2026-10-05
Leixões,Leixões,Leixões SC,74.5267289475,837,ahb4b1qj0kffrsdj0uhrjs1lg,2026-10-05
Tondela,Tondela,CD Tondela,74.5204839288,838,ahb4b1qj0kffrsdj0uhrjs1lg,2026-10-05
Diriangén,Diriangén,Diriangén FC,74.5193634058,839,c0h34ymbtky0gg66xxiox8t1w,2026-10-05
Atlético Goianiense,Atlético GO,Atlético Goianiense,74.5103669606,840,7pt8trpd4rbju1v568nuskdn8,2026-10-05
Deportivo Pereira,Pereira,Deportivo Pereira FC,74.505509689,841,5l22b8pqde1bdxk6377auk3ro,2026-10-05
Ibiza,Ibiza,UD Ibiza,74.5000140201,842,c1yslf7aazs430di8dpm8yvx0,2026-10-05
Guingamp,Guingamp,En Avant Guingamp,74.4996670708,843,b4rd8q7zjvernie5778azl7v8,2026-10-05
All Boys,All Boys,CA All Boys,74.4555485543,844,cbhbsl8jupde33c7j6vrze32s,2026-10-05
Al Faisaly,Faisaly,Al Faisaly SC,74.4447915143,845,espg5w80i6jk5f0n0b3buusk4,2026-10-05
Dunkerque,Dunkerque,US du Littoral de Dunkerque,74.4396440199,846,b4rd8q7zjvernie5778azl7v8,2026-10-05
ADO Den Haag,ADO,ADO Den Haag,74.4382561842,847,56cvval3nf96u0bf9rzs9h6vo,2026-10-05
Estudiantes de Mérida,Estudiantes,Estudiantes de Mérida FC,74.4371597934,848,55wby45j07iiofu0nuiy08xzo,2026-10-05
V-Varen Nagasaki,V-Varen,V-Varen Nagasaki,74.4284164037,849,bakisqj15kviwhxxx3wr3rv9w,2026-10-05
Panaitolikos,Panaitolikos,Panaitolikos GFS Agrinio,74.4191733536,850,13prgjp0qzce661j00a3jy3o4,2026-10-05
Envigado,Envigado,Envigado FC,74.4191178397,851,3f1bsdfpg1eedvajxpif8t5p0,2026-10-05
CS Constantine,CS Constantine,CS Constantine,74.4144836103,852,ccifwc50hpqpwze0lsw8f8qac,2026-10-05
Juan Pablo II College,Juan Pablo,ADC Juan Pablo II College,74.4090559162,853,7z7bio16q91wdq4kywi8wlmok,2026-10-05
Cambuur,Cambuur,SC Cambuur Leeuwarden,74.4084175029,854,56cvval3nf96u0bf9rzs9h6vo,2026-10-05
Vardar Skopje,Vardar,FK Vardar Skopje,74.4049478623,855,bdisf9hz6nqbfmztljccr2978,2026-10-05
HJK,HJK,Helsingin Jalkapalloklubi,74.3882935107,856,32gy6t29t9240sgu7l11j9nh0,2026-10-05
Independiente Juniors,Ind. Juniors,CD Independiente Juniors,74.3736653337,857,2tnmtnib22zkesr45sr0p8xsk,2026-10-05
FUS Rabat,FUS Rabat,Fath Union Sport de Rabat,74.3523763819,858,3m3hltejq5dp7tvessefe7pck,2026-10-05
Cambridge United,Cambridge U,Cambridge United FC,74.3390236428,859,b7amy99ea2lpnx81o6q94pst0,2026-10-05
Almagro,Almagro,Club Almagro,74.3344574493,860,cbhbsl8jupde33c7j6vrze32s,2026-10-05
Auckland,Auckland,Auckland FC,74.3288364382,861,1ztoqmkrzy1d4ejf5jokthiqc,2026-10-05
Ben Aknoun,Ben Aknoun,ES Ben Aknoun,74.3190667487,862,ccifwc50hpqpwze0lsw8f8qac,2026-10-05
Stade Malien Bamako,SM Bamako,Stade Malien de Bamako,74.3110885227,863,2fvr17f4zzd5uci32usqi0ro4,2026-10-05
Rot-Weiss Essen,RW Essen,Rot-Weiss Essen,74.3102245424,864,58t4zseno2tp4253w3dm5i80k,2026-10-05
Honvéd,Honvéd,Kispest-Honvéd FC,74.3102245424,865,1qah382h96g7zu8m6op3ftams,2026-10-05
Rudeš,Rudeš,NK Rudeš Zagreb,74.3067547456,866,ddv8l7gdb84ask7lsxf8x9f6c,2026-10-05
Sarajevo,Sarajevo,FK Sarajevo,74.2980802294,867,4c48j9oq3d0aje3ojkb3mbp5g,2026-10-05
San Martín Formosa,SM Formosa,CS General San Martín de Formosa,74.2862273146,868,1q9caek968o8ubc43inhg6uxg,2026-10-05
ZED,ZED,ZED FC,74.2861035896,869,5q5bvm7r1fjy0h427jh93a9lg,2026-10-05
Azam,Azam,Azam FC,74.2824625451,870,c5wdltkcr7ti6feuv6ej6kavo,2026-10-05
Kalmar,Kalmar,Kalmar FF,74.2789961721,871,b99u9gpztyjs5u1i88z6qvg9g,2026-10-05
Chacarita Juniors,Chacarita,CA Chacarita Juniors,74.2768587473,872,cbhbsl8jupde33c7j6vrze32s,2026-10-05
Al Zawra'a,Zawra'a,Al Zawra'a SC,74.2681850244,873,1ua3sfkjt1blxmm5vtgqwavis,2026-10-05
Pohang Steelers,Pohang,FC Pohang Steelers,74.2601340196,874,aclvhp7yp4w85gpqw5yyt1xqs,2026-10-05
ENPPI,ENPPI,ENPPI Club,74.256609814,875,5q5bvm7r1fjy0h427jh93a9lg,2026-10-05
Alemannia Aachen,Alemannia,TSV Alemannia Aachen,74.2547071302,876,58t4zseno2tp4253w3dm5i80k,2026-10-05
Iraklis 1908,Iraklis 1908,Iraklis 1908 FC,74.2470733754,877,13prgjp0qzce661j00a3jy3o4,2026-10-05
Al Mokawloon,Mokawloon,Al Mokawloon Al Arab,74.2427302519,878,5q5bvm7r1fjy0h427jh93a9lg,2026-10-05
Olimpo,Olimpo,Club Olimpo de Bahía Blanca,74.2386900937,879,1q9caek968o8ubc43inhg6uxg,2026-10-05
Pau,Pau,Pau FC,74.2318057854,880,b4rd8q7zjvernie5778azl7v8,2026-10-05
Grenoble,Grenoble,Grenoble Foot 38,74.2186200533,881,b4rd8q7zjvernie5778azl7v8,2026-10-05
San Marcos,San Marcos,CD San Marcos de Arica,74.2078076934,882,3mlz1os528syxdg3qpkz4ljis,2026-10-05
Lusitânia Lourosa,Lourosa,FC Lusitânia de Lourosa,74.195371331,883,ahb4b1qj0kffrsdj0uhrjs1lg,2026-10-05
Kisvárda,Kisvárda,Kisvárda Master Good FC,74.1898193606,884,1qah382h96g7zu8m6op3ftams,2026-10-05
Atlético FC,Atlético,Atlético FC,74.182476858,885,2tnmtnib22zkesr45sr0p8xsk,2026-10-05
CS Sfaxien,Sfax,CS Sfaxien,74.1747191185,886,2cdwuc8jbyg41icy3ah21d2c4,2026-10-05
Unión Magdalena,Magdalena,AD Unión Magdalena,74.1602687597,887,3f1bsdfpg1eedvajxpif8t5p0,2026-10-05
Nancy,Nancy,AS Nancy-Lorraine,74.1513021757,888,b4rd8q7zjvernie5778azl7v8,2026-10-05
Cartagena,Cartagena,FC Cartagena,74.1415860213,889,c1yslf7aazs430di8dpm8yvx0,2026-10-05
Power Dynamos,Dynamos,Power Dynamos FC,74.135336429,890,3yqrgsjxdtodaoynaqjdtzuhg,2026-10-05
Vicenza,Vicenza,LR Vicenza Virtus,74.1346458844,891,2aad86jp2iq9zr22oxib5a4gk,2026-10-05
Antigua,Antigua,Antigua GFC,74.128838273,892,8hlpnvuhsi69veuw84gyggr9w,2026-10-05
Mitre Santiago d. Estero,Mitre SdE,CA Mitre de Santiago del Estero,74.1214040418,893,cbhbsl8jupde33c7j6vrze32s,2026-10-05
Petrojet,Petrojet,Petrojet SC,74.1198922689,894,5q5bvm7r1fjy0h427jh93a9lg,2026-10-05
Huesca,Huesca,SD Huesca,74.1079261505,895,c1yslf7aazs430di8dpm8yvx0,2026-10-05
Athletic Club II,Athletic II,Bilbao Athletic,74.1037620066,896,c1yslf7aazs430di8dpm8yvx0,2026-10-05
Plaza Amador,Plaza Amador,CD Plaza Amador,74.1000363911,897,dxqxpijuyxkzzosa7wdmhzd3o,2026-10-05
Công An Hà Nội,CAHN,Công An Hà Nội FC,74.0803871303,898,cld1l7cgrsr3bij22f2ytqiok,2026-10-05
Al Ittihad Ahli Aleppo,Al Ittihad,Al Ittihad Al Ahli Aleppo SC,74.0750786922,899,epf0rlgn33w37t43qiocvx4wk,2026-10-05
Hapoel Haifa,H Haifa,Hapoel Haifa FC,74.0659373333,900,cbr00ay9uda1ju0ooqvb1ufbo,2026-10-05
Dijon,Dijon,Dijon FCO,74.0589969548,901,b4rd8q7zjvernie5778azl7v8,2026-10-05
Albion,Albion,Albion FC,74.0433254985,902,6bxydtby0dlb8mn1nb1h08iz8,2026-10-05
Racing Córdoba,Racing Córdoba,CA Racing de Córdoba,74.0398552758,903,cbhbsl8jupde33c7j6vrze32s,2026-10-05
Železničar Pančevo,Železničar,FK Železničar Pančevo,74.0350524785,904,akqbhzm3iofv030i63sb5js44,2026-10-05
Firpo,Firpo,CD Luis Ángel Firpo,74.0113750601,905,30t9l739hkqomjqhti9lxg5qs,2026-10-05
Slovácko,Slovácko,1. FC Slovácko,74.0048612406,906,ei2lksxq5fb6mh8yzxqatwnx0,2026-10-05
Criciúma,Criciúma,Criciúma EC,73.9999473167,907,7pt8trpd4rbju1v568nuskdn8,2026-10-05
Nea Salamis,Nea Salamis,Nea Salamis Famagusta,73.9854275779,908,9ov525t4gyibnhjsey291aw44,2026-10-05
Deportivo Alavés II,Alavés II,Deportivo Alavés II,73.9850805466,909,3jk4gnb5m4ov0fm9ssmgg4c2c,2026-10-05
Caracas,Caracas,Caracas FC,73.9694085564,910,55wby45j07iiofu0nuiy08xzo,2026-10-05
Scottland Mabvuku,Scottland,Scottland FC Mabvuku,73.9647756501,911,8ea4fh0n7w704hsj43vlxw4yc,2026-10-05
Drita,Drita,KF Drita,73.9535027494,912,cex4ulecg78atcdvr7zz1dqtw,2026-10-05
UTS Rabat,UTS,Union Touarga Sportif,73.9331929948,913,3m3hltejq5dp7tvessefe7pck,2026-10-05
Olympiakos Nicosia,Olympiakos,Olympiakos Nicosia FC,73.9330252266,914,9ov525t4gyibnhjsey291aw44,2026-10-05
Benfica II,Benfica II,SL Benfica II,73.9246962593,915,ahb4b1qj0kffrsdj0uhrjs1lg,2026-10-05
Modern,Modern,Modern SC,73.9245169872,916,5q5bvm7r1fjy0h427jh93a9lg,2026-10-05
ES Sétif,ES Sétif,ES Sétif,73.9217406575,917,ccifwc50hpqpwze0lsw8f8qac,2026-10-05
Deportes Iquique,Iquique,CD Iquique,73.909370876,918,3mlz1os528syxdg3qpkz4ljis,2026-10-05
Hércules,Hércules,Hércules CF,73.905608922,919,c1yslf7aazs430di8dpm8yvx0,2026-10-05
Padova,Calcio Padova,Calcio Padova Spa,73.9042207455,920,2aad86jp2iq9zr22oxib5a4gk,2026-10-05
Olancho,Olancho,Olancho FC,73.9029263812,921,bifv7w5gplrvhfvyqle3jf504,2026-10-05
Central Norte,Central Norte,CA Central Norte,73.9003477282,922,cbhbsl8jupde33c7j6vrze32s,2026-10-05
CRB,CRB,Clube de Regatas Brasil,73.8993065934,923,7pt8trpd4rbju1v568nuskdn8,2026-10-05
Blackpool,Blackpool,Blackpool FC,73.8771511251,924,b7amy99ea2lpnx81o6q94pst0,2026-10-05
CF Os Belenenses,Belenenses,CF Os Belenenses,73.8643102894,925,eoix5zq4par8gwml3bhkkyihg,2026-10-05
SS Reyes,Sanse,UD San Sebastián de los Reyes,73.8566751618,926,3jk4gnb5m4ov0fm9ssmgg4c2c,2026-10-05
St Patrick's Athletic,St Pat's,St Patrick's Athletic FC,73.8490400072,927,6zkfyunc0lfteytfj6slonuhg,2026-10-05
Blooming,Blooming,CSCyD Blooming,73.8448198375,928,b8kaz0tks262ypfye6pj6dpuc,2026-10-05
Al Ettifaq,Ettifaq,Al Ettifaq Club,73.8385714919,929,4vs6oaojacz5bwo1320rkk844,2026-10-05
Cultural Leonesa,Cultural,Cultural y Deportiva Leonesa,73.8382813347,930,c1yslf7aazs430di8dpm8yvx0,2026-10-05
Magallanes,Magallanes,CD Magallanes,73.8201788798,931,3mlz1os528syxdg3qpkz4ljis,2026-10-05
Barakaldo,Barakaldo,Barakaldo CF,73.8167638291,932,c1yslf7aazs430di8dpm8yvx0,2026-10-05
Cuiabá,Cuiabá,Cuiabá EC,73.7962317646,933,7pt8trpd4rbju1v568nuskdn8,2026-10-05
Al Quwa Al Jawiya,Al Quwa,Al Quwa Al Jawiya,73.7896384974,934,1ua3sfkjt1blxmm5vtgqwavis,2026-10-05
Isloch,Isloch,FK Isloch Minsk Region,73.757763119,935,2tml5a5shxx16bkg25p0hh8gk,2026-10-05
Akron,Akron,FK Akron Tolyatti,73.7501276154,936,ac9tayo9q3al8a2m6m9pnfrx0,2026-10-05
Monagas,Monagas,Monagas SC,73.7479896695,937,55wby45j07iiofu0nuiy08xzo,2026-10-05
Paradise,Paradise,Paradise FC International,73.7462301403,938,7e8iz4klq135f8mgvdy8z4kyc,2026-10-05
Degerfors,Degerfors,Degerfors IF,73.7265267971,939,b99u9gpztyjs5u1i88z6qvg9g,2026-10-05
9 de Octubre,9 de Octubre,Club 9 de Octubre,73.7223063884,940,2tnmtnib22zkesr45sr0p8xsk,2026-10-05
Kawkab Marrakech,Kawkab,Kawkab Athlétique Club de Marrakech,73.7218355578,941,3m3hltejq5dp7tvessefe7pck,2026-10-05
Rouen,Rouen,FC Rouen 1899,73.7147262914,942,2hzxt22wy9dxf7qxh08hjbuhg,2026-10-05
Al-Karma,Karma,Al-Karma SC,73.6820464079,943,1ua3sfkjt1blxmm5vtgqwavis,2026-10-05
ASEC Mimosas,ASEC,AS des Employés de Commerce Mimosas,73.6807092373,944,2x67tvk4kdanna2zej4ui0bv8,2026-10-05
Foolad,Foolad,Foolad Khuzestan FC,73.6744083552,945,1p2kviatzyprl6bv4j6zs9ams,2026-10-05
Radnički 1923,Radnički 1923,FK Radnički 1923,73.6703002796,946,akqbhzm3iofv030i63sb5js44,2026-10-05
Guastatoya,Guastatoya,Deportivo Guastatoya,73.6624089258,947,8hlpnvuhsi69veuw84gyggr9w,2026-10-05
Farul Constanţa,Farul,FCV Farul Constanţa,73.6560698794,948,zbhxyecp7s7s2dqg00ojrbis,2026-10-05
Notts County,Notts,Notts County FC,73.6494752719,949,b7amy99ea2lpnx81o6q94pst0,2026-10-05
Al Hilal Omdurman,Hilal Omdurman,Al-Hilal SC (Omdurman),73.6352412653,950,193l1zv2eyi82heh2jblkwqhg,2026-10-05
Tokyo Verdy,Tokyo Verdy,Tokyo Verdy,73.6302605533,951,bakisqj15kviwhxxx3wr3rv9w,2026-10-05
Sochaux,Sochaux,FC Sochaux Montbéliard,73.6300384168,952,b4rd8q7zjvernie5778azl7v8,2026-10-05
Robinhood,Robinhood,SV Robinhood,73.6291188549,953,2iliu0oyb0iehjz6cxu2y9t78,2026-10-05
Al Ittihad,Ittihad,Al Ittihad Al Iskandary,73.6288178552,954,5q5bvm7r1fjy0h427jh93a9lg,2026-10-05
Corvinul Hunedoara,Hunedoara,SC Corvinul 1921 Hunedoara,73.6255262647,955,zbhxyecp7s7s2dqg00ojrbis,2026-10-05
Khenchela,Khenchela,USM Khenchela,73.6215289852,956,ccifwc50hpqpwze0lsw8f8qac,2026-10-05
FCI Levadia,Levadia,Tallinna FCI Levadia,73.608865929,957,co1q4zpn5ep76y2tiqohorspg,2026-10-05
Al Wahda,Al Wahda,Al Wahda FC,73.6036026439,958,b6a9x42zsbxzbc2n5t79kdono,2026-10-05
Comerciantes Unidos,Comerciantes,CD Comerciantes Unidos,73.5952737764,959,7z7bio16q91wdq4kywi8wlmok,2026-10-05
Dundee United,Dundee Utd,Dundee United FC,73.5925525589,960,7qmc7ue3f8yzv8yqmsxc9irro,2026-10-05
Los Chankas,Los Chankas,CD Los Chankas CYC,73.5706299718,961,7z7bio16q91wdq4kywi8wlmok,2026-10-05
Olympique Akbou,Akbou,Olympique Akbou,73.5694649122,962,ccifwc50hpqpwze0lsw8f8qac,2026-10-05
Melbourne City,Melbourne City,Melbourne City FC,73.5521642886,963,1ztoqmkrzy1d4ejf5jokthiqc,2026-10-05
Deportes Copiapó,Copiapó,CD Copiapó,73.5487626981,964,3mlz1os528syxdg3qpkz4ljis,2026-10-05
Viktoria Köln,Viktoria Köln,FC Viktoria Köln 1904,73.5470827269,965,58t4zseno2tp4253w3dm5i80k,2026-10-05
AF Elbasani,AF Elbasani,AF Elbasani,73.5467356253,966,bd2cao9ydrq06v5uu7x4ytiqc,2026-10-05
Kalamata,Kalamata,PS PAE Kalamata,73.5450001162,967,13prgjp0qzce661j00a3jy3o4,2026-10-05
Alvarado,Alvarado,CA Alvarado,73.5404322497,968,1q9caek968o8ubc43inhg6uxg,2026-10-05
Fortuna Düsseldorf,Düsseldorf,Düsseldorfer TuS Fortuna 1895,73.5384051691,969,58t4zseno2tp4253w3dm5i80k,2026-10-05
1º de Agosto,1º de Agosto,CD Primeiro de Agosto,73.515319224,970,ofi6heevfqlhgto3devky0b8,2026-10-05
Felgueiras 1932,Felgueiras,FC Felgueiras 1932,73.5047359138,971,ahb4b1qj0kffrsdj0uhrjs1lg,2026-10-05
Real Estelí,Estelí,Real Estelí FC,73.4890362548,972,c0h34ymbtky0gg66xxiox8t1w,2026-10-05
Moghreb Tétouan,Tétouan,Moghreb Athlétic de Tétouan,73.4830357744,973,e66497iax4m4oq94h8qc9nllg,2026-10-05
Asswehly,Asswehly,Asswehly SC,73.4788727088,974,68kgxuk3dkg7p955ifkisgc9g,2026-10-05
Norrköping,Norrköping,IFK Norrköping,73.4502391994,975,e45p1bhnnox3kdgzamrx63r4k,2026-10-05
Persib Bandung,Persib,Persatuan Sepakbola Indonesia Bandung,73.4487257678,976,2t0yn5r2hq16whtb16f4i7nro,2026-10-05
Cacereño,Cacereño,CP Cacereño,73.4478093775,977,c1yslf7aazs430di8dpm8yvx0,2026-10-05
Arezzo,Arezzo,SS Arezzo,73.4467680244,978,2aad86jp2iq9zr22oxib5a4gk,2026-10-05
Omonia Aradippou,Omonia,Omonia FC Aradippou,73.4432968437,979,9ov525t4gyibnhjsey291aw44,2026-10-05
Bohemians,Bohemians,Bohemian FC,73.4360073462,980,6zkfyunc0lfteytfj6slonuhg,2026-10-05
Burton Albion,Burton,Burton Albion FC,73.4318419079,981,b7amy99ea2lpnx81o6q94pst0,2026-10-05
AVS,AVS,AVS Futebol,73.4280235824,982,ahb4b1qj0kffrsdj0uhrjs1lg,2026-10-05
Muharraq,Muharraq,Muharraq Club,73.4269253113,983,3dsgnubzzf96l31ocjo3kial0,2026-10-05
Unionistas de Salamanca,Unionistas,CD Unionistas de Salamanca CF,73.4235110071,984,c1yslf7aazs430di8dpm8yvx0,2026-10-05
Willem II,Willem II,Willem II Tilburg,73.4217753987,985,56cvval3nf96u0bf9rzs9h6vo,2026-10-05
Al Taawoun,Taawoun,Al Taawoun FC,73.4185943915,986,4vs6oaojacz5bwo1320rkk844,2026-10-05
San Miguel,San Miguel,CA San Miguel,73.4113061793,987,cbhbsl8jupde33c7j6vrze32s,2026-10-05
Falkirk,Falkirk,Falkirk FC,73.3846330436,988,7qmc7ue3f8yzv8yqmsxc9irro,2026-10-05
MK Dons,MK Dons,Milton Keynes Dons FC,73.3842859158,989,b7amy99ea2lpnx81o6q94pst0,2026-10-05
Vipers,Vipers,Vipers SC,73.3754306656,990,d43v3lpfbbegmsubl20bdpct0,2026-10-05
Wiliete,Wiliete,Wiliete SC,73.3670995463,991,ofi6heevfqlhgto3devky0b8,2026-10-05
Red Arrows,Red Arrows,Red Arrows FC,73.3603304881,992,3yqrgsjxdtodaoynaqjdtzuhg,2026-10-05
Rodina Moskva,Rodina,FK Rodina Moskva,73.3544327118,993,ac9tayo9q3al8a2m6m9pnfrx0,2026-10-05
Deportes Quindío,Quindío,Corporación Deportes Quindío,73.3502115742,994,3f1bsdfpg1eedvajxpif8t5p0,2026-10-05
Al Ansar,Ansar,Al Ansar FC,73.3328557482,995,9lv9rln2qwsqme0g8t366uiac,2026-10-05
Carrarese,Carrarese,Carrarese Calcio 1908,73.3214548532,996,2aad86jp2iq9zr22oxib5a4gk,2026-10-05
Al Khaldiya,Khaldiya,Al Khaldiya SC,73.3120251948,997,3dsgnubzzf96l31ocjo3kial0,2026-10-05
IMT,IMT,FK IMT,73.3093049882,998,akqbhzm3iofv030i63sb5js44,2026-10-05
Shamrock Rovers,Shamrock,Shamrock Rovers FC,73.3079164278,999,6zkfyunc0lfteytfj6slonuhg,2026-10-05
Melbourne Victory,Mel Victory,Melbourne Victory,73.3067500364,1000,1ztoqmkrzy1d4ejf5jokthiqc,2026-10-05
Argeș,Argeș,ACS Campionii FC Argeş,73.3065278666,1001,zbhxyecp7s7s2dqg00ojrbis,2026-10-05
Mount Pleasant Academy,Mt. Pleasant,Mount Pleasant Academy FC,73.297075323,1002,3b44u42lrrjhxh5ket3d32z9w,2026-10-05
Vila Nova,Vila Nova,Vila Nova FC,73.2870323715,1003,7pt8trpd4rbju1v568nuskdn8,2026-10-05
Primavera SP,Primavera,EC Primavera,73.2859909405,1004,6psh6p206w2x6jzrx8gvhsems,2026-10-05
Teuta Durrës,Teuta,KF Teuta Durrës,73.2777150175,1005,bd2cao9ydrq06v5uu7x4ytiqc,2026-10-05
AmaZulu,AmaZulu,AmaZulu FC,73.270592778,1006,3wl91cn4c74oeacldjjpw800k,2026-10-05
Universidad Concepción,U. Concepción,CD Universidad de Concepción,73.263426478,1007,ikhh1wx11krn1uqgykcjof84,2026-10-05
Oţelul Galați,Oţelul,ASC Oțelul Galați,73.2627877267,1008,zbhxyecp7s7s2dqg00ojrbis,2026-10-05
Capivariano,Capivariano,Capivariano FC,73.2585664089,1009,6psh6p206w2x6jzrx8gvhsems,2026-10-05
Botoșani,Botoșani,FC Botoșani,73.2541090216,1010,zbhxyecp7s7s2dqg00ojrbis,2026-10-05
Sporting CP II,Sporting CP II,Sporting CP II,73.2419587754,1011,ahb4b1qj0kffrsdj0uhrjs1lg,2026-10-05
KÍ,KÍ,KÍ Klaksvík,73.2346685946,1012,9cmufoxqnsf2h6xwos1z1j6s4,2026-10-05
Renaissance Zemamra,RCA Zemamra,Renaissance Club Athletic Zemamra,73.2192145191,1013,3m3hltejq5dp7tvessefe7pck,2026-10-05
Hermannstadt,Hermannstadt,AFC Hermannstadt Sibiu,73.2176580765,1014,zbhxyecp7s7s2dqg00ojrbis,2026-10-05
Deportivo de A Coruña II,Deportivo II,Real Club Deportivo Fabril,73.1978701612,1015,c1yslf7aazs430di8dpm8yvx0,2026-10-05
Al Duhail,Al Duhail,Al Duhail SC,73.1873984809,1016,b0n3k3rsxrgrfimue4kkxqmms,2026-10-05
Sport Recife,Sport,SC do Recife,73.1870526903,1017,7pt8trpd4rbju1v568nuskdn8,2026-10-05
Mixco,Mixco,CSyD Mixco,73.1865054786,1018,8hlpnvuhsi69veuw84gyggr9w,2026-10-05
Enugu Rangers,Enugu,Enugu Rangers International FC,73.1805087188,1019,bblld98re54ohfsni235m1gyc,2026-10-05
Recoleta,Recoleta,CD Recoleta,73.1700417945,1020,3mlz1os528syxdg3qpkz4ljis,2026-10-05
JEF United,JEF Utd,JEF United Ichihara Chiba,73.169972362,1021,bakisqj15kviwhxxx3wr3rv9w,2026-10-05
Zlín,Zlín,FC Zlín,73.1527391447,1022,ei2lksxq5fb6mh8yzxqatwnx0,2026-10-05
Omonia 29is Maiou,Omonia 29 M,ALS Omonia 29is Maiou,73.1499618203,1023,9ov525t4gyibnhjsey291aw44,2026-10-05
Racing de Ferrol,Racing Ferrol,Racing Club Ferrol,73.140588324,1024,c1yslf7aazs430di8dpm8yvx0,2026-10-05
Algeciras,Algeciras,Algeciras CF,73.1357279764,1025,c1yslf7aazs430di8dpm8yvx0,2026-10-05
Sheriff,Sheriff,FK Sheriff Tiraspol,73.114550619,1026,c0orgvbfnq9wp7blxq2rdm0pg,2026-10-05
Anyang,Anyang,FC Anyang,73.1012330784,1027,aclvhp7yp4w85gpqw5yyt1xqs,2026-10-05
Aberdeen,Aberdeen,Aberdeen FC,73.0912900014,1028,7qmc7ue3f8yzv8yqmsxc9irro,2026-10-05
Wydad Témara,Wydad Témara,Wydad Sportive de Témara,73.0907634846,1029,e66497iax4m4oq94h8qc9nllg,2026-10-05
Barcelona II,Barcelona II,FC Barcelona Atlètic,73.0843464845,1030,3jk4gnb5m4ov0fm9ssmgg4c2c,2026-10-05
Real Betis II,Betis II,Betis Deportivo Balompié,73.0777501226,1031,3jk4gnb5m4ov0fm9ssmgg4c2c,2026-10-05
Academia Quintana,Ac. Quintana,Academia Quintana,73.0759344965,1032,9ij31b9nteu7u821uzpr04k4,2026-10-05
Saarbrücken,Saarbrücken,1. FC Saarbrücken,73.0551834674,1033,58t4zseno2tp4253w3dm5i80k,2026-10-05
Winterthur,Winterthur,FC Winterthur,73.0357412352,1034,akzt9nsp06yyv03a86lz8kdn8,2026-10-05
Al Kholood,Al Kholood,Al Kholood Club,73.0249215759,1035,4vs6oaojacz5bwo1320rkk844,2026-10-05
Real Unión,Real Unión,Real Unión Club,73.0242841228,1036,c1yslf7aazs430di8dpm8yvx0,2026-10-05
Real Cartagena,Cartagena,Real Cartagena FC SA,73.0179792129,1037,3f1bsdfpg1eedvajxpif8t5p0,2026-10-05
Rahimo,Rahimo,Rahimo FC,73.0145594164,1038,56y5sheadf58560v7uwkil9n8,2026-10-05
Prishtina,Prishtina,FC Prishtina,73.0076214045,1039,cex4ulecg78atcdvr7zz1dqtw,2026-10-05
Kryvbas KR,Kryvbas KR,FK Kryvbas Kryvyi Rih,73.0048416096,1040,5vqx2miccjg04lp2pqs1hbmc,2026-10-05
Botev Plovdiv,Botev,PFK Botev Plovdiv,72.9947730958,1041,3rbiru554kufnw6hrtsv0us5w,2026-10-05
Petrolul 52,Petrolul 52,ACS Petrolul 52 Ploieşti,72.9930371404,1042,zbhxyecp7s7s2dqg00ojrbis,2026-10-05
Diriyah Club,Diriyah,Diriyah Club,72.9919386465,1043,4vs6oaojacz5bwo1320rkk844,2026-10-05
CODM Meknès,CODM,Club Omnisports de Meknès,72.9855667618,1044,3m3hltejq5dp7tvessefe7pck,2026-10-05
Ural,Ural,FK Ural Sverdlovskaya Oblast,72.9847045346,1045,ewtzgv48te3m77r86sxunl3x0,2026-10-05
Gualaceo,Gualaceo,Gualaceo SC,72.9759691514,1046,2tnmtnib22zkesr45sr0p8xsk,2026-10-05
Sydney,Sydney,Sydney FC,72.9561095621,1047,1ztoqmkrzy1d4ejf5jokthiqc,2026-10-05
Monastir,Monastir,US Monastirienne,72.9518888293,1048,2cdwuc8jbyg41icy3ah21d2c4,2026-10-05
ADT,ADT,Asociación Deportiva Tarma,72.9409022693,1049,7z7bio16q91wdq4kywi8wlmok,2026-10-05
Clermont,Clermont,Clermont Foot 63,72.929152999,1050,b4rd8q7zjvernie5778azl7v8,2026-10-05
Ilves,Ilves,Tampereen Ilves,72.9267225864,1051,32gy6t29t9240sgu7l11j9nh0,2026-10-05
Real Jaén,Jaén,Real Jaén CF,72.9017238955,1052,c1yslf7aazs430di8dpm8yvx0,2026-10-05
Barnsley,Barnsley,Barnsley FC,72.8972102118,1053,b7amy99ea2lpnx81o6q94pst0,2026-10-05
Kayserispor,Kayseri,Kayserispor SK,72.8878356074,1054,9vlcn0hdb4ufq9s8e7kjnfn6c,2026-10-05
Fakel,Fakel,FK Fakel Voronezh,72.8781137519,1055,ac9tayo9q3al8a2m6m9pnfrx0,2026-10-05
Barnet,Barnet,Barnet FC,72.8635308857,1056,7kjvvls20hnhjguys4t73yjh0,2026-10-05
Progreso,Progreso,CA Progreso,72.8353509503,1057,6bxydtby0dlb8mn1nb1h08iz8,2026-10-05
Stade-Lausanne-Ouchy,Stade-Lausanne,FC Stade-Lausanne-Ouchy,72.8267260657,1058,akzt9nsp06yyv03a86lz8kdn8,2026-10-05
Preußen Münster,Münster,SC Preußen 06 Münster,72.8190872499,1059,58t4zseno2tp4253w3dm5i80k,2026-10-05
Chaves,Chaves,GD Chaves,72.7965178614,1060,ahb4b1qj0kffrsdj0uhrjs1lg,2026-10-05
Europa,Europa,CE Europa,72.7923511789,1061,c1yslf7aazs430di8dpm8yvx0,2026-10-05
Unión Española,Española,Unión Española,72.7884761569,1062,3mlz1os528syxdg3qpkz4ljis,2026-10-05
Operário PR,Operário,Operário Ferroviário EC,72.785003909,1063,7pt8trpd4rbju1v568nuskdn8,2026-10-05
Leyton Orient,L Orient,Leyton Orient FC,72.7847122399,1064,b7amy99ea2lpnx81o6q94pst0,2026-10-05
Gol Gohar,Gol Gohar,Gol Gohar FC Sirjan,72.766252303,1065,1p2kviatzyprl6bv4j6zs9ams,2026-10-05
El Qanah,El Qanah,El Qanah FC,72.7480739197,1066,5q5bvm7r1fjy0h427jh93a9lg,2026-10-05
Differdange 03,Differdange,FC Differdange 03,72.738530798,1067,uza4dpaosr9j4jztif162p78,2026-10-05
Sekhukhune United,Sekhukhune Utd,Sekhukhune United FC,72.7369624957,1068,3wl91cn4c74oeacldjjpw800k,2026-10-05
Wigan Athletic,Wigan,Wigan Athletic FC,72.7242942117,1069,b7amy99ea2lpnx81o6q94pst0,2026-10-05
Cancún,Cancún,Cancún FC,72.7176320632,1070,3cxwni2dq94c7yt90g8m7rs44,2026-10-05
Zemplín Michalovce,Zemplín,MFK Zemplín Michalovce,72.7145716102,1071,5sqcuu8cql6utpiiunzurorv8,2026-10-05
Sepsi,Sepsi,Sepsi OSK Sfântu Gheorghe,72.7121409529,1072,zbhxyecp7s7s2dqg00ojrbis,2026-10-05
Newcastle Jets,Newcastle,Newcastle Jets FC,72.6943067882,1073,1ztoqmkrzy1d4ejf5jokthiqc,2026-10-05
Karmiotissa,Karmiotissa,Karmiotissa Pano Polemidia,72.6930428347,1074,9ov525t4gyibnhjsey291aw44,2026-10-05
Internacional Palmira,Inter Palmira,Internacional FC de Palmira,72.6912510752,1075,3f1bsdfpg1eedvajxpif8t5p0,2026-10-05
Chengdu Rongcheng,Rongcheng,Chengdu Rongcheng FC,72.6894454245,1076,e6818x4pwankpph8awr91m1hw,2026-10-05
All Saints United,All Saints Utd,All Saints United FC,72.6877544748,1077,eutz7cztklmm0kuh8bthrfxg4,2026-10-05
JS El Biar,Biar,Jeunesse Sportive D'El Biar,72.6848769224,1078,ccifwc50hpqpwze0lsw8f8qac,2026-10-05
Dundee,Dundee,Dundee FC,72.6638744688,1079,7qmc7ue3f8yzv8yqmsxc9irro,2026-10-05
RC Saint Joseph,Saint Joseph,Racing Club Saint Joseph,72.6523356046,1080,8oya8610sjuxts1g4yxvd1nh0,2026-10-05
San Carlos,San Carlos,AD San Carlos,72.6417422691,1081,dys50za4ylhqy94bj8zhmyx3o,2026-10-05
El Gouna,Gouna,El Gouna,72.6352208221,1082,5q5bvm7r1fjy0h427jh93a9lg,2026-10-05
Atlético Morelia,Morelia,Club Atlético Morelia,72.6238762614,1083,3cxwni2dq94c7yt90g8m7rs44,2026-10-05
Al Ahli Benghazi,Ahli Benghazi,Al Ahli Benghazi,72.620985827,1084,68kgxuk3dkg7p955ifkisgc9g,2026-10-05
Numancia,Numancia,CD Numancia de Soria,72.6169958997,1085,3jk4gnb5m4ov0fm9ssmgg4c2c,2026-10-05
Hapoel Jerusalem,H Jerusalem,Hapoel Jerusalem FC,72.615954142,1086,cbr00ay9uda1ju0ooqvb1ufbo,2026-10-05
Dukagjini,Dukagjini,KF Dukagjini Klina,72.6152619192,1087,cex4ulecg78atcdvr7zz1dqtw,2026-10-05
Amal Tiznit,USAT,US Amal Tiznit,72.5744512889,1088,e66497iax4m4oq94h8qc9nllg,2026-10-05
Independiente,Independiente,Club Independiente Petrolero,72.5509613404,1089,b8kaz0tks262ypfye6pj6dpuc,2026-10-05
Sant Andreu,Sant Andreu,UE Sant Andreu,72.5433770968,1090,c1yslf7aazs430di8dpm8yvx0,2026-10-05
Yverdon Sport,Yverdon,Yverdon Sport FC,72.5419880383,1091,akzt9nsp06yyv03a86lz8kdn8,2026-10-05
Inter San Carlos,San Carlos,Inter San Carlos,72.5302725944,1092,dys50za4ylhqy94bj8zhmyx3o,2026-10-05
Verl,Verl,SC Verl 1924,72.5256665323,1093,58t4zseno2tp4253w3dm5i80k,2026-10-05
Stabæk,Stabæk,Stabæk Fotball,72.5253192648,1094,1b7iiw2jok0qp6s65rmh05a1g,2026-10-05
San Antonio Bulo Bulo,San Antonio BB,CD Cultural San Antonio de Bulo Bulo,72.525263702,1095,b8kaz0tks262ypfye6pj6dpuc,2026-10-05
Managua,Managua,Managua FC,72.5248922387,1096,c0h34ymbtky0gg66xxiox8t1w,2026-10-05
Medeama,Medeama,Medeama SC,72.5174999768,1097,9jwcn4214a2l2atxhtwj6zxg4,2026-10-05
Laval,Laval,Stade Lavallois Mayenne FC,72.4999685877,1098,b4rd8q7zjvernie5778azl7v8,2026-10-05
Nizhny Novgorod,Nizhny Novg.,FK Pari Nizhny Novgorod,72.4902449599,1099,ewtzgv48te3m77r86sxunl3x0,2026-10-05
Volos NFC,Volos,Volos New Football Club,72.4746176076,1100,13prgjp0qzce661j00a3jy3o4,2026-10-05
Zorya,Zorya,FC Zorya Luhansk,72.473228504,1101,5vqx2miccjg04lp2pqs1hbmc,2026-10-05
CA La Paz,La Paz,CA La Paz,72.4707328893,1102,3cxwni2dq94c7yt90g8m7rs44,2026-10-05
Atlético Baleares,Baleares,CD Atlético Baleares,72.4499608843,1103,3jk4gnb5m4ov0fm9ssmgg4c2c,2026-10-05
Stade Tunisien,Stade Tunisien,Stade Tunisien,72.4494342089,1104,2cdwuc8jbyg41icy3ah21d2c4,2026-10-05
Gimnàstic Tarragona,Tarragona,Club Gimnàstic de Tarragona,72.4440571192,1105,c1yslf7aazs430di8dpm8yvx0,2026-10-05
Ceará,Ceará,Ceará SC,72.4200390444,1106,7pt8trpd4rbju1v568nuskdn8,2026-10-05
Struga,Struga,FC Struga Trim-Lum,72.4100233296,1107,bdisf9hz6nqbfmztljccr2978,2026-10-05
USM El Harrach,USM El Harrach,USM El Harrach,72.4049819158,1108,flxkeved0q9tmclqafcpql1w,2026-10-05
St. Mirren,St. Mirren,Saint Mirren FC,72.4009938651,1109,7qmc7ue3f8yzv8yqmsxc9irro,2026-10-05
MB Rouisset,Rouisset,MB Rouisset,72.3952578523,1110,ccifwc50hpqpwze0lsw8f8qac,2026-10-05
Bryne,Bryne,Bryne FK,72.3905752044,1111,1b7iiw2jok0qp6s65rmh05a1g,2026-10-05
Ironi Tiberias,I Tiberias,Ironi Tiberias FC,72.3881441762,1112,cbr00ay9uda1ju0ooqvb1ufbo,2026-10-05
Al Hussein,Hussein,Al Hussein SC,72.3811414297,1113,espg5w80i6jk5f0n0b3buusk4,2026-10-05
Rivers United,Rivers Utd,Rivers United FC,72.3777219794,1114,bblld98re54ohfsni235m1gyc,2026-10-05
Ballkani,Ballkani,KF Ballkani,72.3718237689,1115,cex4ulecg78atcdvr7zz1dqtw,2026-10-05
Al-Nasr,Nasr,Al-Nasr Club of Benghazi,72.3716443668,1116,68kgxuk3dkg7p955ifkisgc9g,2026-10-05
Nasaf,Nasaf,PFC Nasaf,72.3682916203,1117,30hnhs47crryfhtm1523ygzkk,2026-10-05
Difaâ El Jadida,El Jadida,Difaâ Hassani d'El Jadida,72.3601813955,1118,3m3hltejq5dp7tvessefe7pck,2026-10-05
FC Cajamarca,FC Cajamarca,FC Cajamarca,72.3502336668,1119,7z7bio16q91wdq4kywi8wlmok,2026-10-05
Floriana,Floriana,Floriana FC,72.3485527527,1120,3jedmdrdnamejeki9uh7jrs44,2026-10-05
Smouha,Smouha,Smouha SC,72.3417747055,1121,5q5bvm7r1fjy0h427jh93a9lg,2026-10-05
Örgryte,Örgryte,Örgryte IS,72.3284094636,1122,b99u9gpztyjs5u1i88z6qvg9g,2026-10-05
Golden Arrows,Arrows,Lamontville Golden Arrows FC,72.3195475457,1123,3wl91cn4c74oeacldjjpw800k,2026-10-05
Al Wehdat,Wehdat,Al Wehdat SC,72.3186281105,1124,espg5w80i6jk5f0n0b3buusk4,2026-10-05
Leones Negros UdeG,Leones Negros,CD Leones Negros de la Universidad de Guadalajara,72.3120216266,1125,3cxwni2dq94c7yt90g8m7rs44,2026-10-05
St. Johnstone,St. Johnstone,Saint Johnstone FC,72.3113917079,1126,7qmc7ue3f8yzv8yqmsxc9irro,2026-10-05
Amiens,Amiens,Amiens SC,72.3054875565,1127,2hzxt22wy9dxf7qxh08hjbuhg,2026-10-05
Al-Ittihad,Ittihad,Al-Ittihad,72.2938493842,1128,68kgxuk3dkg7p955ifkisgc9g,2026-10-05
Peterborough United,Peterborough,Peterborough United FC,72.2895115351,1129,b7amy99ea2lpnx81o6q94pst0,2026-10-05
Sestao River,Sestao,Sestao River Club,72.2846492437,1130,3jk4gnb5m4ov0fm9ssmgg4c2c,2026-10-05
São Bernardo,São Bernardo,São Bernardo FC,72.2745217496,1131,7pt8trpd4rbju1v568nuskdn8,2026-10-05
Hassania Agadir,HUSA,Hassania Union Sport d'Agadir,72.2632840039,1132,3m3hltejq5dp7tvessefe7pck,2026-10-05
Puntarenas,Puntarenas,Puntarenas FC,72.2611238431,1133,dys50za4ylhqy94bj8zhmyx3o,2026-10-05
Universitario de Vinto,Universitario,FC Universitario de Vinto,72.2592401165,1134,b8kaz0tks262ypfye6pj6dpuc,2026-10-05
Ironi Kiryat Shmona,Kiryat Shmona,Hapoel Ironi Kiryat Shmona FC,72.2568645073,1135,cbr00ay9uda1ju0ooqvb1ufbo,2026-10-05
Cipolletti,Cipolletti,Club Cipolletti,72.2543777555,1136,1q9caek968o8ubc43inhg6uxg,2026-10-05
Villa Mitre,Villa Mitre,Club Villa Mitre,72.2411798623,1137,1q9caek968o8ubc43inhg6uxg,2026-10-05
Deportivo Santaní,Dep. Santaní,Deportivo Santaní,72.2349281999,1138,8vh8k7j5o8k9gynwf0ntfr578,2026-10-05
El Gaish,Gaish,Tala'ea El Gaish,72.2174385296,1139,5q5bvm7r1fjy0h427jh93a9lg,2026-10-05
Horoya,Horoya,Horoya AC,72.2070212479,1140,1odzlx97lfuimst69uxvbn310,2026-10-05
Grenades,Grenades,Jennings Grenades FC,72.2053820113,1141,eutz7cztklmm0kuh8bthrfxg4,2026-10-05
Eibar II,Eibar II,SD Eibar II,72.1971260871,1142,3jk4gnb5m4ov0fm9ssmgg4c2c,2026-10-05
Gualberto Villarroel SJ,GVSJ,CD Gualberto Villarroel Deportivo San José,72.1852615579,1143,b8kaz0tks262ypfye6pj6dpuc,2026-10-05
Cibao,Cibao,Cibao FC,72.1789855285,1144,cokma0jt05z41cexn5ea0mxg,2026-10-05
Kolos Kovalivka,Kolos,FK Kolos Kovalivka,72.1623936708,1145,5vqx2miccjg04lp2pqs1hbmc,2026-10-05
Radnik Surdulica,Radnik,FK Radnik Surdulica,72.1603097077,1146,akqbhzm3iofv030i63sb5js44,2026-10-05
RC Kouba,RC Kouba,RC Kouba,72.1465844759,1147,flxkeved0q9tmclqafcpql1w,2026-10-05
Yelimay,Yelimay,FK Yelimay Semey,72.1300920108,1148,5dlquxczyamt372efk9kgws2c,2026-10-05
Lincoln Red Imps,Red Imps,Lincoln Red Imps FC,72.1266209678,1149,7uvvhp31jz5znxp8l21x872tw,2026-10-05
Patriotas Boyacá,Patriotas,Patriotas Boyacá,72.1217004449,1150,3f1bsdfpg1eedvajxpif8t5p0,2026-10-05
Boulogne,Boulogne,US Boulogne CO,72.1155040023,1151,b4rd8q7zjvernie5778azl7v8,2026-10-05
Académica,Académica,Associação Académica de Coimbra OAF,72.1085572962,1152,ahb4b1qj0kffrsdj0uhrjs1lg,2026-10-05
Al Hazem,Hazem,Al Hazem SC,72.0963435614,1153,4vs6oaojacz5bwo1320rkk844,2026-10-05
Tarazona,Tarazona,SD Tarazona,72.0960531674,1154,1kirdkl7iyu00tam1qun1pg4,2026-10-05
Santo Domingo,Santo Domingo,Club Deportivo Santo Domingo,72.0935662263,1155,2tnmtnib22zkesr45sr0p8xsk,2026-10-05
Tigres,Tigres,Tigres FC,72.0744625305,1156,3f1bsdfpg1eedvajxpif8t5p0,2026-10-05
Independiente Cauca,Independiente,Independiente Valle del Cauca,72.0584847612,1157,3f1bsdfpg1eedvajxpif8t5p0,2026-10-05
Neman Grodno,Neman,FK Neman Grodno,72.0564562705,1158,2tml5a5shxx16bkg25p0hh8gk,2026-10-05
Mérida,Mérida,AD Mérida,72.0484673327,1159,c1yslf7aazs430di8dpm8yvx0,2026-10-05
Stellenbosch,Stellenbosch,Stellenbosch FC,72.0468985194,1160,3wl91cn4c74oeacldjjpw800k,2026-10-05
Acassuso,Acassuso,CA Acassuso,72.0341705319,1161,cbhbsl8jupde33c7j6vrze32s,2026-10-05
Témouchent,Témouchent,CR Témouchent,72.0312678897,1162,ccifwc50hpqpwze0lsw8f8qac,2026-10-05
Douglas Haig,Douglas Haig,CA Douglas Haig,72.0254868106,1163,1q9caek968o8ubc43inhg6uxg,2026-10-05
Novi Pazar,Novi Pazar,FK Novi Pazar,72.0241529878,1164,akqbhzm3iofv030i63sb5js44,2026-10-05
Rayo Majadahonda,Majadahonda,CF Rayo Majadahonda,72.0158165764,1165,c1yslf7aazs430di8dpm8yvx0,2026-10-05
Şamaxı,Şamaxı,Şamaxı FK,72.0154692253,1166,cjfv1fu1qsr0jyk785saolgd0,2026-10-05
Zamora,Zamora,Zamora FC,72.0150662978,1167,55wby45j07iiofu0nuiy08xzo,2026-10-05
Amarante,Amarante,Amarante FC,72.0099115984,1168,ahb4b1qj0kffrsdj0uhrjs1lg,2026-10-05
Al Shabab,Shabab,Al Shabab FC,72.0015181841,1169,4vs6oaojacz5bwo1320rkk844,2026-10-05
General Caballero JLM,Caballero JLM,General Caballero JLM,71.9970039535,1170,8vh8k7j5o8k9gynwf0ntfr578,2026-10-05
Goiás,Goiás,Goiás EC,71.9897095013,1171,7pt8trpd4rbju1v568nuskdn8,2026-10-05
Inter Club d'Escaldes,Inter Club,Inter Club d'Escaldes,71.9838600271,1172,2a3fpo37ny4uvuf4u7toqok5w,2026-10-05
Beijing Guoan,Guoan,Beijing Guoan FC,71.9785246255,1173,e6818x4pwankpph8awr91m1hw,2026-10-05
Urartu,Urartu,FC Urartu,71.9765655293,1174,847iyp5po72cef4cdwd8c0ems,2026-10-05
Petrocub,Petrocub,CS Petrocub Hînceşti,71.9755234562,1175,c0orgvbfnq9wp7blxq2rdm0pg,2026-10-05
Gnistan,Gnistan,IF Gnistan,71.9654500556,1176,32gy6t29t9240sgu7l11j9nh0,2026-10-05
Ourense CF,Ourense,Ourense CF,71.962323818,1177,3jk4gnb5m4ov0fm9ssmgg4c2c,2026-10-05
Atlético Vinotinto,Vinotinto,CA Vinotinto,71.9598367191,1178,derrtkvb0qg29n2ldftcolo9g,2026-10-05
Violette,Violette,Violette AC,71.9568599513,1179,4vdnis45sxd05ictg09vgpous,2026-10-05
Recreativo Huelva,Huelva,RC Recreativo de Huelva,71.9459978353,1180,3jk4gnb5m4ov0fm9ssmgg4c2c,2026-10-05
Heracles,Heracles,Heracles Almelo,71.941829479,1181,7bdyxkrzt42tv7377rpz5nqc4,2026-10-05
Sharjah,Sharjah,Sharjah FC,71.9376041662,1182,b6a9x42zsbxzbc2n5t79kdono,2026-10-05
Extremadura,Extremadura,CD Extremadura,71.9317559172,1183,c1yslf7aazs430di8dpm8yvx0,2026-10-05
Aarau,Aarau,FC Aarau,71.9258507033,1184,akzt9nsp06yyv03a86lz8kdn8,2026-10-05
Al Arabi,Arabi,Al Arabi SC,71.9247516564,1185,evaw3m63xloe8o87vqybzjsic,2026-10-05
Alashkert,Alashkert,Alashkert FC,71.9168191677,1186,847iyp5po72cef4cdwd8c0ems,2026-10-05
AFC Wimbledon,Wimbledon,AFC Wimbledon,71.9126507536,1187,b7amy99ea2lpnx81o6q94pst0,2026-10-05
Hapoel Ramat Gan,H Ramat Gan,Hapoel Ramat Gan Giv'atayim FC,71.9060507477,1188,cbr00ay9uda1ju0ooqvb1ufbo,2026-10-05
Kilmarnock,Kilmarnock,Kilmarnock FC,71.9018823122,1189,7qmc7ue3f8yzv8yqmsxc9irro,2026-10-05
Real Oruro,Real Oruro,CDT Real Oruro,71.8987004009,1190,b8kaz0tks262ypfye6pj6dpuc,2026-10-05
Náutico,Náutico,Clube Náutico Capibaribe,71.8882792603,1191,7pt8trpd4rbju1v568nuskdn8,2026-10-05
Krasava Ypsonas,Ypsonas,Krasava ENY Ypsonas FC,71.8681871554,1192,9ov525t4gyibnhjsey291aw44,2026-10-05
Chesterfield,Chesterfield,Chesterfield FC,71.8661029012,1193,7kjvvls20hnhjguys4t73yjh0,2026-10-05
Al Riffa,Riffa,Bahrain Riffa Club,71.8577089131,1194,3dsgnubzzf96l31ocjo3kial0,2026-10-05
Eupen,Eupen,KAS Eupen,71.8518604419,1195,83p55gs5rtqe8vjqg5t6me39w,2026-10-05
Metropolitan,Metropolitan,Metropolitan FA,71.8462225985,1196,9ij31b9nteu7u821uzpr04k4,2026-10-05
Aktobe,Aktobe,FK Aktobe,71.8445654863,1197,5dlquxczyamt372efk9kgws2c,2026-10-05
Versailles,Versailles,FC Versailles,71.8261542954,1198,2hzxt22wy9dxf7qxh08hjbuhg,2026-10-05
Gjilani,Gjilani,KF Gjilani,71.8251144311,1199,cex4ulecg78atcdvr7zz1dqtw,2026-10-05
San Pedro,San Pedro,Deportivo San Pedro,71.8213825562,1200,8hlpnvuhsi69veuw84gyggr9w,2026-10-05
ASCK,ASCK,Association Sportive des Chauffeurs de la Kozah,71.8205926944,1201,d8hdusfvdmgo6ki7qtifb88wk,2026-10-05
KR,KR,KR Reykjavík,71.8098272552,1202,eeeacj91qdk6pru5zwwobaiac,2026-10-05
Athletic Club MG,Athletic,Athletic Club (Minas Gerais),71.8003922523,1203,7pt8trpd4rbju1v568nuskdn8,2026-10-05
Bnei Yehuda,Bnei Yehuda,Bnei Yehuda Tel Aviv FC,71.7997530606,1204,1mqfttramp7l8dfkpwk7w6wic,2026-10-05
Sportivo San Lorenzo,San Lorenzo,Club Sportivo San Lorenzo,71.7920549539,1205,ynp3ah4di570mdbqt5a0yuc4,2026-10-05
Osasuna II,Osasuna II,CA Osasuna Promesas,71.7910683714,1206,3jk4gnb5m4ov0fm9ssmgg4c2c,2026-10-05
Bucheon 1995,Bucheon,Bucheon FC 1995,71.7867746478,1207,aclvhp7yp4w85gpqw5yyt1xqs,2026-10-05
Deportes Temuco,Temuco,CD Temuco,71.7805911145,1208,3mlz1os528syxdg3qpkz4ljis,2026-10-05
Club Franciscain,Franciscain,Club Franciscain,71.7791773496,1209,8oya8610sjuxts1g4yxvd1nh0,2026-10-05
Port,Port,Port FC,71.7426557812,1210,2y9xq2tx9nthjl37uqgtoc2z8,2026-10-05
Tirana,Tirana,KF Tirana,71.7417386548,1211,bd2cao9ydrq06v5uu7x4ytiqc,2026-10-05
Sūduva,Sūduva,FK Sūduva,71.7368750988,1212,4hzcbeghy116szh7rtk757xg4,2026-10-05
Halmstad,Halmstad,Halmstads BK,71.7344433165,1213,b99u9gpztyjs5u1i88z6qvg9g,2026-10-05
Coria,Coria,CD Coria,71.725758357,1214,c1yslf7aazs430di8dpm8yvx0,2026-10-05
ABB,ABB,Academia del Balompié Boliviano,71.7257027731,1215,b8kaz0tks262ypfye6pj6dpuc,2026-10-05
Cobán Imperial,Cobán,CSyD Cobán Imperial,71.7223759887,1216,8hlpnvuhsi69veuw84gyggr9w,2026-10-05
Aluminium Arak,Aluminium Arak,Aluminium Arak FC,71.7191008095,1217,1p2kviatzyprl6bv4j6zs9ams,2026-10-05
Portimonense,Portimonense,Portimonense SC,71.7090831338,1218,ahb4b1qj0kffrsdj0uhrjs1lg,2026-10-05
Adelaide United,Adelaide Utd,Adelaide United FC,71.6895034734,1219,1ztoqmkrzy1d4ejf5jokthiqc,2026-10-05
Hapoel Petah Tikva,H Petah Tikva,Hapoel Petah Tikva FC,71.6792063607,1220,cbr00ay9uda1ju0ooqvb1ufbo,2026-10-05
Marquense,Marquense,CD Marquense,71.6605379369,1221,8hlpnvuhsi69veuw84gyggr9w,2026-10-05
Zimbru,Zimbru,FC Zimbru Chişinău,71.6510662197,1222,c0orgvbfnq9wp7blxq2rdm0pg,2026-10-05
Homs Al Fidaa,Al Fidaa,Homs Al Fidaa SC,71.6497956085,1223,epf0rlgn33w37t43qiocvx4wk,2026-10-05
Hearts of Oak,Oak,Hearts of Oak SC,71.6470652261,1224,9jwcn4214a2l2atxhtwj6zxg4,2026-10-05
US Biskra,US Biskra,US Biskra,71.6463704017,1225,ccifwc50hpqpwze0lsw8f8qac,2026-10-05
Al Fayha,Fayha,Al Fayha FC,71.6398920665,1226,4vs6oaojacz5bwo1320rkk844,2026-10-05
Argentino Monte Maíz,Argentino MM,Club Deportivo Argentino Monte Maíz,71.6298184258,1227,1q9caek968o8ubc43inhg6uxg,2026-10-05
Chadormalu SC,Chadormalu,Chadormalu Sports Club,71.6298170556,1228,1p2kviatzyprl6bv4j6zs9ams,2026-10-05
Cavalry,Cavalry,Cavalry FC,71.6233647467,1229,bmqmrylzzfggzr15yas9dev4k,2026-10-05
Genesis PN,Genesis PN,Genesis Policia Nacional FC,71.6181557828,1230,bifv7w5gplrvhfvyqle3jf504,2026-10-05
Al Nasr,Al Nasr,Al Nasr SC,71.6148781571,1231,b6a9x42zsbxzbc2n5t79kdono,2026-10-05
Sol de América,Sol de América,Club Sol de América,71.6065414911,1232,8vh8k7j5o8k9gynwf0ntfr578,2026-10-05
Suwon Bluewings,Suwon,Suwon Samsung Bluewings FC,71.5765937705,1233,aqzfod554aa202i8pjkt4ou1g,2026-10-05
Vargas Torres,Vargas Torres,Club Social y Deportivo Vargas Torres,71.5763158314,1234,derrtkvb0qg29n2ldftcolo9g,2026-10-05
Amorebieta,Amorebieta,SD Amorebieta,71.5600424334,1235,3jk4gnb5m4ov0fm9ssmgg4c2c,2026-10-05
Navbahor,Navbahor,FK Navbahor Namangan,71.5589431948,1236,30hnhs47crryfhtm1523ygzkk,2026-10-05
UCAM Murcia,UCAM,Universidad Católica de Murcia CF,71.5464927526,1237,3jk4gnb5m4ov0fm9ssmgg4c2c,2026-10-05
Grimsby Town,Grimsby,Grimsby Town FC,71.5451030368,1238,7kjvvls20hnhjguys4t73yjh0,2026-10-05
Real Tomayapo,Real Tomayapo,CD Real Tomayapo,71.538098855,1239,b8kaz0tks262ypfye6pj6dpuc,2026-10-05
Dinamo Brest,Dinamo Brest,FK Dinamo Brest,71.536417292,1240,2tml5a5shxx16bkg25p0hh8gk,2026-10-05
Ingolstadt,Ingolstadt,FC Ingolstadt 04,71.528426375,1241,58t4zseno2tp4253w3dm5i80k,2026-10-05
Hardrock,Hardrock,Hardrock FC,71.5272068889,1242,8ea4fh0n7w704hsj43vlxw4yc,2026-10-05
Deportivo Moquegua,Moquegua,CD Moquegua,71.5169055035,1243,7z7bio16q91wdq4kywi8wlmok,2026-10-05
Durban City,Durban City,Durban City FC,71.5007996032,1244,3wl91cn4c74oeacldjjpw800k,2026-10-05
Talavera,Talavera,CF Talavera de la Reina,71.4922931515,1245,3jk4gnb5m4ov0fm9ssmgg4c2c,2026-10-05
Araz Naxçıvan,Araz,Araz FK Naxçıvan,71.487429016,1246,cjfv1fu1qsr0jyk785saolgd0,2026-10-05
Basconia,Basconia,CD Basconia,71.483259748,1247,3jk4gnb5m4ov0fm9ssmgg4c2c,2026-10-05
Black Bulls Maputo,Black Bulls,Black Bulls Maputo,71.4809979167,1248,12paa0nrmm7b6c9bt3b9rsx78,2026-10-05
Salford City,Salford,Salford City FC,71.4794379117,1249,7kjvvls20hnhjguys4t73yjh0,2026-10-05
Venados,Venados,Venados FC Yucatán,71.4578318093,1250,3cxwni2dq94c7yt90g8m7rs44,2026-10-05
Cherno more Varna,Cherno more,PFK Cherno more Varna,71.4533797506,1251,3rbiru554kufnw6hrtsv0us5w,2026-10-05
Vegalta Sendai,Vegalta,Vegalta Sendai,71.4216369967,1252,4zxaepel6gk1jzqf5di3m6iok,2026-10-05
Piratas,Piratas,Piratas FC,71.4161381641,1253,3cxwni2dq94c7yt90g8m7rs44,2026-10-05
LDU Portoviejo,LDU Portoviejo,LDU de Portoviejo,71.4126727778,1254,2tnmtnib22zkesr45sr0p8xsk,2026-10-05
Maccabi Petah Tikva,M Petah Tikva,Maccabi Petah Tikva FC,71.4116860165,1255,cbr00ay9uda1ju0ooqvb1ufbo,2026-10-05
Bromley,Bromley,Bromley FC,71.4092538563,1256,b7amy99ea2lpnx81o6q94pst0,2026-10-05
The New Saints,TNS,The New Saints FC,71.4085589529,1257,5a72rnkyvdjffzei7qqokyot0,2026-10-05
ASO Chlef,ASO Chlef,ASO Chlef,71.4007355148,1258,ccifwc50hpqpwze0lsw8f8qac,2026-10-05
Abu Qair Semad,Abu Qair Semad,Abu Qair Semad SC,71.3989982487,1259,5q5bvm7r1fjy0h427jh93a9lg,2026-10-05
Maniema Union,Maniema U.,AS Maniema Union,71.3899667256,1260,ehmma83pqd17k7x6if20hmrkk,2026-10-05
Patro Eisden,Patro,Patro Eisden Maasmechelen,71.3884066526,1261,83p55gs5rtqe8vjqg5t6me39w,2026-10-05
Porto II,Porto II,FC Porto II,71.3783304295,1262,ahb4b1qj0kffrsdj0uhrjs1lg,2026-10-05
Comunicaciones,Comunicaciones,Comunicaciones FC,71.375642414,1263,8hlpnvuhsi69veuw84gyggr9w,2026-10-05
Hamrun Spartans,Hamrun,Hamrun Spartans FC,71.36477957,1264,3jedmdrdnamejeki9uh7jrs44,2026-10-05
Rayo Zuliano,Rayo Zuliano,Deportivo Rayo Zuliano,71.3584697039,1265,55wby45j07iiofu0nuiy08xzo,2026-10-05
Gimnasia Chivilcoy,GyE Chivilcoy,CSCyD Gimnasia y Esgrima de Chivilcoy,71.3560374816,1266,1q9caek968o8ubc43inhg6uxg,2026-10-05
Mangasport,Mangasport,AS MangaSport Football,71.3487929189,1267,91hx1tapplzhsaiav9r0gdq8k,2026-10-05
Saint Eloi Lupopo,Lupopo,FC Saint Eloi Lupopo,71.3479242627,1268,ehmma83pqd17k7x6if20hmrkk,2026-10-05
Alcoyano,Alcoyano,CD Alcoyano,71.3470590824,1269,3jk4gnb5m4ov0fm9ssmgg4c2c,2026-10-05
Tobol Kostanay,Tobol,FK Tobol Kostanay,71.3435844594,1270,5dlquxczyamt372efk9kgws2c,2026-10-05
ŁKS Łódź,ŁKS Łódź,ŁKS Łódź,71.3394149041,1271,9bj99ztou2rexljon6vvrssgk,2026-10-05
Polokwane City,Polokwane,Polokwane City FC,71.3326336002,1272,3wl91cn4c74oeacldjjpw800k,2026-10-05
Željezničar,Željezničar,FK Željezničar Sarajevo,71.3123125912,1273,4c48j9oq3d0aje3ojkb3mbp5g,2026-10-05
Feirense,Feirense,CD Feirense,71.3046682854,1274,ahb4b1qj0kffrsdj0uhrjs1lg,2026-10-05
Mineros de Zacatecas,Mineros,Club Mineros de Zacatecas,71.2802805896,1275,3cxwni2dq94c7yt90g8m7rs44,2026-10-05
Etoile Matoury,Etoile M.,AS Etoile Matoury,71.2769645042,1276,8ptl1wrxicnblij9u19k2p4pg,2026-10-05
Alianza,Alianza,Alianza FC,71.2507300726,1277,30t9l739hkqomjqhti9lxg5qs,2026-10-05
Dakota,Dakota,SV Dakota,71.2455178948,1278,7phwu4x5fqdwgmfu5vf5yhk44,2026-10-05
Shanghai Port,Port,Shanghai Port FC,71.2364381388,1279,e6818x4pwankpph8awr91m1hw,2026-10-05
Real Avilés,Real Avilés,Real Avilés CF,71.2257913101,1280,c1yslf7aazs430di8dpm8yvx0,2026-10-05
Al Fateh,Fateh,Al Fateh SC,71.2229544826,1281,4vs6oaojacz5bwo1320rkk844,2026-10-05
Utebo,Utebo,Utebo FC,71.2198841036,1282,3jk4gnb5m4ov0fm9ssmgg4c2c,2026-10-05
Réal Bamako,Réal Bamako,AS Réal de Bamako,71.2037225976,1283,2fvr17f4zzd5uci32usqi0ro4,2026-10-05
Lokomotiv Plovdiv,Loko Plovdiv,PFK Lokomotiv Plovdiv 1926,71.2011199246,1284,3rbiru554kufnw6hrtsv0us5w,2026-10-05
Al Riyadh,Riyadh,Al Riyadh SC,71.1861209886,1285,4vs6oaojacz5bwo1320rkk844,2026-10-05
Águilas,Águilas,Águilas FC,71.1844405123,1286,c1yslf7aazs430di8dpm8yvx0,2026-10-05
Voluntari,Voluntari,FC Voluntari,71.1754057748,1287,zbhxyecp7s7s2dqg00ojrbis,2026-10-05
Iberia 1999,Iberia,FC Iberia 1999,71.1663709981,1288,dmtc6z8cwdmdocaz02qc5p0yc,2026-10-05
SC Villa,SC Villa,Sports Club Villa Jogoo,71.1599389081,1289,d43v3lpfbbegmsubl20bdpct0,2026-10-05
Kimberley Mar del Plata,Kimberley MdP,CA Kimberley de Mar del Plata,71.1548481258,1290,1q9caek968o8ubc43inhg6uxg,2026-10-05
Laçi,Laçi,KF Laçi,71.1542087366,1291,bd2cao9ydrq06v5uu7x4ytiqc,2026-10-05
Jaiba Brava,Jaiba Brava,Club Jaiba Brava,71.149626585,1292,3cxwni2dq94c7yt90g8m7rs44,2026-10-05
Gomel,Gomel,FK Gomel,71.1462163546,1293,2tml5a5shxx16bkg25p0hh8gk,2026-10-05
Portmore United,Portmore,Portmore United FC,71.1395341159,1294,3b44u42lrrjhxh5ket3d32z9w,2026-10-05
Ebro,Ebro,CD Ebro,71.1260615158,1295,3jk4gnb5m4ov0fm9ssmgg4c2c,2026-10-05
Selangor,Selangor,Selangor FC,71.1175964252,1296,6siod2n1m854sihsqbyknyl1w,2026-10-05
Arenas,Arenas,Arenas Club,71.1034739641,1297,c1yslf7aazs430di8dpm8yvx0,2026-10-05
Čukarički,Čukarički,FK Čukarički,71.1034739641,1298,akqbhzm3iofv030i63sb5js44,2026-10-05
Komárno,Komárno,KFC Komárno,71.0979139137,1299,5sqcuu8cql6utpiiunzurorv8,2026-10-05
Skalica,Skalica,MFK Skalica,71.0812336733,1300,5sqcuu8cql6utpiiunzurorv8,2026-10-05
Le Puy Foot,Le Puy,Le Puy Football 43 Auvergne,71.0402275126,1301,2hzxt22wy9dxf7qxh08hjbuhg,2026-10-05
UNA Strassen,Strassen,FC UNA Strassen,71.0364048631,1302,uza4dpaosr9j4jztif162p78,2026-10-05
Nieciecza,Nieciecza,Bruk-Bet Termalica Nieciecza,71.0242418407,1303,9bj99ztou2rexljon6vvrssgk,2026-10-05
Cannes,Cannes,AS de Cannes,71.0131213007,1304,2hzxt22wy9dxf7qxh08hjbuhg,2026-10-05
Auda,Auda,FK Auda,70.9922701274,1305,d1tk0recez2ejvsidutwviwwk,2026-10-05
Almere City,Almere,Almere City FC,70.9613405009,1306,7bdyxkrzt42tv7377rpz5nqc4,2026-10-05
9 de Julio Rafaela,9 de Julio,CA 9 de Julio de Rafaela,70.9588522098,1307,1q9caek968o8ubc43inhg6uxg,2026-10-05
Unión Comercio,Unión Comercio,CD Unión Comercio,70.952944244,1308,4wjv3pabgbhm9is93zhe6zf9w,2026-10-05
Torpedo Moskva,Torpedo,FK Torpedo Moskva,70.9498720952,1309,ewtzgv48te3m77r86sxunl3x0,2026-10-05
Newroz,Newroz,Newroz SC,70.9435618834,1310,1ua3sfkjt1blxmm5vtgqwavis,2026-10-05
Teungueth,Teungueth,Teungueth FC,70.9411803915,1311,1bt3oe8dwu7lmuy50kex4bkt0,2026-10-05
Sol de América,Sol de América,CA Sol de América de Formosa,70.9178436296,1312,1q9caek968o8ubc43inhg6uxg,2026-10-05
OFK Beograd,OFK,OFK Beograd,70.8761947627,1313,akqbhzm3iofv030i63sb5js44,2026-10-05
Ajman,Ajman,Ajman Club,70.8615410213,1314,b6a9x42zsbxzbc2n5t79kdono,2026-10-05
Tudelano,Tudelano,CD Tudelano,70.8518667659,1315,3jk4gnb5m4ov0fm9ssmgg4c2c,2026-10-05
Güemes,Güemes,CA Güemes,70.8500734336,1316,cbhbsl8jupde33c7j6vrze32s,2026-10-05
Shanghai Shenhua,Shenhua,Shanghai Shenhua FC,70.8434005559,1317,e6818x4pwankpph8awr91m1hw,2026-10-05
ASKO de Kara,ASKO,Association Sportive de la Kozah de Kara,70.8268399096,1318,d8hdusfvdmgo6ki7qtifb88wk,2026-10-05
La Roche VF,La Roche,Vendée Foot Club La Roche-sur-Yon,70.8185021909,1319,2hzxt22wy9dxf7qxh08hjbuhg,2026-10-05
Lokeren,Lokeren,KSC Lokeren,70.8174595393,1320,83p55gs5rtqe8vjqg5t6me39w,2026-10-05
Ghazl El Mahalla,El Mahalla,Ghazl El Mahalla SC,70.8165849024,1321,5q5bvm7r1fjy0h427jh93a9lg,2026-10-05
Malavan,Malavan,Malavan Bandar Anzali FC,70.8059333574,1322,1p2kviatzyprl6bv4j6zs9ams,2026-10-05
Al Khaleej,Khaleej,Al Khaleej FC,70.8017627223,1323,4vs6oaojacz5bwo1320rkk844,2026-10-05
Puerto Montt,Puerto Montt,CD Puerto Montt,70.7955081247,1324,3mlz1os528syxdg3qpkz4ljis,2026-10-05
Radnički Niš,Radnički Niš,FK Radnički Niš,70.7941735157,1325,akqbhzm3iofv030i63sb5js44,2026-10-05
Songo,Songo,UD Songo,70.7891304931,1326,12paa0nrmm7b6c9bt3b9rsx78,2026-10-05
Blau-Weiß Linz,BW Linz,FC Blau-Weiß Linz,70.7833992967,1327,bbsieeq7vmacbhd5d5hvgu978,2026-10-05
Lahti,Lahti,FC Lahti,70.7830517403,1328,32gy6t29t9240sgu7l11j9nh0,2026-10-05
Al Qadsia,Qadsia,Al Qadsia SC,70.7624888296,1329,evaw3m63xloe8o87vqybzjsic,2026-10-05
Derry City,Derry,Derry City FC,70.7576799662,1330,6zkfyunc0lfteytfj6slonuhg,2026-10-05
Odd,Odd,Odds BK,70.7465579944,1331,1b7iiw2jok0qp6s65rmh05a1g,2026-10-05
Britannia,Britannia,SV Britannia,70.7436976638,1332,7phwu4x5fqdwgmfu5vf5yhk44,2026-10-05
Jahn Regensburg,Regensburg,SSV Jahn Regensburg,70.7430823659,1333,58t4zseno2tp4253w3dm5i80k,2026-10-05
Deportiva Minera,Minera,Club Deportiva Minera,70.7396067316,1334,3jk4gnb5m4ov0fm9ssmgg4c2c,2026-10-05
Al Shamal,Shamal,Al Shamal SC,70.7169579844,1335,b0n3k3rsxrgrfimue4kkxqmms,2026-10-05
Al Talaba,Talaba,Al Talaba FC,70.7120943179,1336,1ua3sfkjt1blxmm5vtgqwavis,2026-10-05
12 de Junio VH,12 de Junio,Club 12 de Junio de Villa Hayes,70.7006236165,1337,8vh8k7j5o8k9gynwf0ntfr578,2026-10-05
Žalgiris,Žalgiris,FK Žalgiris Vilnius,70.6985938051,1338,4hzcbeghy116szh7rtk757xg4,2026-10-05
Rot-Weiß Erfurt,Erfurt,FC Rot-Weiß Erfurt,70.694075382,1339,cp9ieu0l4mgyazd7866sx8pw4,2026-10-05
Atenas,Atenas,Club Sportivo y Biblioteca Atenas,70.6933246277,1340,1q9caek968o8ubc43inhg6uxg,2026-10-05
Dinamo Tbilisi,Dinamo Tbilisi,FC Dinamo Tbilisi,70.6760015908,1341,dmtc6z8cwdmdocaz02qc5p0yc,2026-10-05
Ngezi Platinum,Ngezi,Ngezi Platinum FC,70.6737388801,1342,8ea4fh0n7w704hsj43vlxw4yc,2026-10-05
Águila,Águila,CD Águila,70.6595856965,1343,30t9l739hkqomjqhti9lxg5qs,2026-10-05
Juventud Torremolinos,Torremolinos,Juventud Torremolinos CF,70.6575800639,1344,c1yslf7aazs430di8dpm8yvx0,2026-10-05
Conquense,Conquense,UB Conquense,70.6541042856,1345,3jk4gnb5m4ov0fm9ssmgg4c2c,2026-10-05
Botev Vratsa,Botev Vratsa,POFK Botev Vratsa,70.653061551,1346,3rbiru554kufnw6hrtsv0us5w,2026-10-05
Teruel,Teruel,CD Teruel,70.6495857652,1347,c1yslf7aazs430di8dpm8yvx0,2026-10-05
Milford,Milford,Milford FC,70.6473207407,1348,3wl91cn4c74oeacldjjpw800k,2026-10-05
Samartex,Samartex,FC Samartex 1996,70.6445401047,1349,9jwcn4214a2l2atxhtwj6zxg4,2026-10-05
Waldhof Mannheim,Waldhof,SV Waldhof Mannheim 07,70.6398535336,1350,58t4zseno2tp4253w3dm5i80k,2026-10-05
Al Nahda,Nahda,Al Nahda Club,70.6363207416,1351,cbdqxkajw3jvb9nqzpbraim1g,2026-10-05
Lechia Gdańsk,Lechia,KS Lechia Gdańsk,70.6339446563,1352,9bj99ztou2rexljon6vvrssgk,2026-10-05
Okzhetpes,Okzhetpes,FK Okzhetpes Kokshetau,70.6294260917,1353,5dlquxczyamt372efk9kgws2c,2026-10-05
Trenčín,Trenčín,AS Trenčín,70.6256026831,1354,5sqcuu8cql6utpiiunzurorv8,2026-10-05
Gaborone United,Gaborone,Gaborone United FC,70.5975800466,1355,e2i85rbbrmh0zcyvozwl9qk9g,2026-10-05
Tapatío,Tapatío,CD Tapatío,70.5914745361,1356,3cxwni2dq94c7yt90g8m7rs44,2026-10-05
Barau,Barau,Barau FC,70.5783273882,1357,bblld98re54ohfsni235m1gyc,2026-10-05
Ružomberok,Ružomberok,MFK Ružomberok,70.5738121776,1358,5sqcuu8cql6utpiiunzurorv8,2026-10-05
Partizani Tirana,Partizani,KF Partizani Tirana,70.5508710008,1359,bd2cao9ydrq06v5uu7x4ytiqc,2026-10-05
Bergantiños,Bergantiños,Bergantiños CF,70.5491330225,1360,3jk4gnb5m4ov0fm9ssmgg4c2c,2026-10-05
Fatih Karagümrük,Fatih,Fatih Karagümrük SK,70.5466998503,1361,9vlcn0hdb4ufq9s8e7kjnfn6c,2026-10-05
Ankara Keçiörengücü,Keçiörengücü,Ankara Keçiörengücü,70.545309465,1362,9vlcn0hdb4ufq9s8e7kjnfn6c,2026-10-05
Jorge Wilstermann,Wilstermann,Club Jorge Wilstermann,70.5424730759,1363,390x46f39c7iugr9wfd0h0qac,2026-10-05
Boca Juniors de Cali,Boca,Club Atlético Boca Juniors de Cali,70.5383019084,1364,3f1bsdfpg1eedvajxpif8t5p0,2026-10-05
Dila,Dila,FC Dila Gori,70.5359243391,1365,dmtc6z8cwdmdocaz02qc5p0yc,2026-10-05
Botafogo SP,Botafogo SP,Botafogo FC Ribeirão Preto,70.5257883552,1366,7pt8trpd4rbju1v568nuskdn8,2026-10-05
Drenica Skënderaj,Drenica,KF Drenica Skënderaj,70.5164610415,1367,cex4ulecg78atcdvr7zz1dqtw,2026-10-05
Polonia Warszawa,Polonia,KSP Polonia Warszawa,70.5039450707,1368,9bj99ztou2rexljon6vvrssgk,2026-10-05
Cumbayá,Cumbayá,Cumbayá FC,70.5011086246,1369,2tnmtnib22zkesr45sr0p8xsk,2026-10-05
Falkenberg,Falkenberg,Falkenbergs FF,70.4942121512,1370,e45p1bhnnox3kdgzamrx63r4k,2026-10-05
Bendel Insurance,Bendel Ins.,Bendel Insurance,70.4942086752,1371,bblld98re54ohfsni235m1gyc,2026-10-05
Suwon,Suwon,Suwon FC,70.4920013817,1372,aqzfod554aa202i8pjkt4ou1g,2026-10-05
Caen,Caen,Stade Malherbe Caen,70.4872600377,1373,2hzxt22wy9dxf7qxh08hjbuhg,2026-10-05
Rotherham United,Rotherham,Rotherham United FC,70.4823935443,1374,7kjvvls20hnhjguys4t73yjh0,2026-10-05
Dukla Banská Bystrica,Banská Bystric,MFK Dukla Banská Bystrica,70.4782222551,1375,5sqcuu8cql6utpiiunzurorv8,2026-10-05
Exeter City,Exeter,Exeter City FC,70.4771794314,1376,7kjvvls20hnhjguys4t73yjh0,2026-10-05
NSÍ,NSÍ,NSÍ Runavík,70.4709224786,1377,9cmufoxqnsf2h6xwos1z1j6s4,2026-10-05
Guadalajara,Guadalajara,CD Guadalajara,70.45284673,1378,3jk4gnb5m4ov0fm9ssmgg4c2c,2026-10-05
Avaí,Avaí,Avai FC,70.4527911121,1379,7pt8trpd4rbju1v568nuskdn8,2026-10-05
Vora,Vora,FK Vora,70.4431135689,1380,bd2cao9ydrq06v5uu7x4ytiqc,2026-10-05
FADEP,FADEP,Fundación Amigos por el Deporte,70.4427103369,1381,1q9caek968o8ubc43inhg6uxg,2026-10-05
Skënderbeu Korçë,Skënderbeu,KS Skënderbeu Korçë,70.4316422841,1382,bd2cao9ydrq06v5uu7x4ytiqc,2026-10-05
Defensores Belgrano VR,Def Belgrano,CAyS Defensores de Belgrano de Villa Ramallo,70.4267200404,1383,1q9caek968o8ubc43inhg6uxg,2026-10-05
Fram,Fram,Fram Reykjavík,70.4226042571,1384,eeeacj91qdk6pru5zwwobaiac,2026-10-05
Hoffenheim II,Hoffenheim II,TSG 1899 Hoffenheim II,70.4159995199,1385,58t4zseno2tp4253w3dm5i80k,2026-10-05
Ústí nad Labem,Ústí,FK Ústí nad Labem,70.4149566647,1386,6366wwpqz6bqwsprqq35h4hec,2026-10-05
Aluminij,Aluminij,NK Aluminij,70.404875704,1387,8pj9wygfe1cepoagkwe0x785w,2026-10-05
Al-Akhdar,Akhdar,Al-Akhdar,70.4033079364,1388,68kgxuk3dkg7p955ifkisgc9g,2026-10-05
Fleury,Fleury,FC Fleury 91,70.4027899818,1389,2hzxt22wy9dxf7qxh08hjbuhg,2026-10-05
Port Vale,Port Vale,Port Vale FC,70.3920137169,1390,7kjvvls20hnhjguys4t73yjh0,2026-10-05
Yokohama,Yokohama,Yokohama FC,70.3870218537,1391,4zxaepel6gk1jzqf5di3m6iok,2026-10-05
Asyut Petrol,Asyut Petrol,Asyut Petroleum,70.3859245552,1392,5q5bvm7r1fjy0h427jh93a9lg,2026-10-05
Naft,Naft,Al Naft Sport Club,70.3843113049,1393,1ua3sfkjt1blxmm5vtgqwavis,2026-10-05
Vllaznia Shkodër,Vllaznia,KS Vllaznia Shkodër,70.3443889013,1394,bd2cao9ydrq06v5uu7x4ytiqc,2026-10-05
UTC Cajamarca,UTC,Club Universidad Técnica de Cajamarca,70.3432903888,1395,7z7bio16q91wdq4kywi8wlmok,2026-10-05
Mladost Lučani,Mladost Lučani,FK Mladost Lučani,70.3423031177,1396,akqbhzm3iofv030i63sb5js44,2026-10-05
Siwelele,Siwelele,Siwelele FC,70.3285658947,1397,3wl91cn4c74oeacldjjpw800k,2026-10-05
Trujillanos,Trujillanos,Trujillanos FC,70.3241706164,1398,55wby45j07iiofu0nuiy08xzo,2026-10-05
NEC,NEC,NEC FC,70.3164009853,1399,d43v3lpfbbegmsubl20bdpct0,2026-10-05
İmişli,İmişli,İmişli FK,70.3106684735,1400,cjfv1fu1qsr0jyk785saolgd0,2026-10-05
Sochi,Sochi,PFK Sochi,70.3089302921,1401,ewtzgv48te3m77r86sxunl3x0,2026-10-05
Hallescher FC,Hallescher FC,Hallescher FC,70.2995440871,1402,cp9ieu0l4mgyazd7866sx8pw4,2026-10-05
Salcedo,Salcedo,Salcedo FC,70.296335497,1403,cokma0jt05z41cexn5ea0mxg,2026-10-05
Bangkok United,Bangkok Utd,True Bangkok United FC,70.2955949154,1404,2y9xq2tx9nthjl37uqgtoc2z8,2026-10-05
Aduana,Aduana,Aduana FC,70.2854589376,1405,9jwcn4214a2l2atxhtwj6zxg4,2026-10-05
Fajr Sepasi,Fajr,Basij Moghavemat Shahid Sepasi Fars FC,70.2845386044,1406,1p2kviatzyprl6bv4j6zs9ams,2026-10-05
Drochtersen / Assel,Drochtersen,SV Drochtersen / Assel,70.2793809831,1407,cp9ieu0l4mgyazd7866sx8pw4,2026-10-05
Shelbourne,Shelbourne,Shelbourne FC,70.2752092816,1408,6zkfyunc0lfteytfj6slonuhg,2026-10-05
Miedź Legnica,Miedź,MKS Miedź Legnica,70.2738187126,1409,9bj99ztou2rexljon6vvrssgk,2026-10-05
Concarneau,Concarneau,US Concarneau,70.2546982928,1410,2hzxt22wy9dxf7qxh08hjbuhg,2026-10-05
Poblense,Poblense,UD Poblense,70.2439212504,1411,3jk4gnb5m4ov0fm9ssmgg4c2c,2026-10-05
Louisville City,Louisville,Louisville City FC,70.2426223511,1412,cbkjk31sv9wm38ljg3vxhtus4,2026-10-05
Nafta,Nafta,NK Nafta 1903 Lendava,70.2265388045,1413,8pj9wygfe1cepoagkwe0x785w,2026-10-05
Colombe,Colombe,Colombe Sportive du Dja et Lobo,70.2180155905,1414,cqmw3la51kme1j36rsfej2p04,2026-10-05
Cibalia,Cibalia,HNK Cibalia Vinkovci,70.2164569184,1415,cuux8wgnrxz78zen0blqr5q1g,2026-10-05
Dynamos,Dynamos,Dynamos FC,70.2155843114,1416,8ea4fh0n7w704hsj43vlxw4yc,2026-10-05
Slavia Sofia,Slavia Sofia,PFK Slavia 1913 Sofia,70.2098515178,1417,3rbiru554kufnw6hrtsv0us5w,2026-10-05
Estepona,Estepona,CD Estepona FS,70.1966406528,1418,3jk4gnb5m4ov0fm9ssmgg4c2c,2026-10-05
Port City,Port City,Port City FC,70.1950704408,1419,9jwcn4214a2l2atxhtwj6zxg4,2026-10-05
Forge,Forge,Forge FC,70.1929081323,1420,bmqmrylzzfggzr15yas9dev4k,2026-10-05
SJK,SJK,Seinäjoen Jalkapallokerho,70.1709139869,1421,32gy6t29t9240sgu7l11j9nh0,2026-10-05
Veres Rivne,Veres Rivne,NK Veres Rivne,70.1660467435,1422,5vqx2miccjg04lp2pqs1hbmc,2026-10-05
Montego Bay United,Montego Bay,Montego Bay United FC,70.1537987332,1423,3b44u42lrrjhxh5ket3d32z9w,2026-10-05
Kheybar Khorramabad,Kheybar,Kheybar Khorramabad,70.1482589758,1424,1p2kviatzyprl6bv4j6zs9ams,2026-10-05
Melipilla,Melipilla,CD Melipilla,70.1475650195,1425,1vt857quawnm0trdnurecgydw,2026-10-05
Ikorodu City,Ikorodu City,Ikorodu City FC,70.1441405283,1426,bblld98re54ohfsni235m1gyc,2026-10-05
HB,HB,HB Tórshavn,70.1424056823,1427,9cmufoxqnsf2h6xwos1z1j6s4,2026-10-05
Haras El Hodood,Haras,Haras El Hodood SC,70.1380541073,1428,c8yhc9482s3xm3dplmzcg8wes,2026-10-05
Seoul E-Land,Seoul E-Land,Seoul E-Land FC,70.1259402172,1429,aqzfod554aa202i8pjkt4ou1g,2026-10-05
Epitsentr,Epitsentr,FK Epitsentr Kamianets-Podilskyi,70.1243270396,1430,5vqx2miccjg04lp2pqs1hbmc,2026-10-05
VPS,VPS,Vaasan Palloseura,70.1218933639,1431,32gy6t29t9240sgu7l11j9nh0,2026-10-05
UPNFM,UPNFM,Lobos de la Universidad Pedagógica Nacional Francisco Morazán,70.1126002843,1432,bifv7w5gplrvhfvyqle3jf504,2026-10-05
BG Pathum United,BGPU,BG Pathum United FC,70.1113381315,1433,2y9xq2tx9nthjl37uqgtoc2z8,2026-10-05
Malacateco,Malacateco,CD Malacateco-Coatepeque,70.1080782874,1434,8hlpnvuhsi69veuw84gyggr9w,2026-10-05
Velež,Velež,FK Velež Mostar,70.099642481,1435,4c48j9oq3d0aje3ojkb3mbp5g,2026-10-05
Sevilla II,Sevilla II,Sevilla Atlético,70.0979041205,1436,3jk4gnb5m4ov0fm9ssmgg4c2c,2026-10-05
UD Ourense,UD Ourense,UD Ourense,70.084692533,1437,c1yslf7aazs430di8dpm8yvx0,2026-10-05
Kahraba Ismailia,Kahraba,Kahraba Ismailia SC,70.0761687285,1438,c8yhc9482s3xm3dplmzcg8wes,2026-10-05
Charleston Battery,Charleston,Charleston Battery,70.0726155887,1439,cbkjk31sv9wm38ljg3vxhtus4,2026-10-05
Curicó Unido,Curicó Unido,CD Provincial Curicó Unido,70.0599518675,1440,3mlz1os528syxdg3qpkz4ljis,2026-10-05
Rot-Weiß Oberhausen,RW Oberhausen,SC Rot-Weiß Oberhausen 1904,70.05027247,1441,cp9ieu0l4mgyazd7866sx8pw4,2026-10-05
Wehen Wiesbaden,Wiesbaden,SV Wehen 1926 Wiesbaden,70.0478387063,1442,58t4zseno2tp4253w3dm5i80k,2026-10-05
Phönix Lübeck,Phönix Lübeck,1. FC Phönix Lübeck,70.0450572584,1443,cp9ieu0l4mgyazd7866sx8pw4,2026-10-05
Vejle,Vejle,Vejle BK,70.0374082573,1444,2mb332vncy4450vu14paj8844,2026-10-05
Lokomotiv Sofia 1929,Lokomotiv Sf,FK Lokomotiv Sofia 1929,70.0262823864,1445,3rbiru554kufnw6hrtsv0us5w,2026-10-05
Plaza Colonia,Plaza Colonia,Club Plaza Colonia de Deportes,70.0251837034,1446,6oy1dcqjggeoyx76gstf8zkes,2026-10-05
Dreams,Dreams,Dreams FC,70.0236689894,1447,9jwcn4214a2l2atxhtwj6zxg4,2026-10-05
Karviná,Karviná,MFK Karviná,70.0175902576,1448,6366wwpqz6bqwsprqq35h4hec,2026-10-05
Costa Brava,Costa Brava,CA Costa Brava,70.0157961976,1449,1q9caek968o8ubc43inhg6uxg,2026-10-05
Orléans,Orléans,US Orléans Loiret Football,70.0137657092,1450,2hzxt22wy9dxf7qxh08hjbuhg,2026-10-05
Larne,Larne,Larne FC,69.9859505965,1451,8ahwg697cwemg7ctdnexwqivo,2026-10-05
Ashdod,Ashdod,FC Ashdod,69.9821259888,1452,1mqfttramp7l8dfkpwk7w6wic,2026-10-05
Ruch Chorzów,Ruch,KS Ruch Chorzów,69.9810829128,1453,9bj99ztou2rexljon6vvrssgk,2026-10-05
Abha,Abha,Abha FC,69.9782443719,1454,4vs6oaojacz5bwo1320rkk844,2026-10-05
Tikvesh,Tikvesh,FK Tikvesh 1930,69.9657844028,1455,bdisf9hz6nqbfmztljccr2978,2026-10-05
Bursaspor,Bursaspor,Bursaspor Kulübü,69.9650890133,1456,9vlcn0hdb4ufq9s8e7kjnfn6c,2026-10-05
Ponce,Ponce,Ponce FC,69.9611845096,1457,9ij31b9nteu7u821uzpr04k4,2026-10-05
Al Faisaly,Faisaly,Al Faisaly FC,69.9580781022,1458,4vs6oaojacz5bwo1320rkk844,2026-10-05
Persija,Persija,Persatuan Sepak Bola Indonesia Jakarta,69.9576622382,1459,2t0yn5r2hq16whtb16f4i7nro,2026-10-05
Sanluqueño,Sanluqueño,Atlético Sanluqueño CF,69.9490949884,1460,3jk4gnb5m4ov0fm9ssmgg4c2c,2026-10-05
TS Galaxy,Galaxy,TS Galaxy FC,69.936050526,1461,3wl91cn4c74oeacldjjpw800k,2026-10-05
Bastia,Bastia,SC Bastia,69.9358824386,1462,2hzxt22wy9dxf7qxh08hjbuhg,2026-10-05
Ratchaburi,Ratchaburi,Ratchaburi FC,69.9336710666,1463,2y9xq2tx9nthjl37uqgtoc2z8,2026-10-05
Olot,Olot,UE Olot,69.9331008383,1464,3jk4gnb5m4ov0fm9ssmgg4c2c,2026-10-05
Ranheim,Ranheim,Ranheim Fotball,69.9317100367,1465,1b7iiw2jok0qp6s65rmh05a1g,2026-10-05
Hafia,Hafia,Hafia FC,69.9284034021,1466,1odzlx97lfuimst69uxvbn310,2026-10-05
NAC Breda,NAC,NAC Breda,69.9261468208,1467,7bdyxkrzt42tv7377rpz5nqc4,2026-10-05
Zob Ahan,Zob Ahan,Zob Ahan FC,69.9226127995,1468,1p2kviatzyprl6bv4j6zs9ams,2026-10-05
Bukovyna,Bukovyna,FK Bukovyna Chernivtsi,69.9174542657,1469,5vqx2miccjg04lp2pqs1hbmc,2026-10-05
ZESCO United,ZESCO,ZESCO United FC,69.9160599764,1470,3yqrgsjxdtodaoynaqjdtzuhg,2026-10-05
Nejmeh,Nejmeh,Nejmeh SC,69.9160087351,1471,9lv9rln2qwsqme0g8t366uiac,2026-10-05
Liège,Liège,RFC de Liege,69.889985548,1472,83p55gs5rtqe8vjqg5t6me39w,2026-10-05
Rotor Volgograd,Rotor,FK Rotor Volgograd,69.8805974204,1473,ewtzgv48te3m77r86sxunl3x0,2026-10-05
AFAD,AFAD,Académie de Football Amadou Diallo de Djékanou,69.8729443258,1474,2x67tvk4kdanna2zej4ui0bv8,2026-10-05
First Vienna,First Vienna,First Vienna FC 1894,69.8659935804,1475,bbsieeq7vmacbhd5d5hvgu978,2026-10-05
Zakho,Zakho,Zakho SC,69.8638525893,1476,1ua3sfkjt1blxmm5vtgqwavis,2026-10-05
MO Béjaïa,MO Béjaïa,MO Béjaïa,69.8616414165,1477,flxkeved0q9tmclqafcpql1w,2026-10-05
Spartak Kostroma,Spartak Ks,FK Spartak Kostroma,69.855562202,1478,ewtzgv48te3m77r86sxunl3x0,2026-10-05
Torpedo BelAZ,Torpedo BelAZ,FK Torpedo-BelAZ Zhodino,69.8545190612,1479,2tml5a5shxx16bkg25p0hh8gk,2026-10-05
Francs Borains,Francs Borains,Royal Francs Borains,69.852085064,1480,83p55gs5rtqe8vjqg5t6me39w,2026-10-05
USFA,USFA,US des Forces Armées,69.8475612986,1481,56y5sheadf58560v7uwkil9n8,2026-10-05
Omiya Ardija,Omiya,RB Omiya Ardija,69.8470918835,1482,4zxaepel6gk1jzqf5di3m6iok,2026-10-05
Varberg,Varberg,Varbergs BoIS FC,69.8336561337,1483,e45p1bhnnox3kdgzamrx63r4k,2026-10-05
Chrobry Głogów,Chrobry,MZKS Chrobry Głogów,69.8305266761,1484,9bj99ztou2rexljon6vvrssgk,2026-10-05
Real Oviedo II,Oviedo II,Real Oviedo Vetusta,69.8197473966,1485,3jk4gnb5m4ov0fm9ssmgg4c2c,2026-10-05
San Antonio,San Antonio,San Antonio FC,69.8130850779,1486,2tnmtnib22zkesr45sr0p8xsk,2026-10-05
Xerez,Xerez,Xerez CD,69.8086203386,1487,3jk4gnb5m4ov0fm9ssmgg4c2c,2026-10-05
VfB Oldenburg,VfB Oldenburg,VfB Oldenburg 1897,69.8079248954,1488,cp9ieu0l4mgyazd7866sx8pw4,2026-10-05
Real Valladolid II,Valladolid II,Real Valladolid CF Promesas,69.8065340084,1489,3jk4gnb5m4ov0fm9ssmgg4c2c,2026-10-05
Al Hilal,Hilal,Al Hilal SC,69.7952295391,1490,68kgxuk3dkg7p955ifkisgc9g,2026-10-05
Macarthur,Macarthur,Macarthur FC,69.793890802,1491,1ztoqmkrzy1d4ejf5jokthiqc,2026-10-05
Mictlán,Mictlán,CD Mictlán,69.7878486522,1492,9krteg77umv3opxgpwp51d6ac,2026-10-05
Carl Zeiss Jena,Jena,FC Carl Zeiss Jena,69.7839319614,1493,cp9ieu0l4mgyazd7866sx8pw4,2026-10-05
Bristol Rovers,Bristol R,Bristol Rovers FC,69.7835842357,1494,7kjvvls20hnhjguys4t73yjh0,2026-10-05
Nîmes,Nîmes,Nîmes Olympique,69.776577549,1495,4puti0g0aurz6lctqhbonl2c4,2026-10-05
Würzburger Kickers,Würzburg,FC Würzburger Kickers,69.7693274284,1496,58t4zseno2tp4253w3dm5i80k,2026-10-05
AGMK,AGMK,FK AGMK,69.7657931351,1497,30hnhs47crryfhtm1523ygzkk,2026-10-05
Pérez Zeledón,Pérez Zeledón,Municipal de Pérez Zeledón,69.7548145034,1498,dys50za4ylhqy94bj8zhmyx3o,2026-10-05
Egersund,Egersund,Egersunds IK,69.7491590914,1499,1b7iiw2jok0qp6s65rmh05a1g,2026-10-05
Fortuna Köln,Fortuna Köln,SC Fortuna Köln,69.7380316474,1500,58t4zseno2tp4253w3dm5i80k,2026-10-05
Meppen,Meppen,SV Meppen 1912,69.7286428193,1501,58t4zseno2tp4253w3dm5i80k,2026-10-05
Comerciantes,Comerciantes,AD Comerciantes FC,69.7258052983,1502,4wjv3pabgbhm9is93zhe6zf9w,2026-10-05
Deportivo Rincón,Rincón,CD Rincón de Los Sauces,69.7191983099,1503,1q9caek968o8ubc43inhg6uxg,2026-10-05
Chemnitzer FC,Chemnitz,Chemnitzer FC,69.7175152631,1504,cp9ieu0l4mgyazd7866sx8pw4,2026-10-05
Valletta,Valletta,Valletta FC,69.711255986,1505,3jedmdrdnamejeki9uh7jrs44,2026-10-05
Espanyol II,Espanyol II,Reial Club Deportiu Espanyol II,69.7102127713,1506,3jk4gnb5m4ov0fm9ssmgg4c2c,2026-10-05
Thể Công – Viettel,Viettel,Thể Công – Viettel FC,69.70626246,1507,cld1l7cgrsr3bij22f2ytqiok,2026-10-05
Durango,Durango,CF Alacranes de Durango,69.6826764893,1508,3cxwni2dq94c7yt90g8m7rs44,2026-10-05
Deportes Santa Cruz,Santa Cruz,CD Santa Cruz,69.6771217225,1509,3mlz1os528syxdg3qpkz4ljis,2026-10-05
Gwangju,Gwangju,Gwangju FC,69.6749657086,1510,aclvhp7yp4w85gpqw5yyt1xqs,2026-10-05
Spezia,Spezia,Spezia Calcio,69.6688314888,1511,5sw6ud25poqqgzszu5yk6p0r8,2026-10-05
Borneo,Borneo,Borneo FC Samarinda,69.6610558866,1512,2t0yn5r2hq16whtb16f4i7nro,2026-10-05
Walsall,Walsall,Walsall FC,69.6608333286,1513,7kjvvls20hnhjguys4t73yjh0,2026-10-05
Asante Kotoko,Asante Kotoko,Asante Kotoko FC,69.6561329784,1514,9jwcn4214a2l2atxhtwj6zxg4,2026-10-05
Jaraaf,Jaraaf,ASC les Jaraaf de Dakar,69.6538749037,1515,1bt3oe8dwu7lmuy50kex4bkt0,2026-10-05
Dinamo Batumi,Dinamo Batumi,FC Dinamo Batumi,69.6462279114,1516,dmtc6z8cwdmdocaz02qc5p0yc,2026-10-05
Singida Black Stars,Black Stars,Singida Black Stars SC,69.6451811876,1517,c5wdltkcr7ti6feuv6ej6kavo,2026-10-05
Árabe Unido,Árabe,CD Árabe Unido,69.6365826265,1518,dxqxpijuyxkzzosa7wdmhzd3o,2026-10-05
Génération Foot,Génération Ft.,AS Académie Génération Foot,69.6364874308,1519,1bt3oe8dwu7lmuy50kex4bkt0,2026-10-05
Plateau United,Plateau Utd,Plateau United FC,69.6305756561,1520,bblld98re54ohfsni235m1gyc,2026-10-05
Tampa Bay Rowdies,Tampa Bay,Tampa Bay Rowdies,69.6216292814,1521,cbkjk31sv9wm38ljg3vxhtus4,2026-10-05
Londrina,Londrina,Londrina EC,69.621481922,1522,7pt8trpd4rbju1v568nuskdn8,2026-10-05
Aurora,Aurora,Aurora FC,69.620238267,1523,8hlpnvuhsi69veuw84gyggr9w,2026-10-05
San-Pédro,San-Pédro,San-Pédro FC,69.6173610387,1524,2x67tvk4kdanna2zej4ui0bv8,2026-10-05
Esenler Erokspor,Erokspor,Esenler Erokspor Kulübü,69.6142347258,1525,9vlcn0hdb4ufq9s8e7kjnfn6c,2026-10-05
Sportivo Belgrano,Belgrano,CS Belgrano de San Francisco,69.5755779389,1526,1q9caek968o8ubc43inhg6uxg,2026-10-05
Estrella Roja,Estrella Roja,Estrella Roja de Araulí,69.5670335351,1527,bifv7w5gplrvhfvyqle3jf504,2026-10-05
Arka Gdynia,Arka,MZKS Arka Gdynia,69.5634618962,1528,9bj99ztou2rexljon6vvrssgk,2026-10-05
Bodrum,Bodrum,Bodrum FK,69.5578976732,1529,9vlcn0hdb4ufq9s8e7kjnfn6c,2026-10-05
Marbella,Marbella,Marbella FC,69.5481602463,1530,3jk4gnb5m4ov0fm9ssmgg4c2c,2026-10-05
Etoile du Sahel,ES Sahel,Étoile Sportive du Sahel,69.5413730327,1531,2cdwuc8jbyg41icy3ah21d2c4,2026-10-05
Cavalier,Cavalier,Cavalier FC,69.5400817355,1532,3b44u42lrrjhxh5ket3d32z9w,2026-10-05
Isidro Metapán,Isidro,AD Isidro Metapán,69.532083068,1533,30t9l739hkqomjqhti9lxg5qs,2026-10-05
Masar,Masar,FC Masar,69.5312877575,1534,c8yhc9482s3xm3dplmzcg8wes,2026-10-05
Csikszereda,Csikszereda,AFK Csikszereda Miercurea Ciuc,69.51338334,1535,zbhxyecp7s7s2dqg00ojrbis,2026-10-05
AS Douanes,Douanes,AS Douanes,69.5118126014,1536,dp0cjg7hm16o0ay8b1amdexhw,2026-10-05
Excelsior Virton,Virton,Royal Excelsior Virton,69.5036456993,1537,83p55gs5rtqe8vjqg5t6me39w,2026-10-05
Heart of Lions,Lions,Heart of Lions FC,69.4985972103,1538,9jwcn4214a2l2atxhtwj6zxg4,2026-10-05
Torpedo Kutaisi,Kutaisi,FC Torpedo Kutaisi,69.4980813122,1539,dmtc6z8cwdmdocaz02qc5p0yc,2026-10-05
Kecskemét,Kecskemét,Kecskeméti TE,69.4820836141,1540,cnv4lxtlbn15zo28rnoqs4kr8,2026-10-05
St. Pölten,St. Pölten,spusu SKN St. Pölten,69.4744324965,1541,bbsieeq7vmacbhd5d5hvgu978,2026-10-05
Sumqayıt,Sumqayıt,FK Sumqayıt,69.4688680292,1542,cjfv1fu1qsr0jyk785saolgd0,2026-10-05
RKC Waalwijk,RKC,RKC Waalwijk,69.4657380096,1543,7bdyxkrzt42tv7377rpz5nqc4,2026-10-05
Safa,Safa,FK Safa,69.4636513272,1544,cjfv1fu1qsr0jyk785saolgd0,2026-10-05
Rangers,Rangers,CSD Rangers,69.4545533667,1545,3mlz1os528syxdg3qpkz4ljis,2026-10-05
Girona II,Girona II,Girona FC II,69.4497400561,1546,3jk4gnb5m4ov0fm9ssmgg4c2c,2026-10-05
Sportivo Las Parejas,Las Parejas,Sportivo Atlético Club Las Parejas,69.4475977119,1547,1q9caek968o8ubc43inhg6uxg,2026-10-05
Sacramento Republic,Sacramento,Sacramento Republic FC,69.4446150317,1548,cbkjk31sv9wm38ljg3vxhtus4,2026-10-05
Aigles du Congo,Aigles,FC Les Aigles du Congo,69.4359991043,1549,ehmma83pqd17k7x6if20hmrkk,2026-10-05
Atlético Independiente,Independiente,Atlético Independiente Siguatepeque,69.4310537022,1550,bifv7w5gplrvhfvyqle3jf504,2026-10-05
Western Sydney Wanderers,Wanderers,Western Sydney Wanderers FC,69.4190097196,1551,1ztoqmkrzy1d4ejf5jokthiqc,2026-10-05
Zarzis,ESZ,ES Zarzis,69.4168685346,1552,2cdwuc8jbyg41icy3ah21d2c4,2026-10-05
Prachuap,Prachuap,PT Prachuap FC,69.4162274117,1553,2y9xq2tx9nthjl37uqgtoc2z8,2026-10-05
Gimnástica Segoviana,Segoviana,Gimnástica Segoviana CF,69.4080056695,1554,3jk4gnb5m4ov0fm9ssmgg4c2c,2026-10-05
Kano Pillars,Kano Pillars,Kano Pillars FC,69.3756574499,1555,bblld98re54ohfsni235m1gyc,2026-10-05
Desportivo Huíla,Huíla,Clube Desportivo da Huíla,69.3660930455,1556,ofi6heevfqlhgto3devky0b8,2026-10-05
Nassaji Mazandaran,Nassaji,Nassaji Mazandaran,69.3655178081,1557,1p2kviatzyprl6bv4j6zs9ams,2026-10-05
Hvidovre,Hvidovre,Hvidovre IF,69.3652270299,1558,2mb332vncy4450vu14paj8844,2026-10-05
Táborsko,Táborsko,FK SILON Táborsko,69.362444648,1559,6366wwpqz6bqwsprqq35h4hec,2026-10-05
Gorée,Gorée,Union Sportive Goréenne,69.3440077934,1560,1bt3oe8dwu7lmuy50kex4bkt0,2026-10-05
Bibiani Gold Stars,Bibiani,Bibiani Gold Stars FC,69.316007321,1561,9jwcn4214a2l2atxhtwj6zxg4,2026-10-05
Wellington Phoenix,Wellington,Wellington Phoenix FC,69.3150183601,1562,1ztoqmkrzy1d4ejf5jokthiqc,2026-10-05
Alianza,Alianza,Alianza FC Panama,69.2999317768,1563,dxqxpijuyxkzzosa7wdmhzd3o,2026-10-05
Vision,Vision,Vision FC,69.2878348416,1564,9jwcn4214a2l2atxhtwj6zxg4,2026-10-05
Minsk,Minsk,FK Minsk,69.2838407777,1565,2tml5a5shxx16bkg25p0hh8gk,2026-10-05
Anzoátegui,Anzoátegui,Anzoátegui FC,69.282741693,1566,55wby45j07iiofu0nuiy08xzo,2026-10-05
Al Karama,Karama,Al Karama SC,69.2822208917,1567,epf0rlgn33w37t43qiocvx4wk,2026-10-05
Feronikeli,Feronikeli,KF Feronikeli,69.281408382,1568,cex4ulecg78atcdvr7zz1dqtw,2026-10-05
APR,APR,Armée Patriotique Rwandaise FC,69.2807069953,1569,193l1zv2eyi82heh2jblkwqhg,2026-10-05
Linares Deportivo,Linares,Linares Deportivo,69.2713195248,1570,3jk4gnb5m4ov0fm9ssmgg4c2c,2026-10-05
Crewe Alexandra,Crewe,Crewe Alexandra FC,69.2709717111,1571,7kjvvls20hnhjguys4t73yjh0,2026-10-05
Getafe II,Getafe II,Getafe CF II,69.2671457566,1572,3jk4gnb5m4ov0fm9ssmgg4c2c,2026-10-05
Al Arabi,Arabi,Al Arabi SC,69.2462197635,1573,b0n3k3rsxrgrfimue4kkxqmms,2026-10-05
Waterhouse,Waterhouse,Waterhouse FC,69.2392405277,1574,3b44u42lrrjhxh5ket3d32z9w,2026-10-05
Livyi Bereh,Livyi Bereh,FK Livyi Bereh,69.2354944003,1575,5vqx2miccjg04lp2pqs1hbmc,2026-10-05
Breidablik,Breidablik,Breidablik UBK,69.2347987605,1576,eeeacj91qdk6pru5zwwobaiac,2026-10-05
Lion City Sailors,Lion City,Lion City Sailors FC,69.2322410904,1577,bi1hu93fyvmbyjjip2y05s3kk,2026-10-05
Atlético Pantoja,CA Pantoja,Club Atlético Pantoja,69.2319363116,1578,6tlslyufw6rjrjgemsur1xo9g,2026-10-05
Deportivo Cuenca Juniors,CD Cuenca Jrs,CD Cuenca Juniors,69.229873624,1579,2tnmtnib22zkesr45sr0p8xsk,2026-10-05
Dukla Praha,Dukla,FK Dukla Praha,69.216364219,1580,6366wwpqz6bqwsprqq35h4hec,2026-10-05
Admira Wacker,Admira,FC Admira Wacker Mödling,69.204538198,1581,bbsieeq7vmacbhd5d5hvgu978,2026-10-05
Lyn,Lyn,FC Lyn Oslo,69.1947990698,1582,1b7iiw2jok0qp6s65rmh05a1g,2026-10-05
Boca Unidos,Boca Unidos,CA Boca Unidos,69.1919608007,1583,1q9caek968o8ubc43inhg6uxg,2026-10-05
Gernika,Gernika,SD Gernika Club,69.1906251433,1584,3jk4gnb5m4ov0fm9ssmgg4c2c,2026-10-05
Arnett Gardens,Gardens,Arnett Gardens FC,69.1856756624,1585,3b44u42lrrjhxh5ket3d32z9w,2026-10-05
Covadonga,Covadonga,CD Covadonga,69.1847120661,1586,1h4ygpz4oamwj3kksmzc15ams,2026-10-05
Landskrona,Landskrona,Landskrona BoIS,69.18366858,1587,e45p1bhnnox3kdgzamrx63r4k,2026-10-05
Marsaxlokk,Marsaxlokk,Marsaxlokk FC,69.180885948,1588,3jedmdrdnamejeki9uh7jrs44,2026-10-05
Barbastro,Barbastro,UD Barbastro,69.1794946305,1589,3jk4gnb5m4ov0fm9ssmgg4c2c,2026-10-05
Doma United,Doma United,Doma United FC,69.1777520041,1590,bblld98re54ohfsni235m1gyc,2026-10-05
Vitebsk,Vitebsk,FK Vitebsk,69.1746250119,1591,2tml5a5shxx16bkg25p0hh8gk,2026-10-05
Al Wahda,Wahda,Al Wahda SC,69.1653527504,1592,epf0rlgn33w37t43qiocvx4wk,2026-10-05
Navalcarnero,Navalcarnero,CD Artístico Navalcarnero,69.1638422429,1593,3jk4gnb5m4ov0fm9ssmgg4c2c,2026-10-05
ÍA,ÍA,ÍA Akranes,69.1617552487,1594,eeeacj91qdk6pru5zwwobaiac,2026-10-05
Floridsdorfer AC,FAC Wien,Floridsdorfer AC Wien,69.1541029182,1595,bbsieeq7vmacbhd5d5hvgu978,2026-10-05
Yeclano,Yeclano,Yeclano Deportivo,69.1530594163,1596,3jk4gnb5m4ov0fm9ssmgg4c2c,2026-10-05
Carlos Mannucci,Mannucci,CSD Carlos A. Mannucci,69.150568923,1597,4wjv3pabgbhm9is93zhe6zf9w,2026-10-05
Spartak Varna,Spartak Varna,FK Spartak 1918 Varna,69.1502767421,1598,3rbiru554kufnw6hrtsv0us5w,2026-10-05
Juventud Unida Univ.,Juventud UU,CA Juventud Unida Universitario,69.1418730424,1599,1q9caek968o8ubc43inhg6uxg,2026-10-05
Brinje Grosuplje,Brinje,NK Brinje Grosuplje,69.140885188,1600,8pj9wygfe1cepoagkwe0x785w,2026-10-05
Al Shabab,Shabab,Al Shabab Club,69.1331757523,1601,cbdqxkajw3jvb9nqzpbraim1g,2026-10-05
Jenis,Jenis,FK Jenis Astana,69.1321892655,1602,5dlquxczyamt372efk9kgws2c,2026-10-05
Colchester United,Colchester,Colchester United FC,69.1255803394,1603,7kjvvls20hnhjguys4t73yjh0,2026-10-05
Sileks,Sileks,FK Sileks,69.1238411447,1604,bdisf9hz6nqbfmztljccr2978,2026-10-05
Al Nasr,Nasr,Al Nasr SCSC,69.110218348,1605,cbdqxkajw3jvb9nqzpbraim1g,2026-10-05
Salamanca UDS,Salamanca UDS,Salamanca CF UDS,69.1081883248,1606,3jk4gnb5m4ov0fm9ssmgg4c2c,2026-10-05
TransINVEST Vilnius,TransINVEST,FK TransINVEST Vilnius,69.1074926411,1607,4hzcbeghy116szh7rtk757xg4,2026-10-05
Inter Santa Tecla,Inter,Internacional Santa Tecla,69.0945425564,1608,30t9l739hkqomjqhti9lxg5qs,2026-10-05
Bentín Tacna Heroica,Tacna Heroica,CD Bentín Tacna Heroica,69.0900448152,1609,4wjv3pabgbhm9is93zhe6zf9w,2026-10-05
Platense,Platense,CD Platense,69.0888031198,1610,bifv7w5gplrvhfvyqle3jf504,2026-10-05
Sporting Lagos,Sport Lagos,Sporting Lagos FC,69.0615735067,1611,bblld98re54ohfsni235m1gyc,2026-10-05
Shinnik,Shinnik,FK Shinnik Yaroslavl,69.0598377352,1612,ewtzgv48te3m77r86sxunl3x0,2026-10-05
San Francisco,San Francisco,San Francisco FC,69.0515810591,1613,dxqxpijuyxkzzosa7wdmhzd3o,2026-10-05
Independiente FBC,Independiente,Independiente FBC (Campo Grande),69.0500422513,1614,8vh8k7j5o8k9gynwf0ntfr578,2026-10-05
Sonnenhof Großaspach,Großaspach,SG Sonnenhof Großaspach,69.0476629433,1615,58t4zseno2tp4253w3dm5i80k,2026-10-05
Široki Brijeg,Široki Brijeg,NK Široki Brijeg,69.0396623256,1616,4c48j9oq3d0aje3ojkb3mbp5g,2026-10-05
Richards Bay,Richards Bay,Richards Bay FC,69.036004094,1617,3wl91cn4c74oeacldjjpw800k,2026-10-05
Mačva Šabac,Mačva,FK Mačva Šabac,69.0354880777,1618,akqbhzm3iofv030i63sb5js44,2026-10-05
Shooting Stars,Shooting Stars,Shooting Stars FC (3SC),69.0271360773,1619,bblld98re54ohfsni235m1gyc,2026-10-05
Union Brescia,Union Brescia,Union Brescia Srl,69.0212259986,1620,5sw6ud25poqqgzszu5yk6p0r8,2026-10-05
Municipal Limeño,Limeño,CD Municipal Limeño,69.0190589608,1621,30t9l739hkqomjqhti9lxg5qs,2026-10-05
Unterhaching,Unterhaching,SpVgg Unterhaching,69.0177474274,1622,cp9ieu0l4mgyazd7866sx8pw4,2026-10-05
Stjarnan,Stjarnan,UMF Stjarnan,69.0177474274,1623,eeeacj91qdk6pru5zwwobaiac,2026-10-05
Puszcza Niepołomice,Puszcza,MKS Puszcza Niepołomice,69.0100945495,1624,9bj99ztou2rexljon6vvrssgk,2026-10-05
Valur,Valur,Valur Reykjavík,69.008703114,1625,eeeacj91qdk6pru5zwwobaiac,2026-10-05
Antalyaspor,Antalyaspor,Antalyaspor Kulübü,69.0017459223,1626,9vlcn0hdb4ufq9s8e7kjnfn6c,2026-10-05
Orsomarso,Orsomarso,Orsomarso SC,68.9999509629,1627,3f1bsdfpg1eedvajxpif8t5p0,2026-10-05
Tlaxcala,Tlaxcala,Tlaxcala FC,68.9982025272,1628,3cxwni2dq94c7yt90g8m7rs44,2026-10-05
Kruger United,Kruger,Kruger United FC,68.9852167301,1629,3wl91cn4c74oeacldjjpw800k,2026-10-05
San Martín Mendoza,SM Mendoza,Atlético Club San Martín de Mendoza,68.9752527156,1630,1q9caek968o8ubc43inhg6uxg,2026-10-05
Al Ula,Ula,Al Ula FC,68.9655111063,1631,3lxygsgllro9oeey1m5ndpct0,2026-10-05
Remo Stars,Remo Stars,Remo Stars FC,68.939474505,1632,6vwpcpdx5wlm8574ra5xaj09g,2026-10-05
AJEL,AJEL,AJEL de Rufisque,68.9349521773,1633,1bt3oe8dwu7lmuy50kex4bkt0,2026-10-05
Sarmiento de La Banda,Sar La Banda,CA Sarmiento de La Banda,68.9321170206,1634,1q9caek968o8ubc43inhg6uxg,2026-10-05
Bravos do Maquis,Bravos,Bravos do Maquis FC,68.9306037757,1635,ofi6heevfqlhgto3devky0b8,2026-10-05
Waterford,Waterford,Waterford FC,68.9241716028,1636,6zkfyunc0lfteytfj6slonuhg,2026-10-05
Bartolomé Mitre,Bartolomé Mit.,CA Bartolomé Mitre,68.9192457063,1637,1q9caek968o8ubc43inhg6uxg,2026-10-05
KCCA,KCCA,Kampala Capital City Authority FC,68.917384577,1638,d43v3lpfbbegmsubl20bdpct0,2026-10-05
La Unión Atlético,Unión Atlético,FC La Unión Atlético,68.9158226186,1639,4zj8gir6lx8a3eu8nb5llz6s4,2026-10-05
Galway United,Galway Utd,Galway United FC,68.9140832425,1640,6zkfyunc0lfteytfj6slonuhg,2026-10-05
Jicaral,Jicaral,Asociación Deportiva y Recreativa Jicaral Sercoba,68.9127834917,1641,7yzd2ff4zj9i1m1mowvd9uot0,2026-10-05
Bechem United,Bechem Utd,Bechem United FC,68.9125120373,1642,9jwcn4214a2l2atxhtwj6zxg4,2026-10-05
La Unión,La Unión,CD La Unión,68.9074179394,1643,6f3mt0vs7zxlbfevjpbqur4lw,2026-10-05
Borussia Dortmund II,Dortmund II,BV Borussia 09 Dortmund II,68.9046905857,1644,cp9ieu0l4mgyazd7866sx8pw4,2026-10-05
Paykan,Paykan,Paykan FC,68.8997632694,1645,1p2kviatzyprl6bv4j6zs9ams,2026-10-05
Shandong Taishan,Taishan,Shandong Taishan FC,68.8955205272,1646,e6818x4pwankpph8awr91m1hw,2026-10-05
Vlašim,Vlašim,FC Sellier & Bellot Vlašim,68.892862733,1647,6366wwpqz6bqwsprqq35h4hec,2026-10-05
Mondorf-les-Bains,Mondorf,US Mondorf-les-Bains,68.8897318192,1648,uza4dpaosr9j4jztif162p78,2026-10-05
Interclube,Interclube,GD Interclube,68.8881628816,1649,ofi6heevfqlhgto3devky0b8,2026-10-05
Ninh Bình,Ninh Bình,CLB Ninh Bình,68.8878671837,1650,cld1l7cgrsr3bij22f2ytqiok,2026-10-05
Heilbronn-Freiberg,H.-Freiberg,SGV Heilbronn-Freiberg,68.8834699769,1651,cp9ieu0l4mgyazd7866sx8pw4,2026-10-05
Dinamo Samarqand,Samarqand,PFK Dinamo Samarqand,68.8799341341,1652,30hnhs47crryfhtm1523ygzkk,2026-10-05
Nasarawa United,Nasarawa Utd,Nasarawa United FC,68.8768567544,1653,bblld98re54ohfsni235m1gyc,2026-10-05
Valenciennes,Valenciennes,Valenciennes FC,68.8692068187,1654,2hzxt22wy9dxf7qxh08hjbuhg,2026-10-05
USFAS Bamako,USFAS,US des Forces Armées et de Sécurité de Bamako,68.8683336335,1655,2fvr17f4zzd5uci32usqi0ro4,2026-10-05
Stuttgart II,Stuttgart II,VfB Stuttgart 1893,68.8671195187,1656,58t4zseno2tp4253w3dm5i80k,2026-10-05
Binga,Binga,Binga FC,68.8516351659,1657,2fvr17f4zzd5uci32usqi0ro4,2026-10-05
Pogoń Grodzisk Maz.,Pogoń GM,GKS Pogoń Grodzisk Mazowiecki,68.8486816082,1658,9bj99ztou2rexljon6vvrssgk,2026-10-05
Slavia Mozyr,Slavia,FK Slavia-Mozyr,68.8448548508,1659,2tml5a5shxx16bkg25p0hh8gk,2026-10-05
Sporting Gijón II,Gijón II,Real Sporting de Gijón II,68.8438111884,1660,1h4ygpz4oamwj3kksmzc15ams,2026-10-05
Oddevold,Oddevold,IK Oddevold,68.8218941532,1661,e45p1bhnnox3kdgzamrx63r4k,2026-10-05
Stade d'Abidjan,Stade Abidjan,Stade d'Abidjan,68.8215427829,1662,2x67tvk4kdanna2zej4ui0bv8,2026-10-05
Fafe,Fafe,AD Fafe,68.8114573855,1663,eoix5zq4par8gwml3bhkkyihg,2026-10-05
York City,York,York City FC,68.8104137058,1664,7kjvvls20hnhjguys4t73yjh0,2026-10-05
Badajoz,Badajoz,CD Badajoz,68.8076305571,1665,3jk4gnb5m4ov0fm9ssmgg4c2c,2026-10-05
Deportivo Lara,Deportivo Lara,AC Lara,68.8065312123,1666,5l0o7aj8bf50pay409j5x0j6c,2026-10-05
Atlético CP,Atlético CP,Atlético Clube de Portugal,68.8024121429,1667,eoix5zq4par8gwml3bhkkyihg,2026-10-05
Coruxo,Coruxo,Coruxo FC,68.7958021321,1668,3jk4gnb5m4ov0fm9ssmgg4c2c,2026-10-05
St. John's,St. John's,St. John's SC,68.7953743333,1669,7e8iz4klq135f8mgvdy8z4kyc,2026-10-05
Bandırmaspor,Bandırma,Bandırmaspor SK,68.7947584442,1670,9vlcn0hdb4ufq9s8e7kjnfn6c,2026-10-05
Daegu,Daegu,Daegu FC,68.7932416168,1671,aqzfod554aa202i8pjkt4ou1g,2026-10-05
Sarıyer,Sarıyer,Sarıyer SK,68.7923231703,1672,9vlcn0hdb4ufq9s8e7kjnfn6c,2026-10-05
Tampines Rovers,Tampines,Tampines Rovers FC,68.7883733493,1673,bi1hu93fyvmbyjjip2y05s3kk,2026-10-05
Ravenna,Ravenna,Ravenna FC,68.7874526137,1674,5sw6ud25poqqgzszu5yk6p0r8,2026-10-05
Marino de Luanco,Marino Luanco,Club Marino de Luanco,68.7857131263,1675,3jk4gnb5m4ov0fm9ssmgg4c2c,2026-10-05
Quevilly-Rouen Métropole,QRM,Quevilly-Rouen Métropole,68.7857131263,1676,2hzxt22wy9dxf7qxh08hjbuhg,2026-10-05
Oriental,Oriental,Club Oriental de Futbol,68.7839179737,1677,6oy1dcqjggeoyx76gstf8zkes,2026-10-05
Cieza,Cieza,CD Cieza,68.7756240697,1678,3jk4gnb5m4ov0fm9ssmgg4c2c,2026-10-05
Intercity,Intercity,CF Intercity Sant Joan d'Alacant,68.7704055721,1679,3jk4gnb5m4ov0fm9ssmgg4c2c,2026-10-05
Bnei Sakhnin,Sakhnin,Ihoud Bnei Sakhnin FC,68.7589248298,1680,cbr00ay9uda1ju0ooqvb1ufbo,2026-10-05
Potenza,Potenza,SSD Potenza Calcio,68.7585769275,1681,5sw6ud25poqqgzszu5yk6p0r8,2026-10-05
Chippa United,Chippa Utd,Chippa United FC,68.7577014055,1682,3wl91cn4c74oeacldjjpw800k,2026-10-05
Iğdır,Iğdır,Iğdır FK,68.755445804,1683,9vlcn0hdb4ufq9s8e7kjnfn6c,2026-10-05
Al Ramtha,Ramtha,Al Ramtha SC,68.7539971553,1684,espg5w80i6jk5f0n0b3buusk4,2026-10-05
Mes Shahr-e Babak,Mes Shahr-e B.,Mes Shahr-e Babak Kerman FC,68.7512139283,1685,1p2kviatzyprl6bv4j6zs9ams,2026-10-05
Ouakam,Ouakam,US Ouakam,68.7502237748,1686,1bt3oe8dwu7lmuy50kex4bkt0,2026-10-05
Kataller Toyama,Toyama,Kataller Toyama,68.7473187761,1687,4zxaepel6gk1jzqf5di3m6iok,2026-10-05
Rustavi,Rustavi,FC Rustavi,68.7443128807,1688,dmtc6z8cwdmdocaz02qc5p0yc,2026-10-05
Oulu,Oulu,AC Oulu,68.743269166,1689,32gy6t29t9240sgu7l11j9nh0,2026-10-05
Qəbələ,Qəbələ,FK Qəbələ,68.7411817349,1690,cjfv1fu1qsr0jyk785saolgd0,2026-10-05
Costa do Sol,Costa do Sol,CD Costa do Sol,68.7403084922,1691,12paa0nrmm7b6c9bt3b9rsx78,2026-10-05
Al Ahli,Ahli,Al Ahli SC (Doha),68.7331228583,1692,b0n3k3rsxrgrfimue4kkxqmms,2026-10-05
Fredericia,Fredericia,FC Fredericia,68.731788268,1693,2mb332vncy4450vu14paj8844,2026-10-05
Östersund,Östersunds,Östersunds FC,68.731440361,1694,e45p1bhnnox3kdgzamrx63r4k,2026-10-05
Terrassa,Terrassa,Terrassa FC,68.7310924539,1695,3jk4gnb5m4ov0fm9ssmgg4c2c,2026-10-05
Paraguarí,Paraguarí,CA Paraguarí,68.7202516389,1696,8vh8k7j5o8k9gynwf0ntfr578,2026-10-05
Oldham Athletic,Oldham,Oldham Athletic AFC,68.7168282114,1697,7kjvvls20hnhjguys4t73yjh0,2026-10-05
Berekum Chelsea,Chelsea,Berekum Chelsea FC,68.7166484905,1698,9jwcn4214a2l2atxhtwj6zxg4,2026-10-05
Duhok,Duhok,Duhok FC,68.7146860019,1699,1ua3sfkjt1blxmm5vtgqwavis,2026-10-05
Llapi,Llapi,KF Llapi Podujevë,68.7123076685,1700,cex4ulecg78atcdvr7zz1dqtw,2026-10-05
TPS,TPS,Turun Palloseura,68.7102179182,1701,32gy6t29t9240sgu7l11j9nh0,2026-10-05
CAPS United,CAPS,Central African Pharmaceutical Society United FC,68.6989073079,1702,8ea4fh0n7w704hsj43vlxw4yc,2026-10-05
Shonan Bellmare,Shonan,Shonan Bellmare,68.6979157565,1703,4zxaepel6gk1jzqf5di3m6iok,2026-10-05
Valencia II,Valencia II,Valencia CF Mestalla,68.6903869075,1704,3jk4gnb5m4ov0fm9ssmgg4c2c,2026-10-05
Guillermo Brown,Guillermo Br,CSA Guillermo Brown,68.6868520962,1705,1q9caek968o8ubc43inhg6uxg,2026-10-05
Detroit City,Detroit City,Detroit City FC,68.6824766267,1706,cbkjk31sv9wm38ljg3vxhtus4,2026-10-05
Vita Club,Vita,AS Vita Club,68.6808157652,1707,ehmma83pqd17k7x6if20hmrkk,2026-10-05
Mafra,Mafra,CD Mafra,68.6712515355,1708,eoix5zq4par8gwml3bhkkyihg,2026-10-05
Kwara United,Kwara Utd,Kwara United,68.669508468,1709,bblld98re54ohfsni235m1gyc,2026-10-05
Karela United,Karela,Karela United FC,68.6665488773,1710,9jwcn4214a2l2atxhtwj6zxg4,2026-10-05
Dubai United,Dubai,Dubai United FC,68.6555381464,1711,b6a9x42zsbxzbc2n5t79kdono,2026-10-05
La Nucía,La Nucía,CF La Nucía,68.6538555839,1712,3jk4gnb5m4ov0fm9ssmgg4c2c,2026-10-05
FC Tulsa,Tulsa,FC Tulsa,68.6396825543,1713,cbkjk31sv9wm38ljg3vxhtus4,2026-10-05
Paradou AC,Paradou,Paradou AC,68.6369756,1714,3npc49fs9snpta4p8le3r59g4,2026-10-05
Hødd,Hødd,IL Hødd,68.6301968469,1715,1b7iiw2jok0qp6s65rmh05a1g,2026-10-05
Northampton Town,Northampton,Northampton Town FC,68.6235862674,1716,7kjvvls20hnhjguys4t73yjh0,2026-10-05
Kitara,Kitara,Kitara FC,68.6140148053,1717,d43v3lpfbbegmsubl20bdpct0,2026-10-05
Volendam,Volendam,FC Volendam,68.6051461142,1718,7bdyxkrzt42tv7377rpz5nqc4,2026-10-05
Gent II,Jong Gent,Jong KAA Gent (KRC Gent II),68.6027106096,1719,83p55gs5rtqe8vjqg5t6me39w,2026-10-05
Katsina United,Katsina Utd,Katsina United FC,68.6020112713,1720,bblld98re54ohfsni235m1gyc,2026-10-05
Green Eagles,Eagles,Green Eagles FC,68.5891378358,1721,3yqrgsjxdtodaoynaqjdtzuhg,2026-10-05
Warta Poznań,Warta Poznań,Warta Poznań,68.5856619939,1722,9bj99ztou2rexljon6vvrssgk,2026-10-05
Enyimba,Enyimba,Enyimba International FC,68.5832229862,1723,bblld98re54ohfsni235m1gyc,2026-10-05
Reddis,Reddis,CF Reddis,68.5828785327,1724,3jk4gnb5m4ov0fm9ssmgg4c2c,2026-10-05
Cruz Azul Hidalgo,CA Hidalgo,CD Cruz Azul Hidalgo,68.5817699301,1725,3cxwni2dq94c7yt90g8m7rs44,2026-10-05
Maestro United Zambia,MUZA,Maestro United Zambia FC,68.5477335211,1726,3yqrgsjxdtodaoynaqjdtzuhg,2026-10-05
Paredes,Paredes,USC Paredes,68.5425179083,1727,eoix5zq4par8gwml3bhkkyihg,2026-10-05
Liepāja,Liepāja,FK Liepāja,68.5397343869,1728,d1tk0recez2ejvsidutwviwwk,2026-10-05
Central Coast Mariners,Central Coast,Central Coast Mariners FC,68.5291708879,1729,1ztoqmkrzy1d4ejf5jokthiqc,2026-10-05
Bordeaux,Bordeaux,FC Girondins de Bordeaux,68.5275042438,1730,er1n8bxfo7q3075m90iafw1ec,2026-10-05
Tenerife II,Tenerife II,CD Tenerife II,68.5188578527,1731,3jk4gnb5m4ov0fm9ssmgg4c2c,2026-10-05
Baník Ostrava II,Baník II,FC Baník Ostrava II,68.5174660759,1732,6366wwpqz6bqwsprqq35h4hec,2026-10-05
Manila Digger,Manila Digger,Manila Digger FC,68.4987279951,1733,c50ksp1w60e030qpuec4280es,2026-10-05
Fleetwood Town,Fleetwood,Fleetwood Town FC,68.4965893087,1734,7kjvvls20hnhjguys4t73yjh0,2026-10-05
Don Benito,Don Benito,CD Don Benito,68.4934577747,1735,3jk4gnb5m4ov0fm9ssmgg4c2c,2026-10-05
Sporting Hasselt,Hasselt,Koninklijke Sporting Hasselt,68.4927618776,1736,83p55gs5rtqe8vjqg5t6me39w,2026-10-05
Pendikspor,Pendik,Pendik SK,68.48858649,1737,9vlcn0hdb4ufq9s8e7kjnfn6c,2026-10-05
Abia Warriors,Abia,Abia Warriors FC,68.4837117138,1738,bblld98re54ohfsni235m1gyc,2026-10-05
Lierse SK,Lierse,Koninklijke Lierse SK,68.4809315898,1739,83p55gs5rtqe8vjqg5t6me39w,2026-10-05
Barranquilla,Barranquilla,CD Barranquilla FC,68.4794841145,1740,3f1bsdfpg1eedvajxpif8t5p0,2026-10-05
Al Karkh,Karkh,Al Karkh SC,68.4718300943,1741,1ua3sfkjt1blxmm5vtgqwavis,2026-10-05
Vitesse,Vitesse,Vitesse,68.4649257946,1742,7bdyxkrzt42tv7377rpz5nqc4,2026-10-05
US Chaouia,Chaouia,Union Sportive des Chaouia,68.4612665131,1743,flxkeved0q9tmclqafcpql1w,2026-10-05
Marítimo,Maritimo,Club Sport Marítimo de Venezuela,68.4586069497,1744,5l0o7aj8bf50pay409j5x0j6c,2026-10-05
Al Salmiyah,Salmiyah,Al Salmiyah SC,68.4586055774,1745,evaw3m63xloe8o87vqybzjsic,2026-10-05
Kabwe Warriors,Warriors,Kabwe Warriors FC,68.4454368258,1746,3yqrgsjxdtodaoynaqjdtzuhg,2026-10-05
Kriens,Kriens,SC Kriens,68.4384811558,1747,akzt9nsp06yyv03a86lz8kdn8,2026-10-05
Tropezón,Tropezón,CD Tropezón,68.4377852395,1748,1h4ygpz4oamwj3kksmzc15ams,2026-10-05
Catania,Catania,Calcio Catania,68.4301301444,1749,5sw6ud25poqqgzszu5yk6p0r8,2026-10-05
Gor Mahia,Gor Mahia,Gor Mahia FC,68.4254269182,1750,6of7eu9uyvb2ljqldumlr92xg,2026-10-05
Unión San Felipe,San Felipe,CD Unión San Felipe,68.4147641918,1751,3mlz1os528syxdg3qpkz4ljis,2026-10-05
Azuaga,Azuaga,CD Azuaga,68.4106443148,1752,1h4ygpz4oamwj3kksmzc15ams,2026-10-05
Sport Huancayo II,Huancayo II,Club Sport Huancayo II,68.4102406778,1753,4wjv3pabgbhm9is93zhe6zf9w,2026-10-05
Albirex Niigata,Albirex,Albirex Niigata,68.4098231221,1754,4zxaepel6gk1jzqf5di3m6iok,2026-10-05
Perth Glory,Perth,Perth Glory FC,68.4056475607,1755,1ztoqmkrzy1d4ejf5jokthiqc,2026-10-05
Castellón II,Castellón II,CD Castellón II,68.396377783,1756,3jk4gnb5m4ov0fm9ssmgg4c2c,2026-10-05
Konkola Blades,Blades,Konkola Blades FC,68.3765401747,1757,3yqrgsjxdtodaoynaqjdtzuhg,2026-10-05
Panevėžys,Panevėžys,FK Panevėžys,68.3751517783,1758,4hzcbeghy116szh7rtk757xg4,2026-10-05
Shams Azar Qazvin,Shams Azar,Shams Azar Qazvin,68.371963006,1759,1p2kviatzyprl6bv4j6zs9ams,2026-10-05
Weiche Flensburg,Weiche,SC Weiche Flensburg 08,68.3706281743,1760,cp9ieu0l4mgyazd7866sx8pw4,2026-10-05
Batman Petrolspor,Batman,Batman Petrol SK,68.3668005013,1761,9vlcn0hdb4ufq9s8e7kjnfn6c,2026-10-05
Atenas,Atenas,CA Atenas,68.3663968554,1762,6oy1dcqjggeoyx76gstf8zkes,2026-10-05
Benjamín Aceval,B. Aceval,Club Dr. Benjamín Aceval,68.3524779797,1763,8vh8k7j5o8k9gynwf0ntfr578,2026-10-05
Ashantigold,Ashantigold,Ashantigold FC,68.3457424013,1764,9jwcn4214a2l2atxhtwj6zxg4,2026-10-05
Suchitepéquez,Suchitepéquez,CD Suchitepéquez,68.3442740607,1765,8hlpnvuhsi69veuw84gyggr9w,2026-10-05
Mouna,Mouna,FC Mouna d'Akoupé,68.3431348798,1766,2x67tvk4kdanna2zej4ui0bv8,2026-10-05
Manresa,Manresa,CE Manresa,68.3382667072,1767,3jk4gnb5m4ov0fm9ssmgg4c2c,2026-10-05
Nkana,Nkana,Nkana FC,68.3166886236,1768,3yqrgsjxdtodaoynaqjdtzuhg,2026-10-05
MWOS,MWOS,Moors World of Sport FC,68.3161666545,1769,8ea4fh0n7w704hsj43vlxw4yc,2026-10-05
Pharco,Pharco,Pharco FC,68.3133805295,1770,c8yhc9482s3xm3dplmzcg8wes,2026-10-05
Partick Thistle,Partick,Partick Thistle FC,68.3090365426,1771,73jqy9edtsysqefneqki92kno,2026-10-05
UD Logroñés II,Logroñés II,UD Logroñés II,68.3017289344,1772,3jk4gnb5m4ov0fm9ssmgg4c2c,2026-10-05
Swindon Town,Swindon,Swindon Town FC,68.284677744,1773,7kjvvls20hnhjguys4t73yjh0,2026-10-05
Esteghlal Khuzestan,Khuzestan,Esteghlal Meli-Sanati Khuzestan FC,68.2773129959,1774,1p2kviatzyprl6bv4j6zs9ams,2026-10-05
Hartford Athletic,Hartford Ath,Hartford Athletic,68.2764178674,1775,cbkjk31sv9wm38ljg3vxhtus4,2026-10-05
Ciudad de Lucena,Lucena,CD Ciudad de Lucena,68.2634505475,1776,3jk4gnb5m4ov0fm9ssmgg4c2c,2026-10-05
Milo,Milo,Milo FC,68.2441336016,1777,1odzlx97lfuimst69uxvbn310,2026-10-05
El Linqueño,Linqueño,CA El Linqueño,68.2425154379,1778,1q9caek968o8ubc43inhg6uxg,2026-10-05
Platinum,Platinum,FC Platinum,68.2416976557,1779,8ea4fh0n7w704hsj43vlxw4yc,2026-10-05
Soroksár SC,Soroksár,Soroksár Sport Club 1905,68.2415271393,1780,cnv4lxtlbn15zo28rnoqs4kr8,2026-10-05
Escorpiones Belén,Escorpiones,CD Escorpiones de Belén FC,68.237791,1781,dys50za4ylhqy94bj8zhmyx3o,2026-10-05
Choloma,Choloma,CD Choloma,68.2308334117,1782,bifv7w5gplrvhfvyqle3jf504,2026-10-05
ASM Oran,ASM Oran,ASM d'Oran,68.2270796296,1783,flxkeved0q9tmclqafcpql1w,2026-10-05
Castellonense,Castellonense,UD Castellonense,68.2251714233,1784,3jk4gnb5m4ov0fm9ssmgg4c2c,2026-10-05
Banga,Banga,FK Banga Gargždai,68.2237794413,1785,4hzcbeghy116szh7rtk757xg4,2026-10-05
Slatina,Slatina,CSM Slatina,68.2168195164,1786,2iz4hkjsj1fadp09drcb6hhqs,2026-10-05
Correcaminos UAT,Correcaminos,CF Correcaminos de la UAT,68.2132747291,1787,3cxwni2dq94c7yt90g8m7rs44,2026-10-05
Al Merreikh,Merreikh,Al-Merreikh Al-Sudan,68.2119440761,1788,193l1zv2eyi82heh2jblkwqhg,2026-10-05
Resistencia,Resistencia,Resistencia SC,68.2073678993,1789,8vh8k7j5o8k9gynwf0ntfr578,2026-10-05
Coleraine,Coleraine,Coleraine FC,68.2060315846,1790,8ahwg697cwemg7ctdnexwqivo,2026-10-05
Radomlje,Radomlje,NK Radomlje,68.2060315846,1791,8pj9wygfe1cepoagkwe0x785w,2026-10-05
Boreham Wood,Boreham Wood,Boreham Wood FC,68.2060141847,1792,7jeqt00dn1903yv3hr8r63g2c,2026-10-05
Herentals,Herentals,Herentals College FC,68.2051581076,1793,8ea4fh0n7w704hsj43vlxw4yc,2026-10-05
Mineros,Mineros,Mineros SC,68.2045839093,1794,6f3mt0vs7zxlbfevjpbqur4lw,2026-10-05
Racing Santander II,Santander II,Rayo Cantabria,68.2032475927,1795,3jk4gnb5m4ov0fm9ssmgg4c2c,2026-10-05
Ben Guerdane,USBG,Union Sportive de Ben Guerdane,68.1898438095,1796,2cdwuc8jbyg41icy3ah21d2c4,2026-10-05
Kiryat Yam SC,Kiryat Yam SC,Kiryat Yam Sports Club,68.1868915614,1797,1mqfttramp7l8dfkpwk7w6wic,2026-10-05
Tepatitlán,Tepa,Tepatitlán FC,68.180562697,1798,3cxwni2dq94c7yt90g8m7rs44,2026-10-05
Čelik,Čelik,NK Čelik Zenica,68.1771474787,1799,4c48j9oq3d0aje3ojkb3mbp5g,2026-10-05
RSD Alcalá,Alcalá,RSD Alcalá,68.1740154419,1800,3jk4gnb5m4ov0fm9ssmgg4c2c,2026-10-05
Sporting San Miguelito,San Miguelito,AF Sporting San Miguelito,68.1706271805,1801,dxqxpijuyxkzzosa7wdmhzd3o,2026-10-05
Al Gharafa,Gharafa,Al Gharafa SC,68.1690863216,1802,b0n3k3rsxrgrfimue4kkxqmms,2026-10-05
Varzim,Varzim,Varzim SC,68.168099359,1803,eoix5zq4par8gwml3bhkkyihg,2026-10-05
UMECIT,UMECIT,UMECIT FC,68.1598389977,1804,dxqxpijuyxkzzosa7wdmhzd3o,2026-10-05
Highlanders,Highlanders,Highlanders FC,68.1581777004,1805,8ea4fh0n7w704hsj43vlxw4yc,2026-10-05
Rapperswil-Jona,Rapperswil,FC Rapperswil-Jona,68.1510470214,1806,akzt9nsp06yyv03a86lz8kdn8,2026-10-05
Kun Khalifat,Kun Khalifat,Kun Khalifat FC,68.1339910571,1807,bblld98re54ohfsni235m1gyc,2026-10-05
Wally Daan,Wally Daan,Wally Daan FC,68.1218106214,1808,1bt3oe8dwu7lmuy50kex4bkt0,2026-10-05
Příbram,Příbram,FK Příbram,68.116593892,1809,6366wwpqz6bqwsprqq35h4hec,2026-10-05
Rhode Island,Rhode Island,Rhode Island FC,68.103113071,1810,cbkjk31sv9wm38ljg3vxhtus4,2026-10-05
Independiente Chivilcoy,Ind Chivilcoy,Atlético Independiente de Chivilcoy,68.0946131786,1811,1q9caek968o8ubc43inhg6uxg,2026-10-05
Juventud Italiana,Juventud Ita.,Juventud Italiana,68.0639873324,1812,6f3mt0vs7zxlbfevjpbqur4lw,2026-10-05
Sanat Naft,Sanat Naft,Sanat Naft FC,68.0566774493,1813,1p2kviatzyprl6bv4j6zs9ams,2026-10-05
Kagoshima United,Kagoshima Utd,Kagoshima United FC,68.0553911292,1814,d7a4tg9b5xoanhbupsxsbi238,2026-10-05
Tokushima Vortis,Tokushima,Tokushima Vortis,68.0520848872,1815,4zxaepel6gk1jzqf5di3m6iok,2026-10-05
Bogotá,Bogotá,Corporación Deportiva Bogotá FC,68.0514584407,1816,3f1bsdfpg1eedvajxpif8t5p0,2026-10-05
Salernitana,Salernitana,US Salernitana 1919,68.0494259686,1817,5sw6ud25poqqgzszu5yk6p0r8,2026-10-05
Swedru All Blacks,All Blacks,Swedru All Blacks United FC,68.0464619755,1818,9jwcn4214a2l2atxhtwj6zxg4,2026-10-05
América Mineiro,América MG,América FC (Minas Gerais),68.0396255258,1819,7pt8trpd4rbju1v568nuskdn8,2026-10-05
FH,FH,FH Hafnarfjörður,68.0372450132,1820,eeeacj91qdk6pru5zwwobaiac,2026-10-05
Basake Holy Stars,Holy Stars,Basake Holy Stars FC,68.0346290307,1821,9jwcn4214a2l2atxhtwj6zxg4,2026-10-05
Colón,Colón,Colón FC,68.0316208668,1822,6oy1dcqjggeoyx76gstf8zkes,2026-10-05
Polonia Bytom,Pl Bytom,TS Polonia Bytom,68.0278482249,1823,9bj99ztou2rexljon6vvrssgk,2026-10-05
1860 München,1860 München,TSV 1860 München,68.0226277678,1824,cp9ieu0l4mgyazd7866sx8pw4,2026-10-05
Real Ávila,Ávila,Real Ávila CF,68.0222797368,1825,3jk4gnb5m4ov0fm9ssmgg4c2c,2026-10-05
Daquilema,Daquilema,Daquilema FC,68.0208319273,1826,6f3mt0vs7zxlbfevjpbqur4lw,2026-10-05
Sesvete,Radnik,NK Sesvete,68.0080104144,1827,cuux8wgnrxz78zen0blqr5q1g,2026-10-05
Hannover 96 II,Hannover II,Hannoverscher Sportverein 1896 II,68.0038340079,1828,cp9ieu0l4mgyazd7866sx8pw4,2026-10-05
Amstetten,Amstetten,SKU Ertl Glas Amstetten,68.0031379393,1829,bbsieeq7vmacbhd5d5hvgu978,2026-10-05
Júbilo Iwata,Júbilo,Júbilo Iwata,67.9918755152,1830,4zxaepel6gk1jzqf5di3m6iok,2026-10-05
Lusail City,Lusail City,Lusail City FC,67.9780222475,1831,b0n3k3rsxrgrfimue4kkxqmms,2026-10-05
Atert Bissen,Atert,FC Atert Bissen,67.9773832287,1832,uza4dpaosr9j4jztif162p78,2026-10-05
ES Mostaganem,ES Mostaganem,ES Mostaganem,67.9747671671,1833,3npc49fs9snpta4p8le3r59g4,2026-10-05
Delfines Del Este,Delfines,Delfines Del Este FC,67.9689503398,1834,cokma0jt05z41cexn5ea0mxg,2026-10-05
Kazma,Kazma,Kazma,67.9661888936,1835,evaw3m63xloe8o87vqybzjsic,2026-10-05
Atlético Tembetary,Tembetary,Club Atlético Tembetary,67.9637539787,1836,8vh8k7j5o8k9gynwf0ntfr578,2026-10-05
Alianza Universidad,Alianza Univ,CDS y C Alianza Universidad de Huánuco,67.9627098545,1837,4wjv3pabgbhm9is93zhe6zf9w,2026-10-05
Rentistas,Rentistas,CA Rentistas,67.944611615,1838,6oy1dcqjggeoyx76gstf8zkes,2026-10-05
11 de Mayo,11 de Mayo,11 de Mayo FC,67.9362585255,1839,6f3mt0vs7zxlbfevjpbqur4lw,2026-10-05
Zemun,Zemun,FK Zemun,67.9210001241,1840,akqbhzm3iofv030i63sb5js44,2026-10-05
Marumo Gallants,Gallants,Marumo Gallants FC,67.9086385841,1841,3wl91cn4c74oeacldjjpw800k,2026-10-05
Yenisey,Yenisey,FK Yenisey Krasnoyarsk,67.9032495547,1842,ewtzgv48te3m77r86sxunl3x0,2026-10-05
Sportivo Carapeguá,Carapeguá,Club Sportivo Carapeguá,67.8993652912,1843,8vh8k7j5o8k9gynwf0ntfr578,2026-10-05
Palmeira,Palmeira,Grupo Desportivo da Palmeira,67.8957629432,1844,378ubqtunv9zk2so0s1rz4s2c,2026-10-05
Kuching City,Kuching City,Kuching City FC,67.8912904537,1845,6siod2n1m854sihsqbyknyl1w,2026-10-05
CS-Disciples,CS-Disciples,Caisse Nationale de Prévoyance Sociale Sport - Disciples FC,67.8818407653,1846,citm4e83b4soxyy411ags2z8,2026-10-05
FC Santa Coloma,FC St. Coloma,FC Santa Coloma,67.8764493732,1847,2a3fpo37ny4uvuf4u7toqok5w,2026-10-05
Ferizaj,Ferizaj,KF Ferizaj,67.8712308042,1848,6ztabhaasz9mz4wdy6fkfl72s,2026-10-05
Henan,Henan,Henan FC,67.8700590425,1849,e6818x4pwankpph8awr91m1hw,2026-10-05
Germinal de Rawson,Ger Rawson,CA Germinal Trelew,67.8652558391,1850,1q9caek968o8ubc43inhg6uxg,2026-10-05
Manacor,Manacor,CE Manacor,67.8503449507,1851,1h4ygpz4oamwj3kksmzc15ams,2026-10-05
Thionville Lusitanos,Thionville,US Thionville Lusitanos,67.848256582,1852,2hzxt22wy9dxf7qxh08hjbuhg,2026-10-05
Dundalk,Dundalk,Dundalk FC,67.8416433998,1853,6zkfyunc0lfteytfj6slonuhg,2026-10-05
Obolon Kyiv,Obolon,FK Obolon Kyiv,67.8392069587,1854,5vqx2miccjg04lp2pqs1hbmc,2026-10-05
Deportivo Miranda,Miranda,Deportivo Miranda Fútbol Club,67.8374109516,1855,5l0o7aj8bf50pay409j5x0j6c,2026-10-05
Colorado Springs,Switchbacks,Colorado Springs Switchbacks FC,67.8333816757,1856,cbkjk31sv9wm38ljg3vxhtus4,2026-10-05
Roda JC,Roda JC,Roda JC Kerkrade,67.8273727734,1857,7bdyxkrzt42tv7377rpz5nqc4,2026-10-05
Kansanshi Dynamos,Kansanshi,Kansanshi Dynamos FC,67.8273692927,1858,3yqrgsjxdtodaoynaqjdtzuhg,2026-10-05
Defence Force,Defence,Defence Force FC,67.8225916542,1859,7vg2l80h7ceoyxoj3jy1igro4,2026-10-05
Lokomotive Leipzig,Lok Leipzig,1. FC Lokomotive Leipzig,67.8127539759,1860,cp9ieu0l4mgyazd7866sx8pw4,2026-10-05
Xamax,Xamax,Neuchâtel Xamax FCS,67.7995273514,1861,akzt9nsp06yyv03a86lz8kdn8,2026-10-05
Bani Yas,Bani Yas,Bani Yas Club,67.7963376528,1862,b6a9x42zsbxzbc2n5t79kdono,2026-10-05
Kaspiy,Kaspiy,FK Kaspiy Aktau,67.7908255765,1863,5dlquxczyamt372efk9kgws2c,2026-10-05
CI Kamsar,Kamsar,Club Industriel de Kamsar,67.7777693613,1864,1odzlx97lfuimst69uxvbn310,2026-10-05
Laredo,Laredo,CD Laredo,67.7702892354,1865,1h4ygpz4oamwj3kksmzc15ams,2026-10-05
BATE,BATE,FK BATE Borisov,67.7682007819,1866,2tml5a5shxx16bkg25p0hh8gk,2026-10-05
Stockholm Inter,Stockholm Int.,FC Stockholm Internazionale,67.7682007819,1867,6y4xajtea36x0n0xrjr4vy3o4,2026-10-05
Öster,Öster,Östers IF,67.7678527061,1868,e45p1bhnnox3kdgzamrx63r4k,2026-10-05
Guaranda,Guaranda,Guaranda FC,67.7657085579,1869,6f3mt0vs7zxlbfevjpbqur4lw,2026-10-05
Sandviken,Sandviken,Sandvikens IF,67.7626315619,1870,e45p1bhnnox3kdgzamrx63r4k,2026-10-05
Al Wakrah,Wakrah,Al Wakrah SC,67.7618783432,1871,b0n3k3rsxrgrfimue4kkxqmms,2026-10-05
WE,WE,WE SC (Telecom Egypt),67.7607113701,1872,c8yhc9482s3xm3dplmzcg8wes,2026-10-05
Río Aguarico,Río Aguarico,Río Aguarico Fútbol Club,67.760487408,1873,6f3mt0vs7zxlbfevjpbqur4lw,2026-10-05
Señor Montúfar,Señor,CD Señor Montúfar,67.7542220099,1874,6f3mt0vs7zxlbfevjpbqur4lw,2026-10-05
Cittadella,Cittadella,AS Cittadella,67.7532334675,1875,5sw6ud25poqqgzszu5yk6p0r8,2026-10-05
Defensores Vilelas,Defensores V.,Club Atlético Defensores de Vilelas,67.7462161944,1876,1q9caek968o8ubc43inhg6uxg,2026-10-05
Bayelsa United,Bayelsa Utd,Bayelsa United FC,67.7396548822,1877,6vwpcpdx5wlm8574ra5xaj09g,2026-10-05
Gimnasia Concepción,Gim Concepción,Club Gimnasia y Esgrima de Concepción del Uruguay,67.7382103464,1878,1q9caek968o8ubc43inhg6uxg,2026-10-05
Odra Opole,Odra,OKS Odra Opole,67.729563994,1879,9bj99ztou2rexljon6vvrssgk,2026-10-05
Aviced,Aviced,Aviced Fútbol Club,67.726375555,1880,6f3mt0vs7zxlbfevjpbqur4lw,2026-10-05
Gütersloh,Gütersloh,FC Gütersloh 2000,67.7208619102,1881,cp9ieu0l4mgyazd7866sx8pw4,2026-10-05
Kabuscorp,Kabuscorp,Kabuscorp SC do Palanca,67.7161592882,1882,ofi6heevfqlhgto3devky0b8,2026-10-05
Atlético Madrid III,A Madrid III,Club Atlético de Madrid III,67.7159887265,1883,3jk4gnb5m4ov0fm9ssmgg4c2c,2026-10-05
River Plate,River Plate,CA River Plate,67.7065347158,1884,6oy1dcqjggeoyx76gstf8zkes,2026-10-05
Toledo,Toledo,CD Toledo,67.7003248401,1885,1h4ygpz4oamwj3kksmzc15ams,2026-10-05
Mallorca II,Mallorca II,Real Club Deportivo Mallorca II,67.6964958712,1886,3jk4gnb5m4ov0fm9ssmgg4c2c,2026-10-05
Dewa United,Dewa United,Dewa United Banten FC,67.6963705593,1887,2t0yn5r2hq16whtb16f4i7nro,2026-10-05
Racing United,Racing Utd,Racing United FC,67.6953716567,1888,3b44u42lrrjhxh5ket3d32z9w,2026-10-05
Quick Boys,Quick Boys,kvv Quick Boys,67.683964648,1889,asox70lt42oe70oat4mcayaz8,2026-10-05
Kazincbarcika,Kazincbarcika,Kolorcity Kazincbarcika SC,67.6832684666,1890,cnv4lxtlbn15zo28rnoqs4kr8,2026-10-05
Cheltenham Town,Cheltenham,Cheltenham Town FC,67.6801356472,1891,7kjvvls20hnhjguys4t73yjh0,2026-10-05
Vysočina Jihlava,Vysočina,FC Vysočina Jihlava,67.6742180859,1892,6366wwpqz6bqwsprqq35h4hec,2026-10-05
Chornomorets,Chornomorets,FK Chornomorets Odesa,67.672825716,1893,5vqx2miccjg04lp2pqs1hbmc,2026-10-05
Melgar II,Melgar II,FBC Melgar II,67.6726307841,1894,a9cov1ehhclrmqc4wgh59p2j8,2026-10-05
Niger Tornadoes,Tornadoes,Niger Tornadoes FC,67.6703855853,1895,bblld98re54ohfsni235m1gyc,2026-10-05
Etoile Carouge,Etoile Carouge,Etoile Carouge FC,67.6689966935,1896,akzt9nsp06yyv03a86lz8kdn8,2026-10-05
Peña Sport,Peña Sport,Peña Sport FC,67.666560039,1897,3jk4gnb5m4ov0fm9ssmgg4c2c,2026-10-05
Ferroviário Beira,Ferro Beira,Clube Ferroviário da Beira,67.6663825112,1898,12paa0nrmm7b6c9bt3b9rsx78,2026-10-05
Stal Rzeszów,Stal Rzeszów,ZKS Stal Rzeszów,67.6578576768,1899,9bj99ztou2rexljon6vvrssgk,2026-10-05
Cuarte,Cuarte,CD Cuarte Industrial,67.6561171998,1900,1h4ygpz4oamwj3kksmzc15ams,2026-10-05
St Maur Lusitanos,St Maur Lusita,Lusitanos St Maur US,67.6553687942,1901,4puti0g0aurz6lctqhbonl2c4,2026-10-05
Atlético Astorga,Astorga,Atlético Astorga FC,67.6501995663,1902,3jk4gnb5m4ov0fm9ssmgg4c2c,2026-10-05
Mura,Mura,NŠ Mura,67.6477628885,1903,8pj9wygfe1cepoagkwe0x785w,2026-10-05
Lexington,Lexington,Lexington SC,67.6464623094,1904,cbkjk31sv9wm38ljg3vxhtus4,2026-10-05
Zhejiang,Zhejiang,Zhejiang Professional FC,67.6438085021,1905,e6818x4pwankpph8awr91m1hw,2026-10-05
Debibi United,Debibi,Debibi United FC,67.6420135098,1906,9jwcn4214a2l2atxhtwj6zxg4,2026-10-05
Altglienicke,Altglienicke,VSG Altglienicke,67.6362756526,1907,cp9ieu0l4mgyazd7866sx8pw4,2026-10-05
Khorfakkan,Khorfakkan,Khorfakkan Club,67.6299527903,1908,b6a9x42zsbxzbc2n5t79kdono,2026-10-05
Simba Bhora,Simba Bhora,Simba Bhora FC,67.6273956251,1909,8ea4fh0n7w704hsj43vlxw4yc,2026-10-05
Deportivo Capiatá,Capiatá,Deportivo Capiatá,67.6247326534,1910,8vh8k7j5o8k9gynwf0ntfr578,2026-10-05
Nueva Santa Rosa,Santa Rosa,Nueva Santa Rosa CDF,67.6227915525,1911,9krteg77umv3opxgpwp51d6ac,2026-10-05
Brisbane Roar,Brisbane,Brisbane Roar FC,67.6215301205,1912,1ztoqmkrzy1d4ejf5jokthiqc,2026-10-05
Warri Wolves,Warri,Warri Wolves FC,67.6094683602,1913,bblld98re54ohfsni235m1gyc,2026-10-05
Métlaoui,Métlaoui,Étoile Sportive de Métlaoui,67.6065071873,1914,2cdwuc8jbyg41icy3ah21d2c4,2026-10-05
SOA,SOA,Société Omnisports de l'Armée,67.6052911099,1915,2x67tvk4kdanna2zej4ui0bv8,2026-10-05
Le Geldar,Le Geldar,ASC Le Geldar de Kourou,67.6050405878,1916,8ptl1wrxicnblij9u19k2p4pg,2026-10-05
Liefering,Liefering,FC Liefering,67.5990286989,1917,bbsieeq7vmacbhd5d5hvgu978,2026-10-05
Golden Lion,Golden Lion,Golden Lion de Saint-Joseph,67.5965120065,1918,8oya8610sjuxts1g4yxvd1nh0,2026-10-05
Sacachispas,Sacachispas,CSyD Sacachispas,67.5921583854,1919,9krteg77umv3opxgpwp51d6ac,2026-10-05
Lokomotiv,Lokomotiv,FK Lokomotiv Tashkent,67.5770408492,1920,30hnhs47crryfhtm1523ygzkk,2026-10-05
Dorados,Dorados,CSyD Dorados de Sinaloa,67.5759887541,1921,3cxwni2dq94c7yt90g8m7rs44,2026-10-05
Hurricanes,Hurricanes,Hurricanes SC,67.575277419,1922,7e8iz4klq135f8mgvdy8z4kyc,2026-10-05
Portugalete,Portugalete,Club Portugalete,67.5718762694,1923,3jk4gnb5m4ov0fm9ssmgg4c2c,2026-10-05
Aigle Noir,Aigle Noir,Aigle Noir Makamba,67.5656067915,1924,emlzehq1t5dd17y2jnjdwn4k,2026-10-05
Zanaco,Zanaco,Zanaco FC,67.562473783,1925,3yqrgsjxdtodaoynaqjdtzuhg,2026-10-05
Seraing,Seraing,RFC Seraing,67.562129152,1926,83p55gs5rtqe8vjqg5t6me39w,2026-10-05
CA Batna,Batna,CA Batna,67.5494172461,1927,flxkeved0q9tmclqafcpql1w,2026-10-05
Silver Strikers,Strikers,Silver Strikers FC,67.5466346168,1928,dzzhvxalhc0doyc8cvfxaeyvo,2026-10-05
Sivasspor,Sivas,Sivasspor Kulübü,67.5443753495,1929,9vlcn0hdb4ufq9s8e7kjnfn6c,2026-10-05
Wil,Wil,FC Wil 1900,67.5433310032,1930,akzt9nsp06yyv03a86lz8kdn8,2026-10-05
Pogoń Siedlce,P Siedlce,MKP Pogoń Siedlce,67.5401979609,1931,9bj99ztou2rexljon6vvrssgk,2026-10-05
Llanera,Llanera,UD Llanera,67.5335837441,1932,3jk4gnb5m4ov0fm9ssmgg4c2c,2026-10-05
Luz Valdivia,Luz Valdivia,Luz Valdivia FC,67.5307431052,1933,6f3mt0vs7zxlbfevjpbqur4lw,2026-10-05
Erzgebirge Aue,Aue,FC Erzgebirge Aue,67.516177804,1934,cp9ieu0l4mgyazd7866sx8pw4,2026-10-05
Huracán Las Heras,Las Heras,CA Huracán Las Heras,67.5112484138,1935,1q9caek968o8ubc43inhg6uxg,2026-10-05
Saipa,Saipa,Saipa FC,67.5042846041,1936,4kjg0qklfya45mq3pjthw09w4,2026-10-05
Ayacucho,Ayacucho,Ayacucho FC,67.4994122567,1937,4wjv3pabgbhm9is93zhe6zf9w,2026-10-05
Fénix,Fénix,CA Fénix,67.4976716393,1938,6oy1dcqjggeoyx76gstf8zkes,2026-10-05
Chicken Inn,Chicken Inn,Chicken Inn FC,67.4912835604,1939,8ea4fh0n7w704hsj43vlxw4yc,2026-10-05
El Paso Locomotive,El Paso Loco,El Paso Locomotive FC,67.491204796,1940,cbkjk31sv9wm38ljg3vxhtus4,2026-10-05
El Bayadh,Bayadh,MC El Bayadh,67.4898887725,1941,3npc49fs9snpta4p8le3r59g4,2026-10-05
Izarra,Izarra,CD Izarra,67.4879798536,1942,1h4ygpz4oamwj3kksmzc15ams,2026-10-05
Grorud,Grorud,Grorud IL,67.4872836028,1943,eyebcttojdlxx2xxue3awhmvo,2026-10-05
Oliveirense,Oliveirense,UD Oliveirense,67.4806692078,1944,eoix5zq4par8gwml3bhkkyihg,2026-10-05
Sliema Wanderers,Sliema,Sliema Wanderers FC,67.4726622787,1945,3jedmdrdnamejeki9uh7jrs44,2026-10-05
Sogndal,Sogndal,Sogndal Fotball,67.4663959636,1946,1b7iiw2jok0qp6s65rmh05a1g,2026-10-05
Al Mosul,Mosul,Al Mosul,67.460074843,1947,1ua3sfkjt1blxmm5vtgqwavis,2026-10-05
Septemvri Sofia,Septemvri,PFK Septemvri Sofia,67.4587371068,1948,3rbiru554kufnw6hrtsv0us5w,2026-10-05
Bijelo Brdo,Bijelo Brdo,BSK Bijelo Brdo,67.4566483225,1949,cuux8wgnrxz78zen0blqr5q1g,2026-10-05
Deportivo Llacuabamba,Llacuabamba,CSCD Llacuabamba,67.4489337265,1950,4wjv3pabgbhm9is93zhe6zf9w,2026-10-05
Pars Jonoubi Jam,Pars Jam,FC Pars Jonoubi Jam,67.4405771612,1951,4kjg0qklfya45mq3pjthw09w4,2026-10-05
Casa Sport,Casa,Casa Sport,67.4364531449,1952,1bt3oe8dwu7lmuy50kex4bkt0,2026-10-05
Mezőkövesd,Mezőkövesd,Mezőkövesd Zsóry SE,67.4315827374,1953,cnv4lxtlbn15zo28rnoqs4kr8,2026-10-05
Znicz Pruszków,Znicz,MKS Znicz Pruszków,67.430538331,1954,1f9k5nej63ck6nqpw0q5uml1w,2026-10-05
Trento,Trento,AC Trento,67.4228793342,1955,5sw6ud25poqqgzszu5yk6p0r8,2026-10-05
Kapaz,Kapaz,FK Kapaz,67.4200942371,1956,cjfv1fu1qsr0jyk785saolgd0,2026-10-05
Nam Định,Nam Định,Thép Xanh Nam Định FC,67.4199689076,1957,cld1l7cgrsr3bij22f2ytqiok,2026-10-05
Yunnan Yukun,Yukun,Yunnan Yukun FC,67.4189244951,1958,e6818x4pwankpph8awr91m1hw,2026-10-05
Lorca Deportiva,Lorca,CF Lorca Deportiva,67.4155684458,1959,3jk4gnb5m4ov0fm9ssmgg4c2c,2026-10-05
USM Annaba,Annaba,USM Annaba,67.4122553603,1960,flxkeved0q9tmclqafcpql1w,2026-10-05
Matlama,Matlama,Matlama FC,67.4011171777,1961,770xwf92zra2rdko15e3rqbys,2026-10-05
Veraguas United,Veraguas Utd,Veraguas United FC,67.4006902672,1962,dxqxpijuyxkzzosa7wdmhzd3o,2026-10-05
Mighty Wanderers,Wanderers,Mighty Wanderers FC,67.3913692104,1963,dzzhvxalhc0doyc8cvfxaeyvo,2026-10-05
Kalba,Kalba,Al Ittihad Kalba,67.3831342501,1964,b6a9x42zsbxzbc2n5t79kdono,2026-10-05
Víkingur,Víkingur,Víkingur Gøta,67.3814506057,1965,9cmufoxqnsf2h6xwos1z1j6s4,2026-10-05
Veles,Veles,Veles Moskva,67.3790135944,1966,ewtzgv48te3m77r86sxunl3x0,2026-10-05
St Joseph's,St Joseph's,St Joseph's FC,67.3755344329,1967,7uvvhp31jz5znxp8l21x872tw,2026-10-05
Sporting Cascades,Cascades,Sporting Football des Cascades de Tenakourou,67.3692620374,1968,56y5sheadf58560v7uwkil9n8,2026-10-05
Hyères,Hyères,Hyères FC,67.3549392412,1969,4puti0g0aurz6lctqhbonl2c4,2026-10-05
Persebaya Surabaya,Persebaya,Persatuan Sepak Bola Surabaya,67.3534735335,1970,2t0yn5r2hq16whtb16f4i7nro,2026-10-05
VVV,VVV,VVV Venlo,67.348028472,1971,7bdyxkrzt42tv7377rpz5nqc4,2026-10-05
Hapoel Kfar Shalem,H Kfar Shalem,Hapoel Kfar Shalem FC,67.3476803218,1972,1mqfttramp7l8dfkpwk7w6wic,2026-10-05
Tevragh-Zeïne,FCTVZ,ASC Tevragh-Zeïne,67.3405374585,1973,dp0cjg7hm16o0ay8b1amdexhw,2026-10-05
Illertissen,Illertissen,FV Illertissen 1921,67.3400210011,1974,cp9ieu0l4mgyazd7866sx8pw4,2026-10-05
Thróttur Reykjavík,Thróttur R,Thróttur Reykjavík,67.3380887587,1975,a5uti9g06jek0b3rv3zavb578,2026-10-05
Jerv,Jerv,FK Jerv,67.3375839383,1976,eyebcttojdlxx2xxue3awhmvo,2026-10-05
Paide,Paide,Paide Linnameeskond,67.3361913296,1977,co1q4zpn5ep76y2tiqohorspg,2026-10-05
Unión Minas Volcán,Minas Volcán,CD Unión Minas,67.3305651803,1978,4wjv3pabgbhm9is93zhe6zf9w,2026-10-05
Slavia Praha II,Slavia II,SK Slavia Praha II,67.3198281031,1979,6366wwpqz6bqwsprqq35h4hec,2026-10-05
Hwaseong,Hwaseong,Hwaseong FC,67.3155249,1980,aqzfod554aa202i8pjkt4ou1g,2026-10-05
Stella,Stella,Stella Club d'Adjamé,67.3128615049,1981,2x67tvk4kdanna2zej4ui0bv8,2026-10-05
Maleyet Kafr El Zayiat,Maleyet,Maleyet Kafr El Zayiat,67.2963217151,1982,c8yhc9482s3xm3dplmzcg8wes,2026-10-05
Stal Mielec,Stal Mielec,PGE FKS Stal Mielec,67.2926718083,1983,9bj99ztou2rexljon6vvrssgk,2026-10-05
Yaracuyanos,Yaracuyanos,Yaracuyanos FC,67.2905271412,1984,5l0o7aj8bf50pay409j5x0j6c,2026-10-05
Pittsburgh Riverhounds,Pittsburgh,Pittsburgh Riverhounds SC,67.289282031,1985,cbkjk31sv9wm38ljg3vxhtus4,2026-10-05
JS Omrane,Omrane,Jeunesse Sportive Omrane,67.2803063175,1986,2cdwuc8jbyg41icy3ah21d2c4,2026-10-05
Club Brugge II,Club NXT,Club NXT (Club Brugge KV II),67.2790935195,1987,83p55gs5rtqe8vjqg5t6me39w,2026-10-05
Drogheda United,Drogheda,Drogheda United FC,67.2731747488,1988,6zkfyunc0lfteytfj6slonuhg,2026-10-05
Naft Maysan,Maysan,Naft Maysan,67.268593827,1989,1ua3sfkjt1blxmm5vtgqwavis,2026-10-05
Shrewsbury Town,Shrewsbury,Shrewsbury Town FC,67.2655151365,1990,7kjvvls20hnhjguys4t73yjh0,2026-10-05
Qatar SC,Qatar,Qatar SC,67.2623245705,1991,b0n3k3rsxrgrfimue4kkxqmms,2026-10-05
Opava,Opava,SFC Opava,67.2609889879,1992,6366wwpqz6bqwsprqq35h4hec,2026-10-05
Sagan Tosu,Sagan,Sagan Tosu,67.2472851387,1993,4zxaepel6gk1jzqf5di3m6iok,2026-10-05
Nouakchott King's,King's,Nouakchott King's,67.2440971092,1994,dp0cjg7hm16o0ay8b1amdexhw,2026-10-05
Sloga Doboj,Sloga Doboj,FK Sloga Doboj,67.2327873644,1995,4c48j9oq3d0aje3ojkb3mbp5g,2026-10-05
Sogdiana,Sogdiana,FK Sogdiana Jizak,67.2261150291,1996,30hnhs47crryfhtm1523ygzkk,2026-10-05
Bari,Bari,SSC Bari,67.2157269255,1997,5sw6ud25poqqgzszu5yk6p0r8,2026-10-05
Mardin 1969,Mardin,Mardin 1969 Spor,67.2105043124,1998,9vlcn0hdb4ufq9s8e7kjnfn6c,2026-10-05
3 de Noviembre,3 de Noviembre,Club 3 de Noviembre,67.2101004297,1999,8vh8k7j5o8k9gynwf0ntfr578,2026-10-05
Bouaké,Bouaké,Bouaké FC,67.2059745546,2000,2x67tvk4kdanna2zej4ui0bv8,2026-10-05
Náxara,Náxara,Náxara CD,67.2017999261,2001,3jk4gnb5m4ov0fm9ssmgg4c2c,2026-10-05
El Mansura,Mansura,El Mansura,67.1998791855,2002,c8yhc9482s3xm3dplmzcg8wes,2026-10-05
Nyasa Big Bullets,Big Bullets,Nyasa Big Bullets FC,67.1943106412,2003,dzzhvxalhc0doyc8cvfxaeyvo,2026-10-05
Bantu,Bantu,Bantu FC,67.19326611,2004,770xwf92zra2rdko15e3rqbys,2026-10-05
Barquisimeto,Barquisimeto,Barquisimeto SC,67.1871207614,2005,5l0o7aj8bf50pay409j5x0j6c,2026-10-05
Victoria,Victoria,CD Victoria,67.186574232,2006,3mj3pjj43jf136jc8emwlxzbo,2026-10-05
Tychy,Tychy,GKS Tychy,67.1854355751,2007,1f9k5nej63ck6nqpw0q5uml1w,2026-10-05
Mornar,Mornar,FK Mornar Bar,67.1767310772,2008,bp0tbsm945cofzlkbdgmd7dp0,2026-10-05
Orihuela,Orihuela,Orihuela CF,67.1701156328,2009,3jk4gnb5m4ov0fm9ssmgg4c2c,2026-10-05
RAEC Mons,R. Mons 44,Renaissance Albert Elisabeth Club de Mons,67.1683747227,2010,6t5gnnzhfwzumtn1olpzzhlhw,2026-10-05
JS Jijel,Jijel,Jeunesse Sportive Jijelienne,67.1678466788,2011,flxkeved0q9tmclqafcpql1w,2026-10-05
Juventud Antoniana,Juv Antoniana,Centro Juventud Antoniana,67.1613553572,2012,1q9caek968o8ubc43inhg6uxg,2026-10-05
Nürnberg II,Nürnberg II,1. FC Nürnberg II,67.1610628831,2013,cp9ieu0l4mgyazd7866sx8pw4,2026-10-05
Independiente,Independiente,CA Independiente de La Chorrera,67.1559319564,2014,dxqxpijuyxkzzosa7wdmhzd3o,2026-10-05
Qingdao West Coast,West Coast,Qingdao West Coast FC,67.147010147,2015,e6818x4pwankpph8awr91m1hw,2026-10-05
Dunav ot Ruse,Dunav,FK Dunav ot Ruse,67.1391272002,2016,3rbiru554kufnw6hrtsv0us5w,2026-10-05
Ufa,Ufa,FK Ufa,67.1370380747,2017,ewtzgv48te3m77r86sxunl3x0,2026-10-05
Atlético Tordesillas,Tordesillas,CD Atlético Tordesillas,67.1366898869,2018,3jk4gnb5m4ov0fm9ssmgg4c2c,2026-10-05
New Mexico United,New Mexico Utd,New Mexico United,67.1357371566,2019,cbkjk31sv9wm38ljg3vxhtus4,2026-10-05
Vukovar,Vukovar,NK Vukovar '91,67.1356453232,2020,cuux8wgnrxz78zen0blqr5q1g,2026-10-05
Deportivo Quito,Quito,SD Quito,67.1136536439,2021,6f3mt0vs7zxlbfevjpbqur4lw,2026-10-05
BUL,BUL,BIDCO BUL FC,67.105523345,2022,d43v3lpfbbegmsubl20bdpct0,2026-10-05
Genk II,Jong Genk,Jong KRC Genk (KRC Genk II),67.087246588,2023,83p55gs5rtqe8vjqg5t6me39w,2026-10-05
Sagrada Esperança,Sagrada,GD Sagrada Esperança,67.082890643,2024,ofi6heevfqlhgto3devky0b8,2026-10-05
Constància,Constància,CE Constància,67.0785416522,2025,1h4ygpz4oamwj3kksmzc15ams,2026-10-05
Gimpo Citizen,Gimpo,Gimpo Citizen FC,67.0784163008,2026,aqzfod554aa202i8pjkt4ou1g,2026-10-05
Sandnes Ulf,Sandnes,Sandnes Ulf,67.0680956778,2027,1b7iiw2jok0qp6s65rmh05a1g,2026-10-05
Gaz Al-Shamal,Gaz Al-Shamal,Gaz Al-Shamal SC,67.0680408813,2028,1ua3sfkjt1blxmm5vtgqwavis,2026-10-05
Pompiers,Pompiers,AS Pompiers,67.0672194065,2029,dp0cjg7hm16o0ay8b1amdexhw,2026-10-05
Coton Sport Ouidah,Coton Sport,Coton Sport FC,67.0665252965,2030,t5yilsv0ffm6kb8mz07ywiz8,2026-10-05
İstanbulspor,İstanbulspor,İstanbulspor Kulübü,67.0538194223,2031,9vlcn0hdb4ufq9s8e7kjnfn6c,2026-10-05
Las Palmas II,Las Palmas II,UD Las Palmas Atlético,67.0496409862,2032,3jk4gnb5m4ov0fm9ssmgg4c2c,2026-10-05
Iwaki,Iwaki,Iwaki FC,67.0456853919,2033,4zxaepel6gk1jzqf5di3m6iok,2026-10-05
Mes Rafsanjan,Rafsanjan,Mes Rafsanjan,67.0398341812,2034,4kjg0qklfya45mq3pjthw09w4,2026-10-05
Patria,Patria,Club Sport Patria,67.0346124706,2035,6f3mt0vs7zxlbfevjpbqur4lw,2026-10-05
Buxoro,Buxoro,FK Buxoro,67.0314772402,2036,30hnhs47crryfhtm1523ygzkk,2026-10-05
Opatija,Opatija,NK Opatija,67.0290968788,2037,cuux8wgnrxz78zen0blqr5q1g,2026-10-05
Astillero,Astillero,Astillero FC,67.0266037147,2038,6f3mt0vs7zxlbfevjpbqur4lw,2026-10-05
Dugopolje,Dugopolje,NK Dugopolje,67.0176060124,2039,cuux8wgnrxz78zen0blqr5q1g,2026-10-05
Inter Lagos,Inter Lagos,Inter Lagos FC,67.0176025303,2040,bblld98re54ohfsni235m1gyc,2026-10-05
Bizertin,Bizertin,CA Bizertin,67.0097655208,2041,2cdwuc8jbyg41icy3ah21d2c4,2026-10-05
Atlético Monzón,Monzón,CA Monzón,67.0050704444,2042,1h4ygpz4oamwj3kksmzc15ams,2026-10-05
Sutjeska,Sutjeska,FK Sutjeska Nikšić,67.004722233,2043,bp0tbsm945cofzlkbdgmd7dp0,2026-10-05
Fernando de la Mora,Fernando Mora,Club Fernando de la Mora,67.0039700962,2044,8vh8k7j5o8k9gynwf0ntfr578,2026-10-05
Tchologo,Tchologo,US Tchologo,67.0022812695,2045,2x67tvk4kdanna2zej4ui0bv8,2026-10-05
AZ II,AZ II,AZ II,67.0015883279,2046,7bdyxkrzt42tv7377rpz5nqc4,2026-10-05
Ranchers Bees,Ranchers Bees,Ranchers Bees,66.9984509355,2047,bblld98re54ohfsni235m1gyc,2026-10-05
Diyala,Diyala,Diyala SC,66.9914353561,2048,1ua3sfkjt1blxmm5vtgqwavis,2026-10-05
Stade Mandji,Stade Mandji,AS Stade Mandji,66.9897456047,2049,91hx1tapplzhsaiav9r0gdq8k,2026-10-05
Al Golan,Golan,Al Golan SC,66.9883014295,2050,1ua3sfkjt1blxmm5vtgqwavis,2026-10-05
Hapoel Ra'anana,H Ra'anana,Hapoel Ra'anana AFC,66.9880080139,2051,1mqfttramp7l8dfkpwk7w6wic,2026-10-05
Linares,Linares,Club Social y Deportes Linares,66.9799433518,2052,1wi9d67mmituunqd3csuv0fmc,2026-10-05
Caudal,Caudal,Caudal Deportivo de Mieres,66.9779097703,2053,1h4ygpz4oamwj3kksmzc15ams,2026-10-05
Tauro,Tauro,Tauro FC,66.9762605295,2054,dxqxpijuyxkzzosa7wdmhzd3o,2026-10-05
Afturelding,Afturelding,UMF Afturelding,66.9759771694,2055,a5uti9g06jek0b3rv3zavb578,2026-10-05
Keflavík,Keflavík,Keflavík ÍF,66.9719900859,2056,eeeacj91qdk6pru5zwwobaiac,2026-10-05
Nchanga Rangers,Rangers,Nchanga Rangers FC,66.9709419517,2057,3yqrgsjxdtodaoynaqjdtzuhg,2026-10-05
Moss,Moss,Moss FK,66.9681596923,2058,1b7iiw2jok0qp6s65rmh05a1g,2026-10-05
Tegevajaro Miyazaki,Tegevajaro,Tegevajaro Miyazaki FC,66.9669896796,2059,4zxaepel6gk1jzqf5di3m6iok,2026-10-05
Tiszakécske,Tiszakécske,Tiszakécskei LC,66.963284635,2060,cnv4lxtlbn15zo28rnoqs4kr8,2026-10-05
El Nacional,El Nacional,CD El Nacional,66.9548716502,2061,2tnmtnib22zkesr45sr0p8xsk,2026-10-05
Chemal,Chemal,Chemal FC,66.9488277293,2062,dp0cjg7hm16o0ay8b1amdexhw,2026-10-05
Buchbach,Buchbach,TSV Buchbach,66.9462218382,2063,cp9ieu0l4mgyazd7866sx8pw4,2026-10-05
BSK Banja Luka,Banja Luka,FK BSK Banja Luka,66.9437842836,2064,4c48j9oq3d0aje3ojkb3mbp5g,2026-10-05
Kyzyl-Zhar,Kyzyl-Zhar,FK Kyzyl-Zhar SK Petropavlovsk,66.9430878388,2065,5dlquxczyamt372efk9kgws2c,2026-10-05
Vitória Guimarães II,Vitória SC II,Vitória SC Guimarães II,66.9409985031,2066,eoix5zq4par8gwml3bhkkyihg,2026-10-05
Saint-Malo,Saint-Malo,US Saint-Malo,66.940249824,2067,4puti0g0aurz6lctqhbonl2c4,2026-10-05
Manisa,Manisa,Manisa FK,66.9343822586,2068,9vlcn0hdb4ufq9s8e7kjnfn6c,2026-10-05
Antoniano,Antoniano,CA Antoniano,66.9336858105,2069,3jk4gnb5m4ov0fm9ssmgg4c2c,2026-10-05
Olympic Az Zawiyah,Az Zawiyah,Al Olympic Az Zawiyah SC,66.9244543673,2070,68kgxuk3dkg7p955ifkisgc9g,2026-10-05
Accrington Stanley,Accrington,Accrington Stanley FC,66.9113993395,2071,7kjvvls20hnhjguys4t73yjh0,2026-10-05
Gillingham,Gillingham,Gillingham FC,66.9100064266,2072,7kjvvls20hnhjguys4t73yjh0,2026-10-05
Maccabi Bnei Raina,Bnei Raina,Maccabi Bnei Raina FC,66.9093099698,2073,1mqfttramp7l8dfkpwk7w6wic,2026-10-05
Aguacatán,Aguacatán,Aguacatán FC,66.9076606709,2074,9krteg77umv3opxgpwp51d6ac,2026-10-05
Istiklol,Istiklol,FC Istiklol Dushanbe,66.9026388163,2075,exviv937sefj0unv8ay7iwsgk,2026-10-05
Motema Pembe,Motema,Daring Club Motema Pembe,66.900426641,2076,ehmma83pqd17k7x6if20hmrkk,2026-10-05
Tianjin Jinmen Tiger,Jinmen Tiger,Tianjin Jinmen Tiger FC,66.8983894941,2077,e6818x4pwankpph8awr91m1hw,2026-10-05
Santos,Santos,Santos FC,66.890449824,2078,4wjv3pabgbhm9is93zhe6zf9w,2026-10-05
Tersana,Tersana,Tersana SC,66.8854504013,2079,c8yhc9482s3xm3dplmzcg8wes,2026-10-05
Nsingizini Hotspurs,Nsingizini,Nsingizini Hotspurs,66.8736127425,2080,8pf5znjqxa3ghoff6kevxy42c,2026-10-05
Borussia M'gladbach II,M'gladbach II,Borussia Mönchengladbach II,66.8699597535,2081,cp9ieu0l4mgyazd7866sx8pw4,2026-10-05
Gimnástica Torrelavega,Gimnástica,RS Gimnástica de Torrelavega,66.8675221033,2082,3jk4gnb5m4ov0fm9ssmgg4c2c,2026-10-05
Mijas Las Lagunas,Mijas,CP Mijas Las Lagunas,66.8668256312,2083,3jk4gnb5m4ov0fm9ssmgg4c2c,2026-10-05
Young Apostles,Young Apostles,Young Apostles FC,66.855850392,2084,9jwcn4214a2l2atxhtwj6zxg4,2026-10-05
Górnik Łęczna,Górnik Łęczna,GKS Górnik Łęczna,66.851154944,2085,1f9k5nej63ck6nqpw0q5uml1w,2026-10-05
Dalian Yingbo,Yingbo,Dalian Yingbo FC,66.851029578,2086,e6818x4pwankpph8awr91m1hw,2026-10-05
Tishreen,Tishreen,Tishreen SC,66.8262009017,2087,epf0rlgn33w37t43qiocvx4wk,2026-10-05
Fosa Juniors,Fosa Juniors,SOM-Fosa Juniors FC,66.8192873428,2088,citm4e83b4soxyy411ags2z8,2026-10-05
Diarra,Diarra,FC Diarra de la Commune 4,66.8182426086,2089,2fvr17f4zzd5uci32usqi0ro4,2026-10-05
Domžale,Domžale,NK Domžale,66.8138930245,2090,8e29vwxca2j3dc5kbpi0ehous,2026-10-05
Strømmen,Strømmen,Strømmen IF,66.804490371,2091,1b7iiw2jok0qp6s65rmh05a1g,2026-10-05
Dynamo de Douala,Dynamo,Dynamo de Douala FC,66.8032657336,2092,cqmw3la51kme1j36rsfej2p04,2026-10-05
Real Hope,Real Hope,Real Hope FA,66.8031915215,2093,bva0t7rr4t5eq0llsgztfzx90,2026-10-05
Eidsvold,Eidsvold,Eidsvold TF,66.8017043909,2094,eyebcttojdlxx2xxue3awhmvo,2026-10-05
Trident,Trident,Trident FC,66.8013526606,2095,3yqrgsjxdtodaoynaqjdtzuhg,2026-10-05
Reggiana,Reggiana,AC Reggiana 1919,66.7985701585,2096,5sw6ud25poqqgzszu5yk6p0r8,2026-10-05
Montedio Yamagata,Montedio,Montedio Yamagata,66.7984447891,2097,4zxaepel6gk1jzqf5di3m6iok,2026-10-05
Newport County,Newport,Newport County AFC,66.7936946757,2098,7kjvvls20hnhjguys4t73yjh0,2026-10-05
Progrès Sakiet Eddaïer,Progrès SE,Progrès Sportif de Sakiet Eddaïer,66.7907287836,2099,2cdwuc8jbyg41icy3ah21d2c4,2026-10-05
Brujas de Salamanca,B. Salamanca,CD Brujas de Salamanca,66.7835397024,2100,1wi9d67mmituunqd3csuv0fmc,2026-10-05
Atlètic Club d'Escaldes,Atlètic,Atlètic Club d'Escaldes,66.7790681541,2101,2a3fpo37ny4uvuf4u7toqok5w,2026-10-05
Seongnam,Seongnam,Seongnam FC,66.7778980276,2102,aqzfod554aa202i8pjkt4ou1g,2026-10-05
Chernomorets,Chernomorets,FK Chernomorets Novorossiysk,66.7762821374,2103,ewtzgv48te3m77r86sxunl3x0,2026-10-05
Jadran LP,Jadran,NK Jadran Luka Ploče,66.7752373802,2104,cuux8wgnrxz78zen0blqr5q1g,2026-10-05
Juticalpa,Juticalpa,Juticalpa FC,66.7732420037,2105,bifv7w5gplrvhfvyqle3jf504,2026-10-05
Emmen,Emmen,FC Emmen,66.772103105,2106,7bdyxkrzt42tv7377rpz5nqc4,2026-10-05
Värnamo,Värnamo,IFK Värnamo,66.7661827936,2107,e45p1bhnnox3kdgzamrx63r4k,2026-10-05
Brattvåg,Brattvåg,Brattvåg IL,66.7560833972,2108,eyebcttojdlxx2xxue3awhmvo,2026-10-05
Podbeskidzie,Podbeskidzie,TS Podbeskidzie Bielsko-Biała,66.7557351412,2109,9bj99ztou2rexljon6vvrssgk,2026-10-05
Muğlaspor,Muğla,Muğlaspor Kulübü,66.7512078077,2110,9vlcn0hdb4ufq9s8e7kjnfn6c,2026-10-05
Atlético Escobar,Atl. Escobar,Atlético Escobar FC,66.734783946,2111,1q9caek968o8ubc43inhg6uxg,2026-10-05
Hà Nội,Hà Nội,Hà Nội FC,66.7242664721,2112,cld1l7cgrsr3bij22f2ytqiok,2026-10-05
Paris 13 Atletico,Paris 13,FC Paris 13 Atletico,66.7160335488,2113,2hzxt22wy9dxf7qxh08hjbuhg,2026-10-05
Nõmme Kalju,Kalju,Nõmme Kalju FC,66.7083717444,2114,co1q4zpn5ep76y2tiqohorspg,2026-10-05
Magesi,Magesi,Magesi FC,66.6960025423,2115,4nwd2e9auc7j57110c5f3fehg,2026-10-05
Radnik Bijeljina,Radnik,FK Radnik Bijeljina,66.6958341809,2116,4c48j9oq3d0aje3ojkb3mbp5g,2026-10-05
Homburg,Homburg,FC 08 Homburg,66.6933963119,2117,cp9ieu0l4mgyazd7866sx8pw4,2026-10-05
César Vallejo,UCV,CD Universidad César Vallejo,66.6867235005,2118,4wjv3pabgbhm9is93zhe6zf9w,2026-10-05
De Graafschap,De Graafschap,De Graafschap,66.6846896119,2119,7bdyxkrzt42tv7377rpz5nqc4,2026-10-05
Olympic Safi,Olympic Safi,Olympic Club de Safi,66.6827683607,2120,3m3hltejq5dp7tvessefe7pck,2026-10-05
El Massira,El Massira,Jeunesse Sportive d'El Massira Laâyoune,66.6810270143,2121,e66497iax4m4oq94h8qc9nllg,2026-10-05
Kaloum Star,Kaloum,AS du Kaloum Star,66.6698846494,2122,1odzlx97lfuimst69uxvbn310,2026-10-05
Real Native,Real Native,Real Native FC,66.6622203732,2123,4nwd2e9auc7j57110c5f3fehg,2026-10-05
El Sekka El Hadid,Sekka El Hadid,El Sekka El Hadid,66.6562997262,2124,c8yhc9482s3xm3dplmzcg8wes,2026-10-05
Prishtina e Re,Prishtina e Re,KF Prishtina e Re,66.6470785076,2125,6ztabhaasz9mz4wdy6fkfl72s,2026-10-05
Elche II,Elche II,Elche Ilicitano CF,66.6449865639,2126,3jk4gnb5m4ov0fm9ssmgg4c2c,2026-10-05
Busan IPark,Busan IPark,Busan IPark,66.643119804,2127,aqzfod554aa202i8pjkt4ou1g,2026-10-05
Huehuetecos,Huehuetecos,Huehuetecos FC,66.642988764,2128,9krteg77umv3opxgpwp51d6ac,2026-10-05
SD Logroñés,SD Logroñés,SD Logroñés,66.6422003545,2129,3jk4gnb5m4ov0fm9ssmgg4c2c,2026-10-05
San Benito,San Benito,San Benito Fútbol Club,66.6290576626,2130,9krteg77umv3opxgpwp51d6ac,2026-10-05
Elazığspor,Elazığspor,Elazığspor Kulubü,66.6282692474,2131,9iurl7j8nsnscnb6u5uaicj6c,2026-10-05
Yacoub El Mansour,Yacoub,US Yacoub El Mansour,66.6204271835,2132,3m3hltejq5dp7tvessefe7pck,2026-10-05
Aragua,Aragua,Aragua FC,66.6202030906,2133,5l0o7aj8bf50pay409j5x0j6c,2026-10-05
Atlético,Atlético,Atlético FC,66.6139340336,2134,3f1bsdfpg1eedvajxpif8t5p0,2026-10-05
Don Bosco,Don Bosco,CS Don Bosco Lubumbashi,66.6099810344,2135,ehmma83pqd17k7x6if20hmrkk,2026-10-05
Ertis,Ertis,FK Ertis,66.6021481514,2136,5dlquxczyamt372efk9kgws2c,2026-10-05
Ismaily,Ismaily,Ismaily SC,66.5998785343,2137,c8yhc9482s3xm3dplmzcg8wes,2026-10-05
Miramar Misiones,Miramar,CS Miramar Misiones,66.5979130179,2138,6oy1dcqjggeoyx76gstf8zkes,2026-10-05
Al Shahaniya,Shahaniya,Al-Shahaniya SC,66.5951253671,2139,b0n3k3rsxrgrfimue4kkxqmms,2026-10-05
Green Buffaloes,Buffaloes,Green Buffaloes FC,66.5941341285,2140,3yqrgsjxdtodaoynaqjdtzuhg,2026-10-05
Racing,Racing,Racing FC Union Lëtzebuerg,66.586823611,2141,uza4dpaosr9j4jztif162p78,2026-10-05
Džiugas Telšiai,Džiugas,FK Džiugas Telšiai,66.5857787515,2142,4hzcbeghy116szh7rtk757xg4,2026-10-05
Blaublitz Akita,Blaublitz,AFC Blaublitz Akita,66.5846085083,2143,4zxaepel6gk1jzqf5di3m6iok,2026-10-05
Kaisar Kyzylorda,Kaisar,FK Kaisar Kyzylorda,66.5749818375,2144,5dlquxczyamt372efk9kgws2c,2026-10-05
Al Salt,Al Salt,Al Salt SC,66.570048692,2145,espg5w80i6jk5f0n0b3buusk4,2026-10-05
Nordic United,Nordic,Nordic United FC,66.5655780245,2146,e45p1bhnnox3kdgzamrx63r4k,2026-10-05
Stuttgarter Kickers,Stuttg Kickers,SV Stuttgarter Kickers,66.56244341,2147,cp9ieu0l4mgyazd7866sx8pw4,2026-10-05
Pescara,Pescara,Delfino Pescara 1936,66.552342951,2148,5sw6ud25poqqgzszu5yk6p0r8,2026-10-05
Oman Club,Oman Club,Oman Club,66.548454628,2149,cbdqxkajw3jvb9nqzpbraim1g,2026-10-05
Aubagne Air Bel,Aubagne AB,SC Aubagne Air Bel,66.546073674,2150,6rle937m7y4ktnwcredad5g5w,2026-10-05
Tarancón,Tarancón,CD Tarancón,66.5436356163,2151,1h4ygpz4oamwj3kksmzc15ams,2026-10-05
Al Nasr,Nasr,Al Nasr SC,66.5403210465,2152,c8yhc9482s3xm3dplmzcg8wes,2026-10-05
Real Madrid III,R Madrid III,Real Madrid CF III,66.5370180158,2153,3jk4gnb5m4ov0fm9ssmgg4c2c,2026-10-05
Villarreal III,Villarreal III,Villarreal CF III,66.531445282,2154,1h4ygpz4oamwj3kksmzc15ams,2026-10-05
Pikine,Pikine,AS Pikine,66.5297003164,2155,1bt3oe8dwu7lmuy50kex4bkt0,2026-10-05
Al Kahrabaa,Kahrabaa,Al Kahrabaa Club,66.5293006909,2156,1ua3sfkjt1blxmm5vtgqwavis,2026-10-05
Wikki Tourists,Wikki,Wikki Tourists FC,66.5269139409,2157,6vwpcpdx5wlm8574ra5xaj09g,2026-10-05
Tubize-Braine,RUTB,Royale Union Tubize-Braine,66.5213446609,2158,6t5gnnzhfwzumtn1olpzzhlhw,2026-10-05
Chungnam Asan,Chungnam Asan,Chungnam Asan FC,66.5194777817,2159,aqzfod554aa202i8pjkt4ou1g,2026-10-05
Atlético Paso,Atlético Paso,CD Atlético Paso,66.5157718819,2160,3jk4gnb5m4ov0fm9ssmgg4c2c,2026-10-05
Daugavpils,Daugavpils,BFC Daugavpils,66.5098507866,2161,d1tk0recez2ejvsidutwviwwk,2026-10-05
Manchego,Manchego,CD Manchego Ciudad Real,66.5035813717,2162,1h4ygpz4oamwj3kksmzc15ams,2026-10-05
Andijan,Andijan,FK Andijan,66.5031759684,2163,30hnhs47crryfhtm1523ygzkk,2026-10-05
Kickers Emden,Kickers Emden,BSV Kickers Emden,66.5011432605,2164,cp9ieu0l4mgyazd7866sx8pw4,2026-10-05
Douanes,Douanes,AS Douanes,66.4987016631,2165,56y5sheadf58560v7uwkil9n8,2026-10-05
Austria Salzburg,Austria Salzb,SV Austria Salzburg,66.4750204466,2166,bbsieeq7vmacbhd5d5hvgu978,2026-10-05
Maccabi Herzliya,M Herzliya,Maccabi Herzliya FC,66.4704924562,2167,1mqfttramp7l8dfkpwk7w6wic,2026-10-05
Vitesse,Vitesse,Vitesse FC,66.4593431055,2168,56y5sheadf58560v7uwkil9n8,2026-10-05
Don Bosco,Don Bosco,Don Bosco FC,66.4573508881,2169,bva0t7rr4t5eq0llsgztfzx90,2026-10-05
Aarhus Fremad,Aarhus Fremad,Aarhus Fremad Fodbold,66.4509871456,2170,2mb332vncy4450vu14paj8844,2026-10-05
Hapoel Rishon LeZion,Rishon LeZion,Hapoel Ironi Rishon LeZion FC,66.4492455904,2171,1mqfttramp7l8dfkpwk7w6wic,2026-10-05
TSC,TSC,FK TSC Bačka Topola,66.4475040337,2172,38qhp7f77q817kvnksk95ucyc,2026-10-05
Havelse,Havelse,TSV Havelse,66.4398411653,2173,58t4zseno2tp4253w3dm5i80k,2026-10-05
Proxy,Proxy,Proxy SC,66.4316500223,2174,c8yhc9482s3xm3dplmzcg8wes,2026-10-05
Pistoiese,Pistoiese,US Pistoiese 1921,66.4245153373,2175,cvnhrujf5s3lefro06hwoncb8,2026-10-05
Deportiva Agropecuaria,Agropecuaria,AD Agropecuaria,66.4199314978,2176,4wjv3pabgbhm9is93zhe6zf9w,2026-10-05
Roan United,Roan,Roan United FC,66.4123207676,2177,3yqrgsjxdtodaoynaqjdtzuhg,2026-10-05
Circulo Deportivo,Circulo Dep.,Club Circulo Deportivo,66.4084370196,2178,1q9caek968o8ubc43inhg6uxg,2026-10-05
Alebrijes de Oaxaca,Alebrijes,Alebrijes de Oaxaca FC,66.3962366869,2179,3cxwni2dq94c7yt90g8m7rs44,2026-10-05
Jaro,Jaro,FF Jaro,66.3938633159,2180,32gy6t29t9240sgu7l11j9nh0,2026-10-05
Compostela,Compostela,SD Compostela,66.3924700306,2181,3jk4gnb5m4ov0fm9ssmgg4c2c,2026-10-05
Kudrivka,Kudrivka,FK Kudrivka,66.3764471776,2182,5vqx2miccjg04lp2pqs1hbmc,2026-10-05
UD San Fernando,San Fernando,UD San Fernando,66.372267281,2183,1h4ygpz4oamwj3kksmzc15ams,2026-10-05
Réal du Faso,RFA,Réal du Faso,66.3705221715,2184,56y5sheadf58560v7uwkil9n8,2026-10-05
Aviron Bayonnais,Bayonne,Aviron Bayonnais FC,66.3669901486,2185,4puti0g0aurz6lctqhbonl2c4,2026-10-05
Arosa,Arosa,Arosa SC,66.3639074606,2186,3jk4gnb5m4ov0fm9ssmgg4c2c,2026-10-05
Titanes,Titanes,Titanes FC,66.3628067482,2187,cnw5897zluol2jbo1zgeqj8yc,2026-10-05
Hatta,Hatta,Hatta Club,66.3603670852,2188,b6a9x42zsbxzbc2n5t79kdono,2026-10-05
Búhos ULVR,Búhos ULVR,Búhos ULVR FC,66.3558401995,2189,6f3mt0vs7zxlbfevjpbqur4lw,2026-10-05
Al-Ittihad Benghazi,Ittihad Bngz,Al-Ittihad Benghazi,66.3557182847,2190,68kgxuk3dkg7p955ifkisgc9g,2026-10-05
KAMAZ,KAMAZ,FK KAMAZ Naberezhnye Chelny,66.3551992757,2191,ewtzgv48te3m77r86sxunl3x0,2026-10-05
Calahorra,Calahorra,CD Calahorra,66.3496260168,2192,1h4ygpz4oamwj3kksmzc15ams,2026-10-05
Queens Park Rangers,QPR,Queens Park Rangers FC,66.3432760785,2193,7e8iz4klq135f8mgvdy8z4kyc,2026-10-05
TRA United,TRA Utd,TRA United FC,66.3412626166,2194,c5wdltkcr7ti6feuv6ej6kavo,2026-10-05
Majestic,Majestic,Majestic FC,66.3332509921,2195,56y5sheadf58560v7uwkil9n8,2026-10-05
CFFEB,CFFEB,Centre de Formation de Football Espoir du Burkina,66.331857663,2196,56y5sheadf58560v7uwkil9n8,2026-10-05
Paços de Ferreira,Paços Ferreira,FC Paços de Ferreira,66.3273328198,2197,eoix5zq4par8gwml3bhkkyihg,2026-10-05
Ciudad Nueva Santa Cruz,CN Santa Cruz,Ciudad Nueva Santa Cruz Academia FC,66.3264062532,2198,9q5nb2oto8bvh3nkzt5d8kv10,2026-10-05
NAPSA Stars,NAPSA,NAPSA Stars FC,66.3245426687,2199,3yqrgsjxdtodaoynaqjdtzuhg,2026-10-05
Flora,Flora,FC Flora Tallinn,66.3161861245,2200,co1q4zpn5ep76y2tiqohorspg,2026-10-05
El Kanemi Warriors,Warriors,El Kanemi Warriors FC,66.3067775668,2201,6vwpcpdx5wlm8574ra5xaj09g,2026-10-05
Makeni All Stars,Makeni,Makeni All Stars FC,66.302597519,2202,3yqrgsjxdtodaoynaqjdtzuhg,2026-10-05
Audace Cerignola,Cerignola,SS Audace Cerignola,66.300162637,2203,5sw6ud25poqqgzszu5yk6p0r8,2026-10-05
Nkwazi,Nkwazi,Nkwazi FC,66.3001591536,2204,3yqrgsjxdtodaoynaqjdtzuhg,2026-10-05
ASPAC,ASPAC,AS du Port Autonome de Cotonou FC,66.2909281727,2205,t5yilsv0ffm6kb8mz07ywiz8,2026-10-05
Kladno,Kladno,SK Kladno,66.2900608046,2206,6366wwpqz6bqwsprqq35h4hec,2026-10-05
Fujieda MYFC,Fujieda,Fujieda MYFC,66.2854069771,2207,4zxaepel6gk1jzqf5di3m6iok,2026-10-05
Baltimore,Baltimore,Baltimore SC,66.2800530847,2208,4vdnis45sxd05ictg09vgpous,2026-10-05
N'Zidane,N'Zidane,FC N'Zidane,66.2797789751,2209,dp0cjg7hm16o0ay8b1amdexhw,2026-10-05
Atlético Central,CA Central,Club Atlético Central,66.2785655515,2210,3jk4gnb5m4ov0fm9ssmgg4c2c,2026-10-05
AaB,AaB,Aalborg BK,66.2729920708,2211,2mb332vncy4450vu14paj8844,2026-10-05
Olympique Dcheïra,Dcheïra,Olympique Dcheïra,66.2721154397,2212,3m3hltejq5dp7tvessefe7pck,2026-10-05
Arsenal Tula,Arsenal,FK Arsenal Tula,66.2705536678,2213,ewtzgv48te3m77r86sxunl3x0,2026-10-05
Real Santander,Real Santander,CD Real Santander,66.2572608342,2214,3f1bsdfpg1eedvajxpif8t5p0,2026-10-05
NA Hussein Dey,NA Hussein Dey,NA Hussein Dey,66.2557432392,2215,flxkeved0q9tmclqafcpql1w,2026-10-05
Puente Genil,Puente Genil,CD AD San Fermín (Salerm Cosmetic Puente Genil FC),66.250001292,2216,3jk4gnb5m4ov0fm9ssmgg4c2c,2026-10-05
Police,Police,Police FC,66.2452928255,2217,6of7eu9uyvb2ljqldumlr92xg,2026-10-05
Concón National,Concón,Club Deportivo y Social Concón National,66.2450686891,2218,1wi9d67mmituunqd3csuv0fmc,2026-10-05
Monagas II,Monagas,Monagas SC II,66.2384500636,2219,5l0o7aj8bf50pay409j5x0j6c,2026-10-05
Albacete II,Albacete II,Albacete Balompié II,66.2374607513,2220,3jk4gnb5m4ov0fm9ssmgg4c2c,2026-10-05
Atlético Ottawa,Atlético,Atlético Ottawa,66.236159229,2221,bmqmrylzzfggzr15yas9dev4k,2026-10-05
Kjelsås,Kjelsås,Kjelsås Fotball,66.230493749,2222,eyebcttojdlxx2xxue3awhmvo,2026-10-05
Budućnost,Budućnost,FK Budućnost Podgorica,66.226661887,2223,bp0tbsm945cofzlkbdgmd7dp0,2026-10-05
La Viena FC,Viena FC,La Viena FC,66.2236951241,2224,c8yhc9482s3xm3dplmzcg8wes,2026-10-05
Calvo Sotelo,Calvo Sotelo,Calvo Sotelo de Puertollano CF,66.2141211941,2225,3jk4gnb5m4ov0fm9ssmgg4c2c,2026-10-05
Naranja Mekánica,Naranja,Naranja Mekánica FC,66.2137171038,2226,51fmboanx3f6tr3jlow8054ic,2026-10-05
Leopards,Leopards,AFC Leopards SC,66.2083675758,2227,6of7eu9uyvb2ljqldumlr92xg,2026-10-05
Wydad Fès,Wydad Fès,Wydad Athletic Club de Fès,66.2055807358,2228,e66497iax4m4oq94h8qc9nllg,2026-10-05
AD Marco 09,Marco,Associação Desportiva de Marco de Canaveses 09,66.2050639762,2229,eoix5zq4par8gwml3bhkkyihg,2026-10-05
Watanga,Watanga,Watanga FC,66.2015769377,2230,6x5fs0vog8z4mtp0f4ankjfo4,2026-10-05
Triglav,Triglav,NK Triglav Kranj,66.2005353512,2231,sb5fgqugrkxqc8jsc698x5hw,2026-10-05
KA,KA,KA Akureyri,66.1998386388,2232,eeeacj91qdk6pru5zwwobaiac,2026-10-05
Loto Popo,Loto Popo,Loto FC,66.1975708396,2233,t5yilsv0ffm6kb8mz07ywiz8,2026-10-05
Feignies Aulnoye,Feignies,SC Feignies Aulnoye,66.1959544621,2234,4puti0g0aurz6lctqhbonl2c4,2026-10-05
Al Markhiya,Markhiya,Al Markhiya SC,66.1795767554,2235,e9xwqeh6pqwy3pva03skx9f6c,2026-10-05
Damac,Damac,Damac FC,66.1750480704,2236,3lxygsgllro9oeey1m5ndpct0,2026-10-05
Milsami,Milsami,FC Milsami Orhei,66.1705764865,2237,c0orgvbfnq9wp7blxq2rdm0pg,2026-10-05
Panionios,Panionios,Panionios FC,66.16853857,2238,2ucolfpd3bp9magtvueu1udw,2026-10-05
Orijent 1919,Orijent,NK Orijent 1919,66.1670928673,2239,cuux8wgnrxz78zen0blqr5q1g,2026-10-05
Cape Town City,Cape Town City,Cape Town City FC,66.1651711005,2240,4nwd2e9auc7j57110c5f3fehg,2026-10-05
Rayong,Rayong,Rayong FC,66.1610452893,2241,2y9xq2tx9nthjl37uqgtoc2z8,2026-10-05
BFC Dynamo,BFC Dynamo,Berliner FC Dynamo,66.1566419716,2242,cp9ieu0l4mgyazd7866sx8pw4,2026-10-05
San Antonio,San Antonio,San Antonio FC,66.1518567477,2243,cbkjk31sv9wm38ljg3vxhtus4,2026-10-05
Ulytau,Ulytau,FK Ulytau,66.1472361169,2244,5dlquxczyamt372efk9kgws2c,2026-10-05
Petržalka,Petržalka,FC Petržalka,66.1461910191,2245,47gcoqnouhyfwprkioq13ex3o,2026-10-05
Galaxy,Galaxy,Jwaneng Galaxy FC,66.1435361563,2246,e2i85rbbrmh0zcyvozwl9qk9g,2026-10-05
Lijabatho,Lijabatho,Lijabatho FC,66.1421813236,2247,770xwf92zra2rdko15e3rqbys,2026-10-05
Biel-Bienne,Biel-Bienne,FC Biel-Bienne,66.1416622554,2248,csiypz33i7wj1ttlalk11wb9w,2026-10-05
Hillerød,Hillerød,Hillerød Fodbold,66.1392236858,2249,2mb332vncy4450vu14paj8844,2026-10-05
Desportivo Lunda-Sul,CD Lunda-Sul,Clube Desportivo da Lunda-Sul,66.1289433394,2250,ofi6heevfqlhgto3devky0b8,2026-10-05
Stade de Mbour,Stade Mbour,Stade de Mbour,66.1270273081,2251,1bt3oe8dwu7lmuy50kex4bkt0,2026-10-05
Al Dhafra,Al Dhafra,Al Dhafra FC,66.1137355913,2252,b6a9x42zsbxzbc2n5t79kdono,2026-10-05
Croatia Zmijavci,Zmijavci,NK Croatia Zmijavci,66.1043866402,2253,cuux8wgnrxz78zen0blqr5q1g,2026-10-05
Dubrava Zagreb,Dubrava,NK Dubrava Zagreb,66.1029931452,2254,cuux8wgnrxz78zen0blqr5q1g,2026-10-05
Metalul Buzău,Metalul Buzău,Metalul Buzău,66.101251275,2255,2iz4hkjsj1fadp09drcb6hhqs,2026-10-05
Kitchee,Kitchee,Kitchee SC,66.0979904899,2256,1eg1537in5v5szf108lk9s2s4,2026-10-05
Sobemap,Sobemap,AS Sobemap,66.0979382354,2257,t5yilsv0ffm6kb8mz07ywiz8,2026-10-05
Nouakchott Academy,Nouakchott AF,Nouakchott Academy Football,66.0941038172,2258,dp0cjg7hm16o0ay8b1amdexhw,2026-10-05
Baranovichi,Baranovichi,FK Baranovichi,66.0928902763,2259,2tml5a5shxx16bkg25p0hh8gk,2026-10-05
Tacuary,Tacuary,Tacuary FC,66.0816864809,2260,8vh8k7j5o8k9gynwf0ntfr578,2026-10-05
Santa Fe,Santa Fe,Santa Fe SC,66.076112429,2261,6f3mt0vs7zxlbfevjpbqur4lw,2026-10-05
Progrès Niederkorn,Progrès,FC Progrès Niederkorn,66.0643232557,2262,uza4dpaosr9j4jztif162p78,2026-10-05
Zwickau,Zwickau,FSV Zwickau,66.0632781128,2263,cp9ieu0l4mgyazd7866sx8pw4,2026-10-05
Tranmere Rovers,Tranmere,Tranmere Rovers FC,66.0584007714,2264,7kjvvls20hnhjguys4t73yjh0,2026-10-05
Al Minaa Basra,Minaa Basra,Al Minaa Basra FC,66.0531202094,2265,1ua3sfkjt1blxmm5vtgqwavis,2026-10-05
Renofa Yamaguchi,Renofa,Renofa Yamaguchi FC,66.0518302761,2266,d7a4tg9b5xoanhbupsxsbi238,2026-10-05
JS Soualem,JS Soualem,Jeunesse Sportive Soualem,66.0502080037,2267,e66497iax4m4oq94h8qc9nllg,2026-10-05
Huaquillas,Huaquillas,Huaquillas FC,66.0433645466,2268,6f3mt0vs7zxlbfevjpbqur4lw,2026-10-05
Leça,Leça,Leça FC,66.0385428962,2269,eoix5zq4par8gwml3bhkkyihg,2026-10-05
Al Taliya,Taliya,Al Taliya SC,66.0376171081,2270,epf0rlgn33w37t43qiocvx4wk,2026-10-05
Javor,Javor,FK Javor Matis Ivanjica,66.0298332369,2271,38qhp7f77q817kvnksk95ucyc,2026-10-05
Jiskra Domažlice,Domažlice,TJ Jiskra Domažlice,66.0287880752,2272,1b9w528q6lpjmxp9k0sfxvtw4,2026-10-05
Atyrau,Atyrau,FK Atyrau,66.0253041985,2273,5dlquxczyamt372efk9kgws2c,2026-10-05
Guaireña,Guaireña,Guaireña FC,66.0203710183,2274,8vh8k7j5o8k9gynwf0ntfr578,2026-10-05
Hegelmann,Hegelmann,FC Hegelmann,66.0179880368,2275,4hzcbeghy116szh7rtk757xg4,2026-10-05
Rochdale,Rochdale,Rochdale AFC,66.0176396475,2276,7kjvvls20hnhjguys4t73yjh0,2026-10-05
SOL,SOL,SOL FC,66.0162426055,2277,2x67tvk4kdanna2zej4ui0bv8,2026-10-05
Casertana,Casertana,Casertana FC,66.0145041405,2278,5sw6ud25poqqgzszu5yk6p0r8,2026-10-05
Old Road,Old Road,Old Road FC,66.0130305637,2279,eutz7cztklmm0kuh8bthrfxg4,2026-10-05
Milagro,Milagro,Milagro FC,66.0078289774,2280,6f3mt0vs7zxlbfevjpbqur4lw,2026-10-05
Aston Villa,Aston Villa,Aston Villa FC,66.0036240048,2281,eutz7cztklmm0kuh8bthrfxg4,2026-10-05
Furiani-Agliani,Furiani,AS Furiani-Agliani,65.9931999766,2282,4puti0g0aurz6lctqhbonl2c4,2026-10-05
Mufulira Wanderers,Mufulira,Mufulira Wanderers FC,65.9904615992,2283,3yqrgsjxdtodaoynaqjdtzuhg,2026-10-05
Boavista,Boavista,Boavista FC,65.9875002452,2284,378ubqtunv9zk2so0s1rz4s2c,2026-10-05
Sidama Bunna,Sidama,Sidama Coffee FC,65.9794848565,2285,yfk6117shr401b5om4u5nehg,2026-10-05
Anderlecht II,RSCA Futures,RSCA Futures (RSC Anderlecht II),65.9772260532,2286,83p55gs5rtqe8vjqg5t6me39w,2026-10-05
Moralo,Moralo,Moralo CP,65.9772260532,2287,1h4ygpz4oamwj3kksmzc15ams,2026-10-05
Tochigi City,Tochigi City,Tochigi City FC,65.9757070429,2288,4zxaepel6gk1jzqf5di3m6iok,2026-10-05
Surkhon Termez,Surkhon Termez,PFC Surkhon Termez,65.9747301569,2289,30hnhs47crryfhtm1523ygzkk,2026-10-05
Chirundu United,Chirundu,Chirundu United FC,65.9726934064,2290,3yqrgsjxdtodaoynaqjdtzuhg,2026-10-05
Chelyabinsk,Chelyabinsk,FK Chelyabinsk,65.9594577375,2291,ewtzgv48te3m77r86sxunl3x0,2026-10-05
Chacaritas,Chacaritas,Chacaritas FC,65.9552211893,2292,derrtkvb0qg29n2ldftcolo9g,2026-10-05
Diósgyőr,DVTK,Diósgyőri VTK,65.95388333,2293,cnv4lxtlbn15zo28rnoqs4kr8,2026-10-05
Varea,Varea,CD Varea,65.9531865279,2294,1h4ygpz4oamwj3kksmzc15ams,2026-10-05
Villefranche,Villefranche,FC Villefranche Beaujolais,65.9500509154,2295,2hzxt22wy9dxf7qxh08hjbuhg,2026-10-05
TSV Steinbach,Steinbach,TSV Steinbach,65.936811606,2296,cp9ieu0l4mgyazd7866sx8pw4,2026-10-05
Lee Man,Lee Man,Lee Man FC,65.9311117067,2297,1eg1537in5v5szf108lk9s2s4,2026-10-05
Guédiawaye,Guédiawaye,Guédiawaye FC de Dakar,65.9270527827,2298,1bt3oe8dwu7lmuy50kex4bkt0,2026-10-05
Al Ahed,Ahed,Al Ahed SC,65.9270014379,2299,9lv9rln2qwsqme0g8t366uiac,2026-10-05
Lusitano Évora 1911,Lusitano 1911,Associação Lusitano de Évora 1911,65.9221785784,2300,eoix5zq4par8gwml3bhkkyihg,2026-10-05
Moca,Moca,Moca FC,65.9210533358,2301,cokma0jt05z41cexn5ea0mxg,2026-10-05
Mensajero,Mensajero,CD Mensajero,65.9106811211,2302,1h4ygpz4oamwj3kksmzc15ams,2026-10-05
JKT Tanzania,JKT Tanzania,JKT Tanzania,65.9064967281,2303,c5wdltkcr7ti6feuv6ej6kavo,2026-10-05
Ümraniyespor,Ümraniye,Ümraniye SK,65.8953510706,2304,9vlcn0hdb4ufq9s8e7kjnfn6c,2026-10-05
Greifswalder FC,Greifswald,Greifswalder FC,65.8950026589,2305,cp9ieu0l4mgyazd7866sx8pw4,2026-10-05
Alianza,Alianza,Club Social y Deportivo Alianza,65.8925080295,2306,6f3mt0vs7zxlbfevjpbqur4lw,2026-10-05
Cercle Mbéri,Cercle Mbéri,Cercle Mbéri Sportif,65.8887277556,2307,91hx1tapplzhsaiav9r0gdq8k,2026-10-05
Altay,Altay,FK Altay VKO,65.8814145543,2308,5dlquxczyamt372efk9kgws2c,2026-10-05
Bakaridjan,Bakaridjan,AS Bakaridjan de Barouéli,65.879494793,2309,2fvr17f4zzd5uci32usqi0ro4,2026-10-05
Rayon Sports,Rayon,Rayon Sports FC,65.8754880216,2310,193l1zv2eyi82heh2jblkwqhg,2026-10-05
Chabab Ben Guerir,Chabab BG,Chabab Ben Guerir,65.871827366,2311,e66497iax4m4oq94h8qc9nllg,2026-10-05
Crotone,Crotone,FC Crotone,65.8713105165,2312,5sw6ud25poqqgzszu5yk6p0r8,2026-10-05
Les Herbiers,Les Herbiers,Vendée Les Herbiers Football,65.8702130057,2313,4puti0g0aurz6lctqhbonl2c4,2026-10-05
Ferroviário Maputo,Ferro Maputo,Clube Ferroviário de Maputo,65.8693907433,2314,12paa0nrmm7b6c9bt3b9rsx78,2026-10-05
Nazareno,Nazareno,Nazareno SC,65.8691642726,2315,6f3mt0vs7zxlbfevjpbqur4lw,2026-10-05
Peña Deportiva,Peña,SCR Peña Deportiva,65.8622516785,2316,3jk4gnb5m4ov0fm9ssmgg4c2c,2026-10-05
Cotonsport,Cotonsport,Cotonsport de Garoua,65.8610264419,2317,cqmw3la51kme1j36rsfej2p04,2026-10-05
Lioli,Lioli,Lioli FC,65.860331898,2318,770xwf92zra2rdko15e3rqbys,2026-10-05
Dauphins Noirs,Dauphins,AS Dauphins Noirs de Goma,65.8477888064,2319,ehmma83pqd17k7x6if20hmrkk,2026-10-05
Leones,Leones,Leones FC,65.8426844421,2320,3f1bsdfpg1eedvajxpif8t5p0,2026-10-05
Pamplona,Pamplona,CD Pamplona,65.8389075521,2321,1h4ygpz4oamwj3kksmzc15ams,2026-10-05
Universidad San Martín,Uni San Martín,CD Universidad San Martín de Porres,65.8343223141,2322,4wjv3pabgbhm9is93zhe6zf9w,2026-10-05
Agboville,Agboville,ES Agboville,65.8221797422,2323,2x67tvk4kdanna2zej4ui0bv8,2026-10-05
Elgeco Plus,Elgeco Plus,ASSM Elgeco Plus,65.8213086813,2324,citm4e83b4soxyy411ags2z8,2026-10-05
Marsa,Marsa,AS de La Marsa,65.8206095388,2325,2cdwuc8jbyg41icy3ah21d2c4,2026-10-05
Cristo Atlético,Cristo Atl,CD Palencia Cristo Atlético,65.8190473991,2326,1h4ygpz4oamwj3kksmzc15ams,2026-10-05
Provincial Osorno,Osorno,CD Provincial Osorno,65.8095841377,2327,1wi9d67mmituunqd3csuv0fmc,2026-10-05
São Salvador,São Salvador,CD São Salvador do Kongo,65.805977912,2328,ofi6heevfqlhgto3devky0b8,2026-10-05
Chiquimulilla,Chiquimulilla,CSyD Chiquimulilla,65.8020663678,2329,9krteg77umv3opxgpwp51d6ac,2026-10-05
Estudiantil CNI,Est. CNI,CD Estudiantil CNI (Loreto),65.7932079856,2330,4wjv3pabgbhm9is93zhe6zf9w,2026-10-05
Unia Skierniewice,U Skierniewice,Unia Skierniewice,65.7894309978,2331,9bj99ztou2rexljon6vvrssgk,2026-10-05
Chiangrai United,Chiangrai Utd,Singha Chiangrai United FC,65.7830337948,2332,2y9xq2tx9nthjl37uqgtoc2z8,2026-10-05
Formentera,Formentera,SD Formentera,65.7803717715,2333,1h4ygpz4oamwj3kksmzc15ams,2026-10-05
Unión Santo Domingo,Santo Domingo,Club Unión Santo Domingo,65.7784344852,2334,a9cov1ehhclrmqc4wgh59p2j8,2026-10-05
Kozármisleny,Kozármisleny,Kozármisleny SE,65.776539009,2335,cnv4lxtlbn15zo28rnoqs4kr8,2026-10-05
St. David’s,David’s,St. David’s FC,65.7733230801,2336,7e8iz4klq135f8mgvdy8z4kyc,2026-10-05
Åsane,Åsane,Åsane Fotball,65.7681765913,2337,1b7iiw2jok0qp6s65rmh05a1g,2026-10-05
Osaka,Osaka,FC Osaka,65.7661347621,2338,d7a4tg9b5xoanhbupsxsbi238,2026-10-05
Entebbe UPPC,Entebbe UPPC,Entebbe UPPC FC,65.7624239235,2339,d43v3lpfbbegmsubl20bdpct0,2026-10-05
Hunters,Hunters,Hunters FC,65.7620754876,2340,8ea4fh0n7w704hsj43vlxw4yc,2026-10-05
Quepos Cambute,Quepos,Quepos Cambute FC,65.759906036,2341,7yzd2ff4zj9i1m1mowvd9uot0,2026-10-05
Bregalnica Štip,Bregalnica,FK Bregalnica 2008 Štip,65.7580719544,2342,bdisf9hz6nqbfmztljccr2978,2026-10-05
Yamoussoukro,Yamoussoukro,Yamoussoukro FC,65.7559778488,2343,6rou0q967fn1n2qa2mk3q9hck,2026-10-05
Universidad de Panamá,Uni Panamá,Universidad de Panamá FC,65.7532857339,2344,5vfsgxr7re4yxafib5pgasopg,2026-10-05
Neftekhimik,Neftekhimik,FK Neftekhimik Nizhnekamsk,65.7511032081,2345,ewtzgv48te3m77r86sxunl3x0,2026-10-05
Segesta Sisak,Segesta,HNK Segesta Sisak,65.7490125792,2346,cuux8wgnrxz78zen0blqr5q1g,2026-10-05
AS Khroub,AS Khroub,AS Khroub,65.7463935151,2347,flxkeved0q9tmclqafcpql1w,2026-10-05
Santa Lucía,Santa Lucía,Santa Lucía Cotzumalguapa FC,65.7403935009,2348,9krteg77umv3opxgpwp51d6ac,2026-10-05
1º de Maio,1º de Maio,EC Primeiro de Maio,65.7383816961,2349,ofi6heevfqlhgto3devky0b8,2026-10-05
ÍBV,ÍBV,ÍB Vestmannaeyja,65.7343781131,2350,eeeacj91qdk6pru5zwwobaiac,2026-10-05
MSP Batna,MSP Batna,MSP Batna,65.7240933008,2351,flxkeved0q9tmclqafcpql1w,2026-10-05
Chambly-Oise,Chambly,FC Chambly-Oise,65.7214334858,2352,4puti0g0aurz6lctqhbonl2c4,2026-10-05
Birkirkara,Birkirkara,Birkirkara FC,65.7155622059,2353,3jedmdrdnamejeki9uh7jrs44,2026-10-05
Bunyodkor,Bunyodkor,FK Bunyodkor,65.7109752972,2354,30hnhs47crryfhtm1523ygzkk,2026-10-05
Entente II,Entente II,Entente II,65.7092867111,2355,d8hdusfvdmgo6ki7qtifb88wk,2026-10-05
Hønefoss,Hønefoss,Hønefoss BK,65.7033666113,2356,eyebcttojdlxx2xxue3awhmvo,2026-10-05
Safa,Safa,Safa Beirut SC,65.7029633293,2357,9lv9rln2qwsqme0g8t366uiac,2026-10-05
KTP,KTP,Kotkan Työväen Palloilijat,65.6988367992,2358,dfeircxbw7mix6mouzz7t05qs,2026-10-05
Ferroviário de Lichinga,Ferroviário,Ferroviário de Lichinga,65.6812366346,2359,12paa0nrmm7b6c9bt3b9rsx78,2026-10-05
Linfield,Linfield,Linfield FC,65.6779298344,2360,8ahwg697cwemg7ctdnexwqivo,2026-10-05
Phoenix Rising,Phoenix Rising,Phoenix Rising FC,65.6734918649,2361,cbkjk31sv9wm38ljg3vxhtus4,2026-10-05
Jurong,Jurong,Jurong FC,65.6680500196,2362,bi1hu93fyvmbyjjip2y05s3kk,2026-10-05
Coastal Union,Coastal Union,Coastal Union,65.6657305162,2363,c5wdltkcr7ti6feuv6ej6kavo,2026-10-05
Al Ta'awon,Al Ta'awon,Al Ta'awon,65.6589356579,2364,68kgxuk3dkg7p955ifkisgc9g,2026-10-05
Vianense,Vianense,SC Vianense,65.6570226401,2365,eoix5zq4par8gwml3bhkkyihg,2026-10-05
Sohar,Sohar,Sohar Club,65.6534809582,2366,cbdqxkajw3jvb9nqzpbraim1g,2026-10-05
Kariba,Kariba,ZPC Kariba,65.6436035851,2367,8ea4fh0n7w704hsj43vlxw4yc,2026-10-05
Aampetra,Aampetra,Club Deportivo Aampetra,65.6405894244,2368,51fmboanx3f6tr3jlow8054ic,2026-10-05
Ehime,Ehime,Ehime FC,65.6393001288,2369,d7a4tg9b5xoanhbupsxsbi238,2026-10-05
Bali United,Bali United,Bali United FC,65.6220513602,2370,2t0yn5r2hq16whtb16f4i7nro,2026-10-05
Consadole Sapporo,Consadole,Hokkaido Consadole Sapporo,65.6178698171,2371,4zxaepel6gk1jzqf5di3m6iok,2026-10-05
AB,AB,AB Gladsaxe,65.6172983388,2372,2mb332vncy4450vu14paj8844,2026-10-05
De Treffers,Treffers,De Treffers,65.6148591003,2373,asox70lt42oe70oat4mcayaz8,2026-10-05
Raith Rovers,Raith Rovers,Raith Rovers FC,65.6054505797,2374,73jqy9edtsysqefneqki92kno,2026-10-05
Tru-Juice,Tru-Juice,Tru-Juice FC,65.6043251503,2375,wsen23jl97o765wp3skwljis,2026-10-05
Gagra,Gagra,FC Gagra,65.5995266724,2376,dmtc6z8cwdmdocaz02qc5p0yc,2026-10-05
Casarano,Casarano,Casarano Calcio,65.5995266724,2377,5sw6ud25poqqgzszu5yk6p0r8,2026-10-05
Helsingborg,Helsingborg,Helsingborgs IF,65.5936027468,2378,e45p1bhnnox3kdgzamrx63r4k,2026-10-05
Fehérvár,Fehérvár,Fehérvár FC,65.5869818668,2379,cnv4lxtlbn15zo28rnoqs4kr8,2026-10-05
Tamaraceite,Tamaraceite,UD Tamaraceite,65.5866333988,2380,3jk4gnb5m4ov0fm9ssmgg4c2c,2026-10-05
Santiago City,Santiago City,Santiago City FC,65.5830929603,2381,1wi9d67mmituunqd3csuv0fmc,2026-10-05
Chabab Atlas Khénifra,CA Khénifra,Chabab Atlas Khénifra,65.580180954,2382,e66497iax4m4oq94h8qc9nllg,2026-10-05
PSV II,PSV II,PSV Eindhoven II,65.579315556,2383,7bdyxkrzt42tv7377rpz5nqc4,2026-10-05
Monopoli,Monopoli,Monopoli Calcio 1966,65.5789670866,2384,5sw6ud25poqqgzszu5yk6p0r8,2026-10-05
Levante II,Levante II,Atlético Levante UD,65.5782701476,2385,1h4ygpz4oamwj3kksmzc15ams,2026-10-05
Ferroviária,Ferroviária,Associação Ferroviária de Esportes,65.5688056906,2386,kis8d8dd780usq5xloolkaac,2026-10-05
DSC,DSC,AS Dakar Sacré Cœur,65.5678125472,2387,1bt3oe8dwu7lmuy50kex4bkt0,2026-10-05
Bulawayo Chiefs,Chiefs,Bulawayo Chiefs FC,65.562759704,2388,8ea4fh0n7w704hsj43vlxw4yc,2026-10-05
Vushtrria,Vushtrria,FC Vushtrria,65.5556217816,2389,cex4ulecg78atcdvr7zz1dqtw,2026-10-05
Trasandino,Trasandino,CD Trasandino de Los Andes,65.5541698397,2390,1wi9d67mmituunqd3csuv0fmc,2026-10-05
Arzignano Valchiampo,Arzignano,ASD Arzignano Valchiampo,65.5531801733,2391,5sw6ud25poqqgzszu5yk6p0r8,2026-10-05
Al Orobah,Orobah,Al Orobah FC,65.5520776203,2392,3lxygsgllro9oeey1m5ndpct0,2026-10-05
Freiburg II,Freiburg II,SC Freiburg II,65.5517862762,2393,cp9ieu0l4mgyazd7866sx8pw4,2026-10-05
Mohun Bagan,Mohun Bagan,Mohun Bagan Super Giant,65.5451081202,2394,d70h9cciplfhf01fn96gpcw0k,2026-10-05
Volga Ulyanovsk,Volga Ul,FK Volga Ulyanovsk,65.5444682993,2395,ewtzgv48te3m77r86sxunl3x0,2026-10-05
BEA Mountain,BEA Mountain,FC BEA Mountain,65.5420254844,2396,6x5fs0vog8z4mtp0f4ankjfo4,2026-10-05
FocuSport,FocuSport,FocuSport FC,65.5399346242,2397,dvhbj2zp4tenbgxi0lhw6mql0,2026-10-05
Bahla,Bahla,Bahla Club,65.539184025,2398,cbdqxkajw3jvb9nqzpbraim1g,2026-10-05
Onze Créateurs,Onze,AS Onze Créateurs de Niaréla,65.5380180038,2399,2fvr17f4zzd5uci32usqi0ro4,2026-10-05
Chojniczanka Chojnice,Chojniczanka,MKS Chojniczanka Chojnice,65.5378472483,2400,1f9k5nej63ck6nqpw0q5uml1w,2026-10-05
North Carolina,North Carolina,North Carolina FC,65.5274848205,2401,8hdq5pmnb4m3p9t24ytwgjitw,2026-10-05
Costa del Este,Costa del Este,Academía Costa del Este,65.5274848205,2402,5vfsgxr7re4yxafib5pgasopg,2026-10-05
Uthai Thani,Uthai Thani,Uthai Thani FC,65.5209948271,2403,2y9xq2tx9nthjl37uqgtoc2z8,2026-10-05
Karbala,Karbala,Karbala FC,65.517232155,2404,1ua3sfkjt1blxmm5vtgqwavis,2026-10-05
Austria Wien II,Austria II,Young Violets Austria Wien (FK Austria Wien II),65.5169385148,2405,bbsieeq7vmacbhd5d5hvgu978,2026-10-05
Glentoran,Glentoran,Glentoran FC,65.5127567405,2406,8ahwg697cwemg7ctdnexwqivo,2026-10-05
Crawley Town,Crawley,Crawley Town FC,65.5103173679,2407,7kjvvls20hnhjguys4t73yjh0,2026-10-05
JS Bordj Ménaïel,Bordj Ménaïel,Jeunesse Sportive de Bordj Ménaïel,65.4961980181,2408,flxkeved0q9tmclqafcpql1w,2026-10-05
Green Fuel,Green Fuel,Green Fuel FC,65.4955033394,2409,9ld63jfw4ucicyezh2ggpha1g,2026-10-05
Gomerano,Gomerano,Deportivo Gomerano,65.4940305541,2410,9krteg77umv3opxgpwp51d6ac,2026-10-05
União Santarém,Santarém,UD Santarém,65.4908022745,2411,eoix5zq4par8gwml3bhkkyihg,2026-10-05
Comoé,USCO,US de la Comoé,65.4890563608,2412,9p9ntqh3h3idc6ma379m3fa,2026-10-05
Calamocha,Calamocha,CF Calamocha,65.4876659014,2413,3jk4gnb5m4ov0fm9ssmgg4c2c,2026-10-05
Andrézieux,Andrézieux,ASF Andrézieux Bouthéon,65.4865681697,2414,4puti0g0aurz6lctqhbonl2c4,2026-10-05
São João Ver,São João Ver,SC São João de Ver,65.4852264966,2415,eoix5zq4par8gwml3bhkkyihg,2026-10-05
One Taguig,One Taguig,One Taguig FC,65.4814442188,2416,c50ksp1w60e030qpuec4280es,2026-10-05
Belshina,Belshina,FK Belshina Bobruisk,65.478953727,2417,2tml5a5shxx16bkg25p0hh8gk,2026-10-05
Van,Van,FK Van,65.4629232216,2418,847iyp5po72cef4cdwd8c0ems,2026-10-05
HLM,HLM,Habitation à Loyer Modéré FC de Dakar,65.459086335,2419,1bt3oe8dwu7lmuy50kex4bkt0,2026-10-05
Samgurali,Samgurali,FC Samgurali Tskaltubo,65.4580443453,2420,dmtc6z8cwdmdocaz02qc5p0yc,2026-10-05
Al Najma,Najma,Al Najma Club,65.4541538005,2421,3lxygsgllro9oeey1m5ndpct0,2026-10-05
NC Magra,NC Magra,NC Magra,65.4442731009,2422,flxkeved0q9tmclqafcpql1w,2026-10-05
Chonburi,Chonburi,Chonburi FC,65.4415397107,2423,2y9xq2tx9nthjl37uqgtoc2z8,2026-10-05
SONABEL,SONABEL,AS de la SONABEL,65.4399192099,2424,56y5sheadf58560v7uwkil9n8,2026-10-05
Campobasso,Campobasso,Campobasso FC,65.4381802194,2425,5sw6ud25poqqgzszu5yk6p0r8,2026-10-05
Real Murcia II,Murcia II,Real Murcia Imperial,65.4298163147,2426,3jk4gnb5m4ov0fm9ssmgg4c2c,2026-10-05
Sitra,Sitra,Sitra Club,65.4217437372,2427,3dsgnubzzf96l31ocjo3kial0,2026-10-05
Mladost Ždralovi,Ždralovi,NK Mladost Ždralovi,65.4214523731,2428,cuux8wgnrxz78zen0blqr5q1g,2026-10-05
Insutec,Insutec,FC Insutec,65.4147751333,2429,6f3mt0vs7zxlbfevjpbqur4lw,2026-10-05
Vautour Club,Vautour,Vautour Club Mangoungou,65.4047208961,2430,91hx1tapplzhsaiav9r0gdq8k,2026-10-05
Shkëndija Haraçinë,Shkëndija 77,KF Shkëndija 77 Haraçinë,65.3935723015,2431,bdisf9hz6nqbfmztljccr2978,2026-10-05
Hottin,Hottin,Hottin SC,65.3874186386,2432,epf0rlgn33w37t43qiocvx4wk,2026-10-05
Schalke 04 II,Schalke II,FC Schalke 04 II,65.3869507243,2433,cp9ieu0l4mgyazd7866sx8pw4,2026-10-05
Al Gharraf,Gharraf,Al Gharraf SC,65.3868958799,2434,1ua3sfkjt1blxmm5vtgqwavis,2026-10-05
Chindia Târgovişte,Chindia,CF Chindia Târgovişte,65.3855567051,2435,2iz4hkjsj1fadp09drcb6hhqs,2026-10-05
Hohoe United,Hohoe,Hohoe United FC,65.3853766767,2436,68v3i3kx3e71qpfh48xnofac4,2026-10-05
Kickers Offenbach,Offenbach,Offenbacher FC Kickers 1901,65.3834656744,2437,cp9ieu0l4mgyazd7866sx8pw4,2026-10-05
Esbjerg,Esbjerg,Esbjerg fB,65.3827686636,2438,2mb332vncy4450vu14paj8844,2026-10-05
FSV Frankfurt,FSV Frankfurt,FSV Frankfurt 1899,65.3764955553,2439,cp9ieu0l4mgyazd7866sx8pw4,2026-10-05
Kolding,Kolding,Kolding IF,65.3761470487,2440,2mb332vncy4450vu14paj8844,2026-10-05
Zoman,Zoman,Zoman FC,65.3740525225,2441,2x67tvk4kdanna2zej4ui0bv8,2026-10-05
Al Jazeera,Al Jazeera,Al Jazeera Club Amman,65.3701652904,2442,espg5w80i6jk5f0n0b3buusk4,2026-10-05
Mindelense,Mindelense,CS Mindelense,65.3679536394,2443,378ubqtunv9zk2so0s1rz4s2c,2026-10-05
Dunfermline Athletic,Dunfermline,Dunfermline Athletic FC,65.3663888371,2444,73jqy9edtsysqefneqki92kno,2026-10-05
Louletano,Louletano,Louletano DC,65.3531454696,2445,eoix5zq4par8gwml3bhkkyihg,2026-10-05
F91 Dudelange,Dudelange,F91 Dudelange,65.3503573805,2446,uza4dpaosr9j4jztif162p78,2026-10-05
Prison Leopards,Prison Leopard,Prison Leopards FC,65.3503538953,2447,7hoa4ene4msnhin9rmaiu35sk,2026-10-05
Southend United,Southend,Southend United FC,65.3499914434,2448,7jeqt00dn1903yv3hr8r63g2c,2026-10-05
Stenhousemuir,Stenhousemuir,Stenhousemuir FC,65.3332802448,2449,73jqy9edtsysqefneqki92kno,2026-10-05
Wacker Innsbruck,Wacker,FC Wacker Innsbruck,65.3287495504,2450,bbsieeq7vmacbhd5d5hvgu978,2026-10-05
Szeged-Csanád,Szeged-Csanád,Szeged-Csanád Grosics Akadémia,65.326658457,2451,cnv4lxtlbn15zo28rnoqs4kr8,2026-10-05
Lecco,Lecco,Calcio Lecco 1912,65.3158544376,2452,5sw6ud25poqqgzszu5yk6p0r8,2026-10-05
Aresimi,Aresimi,KF Aresimi 1973,65.3123692569,2453,bdisf9hz6nqbfmztljccr2978,2026-10-05
Bayern München II,Bayern II,FC Bayern München II,65.3109751828,2454,cp9ieu0l4mgyazd7866sx8pw4,2026-10-05
Vital'O,Vital'O,Vital'O FC,65.3046983533,2455,emlzehq1t5dd17y2jnjdwn4k,2026-10-05
Motril,Motril,Motril CF,65.2998225533,2456,1h4ygpz4oamwj3kksmzc15ams,2026-10-05
Ibiza Islas Pitiusas,Ibiza Pitiusas,CD Ibiza Islas Pitiusas,65.2938976921,2457,1h4ygpz4oamwj3kksmzc15ams,2026-10-05
MC Saïda,MC Saïda,MC Saïda,65.2902324336,2458,flxkeved0q9tmclqafcpql1w,2026-10-05
Cavese 1919,Cavese,Cavese 1919,65.2869272435,2459,5sw6ud25poqqgzszu5yk6p0r8,2026-10-05
Indy Eleven,Indy Eleven,Indy Eleven,65.2835339316,2460,cbkjk31sv9wm38ljg3vxhtus4,2026-10-05
Al Okhdood,Okhdood,Al Okhdood Club,65.280248155,2461,3lxygsgllro9oeey1m5ndpct0,2026-10-05
AlbinoLeffe,AlbinoLeffe,UC AlbinoLeffe,65.2695010096,2462,5sw6ud25poqqgzszu5yk6p0r8,2026-10-05
Vendsyssel,Vendsyssel,Vendsyssel FF,65.2674098508,2463,2mb332vncy4450vu14paj8844,2026-10-05
Universitario II,Universitario,Club Universitario de Deportes II,65.2668661491,2464,a9cov1ehhclrmqc4wgh59p2j8,2026-10-05
El Entag El Harby,Military,El Entag El Harby,65.263744541,2465,c8yhc9482s3xm3dplmzcg8wes,2026-10-05
Baladiyyat Al Mehalla,Baladiyyat,Baladiyyat Al Mehalla,65.2633960136,2466,c8yhc9482s3xm3dplmzcg8wes,2026-10-05
UD Melilla,UD Melilla,UD Melilla,65.2590451923,2467,1h4ygpz4oamwj3kksmzc15ams,2026-10-05
Nacional FCB,Nacional,Nacional Fútbol Club Mollendo,65.2581529598,2468,a9cov1ehhclrmqc4wgh59p2j8,2026-10-05
Hammarby Talang,Hammarby TFF,Hammarby Talangfotbollförening,65.2541657911,2469,6y4xajtea36x0n0xrjr4vy3o4,2026-10-05
Mariehamn,Mariehamn,IFK Mariehamn,65.2395275119,2470,32gy6t29t9240sgu7l11j9nh0,2026-10-05
Olimpia Grudziądz,Grudziądz,GKS Olimpia Grudziądz,65.2346480604,2471,1f9k5nej63ck6nqpw0q5uml1w,2026-10-05
Sardarapat,Sardarapat,Sardarapat FC,65.213387446,2472,847iyp5po72cef4cdwd8c0ems,2026-10-05
Derby Académie,Derby Académie,Derby Académie,65.2076330993,2473,2fvr17f4zzd5uci32usqi0ro4,2026-10-05
Sayaxché,Sayaxché,Club Social y Deportivo Sayaxché,65.2026747058,2474,9krteg77umv3opxgpwp51d6ac,2026-10-05
GOAL,GOAL,GOAL FC,65.2018334217,2475,4puti0g0aurz6lctqhbonl2c4,2026-10-05
Avranches,Avranches,US Avranches Mont-Saint-Michel,65.2000907271,2476,4puti0g0aurz6lctqhbonl2c4,2026-10-05
Old Road Jets United,Old Road Jets,Old Road Jets United FC,65.1991916076,2477,46z6xc333qod4qfckpehisphw,2026-10-05
Dynamo Puerto,Dynamo Puerto,Dynamo Puerto FC,65.196253308,2478,5l0o7aj8bf50pay409j5x0j6c,2026-10-05
Santa Cruz,Santa Cruz,Santa Cruz FC,65.1913737448,2479,kis8d8dd780usq5xloolkaac,2026-10-05
Cerrito,Cerrito,CS Cerrito,65.1819631229,2480,6oy1dcqjggeoyx76gstf8zkes,2026-10-05
Sua Flamingoes,Flamingoes,Sua Flamingoes FC,65.1793626828,2481,e2i85rbbrmh0zcyvozwl9qk9g,2026-10-05
Sakaryaspor,Sakaryaspor,Sakaryaspor Kulübü,65.176442203,2482,9iurl7j8nsnscnb6u5uaicj6c,2026-10-05
Mutondo Stars,Mutondo Stars,Mutondo Stars FC,65.1722561917,2483,3yqrgsjxdtodaoynaqjdtzuhg,2026-10-05
Leningradets,Leningradets,FK Leningradets Leningradskaya Oblast,65.1719111329,2484,ewtzgv48te3m77r86sxunl3x0,2026-10-05
Bourg-Péronnas,Bourg-Péronnas,Football Bourg-en-Bresse Péronnas 01,65.168077142,2485,2hzxt22wy9dxf7qxh08hjbuhg,2026-10-05
Deportivo Santamarina,Santamarina,CD Santamarina de Tandil,65.1638388304,2486,1q9caek968o8ubc43inhg6uxg,2026-10-05
Khouribga,Khouribga,Olympique Club de Khouribga,65.1623203646,2487,4dfmno1tfc1gwcbeko4448v42,2026-10-05
Burgos Promesas,Burgos Promes.,CD Burgos Promesas 2000,65.1621518681,2488,1h4ygpz4oamwj3kksmzc15ams,2026-10-05
Al Hidd,Hidd,Al Hidd SCC,65.1575636216,2489,3dsgnubzzf96l31ocjo3kial0,2026-10-05
Arnedo,Arnedo,CD Arnedo,65.1562265756,2490,3jk4gnb5m4ov0fm9ssmgg4c2c,2026-10-05
Atlético El Vigía,El Vigía,Atlético El Vigía FC,65.1547766189,2491,5l0o7aj8bf50pay409j5x0j6c,2026-10-05
BKMA,BKMA,Banaki Kentronakan Marzakan Akumb,65.1509983609,2492,847iyp5po72cef4cdwd8c0ems,2026-10-05
Stade Marocain,Stade Marocain,Stade Marocain du Rabat,65.1508183102,2493,e66497iax4m4oq94h8qc9nllg,2026-10-05
Azazga,Azazga,JS Azazga,65.1494241171,2494,4ljwkub75q0fllms9epzol0wr,2026-10-05
Voždovac,Voždovac,FK Voždovac,65.1429817369,2495,38qhp7f77q817kvnksk95ucyc,2026-10-05
Primero Mayo de Yantzaza,Primero Mayo,Club Primero de Mayo de Yantzaza,65.142925969,2496,6f3mt0vs7zxlbfevjpbqur4lw,2026-10-05
USM Oujda,USMO,Union Sportive Musilman d'Oujda,65.1424531358,2497,e66497iax4m4oq94h8qc9nllg,2026-10-05
Hemelingen,Hemelingen,SV Hemelingen,65.1419360878,2498,949cwx081ssmm4uuutgo1stn8,2026-10-05
Excursionistas,Excursionistas,CA Excursionistas,65.1408346701,2499,epr9s9zih7yd5dygat10o64us,2026-10-05
SNIM,SNIM,ASC Société Nationale Industrielle et Minière FC (Cansado),65.1407103865,2500,dp0cjg7hm16o0ay8b1amdexhw,2026-10-05
Arsenal Česká Lípa,Arsenal CL,FK Arsenal Česká Lípa,65.1367078335,2501,6366wwpqz6bqwsprqq35h4hec,2026-10-05
Den Bosch,Den Bosch,FC Den Bosch,65.1360107319,2502,7bdyxkrzt42tv7377rpz5nqc4,2026-10-05
Al-Madina,Madina,Al-Madina,65.1319989068,2503,68kgxuk3dkg7p955ifkisgc9g,2026-10-05
Arsenal,Arsenal,Arsenal FC,65.1209672153,2504,epr9s9zih7yd5dygat10o64us,2026-10-05
INCA-Aruba,INCA-Aruba,Club Deportivo INCA-Aruba,65.1178059424,2505,30t9l739hkqomjqhti9lxg5qs,2026-10-05
Hungry Lions,Hungry Lions,Hungry Lions FC,65.1177059444,2506,4nwd2e9auc7j57110c5f3fehg,2026-10-05
Gbohloé-su des Lacs,Gbohloé,Gbohloé-su des Lacs,65.1143969671,2507,d8hdusfvdmgo6ki7qtifb88wk,2026-10-05
Szentlőrinc SE,Szentlőrinc,Szentlőrinc SE,65.0980183019,2508,cnv4lxtlbn15zo28rnoqs4kr8,2026-10-05
Ranger's,Ranger's,Ranger's FC Andorra,65.0875615356,2509,2a3fpo37ny4uvuf4u7toqok5w,2026-10-05
Ospitaletto,Ospitaletto,ACD Ospitaletto SSD,65.0844244944,2510,5sw6ud25poqqgzszu5yk6p0r8,2026-10-05
Maringá,Maringá,Maringá FC,65.0836716037,2511,kis8d8dd780usq5xloolkaac,2026-10-05
VG United,VG United,Virgin Gorda United Rebels FC,65.0826016358,2512,6ai1o32comsvohaqi346lvx1w,2026-10-05
Ponte Preta,Ponte Preta,Associacao Atletica Ponte Preta,65.0798374336,2513,7pt8trpd4rbju1v568nuskdn8,2026-10-05
Huracán,Huracán,Huracán Fútbol Club,65.0777460648,2514,6oy1dcqjggeoyx76gstf8zkes,2026-10-05
Leioa,Leioa,SD Leioa,65.0753619016,2515,1h4ygpz4oamwj3kksmzc15ams,2026-10-05
Sport Sébaco,Sport Sébaco,Club Sport Sébaco FC,65.0641278251,2516,c0h34ymbtky0gg66xxiox8t1w,2026-10-05
Guarani SP,Guarani,Guarani FC,65.0634549828,2517,kis8d8dd780usq5xloolkaac,2026-10-05
Recreativo da Caála,Caála,CR da Caála,65.0626358565,2518,ofi6heevfqlhgto3devky0b8,2026-10-05
Capoise,Capoise,AS Capoise,65.0604678977,2519,4vdnis45sxd05ictg09vgpous,2026-10-05
Voitsberg,Voitsberg,ASK Voitsberg,65.0579337162,2520,bbsieeq7vmacbhd5d5hvgu978,2026-10-05
Korhogo,Korhogo,CO Korhogo,65.0572330998,2521,2x67tvk4kdanna2zej4ui0bv8,2026-10-05
Livingston,Livingston,Livingston FC,65.0523566629,2522,73jqy9edtsysqefneqki92kno,2026-10-05
Vanspor,Van,Van Spor FK,65.0478252949,2523,9vlcn0hdb4ufq9s8e7kjnfn6c,2026-10-05
Vilzing,Vilzing,DJK Vilzing,65.0471281604,2524,cp9ieu0l4mgyazd7866sx8pw4,2026-10-05
Cacahuatique,Cacahuatique,CD Cacahuatique,65.0432138569,2525,30t9l739hkqomjqhti9lxg5qs,2026-10-05
Hanácká Slávia,Kroměříž,SK Hanácká Slávia Kroměříž,65.0331854162,2526,6366wwpqz6bqwsprqq35h4hec,2026-10-05
OTR,OTR,AS OTR,65.0147076355,2527,d8hdusfvdmgo6ki7qtifb88wk,2026-10-05
Gyirmót,Gyirmót,Gyirmót SE,65.0105282368,2528,cnv4lxtlbn15zo28rnoqs4kr8,2026-10-05
Bourges Foot 18,Bourges,Bourges Foot 18,65.0104759507,2529,4puti0g0aurz6lctqhbonl2c4,2026-10-05
Siheung Citizen,Siheung,Siheung City Athletic Club,65.0086598788,2530,2e9i1nuxuoznknto2pks55vys,2026-10-05
Eichstätt,Eichstätt,VfB Eichstätt,65.0056481933,2531,cp9ieu0l4mgyazd7866sx8pw4,2026-10-05
HK,HK,HK Kópavogur,65.005107902,2532,a5uti9g06jek0b3rv3zavb578,2026-10-05
Trofense,Trofense,CD Trofense,65.0032081668,2533,eoix5zq4par8gwml3bhkkyihg,2026-10-05
Imbabura,Imbabura,Imbabura SC,65.0031523948,2534,6f3mt0vs7zxlbfevjpbqur4lw,2026-10-05
Dos Hermanas 1971,Dos Hermanas,Dos Hermanas CF 1971,65.0025110158,2535,1h4ygpz4oamwj3kksmzc15ams,2026-10-05
Brusque,Brusque,Brusque FC,64.9923465248,2536,kis8d8dd780usq5xloolkaac,2026-10-05
San Juan SN,San Juan,IN San Juan FC Satélite Norte,64.9879893017,2537,2yzo0vofqnirl3yjd7fdzavpw,2026-10-05
Inter Moengotapoe,Inter,Inter Moengo Tapoe,64.9848558037,2538,2iliu0oyb0iehjz6cxu2y9t78,2026-10-05
ISCA,ISCA,Inova Sporting Club Association,64.9815928798,2539,2x67tvk4kdanna2zej4ui0bv8,2026-10-05
ASFA-Yennenga,ASFA,AS du Faso-Yennenga,64.9791528221,2540,56y5sheadf58560v7uwkil9n8,2026-10-05
Créteil,Créteil,US Créteil Football,64.9738753152,2541,4puti0g0aurz6lctqhbonl2c4,2026-10-05
Etoile Filante,Etoile Filante,Etoile Filante Lomé,64.9652095749,2542,d8hdusfvdmgo6ki7qtifb88wk,2026-10-05
Alittihad Misurata,Alittihad Mis.,Alittihad Misurata SC,64.9646867011,2543,68kgxuk3dkg7p955ifkisgc9g,2026-10-05
Oita Trinita,Oita,Oita Trinita,64.9525385594,2544,4zxaepel6gk1jzqf5di3m6iok,2026-10-05
Scafatese,Scafatese,SS Scafatese Calcio 1922,64.9463895131,2545,5sw6ud25poqqgzszu5yk6p0r8,2026-10-05
Sandecja Nowy Sącz,Sandecja,MKS Sandecja Nowy Sącz,64.9460409271,2546,1f9k5nej63ck6nqpw0q5uml1w,2026-10-05
Mjøndalen,Mjøndalen,Mjøndalen IF,64.9456923411,2547,eyebcttojdlxx2xxue3awhmvo,2026-10-05
Platense,Platense,CD Platense Municipal Zacatecoluca,64.9449151055,2548,30t9l739hkqomjqhti9lxg5qs,2026-10-05
Atalanta II,Atalanta II,Atalanta Bergamasca Calcio Under 23,64.9404635425,2549,5sw6ud25poqqgzszu5yk6p0r8,2026-10-05
Stade Briochin,Stade Briochin,Stade Briochin,64.9400626674,2550,4puti0g0aurz6lctqhbonl2c4,2026-10-05
Llosetense,Llosetense,CD Llosetense,64.937674844,2551,1h4ygpz4oamwj3kksmzc15ams,2026-10-05
Imabari,Imabari,FC Imabari,64.9375493525,2552,4zxaepel6gk1jzqf5di3m6iok,2026-10-05
Memmingen,Memmingen,FC Memmingen 07,64.9369776687,2553,cp9ieu0l4mgyazd7866sx8pw4,2026-10-05
Třinec,Třinec,FK Fotbal Třinec,64.9352347294,2554,6366wwpqz6bqwsprqq35h4hec,2026-10-05
Qizilqum,Qizilqum,Qizilqum Zarafshon PFK,64.9351775805,2555,30hnhs47crryfhtm1523ygzkk,2026-10-05
Concordia Chiajna,Concordia,CS Concordia Chiajna,64.9320974346,2556,2iz4hkjsj1fadp09drcb6hhqs,2026-10-05
Viktoria Žižkov,Žižkov,FK Viktoria Žižkov,64.9307030797,2557,6366wwpqz6bqwsprqq35h4hec,2026-10-05
Alianza Lima II,Alianza II,Club Alianza Lima II,64.9259762087,2558,a9cov1ehhclrmqc4wgh59p2j8,2026-10-05
US Bougouba,US Bougouba,US Bougouba,64.9239021004,2559,2fvr17f4zzd5uci32usqi0ro4,2026-10-05
Al Jabalain,Jabalain,Al Jabalain FC,64.9215825981,2560,3lxygsgllro9oeey1m5ndpct0,2026-10-05
Police,Police,Police FC,64.9190218306,2561,d43v3lpfbbegmsubl20bdpct0,2026-10-05
Flambeau du Centre,Flamb. Centre,Flambeau du Centre FC,64.9146644394,2562,emlzehq1t5dd17y2jnjdwn4k,2026-10-05
Dassendorf,Dassendorf,TuS Dassendorf,64.9069988876,2563,949cwx081ssmm4uuutgo1stn8,2026-10-05
Raufoss,Raufoss,Raufoss IL,64.9066502943,2564,1b7iiw2jok0qp6s65rmh05a1g,2026-10-05
Prostějov,Prostějov,SK Prostějov,64.9066502943,2565,6366wwpqz6bqwsprqq35h4hec,2026-10-05
Mashujaa,Mashujaa,Mashujaa FC,64.8993263362,2566,c5wdltkcr7ti6feuv6ej6kavo,2026-10-05
Racing,Racing,Racing Club de France Football,64.8895168546,2567,4puti0g0aurz6lctqhbonl2c4,2026-10-05
Recreativo do Libolo,Recreativo,Clube Recreativo Desportivo do Libolo,64.8886941667,2568,ofi6heevfqlhgto3devky0b8,2026-10-05
Universitario,Universitario,CD Universitario,64.8757171748,2569,dxqxpijuyxkzzosa7wdmhzd3o,2026-10-05
WA Mostaganem,Mostaganem,WA Mostaganem,64.8743993583,2570,flxkeved0q9tmclqafcpql1w,2026-10-05
Simba,Simba,FC Simba,64.8670810503,2571,ehmma83pqd17k7x6if20hmrkk,2026-10-05
Al Raed,Raed,Al Raed FC,64.8661558834,2572,3lxygsgllro9oeey1m5ndpct0,2026-10-05
Zápy,Zápy,SK Zápy,64.8651672317,2573,1b9w528q6lpjmxp9k0sfxvtw4,2026-10-05
Mekelakeya,Mekelakeya,Defence Force SC,64.8608039365,2574,yfk6117shr401b5om4u5nehg,2026-10-05
SKA Khabarovsk,SKA,FK SKA-Khabarovsk,64.8585438008,2575,ewtzgv48te3m77r86sxunl3x0,2026-10-05
URA,URA,Uganda Revenue Authority FC,64.8566230015,2576,d43v3lpfbbegmsubl20bdpct0,2026-10-05
Iztapa,Iztapa,Club Deportivo Iztapa,64.8561955264,2577,9krteg77umv3opxgpwp51d6ac,2026-10-05
Ljungskile,Ljungskile,Ljungskile SK,64.8536633631,2578,e45p1bhnnox3kdgzamrx63r4k,2026-10-05
Rumilly Vallières,Rumilly V.,GFA Rumilly Vallières,64.851170849,2579,4puti0g0aurz6lctqhbonl2c4,2026-10-05
Real Zaragoza II,Zaragoza II,Real Zaragoza Deportivo Aragón,64.8494801207,2580,1h4ygpz4oamwj3kksmzc15ams,2026-10-05
Polisi Tanzania,Polisi,Polisi Tanzania FC,64.8456419894,2581,c5wdltkcr7ti6feuv6ej6kavo,2026-10-05
Union Omaha,Union Omaha,Union Omaha,64.833187609,2582,aaqxopxxof8k6ao4qagu5yzo4,2026-10-05
Brage,Brage,IK Brage,64.832747058,2583,e45p1bhnnox3kdgzamrx63r4k,2026-10-05
Miami,Miami,Miami FC,64.8310959661,2584,cbkjk31sv9wm38ljg3vxhtus4,2026-10-05
Vimenor,Vimenor,CF Vimenor,64.8292609845,2585,1h4ygpz4oamwj3kksmzc15ams,2026-10-05
Ejea,Ejea,SD Ejea,64.826472121,2586,1h4ygpz4oamwj3kksmzc15ams,2026-10-05
Langreo,Langreo,Unión Popular de Langreo,64.8247290793,2587,1h4ygpz4oamwj3kksmzc15ams,2026-10-05
Saguntino,Saguntino,Atlético Saguntino,64.8229860359,2588,1h4ygpz4oamwj3kksmzc15ams,2026-10-05
Sol de Mayo,Sol de Mayo,Club Social y Deportivo Sol de Mayo,64.8194441668,2589,1q9caek968o8ubc43inhg6uxg,2026-10-05
Pianese,Pianese,US Pianese,64.8163624563,2590,5sw6ud25poqqgzszu5yk6p0r8,2026-10-05
Oliveira Hospital,Oliv. Hospital,FC Oliveira do Hospital,64.8163624563,2591,f0zodm68vgjezko34dv1zdyc4,2026-10-05
Jorge Newbery CR,Newbery CR,Club Atlético Jorge Newbery de Comodoro Rivadavia,64.8138664066,2592,bt89iqwmniyxhz06vrzhc3das,2026-10-05
Torres,Torres,ASD Torres,64.8027666145,2593,5sw6ud25poqqgzszu5yk6p0r8,2026-10-05
Yadah,Yadah,Yadah FC,64.8008457581,2594,9ld63jfw4ucicyezh2ggpha1g,2026-10-05
Angoulême,Angoulême,Angoulême Charente FC,64.789118382,2595,4puti0g0aurz6lctqhbonl2c4,2026-10-05
Aalen,Aalen,VfR Aalen 1921,64.7881248286,2596,cp9ieu0l4mgyazd7866sx8pw4,2026-10-05
Supra du Québec,Supra,FC Supra du Québec,64.7854278503,2597,bmqmrylzzfggzr15yas9dev4k,2026-10-05
Pécsi MFC,Pécsi,Pécsi Mecsek FC,64.7825469753,2598,2bunj0abqj9sw0w43ykismb6c,2026-10-05
Raja Beni Mellal,Raja BM,Raja de Beni Mellal,64.7733028417,2599,e66497iax4m4oq94h8qc9nllg,2026-10-05
Dnepr Mogilev,Dnepr,FC Dnepr Mogilev,64.7689508886,2600,2tml5a5shxx16bkg25p0hh8gk,2026-10-05
Ario Eslamshahr,Ario,FC Ario Eslamshahr,64.7612241036,2601,4kjg0qklfya45mq3pjthw09w4,2026-10-05
GC Mascara,Mascara,Ghali Club de Mascara,64.760403929,2602,flxkeved0q9tmclqafcpql1w,2026-10-05
ASFB,ASFB,ASFB Bobo Dioulasso,64.7546539742,2603,56y5sheadf58560v7uwkil9n8,2026-10-05
Municipal Jalapa,Jalapa,ART Municipal Jalapa,64.7545773908,2604,c0h34ymbtky0gg66xxiox8t1w,2026-10-05
BVSC Zugló,BVSC,Budapesti Vasutas Sport Club Zugló,64.7539602173,2605,cnv4lxtlbn15zo28rnoqs4kr8,2026-10-05
Trelleborg,Trelleborg,Trelleborgs FF,64.7536115956,2606,6y4xajtea36x0n0xrjr4vy3o4,2026-10-05
Dinamo Zagreb II,Dinamo Zagreb,GNK Dinamo Zagreb II,64.7532629738,2607,cuux8wgnrxz78zen0blqr5q1g,2026-10-05
Sportfreunde Siegen,SF Siegen,Sportfreunde Siegen von 1899,64.752914352,2608,cp9ieu0l4mgyazd7866sx8pw4,2026-10-05
Guijuelo,Guijuelo,CD Guijuelo,64.7522171082,2609,1h4ygpz4oamwj3kksmzc15ams,2026-10-05
Paysandú,Paysandú,Paysandú FC,64.7511154624,2610,6oy1dcqjggeoyx76gstf8zkes,2026-10-05
Kaya,Kaya,Kaya FC-Iloilo,64.7459930009,2611,c50ksp1w60e030qpuec4280es,2026-10-05
Dečić,Dečić,FK Dečić,64.745941902,2612,bp0tbsm945cofzlkbdgmd7dp0,2026-10-05
Pays de Grasse,Pays de Grasse,Racing Club Pays de Grasse,64.7458896085,2613,er1n8bxfo7q3075m90iafw1ec,2026-10-05
Sagrado Corazón,S. Corazón,CD Sagrado Corazón,64.7441430057,2614,6f3mt0vs7zxlbfevjpbqur4lw,2026-10-05
Young Buffaloes,Buffaloes,Young Buffaloes FC,64.7401861268,2615,8pf5znjqxa3ghoff6kevxy42c,2026-10-05
Arsenal,Arsenal,FK Arsenal Dzyarzhynsk,64.7396666749,2616,2tml5a5shxx16bkg25p0hh8gk,2026-10-05
Héroes de Falcón,Héroes,Héroes de Falcón FC,64.7295007623,2617,cnw5897zluol2jbo1zgeqj8yc,2026-10-05
St. Pauls United,St. Pauls,SL Horsford St. Pauls FC,64.729302157,2618,46z6xc333qod4qfckpehisphw,2026-10-05
Mbeya City,Mbeya City,Mbeya City FC,64.7278099262,2619,c5wdltkcr7ti6feuv6ej6kavo,2026-10-05
Unisport,Unisport,Unisport de Sokodé,64.7274612979,2620,d8hdusfvdmgo6ki7qtifb88wk,2026-10-05
Kafr Qasim,Kafr Qasim,MS Kafr Qasim,64.7194463557,2621,1mqfttramp7l8dfkpwk7w6wic,2026-10-05
Gyeongnam,Gyeongnam,Gyeongnam FC,64.7193208496,2622,aqzfod554aa202i8pjkt4ou1g,2026-10-05
CFFA,CFFA,Centre de Formation de Football Andoharanofotsy,64.7168281588,2623,citm4e83b4soxyy411ags2z8,2026-10-05
Beni Oulbane,NRBBO,NRB Beni Oulbane,64.7154313506,2624,flxkeved0q9tmclqafcpql1w,2026-10-05
Racing des Gônaïves,Gônaïves,Racing FC des Gônaïves,64.7153570573,2625,4vdnis45sxd05ictg09vgpous,2026-10-05
Cavaly,Cavaly,AS Cavaly,64.7136139123,2626,4vdnis45sxd05ictg09vgpous,2026-10-05
Tivoli Gardens,Tivoli Gardens,Tivoli Gardens FC,64.7120450787,2627,3b44u42lrrjhxh5ket3d32z9w,2026-10-05
Balzan,Balzan,Balzan FC,64.7110792633,2628,3jedmdrdnamejeki9uh7jrs44,2026-10-05
Atenas,Atenas,Atenas FC,64.7106748529,2629,6f3mt0vs7zxlbfevjpbqur4lw,2026-10-05
Encarnación,Encarnación,Encarnación FC,64.7057940307,2630,8vh8k7j5o8k9gynwf0ntfr578,2026-10-05
ASKO,ASKO,AS Korofina,64.7025343334,2631,2fvr17f4zzd5uci32usqi0ro4,2026-10-05
HFX Wanderers,Wanderers,HFX Wanderers FC,64.7021068214,2632,bmqmrylzzfggzr15yas9dev4k,2026-10-05
Mouloudia Oujda,MC Oujda,Mouloudia Club d'Oujda,64.7018347774,2633,e66497iax4m4oq94h8qc9nllg,2026-10-05
Norrby,Norrby,Norrby IF,64.6790050631,2634,e45p1bhnnox3kdgzamrx63r4k,2026-10-05
Fortune,Fortune,Fortune FC,64.6748179466,2635,64nsmt5p5xncpk6dxcipjou8k,2026-10-05
Universitario de Sucre,Universitario,CD Universitario San Francisco Xavier,64.6724995116,2636,9q5nb2oto8bvh3nkzt5d8kv10,2026-10-05
Team,Team,Team FC,64.6680172315,2637,c8yhc9482s3xm3dplmzcg8wes,2026-10-05
Dodoma Jiji,Dodoma Jiji,Dodoma Jiji FC,64.6678452062,2638,c5wdltkcr7ti6feuv6ej6kavo,2026-10-05
Hessen Kassel,Kassel,KSV Hessen Kassel,64.6657568636,2639,cp9ieu0l4mgyazd7866sx8pw4,2026-10-05
Ethiopian Medhin,Medhin,Ethiopian Insurance Corporation,64.6655767665,2640,yfk6117shr401b5om4u5nehg,2026-10-05
Caguas Sporting,Caguas Sport.,Caguas Sporting FC,64.6611444898,2641,9ij31b9nteu7u821uzpr04k4,2026-10-05
Bolívar,Bolívar,Bolívar SC,64.6587283071,2642,5l0o7aj8bf50pay409j5x0j6c,2026-10-05
WA Tlemcen,WA Tlemcen,WA Tlemcen,64.6540716741,2643,flxkeved0q9tmclqafcpql1w,2026-10-05
Shenzhen Peng City,Peng City,Shenzhen Peng City FC,64.6485480099,2644,e6818x4pwankpph8awr91m1hw,2026-10-05
Hammam-Sousse,ESHS,Espoir Sportif de Hammam-Sousse,64.6432637956,2645,2cdwuc8jbyg41icy3ah21d2c4,2026-10-05
Agouado,Agouado,ASC Agouado,64.6386571445,2646,8ptl1wrxicnblij9u19k2p4pg,2026-10-05
Adiaké,Adiaké,OFC Adiaké,64.6308892466,2647,zy02tnhmoub4rmqkhbjc05xw,2026-10-05
TOP Oss,TOP,TOP Oss,64.6288008646,2648,7bdyxkrzt42tv7377rpz5nqc4,2026-10-05
Pirata,Pirata,Pirata FC,64.6242126916,2649,4wjv3pabgbhm9is93zhe6zf9w,2026-10-05
Royal Leopards,Leopards,Royal Leopards FC,64.6223474374,2650,8pf5znjqxa3ghoff6kevxy42c,2026-10-05
Pigotts Bullets,Pigotts,Pigotts Bullets FC,64.6144262919,2651,eutz7cztklmm0kuh8bthrfxg4,2026-10-05
Al Ahli,Ahli,Al Ahli Club (Manama),64.6130546178,2652,3dsgnubzzf96l31ocjo3kial0,2026-10-05
Canon,Canon,Canon de Yaoundé,64.6111884341,2653,cqmw3la51kme1j36rsfej2p04,2026-10-05
Geita Gold,Geita Gold,Geita Gold FC,64.6099704584,2654,c5wdltkcr7ti6feuv6ej6kavo,2026-10-05
Al Shomooa,Al Shomooa,Al Shomooa SC,64.608401538,2655,68kgxuk3dkg7p955ifkisgc9g,2026-10-05
Vire,Vire,AF Virois,64.6083004299,2656,bzf5qx9yamvvlrgfqfs6ozl78,2026-10-05
Buffles,Buffles,Buffles de Borgou FC,64.6017772019,2657,t5yilsv0ffm6kb8mz07ywiz8,2026-10-05
Gomido,Gomido,Gomido FC,64.6012542252,2658,d8hdusfvdmgo6ki7qtifb88wk,2026-10-05
Kokand-1912,Kokand,FK Qo'qon 1912,64.6005032523,2659,30hnhs47crryfhtm1523ygzkk,2026-10-05
Bihor Oradea,Bihor,FC Bihor Oradea,64.5995144605,2660,2iz4hkjsj1fadp09drcb6hhqs,2026-10-05
Universidad O&M,O&M,Universidad Organización y Métodos,64.5973424789,2661,cokma0jt05z41cexn5ea0mxg,2026-10-05
Dordrecht,Dordrecht,FC Dordrecht,64.5960279533,2662,7bdyxkrzt42tv7377rpz5nqc4,2026-10-05
Damascus Al Ahli,Al Ahli,Damascus Al Ahli Club,64.5951014597,2663,epf0rlgn33w37t43qiocvx4wk,2026-10-05
Tai Po,Wofoo,Tai Po FC,64.5812590367,2664,1eg1537in5v5szf108lk9s2s4,2026-10-05
Kustošija,Kustošija,NK Kustošija,64.5775493566,2665,cuux8wgnrxz78zen0blqr5q1g,2026-10-05
Bhayangkara,Bhayangkara,Bhayangkara Presisi Lampung FC,64.5613856646,2666,2t0yn5r2hq16whtb16f4i7nro,2026-10-05
Ashanti GB,Ashanti,AS Ashanti Golden Boys,64.561333366,2667,1odzlx97lfuimst69uxvbn310,2026-10-05
Boxing Club,Boxing Club,Asociación Atlética Boxing Club,64.5604094234,2668,bt89iqwmniyxhz06vrzhc3das,2026-10-05
Al Jaish,Jaish,Al Jaish SC,64.560236013,2669,epf0rlgn33w37t43qiocvx4wk,2026-10-05
Zweigen Kanazawa,Zweigen,Ishikawa FC Zweigen Kanazawa,64.5598167052,2670,d7a4tg9b5xoanhbupsxsbi238,2026-10-05
San Antonio Unido,SA Unido,CSD San Antonio Unido,64.5537849156,2671,1vt857quawnm0trdnurecgydw,2026-10-05
Shirak,Shirak,Shirak FC,64.552794724,2672,847iyp5po72cef4cdwd8c0ems,2026-10-05
Caldas,Caldas,Caldas SC,64.5493081297,2673,eoix5zq4par8gwml3bhkkyihg,2026-10-05
Olympique d'Alès,Alès,Olympique d'Alès en Cévennes,64.5455426006,2674,bzf5qx9yamvvlrgfqfs6ozl78,2026-10-05
Al Ahli Wad Medani,Ahli Medani,Al Ahli SC Wad Medani,64.5390168602,2675,815s3vrb2yqcmcbnptxrl6yok,2026-10-05
Ethnikos Achna,Ethnikos Achna,Ethnikos Achna FC,64.5385868115,2676,8ejoxvm5ho0ybtj08tnwxm8lw,2026-10-05
Semassi,Semassi,AC Semassi FC,64.5336148883,2677,d8hdusfvdmgo6ki7qtifb88wk,2026-10-05
Santiago Morning,Morning,CD Santiago Morning,64.5258919939,2678,1wi9d67mmituunqd3csuv0fmc,2026-10-05
Renate,Renate,AC Renate,64.525599116,2679,5sw6ud25poqqgzszu5yk6p0r8,2026-10-05
Wolaitta Dicha,Dicha,Wolaitta Dicha SC,64.5250703411,2680,yfk6117shr401b5om4u5nehg,2026-10-05
Borac Čačak,Borac,FK Borac Čačak,64.5200204808,2681,38qhp7f77q817kvnksk95ucyc,2026-10-05
Africando,Africando,Africando FC,64.5189186984,2682,6f3mt0vs7zxlbfevjpbqur4lw,2026-10-05
Bragança,Bragança,GD Bragança,64.5116524968,2683,f0zodm68vgjezko34dv1zdyc4,2026-10-05
Oyonesa,Oyonesa,SD Oyonesa,64.5116524968,2684,1h4ygpz4oamwj3kksmzc15ams,2026-10-05
Connah's Quay,Connah's Quay,Connah's Quay Nomads FC,64.5109551632,2685,5a72rnkyvdjffzei7qqokyot0,2026-10-05
FK Sibir,FK Sibir,FK Sibir,64.509560495,2686,au1o7s1tazgfz249l77vlak9g,2026-10-05
Ciudad de Yantzaza,Yantzaza,CD Ciudad de Yantzaza,64.5070640364,2687,6f3mt0vs7zxlbfevjpbqur4lw,2026-10-05
EF Ouagadougou,Étoile Filante,Étoile Filante de Ouagadougou,64.500142971,2688,56y5sheadf58560v7uwkil9n8,2026-10-05
B36,B36,B36 Tórshavn,64.4956137561,2689,9cmufoxqnsf2h6xwos1z1j6s4,2026-10-05
Picerno,Picerno,AZ Picerno,64.4945677465,2690,5sw6ud25poqqgzszu5yk6p0r8,2026-10-05
Wacker Burghausen,Burghausen,SV Wacker Burghausen,64.4945677465,2691,cp9ieu0l4mgyazd7866sx8pw4,2026-10-05
Olympique Béja,Olympique Béja,Olympique de Béja,64.4943876329,2692,2cdwuc8jbyg41icy3ah21d2c4,2026-10-05
Carlisle United,Carlisle,Carlisle United FC,64.4914122806,2693,7jeqt00dn1903yv3hr8r63g2c,2026-10-05
AH Zapla,Zapla,Asociación Cultural y Deportiva Altos Hornos Zapla,64.4906765856,2694,bt89iqwmniyxhz06vrzhc3das,2026-10-05
Rodina Moskva II,Rodina II,FK Rodina Moskva II,64.4889890187,2695,au1o7s1tazgfz249l77vlak9g,2026-10-05
Las Palmas III,Las Palmas III,UD Las Palmas III,64.4809695682,2696,1h4ygpz4oamwj3kksmzc15ams,2026-10-05
Toulon,Toulon,SC Toulon,64.4805685948,2697,4puti0g0aurz6lctqhbonl2c4,2026-10-05
Roasso Kumamoto,Kumamoto,Roasso Kumamoto,64.4799723646,2698,d7a4tg9b5xoanhbupsxsbi238,2026-10-05
Vilanculo,Vilankulo,AD Vilanculo,64.4713775629,2699,12paa0nrmm7b6c9bt3b9rsx78,2026-10-05
Juventud Cautivo,Juv. Cautivo,CD Juventud Cautivo,64.4696167568,2700,a9cov1ehhclrmqc4wgh59p2j8,2026-10-05
Las Vegas Lights,LV Lights,Las Vegas Lights FC,64.462581796,2701,cbkjk31sv9wm38ljg3vxhtus4,2026-10-05
Ethiopia Bunna,Ethiopia Bunna,Ye Ethiopia Bunna SC (Ethiopian Coffee),64.4598689836,2702,yfk6117shr401b5om4u5nehg,2026-10-05
Sligo Rovers,Sligo,Sligo Rovers FC,64.4572596871,2703,6zkfyunc0lfteytfj6slonuhg,2026-10-05
Levanger,Levanger,Levanger FK,64.4569110102,2704,eyebcttojdlxx2xxue3awhmvo,2026-10-05
Arema,Arema,Arema FC,64.4560881323,2705,2t0yn5r2hq16whtb16f4i7nro,2026-10-05
CSM Reşiţa,Reşiţa,Clubul Sportiv Muncitoresc Reşiţa,64.4509834917,2706,2iz4hkjsj1fadp09drcb6hhqs,2026-10-05
Știința Poli Timişoara,Știința Poli,ACS Știința Poli Timișoara,64.4495887788,2707,2iz4hkjsj1fadp09drcb6hhqs,2026-10-05
Fassell,Fassell,FC Fassell,64.4495852937,2708,6x5fs0vog8z4mtp0f4ankjfo4,2026-10-05
Lamphun Warriors,Lamphun,Lamphun Warriors FC,64.4470225042,2709,2y9xq2tx9nthjl37uqgtoc2z8,2026-10-05
Oakland Roots,Roots,Oakland Roots SC,64.4468913127,2710,cbkjk31sv9wm38ljg3vxhtus4,2026-10-05
Baños Ciudad de Fuego,Baños CDF,Club Deportivo Especializado Baños Ciudad de Fuego,64.4436054484,2711,6f3mt0vs7zxlbfevjpbqur4lw,2026-10-05
Hammam-Lif,Hammam-Lif,CS Hammam-Lif,64.4427837594,2712,2cdwuc8jbyg41icy3ah21d2c4,2026-10-05
Zhetysu,Zhetysu,FK Zhetysu Taldykorgan,64.4398257589,2713,5dlquxczyamt372efk9kgws2c,2026-10-05
El Dakhleya,El Dakhleya,El Dakhleya SC,64.4323233409,2714,c8yhc9482s3xm3dplmzcg8wes,2026-10-05
Sagamihara,Sagamihara,SC Sagamihara,64.4294141393,2715,d7a4tg9b5xoanhbupsxsbi238,2026-10-05
Vancouver FC,Vancouver,Vancouver FC,64.4291086055,2716,bmqmrylzzfggzr15yas9dev4k,2026-10-05
Imst,Imst,SC Imst,64.4276219123,2717,8h4bz8mec7n5utisq4xhw6lg4,2026-10-05
Niki Volos,Niki,Niki Volou FC,64.4217466033,2718,2ucolfpd3bp9magtvueu1udw,2026-10-05
Inter de Limeira,Inter Limeira,AA Internacional de Limeira,64.4073424294,2719,kis8d8dd780usq5xloolkaac,2026-10-05
Negele Arsi Ketema,Negele Arsi,Negele Arsi Ketema FC,64.4068694108,2720,yfk6117shr401b5om4u5nehg,2026-10-05
Juventus II,Juventus NG,Juventus Next Gen,64.3993784181,2721,5sw6ud25poqqgzszu5yk6p0r8,2026-10-05
Wuhan Three Towns,Three Towns,Wuhan Three Towns FC,64.3964633862,2722,e6818x4pwankpph8awr91m1hw,2026-10-05
Schweinfurt,Schweinfurt,1. FC Schweinfurt 1905,64.3917072718,2723,cp9ieu0l4mgyazd7866sx8pw4,2026-10-05
Ferroviário Nampula,Ferro Nampula,Clube Ferroviário de Nampula,64.3904833723,2724,12paa0nrmm7b6c9bt3b9rsx78,2026-10-05
América des Cayes,América Cayes,América des Cayes,64.390406774,2725,bva0t7rr4t5eq0llsgztfzx90,2026-10-05
Sandhausen,Sandhausen,SV Sandhausen,64.3896151355,2726,cp9ieu0l4mgyazd7866sx8pw4,2026-10-05
Achuapa,Achuapa,Deportivo Achuapa,64.389009722,2727,9krteg77umv3opxgpwp51d6ac,2026-10-05
Hapoel Kfar Saba,H Kfar Saba,Hapoel Kfar Saba FC,64.3885690664,2728,1mqfttramp7l8dfkpwk7w6wic,2026-10-05
MO Constantine,MO Constantine,Mouloudia Olympic of Constantine,64.3883889426,2729,flxkeved0q9tmclqafcpql1w,2026-10-05
Juventud Copalera,Copalera,Juventud Copalera San Ildefonso Ixtahuacán,64.3879636526,2730,9krteg77umv3opxgpwp51d6ac,2026-10-05
Defensor Jose María Arg.,Defensor JMA,CD Defensor Jose María Arguedas,64.3869790404,2731,61r1c8nb0n4p1lgy9oeaimpsk,2026-10-05
Karlovac 1919,Karlovac,NK Karlovac 1919,64.3864769266,2732,cuux8wgnrxz78zen0blqr5q1g,2026-10-05
Quiché,Quiché,Deportivo Quiché FC,64.3862202023,2733,9krteg77umv3opxgpwp51d6ac,2026-10-05
Tiaret,Tiaret,JSM Tiaret,64.3821125155,2734,flxkeved0q9tmclqafcpql1w,2026-10-05
Sintrense,Sintrense,Sport União Sintrense,64.3774109603,2735,f0zodm68vgjezko34dv1zdyc4,2026-10-05
Homeboyz,Homeboyz,Kakamega Homeboyz FC,64.3713030637,2736,6of7eu9uyvb2ljqldumlr92xg,2026-10-05
US Boujaad,Boujaad,US Boujaad,64.3713030637,2737,e66497iax4m4oq94h8qc9nllg,2026-10-05
Salitas,Salitas,Salimata et Taséré FC,64.3676440756,2738,56y5sheadf58560v7uwkil9n8,2026-10-05
Sidi M’hamed Benali,IRBSBM,IRB Sidi M’hamed Benali,64.3646778848,2739,1k0vq1es77s4mspo83z1m1wr8,2026-10-05
Spaeri,Spaeri,Spaeri FC,64.3606736757,2740,dmtc6z8cwdmdocaz02qc5p0yc,2026-10-05
Fard Alborz,Fard,FC Fard Alborz,64.3602678143,2741,4kjg0qklfya45mq3pjthw09w4,2026-10-05
La Linguère,Linguère,ASC La Linguère de Saint-Louis,64.3571832356,2742,1bt3oe8dwu7lmuy50kex4bkt0,2026-10-05
Kedus Giorgis,Kedus Giorgis,Saint George FC,64.3482891833,2743,yfk6117shr401b5om4u5nehg,2026-10-05
Maccabi Kabilio Jaffa,M Jaffa,Maccabi Kabilio Jaffa FC,64.3470745214,2744,1mqfttramp7l8dfkpwk7w6wic,2026-10-05
Tanta,Tanta,Tanta SC,64.3430587163,2745,c8yhc9482s3xm3dplmzcg8wes,2026-10-05
IRB Nezla,IRB,Ittihad Riadhi Baladiat Nezla,64.3395717301,2746,f3gc7cbkbeww4ue7d2gn8a149,2026-10-05
Plaza Amador II,Pl. Amador II,CD Plaza Amador II,64.33879773,2747,5vfsgxr7re4yxafib5pgasopg,2026-10-05
Pogradeci,Pogradeci,KS Pogradeci,64.3362648664,2748,ixep4ur6emnedzdu16lpw9p0,2026-10-05
Mumbai City,Mumbai,Mumbai City FC,64.3358589996,2749,d70h9cciplfhf01fn96gpcw0k,2026-10-05
Naft Bandar Abbas,Naft BA,Palayesh Naft Bandar Abbas FC,64.3351616002,2750,4kjg0qklfya45mq3pjthw09w4,2026-10-05
Sisaket United,Sisaket Utd,Sisaket United FC,64.3305601328,2751,2y9xq2tx9nthjl37uqgtoc2z8,2026-10-05
Dinamo Kirov,Dinamo Kr,FK Dinamo Kirov,64.3254551486,2752,au1o7s1tazgfz249l77vlak9g,2026-10-05
Sarmiento Resistencia,S Resistencia,CA Sarmiento de Resistencia,64.3229584436,2753,1q9caek968o8ubc43inhg6uxg,2026-10-05
Mes Kerman,Mes Kerman,Sanat Mes Kerman FC,64.3219109619,2754,4kjg0qklfya45mq3pjthw09w4,2026-10-05
RCK,RCK,Rail Club de Kadiogo,64.3216159402,2755,56y5sheadf58560v7uwkil9n8,2026-10-05
Tromsdalen,TUIL,Tromsdalen UIL,64.3188298067,2756,eyebcttojdlxx2xxue3awhmvo,2026-10-05
Talleres Remedios,Talleres,CA Talleres Remedios de Escalada,64.3159843895,2757,epr9s9zih7yd5dygat10o64us,2026-10-05
UD Santa Marta,Santa Marta,UD Santa Marta de Tormes,64.3156914786,2758,1h4ygpz4oamwj3kksmzc15ams,2026-10-05
Podhale Nowy Targ,Podhale NT,NKP Podhale Nowy Targ,64.3149940717,2759,1f9k5nej63ck6nqpw0q5uml1w,2026-10-05
Valle Sagrado,Valle Sagrado,Valle Sagrado FC,64.31061435,2760,a9cov1ehhclrmqc4wgh59p2j8,2026-10-05
Academy Eagles,Academy Eagles,Academy Eagles FC,64.3068937841,2761,9ia2wmzw59xkae8tdpphoxogk,2026-10-05
La Luz,La Luz,La Luz FC,64.3062206699,2762,6oy1dcqjggeoyx76gstf8zkes,2026-10-05
Islanders,Islanders,Islanders FC,64.3041041415,2763,6ai1o32comsvohaqi346lvx1w,2026-10-05
Metaloglobus,Metaloglobus,FC Metaloglobus Bucureşti,64.2999997589,2764,2iz4hkjsj1fadp09drcb6hhqs,2026-10-05
Java United,Java Utd,Java United FC,64.2942949143,2765,2t0yn5r2hq16whtb16f4i7nro,2026-10-05
Cornellà,Cornellà,UE Cornellà,64.2902359555,2766,1h4ygpz4oamwj3kksmzc15ams,2026-10-05
Tekstilshchik,Tekstilshchik,FK Tekstilshchik Ivanovo,64.289538539,2767,ewtzgv48te3m77r86sxunl3x0,2026-10-05
Triangle United,Triangle,Triangle United FC,64.2890119894,2768,8ea4fh0n7w704hsj43vlxw4yc,2026-10-05
Sotra,Sotra,Sotra SK,64.28221565,2769,eyebcttojdlxx2xxue3awhmvo,2026-10-05
Ipala,Ipala,CSD Ipala,64.2795179417,2770,e28lffq4n2gy2xccrcyfl2kno,2026-10-05
Namungo,Namungo,Namungo FC,64.2773302227,2771,c5wdltkcr7ti6feuv6ej6kavo,2026-10-05
Ajka,Ajka,FC Ajka,64.2714056184,2772,cnv4lxtlbn15zo28rnoqs4kr8,2026-10-05
COSFA,COSFA,COSFA Antananarivo,64.2628586766,2773,citm4e83b4soxyy411ags2z8,2026-10-05
Badalona,Badalona,CF Badalona,64.2595493825,2774,1h4ygpz4oamwj3kksmzc15ams,2026-10-05
Ureña,Ureña,Ureña SC,64.2511244349,2775,5l0o7aj8bf50pay409j5x0j6c,2026-10-05
Châteauroux,Châteauroux,La Berrichonne Châteauroux,64.2462458985,2776,4puti0g0aurz6lctqhbonl2c4,2026-10-05
Atlético Balboa,Atl. Balboa,CD Atlético Balboa,64.2451719632,2777,30t9l739hkqomjqhti9lxg5qs,2026-10-05
Green Mamba,Mamba,Green Mamba FC,64.2380998667,2778,8pf5znjqxa3ghoff6kevxy42c,2026-10-05
Birmingham Legion,Legion,Birmingham Legion FC,64.234882502,2779,cbkjk31sv9wm38ljg3vxhtus4,2026-10-05
Épila,Épila,AD CF Épila,64.2302571817,2780,1h4ygpz4oamwj3kksmzc15ams,2026-10-05
Havadar,Havadar,Havadar SC,64.2298512917,2781,4kjg0qklfya45mq3pjthw09w4,2026-10-05
Ventforet Kofu,Ventforet,Ventforet Kofu,64.2297829232,2782,4zxaepel6gk1jzqf5di3m6iok,2026-10-05
Haguenau,Haguenau,FCSR Haguenau,64.2295074347,2783,4puti0g0aurz6lctqhbonl2c4,2026-10-05
22 de Julio,22 de Julio,22 de Julio FC,64.2295039475,2784,2tnmtnib22zkesr45sr0p8xsk,2026-10-05
Marko,Marko,FC Marko,64.229263331,2785,2ucolfpd3bp9magtvueu1udw,2026-10-05
Walter Ferretti,Walter Ferr.,CD Walter Ferretti,64.2284334916,2786,c0h34ymbtky0gg66xxiox8t1w,2026-10-05
Công An Hồ Chí Minh,Công An HCM,Công An TP Hồ Chí Minh FC,64.221413636,2787,cld1l7cgrsr3bij22f2ytqiok,2026-10-05
Shabab Al Ordon,Shabab Ordon,Shabab Al Ordon Al Quadisiya,64.2172973474,2788,espg5w80i6jk5f0n0b3buusk4,2026-10-05
Express,Express,Express Sports Club,64.2168279482,2789,d43v3lpfbbegmsubl20bdpct0,2026-10-05
Escobedo,Escobedo,Unión Montañesa Escobedo,64.2159596303,2790,1h4ygpz4oamwj3kksmzc15ams,2026-10-05
Beltinci,Beltinci,ND Beltinci,64.2145647414,2791,sb5fgqugrkxqc8jsc698x5hw,2026-10-05
Loudoun United,Loudoun Utd,Loudoun United FC,64.2143079934,2792,cbkjk31sv9wm38ljg3vxhtus4,2026-10-05
Sorrento,Sorrento,Sorrento Calcio,64.2058466617,2793,5sw6ud25poqqgzszu5yk6p0r8,2026-10-05
Matagalpa,Matagalpa,Indígenas de Matagalpa FC,64.2026280498,2794,c0h34ymbtky0gg66xxiox8t1w,2026-10-05
Hobro,Hobro,Hobro IK,64.2020106938,2795,2mb332vncy4450vu14paj8844,2026-10-05
Sancor,Sancor,SA Sancor,64.1897494921,2796,51fmboanx3f6tr3jlow8054ic,2026-10-05
Karcag,Karcag,Karcagi SE,64.1877129251,2797,cnv4lxtlbn15zo28rnoqs4kr8,2026-10-05
Hapoel Afula,Hapoel Afula,Hapoel Afula FC,64.1859692873,2798,1mqfttramp7l8dfkpwk7w6wic,2026-10-05
Grosseto,Grosseto,SSD FC Grosseto,64.1762048851,2799,5sw6ud25poqqgzszu5yk6p0r8,2026-10-05
Tacuarembó,Tacuarembó,Tacuarembó FC,64.1761490884,2800,6oy1dcqjggeoyx76gstf8zkes,2026-10-05
Club Patria,Patria,Club Patria de Los Ríos,64.1691744838,2801,6f3mt0vs7zxlbfevjpbqur4lw,2026-10-05
Barracuda,Barracuda,AC Barracuda,64.162600895,2802,d8hdusfvdmgo6ki7qtifb88wk,2026-10-05
Dinan Léhon,Dinan Léhon,Dinan Léhon FC,64.1594134806,2803,4puti0g0aurz6lctqhbonl2c4,2026-10-05
Helmond Sport,Helmond,Helmond Sport,64.15702466,2804,7bdyxkrzt42tv7377rpz5nqc4,2026-10-05
Mutilvera,Mutilvera,UD Mutilvera,64.1552809933,2805,1h4ygpz4oamwj3kksmzc15ams,2026-10-05
Jaraíz,Jaraíz,CF Jaraíz,64.1542347926,2806,1h4ygpz4oamwj3kksmzc15ams,2026-10-05
Racing d'Abidjan,RC Abidjan,Racing Club d'Abidjan,64.1538825715,2807,2x67tvk4kdanna2zej4ui0bv8,2026-10-05
TelOne,TelOne,TelOne FC,64.1505695979,2808,8ea4fh0n7w704hsj43vlxw4yc,2026-10-05
ASA,ASA,ASA FC,64.1460186086,2809,a9cov1ehhclrmqc4wgh59p2j8,2026-10-05
Roeselare,Roeselare,SK Roeselare,64.1437727524,2810,6t5gnnzhfwzumtn1olpzzhlhw,2026-10-05
Voorwaarts,Voorwaarts,Voorwaarts,64.1431975617,2811,2iliu0oyb0iehjz6cxu2y9t78,2026-10-05
Bezana,Bezana,CD Bezana,64.1395879198,2812,1h4ygpz4oamwj3kksmzc15ams,2026-10-05
Harrogate Town,Harrogate,Harrogate Town FC,64.1385242733,2813,7jeqt00dn1903yv3hr8r63g2c,2026-10-05
Loznica,Loznica,FK Loznica,64.1371467631,2814,38qhp7f77q817kvnksk95ucyc,2026-10-05
RWDM Brussels,RWDM,RWDM Brussels,64.1371467631,2815,6t5gnnzhfwzumtn1olpzzhlhw,2026-10-05
Yongin,Yongin,Yongin Football Centre,64.1366724808,2816,aqzfod554aa202i8pjkt4ou1g,2026-10-05
Colchagua,Colchagua,Colchagua Club de Deportes,64.1248851332,2817,1wi9d67mmituunqd3csuv0fmc,2026-10-05
Figueirense,Figueirense,Figueirense FC,64.1238389153,2818,kis8d8dd780usq5xloolkaac,2026-10-05
Chongqing Tonglianglong,Tonglianglong,Chongqing Tonglianglong FC,64.1227229489,2819,e6818x4pwankpph8awr91m1hw,2026-10-05
Cayón,Cayón,CD Cayón,64.1214535362,2820,1h4ygpz4oamwj3kksmzc15ams,2026-10-05
KAC Kénitra,Kénitra,Kénitra Athlétic Club,64.1205759066,2821,e66497iax4m4oq94h8qc9nllg,2026-10-05
Hrvace,Hrvace,NK Hrvace,64.1186636154,2822,cuux8wgnrxz78zen0blqr5q1g,2026-10-05
Larissa,Larissa,AE Larissa,64.118367186,2823,13prgjp0qzce661j00a3jy3o4,2026-10-05
Olympique Sport d'Abobo,OSA,Olympique Sport d'Abobo FC,64.1183113876,2824,2x67tvk4kdanna2zej4ui0bv8,2026-10-05
Real de Banjul,Real Banjul,Real de Banjul FC,64.1162189455,2825,64nsmt5p5xncpk6dxcipjou8k,2026-10-05
Gendrim,Gendrim,ASC Gendrim,64.1132523519,2826,dp0cjg7hm16o0ay8b1amdexhw,2026-10-05
Al Sailiya,Sailiya,Al Sailiya SC,64.1109341372,2827,b0n3k3rsxrgrfimue4kkxqmms,2026-10-05
Alcione Milano,Alcione,Alcione Milano SS,64.1095963435,2828,5sw6ud25poqqgzszu5yk6p0r8,2026-10-05
Bikita Minerals,Bikita,Bikita Minerals FC,64.104187346,2829,9ld63jfw4ucicyezh2ggpha1g,2026-10-05
Eindhoven,Eindhoven,FC Eindhoven,64.1026214889,2830,7bdyxkrzt42tv7377rpz5nqc4,2026-10-05
Deportes Rengo,Rengo,Club Deportes Rengo Unido,64.1011707158,2831,1wi9d67mmituunqd3csuv0fmc,2026-10-05
Reggina,Reggina,AS Reggina 1914 ASD,64.0984365635,2832,cvnhrujf5s3lefro06hwoncb8,2026-10-05
Ahal,Ahal,Ahal FC,64.0910580391,2833,8xedf9bqe7yehjmxy13vcql90,2026-10-05
FC Bacău,FC Bacău,ACS Fotbal Club Bacău,64.0890204469,2834,2iz4hkjsj1fadp09drcb6hhqs,2026-10-05
Otrant-Olympic,Otrant-Olympic,FK Otrant-Olympic KF,64.0876254626,2835,bp0tbsm945cofzlkbdgmd7dp0,2026-10-05
Örebro,Örebro,Örebro SK,64.0858817307,2836,e45p1bhnnox3kdgzamrx63r4k,2026-10-05
Mineros de Guayana,Mineros,AC Mineros de Guayana,64.0840821978,2837,5l0o7aj8bf50pay409j5x0j6c,2026-10-05
Treviso,Treviso,Treviso FBC 1993,64.0837892504,2838,5sw6ud25poqqgzszu5yk6p0r8,2026-10-05
Cashmere Technical,Cashmere,Cashmere Technical,64.0802634156,2839,5covk71othb712xpvk7qwlul0,2026-10-05
RCC Kamsar,RCC Kamsar,Renaissance Caïman Club de Kamsar,64.0776826816,2840,1odzlx97lfuimst69uxvbn310,2026-10-05
Athens Kallithea,Kallithea,PAE Athens Kallithea,64.0726816274,2841,2ucolfpd3bp9magtvueu1udw,2026-10-05
Sportivo Italiano,Italiano,Club Sportivo Italiano,64.0697835208,2842,epr9s9zih7yd5dygat10o64us,2026-10-05
Knokke,Knokke,Royal Knokke FC,64.0632130675,2843,6t5gnnzhfwzumtn1olpzzhlhw,2026-10-05
LDU de El Carmin,LDU Carmin,LDU de El Carmin,64.0617622636,2844,51fmboanx3f6tr3jlow8054ic,2026-10-05
Maroons,Maroons,Maroons FC,64.0602451958,2845,d43v3lpfbbegmsubl20bdpct0,2026-10-05
Tira,Tira,MS Tira,64.0597255562,2846,vb6kze8rzj979awz12g26vbo,2026-10-05
Karib,Karib,ASC Karib,64.0559835627,2847,eikxh7g9o4a9phaxgqtsryh3o,2026-10-05
Vega Real,Vega Real,Atlético Vega Real FC,64.0495316348,2848,cokma0jt05z41cexn5ea0mxg,2026-10-05
Ypiranga RS,Ypiranga,Ypiranga FC,64.0429296101,2849,kis8d8dd780usq5xloolkaac,2026-10-05
Beyoğlu Yeni Çarşı,Yeni Çarşı,Beyoğlu Yeni Çarşı SFAŞ,64.0426366562,2850,9iurl7j8nsnscnb6u5uaicj6c,2026-10-05
Liaoning Tieren,Tieren,Liaoning Tieren FC,64.0397210649,2851,e6818x4pwankpph8awr91m1hw,2026-10-05
Derio,Derio,CD Derio,64.0377540844,2852,1h4ygpz4oamwj3kksmzc15ams,2026-10-05
Latina,Latina,US Latina,64.0360103056,2853,5sw6ud25poqqgzszu5yk6p0r8,2026-10-05
Hertha Wels,Hertha Wels,FC Hertha Wels,64.0360103056,2854,bbsieeq7vmacbhd5d5hvgu978,2026-10-05
Grama,Grama,FE Grama,64.0356615497,2855,1h4ygpz4oamwj3kksmzc15ams,2026-10-05
Njardvík,Njardvík,UMF Njardvík,64.0330284402,2856,a5uti9g06jek0b3rv3zavb578,2026-10-05
Orange County SC,Orange County,Orange County SC,64.0315684567,2857,cbkjk31sv9wm38ljg3vxhtus4,2026-10-05
Caxias do Sul,Caxias,Sociedade Esportiva e Recreativa Caxias do Sul,64.0293281303,2858,kis8d8dd780usq5xloolkaac,2026-10-05
Fylkir,Fylkir,Fylkir FC,64.0222169578,2859,a5uti9g06jek0b3rv3zavb578,2026-10-05
Città di Teramo,Teramo,SS Città di Teramo 1913,64.0122947516,2860,cvnhrujf5s3lefro06hwoncb8,2026-10-05
Colonia Moscardó,Moscardó,CD Colonia Moscardó,64.0067145771,2861,1h4ygpz4oamwj3kksmzc15ams,2026-10-05
Torrent,Torrent,Torrent CF,64.0046220074,2862,1h4ygpz4oamwj3kksmzc15ams,2026-10-05
Al Fahaheel,Fahaheel,Al Fahaheel FC,64.0042160681,2863,evaw3m63xloe8o87vqybzjsic,2026-10-05
Afrique Football Élite,AFE,Afrique Football Élite,64.0037466167,2864,2fvr17f4zzd5uci32usqi0ro4,2026-10-05
Al Wehda,Wehda,Al Wehda FC,64.00282102,2865,3lxygsgllro9oeey1m5ndpct0,2026-10-05
Jeonnam Dragons,Dragons,Jeonnam Dragons FC,63.9891508682,2866,aqzfod554aa202i8pjkt4ou1g,2026-10-05
Villanovense,Villanovense,CF Villanovense,63.9833474139,2867,1h4ygpz4oamwj3kksmzc15ams,2026-10-05
Politehnica Iași,Iaşi,ACSM Politehnica Iași,63.9819523501,2868,t1itn8f3prux7a9rz52qtlw4,2026-10-05
Lumezzane,Lumezzane,FC Lumezzane,63.9819523501,2869,5sw6ud25poqqgzszu5yk6p0r8,2026-10-05
Bahardar,Bahardar,Bahardar FC,63.9800283553,2870,yfk6117shr401b5om4u5nehg,2026-10-05
Ferroviário Nacala,Ferro Nacala,Clube Ferroviário de Nacala,63.973752841,2871,12paa0nrmm7b6c9bt3b9rsx78,2026-10-05
Wakirya,Wakirya,Wakirya Athletic Club,63.9692188562,2872,1odzlx97lfuimst69uxvbn310,2026-10-05
Luanda,Luanda,FC Luanda,63.9678237817,2873,ofi6heevfqlhgto3devky0b8,2026-10-05
Molynes United,Molynes Utd,Molynes United FC,63.965828935,2874,3b44u42lrrjhxh5ket3d32z9w,2026-10-05
Sporting Covilhã,Covilhã,SC Covilhã,63.9582361038,2875,eoix5zq4par8gwml3bhkkyihg,2026-10-05
Al Nasar,Nasar,Al Nasar,63.9484133232,2876,evaw3m63xloe8o87vqybzjsic,2026-10-05
PAEEK,PAEEK,Podosfairiki Athlitiki Enosi Eparxeias Kerynias,63.9471626053,2877,8ejoxvm5ho0ybtj08tnwxm8lw,2026-10-05
Wahlex,Wahlex,CA Wahlex,63.9400441419,2878,51fmboanx3f6tr3jlow8054ic,2026-10-05
Kuala Lumpur City,Kuala Lumpur,Kuala Lumpur City FC,63.930557465,2879,6siod2n1m854sihsqbyknyl1w,2026-10-05
Sporting Braga II,Braga II,Sporting Braga II,63.9282415924,2880,f0zodm68vgjezko34dv1zdyc4,2026-10-05
Malkiya,Malkiya,Malkiya Club,63.9271380836,2881,3dsgnubzzf96l31ocjo3kial0,2026-10-05
Internazionale II,Inter II,FC Internazionale Milano Under 23,63.9254513806,2882,5sw6ud25poqqgzszu5yk6p0r8,2026-10-05
San Marcos,San Marcos,FC San Marcos,63.9250467995,2883,4wjv3pabgbhm9is93zhe6zf9w,2026-10-05
Baghdad,Baghdad,Amanat Baghdad SC,63.918072167,2884,dbzx312xiimeul3ewulj7smxg,2026-10-05
Perugia,Perugia,AC Perugia Calcio,63.9139417123,2885,5sw6ud25poqqgzszu5yk6p0r8,2026-10-05
Pacífico,Pacífico,Pacífico FC,63.9121420122,2886,6f3mt0vs7zxlbfevjpbqur4lw,2026-10-05
Al Ittifaq Maqaba,Ittifaq,Al Ittifaq Maqaba,63.9117918573,2887,3dsgnubzzf96l31ocjo3kial0,2026-10-05
Rasi Salai United,Rasi Salai,Rasi Salai United,63.898469815,2888,2y9xq2tx9nthjl37uqgtoc2z8,2026-10-05
Cosenza,Cosenza,Cosenza Calcio,63.8961539022,2889,5sw6ud25poqqgzszu5yk6p0r8,2026-10-05
Nairobi United,Nairobi Utd,Nairobi United FC,63.8921371213,2890,6of7eu9uyvb2ljqldumlr92xg,2026-10-05
Palencia CF,Palencia CF,Palencia CF,63.8919685103,2891,1h4ygpz4oamwj3kksmzc15ams,2026-10-05
Pattani,Pattani,Pattani FC,63.8918429484,2892,2y9xq2tx9nthjl37uqgtoc2z8,2026-10-05
Trival Valderas,Trival,CF Trival Valderas Alcorcón,63.8902245942,2893,1h4ygpz4oamwj3kksmzc15ams,2026-10-05
Al Zulfi,Zulfi,Al Zulfi SC,63.8849356549,2894,3lxygsgllro9oeey1m5ndpct0,2026-10-05
Ararat,Ararat,FC Ararat,63.8822025589,2895,847iyp5po72cef4cdwd8c0ems,2026-10-05
HB Køge,HB Køge,HB Køge,63.8804586335,2896,2mb332vncy4450vu14paj8844,2026-10-05
Jelgava,Jelgava,FS Jelgava,63.8790634921,2897,d1tk0recez2ejvsidutwviwwk,2026-10-05
Ankaragücü,Ankaragücü,MKE Ankaragücü SK,63.8762732061,2898,9iurl7j8nsnscnb6u5uaicj6c,2026-10-05
A'Ali,A'Ali,A'Ali FC,63.8727281611,2899,3dsgnubzzf96l31ocjo3kial0,2026-10-05
Sarriana,Sarriana,SD Sarriana,63.8713901954,2900,1h4ygpz4oamwj3kksmzc15ams,2026-10-05
San Juan,San Juan,AD San Juan,63.8661583838,2901,1h4ygpz4oamwj3kksmzc15ams,2026-10-05
Nara Club,Nara,Nara Club,63.8658584262,2902,d7a4tg9b5xoanhbupsxsbi238,2026-10-05
Coatepeque FC,Coatepeque FC,Coatepeque FC,63.8624137046,2903,9krteg77umv3opxgpwp51d6ac,2026-10-05
Nagykanizsa,Nagykanizsa,Nagykanizsa FC,63.861972924,2904,cnv4lxtlbn15zo28rnoqs4kr8,2026-10-05
Espoli,Espoli,Club Social Cultural y Deportivo Espoli,63.850058263,2905,6f3mt0vs7zxlbfevjpbqur4lw,2026-10-05
UDJ Quinindé,Quinindé,UDJ Quinindé,63.8469191416,2906,6f3mt0vs7zxlbfevjpbqur4lw,2026-10-05
Laktaši,Laktaši,FK Laktaši,63.8448821978,2907,1kkhhxd0jcelyo7vaq5llsil0,2026-10-05
Subiza,Subiza,CD Subiza,63.8448821978,2908,1h4ygpz4oamwj3kksmzc15ams,2026-10-05
AGAMA,AGAMA,AGAMA FC,63.8419139759,2909,8ea4fh0n7w704hsj43vlxw4yc,2026-10-05
LDF,LDF,Lesotho Defence Force,63.8394724285,2910,770xwf92zra2rdko15e3rqbys,2026-10-05
Deportivo Armenio,Armenio,CD Armenio,63.838199332,2911,epr9s9zih7yd5dygat10o64us,2026-10-05
Binah,Binah,AS Binah,63.835810097,2912,d8hdusfvdmgo6ki7qtifb88wk,2026-10-05
Stripfing,Stripfing,SV Stripfing / Weiden,63.8354647913,2913,9kzmi7xo1xfyp6j2sx3ngg7is,2026-10-05
Hutnik Kraków,Hutnik Kraków,KS Hutnik Kraków Stowarzyszenie Nowy Hutnik 2010,63.8326744394,2914,1f9k5nej63ck6nqpw0q5uml1w,2026-10-05
Tucumán Central,T Central,Club Tucumán Central Deportes,63.8308746602,2915,1q9caek968o8ubc43inhg6uxg,2026-10-05
Panthère,Panthère,Panthère Sportive du Ndé,63.8283087254,2916,cqmw3la51kme1j36rsfej2p04,2026-10-05
Novara,Novara,Novara Calcio,63.821861786,2917,5sw6ud25poqqgzszu5yk6p0r8,2026-10-05
Chapelton,Chapelton,Chapelton Maroons FC,63.8217816745,2918,3b44u42lrrjhxh5ket3d32z9w,2026-10-05
Mebrat Hayl,EEPCO,Ethiopian Electric Power Corporation FC,63.8129616784,2919,yfk6117shr401b5om4u5nehg,2026-10-05
Dynamic Togolais,Dynamic,Dynamic Togolais,63.8068599965,2920,d8hdusfvdmgo6ki7qtifb88wk,2026-10-05
Boluspor,Boluspor,Boluspor Kulübü,63.8016314902,2921,9vlcn0hdb4ufq9s8e7kjnfn6c,2026-10-05
Fraijanes,Fraijanes,Deportivo Fraijanes,63.7874226258,2922,9krteg77umv3opxgpwp51d6ac,2026-10-05
Sheger Ketema,Sheger,Sheger Ketema FC,63.7826160053,2923,yfk6117shr401b5om4u5nehg,2026-10-05
Ferrocarril Oeste,Ferro Oeste,Ferrocarril Oeste FC,63.7785547304,2924,51fmboanx3f6tr3jlow8054ic,2026-10-05
Operário,Operário,Sport Operário e Benfica,63.777386235,2925,ewvv0b6kirzyt9yhu07yxksgk,2026-10-05
Mosconia,Mosconia,CD Mosconia,63.7765177111,2926,1h4ygpz4oamwj3kksmzc15ams,2026-10-05
Smederevo 1924,Smederevo,FK Smederevo 1924,63.7761689062,2927,38qhp7f77q817kvnksk95ucyc,2026-10-05
Rukinzo,Rukinzo,Rukinzo FC,63.7705845327,2928,emlzehq1t5dd17y2jnjdwn4k,2026-10-05
Werder Bremen II,Werder II,SV Werder Bremen II,63.7636118861,2929,cp9ieu0l4mgyazd7866sx8pw4,2026-10-05
Musongati,Musongati,Musongati FC,63.7622131701,2930,emlzehq1t5dd17y2jnjdwn4k,2026-10-05
Tusker,Tusker,Tusker FC,63.7575019674,2931,6of7eu9uyvb2ljqldumlr92xg,2026-10-05
Goa,Goa,FC Goa,63.7548344979,2932,d70h9cciplfhf01fn96gpcw0k,2026-10-05
ASM Sangarédi,Sangarédi,Association Sportive des Mineurs de Sangarédi,63.7501792681,2933,1odzlx97lfuimst69uxvbn310,2026-10-05
Lentigione,Lentigione,Polisportiva Lentigione Calcio,63.7371023407,2934,cvnhrujf5s3lefro06hwoncb8,2026-10-05
UNAN Managua,UNAN,Universidad Nacional Autónoma de Nicaragua,63.7331852877,2935,c0h34ymbtky0gg66xxiox8t1w,2026-10-05
Guarnizo,Guarnizo,CD Guarnizo,63.7245450546,2936,1h4ygpz4oamwj3kksmzc15ams,2026-10-05
Atlético Mansillés,Atl. Mansillés,CD Atlético Mansillés,63.720708089,2937,1h4ygpz4oamwj3kksmzc15ams,2026-10-05
Politécnico de Manabí,Politécnico,CD Politécnico de Manabí,63.7161176724,2938,6f3mt0vs7zxlbfevjpbqur4lw,2026-10-05
Paderborn II,Paderborn II,SC Paderborn 07 II,63.7088483267,2939,cp9ieu0l4mgyazd7866sx8pw4,2026-10-05
Village Superstars,Superstars,RAMS Village Superstars FC,63.7058032577,2940,46z6xc333qod4qfckpehisphw,2026-10-05
Unión Molinense,Un. Molinense,Unión Molinense CF,63.695942028,2941,1h4ygpz4oamwj3kksmzc15ams,2026-10-05
Blessing,Blessing,Blessing FC,63.6908806414,2942,ehmma83pqd17k7x6if20hmrkk,2026-10-05
Panadería Pulido,Panad. Pulido,CF Panadería Pulido,63.6847797509,2943,1h4ygpz4oamwj3kksmzc15ams,2026-10-05
Ulm,Ulm,SSV Ulm 1846,63.6847797509,2944,cp9ieu0l4mgyazd7866sx8pw4,2026-10-05
Deportivo Binacional,Binacional,Deportivo Binacional FC,63.6847239393,2945,4wjv3pabgbhm9is93zhe6zf9w,2026-10-05
Cambérène,Cambérène,ASC Cambérène,63.6837297957,2946,4d4sx0infiwl8cie7h7cy00t0,2026-10-05
Chungbuk Cheongju,Cheongju,Chungbuk Cheongju FC,63.6818635948,2947,aqzfod554aa202i8pjkt4ou1g,2026-10-05
Primero de Mayo,Primero Mayo,Primero de Mayo,63.6807124793,2948,9q5nb2oto8bvh3nkzt5d8kv10,2026-10-05
Magdeburg II,Magdeburg II,1. FC Magdeburg II,63.6802450564,2949,cp9ieu0l4mgyazd7866sx8pw4,2026-10-05
Paju Frontier,Paju,Paju Frontier FC,63.6794218338,2950,aqzfod554aa202i8pjkt4ou1g,2026-10-05
Atlético Samborondón,Samborondón,Club Atlético Samborondón,63.6767010106,2951,51fmboanx3f6tr3jlow8054ic,2026-10-05
Boiro,Boiro,CD Boiro,63.6757103509,2952,1h4ygpz4oamwj3kksmzc15ams,2026-10-05
L'Hospitalet,L'Hospitalet,CE L'Hospitalet,63.6722221082,2953,1h4ygpz4oamwj3kksmzc15ams,2026-10-05
Manika Kolwezi,Manika,CS Manika Kolwezi,63.6699512587,2954,ehmma83pqd17k7x6if20hmrkk,2026-10-05
Delta United,Delta United,Delta United FC,63.6696001407,2955,c8yhc9482s3xm3dplmzcg8wes,2026-10-05
Tirsense,Tirsense,FC Tirsense,63.6669897318,2956,f0zodm68vgjezko34dv1zdyc4,2026-10-05
Tambo,Tambo,Tambo FC,63.6621026788,2957,d8hdusfvdmgo6ki7qtifb88wk,2026-10-05
Desenzano,Desenzano,Calcio Desenzano,63.6544319678,2958,5sw6ud25poqqgzszu5yk6p0r8,2026-10-05
Maccabi Kiryat Gat,M Kiryat Gat,Maccabi Kiryat Gat FC,63.6352463297,2959,1mqfttramp7l8dfkpwk7w6wic,2026-10-05
Śląsk Wrocław II,Śląsk II,WKS Śląsk Wrocław II,63.6338510028,2960,1f9k5nej63ck6nqpw0q5uml1w,2026-10-05
Al-Magd,Magd,Al-Magd SCS,63.6280917796,2961,68kgxuk3dkg7p955ifkisgc9g,2026-10-05
Vitória de Sernache,Sernache,GD Vitória de Sernache,63.6247813519,2962,eoix5zq4par8gwml3bhkkyihg,2026-10-05
Caspe,Caspe,CD Caspe,63.606641916,2963,1h4ygpz4oamwj3kksmzc15ams,2026-10-05
Baía de Pemba,Baía de Pemba,Baía de Pemba FC,63.6043709856,2964,12paa0nrmm7b6c9bt3b9rsx78,2026-10-05
Mashuk-KMV,Mashuk,FK Mashuk-KMV Pyatigorsk,63.5989674855,2965,au1o7s1tazgfz249l77vlak9g,2026-10-05
Pacífico,Pacífico,Club Deportivo Pacífico FC,63.5977256201,2966,a9cov1ehhclrmqc4wgh59p2j8,2026-10-05
Juventus,Juventus,Juventus FC des Cayes,63.5973175921,2967,4vdnis45sxd05ictg09vgpous,2026-10-05
Hải Phòng,Hải Phòng,Hải Phòng FC,63.5957023544,2968,cld1l7cgrsr3bij22f2ytqiok,2026-10-05
Ouanaminthe,Ouanaminthe,Ouanaminthe FC,63.5865035578,2969,4vdnis45sxd05ictg09vgpous,2026-10-05
General Velásquez,Velásquez,CD General Velásquez,63.583911555,2970,1wi9d67mmituunqd3csuv0fmc,2026-10-05
Rebordosa,Rebordosa,Rebordosa AC,63.5825720038,2971,f0zodm68vgjezko34dv1zdyc4,2026-10-05
Giana Erminio,Giana Erminio,AS Giana Erminio,63.5811766369,2972,5sw6ud25poqqgzszu5yk6p0r8,2026-10-05
Real Puerto Quito,Real Puerto,FC Real Puerto Quito,63.5762370296,2973,6f3mt0vs7zxlbfevjpbqur4lw,2026-10-05
Vanraure Hachinohe,Vanraure,Vanraure Hachinohe,63.5730276731,2974,4zxaepel6gk1jzqf5di3m6iok,2026-10-05
Gifu,Gifu,FC Gifu,63.567271748,2975,d7a4tg9b5xoanhbupsxsbi238,2026-10-05
Real Pilar,Real Pilar,Real Pilar FC,63.561585574,2976,epr9s9zih7yd5dygat10o64us,2026-10-05
Joga Bonito Z,Joga Bonito Z,CD Joga Bonito Z,63.560539037,2977,6f3mt0vs7zxlbfevjpbqur4lw,2026-10-05
Sukhothai,Sukhothai,Sukhothai FC,63.5548877268,2978,2y9xq2tx9nthjl37uqgtoc2z8,2026-10-05
CSA Steaua Bucureşti,CSA Steaua,CSA Steaua Bucureşti,63.5417570847,2979,2iz4hkjsj1fadp09drcb6hhqs,2026-10-05
Volgar Astrakhan,Volgar,FK Volgar Astrakhan,63.5375708879,2980,au1o7s1tazgfz249l77vlak9g,2026-10-05
Taghit,JRBT,JRB Taghit,63.5286694064,2981,bxsf9lv71z7pcxno2edypdzis,2026-10-05
Weymouth Wales,Wales,JADA Group Weymouth Wales,63.525804247,2982,bs8rnxn1ego633xiospptz21g,2026-10-05
Awassa Kenema,Awassa,Awassa City FC (Hawassa City),63.5255297374,2983,yfk6117shr401b5om4u5nehg,2026-10-05
Anguiano,Anguiano,CD Anguiano,63.5107092315,2984,1h4ygpz4oamwj3kksmzc15ams,2026-10-05
Šamorín,Šamorín,FC ŠTK 1914 Šamorín,63.5103603762,2985,47gcoqnouhyfwprkioq13ex3o,2026-10-05
VfR Mannheim,VfR Mannheim,VfR Mannheim,63.50931381,2986,cp9ieu0l4mgyazd7866sx8pw4,2026-10-05
Doqarah,Doqarah,Doqarah FC,63.5022794939,2987,dwbqa3w6jzvrnflam7a94quqc,2026-10-05
Maya,Maya,AS Maya de Bobo-Dioulasso,63.5009377705,2988,gclj8seympu56f7h3ibq640x,2026-10-05
Hibernians,Hibernians,Paola Hibernians FC,63.4998946875,2989,3jedmdrdnamejeki9uh7jrs44,2026-10-05
Police,Police,Police FC,63.4985912679,2990,7vg2l80h7ceoyxoj3jy1igro4,2026-10-05
RCA,RCA,SV Racing Club Aruba,63.4809761711,2991,7phwu4x5fqdwgmfu5vf5yhk44,2026-10-05
San Pedro del Pongo,San Pedro,CD San Pedro del Pongo,63.4806516187,2992,6f3mt0vs7zxlbfevjpbqur4lw,2026-10-05
Lübeck,Lübeck,VfB Lübeck,63.4782654084,2993,cp9ieu0l4mgyazd7866sx8pw4,2026-10-05
Fuenlabrada,Fuenlabrada,CF Fuenlabrada,63.4740790668,2994,1h4ygpz4oamwj3kksmzc15ams,2026-10-05
Torina,Torina,SD Torina,63.4569847398,2995,1h4ygpz4oamwj3kksmzc15ams,2026-10-05
Matoury,Matoury,US Matoury,63.4546369873,2996,8ptl1wrxicnblij9u19k2p4pg,2026-10-05
Wolues,Wolues,Wolues FC,63.4457408856,2997,6ai1o32comsvohaqi346lvx1w,2026-10-05
Babelsberg,Babelsberg,SV Babelsberg 03,63.4388436472,2998,cp9ieu0l4mgyazd7866sx8pw4,2026-10-05
Tochigi,Tochigi,Tochigi SC,63.4343571878,2999,d7a4tg9b5xoanhbupsxsbi238,2026-10-05
Skopje,Skopje,FK Skopje,63.4332617364,3000,bdisf9hz6nqbfmztljccr2978,2026-10-05
Muaither,Muaither,Muaither SC,63.4304135795,3001,e9xwqeh6pqwy3pva03skx9f6c,2026-10-05
Thór,Thór,Thór Akureyri,63.4290752922,3002,eeeacj91qdk6pru5zwwobaiac,2026-10-05
Csákvári TK,Csákvári,Csákvári TK,63.4259354528,3003,cnv4lxtlbn15zo28rnoqs4kr8,2026-10-05
Tabor Sežana,Tabor,MND Tabor Sežana,63.42523771,3004,sb5fgqugrkxqc8jsc698x5hw,2026-10-05
Maccabi Yavne,M Yavne,Maccabi Yavne FC,63.4238422235,3005,vb6kze8rzj979awz12g26vbo,2026-10-05
Utrecht II,Utrecht II,FC Utrecht II,63.4200046303,3006,7bdyxkrzt42tv7377rpz5nqc4,2026-10-05
RC Arbaâ,RC Arbaâ,RC Arbaâ,63.4177311758,3007,flxkeved0q9tmclqafcpql1w,2026-10-05
Dynamo Abomey,Dynamo,Dynamo Abomey FC,63.4076161286,3008,t5yilsv0ffm6kb8mz07ywiz8,2026-10-05
Forlì,Forlì,FC Forlì,63.4025609236,3009,5sw6ud25poqqgzszu5yk6p0r8,2026-10-05
Alfaro,Alfaro,CD Alfaro,63.3980255327,3010,1h4ygpz4oamwj3kksmzc15ams,2026-10-05
Bourgoin-Jallieu,Bourgoin,FC Bourgoin-Jallieu,63.3960020469,3011,bzf5qx9yamvvlrgfqfs6ozl78,2026-10-05
Adana 01,Adana 01,Adana 01 FK SK,63.3959322715,3012,9iurl7j8nsnscnb6u5uaicj6c,2026-10-05
Ironi Modi'in,Ironi Modi'in,Ironi Modi'in FC,63.3910479863,3013,1mqfttramp7l8dfkpwk7w6wic,2026-10-05
Super Nova,Super Nova,SK Super Nova,63.3889547171,3014,d1tk0recez2ejvsidutwviwwk,2026-10-05
Lanzarote,Lanzarote,UD Lanzarote,63.3889547171,3015,1h4ygpz4oamwj3kksmzc15ams,2026-10-05
Bonner SC,Bonn,Bonner SC,63.3851170509,3016,cp9ieu0l4mgyazd7866sx8pw4,2026-10-05
Samaritaine,Samaritaine,AS Samaritaine,63.3696861761,3017,8oya8610sjuxts1g4yxvd1nh0,2026-10-05
Floresta,Floresta,Floresta EC,63.367617191,3018,kis8d8dd780usq5xloolkaac,2026-10-05
Orbit College,Orbit,Orbit College FC,63.3643528439,3019,4nwd2e9auc7j57110c5f3fehg,2026-10-05
Blois,Blois,Blois Foot 41,63.3593695914,3020,bzf5qx9yamvvlrgfqfs6ozl78,2026-10-05
OFK Vršac,OFK Vršac,OFK Vršac,63.3558109709,3021,38qhp7f77q817kvnksk95ucyc,2026-10-05
MVV,MVV,MVV Maastricht,63.3540665466,3022,7bdyxkrzt42tv7377rpz5nqc4,2026-10-05
Dinamo Jug,Dinamo,SU Dinamo Jug,63.3512754643,3023,54jd6j2c3t5uksf8s40khsh04,2026-10-05
Bjarg,Bjarg,IL Bjarg,63.3498799215,3024,eyebcttojdlxx2xxue3awhmvo,2026-10-05
AJEB,AJEB,Association Jeunes Espoirs de Bobo,63.3495275468,3025,56y5sheadf58560v7uwkil9n8,2026-10-05
Zamora II,Zamora II,Zamora FC II,63.349126328,3026,5l0o7aj8bf50pay409j5x0j6c,2026-10-05
UN Käerjéng,Käerjéng,Uewer/Nidder Käerjéng 97,63.3481354916,3027,uza4dpaosr9j4jztif162p78,2026-10-05
Jeddeloh,Jeddeloh,SSV Jeddeloh II,63.3429021917,3028,cp9ieu0l4mgyazd7866sx8pw4,2026-10-05
PK-35,PK-35,Pallokerho-35 ry,63.34185553,3029,dfeircxbw7mix6mouzz7t05qs,2026-10-05
Muş Spor,Muş,Muş SK,63.34045998,3030,9iurl7j8nsnscnb6u5uaicj6c,2026-10-05
Pamplemousses,Pamplemousses,Pamplemousses SC,63.3320831691,3031,212mfktyohz85uisj8uw4ji1g,2026-10-05
ASA Târgu Mureş,ASA T. Mureş,AFC ASA Târgu Mureș,63.3272022025,3032,2iz4hkjsj1fadp09drcb6hhqs,2026-10-05
Shabana,Shabana,Shabana FC,63.3252775234,3033,6of7eu9uyvb2ljqldumlr92xg,2026-10-05
Nantes II,Nantes II,FC Nantes II,63.3223875122,3034,bzf5qx9yamvvlrgfqfs6ozl78,2026-10-05
USM Blida,USM Blida,USM Blida,63.3193463751,3035,a88w9dpfzwaroe7qc210bh123,2026-10-05
Petrovac,Petrovac,OFK Petrovac,63.3184799281,3036,bp0tbsm945cofzlkbdgmd7dp0,2026-10-05
Inter Toronto,Inter Toronto,Inter Toronto FC,63.3122918842,3037,bmqmrylzzfggzr15yas9dev4k,2026-10-05
Ayutthaya United,Ayutthaya Utd,Ayutthaya United FC,63.3099809039,3038,2y9xq2tx9nthjl37uqgtoc2z8,2026-10-05
Livorno,Livorno,AS Livorno Calcio,63.3087109314,3039,5sw6ud25poqqgzszu5yk6p0r8,2026-10-05
Málaga II,Málaga II,Atlético Malagueño (Málaga CF II),63.3066175682,3040,1h4ygpz4oamwj3kksmzc15ams,2026-10-05
Al Najaf,Najaf,Al Najaf,63.30551598,3041,dbzx312xiimeul3ewulj7smxg,2026-10-05
Al Hilal Port Sudan,Al Hilal PS,Hilal Alsahil SC Port Sudan,63.3032972892,3042,815s3vrb2yqcmcbnptxrl6yok,2026-10-05
Al Sadaqa,Al Sadaqa,Al Sadaqa FC,63.2855058663,3043,68kgxuk3dkg7p955ifkisgc9g,2026-10-05
Aliağa,Aliağa,Aliağa FK,63.2794036284,3044,9iurl7j8nsnscnb6u5uaicj6c,2026-10-05
Carchá,Carchá,CSyD Carchá,63.2770533532,3045,e28lffq4n2gy2xccrcyfl2kno,2026-10-05
Zenit II,Zenit SPb II,FK Zenit St. Petersburg II,63.2720767293,3046,au1o7s1tazgfz249l77vlak9g,2026-10-05
BFC Preussen,BFC Preussen,Berliner FC Preussen,63.2713789279,3047,cp9ieu0l4mgyazd7866sx8pw4,2026-10-05
Altyn Asyr,Altyn,Altyn Asyr FK,63.2664394034,3048,8xedf9bqe7yehjmxy13vcql90,2026-10-05
Bokelj,Bokelj,FK Bokelj Kotor,63.2657965067,3049,bp0tbsm945cofzlkbdgmd7dp0,2026-10-05
Koléa,Koléa,ESM Koléa,63.2548002828,3050,flxkeved0q9tmclqafcpql1w,2026-10-05
Arenas Armilla,Arenas Armilla,Arenas de Armilla CyD CF,63.2511425701,3051,1h4ygpz4oamwj3kksmzc15ams,2026-10-05
Botafogo PB,Botafogo PB,Botafogo FC (João Pessoa),63.2507378407,3052,kis8d8dd780usq5xloolkaac,2026-10-05
Club Sando,Sando,Club Sando FC,63.247745543,3053,7vg2l80h7ceoyxoj3jy1igro4,2026-10-05
Dayrout,Dayrout,Dayrout SC,63.2425886037,3054,c8yhc9482s3xm3dplmzcg8wes,2026-10-05
Luanda City,Luanda City,Luanda City FC,63.2342171272,3055,7tyqslotzxi8ytlvxmjv1zyfo,2026-10-05
Talleres de Perico,Tal Perico,CA Talleres de Perico,63.2311990716,3056,bt89iqwmniyxhz06vrzhc3das,2026-10-05
Medina United,Medina Utd,Medina United Football Academy,63.2232264977,3057,64nsmt5p5xncpk6dxcipjou8k,2026-10-05
Hohenems,Hohenems,VfB Hohenems,63.2214854343,3058,8h4bz8mec7n5utisq4xhw6lg4,2026-10-05
Savoia,Savoia,FC Savoia 1908,63.221136524,3059,5sw6ud25poqqgzszu5yk6p0r8,2026-10-05
Xorazm,Xorazm,Xorazm FK Urganch,63.2172413039,3060,30hnhs47crryfhtm1523ygzkk,2026-10-05
Jeunesse d'Esch,Esch,AS la Jeunesse d'Esch,63.2169495946,3061,uza4dpaosr9j4jztif162p78,2026-10-05
Leganés II,Leganés II,CD Leganés II,63.2096224452,3062,1h4ygpz4oamwj3kksmzc15ams,2026-10-05
Renaissance,Renaissance,Renaissance Football Club,63.2063042836,3063,1odzlx97lfuimst69uxvbn310,2026-10-05
Guidonia Montecelio 1937,Guidonia 1937,Guidonia Montecelio 1937 FC,63.2047376626,3064,5sw6ud25poqqgzszu5yk6p0r8,2026-10-05
Almería II,Almería II,UD Almería II,63.2029930942,3065,1h4ygpz4oamwj3kksmzc15ams,2026-10-05
Tanzania Prisons,Prisons,Tanzania Prisons,63.1974069768,3066,e6nshvsw9syd2ukhn2pq496ok,2026-10-05
Racing Besançon,Racing,Racing Besançon,63.190501936,3067,bzf5qx9yamvvlrgfqfs6ozl78,2026-10-05
Mali Coura,Mali Coura,FC Mali Coura,63.1878117916,3068,2fvr17f4zzd5uci32usqi0ro4,2026-10-05
FC 93 Bobigny BG,FC 93 BBG,Football Club 93 Bobigny-Bagnolet-Gagny,63.1858438984,3069,er1n8bxfo7q3075m90iafw1ec,2026-10-05
Police,Police,ASC Police,63.18048223,3070,dp0cjg7hm16o0ay8b1amdexhw,2026-10-05
Ligorna,Ligorna,SCD Ligorna 1922,63.178568962,3071,cvnhrujf5s3lefro06hwoncb8,2026-10-05
Uničov,Uničov,SK Uničov,63.1782200434,3072,1b9w528q6lpjmxp9k0sfxvtw4,2026-10-05
Móstoles,Móstoles,CD Móstoles URJC,63.1743819351,3073,1h4ygpz4oamwj3kksmzc15ams,2026-10-05
Villa Dálmine,Villa Dálmine,Club Villa Dálmine,63.1739771886,3074,epr9s9zih7yd5dygat10o64us,2026-10-05
Transvaal,Transvaal,Transvaal,63.171015084,3075,2iliu0oyb0iehjz6cxu2y9t78,2026-10-05
Académica do Lobito,Académica,Académica Petróleos do Lobito,63.1592003928,3076,ofi6heevfqlhgto3devky0b8,2026-10-05
Sporting Cristal II,Cristal II,Club Sporting Cristal SA II,63.1570894122,3077,a9cov1ehhclrmqc4wgh59p2j8,2026-10-05
Cheonan City,Cheonan City,Cheonan City Government FC,63.1519253503,3078,aqzfod554aa202i8pjkt4ou1g,2026-10-05
Nueva Concepción,Concepción,CSyD Nueva Concepción,63.1458623554,3079,e28lffq4n2gy2xccrcyfl2kno,2026-10-05
Colina,Colina,Atlético Colina,63.136991359,3080,1wi9d67mmituunqd3csuv0fmc,2026-10-05
Colorados,Colorados,CD Colorados Jaipadida SC,63.1366424326,3081,6f3mt0vs7zxlbfevjpbqur4lw,2026-10-05
Harbour View,Harbour View,Harbour View FC,63.1327799236,3082,3b44u42lrrjhxh5ket3d32z9w,2026-10-05
Touring,Touring,Touring KE,63.1178561319,3083,1h4ygpz4oamwj3kksmzc15ams,2026-10-05
Spakenburg,Spakenburg,SV Spakenburg,63.1136689657,3084,asox70lt42oe70oat4mcayaz8,2026-10-05
Horriya,Horriya,Al-Horriya,63.1120438661,3085,epf0rlgn33w37t43qiocvx4wk,2026-10-05
Stal Stalowa Wola,Stal SW,ZKS Stal Stalowa Wola,63.1094817899,3086,1f9k5nej63ck6nqpw0q5uml1w,2026-10-05
La Fama,La Fama,SV La Fama,63.1090527155,3087,7phwu4x5fqdwgmfu5vf5yhk44,2026-10-05
Estradense,Estradense,CD Estradense,63.1073881983,3088,1h4ygpz4oamwj3kksmzc15ams,2026-10-05
Bremer SV,Bremer SV,Bremer SV,63.1000606091,3089,cp9ieu0l4mgyazd7866sx8pw4,2026-10-05
Bashkimi Kumanovo,Bashkimi,KF Bashkimi 1947 Kumanovo,63.0955244677,3090,bdisf9hz6nqbfmztljccr2978,2026-10-05
Ethiopia Nigd Bank,Ethiopia Bank,Commercial Bank of Ethiopia SA,63.0911569996,3091,yfk6117shr401b5om4u5nehg,2026-10-05
UCAM Murcia II,UCAM Murcia II,Sangonera Universidad Católica de Murcia CF,63.0874989591,3092,1h4ygpz4oamwj3kksmzc15ams,2026-10-05
O Elvas,O Elvas,O Elvas CAD,63.0871500232,3093,f0zodm68vgjezko34dv1zdyc4,2026-10-05
Yangon United,Yangon,Yangon United FC,63.0833628681,3094,9z1alus7ccfyiq108ybm8ycyc,2026-10-05
Chichicasteco,Chichicasteco,Chichicasteco FC,63.0823569438,3095,9krteg77umv3opxgpwp51d6ac,2026-10-05
Schöningen,Schöningen,FSV Schöningen,63.0773797893,3096,cp9ieu0l4mgyazd7866sx8pw4,2026-10-05
East Bengal,East Bengal,East Bengal FC,63.0755778928,3097,d70h9cciplfhf01fn96gpcw0k,2026-10-05
Fasil Kenema,Fasil Kenema,Fasil Kenema SC,63.072663339,3098,yfk6117shr401b5om4u5nehg,2026-10-05
Lille II,Lille II,Lille OSC II,63.0680282306,3099,bzf5qx9yamvvlrgfqfs6ozl78,2026-10-05
Hodio,Hodio,Hodio FC,63.0653379056,3100,t5yilsv0ffm6kb8mz07ywiz8,2026-10-05
Eintracht Frankfurt II,Eintracht F II,Eintracht Frankfurt II,63.0501624329,3101,cp9ieu0l4mgyazd7866sx8pw4,2026-10-05
Espoir Savalou,Espoir Savalou,Espoir FC,63.0496355305,3102,t5yilsv0ffm6kb8mz07ywiz8,2026-10-05
Istres,Istres,Istres FC,63.0448759376,3103,4puti0g0aurz6lctqhbonl2c4,2026-10-05
Hauts Lyonnais,Hauts Lyonnais,Hauts Lyonnais SC,63.0358033688,3104,4puti0g0aurz6lctqhbonl2c4,2026-10-05
Hồng Lĩnh Hà Tĩnh,Hồng Lĩnh,Hồng Lĩnh Hà Tĩnh,63.0343343063,3105,cld1l7cgrsr3bij22f2ytqiok,2026-10-05
Pergolettese,Pergolettese,US Pergolettese 1932,63.0337620346,3106,5sw6ud25poqqgzszu5yk6p0r8,2026-10-05
Saint-Colomban Locminé,Locminé,LA Saint-Colomban Locminé,63.0312670675,3107,4puti0g0aurz6lctqhbonl2c4,2026-10-05
Andratx,Andratx,CE Andratx,63.0302725691,3108,1h4ygpz4oamwj3kksmzc15ams,2026-10-05
Highbury,Highbury,Highbury FC,63.0297433655,3109,4nwd2e9auc7j57110c5f3fehg,2026-10-05
Biesheim,Biesheim,ASC Biesheim,63.028824439,3110,4puti0g0aurz6lctqhbonl2c4,2026-10-05
Hässleholms IF,Hässleholm,Hässleholms IF,63.0271320445,3111,6y4xajtea36x0n0xrjr4vy3o4,2026-10-05
Paysandu,Paysandu,Paysandu SC,63.0183525046,3112,kis8d8dd780usq5xloolkaac,2026-10-05
Deportivo Ucrania,Dep. Ucrania,Club Deportivo Ucrania,63.0164681782,3113,a9cov1ehhclrmqc4wgh59p2j8,2026-10-05
Panthères,Panthères,Panthères FC,63.0109024264,3114,t5yilsv0ffm6kb8mz07ywiz8,2026-10-05
Al Kharaitiyat,Kharaitiyat,Al Kharaitiyat SC,63.0089294765,3115,e9xwqeh6pqwy3pva03skx9f6c,2026-10-05
Pacífico Gral. Alvear,Pacífico,Sport Club Pacífico de General Alvear,63.0068371457,3116,bt89iqwmniyxhz06vrzhc3das,2026-10-05
Unirea Slobozia,Slobozia,FC Unirea 2004 Slobozia,63.0030545089,3117,2iz4hkjsj1fadp09drcb6hhqs,2026-10-05
Zabbar St. Patrick,Zabbar,Zabbar Saint Patrick FC,63.0027055568,3118,3jedmdrdnamejeki9uh7jrs44,2026-10-05
RC Bobo-Dioulasso,Racing Bobo,Racing Club de Bobo,63.001306258,3119,56y5sheadf58560v7uwkil9n8,2026-10-05
Olímpico Totana,Totana,Club Olímpico de Totana,62.9960754536,3120,1h4ygpz4oamwj3kksmzc15ams,2026-10-05
UF Touraine,Touraine,Union Foot de Touraine,62.9949762499,3121,d6508espb7py2ulpfflsrks2c,2026-10-05
Arbroath,Arbroath,Arbroath FC,62.9939817317,3122,73jqy9edtsysqefneqki92kno,2026-10-05
Cabinda,Cabinda,FC de Cabinda,62.9931058574,3123,ofi6heevfqlhgto3devky0b8,2026-10-05
APS Bomet,APS Bomet,APS Bomet,62.9871713358,3124,6of7eu9uyvb2ljqldumlr92xg,2026-10-05
Đà Nẵng,Đà Nẵng,SHB Đà Nẵng FC,62.9809447697,3125,cld1l7cgrsr3bij22f2ytqiok,2026-10-05
Haka,Haka,FC Haka,62.9796745681,3126,dfeircxbw7mix6mouzz7t05qs,2026-10-05
Vall de Uxó,Vall de Uxó,UD Vall de Uxó,62.9782787413,3127,1h4ygpz4oamwj3kksmzc15ams,2026-10-05
Aurrerá Vitoria,Aurrerá,CD Aurrerá de Vitoria,62.9744402119,3128,1h4ygpz4oamwj3kksmzc15ams,2026-10-05
Jwaya,Jwaya,Jwaya SC,62.9719425914,3129,9lv9rln2qwsqme0g8t366uiac,2026-10-05
Marbellí,Marbellí,FC Marbellí,62.9692058406,3130,1h4ygpz4oamwj3kksmzc15ams,2026-10-05
Al Futuwa,Futuwa,Al Futuwa SC,62.9647889388,3131,epf0rlgn33w37t43qiocvx4wk,2026-10-05
Árabe Unido II,Árabe Unido II,CD Árabe Unido II,62.9644124508,3132,5vfsgxr7re4yxafib5pgasopg,2026-10-05
Ayr United,Ayr Utd,Ayr United FC,62.9618776955,3133,73jqy9edtsysqefneqki92kno,2026-10-05
Centre Chiefs,Centre Chiefs,Mochudi Centre Chiefs SC,62.9564266199,3134,e2i85rbbrmh0zcyvozwl9qk9g,2026-10-05
Barletta,Barletta,ASD Barletta 1922,62.9538515979,3135,5sw6ud25poqqgzszu5yk6p0r8,2026-10-05
Karfamoriah,Karfamoriah,Karfamoriah FC,62.9529757043,3136,1odzlx97lfuimst69uxvbn310,2026-10-05
Pocheon,Pocheon,Pocheon FC,62.9516322012,3137,2e9i1nuxuoznknto2pks55vys,2026-10-05
Gainare Tottori,Gainare,Gainare Tottori,62.9507597961,3138,d7a4tg9b5xoanhbupsxsbi238,2026-10-05
Eintracht Trier,Trier,SV Eintracht Trier 05,62.9447785754,3139,cp9ieu0l4mgyazd7866sx8pw4,2026-10-05
Arlanda,Arlanda,FC Arlanda,62.9360544726,3140,6y4xajtea36x0n0xrjr4vy3o4,2026-10-05
Sonacos,Sonacos,Sonacos de Diourbel,62.9339571921,3141,4d4sx0infiwl8cie7h7cy00t0,2026-10-05
Manica Diamonds,Manica,Manica Diamonds FC,62.9278502881,3142,8ea4fh0n7w704hsj43vlxw4yc,2026-10-05
Llerenense,Llerenense,AD Llerenense,62.9269813613,3143,1h4ygpz4oamwj3kksmzc15ams,2026-10-05
Estrella Roja,Estrella Roja,CD Estrella Roja,62.9227379214,3144,51fmboanx3f6tr3jlow8054ic,2026-10-05
Ostiamare,Ostiamare,AS Ostia Mare Lido Calcio,62.9224447887,3145,5sw6ud25poqqgzszu5yk6p0r8,2026-10-05
Piacenza,Piacenza,Piacenza Calcio,62.9200020141,3146,cvnhrujf5s3lefro06hwoncb8,2026-10-05
Stade Renard,Renard,Stade Renard de Melong,62.9177279369,3147,cqmw3la51kme1j36rsfej2p04,2026-10-05
Espoir,Espoir,Espoir FC de Tsévié,62.9112743027,3148,d8hdusfvdmgo6ki7qtifb88wk,2026-10-05
Pineto,Pineto,ASD Pineto Calcio,62.9029025002,3149,5sw6ud25poqqgzszu5yk6p0r8,2026-10-05
Dhofar,Dhofar,Dhofar SCSC,62.9024963171,3150,cbdqxkajw3jvb9nqzpbraim1g,2026-10-05
Madura United,Madura Utd,Madura United FC,62.8999850977,3151,2t0yn5r2hq16whtb16f4i7nro,2026-10-05
Sông Lam Nghệ An,SLNA,CLB Sông Lam Nghệ An,62.8978912652,3152,cld1l7cgrsr3bij22f2ytqiok,2026-10-05
Moulien,Moulien,CS Moulien,62.8977622572,3153,5yj7rokg3llyzxbr4gglmdbmc,2026-10-05
Hadiya Hosaena,Hosaena,Hadiya Hosaena,62.8891122974,3154,yfk6117shr401b5om4u5nehg,2026-10-05
PR Surf,PR Surf,Puerto Rico Surf SC,62.8881654953,3155,9ij31b9nteu7u821uzpr04k4,2026-10-05
Porreres,Porreres,UE Porreres,62.8861517999,3156,1h4ygpz4oamwj3kksmzc15ams,2026-10-05
Schwarz-Weiß Bregenz,Bregenz SW,Schwarz-Weiß Bregenz,62.8770784395,3157,bbsieeq7vmacbhd5d5hvgu978,2026-10-05
Atlas Delmenhorst,Atlas,SV Atlas Delmenhorst,62.8746356039,3158,cp9ieu0l4mgyazd7866sx8pw4,2026-10-05
FC Jerusalem,FC Jerusalem,FC Jerusalem,62.8648642289,3159,vb6kze8rzj979awz12g26vbo,2026-10-05
Beasain,Beasain,SD Beasain,62.86102546,3160,1h4ygpz4oamwj3kksmzc15ams,2026-10-05
Fuerte San Francisco,Fuerte,CD Fuerte San Francisco,62.8511738577,3161,30t9l739hkqomjqhti9lxg5qs,2026-10-05
Independiente II,La Chorrera II,CA Independiente de La Chorrera II,62.8502991104,3162,5vfsgxr7re4yxafib5pgasopg,2026-10-05
Real Sociedad III,Real Soc. III,CD Berio Futbol Taldea (Real Sociedad III),62.8495091047,3163,1h4ygpz4oamwj3kksmzc15ams,2026-10-05
Unisport Bafang,Unisport,Unisport de Bafang,62.8479329031,3164,cqmw3la51kme1j36rsfej2p04,2026-10-05
Rekord Bielsko-Biała,Rekord BB,BTS Rekord Bielsko-Biała,62.8320599423,3165,1f9k5nej63ck6nqpw0q5uml1w,2026-10-05
Meshakhte,Meshakhte,FC Meshakhte Tkibuli,62.830664002,3166,dmtc6z8cwdmdocaz02qc5p0yc,2026-10-05
Lota Schwager,Lota Schwager,CD Lota Schwager,62.829212223,3167,1wi9d67mmituunqd3csuv0fmc,2026-10-05
Platges Calvià,Platges,CF Platges de Calvià,62.8132146584,3168,1h4ygpz4oamwj3kksmzc15ams,2026-10-05
Al Buqa'a,Buqa'a,Al Buqa'a,62.8121104779,3169,espg5w80i6jk5f0n0b3buusk4,2026-10-05
Highlanders,Highlanders,Mbabane Highlanders FC,62.8095467868,3170,8pf5znjqxa3ghoff6kevxy42c,2026-10-05
Gubbio,Gubbio,AS Gubbio 1910,62.8079798226,3171,5sw6ud25poqqgzszu5yk6p0r8,2026-10-05
Al Watan,Al Watan,Al Watan SC,62.807801838,3172,68kgxuk3dkg7p955ifkisgc9g,2026-10-05
Dunbeholden,Dunbeholden,Dunbeholden FC,62.8068526977,3173,3b44u42lrrjhxh5ket3d32z9w,2026-10-05
Villalbés,Villalbés,RC Villalbés,62.805187904,3174,1h4ygpz4oamwj3kksmzc15ams,2026-10-05
Township Rollers,Rollers,Township Rollers FC,62.8046222277,3175,e2i85rbbrmh0zcyvozwl9qk9g,2026-10-05
Academia Cantolao,Cantolao,Academia Deportiva Cantolao,62.8002461976,3176,4wjv3pabgbhm9is93zhe6zf9w,2026-10-05
Las Rozas,Las Rozas,Las Rozas CF,62.7992550627,3177,1h4ygpz4oamwj3kksmzc15ams,2026-10-05
Haro Deportivo,Haro Deportivo,Club Haro Deportivo,62.7975101057,3178,1h4ygpz4oamwj3kksmzc15ams,2026-10-05
FA Šiauliai,FA Šiauliai,FA Šiauliai,62.7950671631,3179,4hzcbeghy116szh7rtk757xg4,2026-10-05
Bengaluru,Bengaluru,Bengaluru FC,62.7908220385,3180,d70h9cciplfhf01fn96gpcw0k,2026-10-05
Inverness CT,Inverness,Inverness Caledonian Thistle FC,62.7905302609,3181,73jqy9edtsysqefneqki92kno,2026-10-05
Thes Sport,Thes,KVV Thes Sport Tessenderlo,62.7838993834,3182,6t5gnnzhfwzumtn1olpzzhlhw,2026-10-05
Villarrobledo,Villarrobledo,CP Villarrobledo,62.7790134582,3183,1h4ygpz4oamwj3kksmzc15ams,2026-10-05
Cercle de Joachim,Cercle Joachim,Cercle de Joachim SC,62.7755200136,3184,212mfktyohz85uisj8uw4ji1g,2026-10-05
Bandari,Bandari,Bandari FC,62.77080627,3185,6of7eu9uyvb2ljqldumlr92xg,2026-10-05
Mâcon,Mâcon,UF Maconnais,62.7675663818,3186,bzf5qx9yamvvlrgfqfs6ozl78,2026-10-05
Pitbulls Santa Bárbara,Pitbulls,Pitbulls Santa Bárbara FC,62.7661926394,3187,7yzd2ff4zj9i1m1mowvd9uot0,2026-10-05
Rapid Wien II,Rapid II,SK Rapid Wien II,62.7528386345,3188,bbsieeq7vmacbhd5d5hvgu978,2026-10-05
Tiquipaya,Tiquipaya,Escuela de Fútbol Tiquipaya,62.751212293,3189,2yzo0vofqnirl3yjd7fdzavpw,2026-10-05
Xerez Deportivo,Xerez DFC,Xerez Deportivo FC,62.7503956317,3190,1h4ygpz4oamwj3kksmzc15ams,2026-10-05
Royal Vision,Vision,Royal Vision 2026,62.749694142,3191,emlzehq1t5dd17y2jnjdwn4k,2026-10-05
Unión Huaral,Huaral,CS Unión Huaral,62.7488041881,3192,a9cov1ehhclrmqc4wgh59p2j8,2026-10-05
Vado,Vado,Vado FC,62.7486506276,3193,5sw6ud25poqqgzszu5yk6p0r8,2026-10-05
East Riffa,East Riffa,East Riffa Club,62.7398683654,3194,3dsgnubzzf96l31ocjo3kial0,2026-10-05
Stjørdals-Blink,Stjørdals,IL Stjørdals-Blink,62.7256164169,3195,eyebcttojdlxx2xxue3awhmvo,2026-10-05
US Oyem,US Oyem,US Oyem,62.7207268462,3196,91hx1tapplzhsaiav9r0gdq8k,2026-10-05
Köln II,Köln II,1. FC Köln II,62.7189853019,3197,cp9ieu0l4mgyazd7866sx8pw4,2026-10-05
Terengganu,Terengganu,Terengganu FC,62.7188596595,3198,6siod2n1m854sihsqbyknyl1w,2026-10-05
Liptovský Mikuláš,L. Mikuláš,MFK Tatran Liptovský Mikuláš,62.7151462243,3199,47gcoqnouhyfwprkioq13ex3o,2026-10-05
Treasure Beach,Treasure Beach,Treasure Beach FC,62.7147170568,3200,3b44u42lrrjhxh5ket3d32z9w,2026-10-05
Atlético Nacional,Nacional,SD Atlético Nacional,62.7141912513,3201,dxqxpijuyxkzzosa7wdmhzd3o,2026-10-05
Şanlıurfaspor,Şanlıurfa,Şanlıurfa SK,62.7127031706,3202,9iurl7j8nsnscnb6u5uaicj6c,2026-10-05
San Antonio,San Antonio,FCR San Antonio,62.7086686348,3203,a9cov1ehhclrmqc4wgh59p2j8,2026-10-05
Fréjus St-Raphaël,Fréjus,Étoile Fréjus Saint-Raphaël FC,62.7084627197,3204,4puti0g0aurz6lctqhbonl2c4,2026-10-05
Garden Stars,Garden Stars,Garden Stars FC,62.7080859037,3205,eutz7cztklmm0kuh8bthrfxg4,2026-10-05
Barrow,Barrow,Barrow AFC,62.7039605017,3206,7jeqt00dn1903yv3hr8r63g2c,2026-10-05
ASVO,ASVO,Association Sportive de la Vallée de l'Ouémé FC,62.703799959,3207,t5yilsv0ffm6kb8mz07ywiz8,2026-10-05
Granville,Granville,US Granvillaise,62.6997374808,3208,4puti0g0aurz6lctqhbonl2c4,2026-10-05
Villacañas,Villacañas,Villacañas CF,62.6914135636,3209,1h4ygpz4oamwj3kksmzc15ams,2026-10-05
Deportivo Santo Domingo,Deportivo SD,Deportivo Santo Domingo de los Tsachilas,62.6913577217,3210,6f3mt0vs7zxlbfevjpbqur4lw,2026-10-05
Naft Masjed Soleyman,Naft MIS,Naft Masjed Soleyman FC,62.6878662217,3211,4kjg0qklfya45mq3pjthw09w4,2026-10-05
Ajesaia,Ajesaia,Ajesaia,62.68704742,3212,citm4e83b4soxyy411ags2z8,2026-10-05
Atlético Arteixo,Arteixo,CA Arteixo,62.6868764019,3213,1h4ygpz4oamwj3kksmzc15ams,2026-10-05
Syunik,Syunik,FC Syunik,62.6809431733,3214,847iyp5po72cef4cdwd8c0ems,2026-10-05
Səbail,Səbail,Səbail FK,62.6760569704,3215,4pfckmvf2xp5c2nu2nq0ynwgk,2026-10-05
Maranhão,Maranhão,Maranhão AC,62.6728599905,3216,kis8d8dd780usq5xloolkaac,2026-10-05
Sámano,Sámano,UD Sámano,62.6613982826,3217,1h4ygpz4oamwj3kksmzc15ams,2026-10-05
Beauvais,Beauvais,AS Beauvais Oise,62.6564596741,3218,er1n8bxfo7q3075m90iafw1ec,2026-10-05
Tempête,Tempête,Tempête FC,62.6524181461,3219,bva0t7rr4t5eq0llsgztfzx90,2026-10-05
Meux,Meux,RFC Meux,62.6498806589,3220,6t5gnnzhfwzumtn1olpzzhlhw,2026-10-05
JSM Skikda,JSM Skikda,JSM Skikda,62.6472572225,3221,4ywcw2tioaj6sk5kze8z053yh,2026-10-05
FC 105,FC 105,Football Canon 105 de Libreville,62.6453399046,3222,91hx1tapplzhsaiav9r0gdq8k,2026-10-05
Verdes,Verdes,Hankook Real Verdes United FC,62.6438671458,3223,djnavxxuhnda69fg22tpuri1g,2026-10-05
Santa Ana,Santa Ana,AD Municipal Santa Ana,62.6422942556,3224,7yzd2ff4zj9i1m1mowvd9uot0,2026-10-05
CR Béni Thour,Béni Thour,Chabab Riadhi Béni Thour,62.6385316885,3225,flxkeved0q9tmclqafcpql1w,2026-10-05
Juventud Unida G.,Juventud UG,Club Social y Deportivo Juventud Unida de Gualeguaychú,62.6383071183,3226,bt89iqwmniyxhz06vrzhc3das,2026-10-05
Hércules,Hércules,CD Hércules,62.6361886638,3227,6wgpez958rtypmrbiuzjpjxn8,2026-10-05
Cosmopolites,Cosmopolites,Cosmopolites SC,62.6342690399,3228,bva0t7rr4t5eq0llsgztfzx90,2026-10-05
Panserraikos,Panserraikos,Panserraikos FC,62.6331799742,3229,13prgjp0qzce661j00a3jy3o4,2026-10-05
Al Arabi,Arabi,Al Arabi SC,62.6306272361,3230,espg5w80i6jk5f0n0b3buusk4,2026-10-05
Eltersdorf,Eltersdorf,Sport-Club 1926 Eltersdorf,62.6299864088,3231,cp9ieu0l4mgyazd7866sx8pw4,2026-10-05
Viktoria Plzeň II,Plzeň II,FC Viktoria Plzeň II,62.6261471424,3232,1b9w528q6lpjmxp9k0sfxvtw4,2026-10-05
Popești-Leordeni,Gloria PL,SC Popești-Leordeni,62.6257981178,3233,2iz4hkjsj1fadp09drcb6hhqs,2026-10-05
Gazelle,Gazelle,Gazelle FC,62.6214295198,3234,cqmw3la51kme1j36rsfej2p04,2026-10-05
Chemie Leipzig,Chemie L.,BSG Chemie Leipzig,62.620911766,3235,cp9ieu0l4mgyazd7866sx8pw4,2026-10-05
Sturm Graz II,Sturm II,SK Sturm Graz II,62.618119559,3236,bbsieeq7vmacbhd5d5hvgu978,2026-10-05
Huesca II,Huesca II,SD Huesca II,62.6132331864,3237,1h4ygpz4oamwj3kksmzc15ams,2026-10-05
Blue Eagles,Eagles,Blue Eagles FC,62.5969998639,3238,dzzhvxalhc0doyc8cvfxaeyvo,2026-10-05
Santiago de Píllaro,Sant Píllaro,Club Deportivo Santiago de Píllaro,62.5950278421,3239,51fmboanx3f6tr3jlow8054ic,2026-10-05
Police,Police,Police FC,62.5926369826,3240,193l1zv2eyi82heh2jblkwqhg,2026-10-05
Salgueiros,Salgueiros,SC Salgueiros,62.591942409,3241,f0zodm68vgjezko34dv1zdyc4,2026-10-05
Cabeza del Buey,Cabeza Buey,CD Cabeza del Buey,62.5853108041,3242,1h4ygpz4oamwj3kksmzc15ams,2026-10-05
Ajax II,Ajax II,AFC Ajax II,62.5832166081,3243,7bdyxkrzt42tv7377rpz5nqc4,2026-10-05
Uruguay Montevideo,Uruguay Mdeo,Uruguay Montevideo FC,62.5751329885,3244,6oy1dcqjggeoyx76gstf8zkes,2026-10-05
Kiyovu Sports,Kiyovu,Kiyovu Sports Association,62.5737892071,3245,193l1zv2eyi82heh2jblkwqhg,2026-10-05
Tixeraïne,Tixeraïne,JS Tixeraïne,62.5638393948,3246,flxkeved0q9tmclqafcpql1w,2026-10-05
Panamá City,Panamá City,Panamá City FC,62.5620175344,3247,5vfsgxr7re4yxafib5pgasopg,2026-10-05
Lealtad,Lealtad,CD Lealtad de Villaviciosa,62.561925477,3248,1h4ygpz4oamwj3kksmzc15ams,2026-10-05
Limón Black Star,Black Star,Limón Black Star FC,62.5609704232,3249,3axg6okixk6rkcmw8gjyjw3ro,2026-10-05
Bani Gansè,Bani Gansè,Bani Gansè FC,62.5596532465,3250,t5yilsv0ffm6kb8mz07ywiz8,2026-10-05
Kaédi,Kaédi,Kaédi FC,62.5554624964,3251,dp0cjg7hm16o0ay8b1amdexhw,2026-10-05
Giugliano,Giugliano,SSC Giugliano,62.5545956853,3252,5sw6ud25poqqgzszu5yk6p0r8,2026-10-05
Lorient II,Lorient II,FC Lorient II,62.5545433296,3253,4puti0g0aurz6lctqhbonl2c4,2026-10-05
JIPPO,JIPPO,JIPPO Joensuu,62.5504072196,3254,dfeircxbw7mix6mouzz7t05qs,2026-10-05
Shenavarsazi Qeshm,Shenavarsazi,Shenavarsazi Qeshm,62.5461615211,3255,4kjg0qklfya45mq3pjthw09w4,2026-10-05
AFC Eskilstuna,AFC Eskilstuna,AFC Eskilstuna,62.540634095,3256,6y4xajtea36x0n0xrjr4vy3o4,2026-10-05
Ogooue,Ogooue,Ogooue FC,62.5367911501,3257,91hx1tapplzhsaiav9r0gdq8k,2026-10-05
Siroco Les Abymes,Siroco,Siroco Les Abymes,62.5288610118,3258,5yj7rokg3llyzxbr4gglmdbmc,2026-10-05
Be'sat Kermanshah,Be'sat,Be'sat Kermanshah FC,62.5280113479,3259,4kjg0qklfya45mq3pjthw09w4,2026-10-05
Pamba Jiji,Pamba,Pamba Jiji FC,62.5266689081,3260,c5wdltkcr7ti6feuv6ej6kavo,2026-10-05
Mosta,Mosta,Mosta FC,62.5235309998,3261,3jedmdrdnamejeki9uh7jrs44,2026-10-05
Valour,Valour,Valour FC,62.514547882,3262,110qulr80h8ail8rgwi0o7x0,2026-10-05
Villafranca,Villafranca,SP Villafranca,62.514106776,3263,1h4ygpz4oamwj3kksmzc15ams,2026-10-05
Persita,Persita,Persatuan Sepak Bola Indonesia Tangerang,62.5136320731,3264,2t0yn5r2hq16whtb16f4i7nro,2026-10-05
Céleste,Céleste,Céleste FC,62.5079949661,3265,ehmma83pqd17k7x6if20hmrkk,2026-10-05
Lambaréné,Lambaréné,Lambaréné AC,62.5064242538,3266,91hx1tapplzhsaiav9r0gdq8k,2026-10-05
ÍR,ÍR,ÍR Reykjavík,62.5037924303,3267,a5uti9g06jek0b3rv3zavb578,2026-10-05
Ituano,Ituano,Ituano Futebol Clube,62.4976456805,3268,kis8d8dd780usq5xloolkaac,2026-10-05
Cosma,Cosma,Cosma Foot,62.4953525379,3269,8ptl1wrxicnblij9u19k2p4pg,2026-10-05
Gzira United,Gzira Utd,Gzira United FC,62.4952581809,3270,3jedmdrdnamejeki9uh7jrs44,2026-10-05
Deportivo Alavés III,Alavés III,Deportivo Alavés III,62.4854847578,3271,1h4ygpz4oamwj3kksmzc15ams,2026-10-05
Gyulai Termál,Gyulai Termál,Várfürdő-Gyulai Termál FC,62.4830413937,3272,2bunj0abqj9sw0w43ykismb6c,2026-10-05
Dimona,Dimona,MS Dimona,62.4826923414,3273,vb6kze8rzj979awz12g26vbo,2026-10-05
Unión Coclé,Unión Coclé,Unión Coclé FC,62.4820862981,3274,5vfsgxr7re4yxafib5pgasopg,2026-10-05
Al-Tahaddi,Tahaddi,Al-Tahaddi,62.4811181148,3275,68kgxuk3dkg7p955ifkisgc9g,2026-10-05
Maccabi K. Ata Bialik,K. Ata Bialik,Maccabi Ironi Kiryat Ata Bialik FC,62.4715226329,3276,vb6kze8rzj979awz12g26vbo,2026-10-05
Koforidua Semper Fi,Semper Fi,Koforidua Semper Fi FC,62.4661064954,3277,aj4bxdgocyi3ngimzhnz3cbv8,2026-10-05
Eimsbütteler TV,Eimsbütteler,Eimsbütteler Turnverband,62.4634943621,3278,cp9ieu0l4mgyazd7866sx8pw4,2026-10-05
Cinfães,Cinfães,CD Cinfães,62.4614000247,3279,f0zodm68vgjezko34dv1zdyc4,2026-10-05
Chabab Mohammédia,Chabab Moham.,Sporting Club Chabab Mohammédia,62.4584272576,3280,e66497iax4m4oq94h8qc9nllg,2026-10-05
Al Malaab El Libby,Al Malaab,Al Malaab El Libby,62.4531936893,3281,68kgxuk3dkg7p955ifkisgc9g,2026-10-05
Al Najma,Najma,Al Najma Club,62.4526163668,3282,3dsgnubzzf96l31ocjo3kial0,2026-10-05
Kagera Sugar,Kagera Sugar,Kagera Sugar,62.4519719876,3283,c5wdltkcr7ti6feuv6ej6kavo,2026-10-05
Sur,Sur,Sur SC,62.4480786054,3284,cbdqxkajw3jvb9nqzpbraim1g,2026-10-05
Al Anwar,Anwar,Al Anwar Club,62.4480786054,3285,3lxygsgllro9oeey1m5ndpct0,2026-10-05
Gloria Bistriţa,Gloria B.,CS Gloria Bistrița,62.4442961784,3286,2iz4hkjsj1fadp09drcb6hhqs,2026-10-05
Kapfenberger SV,KSV 1919,Kapfenberger SV 1919,62.4313809216,3287,bbsieeq7vmacbhd5d5hvgu978,2026-10-05
Linense,Linense,Real Balompédica Linense,62.4223052804,3288,1h4ygpz4oamwj3kksmzc15ams,2026-10-05
Cavaliers,Cavaliers,US Cavaliers de Nikki,62.4203819384,3289,t5yilsv0ffm6kb8mz07ywiz8,2026-10-05
Puerto Cabello II,Puerto Cabello,Academia Puerto Cabello II,62.4166643973,3290,5l0o7aj8bf50pay409j5x0j6c,2026-10-05
Militar 6 Setembro,Militar 6 Sete,Desportivo Militar 6 de Setembro,62.4144478325,3291,ewvv0b6kirzyt9yhu07yxksgk,2026-10-05
Bayreuth,Bayreuth,SpVgg Bayreuth,62.4125314618,3292,cp9ieu0l4mgyazd7866sx8pw4,2026-10-05
Tanganyika,Tanganyika,FC Tanganyika,62.4004851574,3293,ehmma83pqd17k7x6if20hmrkk,2026-10-05
Stade Nyonnais,Nyon,FC Stade Nyonnais,62.400314114,3294,akzt9nsp06yyv03a86lz8kdn8,2026-10-05
Unión Adarve,Adarve,AD Unión Adarve Barrio del Pilar,62.3982197032,3295,1h4ygpz4oamwj3kksmzc15ams,2026-10-05
Al Khabourah,Khabourah,Al Khabourah SC,62.3957189931,3296,42r30yzz5zgbxnlixkbfsyxhw,2026-10-05
Illescas,Illescas,CD Illescas,62.3954271517,3297,1h4ygpz4oamwj3kksmzc15ams,2026-10-05
Afumaţi,Afumaţi,CS Afumaţi,62.3954271517,3298,2iz4hkjsj1fadp09drcb6hhqs,2026-10-05
Umm Salal,Umm Salal,Umm Salal SC,62.3936245769,3299,e9xwqeh6pqwy3pva03skx9f6c,2026-10-05
Tatran Prešov,Tatran,1. FC Tatran Prešov,62.392285526,3300,47gcoqnouhyfwprkioq13ex3o,2026-10-05
Shakhter Karagandy,Karagandy,FK Shakhter Karagandy,62.390330734,3301,3xvgloy6xksv9wwg16vg7cb8,2026-10-05
BKMA II,BKMA II,Banaki Kentronakan Marzakan Akumb II,62.3853913839,3302,64vw8f01cagdwkkeibkert91w,2026-10-05
Persik Kediri,Persik,Persatuan Sepakbola Indonesia Kediri,62.3774988678,3303,2t0yn5r2hq16whtb16f4i7nro,2026-10-05
Greuther Fürth II,Fürth II,SpVgg Greuther Fürth II,62.3762282428,3304,cp9ieu0l4mgyazd7866sx8pw4,2026-10-05
Maccabi Ahi Nazareth,M Ahi Nazareth,Maccabi Ahi Nazareth FC,62.369944919,3305,1mqfttramp7l8dfkpwk7w6wic,2026-10-05
Ellas Syros,Syros,APO Ellas Syros,62.3654593106,3306,2ucolfpd3bp9magtvueu1udw,2026-10-05
Santa Ana,Santa Ana,Santa Ana FC,62.3650020223,3307,6f3mt0vs7zxlbfevjpbqur4lw,2026-10-05
Teleghma,Teleghma,NRB Teleghma,62.3620849482,3308,flxkeved0q9tmclqafcpql1w,2026-10-05
Blacks Power,Blacks Power,Blacks Power FC,62.3610400154,3309,d43v3lpfbbegmsubl20bdpct0,2026-10-05
Barra,Barra,Barra FC,62.3604640401,3310,kis8d8dd780usq5xloolkaac,2026-10-05
Cádiz II,Cádiz II,Cádiz CF II,62.3528402044,3311,1h4ygpz4oamwj3kksmzc15ams,2026-10-05
Águilas II,Águilas II,Águilas FC II,62.3496985045,3312,1h4ygpz4oamwj3kksmzc15ams,2026-10-05
Charlotte Independence,Independence,Charlotte Independence,62.3466488674,3313,aaqxopxxof8k6ao4qagu5yzo4,2026-10-05
La Cure Waves,Waves,La Cure Waves SC,62.3437606766,3314,212mfktyohz85uisj8uw4ji1g,2026-10-05
Vermont Green,Vermont Green,Vermont Green FC,62.3403654404,3315,65cy9siadyrbesmmxe748mtck,2026-10-05
Anápolis,Anápolis,Anápolis FC,62.3356794743,3316,kis8d8dd780usq5xloolkaac,2026-10-05
Deportivo Camioneros,Camioneros,CA Social y Deportivo Camioneros de Buenos Aires,62.3335849883,3317,epr9s9zih7yd5dygat10o64us,2026-10-05
Daejeon Korail,Daejeon Korail,Daejeon Korail FC,62.3328170095,3318,2e9i1nuxuoznknto2pks55vys,2026-10-05
Guelson,Guelson,RSD Guelson FC,62.3282265839,3319,7tyqslotzxi8ytlvxmjv1zyfo,2026-10-05
Binéfar,Binéfar,CD Binéfar,62.3280555336,3320,1h4ygpz4oamwj3kksmzc15ams,2026-10-05
Rijnsburgse Boys,Rijnsburg,Rijnsburgse Boys,62.3203757071,3321,asox70lt42oe70oat4mcayaz8,2026-10-05
Upington City,Upington,Upington City FC,62.319148128,3322,4nwd2e9auc7j57110c5f3fehg,2026-10-05
Altamura,Altamura,Team Altamura,62.3186302874,3323,5sw6ud25poqqgzszu5yk6p0r8,2026-10-05
Barockstadt Fulda-Lehn.,Lehnerz,SG Barockstadt Fulda-Lehnerz,62.3168848661,3324,cp9ieu0l4mgyazd7866sx8pw4,2026-10-05
Mekelle 70 Enderta,Mekelle,Mekelle 70 Enderta FC,62.3104210068,3325,yfk6117shr401b5om4u5nehg,2026-10-05
Leo Victor,Leo Victor,Leo Victor,62.3093273955,3326,2iliu0oyb0iehjz6cxu2y9t78,2026-10-05
Saham,Saham,Saham Club,62.3067041581,3327,cbdqxkajw3jvb9nqzpbraim1g,2026-10-05
Akritas,Akritas,Akritas Chloraka,62.3047541408,3328,8ejoxvm5ho0ybtj08tnwxm8lw,2026-10-05
Doxa,Doxa,Doxa Katokopia FC,62.3026596188,3329,8ejoxvm5ho0ybtj08tnwxm8lw,2026-10-05
Enosis,Enosis,Enosis Neon Paralimni,62.3005650943,3330,8ejoxvm5ho0ybtj08tnwxm8lw,2026-10-05
Ancona,Ancona,Unione Sportiva Ancona,62.2938451453,3331,cvnhrujf5s3lefro06hwoncb8,2026-10-05
San Marcos,San Marcos,FC San Marcos,62.2937649683,3332,c0h34ymbtky0gg66xxiox8t1w,2026-10-05
Grand Santi,Santi,ASU Grand Santi,62.2932413348,3333,8ptl1wrxicnblij9u19k2p4pg,2026-10-05
Os Marialvas,Os Marialvas,FC Os Marialvas,62.2927978782,3334,f0zodm68vgjezko34dv1zdyc4,2026-10-05
Zacatecoluca,Zacatecoluca,Zacatecoluca FC,62.282244995,3335,6wgpez958rtypmrbiuzjpjxn8,2026-10-05
Amazonas,Amazonas,Amazonas FC,62.2805238629,3336,kis8d8dd780usq5xloolkaac,2026-10-05
Lerumo Lions,Lions,Lerumo Lions FC,62.2803993862,3337,4nwd2e9auc7j57110c5f3fehg,2026-10-05
Atlético Barinas,Barinas,Club Atlético Barinas,62.2791274964,3338,5l0o7aj8bf50pay409j5x0j6c,2026-10-05
Cultural Leonesa II,CyD II,Cultural y Deportiva Leonesa Júpiter Leonés (Cultural Leonesa II),62.2655687208,3339,1h4ygpz4oamwj3kksmzc15ams,2026-10-05
Sigma Olomouc II,Sigma II,SK Sigma Olomouc II,62.2578886274,3340,1b9w528q6lpjmxp9k0sfxvtw4,2026-10-05
Matsumoto Yamaga,Matsumoto,Matsumoto Yamaga FC,62.2520028609,3341,d7a4tg9b5xoanhbupsxsbi238,2026-10-05
Lagun Onak,Lagun Onak,CD Lagun Onak,62.2519539873,3342,1h4ygpz4oamwj3kksmzc15ams,2026-10-05
Qingdao Hainiu,Hainiu,Qingdao Hainiu FC,62.2427517655,3343,e6818x4pwankpph8awr91m1hw,2026-10-05
Municipal Grecia,Grecia,AD Municipal Grecia FC,62.2258635922,3344,7yzd2ff4zj9i1m1mowvd9uot0,2026-10-05
Zlaté Moravce,Zlaté Moravce,FC ViOn Zlaté Moravce - Vráble,62.223327801,3345,47gcoqnouhyfwprkioq13ex3o,2026-10-05
Corinthian's de Los Rios,Corinthian's,Corinthian's de Los Rios,62.2134970444,3346,6f3mt0vs7zxlbfevjpbqur4lw,2026-10-05
UD da Serra,UD da Serra,UD da Serra,62.2111091679,3347,f0zodm68vgjezko34dv1zdyc4,2026-10-05
ASFAG,ASFAG,AS des Forces Armées de Guinée,62.2035999038,3348,1odzlx97lfuimst69uxvbn310,2026-10-05
Hamburger SV II,HSV II,Hamburger SV II,62.1988904516,3349,cp9ieu0l4mgyazd7866sx8pw4,2026-10-05
Utrera,Utrera,Club Deportivo Utrera,62.1947011583,3350,1h4ygpz4oamwj3kksmzc15ams,2026-10-05
PSIM Yogyakarta,PSIM,Perserikatan Sepakbola Indonesia Mataram,62.1942263711,3351,2t0yn5r2hq16whtb16f4i7nro,2026-10-05
Halaba Ketema,Halaba,Halaba Ketema FC,62.1935041728,3352,yr6guknnx5kfszs164te5444,2026-10-05
Colmar,Colmar,Stadium Racing Colmar,62.1897612707,3353,4puti0g0aurz6lctqhbonl2c4,2026-10-05
Juventud Huracán,Juv. Huracán,CD Juventud Huracán,62.1868252604,3354,a9cov1ehhclrmqc4wgh59p2j8,2026-10-05
Ulinzi Stars,Ulinzi,Ulinzi Stars,62.1864913113,3355,6of7eu9uyvb2ljqldumlr92xg,2026-10-05
Frýdek-Místek,Frýdek-Místek,Fotbal Frýdek-Místek,62.1852752126,3356,1b9w528q6lpjmxp9k0sfxvtw4,2026-10-05
Humble Lions,Humble,Humble Lions,62.1851950291,3357,cs79t28tkr2uwriwjrtungs4b,2026-10-05
Dieppe,Dieppe,FC Dieppe,62.1845246259,3358,4puti0g0aurz6lctqhbonl2c4,2026-10-05
KCB,KCB,Kenya Commercial Bank SC,62.1826510997,3359,6of7eu9uyvb2ljqldumlr92xg,2026-10-05
Damissa,Damissa,Damissa FC,62.181955175,3360,t5yilsv0ffm6kb8mz07ywiz8,2026-10-05
Guinée Foot Elite,Guinée Foot,Guinée Foot Elite,62.1812569518,3361,1odzlx97lfuimst69uxvbn310,2026-10-05
Mainz 05 II,Mainz 05 II,1. FSV Mainz 05 II,62.1772456643,3362,cp9ieu0l4mgyazd7866sx8pw4,2026-10-05
Club Colonial,Colonial,Club Colonial de Fort-de-France,62.176118147,3363,8oya8610sjuxts1g4yxvd1nh0,2026-10-05
One Knoxville,One Knoxville,One Knoxville SC,62.1731483977,3364,aaqxopxxof8k6ao4qagu5yzo4,2026-10-05
Vis Pesaro,Vis Pesaro,Vis Pesaro,62.1702634191,3365,5sw6ud25poqqgzszu5yk6p0r8,2026-10-05
Forest Green Rovers,Forest Green,Forest Green Rovers FC,62.1691986244,3366,7jeqt00dn1903yv3hr8r63g2c,2026-10-05
Camerhogne,Camerhogne,FC Camerhogne,62.1691358975,3367,7e8iz4klq135f8mgvdy8z4kyc,2026-10-05
Al Shorta,Shorta,Al Shorta SC,62.1682883585,3368,epf0rlgn33w37t43qiocvx4wk,2026-10-05
Gran Peña,Gran Peña,Gran Peña FC,62.1671214,3369,1h4ygpz4oamwj3kksmzc15ams,2026-10-05
Bergisch Gladbach,Bergisch Gladb,SV Bergisch Gladbach 09,62.1636302611,3370,cp9ieu0l4mgyazd7866sx8pw4,2026-10-05
Vilanova Geltrú,Vilanova,CF Vilanova Geltrú,62.1625829181,3371,1h4ygpz4oamwj3kksmzc15ams,2026-10-05
Club Péléen,Péléen,AS Club Péléen,62.1618045063,3372,8oya8610sjuxts1g4yxvd1nh0,2026-10-05
Biellese,Biellese,ASD Biellese 1902,62.1608373451,3373,cvnhrujf5s3lefro06hwoncb8,2026-10-05
AS Cotonou,AS Cotonou,AS Cotonou,62.1603101835,3374,t5yilsv0ffm6kb8mz07ywiz8,2026-10-05
Shabab Al-Ghar,Al-Ghar,Shabab Al-Ghar Club,62.155073451,3375,68kgxuk3dkg7p955ifkisgc9g,2026-10-05
Résidence Walferdange,Résidence,FC Résidence Walferdange,62.1535059199,3376,uza4dpaosr9j4jztif162p78,2026-10-05
Cultural Volante,Cul Volante,Club Deportivo Cultural Volante,62.1505174828,3377,a9cov1ehhclrmqc4wgh59p2j8,2026-10-05
Barry Town United,Barry Town,Barry Town United FC,62.1486182865,3378,5a72rnkyvdjffzei7qqokyot0,2026-10-05
Naval 1893,Naval,Associação Naval 1893,62.1451271116,3379,f0zodm68vgjezko34dv1zdyc4,2026-10-05
Khaleej Sart,Khaleej,Khaleej Sart,62.1355228544,3380,68kgxuk3dkg7p955ifkisgc9g,2026-10-05
Al Sahel,Sahel,Al Sahel SC,62.1352945497,3381,evaw3m63xloe8o87vqybzjsic,2026-10-05
Forward Madison,Forward,Forward Madison FC,62.1347456254,3382,aaqxopxxof8k6ao4qagu5yzo4,2026-10-05
Hoogstraten,Hoogstraten,Hoogstraten VV,62.1301149821,3383,6t5gnnzhfwzumtn1olpzzhlhw,2026-10-05
África Show,África Show,SC África Show,62.1299369305,3384,378ubqtunv9zk2so0s1rz4s2c,2026-10-05
IF Karlstad,IF Karlstad,IF Karlstad Fotboll,62.1227834313,3385,6y4xajtea36x0n0xrjr4vy3o4,2026-10-05
Sambenedettese,Sambenedettese,US Sambenedettese,62.1224343091,3386,5sw6ud25poqqgzszu5yk6p0r8,2026-10-05
Beti Kozkor,Beti Kozkor,Beti Kozkor KE,62.1224343091,3387,1h4ygpz4oamwj3kksmzc15ams,2026-10-05
1. FC Bocholt,Bocholt,1. FC Bocholt,62.1185939603,3388,cp9ieu0l4mgyazd7866sx8pw4,2026-10-05
Le Poiré sur Vie,VPSVF,Vendée Poiré sur Vie Football,62.1167959759,3389,4puti0g0aurz6lctqhbonl2c4,2026-10-05
Gamo Chencha,Chencha,Gamo Chencha FC,62.1164627541,3390,yr6guknnx5kfszs164te5444,2026-10-05
Juventude Évora,Évora,Juventude SC Évora,62.1067237391,3391,f0zodm68vgjezko34dv1zdyc4,2026-10-05
AD Pemba,AD Pemba,AD de Pemba,62.1044509319,3392,12paa0nrmm7b6c9bt3b9rsx78,2026-10-05
Atlético Kin,Atlético Kin,Club Atlético Kin,62.1021292441,3393,51fmboanx3f6tr3jlow8054ic,2026-10-05
Zawisza Bydgoszcz,Zawisza,WKS Zawisza Bydgoszcz,62.1014868518,3394,1f9k5nej63ck6nqpw0q5uml1w,2026-10-05
Atlètic Lleida,Atlètic Lleida,CE Atlètic Lleida 2019,62.0965990766,3395,1h4ygpz4oamwj3kksmzc15ams,2026-10-05
Juan Aurich,Juan Aurich,Club Juan Aurich de Chiclayo,62.0964035653,3396,a9cov1ehhclrmqc4wgh59p2j8,2026-10-05
Troyes II,Troyes II,Espérance Sportive Troyes Aube Champagne II,62.0923571751,3397,4puti0g0aurz6lctqhbonl2c4,2026-10-05
Brooklyn,Brooklyn,Brooklyn FC,62.0921524976,3398,cbkjk31sv9wm38ljg3vxhtus4,2026-10-05
Sanjoanense,Sanjoanense,AD Sanjoanense,62.0910130314,3399,f0zodm68vgjezko34dv1zdyc4,2026-10-05
Grobiņa,Grobiņa,FK Grobiņa,62.0812374103,3400,d1tk0recez2ejvsidutwviwwk,2026-10-05
Ayema,Ayema,Ayéma d'Adjarra FC,62.070934548,3401,t5yilsv0ffm6kb8mz07ywiz8,2026-10-05
Pelileo,Pelileo,Pelileo SC,62.0665180175,3402,6f3mt0vs7zxlbfevjpbqur4lw,2026-10-05
Comunicaciones,Comunicaciones,Club Comunicaciones de Buenos Aires,62.0626775488,3403,epr9s9zih7yd5dygat10o64us,2026-10-05
Schaffhausen,Schaffhausen,FC Schaffhausen,62.0540050419,3404,csiypz33i7wj1ttlalk11wb9w,2026-10-05
Elite,Elite,Elite SC,62.0537502846,3405,amq9d5z9f0eytpclvwfgke238,2026-10-05
Zbrojovka Brno II,Brno II,FC Zbrojovka Brno II,62.052608499,3406,1b9w528q6lpjmxp9k0sfxvtw4,2026-10-05
Foggia,Foggia,Foggia Calcio 1920,62.0522593631,3407,5sw6ud25poqqgzszu5yk6p0r8,2026-10-05
AD Sarchí,Sarchí,Asociación Deportiva Sarchí,62.0394333714,3408,7yzd2ff4zj9i1m1mowvd9uot0,2026-10-05
Peralada,Peralada,CF Peralada,62.0382938717,3409,1h4ygpz4oamwj3kksmzc15ams,2026-10-05
Os Limianos,Limianos,AD Os Limianos,62.019091143,3410,f0zodm68vgjezko34dv1zdyc4,2026-10-05
Torre del Mar,Torre del Mar,UD Torre del Mar,62.0089659849,3411,1h4ygpz4oamwj3kksmzc15ams,2026-10-05
Inter Bratislava,Inter,FK Inter Bratislava,62.004077957,3412,47gcoqnouhyfwprkioq13ex3o,2026-10-05
Al Ahli San'a,Al Ahli,Al Ahli San'a Club,62.0005315567,3413,6spnboa211s9rgq47ldx6qej8,2026-10-05
FICA,FICA,Football Club Inter Association du Cap-Haïtien,61.9926505076,3414,4vdnis45sxd05ictg09vgpous,2026-10-05
Lubumbashi Sport,Lubumbashi,FC Lubumbashi Sport,61.9913306158,3415,ehmma83pqd17k7x6if20hmrkk,2026-10-05
Almazán,Almazán,SD Almazán,61.9904612375,3416,1h4ygpz4oamwj3kksmzc15ams,2026-10-05
HSV Hoek,Hoek,Hoekse Sportvereniging Hoek,61.9887154968,3417,asox70lt42oe70oat4mcayaz8,2026-10-05
Svay Rieng,Svay Rieng,Preah Khan Reach Svay Rieng FC,61.9862165111,3418,4e6o0al3mukitypahlzl6tnh0,2026-10-05
Oyem AC,Oyem AC,Oyem AC,61.9820781766,3419,91hx1tapplzhsaiav9r0gdq8k,2026-10-05
Serik Spor,Serik,Serik Spor Futbol AS,61.9785901667,3420,9iurl7j8nsnscnb6u5uaicj6c,2026-10-05
26 de Febrero,26 de Febrero,Club 26 de Febrero,61.9759156734,3421,1gjxy3gxbk5vg77nc8lyisljo,2026-10-05
Gurten,Gurten,Union Gurten,61.9750986603,3422,8h4bz8mec7n5utisq4xhw6lg4,2026-10-05
Pohronie,Pohronie,FK Pohronie Žiar nad Hronom Dolná Ždaňa,61.9691630838,3423,47gcoqnouhyfwprkioq13ex3o,2026-10-05
Westfalia Rhynern,Rhynern,SV Westfalia Rhynern,61.9688139316,3424,cp9ieu0l4mgyazd7866sx8pw4,2026-10-05
Aubervilliers,Aubervilliers,FC Municipal d'Aubervilliers,61.9646939308,3425,bzf5qx9yamvvlrgfqfs6ozl78,2026-10-05
Leotar,Leotar,FK Leotar Trebinje,61.9611325665,3426,1kkhhxd0jcelyo7vaq5llsil0,2026-10-05
Kara Gostar,Kara Gostar,Kara Gostar SC,61.9603770172,3427,4kjg0qklfya45mq3pjthw09w4,2026-10-05
Astoria Walldorf,Astoria,FC Astoria Walldorf,61.9551969435,3428,cp9ieu0l4mgyazd7866sx8pw4,2026-10-05
Bulle,Bulle,FC Bulle,61.9551969435,3429,csiypz33i7wj1ttlalk11wb9w,2026-10-05
Naftan,Naftan,FK Naftan Novopolotsk,61.9401832211,3430,2tml5a5shxx16bkg25p0hh8gk,2026-10-05
Assabah,Assabah,Assabah Club,61.9330219802,3431,68kgxuk3dkg7p955ifkisgc9g,2026-10-05
Qatar U23,Qatar,Qatar Under 23,61.9310478525,3432,e9xwqeh6pqwy3pva03skx9f6c,2026-10-05
Mladost DG,Mladost DG,FK Mladost Donja Gorica,61.9300576161,3433,bp0tbsm945cofzlkbdgmd7dp0,2026-10-05
Tarbes,Tarbes,Tarbes Pyrénées Football,61.9170862831,3434,4puti0g0aurz6lctqhbonl2c4,2026-10-05
Provincial Ovalle,Prov. Ovalle,CD Provincial Ovalle FC,61.9163844667,3435,1wi9d67mmituunqd3csuv0fmc,2026-10-05
Dynamic Herb Cebu,Cebu,Dynamic Herb Cebu FC,61.9150948603,3436,c50ksp1w60e030qpuec4280es,2026-10-05
Aubstadt,Aubstadt,TSV Aubstadt,61.9143453568,3437,cp9ieu0l4mgyazd7866sx8pw4,2026-10-05
Al Musannah,Musannah,Al Musannah SC,61.9045115266,3438,cbdqxkajw3jvb9nqzpbraim1g,2026-10-05
Caernarfon Town,Caernarfon,Caernarfon Town FC,61.899331291,3439,5a72rnkyvdjffzei7qqokyot0,2026-10-05
Pro Vercelli,Pro Vercelli,FC Pro Vercelli Calcio,61.8951412966,3440,5sw6ud25poqqgzszu5yk6p0r8,2026-10-05
Amora,Amora,Amora FC,61.8940937964,3441,f0zodm68vgjezko34dv1zdyc4,2026-10-05
Manama,Manama,Manama,61.8884498747,3442,3dsgnubzzf96l31ocjo3kial0,2026-10-05
Racing Club Haitien,Racing Haitien,Racing Club Haitien,61.8823164745,3443,4vdnis45sxd05ictg09vgpous,2026-10-05
Guaraní A. Franco,Guaraní AF,Club Guaraní Antonio Franco,61.8762303329,3444,bt89iqwmniyxhz06vrzhc3das,2026-10-05
Olympic Charleroi,ROCC,ROC Charleroi,61.8755878594,3445,6t5gnnzhfwzumtn1olpzzhlhw,2026-10-05
Augsburg II,Augsburg II,FC Augsburg II,61.871048638,3446,cp9ieu0l4mgyazd7866sx8pw4,2026-10-05
Shahin Bandar Ameri,Shahin,Shahin Bandar Ameri FC,61.8702930506,3447,4kjg0qklfya45mq3pjthw09w4,2026-10-05
ADT II,ADT II,Asociación Deportiva Tarma II,61.8687580726,3448,a9cov1ehhclrmqc4wgh59p2j8,2026-10-05
Socuéllamos,Socuéllamos,Yugo Unión Deportiva Socuéllamos,61.8686044371,3449,1h4ygpz4oamwj3kksmzc15ams,2026-10-05
FC Alverca II,Alverca II,FC Alverca II,61.8640651979,3450,f0zodm68vgjezko34dv1zdyc4,2026-10-05
Folgore Caratese,Caratese,US Folgore Caratese ASD,61.8633668524,3451,5sw6ud25poqqgzszu5yk6p0r8,2026-10-05
Atlético Pulpileño,Pulpileño,Club Atlético Pulpileño,61.8623193336,3452,1h4ygpz4oamwj3kksmzc15ams,2026-10-05
TAFIC,TAFIC,TAFIC FC,61.8572141041,3453,e2i85rbbrmh0zcyvozwl9qk9g,2026-10-05
Hodonín,Hodonín,FK Hodonín,61.8542883358,3454,1b9w528q6lpjmxp9k0sfxvtw4,2026-10-05
Smail,Smail,Smail Club,61.8493426395,3455,cbdqxkajw3jvb9nqzpbraim1g,2026-10-05
St-Pryvé St-Hilaire,St-Pryvé,Saint-Pryvé Saint-Hilaire FC,61.8479508055,3456,4puti0g0aurz6lctqhbonl2c4,2026-10-05
Králův Dvůr,Králův Dvůr,FK Králův Dvůr,61.8441622436,3457,1b9w528q6lpjmxp9k0sfxvtw4,2026-10-05
Kaiserslautern II,Kaiserslautern,1. FC Kaiserslautern II,61.8350836294,3458,cp9ieu0l4mgyazd7866sx8pw4,2026-10-05
HHC,HHC,Hardenberg Heemse Combinatie,61.834036094,3459,asox70lt42oe70oat4mcayaz8,2026-10-05
DPMM,DPMM,Brunei Duli Pengiran Muda Mahkota FC,61.8293710622,3460,6siod2n1m854sihsqbyknyl1w,2026-10-05
ETSV Hamburg,ETSV Hamburg,ETSV Hamburg von 1924 e.V.,61.8232115256,3461,949cwx081ssmm4uuutgo1stn8,2026-10-05
Auckland City,Auckland,Auckland City FC,61.8221255733,3462,5covk71othb712xpvk7qwlul0,2026-10-05
Giravanz Kitakyushu,Giravanz,Giravanz Kitakyushu,61.8190702378,3463,d7a4tg9b5xoanhbupsxsbi238,2026-10-05
Spokane Velocity,Velocity,Spokane Velocity FC,61.8138757179,3464,aaqxopxxof8k6ao4qagu5yzo4,2026-10-05
Sofala,Sofala,Liga Desportiva de Sofala,61.812557991,3465,12paa0nrmm7b6c9bt3b9rsx78,2026-10-05
Amatitlán,Amatitlán,Deportivo Amatitlán,61.7999083626,3466,9krteg77umv3opxgpwp51d6ac,2026-10-05
Chełmianka Chełm,Chełm. Chełm,CKS Chełmianka Chełm,61.79876871,3467,9xyu4j66xlkjhki4hrt3624no,2026-10-05
Thành Phố Đồng Nai,TP Đồng Nai,Thành Phố Đồng Nai,61.7968970749,3468,cld1l7cgrsr3bij22f2ytqiok,2026-10-05
Moneni Pirates,Moneni,Moneni Pirates FC,61.7870674681,3469,8pf5znjqxa3ghoff6kevxy42c,2026-10-05
Alaniya Vladikavkaz,Alaniya,FK Alaniya Vladikavkaz,61.7809601619,3470,au1o7s1tazgfz249l77vlak9g,2026-10-05
Linare,Linare,Linare FC,61.7790361314,3471,770xwf92zra2rdko15e3rqbys,2026-10-05
Sundsvall,Sundsvall,GIF Sundsvall,61.7739763689,3472,e45p1bhnnox3kdgzamrx63r4k,2026-10-05
Moncarapachense,Moncarapachen.,Lusitano Ginásio Clube Moncarapachense,61.7708336531,3473,8uutnpd0veh6kk9a4hyt8ozkk,2026-10-05
América RN,América RN,América FC (Rio Grande do Norte),61.7690318269,3474,29znvbdtp6fkl3cekgpeti9lg,2026-10-05
Bumamuru,Bumamuru,Bumamuru FC,61.7676874417,3475,emlzehq1t5dd17y2jnjdwn4k,2026-10-05
Torrejón,Torrejón,AD Torrejón CF,61.7610562798,3476,1h4ygpz4oamwj3kksmzc15ams,2026-10-05
Bắc Ninh,Bắc Ninh,Bắc Ninh FC,61.7598829913,3477,cld1l7cgrsr3bij22f2ytqiok,2026-10-05
Hostert,Hostert,US Hostert,61.7446441395,3478,uza4dpaosr9j4jztif162p78,2026-10-05
Oleksandria,Oleksandria,FC Oleksandria,61.7432473546,3479,rr1w3xsanxl5hnby016mnx90,2026-10-05
Aswan,Aswan,Aswan SC,61.7427177726,3480,cqm44i69gxmooacafu49zpmok,2026-10-05
Mara Sugar,Mara Sugar,Mara Sugar FC,61.737479818,3481,6of7eu9uyvb2ljqldumlr92xg,2026-10-05
Al Wefaq Ajdabiyah,Al Wefaq,Al Wefaq FC,61.7360853229,3482,68kgxuk3dkg7p955ifkisgc9g,2026-10-05
Fountain Gate,Fountain Gate,Singida Fountain Gate FC,61.7261331606,3483,c5wdltkcr7ti6feuv6ej6kavo,2026-10-05
Belisia Bilzen,Belisia Bilzen,Belisia Bilzen SV,61.7257874511,3484,6t5gnnzhfwzumtn1olpzzhlhw,2026-10-05
LCS,LCS,Lesotho Correctional Services,61.720371356,3485,770xwf92zra2rdko15e3rqbys,2026-10-05
PSM Makassar,PSM,PSM Makassar,61.7092492726,3486,2t0yn5r2hq16whtb16f4i7nro,2026-10-05
Dessel Sport,Dessel,KFC Dessel Sport,61.7048353409,3487,6t5gnnzhfwzumtn1olpzzhlhw,2026-10-05
Fanja,Fanja,Fanja SC,61.702333662,3488,cbdqxkajw3jvb9nqzpbraim1g,2026-10-05
Atlético Albericia,Albericia,SD Atlético Albericia,61.6985496597,3489,1h4ygpz4oamwj3kksmzc15ams,2026-10-05
Ecosem Pasco,Ecosem,Ecosem Pasco,61.6969572836,3490,a9cov1ehhclrmqc4wgh59p2j8,2026-10-05
PAOK II,PAOK II,PAOK Thessaloniki FC II,61.6951099859,3491,2ucolfpd3bp9magtvueu1udw,2026-10-05
Santanyí,Santanyí,CD Santanyí,61.6936607812,3492,1h4ygpz4oamwj3kksmzc15ams,2026-10-05
Panthers,Panthers,HBA Police Panthers,61.6921837524,3493,6ai1o32comsvohaqi346lvx1w,2026-10-05
Lifofane,Lifofane,Lifofane FC,61.6910382433,3494,770xwf92zra2rdko15e3rqbys,2026-10-05
Penybont,Penybont,Penybont FC,61.6901687169,3495,5a72rnkyvdjffzei7qqokyot0,2026-10-05
Adama Kenema,Adama Kenema,Adama City FC,61.6885914982,3496,yfk6117shr401b5om4u5nehg,2026-10-05
Prato,Prato,AC Prato,61.6807401091,3497,cvnhrujf5s3lefro06hwoncb8,2026-10-05
Sporting Baie-Mahault,Sporting BM,Sporting Club Baie-Mahault,61.6801360899,3498,5yj7rokg3llyzxbr4gglmdbmc,2026-10-05
Borgo,Borgo,FC Borgo,61.6782432657,3499,4puti0g0aurz6lctqhbonl2c4,2026-10-05
Al-Afreky,Al-Afreky,Al-Afreky SC,61.6700857221,3500,68kgxuk3dkg7p955ifkisgc9g,2026-10-05
Orapa United,Orapa Utd,Orapa United FC,61.6686501529,3501,e2i85rbbrmh0zcyvozwl9qk9g,2026-10-05
Rochefort,Rochefort,Royale Union Rochefortoise,61.6681685542,3502,6t5gnnzhfwzumtn1olpzzhlhw,2026-10-05
GPA,GPA,Gambia Ports Authority FC,61.6671174303,3503,64nsmt5p5xncpk6dxcipjou8k,2026-10-05
IC Croix,IC Croix,Iris Club de Croix,61.6664923402,3504,bzf5qx9yamvvlrgfqfs6ozl78,2026-10-05
AFF Guatemala,AFF,Academia de Fútbol Guatemala,61.6563874414,3505,9krteg77umv3opxgpwp51d6ac,2026-10-05
Villa Santa Brígida,Santa Brígida,UD Villa de Santa Brígida,61.6542000557,3506,1h4ygpz4oamwj3kksmzc15ams,2026-10-05
Cayon,Cayon,Cayon Rockets FC,61.6490562402,3507,46z6xc333qod4qfckpehisphw,2026-10-05
Bylis,Bylis,FK Bylis,61.6489618404,3508,ixep4ur6emnedzdu16lpw9p0,2026-10-05
Wellington Olympic,Wellington Ol.,Wellington Olympic,61.6482249969,3509,5covk71othb712xpvk7qwlul0,2026-10-05
Fukushima United,Fukushima,Fukushima United FC,61.6462170095,3510,d7a4tg9b5xoanhbupsxsbi238,2026-10-05
UDELAS,UDELAS,UDELAS FC,61.6431172824,3511,5vfsgxr7re4yxafib5pgasopg,2026-10-05
Halifax Town,Halifax,FC Halifax Town,61.6346265124,3512,7jeqt00dn1903yv3hr8r63g2c,2026-10-05
České Budějovice,Č. Budějovice,SK Dynamo České Budějovice,61.6304533562,3513,1b9w528q6lpjmxp9k0sfxvtw4,2026-10-05
PWD,PWD,PWD de Bamenda,61.6299237407,3514,cqmw3la51kme1j36rsfej2p04,2026-10-05
San Ignacio,San Ignacio,CD San Ignacio,61.6294057004,3515,1h4ygpz4oamwj3kksmzc15ams,2026-10-05
Mortágua,Mortágua,Mortágua FC,61.6241674121,3516,f0zodm68vgjezko34dv1zdyc4,2026-10-05
Chaves II,Chaves II,GD Chaves II,61.6224213125,3517,f0zodm68vgjezko34dv1zdyc4,2026-10-05
Virginia,Virginia,Virginia USC,61.6193970641,3518,eoxw97unt96j58tbyfq6em4gk,2026-10-05
ANBA,ANBA,CD ANBA,61.6166382186,3519,a9cov1ehhclrmqc4wgh59p2j8,2026-10-05
Katwijk,Katwijk,vv Katwijk,61.6154368972,3520,asox70lt42oe70oat4mcayaz8,2026-10-05
Karvan,Karvan,Karvan İK,61.6154368972,3521,4pfckmvf2xp5c2nu2nq0ynwgk,2026-10-05
CAI Rivadavia,CAI,Comisión de Actividades Infantiles de Comodoro Rivadavia,61.6118888037,3522,bt89iqwmniyxhz06vrzhc3das,2026-10-05
Valle Egüés,Valle Egüés,CD Valle Egüés,61.6098493452,3523,1h4ygpz4oamwj3kksmzc15ams,2026-10-05
ESMTK,ESMTK,Erzsébeti Spartacus Munkás Testgyakorlók Köre Labdarúgó,61.6004203112,3524,2bunj0abqj9sw0w43ykismb6c,2026-10-05
Welwalo Adigrat Uni,Adigrat Uni,Welwalo Adigrat University,61.5967476634,3525,yfk6117shr401b5om4u5nehg,2026-10-05
Bistrica,Bistrica,NK Kety Emmi Bistrica,61.5965788386,3526,sb5fgqugrkxqc8jsc698x5hw,2026-10-05
Monterey Bay,Monterey Bay,Monterey Bay FC,61.5949248191,3527,cbkjk31sv9wm38ljg3vxhtus4,2026-10-05
Besa Kavajë,Besa,KS Besa Kavajë,61.5934358094,3528,ixep4ur6emnedzdu16lpw9p0,2026-10-05
Djeffa,Djeffa,Djeffa FC,61.5894162179,3529,t5yilsv0ffm6kb8mz07ywiz8,2026-10-05
Rangers Kinshasa,Rangers,Académic Club Rangers Kinshasa,61.5890669895,3530,ehmma83pqd17k7x6if20hmrkk,2026-10-05
Kariobangi Sharks,Kariobangi,Kariobangi Sharks FC,61.5862708786,3531,6of7eu9uyvb2ljqldumlr92xg,2026-10-05
Seravezza,Seravezza,ASD Seravezza Pozzi Calcio,61.5777205798,3532,cvnhrujf5s3lefro06hwoncb8,2026-10-05
AC Port of Spain,Ath­let­ic,Athletic Club Port of Spain,61.5729234771,3533,7vg2l80h7ceoyxoj3jy1igro4,2026-10-05
Kozakken Boys,Kozakken,Kozakken Boys,61.5627036749,3534,asox70lt42oe70oat4mcayaz8,2026-10-05
Foolad II,Foolad II,Foolad Khuzestan FC II (Foolad Novin Khuzestan FC),61.5622971885,3535,4kjg0qklfya45mq3pjthw09w4,2026-10-05
Nuova Ternana,Ternana,Nuova Ternana 1925,61.5609575149,3536,cvnhrujf5s3lefro06hwoncb8,2026-10-05
Bombada,Bombada,Bombada FC,61.5595570951,3537,64nsmt5p5xncpk6dxcipjou8k,2026-10-05
Central Argentino LB,Central Arg LB,CA Central Argentino La Banda,61.5581077781,3538,bt89iqwmniyxhz06vrzhc3das,2026-10-05
Arenteiro,Arenteiro,CD Arenteiro,61.547337408,3539,1h4ygpz4oamwj3kksmzc15ams,2026-10-05
Holstein Kiel II,Holstein II,Kieler SV Holstein 1900 II,61.5455912329,3540,949cwx081ssmm4uuutgo1stn8,2026-10-05
Independiente Cochabamba,Indep. CBBA,CA Independiente Cochabamba,61.5450115024,3541,c5tnc88k5en3ba29f455zsftg,2026-10-05
Volta Redonda,Volta Redonda,Volta Redonda FC,61.5434399428,3542,kis8d8dd780usq5xloolkaac,2026-10-05
Unión Tarija,Unión Tarija,Club Unión Tarija,61.5415191459,3543,9q5nb2oto8bvh3nkzt5d8kv10,2026-10-05
Thanh Hóa,Thanh Hóa,Đông Á Thanh Hóa FC,61.539877736,3544,cld1l7cgrsr3bij22f2ytqiok,2026-10-05
Oedt,Oedt,ASKÖ Oedt,61.5389557519,3545,90igsi0lyp3qkpm99nvmjcpas,2026-10-05
Athletic Club Boise,Boise,Athletic Club Boise,61.5355554936,3546,aaqxopxxof8k6ao4qagu5yzo4,2026-10-05
Quintanar del Rey,Quintanar,CD Quintanar del Rey,61.5333679591,3547,1h4ygpz4oamwj3kksmzc15ams,2026-10-05
Dolomiti Bellunesi,Dolomiti,AC Dolomiti Bellunesi,61.5242877583,3548,5sw6ud25poqqgzszu5yk6p0r8,2026-10-05
Sport Boys II,Sport Boys II,Sport Boys Association II,61.5136149705,3549,a9cov1ehhclrmqc4wgh59p2j8,2026-10-05
LPRC Oilers,Oilers,LPRC Oilers FC,61.5106638792,3550,6x5fs0vog8z4mtp0f4ankjfo4,2026-10-05
Todesfelde,Todesfelde,SV Todesfelde 1928,61.5082226737,3551,cp9ieu0l4mgyazd7866sx8pw4,2026-10-05
Flamurtari,Flamurtari,Flamurtari FC,61.5057779742,3552,ixep4ur6emnedzdu16lpw9p0,2026-10-05
Lugo II,Lugo II,Polvorín FC (CD Lugo II),61.501237809,3553,a2oiskox6m1za45txwdorj40k,2026-10-05
Beira-Mar,Beira-Mar,SC Beira-Mar,61.4998408327,3554,f0zodm68vgjezko34dv1zdyc4,2026-10-05
Soliman,Soliman,AS Soliman,61.4986126894,3555,1nu1lj0jx1nlr2x642usuevpw,2026-10-05
Huarte,Huarte,CD Itaroa Huarte,61.4949514071,3556,1h4ygpz4oamwj3kksmzc15ams,2026-10-05
Montlouis,Montlouis,AS Montlouis Football,61.4812784062,3557,4puti0g0aurz6lctqhbonl2c4,2026-10-05
Alcochetense,Alcochetense,GD Alcochetense,61.4781875599,3558,f0zodm68vgjezko34dv1zdyc4,2026-10-05
Majantja,Majantja,Majantja FC,61.4734692086,3559,54lbd9u8pepyir3vgily337ys,2026-10-05
Mtibwa Sugar,Mtibwa Sugar,Mtibwa Sugar FC,61.4705005862,3560,e6nshvsw9syd2ukhn2pq496ok,2026-10-05
Slingerz,Slingerz,Slingerz FC,61.4698999862,3561,5t6990t0c1erkodv9ovnltclw,2026-10-05
Murang'a SEAL,Murang'a SEAL,Murang'a Sports Excellence Academy,61.4685774128,3562,6of7eu9uyvb2ljqldumlr92xg,2026-10-05
Reilac Shiga,Reilac Shiga,Reilac Shiga FC,61.4656634656,3563,d7a4tg9b5xoanhbupsxsbi238,2026-10-05
Kahramanmaraş İstiklal,Kahramanmaraş,Kahramanmaraş İstiklal SK,61.4600265465,3564,9iurl7j8nsnscnb6u5uaicj6c,2026-10-05
Jezero,Jezero,FK Jezero Plav,61.4523429848,3565,bp0tbsm945cofzlkbdgmd7dp0,2026-10-05
Brikama United,Brikama,Brikama United FC,61.4519902404,3566,64nsmt5p5xncpk6dxcipjou8k,2026-10-05
Sokol Saratov,Sokol,FK Sokol Saratov,61.4495489541,3567,au1o7s1tazgfz249l77vlak9g,2026-10-05
Napredak,Napredak,FK Napredak Kruševac,61.4474534282,3568,38qhp7f77q817kvnksk95ucyc,2026-10-05
Manzini Sea Birds,Sea Birds,Manzini Sea Birds FC,61.4469260555,3569,8pf5znjqxa3ghoff6kevxy42c,2026-10-05
Punjab,Punjab,Punjab FC,61.4355214759,3570,d70h9cciplfhf01fn96gpcw0k,2026-10-05
Jamshedpur,Jamshedpur,Jamshedpur FC,61.4309811306,3571,d70h9cciplfhf01fn96gpcw0k,2026-10-05
Sinnamary,Sinnamary,US Sinnamary,61.4290372547,3572,8ptl1wrxicnblij9u19k2p4pg,2026-10-05
UD San Pedro,San Pedro,UD San Pedro,61.4181158048,3573,1h4ygpz4oamwj3kksmzc15ams,2026-10-05
BST Galaxy,BST Galaxy,BST Galaxy FC,61.4174137932,3574,64nsmt5p5xncpk6dxcipjou8k,2026-10-05
Al-Tersana,Tersana,Al-Tersana,61.4165406401,3575,68kgxuk3dkg7p955ifkisgc9g,2026-10-05
Olympic Cochabamba,Olympic,Club Olympic Cochabamba,61.4150912079,3576,2yzo0vofqnirl3yjd7fdzavpw,2026-10-05
Al Tai,Tai,Al Tai FC,61.414216678,3577,3lxygsgllro9oeey1m5ndpct0,2026-10-05
UPDF,UPDF,Uganda People's Defence Force FC,61.4137465529,3578,d43v3lpfbbegmsubl20bdpct0,2026-10-05
Académica Porto Novo,Porto Novo,Associação Académica do Porto Novo,61.4126987691,3579,378ubqtunv9zk2so0s1rz4s2c,2026-10-05
Etoile de Kivu,Etoile de Kivu,Etoile de Kivu FC,61.4099046758,3580,ehmma83pqd17k7x6if20hmrkk,2026-10-05
El Farolito,El Farolito,El Farolito SC,61.4077300812,3581,9vt0x6w5j04ksnu2iuzbc6b6c,2026-10-05
La Calzada,La Calzada,CD FC La Calzada,61.4062409143,3582,1h4ygpz4oamwj3kksmzc15ams,2026-10-05
Hertha BSC II,Hertha II,Hertha BSC II,61.4023990209,3583,cp9ieu0l4mgyazd7866sx8pw4,2026-10-05
Vihren Sandanski,Vihren,OFK Vihren Sandanski,61.4003034392,3584,ag6pp2ex0ka63z1nnnfqrhhjo,2026-10-05
Victory Club Warriors,VC Warriors,Victory Club Warriors FC,61.3990752269,3585,aj4bxdgocyi3ngimzhnz3cbv8,2026-10-05
Niroye Zamini,Niroye,Niroye Zamini,61.3943086842,3586,4kjg0qklfya45mq3pjthw09w4,2026-10-05
Arsenal Tivat,Arsenal,FK Arsenal Tivat,61.3940166791,3587,bp0tbsm945cofzlkbdgmd7dp0,2026-10-05
Attram de Visser,Attram,Attram de Visser SC,61.3882480076,3588,aj4bxdgocyi3ngimzhnz3cbv8,2026-10-05
Halkanoras,Halkanoras,Halkanoras FC Idaliou,61.3860708809,3589,8ejoxvm5ho0ybtj08tnwxm8lw,2026-10-05
Shan United,Shan,Shan United FC,61.3780016064,3590,9z1alus7ccfyiq108ybm8ycyc,2026-10-05
Sevastopol,Sevastopol,FK Sevastopol,61.3765533394,3591,9n14y5qaq232miwra7908raj8,2026-10-05
Mounana,Mounana,CF Mounana,61.3758513113,3592,91hx1tapplzhsaiav9r0gdq8k,2026-10-05
Marchfeld Donauauen,Marchfeld,FC Marchfeld Donauauen,61.3692186854,3593,8h4bz8mec7n5utisq4xhw6lg4,2026-10-05
Machico,Machico,AD Machico,61.3685201453,3594,f0zodm68vgjezko34dv1zdyc4,2026-10-05
Celoricense,Celoricense,Clube Desportivo Celoricense,61.3678216049,3595,f0zodm68vgjezko34dv1zdyc4,2026-10-05
Limonest,Limonest,FC Limonest Saint-Didier,61.3674199441,3596,4puti0g0aurz6lctqhbonl2c4,2026-10-05
Bitam,Bitam,US Bitam,61.3622297813,3597,91hx1tapplzhsaiav9r0gdq8k,2026-10-05
Fos,Fos,ES Fosseenne,61.3570640488,3598,bzf5qx9yamvvlrgfqfs6ozl78,2026-10-05
Mbabane Swallows,Swallows,Mbabane Swallows FC,61.3379552561,3599,8pf5znjqxa3ghoff6kevxy42c,2026-10-05
University of Pretoria,Tuks,University of Pretoria FC,61.3369051297,3600,4nwd2e9auc7j57110c5f3fehg,2026-10-05
Río San Juan Humi,San Juan Humi,Club Deportivo Río San Juan Humi,61.3298694932,3601,2yzo0vofqnirl3yjd7fdzavpw,2026-10-05
Agoncillo,Agoncillo,CD Agoncillo,61.3280043491,3602,1h4ygpz4oamwj3kksmzc15ams,2026-10-05
Bochum II,Bochum,VfL Bochum 1848 II,61.3189230949,3603,cp9ieu0l4mgyazd7866sx8pw4,2026-10-05
Union Saint-Gilloise II,Saint-Gilloise,Royale Union Saint-Gilloise II,61.3122867643,3604,6t5gnnzhfwzumtn1olpzzhlhw,2026-10-05
Brito,Brito,Brito SC,61.3091432306,3605,f0zodm68vgjezko34dv1zdyc4,2026-10-05
Mineros Potosí,Mineros,CD Mineros Potosí,61.3054198823,3606,5p141s9a5ltpktvq9w76hgkr8,2026-10-05
Tigres,Tigres,CD Tigres FC,61.3012284864,3607,4ui85ubhp5a9x1m5ludn222ac,2026-10-05
Benfica Castelo Branco,Benfica CB,Sport Benfica e Castelo Branco,61.3000618795,3608,f0zodm68vgjezko34dv1zdyc4,2026-10-05
SCM Râmnicu Vâlcea,Râmnicu Vâlcea,SCM Râmnicu Vâlcea,61.2965690397,3609,2iz4hkjsj1fadp09drcb6hhqs,2026-10-05
Fratria,Fratria,FK Fratria,61.2948226172,3610,ag6pp2ex0ka63z1nnnfqrhhjo,2026-10-05
L'Aquila,L'Aquila,AS L'Aquila Calcio 1927,61.2937747629,3611,cvnhrujf5s3lefro06hwoncb8,2026-10-05
Persijap,Persijap,Perserikatan Sepak Bola Indonesia Jepara,61.2932997354,3612,2t0yn5r2hq16whtb16f4i7nro,2026-10-05
Tormenta,Tormenta,South Georgia Tormenta FC,61.2907233192,3613,4b8z3pen6fglo1t1ultg1gmc4,2026-10-05
Cetatea 1932 Suceava,Cetatea,ACSM Cetatea 1932 Suceava,61.287487624,3614,2iz4hkjsj1fadp09drcb6hhqs,2026-10-05
Hope,Hope,Hope FC,61.2848621873,3615,4nwd2e9auc7j57110c5f3fehg,2026-10-05
Aguilas,Aguilas,Aguilas UMak FC,61.2847445289,3616,c50ksp1w60e030qpuec4280es,2026-10-05
Carmelita,Carmelita,AD Carmelita,61.2816418734,3617,7yzd2ff4zj9i1m1mowvd9uot0,2026-10-05
Alondras,Alondras,Alondras CF,61.2808511753,3618,1h4ygpz4oamwj3kksmzc15ams,2026-10-05
Florgrade,Florgrade,Florgrade Futebol Clube,61.2798033127,3619,f0zodm68vgjezko34dv1zdyc4,2026-10-05
Deportivo Laferrere,Laferrere,CSyC Deportivo Laferrere,61.2790488512,3620,epr9s9zih7yd5dygat10o64us,2026-10-05
Chayka,Chayka,FK Chayka Peschanokopskoye,61.2780568736,3621,ewtzgv48te3m77r86sxunl3x0,2026-10-05
Liga de Cuenca,Liga Cuenca,Liga Deportiva de Cuenca,61.2734602378,3622,6f3mt0vs7zxlbfevjpbqur4lw,2026-10-05
Umm Mughad,Umm Mughad,Umm Mughad SC,61.269842798,3623,815s3vrb2yqcmcbnptxrl6yok,2026-10-05
Woking,Woking,Woking FC,61.2588284654,3624,7jeqt00dn1903yv3hr8r63g2c,2026-10-05
Shahrdari Noshahr,Sh. Noshahr,Shahrdari Noshahr FC,61.2559943291,3625,9nix59zs26nwsfr23nq2yf2tw,2026-10-05
Hilden,Hilden,VfB 03 Hilden,61.2546544236,3626,cp9ieu0l4mgyazd7866sx8pw4,2026-10-05
Vitória Riboque,Vitória,Vitória FC do Riboque,61.2544762844,3627,ewvv0b6kirzyt9yhu07yxksgk,2026-10-05
Pacific,Pacific,Pacific FC,61.2523014985,3628,bmqmrylzzfggzr15yas9dev4k,2026-10-05
Villa San Carlos,Villa SC,CA Villa San Carlos,61.2514549004,3629,epr9s9zih7yd5dygat10o64us,2026-10-05
Kasserine,ASK,Avenir Sportif de Kasserine,61.2471388275,3630,esqacmk0w93cocl5anz1mk650,2026-10-05
Camacha,Camacha,AD Camacha,61.238936186,3631,f0zodm68vgjezko34dv1zdyc4,2026-10-05
Martina,Martina,ASD Martina Calcio 1947,61.238936186,3632,cvnhrujf5s3lefro06hwoncb8,2026-10-05
Leicesterford City,Leicesterford,Leicesterford City FC,61.234564195,3633,4nwd2e9auc7j57110c5f3fehg,2026-10-05
Austin II,Austin II,Austin FC II,61.2341381649,3634,93yvwhz6r37ar71e3pc8ep2c4,2026-10-05
Mines United,Mines,Mines United,61.2322960617,3635,7hoa4ene4msnhin9rmaiu35sk,2026-10-05
Blumenthaler SV,Blumenthal,Blumenthaler SV,61.2281079853,3636,949cwx081ssmm4uuutgo1stn8,2026-10-05
Cariari Pococí,Cariari Pococí,AD Cariari Pococí,61.2271522176,3637,7yzd2ff4zj9i1m1mowvd9uot0,2026-10-05
Gomora United,Gomora,Gomora United FC,61.2198936772,3638,4nwd2e9auc7j57110c5f3fehg,2026-10-05
Chingale de Tete,Chingale,Chingale de Tete,61.2184987747,3639,12paa0nrmm7b6c9bt3b9rsx78,2026-10-05
César Vallejo II,UCV II,CD Universidad César Vallejo II,61.2156869093,3640,a9cov1ehhclrmqc4wgh59p2j8,2026-10-05
Darnes,Darnes,Darnes,61.2066225425,3641,68kgxuk3dkg7p955ifkisgc9g,2026-10-05
Al Khor,Khor,Al Khor SC,61.2025517904,3642,e9xwqeh6pqwy3pva03skx9f6c,2026-10-05
Le Messager Ngozi,Messager,Académie de Football Le Messager FC,61.1987632289,3643,emlzehq1t5dd17y2jnjdwn4k,2026-10-05
Vitré,Vitré,AS Vitré,61.1977886697,3644,bzf5qx9yamvvlrgfqfs6ozl78,2026-10-05
Heaven Eleven,Heaven Eleven,Heaven Eleven FC,61.1900306153,3645,6x5fs0vog8z4mtp0f4ankjfo4,2026-10-05
Spartak Subotica,Spartak,FK Spartak Ždrepčeva Krv Subotica,61.1893354956,3646,38qhp7f77q817kvnksk95ucyc,2026-10-05
Kairouan,Kairouan,JS Kairouanaise,61.1863606068,3647,1nu1lj0jx1nlr2x642usuevpw,2026-10-05
Cardassar,Cardassar,CD Cardassar,61.1861917429,3648,1h4ygpz4oamwj3kksmzc15ams,2026-10-05
Al Sulaibikhat,Sulaibikhat,Al Sulaibikhat SC,61.1794976463,3649,evaw3m63xloe8o87vqybzjsic,2026-10-05
Garudayaksa,Garudayaksa,Garudayaksa FC,61.1794291625,3650,2t0yn5r2hq16whtb16f4i7nro,2026-10-05
Tenerife III,Tenerife,CD Tenerife III,61.176411143,3651,1h4ygpz4oamwj3kksmzc15ams,2026-10-05
Olympic Star,Olympic Star,Olympic Star,61.175359727,3652,emlzehq1t5dd17y2jnjdwn4k,2026-10-05
SWA Sharks,Sharks,SWA Sharks FC,61.1742350657,3653,9ia2wmzw59xkae8tdpphoxogk,2026-10-05
1º Dezembro,1º Dezembro,Sociedade União 1º de Dezembro,61.1704728951,3654,f0zodm68vgjezko34dv1zdyc4,2026-10-05
La Almunia,La Almunia,CD La Almunia,61.1687263478,3655,1h4ygpz4oamwj3kksmzc15ams,2026-10-05
Colomiers,Colomiers,US Colomiers Football,61.1621593145,3656,bzf5qx9yamvvlrgfqfs6ozl78,2026-10-05
Tefana,Tefana,AS Tefana,61.1620510263,3657,9phbd490eakui5xnhsh6u70us,2026-10-05
Cork City,Cork,Cork City FC,61.1613908303,3658,6qydmkudbsvl4lvc0tl1vqsk4,2026-10-05
Maxaquene,Maxaquene,CD Maxaquene,61.1605140592,3659,12paa0nrmm7b6c9bt3b9rsx78,2026-10-05
Umayya,Umayya,Umayya,61.1573187785,3660,epf0rlgn33w37t43qiocvx4wk,2026-10-05
Casatese Merate,Casatese,USD Casatese Merate,61.1537059696,3661,cvnhrujf5s3lefro06hwoncb8,2026-10-05
San Miguel,San Miguel,CD Arcangel San Miguel,61.1505621533,3662,1h4ygpz4oamwj3kksmzc15ams,2026-10-05
Kraké,Kraké,USS Kraké FC,61.1458429269,3663,t5yilsv0ffm6kb8mz07ywiz8,2026-10-05
CSKA Sofia II,CSKA II,PFK CSKA Sofia II,61.1432265601,3664,ag6pp2ex0ka63z1nnnfqrhhjo,2026-10-05
APEA,APEA,APEA Akrotiríou,61.1394714232,3665,8ejoxvm5ho0ybtj08tnwxm8lw,2026-10-05
Lechia Zielona Góra,Lechia ZG,KS Lechia Zielona Góra,61.1351923039,3666,1f9k5nej63ck6nqpw0q5uml1w,2026-10-05
Birzebbuga,Birzebbuga,Birzebbuga St. Peter's FC,61.1310005036,3667,3jedmdrdnamejeki9uh7jrs44,2026-10-05
Villarrubia,Villarrubia,Viña Xétar Villarrubia CF,61.1299525519,3668,1h4ygpz4oamwj3kksmzc15ams,2026-10-05
Montijo,Montijo,UD Montijo,61.1278566467,3669,1h4ygpz4oamwj3kksmzc15ams,2026-10-05
AC Carpi,AC Carpi,AC Carpi,61.1201716398,3670,5sw6ud25poqqgzszu5yk6p0r8,2026-10-05
Basel II,Basel II,FC Basel II,61.1187743622,3671,csiypz33i7wj1ttlalk11wb9w,2026-10-05
Tatabánya,Tatabánya,FC Tatabánya,61.1121372784,3672,2bunj0abqj9sw0w43ykismb6c,2026-10-05
Bo Rangers,Bo Rangers,Bo Rangers FC,61.1119591248,3673,75th1zjyt7qwkl462sjdx3ims,2026-10-05
Ontinyent 1931,Ontinyent 1931,Ontinyent 1931 CF,61.1114386366,3674,1h4ygpz4oamwj3kksmzc15ams,2026-10-05
Inter Sainte-Anne,Inter,Inter de Sainte-Anne,61.1089131575,3675,8oya8610sjuxts1g4yxvd1nh0,2026-10-05
Atlántico,Atlántico,Atlántico FC,61.0998307735,3676,cokma0jt05z41cexn5ea0mxg,2026-10-05
FC Siena,FC Siena,FC Siena SSD,61.0988630359,3677,cvnhrujf5s3lefro06hwoncb8,2026-10-05
Sporting Delhi,SC Delhi,Sporting Club Delhi,61.0963605002,3678,d70h9cciplfhf01fn96gpcw0k,2026-10-05
Somozas,Somozas,UD Somozas,61.0915272273,3679,1h4ygpz4oamwj3kksmzc15ams,2026-10-05
Shabab Al Sahel,Al Sahel,Shabab Al-Sahel,61.0904242786,3680,9lv9rln2qwsqme0g8t366uiac,2026-10-05
Abu Salim,Abu Salim,Abu Salim SC,61.0868078409,3681,68kgxuk3dkg7p955ifkisgc9g,2026-10-05
Brühl,Brühl,SC Brühl St. Gallen,61.085239367,3682,csiypz33i7wj1ttlalk11wb9w,2026-10-05
Tyumen,Tyumen,FK Tyumen,61.0845407145,3683,au1o7s1tazgfz249l77vlak9g,2026-10-05
1º de Maio,1º de Maio,Desportivo 1º de Maio,61.0843625581,3684,ewvv0b6kirzyt9yhu07yxksgk,2026-10-05
Olympique Marseille II,O Marseille II,Olympique de Marseille II,61.0814666401,3685,bzf5qx9yamvvlrgfqfs6ozl78,2026-10-05
Mathare United,Mathare Utd,Mathare United FC,61.0812163217,3686,6of7eu9uyvb2ljqldumlr92xg,2026-10-05
Považská Bystrica,Považská,FK Považská Bystrica,61.079650139,3687,47gcoqnouhyfwprkioq13ex3o,2026-10-05
1599 Şelimbăr,1599 Şelimbăr,CSC 1599 Şelimbăr,61.0793008117,3688,2iz4hkjsj1fadp09drcb6hhqs,2026-10-05
Altrincham,Altrincham,Altrincham FC,61.066008855,3689,7jeqt00dn1903yv3hr8r63g2c,2026-10-05
Digenis Morphou,Akritas,Digenis Akritas Morphou FC,61.0654149938,3690,8ejoxvm5ho0ybtj08tnwxm8lw,2026-10-05
Schonnebeck,Schonnebeck,Spvg Schonnebeck 1910,61.0628823486,3691,949cwx081ssmm4uuutgo1stn8,2026-10-05
Spartakos Kitiou,Spartakos,AS Spartakos Kitiou,61.0622710198,3692,8ejoxvm5ho0ybtj08tnwxm8lw,2026-10-05
Saint-Priest,Saint-Priest,AS Saint-Priest,61.0610832949,3693,4puti0g0aurz6lctqhbonl2c4,2026-10-05
Guyana Defence Force,GDF,Guyana Defence Force,61.0531954953,3694,5t6990t0c1erkodv9ovnltclw,2026-10-05
Etincelles,Etincelles,Etincelles FC,61.0527482394,3695,193l1zv2eyi82heh2jblkwqhg,2026-10-05
Al Wahda San'a,Wahda San'a,Al Wahda San'a,61.0516487597,3696,6spnboa211s9rgq47ldx6qej8,2026-10-05
Alpendorada,Alpendorada,Futebol Clube de Alpendorada,61.0496077344,3697,f0zodm68vgjezko34dv1zdyc4,2026-10-05
Le Pays du Valois,Pays du Valois,US Le Pays du Valois,61.0366299555,3698,4puti0g0aurz6lctqhbonl2c4,2026-10-05
Rosario,Rosario,Rosario AD,61.0329317939,3699,7yzd2ff4zj9i1m1mowvd9uot0,2026-10-05
Granada II,Granada II,Club Recreativo Granada,61.0279489383,3700,1h4ygpz4oamwj3kksmzc15ams,2026-10-05
Barco,Barco,CD Barco,61.0275996006,3701,1h4ygpz4oamwj3kksmzc15ams,2026-10-05
IB Khémis El Khechna,Khémis Khechna,IB Khémis El Khechna,61.0256724529,3702,flxkeved0q9tmclqafcpql1w,2026-10-05
Notodden,Notodden,Notodden FK,61.0199141557,3703,eyebcttojdlxx2xxue3awhmvo,2026-10-05
ASIL Lysi,ASIL,Asil FC Lyssi,61.0182547939,3704,8ejoxvm5ho0ybtj08tnwxm8lw,2026-10-05
Redonda,Redonda,Redonda FC,61.0176399562,3705,7tyqslotzxi8ytlvxmjv1zyfo,2026-10-05
Nations,Nations,Nations FC,61.0116988763,3706,68v3i3kx3e71qpfh48xnofac4,2026-10-05
San Lorenzo Alem,San Lorenzo Al,Club Atlético San Lorenzo de Alem,61.0083300306,3707,bt89iqwmniyxhz06vrzhc3das,2026-10-05
Al Waab,Al Waab,Al Waab FC,61.0048352346,3708,e9xwqeh6pqwy3pva03skx9f6c,2026-10-05
PSS,PSS,Persatuan Sepakbola Sleman,61.004766744,3709,2t0yn5r2hq16whtb16f4i7nro,2026-10-05
24 Erzincanspor,Erzincan,Erzincan Futbol Yatırımları A.Ş.,61.0031457955,3710,9iurl7j8nsnscnb6u5uaicj6c,2026-10-05
JSP,JSP,Jeunesse Sportive de Pobè FC,61.0005222331,3711,6kxxzenowii3ylw6oaiswv0us,2026-10-05
Jerez,Jerez,Jerez CF,60.9986043371,3712,1h4ygpz4oamwj3kksmzc15ams,2026-10-05
Amkar Perm,Amkar,FK Amkar Perm,60.9839318527,3713,au1o7s1tazgfz249l77vlak9g,2026-10-05
Social Pariacoto,Pariacoto,CD Centro Social Pariacoto,60.9837362188,3714,a9cov1ehhclrmqc4wgh59p2j8,2026-10-05
Eintracht Norderstedt,Norderstedt,FC Eintracht Norderstedt,60.9797396918,3715,cp9ieu0l4mgyazd7866sx8pw4,2026-10-05
Tukums,Tukums,FK Tukums 2000,60.9751981729,3716,d1tk0recez2ejvsidutwviwwk,2026-10-05
Jableh,Jableh,Jableh SC,60.9749685234,3717,epf0rlgn33w37t43qiocvx4wk,2026-10-05
Rennes II,Rennes II,Stade Rennais FC II,60.973171953,3718,bzf5qx9yamvvlrgfqfs6ozl78,2026-10-05
APEJES Academy,APEJES,APEJES Football Academy,60.9718735733,3719,lo53szu99kmox2hdgoltho9g,2026-10-05
Lugazi,Lugazi,Lugazi FC,60.9631421299,3720,d43v3lpfbbegmsubl20bdpct0,2026-10-05
Hapoel Acre,H Acre,Hapoel Acre FC,60.9598267909,3721,1mqfttramp7l8dfkpwk7w6wic,2026-10-05
Ohrid Lihnidos,Ohrid,GFK Ohrid Lihnidos,60.9594774397,3722,23f13ffyouf0ta8fxwogo00k,2026-10-05
Arandina,Arandina,Arandina CF,60.9584293858,3723,1h4ygpz4oamwj3kksmzc15ams,2026-10-05
Falcons,Falcons,Falcons FC,60.9531856153,3724,64nsmt5p5xncpk6dxcipjou8k,2026-10-05
Épinal,Épinal,SA Épinal,60.9444028711,3725,4puti0g0aurz6lctqhbonl2c4,2026-10-05
Consultants Moravia,Consultants,Fútbol Consultants Moravia,60.9441980611,3726,7yzd2ff4zj9i1m1mowvd9uot0,2026-10-05
Lion Heart,Lion Heart,Lion Heart FC,60.9419295553,3727,6ai1o32comsvohaqi346lvx1w,2026-10-05
Metalac GM,Metalac GM,FK Metalac Gornji Milanovac,60.9374681768,3728,38qhp7f77q817kvnksk95ucyc,2026-10-05
Naft Gachsaran,Gachsaran,Naft Gachsaran FC,60.9353147673,3729,4kjg0qklfya45mq3pjthw09w4,2026-10-05
Brea,Brea,CD Brea,60.9350226861,3730,1h4ygpz4oamwj3kksmzc15ams,2026-10-05
Scherpenheuvel,Scherpenheuvel,RSKV Scherpenheuvel,60.934767768,3731,119tdmfy4d0m5k0j3klu9515g,2026-10-05
St. Pauli II,St. Pauli II,FC Sankt Pauli von 1910 II,60.9336252613,3732,cp9ieu0l4mgyazd7866sx8pw4,2026-10-05
HSC Hannover,HSC Hannover,HSC Hannover,60.929083623,3733,cp9ieu0l4mgyazd7866sx8pw4,2026-10-05
Castellana,Castellana,La Castellana Fútbol Club,60.922040567,3734,6f3mt0vs7zxlbfevjpbqur4lw,2026-10-05
Béchar Djedid,Béchar Djedid,US Béchar Djedid,60.9201692008,3735,flxkeved0q9tmclqafcpql1w,2026-10-05
Montañesa,Montañesa,CF Montañesa,60.9196509522,3736,1h4ygpz4oamwj3kksmzc15ams,2026-10-05
Pozoblanco,Pozoblanco,CD Pozoblanco,60.9175547963,3737,1h4ygpz4oamwj3kksmzc15ams,2026-10-05
Aral,Aral,PFK Aral Nukus,60.9129558409,3738,26s13oh06ryerg6163qnfmsr8,2026-10-05
Ross County,Ross County,Ross County FC,60.9039297215,3739,26kd2bh05z75muzw8jzn7ro5w,2026-10-05
Wattenscheid 09,Wattenscheid,SG Wattenscheid 09,60.9028816344,3740,cp9ieu0l4mgyazd7866sx8pw4,2026-10-05
Potters Tigers,Potters,Potters Tigers FC,60.9021026695,3741,eutz7cztklmm0kuh8bthrfxg4,2026-10-05
Marino,Marino,CD Marino,60.8930994583,3742,1h4ygpz4oamwj3kksmzc15ams,2026-10-05
Black Leopards,Leopards,Black Leopards FC,60.892918986,3743,bs9n6kn2odqmtw1oqq0c6glck,2026-10-05
Guingamp II,Guingamp II,En Avant Guingamp II,60.8872301264,3744,bzf5qx9yamvvlrgfqfs6ozl78,2026-10-05
Champ's Guatemala,Champ's,Champ's Academy Guatemala,60.8844574706,3745,9krteg77umv3opxgpwp51d6ac,2026-10-05
General Paz Juniors,Paz Juniors,Club Atlético General Paz Juniors,60.883261329,3746,bt89iqwmniyxhz06vrzhc3das,2026-10-05
Al Saqer,Al Saqer,Al Saqer FC,60.8787181825,3747,3lxygsgllro9oeey1m5ndpct0,2026-10-05
Lund,Lund,Lunds BK,60.8773779895,3748,6y4xajtea36x0n0xrjr4vy3o4,2026-10-05
Stade Gabésien,Stade Gabésien,Stade Gabésien,60.8761494125,3749,esqacmk0w93cocl5anz1mk650,2026-10-05
Atlético Ávila,Ávila,Atlético Ávila FC,60.8706840947,3750,5l0o7aj8bf50pay409j5x0j6c,2026-10-05
Roda,Roda,CD Roda,60.8700412558,3751,1h4ygpz4oamwj3kksmzc15ams,2026-10-05
Schwaben Augsburg,Schwaben,TSV Schwaben Augsburg,60.8661981926,3752,cp9ieu0l4mgyazd7866sx8pw4,2026-10-05
San Bartolomé,San Bartolomé,CF San Bartolomé,60.8627044915,3753,1h4ygpz4oamwj3kksmzc15ams,2026-10-05
Victoria United,Victoria Utd,Victoria United FC,60.8593796787,3754,cqmw3la51kme1j36rsfej2p04,2026-10-05
Pro Sesto,Pro Sesto,AC Pro Sesto,60.8560664401,3755,cvnhrujf5s3lefro06hwoncb8,2026-10-05
Durango,Durango,SCD Durango,60.8557170682,3756,1h4ygpz4oamwj3kksmzc15ams,2026-10-05
Al Qadisiya,Al Qadisiya,Al Qadisiya,60.8544907726,3757,68kgxuk3dkg7p955ifkisgc9g,2026-10-05
Gyeongju KHNP,Gyeongju KHNP,Gyeongju Korea Hydro & Nuclear Power FC,60.8527963171,3758,2e9i1nuxuoznknto2pks55vys,2026-10-05
Al Sha'ab Hadhramaut,Hadhramaut,Al Sha'ab Hadhramaut Mukalla,60.8413377839,3759,6spnboa211s9rgq47ldx6qej8,2026-10-05
Isparta 32 Spor,Isparta 32,Isparta 32 SK,60.8344052553,3760,9iurl7j8nsnscnb6u5uaicj6c,2026-10-05
Dijon II,Dijon II,Dijon FCO II,60.8316801196,3761,bzf5qx9yamvvlrgfqfs6ozl78,2026-10-05
Morupule Wanderers,Morupule W.,Morupule Wanderers FC,60.82755017,3762,e2i85rbbrmh0zcyvozwl9qk9g,2026-10-05
Europa II,Europa II,CE Europa II,60.8228758059,3763,1h4ygpz4oamwj3kksmzc15ams,2026-10-05
Ayia Napa,Ayia Napa,AO Ayia Napa,60.8198187421,3764,8ejoxvm5ho0ybtj08tnwxm8lw,2026-10-05
Sfax Railways,SRS,Sfax Railways Sport,60.8171052623,3765,esqacmk0w93cocl5anz1mk650,2026-10-05
Real Tamale United,RTU,Real Tamale United,60.8153583636,3766,aj4bxdgocyi3ngimzhnz3cbv8,2026-10-05
Pontarlier,Pontarlier,CA Pontarlier,60.81525934,3767,bzf5qx9yamvvlrgfqfs6ozl78,2026-10-05
San Martín Burzaco,SM Burzaco,CSyD San Martín de Burzaco,60.8147841833,3768,epr9s9zih7yd5dygat10o64us,2026-10-05
EM Huanuni,Huanuni,Club Empresa Minera Huanuni,60.8128625921,3769,4l6wefmt6nyxdk9kh2zggx3sa,2026-10-05
Baník Souš,Baník Souš,FK Baník Most-Souš,60.8127438028,3770,1b9w528q6lpjmxp9k0sfxvtw4,2026-10-05
UDA,UDA,Club Social Unión Deportivo Ascensión,60.8101024847,3771,a9cov1ehhclrmqc4wgh59p2j8,2026-10-05
Iraklis Yerolakkou,Yerolakkou,Iraklis Yerolakkou FC,60.8093373403,3772,8ejoxvm5ho0ybtj08tnwxm8lw,2026-10-05
Racing de Casablanca,Racing AC,Racing Athletic Club Casablanca,60.8080213702,3773,e66497iax4m4oq94h8qc9nllg,2026-10-05
Real Betis III,Betis III,Real Betis Balompié III,60.8036598881,3774,1h4ygpz4oamwj3kksmzc15ams,2026-10-05
Union Clodiense,Clodiense,Union Clodiense Chioggia FC,60.8022623585,3775,cvnhrujf5s3lefro06hwoncb8,2026-10-05
Scunthorpe United,Scunthorpe,Scunthorpe United FC,60.8011967415,3776,7jeqt00dn1903yv3hr8r63g2c,2026-10-05
Racing Olavarría,Rac Olavarría,Racing Athletic Club de Olavarría,60.8011583094,3777,bt89iqwmniyxhz06vrzhc3das,2026-10-05
Hapoel Migdal HaEmek,H Migdal,Hapoel Migdal HaEmek FC,60.7977203799,3778,vb6kze8rzj979awz12g26vbo,2026-10-05
Jura Dolois,Jura Dolois,Jura Dolois Foot,60.7901038046,3779,bzf5qx9yamvvlrgfqfs6ozl78,2026-10-05
Rana,Rana,Rana FK,60.7861906888,3780,eyebcttojdlxx2xxue3awhmvo,2026-10-05
Hapoel Hadera,Hapoel Hadera,Hapoel Hadera Shulam Shwartz FC,60.7854919172,3781,vb6kze8rzj979awz12g26vbo,2026-10-05
Al Batnan,Al Batnan,Al Batnan SC,60.7802476275,3782,7dopabw0p0gkbg7i6eb0qh6ok,2026-10-05
Mercadal,Mercadal,CE Mercadal,60.7774560238,3783,1h4ygpz4oamwj3kksmzc15ams,2026-10-05
Vestri,Vestri,IF Vestri,60.7678303725,3784,a5uti9g06jek0b3rv3zavb578,2026-10-05
Ciudad Canela,Canela,CD Ciudad Canela,60.7564367473,3785,6f3mt0vs7zxlbfevjpbqur4lw,2026-10-05
Lyon La Duchere,Lyon Duchere,Lyon La Duchere,60.7553920659,3786,4puti0g0aurz6lctqhbonl2c4,2026-10-05
Deportivo Lute,Dep Lute,Deportivo Lute,60.7528030701,3787,a9cov1ehhclrmqc4wgh59p2j8,2026-10-05
Raya Ghazl,Kafr El-Dawar,Raya SC Ghazl Kafr El-Dawar,60.7507218875,3788,cqm44i69gxmooacafu49zpmok,2026-10-05
Primorje,Primorje,ND Primorje,60.7488060166,3789,sb5fgqugrkxqc8jsc698x5hw,2026-10-05
Aigle Royal de Moungo,Aigle Royal,Aigle Royal de Moungo FC,60.7468785623,3790,cqmw3la51kme1j36rsfej2p04,2026-10-05
FBK Karlstad,FBK Karlstad,FBK Karlstad,60.7453120811,3791,6y4xajtea36x0n0xrjr4vy3o4,2026-10-05
Asteras Tripolis II,Asteras,Asteras Tripolis II,60.7450150963,3792,2ucolfpd3bp9magtvueu1udw,2026-10-05
Ansbach,Ansbach,SpVgg Ansbach 09,60.7449626872,3793,cp9ieu0l4mgyazd7866sx8pw4,2026-10-05
Aigle Royal,Aigle Royal,Aigle Royal de la Menoua (Dschang),60.7440834115,3794,cqmw3la51kme1j36rsfej2p04,2026-10-05
St. Peters,St. Peters,Harris Paints St. Peters FC,60.7426113761,3795,46z6xc333qod4qfckpehisphw,2026-10-05
Anadia,Anadia,Anadia FC,60.7418181387,3796,8uutnpd0veh6kk9a4hyt8ozkk,2026-10-05
Jong Holland,Holland,CRKSV Jong Holland,60.7349246817,3797,119tdmfy4d0m5k0j3klu9515g,2026-10-05
Cjarlins Muzane,Cjarlins Muz.,ASD Cjarlins Muzane,60.7316856663,3798,cvnhrujf5s3lefro06hwoncb8,2026-10-05
Luparense,Luparense,Luparense San Paolo FC,60.7309868729,3799,cvnhrujf5s3lefro06hwoncb8,2026-10-05
Hapoel Nof HaGalil,Hapoel Nof HG,Hapoel Nof HaGalil FC,60.7131675476,3800,vb6kze8rzj979awz12g26vbo,2026-10-05
Auxerre II,Auxerre II,Association Jeunesse Auxerroise II,60.7118398259,3801,bzf5qx9yamvvlrgfqfs6ozl78,2026-10-05
Crevillente,Crevillente,Crevillente Deportivo,60.7114205452,3802,1h4ygpz4oamwj3kksmzc15ams,2026-10-05
Lagoa,Lagoa,GD Lagoa,60.7089747388,3803,f0zodm68vgjezko34dv1zdyc4,2026-10-05
Yarmouk,Yarmouk,Al Yarmouk SC,60.7068210483,3804,76g4asjtuo0abv0lej1tevpqs,2026-10-05
Villaralbo,Villaralbo,CD Villaralbo,60.706528929,3805,1h4ygpz4oamwj3kksmzc15ams,2026-10-05
Luzino,Luzino,Wikęd Luzino,60.7044325179,3806,9xyu4j66xlkjhki4hrt3624no,2026-10-05
La Virgen del Camino,Virgen Camino,CD La Virgen del Camino,60.700589091,3807,1h4ygpz4oamwj3kksmzc15ams,2026-10-05
Inter Nouakchott,Inter,FC Inter Nouakchott,60.6962157594,3808,dp0cjg7hm16o0ay8b1amdexhw,2026-10-05
Arba Minch Kenema,Arba Minch,Arba Minch City FC,60.6927217188,3809,yfk6117shr401b5om4u5nehg,2026-10-05
ASAS,ASAS,AS Ali Sabieh Djibouti Télécom,60.6895793731,3810,7f868v9jwq97tjz4bmgfl3g9g,2026-10-05
CIVO United,CIVO,Civil Service United,60.689229968,3811,dzzhvxalhc0doyc8cvfxaeyvo,2026-10-05
FC Serpa,Serpa,Futebol Clube de Serpa,60.6824200493,3812,f0zodm68vgjezko34dv1zdyc4,2026-10-05
Khan Sheikhoun,Khan Sheikhoun,Khan Sheikhoun FC,60.6800939212,3813,epf0rlgn33w37t43qiocvx4wk,2026-10-05
Hay Al Wadi,Hay Al Wadi,Hay Al Wadi SC,60.6780466722,3814,815s3vrb2yqcmcbnptxrl6yok,2026-10-05
Dire Dawa Kenema,Dire Dawa,Dire Dawa City,60.6776972648,3815,yfk6117shr401b5om4u5nehg,2026-10-05
Dacia-Buiucani,Dacia-Buiucani,FC Dacia-Buiucani,60.677528352,3816,c0orgvbfnq9wp7blxq2rdm0pg,2026-10-05
Hoàng Anh Gia Lai,HAGL,Hoàng Anh Gia Lai,60.6763543426,3817,cld1l7cgrsr3bij22f2ytqiok,2026-10-05
Cutelinho,Cutelinho,Cutelinho FC,60.6759525237,3818,378ubqtunv9zk2so0s1rz4s2c,2026-10-05
The Bees,Bees,The Bees FC,60.6637209126,3819,4nwd2e9auc7j57110c5f3fehg,2026-10-05
Pro Palazzolo,Pro Palazzolo,ASD Pro Palazzolo,60.6576120142,3820,cvnhrujf5s3lefro06hwoncb8,2026-10-05
Kigezi Home Boyz,Kigezi HB,Kigezi Home Boyz FC,60.6570844029,3821,d43v3lpfbbegmsubl20bdpct0,2026-10-05
Deportivo Pucarani,Pucarani,Club Deportivo Pucarani,60.6545861086,3822,2yzo0vofqnirl3yjd7fdzavpw,2026-10-05
Şahdağ,Şahdağ,FK Şahdağ Gusar,60.6453825714,3823,4pfckmvf2xp5c2nu2nq0ynwgk,2026-10-05
Dragons,Dragons,AS Dragons FC de l'Ouémé,60.6448549581,3824,t5yilsv0ffm6kb8mz07ywiz8,2026-10-05
Isenmulang Kalteng,Isenmulang,Isenmulang Kalteng FC,60.6403649809,3825,2t0yn5r2hq16whtb16f4i7nro,2026-10-05
Fraga,Fraga,UD Fraga,60.6331530429,3826,1h4ygpz4oamwj3kksmzc15ams,2026-10-05
Åtvidaberg,Åtvidaberg,Åtvidabergs FF,60.6331530429,3827,6y4xajtea36x0n0xrjr4vy3o4,2026-10-05
Mukura,Mukura,Mukura Victory Sports FC,60.6275588803,3828,193l1zv2eyi82heh2jblkwqhg,2026-10-05
Ingenio El Alto,Ingenio,CD Ingenio Futbol El Alto,60.6185962982,3829,2yzo0vofqnirl3yjd7fdzavpw,2026-10-05
Sabah,Sabah,Sabah FC,60.6138092481,3830,6siod2n1m854sihsqbyknyl1w,2026-10-05
Camioneros Rio Grande,Camioneros RG,Club Atlético Social y Deportivo Camioneros de Rio Grande,60.6124814508,3831,bt89iqwmniyxhz06vrzhc3das,2026-10-05
Kilia Kiel,Kilia,FC Kilia Kiel 1902,60.6104408341,3832,949cwx081ssmm4uuutgo1stn8,2026-10-05
Milan II,Milan II,Milan Futuro,60.6079948863,3833,cvnhrujf5s3lefro06hwoncb8,2026-10-05
Torrijos,Torrijos,CD Torrijos,60.6069466219,3834,1h4ygpz4oamwj3kksmzc15ams,2026-10-05
Thonon Évian,Thonon Évian,Thonon Évian Grand Genève FC,60.6056188194,3835,bzf5qx9yamvvlrgfqfs6ozl78,2026-10-05
Marine,Marine,Marine FC,60.6037983324,3836,193l1zv2eyi82heh2jblkwqhg,2026-10-05
Cliftonville,Cliftonville,Cliftonville FC,60.602753558,3837,8ahwg697cwemg7ctdnexwqivo,2026-10-05
Al Rustaq,Rustaq,Al Rustaq FC,60.6023468498,3838,42r30yzz5zgbxnlixkbfsyxhw,2026-10-05
Sparta Praha II,Sparta II,AC Sparta Praha II,60.5982110608,3839,1b9w528q6lpjmxp9k0sfxvtw4,2026-10-05
Mbarara City,Mbarara,Mbarara City FC,60.5976834315,3840,d43v3lpfbbegmsubl20bdpct0,2026-10-05
Merelbeke,Merelbeke,KFC Merelbeke,60.595066248,3841,6t5gnnzhfwzumtn1olpzzhlhw,2026-10-05
Berceo,Berceo,CD Berceo,60.5859812016,3842,1h4ygpz4oamwj3kksmzc15ams,2026-10-05
Paloma,Paloma,Uhlenhorster SC Paloma,60.5842340719,3843,949cwx081ssmm4uuutgo1stn8,2026-10-05
Hatayspor,Hatay,Hatay SK,60.5838846457,3844,9iurl7j8nsnscnb6u5uaicj6c,2026-10-05
Olympiakos Piraeus II,Olympiakos II,Olympiakos CFP II,60.5832382072,3845,2ucolfpd3bp9magtvueu1udw,2026-10-05
Sanga Balende,Sanga Balende,SM Sanga Balende,60.5830075858,3846,ehmma83pqd17k7x6if20hmrkk,2026-10-05
Cham,Cham,SC Cham,60.5814386607,3847,csiypz33i7wj1ttlalk11wb9w,2026-10-05
Rouge,Rouge,FC Rouge,60.5802121743,3848,citm4e83b4soxyy411ags2z8,2026-10-05
Tataouine,Tataouine,US Tataouine,60.5767156029,3849,esqacmk0w93cocl5anz1mk650,2026-10-05
Gimhae City,Gimhae,Gimhae FC 2008,60.5736254626,3850,aqzfod554aa202i8pjkt4ou1g,2026-10-05
Al-Khums,Al-Khums,Al-Khums SC,60.5574992744,3851,68kgxuk3dkg7p955ifkisgc9g,2026-10-05
Trollhättan,Trollhättan,FC Trollhättan,60.5566291898,3852,6y4xajtea36x0n0xrjr4vy3o4,2026-10-05
Huétor Vega,Huétor Vega,CD Huétor Vega,60.5552314626,3853,1h4ygpz4oamwj3kksmzc15ams,2026-10-05
AFC Malmö,AFC Malmö,Ariana Malmö FC,60.5531348697,3854,6y4xajtea36x0n0xrjr4vy3o4,2026-10-05
Tienen,Tienen,KVK Tienen,60.547543943,3855,6t5gnnzhfwzumtn1olpzzhlhw,2026-10-05
Avance Ezcabarte,Avance,CD Avance Ezcabarte,60.545097907,3856,1h4ygpz4oamwj3kksmzc15ams,2026-10-05
Colwyn Bay,Colwyn Bay,Colwyn Bay FC,60.5360126002,3857,5a72rnkyvdjffzei7qqokyot0,2026-10-05
Maccabi Kiryat Malachi,M Malachi,Maccabi Ironi Kiryat Malachi,60.5353137284,3858,vb6kze8rzj979awz12g26vbo,2026-10-05
Sparta Rotterdam II,Sparta II,Sparta Rotterdam II,60.5349642925,3859,asox70lt42oe70oat4mcayaz8,2026-10-05
Martin Pêcheur,Martin Pêcheur,AS Martin Pêcheur,60.5334823257,3860,ehmma83pqd17k7x6if20hmrkk,2026-10-05
Bougouni,Bougouni,US Bougouni,60.5291950963,3861,2fvr17f4zzd5uci32usqi0ro4,2026-10-05
Fátima,Fátima,CD Fátima,60.5290238704,3862,f0zodm68vgjezko34dv1zdyc4,2026-10-05
Unirea Alba Iulia,U. Alba Iulia,CSM Unirea Alba Iulia,60.5286744331,3863,2xwo5o4zdeavaueuuj4f7jbx0,2026-10-05
Jose María Arguedas,JM Arguedas,CD Jose María Arguedas,60.5263821232,3864,a9cov1ehhclrmqc4wgh59p2j8,2026-10-05
Corazón de León AR,Corazón AR,Club Corazón de León - Alto Rendimiento,60.5235866192,3865,a9cov1ehhclrmqc4wgh59p2j8,2026-10-05
Racing Veracruz,Racing V,Racing de Veracruz,60.5226433837,3866,27juuuimtbfpbnlba0ejeb4lw,2026-10-05
LASK II,LASK,LASK Amateure,60.5167935257,3867,8h4bz8mec7n5utisq4xhw6lg4,2026-10-05
Loubha Télimélé,Loubha,Loubha FC de Télimélé,60.5124220303,3868,1odzlx97lfuimst69uxvbn310,2026-10-05
Arendal,Arendal,Arendal Fotball,60.4937303565,3869,eyebcttojdlxx2xxue3awhmvo,2026-10-05
Kaposvári Rákóczi,Kaposvári,Kaposvári Rákóczi FC,60.4933809122,3870,2bunj0abqj9sw0w43ykismb6c,2026-10-05
Mazarrón FC,Mazarrón,Mazarrón FC,60.4912842448,3871,1h4ygpz4oamwj3kksmzc15ams,2026-10-05
Bugesera,Bugesera,Bugesera FC,60.482544611,3872,193l1zv2eyi82heh2jblkwqhg,2026-10-05
AFC,AFC,Amsterdamsche FC,60.4808008703,3873,asox70lt42oe70oat4mcayaz8,2026-10-05
Anaconda,Anaconda,Anaconda FC,60.4744549036,3874,6f3mt0vs7zxlbfevjpbqur4lw,2026-10-05
Jendouba Sport,Jendouba,Jendouba Sport,60.4739808515,3875,esqacmk0w93cocl5anz1mk650,2026-10-05
Al Shabab,Shabab,Al Shabab SC,60.4720073867,3876,evaw3m63xloe8o87vqybzjsic,2026-10-05
Barendrecht,Barendrecht,BVV Barendrecht,60.4563394176,3877,asox70lt42oe70oat4mcayaz8,2026-10-05
Añaza,Añaza,AD Añaza,60.4493503679,3878,1h4ygpz4oamwj3kksmzc15ams,2026-10-05
Politehnica UTM,Politehnica,FC Politehnica UTM,60.4465547402,3879,c0orgvbfnq9wp7blxq2rdm0pg,2026-10-05
Leiknir Reykjavík,Leiknir R,Leiknir Reykjavík,60.4418196355,3880,a5uti9g06jek0b3rv3zavb578,2026-10-05
KSZO 1929,KSZO,KSZO 1929 Ostrowiec Świętokrzyski,60.4406140164,3881,9xyu4j66xlkjhki4hrt3624no,2026-10-05
Discoveries,Discoveries,Discoveries Sports Academy,60.4406105236,3882,6x5fs0vog8z4mtp0f4ankjfo4,2026-10-05
Anges Verts,Anges Verts,AF Anges Verts,60.4383390632,3883,ehmma83pqd17k7x6if20hmrkk,2026-10-05
Legia Warszawa II,Legia II,KP Legia Warszawa II,60.4378183746,3884,1f9k5nej63ck6nqpw0q5uml1w,2026-10-05
East End Lions,East End,East End Lions FC,60.4362423296,3885,75th1zjyt7qwkl462sjdx3ims,2026-10-05
Al Hikma,Al Hikma,Al Hikma / CS La Sagesse,60.4360161021,3886,9lv9rln2qwsqme0g8t366uiac,2026-10-05
Vitória Setúbal,Vitória FC,Vitória Setúbal FC,60.4311787074,3887,f0zodm68vgjezko34dv1zdyc4,2026-10-05
Guadalupe,Guadalupe,Guadalupe FC,60.4302225047,3888,7yzd2ff4zj9i1m1mowvd9uot0,2026-10-05
Sporting SM II,Sporting SM II,AF Sporting San Miguelito II,60.4277763038,3889,5vfsgxr7re4yxafib5pgasopg,2026-10-05
Güzide Gebzespor,Güzide Gebze,Güzide Gebze SK,60.425237931,3890,9iurl7j8nsnscnb6u5uaicj6c,2026-10-05
Vila Meã,Vila Meã,AC Vila Meã,60.4241895566,3891,f0zodm68vgjezko34dv1zdyc4,2026-10-05
Kairat II,Kairat II,FK Kairat Zhastar,60.4229315065,3892,3xvgloy6xksv9wwg16vg7cb8,2026-10-05
İnegölspor,İnegöl,İnegöl SK,60.4192971343,3893,9iurl7j8nsnscnb6u5uaicj6c,2026-10-05
LISCR,LISCR,Liberian International Shipping & Corporate Registry FC,60.4133528245,3894,6x5fs0vog8z4mtp0f4ankjfo4,2026-10-05
Suhul Shire,Suhul Shire,Suhul Shire FC,60.4124768744,3895,yfk6117shr401b5om4u5nehg,2026-10-05
Tau Altopascio,Tau Altopascio,ASD Calcio Tau Altopascio,60.4112595536,3896,cvnhrujf5s3lefro06hwoncb8,2026-10-05
Marchamalo,Marchamalo,CD Marchamalo,60.4105606318,3897,1h4ygpz4oamwj3kksmzc15ams,2026-10-05
Babrungas,Babrungas,FK Babrungas Plungë,60.4098617097,3898,58po2os6hq9uwzvtb51qlj3mc,2026-10-05
Firesystem,Firesystem,Firesystem FC,60.4017681712,3899,6f3mt0vs7zxlbfevjpbqur4lw,2026-10-05
Calvary,Calvary,Calvary FC,60.3971028373,3900,dv96o8lvelwcgu9jbd22jwjkk,2026-10-05
OSC Bremerhaven,Bremerhaven,Olympischer SC Bremerhaven,60.3937864237,3901,949cwx081ssmm4uuutgo1stn8,2026-10-05
Nacional,Nacional,SV Deportivo Nacional,60.3846200614,3902,7phwu4x5fqdwgmfu5vf5yhk44,2026-10-05
La Amistad Cipolletti,La Amistad,Asociación Deportiva La Amistad de Cipolletti,60.3811497467,3903,bt89iqwmniyxhz06vrzhc3das,2026-10-05
Al Adalah,Adalah,Al Adalah Club,60.3734600797,3904,3lxygsgllro9oeey1m5ndpct0,2026-10-05
Versailles II,Versailles II,FC Versailles II,60.3686947019,3905,bzf5qx9yamvvlrgfqfs6ozl78,2026-10-05
Lørenskog,Lørenskog,Lørenskog IF,60.3675763995,3906,eyebcttojdlxx2xxue3awhmvo,2026-10-05
Defensores Unidos,Def Unidos,CA Defensores Unidos,60.3605310775,3907,epr9s9zih7yd5dygat10o64us,2026-10-05
SK Poltava,SK Poltava,SK Poltava,60.3504523034,3908,rr1w3xsanxl5hnby016mnx90,2026-10-05
Proleter 023 Zrenjanin,Proleter 023,FK Proleter 023 Zrenjanin,60.3490544105,3909,38qhp7f77q817kvnksk95ucyc,2026-10-05
Almere City II,Almere II,Almere City FC II,60.3459091475,3910,asox70lt42oe70oat4mcayaz8,2026-10-05
Thespa Gunma,Gunma,Thespa Gunma FC,60.3424633306,3911,d7a4tg9b5xoanhbupsxsbi238,2026-10-05
Nuevo San Cristóbal,Nuevo San Cr.,CD Nuevo San Cristóbal,60.3418692235,3912,a9cov1ehhclrmqc4wgh59p2j8,2026-10-05
Midlands Wanderers,Midlands Wand.,Midlands Wanderers FC,60.3401370252,3913,4nwd2e9auc7j57110c5f3fehg,2026-10-05
Hapoel Ironi Karmiel,Ironi Karmiel,Hapoel Ironi Karmiel,60.3378712272,3914,vb6kze8rzj979awz12g26vbo,2026-10-05
Unión Santiago SdE,Unión Santiago,CA Unión Santiago de Santiago del Estero,60.3367668839,3915,bt89iqwmniyxhz06vrzhc3das,2026-10-05
Fylde,Fylde,AFC Fylde,60.332961088,3916,7jeqt00dn1903yv3hr8r63g2c,2026-10-05
TGBC,TGBC,TGBC Football Atsinanana,60.3314024234,3917,citm4e83b4soxyy411ags2z8,2026-10-05
Ibri,Ibri,Ibri,60.3308244064,3918,cbdqxkajw3jvb9nqzpbraim1g,2026-10-05
Jarabacoa,Jarabacoa,Jarabacoa FC,60.3297530018,3919,cokma0jt05z41cexn5ea0mxg,2026-10-05
Grafičar,Grafičar,FK Grafičar Beograd,60.325989016,3920,38qhp7f77q817kvnksk95ucyc,2026-10-05
Condal,Condal,Condal Club de Fútbol,60.325989016,3921,1h4ygpz4oamwj3kksmzc15ams,2026-10-05
Pozuelo Alarcón,Pozuelo,CF Pozuelo de Alarcón,60.3249405817,3922,1h4ygpz4oamwj3kksmzc15ams,2026-10-05
L'Entregu,L'Entregu,L'Entregu CF,60.3231931897,3923,1h4ygpz4oamwj3kksmzc15ams,2026-10-05
Tammeka,Tammeka,JK Tammeka Tartu,60.3196984006,3924,co1q4zpn5ep76y2tiqohorspg,2026-10-05
Paradiso,Paradiso,FC Paradiso,60.3193489213,3925,csiypz33i7wj1ttlalk11wb9w,2026-10-05
Kataka,Kataka,Kataka FC,60.3170738094,3926,d43v3lpfbbegmsubl20bdpct0,2026-10-05
Villa,Villa,CD Villa,60.3102624348,3927,1h4ygpz4oamwj3kksmzc15ams,2026-10-05
Musanze,Musanze,Musanze FC,60.3067641265,3928,193l1zv2eyi82heh2jblkwqhg,2026-10-05
Chievo,Chievo,AC ChievoVerona,60.3022243494,3929,cvnhrujf5s3lefro06hwoncb8,2026-10-05
Galapagar,Galapagar,CD Galapagar,60.2997779682,3930,1h4ygpz4oamwj3kksmzc15ams,2026-10-05
Avia Świdnik,Avia Świdnik,MKS Avia Świdnik,60.2990790015,3931,1f9k5nej63ck6nqpw0q5uml1w,2026-10-05
Wamanafo Mighty Royals,Mighty Royals,Wamanafo Mighty Royals FC,60.2964520818,3932,aj4bxdgocyi3ngimzhnz3cbv8,2026-10-05
Stupčanica Olovo,Stupčanica,NK Stupčanica Olovo,60.2952346797,3933,1kkhhxd0jcelyo7vaq5llsil0,2026-10-05
Kuchl,Kuchl,SV Kuchl,60.2844006359,3934,8h4bz8mec7n5utisq4xhw6lg4,2026-10-05
Jönköpings Södra,Jönköpings S,Jönköpings Södra IF,60.2805562815,3935,6y4xajtea36x0n0xrjr4vy3o4,2026-10-05
Shimshon Tel Aviv,Shimshon TA,Shimshon Tel Aviv FC,60.2756634545,3936,vb6kze8rzj979awz12g26vbo,2026-10-05
Tamale City,Tamale City,Tamale City FC,60.2716385441,3937,aj4bxdgocyi3ngimzhnz3cbv8,2026-10-05
III. Kerületi,III. Ker.,III. Kerületi TVE,60.2655282689,3938,2bunj0abqj9sw0w43ykismb6c,2026-10-05
Nestos Chrisoupolis,Nestos,AS Nestos Chrisoupolis,60.2641827312,3939,2ucolfpd3bp9magtvueu1udw,2026-10-05
Busan Transportation,Transportation,Busan Transportation Corporation FC,60.2598106002,3940,2e9i1nuxuoznknto2pks55vys,2026-10-05
Real Unión de Tenerife,RU Tenerife,Real Unión de Tenerife,60.2571404843,3941,1h4ygpz4oamwj3kksmzc15ams,2026-10-05
Aserrí,Aserrí,AD Aserrí,60.2530387544,3942,7yzd2ff4zj9i1m1mowvd9uot0,2026-10-05
New Jack,New Jack,FC New Jack,60.2510208709,3943,ehmma83pqd17k7x6if20hmrkk,2026-10-05
Pelister,Pelister,FK Pelister,60.2491021527,3944,23f13ffyouf0ta8fxwogo00k,2026-10-05
Canet Roussillon,Canet,Canet Roussillon FC,60.2480012478,3945,4puti0g0aurz6lctqhbonl2c4,2026-10-05
Hart Acedemy,Hart,Hart Academy FC,60.2463027093,3946,64nsmt5p5xncpk6dxcipjou8k,2026-10-05
Steve Biko,Steve Biko,Steve Biko FC,60.2428077652,3947,64nsmt5p5xncpk6dxcipjou8k,2026-10-05
Kvik Halden,Kvik,Kvik Halden FK,60.2403647934,3948,eyebcttojdlxx2xxue3awhmvo,2026-10-05
Mysterious Dwarfs,Dwarfs,Cape Coast Mysterious Ebusua Dwarfs FC,60.2377377847,3949,aj4bxdgocyi3ngimzhnz3cbv8,2026-10-05
Legnago Salus,Legnago,AC Legnago Salus,60.2358213491,3950,cvnhrujf5s3lefro06hwoncb8,2026-10-05
Real San Joaquín,R. San Joaquín,CD Real Juventud San Joaquín,60.2273775011,3951,1wi9d67mmituunqd3csuv0fmc,2026-10-05
Landsberg,Landsberg,TSV 1882 Landsberg am Lech,60.2131039492,3952,cp9ieu0l4mgyazd7866sx8pw4,2026-10-05
Ceuta 6 de Junio,6 de Junio,CD Ceuta 6 de Junio,60.2092594366,3953,be9dzi3z9dzbbxvstbv9ixpn8,2026-10-05
Świt Szczecin,Świt Szczecin,KS Świt Szczecin,60.2078614299,3954,1f9k5nej63ck6nqpw0q5uml1w,2026-10-05
Ceuta II,Ceuta II,AD Ceuta FC II,60.2029683977,3955,1h4ygpz4oamwj3kksmzc15ams,2026-10-05
Al Orooba,Orooba,Al Orooba,60.2001150741,3956,ezlvfpddn8636v3yhp9dbypsk,2026-10-05
Anagennisi Karditsas,Anagennisi K,PAE Anagennisi Karditsas 1904,60.1995257917,3957,2ucolfpd3bp9magtvueu1udw,2026-10-05
Liniers,Liniers,CSyD Liniers,60.1896313195,3958,epr9s9zih7yd5dygat10o64us,2026-10-05
Ogre United,Ogre United,Ogre United,60.1868911943,3959,d1tk0recez2ejvsidutwviwwk,2026-10-05
Cham,Cham,ASV Cham,60.1851436632,3960,949cwx081ssmm4uuutgo1stn8,2026-10-05
GSI Pontivy,GSI Pontivy,Garde Saint-Ivy Pontivy,60.1829941975,3961,4puti0g0aurz6lctqhbonl2c4,2026-10-05
Pau II,Pau II,Pau FC II,60.1824175112,3962,bzf5qx9yamvvlrgfqfs6ozl78,2026-10-05
Mandel United,Mandel Utd,KFC Mandel United Izegem-Ingelmunster,60.1806000741,3963,6t5gnnzhfwzumtn1olpzzhlhw,2026-10-05
Eastern,Eastern,Eastern SC,60.1766296665,3964,1eg1537in5v5szf108lk9s2s4,2026-10-05
Les Genêts d'Anglet,Anglet Genets,Les Genêts d'Anglet Football,60.171932271,3965,bzf5qx9yamvvlrgfqfs6ozl78,2026-10-05
Al Mesaimeer,Mesaimeer,Al Mesaimeer,60.1658634045,3966,e9xwqeh6pqwy3pva03skx9f6c,2026-10-05
Chattanooga Red Wolves,Red Wolves,Chattanooga Red Wolves SC,60.1635663133,3967,aaqxopxxof8k6ao4qagu5yzo4,2026-10-05
Rayo Vallecano II,Rayo II,Rayo Vallecano II,60.1582314614,3968,1h4ygpz4oamwj3kksmzc15ams,2026-10-05
Rudar Velenje,Rudar,NK Rudar Velenje,60.1547363396,3969,sb5fgqugrkxqc8jsc698x5hw,2026-10-05
Roskilde,Roskilde,FC Roskilde,60.1547363396,3970,csrtvpovtat1ojuwr5rsv66ms,2026-10-05
Trénelle,Trénelle,CO Trénelle,60.1536075274,3971,8oya8610sjuxts1g4yxvd1nh0,2026-10-05
Dinamo Bryansk,Dinamo Br,FK Dinamo Bryansk,60.1515907239,3972,au1o7s1tazgfz249l77vlak9g,2026-10-05
Houtvenne,Houtvenne,KFC Houtvenne,60.14914413,3973,6t5gnnzhfwzumtn1olpzzhlhw,2026-10-05
Al Moroj,Al Moroj,Al Moroj SC,60.1472183086,3974,68kgxuk3dkg7p955ifkisgc9g,2026-10-05
Gravina,Gravina,FBC Gravina,60.1442509317,3975,cvnhrujf5s3lefro06hwoncb8,2026-10-05
Bella Vista,Bella Vista,Club Atlético Bella Vista,60.1392493697,3976,4kgb1bb1pdi8lfym67m7cvrpw,2026-10-05
Karacabey Belediyespor,Karacabey BS,Karacabey Belediyespor AŞ,60.1355130432,3977,9iurl7j8nsnscnb6u5uaicj6c,2026-10-05
Aretxabaleta,Aretxabaleta,UD Aretxabaleta,60.1351635268,3978,1h4ygpz4oamwj3kksmzc15ams,2026-10-05
Argentino Quilmes,A Quilmes,CA Argentino de Quilmes de Buenos Aires,60.1340590543,3979,epr9s9zih7yd5dygat10o64us,2026-10-05
Santomera,Santomera,Santomera CF,60.1327169096,3980,1h4ygpz4oamwj3kksmzc15ams,2026-10-05
NWU Soccer Institute,NWU,North West University Soccer Institute,60.1321868414,3981,4nwd2e9auc7j57110c5f3fehg,2026-10-05
Atlético Malveira,Malveira,Atlético Clube da Malveira,60.1313188411,3982,f0zodm68vgjezko34dv1zdyc4,2026-10-05
FC Renaissance,FC Renaissance,FC Renaissance du Congo,60.1286939644,3983,ehmma83pqd17k7x6if20hmrkk,2026-10-05
Dock Sud,Dock Sud,CS Dock Sud,60.1284667778,3984,epr9s9zih7yd5dygat10o64us,2026-10-05
Deportivo Coopsol,Coopsol,Deportivo Coopsol,60.1276279348,3985,a9cov1ehhclrmqc4wgh59p2j8,2026-10-05
Vicentino Dragons,Dragons,Vicentino Dragons SC,60.1263696695,3986,6f3mt0vs7zxlbfevjpbqur4lw,2026-10-05
Inter Ibiza,Inter Ibiza,Inter Ibiza CD,60.1232799252,3987,1h4ygpz4oamwj3kksmzc15ams,2026-10-05
Montalegre,Montalegre,Centro Desportivo e Cultural de Montalegre,60.1222313682,3988,f0zodm68vgjezko34dv1zdyc4,2026-10-05
Artis Brno II,Artis II,SK Artis Brno II,60.1208332912,3989,1b9w528q6lpjmxp9k0sfxvtw4,2026-10-05
NorthEast United,NorthEast Utd,NorthEast United FC,60.1134360666,3990,d70h9cciplfhf01fn96gpcw0k,2026-10-05
Mama FCA,Mama,Mama FCA,60.1126160726,3991,citm4e83b4soxyy411ags2z8,2026-10-05
Mestre,Mestre,AC Mestre,60.1089495911,3992,cvnhrujf5s3lefro06hwoncb8,2026-10-05
Mollerussa,Mollerussa,CFJ Mollerussa,60.1086000693,3993,1h4ygpz4oamwj3kksmzc15ams,2026-10-05
Grecia,Grecia,CSCD Grecia,60.100505124,3994,6f3mt0vs7zxlbfevjpbqur4lw,2026-10-05
Almansa,Almansa,UD Almansa,60.1002115243,3995,1h4ygpz4oamwj3kksmzc15ams,2026-10-05
Žilina II,Žilina II,MŠK Žilina II,60.0876286304,3996,47gcoqnouhyfwprkioq13ex3o,2026-10-05
Miramar,Miramar,Miramar Rangers AFC,60.0872406563,3997,5covk71othb712xpvk7qwlul0,2026-10-05
Textáfrica,Textáfrica,GDR Textáfrica do Chimoio,60.0836055802,3998,3byhiomtt6awor0qc4og01fro,2026-10-05
Atzeneta,Atzeneta,Atzeneta UE,60.0823857309,3999,1h4ygpz4oamwj3kksmzc15ams,2026-10-05
Ciudad de Torredonjimeno,Cd. Torredonj.,UD Ciudad de Torredonjimeno,60.0795895113,4000,1h4ygpz4oamwj3kksmzc15ams,2026-10-05
Academy,Academy,Academy SC,60.0678000126,4001,amq9d5z9f0eytpclvwfgke238,2026-10-05
Argentino Merlo,A Merlo,CA Argentino de Merlo,60.0617075801,4002,epr9s9zih7yd5dygat10o64us,2026-10-05
Polonia Środa Wlkp.,Pl Środa,KS Polonia Środa Wielkopolska,60.0582681882,4003,9xyu4j66xlkjhki4hrt3624no,2026-10-05
Avenir Sainte Anne,Avenir SA,AS Avenir Sainte Anne,60.057041332,4004,citm4e83b4soxyy411ags2z8,2026-10-05
Cesson,Cesson,OC Cesson Football,60.0520465066,4005,bzf5qx9yamvvlrgfqfs6ozl78,2026-10-05
Spišská Nová Ves,Spišská,FK Spišská Nová Ves,60.0446363847,4006,e48upqhbqk5biaiysv064j6z8,2026-10-05
Yeovil Town,Yeovil,Yeovil Town FC,60.0351814424,4007,7jeqt00dn1903yv3hr8r63g2c,2026-10-05
Resovia Rzeszów,Resovia,CWKS Resovia Rzeszów,60.0320530859,4008,1f9k5nej63ck6nqpw0q5uml1w,2026-10-05
Moyale Barracks,Moyale,Moyale Barracks FC,60.0178932698,4009,dzzhvxalhc0doyc8cvfxaeyvo,2026-10-05
Atletico Santa Cruz,Santa Cruz,EF Santa Cruz,60.0149256708,4010,1h4ygpz4oamwj3kksmzc15ams,2026-10-05
Ryūkyū,Ryūkyū,FC Ryūkyū,60.0125278191,4011,d7a4tg9b5xoanhbupsxsbi238,2026-10-05
Panthrakikos,Panthrakikos,Panthrakikos FC,60.0111331487,4012,99e9ko33t6vt6ac2k86knwh78,2026-10-05
Eldense II,Eldense II,CD Eldense II,60.0093330086,4013,1h4ygpz4oamwj3kksmzc15ams,2026-10-05
Uruguay,Uruguay,CS Uruguay de Coronado,60.0080270308,4014,7yzd2ff4zj9i1m1mowvd9uot0,2026-10-05
PE Sant Jordi,PE Sant Jordi,PE Sant Jordi,60.001992612,4015,1h4ygpz4oamwj3kksmzc15ams,2026-10-05
Motorlet Praha,Motorlet,SK Motorlet Praha,60.0012935249,4016,1b9w528q6lpjmxp9k0sfxvtw4,2026-10-05
Sporting Charleroi II,Charleroi II,Royal Charleroi SC B,60.0002448939,4017,6t5gnnzhfwzumtn1olpzzhlhw,2026-10-05
