season,match_link,date,home_team,away_team,home_goals,away_goals,btts_yes,btts_no,btts_yes_max,btts_no_max,books
current,https://www.oddsportal.com/football/h2h/anderlecht-vslqAKNo/genk-r3jWUIiN/#OAd4fAE6,2026-09-06 16:30,Anderlecht,Genk,0,0,1.447,2.536,1.5,2.6,7
current,https://www.oddsportal.com/football/h2h/anderlecht-vslqAKNo/kortrijk-2o6njvyG/#4pWbMP2N,2026-09-03 18:30,Anderlecht,Kortrijk,1,0,1.666,2.053,1.75,2.15,7
current,https://www.oddsportal.com/football/h2h/anderlecht-vslqAKNo/kv-mechelen-ULVIb27i/#rP6cGiyQ,2026-09-11 18:45,KV Mechelen,Anderlecht,0,1,1.616,2.137,1.67,2.25,7
current,https://www.oddsportal.com/football/h2h/anderlecht-vslqAKNo/raal-la-louviere-K0H6jm7P/#APoiFVXr,2026-08-09 16:30,Anderlecht,RAAL La Louviere,2,1,1.883,1.797,1.95,1.83,7
current,https://www.oddsportal.com/football/h2h/anderlecht-vslqAKNo/royale-union-sg-407h8Ird/#lAasrtPq,2026-08-30 16:30,Royale Union SG,Anderlecht,3,0,1.71,1.989,1.75,2.05,7
2024-2025,https://www.oddsportal.com/football/h2h/anderlecht-vslqAKNo/antwerp-rVpPxw8H/#IFRVw24k,2025-02-09 13:30,Anderlecht,Antwerp,2,0,1.647,2.123,1.7,2.25,6
2024-2025,https://www.oddsportal.com/football/h2h/anderlecht-vslqAKNo/antwerp-rVpPxw8H/#Khu7ErGF,2025-04-20 11:30,Anderlecht,Antwerp,0,0,1.643,2.135,1.67,2.2,6
2024-2025,https://www.oddsportal.com/football/h2h/anderlecht-vslqAKNo/antwerp-rVpPxw8H/#fZkl75Ij,2024-08-04 11:30,Antwerp,Anderlecht,1,2,1.642,2.156,1.67,2.25,5
2024-2025,https://www.oddsportal.com/football/h2h/anderlecht-vslqAKNo/antwerp-rVpPxw8H/#nsvNuLEE,2025-05-01 11:30,Antwerp,Anderlecht,1,3,1.59,2.228,1.62,2.3,6
2024-2025,https://www.oddsportal.com/football/h2h/anderlecht-vslqAKNo/beerschot-va-EaOtKH1f/#6PXCdquC,2024-10-18 18:45,Beerschot VA,Anderlecht,2,1,1.658,2.117,1.7,2.2,6
2024-2025,https://www.oddsportal.com/football/h2h/anderlecht-vslqAKNo/beerschot-va-EaOtKH1f/#SpFbFinp,2024-12-08 18:30,Anderlecht,Beerschot VA,2,1,1.883,1.842,1.95,1.9,6
2024-2025,https://www.oddsportal.com/football/h2h/anderlecht-vslqAKNo/cercle-brugge-IXnm9vwh/#Y7qgs7z1,2024-11-10 13:30,Cercle Brugge KSV,Anderlecht,0,5,1.557,2.285,1.6,2.36,6
2024-2025,https://www.oddsportal.com/football/h2h/anderlecht-vslqAKNo/cercle-brugge-IXnm9vwh/#dIvAXu06,2025-03-16 18:30,Anderlecht,Cercle Brugge KSV,3,0,1.94,1.78,2.0,1.83,6
2024-2025,https://www.oddsportal.com/football/h2h/anderlecht-vslqAKNo/charleroi-WIPDJ0hb/#lp3JTYmB,2024-09-21 18:45,Anderlecht,Charleroi,0,0,1.63,2.166,1.67,2.25,5
2024-2025,https://www.oddsportal.com/football/h2h/anderlecht-vslqAKNo/charleroi-WIPDJ0hb/#vycN4V85,2025-02-16 18:30,Charleroi,Anderlecht,0,1,1.782,1.945,1.84,2.0,6
2024-2025,https://www.oddsportal.com/football/h2h/anderlecht-vslqAKNo/club-brugge-rgTHIK74/#hSj4bWPH,2025-03-30 11:30,Club Brugge KV,Anderlecht,2,0,1.817,1.927,1.91,2.0,6
2024-2025,https://www.oddsportal.com/football/h2h/anderlecht-vslqAKNo/club-brugge-rgTHIK74/#hdOn9MOH,2024-10-27 13:30,Club Brugge KV,Anderlecht,2,1,1.53,2.347,1.57,2.4,6
2024-2025,https://www.oddsportal.com/football/h2h/anderlecht-vslqAKNo/club-brugge-rgTHIK74/#n9lG5dy9,2025-01-12 18:30,Anderlecht,Club Brugge KV,0,3,1.702,2.052,1.75,2.15,6
2024-2025,https://www.oddsportal.com/football/h2h/anderlecht-vslqAKNo/club-brugge-rgTHIK74/#v1fxoGjf,2025-05-18 11:30,Anderlecht,Club Brugge KV,1,3,1.687,2.058,1.72,2.1,6
2024-2025,https://www.oddsportal.com/football/h2h/anderlecht-vslqAKNo/dender-xGSLHvNA/#0h8LmOFN,2024-12-27 20:45,Anderlecht,Dender,2,3,1.85,1.892,1.92,1.95,6
2024-2025,https://www.oddsportal.com/football/h2h/anderlecht-vslqAKNo/dender-xGSLHvNA/#GfwA7lWF,2024-09-28 18:45,Dender,Anderlecht,1,1,1.616,2.19,1.64,2.2,5
2024-2025,https://www.oddsportal.com/football/h2h/anderlecht-vslqAKNo/genk-r3jWUIiN/#I3H3lkcn,2025-05-25 16:30,Genk,Anderlecht,2,1,1.505,2.398,1.53,2.45,6
2024-2025,https://www.oddsportal.com/football/h2h/anderlecht-vslqAKNo/genk-r3jWUIiN/#KlJVrBhM,2024-09-17 18:00,Anderlecht,Genk,0,2,1.472,2.532,1.5,2.57,5
2024-2025,https://www.oddsportal.com/football/h2h/anderlecht-vslqAKNo/genk-r3jWUIiN/#WYwWCVvB,2025-04-06 16:30,Anderlecht,Genk,1,2,1.595,2.227,1.62,2.27,6
2024-2025,https://www.oddsportal.com/football/h2h/anderlecht-vslqAKNo/genk-r3jWUIiN/#lGqFtk2t,2024-12-22 13:30,,,2,0,1.598,2.22,1.64,2.27,6
2024-2025,https://www.oddsportal.com/football/h2h/anderlecht-vslqAKNo/gent-MgkzUx7T/#ngIZgpK6,2024-11-24 18:30,Anderlecht,Gent,6,0,1.602,2.208,1.64,2.25,6
2024-2025,https://www.oddsportal.com/football/h2h/anderlecht-vslqAKNo/gent-MgkzUx7T/#v1O9Y6S9,2025-02-02 18:30,Gent,Anderlecht,1,0,1.73,2.008,1.78,2.07,6
2024-2025,https://www.oddsportal.com/football/h2h/anderlecht-vslqAKNo/kortrijk-2o6njvyG/#0fLJNUdf,2025-01-19 13:30,Kortrijk,Anderlecht,0,2,1.733,2.008,1.78,2.1,6
2024-2025,https://www.oddsportal.com/football/h2h/anderlecht-vslqAKNo/kortrijk-2o6njvyG/#zwocPYEF,2024-11-03 18:30,Anderlecht,Kortrijk,4,0,1.665,2.105,1.72,2.2,6
2024-2025,https://www.oddsportal.com/football/h2h/anderlecht-vslqAKNo/kv-mechelen-ULVIb27i/#dY4daBL5,2024-08-17 18:45,KV Mechelen,Anderlecht,1,3,1.542,2.342,1.57,2.4,5
2024-2025,https://www.oddsportal.com/football/h2h/anderlecht-vslqAKNo/kv-mechelen-ULVIb27i/#nRBgz8t0,2025-01-26 18:30,Anderlecht,KV Mechelen,4,1,1.732,2.01,1.8,2.1,6
2024-2025,https://www.oddsportal.com/football/h2h/anderlecht-vslqAKNo/leuven-dYlTycNN/#SWZP0hXj,2024-12-01 16:00,Leuven,Anderlecht,0,0,1.705,2.048,1.75,2.15,6
2024-2025,https://www.oddsportal.com/football/h2h/anderlecht-vslqAKNo/leuven-dYlTycNN/#l8JmWCiJ,2024-08-10 18:45,Anderlecht,Leuven,1,1,1.554,2.31,1.58,2.4,5
2024-2025,https://www.oddsportal.com/football/h2h/anderlecht-vslqAKNo/royale-union-sg-407h8Ird/#8Glv1m8U,2025-02-23 18:30,Anderlecht,Royale Union SG,0,2,1.78,1.96,1.87,2.05,6
2024-2025,https://www.oddsportal.com/football/h2h/anderlecht-vslqAKNo/royale-union-sg-407h8Ird/#MeWTMQzR,2024-09-01 16:30,Royale Union SG,Anderlecht,0,0,1.67,2.114,1.7,2.2,5
2024-2025,https://www.oddsportal.com/football/h2h/anderlecht-vslqAKNo/royale-union-sg-407h8Ird/#xY53fNOq,2025-04-12 18:45,Royale Union SG,Anderlecht,2,0,1.782,1.94,1.84,2.0,6
2024-2025,https://www.oddsportal.com/football/h2h/anderlecht-vslqAKNo/royale-union-sg-407h8Ird/#z7CAWGy1,2025-05-10 18:45,Anderlecht,Royale Union SG,0,1,1.802,1.92,1.86,1.95,6
2024-2025,https://www.oddsportal.com/football/h2h/anderlecht-vslqAKNo/st-liege-vsnvCI6G/#MujlSP6T,2025-03-02 18:30,St. Liege,Anderlecht,0,2,1.915,1.803,1.96,1.85,6
2024-2025,https://www.oddsportal.com/football/h2h/anderlecht-vslqAKNo/st-liege-vsnvCI6G/#Sj8kmKp1,2024-10-06 11:30,Anderlecht,St. Liege,3,0,1.77,1.958,1.8,2.0,5
2024-2025,https://www.oddsportal.com/football/h2h/anderlecht-vslqAKNo/st-truiden-d2EjBxMM/#0jwI5hsn,2024-07-27 18:45,Anderlecht,St. Truiden,1,0,1.784,1.948,1.82,2.0,5
2024-2025,https://www.oddsportal.com/football/h2h/anderlecht-vslqAKNo/st-truiden-d2EjBxMM/#v5GdO7nC,2024-12-15 18:30,St. Truiden,Anderlecht,0,2,1.61,2.192,1.65,2.25,6
2024-2025,https://www.oddsportal.com/football/h2h/anderlecht-vslqAKNo/westerlo-hYaM5Gqp/#Gr5pZXJD,2025-03-09 16:00,Westerlo,Anderlecht,2,0,1.563,2.268,1.6,2.35,6
2024-2025,https://www.oddsportal.com/football/h2h/anderlecht-vslqAKNo/westerlo-hYaM5Gqp/#SGZyHe45,2024-09-14 18:45,Anderlecht,Westerlo,2,2,1.554,2.312,1.6,2.4,5
2024-2025,https://www.oddsportal.com/football/h2h/antwerp-rVpPxw8H/beerschot-va-EaOtKH1f/#p4W2dhbe,2025-01-12 13:30,Beerschot VA,Antwerp,1,1,1.675,2.09,1.7,2.2,6
2024-2025,https://www.oddsportal.com/football/h2h/antwerp-rVpPxw8H/beerschot-va-EaOtKH1f/#xljrgkHM,2024-09-29 11:30,Antwerp,Beerschot VA,,,1.762,1.972,1.78,2.0,5
2024-2025,https://www.oddsportal.com/football/h2h/antwerp-rVpPxw8H/cercle-brugge-IXnm9vwh/#OI1bobFD,2024-10-06 14:00,Antwerp,Cercle Brugge KSV,3,0,1.538,2.34,1.57,2.4,5
2024-2025,https://www.oddsportal.com/football/h2h/antwerp-rVpPxw8H/cercle-brugge-IXnm9vwh/#YJJ6p7Mc,2025-03-01 16:00,Cercle Brugge KSV,Antwerp,0,0,1.842,1.895,1.91,1.95,6
2024-2025,https://www.oddsportal.com/football/h2h/antwerp-rVpPxw8H/charleroi-WIPDJ0hb/#4jtaJL4F,2024-12-08 13:30,Antwerp,Charleroi,1,3,1.718,2.023,1.75,2.1,6
2024-2025,https://www.oddsportal.com/football/h2h/antwerp-rVpPxw8H/charleroi-WIPDJ0hb/#thPCUuEb,2025-05-29 16:30,Antwerp,Charleroi,1,2,1.628,2.155,1.67,2.2,6
2024-2025,https://www.oddsportal.com/football/h2h/antwerp-rVpPxw8H/club-brugge-rgTHIK74/#CWNUEiAb,2025-04-06 11:30,Antwerp,Club Brugge KV,2,3,1.722,2.032,1.76,2.1,6
2024-2025,https://www.oddsportal.com/football/h2h/antwerp-rVpPxw8H/club-brugge-rgTHIK74/#EVACnTRb,2025-05-25 16:30,Club Brugge KV,Antwerp,1,1,1.845,1.887,1.91,1.93,6
2024-2025,https://www.oddsportal.com/football/h2h/antwerp-rVpPxw8H/club-brugge-rgTHIK74/#Img5ckjI,2024-08-18 11:30,Club Brugge KV,Antwerp,1,0,1.58,2.28,1.62,2.35,5
2024-2025,https://www.oddsportal.com/football/h2h/antwerp-rVpPxw8H/dender-xGSLHvNA/#CId5i6Gb,2024-12-21 18:15,Dender,Antwerp,1,3,1.738,1.993,1.78,2.05,6
2024-2025,https://www.oddsportal.com/football/h2h/antwerp-rVpPxw8H/dender-xGSLHvNA/#YmNgaudn,2024-11-22 20:45,Antwerp,Dender,1,1,1.783,1.935,1.8,1.95,6
2024-2025,https://www.oddsportal.com/football/h2h/antwerp-rVpPxw8H/genk-r3jWUIiN/#8jq5NCqS,2024-11-03 13:30,Genk,Antwerp,2,0,1.548,2.305,1.58,2.4,6
2024-2025,https://www.oddsportal.com/football/h2h/antwerp-rVpPxw8H/genk-r3jWUIiN/#CWyv65Vi,2024-12-26 13:30,Antwerp,Genk,2,2,1.65,2.12,1.7,2.25,6
2024-2025,https://www.oddsportal.com/football/h2h/antwerp-rVpPxw8H/genk-r3jWUIiN/#KGNg5vw2,2025-04-23 18:30,Antwerp,Genk,1,1,1.522,2.387,1.55,2.45,6
2024-2025,https://www.oddsportal.com/football/h2h/antwerp-rVpPxw8H/genk-r3jWUIiN/#QygSJwhe,2025-04-27 14:00,Genk,Antwerp,0,1,1.627,2.167,1.67,2.2,6
2024-2025,https://www.oddsportal.com/football/h2h/antwerp-rVpPxw8H/gent-MgkzUx7T/#0trLOn6E,2024-09-01 14:00,Gent,Antwerp,1,1,1.554,2.314,1.58,2.4,5
2024-2025,https://www.oddsportal.com/football/h2h/antwerp-rVpPxw8H/gent-MgkzUx7T/#8KAIUf6D,2025-05-11 11:30,Gent,Antwerp,0,3,1.442,2.605,1.45,2.66,6
2024-2025,https://www.oddsportal.com/football/h2h/antwerp-rVpPxw8H/gent-MgkzUx7T/#bmfCh1gd,2025-04-13 11:30,Antwerp,Gent,0,1,1.545,2.322,1.57,2.45,6
2024-2025,https://www.oddsportal.com/football/h2h/antwerp-rVpPxw8H/gent-MgkzUx7T/#f5YlpbSE,2025-03-09 18:30,Antwerp,Gent,0,1,1.595,2.223,1.62,2.25,6
2024-2025,https://www.oddsportal.com/football/h2h/antwerp-rVpPxw8H/kortrijk-2o6njvyG/#8QaElkrR,2024-11-09 16:00,Kortrijk,Antwerp,1,2,1.592,2.213,1.62,2.25,6
2024-2025,https://www.oddsportal.com/football/h2h/antwerp-rVpPxw8H/kortrijk-2o6njvyG/#h6JthhPa,2025-02-15 18:15,Antwerp,Kortrijk,2,1,1.825,1.915,1.91,2.0,6
2024-2025,https://www.oddsportal.com/football/h2h/antwerp-rVpPxw8H/kv-mechelen-ULVIb27i/#WvDlQTHa,2024-12-13 20:45,KV Mechelen,Antwerp,1,1,1.712,2.038,1.75,2.07,6
2024-2025,https://www.oddsportal.com/football/h2h/antwerp-rVpPxw8H/kv-mechelen-ULVIb27i/#vgjdaWx3,2024-08-24 18:45,Antwerp,KV Mechelen,0,1,1.656,2.132,1.7,2.2,5
2024-2025,https://www.oddsportal.com/football/h2h/antwerp-rVpPxw8H/leuven-dYlTycNN/#I31VEQft,2024-10-20 14:00,Leuven,Antwerp,1,1,1.682,2.072,1.72,2.15,6
2024-2025,https://www.oddsportal.com/football/h2h/antwerp-rVpPxw8H/leuven-dYlTycNN/#KfIdJUNb,2025-02-22 20:45,Antwerp,Leuven,2,2,1.695,2.05,1.76,2.1,6
2024-2025,https://www.oddsportal.com/football/h2h/antwerp-rVpPxw8H/royale-union-sg-407h8Ird/#61oTIHZh,2024-09-15 11:30,Antwerp,Royale Union SG,2,0,1.65,2.134,1.68,2.2,5
2024-2025,https://www.oddsportal.com/football/h2h/antwerp-rVpPxw8H/royale-union-sg-407h8Ird/#GWvpAdA4,2024-12-01 18:30,Royale Union SG,Antwerp,2,1,1.822,1.917,1.91,1.95,6
2024-2025,https://www.oddsportal.com/football/h2h/antwerp-rVpPxw8H/royale-union-sg-407h8Ird/#Io6TnxMs,2025-05-17 18:45,Antwerp,Royale Union SG,0,4,1.782,1.933,1.84,1.95,6
2024-2025,https://www.oddsportal.com/football/h2h/antwerp-rVpPxw8H/royale-union-sg-407h8Ird/#WC2e0he5,2025-03-29 20:45,Royale Union SG,Antwerp,5,1,1.875,1.847,1.95,1.95,6
2024-2025,https://www.oddsportal.com/football/h2h/antwerp-rVpPxw8H/st-liege-vsnvCI6G/#AXfDPs9b,2024-10-27 16:00,Antwerp,St. Liege,3,0,1.765,1.97,1.82,2.05,6
2024-2025,https://www.oddsportal.com/football/h2h/antwerp-rVpPxw8H/st-liege-vsnvCI6G/#l6Gzl1pm,2025-03-16 13:30,St. Liege,Antwerp,0,0,1.898,1.823,1.95,1.9,6
2024-2025,https://www.oddsportal.com/football/h2h/antwerp-rVpPxw8H/st-truiden-d2EjBxMM/#lC9RLTr4,2025-01-24 20:45,St. Truiden,Antwerp,1,1,1.575,2.258,1.62,2.35,6
2024-2025,https://www.oddsportal.com/football/h2h/antwerp-rVpPxw8H/st-truiden-d2EjBxMM/#zah6lf7m,2024-08-11 14:00,Antwerp,St. Truiden,6,1,1.99,1.75,2.08,1.8,5
2024-2025,https://www.oddsportal.com/football/h2h/antwerp-rVpPxw8H/westerlo-hYaM5Gqp/#dUU8vj2T,2024-09-21 16:15,Westerlo,Antwerp,1,2,1.52,2.398,1.55,2.45,5
2024-2025,https://www.oddsportal.com/football/h2h/antwerp-rVpPxw8H/westerlo-hYaM5Gqp/#vuXAPjSs,2025-01-19 19:15,Antwerp,Westerlo,3,2,1.548,2.313,1.57,2.4,6
2024-2025,https://www.oddsportal.com/football/h2h/beerschot-va-EaOtKH1f/cercle-brugge-IXnm9vwh/#h0pOvfnB,2025-04-05 14:00,Cercle Brugge KSV,Beerschot VA,2,1,1.915,1.807,1.96,1.85,6
2024-2025,https://www.oddsportal.com/football/h2h/beerschot-va-EaOtKH1f/cercle-brugge-IXnm9vwh/#nuHXf6x9,2025-05-10 14:00,Beerschot VA,Cercle Brugge KSV,4,2,1.612,2.185,1.65,2.26,6
2024-2025,https://www.oddsportal.com/football/h2h/beerschot-va-EaOtKH1f/cercle-brugge-IXnm9vwh/#rVvNpC6C,2024-08-11 17:15,Cercle Brugge KSV,Beerschot VA,4,1,1.662,2.112,1.7,2.2,5
2024-2025,https://www.oddsportal.com/football/h2h/beerschot-va-EaOtKH1f/cercle-brugge-IXnm9vwh/#rabg6E9T,2024-12-01 16:00,Beerschot VA,Cercle Brugge KSV,3,2,1.635,2.143,1.67,2.25,6
2024-2025,https://www.oddsportal.com/football/h2h/beerschot-va-EaOtKH1f/charleroi-WIPDJ0hb/#ClwRcNeL,2025-02-09 19:15,Beerschot VA,Charleroi,1,1,1.753,1.98,1.8,2.1,6
2024-2025,https://www.oddsportal.com/football/h2h/beerschot-va-EaOtKH1f/charleroi-WIPDJ0hb/#UuWhDD3U,2024-09-15 16:30,Charleroi,Beerschot VA,3,0,1.87,1.854,1.95,1.95,5
2024-2025,https://www.oddsportal.com/football/h2h/beerschot-va-EaOtKH1f/club-brugge-rgTHIK74/#M30p9Vs1,2025-01-18 20:45,Club Brugge KV,Beerschot VA,4,2,1.993,1.74,2.06,1.75,6
2024-2025,https://www.oddsportal.com/football/h2h/beerschot-va-EaOtKH1f/club-brugge-rgTHIK74/#v9jpqT5l,2024-11-10 19:15,Beerschot VA,Club Brugge KV,2,2,1.943,1.783,2.0,1.85,6
2024-2025,https://www.oddsportal.com/football/h2h/beerschot-va-EaOtKH1f/dender-xGSLHvNA/#KCqJ4REr,2024-08-31 16:15,Beerschot VA,Dender,1,2,1.66,2.124,1.7,2.2,5
2024-2025,https://www.oddsportal.com/football/h2h/beerschot-va-EaOtKH1f/dender-xGSLHvNA/#b15OXTxh,2025-02-22 16:00,Dender,Beerschot VA,0,0,1.762,1.965,1.82,2.0,6
2024-2025,https://www.oddsportal.com/football/h2h/beerschot-va-EaOtKH1f/genk-r3jWUIiN/#f98u3gMt,2024-08-17 14:00,Beerschot VA,Genk,3,4,1.636,2.152,1.67,2.25,5
2024-2025,https://www.oddsportal.com/football/h2h/beerschot-va-EaOtKH1f/genk-r3jWUIiN/#rZU0zTcc,2025-02-01 20:45,Genk,Beerschot VA,1,0,1.952,1.772,2.0,1.83,6
2024-2025,https://www.oddsportal.com/football/h2h/beerschot-va-EaOtKH1f/gent-MgkzUx7T/#KrrqGUy2,2024-11-03 19:15,Beerschot VA,Gent,0,0,1.71,2.035,1.75,2.15,6
2024-2025,https://www.oddsportal.com/football/h2h/beerschot-va-EaOtKH1f/gent-MgkzUx7T/#WjVXgEfm,2025-02-16 13:30,Gent,Beerschot VA,3,2,1.67,2.092,1.7,2.2,6
2024-2025,https://www.oddsportal.com/football/h2h/beerschot-va-EaOtKH1f/kortrijk-2o6njvyG/#6alMNLwB,2024-10-25 18:45,Kortrijk,Beerschot VA,1,0,1.657,2.108,1.7,2.2,6
2024-2025,https://www.oddsportal.com/football/h2h/beerschot-va-EaOtKH1f/kortrijk-2o6njvyG/#YXKdgg14,2025-04-25 19:00,Beerschot VA,Kortrijk,2,0,1.605,2.183,1.65,2.2,6
2024-2025,https://www.oddsportal.com/football/h2h/beerschot-va-EaOtKH1f/kortrijk-2o6njvyG/#h8tWx715,2024-12-21 20:45,Beerschot VA,Kortrijk,2,2,1.77,1.952,1.8,2.0,6
2024-2025,https://www.oddsportal.com/football/h2h/beerschot-va-EaOtKH1f/kortrijk-2o6njvyG/#pbP2XBvo,2025-04-12 14:00,Kortrijk,Beerschot VA,3,2,1.682,2.072,1.72,2.15,6
2024-2025,https://www.oddsportal.com/football/h2h/beerschot-va-EaOtKH1f/kv-mechelen-ULVIb27i/#dS7JgyQN,2024-11-24 13:30,KV Mechelen,Beerschot VA,3,0,1.702,2.043,1.75,2.1,6
2024-2025,https://www.oddsportal.com/football/h2h/beerschot-va-EaOtKH1f/kv-mechelen-ULVIb27i/#hOtKM3Uj,2025-03-02 16:00,Beerschot VA,KV Mechelen,1,0,1.687,2.072,1.72,2.15,6
2024-2025,https://www.oddsportal.com/football/h2h/beerschot-va-EaOtKH1f/leuven-dYlTycNN/#pv38okdU,2024-07-27 16:15,Beerschot VA,Leuven,0,0,1.702,2.058,1.76,2.1,5
2024-2025,https://www.oddsportal.com/football/h2h/beerschot-va-EaOtKH1f/leuven-dYlTycNN/#tCTf2NUG,2024-12-27 18:30,Leuven,Beerschot VA,2,0,1.75,1.993,1.8,2.1,6
2024-2025,https://www.oddsportal.com/football/h2h/beerschot-va-EaOtKH1f/royale-union-sg-407h8Ird/#EuSZFweo,2025-01-26 16:00,Beerschot VA,Royale Union SG,0,4,1.923,1.798,1.95,1.85,6
2024-2025,https://www.oddsportal.com/football/h2h/beerschot-va-EaOtKH1f/royale-union-sg-407h8Ird/#YeJhIVQi,2024-08-02 18:45,Royale Union SG,Beerschot VA,3,1,1.866,1.872,1.92,1.91,5
2024-2025,https://www.oddsportal.com/football/h2h/beerschot-va-EaOtKH1f/st-liege-vsnvCI6G/#QkOqjSak,2024-08-25 16:30,St. Liege,Beerschot VA,1,0,1.758,1.982,1.8,2.05,5
2024-2025,https://www.oddsportal.com/football/h2h/beerschot-va-EaOtKH1f/st-liege-vsnvCI6G/#vsY9XBPP,2024-12-14 16:00,Beerschot VA,St. Liege,0,0,1.705,2.04,1.8,2.15,6
2024-2025,https://www.oddsportal.com/football/h2h/beerschot-va-EaOtKH1f/st-truiden-d2EjBxMM/#6qvoX2p2,2025-05-04 14:00,St. Truiden,Beerschot VA,2,1,1.547,2.32,1.57,2.42,6
2024-2025,https://www.oddsportal.com/football/h2h/beerschot-va-EaOtKH1f/st-truiden-d2EjBxMM/#MizppfYi,2024-09-21 14:00,Beerschot VA,St. Truiden,0,3,1.676,2.1,1.7,2.15,5
2024-2025,https://www.oddsportal.com/football/h2h/beerschot-va-EaOtKH1f/st-truiden-d2EjBxMM/#OKh7rxmn,2025-03-29 16:00,Beerschot VA,St. Truiden,0,1,1.602,2.212,1.64,2.25,6
2024-2025,https://www.oddsportal.com/football/h2h/beerschot-va-EaOtKH1f/st-truiden-d2EjBxMM/#rV6xyfk1,2025-03-07 20:45,St. Truiden,Beerschot VA,2,0,1.68,2.09,1.7,2.15,6
2024-2025,https://www.oddsportal.com/football/h2h/beerschot-va-EaOtKH1f/westerlo-hYaM5Gqp/#IuNXacU6,2024-10-04 18:45,Westerlo,Beerschot VA,2,2,1.638,2.16,1.65,2.2,5
2024-2025,https://www.oddsportal.com/football/h2h/beerschot-va-EaOtKH1f/westerlo-hYaM5Gqp/#dWJrnuFa,2025-03-16 18:34,Beerschot VA,Westerlo,1,2,1.537,2.338,1.57,2.45,6
2024-2025,https://www.oddsportal.com/football/h2h/cercle-brugge-IXnm9vwh/charleroi-WIPDJ0hb/#0vLVwYT8,2024-11-03 16:00,Cercle Brugge KSV,Charleroi,2,0,1.655,2.118,1.7,2.2,6
2024-2025,https://www.oddsportal.com/football/h2h/cercle-brugge-IXnm9vwh/charleroi-WIPDJ0hb/#h46rIorT,2025-01-25 18:15,Charleroi,Cercle Brugge KSV,1,1,1.77,1.955,1.8,2.0,6
2024-2025,https://www.oddsportal.com/football/h2h/cercle-brugge-IXnm9vwh/club-brugge-rgTHIK74/#lhyz1qE7,2024-09-01 11:30,Club Brugge KV,Cercle Brugge KSV,3,0,1.562,2.3,1.6,2.4,5
2024-2025,https://www.oddsportal.com/football/h2h/cercle-brugge-IXnm9vwh/club-brugge-rgTHIK74/#n3DTxGKl,2025-03-09 13:30,Cercle Brugge KSV,Club Brugge KV,1,3,1.873,1.847,1.95,1.95,6
2024-2025,https://www.oddsportal.com/football/h2h/cercle-brugge-IXnm9vwh/dender-xGSLHvNA/#2iRLfN9O,2024-10-19 16:15,Cercle Brugge KSV,Dender,0,0,1.635,2.14,1.67,2.25,6
2024-2025,https://www.oddsportal.com/football/h2h/cercle-brugge-IXnm9vwh/dender-xGSLHvNA/#dt5MsjlQ,2025-01-18 16:00,Dender,Cercle Brugge KSV,0,1,1.815,1.927,1.91,2.0,6
2024-2025,https://www.oddsportal.com/football/h2h/cercle-brugge-IXnm9vwh/genk-r3jWUIiN/#MJEGDMcD,2024-09-14 14:00,Cercle Brugge KSV,Genk,2,3,1.434,2.666,1.47,2.8,5
2024-2025,https://www.oddsportal.com/football/h2h/cercle-brugge-IXnm9vwh/genk-r3jWUIiN/#OSdWytZ1,2025-02-08 20:45,Genk,Cercle Brugge KSV,2,1,1.755,1.978,1.8,2.05,6
2024-2025,https://www.oddsportal.com/football/h2h/cercle-brugge-IXnm9vwh/gent-MgkzUx7T/#jX91wkGq,2024-09-26 18:45,Cercle Brugge KSV,Gent,2,1,1.584,2.262,1.62,2.35,5
2024-2025,https://www.oddsportal.com/football/h2h/cercle-brugge-IXnm9vwh/gent-MgkzUx7T/#tzGNBU26,2024-12-15 19:15,Gent,Cercle Brugge KSV,1,1,1.56,2.287,1.6,2.4,6
2024-2025,https://www.oddsportal.com/football/h2h/cercle-brugge-IXnm9vwh/kortrijk-2o6njvyG/#0nywZOFk,2025-05-03 14:00,Cercle Brugge KSV,Kortrijk,0,2,1.862,1.882,1.91,1.91,6
2024-2025,https://www.oddsportal.com/football/h2h/cercle-brugge-IXnm9vwh/kortrijk-2o6njvyG/#dYjFtGHb,2025-03-30 14:00,Kortrijk,Cercle Brugge KSV,2,2,1.868,1.87,1.91,1.91,6
2024-2025,https://www.oddsportal.com/football/h2h/cercle-brugge-IXnm9vwh/kortrijk-2o6njvyG/#nshZU8Ac,2024-08-04 14:00,Cercle Brugge KSV,Kortrijk,1,2,1.71,2.05,1.75,2.15,5
2024-2025,https://www.oddsportal.com/football/h2h/cercle-brugge-IXnm9vwh/kortrijk-2o6njvyG/#vcYcH8hB,2025-02-23 19:15,Kortrijk,Cercle Brugge KSV,1,1,1.792,1.933,1.86,2.0,6
2024-2025,https://www.oddsportal.com/football/h2h/cercle-brugge-IXnm9vwh/kv-mechelen-ULVIb27i/#jXR0tCXG,2024-09-22 14:00,KV Mechelen,Cercle Brugge KSV,2,0,1.42,2.708,1.44,2.8,5
2024-2025,https://www.oddsportal.com/football/h2h/cercle-brugge-IXnm9vwh/kv-mechelen-ULVIb27i/#tWPBfWS7,2025-01-12 19:15,Cercle Brugge KSV,KV Mechelen,1,0,1.678,2.08,1.7,2.15,6
2024-2025,https://www.oddsportal.com/football/h2h/cercle-brugge-IXnm9vwh/leuven-dYlTycNN/#ENUvyoWH,2024-12-22 19:15,Cercle Brugge KSV,Leuven,1,0,1.767,1.958,1.8,2.05,6
2024-2025,https://www.oddsportal.com/football/h2h/cercle-brugge-IXnm9vwh/leuven-dYlTycNN/#OnLxuszi,2024-08-18 14:00,Leuven,Cercle Brugge KSV,1,1,1.528,2.368,1.57,2.44,5
2024-2025,https://www.oddsportal.com/football/h2h/cercle-brugge-IXnm9vwh/patro-eisden-nPGA80Sn/#06PBCMp2,2025-05-18 17:15,Patro Eisden,Cercle Brugge KSV,1,5,1.748,1.948,1.8,2.05,5
2024-2025,https://www.oddsportal.com/football/h2h/cercle-brugge-IXnm9vwh/patro-eisden-nPGA80Sn/#SCHczQx9,2025-05-23 18:45,Cercle Brugge KSV,Patro Eisden,3,1,1.688,2.044,1.73,2.1,5
2024-2025,https://www.oddsportal.com/football/h2h/cercle-brugge-IXnm9vwh/royale-union-sg-407h8Ird/#0MRf70gU,2024-10-27 19:15,Royale Union SG,Cercle Brugge KSV,1,3,1.927,1.798,2.0,1.85,6
2024-2025,https://www.oddsportal.com/football/h2h/cercle-brugge-IXnm9vwh/royale-union-sg-407h8Ird/#dlLwCwck,2024-12-08 16:00,Cercle Brugge KSV,Royale Union SG,0,0,1.688,2.065,1.74,2.15,6
2024-2025,https://www.oddsportal.com/football/h2h/cercle-brugge-IXnm9vwh/st-liege-vsnvCI6G/#UFG2cJQb,2024-11-23 18:15,St. Liege,Cercle Brugge KSV,1,0,1.762,1.963,1.8,2.0,6
2024-2025,https://www.oddsportal.com/football/h2h/cercle-brugge-IXnm9vwh/st-liege-vsnvCI6G/#xd6dP2kd,2025-02-01 18:15,Cercle Brugge KSV,St. Liege,1,1,1.81,1.908,1.86,1.95,6
2024-2025,https://www.oddsportal.com/football/h2h/cercle-brugge-IXnm9vwh/st-truiden-d2EjBxMM/#6DBTsgq2,2024-12-27 20:45,St. Truiden,Cercle Brugge KSV,1,1,1.615,2.183,1.67,2.25,6
2024-2025,https://www.oddsportal.com/football/h2h/cercle-brugge-IXnm9vwh/st-truiden-d2EjBxMM/#6oJ4iXVG,2025-04-26 18:45,Cercle Brugge KSV,St. Truiden,3,1,1.662,2.092,1.7,2.2,6
2024-2025,https://www.oddsportal.com/football/h2h/cercle-brugge-IXnm9vwh/st-truiden-d2EjBxMM/#SYdFo79d,2024-09-29 17:15,Cercle Brugge KSV,St. Truiden,1,1,1.646,2.138,1.67,2.2,5
2024-2025,https://www.oddsportal.com/football/h2h/cercle-brugge-IXnm9vwh/st-truiden-d2EjBxMM/#x6RmeFWi,2025-04-12 16:15,St. Truiden,Cercle Brugge KSV,3,1,1.65,2.125,1.7,2.2,6
2024-2025,https://www.oddsportal.com/football/h2h/cercle-brugge-IXnm9vwh/westerlo-hYaM5Gqp/#KGy6fSYp,2024-07-28 17:15,Westerlo,Cercle Brugge KSV,3,0,1.536,2.348,1.57,2.5,5
2024-2025,https://www.oddsportal.com/football/h2h/cercle-brugge-IXnm9vwh/westerlo-hYaM5Gqp/#zkBclAOO,2025-02-16 19:15,Cercle Brugge KSV,Westerlo,1,1,1.535,2.345,1.58,2.38,6
2024-2025,https://www.oddsportal.com/football/h2h/charleroi-WIPDJ0hb/club-brugge-rgTHIK74/#8UZ19A13,2024-09-27 18:45,Charleroi,Club Brugge KV,1,1,1.608,2.218,1.62,2.27,5
2024-2025,https://www.oddsportal.com/football/h2h/charleroi-WIPDJ0hb/club-brugge-rgTHIK74/#lhy2Z1Vg,2025-03-16 18:30,Club Brugge KV,Charleroi,4,2,1.858,1.878,1.91,1.93,6
2024-2025,https://www.oddsportal.com/football/h2h/charleroi-WIPDJ0hb/dender-xGSLHvNA/#OQDG4M4s,2025-04-26 18:45,Charleroi,Dender,4,1,1.722,2.023,1.75,2.05,6
2024-2025,https://www.oddsportal.com/football/h2h/charleroi-WIPDJ0hb/dender-xGSLHvNA/#QHniopCF,2025-02-01 16:00,Charleroi,Dender,5,0,1.785,1.933,1.86,2.0,6
2024-2025,https://www.oddsportal.com/football/h2h/charleroi-WIPDJ0hb/dender-xGSLHvNA/#jgLubyaJ,2024-10-05 18:45,Dender,Charleroi,1,0,1.804,1.924,1.82,1.95,5
2024-2025,https://www.oddsportal.com/football/h2h/charleroi-WIPDJ0hb/dender-xGSLHvNA/#t4Fm1mbk,2025-04-22 18:30,Dender,Charleroi,2,1,1.623,2.163,1.67,2.25,6
2024-2025,https://www.oddsportal.com/football/h2h/charleroi-WIPDJ0hb/genk-r3jWUIiN/#YamfOG5e,2025-02-28 20:45,Charleroi,Genk,1,1,1.67,2.088,1.7,2.15,6
2024-2025,https://www.oddsportal.com/football/h2h/charleroi-WIPDJ0hb/genk-r3jWUIiN/#rLBrhOlJ,2024-11-23 20:45,Genk,Charleroi,3,0,1.725,2.017,1.76,2.1,6
2024-2025,https://www.oddsportal.com/football/h2h/charleroi-WIPDJ0hb/gent-MgkzUx7T/#APtuVC4K,2025-01-17 20:45,Gent,Charleroi,1,1,1.698,2.058,1.75,2.15,6
2024-2025,https://www.oddsportal.com/football/h2h/charleroi-WIPDJ0hb/gent-MgkzUx7T/#dEtFnYy0,2024-08-11 16:30,Charleroi,Gent,1,0,1.598,2.228,1.62,2.25,5
2024-2025,https://www.oddsportal.com/football/h2h/charleroi-WIPDJ0hb/kortrijk-2o6njvyG/#8bVn4q04,2024-12-26 16:00,Kortrijk,Charleroi,0,1,1.782,1.94,1.84,2.0,6
2024-2025,https://www.oddsportal.com/football/h2h/charleroi-WIPDJ0hb/kortrijk-2o6njvyG/#YFRil6U1,2024-08-25 17:15,Charleroi,Kortrijk,1,0,1.756,1.982,1.8,2.05,5
2024-2025,https://www.oddsportal.com/football/h2h/charleroi-WIPDJ0hb/kv-mechelen-ULVIb27i/#0p8G2uId,2025-04-19 16:15,Charleroi,KV Mechelen,3,0,1.638,2.15,1.67,2.22,6
2024-2025,https://www.oddsportal.com/football/h2h/charleroi-WIPDJ0hb/kv-mechelen-ULVIb27i/#dfdNtpwK,2025-03-08 18:15,Charleroi,KV Mechelen,0,1,1.725,2.02,1.76,2.1,6
2024-2025,https://www.oddsportal.com/football/h2h/charleroi-WIPDJ0hb/kv-mechelen-ULVIb27i/#hvNaH4bl,2024-08-31 14:00,KV Mechelen,Charleroi,5,2,1.59,2.244,1.62,2.3,5
2024-2025,https://www.oddsportal.com/football/h2h/charleroi-WIPDJ0hb/kv-mechelen-ULVIb27i/#jFCWVb3t,2025-05-18 14:00,KV Mechelen,Charleroi,1,1,1.448,2.578,1.47,2.63,6
2024-2025,https://www.oddsportal.com/football/h2h/charleroi-WIPDJ0hb/leuven-dYlTycNN/#AHSXTxYh,2025-05-24 18:00,Charleroi,Leuven,2,1,1.582,2.225,1.62,2.3,6
2024-2025,https://www.oddsportal.com/football/h2h/charleroi-WIPDJ0hb/leuven-dYlTycNN/#APOuSkmm,2024-12-14 18:15,Leuven,Charleroi,1,0,1.75,1.983,1.8,2.05,6
2024-2025,https://www.oddsportal.com/football/h2h/charleroi-WIPDJ0hb/leuven-dYlTycNN/#YD423ihd,2024-10-26 14:00,Charleroi,Leuven,0,2,1.885,1.842,1.92,1.91,6
2024-2025,https://www.oddsportal.com/football/h2h/charleroi-WIPDJ0hb/leuven-dYlTycNN/#hplawPlo,2025-03-28 20:45,Leuven,Charleroi,0,0,1.733,2.005,1.78,2.05,6
2024-2025,https://www.oddsportal.com/football/h2h/charleroi-WIPDJ0hb/royale-union-sg-407h8Ird/#Ui66GDkR,2025-01-11 20:45,Charleroi,Royale Union SG,1,2,1.713,2.04,1.75,2.1,6
2024-2025,https://www.oddsportal.com/football/h2h/charleroi-WIPDJ0hb/royale-union-sg-407h8Ird/#vcYVrjyP,2024-08-16 18:45,Royale Union SG,Charleroi,1,0,1.732,2.01,1.76,2.1,5
2024-2025,https://www.oddsportal.com/football/h2h/charleroi-WIPDJ0hb/st-liege-vsnvCI6G/#80YRKDOM,2024-11-30 20:45,Charleroi,St. Liege,1,1,2.085,1.672,2.2,1.72,6
2024-2025,https://www.oddsportal.com/football/h2h/charleroi-WIPDJ0hb/st-liege-vsnvCI6G/#S22sj2Yj,2025-04-06 17:15,Charleroi,St. Liege,1,0,1.942,1.783,1.98,1.8,6
2024-2025,https://www.oddsportal.com/football/h2h/charleroi-WIPDJ0hb/st-liege-vsnvCI6G/#baU4b5Aa,2024-10-20 16:30,St. Liege,Charleroi,2,1,1.887,1.832,1.95,1.9,6
2024-2025,https://www.oddsportal.com/football/h2h/charleroi-WIPDJ0hb/st-liege-vsnvCI6G/#vN3uaIYI,2025-05-04 11:30,St. Liege,Charleroi,0,1,1.767,1.952,1.8,2.0,6
2024-2025,https://www.oddsportal.com/football/h2h/charleroi-WIPDJ0hb/st-truiden-d2EjBxMM/#A1EHCRfT,2024-08-03 18:45,St. Truiden,Charleroi,1,4,1.64,2.152,1.67,2.2,5
2024-2025,https://www.oddsportal.com/football/h2h/charleroi-WIPDJ0hb/st-truiden-d2EjBxMM/#v5bcgSon,2024-12-21 16:00,Charleroi,St. Truiden,2,1,1.717,2.033,1.76,2.1,6
2024-2025,https://www.oddsportal.com/football/h2h/charleroi-WIPDJ0hb/westerlo-hYaM5Gqp/#MTPm3lcK,2024-11-09 20:45,Charleroi,Westerlo,1,0,1.545,2.318,1.57,2.4,6
2024-2025,https://www.oddsportal.com/football/h2h/charleroi-WIPDJ0hb/westerlo-hYaM5Gqp/#WfDxAQpo,2025-02-22 18:15,Westerlo,Charleroi,1,3,1.545,2.318,1.57,2.4,6
2024-2025,https://www.oddsportal.com/football/h2h/charleroi-WIPDJ0hb/westerlo-hYaM5Gqp/#f9fTD5Qc,2025-04-11 18:45,Westerlo,Charleroi,2,2,1.548,2.313,1.57,2.4,6
2024-2025,https://www.oddsportal.com/football/h2h/charleroi-WIPDJ0hb/westerlo-hYaM5Gqp/#fVoSMLQP,2025-05-09 18:45,Charleroi,Westerlo,4,3,1.475,2.512,1.5,2.62,6
2024-2025,https://www.oddsportal.com/football/h2h/club-brugge-rgTHIK74/dender-xGSLHvNA/#Yiq5cA7F,2024-08-25 11:30,Dender,Club Brugge KV,1,2,1.762,1.972,1.8,2.05,5
2024-2025,https://www.oddsportal.com/football/h2h/club-brugge-rgTHIK74/dender-xGSLHvNA/#rJtxCIuh,2024-11-30 18:15,Club Brugge KV,Dender,4,1,2.168,1.625,2.26,1.65,6
2024-2025,https://www.oddsportal.com/football/h2h/club-brugge-rgTHIK74/genk-r3jWUIiN/#4G1zfGqQ,2024-08-11 11:30,Genk,Club Brugge KV,3,2,1.56,2.304,1.6,2.4,5
2024-2025,https://www.oddsportal.com/football/h2h/club-brugge-rgTHIK74/genk-r3jWUIiN/#QgnbG4o3,2025-04-13 16:30,Club Brugge KV,Genk,1,0,1.603,2.203,1.65,2.25,6
2024-2025,https://www.oddsportal.com/football/h2h/club-brugge-rgTHIK74/genk-r3jWUIiN/#n3FchbbK,2025-05-11 16:30,Genk,Club Brugge KV,0,2,1.505,2.42,1.53,2.5,6
2024-2025,https://www.oddsportal.com/football/h2h/club-brugge-rgTHIK74/genk-r3jWUIiN/#xrJ6FC3s,2024-12-15 13:30,Club Brugge KV,Genk,2,0,1.667,2.102,1.7,2.2,6
2024-2025,https://www.oddsportal.com/football/h2h/club-brugge-rgTHIK74/gent-MgkzUx7T/#8dSVwaqR,2025-05-01 14:00,Club Brugge KV,Gent,4,1,1.722,2.015,1.75,2.05,6
2024-2025,https://www.oddsportal.com/football/h2h/club-brugge-rgTHIK74/gent-MgkzUx7T/#CjKo708k,2025-04-20 16:30,Gent,Club Brugge KV,0,5,1.632,2.147,1.67,2.25,6
2024-2025,https://www.oddsportal.com/football/h2h/club-brugge-rgTHIK74/gent-MgkzUx7T/#QDduUoxH,2025-03-01 16:00,Gent,Club Brugge KV,1,1,1.568,2.267,1.6,2.35,6
2024-2025,https://www.oddsportal.com/football/h2h/club-brugge-rgTHIK74/gent-MgkzUx7T/#tKaBVfJb,2024-09-22 11:30,Club Brugge KV,Gent,2,4,1.584,2.266,1.62,2.35,5
2024-2025,https://www.oddsportal.com/football/h2h/club-brugge-rgTHIK74/kortrijk-2o6njvyG/#byrLKw5t,2024-09-14 16:15,Kortrijk,Club Brugge KV,0,3,1.738,1.994,1.75,2.02,5
2024-2025,https://www.oddsportal.com/football/h2h/club-brugge-rgTHIK74/kortrijk-2o6njvyG/#v18oxUBm,2025-01-25 20:45,Club Brugge KV,Kortrijk,1,1,1.962,1.762,2.04,1.8,6
2024-2025,https://www.oddsportal.com/football/h2h/club-brugge-rgTHIK74/kv-mechelen-ULVIb27i/#hGEnAHR1,2024-12-07 18:15,KV Mechelen,Club Brugge KV,1,2,1.638,2.137,1.68,2.25,6
2024-2025,https://www.oddsportal.com/football/h2h/club-brugge-rgTHIK74/kv-mechelen-ULVIb27i/#lC9amBRH,2024-07-26 18:45,Club Brugge KV,KV Mechelen,1,1,1.724,2.018,1.8,2.1,5
2024-2025,https://www.oddsportal.com/football/h2h/club-brugge-rgTHIK74/leuven-dYlTycNN/#84OwxCbL,2024-11-02 18:15,Leuven,Club Brugge KV,0,1,1.837,1.905,1.91,1.93,6
2024-2025,https://www.oddsportal.com/football/h2h/club-brugge-rgTHIK74/leuven-dYlTycNN/#Mqt0qOtS,2025-02-08 16:00,Club Brugge KV,Leuven,1,0,1.912,1.822,1.96,1.91,6
2024-2025,https://www.oddsportal.com/football/h2h/club-brugge-rgTHIK74/royale-union-sg-407h8Ird/#M3nyIHM7,2025-04-27 16:30,Royale Union SG,Club Brugge KV,0,0,1.79,1.933,1.86,1.98,6
2024-2025,https://www.oddsportal.com/football/h2h/club-brugge-rgTHIK74/royale-union-sg-407h8Ird/#Y395MoHO,2024-12-22 18:30,Royale Union SG,Club Brugge KV,2,2,1.655,2.115,1.7,2.2,6
2024-2025,https://www.oddsportal.com/football/h2h/club-brugge-rgTHIK74/royale-union-sg-407h8Ird/#YwEmRLaL,2025-04-24 18:30,Club Brugge KV,Royale Union SG,0,1,1.75,1.987,1.8,2.1,6
2024-2025,https://www.oddsportal.com/football/h2h/club-brugge-rgTHIK74/royale-union-sg-407h8Ird/#fwAsktGl,2024-10-06 16:30,Club Brugge KV,Royale Union SG,1,1,1.666,2.1,1.7,2.15,5
2024-2025,https://www.oddsportal.com/football/h2h/club-brugge-rgTHIK74/st-liege-vsnvCI6G/#0joW29wI,2025-02-23 13:30,Club Brugge KV,St. Liege,1,2,2.057,1.688,2.12,1.75,6
2024-2025,https://www.oddsportal.com/football/h2h/club-brugge-rgTHIK74/st-liege-vsnvCI6G/#r9orTnuA,2024-08-04 16:30,St. Liege,Club Brugge KV,1,0,1.65,2.13,1.7,2.25,5
2024-2025,https://www.oddsportal.com/football/h2h/club-brugge-rgTHIK74/st-truiden-d2EjBxMM/#ER4Se6kf,2024-11-23 16:00,Club Brugge KV,St. Truiden,7,0,1.833,1.903,1.91,1.93,6
2024-2025,https://www.oddsportal.com/football/h2h/club-brugge-rgTHIK74/st-truiden-d2EjBxMM/#nTvG6ivg,2025-02-15 20:45,St. Truiden,Club Brugge KV,2,2,1.615,2.182,1.67,2.25,6
2024-2025,https://www.oddsportal.com/football/h2h/club-brugge-rgTHIK74/westerlo-hYaM5Gqp/#8pjEkpoB,2024-12-26 16:00,Club Brugge KV,Westerlo,4,3,1.675,2.082,1.7,2.12,6
2024-2025,https://www.oddsportal.com/football/h2h/club-brugge-rgTHIK74/westerlo-hYaM5Gqp/#WtzvBrf5,2024-10-19 14:00,Westerlo,Club Brugge KV,1,2,1.538,2.337,1.57,2.45,6
2024-2025,https://www.oddsportal.com/football/h2h/dender-xGSLHvNA/genk-r3jWUIiN/#AaiSRCIN,2024-09-22 16:30,Genk,Dender,4,0,1.636,2.148,1.67,2.25,5
2024-2025,https://www.oddsportal.com/football/h2h/dender-xGSLHvNA/genk-r3jWUIiN/#SxmgyO0s,2025-03-08 20:45,Dender,Genk,0,1,1.773,1.952,1.82,2.0,6
2024-2025,https://www.oddsportal.com/football/h2h/dender-xGSLHvNA/gent-MgkzUx7T/#Ee8FAvPr,2024-08-04 17:15,Gent,Dender,1,2,1.69,2.08,1.72,2.15,5
2024-2025,https://www.oddsportal.com/football/h2h/dender-xGSLHvNA/gent-MgkzUx7T/#Qy7yBiDl,2025-01-12 16:00,Dender,Gent,0,0,1.723,2.018,1.75,2.07,6
2024-2025,https://www.oddsportal.com/football/h2h/dender-xGSLHvNA/kortrijk-2o6njvyG/#EmEV98XI,2024-12-14 20:45,Kortrijk,Dender,0,3,1.84,1.902,1.91,1.95,6
2024-2025,https://www.oddsportal.com/football/h2h/dender-xGSLHvNA/kortrijk-2o6njvyG/#zoDXZfhf,2024-08-10 14:00,Dender,Kortrijk,4,1,1.718,2.038,1.75,2.15,5
2024-2025,https://www.oddsportal.com/football/h2h/dender-xGSLHvNA/kv-mechelen-ULVIb27i/#426arcEO,2025-03-16 18:30,KV Mechelen,Dender,2,1,1.65,2.122,1.7,2.2,6
2024-2025,https://www.oddsportal.com/football/h2h/dender-xGSLHvNA/kv-mechelen-ULVIb27i/#vBilRfp3,2024-10-26 16:15,Dender,KV Mechelen,2,5,1.658,2.115,1.7,2.2,6
2024-2025,https://www.oddsportal.com/football/h2h/dender-xGSLHvNA/kv-mechelen-ULVIb27i/#vcKlQfXH,2025-05-24 18:00,Dender,KV Mechelen,2,2,1.325,3.092,1.36,3.25,6
2024-2025,https://www.oddsportal.com/football/h2h/dender-xGSLHvNA/kv-mechelen-ULVIb27i/#xYN2cptH,2025-04-04 18:45,KV Mechelen,Dender,5,2,1.685,2.065,1.74,2.15,6
2024-2025,https://www.oddsportal.com/football/h2h/dender-xGSLHvNA/leuven-dYlTycNN/#WAu6FwJa,2025-05-11 17:15,Dender,Leuven,5,0,1.505,2.415,1.53,2.5,6
2024-2025,https://www.oddsportal.com/football/h2h/dender-xGSLHvNA/leuven-dYlTycNN/#hCGJcSKs,2024-11-09 18:15,Dender,Leuven,1,1,1.837,1.902,1.91,1.95,6
2024-2025,https://www.oddsportal.com/football/h2h/dender-xGSLHvNA/leuven-dYlTycNN/#hK4841mp,2025-04-19 14:00,Leuven,Dender,4,4,1.738,2.003,1.78,2.05,6
2024-2025,https://www.oddsportal.com/football/h2h/dender-xGSLHvNA/leuven-dYlTycNN/#j1o78D9t,2025-02-15 16:00,Leuven,Dender,3,2,1.858,1.88,1.92,1.93,6
2024-2025,https://www.oddsportal.com/football/h2h/dender-xGSLHvNA/royale-union-sg-407h8Ird/#AN1O8Ige,2024-07-27 14:00,Dender,Royale Union SG,0,0,1.642,2.148,1.67,2.25,5
2024-2025,https://www.oddsportal.com/football/h2h/dender-xGSLHvNA/royale-union-sg-407h8Ird/#h0bXV774,2025-03-01 20:45,Royale Union SG,Dender,4,1,1.878,1.867,1.94,1.93,6
2024-2025,https://www.oddsportal.com/football/h2h/dender-xGSLHvNA/st-liege-vsnvCI6G/#8t02YoBC,2025-01-26 13:30,St. Liege,Dender,1,0,1.873,1.848,1.95,1.93,6
2024-2025,https://www.oddsportal.com/football/h2h/dender-xGSLHvNA/st-liege-vsnvCI6G/#OlnpANPM,2025-04-13 17:15,Dender,St. Liege,1,1,1.843,1.902,1.91,1.95,6
2024-2025,https://www.oddsportal.com/football/h2h/dender-xGSLHvNA/st-liege-vsnvCI6G/#l6G8FrT0,2024-09-13 18:45,Dender,St. Liege,0,2,1.852,1.876,1.95,1.95,5
2024-2025,https://www.oddsportal.com/football/h2h/dender-xGSLHvNA/st-liege-vsnvCI6G/#z3xNBeIO,2025-05-17 16:15,St. Liege,Dender,0,0,1.578,2.255,1.62,2.32,6
2024-2025,https://www.oddsportal.com/football/h2h/dender-xGSLHvNA/st-truiden-d2EjBxMM/#AqLDlJI7,2025-02-08 18:15,Dender,St. Truiden,2,1,1.69,2.068,1.75,2.15,6
2024-2025,https://www.oddsportal.com/football/h2h/dender-xGSLHvNA/st-truiden-d2EjBxMM/#jy2l1Xjg,2024-08-17 16:15,St. Truiden,Dender,3,3,1.728,2.018,1.75,2.05,5
2024-2025,https://www.oddsportal.com/football/h2h/dender-xGSLHvNA/westerlo-hYaM5Gqp/#023IUTje,2024-11-01 20:45,Westerlo,Dender,2,0,1.507,2.415,1.54,2.5,6
2024-2025,https://www.oddsportal.com/football/h2h/dender-xGSLHvNA/westerlo-hYaM5Gqp/#AsCO20Zg,2025-05-02 18:45,Westerlo,Dender,4,2,1.437,2.625,1.45,2.7,6
2024-2025,https://www.oddsportal.com/football/h2h/dender-xGSLHvNA/westerlo-hYaM5Gqp/#Ig6YXKJ8,2024-12-08 19:15,Dender,Westerlo,1,0,1.54,2.338,1.57,2.45,6
2024-2025,https://www.oddsportal.com/football/h2h/dender-xGSLHvNA/westerlo-hYaM5Gqp/#t6Uga6B4,2025-03-30 17:15,Dender,Westerlo,1,0,1.528,2.358,1.57,2.5,6
2024-2025,https://www.oddsportal.com/football/h2h/genk-r3jWUIiN/gent-MgkzUx7T/#0hfCdAfU,2025-03-30 16:30,Genk,Gent,4,0,1.633,2.145,1.68,2.25,6
2024-2025,https://www.oddsportal.com/football/h2h/genk-r3jWUIiN/gent-MgkzUx7T/#nRcpqfL6,2025-05-18 16:30,Gent,Genk,1,4,1.392,2.78,1.4,2.86,6
2024-2025,https://www.oddsportal.com/football/h2h/genk-r3jWUIiN/gent-MgkzUx7T/#nsKlLjgn,2025-02-23 16:00,Genk,Gent,0,0,1.61,2.188,1.65,2.25,6
2024-2025,https://www.oddsportal.com/football/h2h/genk-r3jWUIiN/gent-MgkzUx7T/#xKd5R3vn,2024-10-27 18:30,Gent,Genk,0,2,1.505,2.425,1.53,2.48,6
2024-2025,https://www.oddsportal.com/football/h2h/genk-r3jWUIiN/kortrijk-2o6njvyG/#jPgp917K,2024-10-05 16:15,Kortrijk,Genk,2,1,1.676,2.092,1.7,2.14,5
2024-2025,https://www.oddsportal.com/football/h2h/genk-r3jWUIiN/kortrijk-2o6njvyG/#zBI6DVGd,2024-12-07 16:00,Genk,Kortrijk,3,2,1.885,1.835,1.95,1.9,6
2024-2025,https://www.oddsportal.com/football/h2h/genk-r3jWUIiN/kv-mechelen-ULVIb27i/#88bRdXHc,2024-09-28 14:00,Genk,KV Mechelen,2,1,1.55,2.326,1.57,2.4,5
2024-2025,https://www.oddsportal.com/football/h2h/genk-r3jWUIiN/kv-mechelen-ULVIb27i/#8KORL8R6,2025-01-18 18:15,KV Mechelen,Genk,1,2,1.585,2.242,1.62,2.28,6
2024-2025,https://www.oddsportal.com/football/h2h/genk-r3jWUIiN/leuven-dYlTycNN/#2yB9EmQG,2024-08-03 16:15,Leuven,Genk,3,1,1.634,2.154,1.68,2.25,5
2024-2025,https://www.oddsportal.com/football/h2h/genk-r3jWUIiN/leuven-dYlTycNN/#fZiO3z6L,2025-01-11 18:15,Genk,Leuven,2,0,1.733,2.012,1.78,2.1,6
2024-2025,https://www.oddsportal.com/football/h2h/genk-r3jWUIiN/royale-union-sg-407h8Ird/#K4JJS7L7,2024-11-10 18:30,Royale Union SG,Genk,4,0,1.69,2.063,1.72,2.1,6
2024-2025,https://www.oddsportal.com/football/h2h/genk-r3jWUIiN/royale-union-sg-407h8Ird/#h6wFCMpS,2025-04-20 14:00,Genk,Royale Union SG,1,2,1.647,2.135,1.68,2.22,6
2024-2025,https://www.oddsportal.com/football/h2h/genk-r3jWUIiN/royale-union-sg-407h8Ird/#vuJ1Yx7l,2025-05-03 18:45,Royale Union SG,Genk,1,0,1.75,1.983,1.8,2.05,6
2024-2025,https://www.oddsportal.com/football/h2h/genk-r3jWUIiN/royale-union-sg-407h8Ird/#xSnIVJUI,2025-03-15 20:45,Genk,Royale Union SG,2,1,1.595,2.227,1.62,2.27,6
2024-2025,https://www.oddsportal.com/football/h2h/genk-r3jWUIiN/st-liege-vsnvCI6G/#KhgJ3WBb,2024-07-28 11:30,Genk,St. Liege,0,0,1.61,2.206,1.66,2.25,5
2024-2025,https://www.oddsportal.com/football/h2h/genk-r3jWUIiN/st-liege-vsnvCI6G/#vNHljWgC,2025-02-14 20:45,St. Liege,Genk,1,2,1.818,1.927,1.91,2.02,6
2024-2025,https://www.oddsportal.com/football/h2h/genk-r3jWUIiN/st-truiden-d2EjBxMM/#fwSBOePc,2024-12-01 13:30,St. Truiden,Genk,2,2,1.525,2.378,1.55,2.45,6
2024-2025,https://www.oddsportal.com/football/h2h/genk-r3jWUIiN/st-truiden-d2EjBxMM/#xptd0Rum,2024-10-20 11:30,Genk,St. Truiden,3,2,1.628,2.143,1.66,2.25,6
2024-2025,https://www.oddsportal.com/football/h2h/genk-r3jWUIiN/westerlo-hYaM5Gqp/#EB4vC9M8,2024-08-30 18:45,Genk,Westerlo,1,0,1.424,2.688,1.44,2.74,5
2024-2025,https://www.oddsportal.com/football/h2h/genk-r3jWUIiN/westerlo-hYaM5Gqp/#pv3zK7DG,2025-01-25 16:00,Westerlo,Genk,1,2,1.418,2.69,1.44,2.8,6
2024-2025,https://www.oddsportal.com/football/h2h/gent-MgkzUx7T/kortrijk-2o6njvyG/#SIdR1AtB,2024-07-28 14:00,Kortrijk,Gent,0,1,1.546,2.33,1.58,2.4,5
2024-2025,https://www.oddsportal.com/football/h2h/gent-MgkzUx7T/kortrijk-2o6njvyG/#ULZ3gNMP,2025-03-16 18:30,Gent,Kortrijk,1,2,1.678,2.087,1.7,2.2,6
2024-2025,https://www.oddsportal.com/football/h2h/gent-MgkzUx7T/kv-mechelen-ULVIb27i/#ph62XGln,2024-09-15 17:15,Gent,KV Mechelen,2,0,1.5,2.462,1.52,2.5,5
2024-2025,https://www.oddsportal.com/football/h2h/gent-MgkzUx7T/kv-mechelen-ULVIb27i/#rXTdh1Jr,2025-02-07 20:45,KV Mechelen,Gent,3,3,1.633,2.137,1.68,2.25,6
2024-2025,https://www.oddsportal.com/football/h2h/gent-MgkzUx7T/leuven-dYlTycNN/#4zhzeBnA,2024-09-29 16:30,Gent,Leuven,3,0,1.612,2.2,1.67,2.27,5
2024-2025,https://www.oddsportal.com/football/h2h/gent-MgkzUx7T/leuven-dYlTycNN/#GbBJNkEi,2025-01-26 19:15,Leuven,Gent,0,0,1.77,1.955,1.8,2.05,6
2024-2025,https://www.oddsportal.com/football/h2h/gent-MgkzUx7T/royale-union-sg-407h8Ird/#8UkQ5mIP,2024-10-19 18:45,Royale Union SG,Gent,0,0,1.887,1.825,1.92,1.95,6
2024-2025,https://www.oddsportal.com/football/h2h/gent-MgkzUx7T/royale-union-sg-407h8Ird/#Sz6hsYkJ,2025-05-25 16:30,Royale Union SG,Gent,3,1,2.3,1.547,2.38,1.57,6
2024-2025,https://www.oddsportal.com/football/h2h/gent-MgkzUx7T/royale-union-sg-407h8Ird/#pQqhr2wo,2024-12-26 20:45,Gent,Royale Union SG,1,3,1.6,2.208,1.67,2.3,6
2024-2025,https://www.oddsportal.com/football/h2h/gent-MgkzUx7T/royale-union-sg-407h8Ird/#vJPMGDun,2025-04-05 18:45,Gent,Royale Union SG,0,3,1.635,2.143,1.67,2.25,6
2024-2025,https://www.oddsportal.com/football/h2h/gent-MgkzUx7T/st-liege-vsnvCI6G/#nBB5jBDE,2024-11-10 16:00,Gent,St. Liege,5,0,1.842,1.895,1.91,1.95,6
2024-2025,https://www.oddsportal.com/football/h2h/gent-MgkzUx7T/st-liege-vsnvCI6G/#prwOvTWh,2024-12-22 16:00,St. Liege,Gent,0,1,1.728,2.013,1.78,2.1,6
2024-2025,https://www.oddsportal.com/football/h2h/gent-MgkzUx7T/st-truiden-d2EjBxMM/#IZsiLsz3,2024-12-07 20:45,Gent,St. Truiden,2,0,1.65,2.123,1.7,2.25,6
2024-2025,https://www.oddsportal.com/football/h2h/gent-MgkzUx7T/st-truiden-d2EjBxMM/#MDTO1Jaf,2024-10-06 17:15,St. Truiden,Gent,1,1,1.6,2.216,1.62,2.27,5
2024-2025,https://www.oddsportal.com/football/h2h/gent-MgkzUx7T/westerlo-hYaM5Gqp/#EylVpXN9,2024-08-18 17:15,Gent,Westerlo,4,1,1.458,2.578,1.5,2.62,5
2024-2025,https://www.oddsportal.com/football/h2h/gent-MgkzUx7T/westerlo-hYaM5Gqp/#zmzKMZgA,2024-12-01 19:15,Westerlo,Gent,2,2,1.475,2.522,1.5,2.6,6
2024-2025,https://www.oddsportal.com/football/h2h/kortrijk-2o6njvyG/kv-mechelen-ULVIb27i/#OGWVC4Ph,2024-10-20 17:15,KV Mechelen,Kortrijk,3,0,1.667,2.103,1.7,2.2,6
2024-2025,https://www.oddsportal.com/football/h2h/kortrijk-2o6njvyG/kv-mechelen-ULVIb27i/#zZfo8zuH,2024-11-29 20:45,Kortrijk,KV Mechelen,3,1,1.635,2.143,1.67,2.25,6
2024-2025,https://www.oddsportal.com/football/h2h/kortrijk-2o6njvyG/leuven-dYlTycNN/#GKMcrxcR,2025-03-08 16:00,Kortrijk,Leuven,2,0,1.91,1.812,1.96,1.85,6
2024-2025,https://www.oddsportal.com/football/h2h/kortrijk-2o6njvyG/leuven-dYlTycNN/#f5YirY24,2024-09-22 17:15,Leuven,Kortrijk,1,1,1.726,2.024,1.76,2.1,5
2024-2025,https://www.oddsportal.com/football/h2h/kortrijk-2o6njvyG/royale-union-sg-407h8Ird/#jZlIaqR8,2025-02-09 16:00,Kortrijk,Royale Union SG,1,2,1.867,1.852,1.95,1.93,6
2024-2025,https://www.oddsportal.com/football/h2h/kortrijk-2o6njvyG/royale-union-sg-407h8Ird/#t26uZTPj,2024-09-29 14:00,Royale Union SG,Kortrijk,3,0,2.04,1.71,2.08,1.75,5
2024-2025,https://www.oddsportal.com/football/h2h/kortrijk-2o6njvyG/st-liege-vsnvCI6G/#CjYfbETr,2025-01-10 20:45,St. Liege,Kortrijk,1,0,1.915,1.803,1.96,1.85,6
2024-2025,https://www.oddsportal.com/football/h2h/kortrijk-2o6njvyG/st-liege-vsnvCI6G/#tOkNnggc,2024-08-18 16:30,Kortrijk,St. Liege,1,0,1.732,2.016,1.8,2.1,5
2024-2025,https://www.oddsportal.com/football/h2h/kortrijk-2o6njvyG/st-truiden-d2EjBxMM/#0QmWxYGN,2025-04-06 14:00,St. Truiden,Kortrijk,0,3,1.71,2.04,1.75,2.1,6
2024-2025,https://www.oddsportal.com/football/h2h/kortrijk-2o6njvyG/st-truiden-d2EjBxMM/#0S2nAmiL,2024-09-01 17:15,Kortrijk,St. Truiden,1,1,1.722,2.024,1.76,2.1,5
2024-2025,https://www.oddsportal.com/football/h2h/kortrijk-2o6njvyG/st-truiden-d2EjBxMM/#0nknQxyq,2025-03-01 18:15,St. Truiden,Kortrijk,4,2,1.725,2.02,1.76,2.1,6
2024-2025,https://www.oddsportal.com/football/h2h/kortrijk-2o6njvyG/st-truiden-d2EjBxMM/#f5Kugp7L,2025-05-10 14:00,Kortrijk,St. Truiden,2,2,1.512,2.408,1.53,2.48,6
2024-2025,https://www.oddsportal.com/football/h2h/kortrijk-2o6njvyG/westerlo-hYaM5Gqp/#SAbklFmo,2024-11-24 19:15,Westerlo,Kortrijk,4,0,1.543,2.328,1.58,2.45,6
2024-2025,https://www.oddsportal.com/football/h2h/kortrijk-2o6njvyG/westerlo-hYaM5Gqp/#Wb3lROKq,2025-02-02 19:15,Kortrijk,Westerlo,1,2,1.545,2.322,1.57,2.4,6
2024-2025,https://www.oddsportal.com/football/h2h/kv-mechelen-ULVIb27i/leuven-dYlTycNN/#695X0v46,2025-05-03 16:15,Leuven,KV Mechelen,1,2,1.507,2.405,1.54,2.45,6
2024-2025,https://www.oddsportal.com/football/h2h/kv-mechelen-ULVIb27i/leuven-dYlTycNN/#Iiqqm6s3,2025-01-31 20:45,Leuven,KV Mechelen,1,0,1.71,2.04,1.75,2.1,6
2024-2025,https://www.oddsportal.com/football/h2h/kv-mechelen-ULVIb27i/leuven-dYlTycNN/#jylxCqeA,2025-04-13 14:00,KV Mechelen,Leuven,1,1,1.627,2.163,1.67,2.25,6
2024-2025,https://www.oddsportal.com/football/h2h/kv-mechelen-ULVIb27i/leuven-dYlTycNN/#zcVG3uVs,2024-10-05 14:00,KV Mechelen,Leuven,5,0,1.646,2.132,1.67,2.16,5
2024-2025,https://www.oddsportal.com/football/h2h/kv-mechelen-ULVIb27i/royale-union-sg-407h8Ird/#Qi30CMAE,2025-02-16 16:00,Royale Union SG,KV Mechelen,0,1,1.713,2.04,1.75,2.1,6
2024-2025,https://www.oddsportal.com/football/h2h/kv-mechelen-ULVIb27i/royale-union-sg-407h8Ird/#Sl5AWkMr,2024-11-02 20:45,KV Mechelen,Royale Union SG,1,1,1.627,2.158,1.67,2.25,6
2024-2025,https://www.oddsportal.com/football/h2h/kv-mechelen-ULVIb27i/st-liege-vsnvCI6G/#8hWo1Sth,2025-03-29 18:15,St. Liege,KV Mechelen,2,2,1.77,1.952,1.8,2.0,6
2024-2025,https://www.oddsportal.com/football/h2h/kv-mechelen-ULVIb27i/st-liege-vsnvCI6G/#AeicHalm,2025-05-10 16:15,KV Mechelen,St. Liege,0,0,1.667,2.087,1.7,2.1,6
2024-2025,https://www.oddsportal.com/football/h2h/kv-mechelen-ULVIb27i/st-liege-vsnvCI6G/#SK9PyHNs,2024-08-09 18:45,St. Liege,KV Mechelen,0,0,1.628,2.176,1.67,2.25,5
2024-2025,https://www.oddsportal.com/football/h2h/kv-mechelen-ULVIb27i/st-liege-vsnvCI6G/#bm8LqFEk,2024-12-26 18:30,KV Mechelen,St. Liege,0,0,1.758,1.972,1.8,2.05,6
2024-2025,https://www.oddsportal.com/football/h2h/kv-mechelen-ULVIb27i/st-truiden-d2EjBxMM/#6Ls1uo5D,2024-11-08 20:45,St. Truiden,KV Mechelen,2,1,1.477,2.512,1.5,2.6,6
2024-2025,https://www.oddsportal.com/football/h2h/kv-mechelen-ULVIb27i/st-truiden-d2EjBxMM/#nNy6FnNN,2025-02-21 20:45,KV Mechelen,St. Truiden,1,1,1.52,2.388,1.56,2.4,6
2024-2025,https://www.oddsportal.com/football/h2h/kv-mechelen-ULVIb27i/westerlo-hYaM5Gqp/#0vTnZO0U,2024-12-20 20:45,Westerlo,KV Mechelen,1,1,1.497,2.433,1.53,2.5,6
2024-2025,https://www.oddsportal.com/football/h2h/kv-mechelen-ULVIb27i/westerlo-hYaM5Gqp/#4x1rNUK8,2025-04-26 16:15,Westerlo,KV Mechelen,2,2,1.422,2.668,1.44,2.76,6
2024-2025,https://www.oddsportal.com/football/h2h/kv-mechelen-ULVIb27i/westerlo-hYaM5Gqp/#69H0G9e4,2024-08-03 14:00,KV Mechelen,Westerlo,2,4,1.51,2.424,1.53,2.45,5
2024-2025,https://www.oddsportal.com/football/h2h/kv-mechelen-ULVIb27i/westerlo-hYaM5Gqp/#pYTH69zS,2025-04-22 18:30,KV Mechelen,Westerlo,2,3,1.39,2.795,1.4,2.9,6
2024-2025,https://www.oddsportal.com/football/h2h/leuven-dYlTycNN/royale-union-sg-407h8Ird/#fHbh79CD,2025-01-19 16:00,Royale Union SG,Leuven,1,0,1.967,1.763,2.02,1.85,6
2024-2025,https://www.oddsportal.com/football/h2h/leuven-dYlTycNN/royale-union-sg-407h8Ird/#zDJAeceB,2024-11-24 16:00,Leuven,Royale Union SG,1,1,2.013,1.732,2.06,1.75,6
2024-2025,https://www.oddsportal.com/football/h2h/leuven-dYlTycNN/st-liege-vsnvCI6G/#0IZ7HaZR,2024-12-07 18:15,St. Liege,Leuven,1,1,1.94,1.778,2.02,1.83,6
2024-2025,https://www.oddsportal.com/football/h2h/leuven-dYlTycNN/st-liege-vsnvCI6G/#hQsR25qe,2024-08-31 18:45,Leuven,St. Liege,2,0,1.786,1.944,1.82,1.98,5
2024-2025,https://www.oddsportal.com/football/h2h/leuven-dYlTycNN/st-liege-vsnvCI6G/#jZz98V5F,2025-04-22 18:30,St. Liege,Leuven,0,1,1.86,1.88,1.91,1.91,6
2024-2025,https://www.oddsportal.com/football/h2h/leuven-dYlTycNN/st-liege-vsnvCI6G/#xW8daRS1,2025-04-26 14:00,Leuven,St. Liege,1,1,1.865,1.872,1.91,1.91,6
2024-2025,https://www.oddsportal.com/football/h2h/leuven-dYlTycNN/st-truiden-d2EjBxMM/#Io8ipJqC,2025-03-16 18:30,Leuven,St. Truiden,3,2,1.735,1.995,1.76,2.07,6
2024-2025,https://www.oddsportal.com/football/h2h/leuven-dYlTycNN/st-truiden-d2EjBxMM/#zswpFZYH,2024-09-15 14:00,St. Truiden,Leuven,2,1,1.656,2.128,1.7,2.2,5
2024-2025,https://www.oddsportal.com/football/h2h/leuven-dYlTycNN/westerlo-hYaM5Gqp/#6oXDroiA,2025-03-02 19:15,Leuven,Westerlo,0,0,1.678,2.083,1.7,2.15,6
2024-2025,https://www.oddsportal.com/football/h2h/leuven-dYlTycNN/westerlo-hYaM5Gqp/#CnbAyTpd,2024-08-24 16:15,Westerlo,Leuven,1,1,1.5,2.442,1.53,2.5,5
2024-2025,https://www.oddsportal.com/football/h2h/leuven-dYlTycNN/westerlo-hYaM5Gqp/#rVQAeOAT,2025-04-05 16:15,Westerlo,Leuven,2,2,1.618,2.175,1.67,2.25,6
2024-2025,https://www.oddsportal.com/football/h2h/leuven-dYlTycNN/westerlo-hYaM5Gqp/#vyqEDHmC,2025-05-16 18:45,Leuven,Westerlo,0,2,1.422,2.668,1.44,2.74,6
2024-2025,https://www.oddsportal.com/football/h2h/patro-eisden-nPGA80Sn/sk-beveren-QaqfE8WE/#U3bMtY57,2025-04-24 18:30,Patro Eisden,Beveren,3,2,1.722,2.012,1.76,2.05,6
2024-2025,https://www.oddsportal.com/football/h2h/patro-eisden-nPGA80Sn/sk-beveren-QaqfE8WE/#rTH2oF3k,2025-04-27 17:15,Beveren,Patro Eisden,1,2,1.715,1.99,1.75,2.05,6
2024-2025,https://www.oddsportal.com/football/h2h/patro-eisden-nPGA80Sn/sporting-lokeren-dvKQ8GzO/#6y8YmqE8,2025-05-03 14:00,Sporting Lokeren,Patro Eisden,1,2,1.703,2.01,1.73,2.07,6
2024-2025,https://www.oddsportal.com/football/h2h/patro-eisden-nPGA80Sn/sporting-lokeren-dvKQ8GzO/#E1BtnNrL,2025-05-11 14:00,Patro Eisden,Sporting Lokeren,1,1,1.692,2.025,1.73,2.07,6
2024-2025,https://www.oddsportal.com/football/h2h/royale-union-sg-407h8Ird/st-liege-vsnvCI6G/#6qhcMjto,2024-09-20 18:45,St. Liege,Royale Union SG,0,0,1.964,1.77,2.06,1.85,5
2024-2025,https://www.oddsportal.com/football/h2h/royale-union-sg-407h8Ird/st-liege-vsnvCI6G/#URt3Mfz8,2025-03-09 19:15,Royale Union SG,St. Liege,3,0,1.948,1.778,2.04,1.83,6
2024-2025,https://www.oddsportal.com/football/h2h/royale-union-sg-407h8Ird/st-truiden-d2EjBxMM/#65sDelxS,2024-08-25 14:00,St. Truiden,Royale Union SG,0,0,1.744,1.996,1.78,2.05,5
2024-2025,https://www.oddsportal.com/football/h2h/royale-union-sg-407h8Ird/st-truiden-d2EjBxMM/#xxrFCP5j,2025-02-02 16:00,Royale Union SG,St. Truiden,2,1,1.783,1.935,1.82,1.95,6
2024-2025,https://www.oddsportal.com/football/h2h/royale-union-sg-407h8Ird/westerlo-hYaM5Gqp/#GfLuYYM6,2024-08-10 16:15,Westerlo,Royale Union SG,4,3,1.59,2.256,1.62,2.35,5
2024-2025,https://www.oddsportal.com/football/h2h/royale-union-sg-407h8Ird/westerlo-hYaM5Gqp/#p8MEDjYg,2024-12-15 16:00,Royale Union SG,Westerlo,3,1,1.607,2.197,1.65,2.25,6
2024-2025,https://www.oddsportal.com/football/h2h/rwdm-brussels-2eOrQDea/sporting-lokeren-dvKQ8GzO/#Yy5Drfye,2025-04-24 18:30,Sporting Lokeren,RWDM Brussels,2,0,1.818,1.87,1.88,1.93,6
2024-2025,https://www.oddsportal.com/football/h2h/rwdm-brussels-2eOrQDea/sporting-lokeren-dvKQ8GzO/#veBBqgY1,2025-04-27 17:15,RWDM Brussels,Sporting Lokeren,3,2,1.78,1.907,1.8,1.95,6
2024-2025,https://www.oddsportal.com/football/h2h/st-liege-vsnvCI6G/st-truiden-d2EjBxMM/#4nIzKndJ,2025-01-19 18:30,St. Truiden,St. Liege,1,2,1.707,2.047,1.75,2.1,6
2024-2025,https://www.oddsportal.com/football/h2h/st-liege-vsnvCI6G/st-truiden-d2EjBxMM/#SzQyIj7k,2024-11-02 16:00,St. Liege,St. Truiden,2,1,1.777,1.948,1.84,2.0,6
2024-2025,https://www.oddsportal.com/football/h2h/st-liege-vsnvCI6G/westerlo-hYaM5Gqp/#IsWuSG25,2025-05-24 18:00,Westerlo,St. Liege,0,0,1.508,2.397,1.55,2.47,6
2024-2025,https://www.oddsportal.com/football/h2h/st-liege-vsnvCI6G/westerlo-hYaM5Gqp/#K8g7mTvp,2024-09-28 16:15,St. Liege,Westerlo,1,2,1.664,2.11,1.7,2.15,5
2024-2025,https://www.oddsportal.com/football/h2h/st-liege-vsnvCI6G/westerlo-hYaM5Gqp/#r9X0Aiy3,2025-04-19 18:45,St. Liege,Westerlo,1,1,1.647,2.128,1.68,2.2,6
2024-2025,https://www.oddsportal.com/football/h2h/st-liege-vsnvCI6G/westerlo-hYaM5Gqp/#xWM5jule,2025-02-09 18:30,Westerlo,St. Liege,4,2,1.548,2.313,1.57,2.4,6
2024-2025,https://www.oddsportal.com/football/h2h/st-truiden-d2EjBxMM/westerlo-hYaM5Gqp/#8xIcIZKE,2025-01-11 16:00,Westerlo,St. Truiden,1,2,1.48,2.495,1.5,2.55,6
2024-2025,https://www.oddsportal.com/football/h2h/st-truiden-d2EjBxMM/westerlo-hYaM5Gqp/#CbGg5DNq,2024-10-26 18:45,St. Truiden,Westerlo,2,0,1.463,2.56,1.5,2.64,6
2025-2026,https://www.oddsportal.com/football/h2h/anderlecht-vslqAKNo/antwerp-rVpPxw8H/#40D80Qxp,2025-09-20 18:45,Anderlecht,Antwerp,0,0,1.713,2.012,1.75,2.07,6
2025-2026,https://www.oddsportal.com/football/h2h/anderlecht-vslqAKNo/antwerp-rVpPxw8H/#OI7g9Cf4,2025-12-21 18:30,Antwerp,Anderlecht,2,2,1.81,1.913,1.91,1.98,7
2025-2026,https://www.oddsportal.com/football/h2h/anderlecht-vslqAKNo/cercle-brugge-IXnm9vwh/#A5Eu2PNH,2026-03-22 18:30,Anderlecht,Cercle Brugge KSV,2,3,1.526,2.336,1.55,2.38,7
2025-2026,https://www.oddsportal.com/football/h2h/anderlecht-vslqAKNo/cercle-brugge-IXnm9vwh/#Ec1Ic94C,2025-08-03 14:00,Cercle Brugge KSV,Anderlecht,0,2,1.68,2.062,1.7,2.1,6
2025-2026,https://www.oddsportal.com/football/h2h/anderlecht-vslqAKNo/charleroi-WIPDJ0hb/#6Z2CLtpR,2025-12-26 20:45,Anderlecht,Charleroi,1,2,1.813,1.907,1.91,1.95,7
2025-2026,https://www.oddsportal.com/football/h2h/anderlecht-vslqAKNo/charleroi-WIPDJ0hb/#j5o81ntR,2025-10-24 18:45,Charleroi,Anderlecht,1,0,1.765,1.943,1.8,1.98,6
2025-2026,https://www.oddsportal.com/football/h2h/anderlecht-vslqAKNo/club-brugge-rgTHIK74/#C6gqzcLc,2026-05-03 16:30,Anderlecht,Club Brugge KV,1,3,1.476,2.461,1.5,2.54,7
2025-2026,https://www.oddsportal.com/football/h2h/anderlecht-vslqAKNo/club-brugge-rgTHIK74/#Gtr2drUs,2026-03-08 13:30,Club Brugge KV,Anderlecht,2,2,1.64,2.101,1.67,2.14,7
2025-2026,https://www.oddsportal.com/football/h2h/anderlecht-vslqAKNo/club-brugge-rgTHIK74/#nDGvNg84,2025-11-09 13:30,Anderlecht,Club Brugge KV,1,0,1.547,2.293,1.57,2.34,6
2025-2026,https://www.oddsportal.com/football/h2h/anderlecht-vslqAKNo/club-brugge-rgTHIK74/#z79BLc64,2026-04-06 11:30,Club Brugge KV,Anderlecht,4,2,1.6,2.171,1.62,2.2,7
2025-2026,https://www.oddsportal.com/football/h2h/anderlecht-vslqAKNo/dender-xGSLHvNA/#4C9tL6ko,2026-01-25 18:30,Anderlecht,Dender,0,0,1.819,1.89,1.87,1.95,7
2025-2026,https://www.oddsportal.com/football/h2h/anderlecht-vslqAKNo/dender-xGSLHvNA/#YH4w3Pck,2025-08-17 11:30,Dender,Anderlecht,0,2,1.66,2.087,1.7,2.15,6
2025-2026,https://www.oddsportal.com/football/h2h/anderlecht-vslqAKNo/genk-r3jWUIiN/#4xVL9UFc,2025-09-14 16:30,Anderlecht,Genk,1,1,1.55,2.285,1.57,2.36,6
2025-2026,https://www.oddsportal.com/football/h2h/anderlecht-vslqAKNo/genk-r3jWUIiN/#zT7KgnD7,2026-02-08 13:30,Genk,Anderlecht,2,0,1.741,1.983,1.8,2.18,7
2025-2026,https://www.oddsportal.com/football/h2h/anderlecht-vslqAKNo/gent-MgkzUx7T/#2cveU1dl,2025-09-23 18:30,Anderlecht,Gent,1,0,1.62,2.148,1.65,2.2,6
2025-2026,https://www.oddsportal.com/football/h2h/anderlecht-vslqAKNo/gent-MgkzUx7T/#6TrZQDas,2026-04-12 16:30,Anderlecht,Gent,3,1,1.597,2.174,1.62,2.22,7
2025-2026,https://www.oddsportal.com/football/h2h/anderlecht-vslqAKNo/gent-MgkzUx7T/#Iewasc6m,2026-01-18 13:30,Gent,Anderlecht,4,2,1.734,1.981,1.8,2.1,7
2025-2026,https://www.oddsportal.com/football/h2h/anderlecht-vslqAKNo/gent-MgkzUx7T/#n7pkNVb6,2026-05-10 11:30,Gent,Anderlecht,1,1,1.58,2.216,1.62,2.3,7
2025-2026,https://www.oddsportal.com/football/h2h/anderlecht-vslqAKNo/kv-mechelen-ULVIb27i/#0UzqqDLP,2026-05-17 11:30,Anderlecht,KV Mechelen,2,2,1.68,2.043,1.7,2.08,7
2025-2026,https://www.oddsportal.com/football/h2h/anderlecht-vslqAKNo/kv-mechelen-ULVIb27i/#8IkbknvC,2026-03-15 18:30,KV Mechelen,Anderlecht,1,0,1.626,2.137,1.67,2.25,7
2025-2026,https://www.oddsportal.com/football/h2h/anderlecht-vslqAKNo/kv-mechelen-ULVIb27i/#YNrcL9TI,2026-04-18 18:45,KV Mechelen,Anderlecht,1,2,1.64,2.099,1.67,2.15,7
2025-2026,https://www.oddsportal.com/football/h2h/anderlecht-vslqAKNo/kv-mechelen-ULVIb27i/#r3Qnf4Y0,2025-11-01 20:45,Anderlecht,KV Mechelen,3,1,1.642,2.115,1.67,2.15,6
2025-2026,https://www.oddsportal.com/football/h2h/anderlecht-vslqAKNo/leuven-dYlTycNN/#Q73RCfS6,2025-09-26 18:45,Leuven,Anderlecht,1,1,1.717,2.015,1.75,2.07,6
2025-2026,https://www.oddsportal.com/football/h2h/anderlecht-vslqAKNo/leuven-dYlTycNN/#reOQRWOj,2026-02-28 20:45,Anderlecht,Leuven,5,1,1.777,1.924,1.8,1.98,7
2025-2026,https://www.oddsportal.com/football/h2h/anderlecht-vslqAKNo/raal-la-louviere-K0H6jm7P/#CxHo6G2U,2026-02-15 18:30,Anderlecht,RAAL La Louviere,0,0,1.93,1.777,1.98,1.8,7
2025-2026,https://www.oddsportal.com/football/h2h/anderlecht-vslqAKNo/raal-la-louviere-K0H6jm7P/#bX1EZWiA,2025-11-23 18:30,RAAL La Louviere,Anderlecht,0,1,1.85,1.878,1.91,1.93,6
2025-2026,https://www.oddsportal.com/football/h2h/anderlecht-vslqAKNo/royale-union-sg-407h8Ird/#2ud4NJyh,2026-05-24 16:30,Royale Union SG,Anderlecht,5,1,1.739,1.957,1.75,2.0,7
2025-2026,https://www.oddsportal.com/football/h2h/anderlecht-vslqAKNo/royale-union-sg-407h8Ird/#hSDOAthn,2026-04-26 16:30,Anderlecht,Royale Union SG,1,3,1.876,1.823,1.95,1.9,7
2025-2026,https://www.oddsportal.com/football/h2h/anderlecht-vslqAKNo/royale-union-sg-407h8Ird/#lnt5rhHb,2025-08-31 16:30,Royale Union SG,Anderlecht,2,0,1.74,1.988,1.8,2.05,6
2025-2026,https://www.oddsportal.com/football/h2h/anderlecht-vslqAKNo/royale-union-sg-407h8Ird/#r57TGcc6,2025-11-30 18:30,Anderlecht,Royale Union SG,1,0,1.673,2.069,1.7,2.15,7
2025-2026,https://www.oddsportal.com/football/h2h/anderlecht-vslqAKNo/st-liege-vsnvCI6G/#OEX5liyS,2026-02-01 13:30,St. Liege,Anderlecht,2,0,1.944,1.763,2.0,1.83,7
2025-2026,https://www.oddsportal.com/football/h2h/anderlecht-vslqAKNo/st-liege-vsnvCI6G/#t0iZNuh5,2025-10-05 11:30,Anderlecht,St. Liege,1,0,1.732,1.985,1.8,2.05,6
2025-2026,https://www.oddsportal.com/football/h2h/anderlecht-vslqAKNo/st-truiden-d2EjBxMM/#2wXOnz53,2026-04-23 18:45,St. Truiden,Anderlecht,2,0,1.6,2.179,1.62,2.2,7
2025-2026,https://www.oddsportal.com/football/h2h/anderlecht-vslqAKNo/st-truiden-d2EjBxMM/#lG0CQql1,2026-05-21 18:30,Anderlecht,St. Truiden,3,1,1.627,2.114,1.67,2.2,7
2025-2026,https://www.oddsportal.com/football/h2h/anderlecht-vslqAKNo/st-truiden-d2EjBxMM/#tEW7xu7b,2025-10-19 16:30,St. Truiden,Anderlecht,2,2,1.617,2.163,1.67,2.25,6
2025-2026,https://www.oddsportal.com/football/h2h/anderlecht-vslqAKNo/st-truiden-d2EjBxMM/#zcRbmVXp,2025-12-13 20:45,Anderlecht,St. Truiden,2,1,1.641,2.109,1.67,2.14,7
2025-2026,https://www.oddsportal.com/football/h2h/anderlecht-vslqAKNo/waregem-jPDfAdyT/#dbjwyy24,2026-02-22 18:30,Waregem,Anderlecht,2,4,1.663,2.071,1.7,2.15,7
2025-2026,https://www.oddsportal.com/football/h2h/anderlecht-vslqAKNo/waregem-jPDfAdyT/#rkwSDLfA,2025-08-10 14:00,Anderlecht,Waregem,2,3,1.628,2.13,1.67,2.22,6
2025-2026,https://www.oddsportal.com/football/h2h/anderlecht-vslqAKNo/westerlo-hYaM5Gqp/#EaWLoIdt,2025-12-07 16:00,Westerlo,Anderlecht,4,0,1.503,2.389,1.53,2.46,7
2025-2026,https://www.oddsportal.com/football/h2h/anderlecht-vslqAKNo/westerlo-hYaM5Gqp/#vH4mfzbK,2025-07-27 11:30,Anderlecht,Westerlo,5,2,1.573,2.235,1.62,2.35,6
2025-2026,https://www.oddsportal.com/football/h2h/antwerp-rVpPxw8H/cercle-brugge-IXnm9vwh/#McyYP1Nh,2025-10-04 18:45,Antwerp,Cercle Brugge KSV,1,1,2.799,3.336,2.88,3.4,7
2025-2026,https://www.oddsportal.com/football/h2h/antwerp-rVpPxw8H/cercle-brugge-IXnm9vwh/#xb9OyEiM,2026-01-31 16:00,Cercle Brugge KSV,Antwerp,0,4,1.734,1.979,1.75,2.02,7
2025-2026,https://www.oddsportal.com/football/h2h/antwerp-rVpPxw8H/charleroi-WIPDJ0hb/#2ZdySEoR,2026-04-10 18:45,Charleroi,Antwerp,2,1,1.726,1.98,1.75,2.05,7
2025-2026,https://www.oddsportal.com/football/h2h/antwerp-rVpPxw8H/charleroi-WIPDJ0hb/#6VoFKWw1,2026-05-10 14:00,Antwerp,Charleroi,0,1,1.639,2.106,1.67,2.15,7
2025-2026,https://www.oddsportal.com/football/h2h/antwerp-rVpPxw8H/charleroi-WIPDJ0hb/#bVhquStH,2026-01-25 13:30,Antwerp,Charleroi,0,2,1.767,1.94,1.8,2.02,7
2025-2026,https://www.oddsportal.com/football/h2h/antwerp-rVpPxw8H/charleroi-WIPDJ0hb/#djjYO6K8,2025-08-17 16:30,Charleroi,Antwerp,1,1,1.76,1.958,1.8,2.02,6
2025-2026,https://www.oddsportal.com/football/h2h/antwerp-rVpPxw8H/club-brugge-rgTHIK74/#EPFCKubs,2025-11-30 13:30,Club Brugge KV,Antwerp,0,1,1.907,1.793,1.95,1.8,7
2025-2026,https://www.oddsportal.com/football/h2h/antwerp-rVpPxw8H/club-brugge-rgTHIK74/#IoOLu5J7,2025-10-26 13:30,Antwerp,Club Brugge KV,0,1,1.625,2.14,1.67,2.2,6
2025-2026,https://www.oddsportal.com/football/h2h/antwerp-rVpPxw8H/dender-xGSLHvNA/#6H9tPFjJ,2026-01-18 16:00,Dender,Antwerp,1,0,1.783,1.919,1.8,1.95,7
2025-2026,https://www.oddsportal.com/football/h2h/antwerp-rVpPxw8H/dender-xGSLHvNA/#ABLJDkVj,2025-11-23 16:00,Antwerp,Dender,1,2,1.725,1.995,1.75,2.07,6
2025-2026,https://www.oddsportal.com/football/h2h/antwerp-rVpPxw8H/genk-r3jWUIiN/#4QPMyVDa,2026-04-03 18:45,Antwerp,Genk,1,2,1.653,2.073,1.7,2.15,7
2025-2026,https://www.oddsportal.com/football/h2h/antwerp-rVpPxw8H/genk-r3jWUIiN/#AsaR4Tsn,2026-05-19 18:30,Genk,Antwerp,0,0,1.696,2.024,1.75,2.08,7
2025-2026,https://www.oddsportal.com/football/h2h/antwerp-rVpPxw8H/genk-r3jWUIiN/#hrD9aVZa,2025-08-03 11:30,Genk,Antwerp,1,1,1.622,2.147,1.67,2.2,6
2025-2026,https://www.oddsportal.com/football/h2h/antwerp-rVpPxw8H/genk-r3jWUIiN/#nDUTqdRh,2025-12-07 18:30,Antwerp,Genk,3,0,1.689,2.05,1.71,2.08,7
2025-2026,https://www.oddsportal.com/football/h2h/antwerp-rVpPxw8H/gent-MgkzUx7T/#8Gn4im0T,2025-09-14 11:30,Antwerp,Gent,1,2,1.578,2.227,1.6,2.27,6
2025-2026,https://www.oddsportal.com/football/h2h/antwerp-rVpPxw8H/gent-MgkzUx7T/#CKFgvheU,2025-12-14 13:30,Gent,Antwerp,0,2,1.689,2.044,1.7,2.1,7
2025-2026,https://www.oddsportal.com/football/h2h/antwerp-rVpPxw8H/kv-mechelen-ULVIb27i/#IP2OZNYQ,2025-08-24 11:30,Antwerp,KV Mechelen,2,1,1.697,2.055,1.75,2.15,6
2025-2026,https://www.oddsportal.com/football/h2h/antwerp-rVpPxw8H/kv-mechelen-ULVIb27i/#MNCvaskm,2026-02-08 19:15,KV Mechelen,Antwerp,2,0,1.751,1.954,1.8,2.0,7
2025-2026,https://www.oddsportal.com/football/h2h/antwerp-rVpPxw8H/leuven-dYlTycNN/#EekNIA8D,2026-05-15 18:45,Leuven,Antwerp,3,0,1.707,2.006,1.75,2.05,7
2025-2026,https://www.oddsportal.com/football/h2h/antwerp-rVpPxw8H/leuven-dYlTycNN/#YHm7Mh9l,2026-04-18 14:00,Antwerp,Leuven,2,0,1.721,1.991,1.8,2.07,7
2025-2026,https://www.oddsportal.com/football/h2h/antwerp-rVpPxw8H/leuven-dYlTycNN/#bNva6wmp,2025-08-10 17:15,Antwerp,Leuven,3,1,1.88,1.832,1.95,1.88,6
2025-2026,https://www.oddsportal.com/football/h2h/antwerp-rVpPxw8H/leuven-dYlTycNN/#fe1nbGMq,2026-03-22 18:30,Leuven,Antwerp,1,0,1.693,2.03,1.7,2.07,7
2025-2026,https://www.oddsportal.com/football/h2h/antwerp-rVpPxw8H/raal-la-louviere-K0H6jm7P/#jXscAGOb,2025-11-08 20:45,Antwerp,RAAL La Louviere,3,1,2.02,1.705,2.05,1.75,6
2025-2026,https://www.oddsportal.com/football/h2h/antwerp-rVpPxw8H/raal-la-louviere-K0H6jm7P/#xzezrqFl,2026-03-06 20:45,RAAL La Louviere,Antwerp,0,0,1.926,1.783,1.95,1.83,7
2025-2026,https://www.oddsportal.com/football/h2h/antwerp-rVpPxw8H/royale-union-sg-407h8Ird/#0AHLuyqR,2025-07-25 18:45,Antwerp,Royale Union SG,1,1,1.787,1.92,1.82,1.95,6
2025-2026,https://www.oddsportal.com/football/h2h/antwerp-rVpPxw8H/royale-union-sg-407h8Ird/#8xArFguo,2026-02-21 20:45,Royale Union SG,Antwerp,2,1,2.077,1.659,2.12,1.7,7
2025-2026,https://www.oddsportal.com/football/h2h/antwerp-rVpPxw8H/st-liege-vsnvCI6G/#2yMG2bIF,2026-05-03 14:00,Antwerp,St. Liege,0,5,1.687,2.033,1.7,2.07,7
2025-2026,https://www.oddsportal.com/football/h2h/antwerp-rVpPxw8H/st-liege-vsnvCI6G/#UNN84Km3,2026-04-21 18:30,St. Liege,Antwerp,1,2,1.847,1.866,1.91,1.91,7
2025-2026,https://www.oddsportal.com/football/h2h/antwerp-rVpPxw8H/st-liege-vsnvCI6G/#r5RjxWCF,2025-10-20 13:00,St. Liege,Antwerp,1,0,1.723,2.005,1.75,2.05,6
2025-2026,https://www.oddsportal.com/football/h2h/antwerp-rVpPxw8H/st-liege-vsnvCI6G/#tQMO57Oh,2026-03-15 16:00,Antwerp,St. Liege,1,1,1.91,1.799,1.95,1.87,7
2025-2026,https://www.oddsportal.com/football/h2h/antwerp-rVpPxw8H/st-truiden-d2EjBxMM/#CYK1Tq0e,2026-02-28 18:15,Antwerp,St. Truiden,1,0,1.584,2.216,1.62,2.27,7
2025-2026,https://www.oddsportal.com/football/h2h/antwerp-rVpPxw8H/st-truiden-d2EjBxMM/#Ue6sGoeK,2025-11-02 18:30,St. Truiden,Antwerp,1,0,1.628,2.14,1.65,2.2,6
2025-2026,https://www.oddsportal.com/football/h2h/antwerp-rVpPxw8H/waregem-jPDfAdyT/#QqJoztaK,2025-12-27 13:30,Antwerp,Waregem,2,1,1.743,1.969,1.8,2.0,7
2025-2026,https://www.oddsportal.com/football/h2h/antwerp-rVpPxw8H/waregem-jPDfAdyT/#htjKEGcf,2025-09-27 14:00,Waregem,Antwerp,2,0,1.612,2.167,1.65,2.2,6
2025-2026,https://www.oddsportal.com/football/h2h/antwerp-rVpPxw8H/westerlo-hYaM5Gqp/#AeLVTh25,2025-08-30 16:15,Westerlo,Antwerp,2,0,1.522,2.353,1.55,2.4,6
2025-2026,https://www.oddsportal.com/football/h2h/antwerp-rVpPxw8H/westerlo-hYaM5Gqp/#C2JeFy2L,2026-04-25 18:45,Westerlo,Antwerp,2,4,1.568,2.218,1.62,2.32,6
2025-2026,https://www.oddsportal.com/football/h2h/antwerp-rVpPxw8H/westerlo-hYaM5Gqp/#GIbTTzHE,2026-05-23 18:45,Antwerp,Westerlo,2,0,1.433,2.573,1.45,2.63,7
2025-2026,https://www.oddsportal.com/football/h2h/antwerp-rVpPxw8H/westerlo-hYaM5Gqp/#j34eealC,2026-02-15 16:00,Antwerp,Westerlo,0,2,1.614,2.159,1.67,2.25,7
2025-2026,https://www.oddsportal.com/football/h2h/beerschot-va-EaOtKH1f/lommel-sk-8EyXqyoo/#C4l1zEJU,2026-05-09 16:15,Beerschot VA,Lommel SK,1,3,1.6,2.175,1.65,2.25,6
2025-2026,https://www.oddsportal.com/football/h2h/beerschot-va-EaOtKH1f/lommel-sk-8EyXqyoo/#vijgxzkI,2026-05-02 18:00,Lommel SK,Beerschot VA,3,1,1.473,2.47,1.5,2.55,6
2025-2026,https://www.oddsportal.com/football/h2h/beerschot-va-EaOtKH1f/patro-eisden-nPGA80Sn/#Qk3JutM6,2026-04-23 18:30,Patro Eisden,Beerschot VA,1,1,1.768,1.895,1.8,1.91,4
2025-2026,https://www.oddsportal.com/football/h2h/beerschot-va-EaOtKH1f/patro-eisden-nPGA80Sn/#YF6RwKjJ,2026-04-27 18:30,Beerschot VA,Patro Eisden,3,2,1.879,1.799,1.95,1.87,7
2025-2026,https://www.oddsportal.com/football/h2h/cercle-brugge-IXnm9vwh/charleroi-WIPDJ0hb/#OthZoRNj,2025-09-14 14:00,Cercle Brugge KSV,Charleroi,2,3,1.632,2.135,1.67,2.22,6
2025-2026,https://www.oddsportal.com/football/h2h/cercle-brugge-IXnm9vwh/charleroi-WIPDJ0hb/#SMf6Hk5E,2026-02-07 18:15,Charleroi,Cercle Brugge KSV,3,4,1.707,2.013,1.75,2.07,7
2025-2026,https://www.oddsportal.com/football/h2h/cercle-brugge-IXnm9vwh/club-brugge-rgTHIK74/#fVyiC8J5,2025-08-09 14:00,Club Brugge KV,Cercle Brugge KSV,2,0,1.745,1.972,1.8,2.05,6
2025-2026,https://www.oddsportal.com/football/h2h/cercle-brugge-IXnm9vwh/club-brugge-rgTHIK74/#lbWLBKYh,2026-02-15 13:30,Cercle Brugge KSV,Club Brugge KV,1,2,1.609,2.17,1.65,2.24,7
2025-2026,https://www.oddsportal.com/football/h2h/cercle-brugge-IXnm9vwh/dender-xGSLHvNA/#2g3yX0TN,2026-04-24 18:45,Cercle Brugge KSV,Dender,2,1,1.69,2.026,1.72,2.06,7
2025-2026,https://www.oddsportal.com/football/h2h/cercle-brugge-IXnm9vwh/dender-xGSLHvNA/#MF1LzqUb,2026-04-19 14:00,Dender,Cercle Brugge KSV,1,4,1.567,2.23,1.6,2.3,7
2025-2026,https://www.oddsportal.com/football/h2h/cercle-brugge-IXnm9vwh/dender-xGSLHvNA/#Wh8izF6l,2025-07-26 14:00,Dender,Cercle Brugge KSV,0,0,1.677,2.075,1.7,2.15,6
2025-2026,https://www.oddsportal.com/football/h2h/cercle-brugge-IXnm9vwh/dender-xGSLHvNA/#pnJ9RNU7,2026-03-01 19:15,Cercle Brugge KSV,Dender,0,0,1.754,1.951,1.8,2.0,7
2025-2026,https://www.oddsportal.com/football/h2h/cercle-brugge-IXnm9vwh/genk-r3jWUIiN/#GhjdGljd,2025-10-19 11:30,Cercle Brugge KSV,Genk,2,2,1.477,2.488,1.5,2.56,6
2025-2026,https://www.oddsportal.com/football/h2h/cercle-brugge-IXnm9vwh/genk-r3jWUIiN/#QHfyslC4,2026-01-25 16:00,Genk,Cercle Brugge KSV,1,1,1.637,2.123,1.7,2.2,7
2025-2026,https://www.oddsportal.com/football/h2h/cercle-brugge-IXnm9vwh/gent-MgkzUx7T/#ETqMYykQ,2025-09-28 14:00,Cercle Brugge KSV,Gent,2,4,1.565,2.262,1.62,2.32,6
2025-2026,https://www.oddsportal.com/football/h2h/cercle-brugge-IXnm9vwh/gent-MgkzUx7T/#WtlCMymB,2026-02-20 20:45,Gent,Cercle Brugge KSV,0,1,1.521,2.334,1.57,2.42,7
2025-2026,https://www.oddsportal.com/football/h2h/cercle-brugge-IXnm9vwh/kv-mechelen-ULVIb27i/#j9LeM7a3,2025-09-21 17:15,KV Mechelen,Cercle Brugge KSV,0,0,1.513,2.367,1.55,2.42,6
2025-2026,https://www.oddsportal.com/football/h2h/cercle-brugge-IXnm9vwh/kv-mechelen-ULVIb27i/#x2qCdZAb,2025-12-13 16:00,Cercle Brugge KSV,KV Mechelen,2,3,1.629,2.133,1.67,2.18,7
2025-2026,https://www.oddsportal.com/football/h2h/cercle-brugge-IXnm9vwh/leuven-dYlTycNN/#Gh4oBYPi,2025-12-21 19:15,Leuven,Cercle Brugge KSV,0,2,1.739,1.981,1.8,2.05,7
2025-2026,https://www.oddsportal.com/football/h2h/cercle-brugge-IXnm9vwh/leuven-dYlTycNN/#joNVOFwh,2025-11-08 16:00,Cercle Brugge KSV,Leuven,1,2,1.605,2.185,1.63,2.25,6
2025-2026,https://www.oddsportal.com/football/h2h/cercle-brugge-IXnm9vwh/raal-la-louviere-K0H6jm7P/#8f7BbjHP,2026-03-15 19:15,Cercle Brugge KSV,RAAL La Louviere,1,3,1.72,2.003,1.75,2.05,7
2025-2026,https://www.oddsportal.com/football/h2h/cercle-brugge-IXnm9vwh/raal-la-louviere-K0H6jm7P/#O8X2VmhJ,2026-04-11 14:00,Cercle Brugge KSV,RAAL La Louviere,3,0,1.781,1.91,1.82,1.95,7
2025-2026,https://www.oddsportal.com/football/h2h/cercle-brugge-IXnm9vwh/raal-la-louviere-K0H6jm7P/#vgm9o0rH,2026-05-09 14:00,RAAL La Louviere,Cercle Brugge KSV,4,1,1.469,2.48,1.5,2.56,7
2025-2026,https://www.oddsportal.com/football/h2h/cercle-brugge-IXnm9vwh/raal-la-louviere-K0H6jm7P/#zwNvdQ3l,2025-11-02 19:15,RAAL La Louviere,Cercle Brugge KSV,2,1,1.673,2.07,1.7,2.12,6
2025-2026,https://www.oddsportal.com/football/h2h/cercle-brugge-IXnm9vwh/royale-union-sg-407h8Ird/#CzSmlW63,2025-11-22 16:00,Royale Union SG,Cercle Brugge KSV,2,0,1.768,1.94,1.8,2.0,6
2025-2026,https://www.oddsportal.com/football/h2h/cercle-brugge-IXnm9vwh/royale-union-sg-407h8Ird/#YkWaCx7D,2025-12-26 16:00,Cercle Brugge KSV,Royale Union SG,1,1,1.776,1.929,1.8,2.0,7
2025-2026,https://www.oddsportal.com/football/h2h/cercle-brugge-IXnm9vwh/st-liege-vsnvCI6G/#WQmOxuKP,2025-12-06 16:00,Cercle Brugge KSV,St. Liege,1,2,1.71,2.023,1.75,2.12,7
2025-2026,https://www.oddsportal.com/football/h2h/cercle-brugge-IXnm9vwh/st-liege-vsnvCI6G/#dKHTDtC7,2025-08-23 16:15,St. Liege,Cercle Brugge KSV,0,3,1.74,1.978,1.8,2.05,6
2025-2026,https://www.oddsportal.com/football/h2h/cercle-brugge-IXnm9vwh/st-truiden-d2EjBxMM/#YLvw246K,2026-03-08 19:15,St. Truiden,Cercle Brugge KSV,2,1,1.536,2.314,1.57,2.38,7
2025-2026,https://www.oddsportal.com/football/h2h/cercle-brugge-IXnm9vwh/st-truiden-d2EjBxMM/#dInNXz3t,2025-08-29 18:45,Cercle Brugge KSV,St. Truiden,1,1,1.62,2.17,1.67,2.22,6
2025-2026,https://www.oddsportal.com/football/h2h/cercle-brugge-IXnm9vwh/waregem-jPDfAdyT/#O2tgkrqh,2026-05-01 18:45,Cercle Brugge KSV,Waregem,2,3,1.476,2.467,1.5,2.52,7
2025-2026,https://www.oddsportal.com/football/h2h/cercle-brugge-IXnm9vwh/waregem-jPDfAdyT/#bF8rw6b2,2025-11-29 18:15,Waregem,Cercle Brugge KSV,1,1,1.5,2.396,1.53,2.47,7
2025-2026,https://www.oddsportal.com/football/h2h/cercle-brugge-IXnm9vwh/waregem-jPDfAdyT/#d8iQjVR8,2025-10-26 16:00,Cercle Brugge KSV,Waregem,1,1,1.495,2.423,1.53,2.5,6
2025-2026,https://www.oddsportal.com/football/h2h/cercle-brugge-IXnm9vwh/waregem-jPDfAdyT/#rVVnZVhf,2026-04-04 14:00,Waregem,Cercle Brugge KSV,2,2,1.616,2.141,1.67,2.24,7
2025-2026,https://www.oddsportal.com/football/h2h/cercle-brugge-IXnm9vwh/westerlo-hYaM5Gqp/#I5vsNpkL,2025-08-17 17:15,Cercle Brugge KSV,Westerlo,4,1,1.543,2.312,1.57,2.4,6
2025-2026,https://www.oddsportal.com/football/h2h/cercle-brugge-IXnm9vwh/westerlo-hYaM5Gqp/#MPiTnJrQ,2026-01-17 18:15,Westerlo,Cercle Brugge KSV,0,2,1.449,2.551,1.5,2.65,7
2025-2026,https://www.oddsportal.com/football/h2h/charleroi-WIPDJ0hb/club-brugge-rgTHIK74/#A1GCkzHc,2026-03-01 18:30,Charleroi,Club Brugge KV,1,2,1.58,2.22,1.62,2.3,7
2025-2026,https://www.oddsportal.com/football/h2h/charleroi-WIPDJ0hb/club-brugge-rgTHIK74/#j7b6ygNc,2025-11-22 20:45,Club Brugge KV,Charleroi,1,0,1.66,2.08,1.7,2.12,6
2025-2026,https://www.oddsportal.com/football/h2h/charleroi-WIPDJ0hb/dender-xGSLHvNA/#GYscpEnn,2025-08-30 18:45,Charleroi,Dender,3,1,1.763,1.947,1.8,2.02,6
2025-2026,https://www.oddsportal.com/football/h2h/charleroi-WIPDJ0hb/dender-xGSLHvNA/#O6oAfMbf,2026-03-07 18:15,Dender,Charleroi,2,2,1.78,1.927,1.8,1.98,7
2025-2026,https://www.oddsportal.com/football/h2h/charleroi-WIPDJ0hb/genk-r3jWUIiN/#Ew82l8c5,2026-05-02 16:15,Charleroi,Genk,2,0,1.556,2.264,1.62,2.35,7
2025-2026,https://www.oddsportal.com/football/h2h/charleroi-WIPDJ0hb/genk-r3jWUIiN/#GlQ03sOr,2025-12-19 20:45,Charleroi,Genk,2,2,1.777,1.93,1.8,1.95,7
2025-2026,https://www.oddsportal.com/football/h2h/charleroi-WIPDJ0hb/genk-r3jWUIiN/#SvQCHOCr,2025-09-17 18:30,Genk,Charleroi,0,1,1.573,2.242,1.62,2.3,6
2025-2026,https://www.oddsportal.com/football/h2h/charleroi-WIPDJ0hb/genk-r3jWUIiN/#Ya6nhjbt,2026-04-21 18:30,Genk,Charleroi,1,1,1.744,1.954,1.8,2.0,7
2025-2026,https://www.oddsportal.com/football/h2h/charleroi-WIPDJ0hb/gent-MgkzUx7T/#0QH9PXBC,2025-10-03 18:45,Gent,Charleroi,2,1,1.6,2.192,1.62,2.25,6
2025-2026,https://www.oddsportal.com/football/h2h/charleroi-WIPDJ0hb/gent-MgkzUx7T/#pQPU9b35,2026-02-14 18:15,Charleroi,Gent,2,3,1.713,2.013,1.75,2.05,7
2025-2026,https://www.oddsportal.com/football/h2h/charleroi-WIPDJ0hb/kv-mechelen-ULVIb27i/#EoimXIsm,2025-12-07 13:30,KV Mechelen,Charleroi,1,0,1.71,2.006,1.75,2.05,7
2025-2026,https://www.oddsportal.com/football/h2h/charleroi-WIPDJ0hb/kv-mechelen-ULVIb27i/#YDQhTFCm,2025-09-28 16:30,Charleroi,KV Mechelen,0,2,1.628,2.135,1.67,2.2,6
2025-2026,https://www.oddsportal.com/football/h2h/charleroi-WIPDJ0hb/leuven-dYlTycNN/#AaeJlELs,2025-07-27 14:00,Leuven,Charleroi,2,2,1.693,2.057,1.75,2.12,6
2025-2026,https://www.oddsportal.com/football/h2h/charleroi-WIPDJ0hb/leuven-dYlTycNN/#EwLW3og5,2026-03-14 16:00,Charleroi,Leuven,0,2,1.663,2.067,1.7,2.12,7
2025-2026,https://www.oddsportal.com/football/h2h/charleroi-WIPDJ0hb/leuven-dYlTycNN/#vZt9tE0K,2026-04-25 14:00,Leuven,Charleroi,0,2,1.659,2.07,1.7,2.15,7
2025-2026,https://www.oddsportal.com/football/h2h/charleroi-WIPDJ0hb/leuven-dYlTycNN/#z5SvyhOs,2026-05-19 18:30,Charleroi,Leuven,1,1,1.663,2.069,1.7,2.16,7
2025-2026,https://www.oddsportal.com/football/h2h/charleroi-WIPDJ0hb/raal-la-louviere-K0H6jm7P/#AgluwlE8,2025-11-29 20:45,Charleroi,RAAL La Louviere,0,0,1.899,1.801,1.95,1.87,7
2025-2026,https://www.oddsportal.com/football/h2h/charleroi-WIPDJ0hb/raal-la-louviere-K0H6jm7P/#nNqJFsQc,2025-08-10 11:30,RAAL La Louviere,Charleroi,1,0,1.783,1.923,1.8,1.95,6
2025-2026,https://www.oddsportal.com/football/h2h/charleroi-WIPDJ0hb/royale-union-sg-407h8Ird/#8SnlIALq,2025-10-18 18:45,Royale Union SG,Charleroi,3,1,1.88,1.828,1.95,1.88,6
2025-2026,https://www.oddsportal.com/football/h2h/charleroi-WIPDJ0hb/royale-union-sg-407h8Ird/#AFsKfDuB,2025-12-14 18:30,Charleroi,Royale Union SG,1,1,1.964,1.753,2.0,1.8,7
2025-2026,https://www.oddsportal.com/football/h2h/charleroi-WIPDJ0hb/st-liege-vsnvCI6G/#2HVMtHed,2026-04-18 16:15,Charleroi,St. Liege,1,2,1.79,1.9,1.8,1.95,7
2025-2026,https://www.oddsportal.com/football/h2h/charleroi-WIPDJ0hb/st-liege-vsnvCI6G/#KzBfeGAk,2026-05-23 18:45,St. Liege,Charleroi,0,2,1.797,1.893,1.85,1.95,7
2025-2026,https://www.oddsportal.com/football/h2h/charleroi-WIPDJ0hb/st-liege-vsnvCI6G/#ltmEAPIs,2025-10-31 20:45,St. Liege,Charleroi,3,1,1.9,1.805,1.95,1.88,6
2025-2026,https://www.oddsportal.com/football/h2h/charleroi-WIPDJ0hb/st-liege-vsnvCI6G/#pUaIUJMs,2026-01-18 18:30,Charleroi,St. Liege,2,0,1.954,1.75,2.05,1.8,7
2025-2026,https://www.oddsportal.com/football/h2h/charleroi-WIPDJ0hb/st-truiden-d2EjBxMM/#QkpzGjKt,2025-08-03 17:15,Charleroi,St. Truiden,1,1,1.653,2.095,1.7,2.15,6
2025-2026,https://www.oddsportal.com/football/h2h/charleroi-WIPDJ0hb/st-truiden-d2EjBxMM/#fZukhZy3,2026-01-31 20:45,St. Truiden,Charleroi,0,2,1.641,2.106,1.67,2.15,7
2025-2026,https://www.oddsportal.com/football/h2h/charleroi-WIPDJ0hb/waregem-jPDfAdyT/#fXIa7Kac,2026-03-22 18:30,Waregem,Charleroi,1,0,1.589,2.219,1.62,2.27,7
2025-2026,https://www.oddsportal.com/football/h2h/charleroi-WIPDJ0hb/waregem-jPDfAdyT/#pzThbeDD,2025-09-20 16:15,Charleroi,Waregem,1,2,1.66,2.083,1.7,2.15,6
2025-2026,https://www.oddsportal.com/football/h2h/charleroi-WIPDJ0hb/westerlo-hYaM5Gqp/#Gb8Z7gfe,2026-05-16 14:00,Charleroi,Westerlo,0,1,1.511,2.364,1.57,2.5,7
2025-2026,https://www.oddsportal.com/football/h2h/charleroi-WIPDJ0hb/westerlo-hYaM5Gqp/#OvVq1Coo,2025-11-08 18:15,Charleroi,Westerlo,2,0,1.553,2.273,1.57,2.35,6
2025-2026,https://www.oddsportal.com/football/h2h/charleroi-WIPDJ0hb/westerlo-hYaM5Gqp/#hl92gfu2,2026-04-05 16:30,Westerlo,Charleroi,2,0,1.531,2.306,1.57,2.4,7
2025-2026,https://www.oddsportal.com/football/h2h/charleroi-WIPDJ0hb/westerlo-hYaM5Gqp/#lYnVxcXi,2026-02-22 19:15,Westerlo,Charleroi,2,1,1.567,2.249,1.6,2.35,7
2025-2026,https://www.oddsportal.com/football/h2h/club-brugge-rgTHIK74/dender-xGSLHvNA/#4xww5LnJ,2025-11-01 18:15,Club Brugge KV,Dender,2,1,1.737,1.983,1.75,2.02,6
2025-2026,https://www.oddsportal.com/football/h2h/club-brugge-rgTHIK74/dender-xGSLHvNA/#6syThiAN,2025-12-14 16:00,Dender,Club Brugge KV,1,5,1.616,2.154,1.65,2.2,7
2025-2026,https://www.oddsportal.com/football/h2h/club-brugge-rgTHIK74/genk-r3jWUIiN/#AmJ91Lhe,2025-12-26 13:30,Genk,Club Brugge KV,3,5,1.486,2.447,1.52,2.5,7
2025-2026,https://www.oddsportal.com/football/h2h/club-brugge-rgTHIK74/genk-r3jWUIiN/#WEqSnhjf,2025-07-27 16:30,Club Brugge KV,Genk,2,1,1.625,2.147,1.67,2.2,6
2025-2026,https://www.oddsportal.com/football/h2h/club-brugge-rgTHIK74/gent-MgkzUx7T/#Kp127jPG,2025-12-21 13:30,Club Brugge KV,Gent,2,1,1.619,2.14,1.67,2.2,7
2025-2026,https://www.oddsportal.com/football/h2h/club-brugge-rgTHIK74/gent-MgkzUx7T/#OSoVQhrp,2026-05-24 16:30,Club Brugge KV,Gent,5,0,1.479,2.451,1.52,2.54,7
2025-2026,https://www.oddsportal.com/football/h2h/club-brugge-rgTHIK74/gent-MgkzUx7T/#nT1cCgTj,2026-04-26 11:30,Gent,Club Brugge KV,0,2,1.58,2.217,1.62,2.3,7
2025-2026,https://www.oddsportal.com/football/h2h/club-brugge-rgTHIK74/gent-MgkzUx7T/#vyDnQA1U,2025-08-31 11:30,Gent,Club Brugge KV,1,1,1.533,2.332,1.6,2.38,6
2025-2026,https://www.oddsportal.com/football/h2h/club-brugge-rgTHIK74/kv-mechelen-ULVIb27i/#2JcrIyEF,2025-08-01 18:45,KV Mechelen,Club Brugge KV,2,1,1.502,2.41,1.53,2.5,6
2025-2026,https://www.oddsportal.com/football/h2h/club-brugge-rgTHIK74/kv-mechelen-ULVIb27i/#EcHmdfid,2026-03-22 18:30,Club Brugge KV,KV Mechelen,4,1,1.767,1.937,1.8,1.96,7
2025-2026,https://www.oddsportal.com/football/h2h/club-brugge-rgTHIK74/kv-mechelen-ULVIb27i/#GpBRHF5T,2026-04-22 18:30,Club Brugge KV,KV Mechelen,6,1,1.683,2.037,1.7,2.07,7
2025-2026,https://www.oddsportal.com/football/h2h/club-brugge-rgTHIK74/kv-mechelen-ULVIb27i/#hpeaWEKM,2026-05-21 18:30,KV Mechelen,Club Brugge KV,2,2,1.554,2.25,1.6,2.3,7
2025-2026,https://www.oddsportal.com/football/h2h/club-brugge-rgTHIK74/leuven-dYlTycNN/#bTk4OcIb,2026-02-21 18:15,Club Brugge KV,Leuven,2,1,1.751,1.959,1.8,2.0,7
2025-2026,https://www.oddsportal.com/football/h2h/club-brugge-rgTHIK74/leuven-dYlTycNN/#z36VUm5k,2025-10-18 16:15,Leuven,Club Brugge KV,0,1,1.663,2.078,1.7,2.12,6
2025-2026,https://www.oddsportal.com/football/h2h/club-brugge-rgTHIK74/raal-la-louviere-K0H6jm7P/#Clgeg9VG,2025-09-13 18:45,RAAL La Louviere,Club Brugge KV,1,0,1.728,1.992,1.75,2.05,6
2025-2026,https://www.oddsportal.com/football/h2h/club-brugge-rgTHIK74/raal-la-louviere-K0H6jm7P/#pOd8wF5C,2026-01-16 20:45,Club Brugge KV,RAAL La Louviere,2,3,1.874,1.823,1.95,1.9,7
2025-2026,https://www.oddsportal.com/football/h2h/club-brugge-rgTHIK74/royale-union-sg-407h8Ird/#Uel3UVqd,2026-02-01 18:30,Royale Union SG,Club Brugge KV,1,0,1.67,2.069,1.7,2.15,7
2025-2026,https://www.oddsportal.com/football/h2h/club-brugge-rgTHIK74/royale-union-sg-407h8Ird/#Ukz7haxI,2026-04-19 16:30,Royale Union SG,Club Brugge KV,2,1,1.756,1.946,1.8,2.02,7
2025-2026,https://www.oddsportal.com/football/h2h/club-brugge-rgTHIK74/royale-union-sg-407h8Ird/#lpwQRNht,2025-10-05 16:30,Club Brugge KV,Royale Union SG,1,0,1.527,2.343,1.55,2.38,6
2025-2026,https://www.oddsportal.com/football/h2h/club-brugge-rgTHIK74/royale-union-sg-407h8Ird/#v3In5xMN,2026-05-17 16:30,Club Brugge KV,Royale Union SG,5,0,1.704,2.004,1.75,2.12,7
2025-2026,https://www.oddsportal.com/football/h2h/club-brugge-rgTHIK74/st-liege-vsnvCI6G/#MZdzBYdJ,2025-09-27 16:15,St. Liege,Club Brugge KV,1,2,1.59,2.21,1.62,2.26,6
2025-2026,https://www.oddsportal.com/football/h2h/club-brugge-rgTHIK74/st-liege-vsnvCI6G/#ngd4cUDr,2026-02-08 18:30,Club Brugge KV,St. Liege,3,0,2.016,1.704,2.1,1.75,7
2025-2026,https://www.oddsportal.com/football/h2h/club-brugge-rgTHIK74/st-truiden-d2EjBxMM/#O2T9b47d,2025-09-21 16:30,Club Brugge KV,St. Truiden,2,0,1.768,1.938,1.82,1.98,6
2025-2026,https://www.oddsportal.com/football/h2h/club-brugge-rgTHIK74/st-truiden-d2EjBxMM/#jinCREBO,2025-12-06 20:45,St. Truiden,Club Brugge KV,3,2,1.43,2.609,1.45,2.7,7
2025-2026,https://www.oddsportal.com/football/h2h/club-brugge-rgTHIK74/st-truiden-d2EjBxMM/#pKiiYzjA,2026-05-09 18:45,Club Brugge KV,St. Truiden,2,0,1.509,2.363,1.53,2.4,7
2025-2026,https://www.oddsportal.com/football/h2h/club-brugge-rgTHIK74/st-truiden-d2EjBxMM/#rXCJJyyH,2026-04-11 18:45,St. Truiden,Club Brugge KV,1,2,1.434,2.574,1.45,2.66,7
2025-2026,https://www.oddsportal.com/football/h2h/club-brugge-rgTHIK74/waregem-jPDfAdyT/#WI1SrAsh,2026-01-24 18:15,Club Brugge KV,Waregem,4,3,1.816,1.907,1.91,2.05,7
2025-2026,https://www.oddsportal.com/football/h2h/club-brugge-rgTHIK74/waregem-jPDfAdyT/#lC7iCTz3,2025-08-16 14:00,Waregem,Club Brugge KV,0,1,1.633,2.125,1.67,2.2,6
2025-2026,https://www.oddsportal.com/football/h2h/club-brugge-rgTHIK74/westerlo-hYaM5Gqp/#O6JLF2se,2025-09-24 18:30,Club Brugge KV,Westerlo,5,5,1.527,2.348,1.55,2.38,6
2025-2026,https://www.oddsportal.com/football/h2h/club-brugge-rgTHIK74/westerlo-hYaM5Gqp/#UXw7mQ8O,2026-03-14 20:45,Westerlo,Club Brugge KV,1,2,1.496,2.437,1.52,2.5,7
2025-2026,https://www.oddsportal.com/football/h2h/dender-xGSLHvNA/genk-r3jWUIiN/#04Oav1xn,2025-10-05 14:00,Genk,Dender,2,1,1.717,2.012,1.75,2.05,6
2025-2026,https://www.oddsportal.com/football/h2h/dender-xGSLHvNA/genk-r3jWUIiN/#GCCps9T1,2026-02-01 16:00,Dender,Genk,1,2,1.777,1.923,1.8,1.95,7
2025-2026,https://www.oddsportal.com/football/h2h/dender-xGSLHvNA/gent-MgkzUx7T/#8URx6nFM,2025-09-19 18:45,Gent,Dender,3,0,1.632,2.132,1.67,2.2,6
2025-2026,https://www.oddsportal.com/football/h2h/dender-xGSLHvNA/gent-MgkzUx7T/#EytDqH7j,2026-03-22 18:30,Dender,Gent,1,3,1.667,2.073,1.7,2.12,7
2025-2026,https://www.oddsportal.com/football/h2h/dender-xGSLHvNA/kv-mechelen-ULVIb27i/#j7vqGK7l,2025-12-27 18:15,KV Mechelen,Dender,1,1,1.727,1.983,1.75,2.05,7
2025-2026,https://www.oddsportal.com/football/h2h/dender-xGSLHvNA/kv-mechelen-ULVIb27i/#vXKazAsS,2025-10-19 14:00,Dender,KV Mechelen,1,3,1.715,2.023,1.75,2.05,6
2025-2026,https://www.oddsportal.com/football/h2h/dender-xGSLHvNA/leuven-dYlTycNN/#21deQJmn,2026-02-14 16:00,Leuven,Dender,3,2,1.797,1.907,1.88,1.95,7
2025-2026,https://www.oddsportal.com/football/h2h/dender-xGSLHvNA/leuven-dYlTycNN/#6kyCQJeD,2025-08-24 17:15,Dender,Leuven,0,1,1.727,1.995,1.75,2.05,6
2025-2026,https://www.oddsportal.com/football/h2h/dender-xGSLHvNA/lommel-sk-8EyXqyoo/#QPovkox0,2026-05-17 14:00,Lommel SK,Dender,3,2,1.63,2.116,1.67,2.16,7
2025-2026,https://www.oddsportal.com/football/h2h/dender-xGSLHvNA/lommel-sk-8EyXqyoo/#bwpnmP6C,2026-05-23 16:15,Dender,Lommel SK,0,0,1.587,2.203,1.62,2.27,6
2025-2026,https://www.oddsportal.com/football/h2h/dender-xGSLHvNA/raal-la-louviere-K0H6jm7P/#MBfeVdCa,2025-12-05 20:45,RAAL La Louviere,Dender,1,2,1.867,1.854,1.91,1.91,7
2025-2026,https://www.oddsportal.com/football/h2h/dender-xGSLHvNA/raal-la-louviere-K0H6jm7P/#WQ1BGxTs,2025-09-28 17:15,Dender,RAAL La Louviere,0,0,1.9,1.807,1.95,1.87,6
2025-2026,https://www.oddsportal.com/football/h2h/dender-xGSLHvNA/raal-la-louviere-K0H6jm7P/#WSq1mMD4,2026-05-03 17:15,Dender,RAAL La Louviere,2,1,1.586,2.206,1.62,2.3,7
2025-2026,https://www.oddsportal.com/football/h2h/dender-xGSLHvNA/raal-la-louviere-K0H6jm7P/#jeZfX9N6,2026-04-06 14:00,RAAL La Louviere,Dender,0,1,1.799,1.899,1.84,1.95,7
2025-2026,https://www.oddsportal.com/football/h2h/dender-xGSLHvNA/royale-union-sg-407h8Ird/#0hnji89a,2026-03-14 18:15,Royale Union SG,Dender,2,0,2.237,1.571,2.3,1.6,7
2025-2026,https://www.oddsportal.com/football/h2h/dender-xGSLHvNA/royale-union-sg-407h8Ird/#vyemeV04,2025-09-13 16:15,Dender,Royale Union SG,0,1,2.007,1.725,2.05,1.75,6
2025-2026,https://www.oddsportal.com/football/h2h/dender-xGSLHvNA/st-liege-vsnvCI6G/#OjoMAPV8,2025-12-20 16:00,Dender,St. Liege,0,1,1.879,1.827,1.95,1.88,7
2025-2026,https://www.oddsportal.com/football/h2h/dender-xGSLHvNA/st-liege-vsnvCI6G/#QXSU6DsQ,2025-08-02 16:15,St. Liege,Dender,1,1,1.858,1.87,1.91,1.91,6
2025-2026,https://www.oddsportal.com/football/h2h/dender-xGSLHvNA/st-truiden-d2EjBxMM/#b3rrEUlg,2025-08-08 18:45,St. Truiden,Dender,2,0,1.64,2.118,1.67,2.2,6
2025-2026,https://www.oddsportal.com/football/h2h/dender-xGSLHvNA/st-truiden-d2EjBxMM/#jcqnZEWG,2026-02-21 16:00,Dender,St. Truiden,1,4,1.677,2.054,1.7,2.14,7
2025-2026,https://www.oddsportal.com/football/h2h/dender-xGSLHvNA/waregem-jPDfAdyT/#2LKX2jjL,2026-02-07 16:00,Waregem,Dender,1,0,1.721,2.0,1.75,2.08,7
2025-2026,https://www.oddsportal.com/football/h2h/dender-xGSLHvNA/waregem-jPDfAdyT/#C6oHqvDT,2026-05-09 14:00,Waregem,Dender,2,1,1.53,2.324,1.55,2.38,7
2025-2026,https://www.oddsportal.com/football/h2h/dender-xGSLHvNA/waregem-jPDfAdyT/#EkbDx5an,2026-04-12 17:15,Dender,Waregem,1,2,1.69,2.024,1.7,2.08,7
2025-2026,https://www.oddsportal.com/football/h2h/dender-xGSLHvNA/waregem-jPDfAdyT/#IJqkCxfn,2025-11-07 20:45,Dender,Waregem,2,2,1.592,2.212,1.62,2.3,6
2025-2026,https://www.oddsportal.com/football/h2h/dender-xGSLHvNA/westerlo-hYaM5Gqp/#Q1AzuSTk,2025-11-29 16:00,Dender,Westerlo,2,2,1.484,2.453,1.51,2.55,7
2025-2026,https://www.oddsportal.com/football/h2h/dender-xGSLHvNA/westerlo-hYaM5Gqp/#pYPDsRle,2025-10-25 14:00,Westerlo,Dender,1,1,1.567,2.25,1.6,2.32,6
2025-2026,https://www.oddsportal.com/football/h2h/genk-r3jWUIiN/gent-MgkzUx7T/#Cf3QMydJ,2026-05-31 16:30,Gent,Genk,2,1,1.583,2.204,1.62,2.26,7
2025-2026,https://www.oddsportal.com/football/h2h/genk-r3jWUIiN/gent-MgkzUx7T/#WG4LmEoA,2026-03-01 13:30,Genk,Gent,3,0,1.581,2.223,1.62,2.3,7
2025-2026,https://www.oddsportal.com/football/h2h/genk-r3jWUIiN/gent-MgkzUx7T/#nay68fgB,2025-11-09 18:30,Gent,Genk,1,1,1.545,2.277,1.57,2.3,6
2025-2026,https://www.oddsportal.com/football/h2h/genk-r3jWUIiN/kv-mechelen-ULVIb27i/#jNSx8xYH,2026-02-13 20:45,KV Mechelen,Genk,2,3,1.609,2.177,1.67,2.25,7
2025-2026,https://www.oddsportal.com/football/h2h/genk-r3jWUIiN/kv-mechelen-ULVIb27i/#vTUmJB7T,2025-11-23 13:30,Genk,KV Mechelen,0,1,1.563,2.253,1.6,2.32,6
2025-2026,https://www.oddsportal.com/football/h2h/genk-r3jWUIiN/leuven-dYlTycNN/#6mr74HHd,2025-08-15 18:45,Leuven,Genk,1,2,1.668,2.078,1.7,2.15,6
2025-2026,https://www.oddsportal.com/football/h2h/genk-r3jWUIiN/leuven-dYlTycNN/#ANSUZ8rC,2026-04-12 14:00,Genk,Leuven,0,0,1.639,2.099,1.67,2.15,7
2025-2026,https://www.oddsportal.com/football/h2h/genk-r3jWUIiN/leuven-dYlTycNN/#I72Z27Cb,2026-05-23 18:45,Leuven,Genk,0,2,1.491,2.41,1.53,2.46,7
2025-2026,https://www.oddsportal.com/football/h2h/genk-r3jWUIiN/leuven-dYlTycNN/#zu4LIJSg,2025-11-30 16:00,Genk,Leuven,2,1,1.85,1.863,1.91,1.91,7
2025-2026,https://www.oddsportal.com/football/h2h/genk-r3jWUIiN/raal-la-louviere-K0H6jm7P/#bPFG3xaM,2026-03-22 18:30,RAAL La Louviere,Genk,5,5,1.589,2.213,1.62,2.25,7
2025-2026,https://www.oddsportal.com/football/h2h/genk-r3jWUIiN/raal-la-louviere-K0H6jm7P/#rur038BE,2025-10-26 18:30,Genk,RAAL La Louviere,1,1,1.97,1.743,2.0,1.75,6
2025-2026,https://www.oddsportal.com/football/h2h/genk-r3jWUIiN/royale-union-sg-407h8Ird/#CO94KoUF,2025-09-21 11:30,Genk,Royale Union SG,1,2,1.593,2.213,1.62,2.27,6
2025-2026,https://www.oddsportal.com/football/h2h/genk-r3jWUIiN/royale-union-sg-407h8Ird/#pMZIh0T6,2026-03-07 20:45,Royale Union SG,Genk,2,1,1.83,1.886,1.91,1.91,7
2025-2026,https://www.oddsportal.com/football/h2h/genk-r3jWUIiN/st-liege-vsnvCI6G/#G2yzCaPM,2025-08-10 16:30,St. Liege,Genk,,,1.8,1.913,1.83,1.95,6
2025-2026,https://www.oddsportal.com/football/h2h/genk-r3jWUIiN/st-liege-vsnvCI6G/#OAsfXh1T,2026-02-22 13:30,Genk,St. Liege,0,3,2.014,1.71,2.05,1.75,7
2025-2026,https://www.oddsportal.com/football/h2h/genk-r3jWUIiN/st-liege-vsnvCI6G/#fVOHpQdU,2026-05-16 16:15,St. Liege,Genk,0,0,1.55,2.251,1.57,2.3,7
2025-2026,https://www.oddsportal.com/football/h2h/genk-r3jWUIiN/st-liege-vsnvCI6G/#tQ9fjUSh,2026-04-25 16:15,Genk,St. Liege,1,1,1.733,1.967,1.75,2.02,6
2025-2026,https://www.oddsportal.com/football/h2h/genk-r3jWUIiN/st-truiden-d2EjBxMM/#0rBuMb5K,2025-09-28 11:30,St. Truiden,Genk,1,2,1.553,2.273,1.57,2.32,6
2025-2026,https://www.oddsportal.com/football/h2h/genk-r3jWUIiN/st-truiden-d2EjBxMM/#pbTF7Tgt,2026-03-15 13:30,Genk,St. Truiden,1,0,1.541,2.284,1.57,2.35,7
2025-2026,https://www.oddsportal.com/football/h2h/genk-r3jWUIiN/waregem-jPDfAdyT/#bi6YQyM6,2026-01-17 16:00,Waregem,Genk,2,1,1.62,2.151,1.67,2.3,7
2025-2026,https://www.oddsportal.com/football/h2h/genk-r3jWUIiN/waregem-jPDfAdyT/#hvwMvAGN,2025-08-31 17:15,Genk,Waregem,3,2,1.748,1.958,1.8,2.0,6
2025-2026,https://www.oddsportal.com/football/h2h/genk-r3jWUIiN/westerlo-hYaM5Gqp/#n5L9nnSH,2026-05-10 17:15,Genk,Westerlo,3,0,1.439,2.559,1.47,2.63,7
2025-2026,https://www.oddsportal.com/football/h2h/genk-r3jWUIiN/westerlo-hYaM5Gqp/#ryRxYnDO,2026-04-18 16:15,Westerlo,Genk,1,2,1.464,2.491,1.5,2.55,7
2025-2026,https://www.oddsportal.com/football/h2h/genk-r3jWUIiN/westerlo-hYaM5Gqp/#tzj3betn,2025-12-14 19:15,Genk,Westerlo,1,1,1.553,2.287,1.58,2.36,7
2025-2026,https://www.oddsportal.com/football/h2h/genk-r3jWUIiN/westerlo-hYaM5Gqp/#x2Jehr3D,2025-11-02 13:30,Westerlo,Genk,0,1,1.413,2.665,1.44,2.76,6
2025-2026,https://www.oddsportal.com/football/h2h/gent-MgkzUx7T/kv-mechelen-ULVIb27i/#EgnsPiUg,2026-05-03 11:30,KV Mechelen,Gent,1,0,1.56,2.24,1.6,2.3,7
2025-2026,https://www.oddsportal.com/football/h2h/gent-MgkzUx7T/kv-mechelen-ULVIb27i/#dxBaA75F,2025-08-16 16:15,KV Mechelen,Gent,1,1,1.543,2.302,1.57,2.37,6
2025-2026,https://www.oddsportal.com/football/h2h/gent-MgkzUx7T/kv-mechelen-ULVIb27i/#hnwRjvbJ,2026-03-08 16:00,Gent,KV Mechelen,3,1,1.544,2.299,1.57,2.37,7
2025-2026,https://www.oddsportal.com/football/h2h/gent-MgkzUx7T/kv-mechelen-ULVIb27i/#zoh3WZyK,2026-04-06 16:30,Gent,KV Mechelen,1,1,1.636,2.109,1.67,2.2,7
2025-2026,https://www.oddsportal.com/football/h2h/gent-MgkzUx7T/leuven-dYlTycNN/#ILvV6sI6,2025-11-02 16:00,Leuven,Gent,4,0,1.66,2.093,1.7,2.14,6
2025-2026,https://www.oddsportal.com/football/h2h/gent-MgkzUx7T/leuven-dYlTycNN/#fJaCe8re,2026-02-07 20:45,Gent,Leuven,1,3,1.69,2.043,1.7,2.07,7
2025-2026,https://www.oddsportal.com/football/h2h/gent-MgkzUx7T/raal-la-louviere-K0H6jm7P/#pI911i5m,2025-08-02 18:45,Gent,RAAL La Louviere,1,0,1.798,1.908,1.82,1.95,6
2025-2026,https://www.oddsportal.com/football/h2h/gent-MgkzUx7T/raal-la-louviere-K0H6jm7P/#raExqVbk,2026-01-30 20:45,RAAL La Louviere,Gent,1,1,1.674,2.053,1.7,2.08,7
2025-2026,https://www.oddsportal.com/football/h2h/gent-MgkzUx7T/royale-union-sg-407h8Ird/#23YEjw7U,2026-04-22 18:30,Royale Union SG,Gent,0,0,2.199,1.586,2.22,1.62,7
2025-2026,https://www.oddsportal.com/football/h2h/gent-MgkzUx7T/royale-union-sg-407h8Ird/#Ao9IaGqo,2026-05-21 18:30,Gent,Royale Union SG,0,0,1.78,1.92,1.8,1.98,7
2025-2026,https://www.oddsportal.com/football/h2h/gent-MgkzUx7T/royale-union-sg-407h8Ird/#KGiXivYj,2025-08-09 18:45,Gent,Royale Union SG,2,3,1.832,1.893,1.91,1.92,6
2025-2026,https://www.oddsportal.com/football/h2h/gent-MgkzUx7T/royale-union-sg-407h8Ird/#vX0xFySI,2025-12-06 18:15,Royale Union SG,Gent,1,1,1.854,1.867,1.91,1.91,7
2025-2026,https://www.oddsportal.com/football/h2h/gent-MgkzUx7T/st-liege-vsnvCI6G/#l6W4qmKr,2025-10-25 18:45,Gent,St. Liege,4,0,1.732,1.983,1.75,2.02,6
2025-2026,https://www.oddsportal.com/football/h2h/gent-MgkzUx7T/st-liege-vsnvCI6G/#tWFFwzN9,2026-01-23 20:45,St. Liege,Gent,0,4,1.787,1.911,1.83,1.95,7
2025-2026,https://www.oddsportal.com/football/h2h/gent-MgkzUx7T/st-truiden-d2EjBxMM/#YkGdnAyG,2025-11-30 19:15,Gent,St. Truiden,1,2,1.547,2.291,1.57,2.37,7
2025-2026,https://www.oddsportal.com/football/h2h/gent-MgkzUx7T/st-truiden-d2EjBxMM/#dtpwPWCd,2026-04-19 11:30,Gent,St. Truiden,0,0,1.58,2.214,1.62,2.28,7
2025-2026,https://www.oddsportal.com/football/h2h/gent-MgkzUx7T/st-truiden-d2EjBxMM/#tjc4S5Jl,2026-05-16 18:45,St. Truiden,Gent,1,1,1.476,2.451,1.5,2.55,7
2025-2026,https://www.oddsportal.com/football/h2h/gent-MgkzUx7T/st-truiden-d2EjBxMM/#vumzoWK6,2025-07-27 17:15,St. Truiden,Gent,3,1,1.478,2.477,1.5,2.56,6
2025-2026,https://www.oddsportal.com/football/h2h/gent-MgkzUx7T/waregem-jPDfAdyT/#4QhsgUvm,2026-03-13 20:45,Gent,Waregem,2,0,1.51,2.37,1.53,2.42,7
2025-2026,https://www.oddsportal.com/football/h2h/gent-MgkzUx7T/waregem-jPDfAdyT/#ERUFzJyB,2025-10-19 17:15,Waregem,Gent,4,1,1.53,2.325,1.57,2.42,6
2025-2026,https://www.oddsportal.com/football/h2h/gent-MgkzUx7T/westerlo-hYaM5Gqp/#l2tgSlpp,2025-11-22 18:15,Westerlo,Gent,0,0,1.453,2.553,1.5,2.67,6
2025-2026,https://www.oddsportal.com/football/h2h/gent-MgkzUx7T/westerlo-hYaM5Gqp/#xOxiEbx1,2025-12-27 20:45,Gent,Westerlo,2,0,1.474,2.484,1.5,2.55,7
2025-2026,https://www.oddsportal.com/football/h2h/kv-mechelen-ULVIb27i/leuven-dYlTycNN/#WUavTRZ1,2025-10-25 16:15,KV Mechelen,Leuven,1,1,1.697,2.038,1.75,2.1,6
2025-2026,https://www.oddsportal.com/football/h2h/kv-mechelen-ULVIb27i/leuven-dYlTycNN/#YTffWiFq,2026-02-01 19:15,Leuven,KV Mechelen,2,2,1.703,2.02,1.75,2.1,7
2025-2026,https://www.oddsportal.com/football/h2h/kv-mechelen-ULVIb27i/raal-la-louviere-K0H6jm7P/#2VHNVEXh,2025-08-30 14:00,KV Mechelen,RAAL La Louviere,3,2,1.677,2.07,1.7,2.1,6
2025-2026,https://www.oddsportal.com/football/h2h/kv-mechelen-ULVIb27i/raal-la-louviere-K0H6jm7P/#xfJCKFHN,2026-02-22 16:00,RAAL La Louviere,KV Mechelen,0,2,1.711,2.016,1.75,2.06,7
2025-2026,https://www.oddsportal.com/football/h2h/kv-mechelen-ULVIb27i/royale-union-sg-407h8Ird/#MPWbfL75,2026-04-12 11:30,KV Mechelen,Royale Union SG,0,1,1.941,1.756,2.0,1.82,7
2025-2026,https://www.oddsportal.com/football/h2h/kv-mechelen-ULVIb27i/royale-union-sg-407h8Ird/#WxFv7biB,2026-05-10 16:30,Royale Union SG,KV Mechelen,3,0,1.894,1.794,1.95,1.82,7
2025-2026,https://www.oddsportal.com/football/h2h/kv-mechelen-ULVIb27i/royale-union-sg-407h8Ird/#v7gD6YNN,2025-11-09 19:15,KV Mechelen,Royale Union SG,1,1,1.708,2.028,1.75,2.05,6
2025-2026,https://www.oddsportal.com/football/h2h/kv-mechelen-ULVIb27i/royale-union-sg-407h8Ird/#xbg0uyy0,2026-01-17 20:45,Royale Union SG,KV Mechelen,1,0,2.026,1.694,2.07,1.75,7
2025-2026,https://www.oddsportal.com/football/h2h/kv-mechelen-ULVIb27i/st-liege-vsnvCI6G/#6HT3pl6S,2025-11-28 20:45,KV Mechelen,St. Liege,0,1,1.656,2.093,1.7,2.15,7
2025-2026,https://www.oddsportal.com/football/h2h/kv-mechelen-ULVIb27i/st-liege-vsnvCI6G/#xCEhZmvo,2025-09-12 18:45,St. Liege,KV Mechelen,1,1,1.688,2.052,1.75,2.15,6
2025-2026,https://www.oddsportal.com/football/h2h/kv-mechelen-ULVIb27i/st-truiden-d2EjBxMM/#A3zXpEZF,2026-04-26 14:00,KV Mechelen,St. Truiden,1,4,1.576,2.216,1.62,2.3,7
2025-2026,https://www.oddsportal.com/football/h2h/kv-mechelen-ULVIb27i/st-truiden-d2EjBxMM/#dpgzmMw2,2025-12-21 16:00,St. Truiden,KV Mechelen,1,0,1.557,2.263,1.58,2.3,7
2025-2026,https://www.oddsportal.com/football/h2h/kv-mechelen-ULVIb27i/st-truiden-d2EjBxMM/#lQfsMJMH,2025-10-04 14:00,KV Mechelen,St. Truiden,1,3,1.633,2.127,1.67,2.2,6
2025-2026,https://www.oddsportal.com/football/h2h/kv-mechelen-ULVIb27i/st-truiden-d2EjBxMM/#tOIJONID,2026-05-24 16:30,St. Truiden,KV Mechelen,3,0,1.464,2.501,1.5,2.56,7
2025-2026,https://www.oddsportal.com/football/h2h/kv-mechelen-ULVIb27i/waregem-jPDfAdyT/#G6RhV5Vr,2026-02-28 16:00,KV Mechelen,Waregem,2,1,1.547,2.276,1.57,2.35,7
2025-2026,https://www.oddsportal.com/football/h2h/kv-mechelen-ULVIb27i/waregem-jPDfAdyT/#SK10Yhy1,2025-07-26 16:15,Waregem,KV Mechelen,1,1,1.475,2.493,1.5,2.56,6
2025-2026,https://www.oddsportal.com/football/h2h/kv-mechelen-ULVIb27i/westerlo-hYaM5Gqp/#0SvaAnlI,2025-08-09 16:15,Westerlo,KV Mechelen,0,1,1.373,2.825,1.4,3.0,6
2025-2026,https://www.oddsportal.com/football/h2h/kv-mechelen-ULVIb27i/westerlo-hYaM5Gqp/#QuwOXqZj,2026-01-25 19:15,KV Mechelen,Westerlo,1,1,1.604,2.189,1.67,2.4,7
2025-2026,https://www.oddsportal.com/football/h2h/leuven-dYlTycNN/raal-la-louviere-K0H6jm7P/#CMUp0Hr1,2025-09-20 14:00,Leuven,RAAL La Louviere,1,2,1.877,1.828,1.95,1.91,6
2025-2026,https://www.oddsportal.com/football/h2h/leuven-dYlTycNN/raal-la-louviere-K0H6jm7P/#b9a4N2FE,2025-12-27 16:00,RAAL La Louviere,Leuven,0,0,2.017,1.704,2.05,1.75,7
2025-2026,https://www.oddsportal.com/football/h2h/leuven-dYlTycNN/royale-union-sg-407h8Ird/#fcnhw6BT,2026-01-24 20:45,Leuven,Royale Union SG,0,0,1.881,1.84,1.95,1.91,7
2025-2026,https://www.oddsportal.com/football/h2h/leuven-dYlTycNN/royale-union-sg-407h8Ird/#nPEPemZO,2025-08-03 16:30,Royale Union SG,Leuven,5,0,2.107,1.648,2.2,1.7,6
2025-2026,https://www.oddsportal.com/football/h2h/leuven-dYlTycNN/st-liege-vsnvCI6G/#O45s1osB,2026-04-04 16:15,Leuven,St. Liege,1,3,1.786,1.906,1.8,1.95,7
2025-2026,https://www.oddsportal.com/football/h2h/leuven-dYlTycNN/st-liege-vsnvCI6G/#WA9vSWWH,2025-08-31 14:00,Leuven,St. Liege,1,0,1.917,1.798,2.0,1.87,6
2025-2026,https://www.oddsportal.com/football/h2h/leuven-dYlTycNN/st-liege-vsnvCI6G/#j5RptEQH,2025-12-12 20:45,St. Liege,Leuven,0,1,1.916,1.783,1.95,1.87,7
2025-2026,https://www.oddsportal.com/football/h2h/leuven-dYlTycNN/st-liege-vsnvCI6G/#lhKO0xmS,2026-05-08 18:45,St. Liege,Leuven,2,1,1.696,2.017,1.75,2.08,7
2025-2026,https://www.oddsportal.com/football/h2h/leuven-dYlTycNN/st-truiden-d2EjBxMM/#hWfNXAMM,2025-11-23 19:15,Leuven,St. Truiden,1,2,1.683,2.063,1.7,2.12,6
2025-2026,https://www.oddsportal.com/football/h2h/leuven-dYlTycNN/st-truiden-d2EjBxMM/#xxIPScif,2026-01-18 19:15,St. Truiden,Leuven,1,0,1.734,1.979,1.75,2.02,7
2025-2026,https://www.oddsportal.com/football/h2h/leuven-dYlTycNN/waregem-jPDfAdyT/#r91vciWi,2025-09-13 14:00,Waregem,Leuven,2,0,1.788,1.923,1.8,1.95,6
2025-2026,https://www.oddsportal.com/football/h2h/leuven-dYlTycNN/waregem-jPDfAdyT/#rRr4TzsC,2025-12-07 19:15,Leuven,Waregem,1,1,1.649,2.1,1.68,2.2,7
2025-2026,https://www.oddsportal.com/football/h2h/leuven-dYlTycNN/westerlo-hYaM5Gqp/#8Y4R9FPr,2026-05-02 14:00,Westerlo,Leuven,3,3,1.484,2.443,1.5,2.5,7
2025-2026,https://www.oddsportal.com/football/h2h/leuven-dYlTycNN/westerlo-hYaM5Gqp/#AuqjKciU,2025-10-05 17:15,Westerlo,Leuven,2,0,1.55,2.285,1.57,2.36,6
2025-2026,https://www.oddsportal.com/football/h2h/leuven-dYlTycNN/westerlo-hYaM5Gqp/#Kf1lHcX8,2026-04-21 18:30,Leuven,Westerlo,0,2,1.534,2.29,1.57,2.4,7
2025-2026,https://www.oddsportal.com/football/h2h/leuven-dYlTycNN/westerlo-hYaM5Gqp/#tSiiv1ED,2026-03-07 16:00,Leuven,Westerlo,0,1,1.583,2.219,1.62,2.27,7
2025-2026,https://www.oddsportal.com/football/h2h/lommel-sk-8EyXqyoo/rfc-liege-llsHlZZh/#Q9gD1NrQ,2026-04-23 18:30,Lommel SK,RFC Liege,3,0,1.63,2.11,1.67,2.2,5
2025-2026,https://www.oddsportal.com/football/h2h/lommel-sk-8EyXqyoo/rfc-liege-llsHlZZh/#dhpqd16m,2026-04-27 18:30,RFC Liege,Lommel SK,1,2,1.5,2.379,1.55,2.42,7
2025-2026,https://www.oddsportal.com/football/h2h/raal-la-louviere-K0H6jm7P/royale-union-sg-407h8Ird/#ANs3SuR0,2025-08-24 16:30,RAAL La Louviere,Royale Union SG,0,0,1.987,1.732,2.1,1.8,6
2025-2026,https://www.oddsportal.com/football/h2h/raal-la-louviere-K0H6jm7P/royale-union-sg-407h8Ird/#UmGncLJa,2026-02-08 16:00,Royale Union SG,RAAL La Louviere,2,1,2.131,1.631,2.22,1.67,7
2025-2026,https://www.oddsportal.com/football/h2h/raal-la-louviere-K0H6jm7P/st-liege-vsnvCI6G/#0Ya8WW5D,2025-07-26 18:45,RAAL La Louviere,St. Liege,0,2,2.028,1.698,2.05,1.72,6
2025-2026,https://www.oddsportal.com/football/h2h/raal-la-louviere-K0H6jm7P/st-liege-vsnvCI6G/#0f1dkRME,2026-02-27 20:45,St. Liege,RAAL La Louviere,1,1,1.966,1.746,2.0,1.8,7
2025-2026,https://www.oddsportal.com/football/h2h/raal-la-louviere-K0H6jm7P/st-truiden-d2EjBxMM/#8428udhc,2026-01-24 16:00,RAAL La Louviere,St. Truiden,1,2,1.667,2.067,1.71,2.15,7
2025-2026,https://www.oddsportal.com/football/h2h/raal-la-louviere-K0H6jm7P/st-truiden-d2EjBxMM/#Uqbn13S1,2025-08-17 14:00,St. Truiden,RAAL La Louviere,2,1,1.792,1.92,1.82,1.95,6
2025-2026,https://www.oddsportal.com/football/h2h/raal-la-louviere-K0H6jm7P/waregem-jPDfAdyT/#8jLHNBtP,2025-10-04 16:15,RAAL La Louviere,Waregem,0,0,1.717,2.015,1.75,2.07,6
2025-2026,https://www.oddsportal.com/football/h2h/raal-la-louviere-K0H6jm7P/waregem-jPDfAdyT/#W8g7Rvio,2026-04-26 17:15,Waregem,RAAL La Louviere,4,0,1.707,2.006,1.75,2.07,7
2025-2026,https://www.oddsportal.com/football/h2h/raal-la-louviere-K0H6jm7P/waregem-jPDfAdyT/#fTaTYMbB,2026-04-19 17:15,RAAL La Louviere,Waregem,0,2,1.687,2.033,1.7,2.07,7
2025-2026,https://www.oddsportal.com/football/h2h/raal-la-louviere-K0H6jm7P/waregem-jPDfAdyT/#ruOxrzd5,2025-12-13 18:15,Waregem,RAAL La Louviere,2,2,1.786,1.921,1.82,1.98,7
2025-2026,https://www.oddsportal.com/football/h2h/raal-la-louviere-K0H6jm7P/westerlo-hYaM5Gqp/#dlTrvhr3,2025-10-18 14:00,RAAL La Louviere,Westerlo,0,0,1.6,2.19,1.62,2.22,6
2025-2026,https://www.oddsportal.com/football/h2h/raal-la-louviere-K0H6jm7P/westerlo-hYaM5Gqp/#p6ZU830L,2025-12-20 18:15,Westerlo,RAAL La Louviere,2,1,1.763,1.939,1.8,1.95,7
2025-2026,https://www.oddsportal.com/football/h2h/royale-union-sg-407h8Ird/st-liege-vsnvCI6G/#GpYDDt4t,2026-02-14 20:45,St. Liege,Royale Union SG,1,1,2.34,1.529,2.38,1.55,7
2025-2026,https://www.oddsportal.com/football/h2h/royale-union-sg-407h8Ird/st-liege-vsnvCI6G/#xnJ78ozS,2025-08-16 18:45,Royale Union SG,St. Liege,3,0,2.247,1.568,2.3,1.62,6
2025-2026,https://www.oddsportal.com/football/h2h/royale-union-sg-407h8Ird/st-truiden-d2EjBxMM/#INuZl9dL,2025-10-26 19:15,Royale Union SG,St. Truiden,2,0,1.737,1.973,1.78,2.0,6
2025-2026,https://www.oddsportal.com/football/h2h/royale-union-sg-407h8Ird/st-truiden-d2EjBxMM/#bPGW8KMb,2026-05-02 18:45,St. Truiden,Royale Union SG,2,1,1.826,1.864,1.86,1.95,7
2025-2026,https://www.oddsportal.com/football/h2h/royale-union-sg-407h8Ird/st-truiden-d2EjBxMM/#t49ZJcq3,2026-03-22 18:30,St. Truiden,Royale Union SG,1,3,1.711,2.01,1.75,2.07,7
2025-2026,https://www.oddsportal.com/football/h2h/royale-union-sg-407h8Ird/st-truiden-d2EjBxMM/#z9Yjdswg,2026-04-04 18:45,Royale Union SG,St. Truiden,1,0,1.783,1.909,1.8,1.95,7
2025-2026,https://www.oddsportal.com/football/h2h/royale-union-sg-407h8Ird/waregem-jPDfAdyT/#d6jM83mf,2025-11-01 16:00,Waregem,Royale Union SG,1,4,1.692,2.037,1.72,2.05,6
2025-2026,https://www.oddsportal.com/football/h2h/royale-union-sg-407h8Ird/waregem-jPDfAdyT/#jXNZlr9k,2025-12-20 20:45,Royale Union SG,Waregem,2,0,1.921,1.776,1.95,1.8,7
2025-2026,https://www.oddsportal.com/football/h2h/royale-union-sg-407h8Ird/westerlo-hYaM5Gqp/#h2J3m5iR,2026-03-01 16:00,Westerlo,Royale Union SG,0,0,1.71,2.017,1.75,2.05,7
2025-2026,https://www.oddsportal.com/football/h2h/royale-union-sg-407h8Ird/westerlo-hYaM5Gqp/#vBT0Rgs0,2025-09-27 18:45,Royale Union SG,Westerlo,2,0,1.613,2.17,1.65,2.22,6
2025-2026,https://www.oddsportal.com/football/h2h/st-liege-vsnvCI6G/st-truiden-d2EjBxMM/#KQEnLXxH,2025-11-09 16:00,St. Truiden,St. Liege,1,0,1.637,2.123,1.67,2.22,6
2025-2026,https://www.oddsportal.com/football/h2h/st-liege-vsnvCI6G/st-truiden-d2EjBxMM/#r1HHaaN7,2025-12-26 18:30,St. Liege,St. Truiden,1,2,1.833,1.89,1.91,1.95,7
2025-2026,https://www.oddsportal.com/football/h2h/st-liege-vsnvCI6G/waregem-jPDfAdyT/#p0brtNq1,2026-03-08 18:30,Waregem,St. Liege,0,1,1.804,1.897,1.85,1.95,7
2025-2026,https://www.oddsportal.com/football/h2h/st-liege-vsnvCI6G/waregem-jPDfAdyT/#pUZ1QSEd,2025-11-21 20:45,St. Liege,Waregem,0,0,1.628,2.138,1.67,2.22,6
2025-2026,https://www.oddsportal.com/football/h2h/st-liege-vsnvCI6G/westerlo-hYaM5Gqp/#2cM75bU9,2026-03-22 18:30,St. Liege,Westerlo,0,0,1.756,1.954,1.8,2.02,7
2025-2026,https://www.oddsportal.com/football/h2h/st-liege-vsnvCI6G/westerlo-hYaM5Gqp/#INyx2wEl,2025-09-21 14:00,Westerlo,St. Liege,0,2,1.543,2.297,1.57,2.38,6
2025-2026,https://www.oddsportal.com/football/h2h/st-liege-vsnvCI6G/westerlo-hYaM5Gqp/#OOBs6XO7,2026-05-19 18:30,Westerlo,St. Liege,1,2,1.476,2.456,1.5,2.5,7
2025-2026,https://www.oddsportal.com/football/h2h/st-liege-vsnvCI6G/westerlo-hYaM5Gqp/#fiSErwRq,2026-04-11 16:15,St. Liege,Westerlo,1,2,1.677,2.046,1.7,2.12,7
2025-2026,https://www.oddsportal.com/football/h2h/st-truiden-d2EjBxMM/waregem-jPDfAdyT/#CSaGyp4E,2025-08-23 18:45,Waregem,St. Truiden,0,2,1.628,2.142,1.67,2.2,6
2025-2026,https://www.oddsportal.com/football/h2h/st-truiden-d2EjBxMM/waregem-jPDfAdyT/#xK23gwJO,2026-02-15 19:15,St. Truiden,Waregem,3,2,1.686,2.057,1.75,2.1,7
2025-2026,https://www.oddsportal.com/football/h2h/st-truiden-d2EjBxMM/westerlo-hYaM5Gqp/#C2YT78pA,2025-09-14 17:15,St. Truiden,Westerlo,0,3,1.518,2.36,1.55,2.4,6
2025-2026,https://www.oddsportal.com/football/h2h/st-truiden-d2EjBxMM/westerlo-hYaM5Gqp/#feHP4CL8,2026-02-06 20:45,Westerlo,St. Truiden,0,4,1.437,2.584,1.47,2.66,7
2025-2026,https://www.oddsportal.com/football/h2h/waregem-jPDfAdyT/westerlo-hYaM5Gqp/#GlUcjD6F,2026-01-31 18:15,Waregem,Westerlo,0,1,1.507,2.383,1.53,2.42,7
2025-2026,https://www.oddsportal.com/football/h2h/waregem-jPDfAdyT/westerlo-hYaM5Gqp/#YwtqqAkJ,2025-08-02 14:00,Westerlo,Waregem,3,1,1.403,2.712,1.44,2.8,6
current,https://www.oddsportal.com/football/h2h/anderlecht-vslqAKNo/sk-beveren-QaqfE8WE/#EJVnOQGD,2026-08-16 11:30,Beveren,Anderlecht,1,0,1.514,2.35,1.55,2.4,7
current,https://www.oddsportal.com/football/h2h/anderlecht-vslqAKNo/waregem-jPDfAdyT/#MHMdYPdB,2026-09-19 18:45,Anderlecht,Waregem,3,0,1.584,2.204,1.62,2.25,7
current,https://www.oddsportal.com/football/h2h/antwerp-rVpPxw8H/club-brugge-rgTHIK74/#dEX0PUDt,2026-09-13 11:30,Club Brugge KV,Antwerp,3,1,1.687,2.023,1.72,2.06,7
current,https://www.oddsportal.com/football/h2h/antwerp-rVpPxw8H/genk-r3jWUIiN/#ITXjOoYA,2026-08-22 18:45,Antwerp,Genk,4,4,1.583,2.197,1.62,2.25,7
current,https://www.oddsportal.com/football/h2h/antwerp-rVpPxw8H/kortrijk-2o6njvyG/#O6r1XUgR,2026-08-15 16:15,Kortrijk,Antwerp,0,3,1.731,1.961,1.75,2.0,7
current,https://www.oddsportal.com/football/h2h/antwerp-rVpPxw8H/royale-union-sg-407h8Ird/#jFLZQsko,2026-09-20 11:30,Antwerp,Royale Union SG,0,2,1.593,2.179,1.62,2.25,7
current,https://www.oddsportal.com/football/h2h/antwerp-rVpPxw8H/sk-beveren-QaqfE8WE/#IkkaD92e,2026-08-09 17:15,Antwerp,Beveren,2,1,1.767,1.917,1.8,1.95,7
current,https://www.oddsportal.com/football/h2h/antwerp-rVpPxw8H/st-liege-vsnvCI6G/#6moVhcw2,2026-09-05 18:45,St. Liege,Antwerp,1,0,1.604,2.161,1.65,2.25,7
current,https://www.oddsportal.com/football/h2h/antwerp-rVpPxw8H/st-truiden-d2EjBxMM/#IR8Bm21M,2026-08-30 14:00,Antwerp,St. Truiden,1,4,1.594,2.17,1.67,2.24,7
current,https://www.oddsportal.com/football/h2h/cercle-brugge-IXnm9vwh/charleroi-WIPDJ0hb/#EiJlznSb,2026-09-19 16:15,Charleroi,Cercle Brugge KSV,3,2,1.664,2.053,1.7,2.15,7
current,https://www.oddsportal.com/football/h2h/cercle-brugge-IXnm9vwh/club-brugge-rgTHIK74/#SM9Gv7Ii,2026-08-23 16:30,Club Brugge KV,Cercle Brugge KSV,1,0,1.74,1.953,1.82,2.05,7
current,https://www.oddsportal.com/football/h2h/cercle-brugge-IXnm9vwh/gent-MgkzUx7T/#rXflbhFs,2026-09-06 11:30,Cercle Brugge KSV,Gent,0,3,1.644,2.093,1.7,2.2,7
current,https://www.oddsportal.com/football/h2h/cercle-brugge-IXnm9vwh/leuven-dYlTycNN/#Sbci5RSO,2026-09-12 18:45,Leuven,Cercle Brugge KSV,1,1,1.489,2.41,1.53,2.5,7
current,https://www.oddsportal.com/football/h2h/cercle-brugge-IXnm9vwh/lommel-sk-8EyXqyoo/#Cncdip2c,2026-08-29 18:45,Cercle Brugge KSV,Lommel SK,0,1,1.44,2.569,1.5,2.7,7
current,https://www.oddsportal.com/football/h2h/cercle-brugge-IXnm9vwh/st-liege-vsnvCI6G/#AP5l6heS,2026-08-08 16:15,St. Liege,Cercle Brugge KSV,2,2,1.684,2.029,1.75,2.07,7
current,https://www.oddsportal.com/football/h2h/cercle-brugge-IXnm9vwh/st-truiden-d2EjBxMM/#Onh7BmX7,2026-08-14 18:45,Cercle Brugge KSV,St. Truiden,3,3,1.534,2.286,1.57,2.35,7
current,https://www.oddsportal.com/football/h2h/charleroi-WIPDJ0hb/kortrijk-2o6njvyG/#EcEvZ2nT,2026-08-29 16:15,Kortrijk,Charleroi,1,3,1.637,2.097,1.7,2.25,7
current,https://www.oddsportal.com/football/h2h/charleroi-WIPDJ0hb/kv-mechelen-ULVIb27i/#xjWzSTYo,2026-08-22 16:15,Charleroi,KV Mechelen,2,0,1.714,1.997,1.75,2.05,7
current,https://www.oddsportal.com/football/h2h/charleroi-WIPDJ0hb/leuven-dYlTycNN/#2a2t8EQF,2026-08-09 14:00,Charleroi,Leuven,3,1,1.711,2.0,1.8,2.1,7
current,https://www.oddsportal.com/football/h2h/charleroi-WIPDJ0hb/lommel-sk-8EyXqyoo/#pMCCvn1f,2026-08-16 17:15,Lommel SK,Charleroi,0,1,1.577,2.207,1.62,2.3,7
current,https://www.oddsportal.com/football/h2h/charleroi-WIPDJ0hb/royale-union-sg-407h8Ird/#Svii0uoS,2026-09-05 14:00,Charleroi,Royale Union SG,2,3,1.719,1.99,1.8,2.1,7
current,https://www.oddsportal.com/football/h2h/charleroi-WIPDJ0hb/waregem-jPDfAdyT/#xhZGLnD5,2026-09-13 16:30,Waregem,Charleroi,0,1,1.654,2.074,1.7,2.2,7
current,https://www.oddsportal.com/football/h2h/club-brugge-rgTHIK74/genk-r3jWUIiN/#jZBTnPB4,2026-09-20 16:30,Club Brugge KV,Genk,3,0,1.506,2.366,1.55,2.5,7
current,https://www.oddsportal.com/football/h2h/club-brugge-rgTHIK74/gent-MgkzUx7T/#p0e4kOW9,2026-08-30 11:30,Gent,Club Brugge KV,2,1,1.669,2.047,1.7,2.1,7
current,https://www.oddsportal.com/football/h2h/club-brugge-rgTHIK74/kortrijk-2o6njvyG/#Uo4Y9zd3,2026-08-07 18:45,Club Brugge KV,Kortrijk,3,0,1.743,1.953,1.8,2.05,7
current,https://www.oddsportal.com/football/h2h/club-brugge-rgTHIK74/leuven-dYlTycNN/#S2XvQnn1,2026-08-15 18:45,Leuven,Club Brugge KV,0,3,1.569,2.221,1.62,2.3,7
current,https://www.oddsportal.com/football/h2h/club-brugge-rgTHIK74/lommel-sk-8EyXqyoo/#fRhq21GF,2026-09-04 18:45,Lommel SK,Club Brugge KV,0,1,1.601,2.167,1.65,2.22,7
current,https://www.oddsportal.com/football/h2h/genk-r3jWUIiN/gent-MgkzUx7T/#4vy9N8rg,2026-09-13 14:00,Genk,Gent,1,1,1.69,2.03,1.75,2.15,7
current,https://www.oddsportal.com/football/h2h/genk-r3jWUIiN/sk-beveren-QaqfE8WE/#zmDOxom4,2026-08-28 18:45,Genk,Beveren,4,0,1.536,2.291,1.57,2.45,7
current,https://www.oddsportal.com/football/h2h/genk-r3jWUIiN/waregem-jPDfAdyT/#Eg0LKiAL,2026-08-09 14:00,Waregem,Genk,2,1,1.573,2.211,1.62,2.27,7
current,https://www.oddsportal.com/football/h2h/genk-r3jWUIiN/westerlo-hYaM5Gqp/#fkZWR8Hl,2026-08-15 18:45,Genk,Westerlo,3,2,1.494,2.391,1.53,2.46,7
current,https://www.oddsportal.com/football/h2h/gent-MgkzUx7T/kv-mechelen-ULVIb27i/#6TdDMDu9,2026-08-09 11:30,Gent,KV Mechelen,2,0,1.796,1.911,1.91,1.98,7
current,https://www.oddsportal.com/football/h2h/gent-MgkzUx7T/leuven-dYlTycNN/#pGZrQ73b,2026-09-03 18:30,Gent,Leuven,1,0,1.874,1.813,1.95,1.9,7
current,https://www.oddsportal.com/football/h2h/gent-MgkzUx7T/raal-la-louviere-K0H6jm7P/#tQNYoU8K,2026-08-16 14:00,RAAL La Louviere,Gent,1,2,1.87,1.819,1.95,1.88,7
current,https://www.oddsportal.com/football/h2h/gent-MgkzUx7T/st-liege-vsnvCI6G/#jFuXH4CU,2026-09-18 18:45,Gent,St. Liege,2,1,1.77,1.923,1.8,2.0,7
current,https://www.oddsportal.com/football/h2h/kortrijk-2o6njvyG/raal-la-louviere-K0H6jm7P/#pIxPJQsI,2026-09-13 17:15,RAAL La Louviere,Kortrijk,3,0,1.69,2.033,1.75,2.1,7
current,https://www.oddsportal.com/football/h2h/kortrijk-2o6njvyG/sk-beveren-QaqfE8WE/#baFyo3tH,2026-09-20 17:15,Kortrijk,Beveren,1,0,1.561,2.229,1.6,2.25,7
current,https://www.oddsportal.com/football/h2h/kortrijk-2o6njvyG/waregem-jPDfAdyT/#jcbddWqf,2026-09-06 14:00,Kortrijk,Waregem,0,2,1.66,2.061,1.7,2.15,7
current,https://www.oddsportal.com/football/h2h/kv-mechelen-ULVIb27i/lommel-sk-8EyXqyoo/#fVK4W3RN,2026-09-19 18:45,Lommel SK,KV Mechelen,0,0,1.526,2.317,1.57,2.4,7
current,https://www.oddsportal.com/football/h2h/kv-mechelen-ULVIb27i/raal-la-louviere-K0H6jm7P/#tpGWzPHG,2026-08-29 14:00,RAAL La Louviere,KV Mechelen,2,2,1.833,1.87,1.91,1.91,7
current,https://www.oddsportal.com/football/h2h/kv-mechelen-ULVIb27i/st-liege-vsnvCI6G/#xd94t8Ws,2026-08-16 16:30,KV Mechelen,St. Liege,3,3,1.823,1.88,1.91,1.91,7
current,https://www.oddsportal.com/football/h2h/kv-mechelen-ULVIb27i/westerlo-hYaM5Gqp/#bNsNfJ8k,2026-09-05 16:15,KV Mechelen,Westerlo,0,4,1.533,2.296,1.57,2.4,7
current,https://www.oddsportal.com/football/h2h/leuven-dYlTycNN/raal-la-louviere-K0H6jm7P/#6RFtx8cn,2026-09-19 14:00,Leuven,RAAL La Louviere,2,0,1.71,1.996,1.75,2.1,7
current,https://www.oddsportal.com/football/h2h/leuven-dYlTycNN/sk-beveren-QaqfE8WE/#Wz0ChlqJ,2026-09-06 17:15,Beveren,Leuven,3,0,1.571,2.217,1.62,2.32,7
current,https://www.oddsportal.com/football/h2h/leuven-dYlTycNN/st-liege-vsnvCI6G/#pt5ATtAj,2026-08-29 18:45,Leuven,St. Liege,1,2,1.617,2.131,1.67,2.25,7
current,https://www.oddsportal.com/football/h2h/lommel-sk-8EyXqyoo/royale-union-sg-407h8Ird/#foaq7mbC,2026-09-12 18:45,Royale Union SG,Lommel SK,5,0,1.893,1.793,1.95,1.85,7
current,https://www.oddsportal.com/football/h2h/lommel-sk-8EyXqyoo/st-truiden-d2EjBxMM/#t8dK0WIk,2026-08-08 18:45,St. Truiden,Lommel SK,1,1,1.76,1.923,1.83,1.95,7
current,https://www.oddsportal.com/football/h2h/lommel-sk-8EyXqyoo/westerlo-hYaM5Gqp/#zTMUG3Qp,2026-08-23 14:00,Lommel SK,Westerlo,4,0,1.449,2.527,1.5,2.6,7
current,https://www.oddsportal.com/football/h2h/raal-la-louviere-K0H6jm7P/st-liege-vsnvCI6G/#xUUJxQV6,2026-08-21 18:45,St. Liege,RAAL La Louviere,2,0,1.847,1.853,1.91,1.91,7
current,https://www.oddsportal.com/football/h2h/raal-la-louviere-K0H6jm7P/st-truiden-d2EjBxMM/#bsYGG0V8,2026-09-05 18:45,St. Truiden,RAAL La Louviere,4,0,1.736,1.959,1.78,2.0,7
current,https://www.oddsportal.com/football/h2h/royale-union-sg-407h8Ird/st-truiden-d2EjBxMM/#lUky4No3,2026-09-02 18:30,St. Truiden,Royale Union SG,0,3,1.556,2.261,1.62,2.4,7
current,https://www.oddsportal.com/football/h2h/royale-union-sg-407h8Ird/waregem-jPDfAdyT/#GtugZjPE,2026-08-15 14:00,Royale Union SG,Waregem,0,0,1.813,1.881,1.91,1.95,7
current,https://www.oddsportal.com/football/h2h/royale-union-sg-407h8Ird/westerlo-hYaM5Gqp/#ELfSbAm2,2026-08-08 18:45,Westerlo,Royale Union SG,1,5,1.803,1.901,1.91,1.95,7
current,https://www.oddsportal.com/football/h2h/sk-beveren-QaqfE8WE/st-truiden-d2EjBxMM/#vehTAVbm,2026-09-12 14:00,Beveren,St. Truiden,2,0,1.456,2.511,1.5,2.58,7
current,https://www.oddsportal.com/football/h2h/sk-beveren-QaqfE8WE/waregem-jPDfAdyT/#AsTRz40J,2026-08-22 14:00,Waregem,Beveren,4,0,1.551,2.247,1.6,2.35,7
current,https://www.oddsportal.com/football/h2h/st-liege-vsnvCI6G/westerlo-hYaM5Gqp/#nLey99Ta,2026-09-12 16:15,Westerlo,St. Liege,4,2,1.476,2.459,1.5,2.52,7
current,https://www.oddsportal.com/football/h2h/st-truiden-d2EjBxMM/westerlo-hYaM5Gqp/#ILDLlosh,2026-09-20 14:00,St. Truiden,Westerlo,0,2,1.461,2.489,1.5,2.6,7
current,https://www.oddsportal.com/football/h2h/waregem-jPDfAdyT/westerlo-hYaM5Gqp/#MNcktKgd,2026-08-30 17:15,Westerlo,Waregem,2,2,1.467,2.474,1.5,2.6,7
