season,match_link,date,home_team,away_team,home_goals,away_goals,btts_yes,btts_no,btts_yes_max,btts_no_max,books
2024-2025,https://www.oddsportal.com/football/h2h/augsburg-fTVNku3I/b-monchengladbach-88HSzjDr/#UajsPCkT,2024-10-04 18:30,Augsburg,B. Monchengladbach,2,1,1.452,2.63,1.49,2.65,5
2024-2025,https://www.oddsportal.com/football/h2h/augsburg-fTVNku3I/b-monchengladbach-88HSzjDr/#tp5TOCs2,2025-02-22 15:30,B. Monchengladbach,Augsburg,0,3,1.708,2.055,1.76,2.1,6
2024-2025,https://www.oddsportal.com/football/h2h/augsburg-fTVNku3I/bayer-leverkusen-4jcj2zMd/#ldu9YYu9,2024-12-14 15:30,Augsburg,Bayer Leverkusen,0,2,1.893,1.863,2.0,1.91,6
2024-2025,https://www.oddsportal.com/football/h2h/augsburg-fTVNku3I/bayer-leverkusen-4jcj2zMd/#lt7F89Am,2025-04-26 13:30,Bayer Leverkusen,Augsburg,2,0,1.752,2.012,1.78,2.05,6
2024-2025,https://www.oddsportal.com/football/h2h/augsburg-fTVNku3I/bayern-munich-nVp0wiqd/#EuQnZBVQ,2024-11-22 20:30,Bayern Munich,Augsburg,3,0,1.968,1.77,2.0,1.83,6
2024-2025,https://www.oddsportal.com/football/h2h/augsburg-fTVNku3I/bayern-munich-nVp0wiqd/#WQoQzYhm,2025-04-04 18:30,Augsburg,Bayern Munich,1,3,1.775,1.98,1.82,2.05,6
2024-2025,https://www.oddsportal.com/football/h2h/augsburg-fTVNku3I/bochum-8Y2m6ADe/#8lzQ11c3,2025-04-12 13:30,Bochum,Augsburg,1,2,1.802,1.943,1.86,1.95,6
2024-2025,https://www.oddsportal.com/football/h2h/augsburg-fTVNku3I/bochum-8Y2m6ADe/#UgcjipiC,2024-11-30 15:30,Augsburg,Bochum,1,0,1.73,2.035,1.76,2.06,6
2024-2025,https://www.oddsportal.com/football/h2h/augsburg-fTVNku3I/dortmund-nP1i5US1/#AcIDi2H5,2025-03-08 15:30,Dortmund,Augsburg,0,1,1.857,1.908,1.91,1.95,6
2024-2025,https://www.oddsportal.com/football/h2h/augsburg-fTVNku3I/dortmund-nP1i5US1/#x0haJmIE,2024-10-26 13:30,Augsburg,Dortmund,2,1,1.443,2.64,1.48,2.7,6
2024-2025,https://www.oddsportal.com/football/h2h/augsburg-fTVNku3I/eintracht-frankfurt-8vndvXTk/#0hhp9ICc,2024-12-07 15:30,Eintracht Frankfurt,Augsburg,2,2,1.717,2.043,1.76,2.1,6
2024-2025,https://www.oddsportal.com/football/h2h/augsburg-fTVNku3I/eintracht-frankfurt-8vndvXTk/#K2Av7dZr,2025-04-20 13:30,Augsburg,Eintracht Frankfurt,0,0,1.605,2.227,1.64,2.25,6
2024-2025,https://www.oddsportal.com/football/h2h/augsburg-fTVNku3I/freiburg-fiEQZ7C7/#M93rhBJF,2024-10-19 13:30,Freiburg,Augsburg,3,1,1.648,2.155,1.68,2.2,6
2024-2025,https://www.oddsportal.com/football/h2h/augsburg-fTVNku3I/freiburg-fiEQZ7C7/#ne5Nto3m,2025-03-02 17:30,Augsburg,Freiburg,0,0,1.917,1.825,1.98,1.88,6
2024-2025,https://www.oddsportal.com/football/h2h/augsburg-fTVNku3I/heidenheim-KWixEVWi/#I9YVuj03,2025-01-25 15:30,Augsburg,Heidenheim,2,1,1.733,2.04,1.78,2.1,6
2024-2025,https://www.oddsportal.com/football/h2h/augsburg-fTVNku3I/heidenheim-KWixEVWi/#W8b4TCOO,2024-09-01 13:30,Heidenheim,Augsburg,4,0,1.602,2.272,1.66,2.35,5
2024-2025,https://www.oddsportal.com/football/h2h/augsburg-fTVNku3I/hoffenheim-hQAtP9Sl/#KhLH9efl,2025-03-29 15:30,Hoffenheim,Augsburg,1,1,1.688,2.083,1.74,2.15,6
2024-2025,https://www.oddsportal.com/football/h2h/augsburg-fTVNku3I/hoffenheim-hQAtP9Sl/#UJQITUyi,2024-11-10 15:30,Augsburg,Hoffenheim,0,0,1.663,2.125,1.7,2.18,6
2024-2025,https://www.oddsportal.com/football/h2h/augsburg-fTVNku3I/holstein-kiel-63WsD2ei/#I98FyahI,2024-12-21 15:30,Holstein Kiel,Augsburg,5,1,1.68,2.097,1.74,2.15,6
2024-2025,https://www.oddsportal.com/football/h2h/augsburg-fTVNku3I/holstein-kiel-63WsD2ei/#MijH8URp,2025-05-04 13:30,Augsburg,Holstein Kiel,1,3,1.607,2.233,1.62,2.3,6
2024-2025,https://www.oddsportal.com/football/h2h/augsburg-fTVNku3I/mainz-EuakNmc1/#CnjZcqwn,2025-02-08 15:30,Mainz,Augsburg,0,0,1.918,1.823,1.95,1.85,6
2024-2025,https://www.oddsportal.com/football/h2h/augsburg-fTVNku3I/mainz-EuakNmc1/#dCL13J5e,2024-09-20 18:30,Augsburg,Mainz,2,3,1.56,2.332,1.6,2.4,5
2024-2025,https://www.oddsportal.com/football/h2h/augsburg-fTVNku3I/rb-leipzig-KbS1suSm/#McRY4IjT,2025-02-14 20:30,Augsburg,RB Leipzig,0,0,1.665,2.12,1.72,2.2,6
2024-2025,https://www.oddsportal.com/football/h2h/augsburg-fTVNku3I/rb-leipzig-KbS1suSm/#Q5hiEzKD,2024-09-28 13:30,RB Leipzig,Augsburg,4,0,1.604,2.262,1.62,2.34,5
2024-2025,https://www.oddsportal.com/football/h2h/augsburg-fTVNku3I/st-pauli-ILyJuN3g/#CnrLfkNN,2024-09-15 13:30,Augsburg,St. Pauli,,,1.844,1.922,1.91,2.0,5
2024-2025,https://www.oddsportal.com/football/h2h/augsburg-fTVNku3I/st-pauli-ILyJuN3g/#QXMXuBH0,2025-02-01 15:30,St. Pauli,Augsburg,1,1,1.897,1.845,1.96,1.9,6
2024-2025,https://www.oddsportal.com/football/h2h/augsburg-fTVNku3I/union-berlin-pzHW4oaE/#6XPfpBjd,2025-01-15 20:30,Union Berlin,Augsburg,0,2,1.83,1.91,1.92,1.95,6
2024-2025,https://www.oddsportal.com/football/h2h/augsburg-fTVNku3I/union-berlin-pzHW4oaE/#YmLinyG6,2025-05-17 13:30,Augsburg,Union Berlin,1,2,1.627,2.192,1.67,2.25,6
2024-2025,https://www.oddsportal.com/football/h2h/augsburg-fTVNku3I/vfb-stuttgart-nJQmYp1B/#006wLfNp,2025-01-12 17:30,Augsburg,Stuttgart,0,1,1.673,2.11,1.7,2.16,6
2024-2025,https://www.oddsportal.com/football/h2h/augsburg-fTVNku3I/vfb-stuttgart-nJQmYp1B/#4zhoqB3c,2025-05-11 17:30,Stuttgart,Augsburg,4,0,1.52,2.418,1.56,2.5,6
2024-2025,https://www.oddsportal.com/football/h2h/augsburg-fTVNku3I/werder-bremen-Ig1f1fy3/#8CGLPwA5,2025-01-19 17:30,Werder Bremen,Augsburg,0,2,1.67,2.115,1.7,2.15,6
2024-2025,https://www.oddsportal.com/football/h2h/augsburg-fTVNku3I/werder-bremen-Ig1f1fy3/#YZZcMwBs,2024-08-24 13:30,Augsburg,Werder Bremen,2,2,1.548,2.364,1.57,2.45,5
2024-2025,https://www.oddsportal.com/football/h2h/augsburg-fTVNku3I/wolfsburg-nwkTahLL/#AoSdOZaB,2024-11-02 15:30,Wolfsburg,Augsburg,1,1,1.622,2.202,1.67,2.3,6
2024-2025,https://www.oddsportal.com/football/h2h/augsburg-fTVNku3I/wolfsburg-nwkTahLL/#jDo0rJek,2025-03-15 15:30,Augsburg,Wolfsburg,1,0,1.79,1.952,1.86,1.98,6
2024-2025,https://www.oddsportal.com/football/h2h/b-monchengladbach-88HSzjDr/bayer-leverkusen-4jcj2zMd/#ldLoD0Qa,2025-01-18 18:30,Bayer Leverkusen,B. Monchengladbach,3,1,1.812,1.937,1.87,2.0,6
2024-2025,https://www.oddsportal.com/football/h2h/b-monchengladbach-88HSzjDr/bayer-leverkusen-4jcj2zMd/#zuzbQnCF,2024-08-23 18:30,B. Monchengladbach,Bayer Leverkusen,2,3,1.49,2.536,1.52,2.6,5
2024-2025,https://www.oddsportal.com/football/h2h/b-monchengladbach-88HSzjDr/bayern-munich-nVp0wiqd/#02ofskY9,2025-05-10 16:30,Bayern Munich,B. Monchengladbach,2,0,1.533,2.352,1.57,2.45,6
2024-2025,https://www.oddsportal.com/football/h2h/b-monchengladbach-88HSzjDr/bayern-munich-nVp0wiqd/#Y31Xtxp4,2025-01-11 18:30,B. Monchengladbach,Bayern Munich,0,1,1.615,2.212,1.66,2.35,6
2024-2025,https://www.oddsportal.com/football/h2h/b-monchengladbach-88HSzjDr/bochum-8Y2m6ADe/#G4GIWoNk,2025-01-25 18:30,B. Monchengladbach,Bochum,3,0,1.553,2.33,1.58,2.4,6
2024-2025,https://www.oddsportal.com/football/h2h/b-monchengladbach-88HSzjDr/bochum-8Y2m6ADe/#U3QUqY85,2024-08-31 13:30,Bochum,B. Monchengladbach,0,2,1.424,2.748,1.44,2.84,5
2024-2025,https://www.oddsportal.com/football/h2h/b-monchengladbach-88HSzjDr/dortmund-nP1i5US1/#KlV5hcKk,2025-04-20 15:30,Dortmund,B. Monchengladbach,3,2,1.475,2.552,1.5,2.66,6
2024-2025,https://www.oddsportal.com/football/h2h/b-monchengladbach-88HSzjDr/dortmund-nP1i5US1/#YauXaEZq,2024-12-07 18:30,B. Monchengladbach,Dortmund,1,1,1.46,2.615,1.5,2.72,6
2024-2025,https://www.oddsportal.com/football/h2h/b-monchengladbach-88HSzjDr/eintracht-frankfurt-8vndvXTk/#IcrFCNr9,2024-09-21 16:30,Eintracht Frankfurt,B. Monchengladbach,2,0,1.436,2.718,1.46,2.85,5
2024-2025,https://www.oddsportal.com/football/h2h/b-monchengladbach-88HSzjDr/eintracht-frankfurt-8vndvXTk/#KCgsdN7b,2025-02-08 18:30,B. Monchengladbach,Eintracht Frankfurt,1,1,1.418,2.733,1.44,2.85,6
2024-2025,https://www.oddsportal.com/football/h2h/b-monchengladbach-88HSzjDr/freiburg-fiEQZ7C7/#Gfmvvb5d,2025-04-12 13:30,B. Monchengladbach,Freiburg,1,2,1.477,2.553,1.5,2.65,6
2024-2025,https://www.oddsportal.com/football/h2h/b-monchengladbach-88HSzjDr/freiburg-fiEQZ7C7/#YR3sg6Ma,2024-11-30 15:30,Freiburg,B. Monchengladbach,3,1,1.557,2.315,1.6,2.4,6
2024-2025,https://www.oddsportal.com/football/h2h/b-monchengladbach-88HSzjDr/heidenheim-KWixEVWi/#GMH5O3mJ,2025-03-01 15:30,Heidenheim,B. Monchengladbach,0,3,1.553,2.332,1.6,2.4,6
2024-2025,https://www.oddsportal.com/football/h2h/b-monchengladbach-88HSzjDr/heidenheim-KWixEVWi/#fHjVr7t2,2024-10-19 13:30,B. Monchengladbach,Heidenheim,3,2,1.533,2.388,1.58,2.4,6
2024-2025,https://www.oddsportal.com/football/h2h/b-monchengladbach-88HSzjDr/hoffenheim-hQAtP9Sl/#Uk7vznHD,2024-12-21 15:30,Hoffenheim,B. Monchengladbach,1,2,1.477,2.547,1.5,2.6,6
2024-2025,https://www.oddsportal.com/football/h2h/b-monchengladbach-88HSzjDr/hoffenheim-hQAtP9Sl/#pQyCUBl4,2025-05-03 13:30,B. Monchengladbach,Hoffenheim,4,4,1.333,3.133,1.36,3.3,6
2024-2025,https://www.oddsportal.com/football/h2h/b-monchengladbach-88HSzjDr/holstein-kiel-63WsD2ei/#CIvCaikU,2025-04-26 13:30,Holstein Kiel,B. Monchengladbach,4,3,1.393,2.823,1.41,2.92,6
2024-2025,https://www.oddsportal.com/football/h2h/b-monchengladbach-88HSzjDr/holstein-kiel-63WsD2ei/#EwPmRjYr,2024-12-14 15:30,B. Monchengladbach,Holstein Kiel,4,1,1.563,2.293,1.6,2.36,6
2024-2025,https://www.oddsportal.com/football/h2h/b-monchengladbach-88HSzjDr/mainz-EuakNmc1/#4E8uaJWa,2024-10-25 18:30,Mainz,B. Monchengladbach,1,1,1.477,2.565,1.5,2.65,6
2024-2025,https://www.oddsportal.com/football/h2h/b-monchengladbach-88HSzjDr/mainz-EuakNmc1/#dEte4u1B,2025-03-07 20:30,B. Monchengladbach,Mainz,1,3,1.557,2.315,1.6,2.4,6
2024-2025,https://www.oddsportal.com/football/h2h/b-monchengladbach-88HSzjDr/rb-leipzig-KbS1suSm/#0MJJTGoK,2025-03-29 15:30,B. Monchengladbach,RB Leipzig,1,0,1.397,2.802,1.43,2.86,6
2024-2025,https://www.oddsportal.com/football/h2h/b-monchengladbach-88HSzjDr/rb-leipzig-KbS1suSm/#j5mWxZE4,2024-11-09 18:30,RB Leipzig,B. Monchengladbach,0,0,1.473,2.558,1.5,2.6,6
2024-2025,https://www.oddsportal.com/football/h2h/b-monchengladbach-88HSzjDr/st-pauli-ILyJuN3g/#OEyhrk8s,2024-11-24 17:30,B. Monchengladbach,St. Pauli,2,0,1.643,2.163,1.68,2.2,6
2024-2025,https://www.oddsportal.com/football/h2h/b-monchengladbach-88HSzjDr/st-pauli-ILyJuN3g/#t0yAzPb4,2025-04-06 13:30,St. Pauli,B. Monchengladbach,1,1,1.645,2.16,1.7,2.25,6
2024-2025,https://www.oddsportal.com/football/h2h/b-monchengladbach-88HSzjDr/union-berlin-pzHW4oaE/#CIlrT3pm,2024-09-28 13:30,B. Monchengladbach,Union Berlin,1,0,1.608,2.248,1.64,2.3,5
2024-2025,https://www.oddsportal.com/football/h2h/b-monchengladbach-88HSzjDr/union-berlin-pzHW4oaE/#ITC4adEj,2025-02-15 15:30,Union Berlin,B. Monchengladbach,1,2,1.593,2.255,1.62,2.3,6
2024-2025,https://www.oddsportal.com/football/h2h/b-monchengladbach-88HSzjDr/vfb-stuttgart-nJQmYp1B/#AwSDj7EL,2025-02-01 15:30,Stuttgart,B. Monchengladbach,1,2,1.502,2.475,1.54,2.5,6
2024-2025,https://www.oddsportal.com/football/h2h/b-monchengladbach-88HSzjDr/vfb-stuttgart-nJQmYp1B/#UwsvBA74,2024-09-14 13:30,B. Monchengladbach,Stuttgart,1,3,1.392,2.868,1.41,2.95,5
2024-2025,https://www.oddsportal.com/football/h2h/b-monchengladbach-88HSzjDr/werder-bremen-Ig1f1fy3/#pEJS0RBG,2025-03-15 15:30,Werder Bremen,B. Monchengladbach,2,4,1.478,2.55,1.5,2.6,6
2024-2025,https://www.oddsportal.com/football/h2h/b-monchengladbach-88HSzjDr/werder-bremen-Ig1f1fy3/#raQ4MDUN,2024-11-03 17:30,B. Monchengladbach,Werder Bremen,4,1,1.423,2.697,1.45,2.76,6
2024-2025,https://www.oddsportal.com/football/h2h/b-monchengladbach-88HSzjDr/wolfsburg-nwkTahLL/#CYWonXLq,2025-01-14 20:30,Wolfsburg,B. Monchengladbach,5,1,1.578,2.293,1.62,2.35,6
2024-2025,https://www.oddsportal.com/football/h2h/b-monchengladbach-88HSzjDr/wolfsburg-nwkTahLL/#M91n8IxQ,2025-05-17 13:30,B. Monchengladbach,Wolfsburg,0,1,1.312,3.242,1.33,3.4,6
2024-2025,https://www.oddsportal.com/football/h2h/bayer-leverkusen-4jcj2zMd/bayern-munich-nVp0wiqd/#IukqGdk1,2024-09-28 16:30,Bayern Munich,Bayer Leverkusen,1,1,1.378,2.92,1.4,3.0,5
2024-2025,https://www.oddsportal.com/football/h2h/bayer-leverkusen-4jcj2zMd/bayern-munich-nVp0wiqd/#lhobhu7N,2025-02-15 18:30,Bayer Leverkusen,Bayern Munich,0,0,1.64,2.17,1.67,2.25,6
2024-2025,https://www.oddsportal.com/football/h2h/bayer-leverkusen-4jcj2zMd/bochum-8Y2m6ADe/#QVaredue,2025-03-28 20:30,Bayer Leverkusen,Bochum,3,1,1.927,1.818,1.96,1.85,6
2024-2025,https://www.oddsportal.com/football/h2h/bayer-leverkusen-4jcj2zMd/bochum-8Y2m6ADe/#biQrHC9r,2024-11-09 15:30,Bochum,Bayer Leverkusen,1,1,1.695,2.088,1.72,2.18,6
2024-2025,https://www.oddsportal.com/football/h2h/bayer-leverkusen-4jcj2zMd/dortmund-nP1i5US1/#Ct5aL7Bj,2025-05-11 13:30,Bayer Leverkusen,Dortmund,2,4,1.388,2.832,1.41,3.0,6
2024-2025,https://www.oddsportal.com/football/h2h/bayer-leverkusen-4jcj2zMd/dortmund-nP1i5US1/#QJZsWKVo,2025-01-10 20:30,Dortmund,Bayer Leverkusen,2,3,1.468,2.582,1.5,2.65,6
2024-2025,https://www.oddsportal.com/football/h2h/bayer-leverkusen-4jcj2zMd/eintracht-frankfurt-8vndvXTk/#f7TdQPI6,2025-03-01 18:30,Eintracht Frankfurt,Bayer Leverkusen,1,4,1.515,2.432,1.56,2.5,6
2024-2025,https://www.oddsportal.com/football/h2h/bayer-leverkusen-4jcj2zMd/eintracht-frankfurt-8vndvXTk/#r3GGwC4M,2024-10-19 13:30,Bayer Leverkusen,Eintracht Frankfurt,2,1,1.545,2.35,1.58,2.55,6
2024-2025,https://www.oddsportal.com/football/h2h/bayer-leverkusen-4jcj2zMd/freiburg-fiEQZ7C7/#QL4oEj4N,2025-05-04 15:30,Freiburg,Bayer Leverkusen,2,2,1.512,2.455,1.54,2.55,6
2024-2025,https://www.oddsportal.com/football/h2h/bayer-leverkusen-4jcj2zMd/freiburg-fiEQZ7C7/#bRbioCPE,2024-12-21 18:30,Bayer Leverkusen,Freiburg,5,1,1.772,1.983,1.8,2.05,6
2024-2025,https://www.oddsportal.com/football/h2h/bayer-leverkusen-4jcj2zMd/heidenheim-KWixEVWi/#2qNaDU87,2024-11-23 15:30,Bayer Leverkusen,Heidenheim,5,2,1.963,1.782,2.06,1.8,6
2024-2025,https://www.oddsportal.com/football/h2h/bayer-leverkusen-4jcj2zMd/heidenheim-KWixEVWi/#CMEaKC86,2025-04-05 13:30,Heidenheim,Bayer Leverkusen,0,1,1.798,1.94,1.86,1.95,6
2024-2025,https://www.oddsportal.com/football/h2h/bayer-leverkusen-4jcj2zMd/hoffenheim-hQAtP9Sl/#4QdDhTq9,2025-02-02 17:30,Bayer Leverkusen,Hoffenheim,3,1,1.828,1.917,1.87,1.95,6
2024-2025,https://www.oddsportal.com/football/h2h/bayer-leverkusen-4jcj2zMd/hoffenheim-hQAtP9Sl/#r7j4bXNb,2024-09-14 13:30,Hoffenheim,Bayer Leverkusen,1,4,1.44,2.674,1.47,2.75,5
2024-2025,https://www.oddsportal.com/football/h2h/bayer-leverkusen-4jcj2zMd/holstein-kiel-63WsD2ei/#dhmGnGZ8,2025-02-22 15:30,Holstein Kiel,Bayer Leverkusen,0,2,2.107,1.672,2.15,1.73,6
2024-2025,https://www.oddsportal.com/football/h2h/bayer-leverkusen-4jcj2zMd/holstein-kiel-63WsD2ei/#tbtaPLqC,2024-10-05 13:30,Bayer Leverkusen,Holstein Kiel,2,2,1.882,1.872,1.95,2.05,5
2024-2025,https://www.oddsportal.com/football/h2h/bayer-leverkusen-4jcj2zMd/mainz-EuakNmc1/#tEOapFpJ,2025-05-17 13:30,Mainz,Bayer Leverkusen,2,2,1.392,2.823,1.4,2.94,6
2024-2025,https://www.oddsportal.com/football/h2h/bayer-leverkusen-4jcj2zMd/mainz-EuakNmc1/#xdblwfqT,2025-01-14 20:30,Bayer Leverkusen,Mainz,1,0,1.972,1.773,2.0,1.83,6
2024-2025,https://www.oddsportal.com/football/h2h/bayer-leverkusen-4jcj2zMd/rb-leipzig-KbS1suSm/#AVR8vwXP,2024-08-31 16:30,Bayer Leverkusen,RB Leipzig,2,3,1.48,2.556,1.5,2.65,5
2024-2025,https://www.oddsportal.com/football/h2h/bayer-leverkusen-4jcj2zMd/rb-leipzig-KbS1suSm/#lWyevwPb,2025-01-25 15:30,RB Leipzig,Bayer Leverkusen,2,2,1.648,2.155,1.68,2.2,6
2024-2025,https://www.oddsportal.com/football/h2h/bayer-leverkusen-4jcj2zMd/st-pauli-ILyJuN3g/#fuksRHQE,2025-04-20 17:30,St. Pauli,Bayer Leverkusen,1,1,1.805,1.933,1.86,1.95,6
2024-2025,https://www.oddsportal.com/football/h2h/bayer-leverkusen-4jcj2zMd/st-pauli-ILyJuN3g/#rcNP5q65,2024-12-07 15:30,Bayer Leverkusen,St. Pauli,2,1,2.037,1.732,2.12,1.75,6
2024-2025,https://www.oddsportal.com/football/h2h/bayer-leverkusen-4jcj2zMd/union-berlin-pzHW4oaE/#ERlHY2TG,2025-04-12 13:30,Bayer Leverkusen,Union Berlin,0,0,2.01,1.743,2.06,1.76,6
2024-2025,https://www.oddsportal.com/football/h2h/bayer-leverkusen-4jcj2zMd/union-berlin-pzHW4oaE/#v5Q89R6t,2024-11-30 15:30,Union Berlin,Bayer Leverkusen,1,2,1.938,1.803,2.0,1.83,6
2024-2025,https://www.oddsportal.com/football/h2h/bayer-leverkusen-4jcj2zMd/vfb-stuttgart-nJQmYp1B/#IHYEDIog,2024-11-01 20:30,Bayer Leverkusen,Stuttgart,0,0,1.438,2.663,1.47,2.76,6
2024-2025,https://www.oddsportal.com/football/h2h/bayer-leverkusen-4jcj2zMd/vfb-stuttgart-nJQmYp1B/#lCLZdcgo,2025-03-16 19:30,Stuttgart,Bayer Leverkusen,3,4,1.647,2.138,1.68,2.2,6
2024-2025,https://www.oddsportal.com/football/h2h/bayer-leverkusen-4jcj2zMd/werder-bremen-Ig1f1fy3/#MiACepQ7,2024-10-26 16:30,Werder Bremen,Bayer Leverkusen,2,2,1.553,2.343,1.57,2.44,6
2024-2025,https://www.oddsportal.com/football/h2h/bayer-leverkusen-4jcj2zMd/werder-bremen-Ig1f1fy3/#SEQdepIt,2025-03-08 15:30,Bayer Leverkusen,Werder Bremen,0,2,1.82,1.928,1.88,1.95,6
2024-2025,https://www.oddsportal.com/football/h2h/bayer-leverkusen-4jcj2zMd/wolfsburg-nwkTahLL/#Uy2KjtMk,2024-09-22 13:30,Bayer Leverkusen,Wolfsburg,4,3,1.754,2.004,1.8,2.12,5
2024-2025,https://www.oddsportal.com/football/h2h/bayer-leverkusen-4jcj2zMd/wolfsburg-nwkTahLL/#YHlNjSVI,2025-02-08 15:30,Wolfsburg,Bayer Leverkusen,0,0,1.617,2.208,1.68,2.25,6
2024-2025,https://www.oddsportal.com/football/h2h/bayern-munich-nVp0wiqd/bochum-8Y2m6ADe/#EVO4gOng,2025-03-08 15:30,Bayern Munich,Bochum,2,3,1.845,1.895,1.92,1.95,6
2024-2025,https://www.oddsportal.com/football/h2h/bayern-munich-nVp0wiqd/bochum-8Y2m6ADe/#WQadeyWO,2024-10-27 15:30,Bochum,Bayern Munich,0,5,1.652,2.137,1.67,2.22,6
2024-2025,https://www.oddsportal.com/football/h2h/bayern-munich-nVp0wiqd/dortmund-nP1i5US1/#6PTeRKLj,2025-04-12 16:30,Bayern Munich,Dortmund,2,2,1.463,2.59,1.5,2.72,6
2024-2025,https://www.oddsportal.com/football/h2h/bayern-munich-nVp0wiqd/dortmund-nP1i5US1/#lMMHxoxJ,2024-11-30 18:30,Dortmund,Bayern Munich,1,1,1.547,2.345,1.57,2.42,6
2024-2025,https://www.oddsportal.com/football/h2h/bayern-munich-nVp0wiqd/eintracht-frankfurt-8vndvXTk/#2Hn8JH5M,2025-02-23 17:30,Bayern Munich,Eintracht Frankfurt,4,0,1.73,2.033,1.8,2.2,6
2024-2025,https://www.oddsportal.com/football/h2h/bayern-munich-nVp0wiqd/eintracht-frankfurt-8vndvXTk/#ShoJUGLi,2024-10-06 15:30,Eintracht Frankfurt,Bayern Munich,3,3,1.468,2.584,1.5,2.65,5
2024-2025,https://www.oddsportal.com/football/h2h/bayern-munich-nVp0wiqd/freiburg-fiEQZ7C7/#21jqIn8d,2025-01-25 15:30,Freiburg,Bayern Munich,1,2,1.862,1.91,1.94,2.05,6
2024-2025,https://www.oddsportal.com/football/h2h/bayern-munich-nVp0wiqd/freiburg-fiEQZ7C7/#2T6mXfPa,2024-09-01 15:30,Bayern Munich,Freiburg,2,0,1.694,2.1,1.72,2.2,5
2024-2025,https://www.oddsportal.com/football/h2h/bayern-munich-nVp0wiqd/heidenheim-KWixEVWi/#SEYDjyk2,2025-04-19 13:30,Heidenheim,Bayern Munich,0,4,1.573,2.293,1.6,2.4,6
2024-2025,https://www.oddsportal.com/football/h2h/bayern-munich-nVp0wiqd/heidenheim-KWixEVWi/#Yo0boFKj,2024-12-07 15:30,Bayern Munich,Heidenheim,4,2,1.995,1.757,2.1,1.8,6
2024-2025,https://www.oddsportal.com/football/h2h/bayern-munich-nVp0wiqd/hoffenheim-hQAtP9Sl/#CAlaeyac,2025-01-15 20:30,Bayern Munich,Hoffenheim,5,0,1.932,1.813,2.0,1.9,6
2024-2025,https://www.oddsportal.com/football/h2h/bayern-munich-nVp0wiqd/hoffenheim-hQAtP9Sl/#nim4eugK,2025-05-17 13:30,Hoffenheim,Bayern Munich,0,4,1.357,3.0,1.38,3.1,6
2024-2025,https://www.oddsportal.com/football/h2h/bayern-munich-nVp0wiqd/holstein-kiel-63WsD2ei/#tMIqooxq,2025-02-01 15:30,Bayern Munich,Holstein Kiel,4,3,2.252,1.578,2.3,1.63,6
2024-2025,https://www.oddsportal.com/football/h2h/bayern-munich-nVp0wiqd/holstein-kiel-63WsD2ei/#x4pn9lxH,2024-09-14 16:30,Holstein Kiel,Bayern Munich,1,6,1.686,2.106,1.7,2.16,5
2024-2025,https://www.oddsportal.com/football/h2h/bayern-munich-nVp0wiqd/mainz-EuakNmc1/#ILbW4R9C,2025-04-26 13:30,Bayern Munich,Mainz,3,0,1.568,2.302,1.62,2.4,6
2024-2025,https://www.oddsportal.com/football/h2h/bayern-munich-nVp0wiqd/mainz-EuakNmc1/#pOYHWCAL,2024-12-14 15:30,Mainz,Bayern Munich,2,1,1.692,2.085,1.7,2.14,6
2024-2025,https://www.oddsportal.com/football/h2h/bayern-munich-nVp0wiqd/rb-leipzig-KbS1suSm/#0AFNwUHl,2024-12-20 20:30,Bayern Munich,RB Leipzig,5,1,1.635,2.17,1.67,2.3,6
2024-2025,https://www.oddsportal.com/football/h2h/bayern-munich-nVp0wiqd/rb-leipzig-KbS1suSm/#2sKLJfzn,2025-05-03 13:30,RB Leipzig,Bayern Munich,3,3,1.327,3.175,1.35,3.25,6
2024-2025,https://www.oddsportal.com/football/h2h/bayern-munich-nVp0wiqd/st-pauli-ILyJuN3g/#6HTjFjve,2024-11-09 15:30,St. Pauli,Bayern Munich,0,1,2.02,1.737,2.14,1.78,6
2024-2025,https://www.oddsportal.com/football/h2h/bayern-munich-nVp0wiqd/st-pauli-ILyJuN3g/#CnbjgzA7,2025-03-29 15:30,Bayern Munich,St. Pauli,3,2,2.247,1.597,2.38,1.62,6
2024-2025,https://www.oddsportal.com/football/h2h/bayern-munich-nVp0wiqd/union-berlin-pzHW4oaE/#jVWMBdG5,2024-11-02 15:30,Bayern Munich,Union Berlin,3,0,2.06,1.71,2.1,1.8,6
2024-2025,https://www.oddsportal.com/football/h2h/bayern-munich-nVp0wiqd/union-berlin-pzHW4oaE/#x6Rf40I8,2025-03-15 15:30,Union Berlin,Bayern Munich,1,1,1.885,1.877,1.92,1.91,6
2024-2025,https://www.oddsportal.com/football/h2h/bayern-munich-nVp0wiqd/vfb-stuttgart-nJQmYp1B/#2mcmYkSq,2024-10-19 16:30,Bayern Munich,Stuttgart,4,0,1.492,2.512,1.53,2.7,6
2024-2025,https://www.oddsportal.com/football/h2h/bayern-munich-nVp0wiqd/vfb-stuttgart-nJQmYp1B/#SvAmU7Js,2025-02-28 20:30,Stuttgart,Bayern Munich,1,3,1.522,2.41,1.54,2.46,6
2024-2025,https://www.oddsportal.com/football/h2h/bayern-munich-nVp0wiqd/werder-bremen-Ig1f1fy3/#AeNg5uyq,2024-09-21 13:30,Werder Bremen,Bayern Munich,0,5,1.602,2.262,1.64,2.3,5
2024-2025,https://www.oddsportal.com/football/h2h/bayern-munich-nVp0wiqd/werder-bremen-Ig1f1fy3/#nmBtvknD,2025-02-07 20:30,Bayern Munich,Werder Bremen,3,0,1.847,1.912,2.08,2.05,6
2024-2025,https://www.oddsportal.com/football/h2h/bayern-munich-nVp0wiqd/wolfsburg-nwkTahLL/#GOve9IPO,2025-01-18 15:30,Bayern Munich,Wolfsburg,3,2,1.948,1.795,2.0,1.95,6
2024-2025,https://www.oddsportal.com/football/h2h/bayern-munich-nVp0wiqd/wolfsburg-nwkTahLL/#t0w6KHuf,2024-08-25 13:30,Wolfsburg,Bayern Munich,2,3,1.566,2.33,1.62,2.45,5
2024-2025,https://www.oddsportal.com/football/h2h/bochum-8Y2m6ADe/dortmund-nP1i5US1/#YyeiNa6c,2025-02-15 15:30,Bochum,Dortmund,2,0,1.623,2.19,1.67,2.3,6
2024-2025,https://www.oddsportal.com/football/h2h/bochum-8Y2m6ADe/dortmund-nP1i5US1/#rsNyMnwK,2024-09-27 18:30,Dortmund,Bochum,4,2,1.64,2.186,1.7,2.35,5
2024-2025,https://www.oddsportal.com/football/h2h/bochum-8Y2m6ADe/eintracht-frankfurt-8vndvXTk/#485V7EFU,2024-11-02 15:30,Eintracht Frankfurt,Bochum,7,2,1.525,2.398,1.56,2.45,6
2024-2025,https://www.oddsportal.com/football/h2h/bochum-8Y2m6ADe/eintracht-frankfurt-8vndvXTk/#YXK32vmL,2025-03-16 15:30,Bochum,Eintracht Frankfurt,1,3,1.523,2.41,1.56,2.45,6
2024-2025,https://www.oddsportal.com/football/h2h/bochum-8Y2m6ADe/freiburg-fiEQZ7C7/#I7JPsXnl,2025-02-01 15:30,Bochum,Freiburg,0,1,1.673,2.103,1.72,2.15,6
2024-2025,https://www.oddsportal.com/football/h2h/bochum-8Y2m6ADe/freiburg-fiEQZ7C7/#vZqDdBhB,2024-09-14 13:30,Freiburg,Bochum,2,1,1.66,2.146,1.68,2.18,5
2024-2025,https://www.oddsportal.com/football/h2h/bochum-8Y2m6ADe/heidenheim-KWixEVWi/#MsF6wLN5,2024-12-22 15:30,Bochum,Heidenheim,2,0,1.622,2.205,1.67,2.3,6
2024-2025,https://www.oddsportal.com/football/h2h/bochum-8Y2m6ADe/heidenheim-KWixEVWi/#WMBxGCZA,2025-05-02 18:30,Heidenheim,Bochum,0,0,1.653,2.132,1.7,2.2,6
2024-2025,https://www.oddsportal.com/football/h2h/bochum-8Y2m6ADe/hoffenheim-hQAtP9Sl/#Eq0zfXl3,2024-10-19 13:30,Hoffenheim,Bochum,3,1,1.413,2.753,1.44,2.92,6
2024-2025,https://www.oddsportal.com/football/h2h/bochum-8Y2m6ADe/hoffenheim-hQAtP9Sl/#Gzcvw32C,2025-03-01 15:30,Bochum,Hoffenheim,0,1,1.55,2.338,1.58,2.4,6
2024-2025,https://www.oddsportal.com/football/h2h/bochum-8Y2m6ADe/holstein-kiel-63WsD2ei/#Gvmjf1xB,2025-02-09 15:30,Holstein Kiel,Bochum,2,2,1.572,2.295,1.62,2.4,6
2024-2025,https://www.oddsportal.com/football/h2h/bochum-8Y2m6ADe/holstein-kiel-63WsD2ei/#pY1dP0SE,2024-09-21 13:30,Bochum,Holstein Kiel,2,2,1.458,2.646,1.5,2.75,5
2024-2025,https://www.oddsportal.com/football/h2h/bochum-8Y2m6ADe/mainz-EuakNmc1/#8p0xstvR,2025-05-10 13:30,Bochum,Mainz,1,4,1.475,2.565,1.5,2.65,6
2024-2025,https://www.oddsportal.com/football/h2h/bochum-8Y2m6ADe/mainz-EuakNmc1/#ClDOrbFi,2025-01-11 15:30,Mainz,Bochum,2,0,1.83,1.908,1.88,1.95,6
2024-2025,https://www.oddsportal.com/football/h2h/bochum-8Y2m6ADe/rb-leipzig-KbS1suSm/#dfO6OQtS,2024-08-24 13:30,RB Leipzig,Bochum,1,0,1.766,2.01,1.82,2.05,5
2024-2025,https://www.oddsportal.com/football/h2h/bochum-8Y2m6ADe/rb-leipzig-KbS1suSm/#xh8xMe9U,2025-01-18 15:30,Bochum,RB Leipzig,3,3,1.592,2.258,1.62,2.3,6
2024-2025,https://www.oddsportal.com/football/h2h/bochum-8Y2m6ADe/st-pauli-ILyJuN3g/#Ig2H2d0m,2025-05-17 13:30,St. Pauli,Bochum,0,2,1.598,2.238,1.62,2.28,6
2024-2025,https://www.oddsportal.com/football/h2h/bochum-8Y2m6ADe/st-pauli-ILyJuN3g/#bRCt8Er3,2025-01-15 18:30,Bochum,St. Pauli,1,0,1.722,2.04,1.78,2.1,6
2024-2025,https://www.oddsportal.com/football/h2h/bochum-8Y2m6ADe/union-berlin-pzHW4oaE/#659B1DKH,2025-04-27 13:30,Bochum,Union Berlin,1,1,1.662,2.128,1.72,2.15,6
2024-2025,https://www.oddsportal.com/football/h2h/bochum-8Y2m6ADe/union-berlin-pzHW4oaE/#zgDdPU2e,2024-12-14 15:30,Union Berlin,Bochum,,,1.837,1.902,1.92,1.95,6
2024-2025,https://www.oddsportal.com/football/h2h/bochum-8Y2m6ADe/vfb-stuttgart-nJQmYp1B/#Kpm1xoUi,2025-04-05 13:30,Bochum,Stuttgart,0,4,1.44,2.662,1.47,2.75,6
2024-2025,https://www.oddsportal.com/football/h2h/bochum-8Y2m6ADe/vfb-stuttgart-nJQmYp1B/#fwAoyY0E,2024-11-23 15:30,Stuttgart,Bochum,2,0,1.617,2.213,1.65,2.28,6
2024-2025,https://www.oddsportal.com/football/h2h/bochum-8Y2m6ADe/werder-bremen-Ig1f1fy3/#6Dwubh4d,2024-12-07 15:30,Bochum,Werder Bremen,0,1,1.508,2.447,1.54,2.5,6
2024-2025,https://www.oddsportal.com/football/h2h/bochum-8Y2m6ADe/werder-bremen-Ig1f1fy3/#S4VaEvs9,2025-04-19 13:30,Werder Bremen,Bochum,1,0,1.572,2.29,1.6,2.34,6
2024-2025,https://www.oddsportal.com/football/h2h/bochum-8Y2m6ADe/wolfsburg-nwkTahLL/#ENOasf5c,2024-10-05 13:30,Bochum,Wolfsburg,1,3,1.51,2.466,1.54,2.55,5
2024-2025,https://www.oddsportal.com/football/h2h/bochum-8Y2m6ADe/wolfsburg-nwkTahLL/#lnQlWfkS,2025-02-22 15:30,Wolfsburg,Bochum,1,1,1.588,2.267,1.62,2.3,6
2024-2025,https://www.oddsportal.com/football/h2h/dortmund-nP1i5US1/eintracht-frankfurt-8vndvXTk/#Kx55TLAt,2025-01-17 20:30,Eintracht Frankfurt,Dortmund,2,0,1.528,2.4,1.55,2.52,6
2024-2025,https://www.oddsportal.com/football/h2h/dortmund-nP1i5US1/eintracht-frankfurt-8vndvXTk/#SxFxJ44k,2024-08-24 16:30,Dortmund,Eintracht Frankfurt,2,0,1.484,2.536,1.5,2.58,5
2024-2025,https://www.oddsportal.com/football/h2h/dortmund-nP1i5US1/freiburg-fiEQZ7C7/#0reftfVP,2025-04-05 13:30,Freiburg,Dortmund,1,4,1.563,2.308,1.62,2.4,6
2024-2025,https://www.oddsportal.com/football/h2h/dortmund-nP1i5US1/freiburg-fiEQZ7C7/#pOGITkgl,2024-11-23 15:30,Dortmund,Freiburg,4,0,1.648,2.15,1.67,2.2,6
2024-2025,https://www.oddsportal.com/football/h2h/dortmund-nP1i5US1/heidenheim-KWixEVWi/#A1A0s3y8,2025-02-01 15:30,Heidenheim,Dortmund,1,2,1.59,2.273,1.62,2.35,6
2024-2025,https://www.oddsportal.com/football/h2h/dortmund-nP1i5US1/heidenheim-KWixEVWi/#zsmd0ggn,2024-09-13 18:30,Dortmund,Heidenheim,4,2,1.69,2.094,1.72,2.15,5
2024-2025,https://www.oddsportal.com/football/h2h/dortmund-nP1i5US1/hoffenheim-hQAtP9Sl/#UaEn7Hjt,2025-04-26 13:30,Hoffenheim,Dortmund,2,3,1.505,2.477,1.53,2.56,6
2024-2025,https://www.oddsportal.com/football/h2h/dortmund-nP1i5US1/hoffenheim-hQAtP9Sl/#j1DrIDeS,2024-12-15 17:30,Dortmund,Hoffenheim,1,1,1.702,2.058,1.74,2.08,6
2024-2025,https://www.oddsportal.com/football/h2h/dortmund-nP1i5US1/holstein-kiel-63WsD2ei/#KpeIXy1D,2025-05-17 13:30,Dortmund,Holstein Kiel,3,0,1.7,2.057,1.75,2.12,6
2024-2025,https://www.oddsportal.com/football/h2h/dortmund-nP1i5US1/holstein-kiel-63WsD2ei/#fg6k6hDF,2025-01-14 18:30,Holstein Kiel,Dortmund,4,2,1.628,2.193,1.67,2.26,6
2024-2025,https://www.oddsportal.com/football/h2h/dortmund-nP1i5US1/mainz-EuakNmc1/#SftwHw2E,2025-03-30 15:30,Dortmund,Mainz,3,1,1.697,2.08,1.74,2.15,6
2024-2025,https://www.oddsportal.com/football/h2h/dortmund-nP1i5US1/mainz-EuakNmc1/#nee3ysec,2024-11-09 15:30,Mainz,Dortmund,3,1,1.49,2.518,1.52,2.56,6
2024-2025,https://www.oddsportal.com/football/h2h/dortmund-nP1i5US1/rb-leipzig-KbS1suSm/#GYRB49Ci,2025-03-15 18:30,RB Leipzig,Dortmund,2,0,1.518,2.43,1.56,2.5,6
2024-2025,https://www.oddsportal.com/football/h2h/dortmund-nP1i5US1/rb-leipzig-KbS1suSm/#dr2N9zoI,2024-11-02 18:30,Dortmund,RB Leipzig,2,1,1.393,2.832,1.41,2.92,6
2024-2025,https://www.oddsportal.com/football/h2h/dortmund-nP1i5US1/st-pauli-ILyJuN3g/#O00nysXO,2025-03-01 15:30,St. Pauli,Dortmund,0,2,1.738,2.028,1.78,2.05,6
2024-2025,https://www.oddsportal.com/football/h2h/dortmund-nP1i5US1/st-pauli-ILyJuN3g/#z1eeWTdd,2024-10-18 18:30,Dortmund,St. Pauli,2,1,1.892,1.85,1.95,1.95,6
2024-2025,https://www.oddsportal.com/football/h2h/dortmund-nP1i5US1/union-berlin-pzHW4oaE/#fTtnCZcd,2025-02-22 18:30,Dortmund,Union Berlin,6,0,1.718,2.06,1.78,2.2,6
2024-2025,https://www.oddsportal.com/football/h2h/dortmund-nP1i5US1/union-berlin-pzHW4oaE/#lpXDJjDj,2024-10-05 13:30,Union Berlin,Dortmund,2,1,1.64,2.166,1.68,2.2,5
2024-2025,https://www.oddsportal.com/football/h2h/dortmund-nP1i5US1/vfb-stuttgart-nJQmYp1B/#2k0SlKj2,2024-09-22 15:30,Stuttgart,Dortmund,5,1,1.376,2.91,1.4,3.0,5
2024-2025,https://www.oddsportal.com/football/h2h/dortmund-nP1i5US1/vfb-stuttgart-nJQmYp1B/#CUvadW1s,2025-02-08 15:30,Dortmund,Stuttgart,1,2,1.432,2.673,1.46,2.8,6
2024-2025,https://www.oddsportal.com/football/h2h/dortmund-nP1i5US1/werder-bremen-Ig1f1fy3/#0OYDmG9t,2024-08-31 13:30,Werder Bremen,Dortmund,0,0,1.504,2.49,1.53,2.65,5
2024-2025,https://www.oddsportal.com/football/h2h/dortmund-nP1i5US1/werder-bremen-Ig1f1fy3/#zmz3xHgB,2025-01-25 15:30,Dortmund,Werder Bremen,2,2,1.548,2.337,1.57,2.45,6
2024-2025,https://www.oddsportal.com/football/h2h/dortmund-nP1i5US1/wolfsburg-nwkTahLL/#Od8UHY4b,2025-05-03 16:30,Dortmund,Wolfsburg,4,0,1.615,2.213,1.65,2.28,6
2024-2025,https://www.oddsportal.com/football/h2h/dortmund-nP1i5US1/wolfsburg-nwkTahLL/#lUGbusgg,2024-12-22 17:30,Wolfsburg,Dortmund,1,3,1.498,2.483,1.54,2.5,6
2024-2025,https://www.oddsportal.com/football/h2h/eintracht-frankfurt-8vndvXTk/freiburg-fiEQZ7C7/#Kzh7gFT9,2025-01-14 20:30,Eintracht Frankfurt,Freiburg,4,1,1.507,2.443,1.56,2.55,6
2024-2025,https://www.oddsportal.com/football/h2h/eintracht-frankfurt-8vndvXTk/freiburg-fiEQZ7C7/#xMRrlcof,2025-05-17 13:30,Freiburg,Eintracht Frankfurt,1,3,1.505,2.473,1.53,2.55,6
2024-2025,https://www.oddsportal.com/football/h2h/eintracht-frankfurt-8vndvXTk/heidenheim-KWixEVWi/#MXBrkODc,2025-04-13 15:30,Eintracht Frankfurt,Heidenheim,3,0,1.635,2.173,1.67,2.25,6
2024-2025,https://www.oddsportal.com/football/h2h/eintracht-frankfurt-8vndvXTk/heidenheim-KWixEVWi/#tUO20lUP,2024-12-01 17:30,Heidenheim,Eintracht Frankfurt,0,4,1.623,2.195,1.67,2.3,6
2024-2025,https://www.oddsportal.com/football/h2h/eintracht-frankfurt-8vndvXTk/hoffenheim-hQAtP9Sl/#AgAeVYgC,2024-08-31 13:30,Eintracht Frankfurt,Hoffenheim,3,1,1.468,2.612,1.5,2.75,5
2024-2025,https://www.oddsportal.com/football/h2h/eintracht-frankfurt-8vndvXTk/hoffenheim-hQAtP9Sl/#UmhyK8wp,2025-01-26 15:30,Hoffenheim,Eintracht Frankfurt,2,2,1.402,2.775,1.42,2.88,6
2024-2025,https://www.oddsportal.com/football/h2h/eintracht-frankfurt-8vndvXTk/holstein-kiel-63WsD2ei/#bJt9AMMi,2025-02-16 17:30,Eintracht Frankfurt,Holstein Kiel,3,1,1.698,2.07,1.75,2.15,6
2024-2025,https://www.oddsportal.com/football/h2h/eintracht-frankfurt-8vndvXTk/holstein-kiel-63WsD2ei/#pWnjRsFa,2024-09-29 13:30,Holstein Kiel,Eintracht Frankfurt,2,4,1.51,2.458,1.53,2.56,5
2024-2025,https://www.oddsportal.com/football/h2h/eintracht-frankfurt-8vndvXTk/mainz-EuakNmc1/#8zJVy8n1,2024-12-21 15:30,Eintracht Frankfurt,Mainz,1,3,1.577,2.287,1.62,2.35,6
2024-2025,https://www.oddsportal.com/football/h2h/eintracht-frankfurt-8vndvXTk/mainz-EuakNmc1/#x0Y3WXJi,2025-05-04 17:30,Mainz,Eintracht Frankfurt,1,1,1.49,2.523,1.52,2.6,6
2024-2025,https://www.oddsportal.com/football/h2h/eintracht-frankfurt-8vndvXTk/rb-leipzig-KbS1suSm/#OI1v35vP,2025-04-26 16:30,Eintracht Frankfurt,RB Leipzig,4,0,1.407,2.78,1.44,2.9,6
2024-2025,https://www.oddsportal.com/football/h2h/eintracht-frankfurt-8vndvXTk/rb-leipzig-KbS1suSm/#UoPZJZQF,2024-12-15 19:30,RB Leipzig,Eintracht Frankfurt,2,1,1.422,2.712,1.44,2.8,6
2024-2025,https://www.oddsportal.com/football/h2h/eintracht-frankfurt-8vndvXTk/st-pauli-ILyJuN3g/#jqSQOtIr,2025-05-11 15:30,Eintracht Frankfurt,St. Pauli,2,2,1.723,2.04,1.78,2.1,6
2024-2025,https://www.oddsportal.com/football/h2h/eintracht-frankfurt-8vndvXTk/st-pauli-ILyJuN3g/#tU4uuGEG,2025-01-11 15:30,St. Pauli,Eintracht Frankfurt,0,1,1.635,2.178,1.67,2.25,6
2024-2025,https://www.oddsportal.com/football/h2h/eintracht-frankfurt-8vndvXTk/union-berlin-pzHW4oaE/#ABBmcc1C,2024-10-27 17:30,Union Berlin,Eintracht Frankfurt,1,1,1.67,2.12,1.72,2.2,6
2024-2025,https://www.oddsportal.com/football/h2h/eintracht-frankfurt-8vndvXTk/union-berlin-pzHW4oaE/#rBGLktnI,2025-03-09 15:30,Eintracht Frankfurt,Union Berlin,1,2,1.678,2.098,1.7,2.15,6
2024-2025,https://www.oddsportal.com/football/h2h/eintracht-frankfurt-8vndvXTk/vfb-stuttgart-nJQmYp1B/#08voFHWQ,2025-03-29 18:30,Eintracht Frankfurt,Stuttgart,1,0,1.417,2.723,1.44,2.84,6
2024-2025,https://www.oddsportal.com/football/h2h/eintracht-frankfurt-8vndvXTk/vfb-stuttgart-nJQmYp1B/#UkaNveph,2024-11-10 17:30,Stuttgart,Eintracht Frankfurt,2,3,1.57,2.318,1.62,2.5,6
2024-2025,https://www.oddsportal.com/football/h2h/eintracht-frankfurt-8vndvXTk/werder-bremen-Ig1f1fy3/#6w5RRTN0,2024-11-23 18:30,Eintracht Frankfurt,Werder Bremen,1,0,1.473,2.558,1.5,2.6,6
2024-2025,https://www.oddsportal.com/football/h2h/eintracht-frankfurt-8vndvXTk/werder-bremen-Ig1f1fy3/#KnI7IjwJ,2025-04-05 16:30,Werder Bremen,Eintracht Frankfurt,2,0,1.437,2.668,1.45,2.76,6
2024-2025,https://www.oddsportal.com/football/h2h/eintracht-frankfurt-8vndvXTk/wolfsburg-nwkTahLL/#2y7hqP6e,2025-02-02 15:30,Eintracht Frankfurt,Wolfsburg,1,1,1.525,2.4,1.56,2.45,6
2024-2025,https://www.oddsportal.com/football/h2h/eintracht-frankfurt-8vndvXTk/wolfsburg-nwkTahLL/#tI0qkTpo,2024-09-14 13:30,Wolfsburg,Eintracht Frankfurt,1,2,1.636,2.198,1.67,2.25,5
2024-2025,https://www.oddsportal.com/football/h2h/elversberg-6in2Eknb/heidenheim-KWixEVWi/#EgJGN7p2,2025-05-26 18:30,Elversberg,Heidenheim,1,2,1.547,2.312,1.57,2.4,6
2024-2025,https://www.oddsportal.com/football/h2h/elversberg-6in2Eknb/heidenheim-KWixEVWi/#IRP7PTFk,2025-05-22 18:30,Heidenheim,Elversberg,2,2,1.657,2.12,1.7,2.2,6
2024-2025,https://www.oddsportal.com/football/h2h/freiburg-fiEQZ7C7/heidenheim-KWixEVWi/#QNoNA1DL,2024-09-21 13:30,Heidenheim,Freiburg,0,3,1.606,2.246,1.64,2.3,5
2024-2025,https://www.oddsportal.com/football/h2h/freiburg-fiEQZ7C7/heidenheim-KWixEVWi/#tAWFhl16,2025-02-08 15:30,Freiburg,Heidenheim,1,0,1.728,2.037,1.78,2.1,6
2024-2025,https://www.oddsportal.com/football/h2h/freiburg-fiEQZ7C7/hoffenheim-hQAtP9Sl/#0IT7CIBL,2025-04-19 13:30,Freiburg,Hoffenheim,3,2,1.602,2.243,1.64,2.35,6
2024-2025,https://www.oddsportal.com/football/h2h/freiburg-fiEQZ7C7/hoffenheim-hQAtP9Sl/#M7tg7dsA,2024-12-08 17:30,Hoffenheim,Freiburg,1,1,1.675,2.115,1.72,2.2,6
2024-2025,https://www.oddsportal.com/football/h2h/freiburg-fiEQZ7C7/holstein-kiel-63WsD2ei/#j531yK1l,2025-05-10 13:30,Holstein Kiel,Freiburg,1,2,1.512,2.447,1.54,2.5,6
2024-2025,https://www.oddsportal.com/football/h2h/freiburg-fiEQZ7C7/holstein-kiel-63WsD2ei/#tGP6QGaN,2025-01-11 15:30,Freiburg,Holstein Kiel,3,2,1.637,2.175,1.67,2.3,6
2024-2025,https://www.oddsportal.com/football/h2h/freiburg-fiEQZ7C7/mainz-EuakNmc1/#GnZmQeVb,2024-11-03 15:30,Freiburg,Mainz,0,0,1.718,2.047,1.76,2.1,6
2024-2025,https://www.oddsportal.com/football/h2h/freiburg-fiEQZ7C7/mainz-EuakNmc1/#pCv9tcQ1,2025-03-15 15:30,Mainz,Freiburg,2,2,1.817,1.932,1.88,1.95,6
2024-2025,https://www.oddsportal.com/football/h2h/freiburg-fiEQZ7C7/rb-leipzig-KbS1suSm/#ELNeaSQr,2024-10-26 13:30,RB Leipzig,Freiburg,3,1,1.61,2.218,1.64,2.26,6
2024-2025,https://www.oddsportal.com/football/h2h/freiburg-fiEQZ7C7/rb-leipzig-KbS1suSm/#SYlv8N1n,2025-03-08 18:30,Freiburg,RB Leipzig,0,0,1.615,2.225,1.68,2.3,6
2024-2025,https://www.oddsportal.com/football/h2h/freiburg-fiEQZ7C7/st-pauli-ILyJuN3g/#6uSGCr06,2024-09-28 13:30,Freiburg,St. Pauli,0,3,1.74,2.028,1.8,2.05,5
2024-2025,https://www.oddsportal.com/football/h2h/freiburg-fiEQZ7C7/st-pauli-ILyJuN3g/#t2baLwyA,2025-02-15 15:30,St. Pauli,Freiburg,0,1,1.878,1.89,1.92,1.93,6
2024-2025,https://www.oddsportal.com/football/h2h/freiburg-fiEQZ7C7/union-berlin-pzHW4oaE/#C0wP7ZO0,2025-03-30 13:30,Freiburg,Union Berlin,1,2,1.808,1.94,1.88,1.95,6
2024-2025,https://www.oddsportal.com/football/h2h/freiburg-fiEQZ7C7/union-berlin-pzHW4oaE/#v3DAZKP9,2024-11-08 20:30,Union Berlin,Freiburg,0,0,1.933,1.812,2.0,1.85,6
2024-2025,https://www.oddsportal.com/football/h2h/freiburg-fiEQZ7C7/vfb-stuttgart-nJQmYp1B/#8bymBveC,2025-01-18 15:30,Stuttgart,Freiburg,4,0,1.648,2.147,1.68,2.2,6
2024-2025,https://www.oddsportal.com/football/h2h/freiburg-fiEQZ7C7/vfb-stuttgart-nJQmYp1B/#GbeXvnR8,2024-08-24 13:30,Freiburg,Stuttgart,3,1,1.486,2.534,1.5,2.6,5
2024-2025,https://www.oddsportal.com/football/h2h/freiburg-fiEQZ7C7/werder-bremen-Ig1f1fy3/#dnhZQYKG,2024-10-05 13:30,Werder Bremen,Freiburg,0,1,1.56,2.332,1.6,2.4,5
2024-2025,https://www.oddsportal.com/football/h2h/freiburg-fiEQZ7C7/werder-bremen-Ig1f1fy3/#rkNtYGKF,2025-02-21 20:30,Freiburg,Werder Bremen,5,0,1.692,2.08,1.76,2.15,6
2024-2025,https://www.oddsportal.com/football/h2h/freiburg-fiEQZ7C7/wolfsburg-nwkTahLL/#YiB33Zk5,2025-04-26 13:30,Wolfsburg,Freiburg,0,1,1.485,2.512,1.52,2.6,6
2024-2025,https://www.oddsportal.com/football/h2h/freiburg-fiEQZ7C7/wolfsburg-nwkTahLL/#d2hNAVm2,2024-12-13 20:30,Freiburg,Wolfsburg,3,2,1.683,2.093,1.7,2.15,6
2024-2025,https://www.oddsportal.com/football/h2h/heidenheim-KWixEVWi/hoffenheim-hQAtP9Sl/#vwAUmKGU,2025-03-09 17:30,Hoffenheim,Heidenheim,1,1,1.64,2.162,1.67,2.22,6
2024-2025,https://www.oddsportal.com/football/h2h/heidenheim-KWixEVWi/hoffenheim-hQAtP9Sl/#zyC4c6ee,2024-10-27 19:30,Heidenheim,Hoffenheim,0,0,1.507,2.438,1.54,2.55,6
2024-2025,https://www.oddsportal.com/football/h2h/heidenheim-KWixEVWi/holstein-kiel-63WsD2ei/#2q7yHiho,2024-11-02 15:30,Holstein Kiel,Heidenheim,1,0,1.663,2.13,1.7,2.2,6
2024-2025,https://www.oddsportal.com/football/h2h/heidenheim-KWixEVWi/holstein-kiel-63WsD2ei/#ObVJ2ms4,2025-03-16 17:30,Heidenheim,Holstein Kiel,3,1,1.613,2.22,1.66,2.25,6
2024-2025,https://www.oddsportal.com/football/h2h/heidenheim-KWixEVWi/mainz-EuakNmc1/#KYUH80i4,2025-02-16 19:30,Heidenheim,Mainz,0,2,1.725,2.043,1.78,2.1,6
2024-2025,https://www.oddsportal.com/football/h2h/heidenheim-KWixEVWi/mainz-EuakNmc1/#f18BYPMP,2024-09-28 13:30,Mainz,Heidenheim,0,2,1.714,2.064,1.75,2.1,5
2024-2025,https://www.oddsportal.com/football/h2h/heidenheim-KWixEVWi/rb-leipzig-KbS1suSm/#0KbQSfj4,2024-10-06 13:30,Heidenheim,RB Leipzig,0,1,1.62,2.226,1.67,2.3,5
2024-2025,https://www.oddsportal.com/football/h2h/heidenheim-KWixEVWi/rb-leipzig-KbS1suSm/#b1mwEeTq,2025-02-23 15:30,RB Leipzig,Heidenheim,2,2,1.787,1.955,1.84,2.0,6
2024-2025,https://www.oddsportal.com/football/h2h/heidenheim-KWixEVWi/st-pauli-ILyJuN3g/#AuVMGZvJ,2024-08-25 15:30,St. Pauli,Heidenheim,0,2,1.736,2.038,1.8,2.1,5
2024-2025,https://www.oddsportal.com/football/h2h/heidenheim-KWixEVWi/st-pauli-ILyJuN3g/#S28DRaug,2025-01-18 15:30,Heidenheim,St. Pauli,0,2,1.717,2.058,1.75,2.1,6
2024-2025,https://www.oddsportal.com/football/h2h/heidenheim-KWixEVWi/union-berlin-pzHW4oaE/#82RbSxVA,2025-01-11 15:30,Heidenheim,Union Berlin,2,0,1.638,2.16,1.68,2.2,6
2024-2025,https://www.oddsportal.com/football/h2h/heidenheim-KWixEVWi/union-berlin-pzHW4oaE/#zX1Ur29E,2025-05-10 13:30,Union Berlin,Heidenheim,0,3,1.632,2.18,1.68,2.2,6
2024-2025,https://www.oddsportal.com/football/h2h/heidenheim-KWixEVWi/vfb-stuttgart-nJQmYp1B/#0zaECiJk,2024-12-15 15:30,Heidenheim,Stuttgart,1,3,1.553,2.325,1.58,2.4,6
2024-2025,https://www.oddsportal.com/football/h2h/heidenheim-KWixEVWi/vfb-stuttgart-nJQmYp1B/#Mg5N6mu0,2025-04-25 18:30,Stuttgart,Heidenheim,0,1,1.595,2.25,1.62,2.3,6
2024-2025,https://www.oddsportal.com/football/h2h/heidenheim-KWixEVWi/werder-bremen-Ig1f1fy3/#48TzjJGs,2025-05-17 13:30,Heidenheim,Werder Bremen,1,4,1.388,2.84,1.41,3.05,6
2024-2025,https://www.oddsportal.com/football/h2h/heidenheim-KWixEVWi/werder-bremen-Ig1f1fy3/#tjtGigbM,2025-01-15 20:30,Werder Bremen,Heidenheim,3,3,1.595,2.247,1.62,2.3,6
2024-2025,https://www.oddsportal.com/football/h2h/heidenheim-KWixEVWi/wolfsburg-nwkTahLL/#YFRX5DgD,2025-03-29 15:30,Wolfsburg,Heidenheim,0,1,1.722,2.047,1.75,2.1,6
2024-2025,https://www.oddsportal.com/football/h2h/heidenheim-KWixEVWi/wolfsburg-nwkTahLL/#xMovyDqH,2024-11-10 19:30,Heidenheim,Wolfsburg,1,3,1.725,2.04,1.8,2.1,6
2024-2025,https://www.oddsportal.com/football/h2h/hoffenheim-hQAtP9Sl/holstein-kiel-63WsD2ei/#O48oHrZ1,2024-08-24 13:30,Hoffenheim,Holstein Kiel,3,2,1.48,2.562,1.5,2.66,5
2024-2025,https://www.oddsportal.com/football/h2h/hoffenheim-hQAtP9Sl/holstein-kiel-63WsD2ei/#SGmntafn,2025-01-18 15:30,Holstein Kiel,Hoffenheim,1,3,1.497,2.488,1.54,2.55,6
2024-2025,https://www.oddsportal.com/football/h2h/hoffenheim-hQAtP9Sl/mainz-EuakNmc1/#SUEjm2rA,2025-04-12 13:30,Hoffenheim,Mainz,2,0,1.592,2.262,1.62,2.3,6
2024-2025,https://www.oddsportal.com/football/h2h/hoffenheim-hQAtP9Sl/mainz-EuakNmc1/#zi0bkOLO,2024-12-01 15:30,Mainz,Hoffenheim,2,0,1.598,2.247,1.62,2.3,6
2024-2025,https://www.oddsportal.com/football/h2h/hoffenheim-hQAtP9Sl/rb-leipzig-KbS1suSm/#E38ZP7hD,2024-11-23 15:30,Hoffenheim,RB Leipzig,4,3,1.448,2.623,1.49,2.65,6
2024-2025,https://www.oddsportal.com/football/h2h/hoffenheim-hQAtP9Sl/rb-leipzig-KbS1suSm/#hKbbMYwf,2025-04-05 13:30,RB Leipzig,Hoffenheim,3,1,1.498,2.493,1.52,2.54,6
2024-2025,https://www.oddsportal.com/football/h2h/hoffenheim-hQAtP9Sl/st-pauli-ILyJuN3g/#4GBZdIAr,2025-03-14 20:30,St. Pauli,Hoffenheim,1,0,1.803,1.94,1.88,1.95,6
2024-2025,https://www.oddsportal.com/football/h2h/hoffenheim-hQAtP9Sl/st-pauli-ILyJuN3g/#8MVuSH0n,2024-11-02 15:30,Hoffenheim,St. Pauli,0,2,1.578,2.277,1.62,2.36,6
2024-2025,https://www.oddsportal.com/football/h2h/hoffenheim-hQAtP9Sl/union-berlin-pzHW4oaE/#hvFA1cz8,2024-09-21 13:30,Union Berlin,Hoffenheim,2,1,1.52,2.432,1.54,2.46,5
2024-2025,https://www.oddsportal.com/football/h2h/hoffenheim-hQAtP9Sl/union-berlin-pzHW4oaE/#prw7fAWg,2025-02-08 15:30,Hoffenheim,Union Berlin,0,4,1.567,2.307,1.62,2.35,6
2024-2025,https://www.oddsportal.com/football/h2h/hoffenheim-hQAtP9Sl/vfb-stuttgart-nJQmYp1B/#nNTXZxj3,2025-02-23 19:30,Hoffenheim,Stuttgart,1,1,1.445,2.63,1.47,2.68,6
2024-2025,https://www.oddsportal.com/football/h2h/hoffenheim-hQAtP9Sl/vfb-stuttgart-nJQmYp1B/#nc8W6DTp,2024-10-06 17:30,Stuttgart,Hoffenheim,1,1,1.48,2.568,1.5,2.7,5
2024-2025,https://www.oddsportal.com/football/h2h/hoffenheim-hQAtP9Sl/werder-bremen-Ig1f1fy3/#SbYP6vMG,2025-02-16 15:30,Werder Bremen,Hoffenheim,1,3,1.517,2.427,1.56,2.55,6
2024-2025,https://www.oddsportal.com/football/h2h/hoffenheim-hQAtP9Sl/werder-bremen-Ig1f1fy3/#bFO8E4Vg,2024-09-29 15:30,Hoffenheim,Werder Bremen,3,4,1.426,2.73,1.44,2.8,5
2024-2025,https://www.oddsportal.com/football/h2h/hoffenheim-hQAtP9Sl/wolfsburg-nwkTahLL/#CzYkUb0b,2025-01-11 15:30,Hoffenheim,Wolfsburg,0,1,1.56,2.318,1.6,2.4,6
2024-2025,https://www.oddsportal.com/football/h2h/hoffenheim-hQAtP9Sl/wolfsburg-nwkTahLL/#KOJsLbH7,2025-05-09 18:30,Wolfsburg,Hoffenheim,2,2,1.413,2.768,1.44,2.95,6
2024-2025,https://www.oddsportal.com/football/h2h/holstein-kiel-63WsD2ei/mainz-EuakNmc1/#KtV0tTxf,2024-11-24 15:30,Holstein Kiel,Mainz,0,3,1.633,2.18,1.68,2.25,6
2024-2025,https://www.oddsportal.com/football/h2h/holstein-kiel-63WsD2ei/mainz-EuakNmc1/#QPvZYBNa,2025-04-05 13:30,Mainz,Holstein Kiel,1,1,1.698,2.062,1.72,2.1,6
2024-2025,https://www.oddsportal.com/football/h2h/holstein-kiel-63WsD2ei/rb-leipzig-KbS1suSm/#MLLRLed3,2024-12-07 15:30,Holstein Kiel,RB Leipzig,0,2,1.658,2.142,1.7,2.25,6
2024-2025,https://www.oddsportal.com/football/h2h/holstein-kiel-63WsD2ei/rb-leipzig-KbS1suSm/#zHgZcJdS,2025-04-19 13:30,RB Leipzig,Holstein Kiel,1,1,1.565,2.31,1.6,2.4,6
2024-2025,https://www.oddsportal.com/football/h2h/holstein-kiel-63WsD2ei/st-pauli-ILyJuN3g/#SjjRauSF,2025-04-12 13:30,Holstein Kiel,St. Pauli,1,2,1.69,2.083,1.74,2.15,6
2024-2025,https://www.oddsportal.com/football/h2h/holstein-kiel-63WsD2ei/st-pauli-ILyJuN3g/#nVTG75yg,2024-11-29 20:30,St. Pauli,Holstein Kiel,3,1,1.9,1.847,1.95,1.95,6
2024-2025,https://www.oddsportal.com/football/h2h/holstein-kiel-63WsD2ei/union-berlin-pzHW4oaE/#K83VvPXa,2025-03-02 15:30,Union Berlin,Holstein Kiel,0,1,1.84,1.917,1.91,1.95,6
2024-2025,https://www.oddsportal.com/football/h2h/holstein-kiel-63WsD2ei/union-berlin-pzHW4oaE/#nBwH6AY8,2024-10-20 13:30,Holstein Kiel,Union Berlin,0,2,1.663,2.123,1.7,2.2,6
2024-2025,https://www.oddsportal.com/football/h2h/holstein-kiel-63WsD2ei/vfb-stuttgart-nJQmYp1B/#htz42JVN,2025-03-08 15:30,Holstein Kiel,Stuttgart,2,2,1.588,2.265,1.62,2.32,6
2024-2025,https://www.oddsportal.com/football/h2h/holstein-kiel-63WsD2ei/vfb-stuttgart-nJQmYp1B/#rwXP4l3L,2024-10-26 13:30,Stuttgart,Holstein Kiel,2,1,1.678,2.11,1.7,2.16,6
2024-2025,https://www.oddsportal.com/football/h2h/holstein-kiel-63WsD2ei/werder-bremen-Ig1f1fy3/#K60jOf9s,2025-03-29 15:30,Holstein Kiel,Werder Bremen,0,3,1.525,2.415,1.56,2.5,6
2024-2025,https://www.oddsportal.com/football/h2h/holstein-kiel-63WsD2ei/werder-bremen-Ig1f1fy3/#YmumZjET,2024-11-09 15:30,Werder Bremen,Holstein Kiel,2,1,1.583,2.288,1.62,2.36,6
2024-2025,https://www.oddsportal.com/football/h2h/holstein-kiel-63WsD2ei/wolfsburg-nwkTahLL/#O6yvvUUF,2025-01-24 20:30,Wolfsburg,Holstein Kiel,2,2,1.57,2.303,1.62,2.4,6
2024-2025,https://www.oddsportal.com/football/h2h/holstein-kiel-63WsD2ei/wolfsburg-nwkTahLL/#QVJwrCwI,2024-08-31 13:30,Holstein Kiel,Wolfsburg,0,2,1.528,2.414,1.56,2.5,5
2024-2025,https://www.oddsportal.com/football/h2h/mainz-EuakNmc1/rb-leipzig-KbS1suSm/#E7rNpTBk,2024-10-19 13:30,Mainz,RB Leipzig,0,2,1.515,2.443,1.56,2.6,6
2024-2025,https://www.oddsportal.com/football/h2h/mainz-EuakNmc1/rb-leipzig-KbS1suSm/#nsQlSolf,2025-03-01 15:30,RB Leipzig,Mainz,1,2,1.63,2.17,1.67,2.22,6
2024-2025,https://www.oddsportal.com/football/h2h/mainz-EuakNmc1/st-pauli-ILyJuN3g/#YJ1LQYCk,2025-02-22 15:30,Mainz,St. Pauli,2,0,2.002,1.75,2.06,1.77,6
2024-2025,https://www.oddsportal.com/football/h2h/mainz-EuakNmc1/st-pauli-ILyJuN3g/#zwD8uYZ9,2024-10-05 16:30,St. Pauli,Mainz,0,3,1.696,2.092,1.76,2.2,5
2024-2025,https://www.oddsportal.com/football/h2h/mainz-EuakNmc1/union-berlin-pzHW4oaE/#2FREIeA6,2024-08-24 13:30,Mainz,Union Berlin,1,1,1.786,1.968,1.86,2.05,5
2024-2025,https://www.oddsportal.com/football/h2h/mainz-EuakNmc1/union-berlin-pzHW4oaE/#tQETNHvI,2025-01-19 15:30,Union Berlin,Mainz,2,1,1.738,2.02,1.8,2.07,6
2024-2025,https://www.oddsportal.com/football/h2h/mainz-EuakNmc1/vfb-stuttgart-nJQmYp1B/#61DvZGfm,2024-08-31 13:30,Stuttgart,Mainz,3,3,1.584,2.306,1.6,2.4,5
2024-2025,https://www.oddsportal.com/football/h2h/mainz-EuakNmc1/vfb-stuttgart-nJQmYp1B/#pMPnx8aS,2025-01-25 15:30,Mainz,Stuttgart,2,0,1.598,2.26,1.64,2.4,6
2024-2025,https://www.oddsportal.com/football/h2h/mainz-EuakNmc1/werder-bremen-Ig1f1fy3/#8OhVCWxh,2024-09-15 15:30,Mainz,Werder Bremen,1,2,1.602,2.262,1.64,2.3,5
2024-2025,https://www.oddsportal.com/football/h2h/mainz-EuakNmc1/werder-bremen-Ig1f1fy3/#Q9vokFfE,2025-01-31 20:30,Werder Bremen,Mainz,1,0,1.6,2.247,1.62,2.3,6
2024-2025,https://www.oddsportal.com/football/h2h/mainz-EuakNmc1/wolfsburg-nwkTahLL/#SSDn5z4e,2025-04-19 13:30,Mainz,Wolfsburg,2,2,1.59,2.267,1.62,2.35,6
2024-2025,https://www.oddsportal.com/football/h2h/mainz-EuakNmc1/wolfsburg-nwkTahLL/#UXq15zCM,2024-12-08 15:30,Wolfsburg,Mainz,4,3,1.682,2.1,1.74,2.15,6
2024-2025,https://www.oddsportal.com/football/h2h/rb-leipzig-KbS1suSm/st-pauli-ILyJuN3g/#dQ0zIIKl,2024-09-22 17:30,St. Pauli,RB Leipzig,0,0,1.634,2.182,1.7,2.25,5
2024-2025,https://www.oddsportal.com/football/h2h/rb-leipzig-KbS1suSm/st-pauli-ILyJuN3g/#hpbS1hvK,2025-02-09 17:30,RB Leipzig,St. Pauli,2,0,1.78,1.963,1.84,2.0,6
2024-2025,https://www.oddsportal.com/football/h2h/rb-leipzig-KbS1suSm/union-berlin-pzHW4oaE/#WSMotj8U,2024-09-14 13:30,RB Leipzig,Union Berlin,0,0,1.718,2.056,1.74,2.08,5
2024-2025,https://www.oddsportal.com/football/h2h/rb-leipzig-KbS1suSm/union-berlin-pzHW4oaE/#bNxgmgPQ,2025-02-01 18:30,Union Berlin,RB Leipzig,0,0,1.575,2.288,1.62,2.4,6
2024-2025,https://www.oddsportal.com/football/h2h/rb-leipzig-KbS1suSm/vfb-stuttgart-nJQmYp1B/#YRqKXX6j,2025-01-15 20:30,Stuttgart,RB Leipzig,2,1,1.417,2.743,1.44,2.86,6
2024-2025,https://www.oddsportal.com/football/h2h/rb-leipzig-KbS1suSm/vfb-stuttgart-nJQmYp1B/#bV69ZcW0,2025-05-17 13:30,RB Leipzig,Stuttgart,2,3,1.31,3.292,1.33,3.5,6
2024-2025,https://www.oddsportal.com/football/h2h/rb-leipzig-KbS1suSm/werder-bremen-Ig1f1fy3/#CbGZMKne,2025-05-10 13:30,Werder Bremen,RB Leipzig,0,0,1.372,2.925,1.4,3.1,6
2024-2025,https://www.oddsportal.com/football/h2h/rb-leipzig-KbS1suSm/werder-bremen-Ig1f1fy3/#QZBNZxNU,2025-01-12 15:30,RB Leipzig,Werder Bremen,4,2,1.512,2.443,1.54,2.55,6
2024-2025,https://www.oddsportal.com/football/h2h/rb-leipzig-KbS1suSm/wolfsburg-nwkTahLL/#KSgVuKzp,2025-04-11 18:30,Wolfsburg,RB Leipzig,2,3,1.445,2.642,1.5,2.8,6
2024-2025,https://www.oddsportal.com/football/h2h/rb-leipzig-KbS1suSm/wolfsburg-nwkTahLL/#S6Y8v776,2024-11-30 15:30,RB Leipzig,Wolfsburg,1,5,1.598,2.247,1.64,2.27,6
2024-2025,https://www.oddsportal.com/football/h2h/st-pauli-ILyJuN3g/union-berlin-pzHW4oaE/#CW9RUPi2,2025-01-26 17:30,St. Pauli,Union Berlin,3,0,1.8,1.945,1.88,2.0,6
2024-2025,https://www.oddsportal.com/football/h2h/st-pauli-ILyJuN3g/union-berlin-pzHW4oaE/#djSMofvg,2024-08-30 18:30,Union Berlin,St. Pauli,1,0,1.84,1.932,1.92,2.05,5
2024-2025,https://www.oddsportal.com/football/h2h/st-pauli-ILyJuN3g/vfb-stuttgart-nJQmYp1B/#WvcaqjfR,2024-12-21 15:30,Stuttgart,St. Pauli,0,1,1.768,1.975,1.8,2.06,6
2024-2025,https://www.oddsportal.com/football/h2h/st-pauli-ILyJuN3g/vfb-stuttgart-nJQmYp1B/#hdOSQTmT,2025-05-03 13:30,St. Pauli,Stuttgart,0,1,1.595,2.263,1.64,2.35,6
2024-2025,https://www.oddsportal.com/football/h2h/st-pauli-ILyJuN3g/werder-bremen-Ig1f1fy3/#rJG4N8X7,2024-12-14 18:30,St. Pauli,Werder Bremen,0,2,1.748,2.012,1.8,2.1,6
2024-2025,https://www.oddsportal.com/football/h2h/st-pauli-ILyJuN3g/werder-bremen-Ig1f1fy3/#xQHf5eLh,2025-04-27 15:30,Werder Bremen,St. Pauli,0,0,1.712,2.062,1.75,2.1,6
2024-2025,https://www.oddsportal.com/football/h2h/st-pauli-ILyJuN3g/wolfsburg-nwkTahLL/#Mku6FvHt,2024-10-26 13:30,St. Pauli,Wolfsburg,0,0,1.665,2.112,1.72,2.2,6
2024-2025,https://www.oddsportal.com/football/h2h/st-pauli-ILyJuN3g/wolfsburg-nwkTahLL/#llwm61Wb,2025-03-08 15:30,Wolfsburg,St. Pauli,1,1,1.798,1.947,1.84,1.96,6
2024-2025,https://www.oddsportal.com/football/h2h/union-berlin-pzHW4oaE/vfb-stuttgart-nJQmYp1B/#GALX3NzI,2024-12-06 20:30,Stuttgart,Union Berlin,3,2,1.913,1.832,1.95,1.88,6
2024-2025,https://www.oddsportal.com/football/h2h/union-berlin-pzHW4oaE/vfb-stuttgart-nJQmYp1B/#lr2e3EY7,2025-04-19 16:30,Union Berlin,Stuttgart,4,4,1.598,2.24,1.64,2.3,6
2024-2025,https://www.oddsportal.com/football/h2h/union-berlin-pzHW4oaE/werder-bremen-Ig1f1fy3/#6uQKSkJG,2025-05-03 13:30,Union Berlin,Werder Bremen,2,2,1.66,2.138,1.7,2.2,6
2024-2025,https://www.oddsportal.com/football/h2h/union-berlin-pzHW4oaE/werder-bremen-Ig1f1fy3/#fVNks3Ot,2024-12-21 15:30,Werder Bremen,Union Berlin,4,1,1.798,1.948,1.86,1.98,6
2024-2025,https://www.oddsportal.com/football/h2h/union-berlin-pzHW4oaE/wolfsburg-nwkTahLL/#SrjMmBpK,2024-11-23 15:30,Wolfsburg,Union Berlin,1,0,1.868,1.893,1.92,1.91,6
2024-2025,https://www.oddsportal.com/football/h2h/union-berlin-pzHW4oaE/wolfsburg-nwkTahLL/#bwwsXkhC,2025-04-06 15:30,Union Berlin,Wolfsburg,1,0,1.705,2.055,1.76,2.07,6
2024-2025,https://www.oddsportal.com/football/h2h/vfb-stuttgart-nJQmYp1B/werder-bremen-Ig1f1fy3/#0E5ZfSim,2024-11-30 15:30,Werder Bremen,Stuttgart,2,2,1.508,2.43,1.54,2.5,6
2024-2025,https://www.oddsportal.com/football/h2h/vfb-stuttgart-nJQmYp1B/werder-bremen-Ig1f1fy3/#AgrQWtbT,2025-04-13 13:30,Stuttgart,Werder Bremen,1,2,1.487,2.517,1.5,2.6,6
2024-2025,https://www.oddsportal.com/football/h2h/vfb-stuttgart-nJQmYp1B/wolfsburg-nwkTahLL/#SfGPAMUI,2024-09-28 13:30,Wolfsburg,Stuttgart,2,2,1.534,2.404,1.56,2.45,5
2024-2025,https://www.oddsportal.com/football/h2h/vfb-stuttgart-nJQmYp1B/wolfsburg-nwkTahLL/#WClNnJUp,2025-02-15 15:30,Stuttgart,Wolfsburg,1,2,1.553,2.337,1.58,2.4,6
2024-2025,https://www.oddsportal.com/football/h2h/werder-bremen-Ig1f1fy3/wolfsburg-nwkTahLL/#rPiijklS,2024-10-20 15:30,Wolfsburg,Werder Bremen,2,4,1.498,2.498,1.52,2.52,6
2024-2025,https://www.oddsportal.com/football/h2h/werder-bremen-Ig1f1fy3/wolfsburg-nwkTahLL/#rT9in7uQ,2025-03-01 15:30,Werder Bremen,Wolfsburg,1,2,1.563,2.31,1.6,2.35,6
2025-2026,https://www.oddsportal.com/football/h2h/1-fc-koln-WG9pOTse/augsburg-fTVNku3I/#Gtxlz8Lj,2025-10-18 13:30,FC Koln,Augsburg,1,1,1.473,2.523,1.5,2.55,6
2025-2026,https://www.oddsportal.com/football/h2h/1-fc-koln-WG9pOTse/augsburg-fTVNku3I/#xbauZ7Yi,2026-02-27 20:30,Augsburg,FC Koln,2,0,1.603,2.217,1.63,2.35,7
2025-2026,https://www.oddsportal.com/football/h2h/1-fc-koln-WG9pOTse/b-monchengladbach-88HSzjDr/#CYEFuS8j,2026-03-21 15:30,FC Koln,B. Monchengladbach,3,3,1.686,2.053,1.75,2.12,7
2025-2026,https://www.oddsportal.com/football/h2h/1-fc-koln-WG9pOTse/b-monchengladbach-88HSzjDr/#dtD3A0KH,2025-11-08 18:30,B. Monchengladbach,FC Koln,3,1,1.473,2.525,1.5,2.6,6
2025-2026,https://www.oddsportal.com/football/h2h/1-fc-koln-WG9pOTse/bayer-leverkusen-4jcj2zMd/#IcCpDdyh,2025-12-13 18:30,Bayer Leverkusen,FC Koln,2,0,1.447,2.59,1.5,2.7,7
2025-2026,https://www.oddsportal.com/football/h2h/1-fc-koln-WG9pOTse/bayer-leverkusen-4jcj2zMd/#fR56D9Pc,2026-04-25 13:30,FC Koln,Bayer Leverkusen,1,2,1.441,2.587,1.49,2.65,7
2025-2026,https://www.oddsportal.com/football/h2h/1-fc-koln-WG9pOTse/bayern-munich-nVp0wiqd/#vZDAV22t,2026-05-16 13:30,Bayern Munich,FC Koln,5,1,1.427,2.649,1.47,3.1,7
2025-2026,https://www.oddsportal.com/football/h2h/1-fc-koln-WG9pOTse/bayern-munich-nVp0wiqd/#xOEVl2BN,2026-01-14 20:30,FC Koln,Bayern Munich,1,3,1.497,2.444,1.55,2.5,7
2025-2026,https://www.oddsportal.com/football/h2h/1-fc-koln-WG9pOTse/dortmund-nP1i5US1/#0UBifTCM,2025-10-25 16:30,Dortmund,FC Koln,1,0,1.69,2.073,1.75,2.15,6
2025-2026,https://www.oddsportal.com/football/h2h/1-fc-koln-WG9pOTse/dortmund-nP1i5US1/#jah6qGhR,2026-03-07 18:30,FC Koln,Dortmund,1,2,1.52,2.383,1.53,2.42,7
2025-2026,https://www.oddsportal.com/football/h2h/1-fc-koln-WG9pOTse/eintracht-frankfurt-8vndvXTk/#l8yuuCP8,2025-11-22 18:30,FC Koln,Eintracht Frankfurt,3,4,1.438,2.63,1.47,2.7,6
2025-2026,https://www.oddsportal.com/football/h2h/1-fc-koln-WG9pOTse/eintracht-frankfurt-8vndvXTk/#z70A19V9,2026-04-05 15:30,Eintracht Frankfurt,FC Koln,2,2,1.553,2.291,1.58,2.4,7
2025-2026,https://www.oddsportal.com/football/h2h/1-fc-koln-WG9pOTse/freiburg-fiEQZ7C7/#27DoCV8l,2026-01-25 17:30,Freiburg,FC Koln,2,1,1.589,2.244,1.63,2.4,7
2025-2026,https://www.oddsportal.com/football/h2h/1-fc-koln-WG9pOTse/freiburg-fiEQZ7C7/#KvAdZCI6,2025-08-31 17:30,FC Koln,Freiburg,4,1,1.645,2.12,1.67,2.15,6
2025-2026,https://www.oddsportal.com/football/h2h/1-fc-koln-WG9pOTse/hamburger-v9k3aY5F/#M7ELf1IP,2026-03-14 18:30,Hamburger SV,FC Koln,1,1,1.6,2.203,1.63,2.25,7
2025-2026,https://www.oddsportal.com/football/h2h/1-fc-koln-WG9pOTse/hamburger-v9k3aY5F/#WADFFzu0,2025-11-02 15:30,FC Koln,Hamburger SV,4,1,1.447,2.608,1.5,2.75,6
2025-2026,https://www.oddsportal.com/football/h2h/1-fc-koln-WG9pOTse/heidenheim-KWixEVWi/#SCwWsTct,2026-01-10 15:30,Heidenheim,FC Koln,2,2,1.594,2.233,1.62,2.3,7
2025-2026,https://www.oddsportal.com/football/h2h/1-fc-koln-WG9pOTse/heidenheim-KWixEVWi/#hruhDLnC,2026-05-10 15:30,FC Koln,Heidenheim,1,3,1.34,3.003,1.38,3.1,7
2025-2026,https://www.oddsportal.com/football/h2h/1-fc-koln-WG9pOTse/hoffenheim-hQAtP9Sl/#Kzz9EiaU,2025-10-03 18:30,Hoffenheim,FC Koln,0,1,1.495,2.46,1.53,2.6,6
2025-2026,https://www.oddsportal.com/football/h2h/1-fc-koln-WG9pOTse/hoffenheim-hQAtP9Sl/#lK1u4mZH,2026-02-21 15:30,FC Koln,Hoffenheim,2,2,1.487,2.486,1.52,2.65,7
2025-2026,https://www.oddsportal.com/football/h2h/1-fc-koln-WG9pOTse/mainz-EuakNmc1/#2oxBahPr,2026-01-17 15:30,FC Koln,Mainz,2,1,1.637,2.144,1.67,2.25,7
2025-2026,https://www.oddsportal.com/football/h2h/1-fc-koln-WG9pOTse/mainz-EuakNmc1/#UwPuWnwP,2025-08-24 13:30,Mainz,FC Koln,0,1,1.672,2.07,1.7,2.1,6
2025-2026,https://www.oddsportal.com/football/h2h/1-fc-koln-WG9pOTse/rb-leipzig-KbS1suSm/#M5Ll0tNM,2025-09-20 16:30,RB Leipzig,FC Koln,3,1,1.363,2.898,1.38,3.0,6
2025-2026,https://www.oddsportal.com/football/h2h/1-fc-koln-WG9pOTse/rb-leipzig-KbS1suSm/#hWEilpw3,2026-02-08 15:30,FC Koln,RB Leipzig,1,2,1.419,2.71,1.44,2.85,7
2025-2026,https://www.oddsportal.com/football/h2h/1-fc-koln-WG9pOTse/st-pauli-ILyJuN3g/#bguKdyiB,2025-12-06 15:30,FC Koln,St. Pauli,1,1,1.727,2.017,1.75,2.05,7
2025-2026,https://www.oddsportal.com/football/h2h/1-fc-koln-WG9pOTse/st-pauli-ILyJuN3g/#rgubnXQb,2026-04-17 18:30,St. Pauli,FC Koln,1,1,1.75,1.969,1.8,2.05,7
2025-2026,https://www.oddsportal.com/football/h2h/1-fc-koln-WG9pOTse/union-berlin-pzHW4oaE/#KfQzl5J0,2026-05-02 13:30,Union Berlin,FC Koln,2,2,1.56,2.264,1.58,2.3,7
2025-2026,https://www.oddsportal.com/football/h2h/1-fc-koln-WG9pOTse/union-berlin-pzHW4oaE/#tzSsZbF8,2025-12-20 15:30,FC Koln,Union Berlin,0,1,1.777,1.949,1.8,2.0,7
2025-2026,https://www.oddsportal.com/football/h2h/1-fc-koln-WG9pOTse/vfb-stuttgart-nJQmYp1B/#APnwO4WQ,2025-09-28 15:30,FC Koln,Stuttgart,1,2,1.408,2.715,1.44,2.8,6
2025-2026,https://www.oddsportal.com/football/h2h/1-fc-koln-WG9pOTse/vfb-stuttgart-nJQmYp1B/#GYRsa1iL,2026-02-14 18:30,Stuttgart,FC Koln,3,1,1.556,2.304,1.62,2.45,7
2025-2026,https://www.oddsportal.com/football/h2h/1-fc-koln-WG9pOTse/werder-bremen-Ig1f1fy3/#Q75Mik9E,2025-11-29 15:30,Werder Bremen,FC Koln,1,1,1.453,2.58,1.5,2.75,7
2025-2026,https://www.oddsportal.com/football/h2h/1-fc-koln-WG9pOTse/werder-bremen-Ig1f1fy3/#hnFuYt6l,2026-04-12 13:30,FC Koln,Werder Bremen,3,1,1.593,2.223,1.62,2.3,7
2025-2026,https://www.oddsportal.com/football/h2h/1-fc-koln-WG9pOTse/wolfsburg-nwkTahLL/#IFDxuLrh,2026-01-30 20:30,FC Koln,Wolfsburg,1,0,1.539,2.341,1.57,2.45,7
2025-2026,https://www.oddsportal.com/football/h2h/1-fc-koln-WG9pOTse/wolfsburg-nwkTahLL/#IkUl4XHt,2025-09-13 13:30,Wolfsburg,FC Koln,3,3,1.615,2.167,1.67,2.25,6
2025-2026,https://www.oddsportal.com/football/h2h/augsburg-fTVNku3I/b-monchengladbach-88HSzjDr/#QVmyH3mm,2026-05-09 13:30,Augsburg,B. Monchengladbach,3,1,1.403,2.727,1.44,2.88,7
2025-2026,https://www.oddsportal.com/football/h2h/augsburg-fTVNku3I/b-monchengladbach-88HSzjDr/#zP15R7Da,2026-01-11 15:30,B. Monchengladbach,Augsburg,4,0,1.676,2.07,1.7,2.15,7
2025-2026,https://www.oddsportal.com/football/h2h/augsburg-fTVNku3I/bayer-leverkusen-4jcj2zMd/#AJT30Jin,2025-12-06 15:30,Augsburg,Bayer Leverkusen,2,0,1.553,2.291,1.57,2.35,7
2025-2026,https://www.oddsportal.com/football/h2h/augsburg-fTVNku3I/bayer-leverkusen-4jcj2zMd/#z9D8yGCt,2026-04-18 13:30,Bayer Leverkusen,Augsburg,1,2,1.574,2.256,1.65,2.35,7
2025-2026,https://www.oddsportal.com/football/h2h/augsburg-fTVNku3I/bayern-munich-nVp0wiqd/#IFDuweJs,2025-08-30 16:30,Augsburg,Bayern Munich,2,3,1.745,1.99,1.8,2.1,6
2025-2026,https://www.oddsportal.com/football/h2h/augsburg-fTVNku3I/bayern-munich-nVp0wiqd/#WQTReAO7,2026-01-24 15:30,Bayern Munich,Augsburg,1,2,1.783,1.936,1.87,2.0,7
2025-2026,https://www.oddsportal.com/football/h2h/augsburg-fTVNku3I/dortmund-nP1i5US1/#hKht1yQ6,2025-10-31 20:30,Augsburg,Dortmund,0,1,1.562,2.283,1.6,2.35,6
2025-2026,https://www.oddsportal.com/football/h2h/augsburg-fTVNku3I/dortmund-nP1i5US1/#vPQgzCFD,2026-03-14 15:30,Dortmund,Augsburg,2,0,1.609,2.179,1.66,2.25,7
2025-2026,https://www.oddsportal.com/football/h2h/augsburg-fTVNku3I/eintracht-frankfurt-8vndvXTk/#b5NleS9T,2026-04-25 13:30,Augsburg,Eintracht Frankfurt,1,1,1.391,2.763,1.41,2.84,7
2025-2026,https://www.oddsportal.com/football/h2h/augsburg-fTVNku3I/eintracht-frankfurt-8vndvXTk/#vD0gBz64,2025-12-13 15:30,Eintracht Frankfurt,Augsburg,1,0,1.714,2.033,1.75,2.1,7
2025-2026,https://www.oddsportal.com/football/h2h/augsburg-fTVNku3I/freiburg-fiEQZ7C7/#8OzXX88C,2025-08-23 13:30,Freiburg,Augsburg,1,3,1.768,1.958,1.8,1.98,6
2025-2026,https://www.oddsportal.com/football/h2h/augsburg-fTVNku3I/freiburg-fiEQZ7C7/#x4hW6zX8,2026-01-18 17:30,Augsburg,Freiburg,2,2,1.719,2.017,1.75,2.1,7
2025-2026,https://www.oddsportal.com/football/h2h/augsburg-fTVNku3I/hamburger-v9k3aY5F/#SO3W647k,2026-04-04 13:30,Hamburger SV,Augsburg,1,1,1.559,2.266,1.6,2.35,7
2025-2026,https://www.oddsportal.com/football/h2h/augsburg-fTVNku3I/hamburger-v9k3aY5F/#WW4EOjuS,2025-11-22 15:30,Augsburg,Hamburger SV,1,0,1.588,2.24,1.62,2.3,6
2025-2026,https://www.oddsportal.com/football/h2h/augsburg-fTVNku3I/heidenheim-KWixEVWi/#xClVPQ1E,2025-09-27 13:30,Heidenheim,Augsburg,2,1,1.585,2.255,1.62,2.3,6
2025-2026,https://www.oddsportal.com/football/h2h/augsburg-fTVNku3I/heidenheim-KWixEVWi/#zJ8EguFr,2026-02-15 15:30,Augsburg,Heidenheim,1,0,1.606,2.211,1.64,2.3,7
2025-2026,https://www.oddsportal.com/football/h2h/augsburg-fTVNku3I/hoffenheim-hQAtP9Sl/#O2m9roW0,2025-11-29 15:30,Hoffenheim,Augsburg,3,0,1.539,2.326,1.57,2.4,7
2025-2026,https://www.oddsportal.com/football/h2h/augsburg-fTVNku3I/hoffenheim-hQAtP9Sl/#zBrFHLL7,2026-04-10 18:30,Augsburg,Hoffenheim,2,2,1.419,2.681,1.44,2.8,7
2025-2026,https://www.oddsportal.com/football/h2h/augsburg-fTVNku3I/mainz-EuakNmc1/#WvVD0AY2,2025-09-20 13:30,Augsburg,Mainz,1,4,1.557,2.273,1.57,2.32,6
2025-2026,https://www.oddsportal.com/football/h2h/augsburg-fTVNku3I/mainz-EuakNmc1/#vgpYTfzi,2026-02-07 15:30,Mainz,Augsburg,2,0,1.661,2.104,1.71,2.2,7
2025-2026,https://www.oddsportal.com/football/h2h/augsburg-fTVNku3I/rb-leipzig-KbS1suSm/#fiXQ8SRF,2025-10-25 13:30,Augsburg,RB Leipzig,0,6,1.418,2.695,1.44,2.76,6
2025-2026,https://www.oddsportal.com/football/h2h/augsburg-fTVNku3I/rb-leipzig-KbS1suSm/#rHwOqPnA,2026-03-07 15:30,RB Leipzig,Augsburg,2,1,1.593,2.234,1.68,2.5,7
2025-2026,https://www.oddsportal.com/football/h2h/augsburg-fTVNku3I/st-pauli-ILyJuN3g/#KEQ50kH5,2025-09-14 13:30,St. Pauli,Augsburg,2,1,1.752,1.968,1.78,2.0,6
2025-2026,https://www.oddsportal.com/football/h2h/augsburg-fTVNku3I/st-pauli-ILyJuN3g/#by4IZP6C,2026-01-31 15:30,Augsburg,St. Pauli,2,1,1.949,1.779,2.0,1.83,7
2025-2026,https://www.oddsportal.com/football/h2h/augsburg-fTVNku3I/union-berlin-pzHW4oaE/#8YT8vboB,2026-05-16 13:30,Union Berlin,Augsburg,4,0,1.314,3.214,1.34,3.35,7
2025-2026,https://www.oddsportal.com/football/h2h/augsburg-fTVNku3I/union-berlin-pzHW4oaE/#zaIEhpCb,2026-01-15 20:30,Augsburg,Union Berlin,1,1,1.853,1.889,1.91,1.95,7
2025-2026,https://www.oddsportal.com/football/h2h/augsburg-fTVNku3I/vfb-stuttgart-nJQmYp1B/#OSEeCMk5,2025-11-09 17:30,Stuttgart,Augsburg,3,2,1.57,2.258,1.62,2.3,6
2025-2026,https://www.oddsportal.com/football/h2h/augsburg-fTVNku3I/vfb-stuttgart-nJQmYp1B/#vNeR1IPh,2026-03-22 19:30,Augsburg,Stuttgart,2,5,1.473,2.504,1.51,2.56,7
2025-2026,https://www.oddsportal.com/football/h2h/augsburg-fTVNku3I/werder-bremen-Ig1f1fy3/#I1fkT8Rk,2025-12-20 15:30,Augsburg,Werder Bremen,0,0,1.604,2.203,1.63,2.25,7
2025-2026,https://www.oddsportal.com/football/h2h/augsburg-fTVNku3I/werder-bremen-Ig1f1fy3/#Kd5f8Z4F,2026-05-02 13:30,Werder Bremen,Augsburg,1,3,1.463,2.546,1.5,2.62,7
2025-2026,https://www.oddsportal.com/football/h2h/augsburg-fTVNku3I/wolfsburg-nwkTahLL/#ATt6klKO,2026-02-21 15:30,Wolfsburg,Augsburg,2,3,1.553,2.3,1.58,2.45,7
2025-2026,https://www.oddsportal.com/football/h2h/augsburg-fTVNku3I/wolfsburg-nwkTahLL/#EwX0GDUH,2025-10-04 13:30,Augsburg,Wolfsburg,3,1,1.528,2.362,1.57,2.45,6
2025-2026,https://www.oddsportal.com/football/h2h/b-monchengladbach-88HSzjDr/bayer-leverkusen-4jcj2zMd/#6FjAy7gc,2026-02-07 18:30,B. Monchengladbach,Bayer Leverkusen,1,1,1.584,2.251,1.62,2.4,7
2025-2026,https://www.oddsportal.com/football/h2h/b-monchengladbach-88HSzjDr/bayer-leverkusen-4jcj2zMd/#nTtntLVj,2025-09-21 15:30,Bayer Leverkusen,B. Monchengladbach,1,1,1.672,2.07,1.72,2.12,6
2025-2026,https://www.oddsportal.com/football/h2h/b-monchengladbach-88HSzjDr/bayern-munich-nVp0wiqd/#Czf4T32T,2026-03-06 20:30,Bayern Munich,B. Monchengladbach,4,1,1.656,2.113,1.72,2.25,7
2025-2026,https://www.oddsportal.com/football/h2h/b-monchengladbach-88HSzjDr/bayern-munich-nVp0wiqd/#bPwIAlc3,2025-10-25 13:30,B. Monchengladbach,Bayern Munich,0,3,1.505,2.447,1.55,2.55,6
2025-2026,https://www.oddsportal.com/football/h2h/b-monchengladbach-88HSzjDr/dortmund-nP1i5US1/#EcNSkRll,2026-05-03 15:30,B. Monchengladbach,Dortmund,1,0,1.476,2.514,1.51,2.58,7
2025-2026,https://www.oddsportal.com/football/h2h/b-monchengladbach-88HSzjDr/dortmund-nP1i5US1/#WU3FGVsp,2025-12-19 20:30,Dortmund,B. Monchengladbach,2,0,1.594,2.233,1.65,2.3,7
2025-2026,https://www.oddsportal.com/football/h2h/b-monchengladbach-88HSzjDr/eintracht-frankfurt-8vndvXTk/#O8OeBRnL,2025-09-27 16:30,B. Monchengladbach,Eintracht Frankfurt,4,6,1.425,2.657,1.45,2.75,6
2025-2026,https://www.oddsportal.com/football/h2h/b-monchengladbach-88HSzjDr/eintracht-frankfurt-8vndvXTk/#dOB8p2xS,2026-02-14 15:30,Eintracht Frankfurt,B. Monchengladbach,3,0,1.589,2.224,1.66,2.3,7
2025-2026,https://www.oddsportal.com/football/h2h/b-monchengladbach-88HSzjDr/freiburg-fiEQZ7C7/#AmPlehjm,2026-02-22 15:30,Freiburg,B. Monchengladbach,2,1,1.616,2.184,1.65,2.25,7
2025-2026,https://www.oddsportal.com/football/h2h/b-monchengladbach-88HSzjDr/freiburg-fiEQZ7C7/#IBwhIZa5,2025-10-05 17:30,B. Monchengladbach,Freiburg,0,0,1.642,2.135,1.67,2.16,6
2025-2026,https://www.oddsportal.com/football/h2h/b-monchengladbach-88HSzjDr/hamburger-v9k3aY5F/#K24kjjOt,2025-08-24 15:30,B. Monchengladbach,Hamburger SV,0,0,1.485,2.482,1.5,2.54,6
2025-2026,https://www.oddsportal.com/football/h2h/b-monchengladbach-88HSzjDr/hamburger-v9k3aY5F/#O0QJcWge,2026-01-17 15:30,Hamburger SV,B. Monchengladbach,0,0,1.563,2.274,1.58,2.35,7
2025-2026,https://www.oddsportal.com/football/h2h/b-monchengladbach-88HSzjDr/heidenheim-KWixEVWi/#dElgH8X1,2025-11-22 15:30,Heidenheim,B. Monchengladbach,0,3,1.522,2.387,1.55,2.45,6
2025-2026,https://www.oddsportal.com/football/h2h/b-monchengladbach-88HSzjDr/heidenheim-KWixEVWi/#fHGqG8p3,2026-04-04 13:30,B. Monchengladbach,Heidenheim,2,2,1.643,2.117,1.7,2.2,7
2025-2026,https://www.oddsportal.com/football/h2h/b-monchengladbach-88HSzjDr/hoffenheim-hQAtP9Sl/#nJu0tKGb,2026-05-16 13:30,B. Monchengladbach,Hoffenheim,4,0,1.391,2.761,1.42,2.88,7
2025-2026,https://www.oddsportal.com/football/h2h/b-monchengladbach-88HSzjDr/hoffenheim-hQAtP9Sl/#rPLMjOtB,2026-01-14 20:30,Hoffenheim,B. Monchengladbach,5,1,1.523,2.379,1.55,2.45,7
2025-2026,https://www.oddsportal.com/football/h2h/b-monchengladbach-88HSzjDr/mainz-EuakNmc1/#W8Aza6Gs,2025-12-05 20:30,Mainz,B. Monchengladbach,0,1,1.556,2.279,1.57,2.3,7
2025-2026,https://www.oddsportal.com/football/h2h/b-monchengladbach-88HSzjDr/mainz-EuakNmc1/#YsCuUkBU,2026-04-19 17:30,B. Monchengladbach,Mainz,1,1,1.624,2.157,1.67,2.2,7
2025-2026,https://www.oddsportal.com/football/h2h/b-monchengladbach-88HSzjDr/rb-leipzig-KbS1suSm/#OAmZQPbL,2026-04-11 13:30,RB Leipzig,B. Monchengladbach,1,0,1.62,2.173,1.68,2.26,7
2025-2026,https://www.oddsportal.com/football/h2h/b-monchengladbach-88HSzjDr/rb-leipzig-KbS1suSm/#bL3UkTwR,2025-11-28 20:30,B. Monchengladbach,RB Leipzig,0,0,1.389,2.789,1.42,2.92,7
2025-2026,https://www.oddsportal.com/football/h2h/b-monchengladbach-88HSzjDr/st-pauli-ILyJuN3g/#YonTlBU6,2026-03-13 20:30,B. Monchengladbach,St. Pauli,2,0,1.934,1.779,1.98,1.8,7
2025-2026,https://www.oddsportal.com/football/h2h/b-monchengladbach-88HSzjDr/st-pauli-ILyJuN3g/#ttZzNInQ,2025-11-01 15:30,St. Pauli,B. Monchengladbach,0,4,1.628,2.16,1.67,2.2,6
2025-2026,https://www.oddsportal.com/football/h2h/b-monchengladbach-88HSzjDr/union-berlin-pzHW4oaE/#MkHhB4to,2026-02-28 15:30,B. Monchengladbach,Union Berlin,1,0,1.764,1.961,1.8,2.05,7
2025-2026,https://www.oddsportal.com/football/h2h/b-monchengladbach-88HSzjDr/union-berlin-pzHW4oaE/#Wzu2qCb4,2025-10-17 18:30,Union Berlin,B. Monchengladbach,3,1,1.698,2.057,1.75,2.15,6
2025-2026,https://www.oddsportal.com/football/h2h/b-monchengladbach-88HSzjDr/vfb-stuttgart-nJQmYp1B/#6ypNKD3D,2025-08-30 13:30,Stuttgart,B. Monchengladbach,1,0,1.393,2.762,1.43,2.9,6
2025-2026,https://www.oddsportal.com/football/h2h/b-monchengladbach-88HSzjDr/vfb-stuttgart-nJQmYp1B/#Wn528m8D,2026-01-25 15:30,B. Monchengladbach,Stuttgart,0,3,1.474,2.519,1.51,2.6,7
2025-2026,https://www.oddsportal.com/football/h2h/b-monchengladbach-88HSzjDr/werder-bremen-Ig1f1fy3/#Ey4vpUWO,2025-09-14 15:30,B. Monchengladbach,Werder Bremen,0,4,1.377,2.837,1.4,3.0,6
2025-2026,https://www.oddsportal.com/football/h2h/b-monchengladbach-88HSzjDr/werder-bremen-Ig1f1fy3/#UeC1w87m,2026-01-31 15:30,Werder Bremen,B. Monchengladbach,1,1,1.583,2.261,1.62,2.4,7
2025-2026,https://www.oddsportal.com/football/h2h/b-monchengladbach-88HSzjDr/wolfsburg-nwkTahLL/#IRwt2WSj,2025-12-13 15:30,B. Monchengladbach,Wolfsburg,1,3,1.534,2.339,1.57,2.45,7
2025-2026,https://www.oddsportal.com/football/h2h/b-monchengladbach-88HSzjDr/wolfsburg-nwkTahLL/#juKtcluH,2026-04-25 13:30,Wolfsburg,B. Monchengladbach,0,0,1.493,2.46,1.52,2.5,7
2025-2026,https://www.oddsportal.com/football/h2h/bayer-leverkusen-4jcj2zMd/bayern-munich-nVp0wiqd/#AqZxvfGl,2026-03-14 15:30,Bayer Leverkusen,Bayern Munich,1,1,1.384,2.807,1.41,2.98,7
2025-2026,https://www.oddsportal.com/football/h2h/bayer-leverkusen-4jcj2zMd/bayern-munich-nVp0wiqd/#S2jFnxBD,2025-11-01 18:30,Bayern Munich,Bayer Leverkusen,3,0,1.692,2.077,1.75,2.25,6
2025-2026,https://www.oddsportal.com/football/h2h/bayer-leverkusen-4jcj2zMd/dortmund-nP1i5US1/#GILJXTHr,2025-11-29 18:30,Bayer Leverkusen,Dortmund,1,2,1.461,2.567,1.5,2.75,7
2025-2026,https://www.oddsportal.com/football/h2h/bayer-leverkusen-4jcj2zMd/dortmund-nP1i5US1/#zk7v5rx2,2026-04-11 13:30,Dortmund,Bayer Leverkusen,0,1,1.431,2.624,1.46,2.74,7
2025-2026,https://www.oddsportal.com/football/h2h/bayer-leverkusen-4jcj2zMd/eintracht-frankfurt-8vndvXTk/#SpXNkY2m,2025-09-12 18:30,Bayer Leverkusen,Eintracht Frankfurt,3,1,1.425,2.643,1.45,2.68,6
2025-2026,https://www.oddsportal.com/football/h2h/bayer-leverkusen-4jcj2zMd/eintracht-frankfurt-8vndvXTk/#W0pyNnN6,2026-01-31 15:30,Eintracht Frankfurt,Bayer Leverkusen,1,3,1.551,2.309,1.58,2.45,7
2025-2026,https://www.oddsportal.com/football/h2h/bayer-leverkusen-4jcj2zMd/freiburg-fiEQZ7C7/#WKzyOsQj,2026-03-07 15:30,Freiburg,Bayer Leverkusen,3,3,1.57,2.266,1.6,2.35,7
2025-2026,https://www.oddsportal.com/football/h2h/bayer-leverkusen-4jcj2zMd/freiburg-fiEQZ7C7/#WlKzbBDc,2025-10-26 15:30,Bayer Leverkusen,Freiburg,2,0,1.628,2.165,1.67,2.3,6
2025-2026,https://www.oddsportal.com/football/h2h/bayer-leverkusen-4jcj2zMd/hamburger-v9k3aY5F/#0l2JTtXh,2026-05-16 13:30,Bayer Leverkusen,Hamburger SV,1,1,1.529,2.347,1.57,2.4,7
2025-2026,https://www.oddsportal.com/football/h2h/bayer-leverkusen-4jcj2zMd/hamburger-v9k3aY5F/#Yg01qtZp,2026-03-04 20:30,Hamburger SV,Bayer Leverkusen,0,1,1.57,2.266,1.61,2.35,7
2025-2026,https://www.oddsportal.com/football/h2h/bayer-leverkusen-4jcj2zMd/heidenheim-KWixEVWi/#Sx7ODE9C,2025-11-08 15:30,Bayer Leverkusen,Heidenheim,6,0,1.702,2.047,1.73,2.07,6
2025-2026,https://www.oddsportal.com/football/h2h/bayer-leverkusen-4jcj2zMd/heidenheim-KWixEVWi/#tnhrbzPH,2026-03-21 15:30,Heidenheim,Bayer Leverkusen,3,3,1.514,2.369,1.55,2.42,7
2025-2026,https://www.oddsportal.com/football/h2h/bayer-leverkusen-4jcj2zMd/hoffenheim-hQAtP9Sl/#KlPGyi9m,2025-08-23 13:30,Bayer Leverkusen,Hoffenheim,1,2,1.543,2.308,1.57,2.4,6
2025-2026,https://www.oddsportal.com/football/h2h/bayer-leverkusen-4jcj2zMd/hoffenheim-hQAtP9Sl/#YVou5E1L,2026-01-17 15:30,Hoffenheim,Bayer Leverkusen,1,0,1.419,2.677,1.46,2.8,7
2025-2026,https://www.oddsportal.com/football/h2h/bayer-leverkusen-4jcj2zMd/mainz-EuakNmc1/#0ferTjEN,2025-10-18 13:30,Mainz,Bayer Leverkusen,3,4,1.497,2.467,1.52,2.5,6
2025-2026,https://www.oddsportal.com/football/h2h/bayer-leverkusen-4jcj2zMd/mainz-EuakNmc1/#pnel2R3U,2026-02-28 15:30,Bayer Leverkusen,Mainz,1,1,1.621,2.169,1.67,2.35,7
2025-2026,https://www.oddsportal.com/football/h2h/bayer-leverkusen-4jcj2zMd/rb-leipzig-KbS1suSm/#KjpAxD43,2025-12-20 18:30,RB Leipzig,Bayer Leverkusen,1,3,1.403,2.747,1.44,2.9,7
2025-2026,https://www.oddsportal.com/football/h2h/bayer-leverkusen-4jcj2zMd/rb-leipzig-KbS1suSm/#rivf45np,2026-05-02 16:30,Bayer Leverkusen,RB Leipzig,4,1,1.336,3.05,1.37,3.2,7
2025-2026,https://www.oddsportal.com/football/h2h/bayer-leverkusen-4jcj2zMd/st-pauli-ILyJuN3g/#OW6r2N97,2025-09-27 13:30,St. Pauli,Bayer Leverkusen,1,2,1.645,2.135,1.7,2.2,6
2025-2026,https://www.oddsportal.com/football/h2h/bayer-leverkusen-4jcj2zMd/st-pauli-ILyJuN3g/#lb80nO7F,2026-02-14 15:30,Bayer Leverkusen,St. Pauli,4,0,1.904,1.817,1.95,1.95,7
2025-2026,https://www.oddsportal.com/football/h2h/bayer-leverkusen-4jcj2zMd/union-berlin-pzHW4oaE/#Es7G9i5t,2026-02-21 15:30,Union Berlin,Bayer Leverkusen,1,0,1.763,1.979,1.8,2.1,7
2025-2026,https://www.oddsportal.com/football/h2h/bayer-leverkusen-4jcj2zMd/union-berlin-pzHW4oaE/#U9T9Irfl,2025-10-04 13:30,Bayer Leverkusen,Union Berlin,2,0,1.765,1.962,1.83,2.05,6
2025-2026,https://www.oddsportal.com/football/h2h/bayer-leverkusen-4jcj2zMd/vfb-stuttgart-nJQmYp1B/#EiKIbMXI,2026-05-09 13:30,Stuttgart,Bayer Leverkusen,3,1,1.291,3.321,1.32,3.45,7
2025-2026,https://www.oddsportal.com/football/h2h/bayer-leverkusen-4jcj2zMd/vfb-stuttgart-nJQmYp1B/#GEoWC8b6,2026-01-10 18:30,Bayer Leverkusen,Stuttgart,1,4,1.49,2.47,1.52,2.5,7
2025-2026,https://www.oddsportal.com/football/h2h/bayer-leverkusen-4jcj2zMd/werder-bremen-Ig1f1fy3/#KKoFMZY0,2025-08-30 13:30,Werder Bremen,Bayer Leverkusen,3,3,1.408,2.693,1.44,2.78,6
2025-2026,https://www.oddsportal.com/football/h2h/bayer-leverkusen-4jcj2zMd/werder-bremen-Ig1f1fy3/#nZBEJDGE,2026-01-24 15:30,Bayer Leverkusen,Werder Bremen,1,0,1.543,2.326,1.6,2.45,7
2025-2026,https://www.oddsportal.com/football/h2h/bayer-leverkusen-4jcj2zMd/wolfsburg-nwkTahLL/#AHG5QCAF,2025-11-22 15:30,Wolfsburg,Bayer Leverkusen,1,3,1.428,2.665,1.45,2.8,6
2025-2026,https://www.oddsportal.com/football/h2h/bayer-leverkusen-4jcj2zMd/wolfsburg-nwkTahLL/#Stc23V0c,2026-04-04 13:30,Bayer Leverkusen,Wolfsburg,6,3,1.6,2.193,1.66,2.25,7
2025-2026,https://www.oddsportal.com/football/h2h/bayern-munich-nVp0wiqd/dortmund-nP1i5US1/#WE3RWYEb,2025-10-18 16:30,Bayern Munich,Dortmund,2,1,1.468,2.548,1.5,2.65,6
2025-2026,https://www.oddsportal.com/football/h2h/bayern-munich-nVp0wiqd/dortmund-nP1i5US1/#dQO6K8Jb,2026-02-28 18:30,Dortmund,Bayern Munich,2,3,1.37,2.88,1.4,3.05,7
2025-2026,https://www.oddsportal.com/football/h2h/bayern-munich-nVp0wiqd/eintracht-frankfurt-8vndvXTk/#Gn7GD06E,2026-02-21 15:30,Bayern Munich,Eintracht Frankfurt,3,2,1.683,2.084,1.8,2.25,7
2025-2026,https://www.oddsportal.com/football/h2h/bayern-munich-nVp0wiqd/eintracht-frankfurt-8vndvXTk/#xzXHGMO0,2025-10-04 16:30,Eintracht Frankfurt,Bayern Munich,0,3,1.367,2.88,1.4,3.15,6
2025-2026,https://www.oddsportal.com/football/h2h/bayern-munich-nVp0wiqd/freiburg-fiEQZ7C7/#dMlJam0M,2026-04-04 13:30,Freiburg,Bayern Munich,2,3,1.546,2.313,1.57,2.42,7
2025-2026,https://www.oddsportal.com/football/h2h/bayern-munich-nVp0wiqd/freiburg-fiEQZ7C7/#dfhxPaZA,2025-11-22 15:30,Bayern Munich,Freiburg,6,2,2.02,1.727,2.05,1.78,6
2025-2026,https://www.oddsportal.com/football/h2h/bayern-munich-nVp0wiqd/hamburger-v9k3aY5F/#80jiefuQ,2025-09-13 16:30,Bayern Munich,Hamburger SV,5,0,1.893,1.85,2.05,1.91,6
2025-2026,https://www.oddsportal.com/football/h2h/bayern-munich-nVp0wiqd/hamburger-v9k3aY5F/#vV1owaD4,2026-01-31 18:30,Hamburger SV,Bayern Munich,2,2,1.677,2.076,1.7,2.15,7
2025-2026,https://www.oddsportal.com/football/h2h/bayern-munich-nVp0wiqd/heidenheim-KWixEVWi/#QRccRnd2,2025-12-21 17:30,Heidenheim,Bayern Munich,0,4,1.756,1.977,1.83,2.05,7
2025-2026,https://www.oddsportal.com/football/h2h/bayern-munich-nVp0wiqd/heidenheim-KWixEVWi/#bJ2N9ROM,2026-05-02 13:30,Bayern Munich,Heidenheim,3,3,1.427,2.637,1.46,2.8,7
2025-2026,https://www.oddsportal.com/football/h2h/bayern-munich-nVp0wiqd/hoffenheim-hQAtP9Sl/#OnmLbl3F,2025-09-20 13:30,Hoffenheim,Bayern Munich,1,4,1.507,2.415,1.53,2.5,6
2025-2026,https://www.oddsportal.com/football/h2h/bayern-munich-nVp0wiqd/hoffenheim-hQAtP9Sl/#ne5gywrH,2026-02-08 17:30,Bayern Munich,Hoffenheim,5,1,1.533,2.351,1.58,2.5,7
2025-2026,https://www.oddsportal.com/football/h2h/bayern-munich-nVp0wiqd/mainz-EuakNmc1/#jiKbkgqo,2025-12-14 17:30,Bayern Munich,Mainz,2,2,1.824,1.897,1.9,1.97,7
2025-2026,https://www.oddsportal.com/football/h2h/bayern-munich-nVp0wiqd/mainz-EuakNmc1/#rHNpwTmo,2026-04-25 13:30,Mainz,Bayern Munich,3,4,1.343,2.986,1.37,3.05,7
2025-2026,https://www.oddsportal.com/football/h2h/bayern-munich-nVp0wiqd/rb-leipzig-KbS1suSm/#GtYJcyBd,2025-08-22 18:30,Bayern Munich,RB Leipzig,6,0,1.497,2.417,1.53,2.5,6
2025-2026,https://www.oddsportal.com/football/h2h/bayern-munich-nVp0wiqd/rb-leipzig-KbS1suSm/#dSod5Ne4,2026-01-17 18:30,RB Leipzig,Bayern Munich,1,5,1.379,2.841,1.41,2.95,7
2025-2026,https://www.oddsportal.com/football/h2h/bayern-munich-nVp0wiqd/st-pauli-ILyJuN3g/#2Hz1uPDE,2026-04-11 16:30,St. Pauli,Bayern Munich,0,5,1.657,2.094,1.7,2.15,7
2025-2026,https://www.oddsportal.com/football/h2h/bayern-munich-nVp0wiqd/st-pauli-ILyJuN3g/#pzVmwjfL,2025-11-29 15:30,Bayern Munich,St. Pauli,3,1,2.053,1.706,2.15,1.75,7
2025-2026,https://www.oddsportal.com/football/h2h/bayern-munich-nVp0wiqd/union-berlin-pzHW4oaE/#h86C8vkU,2025-11-08 15:30,Union Berlin,Bayern Munich,2,2,1.775,1.963,1.83,2.0,6
2025-2026,https://www.oddsportal.com/football/h2h/bayern-munich-nVp0wiqd/union-berlin-pzHW4oaE/#hj5ikutm,2026-03-21 15:30,Bayern Munich,Union Berlin,4,0,1.9,1.814,1.98,1.86,7
2025-2026,https://www.oddsportal.com/football/h2h/bayern-munich-nVp0wiqd/vfb-stuttgart-nJQmYp1B/#OOOqeOF6,2025-12-06 15:30,Stuttgart,Bayern Munich,0,5,1.349,2.979,1.37,3.1,7
2025-2026,https://www.oddsportal.com/football/h2h/bayern-munich-nVp0wiqd/vfb-stuttgart-nJQmYp1B/#lE8lWKz1,2026-04-19 15:30,Bayern Munich,Stuttgart,4,2,1.314,3.186,1.35,3.3,7
2025-2026,https://www.oddsportal.com/football/h2h/bayern-munich-nVp0wiqd/werder-bremen-Ig1f1fy3/#GpSai6ek,2025-09-26 18:30,Bayern Munich,Werder Bremen,4,0,1.795,1.933,1.83,2.0,6
2025-2026,https://www.oddsportal.com/football/h2h/bayern-munich-nVp0wiqd/werder-bremen-Ig1f1fy3/#rLTZ0NM8,2026-02-14 15:30,Werder Bremen,Bayern Munich,0,3,1.52,2.394,1.55,2.5,7
2025-2026,https://www.oddsportal.com/football/h2h/bayern-munich-nVp0wiqd/wolfsburg-nwkTahLL/#8lrOEUTg,2026-01-11 17:30,Bayern Munich,Wolfsburg,8,1,1.783,1.941,1.88,2.1,7
2025-2026,https://www.oddsportal.com/football/h2h/bayern-munich-nVp0wiqd/wolfsburg-nwkTahLL/#fmc5MPPP,2026-05-09 16:30,Wolfsburg,Bayern Munich,0,1,1.296,3.279,1.32,3.4,7
2025-2026,https://www.oddsportal.com/football/h2h/dortmund-nP1i5US1/eintracht-frankfurt-8vndvXTk/#S0m24Q3s,2026-05-08 18:30,Dortmund,Eintracht Frankfurt,3,2,1.393,2.771,1.44,2.92,7
2025-2026,https://www.oddsportal.com/football/h2h/dortmund-nP1i5US1/eintracht-frankfurt-8vndvXTk/#xUZvBnTI,2026-01-09 20:30,Eintracht Frankfurt,Dortmund,3,3,1.519,2.386,1.55,2.45,7
2025-2026,https://www.oddsportal.com/football/h2h/dortmund-nP1i5US1/freiburg-fiEQZ7C7/#QTb19EzH,2025-12-14 15:30,Freiburg,Dortmund,1,1,1.659,2.107,1.7,2.15,7
2025-2026,https://www.oddsportal.com/football/h2h/dortmund-nP1i5US1/freiburg-fiEQZ7C7/#noxFrkQN,2026-04-26 15:30,Dortmund,Freiburg,4,0,1.684,2.053,1.73,2.1,7
2025-2026,https://www.oddsportal.com/football/h2h/dortmund-nP1i5US1/hamburger-v9k3aY5F/#lIb0mJAa,2026-03-21 18:30,Dortmund,Hamburger SV,3,2,1.743,1.977,1.8,2.05,7
2025-2026,https://www.oddsportal.com/football/h2h/dortmund-nP1i5US1/hamburger-v9k3aY5F/#lUlUQL4b,2025-11-08 15:30,Hamburger SV,Dortmund,1,1,1.505,2.435,1.53,2.5,6
2025-2026,https://www.oddsportal.com/football/h2h/dortmund-nP1i5US1/heidenheim-KWixEVWi/#hSODbToI,2025-09-13 13:30,Heidenheim,Dortmund,0,2,1.507,2.418,1.53,2.48,6
2025-2026,https://www.oddsportal.com/football/h2h/dortmund-nP1i5US1/heidenheim-KWixEVWi/#vRmqLQiJ,2026-02-01 17:30,Dortmund,Heidenheim,3,2,1.796,1.93,1.88,2.05,7
2025-2026,https://www.oddsportal.com/football/h2h/dortmund-nP1i5US1/hoffenheim-hQAtP9Sl/#COT34ShK,2025-12-07 17:30,Dortmund,Hoffenheim,2,0,1.429,2.654,1.47,2.75,7
2025-2026,https://www.oddsportal.com/football/h2h/dortmund-nP1i5US1/hoffenheim-hQAtP9Sl/#jJr6pBeB,2026-04-18 13:30,Hoffenheim,Dortmund,2,1,1.413,2.696,1.44,2.84,7
2025-2026,https://www.oddsportal.com/football/h2h/dortmund-nP1i5US1/mainz-EuakNmc1/#468fDmI8,2025-09-27 13:30,Mainz,Dortmund,0,2,1.502,2.43,1.53,2.5,6
2025-2026,https://www.oddsportal.com/football/h2h/dortmund-nP1i5US1/mainz-EuakNmc1/#tdmuut0k,2026-02-13 20:30,Dortmund,Mainz,4,0,1.6,2.211,1.63,2.3,7
2025-2026,https://www.oddsportal.com/football/h2h/dortmund-nP1i5US1/rb-leipzig-KbS1suSm/#23wbiAkC,2026-02-21 18:30,RB Leipzig,Dortmund,2,2,1.463,2.566,1.5,2.76,7
2025-2026,https://www.oddsportal.com/football/h2h/dortmund-nP1i5US1/rb-leipzig-KbS1suSm/#bkLQE0gD,2025-10-04 13:30,Dortmund,RB Leipzig,1,1,1.333,3.083,1.36,3.25,6
2025-2026,https://www.oddsportal.com/football/h2h/dortmund-nP1i5US1/st-pauli-ILyJuN3g/#l2rl7qRi,2026-01-17 15:30,Dortmund,St. Pauli,3,2,2.23,1.59,2.3,1.7,7
2025-2026,https://www.oddsportal.com/football/h2h/dortmund-nP1i5US1/st-pauli-ILyJuN3g/#lrd6n8N5,2025-08-23 16:30,St. Pauli,Dortmund,3,3,1.655,2.1,1.68,2.15,6
2025-2026,https://www.oddsportal.com/football/h2h/dortmund-nP1i5US1/union-berlin-pzHW4oaE/#SM6zUHtR,2025-08-31 15:30,Dortmund,Union Berlin,3,0,1.748,1.975,1.8,2.05,6
2025-2026,https://www.oddsportal.com/football/h2h/dortmund-nP1i5US1/union-berlin-pzHW4oaE/#bgclWj0K,2026-01-24 18:30,Union Berlin,Dortmund,0,3,1.794,1.93,1.9,2.05,7
2025-2026,https://www.oddsportal.com/football/h2h/dortmund-nP1i5US1/vfb-stuttgart-nJQmYp1B/#2NTch5hd,2026-04-04 16:30,Stuttgart,Dortmund,0,2,1.406,2.71,1.44,2.86,7
2025-2026,https://www.oddsportal.com/football/h2h/dortmund-nP1i5US1/vfb-stuttgart-nJQmYp1B/#jeAA6iJq,2025-11-22 15:30,Dortmund,Stuttgart,3,3,1.532,2.35,1.57,2.45,6
2025-2026,https://www.oddsportal.com/football/h2h/dortmund-nP1i5US1/werder-bremen-Ig1f1fy3/#fBNhrtnn,2026-05-16 13:30,Werder Bremen,Dortmund,0,2,1.349,2.957,1.37,3.05,7
2025-2026,https://www.oddsportal.com/football/h2h/dortmund-nP1i5US1/werder-bremen-Ig1f1fy3/#zwsvt7Sh,2026-01-13 20:30,Dortmund,Werder Bremen,3,0,1.714,2.023,1.75,2.1,7
2025-2026,https://www.oddsportal.com/football/h2h/dortmund-nP1i5US1/wolfsburg-nwkTahLL/#EufIZpO9,2026-02-07 15:30,Wolfsburg,Dortmund,1,2,1.519,2.394,1.53,2.5,7
2025-2026,https://www.oddsportal.com/football/h2h/dortmund-nP1i5US1/wolfsburg-nwkTahLL/#zkNt22hA,2025-09-21 17:30,Dortmund,Wolfsburg,1,0,1.497,2.455,1.53,2.5,6
2025-2026,https://www.oddsportal.com/football/h2h/eintracht-frankfurt-8vndvXTk/freiburg-fiEQZ7C7/#StczVCqB,2025-10-19 13:30,Freiburg,Eintracht Frankfurt,2,2,1.497,2.457,1.53,2.55,6
2025-2026,https://www.oddsportal.com/football/h2h/eintracht-frankfurt-8vndvXTk/freiburg-fiEQZ7C7/#zBzbMUln,2026-03-01 17:30,Eintracht Frankfurt,Freiburg,2,0,1.581,2.249,1.61,2.35,7
2025-2026,https://www.oddsportal.com/football/h2h/eintracht-frankfurt-8vndvXTk/hamburger-v9k3aY5F/#CMlFGjas,2025-12-20 15:30,Hamburger SV,Eintracht Frankfurt,1,1,1.64,2.149,1.67,2.22,7
2025-2026,https://www.oddsportal.com/football/h2h/eintracht-frankfurt-8vndvXTk/hamburger-v9k3aY5F/#U7x22qHd,2026-05-02 13:30,Eintracht Frankfurt,Hamburger SV,1,2,1.49,2.457,1.53,2.5,7
2025-2026,https://www.oddsportal.com/football/h2h/eintracht-frankfurt-8vndvXTk/heidenheim-KWixEVWi/#I9xoxYp1,2026-03-14 15:30,Eintracht Frankfurt,Heidenheim,1,0,1.533,2.339,1.58,2.4,7
2025-2026,https://www.oddsportal.com/football/h2h/eintracht-frankfurt-8vndvXTk/heidenheim-KWixEVWi/#bcF7HdAm,2025-11-01 15:30,Heidenheim,Eintracht Frankfurt,1,1,1.503,2.427,1.53,2.5,6
2025-2026,https://www.oddsportal.com/football/h2h/eintracht-frankfurt-8vndvXTk/hoffenheim-hQAtP9Sl/#Es7lyZmf,2025-08-30 13:30,Hoffenheim,Eintracht Frankfurt,1,3,1.37,2.838,1.4,2.98,6
2025-2026,https://www.oddsportal.com/football/h2h/eintracht-frankfurt-8vndvXTk/hoffenheim-hQAtP9Sl/#KnAMHioR,2026-01-24 15:30,Eintracht Frankfurt,Hoffenheim,1,3,1.527,2.373,1.55,2.45,7
2025-2026,https://www.oddsportal.com/football/h2h/eintracht-frankfurt-8vndvXTk/mainz-EuakNmc1/#MVd8ocuC,2026-03-22 15:30,Mainz,Eintracht Frankfurt,2,1,1.611,2.181,1.67,2.25,7
2025-2026,https://www.oddsportal.com/football/h2h/eintracht-frankfurt-8vndvXTk/mainz-EuakNmc1/#z3AWBhvP,2025-11-09 19:30,Eintracht Frankfurt,Mainz,1,0,1.505,2.428,1.53,2.46,6
2025-2026,https://www.oddsportal.com/football/h2h/eintracht-frankfurt-8vndvXTk/rb-leipzig-KbS1suSm/#4M8rcpof,2025-12-06 18:30,RB Leipzig,Eintracht Frankfurt,6,0,1.527,2.353,1.57,2.5,7
2025-2026,https://www.oddsportal.com/football/h2h/eintracht-frankfurt-8vndvXTk/rb-leipzig-KbS1suSm/#8zRFZgsg,2026-04-18 16:30,Eintracht Frankfurt,RB Leipzig,1,3,1.336,3.036,1.37,3.15,7
2025-2026,https://www.oddsportal.com/football/h2h/eintracht-frankfurt-8vndvXTk/st-pauli-ILyJuN3g/#IecCNYV7,2026-03-08 15:30,St. Pauli,Eintracht Frankfurt,0,0,1.756,1.974,1.8,2.02,7
2025-2026,https://www.oddsportal.com/football/h2h/eintracht-frankfurt-8vndvXTk/st-pauli-ILyJuN3g/#vFNrdkrA,2025-10-25 13:30,Eintracht Frankfurt,St. Pauli,2,0,1.502,2.44,1.53,2.5,6
2025-2026,https://www.oddsportal.com/football/h2h/eintracht-frankfurt-8vndvXTk/union-berlin-pzHW4oaE/#EZYX3ONc,2025-09-21 13:30,Eintracht Frankfurt,Union Berlin,3,4,1.627,2.147,1.67,2.2,6
2025-2026,https://www.oddsportal.com/football/h2h/eintracht-frankfurt-8vndvXTk/union-berlin-pzHW4oaE/#zerRXOhM,2026-02-06 20:30,Union Berlin,Eintracht Frankfurt,1,1,1.754,1.983,1.8,2.06,7
2025-2026,https://www.oddsportal.com/football/h2h/eintracht-frankfurt-8vndvXTk/vfb-stuttgart-nJQmYp1B/#OKldz3dU,2026-01-13 18:30,Stuttgart,Eintracht Frankfurt,3,2,1.471,2.521,1.53,2.6,7
2025-2026,https://www.oddsportal.com/football/h2h/eintracht-frankfurt-8vndvXTk/vfb-stuttgart-nJQmYp1B/#rXgzQbWH,2026-05-16 13:30,Eintracht Frankfurt,Stuttgart,2,2,1.293,3.3,1.32,3.45,7
2025-2026,https://www.oddsportal.com/football/h2h/eintracht-frankfurt-8vndvXTk/werder-bremen-Ig1f1fy3/#GGIPZUw0,2025-08-23 13:30,Eintracht Frankfurt,Werder Bremen,4,1,1.5,2.445,1.53,2.5,6
2025-2026,https://www.oddsportal.com/football/h2h/eintracht-frankfurt-8vndvXTk/werder-bremen-Ig1f1fy3/#Isz531QG,2026-01-16 20:30,Werder Bremen,Eintracht Frankfurt,3,3,1.559,2.299,1.62,2.45,7
2025-2026,https://www.oddsportal.com/football/h2h/eintracht-frankfurt-8vndvXTk/wolfsburg-nwkTahLL/#Eef6Jsie,2026-04-11 13:30,Wolfsburg,Eintracht Frankfurt,1,2,2.5,3.631,2.6,3.75,8
2025-2026,https://www.oddsportal.com/football/h2h/eintracht-frankfurt-8vndvXTk/wolfsburg-nwkTahLL/#xY9SV7ne,2025-11-30 17:30,Eintracht Frankfurt,Wolfsburg,1,1,1.433,2.629,1.47,2.8,7
2025-2026,https://www.oddsportal.com/football/h2h/freiburg-fiEQZ7C7/hamburger-v9k3aY5F/#lAY0BaHO,2026-05-10 13:30,Hamburger SV,Freiburg,3,2,1.509,2.41,1.53,2.45,7
2025-2026,https://www.oddsportal.com/football/h2h/freiburg-fiEQZ7C7/heidenheim-KWixEVWi/#42KOXXB5,2026-04-19 13:30,Freiburg,Heidenheim,2,1,1.599,2.206,1.66,2.25,7
2025-2026,https://www.oddsportal.com/football/h2h/freiburg-fiEQZ7C7/heidenheim-KWixEVWi/#IqXBbcMb,2025-12-06 15:30,Heidenheim,Freiburg,2,1,1.951,1.779,2.0,1.83,7
2025-2026,https://www.oddsportal.com/football/h2h/freiburg-fiEQZ7C7/hoffenheim-hQAtP9Sl/#CCL8kpQ1,2025-09-28 13:30,Freiburg,Hoffenheim,1,1,1.623,2.175,1.67,2.25,6
2025-2026,https://www.oddsportal.com/football/h2h/freiburg-fiEQZ7C7/hoffenheim-hQAtP9Sl/#SQQLiJqe,2026-02-14 15:30,Hoffenheim,Freiburg,3,0,1.636,2.153,1.67,2.35,7
2025-2026,https://www.oddsportal.com/football/h2h/freiburg-fiEQZ7C7/mainz-EuakNmc1/#AaNZToH7,2025-11-30 19:30,Freiburg,Mainz,4,0,1.659,2.1,1.68,2.15,7
2025-2026,https://www.oddsportal.com/football/h2h/freiburg-fiEQZ7C7/mainz-EuakNmc1/#jckRSoU8,2026-04-12 17:30,Mainz,Freiburg,0,1,1.674,2.064,1.72,2.12,7
2025-2026,https://www.oddsportal.com/football/h2h/freiburg-fiEQZ7C7/rb-leipzig-KbS1suSm/#4IYfxPRH,2026-01-14 20:30,RB Leipzig,Freiburg,2,0,1.629,2.171,1.67,2.2,7
2025-2026,https://www.oddsportal.com/football/h2h/freiburg-fiEQZ7C7/rb-leipzig-KbS1suSm/#GphrOx1U,2026-05-16 13:30,Freiburg,RB Leipzig,4,1,1.417,2.669,1.45,2.8,7
2025-2026,https://www.oddsportal.com/football/h2h/freiburg-fiEQZ7C7/st-pauli-ILyJuN3g/#nmaZadf5,2026-03-22 17:30,St. Pauli,Freiburg,1,2,1.924,1.791,1.95,1.82,7
2025-2026,https://www.oddsportal.com/football/h2h/freiburg-fiEQZ7C7/st-pauli-ILyJuN3g/#tpNvG4jt,2025-11-09 15:30,Freiburg,St. Pauli,2,1,1.857,1.888,1.91,1.91,6
2025-2026,https://www.oddsportal.com/football/h2h/freiburg-fiEQZ7C7/union-berlin-pzHW4oaE/#EZtkaFfJ,2025-11-01 15:30,Union Berlin,Freiburg,0,0,1.848,1.893,1.91,1.91,6
2025-2026,https://www.oddsportal.com/football/h2h/freiburg-fiEQZ7C7/union-berlin-pzHW4oaE/#pMDubF7K,2026-03-15 17:30,Freiburg,Union Berlin,0,1,1.677,2.066,1.72,2.15,7
2025-2026,https://www.oddsportal.com/football/h2h/freiburg-fiEQZ7C7/vfb-stuttgart-nJQmYp1B/#0bVVmCXa,2025-09-13 13:30,Freiburg,Stuttgart,3,1,1.518,2.38,1.55,2.4,6
2025-2026,https://www.oddsportal.com/football/h2h/freiburg-fiEQZ7C7/vfb-stuttgart-nJQmYp1B/#QN5Aynx0,2026-02-01 15:30,Stuttgart,Freiburg,1,0,1.601,2.21,1.63,2.3,7
2025-2026,https://www.oddsportal.com/football/h2h/freiburg-fiEQZ7C7/werder-bremen-Ig1f1fy3/#rNb2ZGCT,2026-02-07 15:30,Freiburg,Werder Bremen,1,0,1.704,2.047,1.75,2.26,7
2025-2026,https://www.oddsportal.com/football/h2h/freiburg-fiEQZ7C7/werder-bremen-Ig1f1fy3/#tj2LfKpp,2025-09-20 13:30,Werder Bremen,Freiburg,0,3,1.523,2.35,1.57,2.45,6
2025-2026,https://www.oddsportal.com/football/h2h/freiburg-fiEQZ7C7/wolfsburg-nwkTahLL/#YTIIYU3S,2025-12-20 15:30,Wolfsburg,Freiburg,3,4,1.66,2.101,1.7,2.15,7
2025-2026,https://www.oddsportal.com/football/h2h/freiburg-fiEQZ7C7/wolfsburg-nwkTahLL/#nq7nAez3,2026-05-03 17:30,Freiburg,Wolfsburg,1,1,1.49,2.461,1.52,2.55,7
2025-2026,https://www.oddsportal.com/football/h2h/hamburger-v9k3aY5F/heidenheim-KWixEVWi/#0xS5Qtod,2026-02-07 15:30,Heidenheim,Hamburger SV,0,2,1.651,2.114,1.7,2.2,7
2025-2026,https://www.oddsportal.com/football/h2h/hamburger-v9k3aY5F/heidenheim-KWixEVWi/#p2yUdSXR,2025-09-20 13:30,Hamburger SV,Heidenheim,2,1,1.585,2.243,1.62,2.35,6
2025-2026,https://www.oddsportal.com/football/h2h/hamburger-v9k3aY5F/hoffenheim-hQAtP9Sl/#0nDqMiKM,2025-12-13 15:30,Hoffenheim,Hamburger SV,4,1,1.587,2.246,1.62,2.32,7
2025-2026,https://www.oddsportal.com/football/h2h/hamburger-v9k3aY5F/hoffenheim-hQAtP9Sl/#jgaFBmfA,2026-04-25 16:30,Hamburger SV,Hoffenheim,1,2,1.464,2.543,1.5,2.7,7
2025-2026,https://www.oddsportal.com/football/h2h/hamburger-v9k3aY5F/mainz-EuakNmc1/#Ol0JYfpn,2025-10-05 15:30,Hamburger SV,Mainz,4,0,1.462,2.562,1.5,2.7,6
2025-2026,https://www.oddsportal.com/football/h2h/hamburger-v9k3aY5F/mainz-EuakNmc1/#r1NdgWKa,2026-02-20 20:30,Mainz,Hamburger SV,1,1,1.589,2.253,1.62,2.35,7
2025-2026,https://www.oddsportal.com/football/h2h/hamburger-v9k3aY5F/rb-leipzig-KbS1suSm/#4AjdVPXG,2026-03-01 19:30,Hamburger SV,RB Leipzig,1,2,1.479,2.511,1.52,2.7,7
2025-2026,https://www.oddsportal.com/football/h2h/hamburger-v9k3aY5F/rb-leipzig-KbS1suSm/#rFb7NUyo,2025-10-18 13:30,RB Leipzig,Hamburger SV,2,1,1.47,2.553,1.5,2.65,6
2025-2026,https://www.oddsportal.com/football/h2h/hamburger-v9k3aY5F/st-pauli-ILyJuN3g/#2LhKQUNs,2026-01-23 20:30,St. Pauli,Hamburger SV,0,0,2.004,1.723,2.05,1.85,7
2025-2026,https://www.oddsportal.com/football/h2h/hamburger-v9k3aY5F/st-pauli-ILyJuN3g/#tfb5XjmJ,2025-08-29 18:30,Hamburger SV,St. Pauli,0,2,1.845,1.872,1.95,1.95,6
2025-2026,https://www.oddsportal.com/football/h2h/hamburger-v9k3aY5F/union-berlin-pzHW4oaE/#G63z4que,2025-09-28 17:30,Union Berlin,Hamburger SV,0,0,1.642,2.14,1.67,2.2,6
2025-2026,https://www.oddsportal.com/football/h2h/hamburger-v9k3aY5F/union-berlin-pzHW4oaE/#ltFUkcE7,2026-02-14 15:30,Hamburger SV,Union Berlin,3,2,1.85,1.89,1.91,1.95,7
2025-2026,https://www.oddsportal.com/football/h2h/hamburger-v9k3aY5F/vfb-stuttgart-nJQmYp1B/#6VjbL3Mr,2026-04-12 15:30,Stuttgart,Hamburger SV,4,0,1.601,2.206,1.68,2.3,7
2025-2026,https://www.oddsportal.com/football/h2h/hamburger-v9k3aY5F/vfb-stuttgart-nJQmYp1B/#pIyItP0D,2025-11-30 15:30,Hamburger SV,Stuttgart,2,1,1.526,2.36,1.57,2.45,7
2025-2026,https://www.oddsportal.com/football/h2h/hamburger-v9k3aY5F/werder-bremen-Ig1f1fy3/#W6wSfFLN,2025-12-07 15:30,Hamburger SV,Werder Bremen,3,2,1.567,2.271,1.62,2.35,7
2025-2026,https://www.oddsportal.com/football/h2h/hamburger-v9k3aY5F/werder-bremen-Ig1f1fy3/#xGIWVBtI,2026-04-18 13:30,Werder Bremen,Hamburger SV,3,1,1.626,2.151,1.67,2.25,7
2025-2026,https://www.oddsportal.com/football/h2h/hamburger-v9k3aY5F/wolfsburg-nwkTahLL/#Kxm7lbt1,2025-10-25 13:30,Hamburger SV,Wolfsburg,0,1,1.428,2.67,1.44,2.75,6
2025-2026,https://www.oddsportal.com/football/h2h/hamburger-v9k3aY5F/wolfsburg-nwkTahLL/#lG5eRGWr,2026-03-07 15:30,Wolfsburg,Hamburger SV,1,2,1.621,2.167,1.67,2.25,7
2025-2026,https://www.oddsportal.com/football/h2h/heidenheim-KWixEVWi/hoffenheim-hQAtP9Sl/#IofboxOE,2026-03-07 15:30,Heidenheim,Hoffenheim,2,4,1.534,2.35,1.57,2.42,7
2025-2026,https://www.oddsportal.com/football/h2h/heidenheim-KWixEVWi/hoffenheim-hQAtP9Sl/#bNbbjKBl,2025-10-25 13:30,Hoffenheim,Heidenheim,3,1,1.568,2.278,1.62,2.35,6
2025-2026,https://www.oddsportal.com/football/h2h/heidenheim-KWixEVWi/mainz-EuakNmc1/#AakkKTad,2026-05-16 13:30,Heidenheim,Mainz,0,2,1.411,2.689,1.44,2.86,7
2025-2026,https://www.oddsportal.com/football/h2h/heidenheim-KWixEVWi/mainz-EuakNmc1/#W4zmvoc5,2026-01-13 20:30,Mainz,Heidenheim,2,1,1.707,2.03,1.75,2.15,7
2025-2026,https://www.oddsportal.com/football/h2h/heidenheim-KWixEVWi/rb-leipzig-KbS1suSm/#b5c6Oe4l,2025-08-30 13:30,RB Leipzig,Heidenheim,2,0,1.54,2.335,1.63,2.4,6
2025-2026,https://www.oddsportal.com/football/h2h/heidenheim-KWixEVWi/rb-leipzig-KbS1suSm/#zZjSO8hf,2026-01-24 15:30,Heidenheim,RB Leipzig,0,3,1.487,2.494,1.51,2.56,7
2025-2026,https://www.oddsportal.com/football/h2h/heidenheim-KWixEVWi/st-pauli-ILyJuN3g/#2XIKk6Xj,2026-04-25 13:30,Heidenheim,St. Pauli,2,0,1.663,2.094,1.7,2.15,7
2025-2026,https://www.oddsportal.com/football/h2h/heidenheim-KWixEVWi/st-pauli-ILyJuN3g/#vXOzODkA,2025-12-13 15:30,St. Pauli,Heidenheim,2,1,1.959,1.769,1.98,1.8,7
2025-2026,https://www.oddsportal.com/football/h2h/heidenheim-KWixEVWi/union-berlin-pzHW4oaE/#I5p1p71l,2025-11-29 15:30,Union Berlin,Heidenheim,1,2,2.097,1.666,2.15,1.7,7
2025-2026,https://www.oddsportal.com/football/h2h/heidenheim-KWixEVWi/union-berlin-pzHW4oaE/#dGT9w3rR,2026-04-11 13:30,Heidenheim,Union Berlin,3,1,1.646,2.12,1.67,2.15,7
2025-2026,https://www.oddsportal.com/football/h2h/heidenheim-KWixEVWi/vfb-stuttgart-nJQmYp1B/#G63X5945,2026-02-22 19:30,Heidenheim,Stuttgart,3,3,1.513,2.41,1.55,2.5,7
2025-2026,https://www.oddsportal.com/football/h2h/heidenheim-KWixEVWi/vfb-stuttgart-nJQmYp1B/#pbupKeVh,2025-10-05 13:30,Stuttgart,Heidenheim,1,0,1.638,2.15,1.67,2.2,6
2025-2026,https://www.oddsportal.com/football/h2h/heidenheim-KWixEVWi/werder-bremen-Ig1f1fy3/#KAjIuUcT,2025-10-18 13:30,Heidenheim,Werder Bremen,2,2,1.5,2.445,1.53,2.55,6
2025-2026,https://www.oddsportal.com/football/h2h/heidenheim-KWixEVWi/werder-bremen-Ig1f1fy3/#UixEInlB,2026-02-28 15:30,Werder Bremen,Heidenheim,2,0,1.626,2.171,1.68,2.35,7
2025-2026,https://www.oddsportal.com/football/h2h/heidenheim-KWixEVWi/wolfsburg-nwkTahLL/#8pC7pnhI,2025-08-23 13:30,Heidenheim,Wolfsburg,1,3,1.623,2.155,1.67,2.2,6
2025-2026,https://www.oddsportal.com/football/h2h/heidenheim-KWixEVWi/wolfsburg-nwkTahLL/#pA5pqXv2,2026-01-17 15:30,Wolfsburg,Heidenheim,1,1,1.59,2.236,1.62,2.3,7
2025-2026,https://www.oddsportal.com/football/h2h/hoffenheim-hQAtP9Sl/mainz-EuakNmc1/#O88I4Vmd,2025-11-21 20:30,Mainz,Hoffenheim,1,1,1.507,2.422,1.53,2.55,6
2025-2026,https://www.oddsportal.com/football/h2h/hoffenheim-hQAtP9Sl/mainz-EuakNmc1/#riSaCQqS,2026-04-04 13:30,Hoffenheim,Mainz,1,2,1.626,2.157,1.67,2.3,7
2025-2026,https://www.oddsportal.com/football/h2h/hoffenheim-hQAtP9Sl/rb-leipzig-KbS1suSm/#SE0LSszn,2025-11-08 15:30,Hoffenheim,RB Leipzig,3,1,1.368,2.887,1.4,3.05,6
2025-2026,https://www.oddsportal.com/football/h2h/hoffenheim-hQAtP9Sl/rb-leipzig-KbS1suSm/#SrS8qyAO,2026-03-20 20:30,RB Leipzig,Hoffenheim,5,0,1.374,2.816,1.41,2.95,7
2025-2026,https://www.oddsportal.com/football/h2h/hoffenheim-hQAtP9Sl/st-pauli-ILyJuN3g/#re2mXo34,2026-02-28 15:30,Hoffenheim,St. Pauli,0,1,1.951,1.776,2.0,1.95,7
2025-2026,https://www.oddsportal.com/football/h2h/hoffenheim-hQAtP9Sl/st-pauli-ILyJuN3g/#v1rAsjTG,2025-10-19 15:30,St. Pauli,Hoffenheim,0,3,1.583,2.248,1.62,2.3,6
2025-2026,https://www.oddsportal.com/football/h2h/hoffenheim-hQAtP9Sl/union-berlin-pzHW4oaE/#QFXd2Bng,2025-09-13 13:30,Union Berlin,Hoffenheim,2,4,1.617,2.167,1.67,2.25,6
2025-2026,https://www.oddsportal.com/football/h2h/hoffenheim-hQAtP9Sl/union-berlin-pzHW4oaE/#hxMjHHjo,2026-01-31 15:30,Hoffenheim,Union Berlin,3,1,1.683,2.064,1.71,2.15,7
2025-2026,https://www.oddsportal.com/football/h2h/hoffenheim-hQAtP9Sl/vfb-stuttgart-nJQmYp1B/#8G6V9ntK,2026-05-02 13:30,Hoffenheim,Stuttgart,3,3,1.33,3.079,1.36,3.25,7
2025-2026,https://www.oddsportal.com/football/h2h/hoffenheim-hQAtP9Sl/vfb-stuttgart-nJQmYp1B/#Q3FAziZF,2025-12-20 15:30,Stuttgart,Hoffenheim,0,0,1.457,2.573,1.5,2.7,7
2025-2026,https://www.oddsportal.com/football/h2h/hoffenheim-hQAtP9Sl/werder-bremen-Ig1f1fy3/#2B3cTTrm,2026-01-27 20:30,Werder Bremen,Hoffenheim,0,2,1.544,2.33,1.57,2.45,7
2025-2026,https://www.oddsportal.com/football/h2h/hoffenheim-hQAtP9Sl/werder-bremen-Ig1f1fy3/#KUtpFsIa,2026-05-09 13:30,Hoffenheim,Werder Bremen,1,0,1.471,2.514,1.52,2.65,7
2025-2026,https://www.oddsportal.com/football/h2h/hoffenheim-hQAtP9Sl/wolfsburg-nwkTahLL/#pfkY2cef,2025-11-02 17:30,Wolfsburg,Hoffenheim,2,3,1.412,2.722,1.44,2.85,6
2025-2026,https://www.oddsportal.com/football/h2h/hoffenheim-hQAtP9Sl/wolfsburg-nwkTahLL/#vqkymkaJ,2026-03-14 15:30,Hoffenheim,Wolfsburg,1,1,1.537,2.331,1.58,2.38,7
2025-2026,https://www.oddsportal.com/football/h2h/mainz-EuakNmc1/rb-leipzig-KbS1suSm/#6B0Woj2C,2025-09-13 13:30,Mainz,RB Leipzig,0,1,1.427,2.643,1.44,2.68,6
2025-2026,https://www.oddsportal.com/football/h2h/mainz-EuakNmc1/rb-leipzig-KbS1suSm/#KMQVrUqQ,2026-01-31 15:30,RB Leipzig,Mainz,1,2,1.53,2.363,1.58,2.5,7
2025-2026,https://www.oddsportal.com/football/h2h/mainz-EuakNmc1/st-pauli-ILyJuN3g/#SdcOE9Cd,2025-12-21 15:30,Mainz,St. Pauli,0,0,1.92,1.8,1.95,1.83,7
2025-2026,https://www.oddsportal.com/football/h2h/mainz-EuakNmc1/st-pauli-ILyJuN3g/#tAEqnqlD,2026-05-03 13:30,St. Pauli,Mainz,1,2,1.77,1.947,1.8,1.98,7
2025-2026,https://www.oddsportal.com/football/h2h/mainz-EuakNmc1/union-berlin-pzHW4oaE/#0EoA24Yg,2026-05-10 17:30,Mainz,Union Berlin,1,3,1.44,2.609,1.49,2.7,7
2025-2026,https://www.oddsportal.com/football/h2h/mainz-EuakNmc1/union-berlin-pzHW4oaE/#WjeEPorC,2026-01-10 15:30,Union Berlin,Mainz,2,2,1.914,1.804,2.0,1.88,7
2025-2026,https://www.oddsportal.com/football/h2h/mainz-EuakNmc1/vfb-stuttgart-nJQmYp1B/#6VjWno5d,2025-10-26 17:30,Stuttgart,Mainz,2,1,1.547,2.31,1.57,2.35,6
2025-2026,https://www.oddsportal.com/football/h2h/mainz-EuakNmc1/vfb-stuttgart-nJQmYp1B/#OENMooIc,2026-03-07 15:30,Mainz,Stuttgart,2,2,1.487,2.494,1.51,2.55,7
2025-2026,https://www.oddsportal.com/football/h2h/mainz-EuakNmc1/werder-bremen-Ig1f1fy3/#46fChgVs,2026-03-15 15:30,Werder Bremen,Mainz,0,2,1.549,2.303,1.57,2.37,7
2025-2026,https://www.oddsportal.com/football/h2h/mainz-EuakNmc1/werder-bremen-Ig1f1fy3/#rBY1Au3K,2025-11-01 15:30,Mainz,Werder Bremen,1,1,1.47,2.537,1.5,2.6,6
2025-2026,https://www.oddsportal.com/football/h2h/mainz-EuakNmc1/wolfsburg-nwkTahLL/#AXGgA9w1,2026-01-24 15:30,Mainz,Wolfsburg,3,1,1.676,2.084,1.7,2.15,7
2025-2026,https://www.oddsportal.com/football/h2h/mainz-EuakNmc1/wolfsburg-nwkTahLL/#MqS9rHeK,2025-08-31 13:30,Wolfsburg,Mainz,1,1,1.593,2.223,1.62,2.25,6
2025-2026,https://www.oddsportal.com/football/h2h/paderborn-G2Op923t/wolfsburg-nwkTahLL/#K8bh3OkJ,2026-05-21 18:30,Wolfsburg,Paderborn,0,0,1.703,2.03,1.75,2.2,7
2025-2026,https://www.oddsportal.com/football/h2h/paderborn-G2Op923t/wolfsburg-nwkTahLL/#nFjvRRsQ,2026-05-25 18:30,Paderborn,Wolfsburg,2,1,3.312,3.394,3.65,3.5,8
2025-2026,https://www.oddsportal.com/football/h2h/rb-leipzig-KbS1suSm/st-pauli-ILyJuN3g/#6RGA0r36,2026-05-09 13:30,RB Leipzig,St. Pauli,2,1,1.671,2.073,1.73,2.15,7
2025-2026,https://www.oddsportal.com/football/h2h/rb-leipzig-KbS1suSm/st-pauli-ILyJuN3g/#ObDLNPCO,2026-01-27 20:30,St. Pauli,RB Leipzig,1,1,1.937,1.787,2.0,1.88,7
2025-2026,https://www.oddsportal.com/football/h2h/rb-leipzig-KbS1suSm/union-berlin-pzHW4oaE/#MaSP0Wuh,2026-04-24 18:30,RB Leipzig,Union Berlin,3,1,1.651,2.11,1.72,2.15,7
2025-2026,https://www.oddsportal.com/football/h2h/rb-leipzig-KbS1suSm/union-berlin-pzHW4oaE/#YZLSPZKc,2025-12-12 20:30,Union Berlin,RB Leipzig,3,1,1.736,2.0,1.75,2.05,7
2025-2026,https://www.oddsportal.com/football/h2h/rb-leipzig-KbS1suSm/vfb-stuttgart-nJQmYp1B/#vsKX4JQs,2025-11-01 15:30,RB Leipzig,Stuttgart,3,1,1.38,2.837,1.4,2.95,6
2025-2026,https://www.oddsportal.com/football/h2h/rb-leipzig-KbS1suSm/vfb-stuttgart-nJQmYp1B/#xKhKjXaf,2026-03-15 19:30,Stuttgart,RB Leipzig,1,0,1.283,3.336,1.31,3.5,7
2025-2026,https://www.oddsportal.com/football/h2h/rb-leipzig-KbS1suSm/werder-bremen-Ig1f1fy3/#2iDcSYu3,2025-11-23 15:30,RB Leipzig,Werder Bremen,2,0,1.417,2.712,1.44,2.85,6
2025-2026,https://www.oddsportal.com/football/h2h/rb-leipzig-KbS1suSm/werder-bremen-Ig1f1fy3/#6ezkfRNq,2026-04-04 13:30,Werder Bremen,RB Leipzig,1,2,1.431,2.63,1.46,2.7,7
2025-2026,https://www.oddsportal.com/football/h2h/rb-leipzig-KbS1suSm/wolfsburg-nwkTahLL/#SComwKU1,2026-02-15 17:30,RB Leipzig,Wolfsburg,2,2,1.471,2.539,1.5,2.65,7
2025-2026,https://www.oddsportal.com/football/h2h/rb-leipzig-KbS1suSm/wolfsburg-nwkTahLL/#fiFR55Ar,2025-09-27 13:30,Wolfsburg,RB Leipzig,0,1,1.407,2.745,1.44,2.85,6
2025-2026,https://www.oddsportal.com/football/h2h/st-pauli-ILyJuN3g/union-berlin-pzHW4oaE/#2FepJU2k,2025-11-23 17:30,St. Pauli,Union Berlin,0,1,2.008,1.723,2.05,1.75,6
2025-2026,https://www.oddsportal.com/football/h2h/st-pauli-ILyJuN3g/union-berlin-pzHW4oaE/#jqAhEnFF,2026-04-05 13:30,Union Berlin,St. Pauli,1,1,1.947,1.779,2.0,1.82,7
2025-2026,https://www.oddsportal.com/football/h2h/st-pauli-ILyJuN3g/vfb-stuttgart-nJQmYp1B/#6wZdS2Gq,2026-02-07 15:30,St. Pauli,Stuttgart,2,1,1.781,1.951,1.8,2.05,7
2025-2026,https://www.oddsportal.com/football/h2h/st-pauli-ILyJuN3g/vfb-stuttgart-nJQmYp1B/#E30ThbFd,2025-09-19 18:30,Stuttgart,St. Pauli,2,0,1.547,2.295,1.57,2.37,6
2025-2026,https://www.oddsportal.com/football/h2h/st-pauli-ILyJuN3g/werder-bremen-Ig1f1fy3/#M7AO7VZh,2026-02-22 17:30,St. Pauli,Werder Bremen,2,1,1.763,1.966,1.8,2.05,7
2025-2026,https://www.oddsportal.com/football/h2h/st-pauli-ILyJuN3g/werder-bremen-Ig1f1fy3/#lWoyMH0t,2025-10-04 13:30,Werder Bremen,St. Pauli,1,0,1.508,2.41,1.53,2.45,6
2025-2026,https://www.oddsportal.com/football/h2h/st-pauli-ILyJuN3g/wolfsburg-nwkTahLL/#EXetMkVq,2026-05-16 13:30,St. Pauli,Wolfsburg,1,3,1.547,2.297,1.57,2.36,7
2025-2026,https://www.oddsportal.com/football/h2h/st-pauli-ILyJuN3g/wolfsburg-nwkTahLL/#EqU5f6sn,2026-01-14 18:30,Wolfsburg,St. Pauli,2,1,1.96,1.764,2.0,1.8,7
2025-2026,https://www.oddsportal.com/football/h2h/union-berlin-pzHW4oaE/vfb-stuttgart-nJQmYp1B/#GUcblUhg,2025-08-23 13:30,Union Berlin,Stuttgart,2,1,1.557,2.267,1.57,2.3,6
2025-2026,https://www.oddsportal.com/football/h2h/union-berlin-pzHW4oaE/vfb-stuttgart-nJQmYp1B/#lrCyogAk,2026-01-18 15:30,Stuttgart,Union Berlin,1,1,1.754,1.977,1.8,2.02,7
2025-2026,https://www.oddsportal.com/football/h2h/union-berlin-pzHW4oaE/werder-bremen-Ig1f1fy3/#A3cNl7zp,2025-10-24 18:30,Werder Bremen,Union Berlin,1,0,1.55,2.32,1.57,2.4,6
2025-2026,https://www.oddsportal.com/football/h2h/union-berlin-pzHW4oaE/werder-bremen-Ig1f1fy3/#AVg4Pf1e,2026-03-08 17:30,Union Berlin,Werder Bremen,1,4,1.843,1.896,1.91,1.93,7
2025-2026,https://www.oddsportal.com/football/h2h/union-berlin-pzHW4oaE/wolfsburg-nwkTahLL/#Mwiklgdn,2026-04-18 13:30,Union Berlin,Wolfsburg,1,2,1.6,2.203,1.63,2.25,7
2025-2026,https://www.oddsportal.com/football/h2h/union-berlin-pzHW4oaE/wolfsburg-nwkTahLL/#WlSig2pJ,2025-12-06 15:30,Wolfsburg,Union Berlin,3,1,1.723,2.024,1.75,2.1,7
2025-2026,https://www.oddsportal.com/football/h2h/vfb-stuttgart-nJQmYp1B/werder-bremen-Ig1f1fy3/#MehA7h5T,2025-12-14 19:30,Werder Bremen,Stuttgart,0,4,1.467,2.536,1.5,2.6,7
2025-2026,https://www.oddsportal.com/football/h2h/vfb-stuttgart-nJQmYp1B/werder-bremen-Ig1f1fy3/#UPVXbAA4,2026-04-26 13:30,Stuttgart,Werder Bremen,1,1,1.51,2.409,1.55,2.5,7
2025-2026,https://www.oddsportal.com/football/h2h/vfb-stuttgart-nJQmYp1B/wolfsburg-nwkTahLL/#ALjgoYTi,2025-10-18 13:30,Wolfsburg,Stuttgart,0,3,1.54,2.33,1.57,2.4,6
2025-2026,https://www.oddsportal.com/football/h2h/vfb-stuttgart-nJQmYp1B/wolfsburg-nwkTahLL/#QJVMGQIN,2026-03-01 15:30,Stuttgart,Wolfsburg,4,0,1.484,2.491,1.55,2.6,7
2025-2026,https://www.oddsportal.com/football/h2h/werder-bremen-Ig1f1fy3/wolfsburg-nwkTahLL/#I77I3vet,2026-03-21 15:30,Wolfsburg,Werder Bremen,0,1,1.504,2.403,1.53,2.45,7
2025-2026,https://www.oddsportal.com/football/h2h/werder-bremen-Ig1f1fy3/wolfsburg-nwkTahLL/#S0LnErLh,2025-11-07 20:30,Werder Bremen,Wolfsburg,2,1,1.47,2.548,1.5,2.65,6
current,https://www.oddsportal.com/football/h2h/1-fc-koln-WG9pOTse/hamburger-v9k3aY5F/#00qpsaCE,2026-09-19 13:30,Hamburger SV,FC Koln,2,1,1.477,2.496,1.52,2.6,7
current,https://www.oddsportal.com/football/h2h/1-fc-koln-WG9pOTse/hoffenheim-hQAtP9Sl/#bcMB76dE,2026-08-29 13:30,FC Koln,Hoffenheim,3,2,1.477,2.507,1.5,2.6,7
current,https://www.oddsportal.com/football/h2h/1-fc-koln-WG9pOTse/vfb-stuttgart-nJQmYp1B/#zJPxkg9a,2026-09-04 18:30,Stuttgart,FC Koln,4,1,1.441,2.6,1.49,2.75,7
current,https://www.oddsportal.com/football/h2h/1-fc-koln-WG9pOTse/werder-bremen-Ig1f1fy3/#xQAA8v6k,2026-09-12 16:30,FC Koln,Werder Bremen,1,1,1.433,2.623,1.47,2.75,7
current,https://www.oddsportal.com/football/h2h/augsburg-fTVNku3I/bayer-leverkusen-4jcj2zMd/#Q3IOHrq3,2026-09-12 13:30,Augsburg,Bayer Leverkusen,2,2,1.35,2.979,1.37,3.05,7
current,https://www.oddsportal.com/football/h2h/augsburg-fTVNku3I/eintracht-frankfurt-8vndvXTk/#4h625Egt,2026-09-06 15:30,Eintracht Frankfurt,Augsburg,1,4,1.371,2.853,1.4,3.0,7
current,https://www.oddsportal.com/football/h2h/augsburg-fTVNku3I/schalke-0Ija0Ej9/#AgoC3xvq,2026-08-30 15:30,Augsburg,Schalke,3,0,1.567,2.257,1.6,2.3,7
current,https://www.oddsportal.com/football/h2h/augsburg-fTVNku3I/werder-bremen-Ig1f1fy3/#8QnhuwsR,2026-09-19 13:30,Werder Bremen,Augsburg,3,2,1.419,2.68,1.44,2.8,7
current,https://www.oddsportal.com/football/h2h/b-monchengladbach-88HSzjDr/elversberg-6in2Eknb/#x64A3hOh,2026-09-05 13:30,B. Monchengladbach,Elversberg,3,4,1.424,2.663,1.44,2.76,7
current,https://www.oddsportal.com/football/h2h/b-monchengladbach-88HSzjDr/freiburg-fiEQZ7C7/#Y9Vxfuid,2026-09-12 13:30,Freiburg,B. Monchengladbach,5,0,1.453,2.567,1.5,2.65,7
current,https://www.oddsportal.com/football/h2h/b-monchengladbach-88HSzjDr/mainz-EuakNmc1/#YgibJeK7,2026-09-19 13:30,B. Monchengladbach,Mainz,3,4,1.47,2.524,1.5,2.6,7
current,https://www.oddsportal.com/football/h2h/b-monchengladbach-88HSzjDr/rb-leipzig-KbS1suSm/#WpiYAKo9,2026-08-29 13:30,RB Leipzig,B. Monchengladbach,3,0,1.524,2.361,1.55,2.5,7
current,https://www.oddsportal.com/football/h2h/bayer-leverkusen-4jcj2zMd/elversberg-6in2Eknb/#6q9MVvD5,2026-08-29 13:30,Elversberg,Bayer Leverkusen,3,2,1.517,2.377,1.53,2.48,7
current,https://www.oddsportal.com/football/h2h/bayer-leverkusen-4jcj2zMd/rb-leipzig-KbS1suSm/#fqjrNwLr,2026-09-20 13:30,Bayer Leverkusen,RB Leipzig,2,0,1.279,3.436,1.31,3.6,7
current,https://www.oddsportal.com/football/h2h/bayer-leverkusen-4jcj2zMd/union-berlin-pzHW4oaE/#GdRhoB8O,2026-09-05 13:30,Bayer Leverkusen,Union Berlin,4,0,1.619,2.181,1.7,2.35,7
current,https://www.oddsportal.com/football/h2h/bayern-munich-nVp0wiqd/elversberg-6in2Eknb/#Ot9I6Iz2,2026-09-13 15:30,Elversberg,Bayern Munich,1,2,1.487,2.469,1.55,2.6,7
current,https://www.oddsportal.com/football/h2h/bayern-munich-nVp0wiqd/schalke-0Ija0Ej9/#Q99YclhU,2026-09-05 16:30,Schalke,Bayern Munich,0,0,1.61,2.184,1.66,2.35,7
current,https://www.oddsportal.com/football/h2h/bayern-munich-nVp0wiqd/union-berlin-pzHW4oaE/#jm14ULS8,2026-09-18 18:30,Bayern Munich,Union Berlin,7,0,1.961,1.776,2.05,2.15,7
current,https://www.oddsportal.com/football/h2h/bayern-munich-nVp0wiqd/vfb-stuttgart-nJQmYp1B/#xrtCcyAe,2026-08-28 18:30,Bayern Munich,Stuttgart,5,1,1.427,2.641,1.45,2.9,7
current,https://www.oddsportal.com/football/h2h/dortmund-nP1i5US1/hamburger-v9k3aY5F/#vi4nmHg2,2026-08-29 16:30,Dortmund,Hamburger SV,2,0,1.704,2.023,1.75,2.06,7
current,https://www.oddsportal.com/football/h2h/dortmund-nP1i5US1/hoffenheim-hQAtP9Sl/#8WNpmXwC,2026-09-05 13:30,Hoffenheim,Dortmund,2,3,1.366,2.871,1.4,3.1,7
current,https://www.oddsportal.com/football/h2h/dortmund-nP1i5US1/paderborn-G2Op923t/#2kmjGV7b,2026-09-12 13:30,Dortmund,Paderborn,3,0,1.663,2.101,1.7,2.2,7
current,https://www.oddsportal.com/football/h2h/dortmund-nP1i5US1/vfb-stuttgart-nJQmYp1B/#O0aCSacL,2026-09-19 16:30,Stuttgart,Dortmund,0,1,1.314,3.271,1.33,3.45,7
current,https://www.oddsportal.com/football/h2h/eintracht-frankfurt-8vndvXTk/freiburg-fiEQZ7C7/#0tgjLHke,2026-09-19 13:30,Eintracht Frankfurt,Freiburg,2,2,1.409,2.719,1.44,2.9,7
current,https://www.oddsportal.com/football/h2h/eintracht-frankfurt-8vndvXTk/mainz-EuakNmc1/#YTLWFMDF,2026-09-12 13:30,Mainz,Eintracht Frankfurt,1,3,1.473,2.521,1.5,2.65,7
current,https://www.oddsportal.com/football/h2h/eintracht-frankfurt-8vndvXTk/union-berlin-pzHW4oaE/#UNsSafw8,2026-08-29 13:30,Union Berlin,Eintracht Frankfurt,3,3,1.444,2.583,1.48,2.65,7
current,https://www.oddsportal.com/football/h2h/elversberg-6in2Eknb/schalke-0Ija0Ej9/#4dYNZG4l,2026-09-20 15:30,Schalke,Elversberg,0,0,1.426,2.654,1.46,2.75,7
current,https://www.oddsportal.com/football/h2h/freiburg-fiEQZ7C7/paderborn-G2Op923t/#fPqrIiwn,2026-09-05 13:30,Paderborn,Freiburg,0,1,1.53,2.351,1.57,2.45,7
current,https://www.oddsportal.com/football/h2h/freiburg-fiEQZ7C7/werder-bremen-Ig1f1fy3/#vBft9bGL,2026-08-30 13:30,Freiburg,Werder Bremen,4,1,1.62,2.169,1.65,2.25,7
current,https://www.oddsportal.com/football/h2h/hamburger-v9k3aY5F/mainz-EuakNmc1/#pW7I1Wh5,2026-09-06 13:30,Hamburger SV,Mainz,0,5,1.573,2.249,1.6,2.3,7
current,https://www.oddsportal.com/football/h2h/hamburger-v9k3aY5F/rb-leipzig-KbS1suSm/#z3obE9xB,2026-09-13 13:30,RB Leipzig,Hamburger SV,5,0,1.499,2.43,1.53,2.55,7
current,https://www.oddsportal.com/football/h2h/hoffenheim-hQAtP9Sl/paderborn-G2Op923t/#xOoVXfZ0,2026-09-20 17:30,Paderborn,Hoffenheim,3,1,1.373,2.843,1.4,3.0,7
current,https://www.oddsportal.com/football/h2h/hoffenheim-hQAtP9Sl/vfb-stuttgart-nJQmYp1B/#t2DVe1Mq,2026-09-12 13:30,Hoffenheim,Stuttgart,2,1,1.313,3.221,1.33,3.4,7
current,https://www.oddsportal.com/football/h2h/mainz-EuakNmc1/paderborn-G2Op923t/#r7qK1G8e,2026-08-29 13:30,Mainz,Paderborn,0,0,1.591,2.221,1.62,2.35,7
current,https://www.oddsportal.com/football/h2h/rb-leipzig-KbS1suSm/werder-bremen-Ig1f1fy3/#hdBQaANH,2026-09-05 13:30,Werder Bremen,RB Leipzig,3,1,1.393,2.774,1.41,2.9,7
current,https://www.oddsportal.com/football/h2h/schalke-0Ija0Ej9/union-berlin-pzHW4oaE/#tfPvE0rS,2026-09-11 18:30,Union Berlin,Schalke,1,3,1.581,2.263,1.62,2.4,7
