season,match_link,date,home_team,away_team,home_goals,away_goals,btts_yes,btts_no,btts_yes_max,btts_no_max,books
2024-2025,https://www.oddsportal.com/football/h2h/arsenal-hA1Zm19f/aston-villa-W00wmLO0/#2g67Vsyf,2024-08-24 16:30,Aston Villa,Arsenal,0,2,1.674,2.128,1.72,2.2,5
2024-2025,https://www.oddsportal.com/football/h2h/arsenal-hA1Zm19f/aston-villa-W00wmLO0/#hMkFPYKG,2025-01-18 18:30,Arsenal,Aston Villa,2,2,1.817,1.935,2.0,2.05,6
2024-2025,https://www.oddsportal.com/football/h2h/arsenal-hA1Zm19f/bournemouth-OtpNdwrc/#SM4Kz8aS,2025-05-03 16:30,Arsenal,Bournemouth,1,2,1.652,2.135,1.7,2.2,6
2024-2025,https://www.oddsportal.com/football/h2h/arsenal-hA1Zm19f/bournemouth-OtpNdwrc/#ShJjaSDs,2024-10-19 16:30,Bournemouth,Arsenal,2,0,1.782,1.963,1.84,2.0,6
2024-2025,https://www.oddsportal.com/football/h2h/arsenal-hA1Zm19f/brentford-xYe7DwID/#IyBTXpre,2025-04-12 16:30,Arsenal,Brentford,1,1,1.733,2.027,1.78,2.1,6
2024-2025,https://www.oddsportal.com/football/h2h/arsenal-hA1Zm19f/brentford-xYe7DwID/#MwenrPEM,2025-01-01 18:30,Brentford,Arsenal,1,3,1.718,2.047,1.75,2.1,6
2024-2025,https://www.oddsportal.com/football/h2h/arsenal-hA1Zm19f/brighton-2XrRecc3/#E9ws2J5e,2025-01-04 18:30,Brighton,Arsenal,1,1,1.847,1.913,1.91,2.0,6
2024-2025,https://www.oddsportal.com/football/h2h/arsenal-hA1Zm19f/brighton-2XrRecc3/#ERWFdKZh,2024-08-31 11:30,Arsenal,Brighton,1,1,1.784,1.978,1.84,2.05,5
2024-2025,https://www.oddsportal.com/football/h2h/arsenal-hA1Zm19f/chelsea-4fGZN2oK/#CEnSxfJ0,2024-11-10 17:30,Chelsea,Arsenal,1,1,1.602,2.24,1.66,2.3,6
2024-2025,https://www.oddsportal.com/football/h2h/arsenal-hA1Zm19f/chelsea-4fGZN2oK/#WM1fBiJk,2025-03-16 14:30,Arsenal,Chelsea,1,0,1.933,1.812,2.0,1.88,6
2024-2025,https://www.oddsportal.com/football/h2h/arsenal-hA1Zm19f/crystal-palace-AovF1Mia/#SnlB9V0T,2025-04-23 19:00,Arsenal,Crystal Palace,2,2,1.963,1.787,2.07,1.9,6
2024-2025,https://www.oddsportal.com/football/h2h/arsenal-hA1Zm19f/crystal-palace-AovF1Mia/#bqGC4IQ0,2024-12-21 18:30,Crystal Palace,Arsenal,1,5,1.945,1.798,2.04,1.85,6
2024-2025,https://www.oddsportal.com/football/h2h/arsenal-hA1Zm19f/everton-KluSTr9s/#6gZNcADG,2024-12-14 16:00,Arsenal,Everton,0,0,2.185,1.633,2.4,1.7,6
2024-2025,https://www.oddsportal.com/football/h2h/arsenal-hA1Zm19f/everton-KluSTr9s/#AiB4sbFi,2025-04-05 11:30,Everton,Arsenal,1,1,2.06,1.703,2.14,1.78,6
2024-2025,https://www.oddsportal.com/football/h2h/arsenal-hA1Zm19f/fulham-69ZiU2Om/#0StR463n,2024-12-08 15:00,Fulham,Arsenal,1,1,1.763,1.99,1.8,2.1,6
2024-2025,https://www.oddsportal.com/football/h2h/arsenal-hA1Zm19f/fulham-69ZiU2Om/#vRiDNL8C,2025-04-01 18:45,Arsenal,Fulham,2,1,2.112,1.67,2.22,1.78,6
2024-2025,https://www.oddsportal.com/football/h2h/arsenal-hA1Zm19f/ipswich-thqhB2MB/#EZ4TVfPa,2024-12-27 21:15,Arsenal,Ipswich,1,0,2.112,1.677,2.2,1.7,6
2024-2025,https://www.oddsportal.com/football/h2h/arsenal-hA1Zm19f/ipswich-thqhB2MB/#pnoKB0Qa,2025-04-20 13:00,Ipswich,Arsenal,0,4,1.93,1.815,1.98,1.88,6
2024-2025,https://www.oddsportal.com/football/h2h/arsenal-hA1Zm19f/leicester-KrrdAMyI/#GhdgPLWA,2024-09-28 14:00,Arsenal,Leicester,4,2,2.316,1.568,2.4,1.6,5
2024-2025,https://www.oddsportal.com/football/h2h/arsenal-hA1Zm19f/leicester-KrrdAMyI/#xSMDOnyG,2025-02-15 13:30,Leicester,Arsenal,0,2,2.067,1.7,2.18,1.78,6
2024-2025,https://www.oddsportal.com/football/h2h/arsenal-hA1Zm19f/liverpool-lId4TMwf/#8GvXq6gt,2025-05-11 15:30,Liverpool,Arsenal,2,2,1.53,2.395,1.56,2.42,6
2024-2025,https://www.oddsportal.com/football/h2h/arsenal-hA1Zm19f/liverpool-lId4TMwf/#EqY7Orsg,2024-10-27 17:30,Arsenal,Liverpool,2,2,1.65,2.148,1.72,2.25,6
2024-2025,https://www.oddsportal.com/football/h2h/arsenal-hA1Zm19f/manchester-city-Wtn9Stg0/#8E9Tec1C,2025-02-02 17:30,Arsenal,Manchester City,5,1,1.547,2.355,1.58,2.45,6
2024-2025,https://www.oddsportal.com/football/h2h/arsenal-hA1Zm19f/manchester-city-Wtn9Stg0/#UwFBuMaf,2024-09-22 15:30,Manchester City,Arsenal,2,2,1.844,1.922,1.91,1.95,5
2024-2025,https://www.oddsportal.com/football/h2h/arsenal-hA1Zm19f/manchester-united-ppjDR086/#KGJsxHTr,2024-12-04 21:15,Arsenal,Manchester Utd,2,0,1.757,2.005,1.82,2.1,6
2024-2025,https://www.oddsportal.com/football/h2h/arsenal-hA1Zm19f/manchester-united-ppjDR086/#nV1t4zCM,2025-03-09 17:30,Manchester Utd,Arsenal,1,1,1.937,1.803,2.0,1.85,6
2024-2025,https://www.oddsportal.com/football/h2h/arsenal-hA1Zm19f/newcastle-utd-p6ahwuwJ/#WIs9mjGL,2024-11-02 13:30,Newcastle,Arsenal,1,0,1.725,2.04,1.78,2.1,6
2024-2025,https://www.oddsportal.com/football/h2h/arsenal-hA1Zm19f/newcastle-utd-p6ahwuwJ/#xI7Oh1xB,2025-05-18 15:30,Arsenal,Newcastle,1,0,1.605,2.228,1.66,2.3,6
2024-2025,https://www.oddsportal.com/football/h2h/arsenal-hA1Zm19f/nottingham-UsushcZr/#Cl3y4WHa,2024-11-23 16:00,Arsenal,Nottingham,3,0,2.07,1.7,2.1,1.78,6
2024-2025,https://www.oddsportal.com/football/h2h/arsenal-hA1Zm19f/nottingham-UsushcZr/#nwzcyoxJ,2025-02-26 20:30,Nottingham,Arsenal,0,0,1.963,1.792,2.0,1.85,6
2024-2025,https://www.oddsportal.com/football/h2h/arsenal-hA1Zm19f/southampton-WdKOwxDM/#SQM1jbV9,2024-10-05 14:00,Arsenal,Southampton,3,1,2.102,1.69,2.15,1.7,5
2024-2025,https://www.oddsportal.com/football/h2h/arsenal-hA1Zm19f/southampton-WdKOwxDM/#hnqjYTeK,2025-05-25 15:00,Southampton,Arsenal,1,2,1.76,1.972,1.8,2.05,6
2024-2025,https://www.oddsportal.com/football/h2h/arsenal-hA1Zm19f/tottenham-UDg08Ohm/#4I2j0Ii5,2025-01-15 21:00,Arsenal,Tottenham,2,1,1.727,2.047,1.76,2.1,6
2024-2025,https://www.oddsportal.com/football/h2h/arsenal-hA1Zm19f/tottenham-UDg08Ohm/#AFJ3CNV7,2024-09-15 13:00,Tottenham,Arsenal,0,1,1.468,2.598,1.5,2.65,5
2024-2025,https://www.oddsportal.com/football/h2h/arsenal-hA1Zm19f/west-ham-Cxq57r8g/#27gPDjve,2025-02-22 16:00,Arsenal,West Ham,0,1,2.34,1.55,2.44,1.65,6
2024-2025,https://www.oddsportal.com/football/h2h/arsenal-hA1Zm19f/west-ham-Cxq57r8g/#EwcGLeq2,2024-11-30 18:30,West Ham,Arsenal,2,5,1.847,1.918,1.91,2.0,6
2024-2025,https://www.oddsportal.com/football/h2h/arsenal-hA1Zm19f/wolves-j3Azpf5d/#CntkHiGq,2024-08-17 14:00,Arsenal,Wolves,2,0,2.154,1.656,2.22,1.7,5
2024-2025,https://www.oddsportal.com/football/h2h/arsenal-hA1Zm19f/wolves-j3Azpf5d/#vZHCau2m,2025-01-25 16:00,Wolves,Arsenal,0,1,1.918,1.823,1.96,1.93,6
2024-2025,https://www.oddsportal.com/football/h2h/aston-villa-W00wmLO0/bournemouth-OtpNdwrc/#4Uh7Tp9a,2025-05-10 16:30,Bournemouth,Aston Villa,0,1,1.538,2.373,1.57,2.45,6
2024-2025,https://www.oddsportal.com/football/h2h/aston-villa-W00wmLO0/bournemouth-OtpNdwrc/#ABRGMMB5,2024-10-26 14:00,Aston Villa,Bournemouth,1,1,1.582,2.29,1.62,2.4,6
2024-2025,https://www.oddsportal.com/football/h2h/aston-villa-W00wmLO0/brentford-xYe7DwID/#StNkzebe,2024-12-04 21:15,Aston Villa,Brentford,3,1,1.55,2.337,1.57,2.45,6
2024-2025,https://www.oddsportal.com/football/h2h/aston-villa-W00wmLO0/brentford-xYe7DwID/#viJaicSG,2025-03-08 18:30,Brentford,Aston Villa,0,1,1.393,2.837,1.41,2.95,6
2024-2025,https://www.oddsportal.com/football/h2h/aston-villa-W00wmLO0/brighton-2XrRecc3/#0O6wpopA,2024-12-30 20:45,Aston Villa,Brighton,2,2,1.562,2.33,1.6,2.45,6
2024-2025,https://www.oddsportal.com/football/h2h/aston-villa-W00wmLO0/brighton-2XrRecc3/#zgoMLawP,2025-04-02 18:45,Brighton,Aston Villa,0,3,1.632,2.193,1.67,2.3,6
2024-2025,https://www.oddsportal.com/football/h2h/aston-villa-W00wmLO0/chelsea-4fGZN2oK/#Kt3YAvVq,2024-12-01 14:30,Chelsea,Aston Villa,3,0,1.55,2.335,1.58,2.45,6
2024-2025,https://www.oddsportal.com/football/h2h/aston-villa-W00wmLO0/chelsea-4fGZN2oK/#OMsYBU87,2025-02-22 18:30,Aston Villa,Chelsea,2,1,1.483,2.528,1.52,2.6,6
2024-2025,https://www.oddsportal.com/football/h2h/aston-villa-W00wmLO0/crystal-palace-AovF1Mia/#p21q2AnC,2024-11-23 16:00,Aston Villa,Crystal Palace,2,2,1.763,1.992,1.8,2.1,6
2024-2025,https://www.oddsportal.com/football/h2h/aston-villa-W00wmLO0/crystal-palace-AovF1Mia/#zcyYxbDN,2025-02-25 20:30,Crystal Palace,Aston Villa,4,1,1.612,2.217,1.67,2.3,6
2024-2025,https://www.oddsportal.com/football/h2h/aston-villa-W00wmLO0/everton-KluSTr9s/#Wplk7SgS,2024-09-14 16:30,Aston Villa,Everton,3,2,1.75,2.024,1.8,2.1,5
2024-2025,https://www.oddsportal.com/football/h2h/aston-villa-W00wmLO0/everton-KluSTr9s/#Ycf7dziU,2025-01-15 20:30,Everton,Aston Villa,0,1,1.908,1.83,1.98,1.88,6
2024-2025,https://www.oddsportal.com/football/h2h/aston-villa-W00wmLO0/fulham-69ZiU2Om/#Y5lic6rf,2024-10-19 14:00,Fulham,Aston Villa,1,3,1.603,2.235,1.64,2.3,6
2024-2025,https://www.oddsportal.com/football/h2h/aston-villa-W00wmLO0/fulham-69ZiU2Om/#b5ejVoNk,2025-05-03 11:30,Aston Villa,Fulham,1,0,1.61,2.223,1.66,2.3,6
2024-2025,https://www.oddsportal.com/football/h2h/aston-villa-W00wmLO0/ipswich-thqhB2MB/#8lQxNZaB,2025-02-15 16:00,Aston Villa,Ipswich,1,1,1.682,2.09,1.72,2.15,6
2024-2025,https://www.oddsportal.com/football/h2h/aston-villa-W00wmLO0/ipswich-thqhB2MB/#KnvLwLo4,2024-09-29 13:00,Ipswich,Aston Villa,2,2,1.64,2.18,1.68,2.25,5
2024-2025,https://www.oddsportal.com/football/h2h/aston-villa-W00wmLO0/leicester-KrrdAMyI/#M1LZ3uyq,2025-01-04 16:00,Aston Villa,Leicester,2,1,1.667,2.123,1.7,2.15,6
2024-2025,https://www.oddsportal.com/football/h2h/aston-villa-W00wmLO0/leicester-KrrdAMyI/#lpob9cJb,2024-08-31 14:00,Leicester,Aston Villa,1,2,1.674,2.116,1.7,2.2,5
2024-2025,https://www.oddsportal.com/football/h2h/aston-villa-W00wmLO0/liverpool-lId4TMwf/#0zTMbytK,2024-11-09 21:00,Liverpool,Aston Villa,2,0,1.702,2.077,1.75,2.15,6
2024-2025,https://www.oddsportal.com/football/h2h/aston-villa-W00wmLO0/liverpool-lId4TMwf/#hxj39Vm2,2025-02-19 20:30,Aston Villa,Liverpool,2,2,1.517,2.433,1.54,2.55,6
2024-2025,https://www.oddsportal.com/football/h2h/aston-villa-W00wmLO0/manchester-city-Wtn9Stg0/#8b9uC0YQ,2024-12-21 13:30,Aston Villa,Manchester City,2,1,1.498,2.492,1.54,2.55,6
2024-2025,https://www.oddsportal.com/football/h2h/aston-villa-W00wmLO0/manchester-city-Wtn9Stg0/#tjEpOUFM,2025-04-22 19:00,Manchester City,Aston Villa,2,1,1.528,2.407,1.57,2.55,6
2024-2025,https://www.oddsportal.com/football/h2h/aston-villa-W00wmLO0/manchester-united-ppjDR086/#ltBAlx0M,2024-10-06 13:00,Aston Villa,Manchester Utd,0,0,1.412,2.776,1.44,2.9,5
2024-2025,https://www.oddsportal.com/football/h2h/aston-villa-W00wmLO0/manchester-united-ppjDR086/#pOnfE84l,2025-05-25 15:00,Manchester Utd,Aston Villa,2,0,1.577,2.267,1.62,2.4,6
2024-2025,https://www.oddsportal.com/football/h2h/aston-villa-W00wmLO0/newcastle-utd-p6ahwuwJ/#0jTArY85,2024-12-26 16:00,Newcastle,Aston Villa,3,0,1.542,2.362,1.57,2.5,6
2024-2025,https://www.oddsportal.com/football/h2h/aston-villa-W00wmLO0/newcastle-utd-p6ahwuwJ/#YRapaNtf,2025-04-19 16:30,Aston Villa,Newcastle,4,1,1.507,2.467,1.54,2.55,6
2024-2025,https://www.oddsportal.com/football/h2h/aston-villa-W00wmLO0/nottingham-UsushcZr/#CCPxhuse,2024-12-14 18:30,Nottingham,Aston Villa,2,1,1.787,1.95,1.82,1.98,6
2024-2025,https://www.oddsportal.com/football/h2h/aston-villa-W00wmLO0/nottingham-UsushcZr/#jmvvRxVA,2025-04-05 16:30,Aston Villa,Nottingham,2,1,1.713,2.055,1.76,2.15,6
2024-2025,https://www.oddsportal.com/football/h2h/aston-villa-W00wmLO0/southampton-WdKOwxDM/#6HF565lK,2025-04-12 14:00,Southampton,Aston Villa,0,3,1.65,2.138,1.68,2.2,6
2024-2025,https://www.oddsportal.com/football/h2h/aston-villa-W00wmLO0/southampton-WdKOwxDM/#MLgaj7lg,2024-12-07 16:00,Aston Villa,Southampton,1,0,1.748,2.008,1.8,2.1,6
2024-2025,https://www.oddsportal.com/football/h2h/aston-villa-W00wmLO0/tottenham-UDg08Ohm/#drzevnw8,2024-11-03 15:00,Tottenham,Aston Villa,4,1,1.417,2.732,1.44,2.85,6
2024-2025,https://www.oddsportal.com/football/h2h/aston-villa-W00wmLO0/tottenham-UDg08Ohm/#prBWju7N,2025-05-16 18:30,Aston Villa,Tottenham,2,0,1.698,2.073,1.72,2.14,6
2024-2025,https://www.oddsportal.com/football/h2h/aston-villa-W00wmLO0/west-ham-Cxq57r8g/#6Ly4WtY0,2025-01-26 17:30,Aston Villa,West Ham,1,1,1.72,2.042,1.75,2.1,6
2024-2025,https://www.oddsportal.com/football/h2h/aston-villa-W00wmLO0/west-ham-Cxq57r8g/#nHdPI4il,2024-08-17 16:30,West Ham,Aston Villa,1,2,1.544,2.388,1.57,2.45,5
2024-2025,https://www.oddsportal.com/football/h2h/aston-villa-W00wmLO0/wolves-j3Azpf5d/#d8abY4hR,2024-09-21 14:00,Aston Villa,Wolves,3,1,1.65,2.162,1.7,2.2,5
2024-2025,https://www.oddsportal.com/football/h2h/aston-villa-W00wmLO0/wolves-j3Azpf5d/#nZyUOeVb,2025-02-01 18:30,Wolves,Aston Villa,2,0,1.623,2.207,1.67,2.3,6
2024-2025,https://www.oddsportal.com/football/h2h/bournemouth-OtpNdwrc/brentford-xYe7DwID/#27BOGDeS,2025-03-15 18:30,Bournemouth,Brentford,1,2,1.462,2.583,1.5,2.65,6
2024-2025,https://www.oddsportal.com/football/h2h/bournemouth-OtpNdwrc/brentford-xYe7DwID/#nX2mpxRQ,2024-11-09 16:00,Brentford,Bournemouth,3,2,1.498,2.477,1.53,2.6,6
2024-2025,https://www.oddsportal.com/football/h2h/bournemouth-OtpNdwrc/brighton-2XrRecc3/#WveT5hmm,2024-11-23 16:00,Bournemouth,Brighton,1,2,1.468,2.573,1.5,2.65,6
2024-2025,https://www.oddsportal.com/football/h2h/bournemouth-OtpNdwrc/brighton-2XrRecc3/#jBtlw776,2025-02-25 20:30,Brighton,Bournemouth,2,1,1.508,2.45,1.54,2.55,6
2024-2025,https://www.oddsportal.com/football/h2h/bournemouth-OtpNdwrc/chelsea-4fGZN2oK/#A1GB5DTp,2025-01-14 20:30,Chelsea,Bournemouth,2,2,1.508,2.453,1.53,2.55,6
2024-2025,https://www.oddsportal.com/football/h2h/bournemouth-OtpNdwrc/chelsea-4fGZN2oK/#AVat9lPF,2024-09-14 19:00,Bournemouth,Chelsea,0,1,1.412,2.778,1.44,2.86,5
2024-2025,https://www.oddsportal.com/football/h2h/bournemouth-OtpNdwrc/crystal-palace-AovF1Mia/#I7BKXGfm,2024-12-26 16:00,Bournemouth,Crystal Palace,0,0,1.557,2.335,1.6,2.45,6
2024-2025,https://www.oddsportal.com/football/h2h/bournemouth-OtpNdwrc/crystal-palace-AovF1Mia/#QsEgeutJ,2025-04-19 14:00,Crystal Palace,Bournemouth,0,0,1.585,2.287,1.62,2.4,6
2024-2025,https://www.oddsportal.com/football/h2h/bournemouth-OtpNdwrc/everton-KluSTr9s/#2Hv391DL,2025-01-04 16:00,Bournemouth,Everton,1,0,1.767,1.992,1.82,2.1,6
2024-2025,https://www.oddsportal.com/football/h2h/bournemouth-OtpNdwrc/everton-KluSTr9s/#x6HuiG3U,2024-08-31 14:00,Everton,Bournemouth,2,3,1.626,2.204,1.67,2.3,5
2024-2025,https://www.oddsportal.com/football/h2h/bournemouth-OtpNdwrc/fulham-69ZiU2Om/#AB7LZ6Dr,2025-04-14 19:00,Bournemouth,Fulham,1,0,1.647,2.157,1.7,2.25,6
2024-2025,https://www.oddsportal.com/football/h2h/bournemouth-OtpNdwrc/fulham-69ZiU2Om/#vFRCbpa3,2024-12-29 16:00,Fulham,Bournemouth,2,2,1.61,2.232,1.66,2.3,6
2024-2025,https://www.oddsportal.com/football/h2h/bournemouth-OtpNdwrc/ipswich-thqhB2MB/#6Dg5Psv0,2025-04-02 18:45,Bournemouth,Ipswich,1,2,1.882,1.882,1.91,1.93,6
2024-2025,https://www.oddsportal.com/football/h2h/bournemouth-OtpNdwrc/ipswich-thqhB2MB/#MsVZ2pYb,2024-12-08 15:00,Ipswich,Bournemouth,1,2,1.587,2.285,1.62,2.4,6
2024-2025,https://www.oddsportal.com/football/h2h/bournemouth-OtpNdwrc/leicester-KrrdAMyI/#44RKa9ke,2025-05-25 15:00,Bournemouth,Leicester,2,0,1.717,2.028,1.75,2.1,6
2024-2025,https://www.oddsportal.com/football/h2h/bournemouth-OtpNdwrc/leicester-KrrdAMyI/#YXAOeg7k,2024-10-05 14:00,Leicester,Bournemouth,1,0,1.548,2.354,1.57,2.42,5
2024-2025,https://www.oddsportal.com/football/h2h/bournemouth-OtpNdwrc/liverpool-lId4TMwf/#dQG3srVs,2024-09-21 14:00,Liverpool,Bournemouth,3,0,1.626,2.214,1.66,2.25,5
2024-2025,https://www.oddsportal.com/football/h2h/bournemouth-OtpNdwrc/liverpool-lId4TMwf/#z1BLcJWa,2025-02-01 16:00,Bournemouth,Liverpool,0,2,1.462,2.597,1.5,2.68,6
2024-2025,https://www.oddsportal.com/football/h2h/bournemouth-OtpNdwrc/manchester-city-Wtn9Stg0/#MqhPmaA4,2024-11-02 16:00,Bournemouth,Manchester City,2,1,1.603,2.232,1.64,2.3,6
2024-2025,https://www.oddsportal.com/football/h2h/bournemouth-OtpNdwrc/manchester-city-Wtn9Stg0/#Wh8WLa6c,2025-05-20 19:00,Manchester City,Bournemouth,3,1,1.758,1.983,1.8,2.1,6
2024-2025,https://www.oddsportal.com/football/h2h/bournemouth-OtpNdwrc/manchester-united-ppjDR086/#KCqfHeA6,2024-12-22 15:00,Manchester Utd,Bournemouth,0,3,1.61,2.223,1.66,2.3,6
2024-2025,https://www.oddsportal.com/football/h2h/bournemouth-OtpNdwrc/manchester-united-ppjDR086/#tWk3BiWG,2025-04-27 13:00,Bournemouth,Manchester Utd,1,1,1.603,2.24,1.64,2.3,6
2024-2025,https://www.oddsportal.com/football/h2h/bournemouth-OtpNdwrc/newcastle-utd-p6ahwuwJ/#6RCbX36s,2024-08-25 13:00,Bournemouth,Newcastle,1,1,1.468,2.592,1.5,2.65,5
2024-2025,https://www.oddsportal.com/football/h2h/bournemouth-OtpNdwrc/newcastle-utd-p6ahwuwJ/#WjLTUTdd,2025-01-18 13:30,Newcastle,Bournemouth,1,4,1.525,2.407,1.56,2.5,6
2024-2025,https://www.oddsportal.com/football/h2h/bournemouth-OtpNdwrc/nottingham-UsushcZr/#beYeY23l,2025-01-25 16:00,Bournemouth,Nottingham,5,0,1.63,2.177,1.7,2.2,6
2024-2025,https://www.oddsportal.com/football/h2h/bournemouth-OtpNdwrc/nottingham-UsushcZr/#tIUiyD7F,2024-08-17 14:00,Nottingham,Bournemouth,1,1,1.654,2.138,1.7,2.2,5
2024-2025,https://www.oddsportal.com/football/h2h/bournemouth-OtpNdwrc/southampton-WdKOwxDM/#KQ2pRs2b,2024-09-30 19:00,Bournemouth,Southampton,3,1,1.656,2.162,1.7,2.3,5
2024-2025,https://www.oddsportal.com/football/h2h/bournemouth-OtpNdwrc/southampton-WdKOwxDM/#MXJaFrb2,2025-02-15 16:00,Southampton,Bournemouth,1,3,1.578,2.295,1.62,2.45,6
2024-2025,https://www.oddsportal.com/football/h2h/bournemouth-OtpNdwrc/tottenham-UDg08Ohm/#0WxBsw6L,2024-12-05 21:15,Bournemouth,Tottenham,1,0,1.392,2.837,1.41,2.95,6
2024-2025,https://www.oddsportal.com/football/h2h/bournemouth-OtpNdwrc/tottenham-UDg08Ohm/#IJyLdh4d,2025-03-09 15:00,Tottenham,Bournemouth,2,2,1.395,2.832,1.42,2.95,6
2024-2025,https://www.oddsportal.com/football/h2h/bournemouth-OtpNdwrc/west-ham-Cxq57r8g/#jRQluTkL,2025-04-05 14:00,West Ham,Bournemouth,2,2,1.637,2.178,1.67,2.3,6
2024-2025,https://www.oddsportal.com/football/h2h/bournemouth-OtpNdwrc/west-ham-Cxq57r8g/#pvoFaWr4,2024-12-16 21:00,Bournemouth,West Ham,1,1,1.503,2.462,1.53,2.55,6
2024-2025,https://www.oddsportal.com/football/h2h/bournemouth-OtpNdwrc/wolves-j3Azpf5d/#SIv3qay9,2024-11-30 16:00,Wolves,Bournemouth,2,4,1.563,2.31,1.6,2.4,6
2024-2025,https://www.oddsportal.com/football/h2h/bournemouth-OtpNdwrc/wolves-j3Azpf5d/#fsjHFC9r,2025-02-22 16:00,Bournemouth,Wolves,0,1,1.687,2.085,1.75,2.2,6
2024-2025,https://www.oddsportal.com/football/h2h/brentford-xYe7DwID/brighton-2XrRecc3/#6ubhc1B6,2025-04-19 14:00,Brentford,Brighton,4,2,1.487,2.525,1.5,2.6,6
2024-2025,https://www.oddsportal.com/football/h2h/brentford-xYe7DwID/brighton-2XrRecc3/#nm3yUYgC,2024-12-27 20:30,Brighton,Brentford,0,0,1.485,2.528,1.55,2.65,6
2024-2025,https://www.oddsportal.com/football/h2h/brentford-xYe7DwID/chelsea-4fGZN2oK/#b5T1jS5j,2024-12-15 20:00,Chelsea,Brentford,2,1,1.525,2.412,1.55,2.52,6
2024-2025,https://www.oddsportal.com/football/h2h/brentford-xYe7DwID/chelsea-4fGZN2oK/#bDsnPGaN,2025-04-06 13:00,Brentford,Chelsea,0,0,1.512,2.445,1.54,2.55,6
2024-2025,https://www.oddsportal.com/football/h2h/brentford-xYe7DwID/crystal-palace-AovF1Mia/#8WpYGrM0,2024-08-18 13:00,Brentford,Crystal Palace,2,1,1.714,2.06,1.75,2.1,5
2024-2025,https://www.oddsportal.com/football/h2h/brentford-xYe7DwID/crystal-palace-AovF1Mia/#YXCbhOfK,2025-01-26 15:00,Crystal Palace,Brentford,1,2,1.51,2.447,1.54,2.5,6
2024-2025,https://www.oddsportal.com/football/h2h/brentford-xYe7DwID/everton-KluSTr9s/#IcrtuTxf,2025-02-26 20:30,Brentford,Everton,1,1,1.637,2.175,1.67,2.3,6
2024-2025,https://www.oddsportal.com/football/h2h/brentford-xYe7DwID/everton-KluSTr9s/#v3JHq2Wp,2024-11-23 16:00,Everton,Brentford,0,0,1.638,2.163,1.68,2.2,6
2024-2025,https://www.oddsportal.com/football/h2h/brentford-xYe7DwID/fulham-69ZiU2Om/#2ai3oJUp,2025-05-18 14:00,Brentford,Fulham,2,3,1.547,2.352,1.57,2.45,6
2024-2025,https://www.oddsportal.com/football/h2h/brentford-xYe7DwID/fulham-69ZiU2Om/#ratYowuH,2024-11-04 21:00,Fulham,Brentford,2,1,1.598,2.262,1.62,2.4,6
2024-2025,https://www.oddsportal.com/football/h2h/brentford-xYe7DwID/ipswich-thqhB2MB/#Y9pOP28O,2025-05-10 14:00,Ipswich,Brentford,0,1,1.52,2.422,1.54,2.5,6
2024-2025,https://www.oddsportal.com/football/h2h/brentford-xYe7DwID/ipswich-thqhB2MB/#rPPOK0tI,2024-10-26 14:00,Brentford,Ipswich,4,3,1.683,2.092,1.74,2.2,6
2024-2025,https://www.oddsportal.com/football/h2h/brentford-xYe7DwID/leicester-KrrdAMyI/#SrOgIMxA,2024-11-30 16:00,Brentford,Leicester,4,1,1.627,2.193,1.67,2.26,6
2024-2025,https://www.oddsportal.com/football/h2h/brentford-xYe7DwID/leicester-KrrdAMyI/#xQ77QTN0,2025-02-21 21:00,Leicester,Brentford,0,4,1.508,2.453,1.54,2.55,6
2024-2025,https://www.oddsportal.com/football/h2h/brentford-xYe7DwID/liverpool-lId4TMwf/#0ngNNCkT,2025-01-18 16:00,Brentford,Liverpool,0,2,1.45,2.633,1.47,2.72,6
2024-2025,https://www.oddsportal.com/football/h2h/brentford-xYe7DwID/liverpool-lId4TMwf/#GdWtpsjm,2024-08-25 15:30,Liverpool,Brentford,2,0,1.706,2.072,1.73,2.14,5
2024-2025,https://www.oddsportal.com/football/h2h/brentford-xYe7DwID/manchester-city-Wtn9Stg0/#tzSnG5Wr,2024-09-14 14:00,Manchester City,Brentford,2,1,1.93,1.818,1.96,1.85,5
2024-2025,https://www.oddsportal.com/football/h2h/brentford-xYe7DwID/manchester-city-Wtn9Stg0/#xW0bbdMH,2025-01-14 20:30,Brentford,Manchester City,2,2,1.475,2.565,1.5,2.65,6
2024-2025,https://www.oddsportal.com/football/h2h/brentford-xYe7DwID/manchester-united-ppjDR086/#KKqaTPi2,2025-05-04 13:00,Brentford,Manchester Utd,4,3,1.55,2.342,1.58,2.45,6
2024-2025,https://www.oddsportal.com/football/h2h/brentford-xYe7DwID/manchester-united-ppjDR086/#UiYgHRZP,2024-10-19 14:00,Manchester Utd,Brentford,2,1,1.512,2.442,1.54,2.55,6
2024-2025,https://www.oddsportal.com/football/h2h/brentford-xYe7DwID/newcastle-utd-p6ahwuwJ/#2T43YxNU,2025-04-02 18:45,Newcastle,Brentford,2,1,1.553,2.337,1.57,2.45,6
2024-2025,https://www.oddsportal.com/football/h2h/brentford-xYe7DwID/newcastle-utd-p6ahwuwJ/#Imm8loJ5,2024-12-07 16:00,Brentford,Newcastle,4,2,1.473,2.57,1.5,2.65,6
2024-2025,https://www.oddsportal.com/football/h2h/brentford-xYe7DwID/nottingham-UsushcZr/#YmgPGn8d,2025-05-01 18:30,Nottingham,Brentford,0,2,1.557,2.327,1.6,2.45,6
2024-2025,https://www.oddsportal.com/football/h2h/brentford-xYe7DwID/nottingham-UsushcZr/#jJC46vdl,2024-12-21 16:00,Brentford,Nottingham,0,2,1.482,2.538,1.5,2.58,6
2024-2025,https://www.oddsportal.com/football/h2h/brentford-xYe7DwID/southampton-WdKOwxDM/#8QPOfb45,2024-08-31 14:00,Brentford,Southampton,3,1,1.708,2.076,1.74,2.15,5
2024-2025,https://www.oddsportal.com/football/h2h/brentford-xYe7DwID/southampton-WdKOwxDM/#EVEHEdk1,2025-01-04 16:00,Southampton,Brentford,0,5,1.563,2.315,1.6,2.45,6
2024-2025,https://www.oddsportal.com/football/h2h/brentford-xYe7DwID/tottenham-UDg08Ohm/#ERvUgyWO,2025-02-02 15:00,Brentford,Tottenham,0,2,1.275,3.517,1.3,3.7,6
2024-2025,https://www.oddsportal.com/football/h2h/brentford-xYe7DwID/tottenham-UDg08Ohm/#W2BSyvaJ,2024-09-21 14:00,Tottenham,Brentford,3,1,1.53,2.43,1.55,2.5,5
2024-2025,https://www.oddsportal.com/football/h2h/brentford-xYe7DwID/west-ham-Cxq57r8g/#CMnhLYoL,2025-02-15 16:00,West Ham,Brentford,0,1,1.475,2.565,1.5,2.65,6
2024-2025,https://www.oddsportal.com/football/h2h/brentford-xYe7DwID/west-ham-Cxq57r8g/#l6f1Na1N,2024-09-28 14:00,Brentford,West Ham,1,1,1.518,2.446,1.54,2.5,5
2024-2025,https://www.oddsportal.com/football/h2h/brentford-xYe7DwID/wolves-j3Azpf5d/#4vrUQolf,2025-05-25 15:00,Wolves,Brentford,1,1,1.417,2.712,1.44,2.85,6
2024-2025,https://www.oddsportal.com/football/h2h/brentford-xYe7DwID/wolves-j3Azpf5d/#bFdtqGNq,2024-10-05 14:00,Brentford,Wolves,5,3,1.622,2.214,1.66,2.25,5
2024-2025,https://www.oddsportal.com/football/h2h/brighton-2XrRecc3/chelsea-4fGZN2oK/#WQcQHwPp,2024-09-28 14:00,Chelsea,Brighton,4,2,1.464,2.598,1.49,2.65,5
2024-2025,https://www.oddsportal.com/football/h2h/brighton-2XrRecc3/chelsea-4fGZN2oK/#hvmA4Rqp,2025-02-14 21:00,Brighton,Chelsea,3,0,1.48,2.548,1.5,2.62,6
2024-2025,https://www.oddsportal.com/football/h2h/brighton-2XrRecc3/crystal-palace-AovF1Mia/#IcOIJfNp,2025-04-05 14:00,Crystal Palace,Brighton,2,1,1.638,2.177,1.7,2.3,6
2024-2025,https://www.oddsportal.com/football/h2h/brighton-2XrRecc3/crystal-palace-AovF1Mia/#vLnVelrT,2024-12-15 15:00,Brighton,Crystal Palace,1,3,1.665,2.115,1.72,2.2,6
2024-2025,https://www.oddsportal.com/football/h2h/brighton-2XrRecc3/everton-KluSTr9s/#SzQCUK2D,2025-01-25 16:00,Brighton,Everton,0,1,1.91,1.833,1.98,1.93,6
2024-2025,https://www.oddsportal.com/football/h2h/brighton-2XrRecc3/everton-KluSTr9s/#hdlcFVpd,2024-08-17 14:00,Everton,Brighton,0,3,1.656,2.146,1.7,2.2,5
2024-2025,https://www.oddsportal.com/football/h2h/brighton-2XrRecc3/fulham-69ZiU2Om/#fgbpdxLE,2024-12-05 20:30,Fulham,Brighton,3,1,1.547,2.363,1.57,2.46,6
2024-2025,https://www.oddsportal.com/football/h2h/brighton-2XrRecc3/fulham-69ZiU2Om/#nHM7kycT,2025-03-08 16:00,Brighton,Fulham,2,1,1.665,2.12,1.72,2.2,6
2024-2025,https://www.oddsportal.com/football/h2h/brighton-2XrRecc3/ipswich-thqhB2MB/#2TvL16Hk,2024-09-14 14:00,Brighton,Ipswich,0,0,1.73,2.04,1.75,2.1,5
2024-2025,https://www.oddsportal.com/football/h2h/brighton-2XrRecc3/ipswich-thqhB2MB/#OMZGGwxn,2025-01-16 20:30,Ipswich,Brighton,0,2,1.63,2.183,1.68,2.3,6
2024-2025,https://www.oddsportal.com/football/h2h/brighton-2XrRecc3/leicester-KrrdAMyI/#U7Ys1O2B,2024-12-08 15:00,Leicester,Brighton,2,2,1.56,2.322,1.6,2.45,6
2024-2025,https://www.oddsportal.com/football/h2h/brighton-2XrRecc3/leicester-KrrdAMyI/#viaxWOC7,2025-04-12 14:00,Brighton,Leicester,2,2,1.932,1.817,2.0,1.93,6
2024-2025,https://www.oddsportal.com/football/h2h/brighton-2XrRecc3/liverpool-lId4TMwf/#fgvk9MMi,2025-05-19 19:00,Brighton,Liverpool,3,2,1.407,2.787,1.44,2.92,6
2024-2025,https://www.oddsportal.com/football/h2h/brighton-2XrRecc3/liverpool-lId4TMwf/#rc1ER8g2,2024-11-02 16:00,Liverpool,Brighton,2,1,1.595,2.265,1.62,2.35,6
2024-2025,https://www.oddsportal.com/football/h2h/brighton-2XrRecc3/manchester-city-Wtn9Stg0/#0zXw9MgJ,2025-03-15 16:00,Manchester City,Brighton,2,2,1.468,2.573,1.5,2.7,6
2024-2025,https://www.oddsportal.com/football/h2h/brighton-2XrRecc3/manchester-city-Wtn9Stg0/#6HqKvGll,2024-11-09 18:30,Brighton,Manchester City,2,1,1.442,2.65,1.47,2.75,6
2024-2025,https://www.oddsportal.com/football/h2h/brighton-2XrRecc3/manchester-united-ppjDR086/#8j9FTL56,2024-08-24 11:30,Brighton,Manchester Utd,2,1,1.45,2.656,1.5,2.78,5
2024-2025,https://www.oddsportal.com/football/h2h/brighton-2XrRecc3/manchester-united-ppjDR086/#OQHLWkSq,2025-01-19 15:00,Manchester Utd,Brighton,1,3,1.607,2.237,1.66,2.3,6
2024-2025,https://www.oddsportal.com/football/h2h/brighton-2XrRecc3/newcastle-utd-p6ahwuwJ/#n9EQB5cm,2024-10-19 14:00,Newcastle,Brighton,0,1,1.508,2.453,1.53,2.55,6
2024-2025,https://www.oddsportal.com/football/h2h/brighton-2XrRecc3/newcastle-utd-p6ahwuwJ/#nRyoiTq9,2025-05-04 13:00,Brighton,Newcastle,1,1,1.475,2.562,1.5,2.65,6
2024-2025,https://www.oddsportal.com/football/h2h/brighton-2XrRecc3/nottingham-UsushcZr/#GhtVSrGl,2024-09-22 13:00,Brighton,Nottingham,2,2,1.716,2.062,1.76,2.15,5
2024-2025,https://www.oddsportal.com/football/h2h/brighton-2XrRecc3/nottingham-UsushcZr/#v9YLQH0n,2025-02-01 13:30,Nottingham,Brighton,7,0,1.627,2.183,1.68,2.2,6
2024-2025,https://www.oddsportal.com/football/h2h/brighton-2XrRecc3/southampton-WdKOwxDM/#MVlXtk8s,2025-02-22 16:00,Southampton,Brighton,0,4,1.595,2.27,1.62,2.4,6
2024-2025,https://www.oddsportal.com/football/h2h/brighton-2XrRecc3/southampton-WdKOwxDM/#lbC2G07M,2024-11-29 21:00,Brighton,Southampton,1,1,1.552,2.342,1.58,2.45,6
2024-2025,https://www.oddsportal.com/football/h2h/brighton-2XrRecc3/tottenham-UDg08Ohm/#OUZLS7Js,2025-05-25 15:00,Tottenham,Brighton,1,4,1.423,2.675,1.45,2.78,6
2024-2025,https://www.oddsportal.com/football/h2h/brighton-2XrRecc3/tottenham-UDg08Ohm/#fsjksfhd,2024-10-06 15:30,Brighton,Tottenham,3,2,1.352,3.04,1.36,3.15,5
2024-2025,https://www.oddsportal.com/football/h2h/brighton-2XrRecc3/west-ham-Cxq57r8g/#8YPlwwXP,2024-12-21 16:00,West Ham,Brighton,1,1,1.418,2.74,1.44,2.84,6
2024-2025,https://www.oddsportal.com/football/h2h/brighton-2XrRecc3/west-ham-Cxq57r8g/#nXUs49Oj,2025-04-26 14:00,Brighton,West Ham,3,2,1.652,2.152,1.7,2.3,6
2024-2025,https://www.oddsportal.com/football/h2h/brighton-2XrRecc3/wolves-j3Azpf5d/#G2JFfN7b,2025-05-10 14:00,Wolves,Brighton,0,2,1.728,2.037,1.78,2.1,6
2024-2025,https://www.oddsportal.com/football/h2h/brighton-2XrRecc3/wolves-j3Azpf5d/#viJXIvBU,2024-10-26 14:00,Brighton,Wolves,2,2,1.662,2.125,1.7,2.2,6
2024-2025,https://www.oddsportal.com/football/h2h/chelsea-4fGZN2oK/crystal-palace-AovF1Mia/#tvOWhxZH,2024-09-01 12:30,Chelsea,Crystal Palace,1,1,1.55,2.364,1.6,2.5,5
2024-2025,https://www.oddsportal.com/football/h2h/chelsea-4fGZN2oK/crystal-palace-AovF1Mia/#zPRk0cz8,2025-01-04 16:00,Crystal Palace,Chelsea,1,1,1.463,2.6,1.5,2.75,6
2024-2025,https://www.oddsportal.com/football/h2h/chelsea-4fGZN2oK/everton-KluSTr9s/#Kb4L2deD,2024-12-22 15:00,Everton,Chelsea,0,0,1.628,2.193,1.67,2.3,6
2024-2025,https://www.oddsportal.com/football/h2h/chelsea-4fGZN2oK/everton-KluSTr9s/#vRHTRCGc,2025-04-26 11:30,Chelsea,Everton,1,0,1.805,1.937,1.86,2.0,6
2024-2025,https://www.oddsportal.com/football/h2h/chelsea-4fGZN2oK/fulham-69ZiU2Om/#rFdpSCOO,2024-12-26 16:00,Chelsea,Fulham,1,2,1.615,2.222,1.64,2.3,6
2024-2025,https://www.oddsportal.com/football/h2h/chelsea-4fGZN2oK/fulham-69ZiU2Om/#xMsCDMem,2025-04-20 13:00,Fulham,Chelsea,1,2,1.603,2.242,1.62,2.3,6
2024-2025,https://www.oddsportal.com/football/h2h/chelsea-4fGZN2oK/ipswich-thqhB2MB/#Wb1NgS4E,2025-04-13 13:00,Chelsea,Ipswich,2,2,2.032,1.735,2.1,1.83,6
2024-2025,https://www.oddsportal.com/football/h2h/chelsea-4fGZN2oK/ipswich-thqhB2MB/#zsLLdOTF,2024-12-30 20:45,Ipswich,Chelsea,2,0,1.653,2.125,1.72,2.2,6
2024-2025,https://www.oddsportal.com/football/h2h/chelsea-4fGZN2oK/leicester-KrrdAMyI/#EubK3NNG,2024-11-23 13:30,Leicester,Chelsea,1,2,1.697,2.072,1.76,2.15,6
2024-2025,https://www.oddsportal.com/football/h2h/chelsea-4fGZN2oK/leicester-KrrdAMyI/#jqIwpFKj,2025-03-09 15:00,Chelsea,Leicester,1,0,1.908,1.832,1.98,1.93,6
2024-2025,https://www.oddsportal.com/football/h2h/chelsea-4fGZN2oK/liverpool-lId4TMwf/#2ot8gOsJ,2024-10-20 15:30,Liverpool,Chelsea,2,1,1.425,2.717,1.45,2.9,6
2024-2025,https://www.oddsportal.com/football/h2h/chelsea-4fGZN2oK/liverpool-lId4TMwf/#tQUgk7EL,2025-05-04 15:30,Chelsea,Liverpool,3,1,1.423,2.722,1.44,2.86,6
2024-2025,https://www.oddsportal.com/football/h2h/chelsea-4fGZN2oK/manchester-city-Wtn9Stg0/#MconqKH6,2025-01-25 18:30,Manchester City,Chelsea,3,1,1.378,2.878,1.4,3.05,6
2024-2025,https://www.oddsportal.com/football/h2h/chelsea-4fGZN2oK/manchester-city-Wtn9Stg0/#fmqtFMjD,2024-08-18 15:30,Chelsea,Manchester City,0,2,1.506,2.48,1.53,2.55,5
2024-2025,https://www.oddsportal.com/football/h2h/chelsea-4fGZN2oK/manchester-united-ppjDR086/#jLXc70i4,2025-05-16 19:15,Chelsea,Manchester Utd,1,0,1.603,2.245,1.62,2.3,6
2024-2025,https://www.oddsportal.com/football/h2h/chelsea-4fGZN2oK/manchester-united-ppjDR086/#zil0kCo9,2024-11-03 17:30,Manchester Utd,Chelsea,1,1,1.388,2.843,1.4,2.96,6
2024-2025,https://www.oddsportal.com/football/h2h/chelsea-4fGZN2oK/newcastle-utd-p6ahwuwJ/#EcDtwrdn,2024-10-27 15:00,Chelsea,Newcastle,2,1,1.475,2.552,1.5,2.66,6
2024-2025,https://www.oddsportal.com/football/h2h/chelsea-4fGZN2oK/newcastle-utd-p6ahwuwJ/#xdWmtOh5,2025-05-11 11:00,Newcastle,Chelsea,2,0,1.462,2.597,1.5,2.68,6
2024-2025,https://www.oddsportal.com/football/h2h/chelsea-4fGZN2oK/nottingham-UsushcZr/#Cj63AQ3D,2025-05-25 15:00,Nottingham,Chelsea,0,1,1.573,2.282,1.62,2.4,6
2024-2025,https://www.oddsportal.com/football/h2h/chelsea-4fGZN2oK/nottingham-UsushcZr/#nywy5cp3,2024-10-06 13:00,Chelsea,Nottingham,1,1,1.698,2.078,1.72,2.12,5
2024-2025,https://www.oddsportal.com/football/h2h/chelsea-4fGZN2oK/southampton-WdKOwxDM/#EejihTJt,2024-12-04 20:30,Southampton,Chelsea,1,5,1.608,2.225,1.63,2.3,6
2024-2025,https://www.oddsportal.com/football/h2h/chelsea-4fGZN2oK/southampton-WdKOwxDM/#WSM3Xyyo,2025-02-25 21:15,Chelsea,Southampton,4,0,1.81,1.927,1.86,1.95,6
2024-2025,https://www.oddsportal.com/football/h2h/chelsea-4fGZN2oK/tottenham-UDg08Ohm/#KxDMgteo,2024-12-08 17:30,Tottenham,Chelsea,3,4,1.305,3.325,1.33,3.45,6
2024-2025,https://www.oddsportal.com/football/h2h/chelsea-4fGZN2oK/tottenham-UDg08Ohm/#YmDnxLN5,2025-04-03 19:00,Chelsea,Tottenham,1,0,1.48,2.548,1.5,2.62,6
2024-2025,https://www.oddsportal.com/football/h2h/chelsea-4fGZN2oK/west-ham-Cxq57r8g/#4jKwEvHt,2025-02-03 21:00,Chelsea,West Ham,2,1,1.625,2.178,1.67,2.25,6
2024-2025,https://www.oddsportal.com/football/h2h/chelsea-4fGZN2oK/west-ham-Cxq57r8g/#C0axT3Xo,2024-09-21 11:30,West Ham,Chelsea,0,3,1.458,2.646,1.5,2.75,5
2024-2025,https://www.oddsportal.com/football/h2h/chelsea-4fGZN2oK/wolves-j3Azpf5d/#61T7bt5t,2024-08-25 13:00,Wolves,Chelsea,2,6,1.552,2.36,1.58,2.45,5
2024-2025,https://www.oddsportal.com/football/h2h/chelsea-4fGZN2oK/wolves-j3Azpf5d/#KWZgIjDj,2025-01-20 21:00,Chelsea,Wolves,3,1,1.547,2.353,1.57,2.45,6
2024-2025,https://www.oddsportal.com/football/h2h/crystal-palace-AovF1Mia/everton-KluSTr9s/#bXkCusHi,2024-09-28 14:00,Everton,Crystal Palace,2,1,1.67,2.128,1.7,2.15,5
2024-2025,https://www.oddsportal.com/football/h2h/crystal-palace-AovF1Mia/everton-KluSTr9s/#l6tJ25Ed,2025-02-15 18:30,Crystal Palace,Everton,1,2,2.115,1.67,2.24,1.73,6
2024-2025,https://www.oddsportal.com/football/h2h/crystal-palace-AovF1Mia/fulham-69ZiU2Om/#YTzyyYmD,2024-11-09 16:00,Crystal Palace,Fulham,0,2,1.775,1.977,1.84,2.05,6
2024-2025,https://www.oddsportal.com/football/h2h/crystal-palace-AovF1Mia/fulham-69ZiU2Om/#pSSSXBVQ,2025-02-22 16:00,Fulham,Crystal Palace,0,2,1.733,2.032,1.78,2.1,6
2024-2025,https://www.oddsportal.com/football/h2h/crystal-palace-AovF1Mia/ipswich-thqhB2MB/#lfGIwU4m,2024-12-03 20:30,Ipswich,Crystal Palace,0,1,1.733,2.025,1.8,2.1,6
2024-2025,https://www.oddsportal.com/football/h2h/crystal-palace-AovF1Mia/ipswich-thqhB2MB/#rw5P7ICc,2025-03-08 16:00,Crystal Palace,Ipswich,1,0,1.88,1.858,1.95,1.95,6
2024-2025,https://www.oddsportal.com/football/h2h/crystal-palace-AovF1Mia/leicester-KrrdAMyI/#beYTapn2,2024-09-14 14:00,Crystal Palace,Leicester,2,2,1.796,1.958,1.84,2.0,5
2024-2025,https://www.oddsportal.com/football/h2h/crystal-palace-AovF1Mia/leicester-KrrdAMyI/#pxOPEH6b,2025-01-15 20:30,Leicester,Crystal Palace,0,2,1.688,2.092,1.76,2.15,6
2024-2025,https://www.oddsportal.com/football/h2h/crystal-palace-AovF1Mia/liverpool-lId4TMwf/#lh1OJUtR,2025-05-25 15:00,Liverpool,Crystal Palace,1,1,1.508,2.425,1.55,2.5,6
2024-2025,https://www.oddsportal.com/football/h2h/crystal-palace-AovF1Mia/liverpool-lId4TMwf/#r3Wq3yFF,2024-10-05 11:30,Crystal Palace,Liverpool,0,1,1.644,2.178,1.67,2.24,5
2024-2025,https://www.oddsportal.com/football/h2h/crystal-palace-AovF1Mia/manchester-city-Wtn9Stg0/#Odt2npcl,2025-04-12 11:30,Manchester City,Crystal Palace,5,2,1.647,2.143,1.7,2.2,6
2024-2025,https://www.oddsportal.com/football/h2h/crystal-palace-AovF1Mia/manchester-city-Wtn9Stg0/#j1oGnPmI,2024-12-07 16:00,Crystal Palace,Manchester City,2,2,1.6,2.258,1.63,2.4,6
2024-2025,https://www.oddsportal.com/football/h2h/crystal-palace-AovF1Mia/manchester-united-ppjDR086/#OIqwRMp1,2024-09-21 16:30,Crystal Palace,Manchester Utd,0,0,1.534,2.41,1.56,2.45,5
2024-2025,https://www.oddsportal.com/football/h2h/crystal-palace-AovF1Mia/manchester-united-ppjDR086/#SU438zoI,2025-02-02 15:00,Manchester Utd,Crystal Palace,0,2,1.775,1.973,1.84,2.05,6
2024-2025,https://www.oddsportal.com/football/h2h/crystal-palace-AovF1Mia/newcastle-utd-p6ahwuwJ/#G8ds9Iad,2024-11-30 16:00,Crystal Palace,Newcastle,1,1,1.665,2.115,1.7,2.2,6
2024-2025,https://www.oddsportal.com/football/h2h/crystal-palace-AovF1Mia/newcastle-utd-p6ahwuwJ/#tW9QWPoQ,2025-04-16 18:30,Newcastle,Crystal Palace,5,0,1.647,2.148,1.7,2.2,6
2024-2025,https://www.oddsportal.com/football/h2h/crystal-palace-AovF1Mia/nottingham-UsushcZr/#KMCY9qSa,2024-10-21 19:00,Nottingham,Crystal Palace,1,0,1.94,1.808,2.02,1.88,6
2024-2025,https://www.oddsportal.com/football/h2h/crystal-palace-AovF1Mia/nottingham-UsushcZr/#xdGPqoxq,2025-05-05 19:00,Crystal Palace,Nottingham,1,1,1.722,2.043,1.76,2.1,6
2024-2025,https://www.oddsportal.com/football/h2h/crystal-palace-AovF1Mia/southampton-WdKOwxDM/#hMoIx3xp,2024-12-29 16:00,Crystal Palace,Southampton,2,1,1.785,1.965,1.86,2.05,6
2024-2025,https://www.oddsportal.com/football/h2h/crystal-palace-AovF1Mia/southampton-WdKOwxDM/#xQXNUKVo,2025-04-02 18:45,Southampton,Crystal Palace,1,1,1.78,1.968,1.86,2.1,6
2024-2025,https://www.oddsportal.com/football/h2h/crystal-palace-AovF1Mia/tottenham-UDg08Ohm/#8xG7dqwn,2025-05-11 13:15,Tottenham,Crystal Palace,0,2,1.547,2.345,1.57,2.42,6
2024-2025,https://www.oddsportal.com/football/h2h/crystal-palace-AovF1Mia/tottenham-UDg08Ohm/#zD1kyMQb,2024-10-27 15:00,Crystal Palace,Tottenham,1,0,1.472,2.548,1.52,2.65,6
2024-2025,https://www.oddsportal.com/football/h2h/crystal-palace-AovF1Mia/west-ham-Cxq57r8g/#4fGNjBJF,2025-01-18 16:00,West Ham,Crystal Palace,0,2,1.75,2.01,1.8,2.1,6
2024-2025,https://www.oddsportal.com/football/h2h/crystal-palace-AovF1Mia/west-ham-Cxq57r8g/#U5cORazJ,2024-08-24 14:00,Crystal Palace,West Ham,0,2,1.56,2.332,1.58,2.45,5
2024-2025,https://www.oddsportal.com/football/h2h/crystal-palace-AovF1Mia/wolves-j3Azpf5d/#EJ4unbdE,2024-11-02 18:30,Wolves,Crystal Palace,2,2,1.707,2.062,1.75,2.1,6
2024-2025,https://www.oddsportal.com/football/h2h/crystal-palace-AovF1Mia/wolves-j3Azpf5d/#boy65vMG,2025-05-20 19:00,Crystal Palace,Wolves,4,2,1.675,2.097,1.75,2.2,6
2024-2025,https://www.oddsportal.com/football/h2h/everton-KluSTr9s/fulham-69ZiU2Om/#rw5cZaeB,2024-10-26 16:30,Everton,Fulham,1,1,1.607,2.24,1.66,2.3,6
2024-2025,https://www.oddsportal.com/football/h2h/everton-KluSTr9s/fulham-69ZiU2Om/#xriFROwC,2025-05-10 14:00,Fulham,Everton,1,3,1.857,1.902,1.91,1.95,6
2024-2025,https://www.oddsportal.com/football/h2h/everton-KluSTr9s/ipswich-thqhB2MB/#YN9YsP6e,2025-05-03 14:00,Everton,Ipswich,2,2,1.787,1.963,1.84,2.05,6
2024-2025,https://www.oddsportal.com/football/h2h/everton-KluSTr9s/ipswich-thqhB2MB/#tWiaepD6,2024-10-19 14:00,Ipswich,Everton,0,2,1.645,2.148,1.72,2.2,6
2024-2025,https://www.oddsportal.com/football/h2h/everton-KluSTr9s/leicester-KrrdAMyI/#Q58nCIog,2025-02-01 16:00,Everton,Leicester,4,0,1.977,1.768,2.08,1.85,6
2024-2025,https://www.oddsportal.com/football/h2h/everton-KluSTr9s/leicester-KrrdAMyI/#xtzXn47K,2024-09-21 14:00,Leicester,Everton,1,1,1.612,2.244,1.66,2.3,5
2024-2025,https://www.oddsportal.com/football/h2h/everton-KluSTr9s/liverpool-lId4TMwf/#A31Hp3IU,2025-02-12 20:30,Everton,Liverpool,2,2,1.943,1.8,2.04,1.88,6
2024-2025,https://www.oddsportal.com/football/h2h/everton-KluSTr9s/liverpool-lId4TMwf/#UXkVSb0b,2025-04-02 19:00,Liverpool,Everton,1,0,1.933,1.812,1.98,1.88,6
2024-2025,https://www.oddsportal.com/football/h2h/everton-KluSTr9s/manchester-city-Wtn9Stg0/#hQP2pfvg,2024-12-26 13:30,Manchester City,Everton,1,1,1.793,1.943,1.86,2.0,6
2024-2025,https://www.oddsportal.com/football/h2h/everton-KluSTr9s/manchester-city-Wtn9Stg0/#hl6uJrYP,2025-04-19 14:00,Everton,Manchester City,0,2,1.698,2.075,1.74,2.15,6
2024-2025,https://www.oddsportal.com/football/h2h/everton-KluSTr9s/manchester-united-ppjDR086/#EFETUaMF,2024-12-01 14:30,Manchester Utd,Everton,4,0,1.78,1.973,1.86,2.05,6
2024-2025,https://www.oddsportal.com/football/h2h/everton-KluSTr9s/manchester-united-ppjDR086/#jTZJZX0E,2025-02-22 13:30,Everton,Manchester Utd,2,2,1.88,1.863,1.95,1.93,6
2024-2025,https://www.oddsportal.com/football/h2h/everton-KluSTr9s/newcastle-utd-p6ahwuwJ/#4Q2eCnZ0,2025-05-25 15:00,Newcastle,Everton,0,1,1.843,1.887,1.95,1.95,6
2024-2025,https://www.oddsportal.com/football/h2h/everton-KluSTr9s/newcastle-utd-p6ahwuwJ/#l0Zi1FqS,2024-10-05 16:30,Everton,Newcastle,0,0,1.554,2.346,1.58,2.45,5
2024-2025,https://www.oddsportal.com/football/h2h/everton-KluSTr9s/nottingham-UsushcZr/#QLxJr2dD,2025-04-12 14:00,Nottingham,Everton,0,1,1.973,1.78,2.06,1.85,6
2024-2025,https://www.oddsportal.com/football/h2h/everton-KluSTr9s/nottingham-UsushcZr/#nLvRzs7d,2024-12-29 16:00,Everton,Nottingham,0,2,1.927,1.808,2.0,1.85,6
2024-2025,https://www.oddsportal.com/football/h2h/everton-KluSTr9s/southampton-WdKOwxDM/#K0PE3IjT,2025-05-18 11:00,Everton,Southampton,2,0,1.937,1.805,2.0,1.88,6
2024-2025,https://www.oddsportal.com/football/h2h/everton-KluSTr9s/southampton-WdKOwxDM/#OGMmt88e,2024-11-02 16:00,Southampton,Everton,1,0,1.665,2.12,1.72,2.2,6
2024-2025,https://www.oddsportal.com/football/h2h/everton-KluSTr9s/tottenham-UDg08Ohm/#2m3cvwKO,2024-08-24 14:00,Tottenham,Everton,4,0,1.622,2.208,1.67,2.35,5
2024-2025,https://www.oddsportal.com/football/h2h/everton-KluSTr9s/tottenham-UDg08Ohm/#CQMutf5c,2025-01-19 15:00,Everton,Tottenham,3,2,1.64,2.163,1.68,2.3,6
2024-2025,https://www.oddsportal.com/football/h2h/everton-KluSTr9s/west-ham-Cxq57r8g/#K0RAmBXI,2024-11-09 16:00,West Ham,Everton,0,0,1.697,2.072,1.74,2.1,6
2024-2025,https://www.oddsportal.com/football/h2h/everton-KluSTr9s/west-ham-Cxq57r8g/#KrrkXYu9,2025-03-15 16:00,Everton,West Ham,1,1,1.97,1.775,2.04,1.85,6
2024-2025,https://www.oddsportal.com/football/h2h/everton-KluSTr9s/wolves-j3Azpf5d/#6uIFIZQF,2025-03-08 21:00,Wolves,Everton,1,1,2.022,1.737,2.1,1.83,6
2024-2025,https://www.oddsportal.com/football/h2h/everton-KluSTr9s/wolves-j3Azpf5d/#ldBbYYS7,2024-12-04 20:30,Everton,Wolves,4,0,1.778,1.977,1.84,2.05,6
2024-2025,https://www.oddsportal.com/football/h2h/fulham-69ZiU2Om/ipswich-thqhB2MB/#2VJyO0SE,2025-01-05 15:00,Fulham,Ipswich,2,2,1.847,1.913,1.91,2.0,6
2024-2025,https://www.oddsportal.com/football/h2h/fulham-69ZiU2Om/ipswich-thqhB2MB/#SUdkBJln,2024-08-31 14:00,Ipswich,Fulham,1,1,1.674,2.122,1.7,2.16,5
2024-2025,https://www.oddsportal.com/football/h2h/fulham-69ZiU2Om/leicester-KrrdAMyI/#dCkAk3SP,2024-08-24 14:00,Fulham,Leicester,2,1,1.736,2.032,1.78,2.1,5
2024-2025,https://www.oddsportal.com/football/h2h/fulham-69ZiU2Om/leicester-KrrdAMyI/#vgtkxC4M,2025-01-18 16:00,Leicester,Fulham,0,2,1.717,2.052,1.76,2.1,6
2024-2025,https://www.oddsportal.com/football/h2h/fulham-69ZiU2Om/liverpool-lId4TMwf/#UgR5uxp4,2025-04-06 13:00,Fulham,Liverpool,3,2,1.665,2.12,1.72,2.15,6
2024-2025,https://www.oddsportal.com/football/h2h/fulham-69ZiU2Om/liverpool-lId4TMwf/#jaGmEVcc,2024-12-14 16:00,Liverpool,Fulham,2,2,1.697,2.08,1.73,2.16,6
2024-2025,https://www.oddsportal.com/football/h2h/fulham-69ZiU2Om/manchester-city-Wtn9Stg0/#QJFTcmK7,2025-05-25 15:00,Fulham,Manchester City,0,2,1.63,2.163,1.67,2.25,6
2024-2025,https://www.oddsportal.com/football/h2h/fulham-69ZiU2Om/manchester-city-Wtn9Stg0/#tbEWgXy2,2024-10-05 14:00,Manchester City,Fulham,3,2,1.932,1.814,1.96,1.84,5
2024-2025,https://www.oddsportal.com/football/h2h/fulham-69ZiU2Om/manchester-united-ppjDR086/#Kl1AOZN9,2024-08-16 19:00,Manchester Utd,Fulham,1,0,1.606,2.242,1.64,2.26,5
2024-2025,https://www.oddsportal.com/football/h2h/fulham-69ZiU2Om/manchester-united-ppjDR086/#hIgVn2Is,2025-01-26 20:00,Fulham,Manchester Utd,0,1,1.647,2.16,1.7,2.3,6
2024-2025,https://www.oddsportal.com/football/h2h/fulham-69ZiU2Om/newcastle-utd-p6ahwuwJ/#0r3B6EFU,2025-02-01 16:00,Newcastle,Fulham,1,2,1.638,2.163,1.68,2.25,6
2024-2025,https://www.oddsportal.com/football/h2h/fulham-69ZiU2Om/newcastle-utd-p6ahwuwJ/#pYXoP0FD,2024-09-21 14:00,Fulham,Newcastle,3,1,1.522,2.438,1.56,2.5,5
2024-2025,https://www.oddsportal.com/football/h2h/fulham-69ZiU2Om/nottingham-UsushcZr/#4hy7UG8j,2024-09-28 14:00,Nottingham,Fulham,0,1,1.858,1.908,1.91,1.95,5
2024-2025,https://www.oddsportal.com/football/h2h/fulham-69ZiU2Om/nottingham-UsushcZr/#t0T4Q863,2025-02-15 16:00,Fulham,Nottingham,2,1,1.722,2.043,1.76,2.1,6
2024-2025,https://www.oddsportal.com/football/h2h/fulham-69ZiU2Om/southampton-WdKOwxDM/#ldyCvj03,2025-04-26 14:00,Southampton,Fulham,1,2,1.665,2.115,1.72,2.2,6
2024-2025,https://www.oddsportal.com/football/h2h/fulham-69ZiU2Om/southampton-WdKOwxDM/#n5d7QamK,2024-12-22 15:00,Fulham,Southampton,0,0,1.738,2.027,1.8,2.1,6
2024-2025,https://www.oddsportal.com/football/h2h/fulham-69ZiU2Om/tottenham-UDg08Ohm/#6Dg8NHEk,2024-12-01 14:30,Tottenham,Fulham,1,1,1.39,2.855,1.4,2.96,6
2024-2025,https://www.oddsportal.com/football/h2h/fulham-69ZiU2Om/tottenham-UDg08Ohm/#Eq0NEQPs,2025-03-16 14:30,Fulham,Tottenham,2,0,1.598,2.253,1.62,2.4,6
2024-2025,https://www.oddsportal.com/football/h2h/fulham-69ZiU2Om/west-ham-Cxq57r8g/#EVUuBZ5N,2025-01-14 20:30,West Ham,Fulham,3,2,1.673,2.1,1.72,2.15,6
2024-2025,https://www.oddsportal.com/football/h2h/fulham-69ZiU2Om/west-ham-Cxq57r8g/#jkLFNmv9,2024-09-14 14:00,Fulham,West Ham,1,1,1.612,2.246,1.64,2.3,5
2024-2025,https://www.oddsportal.com/football/h2h/fulham-69ZiU2Om/wolves-j3Azpf5d/#69B375Oi,2024-11-23 16:00,Fulham,Wolves,1,4,1.657,2.128,1.72,2.2,6
2024-2025,https://www.oddsportal.com/football/h2h/fulham-69ZiU2Om/wolves-j3Azpf5d/#vVsPvKrB,2025-02-25 20:30,Wolves,Fulham,1,2,1.8,1.945,1.86,2.0,6
2024-2025,https://www.oddsportal.com/football/h2h/ipswich-thqhB2MB/leicester-KrrdAMyI/#GpQqbdEj,2025-05-18 14:00,Leicester,Ipswich,2,0,1.545,2.347,1.58,2.5,6
2024-2025,https://www.oddsportal.com/football/h2h/ipswich-thqhB2MB/leicester-KrrdAMyI/#lb85TUOk,2024-11-02 16:00,Ipswich,Leicester,1,1,1.547,2.358,1.58,2.45,6
2024-2025,https://www.oddsportal.com/football/h2h/ipswich-thqhB2MB/liverpool-lId4TMwf/#QViwotmf,2025-01-25 16:00,Liverpool,Ipswich,4,1,2.053,1.708,2.1,1.78,6
2024-2025,https://www.oddsportal.com/football/h2h/ipswich-thqhB2MB/liverpool-lId4TMwf/#t4kJMDhM,2024-08-17 11:30,Ipswich,Liverpool,0,2,1.592,2.286,1.62,2.4,5
2024-2025,https://www.oddsportal.com/football/h2h/ipswich-thqhB2MB/manchester-city-Wtn9Stg0/#WSxsvYZ9,2025-01-19 17:30,Ipswich,Manchester City,0,6,1.713,2.048,1.78,2.1,6
2024-2025,https://www.oddsportal.com/football/h2h/ipswich-thqhB2MB/manchester-city-Wtn9Stg0/#lAUlrLKa,2024-08-24 14:00,Manchester City,Ipswich,4,1,2.27,1.592,2.42,1.68,5
2024-2025,https://www.oddsportal.com/football/h2h/ipswich-thqhB2MB/manchester-united-ppjDR086/#IyVjgJc4,2025-02-26 20:30,Manchester Utd,Ipswich,3,2,1.735,2.023,1.78,2.1,6
2024-2025,https://www.oddsportal.com/football/h2h/ipswich-thqhB2MB/manchester-united-ppjDR086/#SOaC5qg4,2024-11-24 17:30,Ipswich,Manchester Utd,1,1,1.632,2.178,1.67,2.3,6
2024-2025,https://www.oddsportal.com/football/h2h/ipswich-thqhB2MB/newcastle-utd-p6ahwuwJ/#QNkHI8wp,2025-04-26 14:00,Newcastle,Ipswich,3,0,1.907,1.853,1.98,1.91,6
2024-2025,https://www.oddsportal.com/football/h2h/ipswich-thqhB2MB/newcastle-utd-p6ahwuwJ/#jXiwLwBs,2024-12-21 16:00,Ipswich,Newcastle,0,4,1.577,2.29,1.6,2.4,6
2024-2025,https://www.oddsportal.com/football/h2h/ipswich-thqhB2MB/nottingham-UsushcZr/#MuIyTwiS,2024-11-30 16:00,Nottingham,Ipswich,1,0,1.722,2.043,1.76,2.1,6
2024-2025,https://www.oddsportal.com/football/h2h/ipswich-thqhB2MB/nottingham-UsushcZr/#ncbVC4ff,2025-03-15 16:00,Ipswich,Nottingham,2,4,1.73,2.027,1.78,2.1,6
2024-2025,https://www.oddsportal.com/football/h2h/ipswich-thqhB2MB/southampton-WdKOwxDM/#Q58Kw0U6,2024-09-21 14:00,Southampton,Ipswich,1,1,1.606,2.254,1.66,2.3,5
2024-2025,https://www.oddsportal.com/football/h2h/ipswich-thqhB2MB/southampton-WdKOwxDM/#YVBfAdG5,2025-02-01 16:00,Ipswich,Southampton,1,2,1.642,2.16,1.7,2.2,6
2024-2025,https://www.oddsportal.com/football/h2h/ipswich-thqhB2MB/tottenham-UDg08Ohm/#CzO2kX26,2024-11-10 15:00,Tottenham,Ipswich,1,2,1.658,2.125,1.7,2.2,6
2024-2025,https://www.oddsportal.com/football/h2h/ipswich-thqhB2MB/tottenham-UDg08Ohm/#tbEbSkgl,2025-02-22 16:00,Ipswich,Tottenham,1,4,1.433,2.692,1.45,2.78,6
2024-2025,https://www.oddsportal.com/football/h2h/ipswich-thqhB2MB/west-ham-Cxq57r8g/#d6dJHzU8,2024-10-05 14:00,West Ham,Ipswich,4,1,1.65,2.156,1.68,2.2,5
2024-2025,https://www.oddsportal.com/football/h2h/ipswich-thqhB2MB/west-ham-Cxq57r8g/#hQ7FLjCE,2025-05-25 15:00,Ipswich,West Ham,1,3,1.562,2.31,1.62,2.45,6
2024-2025,https://www.oddsportal.com/football/h2h/ipswich-thqhB2MB/wolves-j3Azpf5d/#xKUDwGEG,2025-04-05 14:00,Ipswich,Wolves,1,2,1.9,1.86,1.96,1.91,6
2024-2025,https://www.oddsportal.com/football/h2h/ipswich-thqhB2MB/wolves-j3Azpf5d/#zoBXDM3E,2024-12-14 16:00,Wolves,Ipswich,1,2,1.673,2.11,1.7,2.25,6
2024-2025,https://www.oddsportal.com/football/h2h/leicester-KrrdAMyI/liverpool-lId4TMwf/#QegS9veC,2025-04-20 15:30,Leicester,Liverpool,0,1,1.788,1.953,1.83,2.0,6
2024-2025,https://www.oddsportal.com/football/h2h/leicester-KrrdAMyI/liverpool-lId4TMwf/#WAyfnG9t,2024-12-26 21:00,Liverpool,Leicester,3,1,1.915,1.817,2.0,1.95,6
2024-2025,https://www.oddsportal.com/football/h2h/leicester-KrrdAMyI/manchester-city-Wtn9Stg0/#UF6ezahI,2025-04-02 18:45,Manchester City,Leicester,2,0,1.842,1.897,1.97,1.95,6
2024-2025,https://www.oddsportal.com/football/h2h/leicester-KrrdAMyI/manchester-city-Wtn9Stg0/#r7OTf2bS,2024-12-29 15:30,Leicester,Manchester City,0,2,1.647,2.15,1.68,2.2,6
2024-2025,https://www.oddsportal.com/football/h2h/leicester-KrrdAMyI/manchester-united-ppjDR086/#KK9ggF3s,2024-11-10 15:00,Manchester Utd,Leicester,3,0,1.782,1.967,1.82,2.05,6
2024-2025,https://www.oddsportal.com/football/h2h/leicester-KrrdAMyI/manchester-united-ppjDR086/#hATVArP6,2025-03-16 20:00,Leicester,Manchester Utd,0,3,1.77,1.987,1.82,2.1,6
2024-2025,https://www.oddsportal.com/football/h2h/leicester-KrrdAMyI/newcastle-utd-p6ahwuwJ/#d8snL7bk,2025-04-07 19:00,Leicester,Newcastle,0,3,1.853,1.905,1.91,1.95,6
2024-2025,https://www.oddsportal.com/football/h2h/leicester-KrrdAMyI/newcastle-utd-p6ahwuwJ/#jcyUg1Cr,2024-12-14 16:00,Newcastle,Leicester,4,0,1.678,2.102,1.7,2.15,6
2024-2025,https://www.oddsportal.com/football/h2h/leicester-KrrdAMyI/nottingham-UsushcZr/#YNPdv2NH,2025-05-11 13:15,Nottingham,Leicester,2,2,1.893,1.872,1.95,1.92,6
2024-2025,https://www.oddsportal.com/football/h2h/leicester-KrrdAMyI/nottingham-UsushcZr/#v5b6XwQN,2024-10-25 19:00,Leicester,Nottingham,1,3,1.74,2.025,1.8,2.1,6
2024-2025,https://www.oddsportal.com/football/h2h/leicester-KrrdAMyI/southampton-WdKOwxDM/#Gl6s8NdC,2024-10-19 14:00,Southampton,Leicester,2,3,1.598,2.252,1.64,2.3,6
2024-2025,https://www.oddsportal.com/football/h2h/leicester-KrrdAMyI/southampton-WdKOwxDM/#tlDtt3y8,2025-05-03 14:00,Leicester,Southampton,2,0,1.607,2.223,1.64,2.3,6
2024-2025,https://www.oddsportal.com/football/h2h/leicester-KrrdAMyI/tottenham-UDg08Ohm/#8jRt51vQ,2025-01-26 15:00,Tottenham,Leicester,1,2,1.428,2.7,1.45,2.78,6
2024-2025,https://www.oddsportal.com/football/h2h/leicester-KrrdAMyI/tottenham-UDg08Ohm/#AeRSxQrK,2024-08-19 19:00,Leicester,Tottenham,1,1,1.55,2.374,1.58,2.5,5
2024-2025,https://www.oddsportal.com/football/h2h/leicester-KrrdAMyI/west-ham-Cxq57r8g/#M7EQy8Za,2024-12-03 21:15,Leicester,West Ham,3,1,1.607,2.233,1.66,2.3,6
2024-2025,https://www.oddsportal.com/football/h2h/leicester-KrrdAMyI/west-ham-Cxq57r8g/#W4vHttEb,2025-02-27 21:00,West Ham,Leicester,2,0,1.795,1.948,1.86,2.0,6
2024-2025,https://www.oddsportal.com/football/h2h/leicester-KrrdAMyI/wolves-j3Azpf5d/#M9ZJxUUF,2025-04-26 14:00,Wolves,Leicester,3,0,1.787,1.963,1.82,2.05,6
2024-2025,https://www.oddsportal.com/football/h2h/leicester-KrrdAMyI/wolves-j3Azpf5d/#OpjoJHuf,2024-12-22 15:00,Leicester,Wolves,0,3,1.54,2.358,1.58,2.45,6
2024-2025,https://www.oddsportal.com/football/h2h/liverpool-lId4TMwf/manchester-city-Wtn9Stg0/#82qTWLi3,2024-12-01 17:00,Liverpool,Manchester City,2,0,1.442,2.647,1.47,2.7,6
2024-2025,https://www.oddsportal.com/football/h2h/liverpool-lId4TMwf/manchester-city-Wtn9Stg0/#pjBFO7hD,2025-02-23 17:30,Manchester City,Liverpool,0,2,1.435,2.672,1.45,2.78,6
2024-2025,https://www.oddsportal.com/football/h2h/liverpool-lId4TMwf/manchester-united-ppjDR086/#bcDpMvcR,2025-01-05 17:30,Liverpool,Manchester Utd,2,2,1.767,1.987,1.8,2.05,6
2024-2025,https://www.oddsportal.com/football/h2h/liverpool-lId4TMwf/manchester-united-ppjDR086/#z1q67ylB,2024-09-01 15:00,Manchester Utd,Liverpool,0,3,1.416,2.764,1.44,2.82,5
2024-2025,https://www.oddsportal.com/football/h2h/liverpool-lId4TMwf/newcastle-utd-p6ahwuwJ/#ABRreuTi,2025-02-26 21:15,Liverpool,Newcastle,2,0,1.623,2.202,1.67,2.26,6
2024-2025,https://www.oddsportal.com/football/h2h/liverpool-lId4TMwf/newcastle-utd-p6ahwuwJ/#AsQtYPYO,2024-12-04 20:30,Newcastle,Liverpool,3,3,1.525,2.415,1.56,2.5,6
2024-2025,https://www.oddsportal.com/football/h2h/liverpool-lId4TMwf/nottingham-UsushcZr/#AiyHLR8L,2024-09-14 14:00,Liverpool,Nottingham,0,1,1.814,1.934,1.86,1.95,5
2024-2025,https://www.oddsportal.com/football/h2h/liverpool-lId4TMwf/nottingham-UsushcZr/#I3yXCeyB,2025-01-14 21:00,Nottingham,Liverpool,1,1,1.607,2.235,1.64,2.3,6
2024-2025,https://www.oddsportal.com/football/h2h/liverpool-lId4TMwf/southampton-WdKOwxDM/#MoLoKr8c,2024-11-24 15:00,Southampton,Liverpool,2,3,1.638,2.168,1.7,2.2,6
2024-2025,https://www.oddsportal.com/football/h2h/liverpool-lId4TMwf/southampton-WdKOwxDM/#v5bY5dsA,2025-03-08 16:00,Liverpool,Southampton,3,1,2.04,1.722,2.1,1.75,6
2024-2025,https://www.oddsportal.com/football/h2h/liverpool-lId4TMwf/tottenham-UDg08Ohm/#Sxm2FZvJ,2024-12-22 17:30,Tottenham,Liverpool,3,6,1.325,3.208,1.35,3.3,6
2024-2025,https://www.oddsportal.com/football/h2h/liverpool-lId4TMwf/tottenham-UDg08Ohm/#zgBxQjoA,2025-04-27 15:30,Liverpool,Tottenham,5,1,1.687,2.098,1.72,2.2,6
2024-2025,https://www.oddsportal.com/football/h2h/liverpool-lId4TMwf/west-ham-Cxq57r8g/#SQfWi6ZQ,2025-04-13 13:00,Liverpool,West Ham,2,1,1.942,1.803,2.0,1.85,6
2024-2025,https://www.oddsportal.com/football/h2h/liverpool-lId4TMwf/west-ham-Cxq57r8g/#U3teBNr9,2024-12-29 18:15,West Ham,Liverpool,0,5,1.612,2.222,1.65,2.3,6
2024-2025,https://www.oddsportal.com/football/h2h/liverpool-lId4TMwf/wolves-j3Azpf5d/#K0JghK0c,2024-09-28 16:30,Wolves,Liverpool,1,2,1.66,2.14,1.7,2.2,5
2024-2025,https://www.oddsportal.com/football/h2h/liverpool-lId4TMwf/wolves-j3Azpf5d/#UZvLMQ5S,2025-02-16 15:00,Liverpool,Wolves,2,1,1.882,1.847,1.92,1.95,6
2024-2025,https://www.oddsportal.com/football/h2h/manchester-city-Wtn9Stg0/manchester-united-ppjDR086/#4YpfJoT1,2025-04-06 15:30,Manchester Utd,Manchester City,0,0,1.545,2.355,1.58,2.5,6
2024-2025,https://www.oddsportal.com/football/h2h/manchester-city-Wtn9Stg0/manchester-united-ppjDR086/#nR9dC9S9,2024-12-15 17:30,Manchester City,Manchester Utd,1,2,1.555,2.335,1.6,2.45,6
2024-2025,https://www.oddsportal.com/football/h2h/manchester-city-Wtn9Stg0/newcastle-utd-p6ahwuwJ/#8MkyzwoT,2024-09-28 11:30,Newcastle,Manchester City,1,1,1.602,2.244,1.62,2.32,5
2024-2025,https://www.oddsportal.com/football/h2h/manchester-city-Wtn9Stg0/newcastle-utd-p6ahwuwJ/#E7GiH4Tk,2025-02-15 16:00,Manchester City,Newcastle,4,0,1.345,3.067,1.36,3.2,6
2024-2025,https://www.oddsportal.com/football/h2h/manchester-city-Wtn9Stg0/nottingham-UsushcZr/#IZ7ZZo4C,2024-12-04 20:30,Manchester City,Nottingham,3,0,1.763,1.988,1.8,2.05,6
2024-2025,https://www.oddsportal.com/football/h2h/manchester-city-Wtn9Stg0/nottingham-UsushcZr/#W2wDbEZq,2025-03-08 13:30,Nottingham,Manchester City,1,0,1.513,2.445,1.54,2.55,6
2024-2025,https://www.oddsportal.com/football/h2h/manchester-city-Wtn9Stg0/southampton-WdKOwxDM/#6yO4xthU,2025-05-10 14:00,Southampton,Manchester City,0,0,1.972,1.778,2.1,1.83,6
2024-2025,https://www.oddsportal.com/football/h2h/manchester-city-Wtn9Stg0/southampton-WdKOwxDM/#zypxSHmo,2024-10-26 14:00,Manchester City,Southampton,1,0,1.898,1.862,1.95,1.92,6
2024-2025,https://www.oddsportal.com/football/h2h/manchester-city-Wtn9Stg0/tottenham-UDg08Ohm/#A7iT11hT,2024-11-23 18:30,Manchester City,Tottenham,0,4,1.482,2.537,1.5,2.62,6
2024-2025,https://www.oddsportal.com/football/h2h/manchester-city-Wtn9Stg0/tottenham-UDg08Ohm/#Akj8r2qn,2025-02-26 20:30,Tottenham,Manchester City,0,1,1.343,3.075,1.36,3.15,6
2024-2025,https://www.oddsportal.com/football/h2h/manchester-city-Wtn9Stg0/west-ham-Cxq57r8g/#INsZAAf3,2024-08-31 16:30,West Ham,Manchester City,1,3,1.7,2.084,1.75,2.15,5
2024-2025,https://www.oddsportal.com/football/h2h/manchester-city-Wtn9Stg0/west-ham-Cxq57r8g/#fTbGGIKl,2025-01-04 16:00,Manchester City,West Ham,4,1,1.62,2.198,1.67,2.4,6
2024-2025,https://www.oddsportal.com/football/h2h/manchester-city-Wtn9Stg0/wolves-j3Azpf5d/#OCxRmFfE,2025-05-02 19:00,Manchester City,Wolves,1,0,1.86,1.893,1.91,1.95,6
2024-2025,https://www.oddsportal.com/football/h2h/manchester-city-Wtn9Stg0/wolves-j3Azpf5d/#SSZaQ4Ct,2024-10-20 13:00,Wolves,Manchester City,1,2,1.72,2.043,1.78,2.1,6
2024-2025,https://www.oddsportal.com/football/h2h/manchester-united-ppjDR086/newcastle-utd-p6ahwuwJ/#KOZApOR0,2025-04-13 15:30,Newcastle,Manchester Utd,4,1,1.663,2.125,1.7,2.18,6
2024-2025,https://www.oddsportal.com/football/h2h/manchester-united-ppjDR086/newcastle-utd-p6ahwuwJ/#Sv00ktMk,2024-12-30 21:00,Manchester Utd,Newcastle,0,2,1.515,2.43,1.54,2.5,6
2024-2025,https://www.oddsportal.com/football/h2h/manchester-united-ppjDR086/nottingham-UsushcZr/#O6Rja2XN,2024-12-07 18:30,Manchester Utd,Nottingham,2,3,1.758,1.995,1.8,2.1,6
2024-2025,https://www.oddsportal.com/football/h2h/manchester-united-ppjDR086/nottingham-UsushcZr/#QHQVu3Ot,2025-04-01 19:00,Nottingham,Manchester Utd,1,0,1.733,2.028,1.78,2.1,6
2024-2025,https://www.oddsportal.com/football/h2h/manchester-united-ppjDR086/southampton-WdKOwxDM/#2kGeEq1e,2024-09-14 11:30,Southampton,Manchester Utd,0,3,1.548,2.384,1.57,2.45,5
2024-2025,https://www.oddsportal.com/football/h2h/manchester-united-ppjDR086/southampton-WdKOwxDM/#W616Rfj4,2025-01-16 21:00,Manchester Utd,Southampton,3,1,1.987,1.765,2.08,1.88,6
2024-2025,https://www.oddsportal.com/football/h2h/manchester-united-ppjDR086/tottenham-UDg08Ohm/#SCsTyaGG,2024-09-29 15:30,Manchester Utd,Tottenham,0,3,1.388,2.864,1.4,3.0,5
2024-2025,https://www.oddsportal.com/football/h2h/manchester-united-ppjDR086/tottenham-UDg08Ohm/#v9lpNfH8,2025-02-16 17:30,Tottenham,Manchester Utd,1,0,1.417,2.743,1.44,2.86,6
2024-2025,https://www.oddsportal.com/football/h2h/manchester-united-ppjDR086/west-ham-Cxq57r8g/#EJlHkLuh,2024-10-27 15:00,West Ham,Manchester Utd,2,1,1.51,2.428,1.54,2.5,6
2024-2025,https://www.oddsportal.com/football/h2h/manchester-united-ppjDR086/west-ham-Cxq57r8g/#UVSurpOh,2025-05-11 13:15,Manchester Utd,West Ham,0,2,1.612,2.223,1.64,2.25,6
2024-2025,https://www.oddsportal.com/football/h2h/manchester-united-ppjDR086/wolves-j3Azpf5d/#drGaiWvo,2025-04-20 13:00,Manchester Utd,Wolves,0,1,1.69,2.09,1.72,2.15,6
2024-2025,https://www.oddsportal.com/football/h2h/manchester-united-ppjDR086/wolves-j3Azpf5d/#hb3Vo7Fc,2024-12-26 18:30,Wolves,Manchester Utd,2,0,1.638,2.163,1.68,2.25,6
2024-2025,https://www.oddsportal.com/football/h2h/newcastle-utd-p6ahwuwJ/nottingham-UsushcZr/#Qol2nBpK,2025-02-23 15:00,Newcastle,Nottingham,4,3,1.518,2.435,1.56,2.5,6
2024-2025,https://www.oddsportal.com/football/h2h/newcastle-utd-p6ahwuwJ/nottingham-UsushcZr/#hY71igYg,2024-11-10 15:00,Nottingham,Newcastle,1,3,1.677,2.097,1.74,2.15,6
2024-2025,https://www.oddsportal.com/football/h2h/newcastle-utd-p6ahwuwJ/southampton-WdKOwxDM/#SflfsbnJ,2025-01-25 16:00,Southampton,Newcastle,1,3,1.648,2.157,1.7,2.3,6
2024-2025,https://www.oddsportal.com/football/h2h/newcastle-utd-p6ahwuwJ/southampton-WdKOwxDM/#pjyqwZx3,2024-08-17 14:00,Newcastle,Southampton,1,0,1.616,2.222,1.64,2.26,5
2024-2025,https://www.oddsportal.com/football/h2h/newcastle-utd-p6ahwuwJ/tottenham-UDg08Ohm/#MeIPCzKD,2025-01-04 13:30,Tottenham,Newcastle,1,2,1.29,3.442,1.3,3.65,6
2024-2025,https://www.oddsportal.com/football/h2h/newcastle-utd-p6ahwuwJ/tottenham-UDg08Ohm/#U11vkTXq,2024-09-01 12:30,Newcastle,Tottenham,2,1,1.348,3.07,1.37,3.15,5
2024-2025,https://www.oddsportal.com/football/h2h/newcastle-utd-p6ahwuwJ/west-ham-Cxq57r8g/#6wwaduGj,2024-11-25 21:00,Newcastle,West Ham,0,2,1.602,2.247,1.64,2.3,6
2024-2025,https://www.oddsportal.com/football/h2h/newcastle-utd-p6ahwuwJ/west-ham-Cxq57r8g/#YRJ7Ked3,2025-03-10 21:00,West Ham,Newcastle,0,1,1.653,2.137,1.72,2.2,6
2024-2025,https://www.oddsportal.com/football/h2h/newcastle-utd-p6ahwuwJ/wolves-j3Azpf5d/#Of1jzRNE,2024-09-15 15:30,Wolves,Newcastle,1,2,1.52,2.428,1.54,2.5,5
2024-2025,https://www.oddsportal.com/football/h2h/newcastle-utd-p6ahwuwJ/wolves-j3Azpf5d/#Q9bbTGLi,2025-01-15 20:30,Newcastle,Wolves,3,0,1.707,2.058,1.74,2.1,6
2024-2025,https://www.oddsportal.com/football/h2h/nottingham-UsushcZr/southampton-WdKOwxDM/#WtIFhXl3,2025-01-19 15:00,Nottingham,Southampton,3,2,1.91,1.832,1.98,1.9,6
2024-2025,https://www.oddsportal.com/football/h2h/nottingham-UsushcZr/southampton-WdKOwxDM/#fNaktakC,2024-08-24 14:00,Southampton,Nottingham,0,1,1.632,2.204,1.67,2.3,5
2024-2025,https://www.oddsportal.com/football/h2h/nottingham-UsushcZr/tottenham-UDg08Ohm/#CjbnFZWi,2025-04-21 19:00,Tottenham,Nottingham,1,2,1.532,2.387,1.57,2.5,6
2024-2025,https://www.oddsportal.com/football/h2h/nottingham-UsushcZr/tottenham-UDg08Ohm/#dIMJtCwI,2024-12-26 16:00,Nottingham,Tottenham,1,0,1.372,2.912,1.4,3.05,6
2024-2025,https://www.oddsportal.com/football/h2h/nottingham-UsushcZr/west-ham-Cxq57r8g/#21YvrUwq,2024-11-02 16:00,Nottingham,West Ham,3,0,1.775,1.975,1.82,2.05,6
2024-2025,https://www.oddsportal.com/football/h2h/nottingham-UsushcZr/west-ham-Cxq57r8g/#b7OC1VKr,2025-05-18 13:15,West Ham,Nottingham,1,2,1.725,2.04,1.78,2.1,6
2024-2025,https://www.oddsportal.com/football/h2h/nottingham-UsushcZr/wolves-j3Azpf5d/#2Fanm72d,2024-08-31 14:00,Nottingham,Wolves,1,1,1.704,2.084,1.74,2.15,5
2024-2025,https://www.oddsportal.com/football/h2h/nottingham-UsushcZr/wolves-j3Azpf5d/#2g6Z30ht,2025-01-06 21:00,Wolves,Nottingham,0,3,1.69,2.092,1.75,2.15,6
2024-2025,https://www.oddsportal.com/football/h2h/southampton-WdKOwxDM/tottenham-UDg08Ohm/#IDStskL8,2025-04-06 13:00,Tottenham,Southampton,3,1,1.612,2.222,1.65,2.28,6
2024-2025,https://www.oddsportal.com/football/h2h/southampton-WdKOwxDM/tottenham-UDg08Ohm/#KxTpjJB7,2024-12-15 20:00,Southampton,Tottenham,0,5,1.288,3.408,1.31,3.55,6
2024-2025,https://www.oddsportal.com/football/h2h/southampton-WdKOwxDM/west-ham-Cxq57r8g/#KG1fDD14,2025-04-19 14:00,West Ham,Southampton,1,1,1.625,2.2,1.68,2.25,6
2024-2025,https://www.oddsportal.com/football/h2h/southampton-WdKOwxDM/west-ham-Cxq57r8g/#S4qiO3Nj,2024-12-26 16:00,Southampton,West Ham,0,1,1.563,2.307,1.6,2.4,6
2024-2025,https://www.oddsportal.com/football/h2h/southampton-WdKOwxDM/wolves-j3Azpf5d/#0d4cBEPP,2024-11-09 16:00,Wolves,Southampton,2,0,1.6,2.258,1.63,2.4,6
2024-2025,https://www.oddsportal.com/football/h2h/southampton-WdKOwxDM/wolves-j3Azpf5d/#CE0dR39m,2025-03-15 16:00,Southampton,Wolves,1,2,1.8,1.945,1.86,2.0,6
2024-2025,https://www.oddsportal.com/football/h2h/tottenham-UDg08Ohm/west-ham-Cxq57r8g/#82abV6vm,2025-05-04 13:00,West Ham,Tottenham,1,1,1.512,2.442,1.54,2.55,6
2024-2025,https://www.oddsportal.com/football/h2h/tottenham-UDg08Ohm/west-ham-Cxq57r8g/#OE9k61RO,2024-10-19 11:30,Tottenham,West Ham,4,1,1.46,2.595,1.5,2.65,6
2024-2025,https://www.oddsportal.com/football/h2h/tottenham-UDg08Ohm/wolves-j3Azpf5d/#Eeb8mKj2,2024-12-29 16:00,Tottenham,Wolves,2,2,1.415,2.763,1.44,2.88,6
2024-2025,https://www.oddsportal.com/football/h2h/tottenham-UDg08Ohm/wolves-j3Azpf5d/#x06y1qCs,2025-04-13 13:00,Wolves,Tottenham,4,2,1.61,2.225,1.66,2.3,6
2024-2025,https://www.oddsportal.com/football/h2h/west-ham-Cxq57r8g/wolves-j3Azpf5d/#nXEvvsgg,2025-04-01 18:45,Wolves,West Ham,1,0,1.913,1.83,1.98,1.93,6
2024-2025,https://www.oddsportal.com/football/h2h/west-ham-Cxq57r8g/wolves-j3Azpf5d/#xEs71hEi,2024-12-09 21:00,West Ham,Wolves,2,1,1.618,2.21,1.67,2.3,6
2025-2026,https://www.oddsportal.com/football/h2h/arsenal-hA1Zm19f/aston-villa-W00wmLO0/#Kp3vVSD5,2025-12-30 21:15,Arsenal,Aston Villa,4,1,1.944,1.783,2.0,1.88,7
2025-2026,https://www.oddsportal.com/football/h2h/arsenal-hA1Zm19f/aston-villa-W00wmLO0/#roTgQO9m,2025-12-06 13:30,Aston Villa,Arsenal,2,1,1.873,1.857,1.95,1.95,7
2025-2026,https://www.oddsportal.com/football/h2h/arsenal-hA1Zm19f/bournemouth-OtpNdwrc/#0M7yxyRk,2026-01-03 18:30,Bournemouth,Arsenal,2,3,1.697,2.044,1.73,2.1,7
2025-2026,https://www.oddsportal.com/football/h2h/arsenal-hA1Zm19f/bournemouth-OtpNdwrc/#jcHwYvNG,2026-04-11 11:30,Arsenal,Bournemouth,1,2,1.687,2.05,1.71,2.1,7
2025-2026,https://www.oddsportal.com/football/h2h/arsenal-hA1Zm19f/brentford-xYe7DwID/#MeC5HfRF,2025-12-03 20:30,Arsenal,Brentford,2,0,2.04,1.701,2.07,1.78,7
2025-2026,https://www.oddsportal.com/football/h2h/arsenal-hA1Zm19f/brentford-xYe7DwID/#lKNJm8ak,2026-02-12 21:00,Brentford,Arsenal,1,1,1.773,1.953,1.8,2.05,7
2025-2026,https://www.oddsportal.com/football/h2h/arsenal-hA1Zm19f/brighton-2XrRecc3/#CpqN5Cpf,2025-12-27 16:00,Arsenal,Brighton,2,1,1.841,1.887,1.93,1.95,7
2025-2026,https://www.oddsportal.com/football/h2h/arsenal-hA1Zm19f/brighton-2XrRecc3/#QaZdqm9d,2026-03-04 20:30,Brighton,Arsenal,0,1,1.813,1.914,1.88,2.0,7
2025-2026,https://www.oddsportal.com/football/h2h/arsenal-hA1Zm19f/burnley-z3dmTMMO/#Gxt6zm15,2026-05-18 19:00,Arsenal,Burnley,1,0,2.55,1.457,2.65,1.5,7
2025-2026,https://www.oddsportal.com/football/h2h/arsenal-hA1Zm19f/burnley-z3dmTMMO/#MJEFTO3B,2025-11-01 16:00,Burnley,Arsenal,0,2,2.61,1.452,2.75,1.53,6
2025-2026,https://www.oddsportal.com/football/h2h/arsenal-hA1Zm19f/chelsea-4fGZN2oK/#CE2gREmB,2026-03-01 17:30,Arsenal,Chelsea,2,1,1.761,1.969,1.82,2.15,7
2025-2026,https://www.oddsportal.com/football/h2h/arsenal-hA1Zm19f/chelsea-4fGZN2oK/#Imk5ldcT,2025-11-30 17:30,Chelsea,Arsenal,1,1,1.74,2.006,1.78,2.05,7
2025-2026,https://www.oddsportal.com/football/h2h/arsenal-hA1Zm19f/crystal-palace-AovF1Mia/#UNC9hLMj,2026-05-24 15:00,Crystal Palace,Arsenal,,,4.037,3.669,4.3,3.75,8
2025-2026,https://www.oddsportal.com/football/h2h/arsenal-hA1Zm19f/crystal-palace-AovF1Mia/#t6dj6U5m,2025-10-26 15:00,,,,,1.381,4.943,1.44,5.0,7
2025-2026,https://www.oddsportal.com/football/h2h/arsenal-hA1Zm19f/everton-KluSTr9s/#hCp10H8E,2025-12-20 21:00,Everton,Arsenal,0,1,1.983,1.746,2.02,1.83,7
2025-2026,https://www.oddsportal.com/football/h2h/arsenal-hA1Zm19f/fulham-69ZiU2Om/#6kwlldp2,2025-10-18 16:30,Fulham,Arsenal,0,1,2.0,1.75,2.05,1.83,6
2025-2026,https://www.oddsportal.com/football/h2h/arsenal-hA1Zm19f/fulham-69ZiU2Om/#6sw2IgOM,2026-05-02 16:30,Arsenal,Fulham,3,0,1.999,1.734,2.05,1.8,7
2025-2026,https://www.oddsportal.com/football/h2h/arsenal-hA1Zm19f/leeds-tUxUbLR2/#Sp1AidqQ,2026-01-31 16:00,Leeds,Arsenal,0,4,1.919,1.807,1.95,1.88,7
2025-2026,https://www.oddsportal.com/football/h2h/arsenal-hA1Zm19f/leeds-tUxUbLR2/#zFCHVyGF,2025-08-23 16:30,Arsenal,Leeds,5,0,1.928,1.788,2.0,1.83,6
2025-2026,https://www.oddsportal.com/football/h2h/arsenal-hA1Zm19f/liverpool-lId4TMwf/#KvGXh5Dt,2025-08-31 15:30,Liverpool,Arsenal,1,0,1.578,2.252,1.62,2.32,6
2025-2026,https://www.oddsportal.com/football/h2h/arsenal-hA1Zm19f/liverpool-lId4TMwf/#SC5rmMjl,2026-01-08 21:00,Arsenal,Liverpool,0,0,1.809,1.92,1.87,2.0,7
2025-2026,https://www.oddsportal.com/football/h2h/arsenal-hA1Zm19f/manchester-city-Wtn9Stg0/#OUNtGjHL,2025-09-21 15:30,Arsenal,Manchester City,1,1,1.603,2.208,1.63,2.25,6
2025-2026,https://www.oddsportal.com/football/h2h/arsenal-hA1Zm19f/manchester-city-Wtn9Stg0/#U3M9iQJ6,2026-04-19 15:30,Manchester City,Arsenal,2,1,1.777,1.937,1.82,2.0,7
2025-2026,https://www.oddsportal.com/football/h2h/arsenal-hA1Zm19f/manchester-united-ppjDR086/#YqgQO69M,2026-01-25 17:30,Arsenal,Manchester Utd,2,3,1.739,1.999,1.78,2.1,7
2025-2026,https://www.oddsportal.com/football/h2h/arsenal-hA1Zm19f/manchester-united-ppjDR086/#jRxEBGOq,2025-08-17 15:30,Manchester Utd,Arsenal,0,1,1.592,2.225,1.62,2.25,6
2025-2026,https://www.oddsportal.com/football/h2h/arsenal-hA1Zm19f/newcastle-utd-p6ahwuwJ/#CUIIHO9N,2025-09-28 15:30,Newcastle,Arsenal,1,2,1.83,1.91,1.91,1.95,6
2025-2026,https://www.oddsportal.com/football/h2h/arsenal-hA1Zm19f/newcastle-utd-p6ahwuwJ/#OQsq6PYa,2026-04-25 16:30,Arsenal,Newcastle,1,0,1.911,1.801,1.95,1.9,7
2025-2026,https://www.oddsportal.com/football/h2h/arsenal-hA1Zm19f/nottingham-UsushcZr/#SOsN3MRb,2025-09-13 11:30,Arsenal,Nottingham,3,0,1.81,1.91,1.86,1.95,6
2025-2026,https://www.oddsportal.com/football/h2h/arsenal-hA1Zm19f/nottingham-UsushcZr/#YVDiA7fT,2026-01-17 18:30,Nottingham,Arsenal,0,0,1.974,1.751,2.0,1.85,7
2025-2026,https://www.oddsportal.com/football/h2h/arsenal-hA1Zm19f/sunderland-WSzc94ws/#K24WdiL5,2026-02-07 16:00,Arsenal,Sunderland,3,0,2.469,1.491,2.55,1.55,7
2025-2026,https://www.oddsportal.com/football/h2h/arsenal-hA1Zm19f/sunderland-WSzc94ws/#pb7dPlO0,2025-11-08 18:30,Sunderland,Arsenal,2,2,2.308,1.553,2.5,1.65,6
2025-2026,https://www.oddsportal.com/football/h2h/arsenal-hA1Zm19f/tottenham-UDg08Ohm/#rZAxVdln,2026-02-22 17:30,Tottenham,Arsenal,1,4,2.003,1.729,2.05,1.85,7
2025-2026,https://www.oddsportal.com/football/h2h/arsenal-hA1Zm19f/tottenham-UDg08Ohm/#xnqNuA8s,2025-11-23 17:30,Arsenal,Tottenham,4,1,2.072,1.687,2.1,1.7,6
2025-2026,https://www.oddsportal.com/football/h2h/arsenal-hA1Zm19f/west-ham-Cxq57r8g/#8Cxbx9Wh,2026-05-10 15:30,West Ham,Arsenal,0,1,1.89,1.83,1.95,1.9,7
2025-2026,https://www.oddsportal.com/football/h2h/arsenal-hA1Zm19f/west-ham-Cxq57r8g/#KztpYqf4,2025-10-04 14:00,Arsenal,West Ham,2,0,1.968,1.773,2.05,2.0,6
2025-2026,https://www.oddsportal.com/football/h2h/arsenal-hA1Zm19f/wolves-j3Azpf5d/#4ISGXRYA,2025-12-13 21:00,Arsenal,Wolves,2,1,2.567,1.46,2.7,1.55,7
2025-2026,https://www.oddsportal.com/football/h2h/arsenal-hA1Zm19f/wolves-j3Azpf5d/#rXDVZ0h4,2026-02-18 21:00,Wolves,Arsenal,2,2,2.316,1.549,2.38,1.65,7
2025-2026,https://www.oddsportal.com/football/h2h/aston-villa-W00wmLO0/bournemouth-OtpNdwrc/#8dxrKgnL,2025-11-09 15:00,Aston Villa,Bournemouth,4,0,1.637,2.148,1.67,2.25,6
2025-2026,https://www.oddsportal.com/football/h2h/aston-villa-W00wmLO0/bournemouth-OtpNdwrc/#GUcueVkI,2026-02-07 16:00,Bournemouth,Aston Villa,1,1,1.509,2.424,1.53,2.55,7
2025-2026,https://www.oddsportal.com/football/h2h/aston-villa-W00wmLO0/brentford-xYe7DwID/#00ScB7U0,2025-08-23 14:00,Brentford,Aston Villa,1,0,1.675,2.083,1.7,2.15,6
2025-2026,https://www.oddsportal.com/football/h2h/aston-villa-W00wmLO0/brentford-xYe7DwID/#YBkFXzhf,2026-02-01 15:00,Aston Villa,Brentford,0,1,1.649,2.124,1.68,2.25,7
2025-2026,https://www.oddsportal.com/football/h2h/aston-villa-W00wmLO0/brighton-2XrRecc3/#4nnmgUyS,2026-02-11 20:30,Aston Villa,Brighton,1,0,1.531,2.374,1.57,2.5,7
2025-2026,https://www.oddsportal.com/football/h2h/aston-villa-W00wmLO0/brighton-2XrRecc3/#EgipACJk,2025-12-03 20:30,Brighton,Aston Villa,3,4,1.643,2.134,1.68,2.2,7
2025-2026,https://www.oddsportal.com/football/h2h/aston-villa-W00wmLO0/burnley-z3dmTMMO/#6ivhWNOG,2025-10-05 13:00,Aston Villa,Burnley,2,1,1.923,1.81,1.95,1.93,6
2025-2026,https://www.oddsportal.com/football/h2h/aston-villa-W00wmLO0/burnley-z3dmTMMO/#UmvdMdte,2026-05-10 13:00,Burnley,Aston Villa,2,2,1.787,1.927,1.82,2.0,7
2025-2026,https://www.oddsportal.com/football/h2h/aston-villa-W00wmLO0/chelsea-4fGZN2oK/#Y1fIjVGM,2026-03-04 20:30,Aston Villa,Chelsea,1,4,1.564,2.284,1.6,2.4,7
2025-2026,https://www.oddsportal.com/football/h2h/aston-villa-W00wmLO0/chelsea-4fGZN2oK/#f5IQPXyQ,2025-12-27 18:30,Chelsea,Aston Villa,1,2,1.627,2.161,1.67,2.3,7
2025-2026,https://www.oddsportal.com/football/h2h/aston-villa-W00wmLO0/crystal-palace-AovF1Mia/#r1HIlZRh,2026-01-07 20:30,Crystal Palace,Aston Villa,0,0,1.643,2.13,1.68,2.2,7
2025-2026,https://www.oddsportal.com/football/h2h/aston-villa-W00wmLO0/crystal-palace-AovF1Mia/#vLfbv6bm,2025-08-31 18:00,Aston Villa,Crystal Palace,0,3,1.632,2.155,1.67,2.22,6
2025-2026,https://www.oddsportal.com/football/h2h/aston-villa-W00wmLO0/everton-KluSTr9s/#QqZ8ajtB,2026-01-18 17:30,Aston Villa,Everton,0,1,1.811,1.917,1.88,2.05,7
2025-2026,https://www.oddsportal.com/football/h2h/aston-villa-W00wmLO0/everton-KluSTr9s/#lC9b3DXF,2025-09-13 14:00,Everton,Aston Villa,0,0,1.793,1.922,1.82,1.95,6
2025-2026,https://www.oddsportal.com/football/h2h/aston-villa-W00wmLO0/fulham-69ZiU2Om/#CWkRLF4s,2025-09-28 13:00,Aston Villa,Fulham,3,1,1.735,2.013,1.76,2.1,6
2025-2026,https://www.oddsportal.com/football/h2h/aston-villa-W00wmLO0/fulham-69ZiU2Om/#CpqK7xA4,2026-04-25 11:30,Fulham,Aston Villa,1,0,1.576,2.246,1.62,2.35,7
2025-2026,https://www.oddsportal.com/football/h2h/aston-villa-W00wmLO0/leeds-tUxUbLR2/#4M24hmhm,2025-11-23 15:00,Leeds,Aston Villa,1,2,1.803,1.932,1.85,1.95,6
2025-2026,https://www.oddsportal.com/football/h2h/aston-villa-W00wmLO0/leeds-tUxUbLR2/#G8MZEpbl,2026-02-21 16:00,Aston Villa,Leeds,1,1,1.654,2.111,1.7,2.2,7
2025-2026,https://www.oddsportal.com/football/h2h/aston-villa-W00wmLO0/liverpool-lId4TMwf/#AyZEYQVH,2026-05-15 19:00,Aston Villa,Liverpool,4,2,1.636,2.146,1.67,2.2,7
2025-2026,https://www.oddsportal.com/football/h2h/aston-villa-W00wmLO0/liverpool-lId4TMwf/#OSYjMOBi,2025-11-01 21:00,Liverpool,Aston Villa,2,0,1.54,2.332,1.57,2.45,6
2025-2026,https://www.oddsportal.com/football/h2h/aston-villa-W00wmLO0/manchester-city-Wtn9Stg0/#EJfb48z0,2025-10-26 15:00,Aston Villa,Manchester City,1,0,1.613,2.18,1.67,2.3,6
2025-2026,https://www.oddsportal.com/football/h2h/aston-villa-W00wmLO0/manchester-city-Wtn9Stg0/#zLXUefTr,2026-05-24 15:00,Manchester City,Aston Villa,1,2,1.55,2.29,1.61,2.4,7
2025-2026,https://www.oddsportal.com/football/h2h/aston-villa-W00wmLO0/manchester-united-ppjDR086/#OtdbtdHr,2025-12-21 17:30,Aston Villa,Manchester Utd,2,1,1.537,2.346,1.57,2.45,7
2025-2026,https://www.oddsportal.com/football/h2h/aston-villa-W00wmLO0/manchester-united-ppjDR086/#UgXnfPvC,2026-03-15 15:00,Manchester Utd,Aston Villa,3,1,1.593,2.22,1.65,2.3,7
2025-2026,https://www.oddsportal.com/football/h2h/aston-villa-W00wmLO0/newcastle-utd-p6ahwuwJ/#CbKh6Ln4,2025-08-16 11:30,Aston Villa,Newcastle,0,0,1.597,2.215,1.67,2.25,6
2025-2026,https://www.oddsportal.com/football/h2h/aston-villa-W00wmLO0/newcastle-utd-p6ahwuwJ/#tEAzuJaK,2026-01-25 15:00,Newcastle,Aston Villa,0,2,1.521,2.377,1.55,2.5,7
2025-2026,https://www.oddsportal.com/football/h2h/aston-villa-W00wmLO0/nottingham-UsushcZr/#GlW4sc3S,2026-01-03 13:30,Aston Villa,Nottingham,3,1,1.714,2.031,1.75,2.1,7
2025-2026,https://www.oddsportal.com/football/h2h/aston-villa-W00wmLO0/nottingham-UsushcZr/#IVe1QmL7,2026-04-12 13:00,Nottingham,Aston Villa,1,1,1.639,2.13,1.68,2.2,7
2025-2026,https://www.oddsportal.com/football/h2h/aston-villa-W00wmLO0/sunderland-WSzc94ws/#4QSa5fK0,2025-09-21 13:00,Sunderland,Aston Villa,1,1,1.797,1.922,1.83,1.95,6
2025-2026,https://www.oddsportal.com/football/h2h/aston-villa-W00wmLO0/sunderland-WSzc94ws/#xzTRt95l,2026-04-19 13:00,Aston Villa,Sunderland,4,3,1.806,1.914,1.85,1.95,7
2025-2026,https://www.oddsportal.com/football/h2h/aston-villa-W00wmLO0/tottenham-UDg08Ohm/#GOSXmmjJ,2025-10-19 13:00,Tottenham,Aston Villa,1,2,1.638,2.137,1.67,2.2,6
2025-2026,https://www.oddsportal.com/football/h2h/aston-villa-W00wmLO0/tottenham-UDg08Ohm/#jFEYCXop,2026-05-03 18:00,Aston Villa,Tottenham,1,2,1.549,2.309,1.57,2.4,7
2025-2026,https://www.oddsportal.com/football/h2h/aston-villa-W00wmLO0/west-ham-Cxq57r8g/#IsUQb4X9,2025-12-14 15:00,West Ham,Aston Villa,2,3,1.603,2.22,1.62,2.3,7
2025-2026,https://www.oddsportal.com/football/h2h/aston-villa-W00wmLO0/west-ham-Cxq57r8g/#U7CL8Og5,2026-03-22 15:15,Aston Villa,West Ham,2,0,1.661,2.103,1.72,2.2,7
2025-2026,https://www.oddsportal.com/football/h2h/aston-villa-W00wmLO0/wolves-j3Azpf5d/#Eehlhvb4,2025-11-30 15:05,Aston Villa,Wolves,1,0,1.889,1.831,1.95,1.93,7
2025-2026,https://www.oddsportal.com/football/h2h/aston-villa-W00wmLO0/wolves-j3Azpf5d/#S4iAhinA,2026-02-27 21:00,Wolves,Aston Villa,2,0,1.791,1.93,1.82,2.0,7
2025-2026,https://www.oddsportal.com/football/h2h/bournemouth-OtpNdwrc/brentford-xYe7DwID/#8CxW3jF6,2025-12-27 16:00,Brentford,Bournemouth,4,1,1.636,2.157,1.7,2.3,7
2025-2026,https://www.oddsportal.com/football/h2h/bournemouth-OtpNdwrc/brentford-xYe7DwID/#IZVlo9vp,2026-03-03 20:30,Bournemouth,Brentford,0,0,1.494,2.451,1.53,2.55,7
2025-2026,https://www.oddsportal.com/football/h2h/bournemouth-OtpNdwrc/brighton-2XrRecc3/#MBSHcUAN,2026-01-19 21:00,Brighton,Bournemouth,1,1,1.454,2.571,1.5,2.65,7
2025-2026,https://www.oddsportal.com/football/h2h/bournemouth-OtpNdwrc/brighton-2XrRecc3/#zkoV10dB,2025-09-13 14:00,Bournemouth,Brighton,2,1,1.495,2.445,1.53,2.5,6
2025-2026,https://www.oddsportal.com/football/h2h/bournemouth-OtpNdwrc/burnley-z3dmTMMO/#8GUFeHbJ,2026-03-14 16:00,Burnley,Bournemouth,0,0,1.559,2.286,1.65,2.45,7
2025-2026,https://www.oddsportal.com/football/h2h/bournemouth-OtpNdwrc/burnley-z3dmTMMO/#pdp7vzne,2025-12-20 16:00,Bournemouth,Burnley,1,1,1.689,2.066,1.73,2.15,7
2025-2026,https://www.oddsportal.com/football/h2h/bournemouth-OtpNdwrc/chelsea-4fGZN2oK/#0v17Y1Kc,2025-12-30 20:30,Chelsea,Bournemouth,2,2,1.501,2.45,1.55,2.55,7
2025-2026,https://www.oddsportal.com/football/h2h/bournemouth-OtpNdwrc/chelsea-4fGZN2oK/#GbR1O2v0,2025-12-06 16:00,Bournemouth,Chelsea,0,0,1.499,2.461,1.53,2.55,7
2025-2026,https://www.oddsportal.com/football/h2h/bournemouth-OtpNdwrc/crystal-palace-AovF1Mia/#bPZujIFk,2025-10-18 14:00,Crystal Palace,Bournemouth,3,3,1.612,2.197,1.65,2.25,6
2025-2026,https://www.oddsportal.com/football/h2h/bournemouth-OtpNdwrc/crystal-palace-AovF1Mia/#buItBBGd,2026-05-03 13:00,Bournemouth,Crystal Palace,3,0,1.674,2.074,1.73,2.2,7
2025-2026,https://www.oddsportal.com/football/h2h/bournemouth-OtpNdwrc/everton-KluSTr9s/#ULFDFYeS,2025-12-02 20:30,Bournemouth,Everton,0,1,1.62,2.19,1.65,2.25,7
2025-2026,https://www.oddsportal.com/football/h2h/bournemouth-OtpNdwrc/everton-KluSTr9s/#rw7M7TjL,2026-02-10 20:30,Everton,Bournemouth,1,2,1.566,2.289,1.62,2.4,7
2025-2026,https://www.oddsportal.com/football/h2h/bournemouth-OtpNdwrc/fulham-69ZiU2Om/#2JX0U1gT,2025-10-03 19:00,Bournemouth,Fulham,3,1,1.883,1.847,1.95,1.93,6
2025-2026,https://www.oddsportal.com/football/h2h/bournemouth-OtpNdwrc/fulham-69ZiU2Om/#2iZkrv3E,2026-05-09 14:00,Fulham,Bournemouth,0,1,1.486,2.481,1.51,2.52,7
2025-2026,https://www.oddsportal.com/football/h2h/bournemouth-OtpNdwrc/leeds-tUxUbLR2/#Khyh433C,2026-04-22 19:00,Bournemouth,Leeds,2,2,1.521,2.377,1.57,2.45,7
2025-2026,https://www.oddsportal.com/football/h2h/bournemouth-OtpNdwrc/leeds-tUxUbLR2/#b7C2L6Ab,2025-09-27 14:00,Leeds,Bournemouth,2,2,1.732,2.02,1.75,2.1,6
2025-2026,https://www.oddsportal.com/football/h2h/bournemouth-OtpNdwrc/liverpool-lId4TMwf/#IHUdJpXq,2026-01-24 18:30,Bournemouth,Liverpool,3,2,1.506,2.421,1.53,2.55,7
2025-2026,https://www.oddsportal.com/football/h2h/bournemouth-OtpNdwrc/liverpool-lId4TMwf/#jqWq8sIi,2025-08-15 19:00,Liverpool,Bournemouth,4,2,1.622,2.17,1.67,2.25,6
2025-2026,https://www.oddsportal.com/football/h2h/bournemouth-OtpNdwrc/manchester-city-Wtn9Stg0/#WhxaK2t4,2025-11-02 17:30,Manchester City,Bournemouth,3,1,1.637,2.138,1.67,2.2,6
2025-2026,https://www.oddsportal.com/football/h2h/bournemouth-OtpNdwrc/manchester-city-Wtn9Stg0/#rkXMW40U,2026-05-19 18:30,Bournemouth,Manchester City,1,1,1.556,2.3,1.62,2.4,7
2025-2026,https://www.oddsportal.com/football/h2h/bournemouth-OtpNdwrc/manchester-united-ppjDR086/#QZ5U62OH,2026-03-20 21:00,Bournemouth,Manchester Utd,2,2,1.441,2.59,1.47,2.63,7
2025-2026,https://www.oddsportal.com/football/h2h/bournemouth-OtpNdwrc/manchester-united-ppjDR086/#n1p7rqmT,2025-12-15 21:00,Manchester Utd,Bournemouth,4,4,1.469,2.544,1.51,2.65,7
2025-2026,https://www.oddsportal.com/football/h2h/bournemouth-OtpNdwrc/newcastle-utd-p6ahwuwJ/#QVFIk4lJ,2026-04-18 14:00,Newcastle,Bournemouth,1,2,1.424,2.647,1.44,2.7,7
2025-2026,https://www.oddsportal.com/football/h2h/bournemouth-OtpNdwrc/newcastle-utd-p6ahwuwJ/#fDECAUvq,2025-09-21 13:00,Bournemouth,Newcastle,0,0,1.643,2.137,1.67,2.2,6
2025-2026,https://www.oddsportal.com/football/h2h/bournemouth-OtpNdwrc/nottingham-UsushcZr/#Aol72n5C,2025-10-26 15:00,Bournemouth,Nottingham,2,0,1.652,2.112,1.7,2.2,6
2025-2026,https://www.oddsportal.com/football/h2h/bournemouth-OtpNdwrc/nottingham-UsushcZr/#roywfYce,2026-05-24 15:00,Nottingham,Bournemouth,1,1,1.526,2.353,1.57,2.5,7
2025-2026,https://www.oddsportal.com/football/h2h/bournemouth-OtpNdwrc/sunderland-WSzc94ws/#hOA1PhIN,2026-02-28 13:30,Bournemouth,Sunderland,1,1,1.731,2.003,1.75,2.1,7
2025-2026,https://www.oddsportal.com/football/h2h/bournemouth-OtpNdwrc/sunderland-WSzc94ws/#vyw2cZZq,2025-11-29 16:00,Sunderland,Bournemouth,3,2,1.724,2.024,1.75,2.1,7
2025-2026,https://www.oddsportal.com/football/h2h/bournemouth-OtpNdwrc/tottenham-UDg08Ohm/#Ovaio0L0,2026-01-07 20:30,Bournemouth,Tottenham,3,2,1.594,2.226,1.62,2.26,7
2025-2026,https://www.oddsportal.com/football/h2h/bournemouth-OtpNdwrc/tottenham-UDg08Ohm/#W2a5ouCU,2025-08-30 14:00,Tottenham,Bournemouth,0,1,1.557,2.292,1.62,2.45,6
2025-2026,https://www.oddsportal.com/football/h2h/bournemouth-OtpNdwrc/west-ham-Cxq57r8g/#4laoTzJb,2026-02-21 18:30,West Ham,Bournemouth,0,0,1.469,2.541,1.5,2.65,7
2025-2026,https://www.oddsportal.com/football/h2h/bournemouth-OtpNdwrc/west-ham-Cxq57r8g/#AasVwlwf,2025-11-22 16:00,Bournemouth,West Ham,2,2,1.65,2.12,1.68,2.15,6
2025-2026,https://www.oddsportal.com/football/h2h/bournemouth-OtpNdwrc/wolves-j3Azpf5d/#Yo6ObDjg,2026-01-31 16:00,Wolves,Bournemouth,0,2,1.629,2.164,1.67,2.25,7
2025-2026,https://www.oddsportal.com/football/h2h/bournemouth-OtpNdwrc/wolves-j3Azpf5d/#vovkDTal,2025-08-23 14:00,Bournemouth,Wolves,1,0,1.748,1.983,1.8,2.05,6
2025-2026,https://www.oddsportal.com/football/h2h/brentford-xYe7DwID/brighton-2XrRecc3/#6RzvxS76,2025-11-22 16:00,Brighton,Brentford,2,1,1.568,2.26,1.6,2.3,6
2025-2026,https://www.oddsportal.com/football/h2h/brentford-xYe7DwID/brighton-2XrRecc3/#CzGrDOS0,2026-02-21 16:00,Brentford,Brighton,0,2,1.593,2.234,1.62,2.3,7
2025-2026,https://www.oddsportal.com/football/h2h/brentford-xYe7DwID/burnley-z3dmTMMO/#42vKszYi,2026-02-28 16:00,Burnley,Brentford,3,4,1.669,2.084,1.7,2.2,7
2025-2026,https://www.oddsportal.com/football/h2h/brentford-xYe7DwID/burnley-z3dmTMMO/#MLedjISG,2025-11-29 16:00,Brentford,Burnley,3,1,1.89,1.829,1.95,1.95,7
2025-2026,https://www.oddsportal.com/football/h2h/brentford-xYe7DwID/chelsea-4fGZN2oK/#IsEmh8Yp,2026-01-17 16:00,Chelsea,Brentford,2,0,1.547,2.336,1.63,2.5,7
2025-2026,https://www.oddsportal.com/football/h2h/brentford-xYe7DwID/chelsea-4fGZN2oK/#Uk33qhtp,2025-09-13 19:00,Brentford,Chelsea,2,2,1.707,2.043,1.75,2.1,6
2025-2026,https://www.oddsportal.com/football/h2h/brentford-xYe7DwID/crystal-palace-AovF1Mia/#GI7OR2YN,2025-11-01 16:00,Crystal Palace,Brentford,2,0,1.662,2.103,1.7,2.2,6
2025-2026,https://www.oddsportal.com/football/h2h/brentford-xYe7DwID/crystal-palace-AovF1Mia/#MF2Xj8on,2026-05-17 14:00,Brentford,Crystal Palace,2,2,1.67,2.079,1.7,2.16,7
2025-2026,https://www.oddsportal.com/football/h2h/brentford-xYe7DwID/everton-KluSTr9s/#AoUBFW6k,2026-04-11 14:00,Brentford,Everton,2,2,1.671,2.071,1.71,2.15,7
2025-2026,https://www.oddsportal.com/football/h2h/brentford-xYe7DwID/everton-KluSTr9s/#QNuUsRE8,2026-01-04 16:00,Everton,Brentford,2,4,1.844,1.891,1.91,1.95,7
2025-2026,https://www.oddsportal.com/football/h2h/brentford-xYe7DwID/fulham-69ZiU2Om/#6VpDEbcE,2025-09-20 19:00,Fulham,Brentford,3,1,1.772,1.943,1.8,1.95,6
2025-2026,https://www.oddsportal.com/football/h2h/brentford-xYe7DwID/fulham-69ZiU2Om/#dxqTvmz1,2026-04-18 11:30,Brentford,Fulham,0,0,1.534,2.327,1.57,2.45,7
2025-2026,https://www.oddsportal.com/football/h2h/brentford-xYe7DwID/leeds-tUxUbLR2/#0pMPV53N,2025-12-14 17:30,Brentford,Leeds,1,1,1.85,1.889,1.91,1.95,7
2025-2026,https://www.oddsportal.com/football/h2h/brentford-xYe7DwID/leeds-tUxUbLR2/#UTmdL1wB,2026-03-21 21:00,Leeds,Brentford,0,0,1.661,2.094,1.7,2.2,7
2025-2026,https://www.oddsportal.com/football/h2h/brentford-xYe7DwID/liverpool-lId4TMwf/#2g6E0QZO,2025-10-25 19:00,Brentford,Liverpool,3,2,1.502,2.445,1.53,2.55,6
2025-2026,https://www.oddsportal.com/football/h2h/brentford-xYe7DwID/liverpool-lId4TMwf/#Iqg4E2qA,2026-05-24 15:00,Liverpool,Brentford,1,1,1.41,2.696,1.47,2.8,7
2025-2026,https://www.oddsportal.com/football/h2h/brentford-xYe7DwID/manchester-city-Wtn9Stg0/#4IfWN9Ha,2026-05-09 16:30,Manchester City,Brentford,3,0,1.563,2.27,1.63,2.35,7
2025-2026,https://www.oddsportal.com/football/h2h/brentford-xYe7DwID/manchester-city-Wtn9Stg0/#bkJWOuHj,2025-10-05 15:30,Brentford,Manchester City,0,1,1.597,2.22,1.62,2.3,6
2025-2026,https://www.oddsportal.com/football/h2h/brentford-xYe7DwID/manchester-united-ppjDR086/#pplZJgZg,2025-09-27 11:30,Brentford,Manchester Utd,3,1,1.492,2.483,1.52,2.55,6
2025-2026,https://www.oddsportal.com/football/h2h/brentford-xYe7DwID/manchester-united-ppjDR086/#tQzy4f9T,2026-04-27 19:00,Manchester Utd,Brentford,2,1,1.479,2.5,1.52,2.65,7
2025-2026,https://www.oddsportal.com/football/h2h/brentford-xYe7DwID/newcastle-utd-p6ahwuwJ/#xCSDEX9r,2025-11-09 15:00,Brentford,Newcastle,3,1,1.597,2.22,1.62,2.3,6
2025-2026,https://www.oddsportal.com/football/h2h/brentford-xYe7DwID/newcastle-utd-p6ahwuwJ/#xKSwcCx3,2026-02-07 18:30,Newcastle,Brentford,2,3,1.547,2.316,1.58,2.42,7
2025-2026,https://www.oddsportal.com/football/h2h/brentford-xYe7DwID/nottingham-UsushcZr/#0YV82wnT,2025-08-17 13:00,Nottingham,Brentford,3,1,1.787,1.937,1.8,1.95,6
2025-2026,https://www.oddsportal.com/football/h2h/brentford-xYe7DwID/nottingham-UsushcZr/#4YS4HO1d,2026-01-25 15:00,Brentford,Nottingham,0,2,1.776,1.959,1.82,2.05,7
2025-2026,https://www.oddsportal.com/football/h2h/brentford-xYe7DwID/sunderland-WSzc94ws/#W42aqvjD,2026-01-07 20:30,Brentford,Sunderland,3,0,2.023,1.716,2.05,1.75,7
2025-2026,https://www.oddsportal.com/football/h2h/brentford-xYe7DwID/sunderland-WSzc94ws/#zy6dm1sI,2025-08-30 14:00,Sunderland,Brentford,2,1,1.782,1.94,1.8,1.95,6
2025-2026,https://www.oddsportal.com/football/h2h/brentford-xYe7DwID/tottenham-UDg08Ohm/#AyR0yAZo,2025-12-06 16:00,Tottenham,Brentford,2,0,1.693,2.069,1.72,2.1,7
2025-2026,https://www.oddsportal.com/football/h2h/brentford-xYe7DwID/tottenham-UDg08Ohm/#EqdmT6rI,2026-01-01 21:00,Brentford,Tottenham,0,0,1.717,2.034,1.75,2.1,7
2025-2026,https://www.oddsportal.com/football/h2h/brentford-xYe7DwID/west-ham-Cxq57r8g/#EmnRINZ2,2026-05-02 14:00,Brentford,West Ham,3,0,1.52,2.379,1.55,2.45,7
2025-2026,https://www.oddsportal.com/football/h2h/brentford-xYe7DwID/west-ham-Cxq57r8g/#MLFJBjrQ,2025-10-20 19:00,West Ham,Brentford,0,2,1.672,2.087,1.7,2.12,6
2025-2026,https://www.oddsportal.com/football/h2h/brentford-xYe7DwID/wolves-j3Azpf5d/#0jR7cwU6,2026-03-16 21:00,Brentford,Wolves,2,2,1.721,2.006,1.78,2.15,7
2025-2026,https://www.oddsportal.com/football/h2h/brentford-xYe7DwID/wolves-j3Azpf5d/#vXpF7YFs,2025-12-20 16:00,Wolves,Brentford,0,2,1.749,1.991,1.8,2.1,7
2025-2026,https://www.oddsportal.com/football/h2h/brighton-2XrRecc3/burnley-z3dmTMMO/#8nBqzFe2,2026-01-03 16:00,Brighton,Burnley,2,0,1.839,1.9,1.91,1.95,7
2025-2026,https://www.oddsportal.com/football/h2h/brighton-2XrRecc3/burnley-z3dmTMMO/#rDsJDAy2,2026-04-11 14:00,Burnley,Brighton,0,2,1.713,2.02,1.75,2.1,7
2025-2026,https://www.oddsportal.com/football/h2h/brighton-2XrRecc3/chelsea-4fGZN2oK/#4n4zIX36,2025-09-27 14:00,Chelsea,Brighton,1,3,1.555,2.318,1.62,2.45,6
2025-2026,https://www.oddsportal.com/football/h2h/brighton-2XrRecc3/chelsea-4fGZN2oK/#jubPoemo,2026-04-21 19:00,Brighton,Chelsea,3,0,1.669,2.073,1.7,2.15,7
2025-2026,https://www.oddsportal.com/football/h2h/brighton-2XrRecc3/crystal-palace-AovF1Mia/#6iKUAk97,2025-11-09 15:00,Crystal Palace,Brighton,0,0,1.625,2.172,1.67,2.3,6
2025-2026,https://www.oddsportal.com/football/h2h/brighton-2XrRecc3/crystal-palace-AovF1Mia/#lrdmg9KU,2026-02-08 15:00,Brighton,Crystal Palace,0,1,1.687,2.061,1.72,2.1,7
2025-2026,https://www.oddsportal.com/football/h2h/brighton-2XrRecc3/everton-KluSTr9s/#K4aORSEs,2025-08-24 13:00,Everton,Brighton,2,0,1.655,2.108,1.7,2.15,6
2025-2026,https://www.oddsportal.com/football/h2h/brighton-2XrRecc3/everton-KluSTr9s/#vPKFVEM6,2026-01-31 16:00,Brighton,Everton,1,1,1.801,1.929,1.85,2.0,7
2025-2026,https://www.oddsportal.com/football/h2h/brighton-2XrRecc3/fulham-69ZiU2Om/#KON04aHG,2025-08-16 14:00,Brighton,Fulham,1,1,1.737,2.007,1.8,2.1,6
2025-2026,https://www.oddsportal.com/football/h2h/brighton-2XrRecc3/fulham-69ZiU2Om/#hhUuJyw1,2026-01-24 16:00,Fulham,Brighton,2,1,1.614,2.186,1.67,2.3,7
2025-2026,https://www.oddsportal.com/football/h2h/brighton-2XrRecc3/leeds-tUxUbLR2/#EgB7VpZb,2025-11-01 16:00,Brighton,Leeds,3,0,1.707,2.052,1.75,2.1,6
2025-2026,https://www.oddsportal.com/football/h2h/brighton-2XrRecc3/leeds-tUxUbLR2/#OM7eo4FN,2026-05-17 14:00,Leeds,Brighton,1,0,1.696,2.046,1.75,2.12,7
2025-2026,https://www.oddsportal.com/football/h2h/brighton-2XrRecc3/liverpool-lId4TMwf/#bm4x5tgU,2026-03-21 13:30,Brighton,Liverpool,2,1,1.479,2.494,1.5,2.55,7
2025-2026,https://www.oddsportal.com/football/h2h/brighton-2XrRecc3/liverpool-lId4TMwf/#vysap5IG,2025-12-13 16:00,Liverpool,Brighton,2,0,1.577,2.274,1.62,2.4,7
2025-2026,https://www.oddsportal.com/football/h2h/brighton-2XrRecc3/manchester-city-Wtn9Stg0/#882rqVeU,2026-01-07 20:30,Manchester City,Brighton,1,1,1.546,2.31,1.6,2.42,7
2025-2026,https://www.oddsportal.com/football/h2h/brighton-2XrRecc3/manchester-city-Wtn9Stg0/#CYh6xpTa,2025-08-31 13:00,Brighton,Manchester City,2,1,1.472,2.5,1.5,2.5,6
2025-2026,https://www.oddsportal.com/football/h2h/brighton-2XrRecc3/manchester-united-ppjDR086/#rDRmFPlI,2025-10-25 16:30,Manchester Utd,Brighton,4,2,1.46,2.565,1.5,2.65,6
2025-2026,https://www.oddsportal.com/football/h2h/brighton-2XrRecc3/manchester-united-ppjDR086/#xQXUa3UG,2026-05-24 15:00,Brighton,Manchester Utd,0,3,1.434,2.62,1.46,2.76,7
2025-2026,https://www.oddsportal.com/football/h2h/brighton-2XrRecc3/newcastle-utd-p6ahwuwJ/#6Rf1c0NF,2025-10-18 14:00,Brighton,Newcastle,2,1,1.56,2.297,1.57,2.4,6
2025-2026,https://www.oddsportal.com/football/h2h/brighton-2XrRecc3/newcastle-utd-p6ahwuwJ/#tO58V0J8,2026-05-02 14:00,Newcastle,Brighton,3,1,1.534,2.331,1.57,2.45,7
2025-2026,https://www.oddsportal.com/football/h2h/brighton-2XrRecc3/nottingham-UsushcZr/#8hnW2eCM,2025-11-30 15:05,Nottingham,Brighton,0,2,1.676,2.074,1.7,2.12,7
2025-2026,https://www.oddsportal.com/football/h2h/brighton-2XrRecc3/nottingham-UsushcZr/#lfdXJWuo,2026-03-01 15:00,Brighton,Nottingham,2,1,1.699,2.047,1.75,2.15,7
2025-2026,https://www.oddsportal.com/football/h2h/brighton-2XrRecc3/sunderland-WSzc94ws/#0SK4C6ft,2026-03-14 16:00,Sunderland,Brighton,0,1,1.773,1.96,1.8,2.05,7
2025-2026,https://www.oddsportal.com/football/h2h/brighton-2XrRecc3/sunderland-WSzc94ws/#hMmFxEG7,2025-12-20 16:00,Brighton,Sunderland,0,0,1.739,2.0,1.78,2.1,7
2025-2026,https://www.oddsportal.com/football/h2h/brighton-2XrRecc3/tottenham-UDg08Ohm/#GS2L889e,2025-09-20 14:00,Brighton,Tottenham,2,2,1.538,2.318,1.57,2.4,6
2025-2026,https://www.oddsportal.com/football/h2h/brighton-2XrRecc3/tottenham-UDg08Ohm/#xAqy8o4m,2026-04-18 16:30,Tottenham,Brighton,2,2,1.523,2.369,1.57,2.45,7
2025-2026,https://www.oddsportal.com/football/h2h/brighton-2XrRecc3/west-ham-Cxq57r8g/#OtEcqJYF,2025-12-30 20:30,West Ham,Brighton,2,2,1.586,2.257,1.62,2.45,7
2025-2026,https://www.oddsportal.com/football/h2h/brighton-2XrRecc3/west-ham-Cxq57r8g/#z1s3Mt9C,2025-12-07 15:00,Brighton,West Ham,1,1,1.604,2.21,1.63,2.3,7
2025-2026,https://www.oddsportal.com/football/h2h/brighton-2XrRecc3/wolves-j3Azpf5d/#0EP0aMh3,2025-10-05 13:00,Wolves,Brighton,1,1,1.603,2.217,1.62,2.3,6
2025-2026,https://www.oddsportal.com/football/h2h/brighton-2XrRecc3/wolves-j3Azpf5d/#YLpmOIBr,2026-05-09 14:00,Brighton,Wolves,3,0,1.917,1.803,2.0,1.9,7
2025-2026,https://www.oddsportal.com/football/h2h/burnley-z3dmTMMO/chelsea-4fGZN2oK/#Eivnz6xJ,2025-11-22 13:30,Burnley,Chelsea,0,2,1.703,2.052,1.73,2.06,6
2025-2026,https://www.oddsportal.com/football/h2h/burnley-z3dmTMMO/chelsea-4fGZN2oK/#IXIjB2cD,2026-02-21 16:00,Chelsea,Burnley,1,1,1.919,1.809,1.98,1.9,7
2025-2026,https://www.oddsportal.com/football/h2h/burnley-z3dmTMMO/crystal-palace-AovF1Mia/#0Akh8jl2,2025-12-03 20:30,Burnley,Crystal Palace,0,1,2.02,1.727,2.05,1.85,7
2025-2026,https://www.oddsportal.com/football/h2h/burnley-z3dmTMMO/crystal-palace-AovF1Mia/#AP8E9kM8,2026-02-11 20:30,Crystal Palace,Burnley,2,3,1.87,1.859,1.95,1.95,7
2025-2026,https://www.oddsportal.com/football/h2h/burnley-z3dmTMMO/everton-KluSTr9s/#E9uv2UqJ,2025-12-27 16:00,Burnley,Everton,0,0,2.031,1.719,2.05,1.83,7
2025-2026,https://www.oddsportal.com/football/h2h/burnley-z3dmTMMO/everton-KluSTr9s/#t8Hq7j13,2026-03-03 20:30,Everton,Burnley,2,0,2.011,1.729,2.05,1.85,7
2025-2026,https://www.oddsportal.com/football/h2h/burnley-z3dmTMMO/fulham-69ZiU2Om/#8EamNN8b,2026-03-21 16:00,Fulham,Burnley,3,1,1.716,2.017,1.78,2.1,7
2025-2026,https://www.oddsportal.com/football/h2h/burnley-z3dmTMMO/fulham-69ZiU2Om/#dG7eQqRp,2025-12-13 18:30,Burnley,Fulham,2,3,1.831,1.896,1.87,1.95,7
2025-2026,https://www.oddsportal.com/football/h2h/burnley-z3dmTMMO/leeds-tUxUbLR2/#EBUD9Jdk,2026-05-01 19:00,Leeds,Burnley,3,1,1.927,1.789,2.0,1.9,7
2025-2026,https://www.oddsportal.com/football/h2h/burnley-z3dmTMMO/leeds-tUxUbLR2/#Eib9evhS,2025-10-18 14:00,Burnley,Leeds,2,0,1.928,1.8,1.95,1.85,6
2025-2026,https://www.oddsportal.com/football/h2h/burnley-z3dmTMMO/liverpool-lId4TMwf/#231BsWAd,2025-09-14 13:00,Burnley,Liverpool,0,1,1.783,1.928,1.82,1.95,6
2025-2026,https://www.oddsportal.com/football/h2h/burnley-z3dmTMMO/liverpool-lId4TMwf/#4jMzEke4,2026-01-17 16:00,Liverpool,Burnley,1,1,2.057,1.68,2.15,1.73,7
2025-2026,https://www.oddsportal.com/football/h2h/burnley-z3dmTMMO/manchester-city-Wtn9Stg0/#6mtC9buh,2026-04-22 19:00,Burnley,Manchester City,0,1,2.013,1.72,2.1,1.75,7
2025-2026,https://www.oddsportal.com/football/h2h/burnley-z3dmTMMO/manchester-city-Wtn9Stg0/#vHKAJpuB,2025-09-27 14:00,Manchester City,Burnley,5,1,2.073,1.688,2.2,1.78,6
2025-2026,https://www.oddsportal.com/football/h2h/burnley-z3dmTMMO/manchester-united-ppjDR086/#6eEuiqrg,2025-08-30 14:00,Manchester Utd,Burnley,3,2,1.78,1.942,1.8,1.97,6
2025-2026,https://www.oddsportal.com/football/h2h/burnley-z3dmTMMO/manchester-united-ppjDR086/#AZ3Bject,2026-01-07 21:15,Burnley,Manchester Utd,2,2,1.766,1.976,1.8,2.1,7
2025-2026,https://www.oddsportal.com/football/h2h/burnley-z3dmTMMO/newcastle-utd-p6ahwuwJ/#OphrJSJH,2025-12-06 16:00,Newcastle,Burnley,2,1,1.887,1.846,1.91,1.91,7
2025-2026,https://www.oddsportal.com/football/h2h/burnley-z3dmTMMO/newcastle-utd-p6ahwuwJ/#pWIKAbSj,2025-12-30 20:30,Burnley,Newcastle,1,3,1.793,1.929,1.85,2.05,7
2025-2026,https://www.oddsportal.com/football/h2h/burnley-z3dmTMMO/nottingham-UsushcZr/#hx84D7tQ,2026-04-19 13:00,Nottingham,Burnley,4,1,1.86,1.874,1.91,1.95,7
2025-2026,https://www.oddsportal.com/football/h2h/burnley-z3dmTMMO/nottingham-UsushcZr/#lfGS6nv8,2025-09-20 14:00,Burnley,Nottingham,1,1,1.827,1.917,1.91,1.95,6
2025-2026,https://www.oddsportal.com/football/h2h/burnley-z3dmTMMO/sunderland-WSzc94ws/#8QV59oaD,2025-08-23 14:00,Burnley,Sunderland,2,0,1.912,1.805,1.95,1.85,6
2025-2026,https://www.oddsportal.com/football/h2h/burnley-z3dmTMMO/sunderland-WSzc94ws/#M7x6tWzP,2026-02-02 21:00,Sunderland,Burnley,3,0,2.121,1.664,2.2,1.84,7
2025-2026,https://www.oddsportal.com/football/h2h/burnley-z3dmTMMO/tottenham-UDg08Ohm/#CCaRKK1c,2025-08-16 14:00,Tottenham,Burnley,3,0,1.908,1.812,1.95,1.9,6
2025-2026,https://www.oddsportal.com/football/h2h/burnley-z3dmTMMO/tottenham-UDg08Ohm/#KtBiuSg3,2026-01-24 16:00,Burnley,Tottenham,2,2,1.849,1.887,1.91,1.95,7
2025-2026,https://www.oddsportal.com/football/h2h/burnley-z3dmTMMO/west-ham-Cxq57r8g/#UyEecLWo,2026-02-07 16:00,Burnley,West Ham,0,2,1.577,2.261,1.62,2.45,7
2025-2026,https://www.oddsportal.com/football/h2h/burnley-z3dmTMMO/west-ham-Cxq57r8g/#YJmioWpK,2025-11-08 16:00,West Ham,Burnley,3,2,1.783,1.96,1.8,2.05,6
2025-2026,https://www.oddsportal.com/football/h2h/burnley-z3dmTMMO/wolves-j3Azpf5d/#buMwbsaT,2026-05-24 15:00,Burnley,Wolves,1,1,1.581,2.227,1.62,2.3,7
2025-2026,https://www.oddsportal.com/football/h2h/burnley-z3dmTMMO/wolves-j3Azpf5d/#hvNbX64n,2025-10-26 15:00,Wolves,Burnley,2,3,1.967,1.765,2.0,1.88,6
2025-2026,https://www.oddsportal.com/football/h2h/chelsea-4fGZN2oK/crystal-palace-AovF1Mia/#hf9aw6OF,2026-01-25 15:00,Crystal Palace,Chelsea,1,3,1.621,2.169,1.67,2.3,7
2025-2026,https://www.oddsportal.com/football/h2h/chelsea-4fGZN2oK/crystal-palace-AovF1Mia/#thirHx1M,2025-08-17 13:00,Chelsea,Crystal Palace,0,0,1.64,2.138,1.7,2.2,6
2025-2026,https://www.oddsportal.com/football/h2h/chelsea-4fGZN2oK/everton-KluSTr9s/#0lduPqvn,2026-03-21 18:30,Everton,Chelsea,3,0,1.64,2.127,1.67,2.2,7
2025-2026,https://www.oddsportal.com/football/h2h/chelsea-4fGZN2oK/everton-KluSTr9s/#COkrlmJi,2025-12-13 16:00,Chelsea,Everton,2,0,1.771,1.957,1.8,2.1,7
2025-2026,https://www.oddsportal.com/football/h2h/chelsea-4fGZN2oK/fulham-69ZiU2Om/#80nFzOcC,2025-08-30 11:30,Chelsea,Fulham,2,0,1.752,1.973,1.8,2.15,6
2025-2026,https://www.oddsportal.com/football/h2h/chelsea-4fGZN2oK/fulham-69ZiU2Om/#Ct9ZpiRH,2026-01-07 20:30,Fulham,Chelsea,2,1,1.714,2.036,1.75,2.1,7
2025-2026,https://www.oddsportal.com/football/h2h/chelsea-4fGZN2oK/leeds-tUxUbLR2/#dpRRonU1,2026-02-10 20:30,Chelsea,Leeds,2,2,1.711,2.029,1.75,2.1,7
2025-2026,https://www.oddsportal.com/football/h2h/chelsea-4fGZN2oK/leeds-tUxUbLR2/#lWVnUXAL,2025-12-03 21:15,Leeds,Chelsea,3,1,1.824,1.914,1.91,2.0,7
2025-2026,https://www.oddsportal.com/football/h2h/chelsea-4fGZN2oK/liverpool-lId4TMwf/#8j1NPVnm,2026-05-09 11:30,Liverpool,Chelsea,1,1,1.51,2.41,1.55,2.55,7
2025-2026,https://www.oddsportal.com/football/h2h/chelsea-4fGZN2oK/liverpool-lId4TMwf/#Ec1Jnq9c,2025-10-04 16:30,Chelsea,Liverpool,2,1,1.465,2.553,1.5,2.65,6
2025-2026,https://www.oddsportal.com/football/h2h/chelsea-4fGZN2oK/manchester-city-Wtn9Stg0/#bLP5yET8,2026-04-12 15:30,Chelsea,Manchester City,0,3,1.457,2.553,1.5,2.65,7
2025-2026,https://www.oddsportal.com/football/h2h/chelsea-4fGZN2oK/manchester-city-Wtn9Stg0/#lMp9YMye,2026-01-04 18:30,Manchester City,Chelsea,1,1,1.476,2.524,1.51,2.6,7
2025-2026,https://www.oddsportal.com/football/h2h/chelsea-4fGZN2oK/manchester-united-ppjDR086/#42nywR4D,2026-04-18 19:00,Chelsea,Manchester Utd,0,1,1.424,2.653,1.47,2.75,7
2025-2026,https://www.oddsportal.com/football/h2h/chelsea-4fGZN2oK/manchester-united-ppjDR086/#bTPi7Gkl,2025-09-20 16:30,Manchester Utd,Chelsea,2,1,1.463,2.542,1.5,2.6,6
2025-2026,https://www.oddsportal.com/football/h2h/chelsea-4fGZN2oK/newcastle-utd-p6ahwuwJ/#EkHdki0D,2025-12-20 13:30,Newcastle,Chelsea,2,2,1.51,2.417,1.53,2.5,7
2025-2026,https://www.oddsportal.com/football/h2h/chelsea-4fGZN2oK/newcastle-utd-p6ahwuwJ/#juf03THP,2026-03-14 18:30,Chelsea,Newcastle,0,1,1.494,2.471,1.55,2.6,7
2025-2026,https://www.oddsportal.com/football/h2h/chelsea-4fGZN2oK/nottingham-UsushcZr/#n1pZG14F,2026-05-04 14:00,Chelsea,Nottingham,1,3,1.77,1.947,1.83,2.0,7
2025-2026,https://www.oddsportal.com/football/h2h/chelsea-4fGZN2oK/nottingham-UsushcZr/#nqyHiVjf,2025-10-18 11:30,Nottingham,Chelsea,0,3,1.64,2.152,1.67,2.25,6
2025-2026,https://www.oddsportal.com/football/h2h/chelsea-4fGZN2oK/sunderland-WSzc94ws/#40PohCS7,2026-05-24 15:00,Sunderland,Chelsea,2,1,1.594,2.201,1.63,2.26,7
2025-2026,https://www.oddsportal.com/football/h2h/chelsea-4fGZN2oK/sunderland-WSzc94ws/#67WOKTKt,2025-10-25 14:00,Chelsea,Sunderland,1,2,1.882,1.867,1.93,1.95,6
2025-2026,https://www.oddsportal.com/football/h2h/chelsea-4fGZN2oK/tottenham-UDg08Ohm/#KzdmbCP1,2025-11-01 18:30,Tottenham,Chelsea,0,1,1.592,2.243,1.62,2.3,6
2025-2026,https://www.oddsportal.com/football/h2h/chelsea-4fGZN2oK/tottenham-UDg08Ohm/#Uu6uknGb,2026-05-19 19:15,Chelsea,Tottenham,2,1,1.666,2.067,1.7,2.15,7
2025-2026,https://www.oddsportal.com/football/h2h/chelsea-4fGZN2oK/west-ham-Cxq57r8g/#M3ERqSzQ,2025-08-22 19:00,West Ham,Chelsea,1,5,1.675,2.075,1.7,2.15,6
2025-2026,https://www.oddsportal.com/football/h2h/chelsea-4fGZN2oK/west-ham-Cxq57r8g/#nkONThiJ,2026-01-31 18:30,Chelsea,West Ham,3,2,1.56,2.287,1.62,2.4,7
2025-2026,https://www.oddsportal.com/football/h2h/chelsea-4fGZN2oK/wolves-j3Azpf5d/#bRGMCBve,2025-11-08 21:00,Chelsea,Wolves,3,0,1.797,1.928,1.83,2.0,6
2025-2026,https://www.oddsportal.com/football/h2h/chelsea-4fGZN2oK/wolves-j3Azpf5d/#dMruej7F,2026-02-07 16:00,Wolves,Chelsea,1,3,1.657,2.099,1.68,2.2,7
2025-2026,https://www.oddsportal.com/football/h2h/crystal-palace-AovF1Mia/everton-KluSTr9s/#Kf4RpNwA,2025-10-05 13:00,Everton,Crystal Palace,2,1,1.888,1.837,1.95,1.9,6
2025-2026,https://www.oddsportal.com/football/h2h/crystal-palace-AovF1Mia/everton-KluSTr9s/#Med3KzB7,2026-05-10 13:00,Crystal Palace,Everton,2,2,1.721,2.013,1.75,2.05,7
2025-2026,https://www.oddsportal.com/football/h2h/crystal-palace-AovF1Mia/fulham-69ZiU2Om/#844FWukA,2026-01-01 18:30,Crystal Palace,Fulham,1,1,1.82,1.926,1.91,2.05,7
2025-2026,https://www.oddsportal.com/football/h2h/crystal-palace-AovF1Mia/fulham-69ZiU2Om/#l8cJOWkt,2025-12-07 17:30,Fulham,Crystal Palace,1,2,1.696,2.056,1.75,2.15,7
2025-2026,https://www.oddsportal.com/football/h2h/crystal-palace-AovF1Mia/leeds-tUxUbLR2/#0EuWc7um,2026-03-15 15:00,Crystal Palace,Leeds,0,0,1.766,1.951,1.8,2.0,7
2025-2026,https://www.oddsportal.com/football/h2h/crystal-palace-AovF1Mia/leeds-tUxUbLR2/#pAPugZ0l,2025-12-20 21:00,Leeds,Crystal Palace,4,1,1.944,1.781,2.0,1.85,7
2025-2026,https://www.oddsportal.com/football/h2h/crystal-palace-AovF1Mia/liverpool-lId4TMwf/#CC7rGBYI,2025-09-27 14:00,Crystal Palace,Liverpool,2,1,1.625,2.183,1.67,2.3,6
2025-2026,https://www.oddsportal.com/football/h2h/crystal-palace-AovF1Mia/liverpool-lId4TMwf/#YaXS5GvH,2026-04-25 14:00,Liverpool,Crystal Palace,3,1,1.55,2.284,1.6,2.35,7
2025-2026,https://www.oddsportal.com/football/h2h/crystal-palace-AovF1Mia/manchester-city-Wtn9Stg0/#ILhjnRm4,2025-12-14 15:00,Crystal Palace,Manchester City,0,3,1.626,2.164,1.67,2.3,7
2025-2026,https://www.oddsportal.com/football/h2h/crystal-palace-AovF1Mia/manchester-city-Wtn9Stg0/#xfi4Ju8N,2026-05-13 19:00,Manchester City,Crystal Palace,3,0,1.736,1.99,1.83,2.12,7
2025-2026,https://www.oddsportal.com/football/h2h/crystal-palace-AovF1Mia/manchester-united-ppjDR086/#EJzyqzLj,2025-11-30 13:00,Crystal Palace,Manchester Utd,1,2,1.59,2.23,1.62,2.3,7
2025-2026,https://www.oddsportal.com/football/h2h/crystal-palace-AovF1Mia/manchester-united-ppjDR086/#vqBFW9Pj,2026-03-01 15:00,Manchester Utd,Crystal Palace,2,1,1.764,1.969,1.82,2.15,7
2025-2026,https://www.oddsportal.com/football/h2h/crystal-palace-AovF1Mia/newcastle-utd-p6ahwuwJ/#AyZHW067,2026-01-04 16:00,Newcastle,Crystal Palace,2,0,1.696,2.051,1.75,2.15,7
2025-2026,https://www.oddsportal.com/football/h2h/crystal-palace-AovF1Mia/newcastle-utd-p6ahwuwJ/#WYNDZibL,2026-04-12 13:00,Crystal Palace,Newcastle,2,1,1.653,2.107,1.7,2.18,7
2025-2026,https://www.oddsportal.com/football/h2h/crystal-palace-AovF1Mia/nottingham-UsushcZr/#OYDhXliK,2025-08-24 13:00,Crystal Palace,Nottingham,1,1,1.798,1.938,1.91,2.05,6
2025-2026,https://www.oddsportal.com/football/h2h/crystal-palace-AovF1Mia/nottingham-UsushcZr/#Quqcrh6C,2026-02-01 15:00,Nottingham,Crystal Palace,1,1,1.894,1.83,1.95,1.88,7
2025-2026,https://www.oddsportal.com/football/h2h/crystal-palace-AovF1Mia/sunderland-WSzc94ws/#tn6j5Z23,2025-09-13 14:00,Crystal Palace,Sunderland,0,0,2.06,1.687,2.1,1.75,6
2025-2026,https://www.oddsportal.com/football/h2h/crystal-palace-AovF1Mia/sunderland-WSzc94ws/#xb9N4oIj,2026-01-17 16:00,Sunderland,Crystal Palace,2,1,1.864,1.871,1.91,1.93,7
2025-2026,https://www.oddsportal.com/football/h2h/crystal-palace-AovF1Mia/tottenham-UDg08Ohm/#Qm9dKBam,2025-12-28 17:30,Crystal Palace,Tottenham,0,1,1.689,2.071,1.75,2.15,7
2025-2026,https://www.oddsportal.com/football/h2h/crystal-palace-AovF1Mia/tottenham-UDg08Ohm/#vwIIJTp9,2026-03-05 21:00,Tottenham,Crystal Palace,1,3,1.647,2.12,1.7,2.25,7
2025-2026,https://www.oddsportal.com/football/h2h/crystal-palace-AovF1Mia/west-ham-Cxq57r8g/#QuH83YlD,2025-09-20 14:00,West Ham,Crystal Palace,1,2,1.603,2.213,1.62,2.25,6
2025-2026,https://www.oddsportal.com/football/h2h/crystal-palace-AovF1Mia/west-ham-Cxq57r8g/#pbPN0UdK,2026-04-20 19:00,Crystal Palace,West Ham,0,0,1.607,2.19,1.63,2.25,7
2025-2026,https://www.oddsportal.com/football/h2h/crystal-palace-AovF1Mia/wolves-j3Azpf5d/#bTewZ5kK,2026-02-22 15:00,Crystal Palace,Wolves,1,0,1.781,1.943,1.82,2.05,7
2025-2026,https://www.oddsportal.com/football/h2h/crystal-palace-AovF1Mia/wolves-j3Azpf5d/#ht4uf0Ti,2025-11-22 16:00,Wolves,Crystal Palace,0,2,1.838,1.91,1.91,1.95,6
2025-2026,https://www.oddsportal.com/football/h2h/everton-KluSTr9s/fulham-69ZiU2Om/#Ma2HYh1E,2025-11-08 16:00,Everton,Fulham,2,0,1.825,1.93,1.91,2.0,6
2025-2026,https://www.oddsportal.com/football/h2h/everton-KluSTr9s/fulham-69ZiU2Om/#MqW2ea1b,2026-02-07 16:00,Fulham,Everton,1,2,1.697,2.046,1.72,2.15,7
2025-2026,https://www.oddsportal.com/football/h2h/everton-KluSTr9s/leeds-tUxUbLR2/#neRXKc8l,2026-01-26 21:00,Everton,Leeds,1,1,1.901,1.82,1.95,1.88,7
2025-2026,https://www.oddsportal.com/football/h2h/everton-KluSTr9s/leeds-tUxUbLR2/#ngWM9fgd,2025-08-18 19:00,Leeds,Everton,1,0,1.842,1.898,1.91,1.95,6
2025-2026,https://www.oddsportal.com/football/h2h/everton-KluSTr9s/liverpool-lId4TMwf/#GtGge8Ks,2026-04-19 13:00,Everton,Liverpool,1,2,1.596,2.221,1.62,2.3,7
2025-2026,https://www.oddsportal.com/football/h2h/everton-KluSTr9s/liverpool-lId4TMwf/#vqqLCxSQ,2025-09-20 11:30,Liverpool,Everton,2,1,1.795,1.943,1.87,2.0,6
2025-2026,https://www.oddsportal.com/football/h2h/everton-KluSTr9s/manchester-city-Wtn9Stg0/#jHs8giMs,2025-10-18 14:00,Manchester City,Everton,2,0,1.79,1.935,1.86,1.98,6
2025-2026,https://www.oddsportal.com/football/h2h/everton-KluSTr9s/manchester-city-Wtn9Stg0/#rTwrFuZR,2026-05-04 19:00,Everton,Manchester City,3,3,1.706,2.03,1.75,2.1,7
2025-2026,https://www.oddsportal.com/football/h2h/everton-KluSTr9s/manchester-united-ppjDR086/#UBn9TqDs,2026-02-23 21:00,Everton,Manchester Utd,0,1,1.623,2.174,1.67,2.35,7
2025-2026,https://www.oddsportal.com/football/h2h/everton-KluSTr9s/manchester-united-ppjDR086/#Y1fLl5iC,2025-11-24 21:00,Manchester Utd,Everton,0,1,1.686,2.06,1.7,2.1,7
2025-2026,https://www.oddsportal.com/football/h2h/everton-KluSTr9s/newcastle-utd-p6ahwuwJ/#Wxb1fDHc,2026-02-28 16:00,Newcastle,Everton,2,3,1.699,2.047,1.75,2.15,7
2025-2026,https://www.oddsportal.com/football/h2h/everton-KluSTr9s/newcastle-utd-p6ahwuwJ/#vDfF6wDc,2025-11-29 18:30,Everton,Newcastle,1,4,1.639,2.131,1.67,2.2,7
2025-2026,https://www.oddsportal.com/football/h2h/everton-KluSTr9s/nottingham-UsushcZr/#rRpBKKwP,2025-12-06 16:00,Everton,Nottingham,3,0,1.83,1.9,1.91,2.0,7
2025-2026,https://www.oddsportal.com/football/h2h/everton-KluSTr9s/nottingham-UsushcZr/#zLX2NyCd,2025-12-30 20:30,Nottingham,Everton,0,2,1.977,1.751,2.0,1.83,7
2025-2026,https://www.oddsportal.com/football/h2h/everton-KluSTr9s/sunderland-WSzc94ws/#O82v0Yfk,2025-11-03 21:00,Sunderland,Everton,1,1,1.977,1.755,2.0,1.78,6
2025-2026,https://www.oddsportal.com/football/h2h/everton-KluSTr9s/sunderland-WSzc94ws/#jeflmQpB,2026-05-17 14:00,Everton,Sunderland,1,3,1.76,1.959,1.8,2.02,7
2025-2026,https://www.oddsportal.com/football/h2h/everton-KluSTr9s/tottenham-UDg08Ohm/#EXZWI7kg,2025-10-26 17:30,Everton,Tottenham,0,3,1.687,2.075,1.7,2.1,6
2025-2026,https://www.oddsportal.com/football/h2h/everton-KluSTr9s/tottenham-UDg08Ohm/#W6HXFFKE,2026-05-24 15:00,Tottenham,Everton,1,0,1.78,1.941,1.83,2.05,7
2025-2026,https://www.oddsportal.com/football/h2h/everton-KluSTr9s/west-ham-Cxq57r8g/#h44gMyPc,2026-04-25 14:00,West Ham,Everton,2,1,1.604,2.2,1.66,2.25,7
2025-2026,https://www.oddsportal.com/football/h2h/everton-KluSTr9s/west-ham-Cxq57r8g/#js9fNSun,2025-09-29 19:00,Everton,West Ham,1,1,1.84,1.903,1.91,2.0,6
2025-2026,https://www.oddsportal.com/football/h2h/everton-KluSTr9s/wolves-j3Azpf5d/#69gE5rcn,2025-08-30 14:00,Wolves,Everton,2,3,2.012,1.728,2.1,1.95,6
2025-2026,https://www.oddsportal.com/football/h2h/everton-KluSTr9s/wolves-j3Azpf5d/#vTARnDd5,2026-01-07 20:30,Everton,Wolves,1,1,1.861,1.881,1.91,1.95,7
2025-2026,https://www.oddsportal.com/football/h2h/fulham-69ZiU2Om/leeds-tUxUbLR2/#ARc71i2S,2025-09-13 14:00,Fulham,Leeds,1,0,1.842,1.898,1.91,1.95,6
2025-2026,https://www.oddsportal.com/football/h2h/fulham-69ZiU2Om/leeds-tUxUbLR2/#dQISFBQi,2026-01-17 16:00,Leeds,Fulham,1,0,1.707,2.036,1.8,2.15,7
2025-2026,https://www.oddsportal.com/football/h2h/fulham-69ZiU2Om/liverpool-lId4TMwf/#byvxt5qL,2026-01-04 16:15,Fulham,Liverpool,2,2,1.73,2.011,1.75,2.1,7
2025-2026,https://www.oddsportal.com/football/h2h/fulham-69ZiU2Om/liverpool-lId4TMwf/#jJ4pUVLr,2026-04-11 16:30,Liverpool,Fulham,2,0,1.491,2.47,1.55,2.52,7
2025-2026,https://www.oddsportal.com/football/h2h/fulham-69ZiU2Om/manchester-city-Wtn9Stg0/#2Nmg27Er,2026-02-11 20:30,Manchester City,Fulham,3,0,1.639,2.15,1.68,2.25,7
2025-2026,https://www.oddsportal.com/football/h2h/fulham-69ZiU2Om/manchester-city-Wtn9Stg0/#GIXvWgt9,2025-12-02 20:30,Fulham,Manchester City,4,5,1.704,2.051,1.75,2.15,7
2025-2026,https://www.oddsportal.com/football/h2h/fulham-69ZiU2Om/manchester-united-ppjDR086/#QHUOP6qf,2025-08-24 15:30,Fulham,Manchester Utd,1,1,1.62,2.172,1.67,2.25,6
2025-2026,https://www.oddsportal.com/football/h2h/fulham-69ZiU2Om/manchester-united-ppjDR086/#hSpkpEy0,2026-02-01 15:00,Manchester Utd,Fulham,3,2,1.561,2.291,1.61,2.45,7
2025-2026,https://www.oddsportal.com/football/h2h/fulham-69ZiU2Om/newcastle-utd-p6ahwuwJ/#2FskD3JU,2025-10-25 14:00,Newcastle,Fulham,2,1,1.79,1.947,1.82,2.05,6
2025-2026,https://www.oddsportal.com/football/h2h/fulham-69ZiU2Om/newcastle-utd-p6ahwuwJ/#pWfdGOEc,2026-05-24 15:00,Fulham,Newcastle,2,0,1.399,2.73,1.42,2.8,7
2025-2026,https://www.oddsportal.com/football/h2h/fulham-69ZiU2Om/nottingham-UsushcZr/#QLQeh39O,2026-03-15 15:00,Nottingham,Fulham,0,0,1.749,1.986,1.8,2.05,7
2025-2026,https://www.oddsportal.com/football/h2h/fulham-69ZiU2Om/nottingham-UsushcZr/#QPr9bewR,2025-12-22 21:00,Fulham,Nottingham,1,0,1.669,2.093,1.7,2.15,7
2025-2026,https://www.oddsportal.com/football/h2h/fulham-69ZiU2Om/sunderland-WSzc94ws/#IgfRNusJ,2026-02-22 15:00,Sunderland,Fulham,1,3,2.875,3.212,3.0,3.3,8
2025-2026,https://www.oddsportal.com/football/h2h/fulham-69ZiU2Om/sunderland-WSzc94ws/#fmHYc9UP,2025-11-22 16:00,Fulham,Sunderland,1,0,1.853,1.892,1.91,1.91,6
2025-2026,https://www.oddsportal.com/football/h2h/fulham-69ZiU2Om/tottenham-UDg08Ohm/#CSsSuE24,2026-03-01 15:00,Fulham,Tottenham,2,1,1.557,2.293,1.58,2.45,7
2025-2026,https://www.oddsportal.com/football/h2h/fulham-69ZiU2Om/tottenham-UDg08Ohm/#YZVAeD4d,2025-11-29 21:00,Tottenham,Fulham,1,2,1.624,2.171,1.67,2.25,7
2025-2026,https://www.oddsportal.com/football/h2h/fulham-69ZiU2Om/west-ham-Cxq57r8g/#CKaWWlqg,2025-12-27 16:00,West Ham,Fulham,0,1,1.663,2.103,1.72,2.15,7
2025-2026,https://www.oddsportal.com/football/h2h/fulham-69ZiU2Om/west-ham-Cxq57r8g/#ELFi5UVF,2026-03-04 20:30,Fulham,West Ham,0,1,1.509,2.414,1.53,2.5,7
2025-2026,https://www.oddsportal.com/football/h2h/fulham-69ZiU2Om/wolves-j3Azpf5d/#ClgfMtdo,2025-11-01 16:00,Fulham,Wolves,3,0,1.768,1.965,1.8,2.05,6
2025-2026,https://www.oddsportal.com/football/h2h/fulham-69ZiU2Om/wolves-j3Azpf5d/#WSUM1Pa4,2026-05-17 14:00,Wolves,Fulham,1,1,1.723,2.006,1.75,2.05,7
2025-2026,https://www.oddsportal.com/football/h2h/leeds-tUxUbLR2/liverpool-lId4TMwf/#UJhOUJJM,2026-01-01 18:30,Liverpool,Leeds,0,0,1.826,1.903,1.87,1.95,7
2025-2026,https://www.oddsportal.com/football/h2h/leeds-tUxUbLR2/liverpool-lId4TMwf/#dY0RMAKh,2025-12-06 18:30,Leeds,Liverpool,3,3,1.679,2.076,1.72,2.15,7
2025-2026,https://www.oddsportal.com/football/h2h/leeds-tUxUbLR2/manchester-city-Wtn9Stg0/#YsWzvhXG,2026-02-28 18:30,Leeds,Manchester City,0,1,1.751,1.986,1.8,2.1,7
2025-2026,https://www.oddsportal.com/football/h2h/leeds-tUxUbLR2/manchester-city-Wtn9Stg0/#nwbN4HsA,2025-11-29 16:00,Manchester City,Leeds,3,2,1.82,1.901,1.85,1.95,7
2025-2026,https://www.oddsportal.com/football/h2h/leeds-tUxUbLR2/manchester-united-ppjDR086/#dG7hS9je,2026-04-13 19:00,Manchester Utd,Leeds,1,2,1.654,2.111,1.7,2.25,7
2025-2026,https://www.oddsportal.com/football/h2h/leeds-tUxUbLR2/manchester-united-ppjDR086/#tds1zq7r,2026-01-04 13:30,Leeds,Manchester Utd,1,1,1.693,2.051,1.73,2.12,7
2025-2026,https://www.oddsportal.com/football/h2h/leeds-tUxUbLR2/newcastle-utd-p6ahwuwJ/#GQkNY1SO,2025-08-30 16:30,Leeds,Newcastle,0,0,1.838,1.902,1.91,1.95,6
2025-2026,https://www.oddsportal.com/football/h2h/leeds-tUxUbLR2/newcastle-utd-p6ahwuwJ/#d4sh3Ytn,2026-01-07 21:15,Newcastle,Leeds,4,3,1.771,1.959,1.82,2.1,7
2025-2026,https://www.oddsportal.com/football/h2h/leeds-tUxUbLR2/nottingham-UsushcZr/#raKBgwWA,2026-02-06 21:00,Leeds,Nottingham,3,1,1.719,2.021,1.76,2.1,7
2025-2026,https://www.oddsportal.com/football/h2h/leeds-tUxUbLR2/nottingham-UsushcZr/#xY3lRAgl,2025-11-09 15:00,Nottingham,Leeds,3,1,1.973,1.768,2.0,1.83,6
2025-2026,https://www.oddsportal.com/football/h2h/leeds-tUxUbLR2/sunderland-WSzc94ws/#KYph380S,2026-03-03 20:30,Leeds,Sunderland,0,1,1.899,1.821,1.95,1.95,7
2025-2026,https://www.oddsportal.com/football/h2h/leeds-tUxUbLR2/sunderland-WSzc94ws/#j5BNYAEt,2025-12-28 15:00,Sunderland,Leeds,1,1,1.941,1.783,1.95,1.83,7
2025-2026,https://www.oddsportal.com/football/h2h/leeds-tUxUbLR2/tottenham-UDg08Ohm/#nclkvV1t,2026-05-11 19:00,Tottenham,Leeds,1,1,1.701,2.036,1.75,2.15,7
2025-2026,https://www.oddsportal.com/football/h2h/leeds-tUxUbLR2/tottenham-UDg08Ohm/#tAhzq18M,2025-10-04 11:30,Leeds,Tottenham,1,2,1.675,2.083,1.7,2.15,6
2025-2026,https://www.oddsportal.com/football/h2h/leeds-tUxUbLR2/west-ham-Cxq57r8g/#AaTuHoK5,2025-10-24 19:00,Leeds,West Ham,2,1,1.85,1.903,1.91,2.0,6
2025-2026,https://www.oddsportal.com/football/h2h/leeds-tUxUbLR2/west-ham-Cxq57r8g/#CGPuEgkR,2026-05-24 15:00,West Ham,Leeds,3,0,1.58,2.233,1.62,2.35,7
2025-2026,https://www.oddsportal.com/football/h2h/leeds-tUxUbLR2/wolves-j3Azpf5d/#djO1gnkf,2026-04-18 14:00,Leeds,Wolves,3,0,1.89,1.823,1.95,1.95,7
2025-2026,https://www.oddsportal.com/football/h2h/leeds-tUxUbLR2/wolves-j3Azpf5d/#hn9fRysK,2025-09-20 14:00,Wolves,Leeds,1,3,1.907,1.807,1.95,1.83,6
2025-2026,https://www.oddsportal.com/football/h2h/liverpool-lId4TMwf/manchester-city-Wtn9Stg0/#fD0PWWVQ,2025-11-09 17:30,Manchester City,Liverpool,3,0,1.415,2.695,1.44,2.8,6
2025-2026,https://www.oddsportal.com/football/h2h/liverpool-lId4TMwf/manchester-city-Wtn9Stg0/#lbnqyVFq,2026-02-08 17:30,Liverpool,Manchester City,1,2,1.414,2.71,1.44,2.85,7
2025-2026,https://www.oddsportal.com/football/h2h/liverpool-lId4TMwf/manchester-united-ppjDR086/#KUKzCax9,2025-10-19 15:30,Liverpool,Manchester Utd,1,2,1.477,2.533,1.5,2.6,6
2025-2026,https://www.oddsportal.com/football/h2h/liverpool-lId4TMwf/manchester-united-ppjDR086/#zRIM7cR1,2026-05-03 14:30,Manchester Utd,Liverpool,3,2,1.43,2.626,1.46,2.72,7
2025-2026,https://www.oddsportal.com/football/h2h/liverpool-lId4TMwf/newcastle-utd-p6ahwuwJ/#bTitnz7m,2026-01-31 21:00,Liverpool,Newcastle,4,1,1.49,2.487,1.55,2.55,7
2025-2026,https://www.oddsportal.com/football/h2h/liverpool-lId4TMwf/newcastle-utd-p6ahwuwJ/#fcMuMOrJ,2025-08-25 19:00,Newcastle,Liverpool,2,3,1.463,2.542,1.5,2.6,6
2025-2026,https://www.oddsportal.com/football/h2h/liverpool-lId4TMwf/nottingham-UsushcZr/#0ldDjRMa,2025-11-22 16:00,Liverpool,Nottingham,0,3,1.723,2.018,1.77,2.06,6
2025-2026,https://www.oddsportal.com/football/h2h/liverpool-lId4TMwf/nottingham-UsushcZr/#bivQP1C6,2026-02-22 15:00,Nottingham,Liverpool,0,1,1.574,2.267,1.62,2.45,7
2025-2026,https://www.oddsportal.com/football/h2h/liverpool-lId4TMwf/sunderland-WSzc94ws/#8GCJOBYr,2025-12-03 21:15,Liverpool,Sunderland,1,1,1.876,1.849,1.95,1.95,7
2025-2026,https://www.oddsportal.com/football/h2h/liverpool-lId4TMwf/sunderland-WSzc94ws/#W2uAbPD7,2026-02-11 21:15,Sunderland,Liverpool,0,1,1.686,2.06,1.7,2.15,7
2025-2026,https://www.oddsportal.com/football/h2h/liverpool-lId4TMwf/tottenham-UDg08Ohm/#Kn4rDfhK,2025-12-20 18:30,Tottenham,Liverpool,1,2,1.643,2.13,1.67,2.16,7
2025-2026,https://www.oddsportal.com/football/h2h/liverpool-lId4TMwf/tottenham-UDg08Ohm/#dtZvdoAa,2026-03-15 17:30,Liverpool,Tottenham,1,1,1.604,2.206,1.66,2.3,7
2025-2026,https://www.oddsportal.com/football/h2h/liverpool-lId4TMwf/west-ham-Cxq57r8g/#KbUrxW1T,2026-02-28 16:00,Liverpool,West Ham,5,2,1.606,2.213,1.68,2.35,7
2025-2026,https://www.oddsportal.com/football/h2h/liverpool-lId4TMwf/west-ham-Cxq57r8g/#QTIdJGd3,2025-11-30 15:05,West Ham,Liverpool,0,2,1.547,2.323,1.57,2.45,7
2025-2026,https://www.oddsportal.com/football/h2h/liverpool-lId4TMwf/wolves-j3Azpf5d/#MF25IkUa,2025-12-27 16:00,Liverpool,Wolves,2,1,1.909,1.834,1.98,1.91,7
2025-2026,https://www.oddsportal.com/football/h2h/liverpool-lId4TMwf/wolves-j3Azpf5d/#WAZj1LUs,2026-03-03 21:15,Wolves,Liverpool,2,1,1.76,1.979,1.8,2.15,7
2025-2026,https://www.oddsportal.com/football/h2h/manchester-city-Wtn9Stg0/manchester-united-ppjDR086/#Q5AqCTPG,2026-01-17 13:30,Manchester Utd,Manchester City,2,0,1.434,2.636,1.46,2.75,7
2025-2026,https://www.oddsportal.com/football/h2h/manchester-city-Wtn9Stg0/manchester-united-ppjDR086/#tAlwdVPk,2025-09-14 15:30,Manchester City,Manchester Utd,3,0,1.552,2.31,1.6,2.4,6
2025-2026,https://www.oddsportal.com/football/h2h/manchester-city-Wtn9Stg0/newcastle-utd-p6ahwuwJ/#QwtIRNsf,2026-02-21 21:00,Manchester City,Newcastle,2,1,1.529,2.38,1.57,2.55,7
2025-2026,https://www.oddsportal.com/football/h2h/manchester-city-Wtn9Stg0/newcastle-utd-p6ahwuwJ/#S2CgWdyo,2025-11-22 18:30,Newcastle,Manchester City,2,1,1.522,2.39,1.55,2.45,6
2025-2026,https://www.oddsportal.com/football/h2h/manchester-city-Wtn9Stg0/nottingham-UsushcZr/#0tWDE7TO,2025-12-27 13:30,Nottingham,Manchester City,1,2,1.62,2.171,1.67,2.3,7
2025-2026,https://www.oddsportal.com/football/h2h/manchester-city-Wtn9Stg0/nottingham-UsushcZr/#jHyOcnOk,2026-03-04 20:30,Manchester City,Nottingham,2,2,1.804,1.921,1.9,1.98,7
2025-2026,https://www.oddsportal.com/football/h2h/manchester-city-Wtn9Stg0/sunderland-WSzc94ws/#SEKlou43,2026-01-01 21:00,Sunderland,Manchester City,0,0,1.79,1.931,1.83,2.0,7
2025-2026,https://www.oddsportal.com/football/h2h/manchester-city-Wtn9Stg0/sunderland-WSzc94ws/#jXgzLlk5,2025-12-06 16:00,Manchester City,Sunderland,3,0,1.85,1.886,1.91,1.95,7
2025-2026,https://www.oddsportal.com/football/h2h/manchester-city-Wtn9Stg0/tottenham-UDg08Ohm/#CWHF0ZLt,2026-02-01 17:30,Tottenham,Manchester City,2,2,1.627,2.167,1.67,2.3,7
2025-2026,https://www.oddsportal.com/football/h2h/manchester-city-Wtn9Stg0/tottenham-UDg08Ohm/#YsYWNpE6,2025-08-23 11:30,Manchester City,Tottenham,0,2,1.563,2.278,1.63,2.35,6
2025-2026,https://www.oddsportal.com/football/h2h/manchester-city-Wtn9Stg0/west-ham-Cxq57r8g/#Ms9DApPh,2026-03-14 21:00,West Ham,Manchester City,1,1,1.599,2.213,1.66,2.35,7
2025-2026,https://www.oddsportal.com/football/h2h/manchester-city-Wtn9Stg0/west-ham-Cxq57r8g/#hzTmiDV0,2025-12-20 16:00,Manchester City,West Ham,3,0,1.806,1.914,1.87,1.95,7
2025-2026,https://www.oddsportal.com/football/h2h/manchester-city-Wtn9Stg0/wolves-j3Azpf5d/#E7IlHF7D,2026-01-24 16:00,Manchester City,Wolves,2,0,1.911,1.803,2.0,1.88,7
2025-2026,https://www.oddsportal.com/football/h2h/manchester-city-Wtn9Stg0/wolves-j3Azpf5d/#Kx3ZIbW9,2025-08-16 16:30,Wolves,Manchester City,0,4,1.845,1.895,1.91,1.95,6
2025-2026,https://www.oddsportal.com/football/h2h/manchester-united-ppjDR086/newcastle-utd-p6ahwuwJ/#CWPWeQh2,2026-03-04 21:15,Newcastle,Manchester Utd,2,1,1.46,2.56,1.5,2.7,7
2025-2026,https://www.oddsportal.com/football/h2h/manchester-united-ppjDR086/newcastle-utd-p6ahwuwJ/#fT0DGTbC,2025-12-26 21:00,Manchester Utd,Newcastle,1,0,1.48,2.509,1.5,2.6,7
2025-2026,https://www.oddsportal.com/football/h2h/manchester-united-ppjDR086/nottingham-UsushcZr/#h8Q7ItBG,2025-11-01 16:00,Nottingham,Manchester Utd,2,2,1.57,2.283,1.65,2.45,6
2025-2026,https://www.oddsportal.com/football/h2h/manchester-united-ppjDR086/nottingham-UsushcZr/#r7lSurwo,2026-05-17 11:30,Manchester Utd,Nottingham,3,2,1.564,2.267,1.61,2.32,7
2025-2026,https://www.oddsportal.com/football/h2h/manchester-united-ppjDR086/sunderland-WSzc94ws/#Chq6wuWq,2025-10-04 14:00,Manchester Utd,Sunderland,2,0,1.66,2.103,1.7,2.2,6
2025-2026,https://www.oddsportal.com/football/h2h/manchester-united-ppjDR086/sunderland-WSzc94ws/#dY8uKRGO,2026-05-09 14:00,Sunderland,Manchester Utd,0,0,1.57,2.259,1.62,2.35,7
2025-2026,https://www.oddsportal.com/football/h2h/manchester-united-ppjDR086/tottenham-UDg08Ohm/#6De5NShD,2025-11-08 13:30,Tottenham,Manchester Utd,2,2,1.537,2.343,1.57,2.45,6
2025-2026,https://www.oddsportal.com/football/h2h/manchester-united-ppjDR086/tottenham-UDg08Ohm/#pQuhZ8pd,2026-02-07 13:30,Manchester Utd,Tottenham,2,0,1.54,2.356,1.6,2.45,7
2025-2026,https://www.oddsportal.com/football/h2h/manchester-united-ppjDR086/west-ham-Cxq57r8g/#0OUQMk3e,2025-12-04 21:00,Manchester Utd,West Ham,1,1,1.697,2.041,1.75,2.1,7
2025-2026,https://www.oddsportal.com/football/h2h/manchester-united-ppjDR086/west-ham-Cxq57r8g/#Kxy4K6zR,2026-02-10 21:15,West Ham,Manchester Utd,1,1,1.503,2.441,1.53,2.55,7
2025-2026,https://www.oddsportal.com/football/h2h/manchester-united-ppjDR086/wolves-j3Azpf5d/#WjF9Zm4b,2025-12-08 21:00,Wolves,Manchester Utd,1,4,1.689,2.063,1.73,2.2,7
2025-2026,https://www.oddsportal.com/football/h2h/manchester-united-ppjDR086/wolves-j3Azpf5d/#vgvfPcsp,2025-12-30 21:15,Manchester Utd,Wolves,1,1,1.736,2.001,1.78,2.1,7
2025-2026,https://www.oddsportal.com/football/h2h/newcastle-utd-p6ahwuwJ/nottingham-UsushcZr/#8KxFyJ0d,2025-10-05 13:00,Newcastle,Nottingham,2,0,1.737,2.003,1.75,2.05,6
2025-2026,https://www.oddsportal.com/football/h2h/newcastle-utd-p6ahwuwJ/nottingham-UsushcZr/#xWhvMmnC,2026-05-10 13:00,Nottingham,Newcastle,1,1,1.631,2.137,1.67,2.2,7
2025-2026,https://www.oddsportal.com/football/h2h/newcastle-utd-p6ahwuwJ/sunderland-WSzc94ws/#buEP0Q2c,2025-12-14 15:00,Sunderland,Newcastle,1,0,1.683,2.076,1.71,2.15,7
2025-2026,https://www.oddsportal.com/football/h2h/newcastle-utd-p6ahwuwJ/sunderland-WSzc94ws/#fBXzEJVp,2026-03-22 13:00,Newcastle,Sunderland,1,2,1.727,1.997,1.78,2.1,7
2025-2026,https://www.oddsportal.com/football/h2h/newcastle-utd-p6ahwuwJ/tottenham-UDg08Ohm/#MwJZKTX7,2025-12-02 21:15,Newcastle,Tottenham,2,2,1.599,2.22,1.62,2.3,7
2025-2026,https://www.oddsportal.com/football/h2h/newcastle-utd-p6ahwuwJ/tottenham-UDg08Ohm/#OAseMS5E,2026-02-10 20:30,Tottenham,Newcastle,1,2,1.474,2.516,1.5,2.6,7
2025-2026,https://www.oddsportal.com/football/h2h/newcastle-utd-p6ahwuwJ/west-ham-Cxq57r8g/#CUrZLFH8,2025-11-02 15:00,West Ham,Newcastle,3,1,1.692,2.06,1.73,2.15,6
2025-2026,https://www.oddsportal.com/football/h2h/newcastle-utd-p6ahwuwJ/west-ham-Cxq57r8g/#z1yE3oVi,2026-05-17 16:30,Newcastle,West Ham,3,1,1.469,2.519,1.5,2.66,7
2025-2026,https://www.oddsportal.com/football/h2h/newcastle-utd-p6ahwuwJ/wolves-j3Azpf5d/#QJkIQSvA,2026-01-18 15:00,Wolves,Newcastle,0,0,1.599,2.213,1.63,2.3,7
2025-2026,https://www.oddsportal.com/football/h2h/newcastle-utd-p6ahwuwJ/wolves-j3Azpf5d/#z9snf9f2,2025-09-13 14:00,Newcastle,Wolves,1,0,1.955,1.775,2.0,1.85,6
2025-2026,https://www.oddsportal.com/football/h2h/nottingham-UsushcZr/sunderland-WSzc94ws/#0AH7bYWj,2026-04-24 19:00,Sunderland,Nottingham,0,5,1.86,1.87,1.91,1.91,7
2025-2026,https://www.oddsportal.com/football/h2h/nottingham-UsushcZr/sunderland-WSzc94ws/#WEakC2Xp,2025-09-27 16:30,Nottingham,Sunderland,0,1,1.85,1.897,1.91,1.95,6
2025-2026,https://www.oddsportal.com/football/h2h/nottingham-UsushcZr/tottenham-UDg08Ohm/#6oRwwNAj,2025-12-14 15:00,Nottingham,Tottenham,3,0,1.687,2.064,1.71,2.1,7
2025-2026,https://www.oddsportal.com/football/h2h/nottingham-UsushcZr/tottenham-UDg08Ohm/#n5KMyNNi,2026-03-22 15:15,Tottenham,Nottingham,0,3,1.759,1.964,1.8,2.05,7
2025-2026,https://www.oddsportal.com/football/h2h/nottingham-UsushcZr/west-ham-Cxq57r8g/#2N7lkNC5,2025-08-31 13:00,Nottingham,West Ham,0,3,1.673,2.068,1.7,2.15,6
2025-2026,https://www.oddsportal.com/football/h2h/nottingham-UsushcZr/west-ham-Cxq57r8g/#IJV01CBb,2026-01-06 21:00,West Ham,Nottingham,1,2,1.624,2.176,1.67,2.25,7
2025-2026,https://www.oddsportal.com/football/h2h/nottingham-UsushcZr/wolves-j3Azpf5d/#Ami10oqe,2026-02-11 20:30,Nottingham,Wolves,0,0,1.707,2.036,1.78,2.15,7
2025-2026,https://www.oddsportal.com/football/h2h/nottingham-UsushcZr/wolves-j3Azpf5d/#lpBLrXPE,2025-12-03 20:30,Wolves,Nottingham,0,1,1.804,1.919,1.83,1.95,7
2025-2026,https://www.oddsportal.com/football/h2h/sunderland-WSzc94ws/tottenham-UDg08Ohm/#pxlmliDE,2026-04-12 13:00,Sunderland,Tottenham,1,0,1.603,2.2,1.63,2.25,7
2025-2026,https://www.oddsportal.com/football/h2h/sunderland-WSzc94ws/tottenham-UDg08Ohm/#xrR3f4bE,2026-01-04 16:00,Tottenham,Sunderland,1,1,1.871,1.871,1.91,1.95,7
2025-2026,https://www.oddsportal.com/football/h2h/sunderland-WSzc94ws/west-ham-Cxq57r8g/#0bi7ZdNs,2026-01-24 13:30,West Ham,Sunderland,3,1,1.773,1.956,1.8,2.05,7
2025-2026,https://www.oddsportal.com/football/h2h/sunderland-WSzc94ws/west-ham-Cxq57r8g/#d4HvcH9j,2025-08-16 14:00,Sunderland,West Ham,3,0,1.792,1.93,1.84,1.95,6
2025-2026,https://www.oddsportal.com/football/h2h/sunderland-WSzc94ws/wolves-j3Azpf5d/#f9vPk9L6,2025-10-18 14:00,Sunderland,Wolves,2,0,1.935,1.793,1.98,1.85,6
2025-2026,https://www.oddsportal.com/football/h2h/sunderland-WSzc94ws/wolves-j3Azpf5d/#xjaHTvlL,2026-05-02 14:00,Wolves,Sunderland,1,1,1.771,1.941,1.8,2.0,7
2025-2026,https://www.oddsportal.com/football/h2h/tottenham-UDg08Ohm/west-ham-Cxq57r8g/#S2UXHCn9,2025-09-13 16:30,West Ham,Tottenham,0,3,1.588,2.238,1.62,2.27,6
2025-2026,https://www.oddsportal.com/football/h2h/tottenham-UDg08Ohm/west-ham-Cxq57r8g/#Uid9SlAc,2026-01-17 16:00,Tottenham,West Ham,1,2,1.643,2.14,1.7,2.3,7
2025-2026,https://www.oddsportal.com/football/h2h/tottenham-UDg08Ohm/wolves-j3Azpf5d/#bHZgKFgA,2026-04-25 14:00,Wolves,Tottenham,0,1,1.669,2.087,1.72,2.2,7
2025-2026,https://www.oddsportal.com/football/h2h/tottenham-UDg08Ohm/wolves-j3Azpf5d/#bLiyz6Pi,2025-09-27 19:00,Tottenham,Wolves,1,1,1.798,1.925,1.82,1.95,6
2025-2026,https://www.oddsportal.com/football/h2h/west-ham-Cxq57r8g/wolves-j3Azpf5d/#WtKChrTQ,2026-01-03 16:00,Wolves,West Ham,3,0,1.636,2.134,1.67,2.2,7
2025-2026,https://www.oddsportal.com/football/h2h/west-ham-Cxq57r8g/wolves-j3Azpf5d/#t4sdnVsR,2026-04-10 19:00,West Ham,Wolves,4,0,1.7,2.037,1.75,2.15,7
current,https://www.oddsportal.com/football/h2h/arsenal-hA1Zm19f/aston-villa-W00wmLO0/#27MtCUO7,2026-08-31 19:00,Aston Villa,Arsenal,0,1,1.843,1.883,1.91,1.95,7
current,https://www.oddsportal.com/football/h2h/arsenal-hA1Zm19f/brighton-2XrRecc3/#j52jHsN8,2026-09-19 14:00,Brighton,Arsenal,3,0,1.733,1.997,1.75,2.05,7
current,https://www.oddsportal.com/football/h2h/arsenal-hA1Zm19f/chelsea-4fGZN2oK/#Glagw7N6,2026-09-06 15:30,Arsenal,Chelsea,2,1,1.689,2.051,1.75,2.15,7
current,https://www.oddsportal.com/football/h2h/arsenal-hA1Zm19f/coventry-GOvB22xg/#2q2NhX43,2026-08-21 19:00,Arsenal,Coventry,3,0,2.254,1.563,2.35,1.62,7
current,https://www.oddsportal.com/football/h2h/arsenal-hA1Zm19f/sunderland-WSzc94ws/#YoNI2r8F,2026-09-12 19:00,Sunderland,Arsenal,0,2,2.044,1.691,2.1,1.75,7
current,https://www.oddsportal.com/football/h2h/aston-villa-W00wmLO0/brighton-2XrRecc3/#Mkz9mcpL,2026-08-23 13:00,Brighton,Aston Villa,4,0,1.763,1.95,1.8,2.0,7
current,https://www.oddsportal.com/football/h2h/aston-villa-W00wmLO0/hull-city-S66R0t75/#v5sZkp7C,2026-09-05 16:30,Hull,Aston Villa,0,0,1.696,2.036,1.76,2.1,7
current,https://www.oddsportal.com/football/h2h/aston-villa-W00wmLO0/nottingham-UsushcZr/#Mo2opFzi,2026-09-12 14:00,Aston Villa,Nottingham,1,2,1.647,2.113,1.67,2.2,7
current,https://www.oddsportal.com/football/h2h/aston-villa-W00wmLO0/tottenham-UDg08Ohm/#4Sl9Mxal,2026-09-19 11:30,Tottenham,Aston Villa,2,3,1.526,2.339,1.57,2.42,7
current,https://www.oddsportal.com/football/h2h/bournemouth-OtpNdwrc/brentford-xYe7DwID/#GnzE2NjI,2026-09-12 14:00,Bournemouth,Brentford,2,2,1.5,2.407,1.53,2.55,7
current,https://www.oddsportal.com/football/h2h/bournemouth-OtpNdwrc/everton-KluSTr9s/#UgOYDjfe,2026-08-29 14:00,Bournemouth,Everton,1,1,1.606,2.18,1.65,2.25,7
current,https://www.oddsportal.com/football/h2h/bournemouth-OtpNdwrc/liverpool-lId4TMwf/#joCde00k,2026-09-20 13:00,Bournemouth,Liverpool,0,1,1.47,2.521,1.5,2.6,7
current,https://www.oddsportal.com/football/h2h/bournemouth-OtpNdwrc/manchester-city-Wtn9Stg0/#ILLvry8r,2026-08-23 13:00,Manchester City,Bournemouth,2,1,1.656,2.097,1.7,2.2,7
current,https://www.oddsportal.com/football/h2h/bournemouth-OtpNdwrc/newcastle-utd-p6ahwuwJ/#A7Ob65ig,2026-09-05 11:30,Newcastle,Bournemouth,2,2,1.489,2.451,1.53,2.55,7
current,https://www.oddsportal.com/football/h2h/brentford-xYe7DwID/chelsea-4fGZN2oK/#ObA4gvV1,2026-09-18 19:00,Brentford,Chelsea,3,0,1.413,2.697,1.44,2.8,7
current,https://www.oddsportal.com/football/h2h/brentford-xYe7DwID/leeds-tUxUbLR2/#KQ1EQTw1,2026-08-30 13:00,Leeds,Brentford,1,1,1.62,2.159,1.65,2.25,7
current,https://www.oddsportal.com/football/h2h/brentford-xYe7DwID/sunderland-WSzc94ws/#25c1yohJ,2026-09-05 14:00,Brentford,Sunderland,1,1,1.73,1.993,1.75,2.05,7
current,https://www.oddsportal.com/football/h2h/brentford-xYe7DwID/tottenham-UDg08Ohm/#EPW0kJF8,2026-08-22 16:30,Brentford,Tottenham,3,0,1.581,2.227,1.62,2.32,7
current,https://www.oddsportal.com/football/h2h/brighton-2XrRecc3/chelsea-4fGZN2oK/#849SZXGE,2026-08-30 13:00,Chelsea,Brighton,4,3,1.55,2.293,1.57,2.4,7
current,https://www.oddsportal.com/football/h2h/brighton-2XrRecc3/coventry-GOvB22xg/#OYvwj5O9,2026-09-13 13:00,Coventry,Brighton,0,5,1.546,2.296,1.57,2.4,7
current,https://www.oddsportal.com/football/h2h/brighton-2XrRecc3/leeds-tUxUbLR2/#UBkmalpQ,2026-09-05 14:00,Brighton,Leeds,1,1,1.646,2.123,1.68,2.2,7
current,https://www.oddsportal.com/football/h2h/chelsea-4fGZN2oK/fulham-69ZiU2Om/#C2Nfvg77,2026-08-24 19:00,Fulham,Chelsea,2,3,1.706,2.029,1.75,2.1,7
current,https://www.oddsportal.com/football/h2h/chelsea-4fGZN2oK/hull-city-S66R0t75/#G8yViRgc,2026-09-12 14:00,Chelsea,Hull,2,2,1.906,1.807,1.98,1.9,7
current,https://www.oddsportal.com/football/h2h/coventry-GOvB22xg/hull-city-S66R0t75/#GUCzYBoR,2026-08-29 14:00,Coventry,Hull,0,1,1.659,2.09,1.68,2.1,7
current,https://www.oddsportal.com/football/h2h/coventry-GOvB22xg/manchester-city-Wtn9Stg0/#2sLj8RMt,2026-09-05 14:00,Manchester City,Coventry,1,0,1.94,1.777,1.98,1.8,7
current,https://www.oddsportal.com/football/h2h/coventry-GOvB22xg/nottingham-UsushcZr/#YqbwSbyR,2026-09-19 16:30,Nottingham,Coventry,0,1,1.724,2.003,1.75,2.05,7
current,https://www.oddsportal.com/football/h2h/crystal-palace-AovF1Mia/everton-KluSTr9s/#rN3wkk4S,2026-08-22 14:00,Everton,Crystal Palace,2,0,1.724,2.004,1.78,2.06,7
current,https://www.oddsportal.com/football/h2h/crystal-palace-AovF1Mia/fulham-69ZiU2Om/#Y7vRi6x0,2026-09-05 14:00,Fulham,Crystal Palace,2,3,1.647,2.109,1.7,2.25,7
current,https://www.oddsportal.com/football/h2h/crystal-palace-AovF1Mia/ipswich-thqhB2MB/#UVsolqgM,2026-09-12 14:00,Crystal Palace,Ipswich,2,3,1.549,2.286,1.57,2.4,7
current,https://www.oddsportal.com/football/h2h/crystal-palace-AovF1Mia/leeds-tUxUbLR2/#n99y8wpe,2026-09-20 13:00,Leeds,Crystal Palace,0,0,1.686,2.05,1.73,2.15,7
current,https://www.oddsportal.com/football/h2h/crystal-palace-AovF1Mia/manchester-city-Wtn9Stg0/#C0b6Sk9l,2026-08-28 19:00,Crystal Palace,Manchester City,1,4,1.66,2.091,1.7,2.15,7
current,https://www.oddsportal.com/football/h2h/everton-KluSTr9s/ipswich-thqhB2MB/#rDKcFLiL,2026-09-19 14:00,Everton,Ipswich,1,0,1.64,2.124,1.67,2.2,7
current,https://www.oddsportal.com/football/h2h/everton-KluSTr9s/manchester-united-ppjDR086/#QsyJgS7m,2026-09-06 13:00,Everton,Manchester Utd,2,2,1.51,2.389,1.54,2.5,7
current,https://www.oddsportal.com/football/h2h/everton-KluSTr9s/tottenham-UDg08Ohm/#K2LQ0MxS,2026-09-12 16:30,Tottenham,Everton,0,0,1.593,2.206,1.62,2.25,7
current,https://www.oddsportal.com/football/h2h/fulham-69ZiU2Om/liverpool-lId4TMwf/#YRWOt1od,2026-09-12 14:00,Liverpool,Fulham,0,0,1.57,2.246,1.62,2.35,7
current,https://www.oddsportal.com/football/h2h/fulham-69ZiU2Om/manchester-united-ppjDR086/#vq6T9aFr,2026-09-20 15:30,Fulham,Manchester Utd,1,1,1.499,2.421,1.53,2.5,7
current,https://www.oddsportal.com/football/h2h/fulham-69ZiU2Om/sunderland-WSzc94ws/#zBcwskOs,2026-08-30 13:00,Sunderland,Fulham,1,0,1.764,1.954,1.8,2.0,7
current,https://www.oddsportal.com/football/h2h/hull-city-S66R0t75/manchester-united-ppjDR086/#zc0VjBZF,2026-08-22 11:30,Hull,Manchester Utd,2,0,1.821,1.881,1.88,1.95,7
current,https://www.oddsportal.com/football/h2h/hull-city-S66R0t75/newcastle-utd-p6ahwuwJ/#nTaVTK6E,2026-09-19 14:00,Newcastle,Hull,2,1,1.594,2.214,1.62,2.25,7
current,https://www.oddsportal.com/football/h2h/ipswich-thqhB2MB/liverpool-lId4TMwf/#CIuslOyP,2026-09-04 19:00,Ipswich,Liverpool,0,2,1.519,2.364,1.57,2.5,7
current,https://www.oddsportal.com/football/h2h/ipswich-thqhB2MB/manchester-united-ppjDR086/#4S67nB0K,2026-08-30 15:30,Manchester Utd,Ipswich,5,2,1.671,2.09,1.75,2.2,7
current,https://www.oddsportal.com/football/h2h/ipswich-thqhB2MB/sunderland-WSzc94ws/#Cxf9qTRk,2026-08-22 14:00,Ipswich,Sunderland,2,1,1.843,1.89,1.91,1.95,7
current,https://www.oddsportal.com/football/h2h/leeds-tUxUbLR2/newcastle-utd-p6ahwuwJ/#Q1TGrNGq,2026-09-14 19:00,Leeds,Newcastle,4,1,1.546,2.301,1.57,2.4,7
current,https://www.oddsportal.com/football/h2h/leeds-tUxUbLR2/nottingham-UsushcZr/#pjhHs7d2,2026-08-22 14:00,Nottingham,Leeds,0,1,1.846,1.886,1.91,1.94,7
current,https://www.oddsportal.com/football/h2h/liverpool-lId4TMwf/newcastle-utd-p6ahwuwJ/#4xKntFxe,2026-08-23 15:30,Newcastle,Liverpool,2,2,1.434,2.611,1.45,2.7,7
current,https://www.oddsportal.com/football/h2h/liverpool-lId4TMwf/nottingham-UsushcZr/#CYJLO78D,2026-08-29 11:30,Liverpool,Nottingham,2,2,1.647,2.109,1.68,2.15,7
current,https://www.oddsportal.com/football/h2h/manchester-city-Wtn9Stg0/manchester-united-ppjDR086/#0YOA44w3,2026-09-13 15:30,Manchester Utd,Manchester City,0,1,1.407,2.716,1.44,2.9,7
current,https://www.oddsportal.com/football/h2h/manchester-city-Wtn9Stg0/sunderland-WSzc94ws/#fZCq6HE7,2026-09-20 13:00,Manchester City,Sunderland,5,3,1.911,1.799,1.95,1.85,7
current,https://www.oddsportal.com/football/h2h/newcastle-utd-p6ahwuwJ/tottenham-UDg08Ohm/#ry1ouThf,2026-08-29 16:30,Tottenham,Newcastle,0,2,1.516,2.384,1.53,2.46,7
current,https://www.oddsportal.com/football/h2h/nottingham-UsushcZr/tottenham-UDg08Ohm/#rLM64qM5,2026-09-05 14:00,Nottingham,Tottenham,0,0,1.64,2.12,1.7,2.22,7
2025-2026,https://www.oddsportal.com/football/h2h/arsenal-hA1Zm19f/everton-KluSTr9s/#4OXbaaaf,2026-03-14 18:30,Arsenal,Everton,2,0,2.171,1.626,2.25,1.75,7
