season,match_link,date,home_team,away_team,home_goals,away_goals,btts_yes,btts_no,btts_yes_max,btts_no_max,books
2024-2025,https://www.oddsportal.com/football/h2h/alaves-hxt57t2q/ath-bilbao-IP5zl0cJ/#MTyMNC5F,2024-12-15 16:15,Alaves,Ath Bilbao,1,1,2.19,1.625,2.24,1.65,6
2024-2025,https://www.oddsportal.com/football/h2h/alaves-hxt57t2q/ath-bilbao-IP5zl0cJ/#rDwPJUdD,2025-05-11 16:30,Ath Bilbao,Alaves,1,0,2.478,1.502,2.62,1.53,6
2024-2025,https://www.oddsportal.com/football/h2h/alaves-hxt57t2q/atl-madrid-jaarqpLQ/#8x0Qsypd,2025-05-03 12:00,Alaves,Atl. Madrid,0,0,1.985,1.765,2.06,1.8,6
2024-2025,https://www.oddsportal.com/football/h2h/alaves-hxt57t2q/atl-madrid-jaarqpLQ/#vVwOqx6D,2024-11-23 16:15,Atl. Madrid,Alaves,2,1,2.25,1.593,2.38,1.7,6
2024-2025,https://www.oddsportal.com/football/h2h/alaves-hxt57t2q/barcelona-SKbpVP5K/#hzRnqjcC,2024-10-06 14:15,Alaves,Barcelona,0,3,1.632,2.204,1.7,2.3,5
2024-2025,https://www.oddsportal.com/football/h2h/alaves-hxt57t2q/barcelona-SKbpVP5K/#t8uaVxKh,2025-02-02 14:00,Barcelona,Alaves,1,0,1.765,1.983,1.82,2.05,6
2024-2025,https://www.oddsportal.com/football/h2h/alaves-hxt57t2q/betis-vJbTeCGP/#MNr3HRkC,2024-08-25 17:15,Alaves,Betis,0,0,2.172,1.644,2.26,1.68,5
2024-2025,https://www.oddsportal.com/football/h2h/alaves-hxt57t2q/betis-vJbTeCGP/#rciODVxp,2025-01-18 18:30,Betis,Alaves,1,3,1.985,1.77,2.06,1.83,6
2024-2025,https://www.oddsportal.com/football/h2h/alaves-hxt57t2q/celta-vigo-8pvUZFhf/#4QK5Q8Mk,2025-01-27 21:00,Alaves,Celta Vigo,1,1,1.927,1.82,1.98,1.87,6
2024-2025,https://www.oddsportal.com/football/h2h/alaves-hxt57t2q/celta-vigo-8pvUZFhf/#nDzACNof,2024-08-16 17:00,Celta Vigo,Alaves,2,1,1.964,1.794,2.04,1.88,5
2024-2025,https://www.oddsportal.com/football/h2h/alaves-hxt57t2q/espanyol-QFfPdh1J/#CjIFsr1e,2024-09-14 14:15,Espanyol,Alaves,3,2,2.094,1.702,2.12,1.72,5
2024-2025,https://www.oddsportal.com/football/h2h/alaves-hxt57t2q/espanyol-QFfPdh1J/#rBne3yoT,2025-02-22 14:00,Alaves,Espanyol,0,1,2.465,1.5,2.54,1.53,6
2024-2025,https://www.oddsportal.com/football/h2h/alaves-hxt57t2q/getafe-dboeiWOt/#GQgsrG3b,2025-02-09 14:00,Alaves,Getafe,0,1,2.655,1.435,2.76,1.47,6
2024-2025,https://www.oddsportal.com/football/h2h/alaves-hxt57t2q/getafe-dboeiWOt/#hMoEUjrJ,2024-09-28 12:00,Getafe,Alaves,2,0,2.472,1.51,2.63,1.58,5
2024-2025,https://www.oddsportal.com/football/h2h/alaves-hxt57t2q/girona-nNNpcUSL/#I5hPIZgT,2025-04-05 12:00,Girona,Alaves,0,1,1.937,1.808,2.0,1.85,6
2024-2025,https://www.oddsportal.com/football/h2h/alaves-hxt57t2q/girona-nNNpcUSL/#drfKcJnn,2025-01-11 14:00,Alaves,Girona,0,1,1.902,1.84,1.96,1.9,6
2024-2025,https://www.oddsportal.com/football/h2h/alaves-hxt57t2q/las-palmas-IyRQC2vM/#MH5y3WcE,2025-03-14 21:00,Las Palmas,Alaves,2,2,1.985,1.763,2.06,1.8,6
2024-2025,https://www.oddsportal.com/football/h2h/alaves-hxt57t2q/las-palmas-IyRQC2vM/#tQQLbGv9,2024-09-01 15:00,Alaves,Las Palmas,2,0,2.116,1.68,2.2,1.78,5
2024-2025,https://www.oddsportal.com/football/h2h/alaves-hxt57t2q/leganes-Mi0rXQg7/#WIFl0cjf,2024-11-30 16:15,Alaves,Leganes,1,1,2.573,1.465,2.74,1.58,6
2024-2025,https://www.oddsportal.com/football/h2h/alaves-hxt57t2q/leganes-Mi0rXQg7/#xdSnotG7,2025-02-15 14:00,Leganes,Alaves,3,3,2.268,1.578,2.36,1.6,6
2024-2025,https://www.oddsportal.com/football/h2h/alaves-hxt57t2q/mallorca-4jDQxrbf/#02cHDDPH,2024-11-01 21:00,Alaves,Mallorca,1,0,2.315,1.565,2.44,1.65,6
2024-2025,https://www.oddsportal.com/football/h2h/alaves-hxt57t2q/mallorca-4jDQxrbf/#hQ3EQ8ZG,2025-03-02 18:30,Mallorca,Alaves,1,1,2.335,1.552,2.38,1.58,6
2024-2025,https://www.oddsportal.com/football/h2h/alaves-hxt57t2q/osasuna-ETdxjU8a/#6ggmxi3B,2024-12-08 18:30,Osasuna,Alaves,2,2,2.103,1.682,2.2,1.73,6
2024-2025,https://www.oddsportal.com/football/h2h/alaves-hxt57t2q/osasuna-ETdxjU8a/#befPDdVF,2025-05-24 19:00,Alaves,Osasuna,1,1,1.913,1.813,1.95,1.85,6
2024-2025,https://www.oddsportal.com/football/h2h/alaves-hxt57t2q/rayo-vallecano-8bcjFy6O/#Olz0eud5,2025-03-29 18:30,Alaves,Rayo Vallecano,0,2,2.205,1.612,2.28,1.63,6
2024-2025,https://www.oddsportal.com/football/h2h/alaves-hxt57t2q/rayo-vallecano-8bcjFy6O/#dhkQFrkl,2024-10-26 14:15,Rayo Vallecano,Alaves,1,0,2.188,1.633,2.28,1.7,6
2024-2025,https://www.oddsportal.com/football/h2h/alaves-hxt57t2q/real-madrid-W8mj7MDD/#f5SjRHyR,2024-09-24 19:00,Real Madrid,Alaves,3,2,2.192,1.632,2.26,1.65,5
2024-2025,https://www.oddsportal.com/football/h2h/alaves-hxt57t2q/real-madrid-W8mj7MDD/#jcVWEQhe,2025-04-13 14:15,Alaves,Real Madrid,0,1,1.783,1.958,1.82,1.98,6
2024-2025,https://www.oddsportal.com/football/h2h/alaves-hxt57t2q/real-sociedad-jNvak2f3/#lSTUh1hc,2025-04-23 19:30,Alaves,Real Sociedad,1,0,2.092,1.68,2.2,1.72,6
2024-2025,https://www.oddsportal.com/football/h2h/alaves-hxt57t2q/real-sociedad-jNvak2f3/#v1KiOZ2d,2024-08-28 19:30,Real Sociedad,Alaves,1,2,2.272,1.592,2.44,1.68,5
2024-2025,https://www.oddsportal.com/football/h2h/alaves-hxt57t2q/sevilla-h8oAv4Ts/#IRBb0lXA,2024-09-20 19:00,Alaves,Sevilla,2,1,1.938,1.818,2.04,1.88,5
2024-2025,https://www.oddsportal.com/football/h2h/alaves-hxt57t2q/sevilla-h8oAv4Ts/#dhHEf26m,2025-04-20 16:30,Sevilla,Alaves,1,1,2.167,1.64,2.28,1.7,6
2024-2025,https://www.oddsportal.com/football/h2h/alaves-hxt57t2q/valencia-CQeaytrD/#OjHC1SmK,2024-12-22 14:00,Valencia,Alaves,2,2,2.048,1.713,2.14,1.75,6
2024-2025,https://www.oddsportal.com/football/h2h/alaves-hxt57t2q/valencia-CQeaytrD/#dfpyRo4t,2025-05-14 17:00,Alaves,Valencia,1,0,2.215,1.607,2.34,1.65,6
2024-2025,https://www.oddsportal.com/football/h2h/alaves-hxt57t2q/valladolid-zkpajjvm/#CvWs1JoA,2025-05-18 17:00,Valladolid,Alaves,0,1,2.053,1.712,2.12,1.73,6
2024-2025,https://www.oddsportal.com/football/h2h/alaves-hxt57t2q/valladolid-zkpajjvm/#Gz9WD123,2024-10-18 19:00,Alaves,Valladolid,2,3,2.17,1.643,2.22,1.73,6
2024-2025,https://www.oddsportal.com/football/h2h/alaves-hxt57t2q/villarreal-lUatW5jE/#6iCzW3Bd,2025-03-08 16:15,Alaves,Villarreal,1,0,1.868,1.893,1.92,1.91,6
2024-2025,https://www.oddsportal.com/football/h2h/alaves-hxt57t2q/villarreal-lUatW5jE/#bXuieB8c,2024-11-09 16:15,Villarreal,Alaves,3,0,1.778,1.967,1.82,2.05,6
2024-2025,https://www.oddsportal.com/football/h2h/ath-bilbao-IP5zl0cJ/atl-madrid-jaarqpLQ/#SM0npHPF,2024-08-31 17:00,Ath Bilbao,Atl. Madrid,0,1,1.764,2.002,1.84,2.05,5
2024-2025,https://www.oddsportal.com/football/h2h/ath-bilbao-IP5zl0cJ/atl-madrid-jaarqpLQ/#v3uoPebC,2025-03-01 21:00,Atl. Madrid,Ath Bilbao,1,0,1.868,1.895,1.92,1.91,6
2024-2025,https://www.oddsportal.com/football/h2h/ath-bilbao-IP5zl0cJ/barcelona-SKbpVP5K/#4xBMgyvp,2025-05-25 19:00,Ath Bilbao,Barcelona,0,3,1.368,2.895,1.4,3.05,6
2024-2025,https://www.oddsportal.com/football/h2h/ath-bilbao-IP5zl0cJ/barcelona-SKbpVP5K/#WhAFMMRi,2024-08-24 17:00,Barcelona,Ath Bilbao,2,1,1.682,2.104,1.74,2.2,5
2024-2025,https://www.oddsportal.com/football/h2h/ath-bilbao-IP5zl0cJ/betis-vJbTeCGP/#U5mYDMJ0,2024-11-03 21:00,Ath Bilbao,Betis,1,1,1.898,1.847,1.95,1.95,6
2024-2025,https://www.oddsportal.com/football/h2h/ath-bilbao-IP5zl0cJ/betis-vJbTeCGP/#l0XvyHtP,2025-02-02 21:00,Betis,Ath Bilbao,2,2,1.918,1.827,1.95,1.86,6
2024-2025,https://www.oddsportal.com/football/h2h/ath-bilbao-IP5zl0cJ/celta-vigo-8pvUZFhf/#ChPH6EVG,2025-01-19 14:00,Celta Vigo,Ath Bilbao,1,2,1.797,1.948,1.88,2.0,6
2024-2025,https://www.oddsportal.com/football/h2h/ath-bilbao-IP5zl0cJ/celta-vigo-8pvUZFhf/#OAmz0KLU,2024-09-22 14:15,Ath Bilbao,Celta Vigo,3,1,1.774,1.99,1.82,2.1,5
2024-2025,https://www.oddsportal.com/football/h2h/ath-bilbao-IP5zl0cJ/espanyol-QFfPdh1J/#Mebn5cGG,2025-02-16 14:00,Espanyol,Ath Bilbao,1,1,2.107,1.67,2.22,1.7,6
2024-2025,https://www.oddsportal.com/football/h2h/ath-bilbao-IP5zl0cJ/espanyol-QFfPdh1J/#YNHbsZ6C,2024-10-19 12:00,Ath Bilbao,Espanyol,4,1,2.105,1.67,2.2,1.78,6
2024-2025,https://www.oddsportal.com/football/h2h/ath-bilbao-IP5zl0cJ/getafe-dboeiWOt/#hO0nKEm3,2024-08-15 17:00,Ath Bilbao,Getafe,1,1,2.444,1.518,2.52,1.55,5
2024-2025,https://www.oddsportal.com/football/h2h/ath-bilbao-IP5zl0cJ/getafe-dboeiWOt/#l22rPPYh,2025-05-15 19:30,Getafe,Ath Bilbao,0,2,2.507,1.493,2.74,1.55,6
2024-2025,https://www.oddsportal.com/football/h2h/ath-bilbao-IP5zl0cJ/girona-nNNpcUSL/#2NT7TGl5,2025-02-08 16:15,Ath Bilbao,Girona,3,0,1.91,1.832,1.96,1.9,6
2024-2025,https://www.oddsportal.com/football/h2h/ath-bilbao-IP5zl0cJ/girona-nNNpcUSL/#4Ef51XCt,2024-10-06 12:00,Girona,Ath Bilbao,2,1,1.75,2.02,1.8,2.05,5
2024-2025,https://www.oddsportal.com/football/h2h/ath-bilbao-IP5zl0cJ/las-palmas-IyRQC2vM/#QX8VjK5C,2025-04-23 17:00,Ath Bilbao,Las Palmas,1,0,2.152,1.648,2.2,1.68,6
2024-2025,https://www.oddsportal.com/football/h2h/ath-bilbao-IP5zl0cJ/las-palmas-IyRQC2vM/#dzUhmsxP,2024-09-15 16:30,Las Palmas,Ath Bilbao,2,3,1.908,1.85,1.96,1.93,5
2024-2025,https://www.oddsportal.com/football/h2h/ath-bilbao-IP5zl0cJ/leganes-Mi0rXQg7/#4CuXB97d,2025-01-26 18:30,Ath Bilbao,Leganes,0,0,2.41,1.527,2.56,1.6,6
2024-2025,https://www.oddsportal.com/football/h2h/ath-bilbao-IP5zl0cJ/leganes-Mi0rXQg7/#xjut9IFr,2024-09-19 17:00,Leganes,Ath Bilbao,0,2,2.252,1.6,2.36,1.65,5
2024-2025,https://www.oddsportal.com/football/h2h/ath-bilbao-IP5zl0cJ/mallorca-4jDQxrbf/#E595Qvn9,2024-10-28 21:00,Mallorca,Ath Bilbao,0,0,2.105,1.675,2.16,1.7,6
2024-2025,https://www.oddsportal.com/football/h2h/ath-bilbao-IP5zl0cJ/mallorca-4jDQxrbf/#EuhNOn4T,2025-03-09 18:30,Ath Bilbao,Mallorca,1,1,2.088,1.683,2.16,1.7,6
2024-2025,https://www.oddsportal.com/football/h2h/ath-bilbao-IP5zl0cJ/osasuna-ETdxjU8a/#t6I9pOsm,2025-03-30 16:30,Ath Bilbao,Osasuna,0,0,2.062,1.702,2.12,1.72,6
2024-2025,https://www.oddsportal.com/football/h2h/ath-bilbao-IP5zl0cJ/osasuna-ETdxjU8a/#xr9PuoR0,2024-12-21 18:30,Osasuna,Ath Bilbao,1,2,2.1,1.675,2.2,1.72,6
2024-2025,https://www.oddsportal.com/football/h2h/ath-bilbao-IP5zl0cJ/rayo-vallecano-8bcjFy6O/#2wUeDDHj,2025-04-13 19:00,Ath Bilbao,Rayo Vallecano,3,1,2.158,1.642,2.3,1.67,6
2024-2025,https://www.oddsportal.com/football/h2h/ath-bilbao-IP5zl0cJ/rayo-vallecano-8bcjFy6O/#4WDdbyL6,2024-12-01 18:30,Rayo Vallecano,Ath Bilbao,1,2,2.062,1.695,2.12,1.75,6
2024-2025,https://www.oddsportal.com/football/h2h/ath-bilbao-IP5zl0cJ/real-madrid-W8mj7MDD/#8Ohqd6Bs,2024-12-04 21:00,Ath Bilbao,Real Madrid,2,1,1.638,2.155,1.68,2.2,6
2024-2025,https://www.oddsportal.com/football/h2h/ath-bilbao-IP5zl0cJ/real-madrid-W8mj7MDD/#Qmk8moaK,2025-04-20 19:00,Real Madrid,Ath Bilbao,1,0,1.888,1.873,1.94,1.91,6
2024-2025,https://www.oddsportal.com/football/h2h/ath-bilbao-IP5zl0cJ/real-sociedad-jNvak2f3/#WpvagkwA,2024-11-24 21:00,Ath Bilbao,Real Sociedad,1,0,2.075,1.695,2.18,1.75,6
2024-2025,https://www.oddsportal.com/football/h2h/ath-bilbao-IP5zl0cJ/real-sociedad-jNvak2f3/#zqhC5vx3,2025-05-04 19:00,Real Sociedad,Ath Bilbao,0,0,2.105,1.675,2.18,1.72,6
2024-2025,https://www.oddsportal.com/football/h2h/ath-bilbao-IP5zl0cJ/sevilla-h8oAv4Ts/#jyEMLeal,2024-09-29 14:15,Ath Bilbao,Sevilla,1,1,1.948,1.808,1.96,1.84,5
2024-2025,https://www.oddsportal.com/football/h2h/ath-bilbao-IP5zl0cJ/sevilla-h8oAv4Ts/#lz02jgE8,2025-03-16 16:15,Sevilla,Ath Bilbao,0,1,2.003,1.745,2.1,1.78,6
2024-2025,https://www.oddsportal.com/football/h2h/ath-bilbao-IP5zl0cJ/valencia-CQeaytrD/#0Y1WIvRG,2024-08-28 17:00,Ath Bilbao,Valencia,1,0,2.006,1.75,2.1,1.85,5
2024-2025,https://www.oddsportal.com/football/h2h/ath-bilbao-IP5zl0cJ/valencia-CQeaytrD/#W6e9nKWG,2025-05-18 17:00,Valencia,Ath Bilbao,0,1,1.932,1.81,2.02,1.85,6
2024-2025,https://www.oddsportal.com/football/h2h/ath-bilbao-IP5zl0cJ/valladolid-zkpajjvm/#Ii5Z8q8E,2025-02-23 14:00,Ath Bilbao,Valladolid,7,1,2.517,1.483,2.6,1.52,6
2024-2025,https://www.oddsportal.com/football/h2h/ath-bilbao-IP5zl0cJ/valladolid-zkpajjvm/#MXB9rYOi,2024-11-10 18:30,Valladolid,Ath Bilbao,1,1,2.007,1.747,2.14,1.78,6
2024-2025,https://www.oddsportal.com/football/h2h/ath-bilbao-IP5zl0cJ/villarreal-lUatW5jE/#2HhL0zYp,2025-04-06 19:00,Villarreal,Ath Bilbao,0,0,1.673,2.108,1.74,2.2,6
2024-2025,https://www.oddsportal.com/football/h2h/ath-bilbao-IP5zl0cJ/villarreal-lUatW5jE/#SYQn9hZO,2024-12-08 16:15,Ath Bilbao,Villarreal,2,0,1.785,1.963,1.84,2.05,6
2024-2025,https://www.oddsportal.com/football/h2h/atl-madrid-jaarqpLQ/barcelona-SKbpVP5K/#dpPQwPeD,2024-12-21 21:00,Barcelona,Atl. Madrid,1,2,1.495,2.49,1.52,2.52,6
2024-2025,https://www.oddsportal.com/football/h2h/atl-madrid-jaarqpLQ/barcelona-SKbpVP5K/#tUjwjP2S,2025-03-16 21:00,Atl. Madrid,Barcelona,2,4,1.5,2.477,1.53,2.55,6
2024-2025,https://www.oddsportal.com/football/h2h/atl-madrid-jaarqpLQ/betis-vJbTeCGP/#842EOIGL,2024-10-27 18:30,Betis,Atl. Madrid,1,0,1.842,1.927,1.91,2.05,6
2024-2025,https://www.oddsportal.com/football/h2h/atl-madrid-jaarqpLQ/betis-vJbTeCGP/#lnM5Sbuo,2025-05-18 17:00,Atl. Madrid,Betis,4,1,1.71,2.065,1.75,2.12,6
2024-2025,https://www.oddsportal.com/football/h2h/atl-madrid-jaarqpLQ/celta-vigo-8pvUZFhf/#pGrl7dpe,2024-09-26 19:00,Celta Vigo,Atl. Madrid,0,1,1.75,2.02,1.8,2.1,5
2024-2025,https://www.oddsportal.com/football/h2h/atl-madrid-jaarqpLQ/celta-vigo-8pvUZFhf/#r1DOfgm4,2025-02-15 18:30,Atl. Madrid,Celta Vigo,1,1,2.037,1.732,2.12,1.75,6
2024-2025,https://www.oddsportal.com/football/h2h/atl-madrid-jaarqpLQ/espanyol-QFfPdh1J/#KhwykQ8L,2024-08-28 19:30,Atl. Madrid,Espanyol,0,0,2.444,1.52,2.5,1.58,5
2024-2025,https://www.oddsportal.com/football/h2h/atl-madrid-jaarqpLQ/espanyol-QFfPdh1J/#Kjbn1lFr,2025-03-29 16:15,Espanyol,Atl. Madrid,1,1,2.12,1.663,2.2,1.7,6
2024-2025,https://www.oddsportal.com/football/h2h/atl-madrid-jaarqpLQ/getafe-dboeiWOt/#ClaMg733,2025-03-09 14:00,Getafe,Atl. Madrid,2,1,2.228,1.608,2.32,1.63,6
2024-2025,https://www.oddsportal.com/football/h2h/atl-madrid-jaarqpLQ/getafe-dboeiWOt/#Qs6LJrmp,2024-12-15 14:00,Atl. Madrid,Getafe,1,0,2.55,1.478,2.7,1.52,6
2024-2025,https://www.oddsportal.com/football/h2h/atl-madrid-jaarqpLQ/girona-nNNpcUSL/#ChPK4l66,2024-08-25 19:30,Atl. Madrid,Girona,3,0,1.72,2.06,1.75,2.1,5
2024-2025,https://www.oddsportal.com/football/h2h/atl-madrid-jaarqpLQ/girona-nNNpcUSL/#Q9A5gSq1,2025-05-25 12:00,Girona,Atl. Madrid,0,4,1.423,2.672,1.44,2.75,6
2024-2025,https://www.oddsportal.com/football/h2h/atl-madrid-jaarqpLQ/las-palmas-IyRQC2vM/#ALQvrPMs,2025-04-19 19:00,Las Palmas,Atl. Madrid,1,0,1.93,1.812,1.96,1.84,6
2024-2025,https://www.oddsportal.com/football/h2h/atl-madrid-jaarqpLQ/las-palmas-IyRQC2vM/#QXtsC0lD,2024-11-03 14:00,Atl. Madrid,Las Palmas,2,0,1.955,1.788,2.04,1.85,6
2024-2025,https://www.oddsportal.com/football/h2h/atl-madrid-jaarqpLQ/leganes-Mi0rXQg7/#65kl1OIc,2024-10-20 14:15,Atl. Madrid,Leganes,3,1,2.36,1.547,2.54,1.65,6
2024-2025,https://www.oddsportal.com/football/h2h/atl-madrid-jaarqpLQ/leganes-Mi0rXQg7/#Y7DQ4h0T,2025-01-18 16:15,Leganes,Atl. Madrid,1,0,2.25,1.598,2.4,1.63,6
2024-2025,https://www.oddsportal.com/football/h2h/atl-madrid-jaarqpLQ/mallorca-4jDQxrbf/#6HFlQaS6,2025-02-01 18:30,Atl. Madrid,Mallorca,2,0,2.363,1.537,2.46,1.57,6
2024-2025,https://www.oddsportal.com/football/h2h/atl-madrid-jaarqpLQ/mallorca-4jDQxrbf/#Ia5ItCg4,2024-11-10 16:15,Mallorca,Atl. Madrid,0,1,2.078,1.693,2.2,1.73,6
2024-2025,https://www.oddsportal.com/football/h2h/atl-madrid-jaarqpLQ/osasuna-ETdxjU8a/#AHjiN335,2025-05-15 17:00,Osasuna,Atl. Madrid,2,0,1.733,2.032,1.78,2.05,6
2024-2025,https://www.oddsportal.com/football/h2h/atl-madrid-jaarqpLQ/osasuna-ETdxjU8a/#Gldifptf,2025-01-12 16:15,Atl. Madrid,Osasuna,1,0,2.303,1.56,2.4,1.57,6
2024-2025,https://www.oddsportal.com/football/h2h/atl-madrid-jaarqpLQ/rayo-vallecano-8bcjFy6O/#6sHwkbzP,2025-04-24 19:30,Atl. Madrid,Rayo Vallecano,3,0,1.957,1.795,2.02,1.8,6
2024-2025,https://www.oddsportal.com/football/h2h/atl-madrid-jaarqpLQ/rayo-vallecano-8bcjFy6O/#QiF6bS1N,2024-09-22 19:00,Rayo Vallecano,Atl. Madrid,1,1,2.024,1.752,2.14,1.83,5
2024-2025,https://www.oddsportal.com/football/h2h/atl-madrid-jaarqpLQ/real-madrid-W8mj7MDD/#OjcktfYA,2025-02-08 21:00,Real Madrid,Atl. Madrid,1,1,1.547,2.345,1.57,2.42,6
2024-2025,https://www.oddsportal.com/football/h2h/atl-madrid-jaarqpLQ/real-madrid-W8mj7MDD/#n37VJZT0,2024-09-29 19:00,Atl. Madrid,Real Madrid,1,1,1.702,2.076,1.74,2.15,5
2024-2025,https://www.oddsportal.com/football/h2h/atl-madrid-jaarqpLQ/real-sociedad-jNvak2f3/#CvbDaBsg,2024-10-06 19:00,Real Sociedad,Atl. Madrid,1,1,2.016,1.746,2.1,1.78,5
2024-2025,https://www.oddsportal.com/football/h2h/atl-madrid-jaarqpLQ/real-sociedad-jNvak2f3/#UunfGejL,2025-05-10 19:00,Atl. Madrid,Real Sociedad,4,0,1.978,1.775,2.02,1.8,6
2024-2025,https://www.oddsportal.com/football/h2h/atl-madrid-jaarqpLQ/sevilla-h8oAv4Ts/#6adcTeKt,2024-12-08 21:00,Atl. Madrid,Sevilla,4,3,2.16,1.648,2.26,1.73,6
2024-2025,https://www.oddsportal.com/football/h2h/atl-madrid-jaarqpLQ/sevilla-h8oAv4Ts/#IPz8OwQi,2025-04-06 14:15,Sevilla,Atl. Madrid,1,2,1.972,1.778,2.02,1.82,6
2024-2025,https://www.oddsportal.com/football/h2h/atl-madrid-jaarqpLQ/valencia-CQeaytrD/#GnmMauV0,2025-02-22 18:30,Valencia,Atl. Madrid,0,3,1.993,1.76,2.06,1.8,6
2024-2025,https://www.oddsportal.com/football/h2h/atl-madrid-jaarqpLQ/valencia-CQeaytrD/#SdHeBgOE,2024-09-15 19:00,Atl. Madrid,Valencia,3,0,2.188,1.634,2.34,1.68,5
2024-2025,https://www.oddsportal.com/football/h2h/atl-madrid-jaarqpLQ/valladolid-zkpajjvm/#0b75dFkJ,2024-11-30 21:00,Valladolid,Atl. Madrid,0,5,2.083,1.688,2.18,1.78,6
2024-2025,https://www.oddsportal.com/football/h2h/atl-madrid-jaarqpLQ/valladolid-zkpajjvm/#UqMsyH9c,2025-04-14 19:00,Atl. Madrid,Valladolid,,,2.747,1.413,2.96,1.5,6
2024-2025,https://www.oddsportal.com/football/h2h/atl-madrid-jaarqpLQ/villarreal-lUatW5jE/#E1Xs9lu2,2024-08-19 19:30,Villarreal,Atl. Madrid,2,2,1.616,2.234,1.66,2.3,5
2024-2025,https://www.oddsportal.com/football/h2h/atl-madrid-jaarqpLQ/villarreal-lUatW5jE/#WIXIZCa3,2025-01-25 16:15,Atl. Madrid,Villarreal,1,1,1.979,3.479,2.05,3.55,7
2024-2025,https://www.oddsportal.com/football/h2h/barcelona-SKbpVP5K/betis-vJbTeCGP/#Mq2QB0tn,2025-04-05 19:00,Barcelona,Betis,1,1,1.547,2.342,1.58,2.4,6
2024-2025,https://www.oddsportal.com/football/h2h/barcelona-SKbpVP5K/betis-vJbTeCGP/#hGKvtZ3n,2024-12-07 16:15,Betis,Barcelona,2,2,1.492,2.508,1.5,2.58,6
2024-2025,https://www.oddsportal.com/football/h2h/barcelona-SKbpVP5K/celta-vigo-8pvUZFhf/#tGcs6SMF,2024-11-23 21:00,Celta Vigo,Barcelona,2,2,1.482,2.533,1.5,2.6,6
2024-2025,https://www.oddsportal.com/football/h2h/barcelona-SKbpVP5K/espanyol-QFfPdh1J/#AaJpAqbD,2025-05-15 19:30,Espanyol,Barcelona,0,2,1.525,2.405,1.54,2.46,6
2024-2025,https://www.oddsportal.com/football/h2h/barcelona-SKbpVP5K/espanyol-QFfPdh1J/#UaS8aGMt,2024-11-03 16:15,Barcelona,Espanyol,3,1,1.763,1.968,1.8,2.05,6
2024-2025,https://www.oddsportal.com/football/h2h/barcelona-SKbpVP5K/getafe-dboeiWOt/#4j4daWNj,2025-01-18 21:00,Getafe,Barcelona,1,1,1.93,1.807,1.98,1.83,6
2024-2025,https://www.oddsportal.com/football/h2h/barcelona-SKbpVP5K/getafe-dboeiWOt/#QDjsB5oT,2024-09-25 19:00,Barcelona,Getafe,1,0,2.172,1.644,2.26,1.73,5
2024-2025,https://www.oddsportal.com/football/h2h/barcelona-SKbpVP5K/girona-nNNpcUSL/#lWLHr2Ca,2025-03-30 14:15,Barcelona,Girona,4,1,1.708,2.057,1.73,2.12,6
2024-2025,https://www.oddsportal.com/football/h2h/barcelona-SKbpVP5K/girona-nNNpcUSL/#na927pNt,2024-09-15 14:15,Girona,Barcelona,1,4,1.436,2.714,1.44,2.82,5
2024-2025,https://www.oddsportal.com/football/h2h/barcelona-SKbpVP5K/las-palmas-IyRQC2vM/#CEtVcJaD,2025-02-22 21:00,Las Palmas,Barcelona,0,2,1.667,2.123,1.7,2.2,6
2024-2025,https://www.oddsportal.com/football/h2h/barcelona-SKbpVP5K/las-palmas-IyRQC2vM/#KQGA7ubK,2024-11-30 14:00,Barcelona,Las Palmas,1,2,1.798,1.937,1.85,2.0,6
2024-2025,https://www.oddsportal.com/football/h2h/barcelona-SKbpVP5K/leganes-Mi0rXQg7/#Y79THMHd,2024-12-15 21:00,Barcelona,Leganes,0,1,1.915,1.822,2.0,1.95,6
2024-2025,https://www.oddsportal.com/football/h2h/barcelona-SKbpVP5K/leganes-Mi0rXQg7/#bNYvD4N7,2025-04-12 19:00,Leganes,Barcelona,0,1,1.865,1.897,1.91,1.92,6
2024-2025,https://www.oddsportal.com/football/h2h/barcelona-SKbpVP5K/mallorca-4jDQxrbf/#48cSecHb,2024-12-03 19:00,Mallorca,Barcelona,1,5,1.79,1.958,1.82,2.0,6
2024-2025,https://www.oddsportal.com/football/h2h/barcelona-SKbpVP5K/mallorca-4jDQxrbf/#Mgim91Lt,2025-04-22 19:30,Barcelona,Mallorca,1,0,1.93,1.807,1.97,1.88,6
2024-2025,https://www.oddsportal.com/football/h2h/barcelona-SKbpVP5K/osasuna-ETdxjU8a/#4vvdzeEs,2024-09-28 19:00,Osasuna,Barcelona,4,2,1.566,2.336,1.64,2.45,5
2024-2025,https://www.oddsportal.com/football/h2h/barcelona-SKbpVP5K/osasuna-ETdxjU8a/#pOrgJQRj,2025-03-27 21:00,Barcelona,Osasuna,3,0,1.785,1.952,1.84,1.98,6
2024-2025,https://www.oddsportal.com/football/h2h/barcelona-SKbpVP5K/rayo-vallecano-8bcjFy6O/#8CpDVHAM,2024-08-27 19:30,Rayo Vallecano,Barcelona,1,2,1.796,1.962,1.84,2.05,5
2024-2025,https://www.oddsportal.com/football/h2h/barcelona-SKbpVP5K/rayo-vallecano-8bcjFy6O/#vT6XhXHG,2025-02-17 21:00,Barcelona,Rayo Vallecano,1,0,1.763,1.988,1.8,2.05,6
2024-2025,https://www.oddsportal.com/football/h2h/barcelona-SKbpVP5K/real-madrid-W8mj7MDD/#4zlpJdvq,2024-10-26 19:00,Real Madrid,Barcelona,0,4,1.383,2.867,1.4,2.98,6
2024-2025,https://www.oddsportal.com/football/h2h/barcelona-SKbpVP5K/real-madrid-W8mj7MDD/#ncSQAZDr,2025-05-11 14:15,Barcelona,Real Madrid,4,3,1.275,3.525,1.31,3.7,6
2024-2025,https://www.oddsportal.com/football/h2h/barcelona-SKbpVP5K/real-sociedad-jNvak2f3/#QP8QvjOG,2024-11-10 21:00,Real Sociedad,Barcelona,1,0,1.632,2.178,1.67,2.3,6
2024-2025,https://www.oddsportal.com/football/h2h/barcelona-SKbpVP5K/real-sociedad-jNvak2f3/#QaFBAdqJ,2025-03-02 16:15,Barcelona,Real Sociedad,4,0,1.96,1.79,2.06,1.9,6
2024-2025,https://www.oddsportal.com/football/h2h/barcelona-SKbpVP5K/sevilla-h8oAv4Ts/#2Xrca2mA,2024-10-20 19:00,Barcelona,Sevilla,5,1,1.727,2.037,1.75,2.1,6
2024-2025,https://www.oddsportal.com/football/h2h/barcelona-SKbpVP5K/sevilla-h8oAv4Ts/#p6obvY2N,2025-02-09 21:00,Sevilla,Barcelona,1,4,1.578,2.293,1.62,2.36,6
2024-2025,https://www.oddsportal.com/football/h2h/barcelona-SKbpVP5K/valencia-CQeaytrD/#CSuRXjUF,2025-01-26 21:00,Barcelona,Valencia,7,1,1.887,1.88,1.91,1.92,6
2024-2025,https://www.oddsportal.com/football/h2h/barcelona-SKbpVP5K/valencia-CQeaytrD/#KbKTWiX8,2024-08-17 19:30,Valencia,Barcelona,1,2,1.732,2.044,1.78,2.1,5
2024-2025,https://www.oddsportal.com/football/h2h/barcelona-SKbpVP5K/valladolid-zkpajjvm/#OlferefS,2024-08-31 15:00,Barcelona,Valladolid,7,0,1.884,1.882,1.94,1.91,5
2024-2025,https://www.oddsportal.com/football/h2h/barcelona-SKbpVP5K/valladolid-zkpajjvm/#WAoL3I6F,2025-05-03 19:00,Valladolid,Barcelona,1,2,1.703,2.067,1.75,2.16,6
2024-2025,https://www.oddsportal.com/football/h2h/barcelona-SKbpVP5K/villarreal-lUatW5jE/#2R3hj2Xi,2025-05-18 17:00,Barcelona,Villarreal,2,3,1.275,3.508,1.3,3.7,6
2024-2025,https://www.oddsportal.com/football/h2h/barcelona-SKbpVP5K/villarreal-lUatW5jE/#pxdwg6Pp,2024-09-22 16:30,Villarreal,Barcelona,1,5,1.4,2.846,1.42,2.96,5
2024-2025,https://www.oddsportal.com/football/h2h/betis-vJbTeCGP/celta-vigo-8pvUZFhf/#4duqSCvB,2024-11-10 14:00,Betis,Celta Vigo,2,2,1.753,2.007,1.8,2.1,6
2024-2025,https://www.oddsportal.com/football/h2h/betis-vJbTeCGP/celta-vigo-8pvUZFhf/#fuXTYBQp,2025-02-08 14:00,Celta Vigo,Betis,3,2,1.745,2.01,1.8,2.05,6
2024-2025,https://www.oddsportal.com/football/h2h/betis-vJbTeCGP/espanyol-QFfPdh1J/#4rQsoH7m,2024-09-29 16:30,Betis,Espanyol,1,0,2.002,1.76,2.08,1.83,5
2024-2025,https://www.oddsportal.com/football/h2h/betis-vJbTeCGP/espanyol-QFfPdh1J/#67MTDRbl,2025-05-04 16:30,Espanyol,Betis,1,2,1.74,2.013,1.84,2.07,6
2024-2025,https://www.oddsportal.com/football/h2h/betis-vJbTeCGP/getafe-dboeiWOt/#8b5vHIeT,2024-09-18 17:00,Betis,Getafe,2,1,2.298,1.572,2.44,1.6,5
2024-2025,https://www.oddsportal.com/football/h2h/betis-vJbTeCGP/getafe-dboeiWOt/#vLYGLMiK,2025-02-23 18:30,Getafe,Betis,1,2,2.283,1.57,2.4,1.6,6
2024-2025,https://www.oddsportal.com/football/h2h/betis-vJbTeCGP/girona-nNNpcUSL/#EDNevsM6,2025-04-21 19:00,Girona,Betis,1,3,1.618,2.212,1.66,2.25,6
2024-2025,https://www.oddsportal.com/football/h2h/betis-vJbTeCGP/girona-nNNpcUSL/#QyafIhIF,2024-08-15 19:30,Betis,Girona,1,1,1.718,2.046,1.76,2.1,5
2024-2025,https://www.oddsportal.com/football/h2h/betis-vJbTeCGP/las-palmas-IyRQC2vM/#6VWd5zF7,2024-09-26 17:00,Las Palmas,Betis,1,1,1.768,1.996,1.84,2.02,5
2024-2025,https://www.oddsportal.com/football/h2h/betis-vJbTeCGP/las-palmas-IyRQC2vM/#pEuusUJc,2025-03-09 18:30,Betis,Las Palmas,1,0,2.013,1.74,2.08,1.78,6
2024-2025,https://www.oddsportal.com/football/h2h/betis-vJbTeCGP/leganes-Mi0rXQg7/#YeqTho8m,2024-09-13 19:00,Betis,Leganes,2,0,2.26,1.59,2.4,1.68,5
2024-2025,https://www.oddsportal.com/football/h2h/betis-vJbTeCGP/leganes-Mi0rXQg7/#d03AlXrL,2025-03-16 14:00,Leganes,Betis,2,3,1.945,1.798,2.02,1.82,6
2024-2025,https://www.oddsportal.com/football/h2h/betis-vJbTeCGP/mallorca-4jDQxrbf/#445r4WXo,2024-09-23 19:00,Betis,Mallorca,1,2,2.29,1.576,2.48,1.65,5
2024-2025,https://www.oddsportal.com/football/h2h/betis-vJbTeCGP/mallorca-4jDQxrbf/#CjODOni2,2025-01-25 14:00,Mallorca,Betis,0,1,2.163,1.642,2.28,1.67,6
2024-2025,https://www.oddsportal.com/football/h2h/betis-vJbTeCGP/osasuna-ETdxjU8a/#KAQY8Dre,2025-05-11 19:00,Betis,Osasuna,1,1,1.71,2.063,1.75,2.15,6
2024-2025,https://www.oddsportal.com/football/h2h/betis-vJbTeCGP/osasuna-ETdxjU8a/#ll7vCuXF,2024-10-19 14:15,Osasuna,Betis,1,2,1.915,1.823,1.95,1.88,6
2024-2025,https://www.oddsportal.com/football/h2h/betis-vJbTeCGP/rayo-vallecano-8bcjFy6O/#8lxzVTCr,2024-12-22 21:00,Betis,Rayo Vallecano,1,1,1.945,1.795,2.0,1.8,6
2024-2025,https://www.oddsportal.com/football/h2h/betis-vJbTeCGP/rayo-vallecano-8bcjFy6O/#IsfaLsYH,2025-05-15 17:00,Rayo Vallecano,Betis,2,2,1.705,2.07,1.75,2.15,6
2024-2025,https://www.oddsportal.com/football/h2h/betis-vJbTeCGP/real-madrid-W8mj7MDD/#YN50iYWr,2024-09-01 19:30,Real Madrid,Betis,2,0,2.008,1.756,2.08,1.83,5
2024-2025,https://www.oddsportal.com/football/h2h/betis-vJbTeCGP/real-madrid-W8mj7MDD/#t8cbYayQ,2025-03-01 18:30,Betis,Real Madrid,2,1,1.515,2.427,1.54,2.46,6
2024-2025,https://www.oddsportal.com/football/h2h/betis-vJbTeCGP/real-sociedad-jNvak2f3/#S4aiKIsQ,2024-12-01 21:00,Real Sociedad,Betis,2,0,2.1,1.68,2.18,1.75,6
2024-2025,https://www.oddsportal.com/football/h2h/betis-vJbTeCGP/real-sociedad-jNvak2f3/#U9m4zP1k,2025-02-16 21:00,Betis,Real Sociedad,3,0,1.982,1.772,2.04,1.8,6
2024-2025,https://www.oddsportal.com/football/h2h/betis-vJbTeCGP/sevilla-h8oAv4Ts/#YgnMckC5,2024-10-06 16:30,Sevilla,Betis,1,0,1.862,1.904,1.91,1.91,5
2024-2025,https://www.oddsportal.com/football/h2h/betis-vJbTeCGP/sevilla-h8oAv4Ts/#rVEQttsC,2025-03-30 19:00,Betis,Sevilla,2,1,2.038,1.718,2.08,1.75,6
2024-2025,https://www.oddsportal.com/football/h2h/betis-vJbTeCGP/valencia-CQeaytrD/#AZDUiF8d,2025-05-23 19:00,Betis,Valencia,1,1,1.475,2.532,1.5,2.6,6
2024-2025,https://www.oddsportal.com/football/h2h/betis-vJbTeCGP/valencia-CQeaytrD/#C2KEmK6l,2024-11-23 14:00,Valencia,Betis,4,2,2.0,1.75,2.1,1.78,6
2024-2025,https://www.oddsportal.com/football/h2h/betis-vJbTeCGP/valladolid-zkpajjvm/#ILpd7ujg,2025-04-24 19:30,Betis,Valladolid,5,1,2.075,1.702,2.1,1.72,6
2024-2025,https://www.oddsportal.com/football/h2h/betis-vJbTeCGP/valladolid-zkpajjvm/#QNoyfynB,2025-01-11 16:15,Valladolid,Betis,1,0,1.948,1.792,2.04,1.83,6
2024-2025,https://www.oddsportal.com/football/h2h/betis-vJbTeCGP/villarreal-lUatW5jE/#IeVULjzS,2024-12-15 18:30,Villarreal,Betis,1,2,1.578,2.287,1.62,2.4,6
2024-2025,https://www.oddsportal.com/football/h2h/betis-vJbTeCGP/villarreal-lUatW5jE/#OrFjZfvA,2025-04-13 16:30,Betis,Villarreal,1,2,1.61,2.228,1.66,2.25,6
2024-2025,https://www.oddsportal.com/football/h2h/celta-vigo-8pvUZFhf/espanyol-QFfPdh1J/#hvDYgCjI,2024-11-30 18:30,Espanyol,Celta Vigo,3,1,1.87,1.892,1.94,1.93,6
2024-2025,https://www.oddsportal.com/football/h2h/celta-vigo-8pvUZFhf/espanyol-QFfPdh1J/#lWk3c6E7,2025-04-12 16:30,Celta Vigo,Espanyol,0,2,1.988,1.765,2.08,1.8,6
2024-2025,https://www.oddsportal.com/football/h2h/celta-vigo-8pvUZFhf/getafe-dboeiWOt/#pCQ6i6ED,2025-05-24 19:00,Getafe,Celta Vigo,1,2,1.913,1.817,1.95,1.85,6
2024-2025,https://www.oddsportal.com/football/h2h/celta-vigo-8pvUZFhf/getafe-dboeiWOt/#zeCiJHet,2024-11-04 21:00,Celta Vigo,Getafe,1,0,2.3,1.568,2.4,1.65,6
2024-2025,https://www.oddsportal.com/football/h2h/celta-vigo-8pvUZFhf/girona-nNNpcUSL/#Y3cJ6mro,2025-03-01 14:00,Girona,Celta Vigo,2,2,1.763,1.99,1.8,2.05,6
2024-2025,https://www.oddsportal.com/football/h2h/celta-vigo-8pvUZFhf/girona-nNNpcUSL/#h0AwIDbD,2024-09-29 12:00,Celta Vigo,Girona,1,1,1.63,2.198,1.67,2.25,5
2024-2025,https://www.oddsportal.com/football/h2h/celta-vigo-8pvUZFhf/las-palmas-IyRQC2vM/#GrDYvKBO,2025-03-31 19:00,Celta Vigo,Las Palmas,1,1,1.915,1.827,1.95,1.86,6
2024-2025,https://www.oddsportal.com/football/h2h/celta-vigo-8pvUZFhf/las-palmas-IyRQC2vM/#KApUeTtI,2024-10-05 16:30,Las Palmas,Celta Vigo,0,1,1.66,2.138,1.7,2.15,5
2024-2025,https://www.oddsportal.com/football/h2h/celta-vigo-8pvUZFhf/leganes-Mi0rXQg7/#02sgHz9e,2024-10-27 14:00,Leganes,Celta Vigo,3,0,1.978,1.772,2.04,1.83,6
2024-2025,https://www.oddsportal.com/football/h2h/celta-vigo-8pvUZFhf/leganes-Mi0rXQg7/#IRwmu8lA,2025-03-08 14:00,Celta Vigo,Leganes,2,1,2.058,1.707,2.1,1.73,6
2024-2025,https://www.oddsportal.com/football/h2h/celta-vigo-8pvUZFhf/mallorca-4jDQxrbf/#Cda5RZlg,2024-12-06 21:00,Celta Vigo,Mallorca,2,0,2.107,1.67,2.22,1.75,6
2024-2025,https://www.oddsportal.com/football/h2h/celta-vigo-8pvUZFhf/mallorca-4jDQxrbf/#jwZFMHf4,2025-04-05 16:30,Mallorca,Celta Vigo,1,2,1.902,1.84,1.95,1.9,6
2024-2025,https://www.oddsportal.com/football/h2h/celta-vigo-8pvUZFhf/osasuna-ETdxjU8a/#QH8s7NxR,2025-02-21 21:00,Celta Vigo,Osasuna,1,0,1.872,1.872,1.95,1.95,6
2024-2025,https://www.oddsportal.com/football/h2h/celta-vigo-8pvUZFhf/osasuna-ETdxjU8a/#vyy1kC1e,2024-09-01 15:00,Osasuna,Celta Vigo,3,2,1.766,1.996,1.82,2.05,5
2024-2025,https://www.oddsportal.com/football/h2h/celta-vigo-8pvUZFhf/rayo-vallecano-8bcjFy6O/#bkarhFGN,2025-01-10 21:00,Rayo Vallecano,Celta Vigo,2,1,1.85,1.903,1.91,1.95,6
2024-2025,https://www.oddsportal.com/football/h2h/celta-vigo-8pvUZFhf/rayo-vallecano-8bcjFy6O/#zu20lt24,2025-05-18 17:00,Celta Vigo,Rayo Vallecano,1,2,1.768,1.967,1.8,2.0,6
2024-2025,https://www.oddsportal.com/football/h2h/celta-vigo-8pvUZFhf/real-madrid-W8mj7MDD/#4OqT1dyS,2025-05-04 12:00,Real Madrid,Celta Vigo,3,2,1.543,2.372,1.57,2.46,6
2024-2025,https://www.oddsportal.com/football/h2h/celta-vigo-8pvUZFhf/real-madrid-W8mj7MDD/#8Uo5ctIM,2024-10-19 19:00,Celta Vigo,Real Madrid,1,2,1.662,2.127,1.7,2.2,6
2024-2025,https://www.oddsportal.com/football/h2h/celta-vigo-8pvUZFhf/real-sociedad-jNvak2f3/#4GVrT7se,2024-12-21 16:15,Celta Vigo,Real Sociedad,2,0,2.105,1.672,2.16,1.7,6
2024-2025,https://www.oddsportal.com/football/h2h/celta-vigo-8pvUZFhf/real-sociedad-jNvak2f3/#E9m8JL2U,2025-05-13 18:00,Real Sociedad,Celta Vigo,0,1,1.69,2.083,1.82,2.15,6
2024-2025,https://www.oddsportal.com/football/h2h/celta-vigo-8pvUZFhf/sevilla-h8oAv4Ts/#GxKs7iD7,2025-05-10 14:15,Celta Vigo,Sevilla,3,2,1.805,1.937,1.88,1.95,6
2024-2025,https://www.oddsportal.com/football/h2h/celta-vigo-8pvUZFhf/sevilla-h8oAv4Ts/#lvM0GUck,2024-12-14 18:30,Sevilla,Celta Vigo,1,0,1.847,1.907,1.91,1.95,6
2024-2025,https://www.oddsportal.com/football/h2h/celta-vigo-8pvUZFhf/valencia-CQeaytrD/#8KIT2SzJ,2024-08-23 17:00,Celta Vigo,Valencia,3,1,1.802,1.95,1.86,1.98,5
2024-2025,https://www.oddsportal.com/football/h2h/celta-vigo-8pvUZFhf/valencia-CQeaytrD/#YsxiXbkt,2025-02-02 16:15,Valencia,Celta Vigo,2,1,1.94,1.805,2.02,1.83,6
2024-2025,https://www.oddsportal.com/football/h2h/celta-vigo-8pvUZFhf/valladolid-zkpajjvm/#GppsqB6r,2025-03-15 14:00,Valladolid,Celta Vigo,0,1,1.868,1.892,1.91,1.91,6
2024-2025,https://www.oddsportal.com/football/h2h/celta-vigo-8pvUZFhf/valladolid-zkpajjvm/#SfxxiPx0,2024-09-15 12:00,Celta Vigo,Valladolid,3,1,1.778,1.988,1.84,2.1,5
2024-2025,https://www.oddsportal.com/football/h2h/celta-vigo-8pvUZFhf/villarreal-lUatW5jE/#Qol45JK5,2025-04-23 17:00,Celta Vigo,Villarreal,3,0,1.508,2.462,1.54,2.55,6
2024-2025,https://www.oddsportal.com/football/h2h/celta-vigo-8pvUZFhf/villarreal-lUatW5jE/#hpMqQeYq,2024-08-26 19:30,Villarreal,Celta Vigo,4,3,1.594,2.284,1.62,2.4,5
2024-2025,https://www.oddsportal.com/football/h2h/espanyol-QFfPdh1J/getafe-dboeiWOt/#GxrkL96E,2025-04-18 19:00,Espanyol,Getafe,1,0,2.4,1.527,2.5,1.57,6
2024-2025,https://www.oddsportal.com/football/h2h/espanyol-QFfPdh1J/getafe-dboeiWOt/#QiBthjLU,2024-12-09 21:00,Getafe,Espanyol,1,0,2.563,1.465,2.76,1.55,6
2024-2025,https://www.oddsportal.com/football/h2h/espanyol-QFfPdh1J/girona-nNNpcUSL/#U1LDLI0c,2025-03-10 21:00,Espanyol,Girona,1,1,1.905,1.833,1.98,1.88,6
2024-2025,https://www.oddsportal.com/football/h2h/espanyol-QFfPdh1J/girona-nNNpcUSL/#buKPeYL5,2024-11-23 18:30,Girona,Espanyol,4,1,2.03,1.728,2.1,1.83,6
2024-2025,https://www.oddsportal.com/football/h2h/espanyol-QFfPdh1J/las-palmas-IyRQC2vM/#EBWdft2b,2024-12-22 18:30,Las Palmas,Espanyol,1,0,2.025,1.727,2.08,1.75,6
2024-2025,https://www.oddsportal.com/football/h2h/espanyol-QFfPdh1J/las-palmas-IyRQC2vM/#nuc2SQDs,2025-05-24 16:30,Espanyol,Las Palmas,2,0,1.9,1.84,1.95,1.91,6
2024-2025,https://www.oddsportal.com/football/h2h/espanyol-QFfPdh1J/leganes-Mi0rXQg7/#2ZFxC5T0,2025-05-11 12:00,Leganes,Espanyol,3,2,1.838,1.922,1.91,1.95,6
2024-2025,https://www.oddsportal.com/football/h2h/espanyol-QFfPdh1J/leganes-Mi0rXQg7/#zRK5hKWA,2025-01-11 18:30,Espanyol,Leganes,1,1,2.208,1.617,2.3,1.65,6
2024-2025,https://www.oddsportal.com/football/h2h/espanyol-QFfPdh1J/mallorca-4jDQxrbf/#0AJjqex0,2024-10-05 12:00,Espanyol,Mallorca,2,1,2.234,1.616,2.32,1.63,5
2024-2025,https://www.oddsportal.com/football/h2h/espanyol-QFfPdh1J/mallorca-4jDQxrbf/#2FJLJdV9,2025-03-15 16:15,Mallorca,Espanyol,2,1,2.223,1.613,2.32,1.63,6
2024-2025,https://www.oddsportal.com/football/h2h/espanyol-QFfPdh1J/osasuna-ETdxjU8a/#6oTld2Xo,2024-12-14 14:00,Espanyol,Osasuna,0,0,1.923,1.817,1.98,1.85,6
2024-2025,https://www.oddsportal.com/football/h2h/espanyol-QFfPdh1J/osasuna-ETdxjU8a/#jedXXnjK,2025-05-18 17:00,Osasuna,Espanyol,2,0,1.833,1.897,1.9,1.95,6
2024-2025,https://www.oddsportal.com/football/h2h/espanyol-QFfPdh1J/rayo-vallecano-8bcjFy6O/#GOO6q4Wr,2024-08-31 17:15,Espanyol,Rayo Vallecano,2,1,2.196,1.628,2.28,1.65,5
2024-2025,https://www.oddsportal.com/football/h2h/espanyol-QFfPdh1J/rayo-vallecano-8bcjFy6O/#SG1faSqe,2025-04-04 19:00,Rayo Vallecano,Espanyol,0,4,2.287,1.57,2.4,1.6,6
2024-2025,https://www.oddsportal.com/football/h2h/espanyol-QFfPdh1J/real-madrid-W8mj7MDD/#ImLNuMV7,2024-09-21 19:00,Real Madrid,Espanyol,4,1,2.108,1.682,2.24,1.77,5
2024-2025,https://www.oddsportal.com/football/h2h/espanyol-QFfPdh1J/real-madrid-W8mj7MDD/#YLnW8uHi,2025-02-01 21:00,Espanyol,Real Madrid,1,0,1.822,1.923,1.86,1.95,6
2024-2025,https://www.oddsportal.com/football/h2h/espanyol-QFfPdh1J/real-sociedad-jNvak2f3/#OQqSjnv9,2024-08-24 19:30,Espanyol,Real Sociedad,0,1,2.168,1.644,2.24,1.68,5
2024-2025,https://www.oddsportal.com/football/h2h/espanyol-QFfPdh1J/real-sociedad-jNvak2f3/#Umtu7Jo4,2025-02-09 18:30,Real Sociedad,Espanyol,2,1,2.393,1.533,2.5,1.57,6
2024-2025,https://www.oddsportal.com/football/h2h/espanyol-QFfPdh1J/sevilla-h8oAv4Ts/#tSapoxPp,2025-01-25 18:30,Sevilla,Espanyol,1,1,2.07,1.702,2.12,1.72,6
2024-2025,https://www.oddsportal.com/football/h2h/espanyol-QFfPdh1J/sevilla-h8oAv4Ts/#vymauDyP,2024-10-25 19:00,Espanyol,Sevilla,0,2,1.867,1.887,1.94,1.95,6
2024-2025,https://www.oddsportal.com/football/h2h/espanyol-QFfPdh1J/valencia-CQeaytrD/#AyybJmyR,2025-04-22 17:00,Valencia,Espanyol,1,1,1.947,1.8,2.02,1.83,6
2024-2025,https://www.oddsportal.com/football/h2h/espanyol-QFfPdh1J/valencia-CQeaytrD/#jFGHcfig,2024-12-18 21:30,Espanyol,Valencia,1,1,2.175,1.635,2.2,1.66,6
2024-2025,https://www.oddsportal.com/football/h2h/espanyol-QFfPdh1J/valladolid-zkpajjvm/#ITdtTrn2,2024-08-19 17:00,Valladolid,Espanyol,1,0,2.186,1.638,2.28,1.65,5
2024-2025,https://www.oddsportal.com/football/h2h/espanyol-QFfPdh1J/valladolid-zkpajjvm/#MsJDjb1N,2025-01-17 21:00,Espanyol,Valladolid,2,1,2.225,1.603,2.3,1.62,6
2024-2025,https://www.oddsportal.com/football/h2h/espanyol-QFfPdh1J/villarreal-lUatW5jE/#EgwRcF8j,2025-04-27 14:15,Villarreal,Espanyol,1,0,1.793,1.947,1.82,1.98,6
2024-2025,https://www.oddsportal.com/football/h2h/espanyol-QFfPdh1J/villarreal-lUatW5jE/#bqbA3PNE,2024-09-26 17:00,Espanyol,Villarreal,1,2,1.634,2.196,1.68,2.25,5
2024-2025,https://www.oddsportal.com/football/h2h/getafe-dboeiWOt/girona-nNNpcUSL/#CMriQj9N,2024-11-10 18:30,Getafe,Girona,0,1,2.317,1.56,2.38,1.6,6
2024-2025,https://www.oddsportal.com/football/h2h/getafe-dboeiWOt/girona-nNNpcUSL/#IVTbd6O8,2025-02-14 21:00,Girona,Getafe,1,2,2.328,1.562,2.4,1.6,6
2024-2025,https://www.oddsportal.com/football/h2h/getafe-dboeiWOt/las-palmas-IyRQC2vM/#IZuFngvo,2025-01-12 14:00,Las Palmas,Getafe,1,2,2.3,1.565,2.4,1.6,6
2024-2025,https://www.oddsportal.com/football/h2h/getafe-dboeiWOt/las-palmas-IyRQC2vM/#fVyOGnOr,2025-04-12 14:15,Getafe,Las Palmas,1,3,2.182,1.632,2.24,1.67,6
2024-2025,https://www.oddsportal.com/football/h2h/getafe-dboeiWOt/leganes-Mi0rXQg7/#Qcp5Ujzh,2025-03-02 14:00,Leganes,Getafe,1,0,2.482,1.5,2.54,1.53,6
2024-2025,https://www.oddsportal.com/football/h2h/getafe-dboeiWOt/leganes-Mi0rXQg7/#dCNk2A2b,2024-09-22 12:00,Getafe,Leganes,1,1,2.824,1.406,3.05,1.44,5
2024-2025,https://www.oddsportal.com/football/h2h/getafe-dboeiWOt/mallorca-4jDQxrbf/#dOmjRoC7,2024-12-21 14:00,Getafe,Mallorca,0,1,2.858,1.383,3.1,1.43,6
2024-2025,https://www.oddsportal.com/football/h2h/getafe-dboeiWOt/mallorca-4jDQxrbf/#vXbHpb1T,2025-05-18 17:00,Mallorca,Getafe,1,2,2.367,1.54,2.48,1.57,6
2024-2025,https://www.oddsportal.com/football/h2h/getafe-dboeiWOt/osasuna-ETdxjU8a/#40FWnYcm,2024-10-05 14:15,Getafe,Osasuna,1,1,2.29,1.582,2.4,1.6,5
2024-2025,https://www.oddsportal.com/football/h2h/getafe-dboeiWOt/osasuna-ETdxjU8a/#lbrkskye,2025-03-16 18:30,Osasuna,Getafe,1,2,2.288,1.56,2.38,1.57,6
2024-2025,https://www.oddsportal.com/football/h2h/getafe-dboeiWOt/rayo-vallecano-8bcjFy6O/#YcAFQVSP,2024-08-24 19:30,Getafe,Rayo Vallecano,0,0,2.404,1.536,2.52,1.6,5
2024-2025,https://www.oddsportal.com/football/h2h/getafe-dboeiWOt/rayo-vallecano-8bcjFy6O/#Yg2idzak,2025-05-02 19:00,Rayo Vallecano,Getafe,1,0,2.193,1.622,2.26,1.65,6
2024-2025,https://www.oddsportal.com/football/h2h/getafe-dboeiWOt/real-madrid-W8mj7MDD/#CxyOEd5m,2024-12-01 16:15,Real Madrid,Getafe,2,0,2.135,1.662,2.26,1.73,6
2024-2025,https://www.oddsportal.com/football/h2h/getafe-dboeiWOt/real-madrid-W8mj7MDD/#n1xD3ckI,2025-04-23 19:30,Getafe,Real Madrid,0,1,2.09,1.683,2.14,1.72,6
2024-2025,https://www.oddsportal.com/football/h2h/getafe-dboeiWOt/real-sociedad-jNvak2f3/#h4pRxZHk,2024-09-01 17:15,Getafe,Real Sociedad,0,0,2.502,1.502,2.63,1.55,5
2024-2025,https://www.oddsportal.com/football/h2h/getafe-dboeiWOt/real-sociedad-jNvak2f3/#hn10njq9,2025-01-26 16:15,Real Sociedad,Getafe,0,3,2.793,1.397,2.96,1.42,6
2024-2025,https://www.oddsportal.com/football/h2h/getafe-dboeiWOt/sevilla-h8oAv4Ts/#2q9cOwcJ,2025-02-01 14:00,Getafe,Sevilla,0,0,2.248,1.593,2.32,1.63,6
2024-2025,https://www.oddsportal.com/football/h2h/getafe-dboeiWOt/sevilla-h8oAv4Ts/#8EcB5Oig,2024-09-14 16:30,Sevilla,Getafe,1,0,2.13,1.67,2.2,1.7,5
2024-2025,https://www.oddsportal.com/football/h2h/getafe-dboeiWOt/valencia-CQeaytrD/#AauHLjS0,2025-05-10 12:00,Valencia,Getafe,3,0,2.122,1.665,2.26,1.7,6
2024-2025,https://www.oddsportal.com/football/h2h/getafe-dboeiWOt/valencia-CQeaytrD/#naHJ2yf2,2024-10-27 16:15,Getafe,Valencia,1,1,2.622,1.443,2.76,1.47,6
2024-2025,https://www.oddsportal.com/football/h2h/getafe-dboeiWOt/valladolid-zkpajjvm/#AukHKePG,2025-04-06 16:30,Valladolid,Getafe,0,4,2.28,1.573,2.38,1.6,6
2024-2025,https://www.oddsportal.com/football/h2h/getafe-dboeiWOt/valladolid-zkpajjvm/#SCX7iT7M,2024-11-22 21:00,Getafe,Valladolid,,,2.443,1.517,2.56,1.6,6
2024-2025,https://www.oddsportal.com/football/h2h/getafe-dboeiWOt/villarreal-lUatW5jE/#f1xuAJ1S,2024-10-20 16:30,Villarreal,Getafe,1,1,1.993,1.765,2.08,1.85,6
2024-2025,https://www.oddsportal.com/football/h2h/getafe-dboeiWOt/villarreal-lUatW5jE/#f9rqaNdt,2025-03-30 12:00,Getafe,Villarreal,1,2,1.972,1.787,2.02,1.83,6
2024-2025,https://www.oddsportal.com/football/h2h/girona-nNNpcUSL/las-palmas-IyRQC2vM/#8Sp1FEw8,2024-10-26 16:30,Las Palmas,Girona,1,0,1.725,2.043,1.78,2.1,6
2024-2025,https://www.oddsportal.com/football/h2h/girona-nNNpcUSL/las-palmas-IyRQC2vM/#SM0qnskQ,2025-02-03 21:00,Girona,Las Palmas,2,1,1.888,1.853,1.95,1.9,6
2024-2025,https://www.oddsportal.com/football/h2h/girona-nNNpcUSL/leganes-Mi0rXQg7/#MuSxiuN9,2025-04-24 17:00,Leganes,Girona,1,1,1.793,1.952,1.86,1.98,6
2024-2025,https://www.oddsportal.com/football/h2h/girona-nNNpcUSL/leganes-Mi0rXQg7/#dA00HeQh,2024-11-02 16:15,Girona,Leganes,4,3,2.148,1.655,2.34,1.73,6
2024-2025,https://www.oddsportal.com/football/h2h/girona-nNNpcUSL/mallorca-4jDQxrbf/#AgA9E8S1,2024-12-14 16:15,Mallorca,Girona,2,1,2.105,1.68,2.18,1.73,6
2024-2025,https://www.oddsportal.com/football/h2h/girona-nNNpcUSL/mallorca-4jDQxrbf/#I7LokJiM,2025-05-05 19:00,Girona,Mallorca,1,0,1.933,1.812,2.0,1.85,6
2024-2025,https://www.oddsportal.com/football/h2h/girona-nNNpcUSL/osasuna-ETdxjU8a/#CQ0ABdJj,2024-08-29 17:00,Girona,Osasuna,4,0,1.774,1.986,1.82,2.1,5
2024-2025,https://www.oddsportal.com/football/h2h/girona-nNNpcUSL/osasuna-ETdxjU8a/#vJBRz8FE,2025-04-13 12:00,Osasuna,Girona,2,1,1.883,1.857,1.98,1.97,6
2024-2025,https://www.oddsportal.com/football/h2h/girona-nNNpcUSL/rayo-vallecano-8bcjFy6O/#ddsD5q9j,2024-09-25 17:00,Girona,Rayo Vallecano,0,0,1.876,1.87,1.95,1.95,5
2024-2025,https://www.oddsportal.com/football/h2h/girona-nNNpcUSL/rayo-vallecano-8bcjFy6O/#xxOXTsTs,2025-01-26 14:00,Rayo Vallecano,Girona,2,1,1.855,1.895,1.92,1.93,6
2024-2025,https://www.oddsportal.com/football/h2h/girona-nNNpcUSL/real-madrid-W8mj7MDD/#OhAmG0Fs,2025-02-23 16:15,Real Madrid,Girona,2,0,1.693,2.082,1.72,2.12,6
2024-2025,https://www.oddsportal.com/football/h2h/girona-nNNpcUSL/real-madrid-W8mj7MDD/#YBmEPDJ5,2024-12-07 21:00,Girona,Real Madrid,0,3,1.518,2.427,1.56,2.5,6
2024-2025,https://www.oddsportal.com/football/h2h/girona-nNNpcUSL/real-sociedad-jNvak2f3/#O4zluxPj,2025-05-18 17:00,Real Sociedad,Girona,3,2,1.662,2.128,1.72,2.15,6
2024-2025,https://www.oddsportal.com/football/h2h/girona-nNNpcUSL/real-sociedad-jNvak2f3/#h2NyhKup,2024-10-19 16:30,Girona,Real Sociedad,0,1,1.942,1.803,2.0,1.85,6
2024-2025,https://www.oddsportal.com/football/h2h/girona-nNNpcUSL/sevilla-h8oAv4Ts/#ATS0AdWi,2025-01-18 14:00,Girona,Sevilla,1,2,1.852,1.912,1.91,1.95,6
2024-2025,https://www.oddsportal.com/football/h2h/girona-nNNpcUSL/sevilla-h8oAv4Ts/#n1v9mjW7,2024-09-01 17:00,Sevilla,Girona,0,2,1.584,2.308,1.62,2.45,5
2024-2025,https://www.oddsportal.com/football/h2h/girona-nNNpcUSL/valencia-CQeaytrD/#0EX9p3Qk,2025-03-15 21:00,Girona,Valencia,1,1,1.802,1.94,1.86,1.95,6
2024-2025,https://www.oddsportal.com/football/h2h/girona-nNNpcUSL/valencia-CQeaytrD/#xWrPG9Hi,2024-09-21 16:30,Valencia,Girona,2,0,1.87,1.882,1.95,1.95,5
2024-2025,https://www.oddsportal.com/football/h2h/girona-nNNpcUSL/valladolid-zkpajjvm/#ULNHwPmn,2025-05-13 17:00,Valladolid,Girona,0,1,1.705,2.057,1.78,2.1,6
2024-2025,https://www.oddsportal.com/football/h2h/girona-nNNpcUSL/valladolid-zkpajjvm/#xKQxkk4E,2024-12-20 21:00,Girona,Valladolid,3,0,2.183,1.623,2.25,1.67,6
2024-2025,https://www.oddsportal.com/football/h2h/girona-nNNpcUSL/villarreal-lUatW5jE/#bgZVCzz0,2024-12-01 14:00,Villarreal,Girona,2,2,1.572,2.295,1.62,2.35,6
2024-2025,https://www.oddsportal.com/football/h2h/girona-nNNpcUSL/villarreal-lUatW5jE/#rqCTUf5E,2025-05-10 16:30,Girona,Villarreal,0,1,1.508,2.458,1.54,2.55,6
2024-2025,https://www.oddsportal.com/football/h2h/las-palmas-IyRQC2vM/leganes-Mi0rXQg7/#hA5zaJZp,2024-08-25 17:00,Leganes,Las Palmas,2,1,2.126,1.676,2.26,1.7,5
2024-2025,https://www.oddsportal.com/football/h2h/las-palmas-IyRQC2vM/leganes-Mi0rXQg7/#phUkacGM,2025-05-18 17:00,Las Palmas,Leganes,0,1,1.638,2.16,1.68,2.25,6
2024-2025,https://www.oddsportal.com/football/h2h/las-palmas-IyRQC2vM/mallorca-4jDQxrbf/#IsCnpo0d,2024-11-23 18:30,Las Palmas,Mallorca,2,3,2.093,1.683,2.16,1.72,6
2024-2025,https://www.oddsportal.com/football/h2h/las-palmas-IyRQC2vM/mallorca-4jDQxrbf/#UVOvm2oe,2025-02-16 18:30,Mallorca,Las Palmas,3,1,2.063,1.708,2.16,1.75,6
2024-2025,https://www.oddsportal.com/football/h2h/las-palmas-IyRQC2vM/osasuna-ETdxjU8a/#4b2YCRGG,2024-09-21 14:15,Osasuna,Las Palmas,2,1,1.87,1.888,1.94,1.95,5
2024-2025,https://www.oddsportal.com/football/h2h/las-palmas-IyRQC2vM/osasuna-ETdxjU8a/#ptvZVUbS,2025-01-24 21:00,Las Palmas,Osasuna,1,1,1.8,1.94,1.86,1.95,6
2024-2025,https://www.oddsportal.com/football/h2h/las-palmas-IyRQC2vM/rayo-vallecano-8bcjFy6O/#EXo8NCcl,2025-05-09 19:00,Las Palmas,Rayo Vallecano,0,1,1.872,1.893,1.92,1.91,6
2024-2025,https://www.oddsportal.com/football/h2h/las-palmas-IyRQC2vM/rayo-vallecano-8bcjFy6O/#rPc4X7Gj,2024-11-08 21:00,Rayo Vallecano,Las Palmas,1,3,2.045,1.725,2.14,1.83,6
2024-2025,https://www.oddsportal.com/football/h2h/las-palmas-IyRQC2vM/real-madrid-W8mj7MDD/#0ns5XwtA,2024-08-29 19:30,Las Palmas,Real Madrid,1,1,1.866,1.896,1.94,1.95,5
2024-2025,https://www.oddsportal.com/football/h2h/las-palmas-IyRQC2vM/real-madrid-W8mj7MDD/#CE0hJiFM,2025-01-19 16:15,Real Madrid,Las Palmas,4,1,2.033,1.732,2.1,1.75,6
2024-2025,https://www.oddsportal.com/football/h2h/las-palmas-IyRQC2vM/real-sociedad-jNvak2f3/#AJDt8IuB,2025-04-06 12:00,Las Palmas,Real Sociedad,1,3,1.853,1.915,1.91,1.95,6
2024-2025,https://www.oddsportal.com/football/h2h/las-palmas-IyRQC2vM/real-sociedad-jNvak2f3/#CIj4zjkL,2024-12-15 18:30,Real Sociedad,Las Palmas,0,0,2.477,1.503,2.55,1.55,6
2024-2025,https://www.oddsportal.com/football/h2h/las-palmas-IyRQC2vM/sevilla-h8oAv4Ts/#dlsRZtmB,2025-05-13 19:30,Sevilla,Las Palmas,1,0,1.89,1.872,2.0,1.95,6
2024-2025,https://www.oddsportal.com/football/h2h/las-palmas-IyRQC2vM/sevilla-h8oAv4Ts/#hnqZAAAk,2024-08-16 19:30,Las Palmas,Sevilla,2,2,1.812,1.94,1.88,2.0,5
2024-2025,https://www.oddsportal.com/football/h2h/las-palmas-IyRQC2vM/valencia-CQeaytrD/#QqTA4cPk,2024-10-21 19:00,Valencia,Las Palmas,2,3,2.018,1.738,2.14,1.78,6
2024-2025,https://www.oddsportal.com/football/h2h/las-palmas-IyRQC2vM/valencia-CQeaytrD/#nNBHqcFq,2025-05-03 16:30,Las Palmas,Valencia,2,3,1.778,1.977,1.84,2.1,6
2024-2025,https://www.oddsportal.com/football/h2h/las-palmas-IyRQC2vM/valladolid-zkpajjvm/#p006SU44,2025-02-28 21:00,Valladolid,Las Palmas,1,1,1.908,1.84,1.96,1.9,6
2024-2025,https://www.oddsportal.com/football/h2h/las-palmas-IyRQC2vM/valladolid-zkpajjvm/#txiMNilI,2024-12-07 14:00,Las Palmas,Valladolid,2,1,1.957,1.788,2.04,1.85,6
2024-2025,https://www.oddsportal.com/football/h2h/las-palmas-IyRQC2vM/villarreal-lUatW5jE/#Kb0YqxZo,2025-02-08 18:30,Las Palmas,Villarreal,1,2,1.658,2.125,1.72,2.2,6
2024-2025,https://www.oddsportal.com/football/h2h/las-palmas-IyRQC2vM/villarreal-lUatW5jE/#YJVCWCD6,2024-09-30 19:00,Villarreal,Las Palmas,3,1,1.604,2.256,1.62,2.3,5
2024-2025,https://www.oddsportal.com/football/h2h/leganes-Mi0rXQg7/mallorca-4jDQxrbf/#I75Nhty0,2025-04-19 16:30,Mallorca,Leganes,0,0,2.6,1.45,2.7,1.47,6
2024-2025,https://www.oddsportal.com/football/h2h/leganes-Mi0rXQg7/mallorca-4jDQxrbf/#xhKUdf9L,2024-08-31 19:30,Leganes,Mallorca,0,1,2.436,1.526,2.56,1.58,5
2024-2025,https://www.oddsportal.com/football/h2h/leganes-Mi0rXQg7/osasuna-ETdxjU8a/#WY1k6dAN,2025-04-07 19:00,Leganes,Osasuna,1,1,2.077,1.695,2.16,1.72,6
2024-2025,https://www.oddsportal.com/football/h2h/leganes-Mi0rXQg7/osasuna-ETdxjU8a/#ruUIA1G6,2024-08-17 17:00,Osasuna,Leganes,1,1,2.344,1.562,2.5,1.65,5
2024-2025,https://www.oddsportal.com/football/h2h/leganes-Mi0rXQg7/rayo-vallecano-8bcjFy6O/#GnZWxwCC,2025-01-31 21:00,Leganes,Rayo Vallecano,0,1,2.033,1.725,2.12,1.78,6
2024-2025,https://www.oddsportal.com/football/h2h/leganes-Mi0rXQg7/rayo-vallecano-8bcjFy6O/#KSw0hfzQ,2024-09-28 14:15,Rayo Vallecano,Leganes,1,1,2.408,1.534,2.56,1.58,5
2024-2025,https://www.oddsportal.com/football/h2h/leganes-Mi0rXQg7/real-madrid-W8mj7MDD/#6XRGiceU,2025-03-29 21:00,Real Madrid,Leganes,3,2,2.0,1.752,2.07,1.8,6
2024-2025,https://www.oddsportal.com/football/h2h/leganes-Mi0rXQg7/real-madrid-W8mj7MDD/#pl4Y7lh3,2024-11-24 18:30,Leganes,Real Madrid,0,3,2.073,1.695,2.12,1.78,6
2024-2025,https://www.oddsportal.com/football/h2h/leganes-Mi0rXQg7/real-sociedad-jNvak2f3/#hnH3CIE6,2025-02-23 21:00,Real Sociedad,Leganes,3,0,2.27,1.583,2.42,1.62,6
2024-2025,https://www.oddsportal.com/football/h2h/leganes-Mi0rXQg7/real-sociedad-jNvak2f3/#x4pVLVIU,2024-12-08 14:00,Leganes,Real Sociedad,0,3,2.6,1.458,2.78,1.55,6
2024-2025,https://www.oddsportal.com/football/h2h/leganes-Mi0rXQg7/sevilla-h8oAv4Ts/#MFrnIHL8,2025-05-04 14:15,Sevilla,Leganes,2,2,2.065,1.703,2.14,1.73,6
2024-2025,https://www.oddsportal.com/football/h2h/leganes-Mi0rXQg7/sevilla-h8oAv4Ts/#UwPNKUWp,2024-11-09 21:00,Leganes,Sevilla,1,0,2.15,1.655,2.2,1.7,6
2024-2025,https://www.oddsportal.com/football/h2h/leganes-Mi0rXQg7/valencia-CQeaytrD/#AmFGdFIi,2025-02-09 16:15,Valencia,Leganes,2,0,2.193,1.625,2.26,1.65,6
2024-2025,https://www.oddsportal.com/football/h2h/leganes-Mi0rXQg7/valencia-CQeaytrD/#QmPfsURO,2024-10-04 19:00,Leganes,Valencia,0,0,2.386,1.546,2.5,1.57,5
2024-2025,https://www.oddsportal.com/football/h2h/leganes-Mi0rXQg7/valladolid-zkpajjvm/#f92vnwe3,2024-08-28 17:00,Valladolid,Leganes,0,0,2.168,1.652,2.24,1.7,5
2024-2025,https://www.oddsportal.com/football/h2h/leganes-Mi0rXQg7/valladolid-zkpajjvm/#hdCcelFl,2025-05-24 16:30,Leganes,Valladolid,3,0,1.878,1.867,1.95,1.91,6
2024-2025,https://www.oddsportal.com/football/h2h/leganes-Mi0rXQg7/villarreal-lUatW5jE/#4UAHs7dl,2024-12-22 18:30,Leganes,Villarreal,2,5,1.805,1.943,1.86,1.95,6
2024-2025,https://www.oddsportal.com/football/h2h/leganes-Mi0rXQg7/villarreal-lUatW5jE/#I3VZXKHN,2025-05-14 17:00,Villarreal,Leganes,3,0,1.815,1.93,1.92,1.95,6
2024-2025,https://www.oddsportal.com/football/h2h/mallorca-4jDQxrbf/osasuna-ETdxjU8a/#AmXFRfJH,2025-02-10 21:00,Mallorca,Osasuna,1,1,2.072,1.695,2.18,1.72,6
2024-2025,https://www.oddsportal.com/football/h2h/mallorca-4jDQxrbf/osasuna-ETdxjU8a/#vJDNK0d4,2024-08-24 15:00,Osasuna,Mallorca,1,0,2.06,1.712,2.18,1.78,5
2024-2025,https://www.oddsportal.com/football/h2h/mallorca-4jDQxrbf/rayo-vallecano-8bcjFy6O/#0SQqjbAd,2024-10-20 12:00,Mallorca,Rayo Vallecano,1,0,2.21,1.605,2.26,1.65,6
2024-2025,https://www.oddsportal.com/football/h2h/mallorca-4jDQxrbf/rayo-vallecano-8bcjFy6O/#CIIhF96K,2025-05-24 19:00,Rayo Vallecano,Mallorca,0,0,2.067,1.692,2.1,1.72,6
2024-2025,https://www.oddsportal.com/football/h2h/mallorca-4jDQxrbf/real-madrid-W8mj7MDD/#M3h3GWnS,2024-08-18 19:30,Mallorca,Real Madrid,1,1,2.014,1.752,2.14,1.83,5
2024-2025,https://www.oddsportal.com/football/h2h/mallorca-4jDQxrbf/real-madrid-W8mj7MDD/#lOwJy3Ib,2025-05-14 19:30,Real Madrid,Mallorca,2,1,1.73,2.035,1.76,2.06,6
2024-2025,https://www.oddsportal.com/football/h2h/mallorca-4jDQxrbf/real-sociedad-jNvak2f3/#AyPaTn1c,2024-09-17 17:00,Mallorca,Real Sociedad,1,0,2.552,1.48,2.68,1.5,5
2024-2025,https://www.oddsportal.com/football/h2h/mallorca-4jDQxrbf/real-sociedad-jNvak2f3/#CpPYYopR,2025-04-12 12:00,Real Sociedad,Mallorca,0,2,2.127,1.66,2.24,1.7,6
2024-2025,https://www.oddsportal.com/football/h2h/mallorca-4jDQxrbf/sevilla-h8oAv4Ts/#4KmdZaBc,2024-08-27 17:00,Mallorca,Sevilla,0,0,1.924,1.822,2.04,1.88,5
2024-2025,https://www.oddsportal.com/football/h2h/mallorca-4jDQxrbf/sevilla-h8oAv4Ts/#dKNfEvpf,2025-02-24 21:00,Sevilla,Mallorca,1,1,2.173,1.633,2.22,1.7,6
2024-2025,https://www.oddsportal.com/football/h2h/mallorca-4jDQxrbf/valencia-CQeaytrD/#A5Y7gJQH,2025-03-30 16:30,Valencia,Mallorca,1,0,2.155,1.645,2.28,1.67,6
2024-2025,https://www.oddsportal.com/football/h2h/mallorca-4jDQxrbf/valencia-CQeaytrD/#j97t2JLs,2024-11-29 21:00,Mallorca,Valencia,2,1,2.575,1.463,2.68,1.5,6
2024-2025,https://www.oddsportal.com/football/h2h/mallorca-4jDQxrbf/valladolid-zkpajjvm/#06X4YYrf,2024-09-27 19:00,Valladolid,Mallorca,1,2,2.268,1.584,2.34,1.6,5
2024-2025,https://www.oddsportal.com/football/h2h/mallorca-4jDQxrbf/valladolid-zkpajjvm/#4b0xTYZQ,2025-05-10 16:30,Mallorca,Valladolid,2,1,2.227,1.607,2.26,1.62,6
2024-2025,https://www.oddsportal.com/football/h2h/mallorca-4jDQxrbf/villarreal-lUatW5jE/#08zpk37C,2024-09-14 12:00,Mallorca,Villarreal,1,2,1.846,1.92,1.92,1.95,5
2024-2025,https://www.oddsportal.com/football/h2h/mallorca-4jDQxrbf/villarreal-lUatW5jE/#KbnqNZFc,2025-01-20 21:00,Villarreal,Mallorca,4,0,1.827,1.917,1.92,1.95,6
2024-2025,https://www.oddsportal.com/football/h2h/osasuna-ETdxjU8a/rayo-vallecano-8bcjFy6O/#6eM98z14,2025-01-19 18:30,Osasuna,Rayo Vallecano,1,1,1.948,1.788,2.04,1.8,6
2024-2025,https://www.oddsportal.com/football/h2h/osasuna-ETdxjU8a/rayo-vallecano-8bcjFy6O/#fVeJ32M5,2024-09-16 19:00,Rayo Vallecano,Osasuna,3,1,2.07,1.706,2.18,1.78,5
2024-2025,https://www.oddsportal.com/football/h2h/osasuna-ETdxjU8a/real-madrid-W8mj7MDD/#jPyDY2W1,2025-02-15 16:15,Osasuna,Real Madrid,1,1,1.585,2.262,1.62,2.3,6
2024-2025,https://www.oddsportal.com/football/h2h/osasuna-ETdxjU8a/real-madrid-W8mj7MDD/#nucZxUhT,2024-11-09 14:00,Real Madrid,Osasuna,4,0,1.797,1.94,1.9,2.0,6
2024-2025,https://www.oddsportal.com/football/h2h/osasuna-ETdxjU8a/real-sociedad-jNvak2f3/#CfxGtLCm,2025-02-02 18:30,Osasuna,Real Sociedad,2,1,2.013,1.742,2.1,1.78,6
2024-2025,https://www.oddsportal.com/football/h2h/osasuna-ETdxjU8a/real-sociedad-jNvak2f3/#jiAoNQdE,2024-10-27 21:00,Real Sociedad,Osasuna,0,2,2.115,1.67,2.24,1.78,6
2024-2025,https://www.oddsportal.com/football/h2h/osasuna-ETdxjU8a/sevilla-h8oAv4Ts/#WjapokZj,2025-04-24 17:00,Osasuna,Sevilla,1,0,2.052,1.708,2.14,1.75,6
2024-2025,https://www.oddsportal.com/football/h2h/osasuna-ETdxjU8a/sevilla-h8oAv4Ts/#fLSvBE4C,2024-12-02 21:00,Sevilla,Osasuna,1,1,1.967,1.78,2.02,1.85,6
2024-2025,https://www.oddsportal.com/football/h2h/osasuna-ETdxjU8a/valencia-CQeaytrD/#ANmUSwam,2025-03-02 21:00,Osasuna,Valencia,3,3,1.912,1.83,1.96,1.9,6
2024-2025,https://www.oddsportal.com/football/h2h/osasuna-ETdxjU8a/valencia-CQeaytrD/#bwZsTw7E,2024-09-24 17:00,Valencia,Osasuna,0,0,2.214,1.616,2.32,1.68,5
2024-2025,https://www.oddsportal.com/football/h2h/osasuna-ETdxjU8a/valladolid-zkpajjvm/#4z48FZf5,2024-11-02 14:00,Osasuna,Valladolid,1,0,1.992,1.762,2.12,1.85,6
2024-2025,https://www.oddsportal.com/football/h2h/osasuna-ETdxjU8a/valladolid-zkpajjvm/#nRL3xLjJ,2025-04-20 12:00,Valladolid,Osasuna,2,3,1.937,1.808,2.0,1.85,6
2024-2025,https://www.oddsportal.com/football/h2h/osasuna-ETdxjU8a/villarreal-lUatW5jE/#dSNwn7Vq,2024-11-24 14:00,Osasuna,Villarreal,2,2,1.65,2.14,1.72,2.2,6
2024-2025,https://www.oddsportal.com/football/h2h/osasuna-ETdxjU8a/villarreal-lUatW5jE/#tK5afET1,2025-05-03 14:15,Villarreal,Osasuna,4,2,1.78,1.965,1.8,2.02,6
2024-2025,https://www.oddsportal.com/football/h2h/rayo-vallecano-8bcjFy6O/real-madrid-W8mj7MDD/#8GhVioYF,2025-03-09 16:15,Real Madrid,Rayo Vallecano,2,1,1.903,1.858,1.98,1.91,6
2024-2025,https://www.oddsportal.com/football/h2h/rayo-vallecano-8bcjFy6O/real-madrid-W8mj7MDD/#lGwEPYz3,2024-12-14 21:00,Rayo Vallecano,Real Madrid,3,3,1.872,1.893,1.92,1.91,6
2024-2025,https://www.oddsportal.com/football/h2h/rayo-vallecano-8bcjFy6O/real-sociedad-jNvak2f3/#6BzIrse2,2025-03-16 18:30,Rayo Vallecano,Real Sociedad,2,2,2.283,1.58,2.38,1.63,6
2024-2025,https://www.oddsportal.com/football/h2h/rayo-vallecano-8bcjFy6O/real-sociedad-jNvak2f3/#Eax2EqHs,2024-08-18 17:00,Real Sociedad,Rayo Vallecano,1,2,2.284,1.586,2.42,1.65,5
2024-2025,https://www.oddsportal.com/football/h2h/rayo-vallecano-8bcjFy6O/sevilla-h8oAv4Ts/#W4zGoby1,2024-11-24 16:15,Sevilla,Rayo Vallecano,1,0,1.97,1.785,2.04,1.88,6
2024-2025,https://www.oddsportal.com/football/h2h/rayo-vallecano-8bcjFy6O/sevilla-h8oAv4Ts/#WxxwRHTa,2025-03-01 16:15,Rayo Vallecano,Sevilla,1,1,2.013,1.737,2.08,1.78,6
2024-2025,https://www.oddsportal.com/football/h2h/rayo-vallecano-8bcjFy6O/valencia-CQeaytrD/#0AcMPs7D,2025-04-19 12:00,Rayo Vallecano,Valencia,1,1,1.915,1.823,1.96,1.85,6
2024-2025,https://www.oddsportal.com/football/h2h/rayo-vallecano-8bcjFy6O/valencia-CQeaytrD/#bTkuvDYb,2024-12-07 18:30,Valencia,Rayo Vallecano,0,1,2.168,1.643,2.26,1.7,6
2024-2025,https://www.oddsportal.com/football/h2h/rayo-vallecano-8bcjFy6O/valladolid-zkpajjvm/#4nQOPYmU,2025-02-07 21:00,Rayo Vallecano,Valladolid,1,0,2.353,1.548,2.42,1.6,6
2024-2025,https://www.oddsportal.com/football/h2h/rayo-vallecano-8bcjFy6O/valladolid-zkpajjvm/#EB22wLQj,2024-10-05 16:30,Valladolid,Rayo Vallecano,1,2,2.106,1.69,2.16,1.7,5
2024-2025,https://www.oddsportal.com/football/h2h/rayo-vallecano-8bcjFy6O/villarreal-lUatW5jE/#YFePBifU,2024-12-18 21:30,Villarreal,Rayo Vallecano,1,1,1.73,2.027,1.76,2.05,6
2024-2025,https://www.oddsportal.com/football/h2h/rayo-vallecano-8bcjFy6O/villarreal-lUatW5jE/#rZlE110l,2025-02-22 16:15,Rayo Vallecano,Villarreal,0,1,1.677,2.108,1.74,2.15,6
2024-2025,https://www.oddsportal.com/football/h2h/real-madrid-W8mj7MDD/real-sociedad-jNvak2f3/#jVjHFI03,2025-05-24 14:15,Real Madrid,Real Sociedad,2,0,1.515,2.413,1.55,2.5,6
2024-2025,https://www.oddsportal.com/football/h2h/real-madrid-W8mj7MDD/real-sociedad-jNvak2f3/#jckS1tiI,2024-09-14 19:00,Real Sociedad,Real Madrid,0,2,1.886,1.87,1.94,1.95,5
2024-2025,https://www.oddsportal.com/football/h2h/real-madrid-W8mj7MDD/sevilla-h8oAv4Ts/#GCxZ2uHc,2025-05-18 17:00,Sevilla,Real Madrid,0,2,1.473,2.55,1.5,2.6,6
2024-2025,https://www.oddsportal.com/football/h2h/real-madrid-W8mj7MDD/sevilla-h8oAv4Ts/#ppUpmTYQ,2024-12-22 16:15,Real Madrid,Sevilla,4,2,1.773,1.97,1.82,2.0,6
2024-2025,https://www.oddsportal.com/football/h2h/real-madrid-W8mj7MDD/valencia-CQeaytrD/#IBeZ9vBb,2025-04-05 14:15,Real Madrid,Valencia,1,2,1.765,1.972,1.8,2.02,6
2024-2025,https://www.oddsportal.com/football/h2h/real-madrid-W8mj7MDD/valencia-CQeaytrD/#zHmSVfun,2025-01-03 21:00,Valencia,Real Madrid,1,2,1.853,1.91,1.91,1.95,6
2024-2025,https://www.oddsportal.com/football/h2h/real-madrid-W8mj7MDD/valladolid-zkpajjvm/#IVonL9jm,2024-08-25 15:00,Real Madrid,Valladolid,3,0,1.146,8.16,1.16,9.0,5
2024-2025,https://www.oddsportal.com/football/h2h/real-madrid-W8mj7MDD/valladolid-zkpajjvm/#Y3HtSLcf,2025-01-25 21:00,Valladolid,Real Madrid,0,3,2.018,1.738,2.06,1.76,6
2024-2025,https://www.oddsportal.com/football/h2h/real-madrid-W8mj7MDD/villarreal-lUatW5jE/#CQIvoCSa,2024-10-05 19:00,Real Madrid,Villarreal,2,0,1.626,2.204,1.66,2.22,5
2024-2025,https://www.oddsportal.com/football/h2h/real-madrid-W8mj7MDD/villarreal-lUatW5jE/#fBDkuT57,2025-03-15 18:30,Villarreal,Real Madrid,1,2,1.472,2.573,1.5,2.65,6
2024-2025,https://www.oddsportal.com/football/h2h/real-sociedad-jNvak2f3/sevilla-h8oAv4Ts/#EgXewnJM,2025-03-09 21:00,Real Sociedad,Sevilla,0,1,2.057,1.703,2.14,1.73,6
2024-2025,https://www.oddsportal.com/football/h2h/real-sociedad-jNvak2f3/sevilla-h8oAv4Ts/#rsizUY9b,2024-11-03 18:30,Sevilla,Real Sociedad,0,2,1.988,1.762,2.08,1.83,6
2024-2025,https://www.oddsportal.com/football/h2h/real-sociedad-jNvak2f3/valencia-CQeaytrD/#YemQuHjK,2024-09-28 16:30,Real Sociedad,Valencia,3,0,2.34,1.554,2.42,1.6,5
2024-2025,https://www.oddsportal.com/football/h2h/real-sociedad-jNvak2f3/valencia-CQeaytrD/#hCpiLDpA,2025-01-19 21:00,Valencia,Real Sociedad,1,0,2.467,1.502,2.5,1.52,6
2024-2025,https://www.oddsportal.com/football/h2h/real-sociedad-jNvak2f3/valladolid-zkpajjvm/#2Zoic1Rh,2025-03-29 14:00,Real Sociedad,Valladolid,2,1,2.265,1.58,2.34,1.62,6
2024-2025,https://www.oddsportal.com/football/h2h/real-sociedad-jNvak2f3/valladolid-zkpajjvm/#dYbQEmn4,2024-09-21 12:00,Valladolid,Real Sociedad,0,0,2.138,1.666,2.24,1.7,5
2024-2025,https://www.oddsportal.com/football/h2h/real-sociedad-jNvak2f3/villarreal-lUatW5jE/#Amk0hOA6,2025-01-13 21:00,Real Sociedad,Villarreal,1,0,1.767,1.99,1.8,2.05,6
2024-2025,https://www.oddsportal.com/football/h2h/real-sociedad-jNvak2f3/villarreal-lUatW5jE/#Q9Qr0OrQ,2025-04-20 14:15,Villarreal,Real Sociedad,2,2,1.722,2.038,1.76,2.07,6
2024-2025,https://www.oddsportal.com/football/h2h/sevilla-h8oAv4Ts/valencia-CQeaytrD/#WU55TP7l,2025-04-11 19:00,Valencia,Sevilla,1,0,1.982,1.768,2.08,1.82,6
2024-2025,https://www.oddsportal.com/football/h2h/sevilla-h8oAv4Ts/valencia-CQeaytrD/#r1m8j2uJ,2025-01-11 21:00,Sevilla,Valencia,1,1,2.022,1.73,2.1,1.78,6
2024-2025,https://www.oddsportal.com/football/h2h/sevilla-h8oAv4Ts/valladolid-zkpajjvm/#EcN7fpgL,2025-02-16 16:15,Valladolid,Sevilla,0,4,2.05,1.712,2.1,1.73,6
2024-2025,https://www.oddsportal.com/football/h2h/sevilla-h8oAv4Ts/valladolid-zkpajjvm/#rkN7RQV9,2024-09-24 17:00,Sevilla,Valladolid,2,1,1.988,1.772,2.06,1.83,5
2024-2025,https://www.oddsportal.com/football/h2h/sevilla-h8oAv4Ts/villarreal-lUatW5jE/#QekfJmLa,2024-08-23 19:30,Sevilla,Villarreal,1,2,1.592,2.294,1.62,2.4,5
2024-2025,https://www.oddsportal.com/football/h2h/sevilla-h8oAv4Ts/villarreal-lUatW5jE/#djfP9mUs,2025-05-25 14:15,Villarreal,Sevilla,4,2,1.527,2.353,1.57,2.45,6
2024-2025,https://www.oddsportal.com/football/h2h/valencia-CQeaytrD/valladolid-zkpajjvm/#GjcexCK8,2024-12-13 21:00,Valladolid,Valencia,1,0,1.985,1.763,2.06,1.8,6
2024-2025,https://www.oddsportal.com/football/h2h/valencia-CQeaytrD/valladolid-zkpajjvm/#pxORXPtp,2025-03-08 18:30,Valencia,Valladolid,2,1,2.187,1.628,2.22,1.66,6
2024-2025,https://www.oddsportal.com/football/h2h/valencia-CQeaytrD/villarreal-lUatW5jE/#AT8wkOGr,2025-02-15 21:00,Villarreal,Valencia,1,1,1.762,1.99,1.8,2.05,6
2024-2025,https://www.oddsportal.com/football/h2h/valencia-CQeaytrD/villarreal-lUatW5jE/#EJYZzDn2,2024-08-31 19:30,Valencia,Villarreal,1,1,1.782,2.008,1.91,2.1,5
2024-2025,https://www.oddsportal.com/football/h2h/valladolid-zkpajjvm/villarreal-lUatW5jE/#KKuOvas0,2025-02-01 16:15,Villarreal,Valladolid,5,1,1.942,1.808,2.02,1.85,6
2024-2025,https://www.oddsportal.com/football/h2h/valladolid-zkpajjvm/villarreal-lUatW5jE/#x88gL4RQ,2024-10-26 12:00,Valladolid,Villarreal,1,2,1.707,2.06,1.76,2.1,6
2025-2026,https://www.oddsportal.com/football/h2h/alaves-hxt57t2q/ath-bilbao-IP5zl0cJ/#O8xH8Nz1,2026-05-02 16:30,Alaves,Ath Bilbao,2,4,1.834,1.9,1.91,1.95,7
2025-2026,https://www.oddsportal.com/football/h2h/alaves-hxt57t2q/ath-bilbao-IP5zl0cJ/#zgVc7o9U,2025-09-13 16:30,Ath Bilbao,Alaves,0,1,2.253,1.57,2.32,1.65,6
2025-2026,https://www.oddsportal.com/football/h2h/alaves-hxt57t2q/atl-madrid-jaarqpLQ/#IJLdrvz2,2025-08-30 15:00,Alaves,Atl. Madrid,1,1,2.138,1.638,2.2,1.75,6
2025-2026,https://www.oddsportal.com/football/h2h/alaves-hxt57t2q/atl-madrid-jaarqpLQ/#p8hqiCCd,2026-01-18 16:15,Atl. Madrid,Alaves,1,0,2.213,1.6,2.3,1.68,7
2025-2026,https://www.oddsportal.com/football/h2h/alaves-hxt57t2q/barcelona-SKbpVP5K/#06PbPm5d,2025-11-29 16:15,Barcelona,Alaves,3,1,1.756,1.973,1.8,2.0,7
2025-2026,https://www.oddsportal.com/football/h2h/alaves-hxt57t2q/barcelona-SKbpVP5K/#GI7Mt8np,2026-05-13 19:30,Alaves,Barcelona,1,0,1.47,2.519,1.5,2.6,7
2025-2026,https://www.oddsportal.com/football/h2h/alaves-hxt57t2q/betis-vJbTeCGP/#QRDI5BRk,2026-01-25 21:00,Alaves,Betis,2,1,1.971,1.754,2.0,1.8,7
2025-2026,https://www.oddsportal.com/football/h2h/alaves-hxt57t2q/betis-vJbTeCGP/#dp96XMLq,2025-08-22 19:30,Betis,Alaves,1,0,1.977,1.75,2.0,1.8,6
2025-2026,https://www.oddsportal.com/football/h2h/alaves-hxt57t2q/celta-vigo-8pvUZFhf/#dYjK5286,2025-11-22 14:00,Alaves,Celta Vigo,0,1,1.912,1.81,1.95,1.85,6
2025-2026,https://www.oddsportal.com/football/h2h/alaves-hxt57t2q/celta-vigo-8pvUZFhf/#lWVe0pQj,2026-03-22 16:15,Celta Vigo,Alaves,3,4,1.899,1.824,1.95,1.93,7
2025-2026,https://www.oddsportal.com/football/h2h/alaves-hxt57t2q/elche-4jl02tPF/#693gj8jT,2025-10-05 12:00,Alaves,Elche,3,1,2.187,1.618,2.22,1.65,6
2025-2026,https://www.oddsportal.com/football/h2h/alaves-hxt57t2q/elche-4jl02tPF/#dGFFpHmI,2026-05-09 12:00,Elche,Alaves,1,1,1.684,2.054,1.72,2.1,7
2025-2026,https://www.oddsportal.com/football/h2h/alaves-hxt57t2q/espanyol-QFfPdh1J/#Eaf6TZzf,2026-01-30 21:00,Espanyol,Alaves,1,2,2.153,1.626,2.2,1.68,7
2025-2026,https://www.oddsportal.com/football/h2h/alaves-hxt57t2q/espanyol-QFfPdh1J/#xhCOm9VN,2025-11-02 16:15,Alaves,Espanyol,2,1,1.91,1.813,1.95,1.85,6
2025-2026,https://www.oddsportal.com/football/h2h/alaves-hxt57t2q/getafe-dboeiWOt/#AqahR0H0,2025-09-24 17:00,Getafe,Alaves,1,1,2.73,1.405,2.8,1.43,6
2025-2026,https://www.oddsportal.com/football/h2h/alaves-hxt57t2q/getafe-dboeiWOt/#CIrbR4BN,2026-02-08 14:00,Alaves,Getafe,0,2,2.746,1.4,2.92,1.43,7
2025-2026,https://www.oddsportal.com/football/h2h/alaves-hxt57t2q/girona-nNNpcUSL/#A10pgPO0,2025-11-08 14:00,Girona,Alaves,1,0,1.842,1.9,1.91,1.95,6
2025-2026,https://www.oddsportal.com/football/h2h/alaves-hxt57t2q/girona-nNNpcUSL/#Kpa4akN6,2026-02-23 21:00,Alaves,Girona,2,2,1.794,1.919,1.92,2.0,7
2025-2026,https://www.oddsportal.com/football/h2h/alaves-hxt57t2q/levante-G8FL0ShI/#84QhNDWA,2026-02-27 21:00,Levante,Alaves,2,0,1.869,1.864,1.91,1.91,7
2025-2026,https://www.oddsportal.com/football/h2h/alaves-hxt57t2q/levante-G8FL0ShI/#KMrm7od3,2025-08-16 19:30,Alaves,Levante,2,1,2.058,1.685,2.1,1.75,6
2025-2026,https://www.oddsportal.com/football/h2h/alaves-hxt57t2q/mallorca-4jDQxrbf/#CxXHjHpC,2025-09-27 16:30,Mallorca,Alaves,1,0,2.317,1.555,2.38,1.6,6
2025-2026,https://www.oddsportal.com/football/h2h/alaves-hxt57t2q/mallorca-4jDQxrbf/#GtMAzwPH,2026-04-25 12:00,Alaves,Mallorca,2,1,1.719,2.013,1.77,2.1,7
2025-2026,https://www.oddsportal.com/football/h2h/alaves-hxt57t2q/osasuna-ETdxjU8a/#UkiVEqup,2026-04-05 19:00,Alaves,Osasuna,2,2,1.89,1.824,1.95,1.9,7
2025-2026,https://www.oddsportal.com/football/h2h/alaves-hxt57t2q/osasuna-ETdxjU8a/#x80mCJmT,2025-12-20 18:30,Osasuna,Alaves,3,0,2.314,1.549,2.38,1.6,7
2025-2026,https://www.oddsportal.com/football/h2h/alaves-hxt57t2q/rayo-vallecano-8bcjFy6O/#f9fYxhH5,2025-10-26 21:00,Rayo Vallecano,Alaves,1,0,2.09,1.665,2.12,1.7,6
2025-2026,https://www.oddsportal.com/football/h2h/alaves-hxt57t2q/rayo-vallecano-8bcjFy6O/#x8S221WH,2026-05-23 19:00,Alaves,Rayo Vallecano,1,2,1.833,1.901,1.91,2.0,7
2025-2026,https://www.oddsportal.com/football/h2h/alaves-hxt57t2q/real-madrid-W8mj7MDD/#8WSYepie,2026-04-21 19:30,Real Madrid,Alaves,2,1,1.659,2.099,1.73,2.25,7
2025-2026,https://www.oddsportal.com/football/h2h/alaves-hxt57t2q/real-madrid-W8mj7MDD/#SGak33m1,2025-12-14 21:00,Alaves,Real Madrid,1,2,1.771,1.94,1.8,2.0,7
2025-2026,https://www.oddsportal.com/football/h2h/alaves-hxt57t2q/real-oviedo-SzYzw34K/#C0sw852t,2026-05-17 17:00,Oviedo,Alaves,0,1,2.003,1.72,2.05,1.8,7
2025-2026,https://www.oddsportal.com/football/h2h/alaves-hxt57t2q/real-oviedo-SzYzw34K/#zq2gLdQq,2026-01-04 18:30,Alaves,Oviedo,1,1,2.607,1.44,2.72,1.52,7
2025-2026,https://www.oddsportal.com/football/h2h/alaves-hxt57t2q/real-sociedad-jNvak2f3/#407QwmKk,2025-12-06 16:15,Alaves,Real Sociedad,1,0,2.069,1.674,2.1,1.7,7
2025-2026,https://www.oddsportal.com/football/h2h/alaves-hxt57t2q/real-sociedad-jNvak2f3/#vshTNauC,2026-04-11 12:00,Real Sociedad,Alaves,3,3,1.68,2.07,1.71,2.15,7
2025-2026,https://www.oddsportal.com/football/h2h/alaves-hxt57t2q/sevilla-h8oAv4Ts/#GQ5WLpON,2025-09-20 16:30,Alaves,Sevilla,1,2,2.075,1.677,2.1,1.72,6
2025-2026,https://www.oddsportal.com/football/h2h/alaves-hxt57t2q/sevilla-h8oAv4Ts/#b9Nl5KgS,2026-02-14 18:30,Sevilla,Alaves,1,1,2.046,1.694,2.1,1.75,7
2025-2026,https://www.oddsportal.com/football/h2h/alaves-hxt57t2q/valencia-CQeaytrD/#IVwtCOCk,2025-10-20 19:00,Alaves,Valencia,0,0,1.91,1.81,1.95,1.85,6
2025-2026,https://www.oddsportal.com/football/h2h/alaves-hxt57t2q/valencia-CQeaytrD/#hU3ZVsFr,2026-03-08 21:00,Valencia,Alaves,3,2,2.046,1.694,2.1,1.75,7
2025-2026,https://www.oddsportal.com/football/h2h/alaves-hxt57t2q/villarreal-lUatW5jE/#GfPxln0m,2026-01-10 16:15,Villarreal,Alaves,3,1,2.071,1.674,2.12,1.75,7
2025-2026,https://www.oddsportal.com/football/h2h/alaves-hxt57t2q/villarreal-lUatW5jE/#MNzPtaT0,2026-03-13 21:00,Alaves,Villarreal,1,1,1.681,2.059,1.71,2.12,7
2025-2026,https://www.oddsportal.com/football/h2h/ath-bilbao-IP5zl0cJ/atl-madrid-jaarqpLQ/#2cphmG8N,2026-04-25 19:00,Atl. Madrid,Ath Bilbao,3,2,1.64,2.14,1.67,2.25,7
2025-2026,https://www.oddsportal.com/football/h2h/ath-bilbao-IP5zl0cJ/atl-madrid-jaarqpLQ/#CQAYyRl2,2025-12-06 21:00,Ath Bilbao,Atl. Madrid,1,0,1.827,1.904,1.91,1.95,7
2025-2026,https://www.oddsportal.com/football/h2h/ath-bilbao-IP5zl0cJ/barcelona-SKbpVP5K/#ENG7Hr0k,2026-03-07 21:00,Ath Bilbao,Barcelona,0,1,1.544,2.31,1.58,2.42,7
2025-2026,https://www.oddsportal.com/football/h2h/ath-bilbao-IP5zl0cJ/barcelona-SKbpVP5K/#vH8AGJMO,2025-11-22 16:15,Barcelona,Ath Bilbao,4,0,1.602,2.203,1.63,2.25,6
2025-2026,https://www.oddsportal.com/football/h2h/ath-bilbao-IP5zl0cJ/betis-vJbTeCGP/#AesKRHaT,2025-08-31 17:00,Betis,Ath Bilbao,1,2,1.82,1.923,1.91,2.0,6
2025-2026,https://www.oddsportal.com/football/h2h/ath-bilbao-IP5zl0cJ/betis-vJbTeCGP/#bTDl6FdC,2026-03-22 18:30,Ath Bilbao,Betis,2,1,1.766,1.954,1.8,2.05,7
2025-2026,https://www.oddsportal.com/football/h2h/ath-bilbao-IP5zl0cJ/celta-vigo-8pvUZFhf/#I3mOlPk5,2025-12-14 16:15,Celta Vigo,Ath Bilbao,2,0,1.87,1.844,1.95,1.9,7
2025-2026,https://www.oddsportal.com/football/h2h/ath-bilbao-IP5zl0cJ/celta-vigo-8pvUZFhf/#vyaxjXte,2026-05-17 17:00,Ath Bilbao,Celta Vigo,1,1,1.887,1.829,1.95,1.93,7
2025-2026,https://www.oddsportal.com/football/h2h/ath-bilbao-IP5zl0cJ/elche-4jl02tPF/#ChHBcTiJ,2026-02-20 21:00,Ath Bilbao,Elche,2,1,1.791,1.931,1.83,2.0,7
2025-2026,https://www.oddsportal.com/football/h2h/ath-bilbao-IP5zl0cJ/elche-4jl02tPF/#QHIOMuR7,2025-10-19 12:00,Elche,Ath Bilbao,0,0,1.915,1.805,1.95,1.85,6
2025-2026,https://www.oddsportal.com/football/h2h/ath-bilbao-IP5zl0cJ/espanyol-QFfPdh1J/#4Ipfwfck,2026-05-13 17:00,Espanyol,Ath Bilbao,2,0,2.021,1.711,2.06,1.75,7
2025-2026,https://www.oddsportal.com/football/h2h/ath-bilbao-IP5zl0cJ/espanyol-QFfPdh1J/#AXt6at4N,2025-12-22 21:00,Ath Bilbao,Espanyol,1,2,2.023,1.709,2.06,1.8,7
2025-2026,https://www.oddsportal.com/football/h2h/ath-bilbao-IP5zl0cJ/getafe-dboeiWOt/#EyKaOh2C,2025-10-25 16:30,Ath Bilbao,Getafe,0,1,2.525,1.468,2.63,1.53,6
2025-2026,https://www.oddsportal.com/football/h2h/ath-bilbao-IP5zl0cJ/getafe-dboeiWOt/#xzJKP0g2,2026-04-05 12:00,Getafe,Ath Bilbao,2,0,2.324,1.546,2.38,1.6,7
2025-2026,https://www.oddsportal.com/football/h2h/ath-bilbao-IP5zl0cJ/girona-nNNpcUSL/#0xUDUE6e,2025-09-23 17:00,Ath Bilbao,Girona,1,1,1.918,1.797,1.95,1.85,6
2025-2026,https://www.oddsportal.com/football/h2h/ath-bilbao-IP5zl0cJ/girona-nNNpcUSL/#lbf6gxD6,2026-03-14 14:00,Girona,Ath Bilbao,3,0,1.703,2.031,1.73,2.1,7
2025-2026,https://www.oddsportal.com/football/h2h/ath-bilbao-IP5zl0cJ/levante-G8FL0ShI/#8lUTLrZp,2026-02-08 16:15,Ath Bilbao,Levante,4,2,1.876,1.857,1.93,1.93,7
2025-2026,https://www.oddsportal.com/football/h2h/ath-bilbao-IP5zl0cJ/levante-G8FL0ShI/#h0Cpmic3,2025-11-29 18:30,Levante,Ath Bilbao,0,2,1.796,1.926,1.85,2.0,7
2025-2026,https://www.oddsportal.com/football/h2h/ath-bilbao-IP5zl0cJ/mallorca-4jDQxrbf/#2ukPpnEj,2025-10-04 16:30,Ath Bilbao,Mallorca,2,1,2.158,1.625,2.2,1.7,6
2025-2026,https://www.oddsportal.com/football/h2h/ath-bilbao-IP5zl0cJ/mallorca-4jDQxrbf/#x2uVEF43,2026-01-17 16:15,Mallorca,Ath Bilbao,3,2,1.957,1.766,2.0,1.8,7
2025-2026,https://www.oddsportal.com/football/h2h/ath-bilbao-IP5zl0cJ/osasuna-ETdxjU8a/#2JLSaghT,2026-04-21 17:00,Ath Bilbao,Osasuna,1,0,1.787,1.936,1.83,2.0,7
2025-2026,https://www.oddsportal.com/football/h2h/ath-bilbao-IP5zl0cJ/osasuna-ETdxjU8a/#WUoduIHF,2026-01-03 16:15,Osasuna,Ath Bilbao,1,1,2.003,1.731,2.05,1.75,7
2025-2026,https://www.oddsportal.com/football/h2h/ath-bilbao-IP5zl0cJ/rayo-vallecano-8bcjFy6O/#WS6uJN6j,2025-08-25 17:30,Ath Bilbao,Rayo Vallecano,1,0,1.972,1.758,2.0,1.83,6
2025-2026,https://www.oddsportal.com/football/h2h/ath-bilbao-IP5zl0cJ/rayo-vallecano-8bcjFy6O/#tWw0Li1N,2026-02-28 14:00,Rayo Vallecano,Ath Bilbao,1,1,1.896,1.823,1.95,1.9,7
2025-2026,https://www.oddsportal.com/football/h2h/ath-bilbao-IP5zl0cJ/real-madrid-W8mj7MDD/#IacCXQF6,2025-12-03 19:00,Ath Bilbao,Real Madrid,0,3,1.77,1.946,1.82,2.0,7
2025-2026,https://www.oddsportal.com/football/h2h/ath-bilbao-IP5zl0cJ/real-madrid-W8mj7MDD/#hf989Iwo,2026-05-23 19:00,Real Madrid,Ath Bilbao,4,2,1.496,2.449,1.53,2.6,7
2025-2026,https://www.oddsportal.com/football/h2h/ath-bilbao-IP5zl0cJ/real-oviedo-SzYzw34K/#Asx3tnue,2025-11-09 14:00,Ath Bilbao,Oviedo,1,0,2.225,1.588,2.3,1.65,6
2025-2026,https://www.oddsportal.com/football/h2h/ath-bilbao-IP5zl0cJ/real-oviedo-SzYzw34K/#UiEKabHk,2026-02-15 14:00,Oviedo,Ath Bilbao,1,2,1.963,1.756,2.0,1.82,7
2025-2026,https://www.oddsportal.com/football/h2h/ath-bilbao-IP5zl0cJ/real-sociedad-jNvak2f3/#EoFXEzM0,2026-02-01 21:00,Ath Bilbao,Real Sociedad,1,1,1.863,1.871,1.91,1.91,7
2025-2026,https://www.oddsportal.com/football/h2h/ath-bilbao-IP5zl0cJ/real-sociedad-jNvak2f3/#f7uSvZ3j,2025-11-01 18:30,Real Sociedad,Ath Bilbao,3,2,2.015,1.722,2.05,1.75,6
2025-2026,https://www.oddsportal.com/football/h2h/ath-bilbao-IP5zl0cJ/sevilla-h8oAv4Ts/#Snne5PQF,2025-08-17 17:30,Ath Bilbao,Sevilla,3,2,2.193,1.602,2.25,1.7,6
2025-2026,https://www.oddsportal.com/football/h2h/ath-bilbao-IP5zl0cJ/sevilla-h8oAv4Ts/#lrfI9upL,2026-01-24 18:30,Sevilla,Ath Bilbao,2,1,1.957,1.76,2.0,1.8,7
2025-2026,https://www.oddsportal.com/football/h2h/ath-bilbao-IP5zl0cJ/valencia-CQeaytrD/#0GhwIyNk,2025-09-20 19:00,Valencia,Ath Bilbao,2,0,1.912,1.81,1.95,1.85,6
2025-2026,https://www.oddsportal.com/football/h2h/ath-bilbao-IP5zl0cJ/valencia-CQeaytrD/#UudYXw4C,2026-05-10 14:15,Ath Bilbao,Valencia,0,1,1.989,1.737,2.05,1.83,7
2025-2026,https://www.oddsportal.com/football/h2h/ath-bilbao-IP5zl0cJ/villarreal-lUatW5jE/#GOQsY8Up,2025-09-27 19:00,Villarreal,Ath Bilbao,1,0,1.775,1.953,1.8,2.0,6
2025-2026,https://www.oddsportal.com/football/h2h/ath-bilbao-IP5zl0cJ/villarreal-lUatW5jE/#Gt6nv08e,2026-04-12 19:00,Ath Bilbao,Villarreal,1,2,1.717,2.023,1.77,2.15,7
2025-2026,https://www.oddsportal.com/football/h2h/atl-madrid-jaarqpLQ/barcelona-SKbpVP5K/#CMIonQUa,2025-12-02 21:00,Barcelona,Atl. Madrid,3,1,1.416,2.684,1.44,2.8,7
2025-2026,https://www.oddsportal.com/football/h2h/atl-madrid-jaarqpLQ/barcelona-SKbpVP5K/#G6kwDN9d,2026-04-04 19:00,Atl. Madrid,Barcelona,1,2,1.371,2.853,1.42,3.1,7
2025-2026,https://www.oddsportal.com/football/h2h/atl-madrid-jaarqpLQ/betis-vJbTeCGP/#OdCGqnRi,2026-02-08 18:30,Atl. Madrid,Betis,0,1,1.706,2.024,1.75,2.1,7
2025-2026,https://www.oddsportal.com/football/h2h/atl-madrid-jaarqpLQ/betis-vJbTeCGP/#SMhtyWoI,2025-10-27 21:00,Betis,Atl. Madrid,0,2,1.667,2.092,1.7,2.15,6
2025-2026,https://www.oddsportal.com/football/h2h/atl-madrid-jaarqpLQ/celta-vigo-8pvUZFhf/#2gftWHYO,2026-05-09 16:30,Atl. Madrid,Celta Vigo,0,1,1.586,2.234,1.62,2.35,7
2025-2026,https://www.oddsportal.com/football/h2h/atl-madrid-jaarqpLQ/celta-vigo-8pvUZFhf/#nTOS475M,2025-10-05 19:00,Celta Vigo,Atl. Madrid,1,1,1.767,1.957,1.8,2.0,6
2025-2026,https://www.oddsportal.com/football/h2h/atl-madrid-jaarqpLQ/elche-4jl02tPF/#UoHsfOL7,2026-04-22 17:00,Elche,Atl. Madrid,3,2,1.589,2.236,1.62,2.35,7
2025-2026,https://www.oddsportal.com/football/h2h/atl-madrid-jaarqpLQ/elche-4jl02tPF/#dMQJtRbc,2025-08-23 17:30,Atl. Madrid,Elche,1,1,2.215,1.597,2.3,1.65,6
2025-2026,https://www.oddsportal.com/football/h2h/atl-madrid-jaarqpLQ/espanyol-QFfPdh1J/#hlfbLWqQ,2026-02-21 21:00,Atl. Madrid,Espanyol,4,2,1.929,1.799,2.0,1.9,7
2025-2026,https://www.oddsportal.com/football/h2h/atl-madrid-jaarqpLQ/espanyol-QFfPdh1J/#tEUsdLm2,2025-08-17 19:30,Espanyol,Atl. Madrid,2,1,1.915,1.807,1.95,1.9,6
2025-2026,https://www.oddsportal.com/football/h2h/atl-madrid-jaarqpLQ/getafe-dboeiWOt/#UmvXvwbD,2026-03-14 16:15,Atl. Madrid,Getafe,1,0,2.256,1.569,2.34,1.63,7
2025-2026,https://www.oddsportal.com/football/h2h/atl-madrid-jaarqpLQ/getafe-dboeiWOt/#UulKzN7t,2025-11-23 18:30,Getafe,Atl. Madrid,0,1,2.335,1.543,2.38,1.57,6
2025-2026,https://www.oddsportal.com/football/h2h/atl-madrid-jaarqpLQ/girona-nNNpcUSL/#dhsK6cBj,2025-12-21 14:00,Girona,Atl. Madrid,0,3,1.761,1.959,1.8,2.0,7
2025-2026,https://www.oddsportal.com/football/h2h/atl-madrid-jaarqpLQ/girona-nNNpcUSL/#n12plBB7,2026-05-17 17:00,Atl. Madrid,Girona,1,0,1.579,2.261,1.62,2.4,7
2025-2026,https://www.oddsportal.com/football/h2h/atl-madrid-jaarqpLQ/levante-G8FL0ShI/#dbzBvQ97,2025-11-08 18:30,Atl. Madrid,Levante,3,1,1.937,1.795,2.0,1.85,6
2025-2026,https://www.oddsportal.com/football/h2h/atl-madrid-jaarqpLQ/levante-G8FL0ShI/#nDhERD56,2026-01-31 18:30,Levante,Atl. Madrid,0,0,1.717,2.02,1.75,2.1,7
2025-2026,https://www.oddsportal.com/football/h2h/atl-madrid-jaarqpLQ/mallorca-4jDQxrbf/#bgRP3kd2,2026-01-25 14:00,Atl. Madrid,Mallorca,3,0,2.087,1.679,2.2,1.83,7
2025-2026,https://www.oddsportal.com/football/h2h/atl-madrid-jaarqpLQ/mallorca-4jDQxrbf/#drnnGFi2,2025-09-21 14:15,Mallorca,Atl. Madrid,1,1,2.007,1.74,2.05,1.8,6
2025-2026,https://www.oddsportal.com/football/h2h/atl-madrid-jaarqpLQ/osasuna-ETdxjU8a/#QXY2yYR1,2026-05-12 19:30,Osasuna,Atl. Madrid,1,2,1.593,2.219,1.62,2.26,7
2025-2026,https://www.oddsportal.com/football/h2h/atl-madrid-jaarqpLQ/osasuna-ETdxjU8a/#QeslA2s2,2025-10-18 19:00,Atl. Madrid,Osasuna,1,0,2.075,1.68,2.15,1.75,6
2025-2026,https://www.oddsportal.com/football/h2h/atl-madrid-jaarqpLQ/rayo-vallecano-8bcjFy6O/#82XLShy8,2025-09-24 19:30,Atl. Madrid,Rayo Vallecano,3,2,2.05,1.693,2.1,1.75,6
2025-2026,https://www.oddsportal.com/football/h2h/atl-madrid-jaarqpLQ/rayo-vallecano-8bcjFy6O/#j72Tcxn2,2026-02-15 16:15,Rayo Vallecano,Atl. Madrid,3,0,1.879,1.847,1.95,2.0,7
2025-2026,https://www.oddsportal.com/football/h2h/atl-madrid-jaarqpLQ/real-madrid-W8mj7MDD/#QL8zvv16,2025-09-27 14:15,Atl. Madrid,Real Madrid,5,2,1.595,2.223,1.62,2.25,6
2025-2026,https://www.oddsportal.com/football/h2h/atl-madrid-jaarqpLQ/real-madrid-W8mj7MDD/#tQIsOmIc,2026-03-22 21:00,Real Madrid,Atl. Madrid,3,2,1.49,2.479,1.53,2.6,7
2025-2026,https://www.oddsportal.com/football/h2h/atl-madrid-jaarqpLQ/real-oviedo-SzYzw34K/#0GKWFVOp,2026-02-28 21:00,Oviedo,Atl. Madrid,0,1,1.816,1.903,1.87,2.0,7
2025-2026,https://www.oddsportal.com/football/h2h/atl-madrid-jaarqpLQ/real-oviedo-SzYzw34K/#YwUqVIyI,2025-11-29 21:00,Atl. Madrid,Oviedo,2,0,2.206,1.6,2.25,1.68,7
2025-2026,https://www.oddsportal.com/football/h2h/atl-madrid-jaarqpLQ/real-sociedad-jNvak2f3/#MmKFFMU1,2026-03-07 18:30,Atl. Madrid,Real Sociedad,3,2,1.717,2.026,1.78,2.2,7
2025-2026,https://www.oddsportal.com/football/h2h/atl-madrid-jaarqpLQ/real-sociedad-jNvak2f3/#zHuMM91l,2026-01-04 21:00,Real Sociedad,Atl. Madrid,1,1,1.643,2.127,1.68,2.2,7
2025-2026,https://www.oddsportal.com/football/h2h/atl-madrid-jaarqpLQ/sevilla-h8oAv4Ts/#YNcfrmgo,2025-11-01 16:15,Atl. Madrid,Sevilla,3,0,1.972,1.753,2.0,1.8,6
2025-2026,https://www.oddsportal.com/football/h2h/atl-madrid-jaarqpLQ/sevilla-h8oAv4Ts/#z9oxMwAO,2026-04-11 19:00,Sevilla,Atl. Madrid,2,1,1.663,2.094,1.7,2.25,7
2025-2026,https://www.oddsportal.com/football/h2h/atl-madrid-jaarqpLQ/valencia-CQeaytrD/#GxWbJvkJ,2026-05-02 14:15,Valencia,Atl. Madrid,0,2,1.784,1.937,1.82,2.0,7
2025-2026,https://www.oddsportal.com/football/h2h/atl-madrid-jaarqpLQ/valencia-CQeaytrD/#YD2c1sID,2025-12-13 14:00,Atl. Madrid,Valencia,2,1,1.893,1.831,1.98,1.91,7
2025-2026,https://www.oddsportal.com/football/h2h/atl-madrid-jaarqpLQ/villarreal-lUatW5jE/#pldfXLVi,2026-05-24 19:00,Villarreal,Atl. Madrid,5,1,1.334,3.057,1.37,3.2,7
2025-2026,https://www.oddsportal.com/football/h2h/barcelona-SKbpVP5K/betis-vJbTeCGP/#I3XahnZr,2025-12-06 18:30,Betis,Barcelona,3,5,1.341,3.021,1.37,3.1,7
2025-2026,https://www.oddsportal.com/football/h2h/barcelona-SKbpVP5K/betis-vJbTeCGP/#SduXBE3E,2026-05-17 19:15,Barcelona,Betis,3,1,1.523,2.373,1.6,2.5,7
2025-2026,https://www.oddsportal.com/football/h2h/barcelona-SKbpVP5K/celta-vigo-8pvUZFhf/#WGlgi3gD,2025-11-09 21:00,Celta Vigo,Barcelona,2,4,1.373,2.838,1.4,2.96,6
2025-2026,https://www.oddsportal.com/football/h2h/barcelona-SKbpVP5K/celta-vigo-8pvUZFhf/#Y1CbfXFj,2026-04-22 19:30,Barcelona,Celta Vigo,1,0,1.683,2.063,1.72,2.15,7
2025-2026,https://www.oddsportal.com/football/h2h/barcelona-SKbpVP5K/elche-4jl02tPF/#EZlXkaCi,2025-11-02 18:30,Barcelona,Elche,3,1,1.677,2.08,1.73,2.15,6
2025-2026,https://www.oddsportal.com/football/h2h/barcelona-SKbpVP5K/elche-4jl02tPF/#runNPizJ,2026-01-31 21:00,Elche,Barcelona,1,3,1.563,2.274,1.63,2.4,7
2025-2026,https://www.oddsportal.com/football/h2h/barcelona-SKbpVP5K/espanyol-QFfPdh1J/#O69fxvw8,2026-04-11 16:30,Barcelona,Espanyol,4,1,1.654,2.106,1.71,2.2,7
2025-2026,https://www.oddsportal.com/football/h2h/barcelona-SKbpVP5K/espanyol-QFfPdh1J/#rsqUKmW0,2026-01-03 21:00,Espanyol,Barcelona,0,2,1.597,2.216,1.65,2.26,7
2025-2026,https://www.oddsportal.com/football/h2h/barcelona-SKbpVP5K/getafe-dboeiWOt/#Cdi2GOoo,2025-09-21 19:00,Barcelona,Getafe,3,0,1.858,1.878,1.91,1.91,6
2025-2026,https://www.oddsportal.com/football/h2h/barcelona-SKbpVP5K/getafe-dboeiWOt/#MsROsfWp,2026-04-25 14:15,Getafe,Barcelona,0,2,1.89,1.827,1.95,1.9,7
2025-2026,https://www.oddsportal.com/football/h2h/barcelona-SKbpVP5K/girona-nNNpcUSL/#d4kFLuv9,2026-02-16 21:00,Girona,Barcelona,2,1,1.52,2.387,1.55,2.45,7
2025-2026,https://www.oddsportal.com/football/h2h/barcelona-SKbpVP5K/girona-nNNpcUSL/#t4PzY5Z8,2025-10-18 14:15,Barcelona,Girona,2,1,1.715,2.023,1.77,2.05,6
2025-2026,https://www.oddsportal.com/football/h2h/barcelona-SKbpVP5K/levante-G8FL0ShI/#OWpUFA7m,2026-02-22 16:15,Barcelona,Levante,3,0,1.793,1.923,1.83,1.96,7
2025-2026,https://www.oddsportal.com/football/h2h/barcelona-SKbpVP5K/levante-G8FL0ShI/#jq2FV0jd,2025-08-23 19:30,Levante,Barcelona,2,3,1.693,2.063,1.75,2.15,6
2025-2026,https://www.oddsportal.com/football/h2h/barcelona-SKbpVP5K/mallorca-4jDQxrbf/#UgFOsQe4,2026-02-07 16:15,Barcelona,Mallorca,3,0,1.824,1.889,1.9,1.98,7
2025-2026,https://www.oddsportal.com/football/h2h/barcelona-SKbpVP5K/mallorca-4jDQxrbf/#Y7HTJOu9,2025-08-16 17:30,Mallorca,Barcelona,0,3,1.705,2.052,1.75,2.15,6
2025-2026,https://www.oddsportal.com/football/h2h/barcelona-SKbpVP5K/osasuna-ETdxjU8a/#EBj7h7jt,2025-12-13 18:30,Barcelona,Osasuna,2,0,1.724,2.004,1.77,2.06,7
2025-2026,https://www.oddsportal.com/football/h2h/barcelona-SKbpVP5K/osasuna-ETdxjU8a/#rqOpsrsQ,2026-05-02 19:00,Osasuna,Barcelona,1,2,1.546,2.309,1.57,2.4,7
2025-2026,https://www.oddsportal.com/football/h2h/barcelona-SKbpVP5K/rayo-vallecano-8bcjFy6O/#UFzMm7to,2026-03-22 14:00,Barcelona,Rayo Vallecano,1,0,1.69,2.056,1.77,2.12,7
2025-2026,https://www.oddsportal.com/football/h2h/barcelona-SKbpVP5K/rayo-vallecano-8bcjFy6O/#tAIR5YXP,2025-08-31 19:30,Rayo Vallecano,Barcelona,1,1,1.593,2.218,1.65,2.26,6
2025-2026,https://www.oddsportal.com/football/h2h/barcelona-SKbpVP5K/real-madrid-W8mj7MDD/#OlnkZ9GU,2025-10-26 16:15,Real Madrid,Barcelona,2,1,1.278,3.408,1.3,3.5,6
2025-2026,https://www.oddsportal.com/football/h2h/barcelona-SKbpVP5K/real-madrid-W8mj7MDD/#tKPjjLJt,2026-05-10 19:00,Barcelona,Real Madrid,2,0,1.396,2.757,1.44,2.94,7
2025-2026,https://www.oddsportal.com/football/h2h/barcelona-SKbpVP5K/real-oviedo-SzYzw34K/#GUeAB1F8,2026-01-25 16:15,Barcelona,Oviedo,3,0,1.817,1.897,1.9,2.0,7
2025-2026,https://www.oddsportal.com/football/h2h/barcelona-SKbpVP5K/real-oviedo-SzYzw34K/#Wbm1PvnD,2025-09-25 19:30,Oviedo,Barcelona,1,3,1.982,1.752,2.05,1.8,6
2025-2026,https://www.oddsportal.com/football/h2h/barcelona-SKbpVP5K/real-sociedad-jNvak2f3/#WIBrxIVI,2025-09-28 16:30,Barcelona,Real Sociedad,2,1,1.615,2.185,1.7,2.25,6
2025-2026,https://www.oddsportal.com/football/h2h/barcelona-SKbpVP5K/real-sociedad-jNvak2f3/#YTYwDgZF,2026-01-18 21:00,Real Sociedad,Barcelona,2,1,1.471,2.517,1.51,2.6,7
2025-2026,https://www.oddsportal.com/football/h2h/barcelona-SKbpVP5K/sevilla-h8oAv4Ts/#AqHJ2tjK,2026-03-15 16:15,Barcelona,Sevilla,5,2,1.661,2.089,1.73,2.3,7
2025-2026,https://www.oddsportal.com/football/h2h/barcelona-SKbpVP5K/sevilla-h8oAv4Ts/#d2AbaoTq,2025-10-05 14:15,Sevilla,Barcelona,4,1,1.562,2.285,1.62,2.4,6
2025-2026,https://www.oddsportal.com/football/h2h/barcelona-SKbpVP5K/valencia-CQeaytrD/#0zHFf8PO,2025-09-14 19:00,Barcelona,Valencia,6,0,1.662,2.102,1.7,2.15,6
2025-2026,https://www.oddsportal.com/football/h2h/barcelona-SKbpVP5K/valencia-CQeaytrD/#tGk3Va04,2026-05-23 19:00,Valencia,Barcelona,3,1,1.414,2.694,1.44,2.8,7
2025-2026,https://www.oddsportal.com/football/h2h/barcelona-SKbpVP5K/villarreal-lUatW5jE/#QHILO5jI,2026-02-28 16:15,Barcelona,Villarreal,4,1,1.409,2.71,1.46,2.8,7
2025-2026,https://www.oddsportal.com/football/h2h/barcelona-SKbpVP5K/villarreal-lUatW5jE/#lnU5U03c,2025-12-21 16:15,Villarreal,Barcelona,0,2,1.37,2.857,1.4,3.0,7
2025-2026,https://www.oddsportal.com/football/h2h/betis-vJbTeCGP/celta-vigo-8pvUZFhf/#KI2kcKDs,2026-03-15 18:30,Betis,Celta Vigo,1,1,1.723,2.014,1.75,2.1,7
2025-2026,https://www.oddsportal.com/football/h2h/betis-vJbTeCGP/celta-vigo-8pvUZFhf/#xdzmmrvK,2025-08-27 19:00,Celta Vigo,Betis,1,1,1.568,2.272,1.62,2.35,6
2025-2026,https://www.oddsportal.com/football/h2h/betis-vJbTeCGP/elche-4jl02tPF/#OrBUvnHd,2026-05-12 18:00,Betis,Elche,2,1,1.63,2.141,1.67,2.25,7
2025-2026,https://www.oddsportal.com/football/h2h/betis-vJbTeCGP/elche-4jl02tPF/#UZAxI2AL,2025-08-18 19:00,Elche,Betis,1,1,1.852,1.89,1.91,1.95,6
2025-2026,https://www.oddsportal.com/football/h2h/betis-vJbTeCGP/espanyol-QFfPdh1J/#WEXPzR13,2026-04-04 16:30,Betis,Espanyol,0,0,1.734,1.996,1.77,2.05,7
2025-2026,https://www.oddsportal.com/football/h2h/betis-vJbTeCGP/espanyol-QFfPdh1J/#hU37cPcd,2025-10-05 16:30,Espanyol,Betis,1,2,1.663,2.103,1.7,2.15,6
2025-2026,https://www.oddsportal.com/football/h2h/betis-vJbTeCGP/getafe-dboeiWOt/#0f7sULqe,2026-03-08 16:15,Getafe,Betis,2,0,2.179,1.609,2.25,1.72,7
2025-2026,https://www.oddsportal.com/football/h2h/betis-vJbTeCGP/getafe-dboeiWOt/#63SyfKRp,2025-12-21 21:00,Betis,Getafe,4,0,2.331,1.543,2.38,1.63,7
2025-2026,https://www.oddsportal.com/football/h2h/betis-vJbTeCGP/girona-nNNpcUSL/#4bfS3twJ,2025-11-23 16:15,Betis,Girona,1,1,1.638,2.127,1.67,2.16,6
2025-2026,https://www.oddsportal.com/football/h2h/betis-vJbTeCGP/girona-nNNpcUSL/#zq4THRDE,2026-04-21 19:30,Girona,Betis,2,3,1.659,2.101,1.7,2.2,7
2025-2026,https://www.oddsportal.com/football/h2h/betis-vJbTeCGP/levante-G8FL0ShI/#ALQA0u1U,2026-05-23 19:00,Betis,Levante,2,1,1.47,2.517,1.5,2.6,7
2025-2026,https://www.oddsportal.com/football/h2h/betis-vJbTeCGP/levante-G8FL0ShI/#QHA7Rlfn,2025-09-14 14:15,Levante,Betis,2,2,1.592,2.225,1.62,2.25,6
2025-2026,https://www.oddsportal.com/football/h2h/betis-vJbTeCGP/mallorca-4jDQxrbf/#Mahulws4,2025-11-02 21:00,Betis,Mallorca,3,0,1.737,1.99,1.78,2.05,6
2025-2026,https://www.oddsportal.com/football/h2h/betis-vJbTeCGP/mallorca-4jDQxrbf/#j57m3XNs,2026-02-15 21:00,Mallorca,Betis,1,2,1.777,1.941,1.8,2.0,7
2025-2026,https://www.oddsportal.com/football/h2h/betis-vJbTeCGP/osasuna-ETdxjU8a/#CElVaLNP,2025-09-28 19:00,Betis,Osasuna,2,0,1.787,1.937,1.83,2.0,6
2025-2026,https://www.oddsportal.com/football/h2h/betis-vJbTeCGP/osasuna-ETdxjU8a/#QXQotset,2026-04-12 12:00,Osasuna,Betis,1,1,1.741,1.984,1.8,2.05,7
2025-2026,https://www.oddsportal.com/football/h2h/betis-vJbTeCGP/rayo-vallecano-8bcjFy6O/#KbvwElx0,2026-02-21 16:15,Betis,Rayo Vallecano,1,1,1.73,1.997,1.77,2.07,7
2025-2026,https://www.oddsportal.com/football/h2h/betis-vJbTeCGP/rayo-vallecano-8bcjFy6O/#jHoWn3KH,2025-12-15 21:00,Rayo Vallecano,Betis,0,0,1.827,1.904,1.91,1.95,7
2025-2026,https://www.oddsportal.com/football/h2h/betis-vJbTeCGP/real-madrid-W8mj7MDD/#4dXxJR0D,2026-01-04 16:15,Real Madrid,Betis,5,1,1.641,2.137,1.71,2.25,7
2025-2026,https://www.oddsportal.com/football/h2h/betis-vJbTeCGP/real-madrid-W8mj7MDD/#lfKIYGgU,2026-04-24 19:00,Betis,Real Madrid,1,1,1.427,2.643,1.46,2.72,7
2025-2026,https://www.oddsportal.com/football/h2h/betis-vJbTeCGP/real-oviedo-SzYzw34K/#U5uP615D,2026-05-03 16:30,Betis,Oviedo,3,0,1.921,1.797,1.98,1.85,7
2025-2026,https://www.oddsportal.com/football/h2h/betis-vJbTeCGP/real-oviedo-SzYzw34K/#pzHgp4aC,2026-01-10 14:00,Oviedo,Betis,1,1,1.804,1.916,1.87,2.0,7
2025-2026,https://www.oddsportal.com/football/h2h/betis-vJbTeCGP/real-sociedad-jNvak2f3/#S4ZlvSwh,2025-09-19 19:00,Betis,Real Sociedad,3,1,1.598,2.205,1.62,2.25,6
2025-2026,https://www.oddsportal.com/football/h2h/betis-vJbTeCGP/real-sociedad-jNvak2f3/#jHXmS8Xj,2026-05-09 19:00,Real Sociedad,Betis,2,2,1.506,2.41,1.53,2.47,7
2025-2026,https://www.oddsportal.com/football/h2h/betis-vJbTeCGP/sevilla-h8oAv4Ts/#C2SooVRF,2025-11-30 16:15,Sevilla,Betis,0,2,1.743,1.991,1.8,2.05,7
2025-2026,https://www.oddsportal.com/football/h2h/betis-vJbTeCGP/sevilla-h8oAv4Ts/#bVGTMqLU,2026-03-01 18:30,Betis,Sevilla,2,2,1.87,1.85,1.95,2.0,7
2025-2026,https://www.oddsportal.com/football/h2h/betis-vJbTeCGP/valencia-CQeaytrD/#MBIuDEjD,2026-02-01 16:15,Betis,Valencia,2,1,1.82,1.911,1.91,2.0,7
2025-2026,https://www.oddsportal.com/football/h2h/betis-vJbTeCGP/valencia-CQeaytrD/#bNtuF6oK,2025-11-09 18:30,Valencia,Betis,1,1,1.707,2.043,1.75,2.1,6
2025-2026,https://www.oddsportal.com/football/h2h/betis-vJbTeCGP/villarreal-lUatW5jE/#hOAApqJE,2025-10-18 16:30,Villarreal,Betis,2,2,1.437,2.602,1.45,2.65,6
2025-2026,https://www.oddsportal.com/football/h2h/betis-vJbTeCGP/villarreal-lUatW5jE/#tGkycsqI,2026-01-17 21:00,Betis,Villarreal,2,0,1.533,2.333,1.57,2.4,7
2025-2026,https://www.oddsportal.com/football/h2h/celta-vigo-8pvUZFhf/elche-4jl02tPF/#A1IBU4cK,2026-05-03 12:00,Celta Vigo,Elche,3,1,1.67,2.087,1.71,2.15,7
2025-2026,https://www.oddsportal.com/football/h2h/celta-vigo-8pvUZFhf/elche-4jl02tPF/#rVITeCMi,2025-09-28 14:15,Elche,Celta Vigo,2,1,1.772,1.957,1.8,2.0,6
2025-2026,https://www.oddsportal.com/football/h2h/celta-vigo-8pvUZFhf/espanyol-QFfPdh1J/#4QjHCALj,2025-11-30 18:30,Celta Vigo,Espanyol,0,1,1.719,2.016,1.78,2.1,7
2025-2026,https://www.oddsportal.com/football/h2h/celta-vigo-8pvUZFhf/espanyol-QFfPdh1J/#OI5e1Bhf,2026-02-14 14:00,Espanyol,Celta Vigo,2,2,1.974,1.754,2.05,1.8,7
2025-2026,https://www.oddsportal.com/football/h2h/celta-vigo-8pvUZFhf/getafe-dboeiWOt/#8K2YW8sn,2026-02-01 18:30,Getafe,Celta Vigo,0,0,2.226,1.581,2.28,1.63,7
2025-2026,https://www.oddsportal.com/football/h2h/celta-vigo-8pvUZFhf/getafe-dboeiWOt/#l2z433eS,2025-08-17 15:00,Celta Vigo,Getafe,0,2,2.377,1.522,2.5,1.55,6
2025-2026,https://www.oddsportal.com/football/h2h/celta-vigo-8pvUZFhf/girona-nNNpcUSL/#4lsQEBAt,2025-09-14 12:00,Celta Vigo,Girona,1,1,1.718,2.022,1.75,2.1,6
2025-2026,https://www.oddsportal.com/football/h2h/celta-vigo-8pvUZFhf/girona-nNNpcUSL/#hA7IwZGi,2026-03-01 21:00,Girona,Celta Vigo,1,2,1.789,1.933,1.82,1.96,7
2025-2026,https://www.oddsportal.com/football/h2h/celta-vigo-8pvUZFhf/levante-G8FL0ShI/#n1SD2xdc,2025-11-02 14:00,Levante,Celta Vigo,1,2,1.608,2.205,1.63,2.25,6
2025-2026,https://www.oddsportal.com/football/h2h/celta-vigo-8pvUZFhf/levante-G8FL0ShI/#tKuFnbz3,2026-05-12 17:00,Celta Vigo,Levante,2,3,1.654,2.11,1.7,2.25,7
2025-2026,https://www.oddsportal.com/football/h2h/celta-vigo-8pvUZFhf/mallorca-4jDQxrbf/#hCxoCS6C,2026-02-22 18:30,Celta Vigo,Mallorca,2,0,1.961,1.764,2.05,1.85,7
2025-2026,https://www.oddsportal.com/football/h2h/celta-vigo-8pvUZFhf/mallorca-4jDQxrbf/#rwk1g4r3,2025-08-23 15:00,Mallorca,Celta Vigo,1,1,1.823,1.9,1.94,1.95,6
2025-2026,https://www.oddsportal.com/football/h2h/celta-vigo-8pvUZFhf/osasuna-ETdxjU8a/#CpRbgD1n,2025-10-26 18:30,Osasuna,Celta Vigo,2,3,1.825,1.915,1.91,2.0,6
2025-2026,https://www.oddsportal.com/football/h2h/celta-vigo-8pvUZFhf/osasuna-ETdxjU8a/#j93Xu4QG,2026-02-06 21:00,Celta Vigo,Osasuna,1,2,1.853,1.883,1.91,1.95,7
2025-2026,https://www.oddsportal.com/football/h2h/celta-vigo-8pvUZFhf/rayo-vallecano-8bcjFy6O/#ETmqeLDU,2026-01-18 18:30,Celta Vigo,Rayo Vallecano,3,0,1.937,1.783,2.0,1.9,7
2025-2026,https://www.oddsportal.com/football/h2h/celta-vigo-8pvUZFhf/rayo-vallecano-8bcjFy6O/#lxZXwJq9,2025-09-21 12:00,Rayo Vallecano,Celta Vigo,1,1,1.763,1.957,1.8,2.0,6
2025-2026,https://www.oddsportal.com/football/h2h/celta-vigo-8pvUZFhf/real-madrid-W8mj7MDD/#QTz8jQ3e,2025-12-07 21:00,Real Madrid,Celta Vigo,0,2,1.704,2.037,1.75,2.1,7
2025-2026,https://www.oddsportal.com/football/h2h/celta-vigo-8pvUZFhf/real-madrid-W8mj7MDD/#xd22wQM8,2026-03-06 21:00,Celta Vigo,Real Madrid,1,2,1.683,2.061,1.72,2.15,7
2025-2026,https://www.oddsportal.com/football/h2h/celta-vigo-8pvUZFhf/real-oviedo-SzYzw34K/#6VYvpjdE,2026-04-12 16:30,Celta Vigo,Oviedo,0,3,1.97,1.749,2.02,1.85,7
2025-2026,https://www.oddsportal.com/football/h2h/celta-vigo-8pvUZFhf/real-oviedo-SzYzw34K/#pENESvY9,2025-12-20 14:00,Oviedo,Celta Vigo,0,0,1.979,1.746,2.0,1.8,7
2025-2026,https://www.oddsportal.com/football/h2h/celta-vigo-8pvUZFhf/real-sociedad-jNvak2f3/#8Szk4J7r,2026-01-25 18:30,Real Sociedad,Celta Vigo,3,1,1.821,1.916,1.91,2.0,7
2025-2026,https://www.oddsportal.com/football/h2h/celta-vigo-8pvUZFhf/real-sociedad-jNvak2f3/#EHNrWq4L,2025-10-19 14:15,Celta Vigo,Real Sociedad,1,1,1.807,1.94,1.91,2.0,6
2025-2026,https://www.oddsportal.com/football/h2h/celta-vigo-8pvUZFhf/sevilla-h8oAv4Ts/#CMIDKrnn,2026-05-23 19:00,Celta Vigo,Sevilla,1,0,1.956,1.764,2.0,1.85,7
2025-2026,https://www.oddsportal.com/football/h2h/celta-vigo-8pvUZFhf/sevilla-h8oAv4Ts/#t2A2rrUO,2026-01-12 21:00,Sevilla,Celta Vigo,0,1,1.903,1.814,1.95,1.85,7
2025-2026,https://www.oddsportal.com/football/h2h/celta-vigo-8pvUZFhf/valencia-CQeaytrD/#4tB6m4o9,2026-04-05 14:15,Valencia,Celta Vigo,2,3,1.867,1.86,1.91,1.91,7
2025-2026,https://www.oddsportal.com/football/h2h/celta-vigo-8pvUZFhf/valencia-CQeaytrD/#r951Jzed,2026-01-03 14:00,Celta Vigo,Valencia,4,1,1.929,1.791,1.98,1.85,7
2025-2026,https://www.oddsportal.com/football/h2h/celta-vigo-8pvUZFhf/villarreal-lUatW5jE/#EyEA5cOi,2026-04-26 19:00,Villarreal,Celta Vigo,2,1,1.556,2.283,1.58,2.4,7
2025-2026,https://www.oddsportal.com/football/h2h/celta-vigo-8pvUZFhf/villarreal-lUatW5jE/#YR3q6sS8,2025-08-31 15:00,Celta Vigo,Villarreal,1,1,1.672,2.087,1.7,2.15,6
2025-2026,https://www.oddsportal.com/football/h2h/elche-4jl02tPF/espanyol-QFfPdh1J/#YaF7iiWb,2025-10-25 14:15,Espanyol,Elche,1,0,1.875,1.848,1.95,1.95,6
2025-2026,https://www.oddsportal.com/football/h2h/elche-4jl02tPF/espanyol-QFfPdh1J/#vPYyReXo,2026-03-01 14:00,Elche,Espanyol,2,2,1.71,2.034,1.75,2.1,7
2025-2026,https://www.oddsportal.com/football/h2h/elche-4jl02tPF/getafe-dboeiWOt/#0OhvAhYQ,2026-05-17 17:00,Elche,Getafe,1,0,2.116,1.646,2.15,1.68,7
2025-2026,https://www.oddsportal.com/football/h2h/elche-4jl02tPF/getafe-dboeiWOt/#KSVgq9dS,2025-11-28 21:00,Getafe,Elche,1,0,2.157,1.626,2.2,1.7,7
2025-2026,https://www.oddsportal.com/football/h2h/elche-4jl02tPF/girona-nNNpcUSL/#Q5hLaUt9,2025-12-07 14:00,Elche,Girona,3,0,1.769,1.951,1.8,2.0,7
2025-2026,https://www.oddsportal.com/football/h2h/elche-4jl02tPF/girona-nNNpcUSL/#ltgBTwVG,2026-05-23 19:00,Girona,Elche,1,1,1.673,2.074,1.73,2.15,7
2025-2026,https://www.oddsportal.com/football/h2h/elche-4jl02tPF/levante-G8FL0ShI/#4EQGmZBs,2025-08-29 17:30,Elche,Levante,2,0,1.908,1.81,1.95,1.85,6
2025-2026,https://www.oddsportal.com/football/h2h/elche-4jl02tPF/levante-G8FL0ShI/#EPwc2cxe,2026-01-23 21:00,Levante,Elche,3,2,1.673,2.076,1.73,2.2,7
2025-2026,https://www.oddsportal.com/football/h2h/elche-4jl02tPF/mallorca-4jDQxrbf/#AJ1XpskU,2025-12-13 16:15,Mallorca,Elche,3,1,1.989,1.736,2.0,1.75,7
2025-2026,https://www.oddsportal.com/football/h2h/elche-4jl02tPF/mallorca-4jDQxrbf/#f9f0BAYi,2026-03-21 14:00,Elche,Mallorca,2,1,1.706,2.039,1.77,2.15,7
2025-2026,https://www.oddsportal.com/football/h2h/elche-4jl02tPF/osasuna-ETdxjU8a/#8OpwmLXq,2026-02-13 21:00,Elche,Osasuna,0,0,1.759,1.961,1.8,2.0,7
2025-2026,https://www.oddsportal.com/football/h2h/elche-4jl02tPF/osasuna-ETdxjU8a/#dtHJsM1s,2025-09-25 17:30,Osasuna,Elche,1,1,2.03,1.708,2.07,1.75,6
2025-2026,https://www.oddsportal.com/football/h2h/elche-4jl02tPF/rayo-vallecano-8bcjFy6O/#084ForGL,2026-04-03 19:00,Rayo Vallecano,Elche,1,0,1.746,1.981,1.8,2.05,7
2025-2026,https://www.oddsportal.com/football/h2h/elche-4jl02tPF/rayo-vallecano-8bcjFy6O/#MBAOHNJi,2025-12-21 18:30,Elche,Rayo Vallecano,4,0,2.044,1.694,2.06,1.73,7
2025-2026,https://www.oddsportal.com/football/h2h/elche-4jl02tPF/real-madrid-W8mj7MDD/#pQmFiGsJ,2026-03-14 21:00,Real Madrid,Elche,4,1,1.786,1.927,1.85,2.0,7
2025-2026,https://www.oddsportal.com/football/h2h/elche-4jl02tPF/real-madrid-W8mj7MDD/#pfXERqVP,2025-11-23 21:00,Elche,Real Madrid,2,2,1.653,2.107,1.7,2.15,6
2025-2026,https://www.oddsportal.com/football/h2h/elche-4jl02tPF/real-oviedo-SzYzw34K/#Y1xcx684,2025-09-21 16:30,Elche,Oviedo,1,0,1.925,1.797,1.98,1.85,6
2025-2026,https://www.oddsportal.com/football/h2h/elche-4jl02tPF/real-oviedo-SzYzw34K/#YwUB3yg4,2026-04-26 14:15,Oviedo,Elche,1,2,1.884,1.837,1.95,1.93,7
2025-2026,https://www.oddsportal.com/football/h2h/elche-4jl02tPF/real-sociedad-jNvak2f3/#C6Ic2T1E,2025-11-07 21:00,Elche,Real Sociedad,1,1,1.862,1.87,1.91,1.91,6
2025-2026,https://www.oddsportal.com/football/h2h/elche-4jl02tPF/real-sociedad-jNvak2f3/#bZ6uvreT,2026-02-07 21:00,Real Sociedad,Elche,3,1,1.766,1.956,1.82,2.0,7
2025-2026,https://www.oddsportal.com/football/h2h/elche-4jl02tPF/sevilla-h8oAv4Ts/#GUunFObn,2026-01-19 21:00,Elche,Sevilla,2,2,1.983,1.736,2.05,1.83,7
2025-2026,https://www.oddsportal.com/football/h2h/elche-4jl02tPF/sevilla-h8oAv4Ts/#nXbGPSOb,2025-09-12 19:00,Sevilla,Elche,2,2,2.007,1.733,2.05,1.75,6
2025-2026,https://www.oddsportal.com/football/h2h/elche-4jl02tPF/valencia-CQeaytrD/#CU0CRstm,2026-04-11 14:15,Elche,Valencia,1,0,1.593,2.23,1.62,2.35,7
2025-2026,https://www.oddsportal.com/football/h2h/elche-4jl02tPF/valencia-CQeaytrD/#G84B2oFt,2026-01-10 21:00,Valencia,Elche,1,1,1.923,1.794,1.96,1.85,7
2025-2026,https://www.oddsportal.com/football/h2h/elche-4jl02tPF/villarreal-lUatW5jE/#M9ejSaE7,2026-03-08 14:00,Villarreal,Elche,2,1,1.727,1.994,1.8,2.06,7
2025-2026,https://www.oddsportal.com/football/h2h/elche-4jl02tPF/villarreal-lUatW5jE/#bHmlsvm3,2026-01-03 18:30,Elche,Villarreal,1,3,1.597,2.216,1.63,2.27,7
2025-2026,https://www.oddsportal.com/football/h2h/espanyol-QFfPdh1J/getafe-dboeiWOt/#0rss5pzn,2025-12-13 21:00,Getafe,Espanyol,0,1,2.531,1.466,2.63,1.5,7
2025-2026,https://www.oddsportal.com/football/h2h/espanyol-QFfPdh1J/getafe-dboeiWOt/#2Zc89l34,2026-03-21 16:15,Espanyol,Getafe,1,2,2.32,1.551,2.38,1.63,7
2025-2026,https://www.oddsportal.com/football/h2h/espanyol-QFfPdh1J/girona-nNNpcUSL/#4p7xfji4,2025-09-26 19:00,Girona,Espanyol,0,0,1.757,1.963,1.8,2.0,6
2025-2026,https://www.oddsportal.com/football/h2h/espanyol-QFfPdh1J/girona-nNNpcUSL/#OfqfD2Tb,2026-01-16 21:00,Espanyol,Girona,0,2,1.917,1.807,1.98,1.9,7
2025-2026,https://www.oddsportal.com/football/h2h/espanyol-QFfPdh1J/levante-G8FL0ShI/#SKkThKvn,2026-04-27 19:00,Espanyol,Levante,0,0,1.689,2.049,1.72,2.1,7
2025-2026,https://www.oddsportal.com/football/h2h/espanyol-QFfPdh1J/levante-G8FL0ShI/#xOhK0Pqg,2026-01-11 16:15,Levante,Espanyol,1,1,1.759,1.96,1.8,2.0,7
2025-2026,https://www.oddsportal.com/football/h2h/espanyol-QFfPdh1J/mallorca-4jDQxrbf/#A3u1FJZP,2026-03-15 14:00,Mallorca,Espanyol,2,1,1.9,1.814,1.95,1.9,7
2025-2026,https://www.oddsportal.com/football/h2h/espanyol-QFfPdh1J/mallorca-4jDQxrbf/#CEpYCkug,2025-09-15 19:00,Espanyol,Mallorca,3,2,2.028,1.712,2.05,1.75,6
2025-2026,https://www.oddsportal.com/football/h2h/espanyol-QFfPdh1J/osasuna-ETdxjU8a/#0tKPoDtf,2025-08-31 17:30,Espanyol,Osasuna,1,0,2.008,1.72,2.05,1.75,6
2025-2026,https://www.oddsportal.com/football/h2h/espanyol-QFfPdh1J/osasuna-ETdxjU8a/#YFVo6qXh,2026-05-17 17:00,Osasuna,Espanyol,1,2,1.9,1.81,1.95,1.85,7
2025-2026,https://www.oddsportal.com/football/h2h/espanyol-QFfPdh1J/rayo-vallecano-8bcjFy6O/#WAcxG5rR,2026-04-23 18:00,Rayo Vallecano,Espanyol,1,0,1.684,2.054,1.7,2.1,7
2025-2026,https://www.oddsportal.com/football/h2h/espanyol-QFfPdh1J/rayo-vallecano-8bcjFy6O/#bJjTc8BL,2025-12-07 18:30,Espanyol,Rayo Vallecano,1,0,1.921,1.79,1.95,1.83,7
2025-2026,https://www.oddsportal.com/football/h2h/espanyol-QFfPdh1J/real-madrid-W8mj7MDD/#8vkZycEL,2025-09-20 14:15,Real Madrid,Espanyol,2,0,1.803,1.912,1.9,2.0,6
2025-2026,https://www.oddsportal.com/football/h2h/espanyol-QFfPdh1J/real-madrid-W8mj7MDD/#tp9sPrLs,2026-05-03 19:00,Espanyol,Real Madrid,0,2,1.55,2.299,1.58,2.4,7
2025-2026,https://www.oddsportal.com/football/h2h/espanyol-QFfPdh1J/real-oviedo-SzYzw34K/#A90Ay4iL,2026-03-09 21:00,Espanyol,Oviedo,1,1,1.969,1.746,2.0,1.83,7
2025-2026,https://www.oddsportal.com/football/h2h/espanyol-QFfPdh1J/real-oviedo-SzYzw34K/#pdSrSz3m,2025-10-17 19:00,Oviedo,Espanyol,0,2,1.932,1.79,1.96,1.83,6
2025-2026,https://www.oddsportal.com/football/h2h/espanyol-QFfPdh1J/real-sociedad-jNvak2f3/#KnMLIMGb,2026-05-23 19:00,Espanyol,Real Sociedad,1,1,1.539,2.329,1.57,2.38,7
2025-2026,https://www.oddsportal.com/football/h2h/espanyol-QFfPdh1J/real-sociedad-jNvak2f3/#v5rAirDF,2025-08-24 17:30,Real Sociedad,Espanyol,2,2,1.792,1.925,1.83,1.95,6
2025-2026,https://www.oddsportal.com/football/h2h/espanyol-QFfPdh1J/sevilla-h8oAv4Ts/#GxOpMNhm,2025-11-24 21:00,Espanyol,Sevilla,2,1,1.754,1.97,1.8,2.0,7
2025-2026,https://www.oddsportal.com/football/h2h/espanyol-QFfPdh1J/sevilla-h8oAv4Ts/#rBKZkCPc,2026-05-09 14:15,Sevilla,Espanyol,2,1,2.173,1.609,2.25,1.68,7
2025-2026,https://www.oddsportal.com/football/h2h/espanyol-QFfPdh1J/valencia-CQeaytrD/#ALG5z5fE,2025-09-23 17:00,Espanyol,Valencia,2,2,1.9,1.817,1.95,1.85,6
2025-2026,https://www.oddsportal.com/football/h2h/espanyol-QFfPdh1J/valencia-CQeaytrD/#zuS50y77,2026-01-24 16:15,Valencia,Espanyol,3,2,1.91,1.807,1.95,1.85,7
2025-2026,https://www.oddsportal.com/football/h2h/espanyol-QFfPdh1J/villarreal-lUatW5jE/#IJmCYLIj,2026-02-09 21:00,Villarreal,Espanyol,4,1,1.766,1.96,1.82,2.05,7
2025-2026,https://www.oddsportal.com/football/h2h/espanyol-QFfPdh1J/villarreal-lUatW5jE/#pKG507WQ,2025-11-08 21:00,Espanyol,Villarreal,0,2,1.662,2.102,1.7,2.15,6
2025-2026,https://www.oddsportal.com/football/h2h/getafe-dboeiWOt/girona-nNNpcUSL/#2oKiOvaE,2026-01-26 21:00,Girona,Getafe,1,1,2.206,1.604,2.25,1.65,7
2025-2026,https://www.oddsportal.com/football/h2h/getafe-dboeiWOt/girona-nNNpcUSL/#rFtlnHBG,2025-10-31 21:00,Getafe,Girona,2,1,2.132,1.637,2.2,1.68,6
2025-2026,https://www.oddsportal.com/football/h2h/getafe-dboeiWOt/levante-G8FL0ShI/#nmFfvLPh,2026-04-13 19:00,Levante,Getafe,1,0,2.04,1.696,2.1,1.73,7
2025-2026,https://www.oddsportal.com/football/h2h/getafe-dboeiWOt/levante-G8FL0ShI/#rcu1faom,2025-09-27 12:00,Getafe,Levante,1,1,2.107,1.653,2.15,1.7,6
2025-2026,https://www.oddsportal.com/football/h2h/getafe-dboeiWOt/mallorca-4jDQxrbf/#EXwNpx5F,2026-05-13 19:30,Getafe,Mallorca,3,1,2.294,1.56,2.38,1.65,7
2025-2026,https://www.oddsportal.com/football/h2h/getafe-dboeiWOt/mallorca-4jDQxrbf/#I7NB9p9s,2025-11-09 18:30,Mallorca,Getafe,1,0,2.292,1.565,2.38,1.63,6
2025-2026,https://www.oddsportal.com/football/h2h/getafe-dboeiWOt/osasuna-ETdxjU8a/#pOjgLSk3,2025-10-03 19:00,Osasuna,Getafe,2,1,2.503,1.482,2.6,1.5,6
2025-2026,https://www.oddsportal.com/football/h2h/getafe-dboeiWOt/osasuna-ETdxjU8a/#t2AUG0oB,2026-05-23 19:00,Getafe,Osasuna,1,0,2.409,1.516,2.5,1.57,7
2025-2026,https://www.oddsportal.com/football/h2h/getafe-dboeiWOt/rayo-vallecano-8bcjFy6O/#W2POtVhK,2026-01-02 21:00,Rayo Vallecano,Getafe,1,1,2.534,1.466,2.66,1.55,7
2025-2026,https://www.oddsportal.com/football/h2h/getafe-dboeiWOt/rayo-vallecano-8bcjFy6O/#xC2jNMkf,2026-05-03 14:15,Getafe,Rayo Vallecano,0,2,2.206,1.604,2.25,1.63,7
2025-2026,https://www.oddsportal.com/football/h2h/getafe-dboeiWOt/real-madrid-W8mj7MDD/#dxR7QNRr,2025-10-19 19:00,Getafe,Real Madrid,0,1,2.055,1.692,2.1,1.75,6
2025-2026,https://www.oddsportal.com/football/h2h/getafe-dboeiWOt/real-madrid-W8mj7MDD/#lx1RyDo4,2026-03-02 21:00,Real Madrid,Getafe,0,1,2.294,1.557,2.45,1.63,7
2025-2026,https://www.oddsportal.com/football/h2h/getafe-dboeiWOt/real-oviedo-SzYzw34K/#6DwsBT95,2025-09-13 12:00,Getafe,Oviedo,2,0,2.468,1.495,2.56,1.55,6
2025-2026,https://www.oddsportal.com/football/h2h/getafe-dboeiWOt/real-oviedo-SzYzw34K/#vwErljfA,2026-05-10 16:30,Oviedo,Getafe,0,0,2.477,1.486,2.5,1.5,7
2025-2026,https://www.oddsportal.com/football/h2h/getafe-dboeiWOt/real-sociedad-jNvak2f3/#QP0KV4pJ,2026-01-09 21:00,Getafe,Real Sociedad,1,2,2.236,1.584,2.3,1.65,7
2025-2026,https://www.oddsportal.com/football/h2h/getafe-dboeiWOt/real-sociedad-jNvak2f3/#Stq8Aq6l,2026-04-22 18:00,Real Sociedad,Getafe,0,1,2.019,1.711,2.06,1.8,7
2025-2026,https://www.oddsportal.com/football/h2h/getafe-dboeiWOt/sevilla-h8oAv4Ts/#CEhnA6yP,2026-02-22 14:00,Getafe,Sevilla,0,1,2.44,1.499,2.5,1.55,7
2025-2026,https://www.oddsportal.com/football/h2h/getafe-dboeiWOt/sevilla-h8oAv4Ts/#nVoIkMsS,2025-08-25 19:30,Sevilla,Getafe,1,2,2.302,1.555,2.38,1.6,6
2025-2026,https://www.oddsportal.com/football/h2h/getafe-dboeiWOt/valencia-CQeaytrD/#0fab0Cem,2025-08-29 19:30,Valencia,Getafe,3,0,2.267,1.568,2.3,1.6,6
2025-2026,https://www.oddsportal.com/football/h2h/getafe-dboeiWOt/valencia-CQeaytrD/#pAX2BtbB,2026-01-18 14:00,Getafe,Valencia,0,1,2.409,1.514,2.5,1.55,7
2025-2026,https://www.oddsportal.com/football/h2h/getafe-dboeiWOt/villarreal-lUatW5jE/#Gllooa2d,2026-02-14 16:15,Getafe,Villarreal,2,1,2.183,1.61,2.3,1.66,7
2025-2026,https://www.oddsportal.com/football/h2h/getafe-dboeiWOt/villarreal-lUatW5jE/#nqPGl4Y7,2025-12-06 14:00,Villarreal,Getafe,2,0,2.067,1.68,2.12,1.75,7
2025-2026,https://www.oddsportal.com/football/h2h/girona-nNNpcUSL/levante-G8FL0ShI/#fHQ5zpwH,2025-09-20 12:00,Girona,Levante,0,4,1.592,2.225,1.62,2.25,6
2025-2026,https://www.oddsportal.com/football/h2h/girona-nNNpcUSL/levante-G8FL0ShI/#lGmxj36E,2026-03-07 16:15,Levante,Girona,1,1,1.644,2.123,1.7,2.25,7
2025-2026,https://www.oddsportal.com/football/h2h/girona-nNNpcUSL/mallorca-4jDQxrbf/#AP0bL0K6,2026-05-01 19:00,Girona,Mallorca,0,1,1.717,2.02,1.75,2.1,7
2025-2026,https://www.oddsportal.com/football/h2h/girona-nNNpcUSL/mallorca-4jDQxrbf/#lK5ey9Gs,2026-01-04 18:30,Mallorca,Girona,1,2,1.911,1.804,1.95,1.85,7
2025-2026,https://www.oddsportal.com/football/h2h/girona-nNNpcUSL/osasuna-ETdxjU8a/#6Lw7g8xQ,2026-01-10 18:30,Girona,Osasuna,1,0,1.881,1.85,1.91,1.91,7
2025-2026,https://www.oddsportal.com/football/h2h/girona-nNNpcUSL/osasuna-ETdxjU8a/#xhCjMRnA,2026-03-21 18:30,Osasuna,Girona,1,0,1.646,2.124,1.68,2.2,7
2025-2026,https://www.oddsportal.com/football/h2h/girona-nNNpcUSL/rayo-vallecano-8bcjFy6O/#WpWknUOM,2026-05-11 19:00,Rayo Vallecano,Girona,1,1,1.7,2.039,1.75,2.12,7
2025-2026,https://www.oddsportal.com/football/h2h/girona-nNNpcUSL/rayo-vallecano-8bcjFy6O/#pnyZcsJk,2025-08-15 17:00,Girona,Rayo Vallecano,1,3,1.857,1.883,1.91,1.91,6
2025-2026,https://www.oddsportal.com/football/h2h/girona-nNNpcUSL/real-madrid-W8mj7MDD/#KES1xaf5,2026-04-10 19:00,Real Madrid,Girona,1,1,1.477,2.491,1.52,2.63,7
2025-2026,https://www.oddsportal.com/football/h2h/girona-nNNpcUSL/real-madrid-W8mj7MDD/#KYY3zEDc,2025-11-30 21:00,Girona,Real Madrid,1,1,1.53,2.361,1.55,2.4,7
2025-2026,https://www.oddsportal.com/football/h2h/girona-nNNpcUSL/real-oviedo-SzYzw34K/#M1N7MWWO,2025-10-25 12:00,Girona,Oviedo,3,3,1.868,1.873,1.91,1.93,6
2025-2026,https://www.oddsportal.com/football/h2h/girona-nNNpcUSL/real-oviedo-SzYzw34K/#UZjsVnCb,2026-01-31 14:00,Oviedo,Girona,1,0,1.881,1.826,1.95,1.9,7
2025-2026,https://www.oddsportal.com/football/h2h/girona-nNNpcUSL/real-sociedad-jNvak2f3/#McVk3O4b,2025-12-12 21:00,Real Sociedad,Girona,1,2,1.793,1.924,1.85,2.0,7
2025-2026,https://www.oddsportal.com/football/h2h/girona-nNNpcUSL/real-sociedad-jNvak2f3/#YZgOrGZR,2026-05-14 18:00,Girona,Real Sociedad,1,1,1.624,2.153,1.67,2.25,7
2025-2026,https://www.oddsportal.com/football/h2h/girona-nNNpcUSL/sevilla-h8oAv4Ts/#ADzbdPAc,2026-02-08 16:15,Sevilla,Girona,1,1,1.809,1.91,1.87,1.95,7
2025-2026,https://www.oddsportal.com/football/h2h/girona-nNNpcUSL/sevilla-h8oAv4Ts/#hlxXqiB6,2025-08-30 17:30,Girona,Sevilla,0,2,1.843,1.897,1.91,1.93,6
2025-2026,https://www.oddsportal.com/football/h2h/girona-nNNpcUSL/valencia-CQeaytrD/#ImXB8k6c,2025-10-04 14:15,Girona,Valencia,2,1,1.74,1.99,1.8,2.05,6
2025-2026,https://www.oddsportal.com/football/h2h/girona-nNNpcUSL/valencia-CQeaytrD/#t4XJ1FNG,2026-04-25 16:30,Valencia,Girona,2,1,1.741,1.996,1.8,2.07,7
2025-2026,https://www.oddsportal.com/football/h2h/girona-nNNpcUSL/villarreal-lUatW5jE/#4SVXY4WF,2026-04-06 19:00,Girona,Villarreal,1,0,1.503,2.414,1.53,2.47,7
2025-2026,https://www.oddsportal.com/football/h2h/girona-nNNpcUSL/villarreal-lUatW5jE/#W2Nlp05k,2025-08-24 17:30,Villarreal,Girona,5,0,1.767,1.948,1.8,2.0,6
2025-2026,https://www.oddsportal.com/football/h2h/levante-G8FL0ShI/mallorca-4jDQxrbf/#K8ZA4Wel,2026-05-17 17:00,Levante,Mallorca,2,0,1.68,2.071,1.71,2.15,7
2025-2026,https://www.oddsportal.com/football/h2h/levante-G8FL0ShI/mallorca-4jDQxrbf/#tQIFkV0B,2025-10-26 14:00,Mallorca,Levante,1,1,1.795,1.93,1.84,1.98,6
2025-2026,https://www.oddsportal.com/football/h2h/levante-G8FL0ShI/osasuna-ETdxjU8a/#lpTblalg,2026-05-08 19:00,Levante,Osasuna,3,2,1.68,2.076,1.73,2.15,7
2025-2026,https://www.oddsportal.com/football/h2h/levante-G8FL0ShI/osasuna-ETdxjU8a/#viR1C7QE,2025-12-08 21:00,Osasuna,Levante,2,0,1.783,1.94,1.83,2.0,7
2025-2026,https://www.oddsportal.com/football/h2h/levante-G8FL0ShI/rayo-vallecano-8bcjFy6O/#42UFO1de,2025-10-19 16:30,Levante,Rayo Vallecano,0,3,1.725,2.02,1.75,2.05,6
2025-2026,https://www.oddsportal.com/football/h2h/levante-G8FL0ShI/rayo-vallecano-8bcjFy6O/#fyHX9ccm,2026-03-16 21:00,Rayo Vallecano,Levante,1,1,1.884,1.857,1.93,1.95,7
2025-2026,https://www.oddsportal.com/football/h2h/levante-G8FL0ShI/real-madrid-W8mj7MDD/#rZEDYrPQ,2025-09-23 19:30,Levante,Real Madrid,1,4,1.625,2.17,1.7,2.22,6
2025-2026,https://www.oddsportal.com/football/h2h/levante-G8FL0ShI/real-madrid-W8mj7MDD/#tfxnBX3S,2026-01-17 14:00,Real Madrid,Levante,2,0,1.821,1.914,1.91,2.05,7
2025-2026,https://www.oddsportal.com/football/h2h/levante-G8FL0ShI/real-oviedo-SzYzw34K/#OlnH7SXG,2026-03-21 18:30,Levante,Oviedo,4,2,1.887,1.823,1.95,1.87,7
2025-2026,https://www.oddsportal.com/football/h2h/levante-G8FL0ShI/real-oviedo-SzYzw34K/#tjp2J6KF,2025-10-04 12:00,Oviedo,Levante,0,2,1.775,1.95,1.8,2.0,6
2025-2026,https://www.oddsportal.com/football/h2h/levante-G8FL0ShI/real-sociedad-jNvak2f3/#UyEWF1l4,2025-12-20 16:15,Levante,Real Sociedad,1,1,1.763,1.957,1.8,2.0,7
2025-2026,https://www.oddsportal.com/football/h2h/levante-G8FL0ShI/real-sociedad-jNvak2f3/#dvjotMwq,2026-04-04 12:00,Real Sociedad,Levante,2,0,1.603,2.196,1.65,2.25,7
2025-2026,https://www.oddsportal.com/football/h2h/levante-G8FL0ShI/sevilla-h8oAv4Ts/#MX33Znof,2026-01-04 14:00,Sevilla,Levante,0,3,1.754,1.97,1.83,2.05,7
2025-2026,https://www.oddsportal.com/football/h2h/levante-G8FL0ShI/sevilla-h8oAv4Ts/#Yi9pIz8c,2026-04-23 17:00,Levante,Sevilla,2,0,1.847,1.887,1.91,1.93,7
2025-2026,https://www.oddsportal.com/football/h2h/levante-G8FL0ShI/valencia-CQeaytrD/#UTVX82f3,2026-02-15 18:30,Levante,Valencia,0,2,1.764,1.954,1.8,2.02,7
2025-2026,https://www.oddsportal.com/football/h2h/levante-G8FL0ShI/valencia-CQeaytrD/#jexTY0xg,2025-11-21 21:00,Valencia,Levante,1,0,1.758,1.982,1.8,2.05,6
2025-2026,https://www.oddsportal.com/football/h2h/levante-G8FL0ShI/villarreal-lUatW5jE/#MyfFjoLh,2026-02-18 20:00,Levante,Villarreal,0,1,1.73,2.006,1.8,2.12,7
2025-2026,https://www.oddsportal.com/football/h2h/levante-G8FL0ShI/villarreal-lUatW5jE/#SGaHyM4m,2026-05-02 12:00,Villarreal,Levante,5,1,1.484,2.477,1.53,2.55,7
2025-2026,https://www.oddsportal.com/football/h2h/mallorca-4jDQxrbf/osasuna-ETdxjU8a/#CtiBYirA,2025-11-29 14:00,Mallorca,Osasuna,2,2,1.933,1.784,1.96,1.83,7
2025-2026,https://www.oddsportal.com/football/h2h/mallorca-4jDQxrbf/osasuna-ETdxjU8a/#UPeplsyR,2026-03-07 14:00,Osasuna,Mallorca,2,2,1.967,1.751,2.02,1.85,7
2025-2026,https://www.oddsportal.com/football/h2h/mallorca-4jDQxrbf/rayo-vallecano-8bcjFy6O/#6TgLPLAa,2026-04-12 14:15,Mallorca,Rayo Vallecano,3,0,1.727,1.996,1.75,2.07,7
2025-2026,https://www.oddsportal.com/football/h2h/mallorca-4jDQxrbf/rayo-vallecano-8bcjFy6O/#pldSb3E5,2026-01-11 14:00,Rayo Vallecano,Mallorca,2,1,2.171,1.623,2.2,1.68,7
2025-2026,https://www.oddsportal.com/football/h2h/mallorca-4jDQxrbf/real-madrid-W8mj7MDD/#0fPtXr1S,2026-04-04 14:15,Mallorca,Real Madrid,2,1,1.599,2.216,1.63,2.3,7
2025-2026,https://www.oddsportal.com/football/h2h/mallorca-4jDQxrbf/real-madrid-W8mj7MDD/#Y7c6bjQa,2025-08-30 19:30,Real Madrid,Mallorca,2,1,2.163,1.622,2.2,1.68,6
2025-2026,https://www.oddsportal.com/football/h2h/mallorca-4jDQxrbf/real-oviedo-SzYzw34K/#lSDxFvGN,2026-05-23 19:00,Mallorca,Oviedo,3,0,2.003,1.736,2.1,1.83,7
2025-2026,https://www.oddsportal.com/football/h2h/mallorca-4jDQxrbf/real-oviedo-SzYzw34K/#zJKAAoeR,2025-12-05 21:00,Oviedo,Mallorca,0,0,1.996,1.733,2.05,1.78,7
2025-2026,https://www.oddsportal.com/football/h2h/mallorca-4jDQxrbf/real-sociedad-jNvak2f3/#UgFRu0Wg,2025-09-24 19:30,Real Sociedad,Mallorca,1,0,1.933,1.788,1.98,1.85,6
2025-2026,https://www.oddsportal.com/football/h2h/mallorca-4jDQxrbf/real-sociedad-jNvak2f3/#nkxpPZ1b,2026-02-28 18:30,Mallorca,Real Sociedad,0,1,1.84,1.901,1.91,2.0,7
2025-2026,https://www.oddsportal.com/football/h2h/mallorca-4jDQxrbf/sevilla-h8oAv4Ts/#27eSzIrK,2026-02-02 21:00,Mallorca,Sevilla,4,1,1.931,1.786,2.0,1.83,7
2025-2026,https://www.oddsportal.com/football/h2h/mallorca-4jDQxrbf/sevilla-h8oAv4Ts/#I9QjQEXa,2025-10-18 12:00,Sevilla,Mallorca,1,3,1.933,1.788,1.98,1.85,6
2025-2026,https://www.oddsportal.com/football/h2h/mallorca-4jDQxrbf/valencia-CQeaytrD/#657hGExA,2026-04-21 17:00,Mallorca,Valencia,1,1,1.774,1.944,1.8,2.02,7
2025-2026,https://www.oddsportal.com/football/h2h/mallorca-4jDQxrbf/valencia-CQeaytrD/#jBQMQI2M,2025-12-19 21:00,Valencia,Mallorca,1,1,2.027,1.706,2.05,1.75,7
2025-2026,https://www.oddsportal.com/football/h2h/mallorca-4jDQxrbf/villarreal-lUatW5jE/#AaH7nwJ5,2026-05-10 12:00,Mallorca,Villarreal,1,1,1.56,2.27,1.58,2.32,7
2025-2026,https://www.oddsportal.com/football/h2h/mallorca-4jDQxrbf/villarreal-lUatW5jE/#xCzyXv75,2025-11-22 21:00,Villarreal,Mallorca,2,1,1.87,1.852,1.95,1.95,6
2025-2026,https://www.oddsportal.com/football/h2h/osasuna-ETdxjU8a/rayo-vallecano-8bcjFy6O/#bDD0MITQ,2026-01-24 14:00,Rayo Vallecano,Osasuna,1,3,1.974,1.746,2.0,1.8,7
2025-2026,https://www.oddsportal.com/football/h2h/osasuna-ETdxjU8a/rayo-vallecano-8bcjFy6O/#vRyk97vI,2025-09-14 16:30,Osasuna,Rayo Vallecano,2,0,2.123,1.648,2.2,1.7,6
2025-2026,https://www.oddsportal.com/football/h2h/osasuna-ETdxjU8a/real-madrid-W8mj7MDD/#2wYeU9Mt,2026-02-21 18:30,Osasuna,Real Madrid,2,1,1.624,2.159,1.67,2.3,7
2025-2026,https://www.oddsportal.com/football/h2h/osasuna-ETdxjU8a/real-madrid-W8mj7MDD/#bk18CtYr,2025-08-19 19:00,Real Madrid,Osasuna,1,0,1.928,1.788,2.0,1.85,6
2025-2026,https://www.oddsportal.com/football/h2h/osasuna-ETdxjU8a/real-oviedo-SzYzw34K/#j9azgYsp,2026-01-17 18:30,Osasuna,Oviedo,3,2,2.063,1.68,2.15,1.75,7
2025-2026,https://www.oddsportal.com/football/h2h/osasuna-ETdxjU8a/real-oviedo-SzYzw34K/#rTLM0GQ9,2025-11-03 21:00,Oviedo,Osasuna,0,0,1.853,1.887,1.91,1.91,6
2025-2026,https://www.oddsportal.com/football/h2h/osasuna-ETdxjU8a/real-sociedad-jNvak2f3/#21Ku8ySa,2026-03-15 21:00,Real Sociedad,Osasuna,3,1,1.737,1.993,1.8,2.1,7
2025-2026,https://www.oddsportal.com/football/h2h/osasuna-ETdxjU8a/real-sociedad-jNvak2f3/#AyHgK1Na,2025-11-22 18:30,Osasuna,Real Sociedad,1,3,1.92,1.798,1.95,1.83,6
2025-2026,https://www.oddsportal.com/football/h2h/osasuna-ETdxjU8a/sevilla-h8oAv4Ts/#YHhyib9b,2026-04-26 16:30,Osasuna,Sevilla,2,1,1.959,1.764,2.0,1.83,7
2025-2026,https://www.oddsportal.com/football/h2h/osasuna-ETdxjU8a/sevilla-h8oAv4Ts/#jLLJ7Owf,2025-11-08 16:15,Sevilla,Osasuna,1,0,1.74,1.987,1.78,2.05,6
2025-2026,https://www.oddsportal.com/football/h2h/osasuna-ETdxjU8a/valencia-CQeaytrD/#4nURv5T9,2025-08-24 15:00,Osasuna,Valencia,1,0,1.907,1.817,1.95,1.9,6
2025-2026,https://www.oddsportal.com/football/h2h/osasuna-ETdxjU8a/valencia-CQeaytrD/#fZ3ZZjGG,2026-03-01 16:15,Valencia,Osasuna,1,0,1.881,1.839,1.95,1.9,7
2025-2026,https://www.oddsportal.com/football/h2h/osasuna-ETdxjU8a/villarreal-lUatW5jE/#YknbVe6s,2026-01-31 16:15,Osasuna,Villarreal,2,2,1.646,2.117,1.68,2.2,7
2025-2026,https://www.oddsportal.com/football/h2h/osasuna-ETdxjU8a/villarreal-lUatW5jE/#vNu5Wzxq,2025-09-20 16:30,Villarreal,Osasuna,2,1,1.92,1.807,1.95,1.85,6
2025-2026,https://www.oddsportal.com/football/h2h/rayo-vallecano-8bcjFy6O/real-madrid-W8mj7MDD/#44cxeofl,2025-11-09 16:15,Rayo Vallecano,Real Madrid,0,0,1.597,2.217,1.63,2.27,6
2025-2026,https://www.oddsportal.com/football/h2h/rayo-vallecano-8bcjFy6O/real-madrid-W8mj7MDD/#GjkkTQtB,2026-02-01 14:00,Real Madrid,Rayo Vallecano,2,1,1.717,2.016,1.77,2.05,7
2025-2026,https://www.oddsportal.com/football/h2h/rayo-vallecano-8bcjFy6O/real-oviedo-SzYzw34K/#Oj96hsAM,2026-03-04 19:00,Rayo Vallecano,Oviedo,3,0,2.04,1.696,2.1,1.75,7
2025-2026,https://www.oddsportal.com/football/h2h/rayo-vallecano-8bcjFy6O/real-oviedo-SzYzw34K/#rkF1IuhC,2025-11-23 14:00,Oviedo,Rayo Vallecano,0,0,1.915,1.813,1.95,1.83,6
2025-2026,https://www.oddsportal.com/football/h2h/rayo-vallecano-8bcjFy6O/real-sociedad-jNvak2f3/#Yc29HpkS,2025-10-05 16:30,Real Sociedad,Rayo Vallecano,0,1,1.727,2.013,1.76,2.05,6
2025-2026,https://www.oddsportal.com/football/h2h/rayo-vallecano-8bcjFy6O/real-sociedad-jNvak2f3/#fXtpkxvB,2026-04-26 12:00,Rayo Vallecano,Real Sociedad,3,3,1.546,2.31,1.57,2.4,7
2025-2026,https://www.oddsportal.com/football/h2h/rayo-vallecano-8bcjFy6O/sevilla-h8oAv4Ts/#QesGrLbl,2026-03-08 18:30,Sevilla,Rayo Vallecano,1,1,1.899,1.817,1.95,1.9,7
2025-2026,https://www.oddsportal.com/football/h2h/rayo-vallecano-8bcjFy6O/sevilla-h8oAv4Ts/#vPY9hwGa,2025-09-28 12:00,Rayo Vallecano,Sevilla,0,1,1.792,1.933,1.83,2.0,6
2025-2026,https://www.oddsportal.com/football/h2h/rayo-vallecano-8bcjFy6O/valencia-CQeaytrD/#YeuKWVCM,2025-12-01 21:00,Rayo Vallecano,Valencia,1,1,1.91,1.807,1.95,1.85,7
2025-2026,https://www.oddsportal.com/football/h2h/rayo-vallecano-8bcjFy6O/valencia-CQeaytrD/#hvRlayK8,2026-05-14 17:00,Valencia,Rayo Vallecano,1,1,1.92,1.8,2.0,1.9,7
2025-2026,https://www.oddsportal.com/football/h2h/rayo-vallecano-8bcjFy6O/villarreal-lUatW5jE/#hMXI2AQ0,2026-05-17 17:00,Rayo Vallecano,Villarreal,2,0,1.593,2.21,1.62,2.25,7
2025-2026,https://www.oddsportal.com/football/h2h/rayo-vallecano-8bcjFy6O/villarreal-lUatW5jE/#lSmfr8Ar,2025-11-01 14:00,Villarreal,Rayo Vallecano,4,0,1.592,2.213,1.62,2.25,6
2025-2026,https://www.oddsportal.com/football/h2h/real-madrid-W8mj7MDD/real-oviedo-SzYzw34K/#Q1IzwqbM,2025-08-24 19:30,Oviedo,Real Madrid,0,3,2.183,1.612,2.25,1.65,6
2025-2026,https://www.oddsportal.com/football/h2h/real-madrid-W8mj7MDD/real-oviedo-SzYzw34K/#r95TigCr,2026-05-14 19:30,Real Madrid,Oviedo,2,0,1.817,1.897,1.9,1.95,7
2025-2026,https://www.oddsportal.com/football/h2h/real-madrid-W8mj7MDD/real-sociedad-jNvak2f3/#2sUu7tPF,2026-02-14 21:00,Real Madrid,Real Sociedad,4,1,1.776,1.943,1.85,2.05,7
2025-2026,https://www.oddsportal.com/football/h2h/real-madrid-W8mj7MDD/real-sociedad-jNvak2f3/#KbCNN6gB,2025-09-13 14:15,Real Sociedad,Real Madrid,1,2,1.658,2.105,1.7,2.2,6
2025-2026,https://www.oddsportal.com/football/h2h/real-madrid-W8mj7MDD/sevilla-h8oAv4Ts/#ji2uEuJG,2025-12-20 21:00,Real Madrid,Sevilla,2,0,1.894,1.816,1.98,1.88,7
2025-2026,https://www.oddsportal.com/football/h2h/real-madrid-W8mj7MDD/sevilla-h8oAv4Ts/#ttZg4N15,2026-05-17 17:00,Sevilla,Real Madrid,0,1,1.547,2.301,1.58,2.4,7
2025-2026,https://www.oddsportal.com/football/h2h/real-madrid-W8mj7MDD/valencia-CQeaytrD/#GQ5bf3uA,2026-02-08 21:00,Valencia,Real Madrid,0,2,1.663,2.096,1.7,2.2,7
2025-2026,https://www.oddsportal.com/football/h2h/real-madrid-W8mj7MDD/valencia-CQeaytrD/#jupdpetT,2025-11-01 21:00,Real Madrid,Valencia,4,0,1.923,1.805,1.98,1.95,6
2025-2026,https://www.oddsportal.com/football/h2h/real-madrid-W8mj7MDD/villarreal-lUatW5jE/#QDzK6TzA,2025-10-04 19:00,Real Madrid,Villarreal,3,1,1.588,2.235,1.62,2.26,6
2025-2026,https://www.oddsportal.com/football/h2h/real-madrid-W8mj7MDD/villarreal-lUatW5jE/#fqaWGdil,2026-01-24 21:00,Villarreal,Real Madrid,0,2,1.401,2.744,1.43,2.86,7
2025-2026,https://www.oddsportal.com/football/h2h/real-oviedo-SzYzw34K/real-sociedad-jNvak2f3/#E3QurVuJ,2025-08-30 17:00,Oviedo,Real Sociedad,1,0,1.923,1.798,1.95,1.83,6
2025-2026,https://www.oddsportal.com/football/h2h/real-oviedo-SzYzw34K/real-sociedad-jNvak2f3/#WIPCQRL5,2026-02-21 14:00,Real Sociedad,Oviedo,3,3,1.976,1.754,2.06,1.83,7
2025-2026,https://www.oddsportal.com/football/h2h/real-oviedo-SzYzw34K/sevilla-h8oAv4Ts/#GKUBRMOk,2026-04-05 16:30,Oviedo,Sevilla,1,0,1.984,1.736,2.02,1.78,7
2025-2026,https://www.oddsportal.com/football/h2h/real-oviedo-SzYzw34K/sevilla-h8oAv4Ts/#UNYc12ZA,2025-12-14 14:00,Sevilla,Oviedo,4,0,1.976,1.749,2.0,1.8,7
2025-2026,https://www.oddsportal.com/football/h2h/real-oviedo-SzYzw34K/valencia-CQeaytrD/#CAAphULG,2025-09-30 18:00,Valencia,Oviedo,1,2,2.11,1.658,2.16,1.73,6
2025-2026,https://www.oddsportal.com/football/h2h/real-oviedo-SzYzw34K/valencia-CQeaytrD/#Gpdbebrf,2026-03-14 18:30,Oviedo,Valencia,1,0,1.864,1.861,1.91,1.91,7
2025-2026,https://www.oddsportal.com/football/h2h/real-oviedo-SzYzw34K/villarreal-lUatW5jE/#06PQc6Mr,2026-04-23 19:30,Oviedo,Villarreal,1,1,1.731,1.996,1.78,2.1,7
2025-2026,https://www.oddsportal.com/football/h2h/real-oviedo-SzYzw34K/villarreal-lUatW5jE/#SUhP8bX7,2025-08-15 19:30,Villarreal,Oviedo,2,0,2.047,1.698,2.1,1.75,6
2025-2026,https://www.oddsportal.com/football/h2h/real-sociedad-jNvak2f3/sevilla-h8oAv4Ts/#QFmItzIt,2025-10-24 19:00,Real Sociedad,Sevilla,2,1,1.757,1.97,1.8,2.05,6
2025-2026,https://www.oddsportal.com/football/h2h/real-sociedad-jNvak2f3/sevilla-h8oAv4Ts/#zs3PZaZa,2026-05-04 19:00,Sevilla,Real Sociedad,1,0,1.831,1.91,1.91,1.95,7
2025-2026,https://www.oddsportal.com/football/h2h/real-sociedad-jNvak2f3/valencia-CQeaytrD/#K4kHAK2e,2025-08-16 19:30,Valencia,Real Sociedad,1,1,2.03,1.708,2.06,1.75,6
2025-2026,https://www.oddsportal.com/football/h2h/real-sociedad-jNvak2f3/valencia-CQeaytrD/#llRR0leD,2026-05-17 17:00,Real Sociedad,Valencia,3,4,1.669,2.083,1.7,2.15,7
2025-2026,https://www.oddsportal.com/football/h2h/real-sociedad-jNvak2f3/villarreal-lUatW5jE/#4vWkR9zp,2025-11-30 14:00,Real Sociedad,Villarreal,2,3,1.653,2.113,1.7,2.2,7
2025-2026,https://www.oddsportal.com/football/h2h/real-sociedad-jNvak2f3/villarreal-lUatW5jE/#pIFbK5HM,2026-03-20 21:00,Villarreal,Real Sociedad,3,1,1.619,2.157,1.67,2.25,7
2025-2026,https://www.oddsportal.com/football/h2h/sevilla-h8oAv4Ts/valencia-CQeaytrD/#WEkP562T,2026-03-21 21:00,Sevilla,Valencia,0,2,1.974,1.751,2.0,1.8,7
2025-2026,https://www.oddsportal.com/football/h2h/sevilla-h8oAv4Ts/valencia-CQeaytrD/#Wl6t5PIl,2025-12-07 16:15,Valencia,Sevilla,1,1,1.919,1.804,1.95,1.85,7
2025-2026,https://www.oddsportal.com/football/h2h/sevilla-h8oAv4Ts/villarreal-lUatW5jE/#2JepTMnl,2025-09-23 19:30,Sevilla,Villarreal,1,2,1.742,1.99,1.8,2.05,6
2025-2026,https://www.oddsportal.com/football/h2h/sevilla-h8oAv4Ts/villarreal-lUatW5jE/#nwKccFlL,2026-05-13 17:00,Villarreal,Sevilla,2,3,1.653,2.119,1.7,2.2,7
2025-2026,https://www.oddsportal.com/football/h2h/valencia-CQeaytrD/villarreal-lUatW5jE/#OhM4Smig,2026-02-22 21:00,Villarreal,Valencia,2,1,1.776,1.95,1.85,2.05,7
2025-2026,https://www.oddsportal.com/football/h2h/valencia-CQeaytrD/villarreal-lUatW5jE/#bs1PvEng,2025-10-25 19:00,Valencia,Villarreal,0,2,1.675,2.087,1.7,2.15,6
current,https://www.oddsportal.com/football/h2h/alaves-hxt57t2q/ath-bilbao-IP5zl0cJ/#nJYlbtAr,2026-09-19 14:15,Ath Bilbao,Alaves,0,0,2.01,1.719,2.05,1.75,7
current,https://www.oddsportal.com/football/h2h/alaves-hxt57t2q/getafe-dboeiWOt/#E75kfwuq,2026-08-15 17:30,Alaves,Getafe,3,0,2.554,1.461,2.63,1.5,7
current,https://www.oddsportal.com/football/h2h/alaves-hxt57t2q/osasuna-ETdxjU8a/#6qH1XIlS,2026-09-06 16:30,Alaves,Osasuna,5,2,2.027,1.711,2.05,1.75,7
current,https://www.oddsportal.com/football/h2h/alaves-hxt57t2q/racing-santander-nVpEwOrl/#zw4RhQG5,2026-09-12 12:00,Racing Santander,Alaves,2,1,1.544,2.319,1.57,2.4,7
current,https://www.oddsportal.com/football/h2h/alaves-hxt57t2q/rayo-vallecano-8bcjFy6O/#Q7vRBpMi,2026-08-20 19:00,Rayo Vallecano,Alaves,1,1,1.954,1.767,2.05,1.8,7
current,https://www.oddsportal.com/football/h2h/alaves-hxt57t2q/valencia-CQeaytrD/#Q9s7530B,2026-09-15 18:00,Alaves,Valencia,0,1,1.964,1.757,2.0,1.85,7
current,https://www.oddsportal.com/football/h2h/alaves-hxt57t2q/villarreal-lUatW5jE/#6ots82LG,2026-08-28 19:30,Alaves,Villarreal,1,0,1.619,2.176,1.67,2.3,7
current,https://www.oddsportal.com/football/h2h/ath-bilbao-IP5zl0cJ/atl-madrid-jaarqpLQ/#xS7XRdCk,2026-09-05 14:15,Ath Bilbao,Atl. Madrid,3,0,1.66,2.091,1.7,2.15,7
current,https://www.oddsportal.com/football/h2h/ath-bilbao-IP5zl0cJ/barcelona-SKbpVP5K/#0Atuqenl,2026-08-27 19:00,Barcelona,Ath Bilbao,2,0,1.709,2.029,1.76,2.15,7
current,https://www.oddsportal.com/football/h2h/ath-bilbao-IP5zl0cJ/celta-vigo-8pvUZFhf/#h2vk6tjT,2026-08-30 19:30,Celta Vigo,Ath Bilbao,0,2,1.899,1.819,1.95,1.87,7
current,https://www.oddsportal.com/football/h2h/ath-bilbao-IP5zl0cJ/elche-4jl02tPF/#QPLotmXa,2026-09-12 16:30,Ath Bilbao,Elche,1,1,1.866,1.847,1.95,1.9,7
current,https://www.oddsportal.com/football/h2h/ath-bilbao-IP5zl0cJ/sevilla-h8oAv4Ts/#pzUKeYVg,2026-08-22 15:00,Ath Bilbao,Sevilla,1,3,2.021,1.716,2.1,1.75,7
current,https://www.oddsportal.com/football/h2h/atl-madrid-jaarqpLQ/malaga-25tIqYiJ/#MX8chH9e,2026-08-19 19:00,Atl. Madrid,Malaga,2,0,1.8,1.919,1.9,2.05,7
current,https://www.oddsportal.com/football/h2h/atl-madrid-jaarqpLQ/osasuna-ETdxjU8a/#YZpF3sVN,2026-09-16 17:00,Atl. Madrid,Osasuna,4,0,1.976,1.741,2.05,1.78,7
current,https://www.oddsportal.com/football/h2h/atl-madrid-jaarqpLQ/real-madrid-W8mj7MDD/#hGycdKve,2026-09-20 14:15,Atl. Madrid,Real Madrid,2,1,1.457,2.564,1.5,2.7,7
current,https://www.oddsportal.com/football/h2h/atl-madrid-jaarqpLQ/real-sociedad-jNvak2f3/#GG5skrGU,2026-09-13 19:00,Real Sociedad,Atl. Madrid,0,3,1.573,2.259,1.62,2.35,7
current,https://www.oddsportal.com/football/h2h/atl-madrid-jaarqpLQ/sevilla-h8oAv4Ts/#KSIgZvKF,2026-08-29 19:30,Sevilla,Atl. Madrid,1,3,1.866,1.847,1.95,1.93,7
current,https://www.oddsportal.com/football/h2h/atl-madrid-jaarqpLQ/villarreal-lUatW5jE/#ImSSgC06,2026-08-23 15:00,Atl. Madrid,Villarreal,2,2,1.587,2.217,1.65,2.25,7
current,https://www.oddsportal.com/football/h2h/barcelona-SKbpVP5K/elche-4jl02tPF/#Gfdoa7xn,2026-08-23 19:30,Elche,Barcelona,0,5,1.746,1.98,1.8,2.05,7
current,https://www.oddsportal.com/football/h2h/barcelona-SKbpVP5K/levante-G8FL0ShI/#fa2Bd8Ht,2026-09-13 14:15,Levante,Barcelona,2,4,1.613,2.184,1.73,2.32,7
current,https://www.oddsportal.com/football/h2h/barcelona-SKbpVP5K/racing-santander-nVpEwOrl/#bDWq2kBG,2026-09-16 19:30,Barcelona,Racing Santander,7,2,1.713,2.03,1.8,2.25,7
current,https://www.oddsportal.com/football/h2h/barcelona-SKbpVP5K/rayo-vallecano-8bcjFy6O/#GvI6ON5c,2026-08-31 19:30,Barcelona,Rayo Vallecano,5,2,1.879,1.836,2.02,1.95,7
current,https://www.oddsportal.com/football/h2h/barcelona-SKbpVP5K/sevilla-h8oAv4Ts/#xOXq7ygD,2026-09-19 19:00,Sevilla,Barcelona,1,3,1.533,2.351,1.57,2.4,7
current,https://www.oddsportal.com/football/h2h/barcelona-SKbpVP5K/valencia-CQeaytrD/#MFH8mVvQ,2026-09-06 14:15,Valencia,Barcelona,0,5,1.743,1.983,1.8,2.08,7
current,https://www.oddsportal.com/football/h2h/betis-vJbTeCGP/dep-a-coruna-Q51ZzMS6/#hzSjI11E,2026-09-20 16:30,Dep. A Coruna,Betis,1,1,1.667,2.106,1.75,2.2,7
current,https://www.oddsportal.com/football/h2h/betis-vJbTeCGP/getafe-dboeiWOt/#l0jpbLho,2026-09-17 17:00,Betis,Getafe,1,0,2.053,1.69,2.1,1.78,7
current,https://www.oddsportal.com/football/h2h/betis-vJbTeCGP/levante-G8FL0ShI/#O4LEM1zA,2026-08-29 15:00,Levante,Betis,5,2,1.653,2.111,1.7,2.2,7
current,https://www.oddsportal.com/football/h2h/betis-vJbTeCGP/real-madrid-W8mj7MDD/#Au6uQzs2,2026-09-04 19:00,Betis,Real Madrid,1,0,1.499,2.449,1.53,2.54,7
current,https://www.oddsportal.com/football/h2h/betis-vJbTeCGP/real-sociedad-jNvak2f3/#jFuzhjVI,2026-08-21 19:00,Betis,Real Sociedad,1,0,1.64,2.14,1.73,2.2,7
current,https://www.oddsportal.com/football/h2h/betis-vJbTeCGP/valencia-CQeaytrD/#xAQCcf1s,2026-08-25 19:00,Valencia,Betis,0,1,1.86,1.877,1.93,1.91,7
current,https://www.oddsportal.com/football/h2h/betis-vJbTeCGP/villarreal-lUatW5jE/#hdqa7PVb,2026-09-14 19:00,Villarreal,Betis,1,2,1.387,2.793,1.42,2.9,7
current,https://www.oddsportal.com/football/h2h/celta-vigo-8pvUZFhf/getafe-dboeiWOt/#EVN6T9mf,2026-09-07 17:00,Getafe,Celta Vigo,1,1,2.473,1.49,2.63,1.53,7
current,https://www.oddsportal.com/football/h2h/celta-vigo-8pvUZFhf/malaga-25tIqYiJ/#bwKgvR1C,2026-09-13 12:00,Celta Vigo,Malaga,1,1,1.951,1.766,2.0,1.83,7
current,https://www.oddsportal.com/football/h2h/celta-vigo-8pvUZFhf/osasuna-ETdxjU8a/#fo75jev8,2026-08-27 18:30,Celta Vigo,Osasuna,1,2,2.033,1.7,2.05,1.75,7
current,https://www.oddsportal.com/football/h2h/celta-vigo-8pvUZFhf/racing-santander-nVpEwOrl/#QTZ4fb97,2026-09-19 16:30,Celta Vigo,Racing Santander,5,0,1.64,2.146,1.67,2.25,7
current,https://www.oddsportal.com/football/h2h/celta-vigo-8pvUZFhf/real-sociedad-jNvak2f3/#GzrJ32nL,2026-09-03 19:00,Real Sociedad,Celta Vigo,0,0,1.679,2.074,1.71,2.2,7
current,https://www.oddsportal.com/football/h2h/celta-vigo-8pvUZFhf/valencia-CQeaytrD/#YXsZ9Oj4,2026-08-22 17:30,Valencia,Celta Vigo,0,0,1.926,1.791,2.0,1.84,7
current,https://www.oddsportal.com/football/h2h/dep-a-coruna-Q51ZzMS6/elche-4jl02tPF/#dEi1jwfE,2026-08-17 19:00,Dep. A Coruna,Elche,1,1,1.91,1.804,1.95,1.85,7
current,https://www.oddsportal.com/football/h2h/dep-a-coruna-Q51ZzMS6/getafe-dboeiWOt/#63N1x5WO,2026-09-13 16:30,Getafe,Dep. A Coruna,1,1,2.066,1.683,2.14,1.73,7
current,https://www.oddsportal.com/football/h2h/dep-a-coruna-Q51ZzMS6/malaga-25tIqYiJ/#2V09g36N,2026-08-24 19:30,Malaga,Dep. A Coruna,1,1,1.9,1.82,2.0,1.9,7
current,https://www.oddsportal.com/football/h2h/dep-a-coruna-Q51ZzMS6/sevilla-h8oAv4Ts/#rNPT5XBi,2026-09-16 17:00,Dep. A Coruna,Sevilla,0,1,1.834,1.896,1.91,2.0,7
current,https://www.oddsportal.com/football/h2h/dep-a-coruna-Q51ZzMS6/valencia-CQeaytrD/#OpVK0KDj,2026-08-30 17:30,Dep. A Coruna,Valencia,3,1,1.937,1.78,2.0,1.88,7
current,https://www.oddsportal.com/football/h2h/dep-a-coruna-Q51ZzMS6/villarreal-lUatW5jE/#IaIwr92m,2026-09-05 19:00,Villarreal,Dep. A Coruna,2,3,1.767,1.957,1.8,2.02,7
current,https://www.oddsportal.com/football/h2h/elche-4jl02tPF/espanyol-QFfPdh1J/#00VbGuWQ,2026-09-18 19:00,Espanyol,Elche,1,3,1.663,2.084,1.7,2.2,7
current,https://www.oddsportal.com/football/h2h/elche-4jl02tPF/racing-santander-nVpEwOrl/#CrPiFJSq,2026-08-28 17:00,Racing Santander,Elche,3,2,1.599,2.219,1.62,2.26,7
current,https://www.oddsportal.com/football/h2h/elche-4jl02tPF/real-madrid-W8mj7MDD/#jmTy4Bt4,2026-09-15 19:30,Elche,Real Madrid,2,3,1.754,1.963,1.8,2.02,7
current,https://www.oddsportal.com/football/h2h/elche-4jl02tPF/real-sociedad-jNvak2f3/#xnbRmvZ8,2026-09-07 19:30,Elche,Real Sociedad,2,3,1.587,2.234,1.62,2.3,7
current,https://www.oddsportal.com/football/h2h/espanyol-QFfPdh1J/levante-G8FL0ShI/#4ve9lHOQ,2026-08-16 17:00,Espanyol,Levante,3,0,1.869,1.849,1.95,1.95,7
current,https://www.oddsportal.com/football/h2h/espanyol-QFfPdh1J/osasuna-ETdxjU8a/#SC0Jfnng,2026-09-12 14:15,Osasuna,Espanyol,0,2,1.8,1.919,1.83,1.95,7
current,https://www.oddsportal.com/football/h2h/espanyol-QFfPdh1J/rayo-vallecano-8bcjFy6O/#rNqB5OH8,2026-09-15 17:00,Rayo Vallecano,Espanyol,2,1,1.773,1.943,1.8,1.98,7
current,https://www.oddsportal.com/football/h2h/espanyol-QFfPdh1J/real-madrid-W8mj7MDD/#l8fgco7b,2026-08-22 19:30,Espanyol,Real Madrid,1,2,1.75,1.98,1.83,2.05,7
current,https://www.oddsportal.com/football/h2h/espanyol-QFfPdh1J/real-sociedad-jNvak2f3/#nFKoy1k3,2026-08-29 17:00,Real Sociedad,Espanyol,2,1,1.64,2.134,1.67,2.2,7
current,https://www.oddsportal.com/football/h2h/espanyol-QFfPdh1J/sevilla-h8oAv4Ts/#tIPbVVIs,2026-09-06 19:00,Espanyol,Sevilla,1,1,1.883,1.837,1.95,1.9,7
current,https://www.oddsportal.com/football/h2h/getafe-dboeiWOt/malaga-25tIqYiJ/#dWGUAJgl,2026-09-20 12:00,Getafe,Malaga,1,0,2.103,1.657,2.15,1.68,7
current,https://www.oddsportal.com/football/h2h/getafe-dboeiWOt/osasuna-ETdxjU8a/#GCwMKu5M,2026-08-31 17:30,Osasuna,Getafe,1,0,2.41,1.513,2.5,1.55,7
current,https://www.oddsportal.com/football/h2h/getafe-dboeiWOt/racing-santander-nVpEwOrl/#dYc1ePyB,2026-08-23 17:30,Getafe,Racing Santander,1,0,1.9,1.834,2.0,1.91,7
current,https://www.oddsportal.com/football/h2h/levante-G8FL0ShI/malaga-25tIqYiJ/#MeRERmI6,2026-09-06 16:30,Malaga,Levante,0,0,1.641,2.136,1.68,2.25,7
current,https://www.oddsportal.com/football/h2h/levante-G8FL0ShI/osasuna-ETdxjU8a/#b1nulsUp,2026-08-24 17:30,Osasuna,Levante,0,0,1.953,1.774,2.05,1.82,7
current,https://www.oddsportal.com/football/h2h/levante-G8FL0ShI/villarreal-lUatW5jE/#00B1PI8s,2026-09-20 16:30,Villarreal,Levante,3,1,1.591,2.229,1.63,2.3,7
current,https://www.oddsportal.com/football/h2h/malaga-25tIqYiJ/real-madrid-W8mj7MDD/#K8SaDccd,2026-08-30 15:00,Real Madrid,Malaga,4,0,1.971,1.756,2.08,1.83,7
current,https://www.oddsportal.com/football/h2h/malaga-25tIqYiJ/villarreal-lUatW5jE/#GGiPsLP1,2026-09-17 19:30,Malaga,Villarreal,1,3,1.551,2.286,1.57,2.35,7
current,https://www.oddsportal.com/football/h2h/osasuna-ETdxjU8a/rayo-vallecano-8bcjFy6O/#UcUy9cO0,2026-09-19 12:00,Osasuna,Rayo Vallecano,1,1,1.779,1.94,1.8,2.0,7
current,https://www.oddsportal.com/football/h2h/racing-santander-nVpEwOrl/rayo-vallecano-8bcjFy6O/#ULUMPRnJ,2026-09-05 16:30,Rayo Vallecano,Racing Santander,3,2,1.539,2.346,1.58,2.45,7
current,https://www.oddsportal.com/football/h2h/racing-santander-nVpEwOrl/villarreal-lUatW5jE/#8zpmsZG0,2026-08-16 15:00,Racing Santander,Villarreal,2,2,1.469,2.523,1.5,2.6,7
current,https://www.oddsportal.com/football/h2h/rayo-vallecano-8bcjFy6O/real-madrid-W8mj7MDD/#r37Zj4oI,2026-09-12 19:00,Real Madrid,Rayo Vallecano,4,1,1.829,1.887,2.0,1.95,7
current,https://www.oddsportal.com/football/h2h/rayo-vallecano-8bcjFy6O/sevilla-h8oAv4Ts/#6RZt3GwK,2026-08-15 19:30,Sevilla,Rayo Vallecano,2,1,2.049,1.697,2.1,1.78,7
current,https://www.oddsportal.com/football/h2h/real-madrid-W8mj7MDD/real-sociedad-jNvak2f3/#EXneuDoD,2026-08-26 19:00,Real Madrid,Real Sociedad,4,1,1.77,1.954,1.8,2.1,7
current,https://www.oddsportal.com/football/h2h/real-sociedad-jNvak2f3/valencia-CQeaytrD/#UHKVUvoK,2026-09-20 19:00,Valencia,Real Sociedad,2,3,1.711,2.031,1.75,2.15,7
current,https://www.oddsportal.com/football/h2h/sevilla-h8oAv4Ts/valencia-CQeaytrD/#pWui9o1n,2026-09-11 19:00,Sevilla,Valencia,1,0,1.991,1.739,2.04,1.78,7
2024-2025,https://www.oddsportal.com/football/h2h/barcelona-SKbpVP5K/celta-vigo-8pvUZFhf/#4r4DR3x1,2025-04-19 14:15,Barcelona,Celta Vigo,4,3,1.592,2.255,1.62,2.35,6
2025-2026,https://www.oddsportal.com/football/h2h/atl-madrid-jaarqpLQ/villarreal-lUatW5jE/#hAD7dUfC,2025-09-13 19:00,Atl. Madrid,Villarreal,2,0,1.717,2.035,1.8,2.15,6
