season,match_link,date,home_team,away_team,home_goals,away_goals,btts_yes,btts_no,btts_yes_max,btts_no_max,books
2024-2025,https://www.oddsportal.com/football/h2h/angers-SAlF91iL/auxerre-MTLr36WA/#pMmu24YI,2024-11-24 17:00,Auxerre,Angers,1,0,1.722,2.043,1.76,2.1,6
2024-2025,https://www.oddsportal.com/football/h2h/angers-SAlF91iL/auxerre-MTLr36WA/#riCiOT1k,2025-01-19 17:15,Angers,Auxerre,2,0,1.785,1.962,1.86,2.05,6
2024-2025,https://www.oddsportal.com/football/h2h/angers-SAlF91iL/brest-Cr4VGaUl/#AVmplWw2,2025-03-09 15:00,Brest,Angers,2,0,1.92,1.827,2.0,1.88,6
2024-2025,https://www.oddsportal.com/football/h2h/angers-SAlF91iL/brest-Cr4VGaUl/#YeeTFQcf,2025-01-05 15:00,Angers,Brest,2,0,1.942,1.808,2.0,1.9,6
2024-2025,https://www.oddsportal.com/football/h2h/angers-SAlF91iL/le-havre-CIEe04GT/#Awj6G3mC,2024-12-01 17:00,Le Havre,Angers,0,1,1.913,1.833,2.0,1.93,6
2024-2025,https://www.oddsportal.com/football/h2h/angers-SAlF91iL/le-havre-CIEe04GT/#YiZaoF5U,2025-02-02 17:15,Angers,Le Havre,1,1,2.062,1.7,2.12,1.78,6
2024-2025,https://www.oddsportal.com/football/h2h/angers-SAlF91iL/lens-IBmris38/#2NocJFqd,2024-08-18 15:00,Angers,Lens,0,1,2.048,1.716,2.12,1.78,5
2024-2025,https://www.oddsportal.com/football/h2h/angers-SAlF91iL/lens-IBmris38/#MFAgvthm,2025-01-26 17:15,Lens,Angers,1,0,1.905,1.837,1.98,1.95,6
2024-2025,https://www.oddsportal.com/football/h2h/angers-SAlF91iL/lille-pfDZL71o/#CKcVGr7E,2024-08-24 17:00,Lille,Angers,2,0,2.354,1.562,2.5,1.65,5
2024-2025,https://www.oddsportal.com/football/h2h/angers-SAlF91iL/lille-pfDZL71o/#MRzf3H1d,2025-04-27 13:00,Angers,Lille,0,2,2.025,1.737,2.12,1.83,6
2024-2025,https://www.oddsportal.com/football/h2h/angers-SAlF91iL/lyon-2akflumR/#CWNVuKGN,2024-12-07 21:00,Angers,Lyon,0,3,1.615,2.22,1.66,2.3,6
2024-2025,https://www.oddsportal.com/football/h2h/angers-SAlF91iL/lyon-2akflumR/#fsvIKg05,2025-05-17 19:00,Lyon,Angers,2,0,1.707,2.058,1.74,2.1,6
2024-2025,https://www.oddsportal.com/football/h2h/angers-SAlF91iL/marseille-SblU3Hee/#be4SUYJc,2025-02-09 20:45,Angers,Marseille,0,2,1.758,1.995,1.8,2.1,6
2024-2025,https://www.oddsportal.com/football/h2h/angers-SAlF91iL/marseille-SblU3Hee/#xYNVFHvB,2024-10-04 18:45,Marseille,Angers,1,1,1.97,1.778,2.02,1.8,5
2024-2025,https://www.oddsportal.com/football/h2h/angers-SAlF91iL/monaco-2PIvr8o4/#0ljCkFRb,2024-11-01 19:00,Monaco,Angers,0,1,1.763,1.99,1.83,2.02,6
2024-2025,https://www.oddsportal.com/football/h2h/angers-SAlF91iL/monaco-2PIvr8o4/#KtoTIsqg,2025-03-15 19:00,Angers,Monaco,0,2,1.718,2.047,1.75,2.1,6
2024-2025,https://www.oddsportal.com/football/h2h/angers-SAlF91iL/montpellier-Eyf00syR/#AFmd4ZAG,2025-01-12 17:15,Montpellier,Angers,1,3,1.773,1.983,1.84,2.05,6
2024-2025,https://www.oddsportal.com/football/h2h/angers-SAlF91iL/montpellier-Eyf00syR/#M5sFohzf,2025-04-13 15:15,Angers,Montpellier,2,0,1.797,1.957,1.88,2.05,6
2024-2025,https://www.oddsportal.com/football/h2h/angers-SAlF91iL/nantes-veuetnGG/#6HPisxHl,2024-09-22 15:00,Angers,Nantes,1,1,1.94,1.814,2.0,1.85,5
2024-2025,https://www.oddsportal.com/football/h2h/angers-SAlF91iL/nantes-veuetnGG/#xIPAUg0e,2025-05-04 13:00,Nantes,Angers,0,1,1.908,1.837,1.98,1.93,6
2024-2025,https://www.oddsportal.com/football/h2h/angers-SAlF91iL/nice-YagoQJpq/#GS2l0ikm,2025-04-20 15:15,Nice,Angers,2,1,1.972,1.775,2.0,1.85,6
2024-2025,https://www.oddsportal.com/football/h2h/angers-SAlF91iL/nice-YagoQJpq/#SU02594U,2024-09-01 15:00,Angers,Nice,1,4,2.03,1.736,2.1,1.78,5
2024-2025,https://www.oddsportal.com/football/h2h/angers-SAlF91iL/psg-CjhkPw0k/#GWbYxOiM,2025-04-05 15:00,PSG,Angers,1,0,1.857,1.908,1.96,1.95,6
2024-2025,https://www.oddsportal.com/football/h2h/angers-SAlF91iL/psg-CjhkPw0k/#dYK8BH5F,2024-11-09 21:00,Angers,PSG,2,4,1.895,1.848,1.95,1.93,6
2024-2025,https://www.oddsportal.com/football/h2h/angers-SAlF91iL/reims-tItR6sEf/#YgnbLLn1,2025-02-16 17:15,Reims,Angers,0,1,1.982,1.763,2.05,1.88,6
2024-2025,https://www.oddsportal.com/football/h2h/angers-SAlF91iL/reims-tItR6sEf/#p4Um50Qh,2024-09-29 15:00,Angers,Reims,1,3,1.862,1.904,1.91,1.93,5
2024-2025,https://www.oddsportal.com/football/h2h/angers-SAlF91iL/rennes-d2nnj1IE/#hfqyHLD5,2025-03-30 15:15,Angers,Rennes,0,3,1.82,1.95,1.91,2.05,6
2024-2025,https://www.oddsportal.com/football/h2h/angers-SAlF91iL/rennes-d2nnj1IE/#vaJpzkp2,2024-12-15 17:00,Rennes,Angers,2,0,1.985,1.767,2.06,1.85,6
2024-2025,https://www.oddsportal.com/football/h2h/angers-SAlF91iL/st-etienne-YL2QybFe/#Es1dYSsm,2025-02-22 19:00,St Etienne,Angers,3,3,1.693,2.078,1.74,2.1,6
2024-2025,https://www.oddsportal.com/football/h2h/angers-SAlF91iL/st-etienne-YL2QybFe/#p0vxl2jf,2024-10-26 15:00,Angers,St Etienne,4,2,1.722,2.043,1.78,2.1,6
2024-2025,https://www.oddsportal.com/football/h2h/angers-SAlF91iL/strasbourg-nP6UzIU1/#E3tkRPQj,2024-09-15 15:00,Strasbourg,Angers,1,1,1.89,1.862,1.95,1.95,5
2024-2025,https://www.oddsportal.com/football/h2h/angers-SAlF91iL/strasbourg-nP6UzIU1/#p44guBED,2025-05-10 19:00,Angers,Strasbourg,2,1,1.727,2.038,1.76,2.1,6
2024-2025,https://www.oddsportal.com/football/h2h/angers-SAlF91iL/toulouse-MLmY2yB1/#I1f2wFPq,2025-03-02 17:15,Angers,Toulouse,0,4,1.99,1.767,2.06,1.85,6
2024-2025,https://www.oddsportal.com/football/h2h/angers-SAlF91iL/toulouse-MLmY2yB1/#vPIEF8pS,2024-10-20 15:00,Toulouse,Angers,1,1,2.028,1.733,2.1,1.88,6
2024-2025,https://www.oddsportal.com/football/h2h/auxerre-MTLr36WA/brest-Cr4VGaUl/#MRfkjXaJ,2024-09-27 17:00,Auxerre,Brest,3,0,1.68,2.118,1.72,2.15,5
2024-2025,https://www.oddsportal.com/football/h2h/auxerre-MTLr36WA/brest-Cr4VGaUl/#rP7JS3fR,2025-02-14 20:45,Brest,Auxerre,2,2,1.702,2.072,1.76,2.1,6
2024-2025,https://www.oddsportal.com/football/h2h/auxerre-MTLr36WA/le-havre-CIEe04GT/#ChZKNjKb,2024-09-01 15:00,Le Havre,Auxerre,3,1,1.784,1.968,1.86,2.05,5
2024-2025,https://www.oddsportal.com/football/h2h/auxerre-MTLr36WA/le-havre-CIEe04GT/#Y39DlFiR,2025-05-04 15:15,Auxerre,Le Havre,1,2,1.595,2.25,1.62,2.3,6
2024-2025,https://www.oddsportal.com/football/h2h/auxerre-MTLr36WA/lens-IBmris38/#Au34jAUr,2024-12-14 19:00,Auxerre,Lens,2,2,1.718,2.047,1.76,2.1,6
2024-2025,https://www.oddsportal.com/football/h2h/auxerre-MTLr36WA/lens-IBmris38/#lExn5wXq,2025-04-27 15:15,Lens,Auxerre,0,4,1.65,2.138,1.68,2.2,6
2024-2025,https://www.oddsportal.com/football/h2h/auxerre-MTLr36WA/lille-pfDZL71o/#p8f5d9lC,2025-04-20 13:00,Lille,Auxerre,3,1,1.93,1.815,1.98,1.88,6
2024-2025,https://www.oddsportal.com/football/h2h/auxerre-MTLr36WA/lille-pfDZL71o/#pE1q8Zeo,2025-01-10 21:05,Auxerre,Lille,0,0,1.797,1.95,1.88,2.05,6
2024-2025,https://www.oddsportal.com/football/h2h/auxerre-MTLr36WA/lyon-2akflumR/#Mi2tXhL0,2025-04-13 18:45,Auxerre,Lyon,1,3,1.508,2.462,1.53,2.55,6
2024-2025,https://www.oddsportal.com/football/h2h/auxerre-MTLr36WA/lyon-2akflumR/#WdE2Z2y1,2024-10-27 15:00,Lyon,Auxerre,2,2,1.562,2.322,1.58,2.46,6
2024-2025,https://www.oddsportal.com/football/h2h/auxerre-MTLr36WA/marseille-SblU3Hee/#Gp6AbAAT,2024-11-08 20:45,Marseille,Auxerre,1,3,1.667,2.118,1.7,2.2,6
2024-2025,https://www.oddsportal.com/football/h2h/auxerre-MTLr36WA/marseille-SblU3Hee/#nea4W6Ca,2025-02-22 21:05,Auxerre,Marseille,3,0,1.688,2.07,1.74,2.1,6
2024-2025,https://www.oddsportal.com/football/h2h/auxerre-MTLr36WA/monaco-2PIvr8o4/#CGH7Enso,2024-09-14 17:00,Auxerre,Monaco,0,3,1.51,2.466,1.54,2.55,5
2024-2025,https://www.oddsportal.com/football/h2h/auxerre-MTLr36WA/monaco-2PIvr8o4/#tbdR1zjB,2025-02-01 19:00,Monaco,Auxerre,4,2,1.623,2.198,1.67,2.25,6
2024-2025,https://www.oddsportal.com/football/h2h/auxerre-MTLr36WA/montpellier-Eyf00syR/#CdaxFarI,2025-03-30 15:15,Auxerre,Montpellier,1,0,1.647,2.16,1.7,2.3,6
2024-2025,https://www.oddsportal.com/football/h2h/auxerre-MTLr36WA/montpellier-Eyf00syR/#EsTauGo1,2024-09-22 15:00,Montpellier,Auxerre,3,2,1.522,2.44,1.56,2.5,5
2024-2025,https://www.oddsportal.com/football/h2h/auxerre-MTLr36WA/nantes-veuetnGG/#ObHze1pe,2024-08-25 15:00,Nantes,Auxerre,2,0,1.706,2.076,1.76,2.15,5
2024-2025,https://www.oddsportal.com/football/h2h/auxerre-MTLr36WA/nantes-veuetnGG/#OlGpsXq1,2025-05-10 19:00,Auxerre,Nantes,1,1,1.742,2.018,1.8,2.1,6
2024-2025,https://www.oddsportal.com/football/h2h/auxerre-MTLr36WA/nice-YagoQJpq/#ripawyyS,2024-08-18 13:00,Auxerre,Nice,2,1,1.748,2.02,1.82,2.1,5
2024-2025,https://www.oddsportal.com/football/h2h/auxerre-MTLr36WA/nice-YagoQJpq/#x67R09N7,2025-03-14 20:45,Nice,Auxerre,1,1,1.768,1.983,1.8,2.05,6
2024-2025,https://www.oddsportal.com/football/h2h/auxerre-MTLr36WA/psg-CjhkPw0k/#KpaXPlxo,2025-05-17 19:00,PSG,Auxerre,3,1,1.815,1.953,1.91,2.1,6
2024-2025,https://www.oddsportal.com/football/h2h/auxerre-MTLr36WA/psg-CjhkPw0k/#riWEq2Hb,2024-12-06 21:00,Auxerre,PSG,0,0,1.688,2.095,1.75,2.25,6
2024-2025,https://www.oddsportal.com/football/h2h/auxerre-MTLr36WA/reims-tItR6sEf/#G8Cladn3,2025-03-09 17:15,Reims,Auxerre,0,2,1.722,2.04,1.78,2.1,6
2024-2025,https://www.oddsportal.com/football/h2h/auxerre-MTLr36WA/reims-tItR6sEf/#h8K6HUFF,2024-10-20 15:00,Auxerre,Reims,2,1,1.59,2.263,1.62,2.3,6
2024-2025,https://www.oddsportal.com/football/h2h/auxerre-MTLr36WA/rennes-d2nnj1IE/#EuWhpKkJ,2024-11-03 17:00,Auxerre,Rennes,4,0,1.603,2.243,1.64,2.3,6
2024-2025,https://www.oddsportal.com/football/h2h/auxerre-MTLr36WA/rennes-d2nnj1IE/#rsqDVupd,2025-04-06 15:15,Rennes,Auxerre,0,1,1.643,2.147,1.68,2.2,6
2024-2025,https://www.oddsportal.com/football/h2h/auxerre-MTLr36WA/st-etienne-YL2QybFe/#jTmMdl8E,2025-01-24 20:45,Auxerre,St Etienne,1,1,1.758,1.997,1.8,2.1,6
2024-2025,https://www.oddsportal.com/football/h2h/auxerre-MTLr36WA/st-etienne-YL2QybFe/#z9REJaun,2024-10-05 15:00,St Etienne,Auxerre,3,1,1.644,2.184,1.7,2.25,5
2024-2025,https://www.oddsportal.com/football/h2h/auxerre-MTLr36WA/strasbourg-nP6UzIU1/#SEvWZokQ,2025-01-05 15:00,Strasbourg,Auxerre,3,1,1.585,2.287,1.62,2.4,6
2024-2025,https://www.oddsportal.com/football/h2h/auxerre-MTLr36WA/strasbourg-nP6UzIU1/#jiANpcX9,2025-03-02 17:15,Auxerre,Strasbourg,0,1,1.673,2.108,1.72,2.15,6
2024-2025,https://www.oddsportal.com/football/h2h/auxerre-MTLr36WA/toulouse-MLmY2yB1/#EBfZaEKN,2025-02-09 17:15,Auxerre,Toulouse,2,2,1.777,1.967,1.84,2.0,6
2024-2025,https://www.oddsportal.com/football/h2h/auxerre-MTLr36WA/toulouse-MLmY2yB1/#WhvFEsIO,2024-12-01 17:00,Toulouse,Auxerre,2,0,1.727,2.042,1.8,2.1,6
2024-2025,https://www.oddsportal.com/football/h2h/brest-Cr4VGaUl/le-havre-CIEe04GT/#rZUMHwAb,2024-10-06 15:00,Brest,Le Havre,2,0,1.95,1.796,2.0,1.8,5
2024-2025,https://www.oddsportal.com/football/h2h/brest-Cr4VGaUl/le-havre-CIEe04GT/#xl6ZYpG7,2025-01-26 15:00,Le Havre,Brest,0,1,1.8,1.942,1.88,2.0,6
2024-2025,https://www.oddsportal.com/football/h2h/brest-Cr4VGaUl/lens-IBmris38/#OCd990al,2024-08-25 13:00,Lens,Brest,2,0,1.88,1.872,1.95,1.95,5
2024-2025,https://www.oddsportal.com/football/h2h/brest-Cr4VGaUl/lens-IBmris38/#lt1dbVJa,2025-04-20 15:15,Brest,Lens,1,3,1.653,2.137,1.72,2.2,6
2024-2025,https://www.oddsportal.com/football/h2h/brest-Cr4VGaUl/lille-pfDZL71o/#6XXzhlbJ,2025-05-10 19:00,Brest,Lille,2,0,1.658,2.135,1.7,2.2,6
2024-2025,https://www.oddsportal.com/football/h2h/brest-Cr4VGaUl/lille-pfDZL71o/#WG42zbvo,2024-12-06 19:00,Lille,Brest,3,1,1.952,1.8,2.02,1.93,6
2024-2025,https://www.oddsportal.com/football/h2h/brest-Cr4VGaUl/lyon-2akflumR/#rTo42DuT,2025-01-11 17:00,Brest,Lyon,2,1,1.647,2.155,1.7,2.3,6
2024-2025,https://www.oddsportal.com/football/h2h/brest-Cr4VGaUl/lyon-2akflumR/#xpEnqpd5,2025-03-02 15:00,Lyon,Brest,2,1,1.6,2.243,1.66,2.3,6
2024-2025,https://www.oddsportal.com/football/h2h/brest-Cr4VGaUl/marseille-SblU3Hee/#0js8u60b,2024-08-17 15:00,Brest,Marseille,1,5,1.772,1.992,1.82,2.05,5
2024-2025,https://www.oddsportal.com/football/h2h/brest-Cr4VGaUl/marseille-SblU3Hee/#p0MlPbOF,2025-04-27 18:45,Marseille,Brest,4,1,1.713,2.058,1.75,2.15,6
2024-2025,https://www.oddsportal.com/football/h2h/brest-Cr4VGaUl/monaco-2PIvr8o4/#xdpX3Q36,2024-11-22 19:00,Monaco,Brest,3,2,1.818,1.918,1.9,1.95,6
2024-2025,https://www.oddsportal.com/football/h2h/brest-Cr4VGaUl/monaco-2PIvr8o4/#zDi1vGBT,2025-04-05 17:00,Brest,Monaco,2,1,1.52,2.432,1.56,2.55,6
2024-2025,https://www.oddsportal.com/football/h2h/brest-Cr4VGaUl/montpellier-Eyf00syR/#0xWWyx8L,2025-05-04 15:15,Brest,Montpellier,1,0,1.833,1.925,1.91,2.0,6
2024-2025,https://www.oddsportal.com/football/h2h/brest-Cr4VGaUl/montpellier-Eyf00syR/#QB1LGiQc,2024-11-10 17:00,Montpellier,Brest,3,1,1.762,2.0,1.82,2.1,6
2024-2025,https://www.oddsportal.com/football/h2h/brest-Cr4VGaUl/nantes-veuetnGG/#4bn7AVLE,2024-12-15 17:00,Brest,Nantes,4,1,2.043,1.717,2.14,1.78,6
2024-2025,https://www.oddsportal.com/football/h2h/brest-Cr4VGaUl/nantes-veuetnGG/#dWcbfhro,2025-02-07 19:00,Nantes,Brest,0,2,1.863,1.898,1.92,1.95,6
2024-2025,https://www.oddsportal.com/football/h2h/brest-Cr4VGaUl/nice-YagoQJpq/#j9XQIXUH,2025-05-17 19:00,Nice,Brest,6,0,1.568,2.305,1.6,2.4,6
2024-2025,https://www.oddsportal.com/football/h2h/brest-Cr4VGaUl/nice-YagoQJpq/#n5Eg2hB4,2024-11-02 19:00,Brest,Nice,0,1,1.887,1.847,1.95,1.9,6
2024-2025,https://www.oddsportal.com/football/h2h/brest-Cr4VGaUl/psg-CjhkPw0k/#8MPiooIM,2024-09-14 19:00,PSG,Brest,3,1,1.79,1.968,1.84,2.05,5
2024-2025,https://www.oddsportal.com/football/h2h/brest-Cr4VGaUl/psg-CjhkPw0k/#GxWShu7t,2025-02-01 17:00,Brest,PSG,2,5,1.675,2.102,1.7,2.15,6
2024-2025,https://www.oddsportal.com/football/h2h/brest-Cr4VGaUl/reims-tItR6sEf/#QRmMMjpR,2025-03-16 17:15,Brest,Reims,0,0,1.952,1.8,2.0,1.93,6
2024-2025,https://www.oddsportal.com/football/h2h/brest-Cr4VGaUl/reims-tItR6sEf/#hQspntL6,2024-10-26 17:00,Reims,Brest,1,2,1.843,1.922,1.91,2.0,6
2024-2025,https://www.oddsportal.com/football/h2h/brest-Cr4VGaUl/rennes-d2nnj1IE/#WzwSMPie,2024-10-19 15:00,Brest,Rennes,1,1,1.778,1.972,1.82,2.05,6
2024-2025,https://www.oddsportal.com/football/h2h/brest-Cr4VGaUl/rennes-d2nnj1IE/#vJ50M7W1,2025-01-18 19:00,Rennes,Brest,1,2,2.05,1.708,2.18,1.78,6
2024-2025,https://www.oddsportal.com/football/h2h/brest-Cr4VGaUl/st-etienne-YL2QybFe/#Qwl6mE5s,2025-04-13 13:00,St Etienne,Brest,3,3,1.525,2.412,1.56,2.5,6
2024-2025,https://www.oddsportal.com/football/h2h/brest-Cr4VGaUl/st-etienne-YL2QybFe/#bk9o9i55,2024-08-31 15:00,Brest,St Etienne,4,0,1.798,1.954,1.86,2.05,5
2024-2025,https://www.oddsportal.com/football/h2h/brest-Cr4VGaUl/strasbourg-nP6UzIU1/#MHJOYp3t,2024-11-30 19:00,Brest,Strasbourg,3,1,1.722,2.047,1.76,2.1,6
2024-2025,https://www.oddsportal.com/football/h2h/brest-Cr4VGaUl/strasbourg-nP6UzIU1/#r9DvGoSI,2025-02-23 17:15,Strasbourg,Brest,0,0,1.767,1.985,1.8,2.04,6
2024-2025,https://www.oddsportal.com/football/h2h/brest-Cr4VGaUl/toulouse-MLmY2yB1/#W0W2VKSb,2025-03-30 13:00,Toulouse,Brest,2,4,1.835,1.93,1.91,2.05,6
2024-2025,https://www.oddsportal.com/football/h2h/brest-Cr4VGaUl/toulouse-MLmY2yB1/#nTCJapXF,2024-09-22 15:00,Brest,Toulouse,2,0,1.79,1.986,1.91,2.05,5
2024-2025,https://www.oddsportal.com/football/h2h/dunkerque-tAAobNse/guingamp-QDfKl36E/#ttkOZVKG,2025-05-14 18:30,Dunkerque,Guingamp,1,0,1.808,1.902,1.88,1.93,6
2024-2025,https://www.oddsportal.com/football/h2h/dunkerque-tAAobNse/metz-4v0yqlWc/#YcKYizC7,2025-05-17 15:00,Metz,Dunkerque,1,0,1.738,1.987,1.78,2.02,6
2024-2025,https://www.oddsportal.com/football/h2h/le-havre-CIEe04GT/lens-IBmris38/#U5ul6et4,2025-01-12 15:00,Le Havre,Lens,1,2,1.94,1.808,2.02,1.88,6
2024-2025,https://www.oddsportal.com/football/h2h/le-havre-CIEe04GT/lens-IBmris38/#UyMEnJ2c,2025-03-01 19:00,Lens,Le Havre,3,4,2.022,1.74,2.1,1.83,6
2024-2025,https://www.oddsportal.com/football/h2h/le-havre-CIEe04GT/lille-pfDZL71o/#phvgGZ44,2025-02-08 19:00,Lille,Le Havre,1,2,2.1,1.687,2.2,1.83,6
2024-2025,https://www.oddsportal.com/football/h2h/le-havre-CIEe04GT/lille-pfDZL71o/#xb7MlutC,2024-09-28 17:00,Le Havre,Lille,0,3,1.862,1.894,1.92,1.95,5
2024-2025,https://www.oddsportal.com/football/h2h/le-havre-CIEe04GT/lyon-2akflumR/#b9aoAn8k,2024-10-20 13:00,Le Havre,Lyon,0,4,1.615,2.223,1.66,2.3,6
2024-2025,https://www.oddsportal.com/football/h2h/le-havre-CIEe04GT/lyon-2akflumR/#pCUhHU7l,2025-03-16 15:00,Lyon,Le Havre,4,2,1.85,1.912,1.91,1.95,6
2024-2025,https://www.oddsportal.com/football/h2h/le-havre-CIEe04GT/marseille-SblU3Hee/#08npCrcJ,2025-01-05 20:45,Marseille,Le Havre,5,1,2.167,1.645,2.22,1.7,6
2024-2025,https://www.oddsportal.com/football/h2h/le-havre-CIEe04GT/marseille-SblU3Hee/#CAdu3E6K,2025-05-10 19:00,Le Havre,Marseille,1,3,1.743,2.022,1.8,2.1,6
2024-2025,https://www.oddsportal.com/football/h2h/le-havre-CIEe04GT/monaco-2PIvr8o4/#6V4QeyWs,2024-09-22 13:00,Monaco,Le Havre,3,1,1.848,1.904,1.91,1.95,5
2024-2025,https://www.oddsportal.com/football/h2h/le-havre-CIEe04GT/monaco-2PIvr8o4/#xxlm7Q2U,2025-04-26 17:00,Le Havre,Monaco,1,1,1.735,2.035,1.78,2.1,6
2024-2025,https://www.oddsportal.com/football/h2h/le-havre-CIEe04GT/montpellier-Eyf00syR/#WrwXYgZj,2025-04-06 15:15,Montpellier,Le Havre,0,2,1.67,2.115,1.72,2.15,6
2024-2025,https://www.oddsportal.com/football/h2h/le-havre-CIEe04GT/montpellier-Eyf00syR/#Y1lKmgdB,2024-11-03 17:00,Le Havre,Montpellier,1,0,1.69,2.082,1.72,2.12,6
2024-2025,https://www.oddsportal.com/football/h2h/le-havre-CIEe04GT/nantes-veuetnGG/#GtdO5nZg,2024-11-24 17:00,Nantes,Le Havre,0,2,2.063,1.7,2.18,1.78,6
2024-2025,https://www.oddsportal.com/football/h2h/le-havre-CIEe04GT/nantes-veuetnGG/#KM2pDwDU,2025-03-30 15:15,Le Havre,Nantes,3,2,1.893,1.852,1.96,1.93,6
2024-2025,https://www.oddsportal.com/football/h2h/le-havre-CIEe04GT/nice-YagoQJpq/#dzY6oOnn,2024-12-07 19:00,Nice,Le Havre,2,1,1.9,1.848,2.0,1.95,6
2024-2025,https://www.oddsportal.com/football/h2h/le-havre-CIEe04GT/nice-YagoQJpq/#tKk6JaHD,2025-02-16 17:15,Le Havre,Nice,1,3,1.75,2.008,1.8,2.1,6
2024-2025,https://www.oddsportal.com/football/h2h/le-havre-CIEe04GT/psg-CjhkPw0k/#SOLVXEbk,2024-08-16 18:45,Le Havre,PSG,1,4,1.834,1.92,1.9,2.0,5
2024-2025,https://www.oddsportal.com/football/h2h/le-havre-CIEe04GT/psg-CjhkPw0k/#j5cDfmJO,2025-04-19 15:00,PSG,Le Havre,2,1,1.698,2.072,1.74,2.15,6
2024-2025,https://www.oddsportal.com/football/h2h/le-havre-CIEe04GT/reims-tItR6sEf/#C8LLTkvS,2025-01-19 17:15,Reims,Le Havre,1,1,1.925,1.817,2.0,1.93,6
2024-2025,https://www.oddsportal.com/football/h2h/le-havre-CIEe04GT/reims-tItR6sEf/#nRkUEVfA,2024-11-10 17:00,Le Havre,Reims,0,3,1.878,1.872,1.94,1.91,6
2024-2025,https://www.oddsportal.com/football/h2h/le-havre-CIEe04GT/rennes-d2nnj1IE/#0xEXYEjl,2025-04-13 15:15,Le Havre,Rennes,1,5,1.767,1.982,1.8,2.05,6
2024-2025,https://www.oddsportal.com/football/h2h/le-havre-CIEe04GT/rennes-d2nnj1IE/#lYpTkOLs,2024-10-25 18:45,Rennes,Le Havre,1,0,1.967,1.772,2.1,1.85,6
2024-2025,https://www.oddsportal.com/football/h2h/le-havre-CIEe04GT/st-etienne-YL2QybFe/#KQAqguF7,2024-08-24 19:00,St Etienne,Le Havre,0,2,1.946,1.808,2.04,1.85,5
2024-2025,https://www.oddsportal.com/football/h2h/le-havre-CIEe04GT/st-etienne-YL2QybFe/#jFhAygfd,2025-03-09 17:15,Le Havre,St Etienne,1,1,1.673,2.112,1.72,2.15,6
2024-2025,https://www.oddsportal.com/football/h2h/le-havre-CIEe04GT/strasbourg-nP6UzIU1/#IsOPchx9,2024-12-15 17:00,Le Havre,Strasbourg,0,3,1.78,1.972,1.86,2.05,6
2024-2025,https://www.oddsportal.com/football/h2h/le-havre-CIEe04GT/strasbourg-nP6UzIU1/#YmRqZhFb,2025-05-17 19:00,Strasbourg,Le Havre,2,3,1.518,2.45,1.57,2.55,6
2024-2025,https://www.oddsportal.com/football/h2h/le-havre-CIEe04GT/toulouse-MLmY2yB1/#ETLNJTSg,2025-02-23 17:15,Le Havre,Toulouse,1,4,1.972,1.78,2.0,1.83,6
2024-2025,https://www.oddsportal.com/football/h2h/le-havre-CIEe04GT/toulouse-MLmY2yB1/#fJaIWo3T,2024-09-15 15:00,Toulouse,Le Havre,2,0,1.908,1.84,1.96,1.88,5
2024-2025,https://www.oddsportal.com/football/h2h/lens-IBmris38/lille-pfDZL71o/#Ic4jMGko,2025-03-30 18:45,Lille,Lens,1,0,1.825,1.915,1.88,1.95,6
2024-2025,https://www.oddsportal.com/football/h2h/lens-IBmris38/lille-pfDZL71o/#vaZNtoqR,2024-10-26 19:00,Lens,Lille,0,2,1.835,1.925,1.91,1.95,6
2024-2025,https://www.oddsportal.com/football/h2h/lens-IBmris38/lyon-2akflumR/#GldTHGGk,2025-05-04 15:15,Lyon,Lens,1,2,1.55,2.34,1.57,2.45,6
2024-2025,https://www.oddsportal.com/football/h2h/lens-IBmris38/lyon-2akflumR/#Qw81zU34,2024-09-15 18:45,Lens,Lyon,0,0,1.526,2.426,1.57,2.5,5
2024-2025,https://www.oddsportal.com/football/h2h/lens-IBmris38/marseille-SblU3Hee/#SMfm4Zck,2024-11-23 17:00,Lens,Marseille,1,3,1.65,2.132,1.7,2.2,6
2024-2025,https://www.oddsportal.com/football/h2h/lens-IBmris38/marseille-SblU3Hee/#UZKA4iOr,2025-03-08 21:05,Marseille,Lens,0,1,1.75,2.008,1.82,2.1,6
2024-2025,https://www.oddsportal.com/football/h2h/lens-IBmris38/monaco-2PIvr8o4/#2TI0VAEN,2025-05-17 19:00,Lens,Monaco,4,0,1.385,2.862,1.4,3.05,6
2024-2025,https://www.oddsportal.com/football/h2h/lens-IBmris38/monaco-2PIvr8o4/#IgtCPCkn,2024-09-01 13:00,Monaco,Lens,1,1,1.564,2.328,1.6,2.45,5
2024-2025,https://www.oddsportal.com/football/h2h/lens-IBmris38/montpellier-Eyf00syR/#C4PyiJyg,2025-01-31 20:45,Montpellier,Lens,0,2,1.65,2.147,1.7,2.25,6
2024-2025,https://www.oddsportal.com/football/h2h/lens-IBmris38/montpellier-Eyf00syR/#r5Bmb1Wi,2024-12-08 15:00,Lens,Montpellier,2,0,1.888,1.853,1.95,1.95,6
2024-2025,https://www.oddsportal.com/football/h2h/lens-IBmris38/nantes-veuetnGG/#AF5QwkKP,2025-02-23 15:00,Nantes,Lens,3,1,1.783,1.96,1.84,2.0,6
2024-2025,https://www.oddsportal.com/football/h2h/lens-IBmris38/nantes-veuetnGG/#bJl87mmp,2024-11-09 19:00,Lens,Nantes,3,2,2.038,1.717,2.16,1.78,6
2024-2025,https://www.oddsportal.com/football/h2h/lens-IBmris38/nice-YagoQJpq/#6L7zTClA,2025-02-08 17:00,Nice,Lens,2,0,1.603,2.24,1.64,2.3,6
2024-2025,https://www.oddsportal.com/football/h2h/lens-IBmris38/nice-YagoQJpq/#v3PZcqJP,2024-09-28 15:00,Lens,Nice,0,0,1.908,1.84,1.96,1.88,5
2024-2025,https://www.oddsportal.com/football/h2h/lens-IBmris38/psg-CjhkPw0k/#rX720WuH,2024-11-02 17:00,PSG,Lens,1,0,1.717,2.048,1.75,2.12,6
2024-2025,https://www.oddsportal.com/football/h2h/lens-IBmris38/psg-CjhkPw0k/#xj7wHCfM,2025-01-18 17:00,Lens,PSG,1,2,1.498,2.485,1.57,2.56,6
2024-2025,https://www.oddsportal.com/football/h2h/lens-IBmris38/reims-tItR6sEf/#UVpNqW46,2025-04-11 18:45,Lens,Reims,0,2,1.797,1.952,1.86,2.0,6
2024-2025,https://www.oddsportal.com/football/h2h/lens-IBmris38/reims-tItR6sEf/#d0HcKolm,2024-11-29 20:45,Reims,Lens,0,2,1.71,2.058,1.75,2.1,6
2024-2025,https://www.oddsportal.com/football/h2h/lens-IBmris38/rennes-d2nnj1IE/#noOg1c8K,2024-09-21 17:00,Rennes,Lens,1,1,1.718,2.064,1.75,2.1,5
2024-2025,https://www.oddsportal.com/football/h2h/lens-IBmris38/rennes-d2nnj1IE/#xKn0F8x1,2025-03-15 21:05,Lens,Rennes,1,0,1.793,1.96,1.86,2.05,6
2024-2025,https://www.oddsportal.com/football/h2h/lens-IBmris38/st-etienne-YL2QybFe/#OAZJOoNr,2024-10-19 17:00,St Etienne,Lens,0,2,1.745,2.008,1.82,2.1,6
2024-2025,https://www.oddsportal.com/football/h2h/lens-IBmris38/st-etienne-YL2QybFe/#fHAPvpN9,2025-04-06 13:00,Lens,St Etienne,1,0,1.603,2.248,1.62,2.32,6
2024-2025,https://www.oddsportal.com/football/h2h/lens-IBmris38/strasbourg-nP6UzIU1/#4nvCemgd,2024-10-06 15:00,Strasbourg,Lens,2,2,1.66,2.142,1.68,2.16,5
2024-2025,https://www.oddsportal.com/football/h2h/lens-IBmris38/strasbourg-nP6UzIU1/#ncEAUPPE,2025-02-16 17:15,Lens,Strasbourg,0,2,1.652,2.155,1.7,2.3,6
2024-2025,https://www.oddsportal.com/football/h2h/lens-IBmris38/toulouse-MLmY2yB1/#b7USgAT6,2025-05-10 19:00,Toulouse,Lens,1,1,1.628,2.192,1.67,2.3,6
2024-2025,https://www.oddsportal.com/football/h2h/lens-IBmris38/toulouse-MLmY2yB1/#tbGlN85K,2025-01-05 15:00,Lens,Toulouse,0,1,1.737,2.037,1.8,2.1,6
2024-2025,https://www.oddsportal.com/football/h2h/lille-pfDZL71o/lyon-2akflumR/#bqYbtBlo,2024-11-01 21:00,Lille,Lyon,1,1,1.495,2.507,1.52,2.55,6
2024-2025,https://www.oddsportal.com/football/h2h/lille-pfDZL71o/lyon-2akflumR/#lK7Ht6hc,2025-04-05 19:05,Lyon,Lille,2,1,1.598,2.252,1.64,2.3,6
2024-2025,https://www.oddsportal.com/football/h2h/lille-pfDZL71o/marseille-SblU3Hee/#0QuG89jR,2024-12-14 17:00,Marseille,Lille,1,1,1.718,2.047,1.76,2.1,6
2024-2025,https://www.oddsportal.com/football/h2h/lille-pfDZL71o/marseille-SblU3Hee/#CGkxGfo2,2025-05-04 18:45,Lille,Marseille,1,1,1.633,2.172,1.68,2.25,6
2024-2025,https://www.oddsportal.com/football/h2h/lille-pfDZL71o/monaco-2PIvr8o4/#MgPVH7c6,2025-02-22 17:00,Lille,Monaco,2,1,1.55,2.322,1.58,2.4,6
2024-2025,https://www.oddsportal.com/football/h2h/lille-pfDZL71o/monaco-2PIvr8o4/#vwbmU7aL,2024-10-18 18:45,Monaco,Lille,0,0,1.547,2.343,1.58,2.45,6
2024-2025,https://www.oddsportal.com/football/h2h/lille-pfDZL71o/montpellier-Eyf00syR/#2PzWBZV8,2025-03-08 19:00,Lille,Montpellier,1,0,1.857,1.902,1.91,1.95,6
2024-2025,https://www.oddsportal.com/football/h2h/lille-pfDZL71o/montpellier-Eyf00syR/#GGCXWOXh,2024-12-01 15:00,Montpellier,Lille,2,2,1.725,2.037,1.78,2.1,6
2024-2025,https://www.oddsportal.com/football/h2h/lille-pfDZL71o/nantes-veuetnGG/#OEiKK3Et,2025-03-15 17:00,Nantes,Lille,1,0,1.87,1.863,1.95,1.95,6
2024-2025,https://www.oddsportal.com/football/h2h/lille-pfDZL71o/nantes-veuetnGG/#vgbyE4S6,2025-01-04 19:00,Lille,Nantes,1,1,2.032,1.732,2.06,1.83,6
2024-2025,https://www.oddsportal.com/football/h2h/lille-pfDZL71o/nice-YagoQJpq/#dzlABjIq,2025-01-17 21:05,Lille,Nice,2,1,1.765,1.988,1.84,2.1,6
2024-2025,https://www.oddsportal.com/football/h2h/lille-pfDZL71o/nice-YagoQJpq/#l8H0Dwy3,2024-11-10 15:00,Nice,Lille,2,2,1.745,2.017,1.82,2.1,6
2024-2025,https://www.oddsportal.com/football/h2h/lille-pfDZL71o/psg-CjhkPw0k/#6ZfxDZ5t,2024-09-01 18:45,Lille,PSG,1,3,1.628,2.198,1.67,2.3,5
2024-2025,https://www.oddsportal.com/football/h2h/lille-pfDZL71o/psg-CjhkPw0k/#f1MVnSdt,2025-03-01 21:05,PSG,Lille,4,1,1.848,1.913,1.91,1.95,6
2024-2025,https://www.oddsportal.com/football/h2h/lille-pfDZL71o/reims-tItR6sEf/#QNNyyFpn,2025-05-17 19:00,Lille,Reims,2,1,1.995,1.765,2.06,1.85,6
2024-2025,https://www.oddsportal.com/football/h2h/lille-pfDZL71o/reims-tItR6sEf/#jqSiuc6F,2024-08-17 17:00,Reims,Lille,0,2,1.784,1.976,1.84,2.05,5
2024-2025,https://www.oddsportal.com/football/h2h/lille-pfDZL71o/rennes-d2nnj1IE/#AqgG784s,2024-11-24 15:00,Lille,Rennes,1,0,1.923,1.818,1.96,1.85,6
2024-2025,https://www.oddsportal.com/football/h2h/lille-pfDZL71o/rennes-d2nnj1IE/#CvbkNsIl,2025-02-16 20:45,Rennes,Lille,0,2,1.893,1.843,1.95,1.93,6
2024-2025,https://www.oddsportal.com/football/h2h/lille-pfDZL71o/st-etienne-YL2QybFe/#pINqkc65,2025-02-01 21:05,Lille,St Etienne,4,1,1.892,1.873,1.95,1.95,6
2024-2025,https://www.oddsportal.com/football/h2h/lille-pfDZL71o/st-etienne-YL2QybFe/#vsYzkTIc,2024-09-13 18:45,St Etienne,Lille,1,0,1.812,1.944,1.86,1.95,5
2024-2025,https://www.oddsportal.com/football/h2h/lille-pfDZL71o/strasbourg-nP6UzIU1/#WChnpBO8,2025-01-25 19:00,Strasbourg,Lille,2,1,1.76,1.993,1.8,2.05,6
2024-2025,https://www.oddsportal.com/football/h2h/lille-pfDZL71o/strasbourg-nP6UzIU1/#fiy8wfGD,2024-09-21 15:00,Lille,Strasbourg,3,3,1.77,1.998,1.84,2.1,5
2024-2025,https://www.oddsportal.com/football/h2h/lille-pfDZL71o/toulouse-MLmY2yB1/#Wf14adfU,2024-10-05 17:00,Lille,Toulouse,2,1,1.844,1.924,1.91,1.95,5
2024-2025,https://www.oddsportal.com/football/h2h/lille-pfDZL71o/toulouse-MLmY2yB1/#fwn0iN6F,2025-04-12 17:00,Toulouse,Lille,1,2,1.788,1.957,1.88,2.05,6
2024-2025,https://www.oddsportal.com/football/h2h/lyon-2akflumR/marseille-SblU3Hee/#S66OuPup,2024-09-22 18:45,Lyon,Marseille,2,3,1.51,2.466,1.53,2.55,5
2024-2025,https://www.oddsportal.com/football/h2h/lyon-2akflumR/marseille-SblU3Hee/#nNeJYyMO,2025-02-02 20:45,Marseille,Lyon,3,2,1.582,2.283,1.62,2.45,6
2024-2025,https://www.oddsportal.com/football/h2h/lyon-2akflumR/monaco-2PIvr8o4/#nVLpqEWo,2025-05-10 19:00,Monaco,Lyon,2,0,1.38,2.875,1.4,3.05,6
2024-2025,https://www.oddsportal.com/football/h2h/lyon-2akflumR/monaco-2PIvr8o4/#pSpI7vU0,2024-08-24 15:00,Lyon,Monaco,0,2,1.426,2.732,1.44,2.85,5
2024-2025,https://www.oddsportal.com/football/h2h/lyon-2akflumR/montpellier-Eyf00syR/#QkY1a5DD,2025-01-04 21:00,Lyon,Montpellier,1,0,1.553,2.333,1.57,2.45,6
2024-2025,https://www.oddsportal.com/football/h2h/lyon-2akflumR/montpellier-Eyf00syR/#f3RO6MX7,2025-02-16 15:00,Montpellier,Lyon,1,4,1.515,2.417,1.55,2.5,6
2024-2025,https://www.oddsportal.com/football/h2h/lyon-2akflumR/nantes-veuetnGG/#IHSe3ve5,2024-10-06 13:00,Lyon,Nantes,2,0,1.658,2.144,1.72,2.25,5
2024-2025,https://www.oddsportal.com/football/h2h/lyon-2akflumR/nantes-veuetnGG/#xQNnrkgL,2025-01-26 17:15,Nantes,Lyon,1,1,1.685,2.087,1.72,2.15,6
2024-2025,https://www.oddsportal.com/football/h2h/lyon-2akflumR/nice-YagoQJpq/#GWfyjh9k,2025-03-09 20:45,Nice,Lyon,0,2,1.593,2.252,1.64,2.3,6
2024-2025,https://www.oddsportal.com/football/h2h/lyon-2akflumR/nice-YagoQJpq/#hM7dRK1U,2024-12-01 17:00,Lyon,Nice,4,1,1.52,2.42,1.55,2.5,6
2024-2025,https://www.oddsportal.com/football/h2h/lyon-2akflumR/psg-CjhkPw0k/#W8Wo3mEl,2024-12-15 20:45,PSG,Lyon,3,1,1.545,2.357,1.58,2.44,6
2024-2025,https://www.oddsportal.com/football/h2h/lyon-2akflumR/psg-CjhkPw0k/#jmdLSOBO,2025-02-23 20:45,Lyon,PSG,2,3,1.495,2.505,1.52,2.58,6
2024-2025,https://www.oddsportal.com/football/h2h/lyon-2akflumR/reims-tItR6sEf/#0UVRP7QP,2024-11-23 21:00,Reims,Lyon,1,1,1.443,2.638,1.48,2.66,6
2024-2025,https://www.oddsportal.com/football/h2h/lyon-2akflumR/reims-tItR6sEf/#rmMu7VRj,2025-02-09 15:00,Lyon,Reims,4,0,1.662,2.127,1.7,2.2,6
2024-2025,https://www.oddsportal.com/football/h2h/lyon-2akflumR/rennes-d2nnj1IE/#6FAcNxgS,2025-04-26 19:05,Lyon,Rennes,4,1,1.532,2.387,1.58,2.55,6
2024-2025,https://www.oddsportal.com/football/h2h/lyon-2akflumR/rennes-d2nnj1IE/#zkPwWhT1,2024-08-18 18:45,Rennes,Lyon,3,0,1.684,2.104,1.72,2.2,5
2024-2025,https://www.oddsportal.com/football/h2h/lyon-2akflumR/st-etienne-YL2QybFe/#b59ZhlYj,2024-11-10 20:45,Lyon,St Etienne,1,0,1.643,2.147,1.68,2.2,6
2024-2025,https://www.oddsportal.com/football/h2h/lyon-2akflumR/st-etienne-YL2QybFe/#drMH5DRP,2025-04-20 18:45,St Etienne,Lyon,2,1,1.498,2.475,1.54,2.65,6
2024-2025,https://www.oddsportal.com/football/h2h/lyon-2akflumR/strasbourg-nP6UzIU1/#OzTfXtbn,2025-03-28 20:45,Strasbourg,Lyon,4,2,1.543,2.362,1.57,2.45,6
2024-2025,https://www.oddsportal.com/football/h2h/lyon-2akflumR/strasbourg-nP6UzIU1/#vmgpBDzg,2024-08-30 18:45,Lyon,Strasbourg,4,3,1.61,2.25,1.68,2.4,5
2024-2025,https://www.oddsportal.com/football/h2h/lyon-2akflumR/toulouse-MLmY2yB1/#UmnI9Und,2025-01-18 21:05,Lyon,Toulouse,0,0,1.635,2.183,1.68,2.3,6
2024-2025,https://www.oddsportal.com/football/h2h/lyon-2akflumR/toulouse-MLmY2yB1/#bDeVnJAO,2024-09-29 13:00,Toulouse,Lyon,1,2,1.574,2.308,1.6,2.35,5
2024-2025,https://www.oddsportal.com/football/h2h/marseille-SblU3Hee/monaco-2PIvr8o4/#joZVsAZI,2025-04-12 15:00,Monaco,Marseille,3,0,1.422,2.732,1.44,2.85,6
2024-2025,https://www.oddsportal.com/football/h2h/marseille-SblU3Hee/monaco-2PIvr8o4/#pd4lTtXH,2024-12-01 20:45,Marseille,Monaco,2,1,1.518,2.447,1.58,2.5,6
2024-2025,https://www.oddsportal.com/football/h2h/marseille-SblU3Hee/montpellier-Eyf00syR/#fJNNEj4t,2025-04-19 19:05,Marseille,Montpellier,5,1,1.947,1.798,1.98,1.85,6
2024-2025,https://www.oddsportal.com/football/h2h/marseille-SblU3Hee/montpellier-Eyf00syR/#nVutWTU8,2024-10-20 18:45,Montpellier,Marseille,0,5,1.515,2.44,1.56,2.55,6
2024-2025,https://www.oddsportal.com/football/h2h/marseille-SblU3Hee/nantes-veuetnGG/#UTsToXQN,2024-11-03 20:45,Nantes,Marseille,1,2,1.693,2.083,1.74,2.15,6
2024-2025,https://www.oddsportal.com/football/h2h/marseille-SblU3Hee/nantes-veuetnGG/#tIKwo6Rh,2025-03-02 20:45,Marseille,Nantes,2,0,1.868,1.887,1.92,1.95,6
2024-2025,https://www.oddsportal.com/football/h2h/marseille-SblU3Hee/nice-YagoQJpq/#0dMqm7mA,2024-09-14 15:00,Marseille,Nice,2,0,1.77,1.996,1.82,2.1,5
2024-2025,https://www.oddsportal.com/football/h2h/marseille-SblU3Hee/nice-YagoQJpq/#Q77AzbiC,2025-01-26 20:45,Nice,Marseille,2,0,1.635,2.178,1.67,2.3,6
2024-2025,https://www.oddsportal.com/football/h2h/marseille-SblU3Hee/psg-CjhkPw0k/#AsQgyP6l,2024-10-27 20:45,Marseille,PSG,0,3,1.483,2.538,1.52,2.65,6
2024-2025,https://www.oddsportal.com/football/h2h/marseille-SblU3Hee/psg-CjhkPw0k/#jk9J2Vhe,2025-03-16 20:45,PSG,Marseille,3,1,1.743,2.015,1.78,2.05,6
2024-2025,https://www.oddsportal.com/football/h2h/marseille-SblU3Hee/reims-tItR6sEf/#bDNJRxSN,2025-03-29 17:00,Reims,Marseille,3,1,1.773,1.98,1.82,2.1,6
2024-2025,https://www.oddsportal.com/football/h2h/marseille-SblU3Hee/reims-tItR6sEf/#hhlQ5IbD,2024-08-25 18:45,Marseille,Reims,2,2,1.828,1.944,1.91,2.05,5
2024-2025,https://www.oddsportal.com/football/h2h/marseille-SblU3Hee/rennes-d2nnj1IE/#UJKMKfec,2025-01-11 21:05,Rennes,Marseille,1,2,1.753,2.008,1.82,2.05,6
2024-2025,https://www.oddsportal.com/football/h2h/marseille-SblU3Hee/rennes-d2nnj1IE/#nHzAMFVh,2025-05-17 19:00,Marseille,Rennes,4,2,1.485,2.535,1.52,2.57,6
2024-2025,https://www.oddsportal.com/football/h2h/marseille-SblU3Hee/st-etienne-YL2QybFe/#byYF8r3e,2025-02-15 17:00,Marseille,St Etienne,5,1,1.775,1.975,1.82,2.05,6
2024-2025,https://www.oddsportal.com/football/h2h/marseille-SblU3Hee/st-etienne-YL2QybFe/#vJPNstnB,2024-12-08 20:45,St Etienne,Marseille,0,2,1.762,1.99,1.8,2.1,6
2024-2025,https://www.oddsportal.com/football/h2h/marseille-SblU3Hee/strasbourg-nP6UzIU1/#Ee8YgF0f,2024-09-29 18:45,Strasbourg,Marseille,1,0,1.544,2.372,1.57,2.46,5
2024-2025,https://www.oddsportal.com/football/h2h/marseille-SblU3Hee/strasbourg-nP6UzIU1/#jZ8VIYP9,2025-01-19 20:45,Marseille,Strasbourg,1,1,1.64,2.167,1.68,2.3,6
2024-2025,https://www.oddsportal.com/football/h2h/marseille-SblU3Hee/toulouse-MLmY2yB1/#6JporbC4,2025-04-06 18:45,Marseille,Toulouse,3,2,1.652,2.133,1.7,2.2,6
2024-2025,https://www.oddsportal.com/football/h2h/marseille-SblU3Hee/toulouse-MLmY2yB1/#tYQyK8JN,2024-08-31 19:00,Toulouse,Marseille,1,3,1.586,2.296,1.62,2.4,5
2024-2025,https://www.oddsportal.com/football/h2h/metz-4v0yqlWc/reims-tItR6sEf/#0zyA2tFi,2025-05-21 18:00,Metz,Reims,1,1,1.827,1.867,1.88,1.91,6
2024-2025,https://www.oddsportal.com/football/h2h/metz-4v0yqlWc/reims-tItR6sEf/#d2UI0Kq4,2025-05-29 18:30,Reims,Metz,1,3,1.765,1.953,1.8,2.05,6
2024-2025,https://www.oddsportal.com/football/h2h/monaco-2PIvr8o4/montpellier-Eyf00syR/#jgXCVB9F,2025-01-17 19:00,Montpellier,Monaco,2,1,1.517,2.433,1.54,2.55,6
2024-2025,https://www.oddsportal.com/football/h2h/monaco-2PIvr8o4/montpellier-Eyf00syR/#lxyu7Met,2024-09-28 19:00,Monaco,Montpellier,2,1,1.62,2.2,1.66,2.2,5
2024-2025,https://www.oddsportal.com/football/h2h/monaco-2PIvr8o4/nantes-veuetnGG/#beKjRBzK,2025-02-15 19:00,Monaco,Nantes,7,1,1.662,2.12,1.72,2.2,6
2024-2025,https://www.oddsportal.com/football/h2h/monaco-2PIvr8o4/nantes-veuetnGG/#vFZBQsCC,2025-01-10 19:00,Nantes,Monaco,2,2,1.853,1.907,1.91,1.95,6
2024-2025,https://www.oddsportal.com/football/h2h/monaco-2PIvr8o4/nice-YagoQJpq/#KdJMr7EE,2024-10-27 17:00,Nice,Monaco,2,1,1.668,2.112,1.72,2.2,6
2024-2025,https://www.oddsportal.com/football/h2h/monaco-2PIvr8o4/nice-YagoQJpq/#p4dxpKsh,2025-03-29 21:05,Monaco,Nice,2,1,1.572,2.305,1.6,2.4,6
2024-2025,https://www.oddsportal.com/football/h2h/monaco-2PIvr8o4/psg-CjhkPw0k/#hOKf1Rr1,2024-12-18 21:00,Monaco,PSG,2,4,1.513,2.435,1.54,2.55,6
2024-2025,https://www.oddsportal.com/football/h2h/monaco-2PIvr8o4/psg-CjhkPw0k/#nHzACi4T,2025-02-07 21:05,PSG,Monaco,4,1,1.422,2.718,1.44,2.84,6
2024-2025,https://www.oddsportal.com/football/h2h/monaco-2PIvr8o4/reims-tItR6sEf/#Q7RXeW6L,2024-12-14 21:00,Reims,Monaco,0,0,1.65,2.16,1.7,2.3,6
2024-2025,https://www.oddsportal.com/football/h2h/monaco-2PIvr8o4/reims-tItR6sEf/#bHDVry2M,2025-02-28 20:45,Monaco,Reims,3,0,1.65,2.143,1.7,2.2,6
2024-2025,https://www.oddsportal.com/football/h2h/monaco-2PIvr8o4/rennes-d2nnj1IE/#88EIxTGr,2025-01-25 17:00,Monaco,Rennes,3,2,1.797,1.957,1.88,2.05,6
2024-2025,https://www.oddsportal.com/football/h2h/monaco-2PIvr8o4/rennes-d2nnj1IE/#8Kp3c9Oq,2024-10-05 19:00,Rennes,Monaco,1,2,1.576,2.302,1.6,2.35,5
2024-2025,https://www.oddsportal.com/football/h2h/monaco-2PIvr8o4/st-etienne-YL2QybFe/#G2y2WFVr,2025-05-03 19:05,St Etienne,Monaco,1,3,1.48,2.545,1.5,2.62,6
2024-2025,https://www.oddsportal.com/football/h2h/monaco-2PIvr8o4/st-etienne-YL2QybFe/#fHYrsJy3,2024-08-17 19:00,Monaco,St Etienne,1,0,1.692,2.094,1.74,2.15,5
2024-2025,https://www.oddsportal.com/football/h2h/monaco-2PIvr8o4/strasbourg-nP6UzIU1/#bBKvB835,2025-04-19 17:00,Monaco,Strasbourg,0,0,1.53,2.387,1.57,2.55,6
2024-2025,https://www.oddsportal.com/football/h2h/monaco-2PIvr8o4/strasbourg-nP6UzIU1/#figxD9PM,2024-11-09 17:00,Strasbourg,Monaco,1,3,1.572,2.307,1.62,2.42,6
2024-2025,https://www.oddsportal.com/football/h2h/monaco-2PIvr8o4/toulouse-MLmY2yB1/#6oLxxBFk,2024-12-07 17:00,Monaco,Toulouse,2,0,1.643,2.165,1.7,2.3,6
2024-2025,https://www.oddsportal.com/football/h2h/monaco-2PIvr8o4/toulouse-MLmY2yB1/#pl45eEoS,2025-03-07 20:45,Toulouse,Monaco,1,1,1.602,2.245,1.66,2.3,6
2024-2025,https://www.oddsportal.com/football/h2h/montpellier-Eyf00syR/nantes-veuetnGG/#6FCg7VZH,2024-08-31 17:00,Montpellier,Nantes,1,3,1.654,2.144,1.72,2.2,5
2024-2025,https://www.oddsportal.com/football/h2h/montpellier-Eyf00syR/nantes-veuetnGG/#f3FhXWqB,2025-05-17 19:00,Nantes,Montpellier,3,0,1.892,1.845,1.95,1.95,6
2024-2025,https://www.oddsportal.com/football/h2h/montpellier-Eyf00syR/nice-YagoQJpq/#C4aLnST7,2024-12-15 15:00,Montpellier,Nice,2,2,1.482,2.55,1.5,2.65,6
2024-2025,https://www.oddsportal.com/football/h2h/montpellier-Eyf00syR/nice-YagoQJpq/#rNhDUpsC,2025-02-23 17:15,Nice,Montpellier,2,0,1.845,1.917,1.91,2.0,6
2024-2025,https://www.oddsportal.com/football/h2h/montpellier-Eyf00syR/psg-CjhkPw0k/#2uyKeWbf,2025-05-10 19:00,Montpellier,PSG,1,4,1.477,2.548,1.5,2.62,6
2024-2025,https://www.oddsportal.com/football/h2h/montpellier-Eyf00syR/psg-CjhkPw0k/#ppvl45N8,2024-08-23 18:45,PSG,Montpellier,6,0,1.74,2.034,1.8,2.1,5
2024-2025,https://www.oddsportal.com/football/h2h/montpellier-Eyf00syR/reims-tItR6sEf/#WhWcJjo3,2024-10-06 15:00,Reims,Montpellier,4,2,1.598,2.264,1.62,2.3,5
2024-2025,https://www.oddsportal.com/football/h2h/montpellier-Eyf00syR/reims-tItR6sEf/#dtLDNomB,2025-04-27 15:15,Montpellier,Reims,0,0,1.618,2.213,1.68,2.3,6
2024-2025,https://www.oddsportal.com/football/h2h/montpellier-Eyf00syR/rennes-d2nnj1IE/#AcCfsOQH,2025-03-02 17:15,Montpellier,Rennes,0,4,1.702,2.075,1.75,2.15,6
2024-2025,https://www.oddsportal.com/football/h2h/montpellier-Eyf00syR/rennes-d2nnj1IE/#hCffxjZi,2024-09-15 13:00,Rennes,Montpellier,3,0,1.616,2.234,1.66,2.3,5
2024-2025,https://www.oddsportal.com/football/h2h/montpellier-Eyf00syR/st-etienne-YL2QybFe/#GryrQGK8,2024-11-23 19:00,St Etienne,Montpellier,1,0,1.64,2.17,1.72,2.25,6
2024-2025,https://www.oddsportal.com/football/h2h/montpellier-Eyf00syR/strasbourg-nP6UzIU1/#M5VGwpVA,2024-08-18 15:00,Montpellier,Strasbourg,1,1,1.626,2.21,1.68,2.27,5
2024-2025,https://www.oddsportal.com/football/h2h/montpellier-Eyf00syR/strasbourg-nP6UzIU1/#OxjpIezh,2025-02-09 17:15,Strasbourg,Montpellier,2,0,1.67,2.108,1.7,2.2,6
2024-2025,https://www.oddsportal.com/football/h2h/montpellier-Eyf00syR/toulouse-MLmY2yB1/#UN2Rz7oe,2025-01-26 17:15,Toulouse,Montpellier,1,2,1.733,2.025,1.8,2.1,6
2024-2025,https://www.oddsportal.com/football/h2h/montpellier-Eyf00syR/toulouse-MLmY2yB1/#vNHAXt6D,2024-10-27 17:00,Montpellier,Toulouse,0,3,1.538,2.377,1.57,2.5,6
2024-2025,https://www.oddsportal.com/football/h2h/nantes-veuetnGG/nice-YagoQJpq/#WMcg8Qx2,2024-10-20 15:00,Nantes,Nice,1,1,1.792,1.953,1.88,2.0,6
2024-2025,https://www.oddsportal.com/football/h2h/nantes-veuetnGG/nice-YagoQJpq/#vobhtxsH,2025-04-04 18:45,Nice,Nantes,1,2,1.8,1.95,1.88,2.05,6
2024-2025,https://www.oddsportal.com/football/h2h/nantes-veuetnGG/psg-CjhkPw0k/#UH5lVWkD,2025-04-22 18:45,Nantes,PSG,1,1,1.628,2.19,1.67,2.3,6
2024-2025,https://www.oddsportal.com/football/h2h/nantes-veuetnGG/psg-CjhkPw0k/#lUAuV225,2024-11-30 21:00,PSG,Nantes,1,1,2.175,1.635,2.2,1.7,6
2024-2025,https://www.oddsportal.com/football/h2h/nantes-veuetnGG/reims-tItR6sEf/#M51AY7YG,2024-09-15 15:00,Nantes,Reims,1,2,1.794,1.948,1.84,1.95,5
2024-2025,https://www.oddsportal.com/football/h2h/nantes-veuetnGG/reims-tItR6sEf/#tpHhmyyI,2025-02-02 17:15,Reims,Nantes,1,2,1.925,1.817,2.0,1.88,6
2024-2025,https://www.oddsportal.com/football/h2h/nantes-veuetnGG/rennes-d2nnj1IE/#Cp34fJVG,2024-12-08 17:00,Nantes,Rennes,1,0,2.033,1.728,2.12,1.83,6
2024-2025,https://www.oddsportal.com/football/h2h/nantes-veuetnGG/rennes-d2nnj1IE/#WOIn9nYH,2025-04-18 18:45,Rennes,Nantes,2,1,1.732,2.033,1.8,2.1,6
2024-2025,https://www.oddsportal.com/football/h2h/nantes-veuetnGG/st-etienne-YL2QybFe/#pdU4XXv3,2025-01-19 15:00,St Etienne,Nantes,1,1,1.77,1.975,1.82,2.0,6
2024-2025,https://www.oddsportal.com/football/h2h/nantes-veuetnGG/st-etienne-YL2QybFe/#zZA5hNtm,2024-09-29 15:00,Nantes,St Etienne,2,2,1.928,1.824,1.95,1.85,5
2024-2025,https://www.oddsportal.com/football/h2h/nantes-veuetnGG/strasbourg-nP6UzIU1/#OYFdczHF,2025-03-09 17:15,Nantes,Strasbourg,0,1,1.63,2.178,1.67,2.25,6
2024-2025,https://www.oddsportal.com/football/h2h/nantes-veuetnGG/strasbourg-nP6UzIU1/#h2acepbK,2024-10-27 17:00,Strasbourg,Nantes,3,1,1.737,2.028,1.8,2.1,6
2024-2025,https://www.oddsportal.com/football/h2h/nantes-veuetnGG/toulouse-MLmY2yB1/#6ehlLyFq,2024-08-18 15:00,Toulouse,Nantes,0,0,1.876,1.896,1.96,1.93,5
2024-2025,https://www.oddsportal.com/football/h2h/nantes-veuetnGG/toulouse-MLmY2yB1/#lGH5P7Ib,2025-04-27 15:15,Nantes,Toulouse,0,0,1.877,1.865,1.95,1.93,6
2024-2025,https://www.oddsportal.com/football/h2h/nice-YagoQJpq/psg-CjhkPw0k/#OUcd1IPH,2024-10-06 18:45,Nice,PSG,1,1,1.676,2.118,1.7,2.15,5
2024-2025,https://www.oddsportal.com/football/h2h/nice-YagoQJpq/psg-CjhkPw0k/#xzJtRKg3,2025-04-25 18:45,PSG,Nice,1,3,1.487,2.523,1.53,2.65,6
2024-2025,https://www.oddsportal.com/football/h2h/nice-YagoQJpq/reims-tItR6sEf/#4AxOwbw9,2025-05-02 18:45,Nice,Reims,1,0,1.775,1.973,1.82,2.05,6
2024-2025,https://www.oddsportal.com/football/h2h/nice-YagoQJpq/reims-tItR6sEf/#Muxt8HBi,2025-01-11 19:00,Reims,Nice,2,4,1.67,2.115,1.7,2.15,6
2024-2025,https://www.oddsportal.com/football/h2h/nice-YagoQJpq/rennes-d2nnj1IE/#URxCchUs,2025-05-10 19:00,Rennes,Nice,2,0,1.475,2.573,1.5,2.74,6
2024-2025,https://www.oddsportal.com/football/h2h/nice-YagoQJpq/rennes-d2nnj1IE/#naL2UPCm,2025-01-03 21:00,Nice,Rennes,3,2,1.782,1.967,1.84,2.05,6
2024-2025,https://www.oddsportal.com/football/h2h/nice-YagoQJpq/st-etienne-YL2QybFe/#0K4Ww3Ad,2024-09-20 18:45,Nice,St Etienne,8,0,1.932,1.82,2.0,1.88,5
2024-2025,https://www.oddsportal.com/football/h2h/nice-YagoQJpq/st-etienne-YL2QybFe/#4bUSOFAj,2025-03-01 17:00,St Etienne,Nice,1,3,1.643,2.158,1.68,2.25,6
2024-2025,https://www.oddsportal.com/football/h2h/nice-YagoQJpq/strasbourg-nP6UzIU1/#Olld2DS1,2024-11-24 20:45,Nice,Strasbourg,2,1,1.617,2.217,1.68,2.25,6
2024-2025,https://www.oddsportal.com/football/h2h/nice-YagoQJpq/strasbourg-nP6UzIU1/#U72zgzrK,2025-04-12 19:05,Strasbourg,Nice,2,2,1.603,2.243,1.64,2.3,6
2024-2025,https://www.oddsportal.com/football/h2h/nice-YagoQJpq/toulouse-MLmY2yB1/#8nivFMyR,2024-08-25 15:00,Nice,Toulouse,1,1,1.938,1.824,2.06,1.95,5
2024-2025,https://www.oddsportal.com/football/h2h/nice-YagoQJpq/toulouse-MLmY2yB1/#x6aA5Ijn,2025-02-02 15:00,Toulouse,Nice,1,1,1.665,2.12,1.72,2.2,6
2024-2025,https://www.oddsportal.com/football/h2h/psg-CjhkPw0k/reims-tItR6sEf/#Is42xKMa,2025-01-25 21:05,PSG,Reims,1,1,1.63,2.188,1.68,2.25,6
2024-2025,https://www.oddsportal.com/football/h2h/psg-CjhkPw0k/reims-tItR6sEf/#v39B1623,2024-09-21 19:00,Reims,PSG,1,1,1.674,2.118,1.7,2.15,5
2024-2025,https://www.oddsportal.com/football/h2h/psg-CjhkPw0k/rennes-d2nnj1IE/#biUvAD0L,2025-03-08 17:00,Rennes,PSG,1,4,1.517,2.427,1.54,2.5,6
2024-2025,https://www.oddsportal.com/football/h2h/psg-CjhkPw0k/rennes-d2nnj1IE/#zBdshgV6,2024-09-27 19:00,PSG,Rennes,3,1,1.802,1.954,1.86,1.98,5
2024-2025,https://www.oddsportal.com/football/h2h/psg-CjhkPw0k/st-etienne-YL2QybFe/#2DSzci3j,2025-01-12 20:45,PSG,St Etienne,2,1,1.893,1.853,2.1,1.95,6
2024-2025,https://www.oddsportal.com/football/h2h/psg-CjhkPw0k/st-etienne-YL2QybFe/#QaPBTbcB,2025-03-29 19:00,St Etienne,PSG,1,6,1.565,2.313,1.64,2.38,6
2024-2025,https://www.oddsportal.com/football/h2h/psg-CjhkPw0k/strasbourg-nP6UzIU1/#0jB5jyNE,2025-05-03 15:00,Strasbourg,PSG,2,1,1.422,2.712,1.44,2.82,6
2024-2025,https://www.oddsportal.com/football/h2h/psg-CjhkPw0k/strasbourg-nP6UzIU1/#S2WzL3M7,2024-10-19 19:00,PSG,Strasbourg,4,2,1.622,2.2,1.68,2.3,6
2024-2025,https://www.oddsportal.com/football/h2h/psg-CjhkPw0k/toulouse-MLmY2yB1/#Im9H9ezS,2024-11-22 21:00,PSG,Toulouse,3,0,1.615,2.22,1.66,2.25,6
2024-2025,https://www.oddsportal.com/football/h2h/psg-CjhkPw0k/toulouse-MLmY2yB1/#Q9K8A4Yr,2025-02-15 21:05,Toulouse,PSG,0,1,1.665,2.115,1.72,2.2,6
2024-2025,https://www.oddsportal.com/football/h2h/reims-tItR6sEf/rennes-d2nnj1IE/#fR5MLkbs,2025-02-21 20:45,Rennes,Reims,1,0,1.743,2.012,1.78,2.05,6
2024-2025,https://www.oddsportal.com/football/h2h/reims-tItR6sEf/rennes-d2nnj1IE/#p6XSLUlB,2024-09-01 15:00,Reims,Rennes,2,1,1.638,2.19,1.67,2.3,5
2024-2025,https://www.oddsportal.com/football/h2h/reims-tItR6sEf/st-etienne-YL2QybFe/#GOCxqgFl,2025-05-10 19:00,Reims,St Etienne,0,2,1.603,2.238,1.64,2.3,6
2024-2025,https://www.oddsportal.com/football/h2h/reims-tItR6sEf/st-etienne-YL2QybFe/#xU1KHnTs,2025-01-04 17:00,St Etienne,Reims,3,1,1.647,2.14,1.7,2.2,6
2024-2025,https://www.oddsportal.com/football/h2h/reims-tItR6sEf/strasbourg-nP6UzIU1/#4Kaddu14,2024-12-08 17:00,Strasbourg,Reims,0,0,1.603,2.243,1.64,2.3,6
2024-2025,https://www.oddsportal.com/football/h2h/reims-tItR6sEf/strasbourg-nP6UzIU1/#nFk4X1Fq,2025-04-06 15:15,Reims,Strasbourg,0,1,1.722,2.043,1.76,2.1,6
2024-2025,https://www.oddsportal.com/football/h2h/reims-tItR6sEf/toulouse-MLmY2yB1/#2qRVCUYh,2025-04-20 15:15,Reims,Toulouse,1,0,1.662,2.132,1.7,2.25,6
2024-2025,https://www.oddsportal.com/football/h2h/reims-tItR6sEf/toulouse-MLmY2yB1/#4Md3iycn,2024-11-03 15:00,Toulouse,Reims,1,0,1.8,1.94,1.86,2.0,6
2024-2025,https://www.oddsportal.com/football/h2h/rennes-d2nnj1IE/st-etienne-YL2QybFe/#2DnbIPIa,2024-11-30 17:00,Rennes,St Etienne,5,0,1.962,1.788,2.02,1.88,6
2024-2025,https://www.oddsportal.com/football/h2h/rennes-d2nnj1IE/st-etienne-YL2QybFe/#hIs1EDZG,2025-02-08 21:05,St Etienne,Rennes,0,2,1.665,2.12,1.72,2.2,6
2024-2025,https://www.oddsportal.com/football/h2h/rennes-d2nnj1IE/strasbourg-nP6UzIU1/#pW2I3dLb,2025-02-02 17:15,Rennes,Strasbourg,1,0,1.793,1.96,1.86,2.05,6
2024-2025,https://www.oddsportal.com/football/h2h/rennes-d2nnj1IE/strasbourg-nP6UzIU1/#xrJSdNFr,2024-08-25 15:00,Strasbourg,Rennes,3,1,1.806,1.94,1.86,2.0,5
2024-2025,https://www.oddsportal.com/football/h2h/rennes-d2nnj1IE/toulouse-MLmY2yB1/#WWnG5RHd,2024-11-10 17:00,Rennes,Toulouse,0,2,1.773,1.975,1.82,2.1,6
2024-2025,https://www.oddsportal.com/football/h2h/rennes-d2nnj1IE/toulouse-MLmY2yB1/#prTISXU7,2025-05-03 17:00,Toulouse,Rennes,2,1,1.567,2.317,1.64,2.4,6
2024-2025,https://www.oddsportal.com/football/h2h/st-etienne-YL2QybFe/strasbourg-nP6UzIU1/#S0TdRTmn,2025-04-26 15:00,Strasbourg,St Etienne,3,1,1.573,2.308,1.62,2.45,6
2024-2025,https://www.oddsportal.com/football/h2h/st-etienne-YL2QybFe/strasbourg-nP6UzIU1/#vuBo4Eth,2024-11-02 21:00,St Etienne,Strasbourg,2,0,1.575,2.298,1.62,2.4,6
2024-2025,https://www.oddsportal.com/football/h2h/st-etienne-YL2QybFe/toulouse-MLmY2yB1/#I56Cllae,2024-12-13 20:45,Toulouse,St Etienne,2,1,1.94,1.8,2.04,1.85,6
2024-2025,https://www.oddsportal.com/football/h2h/st-etienne-YL2QybFe/toulouse-MLmY2yB1/#OMVYGBaU,2025-05-17 19:00,St Etienne,Toulouse,2,3,1.492,2.513,1.5,2.58,6
2024-2025,https://www.oddsportal.com/football/h2h/strasbourg-nP6UzIU1/toulouse-MLmY2yB1/#KCJAS3s0,2025-01-12 17:15,Toulouse,Strasbourg,1,2,1.745,2.018,1.8,2.15,6
2024-2025,https://www.oddsportal.com/football/h2h/strasbourg-nP6UzIU1/toulouse-MLmY2yB1/#bZz9Dn7D,2025-03-16 17:15,Strasbourg,Toulouse,2,1,1.775,1.975,1.82,2.05,6
2025-2026,https://www.oddsportal.com/football/h2h/angers-SAlF91iL/auxerre-MTLr36WA/#WAeWd6Mq,2026-05-03 15:15,Auxerre,Angers,3,1,1.873,1.863,1.91,1.95,7
2025-2026,https://www.oddsportal.com/football/h2h/angers-SAlF91iL/auxerre-MTLr36WA/#zF2vhaVG,2025-11-09 17:15,Angers,Auxerre,2,0,1.968,1.765,2.0,1.83,6
2025-2026,https://www.oddsportal.com/football/h2h/angers-SAlF91iL/brest-Cr4VGaUl/#27cNRmaL,2025-09-28 15:15,Angers,Brest,0,2,1.908,1.817,1.95,1.88,6
2025-2026,https://www.oddsportal.com/football/h2h/angers-SAlF91iL/brest-Cr4VGaUl/#prPnPy9r,2026-05-17 19:00,Brest,Angers,1,1,1.771,1.957,1.82,2.1,7
2025-2026,https://www.oddsportal.com/football/h2h/angers-SAlF91iL/le-havre-CIEe04GT/#EkkKtZEl,2026-04-18 17:00,Angers,Le Havre,1,1,2.023,1.713,2.05,1.78,7
2025-2026,https://www.oddsportal.com/football/h2h/angers-SAlF91iL/le-havre-CIEe04GT/#KIKWhfY0,2026-01-04 17:15,Le Havre,Angers,2,1,1.873,1.851,1.95,1.93,7
2025-2026,https://www.oddsportal.com/football/h2h/angers-SAlF91iL/lens-IBmris38/#bkiK9OdJ,2025-11-30 17:15,Angers,Lens,1,2,1.727,2.01,1.75,2.05,7
2025-2026,https://www.oddsportal.com/football/h2h/angers-SAlF91iL/lens-IBmris38/#vgQi3gRP,2026-03-20 20:45,Lens,Angers,5,1,2.031,1.706,2.15,1.78,7
2025-2026,https://www.oddsportal.com/football/h2h/angers-SAlF91iL/lille-pfDZL71o/#nBFFSr25,2025-11-02 17:15,Lille,Angers,1,0,1.913,1.817,1.95,1.93,6
2025-2026,https://www.oddsportal.com/football/h2h/angers-SAlF91iL/lille-pfDZL71o/#rkcdKWqR,2026-02-22 17:15,Angers,Lille,0,1,1.943,1.786,2.0,1.88,7
2025-2026,https://www.oddsportal.com/football/h2h/angers-SAlF91iL/lorient-jgNAYRGi/#EZlWdxn3,2026-02-15 17:15,Lorient,Angers,2,0,2.001,1.724,2.05,1.78,7
2025-2026,https://www.oddsportal.com/football/h2h/angers-SAlF91iL/lorient-jgNAYRGi/#Mmlr5Tnp,2025-10-26 17:15,Angers,Lorient,2,0,1.962,1.768,2.0,1.83,6
2025-2026,https://www.oddsportal.com/football/h2h/angers-SAlF91iL/lyon-2akflumR/#MuKE8l35,2026-04-05 13:00,Angers,Lyon,0,0,1.789,1.934,1.82,2.05,7
2025-2026,https://www.oddsportal.com/football/h2h/angers-SAlF91iL/lyon-2akflumR/#tK3L7S7k,2025-09-19 18:45,Lyon,Angers,1,0,1.91,1.817,1.95,1.93,6
2025-2026,https://www.oddsportal.com/football/h2h/angers-SAlF91iL/marseille-SblU3Hee/#OSAOLq84,2026-01-17 21:05,Angers,Marseille,2,5,1.783,1.94,1.85,2.05,7
2025-2026,https://www.oddsportal.com/football/h2h/angers-SAlF91iL/marseille-SblU3Hee/#fLYQLzkL,2025-10-29 21:05,Marseille,Angers,2,2,2.085,1.665,2.15,1.75,6
2025-2026,https://www.oddsportal.com/football/h2h/angers-SAlF91iL/metz-4v0yqlWc/#8YTN2tQh,2025-09-14 15:15,Metz,Angers,1,1,1.8,1.945,1.87,2.0,6
2025-2026,https://www.oddsportal.com/football/h2h/angers-SAlF91iL/metz-4v0yqlWc/#8tr8yVJP,2026-02-01 17:15,Angers,Metz,1,0,1.847,1.881,1.91,1.95,7
2025-2026,https://www.oddsportal.com/football/h2h/angers-SAlF91iL/monaco-2PIvr8o4/#dWoHjUXj,2025-10-18 17:00,Angers,Monaco,1,1,1.76,1.982,1.8,2.1,6
2025-2026,https://www.oddsportal.com/football/h2h/angers-SAlF91iL/monaco-2PIvr8o4/#lASUYVbK,2026-02-28 19:00,Monaco,Angers,2,0,1.766,1.957,1.8,2.1,7
2025-2026,https://www.oddsportal.com/football/h2h/angers-SAlF91iL/nantes-veuetnGG/#WUBivnhc,2026-03-07 17:00,Nantes,Angers,0,1,2.106,1.66,2.15,1.73,7
2025-2026,https://www.oddsportal.com/football/h2h/angers-SAlF91iL/nantes-veuetnGG/#Y3NSxrr3,2025-12-12 20:45,Angers,Nantes,4,1,1.98,1.753,2.05,1.85,7
2025-2026,https://www.oddsportal.com/football/h2h/angers-SAlF91iL/nice-YagoQJpq/#KE8MsLbk,2026-03-14 19:00,Angers,Nice,0,2,1.901,1.816,1.95,1.88,7
2025-2026,https://www.oddsportal.com/football/h2h/angers-SAlF91iL/nice-YagoQJpq/#bo9pQ4bc,2025-12-07 15:00,Nice,Angers,0,1,1.783,1.944,1.82,2.05,7
2025-2026,https://www.oddsportal.com/football/h2h/angers-SAlF91iL/paris-fc-0OEHEprs/#SMhjzqNc,2026-01-25 17:15,Paris FC,Angers,0,0,1.947,1.783,2.0,1.88,7
2025-2026,https://www.oddsportal.com/football/h2h/angers-SAlF91iL/paris-fc-0OEHEprs/#SOmYDjqp,2025-08-17 15:15,Angers,Paris FC,1,0,1.698,2.057,1.75,2.1,6
2025-2026,https://www.oddsportal.com/football/h2h/angers-SAlF91iL/psg-CjhkPw0k/#MyU2ijT6,2026-04-25 17:00,Angers,PSG,0,3,1.959,1.769,2.0,1.85,7
2025-2026,https://www.oddsportal.com/football/h2h/angers-SAlF91iL/psg-CjhkPw0k/#tMrAe41S,2025-08-22 18:45,PSG,Angers,1,0,2.357,1.547,2.5,1.7,6
2025-2026,https://www.oddsportal.com/football/h2h/angers-SAlF91iL/rennes-d2nnj1IE/#YDpNZQ14,2026-04-11 19:05,Rennes,Angers,2,1,1.921,1.8,1.95,1.88,7
2025-2026,https://www.oddsportal.com/football/h2h/angers-SAlF91iL/rennes-d2nnj1IE/#xQ78ie0f,2025-08-31 13:00,Angers,Rennes,1,1,1.787,1.932,1.83,2.0,6
2025-2026,https://www.oddsportal.com/football/h2h/angers-SAlF91iL/strasbourg-nP6UzIU1/#WpCuOrLr,2026-05-10 19:00,Angers,Strasbourg,1,1,1.59,2.23,1.62,2.3,7
2025-2026,https://www.oddsportal.com/football/h2h/angers-SAlF91iL/strasbourg-nP6UzIU1/#d4kSs0kJ,2025-10-05 15:15,Strasbourg,Angers,5,0,1.902,1.822,1.95,1.93,6
2025-2026,https://www.oddsportal.com/football/h2h/angers-SAlF91iL/toulouse-MLmY2yB1/#Ofuj6kjR,2025-11-23 17:15,Toulouse,Angers,0,1,2.017,1.733,2.05,1.75,6
2025-2026,https://www.oddsportal.com/football/h2h/angers-SAlF91iL/toulouse-MLmY2yB1/#SKLUv4QH,2026-02-08 17:15,Angers,Toulouse,1,0,1.951,1.773,2.0,1.85,7
2025-2026,https://www.oddsportal.com/football/h2h/auxerre-MTLr36WA/brest-Cr4VGaUl/#4pPjbkAt,2026-01-04 17:15,Brest,Auxerre,2,0,1.873,1.866,1.91,1.93,7
2025-2026,https://www.oddsportal.com/football/h2h/auxerre-MTLr36WA/brest-Cr4VGaUl/#pzskqYZg,2026-03-21 19:00,Auxerre,Brest,3,0,1.946,1.779,1.98,1.83,7
2025-2026,https://www.oddsportal.com/football/h2h/auxerre-MTLr36WA/le-havre-CIEe04GT/#K2Kr9c5F,2025-10-26 17:15,Auxerre,Le Havre,0,1,1.835,1.915,1.91,2.0,6
2025-2026,https://www.oddsportal.com/football/h2h/auxerre-MTLr36WA/le-havre-CIEe04GT/#z3QU462U,2026-04-05 15:15,Le Havre,Auxerre,1,1,1.97,1.75,2.0,1.78,7
2025-2026,https://www.oddsportal.com/football/h2h/auxerre-MTLr36WA/lens-IBmris38/#8rJp0s5m,2025-10-04 19:05,Auxerre,Lens,1,2,1.648,2.128,1.7,2.25,6
2025-2026,https://www.oddsportal.com/football/h2h/auxerre-MTLr36WA/lens-IBmris38/#Ecit96Ob,2026-01-17 17:00,Lens,Auxerre,1,0,1.883,1.86,1.95,1.95,7
2025-2026,https://www.oddsportal.com/football/h2h/auxerre-MTLr36WA/lille-pfDZL71o/#GnFqZasS,2025-12-14 17:15,Auxerre,Lille,3,4,1.914,1.807,1.95,1.93,7
2025-2026,https://www.oddsportal.com/football/h2h/auxerre-MTLr36WA/lille-pfDZL71o/#IXv8WJG8,2026-05-17 19:00,Lille,Auxerre,0,2,1.897,1.827,1.95,1.93,7
2025-2026,https://www.oddsportal.com/football/h2h/auxerre-MTLr36WA/lorient-jgNAYRGi/#8f91T9Ms,2026-03-01 17:15,Lorient,Auxerre,2,2,1.931,1.787,1.95,1.85,7
2025-2026,https://www.oddsportal.com/football/h2h/auxerre-MTLr36WA/lorient-jgNAYRGi/#fyPSZX53,2025-08-17 15:15,Auxerre,Lorient,1,0,1.757,1.977,1.8,2.05,6
2025-2026,https://www.oddsportal.com/football/h2h/auxerre-MTLr36WA/lyon-2akflumR/#80xxcoDD,2025-11-23 15:00,Auxerre,Lyon,0,0,1.795,1.94,1.83,1.95,6
2025-2026,https://www.oddsportal.com/football/h2h/auxerre-MTLr36WA/lyon-2akflumR/#OIeZkb9a,2026-04-25 13:00,Lyon,Auxerre,3,2,1.739,1.996,1.78,2.1,7
2025-2026,https://www.oddsportal.com/football/h2h/auxerre-MTLr36WA/marseille-SblU3Hee/#ILQ832L8,2026-03-13 20:45,Marseille,Auxerre,1,0,1.917,1.803,2.0,1.88,7
2025-2026,https://www.oddsportal.com/football/h2h/auxerre-MTLr36WA/marseille-SblU3Hee/#UgX5w0GN,2025-11-01 21:05,Auxerre,Marseille,0,1,1.853,1.893,1.91,1.95,6
2025-2026,https://www.oddsportal.com/football/h2h/auxerre-MTLr36WA/metz-4v0yqlWc/#Cj4QK9MH,2025-12-07 17:15,Auxerre,Metz,3,1,1.759,1.977,1.8,2.1,7
2025-2026,https://www.oddsportal.com/football/h2h/auxerre-MTLr36WA/metz-4v0yqlWc/#YwCqZYgd,2026-02-15 17:15,Metz,Auxerre,1,3,1.8,1.921,1.84,1.95,7
2025-2026,https://www.oddsportal.com/football/h2h/auxerre-MTLr36WA/monaco-2PIvr8o4/#MFhSvDq1,2026-04-19 13:00,Monaco,Auxerre,2,2,1.649,2.117,1.7,2.2,7
2025-2026,https://www.oddsportal.com/football/h2h/auxerre-MTLr36WA/monaco-2PIvr8o4/#df05paAO,2025-09-13 19:05,Auxerre,Monaco,1,2,1.497,2.458,1.53,2.55,6
2025-2026,https://www.oddsportal.com/football/h2h/auxerre-MTLr36WA/nantes-veuetnGG/#Ua40gHVs,2025-08-30 17:00,Nantes,Auxerre,1,0,1.748,1.988,1.8,2.05,6
2025-2026,https://www.oddsportal.com/football/h2h/auxerre-MTLr36WA/nantes-veuetnGG/#rmz7ZH7L,2026-04-11 17:00,Auxerre,Nantes,0,0,1.967,1.757,2.0,1.88,7
2025-2026,https://www.oddsportal.com/football/h2h/auxerre-MTLr36WA/nice-YagoQJpq/#OvkE7Nz2,2026-05-10 19:00,Auxerre,Nice,2,1,1.727,2.02,1.75,2.1,7
2025-2026,https://www.oddsportal.com/football/h2h/auxerre-MTLr36WA/nice-YagoQJpq/#jy6bw5up,2025-08-23 17:00,Nice,Auxerre,3,1,1.84,1.915,1.91,2.05,6
2025-2026,https://www.oddsportal.com/football/h2h/auxerre-MTLr36WA/paris-fc-0OEHEprs/#2NcBBpS6,2025-11-29 19:00,Paris FC,Auxerre,1,1,1.754,1.977,1.8,2.05,7
2025-2026,https://www.oddsportal.com/football/h2h/auxerre-MTLr36WA/paris-fc-0OEHEprs/#jFQ5p8dt,2026-02-08 17:15,Auxerre,Paris FC,0,0,1.849,1.896,1.91,1.94,7
2025-2026,https://www.oddsportal.com/football/h2h/auxerre-MTLr36WA/psg-CjhkPw0k/#4zdpXry1,2025-09-27 19:05,PSG,Auxerre,2,0,1.995,1.743,2.1,1.78,6
2025-2026,https://www.oddsportal.com/football/h2h/auxerre-MTLr36WA/psg-CjhkPw0k/#GrPXH17T,2026-01-23 20:00,Auxerre,PSG,0,1,1.851,1.881,1.91,1.95,7
2025-2026,https://www.oddsportal.com/football/h2h/auxerre-MTLr36WA/rennes-d2nnj1IE/#K4XBCBfA,2025-10-19 15:15,Rennes,Auxerre,2,2,1.655,2.108,1.7,2.2,6
2025-2026,https://www.oddsportal.com/football/h2h/auxerre-MTLr36WA/rennes-d2nnj1IE/#SMYSEA7l,2026-02-22 15:00,Auxerre,Rennes,0,3,1.679,2.07,1.7,2.15,7
2025-2026,https://www.oddsportal.com/football/h2h/auxerre-MTLr36WA/strasbourg-nP6UzIU1/#YZBDCWB7,2025-10-29 21:05,Strasbourg,Auxerre,3,0,1.783,1.953,1.82,2.05,6
2025-2026,https://www.oddsportal.com/football/h2h/auxerre-MTLr36WA/strasbourg-nP6UzIU1/#l6n7WZYj,2026-03-07 19:00,Auxerre,Strasbourg,0,0,1.759,1.971,1.8,2.05,7
2025-2026,https://www.oddsportal.com/football/h2h/auxerre-MTLr36WA/toulouse-MLmY2yB1/#K6fWTIOi,2025-09-21 15:15,Auxerre,Toulouse,1,0,1.785,1.94,1.8,1.98,6
2025-2026,https://www.oddsportal.com/football/h2h/auxerre-MTLr36WA/toulouse-MLmY2yB1/#MPJQOizK,2026-02-01 17:15,Toulouse,Auxerre,0,0,2.04,1.693,2.1,1.75,7
2025-2026,https://www.oddsportal.com/football/h2h/brest-Cr4VGaUl/le-havre-CIEe04GT/#dfSgPIRN,2026-03-08 17:15,Brest,Le Havre,2,0,1.951,1.781,2.0,1.93,7
2025-2026,https://www.oddsportal.com/football/h2h/brest-Cr4VGaUl/le-havre-CIEe04GT/#vPzXHRmm,2025-10-29 19:00,Le Havre,Brest,1,0,1.865,1.853,1.95,1.95,6
2025-2026,https://www.oddsportal.com/football/h2h/brest-Cr4VGaUl/lens-IBmris38/#ABiSBPo9,2025-08-29 18:45,Lens,Brest,3,1,1.625,2.175,1.67,2.3,6
2025-2026,https://www.oddsportal.com/football/h2h/brest-Cr4VGaUl/lens-IBmris38/#jXBFVTNp,2026-04-24 18:45,Brest,Lens,3,3,1.741,1.99,1.78,2.1,7
2025-2026,https://www.oddsportal.com/football/h2h/brest-Cr4VGaUl/lille-pfDZL71o/#0E3gLYjA,2025-08-17 13:00,Brest,Lille,3,3,1.778,1.957,1.82,2.05,6
2025-2026,https://www.oddsportal.com/football/h2h/brest-Cr4VGaUl/lille-pfDZL71o/#nVy4g3uB,2026-02-14 19:00,Lille,Brest,1,1,1.883,1.841,1.95,1.95,7
2025-2026,https://www.oddsportal.com/football/h2h/brest-Cr4VGaUl/lorient-jgNAYRGi/#6ihmSQtC,2026-02-07 19:00,Brest,Lorient,2,0,1.847,1.889,1.91,1.95,7
2025-2026,https://www.oddsportal.com/football/h2h/brest-Cr4VGaUl/lorient-jgNAYRGi/#CbApdjAT,2025-10-19 15:15,Lorient,Brest,3,3,1.715,2.04,1.75,2.1,6
2025-2026,https://www.oddsportal.com/football/h2h/brest-Cr4VGaUl/lyon-2akflumR/#hlxsq4nn,2025-11-02 20:45,Brest,Lyon,0,0,1.752,1.992,1.8,2.1,6
2025-2026,https://www.oddsportal.com/football/h2h/brest-Cr4VGaUl/lyon-2akflumR/#tpgYASgn,2026-01-18 20:45,Lyon,Brest,2,1,1.82,1.923,1.91,2.05,7
2025-2026,https://www.oddsportal.com/football/h2h/brest-Cr4VGaUl/marseille-SblU3Hee/#ER8xYwvo,2025-11-08 17:00,Marseille,Brest,3,0,1.695,2.062,1.73,2.15,6
2025-2026,https://www.oddsportal.com/football/h2h/brest-Cr4VGaUl/marseille-SblU3Hee/#h4Kp2XNr,2026-02-20 20:45,Brest,Marseille,2,0,1.587,2.254,1.62,2.4,7
2025-2026,https://www.oddsportal.com/football/h2h/brest-Cr4VGaUl/metz-4v0yqlWc/#EiC9Rmif,2026-03-01 17:15,Metz,Brest,0,1,1.776,1.95,1.82,2.05,7
2025-2026,https://www.oddsportal.com/football/h2h/brest-Cr4VGaUl/metz-4v0yqlWc/#fwWL0TDl,2025-11-23 17:15,Brest,Metz,3,2,1.663,2.103,1.68,2.12,6
2025-2026,https://www.oddsportal.com/football/h2h/brest-Cr4VGaUl/monaco-2PIvr8o4/#hS6UuaT1,2026-03-14 21:05,Monaco,Brest,2,0,1.679,2.074,1.72,2.15,7
2025-2026,https://www.oddsportal.com/football/h2h/brest-Cr4VGaUl/monaco-2PIvr8o4/#hp2gOrT9,2025-12-05 19:00,Brest,Monaco,1,0,1.474,2.529,1.5,2.65,7
2025-2026,https://www.oddsportal.com/football/h2h/brest-Cr4VGaUl/nantes-veuetnGG/#IsnywiED,2026-04-19 15:15,Nantes,Brest,1,1,1.85,1.887,1.91,1.95,7
2025-2026,https://www.oddsportal.com/football/h2h/brest-Cr4VGaUl/nantes-veuetnGG/#lbxE53sQ,2025-10-04 17:00,Brest,Nantes,0,0,1.78,1.96,1.8,2.05,6
2025-2026,https://www.oddsportal.com/football/h2h/brest-Cr4VGaUl/nice-YagoQJpq/#GneMDRRI,2026-02-01 17:15,Nice,Brest,2,2,1.594,2.214,1.62,2.25,7
2025-2026,https://www.oddsportal.com/football/h2h/brest-Cr4VGaUl/nice-YagoQJpq/#h02p6FWp,2025-09-20 17:00,Brest,Nice,4,1,1.527,2.387,1.55,2.45,6
2025-2026,https://www.oddsportal.com/football/h2h/brest-Cr4VGaUl/paris-fc-0OEHEprs/#0tnV0Kf5,2025-09-14 15:15,Brest,Paris FC,1,2,1.597,2.212,1.65,2.25,6
2025-2026,https://www.oddsportal.com/football/h2h/brest-Cr4VGaUl/paris-fc-0OEHEprs/#zuA02SbM,2026-05-03 15:15,Paris FC,Brest,4,0,1.601,2.217,1.63,2.3,7
2025-2026,https://www.oddsportal.com/football/h2h/brest-Cr4VGaUl/psg-CjhkPw0k/#4UIIImq3,2026-05-10 19:00,PSG,Brest,1,0,1.674,2.086,1.73,2.15,7
2025-2026,https://www.oddsportal.com/football/h2h/brest-Cr4VGaUl/psg-CjhkPw0k/#Y5pINdK8,2025-10-25 15:00,Brest,PSG,0,3,1.685,2.067,1.73,2.15,6
2025-2026,https://www.oddsportal.com/football/h2h/brest-Cr4VGaUl/rennes-d2nnj1IE/#CI0FTw5k,2025-12-13 17:00,Rennes,Brest,3,1,1.653,2.123,1.7,2.3,7
2025-2026,https://www.oddsportal.com/football/h2h/brest-Cr4VGaUl/rennes-d2nnj1IE/#QDQ5AAYh,2026-04-04 17:00,Brest,Rennes,3,4,1.721,2.02,1.75,2.1,7
2025-2026,https://www.oddsportal.com/football/h2h/brest-Cr4VGaUl/strasbourg-nP6UzIU1/#GQNpQqs0,2025-11-30 15:00,Strasbourg,Brest,1,2,1.604,2.2,1.63,2.3,7
2025-2026,https://www.oddsportal.com/football/h2h/brest-Cr4VGaUl/strasbourg-nP6UzIU1/#ba03FdGk,2026-05-13 17:00,Brest,Strasbourg,1,2,1.573,2.279,1.62,2.45,7
2025-2026,https://www.oddsportal.com/football/h2h/brest-Cr4VGaUl/toulouse-MLmY2yB1/#dY86yqAd,2025-08-24 15:15,Toulouse,Brest,2,0,1.748,1.993,1.8,2.1,6
2025-2026,https://www.oddsportal.com/football/h2h/brest-Cr4VGaUl/toulouse-MLmY2yB1/#nRF3CuVj,2026-01-25 17:15,Brest,Toulouse,0,2,1.95,1.783,2.05,1.95,7
2025-2026,https://www.oddsportal.com/football/h2h/le-havre-CIEe04GT/lens-IBmris38/#KK1DFmc6,2026-01-30 20:45,Lens,Le Havre,1,0,1.886,1.851,1.93,1.93,7
2025-2026,https://www.oddsportal.com/football/h2h/le-havre-CIEe04GT/lens-IBmris38/#bwRJpmmA,2025-08-24 15:15,Le Havre,Lens,1,2,1.688,2.063,1.73,2.15,6
2025-2026,https://www.oddsportal.com/football/h2h/le-havre-CIEe04GT/lille-pfDZL71o/#jizcr77j,2026-05-03 13:00,Lille,Le Havre,1,1,2.12,1.65,2.2,1.73,7
2025-2026,https://www.oddsportal.com/football/h2h/le-havre-CIEe04GT/lille-pfDZL71o/#jqv6XRlQ,2025-11-30 17:15,Le Havre,Lille,0,1,1.76,1.969,1.8,2.1,7
2025-2026,https://www.oddsportal.com/football/h2h/le-havre-CIEe04GT/lorient-jgNAYRGi/#E5muSdg4,2025-09-21 15:15,Le Havre,Lorient,1,1,1.923,1.805,2.0,1.88,6
2025-2026,https://www.oddsportal.com/football/h2h/le-havre-CIEe04GT/lorient-jgNAYRGi/#r1cGQTSk,2026-05-17 19:00,Lorient,Le Havre,0,2,1.631,2.147,1.67,2.22,7
2025-2026,https://www.oddsportal.com/football/h2h/le-havre-CIEe04GT/lyon-2akflumR/#6BrmTLqd,2026-03-15 17:15,Le Havre,Lyon,0,0,1.781,1.943,1.8,2.0,7
2025-2026,https://www.oddsportal.com/football/h2h/le-havre-CIEe04GT/lyon-2akflumR/#8pfORHZ1,2025-12-14 15:00,Lyon,Le Havre,1,0,1.824,1.897,1.9,1.95,7
2025-2026,https://www.oddsportal.com/football/h2h/le-havre-CIEe04GT/marseille-SblU3Hee/#Qq7RGRDF,2026-05-10 19:00,Le Havre,Marseille,0,1,1.519,2.404,1.55,2.5,7
2025-2026,https://www.oddsportal.com/football/h2h/le-havre-CIEe04GT/marseille-SblU3Hee/#xOA1da4C,2025-10-18 19:05,Marseille,Le Havre,6,2,1.905,1.808,1.97,1.88,6
2025-2026,https://www.oddsportal.com/football/h2h/le-havre-CIEe04GT/metz-4v0yqlWc/#U1XAkUcJ,2026-04-26 15:15,Le Havre,Metz,4,4,1.669,2.09,1.72,2.2,7
2025-2026,https://www.oddsportal.com/football/h2h/le-havre-CIEe04GT/metz-4v0yqlWc/#jXVAIqM7,2025-09-28 15:15,Metz,Le Havre,0,0,1.652,2.128,1.67,2.15,6
2025-2026,https://www.oddsportal.com/football/h2h/le-havre-CIEe04GT/monaco-2PIvr8o4/#8fqoPIEd,2026-01-24 19:00,Le Havre,Monaco,0,0,1.543,2.336,1.6,2.45,7
2025-2026,https://www.oddsportal.com/football/h2h/le-havre-CIEe04GT/monaco-2PIvr8o4/#j3IyYBzG,2025-08-16 17:00,Monaco,Le Havre,3,1,1.893,1.837,1.95,1.93,6
2025-2026,https://www.oddsportal.com/football/h2h/le-havre-CIEe04GT/nantes-veuetnGG/#KGB1bkN7,2026-02-22 17:15,Nantes,Le Havre,2,0,1.856,1.879,1.91,1.95,7
2025-2026,https://www.oddsportal.com/football/h2h/le-havre-CIEe04GT/nantes-veuetnGG/#Wtdmjw0T,2025-11-08 19:00,Le Havre,Nantes,1,1,1.912,1.813,1.95,1.88,6
2025-2026,https://www.oddsportal.com/football/h2h/le-havre-CIEe04GT/nice-YagoQJpq/#4xaPmDaJ,2025-08-31 15:15,Le Havre,Nice,3,1,1.72,2.028,1.75,2.1,6
2025-2026,https://www.oddsportal.com/football/h2h/le-havre-CIEe04GT/nice-YagoQJpq/#SCwWX4WG,2026-04-12 15:15,Nice,Le Havre,1,1,1.776,1.956,1.8,2.05,7
2025-2026,https://www.oddsportal.com/football/h2h/le-havre-CIEe04GT/paris-fc-0OEHEprs/#4Q0IMVi5,2025-12-07 17:15,Le Havre,Paris FC,0,0,1.776,1.954,1.8,2.05,7
2025-2026,https://www.oddsportal.com/football/h2h/le-havre-CIEe04GT/paris-fc-0OEHEprs/#bw7OcXlm,2026-03-22 17:15,Paris FC,Le Havre,3,2,1.826,1.913,1.91,1.98,7
2025-2026,https://www.oddsportal.com/football/h2h/le-havre-CIEe04GT/psg-CjhkPw0k/#0lnzDlx1,2026-02-28 21:05,Le Havre,PSG,0,1,1.919,1.8,1.95,1.93,7
2025-2026,https://www.oddsportal.com/football/h2h/le-havre-CIEe04GT/psg-CjhkPw0k/#fiBfFSSs,2025-11-22 21:05,PSG,Le Havre,3,0,2.135,1.647,2.2,1.7,6
2025-2026,https://www.oddsportal.com/football/h2h/le-havre-CIEe04GT/rennes-d2nnj1IE/#8UwCorjf,2025-10-05 15:15,Le Havre,Rennes,2,2,1.725,2.018,1.8,2.1,6
2025-2026,https://www.oddsportal.com/football/h2h/le-havre-CIEe04GT/rennes-d2nnj1IE/#UiAGhovI,2026-01-18 17:15,Rennes,Le Havre,1,1,1.653,2.12,1.77,2.3,7
2025-2026,https://www.oddsportal.com/football/h2h/le-havre-CIEe04GT/strasbourg-nP6UzIU1/#EHeeQ4BO,2026-02-08 17:15,Le Havre,Strasbourg,2,1,1.734,1.997,1.76,2.1,7
2025-2026,https://www.oddsportal.com/football/h2h/le-havre-CIEe04GT/strasbourg-nP6UzIU1/#MezvabPH,2025-09-14 15:15,Strasbourg,Le Havre,1,0,1.812,1.938,1.91,2.05,6
2025-2026,https://www.oddsportal.com/football/h2h/le-havre-CIEe04GT/toulouse-MLmY2yB1/#tWgxyePq,2026-02-15 15:00,Le Havre,Toulouse,2,1,1.919,1.804,1.95,1.85,7
2025-2026,https://www.oddsportal.com/football/h2h/le-havre-CIEe04GT/toulouse-MLmY2yB1/#voC7U4Xh,2025-11-02 17:15,Toulouse,Le Havre,0,0,1.957,1.782,2.0,1.88,6
2025-2026,https://www.oddsportal.com/football/h2h/lens-IBmris38/lille-pfDZL71o/#MgamNmIb,2026-04-04 19:05,Lille,Lens,3,0,1.61,2.193,1.67,2.3,7
2025-2026,https://www.oddsportal.com/football/h2h/lens-IBmris38/lille-pfDZL71o/#t074FJ9b,2025-09-20 19:05,Lens,Lille,3,0,1.617,2.187,1.67,2.3,6
2025-2026,https://www.oddsportal.com/football/h2h/lens-IBmris38/lorient-jgNAYRGi/#AqkvVsFq,2026-03-14 17:00,Lorient,Lens,2,1,1.731,2.003,1.75,2.1,7
2025-2026,https://www.oddsportal.com/football/h2h/lens-IBmris38/lorient-jgNAYRGi/#Gj7WO01U,2025-11-02 17:15,Lens,Lorient,3,0,1.717,2.037,1.75,2.1,6
2025-2026,https://www.oddsportal.com/football/h2h/lens-IBmris38/lyon-2akflumR/#OhrGQlpm,2026-05-17 19:00,Lyon,Lens,0,4,1.546,2.334,1.6,2.45,7
2025-2026,https://www.oddsportal.com/football/h2h/lens-IBmris38/lyon-2akflumR/#S05oNfMc,2025-08-16 15:00,Lens,Lyon,0,1,1.573,2.29,1.62,2.4,6
2025-2026,https://www.oddsportal.com/football/h2h/lens-IBmris38/marseille-SblU3Hee/#6ahWagS1,2025-10-25 19:05,Lens,Marseille,2,1,1.547,2.318,1.57,2.45,6
2025-2026,https://www.oddsportal.com/football/h2h/lens-IBmris38/marseille-SblU3Hee/#dGPuo0yG,2026-01-24 21:05,Marseille,Lens,3,1,1.441,2.6,1.47,2.75,7
2025-2026,https://www.oddsportal.com/football/h2h/lens-IBmris38/metz-4v0yqlWc/#84SmEqmC,2025-10-29 19:00,Metz,Lens,2,0,1.68,2.072,1.7,2.15,6
2025-2026,https://www.oddsportal.com/football/h2h/lens-IBmris38/metz-4v0yqlWc/#Me2SwItH,2026-03-08 15:00,Lens,Metz,3,0,1.79,1.933,1.85,2.0,7
2025-2026,https://www.oddsportal.com/football/h2h/lens-IBmris38/monaco-2PIvr8o4/#06u69FV8,2026-02-21 17:00,Lens,Monaco,2,3,1.554,2.3,1.6,2.4,7
2025-2026,https://www.oddsportal.com/football/h2h/lens-IBmris38/monaco-2PIvr8o4/#lISD6bpA,2025-11-08 21:05,Monaco,Lens,1,4,1.465,2.562,1.5,2.65,6
2025-2026,https://www.oddsportal.com/football/h2h/lens-IBmris38/nantes-veuetnGG/#WvHb216j,2025-12-06 17:00,Nantes,Lens,1,2,1.71,2.034,1.75,2.15,7
2025-2026,https://www.oddsportal.com/football/h2h/lens-IBmris38/nantes-veuetnGG/#jRj69q6k,2026-05-08 18:45,Lens,Nantes,1,0,1.663,2.094,1.7,2.15,7
2025-2026,https://www.oddsportal.com/football/h2h/lens-IBmris38/nice-YagoQJpq/#CWulrwKr,2025-12-14 17:15,Lens,Nice,2,0,1.583,2.233,1.63,2.3,7
2025-2026,https://www.oddsportal.com/football/h2h/lens-IBmris38/nice-YagoQJpq/#xOQWfpid,2026-05-02 19:05,Nice,Lens,1,1,1.56,2.291,1.6,2.45,7
2025-2026,https://www.oddsportal.com/football/h2h/lens-IBmris38/paris-fc-0OEHEprs/#617xbCuH,2025-10-19 13:00,Lens,Paris FC,2,1,1.577,2.272,1.62,2.4,6
2025-2026,https://www.oddsportal.com/football/h2h/lens-IBmris38/paris-fc-0OEHEprs/#IRomgfoS,2026-02-14 21:05,Paris FC,Lens,0,5,1.701,2.049,1.75,2.15,7
2025-2026,https://www.oddsportal.com/football/h2h/lens-IBmris38/psg-CjhkPw0k/#0S6dnLuC,2025-09-14 15:15,PSG,Lens,2,0,1.582,2.27,1.62,2.4,6
2025-2026,https://www.oddsportal.com/football/h2h/lens-IBmris38/psg-CjhkPw0k/#vXzxUeVr,2026-05-13 19:00,Lens,PSG,0,2,1.343,3.02,1.37,3.15,7
2025-2026,https://www.oddsportal.com/football/h2h/lens-IBmris38/rennes-d2nnj1IE/#KfIMtQe5,2026-02-07 17:00,Lens,Rennes,3,1,1.573,2.264,1.61,2.4,7
2025-2026,https://www.oddsportal.com/football/h2h/lens-IBmris38/rennes-d2nnj1IE/#MivfMRMr,2025-09-28 18:45,Rennes,Lens,0,0,1.523,2.387,1.53,2.45,6
2025-2026,https://www.oddsportal.com/football/h2h/lens-IBmris38/strasbourg-nP6UzIU1/#GWrfnUbe,2025-11-22 17:00,Lens,Strasbourg,1,0,1.527,2.387,1.55,2.4,6
2025-2026,https://www.oddsportal.com/football/h2h/lens-IBmris38/strasbourg-nP6UzIU1/#dEAxVMcn,2026-02-27 20:45,Strasbourg,Lens,1,1,1.58,2.261,1.62,2.45,7
2025-2026,https://www.oddsportal.com/football/h2h/lens-IBmris38/toulouse-MLmY2yB1/#0CIadTvg,2026-01-02 20:45,Toulouse,Lens,0,3,1.78,1.949,1.8,2.05,7
2025-2026,https://www.oddsportal.com/football/h2h/lens-IBmris38/toulouse-MLmY2yB1/#UHDmneiR,2026-04-17 18:45,Lens,Toulouse,3,2,1.753,1.979,1.8,2.1,7
2025-2026,https://www.oddsportal.com/football/h2h/lille-pfDZL71o/lorient-jgNAYRGi/#INeyxdBT,2026-03-08 17:15,Lille,Lorient,1,1,1.929,1.791,2.0,1.88,7
2025-2026,https://www.oddsportal.com/football/h2h/lille-pfDZL71o/lorient-jgNAYRGi/#MDT9ePIP,2025-08-30 15:00,Lorient,Lille,1,7,1.68,2.083,1.7,2.15,6
2025-2026,https://www.oddsportal.com/football/h2h/lille-pfDZL71o/lyon-2akflumR/#882yZ46l,2025-09-28 15:15,Lille,Lyon,0,1,1.547,2.317,1.57,2.45,6
2025-2026,https://www.oddsportal.com/football/h2h/lille-pfDZL71o/lyon-2akflumR/#xYuMQVk1,2026-02-01 15:00,Lyon,Lille,1,0,1.676,2.077,1.72,2.15,7
2025-2026,https://www.oddsportal.com/football/h2h/lille-pfDZL71o/marseille-SblU3Hee/#EZdmhTIO,2026-03-22 17:15,Marseille,Lille,1,2,1.681,2.074,1.7,2.15,7
2025-2026,https://www.oddsportal.com/football/h2h/lille-pfDZL71o/marseille-SblU3Hee/#bDVHOiNh,2025-12-05 21:00,Lille,Marseille,1,0,1.564,2.284,1.62,2.4,7
2025-2026,https://www.oddsportal.com/football/h2h/lille-pfDZL71o/metz-4v0yqlWc/#E1Di7yzS,2025-10-26 15:00,Lille,Metz,6,1,1.908,1.813,1.95,1.88,6
2025-2026,https://www.oddsportal.com/football/h2h/lille-pfDZL71o/metz-4v0yqlWc/#lzAwwreU,2026-02-06 20:45,Metz,Lille,0,0,1.903,1.82,2.0,1.96,7
2025-2026,https://www.oddsportal.com/football/h2h/lille-pfDZL71o/monaco-2PIvr8o4/#2BXAn9Ic,2025-08-24 18:45,Lille,Monaco,1,0,1.54,2.342,1.57,2.45,6
2025-2026,https://www.oddsportal.com/football/h2h/lille-pfDZL71o/monaco-2PIvr8o4/#I1AmMMke,2026-05-10 19:00,Monaco,Lille,0,1,1.529,2.359,1.57,2.55,7
2025-2026,https://www.oddsportal.com/football/h2h/lille-pfDZL71o/nantes-veuetnGG/#Oxv3EXPc,2025-10-19 18:45,Nantes,Lille,0,2,1.775,1.953,1.82,2.05,6
2025-2026,https://www.oddsportal.com/football/h2h/lille-pfDZL71o/nantes-veuetnGG/#z70IPRL6,2026-03-01 17:15,Lille,Nantes,1,0,1.944,1.787,2.05,1.88,7
2025-2026,https://www.oddsportal.com/football/h2h/lille-pfDZL71o/nice-YagoQJpq/#4WLdCNHO,2025-10-29 19:00,Nice,Lille,2,0,1.513,2.413,1.53,2.5,6
2025-2026,https://www.oddsportal.com/football/h2h/lille-pfDZL71o/nice-YagoQJpq/#AyZM0f6K,2026-04-18 19:05,Lille,Nice,0,0,1.751,1.976,1.83,2.1,7
2025-2026,https://www.oddsportal.com/football/h2h/lille-pfDZL71o/paris-fc-0OEHEprs/#WKGfctHP,2026-04-26 15:15,Paris FC,Lille,0,1,1.687,2.059,1.72,2.15,7
2025-2026,https://www.oddsportal.com/football/h2h/lille-pfDZL71o/paris-fc-0OEHEprs/#zmvUb7r1,2025-11-23 20:45,Lille,Paris FC,4,2,1.715,2.04,1.75,2.1,6
2025-2026,https://www.oddsportal.com/football/h2h/lille-pfDZL71o/psg-CjhkPw0k/#G8MhbLZa,2025-10-05 18:45,Lille,PSG,1,1,1.535,2.352,1.57,2.45,6
2025-2026,https://www.oddsportal.com/football/h2h/lille-pfDZL71o/psg-CjhkPw0k/#S0HFN5wh,2026-01-16 21:00,PSG,Lille,3,0,1.736,2.001,1.83,2.1,7
2025-2026,https://www.oddsportal.com/football/h2h/lille-pfDZL71o/rennes-d2nnj1IE/#0URkmsyS,2026-03-15 20:45,Rennes,Lille,1,2,1.727,2.01,1.77,2.1,7
2025-2026,https://www.oddsportal.com/football/h2h/lille-pfDZL71o/rennes-d2nnj1IE/#ChHOfG3l,2026-01-03 21:05,Lille,Rennes,0,2,1.63,2.159,1.7,2.25,7
2025-2026,https://www.oddsportal.com/football/h2h/lille-pfDZL71o/strasbourg-nP6UzIU1/#dt9WJNxH,2026-01-25 20:45,Lille,Strasbourg,1,4,1.763,1.973,1.83,2.15,7
2025-2026,https://www.oddsportal.com/football/h2h/lille-pfDZL71o/strasbourg-nP6UzIU1/#rJpnljUr,2025-11-09 17:15,Strasbourg,Lille,2,0,1.502,2.433,1.53,2.5,6
2025-2026,https://www.oddsportal.com/football/h2h/lille-pfDZL71o/toulouse-MLmY2yB1/#MXobyvw9,2026-04-12 15:15,Toulouse,Lille,0,4,1.871,1.864,1.91,1.93,7
2025-2026,https://www.oddsportal.com/football/h2h/lille-pfDZL71o/toulouse-MLmY2yB1/#ULwncxfU,2025-09-14 13:00,Lille,Toulouse,2,1,1.78,1.96,1.8,2.05,6
2025-2026,https://www.oddsportal.com/football/h2h/lorient-jgNAYRGi/lyon-2akflumR/#Qc01MMcM,2025-12-07 20:45,Lorient,Lyon,1,0,1.844,1.894,1.91,1.95,7
2025-2026,https://www.oddsportal.com/football/h2h/lorient-jgNAYRGi/lyon-2akflumR/#QmsFymXi,2026-04-12 18:45,Lyon,Lorient,2,0,1.706,2.031,1.75,2.1,7
2025-2026,https://www.oddsportal.com/football/h2h/lorient-jgNAYRGi/marseille-SblU3Hee/#EB8llsBa,2025-09-12 18:45,Marseille,Lorient,4,0,1.86,1.863,1.95,1.95,6
2025-2026,https://www.oddsportal.com/football/h2h/lorient-jgNAYRGi/marseille-SblU3Hee/#zaUpSZae,2026-04-18 15:00,Lorient,Marseille,2,0,1.499,2.457,1.53,2.55,7
2025-2026,https://www.oddsportal.com/football/h2h/lorient-jgNAYRGi/metz-4v0yqlWc/#EHDuiY2D,2026-01-04 17:15,Lorient,Metz,1,1,1.74,2.0,1.77,2.1,7
2025-2026,https://www.oddsportal.com/football/h2h/lorient-jgNAYRGi/metz-4v0yqlWc/#nDz9T4cL,2026-05-10 19:00,Metz,Lorient,0,4,1.504,2.424,1.53,2.5,7
2025-2026,https://www.oddsportal.com/football/h2h/lorient-jgNAYRGi/monaco-2PIvr8o4/#0fPTa2oo,2026-01-16 19:00,Monaco,Lorient,1,3,1.601,2.22,1.65,2.3,7
2025-2026,https://www.oddsportal.com/football/h2h/lorient-jgNAYRGi/monaco-2PIvr8o4/#xQB5vRrR,2025-09-27 15:00,Lorient,Monaco,3,1,1.55,2.308,1.57,2.45,6
2025-2026,https://www.oddsportal.com/football/h2h/lorient-jgNAYRGi/nantes-veuetnGG/#2uis8BLE,2025-11-23 17:15,Nantes,Lorient,1,1,1.733,2.003,1.75,2.02,6
2025-2026,https://www.oddsportal.com/football/h2h/lorient-jgNAYRGi/nantes-veuetnGG/#juAdJVcs,2026-01-31 19:00,Lorient,Nantes,2,1,1.876,1.857,1.91,1.95,7
2025-2026,https://www.oddsportal.com/football/h2h/lorient-jgNAYRGi/nice-YagoQJpq/#n3Dg0Bhe,2026-02-22 17:15,Nice,Lorient,3,3,1.734,2.006,1.8,2.12,7
2025-2026,https://www.oddsportal.com/football/h2h/lorient-jgNAYRGi/nice-YagoQJpq/#xtCgONBC,2025-11-30 17:15,Lorient,Nice,3,1,1.603,2.206,1.62,2.25,7
2025-2026,https://www.oddsportal.com/football/h2h/lorient-jgNAYRGi/paris-fc-0OEHEprs/#GfsKqMK6,2025-10-03 18:45,Paris FC,Lorient,2,0,1.647,2.125,1.67,2.2,6
2025-2026,https://www.oddsportal.com/football/h2h/lorient-jgNAYRGi/paris-fc-0OEHEprs/#QR5vP9mn,2026-04-05 15:15,Lorient,Paris FC,1,1,1.779,1.946,1.8,2.05,7
2025-2026,https://www.oddsportal.com/football/h2h/lorient-jgNAYRGi/psg-CjhkPw0k/#4fKdGECr,2025-10-29 19:00,Lorient,PSG,1,1,1.792,1.925,1.8,1.95,6
2025-2026,https://www.oddsportal.com/football/h2h/lorient-jgNAYRGi/psg-CjhkPw0k/#hdhAiBp4,2026-05-02 15:00,PSG,Lorient,2,2,1.646,2.136,1.7,2.25,7
2025-2026,https://www.oddsportal.com/football/h2h/lorient-jgNAYRGi/rennes-d2nnj1IE/#WjPRrRHM,2025-08-24 13:00,Lorient,Rennes,4,0,1.712,2.04,1.75,2.1,6
2025-2026,https://www.oddsportal.com/football/h2h/lorient-jgNAYRGi/rennes-d2nnj1IE/#zmdbYMiA,2026-01-24 17:00,Rennes,Lorient,0,2,1.73,2.009,1.78,2.1,7
2025-2026,https://www.oddsportal.com/football/h2h/lorient-jgNAYRGi/strasbourg-nP6UzIU1/#KY09kLR8,2025-12-14 17:15,Strasbourg,Lorient,0,0,1.759,1.969,1.8,2.1,7
2025-2026,https://www.oddsportal.com/football/h2h/lorient-jgNAYRGi/strasbourg-nP6UzIU1/#Sj2QiKvm,2026-04-26 13:00,Lorient,Strasbourg,2,3,1.564,2.286,1.65,2.45,7
2025-2026,https://www.oddsportal.com/football/h2h/lorient-jgNAYRGi/toulouse-MLmY2yB1/#63AWeBJa,2026-03-21 17:00,Toulouse,Lorient,1,0,1.866,1.866,1.91,1.91,7
2025-2026,https://www.oddsportal.com/football/h2h/lorient-jgNAYRGi/toulouse-MLmY2yB1/#thP58KFc,2025-11-09 15:00,Lorient,Toulouse,1,1,1.835,1.91,1.91,1.95,6
2025-2026,https://www.oddsportal.com/football/h2h/lyon-2akflumR/marseille-SblU3Hee/#UR8pT0Sb,2026-03-01 20:45,Marseille,Lyon,3,2,1.664,2.097,1.7,2.22,7
2025-2026,https://www.oddsportal.com/football/h2h/lyon-2akflumR/marseille-SblU3Hee/#hdKuj3tm,2025-08-31 18:45,Lyon,Marseille,1,0,1.55,2.31,1.57,2.4,6
2025-2026,https://www.oddsportal.com/football/h2h/lyon-2akflumR/metz-4v0yqlWc/#CSkxRvpp,2026-01-25 17:15,Metz,Lyon,2,5,1.837,1.887,1.95,1.95,7
2025-2026,https://www.oddsportal.com/football/h2h/lyon-2akflumR/metz-4v0yqlWc/#xUogan23,2025-08-23 19:05,Lyon,Metz,3,0,1.71,2.035,1.75,2.1,6
2025-2026,https://www.oddsportal.com/football/h2h/lyon-2akflumR/monaco-2PIvr8o4/#OKhtof5s,2026-03-22 15:00,Lyon,Monaco,1,2,1.511,2.401,1.53,2.5,7
2025-2026,https://www.oddsportal.com/football/h2h/lyon-2akflumR/monaco-2PIvr8o4/#SKuh0xtR,2026-01-03 17:00,Monaco,Lyon,1,3,1.539,2.333,1.57,2.45,7
2025-2026,https://www.oddsportal.com/football/h2h/lyon-2akflumR/nantes-veuetnGG/#G6a3D6cf,2025-11-30 20:45,Lyon,Nantes,3,0,1.921,1.799,1.95,1.88,7
2025-2026,https://www.oddsportal.com/football/h2h/lyon-2akflumR/nantes-veuetnGG/#OSODrnRh,2026-02-07 21:05,Nantes,Lyon,0,1,1.794,1.931,1.84,2.05,7
2025-2026,https://www.oddsportal.com/football/h2h/lyon-2akflumR/nice-YagoQJpq/#Ikpmcotn,2026-02-15 20:45,Lyon,Nice,2,0,1.649,2.127,1.68,2.25,7
2025-2026,https://www.oddsportal.com/football/h2h/lyon-2akflumR/nice-YagoQJpq/#MDXYwilo,2025-10-18 15:00,Nice,Lyon,3,2,1.557,2.315,1.57,2.4,6
2025-2026,https://www.oddsportal.com/football/h2h/lyon-2akflumR/paris-fc-0OEHEprs/#lr4KuvC4,2026-03-08 20:45,Lyon,Paris FC,1,1,1.914,1.809,1.98,1.91,7
2025-2026,https://www.oddsportal.com/football/h2h/lyon-2akflumR/paris-fc-0OEHEprs/#lrf0zz4E,2025-10-29 21:05,Paris FC,Lyon,3,3,1.568,2.295,1.62,2.45,6
2025-2026,https://www.oddsportal.com/football/h2h/lyon-2akflumR/psg-CjhkPw0k/#6ZANesWi,2025-11-09 20:45,Lyon,PSG,2,3,1.757,1.98,1.8,2.1,6
2025-2026,https://www.oddsportal.com/football/h2h/lyon-2akflumR/psg-CjhkPw0k/#hdxneYTs,2026-04-19 18:45,PSG,Lyon,1,2,1.749,1.984,1.8,2.1,7
2025-2026,https://www.oddsportal.com/football/h2h/lyon-2akflumR/rennes-d2nnj1IE/#8n9dHuun,2025-09-14 18:45,Rennes,Lyon,3,1,1.608,2.207,1.67,2.3,6
2025-2026,https://www.oddsportal.com/football/h2h/lyon-2akflumR/rennes-d2nnj1IE/#vDGi4lU9,2026-05-03 18:45,Lyon,Rennes,4,2,1.467,2.543,1.5,2.65,7
2025-2026,https://www.oddsportal.com/football/h2h/lyon-2akflumR/strasbourg-nP6UzIU1/#YamKoCw2,2026-02-22 20:45,Strasbourg,Lyon,3,1,1.604,2.221,1.65,2.3,7
2025-2026,https://www.oddsportal.com/football/h2h/lyon-2akflumR/strasbourg-nP6UzIU1/#hIVJAkPM,2025-10-26 20:45,Lyon,Strasbourg,2,1,1.58,2.268,1.62,2.4,6
2025-2026,https://www.oddsportal.com/football/h2h/lyon-2akflumR/toulouse-MLmY2yB1/#Y9AZE5rS,2026-05-10 19:00,Toulouse,Lyon,2,1,1.617,2.176,1.67,2.3,7
2025-2026,https://www.oddsportal.com/football/h2h/lyon-2akflumR/toulouse-MLmY2yB1/#nFk3m4Ls,2025-10-05 13:00,Lyon,Toulouse,1,2,1.777,1.965,1.8,2.05,6
2025-2026,https://www.oddsportal.com/football/h2h/marseille-SblU3Hee/metz-4v0yqlWc/#GWbXhQcK,2025-10-04 15:00,Metz,Marseille,0,3,1.72,2.025,1.75,2.1,6
2025-2026,https://www.oddsportal.com/football/h2h/marseille-SblU3Hee/metz-4v0yqlWc/#ph4SDquo,2026-04-10 19:05,Marseille,Metz,3,1,1.621,2.159,1.66,2.22,7
2025-2026,https://www.oddsportal.com/football/h2h/marseille-SblU3Hee/monaco-2PIvr8o4/#8bZdtHle,2025-12-14 20:45,Marseille,Monaco,1,0,1.563,2.286,1.6,2.4,7
2025-2026,https://www.oddsportal.com/football/h2h/marseille-SblU3Hee/monaco-2PIvr8o4/#h0ScCW3t,2026-04-05 18:45,Monaco,Marseille,2,1,1.471,2.536,1.5,2.65,7
2025-2026,https://www.oddsportal.com/football/h2h/marseille-SblU3Hee/nantes-veuetnGG/#8xM7f795,2026-01-04 15:00,Marseille,Nantes,0,2,1.851,1.876,1.91,1.95,7
2025-2026,https://www.oddsportal.com/football/h2h/marseille-SblU3Hee/nantes-veuetnGG/#Q9jIkkFG,2026-05-02 13:00,Nantes,Marseille,3,0,1.51,2.42,1.55,2.5,7
2025-2026,https://www.oddsportal.com/football/h2h/marseille-SblU3Hee/nice-YagoQJpq/#O8KOKl5K,2025-11-21 20:45,Nice,Marseille,1,5,1.588,2.248,1.62,2.3,6
2025-2026,https://www.oddsportal.com/football/h2h/marseille-SblU3Hee/nice-YagoQJpq/#dUb1gXFi,2026-04-26 18:45,Marseille,Nice,1,1,1.631,2.161,1.68,2.3,7
2025-2026,https://www.oddsportal.com/football/h2h/marseille-SblU3Hee/paris-fc-0OEHEprs/#dEpPO5Qj,2025-08-23 15:00,Marseille,Paris FC,5,2,1.733,2.017,1.8,2.1,6
2025-2026,https://www.oddsportal.com/football/h2h/marseille-SblU3Hee/paris-fc-0OEHEprs/#t6nDSiLl,2026-01-31 17:00,Paris FC,Marseille,2,2,1.64,2.131,1.67,2.25,7
2025-2026,https://www.oddsportal.com/football/h2h/marseille-SblU3Hee/psg-CjhkPw0k/#lp7T56x2,2025-09-22 18:00,Marseille,PSG,1,0,1.572,2.283,1.62,2.4,6
2025-2026,https://www.oddsportal.com/football/h2h/marseille-SblU3Hee/psg-CjhkPw0k/#xC0WV8sm,2026-02-08 20:45,PSG,Marseille,5,0,1.546,2.333,1.6,2.45,7
2025-2026,https://www.oddsportal.com/football/h2h/marseille-SblU3Hee/rennes-d2nnj1IE/#ELNbaiUj,2025-08-15 18:45,Rennes,Marseille,1,0,1.628,2.157,1.67,2.3,6
2025-2026,https://www.oddsportal.com/football/h2h/marseille-SblU3Hee/rennes-d2nnj1IE/#xbwdLg87,2026-05-17 19:00,Marseille,Rennes,3,1,1.323,3.157,1.37,3.25,7
2025-2026,https://www.oddsportal.com/football/h2h/marseille-SblU3Hee/strasbourg-nP6UzIU1/#EHwdePAb,2026-02-14 17:00,Marseille,Strasbourg,2,2,1.556,2.283,1.6,2.4,7
2025-2026,https://www.oddsportal.com/football/h2h/marseille-SblU3Hee/strasbourg-nP6UzIU1/#UupGT9U8,2025-09-26 18:45,Strasbourg,Marseille,1,2,1.59,2.238,1.62,2.3,6
2025-2026,https://www.oddsportal.com/football/h2h/marseille-SblU3Hee/toulouse-MLmY2yB1/#QaX9QDht,2025-11-29 21:05,Marseille,Toulouse,2,2,1.691,2.053,1.72,2.15,7
2025-2026,https://www.oddsportal.com/football/h2h/marseille-SblU3Hee/toulouse-MLmY2yB1/#lUOoRvcB,2026-03-07 21:05,Toulouse,Marseille,0,1,1.597,2.223,1.62,2.3,7
2025-2026,https://www.oddsportal.com/football/h2h/metz-4v0yqlWc/monaco-2PIvr8o4/#MypRmTqT,2026-05-02 17:00,Metz,Monaco,1,2,1.441,2.596,1.47,2.65,7
2025-2026,https://www.oddsportal.com/football/h2h/metz-4v0yqlWc/monaco-2PIvr8o4/#nJomQzOG,2025-09-21 15:15,Monaco,Metz,5,2,1.717,2.035,1.75,2.1,6
2025-2026,https://www.oddsportal.com/football/h2h/metz-4v0yqlWc/nantes-veuetnGG/#EmxM6SXH,2026-04-05 15:15,Metz,Nantes,0,0,1.776,1.953,1.8,2.05,7
2025-2026,https://www.oddsportal.com/football/h2h/metz-4v0yqlWc/nantes-veuetnGG/#Q1zksrHb,2025-11-02 17:15,Nantes,Metz,0,2,1.597,2.222,1.62,2.3,6
2025-2026,https://www.oddsportal.com/football/h2h/metz-4v0yqlWc/nice-YagoQJpq/#214WgL04,2025-11-09 17:15,Metz,Nice,2,1,1.54,2.332,1.57,2.45,6
2025-2026,https://www.oddsportal.com/football/h2h/metz-4v0yqlWc/nice-YagoQJpq/#QcrGUcoL,2026-05-17 19:00,Nice,Metz,0,0,1.861,1.874,1.95,1.95,7
2025-2026,https://www.oddsportal.com/football/h2h/metz-4v0yqlWc/paris-fc-0OEHEprs/#OKAulHME,2026-04-19 15:15,Metz,Paris FC,1,3,1.529,2.374,1.55,2.45,7
2025-2026,https://www.oddsportal.com/football/h2h/metz-4v0yqlWc/paris-fc-0OEHEprs/#WO0HkZU6,2025-08-31 15:15,Paris FC,Metz,3,2,1.768,1.962,1.8,2.05,6
2025-2026,https://www.oddsportal.com/football/h2h/metz-4v0yqlWc/psg-CjhkPw0k/#MLTE7g0L,2026-02-21 21:05,PSG,Metz,3,0,1.979,1.751,2.05,1.8,7
2025-2026,https://www.oddsportal.com/football/h2h/metz-4v0yqlWc/psg-CjhkPw0k/#tlkImadL,2025-12-13 19:00,Metz,PSG,2,3,1.7,2.044,1.75,2.1,7
2025-2026,https://www.oddsportal.com/football/h2h/metz-4v0yqlWc/rennes-d2nnj1IE/#ATKxS5Cm,2025-11-28 20:45,Metz,Rennes,0,1,1.511,2.407,1.53,2.5,7
2025-2026,https://www.oddsportal.com/football/h2h/metz-4v0yqlWc/rennes-d2nnj1IE/#h0pcsC46,2026-03-22 17:15,Rennes,Metz,0,0,1.9,1.82,1.95,1.95,7
2025-2026,https://www.oddsportal.com/football/h2h/metz-4v0yqlWc/strasbourg-nP6UzIU1/#2JNNjP8U,2026-01-18 15:00,Strasbourg,Metz,2,1,1.799,1.933,1.87,2.1,7
2025-2026,https://www.oddsportal.com/football/h2h/metz-4v0yqlWc/strasbourg-nP6UzIU1/#lvxsCUDd,2025-08-17 15:15,Metz,Strasbourg,0,1,1.687,2.068,1.7,2.15,6
2025-2026,https://www.oddsportal.com/football/h2h/metz-4v0yqlWc/toulouse-MLmY2yB1/#AZDTaYA4,2025-10-19 15:15,Toulouse,Metz,4,0,1.778,1.955,1.83,2.0,6
2025-2026,https://www.oddsportal.com/football/h2h/metz-4v0yqlWc/toulouse-MLmY2yB1/#h4Osk36F,2026-03-15 17:15,Metz,Toulouse,3,4,1.907,1.82,1.95,1.95,7
2025-2026,https://www.oddsportal.com/football/h2h/monaco-2PIvr8o4/nantes-veuetnGG/#0MD5Ehse,2025-10-29 21:05,Nantes,Monaco,3,5,1.645,2.135,1.7,2.2,6
2025-2026,https://www.oddsportal.com/football/h2h/monaco-2PIvr8o4/nantes-veuetnGG/#MahveGGF,2026-02-13 21:05,Monaco,Nantes,3,1,1.67,2.086,1.73,2.15,7
2025-2026,https://www.oddsportal.com/football/h2h/monaco-2PIvr8o4/nice-YagoQJpq/#xlfhVM5D,2025-10-05 15:15,Monaco,Nice,,,1.473,2.53,1.5,2.57,6
2025-2026,https://www.oddsportal.com/football/h2h/monaco-2PIvr8o4/paris-fc-0OEHEprs/#MTTcuMoB,2025-11-01 19:00,,,,,1.692,4.192,1.75,4.3,6
2025-2026,https://www.oddsportal.com/football/h2h/monaco-2PIvr8o4/paris-fc-0OEHEprs/#fRgCDzo2,2026-04-10 17:00,Paris FC,Monaco,4,1,1.556,2.311,1.57,2.45,7
2025-2026,https://www.oddsportal.com/football/h2h/monaco-2PIvr8o4/psg-CjhkPw0k/#IoAaxQM9,2026-03-06 20:45,PSG,Monaco,1,3,1.537,2.347,1.6,2.48,7
2025-2026,https://www.oddsportal.com/football/h2h/monaco-2PIvr8o4/psg-CjhkPw0k/#p6F1M1tP,2025-11-29 17:00,Monaco,PSG,1,0,1.413,2.721,1.44,2.85,7
2025-2026,https://www.oddsportal.com/football/h2h/monaco-2PIvr8o4/rennes-d2nnj1IE/#Cfb5H9Sg,2026-01-31 21:05,Monaco,Rennes,,,1.43,2.647,1.46,2.75,7
2025-2026,https://www.oddsportal.com/football/h2h/monaco-2PIvr8o4/rennes-d2nnj1IE/#zZbep8T7,2025-11-22 19:00,Rennes,Monaco,4,1,1.43,2.658,1.45,2.72,6
2025-2026,https://www.oddsportal.com/football/h2h/monaco-2PIvr8o4/strasbourg-nP6UzIU1/#44Vsqc0E,2026-05-17 19:00,Strasbourg,Monaco,5,4,1.313,3.179,1.34,3.3,7
2025-2026,https://www.oddsportal.com/football/h2h/monaco-2PIvr8o4/strasbourg-nP6UzIU1/#r5atlMg2,2025-08-31 15:15,Monaco,Strasbourg,3,2,1.637,2.152,1.7,2.25,6
2025-2026,https://www.oddsportal.com/football/h2h/monaco-2PIvr8o4/toulouse-MLmY2yB1/#UDij37Hd,2025-10-25 17:00,Monaco,Toulouse,1,0,1.537,2.36,1.58,2.45,6
2025-2026,https://www.oddsportal.com/football/h2h/monaco-2PIvr8o4/toulouse-MLmY2yB1/#WraslxvC,2026-04-25 19:05,Toulouse,Monaco,2,2,1.544,2.329,1.57,2.45,7
2025-2026,https://www.oddsportal.com/football/h2h/nantes-veuetnGG/nice-YagoQJpq/#C6zF42et,2025-09-13 15:00,Nice,Nantes,1,0,1.772,1.98,1.8,2.1,6
2025-2026,https://www.oddsportal.com/football/h2h/nantes-veuetnGG/nice-YagoQJpq/#z1yXnM63,2026-01-25 15:00,Nantes,Nice,1,4,1.634,2.151,1.67,2.2,7
2025-2026,https://www.oddsportal.com/football/h2h/nantes-veuetnGG/paris-fc-0OEHEprs/#AXbN1Fck,2025-10-24 18:45,Paris FC,Nantes,1,2,1.807,1.942,1.91,2.0,6
2025-2026,https://www.oddsportal.com/football/h2h/nantes-veuetnGG/paris-fc-0OEHEprs/#GMmc5ONN,2026-01-18 17:15,Nantes,Paris FC,1,2,1.757,1.971,1.8,2.05,7
2025-2026,https://www.oddsportal.com/football/h2h/nantes-veuetnGG/psg-CjhkPw0k/#ED38z4iM,2026-04-22 17:00,PSG,Nantes,3,0,1.933,1.789,1.98,1.85,7
2025-2026,https://www.oddsportal.com/football/h2h/nantes-veuetnGG/psg-CjhkPw0k/#OGGqWk5S,2025-08-17 18:45,Nantes,PSG,0,1,1.925,1.805,2.0,1.9,6
2025-2026,https://www.oddsportal.com/football/h2h/nantes-veuetnGG/rennes-d2nnj1IE/#02N5DcvB,2025-09-20 15:00,Nantes,Rennes,2,2,1.783,1.963,1.8,2.0,6
2025-2026,https://www.oddsportal.com/football/h2h/nantes-veuetnGG/rennes-d2nnj1IE/#0MufgCbf,2026-04-26 15:15,Rennes,Nantes,2,1,1.753,1.976,1.83,2.1,7
2025-2026,https://www.oddsportal.com/football/h2h/nantes-veuetnGG/strasbourg-nP6UzIU1/#naw6ujZI,2026-03-22 20:45,Nantes,Strasbourg,2,3,1.711,2.029,1.75,2.1,7
2025-2026,https://www.oddsportal.com/football/h2h/nantes-veuetnGG/strasbourg-nP6UzIU1/#pfk1cQWF,2025-08-24 15:15,Strasbourg,Nantes,1,0,1.833,1.893,1.9,1.95,6
2025-2026,https://www.oddsportal.com/football/h2h/nantes-veuetnGG/toulouse-MLmY2yB1/#f5x2K5ie,2025-09-27 17:00,Toulouse,Nantes,2,2,1.898,1.833,1.95,1.93,6
2025-2026,https://www.oddsportal.com/football/h2h/nantes-veuetnGG/toulouse-MLmY2yB1/#z9FNO7c2,2026-05-17 19:00,Nantes,Toulouse,,,1.63,2.164,1.67,2.3,7
2025-2026,https://www.oddsportal.com/football/h2h/nice-YagoQJpq/paris-fc-0OEHEprs/#GANdtmEE,2025-09-28 13:00,Nice,Paris FC,1,1,1.597,2.227,1.62,2.3,6
2025-2026,https://www.oddsportal.com/football/h2h/nice-YagoQJpq/paris-fc-0OEHEprs/#rX3QN5jJ,2026-03-01 15:00,Paris FC,Nice,1,0,1.626,2.169,1.67,2.3,7
2025-2026,https://www.oddsportal.com/football/h2h/nice-YagoQJpq/psg-CjhkPw0k/#Krd6WQ2t,2025-11-01 17:00,PSG,Nice,1,0,1.932,1.797,2.0,1.95,6
2025-2026,https://www.oddsportal.com/football/h2h/nice-YagoQJpq/psg-CjhkPw0k/#SIbufklC,2026-03-21 21:05,Nice,PSG,0,4,1.684,2.077,1.75,2.27,7
2025-2026,https://www.oddsportal.com/football/h2h/nice-YagoQJpq/rennes-d2nnj1IE/#CxHzBJz3,2025-10-26 17:15,Rennes,Nice,1,2,1.547,2.332,1.57,2.45,6
2025-2026,https://www.oddsportal.com/football/h2h/nice-YagoQJpq/rennes-d2nnj1IE/#tS3QJdko,2026-03-08 17:15,Nice,Rennes,0,4,1.539,2.337,1.57,2.45,7
2025-2026,https://www.oddsportal.com/football/h2h/nice-YagoQJpq/st-etienne-YL2QybFe/#O4wBNeOr,2026-05-26 18:45,St Etienne,Nice,0,0,1.894,1.803,1.93,1.85,7
2025-2026,https://www.oddsportal.com/football/h2h/nice-YagoQJpq/st-etienne-YL2QybFe/#dIyJLZhe,2026-05-29 18:45,Nice,St Etienne,4,1,2.133,1.631,2.2,1.73,7
2025-2026,https://www.oddsportal.com/football/h2h/nice-YagoQJpq/strasbourg-nP6UzIU1/#E9DdJ5HN,2026-04-04 15:00,Strasbourg,Nice,3,1,1.527,2.371,1.55,2.45,7
2025-2026,https://www.oddsportal.com/football/h2h/nice-YagoQJpq/strasbourg-nP6UzIU1/#tCX4veJ7,2026-01-03 19:00,Nice,Strasbourg,1,1,1.619,2.174,1.67,2.3,7
2025-2026,https://www.oddsportal.com/football/h2h/nice-YagoQJpq/toulouse-MLmY2yB1/#APpk7pgB,2026-01-17 19:00,Toulouse,Nice,5,1,1.727,2.003,1.75,2.05,7
2025-2026,https://www.oddsportal.com/football/h2h/nice-YagoQJpq/toulouse-MLmY2yB1/#dtc2JCLM,2025-08-16 19:05,Nice,Toulouse,0,1,1.763,1.965,1.8,2.05,6
2025-2026,https://www.oddsportal.com/football/h2h/paris-fc-0OEHEprs/psg-CjhkPw0k/#IeNfNFwe,2026-05-17 19:00,Paris FC,PSG,2,1,1.481,2.51,1.5,2.6,7
2025-2026,https://www.oddsportal.com/football/h2h/paris-fc-0OEHEprs/psg-CjhkPw0k/#Kfxp2bBE,2026-01-04 20:45,PSG,Paris FC,2,1,1.936,1.787,2.0,1.83,7
2025-2026,https://www.oddsportal.com/football/h2h/paris-fc-0OEHEprs/rennes-d2nnj1IE/#0dnJpHNj,2025-11-07 20:45,Paris FC,Rennes,0,1,1.562,2.3,1.6,2.45,6
2025-2026,https://www.oddsportal.com/football/h2h/paris-fc-0OEHEprs/rennes-d2nnj1IE/#vmX0VQS8,2026-05-10 19:00,Rennes,Paris FC,2,1,1.493,2.483,1.55,2.58,7
2025-2026,https://www.oddsportal.com/football/h2h/paris-fc-0OEHEprs/strasbourg-nP6UzIU1/#8SQDBy9N,2025-09-21 13:00,Paris FC,Strasbourg,2,3,1.6,2.22,1.62,2.3,6
2025-2026,https://www.oddsportal.com/football/h2h/paris-fc-0OEHEprs/strasbourg-nP6UzIU1/#WlzZjPy3,2026-03-15 15:00,Strasbourg,Paris FC,0,0,1.696,2.044,1.73,2.15,7
2025-2026,https://www.oddsportal.com/football/h2h/paris-fc-0OEHEprs/toulouse-MLmY2yB1/#KKLzyMCF,2025-12-13 21:05,Paris FC,Toulouse,0,3,1.819,1.921,1.91,2.0,7
2025-2026,https://www.oddsportal.com/football/h2h/paris-fc-0OEHEprs/toulouse-MLmY2yB1/#zPglMhFE,2026-02-21 19:00,Toulouse,Paris FC,1,1,1.913,1.81,1.95,1.88,7
2025-2026,https://www.oddsportal.com/football/h2h/psg-CjhkPw0k/rennes-d2nnj1IE/#EcXImY8k,2026-02-13 19:00,Rennes,PSG,3,1,1.536,2.359,1.57,2.4,7
2025-2026,https://www.oddsportal.com/football/h2h/psg-CjhkPw0k/rennes-d2nnj1IE/#h8ptFvjd,2025-12-06 21:05,PSG,Rennes,5,0,1.601,2.213,1.63,2.3,7
2025-2026,https://www.oddsportal.com/football/h2h/psg-CjhkPw0k/strasbourg-nP6UzIU1/#AovUO9KD,2026-02-01 20:45,Strasbourg,PSG,1,2,1.591,2.219,1.63,2.28,7
2025-2026,https://www.oddsportal.com/football/h2h/psg-CjhkPw0k/strasbourg-nP6UzIU1/#xMFL1fth,2025-10-17 18:45,PSG,Strasbourg,3,3,1.605,2.198,1.63,2.22,6
2025-2026,https://www.oddsportal.com/football/h2h/psg-CjhkPw0k/toulouse-MLmY2yB1/#f7ceLRnB,2026-04-03 18:45,PSG,Toulouse,3,1,1.749,1.984,1.82,2.05,7
2025-2026,https://www.oddsportal.com/football/h2h/psg-CjhkPw0k/toulouse-MLmY2yB1/#xhUujrPk,2025-08-30 19:05,Toulouse,PSG,3,6,1.79,1.93,1.82,1.95,6
2025-2026,https://www.oddsportal.com/football/h2h/red-star-2kM6ufaS/rodez-0pOdQOCg/#Kni5RCfK,2026-05-12 18:30,Red Star,Rodez,2,3,1.7,2.027,1.73,2.1,7
2025-2026,https://www.oddsportal.com/football/h2h/rennes-d2nnj1IE/strasbourg-nP6UzIU1/#8CShQDU7,2026-04-19 15:15,Strasbourg,Rennes,0,3,1.507,2.423,1.53,2.55,7
2025-2026,https://www.oddsportal.com/football/h2h/rennes-d2nnj1IE/strasbourg-nP6UzIU1/#8Q3OQMWH,2025-11-02 15:00,Rennes,Strasbourg,4,1,1.54,2.34,1.57,2.45,6
2025-2026,https://www.oddsportal.com/football/h2h/rennes-d2nnj1IE/toulouse-MLmY2yB1/#0vPuG5Ia,2025-10-29 21:05,Toulouse,Rennes,2,2,1.707,2.048,1.75,2.15,6
2025-2026,https://www.oddsportal.com/football/h2h/rennes-d2nnj1IE/toulouse-MLmY2yB1/#dGuqBS6D,2026-02-28 17:00,Rennes,Toulouse,1,0,1.673,2.084,1.71,2.15,7
2025-2026,https://www.oddsportal.com/football/h2h/rodez-0pOdQOCg/st-etienne-YL2QybFe/#lUe93UEb,2026-05-15 18:30,St Etienne,Rodez,1,0,1.569,2.251,1.6,2.35,7
2025-2026,https://www.oddsportal.com/football/h2h/strasbourg-nP6UzIU1/toulouse-MLmY2yB1/#WnDq6Aac,2026-05-03 15:15,Strasbourg,Toulouse,1,2,1.609,2.206,1.63,2.3,7
2025-2026,https://www.oddsportal.com/football/h2h/strasbourg-nP6UzIU1/toulouse-MLmY2yB1/#prsYG0Lq,2025-12-06 19:00,Toulouse,Strasbourg,1,0,1.743,2.003,1.8,2.1,7
current,https://www.oddsportal.com/football/h2h/angers-SAlF91iL/auxerre-MTLr36WA/#EDlezEkL,2026-08-29 18:45,Auxerre,Angers,1,3,1.814,1.903,1.88,1.95,7
current,https://www.oddsportal.com/football/h2h/angers-SAlF91iL/le-havre-CIEe04GT/#YiUa8b14,2026-09-12 18:45,Le Havre,Angers,0,0,1.59,2.21,1.62,2.25,7
current,https://www.oddsportal.com/football/h2h/angers-SAlF91iL/lille-pfDZL71o/#lYTqhFje,2026-08-23 13:00,Angers,Lille,0,2,1.934,1.786,2.0,1.84,7
current,https://www.oddsportal.com/football/h2h/angers-SAlF91iL/rennes-d2nnj1IE/#SfR71jlK,2026-09-06 15:15,Angers,Rennes,1,2,1.539,2.324,1.57,2.42,7
current,https://www.oddsportal.com/football/h2h/angers-SAlF91iL/troyes-fsfAHubD/#n11JDgwp,2026-09-19 18:45,Angers,Troyes,2,0,1.604,2.193,1.63,2.3,7
current,https://www.oddsportal.com/football/h2h/auxerre-MTLr36WA/brest-Cr4VGaUl/#KSEQBX7d,2026-09-20 13:00,Auxerre,Brest,2,1,1.524,2.366,1.53,2.45,7
current,https://www.oddsportal.com/football/h2h/auxerre-MTLr36WA/lens-IBmris38/#z9IoCzrR,2026-08-22 15:15,Lens,Auxerre,5,2,1.807,1.927,1.91,2.04,7
current,https://www.oddsportal.com/football/h2h/auxerre-MTLr36WA/lyon-2akflumR/#I7EghnB6,2026-09-04 17:00,Lyon,Auxerre,3,1,1.65,2.121,1.7,2.2,7
current,https://www.oddsportal.com/football/h2h/auxerre-MTLr36WA/nice-YagoQJpq/#KUw6nHvo,2026-09-12 18:45,Auxerre,Nice,1,0,1.666,2.084,1.7,2.2,7
current,https://www.oddsportal.com/football/h2h/brest-Cr4VGaUl/le-havre-CIEe04GT/#xUCwdUBs,2026-09-05 18:45,Le Havre,Brest,1,2,1.789,1.961,1.91,2.1,7
current,https://www.oddsportal.com/football/h2h/brest-Cr4VGaUl/le-mans-ER0NeOOp/#2eKwEdDE,2026-08-22 18:45,Le Mans,Brest,2,2,1.683,2.056,1.7,2.12,7
current,https://www.oddsportal.com/football/h2h/brest-Cr4VGaUl/psg-CjhkPw0k/#QRQiAKWi,2026-09-13 18:45,Brest,PSG,0,1,1.643,2.12,1.72,2.25,7
current,https://www.oddsportal.com/football/h2h/brest-Cr4VGaUl/toulouse-MLmY2yB1/#AckQUiDr,2026-08-29 18:45,Brest,Toulouse,2,2,1.714,2.019,1.75,2.1,7
current,https://www.oddsportal.com/football/h2h/le-havre-CIEe04GT/lyon-2akflumR/#IsqSlD4E,2026-08-29 18:45,Lyon,Le Havre,1,1,1.893,1.824,1.95,1.9,7
current,https://www.oddsportal.com/football/h2h/le-havre-CIEe04GT/monaco-2PIvr8o4/#zkSijgL7,2026-08-23 15:15,Le Havre,Monaco,0,1,1.729,2.001,1.8,2.06,7
current,https://www.oddsportal.com/football/h2h/le-havre-CIEe04GT/toulouse-MLmY2yB1/#2oHPT5Ts,2026-09-19 18:45,Toulouse,Le Havre,3,2,1.629,2.154,1.67,2.3,7
current,https://www.oddsportal.com/football/h2h/le-mans-ER0NeOOp/lens-IBmris38/#65S76xWG,2026-09-13 15:15,Le Mans,Lens,2,2,1.497,2.451,1.52,2.55,7
current,https://www.oddsportal.com/football/h2h/le-mans-ER0NeOOp/lorient-jgNAYRGi/#nZ6CZz03,2026-09-19 18:45,Le Mans,Lorient,2,1,1.743,1.989,1.8,2.1,7
current,https://www.oddsportal.com/football/h2h/le-mans-ER0NeOOp/nice-YagoQJpq/#zemCcsmn,2026-09-05 18:45,Nice,Le Mans,1,1,1.681,2.064,1.7,2.15,7
current,https://www.oddsportal.com/football/h2h/le-mans-ER0NeOOp/rennes-d2nnj1IE/#SzyEu9R0,2026-08-30 15:15,Rennes,Le Mans,3,2,1.766,1.951,1.8,1.98,7
current,https://www.oddsportal.com/football/h2h/lens-IBmris38/lorient-jgNAYRGi/#pfGof8tf,2026-09-05 15:15,Lens,Lorient,0,1,1.717,2.01,1.75,2.05,7
current,https://www.oddsportal.com/football/h2h/lens-IBmris38/monaco-2PIvr8o4/#dSbbQWMk,2026-09-18 18:45,Monaco,Lens,2,1,1.47,2.507,1.5,2.6,7
current,https://www.oddsportal.com/football/h2h/lens-IBmris38/strasbourg-nP6UzIU1/#z1vMwmdD,2026-08-29 15:15,Strasbourg,Lens,2,1,1.503,2.443,1.53,2.5,7
current,https://www.oddsportal.com/football/h2h/lille-pfDZL71o/nice-YagoQJpq/#Uuc6OAi2,2026-09-20 15:15,Nice,Lille,2,1,1.567,2.267,1.6,2.4,7
current,https://www.oddsportal.com/football/h2h/lille-pfDZL71o/psg-CjhkPw0k/#INhYSVse,2026-08-28 18:45,Lille,PSG,2,2,1.63,2.147,1.67,2.2,7
current,https://www.oddsportal.com/football/h2h/lille-pfDZL71o/toulouse-MLmY2yB1/#GYlSganB,2026-09-03 18:45,Toulouse,Lille,0,1,1.71,2.023,1.75,2.1,7
current,https://www.oddsportal.com/football/h2h/lille-pfDZL71o/troyes-fsfAHubD/#EVVF4G0T,2026-09-13 13:00,Lille,Troyes,2,0,1.659,2.103,1.68,2.15,7
current,https://www.oddsportal.com/football/h2h/lorient-jgNAYRGi/nice-YagoQJpq/#ClCP4hz1,2026-08-22 18:45,Nice,Lorient,0,0,1.8,1.923,1.84,1.95,7
current,https://www.oddsportal.com/football/h2h/lorient-jgNAYRGi/toulouse-MLmY2yB1/#roMoafOj,2026-09-12 18:45,Lorient,Toulouse,2,2,1.629,2.144,1.67,2.25,7
current,https://www.oddsportal.com/football/h2h/lorient-jgNAYRGi/troyes-fsfAHubD/#jyitR9C7,2026-08-29 18:45,Lorient,Troyes,1,2,1.94,1.774,2.0,1.83,7
current,https://www.oddsportal.com/football/h2h/lyon-2akflumR/paris-fc-0OEHEprs/#zu9XMcGc,2026-09-12 18:45,Paris FC,Lyon,0,0,1.5,2.416,1.53,2.5,7
current,https://www.oddsportal.com/football/h2h/lyon-2akflumR/rennes-d2nnj1IE/#Kn5KXEUF,2026-09-19 18:45,Lyon,Rennes,4,0,1.451,2.573,1.47,2.65,7
current,https://www.oddsportal.com/football/h2h/lyon-2akflumR/toulouse-MLmY2yB1/#C82JQZdK,2026-08-22 18:45,Toulouse,Lyon,0,2,1.671,2.08,1.7,2.12,7
current,https://www.oddsportal.com/football/h2h/marseille-SblU3Hee/monaco-2PIvr8o4/#OvnzmiZQ,2026-08-30 18:45,Monaco,Marseille,2,0,1.569,2.277,1.62,2.4,7
current,https://www.oddsportal.com/football/h2h/marseille-SblU3Hee/paris-fc-0OEHEprs/#QXH1jQuJ,2026-09-06 18:45,Marseille,Paris FC,2,3,1.566,2.266,1.6,2.45,7
current,https://www.oddsportal.com/football/h2h/marseille-SblU3Hee/psg-CjhkPw0k/#SC8SVhaS,2026-09-20 18:45,Marseille,PSG,1,2,1.537,2.346,1.57,2.45,7
current,https://www.oddsportal.com/football/h2h/marseille-SblU3Hee/rennes-d2nnj1IE/#r5CuLyoA,2026-09-11 18:45,Rennes,Marseille,1,0,1.424,2.653,1.46,2.8,7
current,https://www.oddsportal.com/football/h2h/marseille-SblU3Hee/strasbourg-nP6UzIU1/#6i9H6E5l,2026-08-21 18:45,Marseille,Strasbourg,4,0,1.516,2.386,1.53,2.45,7
current,https://www.oddsportal.com/football/h2h/monaco-2PIvr8o4/psg-CjhkPw0k/#88oKeLHb,2026-09-04 19:05,PSG,Monaco,1,2,1.579,2.243,1.63,2.38,7
current,https://www.oddsportal.com/football/h2h/monaco-2PIvr8o4/strasbourg-nP6UzIU1/#jVFmJFFM,2026-09-12 15:15,Strasbourg,Monaco,1,1,1.477,2.499,1.5,2.65,7
current,https://www.oddsportal.com/football/h2h/nice-YagoQJpq/paris-fc-0OEHEprs/#KAX5sVdl,2026-08-30 13:00,Paris FC,Nice,3,0,1.8,1.919,1.88,1.95,7
current,https://www.oddsportal.com/football/h2h/paris-fc-0OEHEprs/strasbourg-nP6UzIU1/#dnkhnEq9,2026-09-19 15:15,Paris FC,Strasbourg,2,1,1.514,2.39,1.55,2.5,7
current,https://www.oddsportal.com/football/h2h/paris-fc-0OEHEprs/troyes-fsfAHubD/#rigkLDKs,2026-08-22 18:45,Troyes,Paris FC,0,0,1.603,2.216,1.63,2.3,7
current,https://www.oddsportal.com/football/h2h/psg-CjhkPw0k/rennes-d2nnj1IE/#p2AX2W4D,2026-08-23 18:45,Rennes,PSG,2,2,1.57,2.257,1.6,2.3,7
current,https://www.oddsportal.com/football/h2h/strasbourg-nP6UzIU1/troyes-fsfAHubD/#ObhzhwHN,2026-09-06 13:00,Troyes,Strasbourg,2,6,1.581,2.239,1.62,2.3,7
