season,match_link,date,home_team,away_team,home_goals,away_goals,btts_yes,btts_no,btts_yes_max,btts_no_max,books
2024-2025,https://www.oddsportal.com/football/h2h/afs-IZPeUwtM/arouca-fJqfm7CG/#8dbJwdjo,2025-03-08 16:30,AFS,Arouca,0,1,1.845,1.908,1.92,1.95,6
2024-2025,https://www.oddsportal.com/football/h2h/afs-IZPeUwtM/arouca-fJqfm7CG/#txwHOthA,2024-10-05 17:00,Arouca,AFS,1,1,1.986,1.754,2.06,1.78,5
2024-2025,https://www.oddsportal.com/football/h2h/afs-IZPeUwtM/benfica-zBkyuyRI/#Wji9kTOp,2025-04-27 17:00,Benfica,AFS,6,0,2.265,1.565,2.35,1.6,6
2024-2025,https://www.oddsportal.com/football/h2h/afs-IZPeUwtM/benfica-zBkyuyRI/#YTh0N6VN,2024-12-15 19:00,AFS,Benfica,1,1,2.218,1.603,2.26,1.62,6
2024-2025,https://www.oddsportal.com/football/h2h/afs-IZPeUwtM/boavista-n5XEAYKe/#Y7ajxzdc,2024-12-21 19:00,Boavista,AFS,0,0,2.002,1.738,2.04,1.76,6
2024-2025,https://www.oddsportal.com/football/h2h/afs-IZPeUwtM/boavista-n5XEAYKe/#hvoB9lGG,2025-05-05 19:15,AFS,Boavista,1,2,1.825,1.905,1.9,1.95,6
2024-2025,https://www.oddsportal.com/football/h2h/afs-IZPeUwtM/braga-dpUer7ht/#AHUagH8L,2025-04-13 17:00,Braga,AFS,4,1,2.087,1.68,2.2,1.7,6
2024-2025,https://www.oddsportal.com/football/h2h/afs-IZPeUwtM/braga-dpUer7ht/#xt6C73Z8,2024-12-01 21:30,AFS,Braga,0,1,2.137,1.643,2.22,1.67,6
2024-2025,https://www.oddsportal.com/football/h2h/afs-IZPeUwtM/casa-pia-QFHt9Zgs/#GAyRCbBl,2024-12-08 19:00,Casa Pia,AFS,1,1,2.09,1.678,2.14,1.72,6
2024-2025,https://www.oddsportal.com/football/h2h/afs-IZPeUwtM/casa-pia-QFHt9Zgs/#lW7npDV7,2025-04-19 14:30,AFS,Casa Pia,1,1,1.975,1.758,2.04,1.8,6
2024-2025,https://www.oddsportal.com/football/h2h/afs-IZPeUwtM/estoril-htoKuYZl/#Sbd0HNe4,2025-04-04 19:15,AFS,Estoril,0,3,1.86,1.898,1.92,1.93,6
2024-2025,https://www.oddsportal.com/football/h2h/afs-IZPeUwtM/estoril-htoKuYZl/#zcy1KqEj,2024-11-09 16:30,Estoril,AFS,0,0,1.85,1.907,1.92,1.95,6
2024-2025,https://www.oddsportal.com/football/h2h/afs-IZPeUwtM/estrela-da-amadora-hrYABE5k/#C2EhIIbl,2025-05-11 14:30,Estrela,AFS,0,1,2.033,1.712,2.1,1.75,6
2024-2025,https://www.oddsportal.com/football/h2h/afs-IZPeUwtM/estrela-da-amadora-hrYABE5k/#UBSGl4oK,2024-12-28 16:30,AFS,Estrela,1,1,2.077,1.692,2.16,1.73,6
2024-2025,https://www.oddsportal.com/football/h2h/afs-IZPeUwtM/famalicao-ABBgitC3/#4vYZ4g6s,2025-03-30 14:30,Famalicao,AFS,4,1,1.952,1.78,2.06,1.8,6
2024-2025,https://www.oddsportal.com/football/h2h/afs-IZPeUwtM/famalicao-ABBgitC3/#f5nCrd0t,2024-11-03 16:30,AFS,Famalicao,2,3,2.082,1.678,2.14,1.72,6
2024-2025,https://www.oddsportal.com/football/h2h/afs-IZPeUwtM/fc-porto-S2NmScGp/#U1qEawD4,2025-03-15 19:00,FC Porto,AFS,2,0,2.383,1.52,2.5,1.57,6
2024-2025,https://www.oddsportal.com/football/h2h/afs-IZPeUwtM/fc-porto-S2NmScGp/#WQFk4C6e,2024-10-28 21:15,AFS,FC Porto,0,5,2.345,1.542,2.6,1.6,6
2024-2025,https://www.oddsportal.com/football/h2h/afs-IZPeUwtM/gil-vicente-CS0fFFd8/#0OdEi0AL,2024-08-16 19:15,Gil Vicente,AFS,4,2,1.844,1.908,1.91,1.94,5
2024-2025,https://www.oddsportal.com/football/h2h/afs-IZPeUwtM/gil-vicente-CS0fFFd8/#OlbMMlc3,2025-01-27 21:15,AFS,Gil Vicente,1,0,2.025,1.727,2.12,1.78,6
2024-2025,https://www.oddsportal.com/football/h2h/afs-IZPeUwtM/moreirense-8d9NGt9H/#88MxkHZP,2025-05-17 17:00,AFS,Moreirense,0,3,1.933,1.803,2.0,1.83,6
2024-2025,https://www.oddsportal.com/football/h2h/afs-IZPeUwtM/moreirense-8d9NGt9H/#Q71HHWkm,2025-01-04 16:30,Moreirense,AFS,1,1,2.203,1.608,2.32,1.65,6
2024-2025,https://www.oddsportal.com/football/h2h/afs-IZPeUwtM/nacional-4ETLrR7n/#ANZ5UE6t,2024-08-10 14:30,AFS,Nacional,1,1,1.858,1.894,1.92,1.91,5
2024-2025,https://www.oddsportal.com/football/h2h/afs-IZPeUwtM/nacional-4ETLrR7n/#pnyeJFjB,2025-01-19 16:30,Nacional,AFS,3,1,1.995,1.745,2.1,1.78,6
2024-2025,https://www.oddsportal.com/football/h2h/afs-IZPeUwtM/rio-ave-jPzXLi4l/#dj4CCtbM,2024-09-14 17:00,AFS,Rio Ave,1,0,1.932,1.808,2.02,1.83,5
2024-2025,https://www.oddsportal.com/football/h2h/afs-IZPeUwtM/rio-ave-jPzXLi4l/#h0d0iLJi,2025-02-16 16:30,Rio Ave,AFS,1,1,1.855,1.895,1.91,1.91,6
2024-2025,https://www.oddsportal.com/football/h2h/afs-IZPeUwtM/santa-clara-YmQyLBJf/#8fHL3oFi,2024-08-31 14:30,Santa Clara,AFS,2,1,2.304,1.568,2.42,1.6,5
2024-2025,https://www.oddsportal.com/football/h2h/afs-IZPeUwtM/santa-clara-YmQyLBJf/#Yq1Qvrzn,2025-02-08 16:30,AFS,Santa Clara,1,2,2.448,1.507,2.52,1.55,6
2024-2025,https://www.oddsportal.com/football/h2h/afs-IZPeUwtM/sc-farense-0YgpqHGj/#M1sd52pJ,2025-03-02 19:00,SC Farense,AFS,0,1,2.068,1.692,2.16,1.72,6
2024-2025,https://www.oddsportal.com/football/h2h/afs-IZPeUwtM/sc-farense-0YgpqHGj/#r3W9nmug,2024-09-30 19:15,AFS,SC Farense,0,0,1.794,1.948,1.84,1.96,5
2024-2025,https://www.oddsportal.com/football/h2h/afs-IZPeUwtM/sporting-cp-tljXuHBC/#QgMGUEJ7,2024-09-22 19:30,Sporting CP,AFS,3,0,2.046,1.716,2.1,1.75,5
2024-2025,https://www.oddsportal.com/football/h2h/afs-IZPeUwtM/sporting-cp-tljXuHBC/#fHCC7X9k,2025-02-23 19:00,AFS,Sporting CP,2,2,2.032,1.717,2.14,1.75,6
2024-2025,https://www.oddsportal.com/football/h2h/afs-IZPeUwtM/vitoria-guimaraes-pQYVZyD2/#lhJySqZr,2025-02-01 21:30,Vitoria Guimaraes,AFS,2,0,2.037,1.72,2.12,1.75,6
2024-2025,https://www.oddsportal.com/football/h2h/afs-IZPeUwtM/vitoria-guimaraes-pQYVZyD2/#vw0zcen1,2024-08-25 19:30,AFS,Vitoria Guimaraes,1,0,1.956,1.796,2.0,1.8,5
2024-2025,https://www.oddsportal.com/football/h2h/afs-IZPeUwtM/vizela-baN9J93D/#2uT67gpK,2025-06-01 18:45,Vizela,AFS,2,2,1.823,1.857,1.9,1.9,6
2024-2025,https://www.oddsportal.com/football/h2h/afs-IZPeUwtM/vizela-baN9J93D/#xn9SqjhD,2025-05-24 18:45,AFS,Vizela,3,0,1.89,1.803,1.91,1.85,6
2024-2025,https://www.oddsportal.com/football/h2h/arouca-fJqfm7CG/benfica-zBkyuyRI/#4jji0LRr,2024-12-01 19:00,Arouca,Benfica,0,2,2.087,1.677,2.12,1.72,6
2024-2025,https://www.oddsportal.com/football/h2h/arouca-fJqfm7CG/benfica-zBkyuyRI/#QTfdZeHk,2025-04-13 17:00,Benfica,Arouca,2,2,2.138,1.643,2.18,1.67,6
2024-2025,https://www.oddsportal.com/football/h2h/arouca-fJqfm7CG/boavista-n5XEAYKe/#GEZjRDsJ,2025-05-17 17:00,Arouca,Boavista,4,1,1.662,2.117,1.74,2.15,6
2024-2025,https://www.oddsportal.com/football/h2h/arouca-fJqfm7CG/boavista-n5XEAYKe/#GrJj1sVP,2025-01-04 21:30,Boavista,Arouca,1,3,1.993,1.752,2.08,1.78,6
2024-2025,https://www.oddsportal.com/football/h2h/arouca-fJqfm7CG/braga-dpUer7ht/#Yes4AFrK,2025-03-29 21:30,Braga,Arouca,2,1,1.887,1.863,1.96,1.91,6
2024-2025,https://www.oddsportal.com/football/h2h/arouca-fJqfm7CG/braga-dpUer7ht/#vgC2OhFO,2024-11-03 19:00,Arouca,Braga,1,2,1.742,2.015,1.8,2.05,6
2024-2025,https://www.oddsportal.com/football/h2h/arouca-fJqfm7CG/casa-pia-QFHt9Zgs/#6174EW3j,2024-12-20 21:15,Casa Pia,Arouca,3,1,2.063,1.702,2.16,1.75,6
2024-2025,https://www.oddsportal.com/football/h2h/arouca-fJqfm7CG/casa-pia-QFHt9Zgs/#KQn3BAo4,2025-05-04 17:00,Arouca,Casa Pia,0,0,1.848,1.898,1.91,1.91,6
2024-2025,https://www.oddsportal.com/football/h2h/arouca-fJqfm7CG/estoril-htoKuYZl/#4t32wmd2,2025-03-16 16:30,Arouca,Estoril,1,1,1.773,1.958,1.82,2.0,6
2024-2025,https://www.oddsportal.com/football/h2h/arouca-fJqfm7CG/estoril-htoKuYZl/#MFrrA2fE,2024-10-26 14:30,Estoril,Arouca,4,1,1.917,1.817,2.0,1.88,6
2024-2025,https://www.oddsportal.com/football/h2h/arouca-fJqfm7CG/estrela-da-amadora-hrYABE5k/#GI9vnZ0e,2025-04-19 17:00,Arouca,Estrela,1,0,1.945,1.79,2.04,1.83,6
2024-2025,https://www.oddsportal.com/football/h2h/arouca-fJqfm7CG/estrela-da-amadora-hrYABE5k/#pSpeIKmR,2024-12-09 21:15,Estrela,Arouca,2,1,1.902,1.828,1.96,1.9,6
2024-2025,https://www.oddsportal.com/football/h2h/arouca-fJqfm7CG/famalicao-ABBgitC3/#8rLKvEa5,2024-11-09 19:00,Famalicao,Arouca,0,0,1.872,1.873,1.92,1.91,6
2024-2025,https://www.oddsportal.com/football/h2h/arouca-fJqfm7CG/famalicao-ABBgitC3/#vwG5etZp,2025-04-05 17:00,Arouca,Famalicao,1,2,1.853,1.903,1.91,1.93,6
2024-2025,https://www.oddsportal.com/football/h2h/arouca-fJqfm7CG/fc-porto-S2NmScGp/#4IKIpR95,2024-09-29 17:00,FC Porto,Arouca,4,0,2.102,1.68,2.15,1.7,5
2024-2025,https://www.oddsportal.com/football/h2h/arouca-fJqfm7CG/fc-porto-S2NmScGp/#xAPrT5xQ,2025-03-01 19:00,Arouca,FC Porto,0,2,1.915,1.815,1.98,1.85,6
2024-2025,https://www.oddsportal.com/football/h2h/arouca-fJqfm7CG/gil-vicente-CS0fFFd8/#M97esMwf,2024-12-27 21:15,Arouca,Gil Vicente,1,1,2.0,1.745,2.1,1.78,6
2024-2025,https://www.oddsportal.com/football/h2h/arouca-fJqfm7CG/gil-vicente-CS0fFFd8/#tY2exvjK,2025-05-10 19:30,Gil Vicente,Arouca,1,1,1.843,1.91,1.91,1.95,6
2024-2025,https://www.oddsportal.com/football/h2h/arouca-fJqfm7CG/moreirense-8d9NGt9H/#KGiVKSRF,2025-01-24 21:15,Arouca,Moreirense,1,0,2.045,1.703,2.12,1.73,6
2024-2025,https://www.oddsportal.com/football/h2h/arouca-fJqfm7CG/moreirense-8d9NGt9H/#dfrpnvYr,2024-08-18 14:30,Moreirense,Arouca,3,1,1.992,1.754,2.08,1.78,5
2024-2025,https://www.oddsportal.com/football/h2h/arouca-fJqfm7CG/nacional-4ETLrR7n/#ETPp2Ywm,2024-08-25 14:30,Arouca,Nacional,1,0,1.668,2.11,1.74,2.15,5
2024-2025,https://www.oddsportal.com/football/h2h/arouca-fJqfm7CG/nacional-4ETLrR7n/#lfEJriyK,2025-02-01 16:30,Nacional,Arouca,1,2,1.89,1.847,1.95,1.9,6
2024-2025,https://www.oddsportal.com/football/h2h/arouca-fJqfm7CG/rio-ave-jPzXLi4l/#4MAU1Pq4,2024-09-01 17:00,Rio Ave,Arouca,1,0,1.802,1.93,1.88,1.95,5
2024-2025,https://www.oddsportal.com/football/h2h/arouca-fJqfm7CG/rio-ave-jPzXLi4l/#rHkFXQSI,2025-02-10 21:15,Arouca,Rio Ave,1,1,1.79,1.943,1.84,1.96,6
2024-2025,https://www.oddsportal.com/football/h2h/arouca-fJqfm7CG/santa-clara-YmQyLBJf/#4CqWHpgo,2024-12-15 16:30,Arouca,Santa Clara,1,0,2.147,1.647,2.2,1.7,6
2024-2025,https://www.oddsportal.com/football/h2h/arouca-fJqfm7CG/santa-clara-YmQyLBJf/#nJFxek1N,2025-04-26 14:30,Santa Clara,Arouca,2,0,2.192,1.617,2.3,1.65,6
2024-2025,https://www.oddsportal.com/football/h2h/arouca-fJqfm7CG/sc-farense-0YgpqHGj/#boRtDgnS,2025-02-23 16:30,Arouca,SC Farense,2,2,1.957,1.782,2.04,1.8,6
2024-2025,https://www.oddsportal.com/football/h2h/arouca-fJqfm7CG/sc-farense-0YgpqHGj/#xrT1hIBE,2024-09-22 17:00,SC Farense,Arouca,0,1,1.672,2.12,1.74,2.15,5
2024-2025,https://www.oddsportal.com/football/h2h/arouca-fJqfm7CG/sporting-cp-tljXuHBC/#2i9QJc5k,2024-09-13 19:15,Arouca,Sporting CP,0,3,1.978,1.774,2.0,1.84,5
2024-2025,https://www.oddsportal.com/football/h2h/arouca-fJqfm7CG/sporting-cp-tljXuHBC/#G29j2xY9,2025-02-15 21:30,Sporting CP,Arouca,2,2,1.978,1.763,2.02,1.8,6
2024-2025,https://www.oddsportal.com/football/h2h/arouca-fJqfm7CG/vitoria-guimaraes-pQYVZyD2/#bq6mCXjC,2024-08-12 19:15,Arouca,Vitoria Guimaraes,0,1,1.798,1.948,1.84,1.96,5
2024-2025,https://www.oddsportal.com/football/h2h/arouca-fJqfm7CG/vitoria-guimaraes-pQYVZyD2/#lKsnLyMb,2025-01-18 21:30,Vitoria Guimaraes,Arouca,2,2,2.017,1.732,2.1,1.75,6
2024-2025,https://www.oddsportal.com/football/h2h/benfica-zBkyuyRI/boavista-n5XEAYKe/#YyyaU5PO,2024-09-23 19:15,Boavista,Benfica,0,3,2.074,1.694,2.15,1.75,5
2024-2025,https://www.oddsportal.com/football/h2h/benfica-zBkyuyRI/boavista-n5XEAYKe/#fkju9pof,2025-02-22 19:00,Benfica,Boavista,3,0,2.32,1.55,2.4,1.6,6
2024-2025,https://www.oddsportal.com/football/h2h/benfica-zBkyuyRI/braga-dpUer7ht/#f5fQuDdC,2025-05-17 17:00,Braga,Benfica,1,1,1.57,2.285,1.62,2.36,6
2024-2025,https://www.oddsportal.com/football/h2h/benfica-zBkyuyRI/braga-dpUer7ht/#fmgYDlkC,2025-01-04 19:00,Benfica,Braga,1,2,1.672,2.103,1.7,2.2,6
2024-2025,https://www.oddsportal.com/football/h2h/benfica-zBkyuyRI/casa-pia-QFHt9Zgs/#bJv1rdX7,2024-08-17 19:30,Benfica,Casa Pia,3,0,2.198,1.618,2.24,1.64,5
2024-2025,https://www.oddsportal.com/football/h2h/benfica-zBkyuyRI/casa-pia-QFHt9Zgs/#zkg2DpKk,2025-01-25 19:00,Casa Pia,Benfica,3,1,2.017,1.732,2.08,1.75,6
2024-2025,https://www.oddsportal.com/football/h2h/benfica-zBkyuyRI/estoril-htoKuYZl/#0rTI5uFr,2025-05-03 19:30,Estoril,Benfica,1,2,1.957,1.785,2.0,1.85,6
2024-2025,https://www.oddsportal.com/football/h2h/benfica-zBkyuyRI/estoril-htoKuYZl/#EujoR9md,2024-12-23 19:45,Benfica,Estoril,3,0,2.138,1.643,2.2,1.7,6
2024-2025,https://www.oddsportal.com/football/h2h/benfica-zBkyuyRI/estrela-da-amadora-hrYABE5k/#2whIvNIl,2025-02-02 21:30,Estrela,Benfica,2,3,2.21,1.608,2.26,1.65,6
2024-2025,https://www.oddsportal.com/football/h2h/benfica-zBkyuyRI/estrela-da-amadora-hrYABE5k/#roZE7fGP,2024-08-24 19:30,Benfica,Estrela,1,0,2.254,1.594,2.4,1.67,5
2024-2025,https://www.oddsportal.com/football/h2h/benfica-zBkyuyRI/famalicao-ABBgitC3/#2HCvEgMa,2024-08-11 17:00,Famalicao,Benfica,2,0,1.754,1.996,1.82,2.05,5
2024-2025,https://www.oddsportal.com/football/h2h/benfica-zBkyuyRI/famalicao-ABBgitC3/#jPFL4GyI,2025-01-17 21:15,Benfica,Famalicao,4,0,2.108,1.665,2.18,1.7,6
2024-2025,https://www.oddsportal.com/football/h2h/benfica-zBkyuyRI/fc-porto-S2NmScGp/#EeUm8JIj,2025-04-06 19:30,FC Porto,Benfica,1,4,1.737,2.015,1.8,2.1,6
2024-2025,https://www.oddsportal.com/football/h2h/benfica-zBkyuyRI/fc-porto-S2NmScGp/#l01zZrTq,2024-11-10 21:45,Benfica,FC Porto,4,1,1.687,2.063,1.76,2.1,6
2024-2025,https://www.oddsportal.com/football/h2h/benfica-zBkyuyRI/gil-vicente-CS0fFFd8/#Qol0c4gB,2024-09-28 19:30,Benfica,Gil Vicente,5,1,2.134,1.652,2.22,1.7,5
2024-2025,https://www.oddsportal.com/football/h2h/benfica-zBkyuyRI/gil-vicente-CS0fFFd8/#S2WmxqFt,2025-03-28 21:15,Gil Vicente,Benfica,0,3,2.145,1.64,2.22,1.67,6
2024-2025,https://www.oddsportal.com/football/h2h/benfica-zBkyuyRI/moreirense-8d9NGt9H/#0CKZz0ZA,2025-02-08 19:00,Benfica,Moreirense,3,2,2.295,1.557,2.42,1.57,6
2024-2025,https://www.oddsportal.com/football/h2h/benfica-zBkyuyRI/moreirense-8d9NGt9H/#2HhHhL6j,2024-08-30 19:15,Moreirense,Benfica,1,1,1.98,1.774,2.04,1.8,5
2024-2025,https://www.oddsportal.com/football/h2h/benfica-zBkyuyRI/nacional-4ETLrR7n/#OOMnqISN,2025-03-08 19:00,Benfica,Nacional,3,0,1.95,1.782,1.98,1.82,6
2024-2025,https://www.oddsportal.com/football/h2h/benfica-zBkyuyRI/nacional-4ETLrR7n/#pAq8Q2Nc,2024-12-19 18:00,Nacional,Benfica,0,2,2.026,1.734,2.1,1.75,5
2024-2025,https://www.oddsportal.com/football/h2h/benfica-zBkyuyRI/rio-ave-jPzXLi4l/#CUKYyexe,2025-03-16 19:00,Rio Ave,Benfica,2,3,1.868,1.885,1.91,1.91,6
2024-2025,https://www.oddsportal.com/football/h2h/benfica-zBkyuyRI/rio-ave-jPzXLi4l/#UgROMuvK,2024-10-27 19:00,Benfica,Rio Ave,5,0,2.228,1.6,2.32,1.62,6
2024-2025,https://www.oddsportal.com/football/h2h/benfica-zBkyuyRI/santa-clara-YmQyLBJf/#AHCYHyz2,2024-09-14 19:30,Benfica,Santa Clara,4,1,2.146,1.658,2.26,1.7,5
2024-2025,https://www.oddsportal.com/football/h2h/benfica-zBkyuyRI/santa-clara-YmQyLBJf/#KzGs4b3c,2025-02-15 19:00,Santa Clara,Benfica,0,1,2.143,1.645,2.26,1.67,6
2024-2025,https://www.oddsportal.com/football/h2h/benfica-zBkyuyRI/sc-farense-0YgpqHGj/#YJPj1B56,2025-04-02 19:15,Benfica,SC Farense,3,2,2.115,1.66,2.22,1.7,6
2024-2025,https://www.oddsportal.com/football/h2h/benfica-zBkyuyRI/sc-farense-0YgpqHGj/#z1FoSzGa,2024-11-02 19:00,SC Farense,Benfica,,,2.382,1.528,2.5,1.64,6
2024-2025,https://www.oddsportal.com/football/h2h/benfica-zBkyuyRI/sporting-cp-tljXuHBC/#hbsS1cE7,2025-05-10 17:00,Benfica,Sporting CP,1,1,1.598,2.23,1.64,2.27,6
2024-2025,https://www.oddsportal.com/football/h2h/benfica-zBkyuyRI/sporting-cp-tljXuHBC/#thRumiAF,2024-12-29 21:30,Sporting CP,Benfica,1,0,1.662,2.113,1.7,2.18,6
2024-2025,https://www.oddsportal.com/football/h2h/benfica-zBkyuyRI/vitoria-guimaraes-pQYVZyD2/#4Ux2EBng,2024-12-07 19:00,Benfica,Vitoria Guimaraes,1,0,2.158,1.635,2.2,1.67,6
2024-2025,https://www.oddsportal.com/football/h2h/benfica-zBkyuyRI/vitoria-guimaraes-pQYVZyD2/#KSHVq4yP,2025-04-19 19:30,Vitoria Guimaraes,Benfica,0,3,1.727,2.03,1.76,2.1,6
2024-2025,https://www.oddsportal.com/football/h2h/boavista-n5XEAYKe/braga-dpUer7ht/#OAZdZRt9,2025-01-26 21:30,Braga,Boavista,3,0,1.965,1.773,2.04,1.8,6
2024-2025,https://www.oddsportal.com/football/h2h/boavista-n5XEAYKe/braga-dpUer7ht/#hMygpI2e,2024-08-18 19:30,Boavista,Braga,0,1,1.762,1.976,1.82,2.0,5
2024-2025,https://www.oddsportal.com/football/h2h/boavista-n5XEAYKe/casa-pia-QFHt9Zgs/#G0EWFFim,2024-08-10 17:00,Casa Pia,Boavista,0,1,2.0,1.75,2.12,1.8,5
2024-2025,https://www.oddsportal.com/football/h2h/boavista-n5XEAYKe/casa-pia-QFHt9Zgs/#U9RC6x75,2025-01-20 21:15,Boavista,Casa Pia,2,3,2.072,1.687,2.18,1.72,6
2024-2025,https://www.oddsportal.com/football/h2h/boavista-n5XEAYKe/estoril-htoKuYZl/#IPz4GObc,2024-08-31 17:00,Boavista,Estoril,0,0,2.036,1.718,2.08,1.75,5
2024-2025,https://www.oddsportal.com/football/h2h/boavista-n5XEAYKe/estoril-htoKuYZl/#MR8rZw4N,2025-02-09 16:30,Estoril,Boavista,2,1,2.042,1.707,2.1,1.73,6
2024-2025,https://www.oddsportal.com/football/h2h/boavista-n5XEAYKe/estrela-da-amadora-hrYABE5k/#QDf8kal4,2025-02-14 21:15,Boavista,Estrela,0,1,2.085,1.683,2.16,1.72,6
2024-2025,https://www.oddsportal.com/football/h2h/boavista-n5XEAYKe/estrela-da-amadora-hrYABE5k/#SYfr7KLq,2024-09-16 19:15,Estrela,Boavista,2,2,2.014,1.742,2.14,1.78,5
2024-2025,https://www.oddsportal.com/football/h2h/boavista-n5XEAYKe/famalicao-ABBgitC3/#M5HqQN3e,2025-01-31 21:15,Boavista,Famalicao,0,2,1.873,1.882,1.96,1.91,6
2024-2025,https://www.oddsportal.com/football/h2h/boavista-n5XEAYKe/famalicao-ABBgitC3/#buGyeZGD,2024-08-24 19:30,Famalicao,Boavista,1,0,2.058,1.7,2.12,1.7,5
2024-2025,https://www.oddsportal.com/football/h2h/boavista-n5XEAYKe/fc-porto-S2NmScGp/#hCM0GdT0,2025-05-11 19:30,Boavista,FC Porto,1,2,2.195,1.607,2.32,1.65,6
2024-2025,https://www.oddsportal.com/football/h2h/boavista-n5XEAYKe/fc-porto-S2NmScGp/#zgqEUrfl,2024-12-28 21:30,FC Porto,Boavista,4,0,2.268,1.583,2.35,1.62,6
2024-2025,https://www.oddsportal.com/football/h2h/boavista-n5XEAYKe/gil-vicente-CS0fFFd8/#EoRxUdom,2024-11-02 21:30,Gil Vicente,Boavista,1,2,2.012,1.732,2.1,1.75,6
2024-2025,https://www.oddsportal.com/football/h2h/boavista-n5XEAYKe/gil-vicente-CS0fFFd8/#fDxPnCjD,2025-04-01 19:15,Boavista,Gil Vicente,1,3,2.06,1.695,2.16,1.72,6
2024-2025,https://www.oddsportal.com/football/h2h/boavista-n5XEAYKe/moreirense-8d9NGt9H/#2mZxaxnD,2024-10-26 17:00,Boavista,Moreirense,0,2,2.103,1.668,2.2,1.7,6
2024-2025,https://www.oddsportal.com/football/h2h/boavista-n5XEAYKe/moreirense-8d9NGt9H/#n5SnoaF8,2025-03-16 21:30,Moreirense,Boavista,1,0,2.263,1.578,2.38,1.63,6
2024-2025,https://www.oddsportal.com/football/h2h/boavista-n5XEAYKe/nacional-4ETLrR7n/#Uc9QvIgS,2025-04-12 14:30,Boavista,Nacional,0,1,1.808,1.922,1.9,1.95,6
2024-2025,https://www.oddsportal.com/football/h2h/boavista-n5XEAYKe/nacional-4ETLrR7n/#dpTPq0s2,2024-11-30 19:00,Nacional,Boavista,0,0,1.877,1.88,1.98,1.91,6
2024-2025,https://www.oddsportal.com/football/h2h/boavista-n5XEAYKe/rio-ave-jPzXLi4l/#AFkqXMcd,2024-11-09 21:30,Boavista,Rio Ave,0,2,1.81,1.92,1.86,1.95,6
2024-2025,https://www.oddsportal.com/football/h2h/boavista-n5XEAYKe/rio-ave-jPzXLi4l/#t2MZVMAc,2025-04-07 19:15,Rio Ave,Boavista,0,2,1.717,2.035,1.8,2.07,6
2024-2025,https://www.oddsportal.com/football/h2h/boavista-n5XEAYKe/santa-clara-YmQyLBJf/#CrOQr5vI,2024-09-29 19:30,Santa Clara,Boavista,1,0,2.196,1.618,2.28,1.65,5
2024-2025,https://www.oddsportal.com/football/h2h/boavista-n5XEAYKe/santa-clara-YmQyLBJf/#U74NLNUa,2025-03-02 16:30,Boavista,Santa Clara,1,0,2.283,1.565,2.4,1.6,6
2024-2025,https://www.oddsportal.com/football/h2h/boavista-n5XEAYKe/sc-farense-0YgpqHGj/#QqRACkH5,2024-12-08 16:30,Boavista,SC Farense,1,1,2.005,1.74,2.08,1.78,6
2024-2025,https://www.oddsportal.com/football/h2h/boavista-n5XEAYKe/sc-farense-0YgpqHGj/#zuhu47Mt,2025-04-18 14:30,SC Farense,Boavista,0,1,1.955,1.778,2.0,1.8,6
2024-2025,https://www.oddsportal.com/football/h2h/boavista-n5XEAYKe/sporting-cp-tljXuHBC/#Wn35dsLU,2025-04-27 19:30,Boavista,Sporting CP,0,5,2.19,1.623,2.24,1.65,6
2024-2025,https://www.oddsportal.com/football/h2h/boavista-n5XEAYKe/sporting-cp-tljXuHBC/#bBvIAToI,2024-12-14 21:30,Sporting CP,Boavista,3,2,2.048,1.713,2.15,1.78,6
2024-2025,https://www.oddsportal.com/football/h2h/boavista-n5XEAYKe/vitoria-guimaraes-pQYVZyD2/#GbJvovbB,2025-03-09 21:30,Boavista,Vitoria Guimaraes,1,2,2.22,1.6,2.32,1.62,6
2024-2025,https://www.oddsportal.com/football/h2h/boavista-n5XEAYKe/vitoria-guimaraes-pQYVZyD2/#I3iM2aVj,2024-10-06 14:30,Vitoria Guimaraes,Boavista,2,2,2.378,1.536,2.46,1.55,5
2024-2025,https://www.oddsportal.com/football/h2h/braga-dpUer7ht/casa-pia-QFHt9Zgs/#CGgRWHDs,2025-05-10 19:30,Casa Pia,Braga,2,1,1.955,1.788,2.0,1.83,6
2024-2025,https://www.oddsportal.com/football/h2h/braga-dpUer7ht/casa-pia-QFHt9Zgs/#Iy14u086,2024-12-29 19:00,Braga,Casa Pia,1,2,1.92,1.813,2.0,1.85,6
2024-2025,https://www.oddsportal.com/football/h2h/braga-dpUer7ht/estoril-htoKuYZl/#O0OMoQ6C,2025-04-19 17:00,Estoril,Braga,0,2,1.852,1.898,1.91,1.95,6
2024-2025,https://www.oddsportal.com/football/h2h/braga-dpUer7ht/estoril-htoKuYZl/#d4ZgGXHt,2024-12-06 21:15,Braga,Estoril,2,2,2.13,1.653,2.26,1.7,6
2024-2025,https://www.oddsportal.com/football/h2h/braga-dpUer7ht/estrela-da-amadora-hrYABE5k/#2ViDShyg,2024-08-11 19:30,Braga,Estrela,1,1,1.84,1.926,1.91,2.05,5
2024-2025,https://www.oddsportal.com/football/h2h/braga-dpUer7ht/estrela-da-amadora-hrYABE5k/#xtET2f6U,2025-01-19 19:00,Estrela,Braga,0,1,1.735,2.022,1.76,2.06,6
2024-2025,https://www.oddsportal.com/football/h2h/braga-dpUer7ht/famalicao-ABBgitC3/#MmEGPdCi,2024-12-16 19:45,Braga,Famalicao,3,3,1.883,1.867,1.94,1.91,6
2024-2025,https://www.oddsportal.com/football/h2h/braga-dpUer7ht/famalicao-ABBgitC3/#rRILbX1b,2025-04-25 19:30,Famalicao,Braga,1,1,1.887,1.843,1.95,1.9,6
2024-2025,https://www.oddsportal.com/football/h2h/braga-dpUer7ht/fc-porto-S2NmScGp/#COal6Yyq,2024-10-06 19:30,FC Porto,Braga,2,1,1.63,2.19,1.68,2.25,5
2024-2025,https://www.oddsportal.com/football/h2h/braga-dpUer7ht/fc-porto-S2NmScGp/#z3j51arh,2025-03-08 21:30,Braga,FC Porto,1,0,1.85,1.902,1.91,1.92,6
2024-2025,https://www.oddsportal.com/football/h2h/braga-dpUer7ht/gil-vicente-CS0fFFd8/#AJDx03EG,2024-09-01 19:30,Gil Vicente,Braga,0,0,1.708,2.056,1.76,2.07,5
2024-2025,https://www.oddsportal.com/football/h2h/braga-dpUer7ht/gil-vicente-CS0fFFd8/#hnHRxM4b,2025-02-09 19:00,Braga,Gil Vicente,2,0,1.84,1.91,1.91,1.93,6
2024-2025,https://www.oddsportal.com/football/h2h/braga-dpUer7ht/moreirense-8d9NGt9H/#W6gI7C0J,2024-08-25 19:30,Braga,Moreirense,3,1,1.838,1.898,1.9,1.95,5
2024-2025,https://www.oddsportal.com/football/h2h/braga-dpUer7ht/moreirense-8d9NGt9H/#b5oRx1m1,2025-02-03 19:45,Moreirense,Braga,1,2,1.86,1.89,1.91,1.91,6
2024-2025,https://www.oddsportal.com/football/h2h/braga-dpUer7ht/nacional-4ETLrR7n/#0UsD5Bv2,2025-02-21 21:15,Braga,Nacional,1,0,1.9,1.835,1.95,1.9,6
2024-2025,https://www.oddsportal.com/football/h2h/braga-dpUer7ht/nacional-4ETLrR7n/#dWuzzAem,2024-09-20 19:15,Nacional,Braga,0,3,1.602,2.232,1.64,2.3,5
2024-2025,https://www.oddsportal.com/football/h2h/braga-dpUer7ht/rio-ave-jPzXLi4l/#CjdvIuUO,2025-03-02 21:30,Rio Ave,Braga,2,1,1.697,2.067,1.76,2.1,6
2024-2025,https://www.oddsportal.com/football/h2h/braga-dpUer7ht/rio-ave-jPzXLi4l/#ILphaQOb,2024-09-29 19:30,Braga,Rio Ave,4,0,1.896,1.856,1.94,1.91,5
2024-2025,https://www.oddsportal.com/football/h2h/braga-dpUer7ht/santa-clara-YmQyLBJf/#ILUk268j,2025-05-03 17:00,Braga,Santa Clara,1,1,2.033,1.723,2.1,1.75,6
2024-2025,https://www.oddsportal.com/football/h2h/braga-dpUer7ht/santa-clara-YmQyLBJf/#MTVXJhtT,2024-12-22 18:00,Santa Clara,Braga,0,2,1.912,1.817,1.98,1.88,6
2024-2025,https://www.oddsportal.com/football/h2h/braga-dpUer7ht/sc-farense-0YgpqHGj/#Y7sM2Knl,2024-10-27 16:30,Braga,SC Farense,2,0,1.992,1.747,2.08,1.77,6
2024-2025,https://www.oddsportal.com/football/h2h/braga-dpUer7ht/sc-farense-0YgpqHGj/#vHMQwH7r,2025-03-15 16:30,SC Farense,Braga,0,1,1.88,1.865,1.94,1.91,6
2024-2025,https://www.oddsportal.com/football/h2h/braga-dpUer7ht/sporting-cp-tljXuHBC/#IHA4v55M,2024-11-10 19:45,Braga,Sporting CP,2,4,1.62,2.188,1.65,2.28,6
2024-2025,https://www.oddsportal.com/football/h2h/braga-dpUer7ht/sporting-cp-tljXuHBC/#xUFrU0uA,2025-04-07 19:45,Sporting CP,Braga,1,1,1.93,1.807,1.98,1.83,6
2024-2025,https://www.oddsportal.com/football/h2h/braga-dpUer7ht/vitoria-guimaraes-pQYVZyD2/#AgUoRuDF,2024-09-15 19:30,Braga,Vitoria Guimaraes,0,2,1.768,1.976,1.82,2.0,5
2024-2025,https://www.oddsportal.com/football/h2h/braga-dpUer7ht/vitoria-guimaraes-pQYVZyD2/#lG7b0G2M,2025-02-16 21:30,Vitoria Guimaraes,Braga,0,0,1.883,1.867,1.94,1.91,6
2024-2025,https://www.oddsportal.com/football/h2h/casa-pia-QFHt9Zgs/estoril-htoKuYZl/#fs8t2oig,2025-04-29 19:30,Casa Pia,Estoril,1,3,1.902,1.833,2.0,1.9,6
2024-2025,https://www.oddsportal.com/football/h2h/casa-pia-QFHt9Zgs/estoril-htoKuYZl/#fwYQ87GU,2024-12-15 21:30,Estoril,Casa Pia,0,2,2.115,1.66,2.22,1.7,6
2024-2025,https://www.oddsportal.com/football/h2h/casa-pia-QFHt9Zgs/estrela-da-amadora-hrYABE5k/#I94kwVbs,2025-02-09 21:30,Casa Pia,Estrela,1,0,2.092,1.677,2.2,1.72,6
2024-2025,https://www.oddsportal.com/football/h2h/casa-pia-QFHt9Zgs/estrela-da-amadora-hrYABE5k/#zqEg0C8a,2024-08-31 17:00,Estrela,Casa Pia,0,1,1.914,1.82,2.02,1.87,5
2024-2025,https://www.oddsportal.com/football/h2h/casa-pia-QFHt9Zgs/famalicao-ABBgitC3/#G61whwhC,2025-01-05 19:00,Casa Pia,Famalicao,1,1,2.077,1.683,2.16,1.72,6
2024-2025,https://www.oddsportal.com/football/h2h/casa-pia-QFHt9Zgs/famalicao-ABBgitC3/#Yk6HsZRa,2025-05-16 18:00,Famalicao,Casa Pia,2,1,1.762,1.973,1.8,2.0,6
2024-2025,https://www.oddsportal.com/football/h2h/casa-pia-QFHt9Zgs/fc-porto-S2NmScGp/#GCxVfQk3,2024-12-02 21:45,FC Porto,Casa Pia,2,0,2.278,1.563,2.32,1.6,6
2024-2025,https://www.oddsportal.com/football/h2h/casa-pia-QFHt9Zgs/fc-porto-S2NmScGp/#zaGHtvPF,2025-04-12 19:30,Casa Pia,FC Porto,0,1,2.007,1.74,2.06,1.75,6
2024-2025,https://www.oddsportal.com/football/h2h/casa-pia-QFHt9Zgs/gil-vicente-CS0fFFd8/#EciwgYfd,2025-02-22 16:30,Casa Pia,Gil Vicente,1,0,2.0,1.742,2.1,1.78,6
2024-2025,https://www.oddsportal.com/football/h2h/casa-pia-QFHt9Zgs/gil-vicente-CS0fFFd8/#xUmTwJdL,2024-09-22 14:30,Gil Vicente,Casa Pia,1,1,2.02,1.736,2.12,1.78,5
2024-2025,https://www.oddsportal.com/football/h2h/casa-pia-QFHt9Zgs/moreirense-8d9NGt9H/#80lVffQq,2025-02-15 16:30,Moreirense,Casa Pia,3,2,2.097,1.675,2.16,1.7,6
2024-2025,https://www.oddsportal.com/football/h2h/casa-pia-QFHt9Zgs/moreirense-8d9NGt9H/#jDkLuuS8,2024-09-14 14:30,Casa Pia,Moreirense,3,1,2.004,1.746,2.12,1.78,5
2024-2025,https://www.oddsportal.com/football/h2h/casa-pia-QFHt9Zgs/nacional-4ETLrR7n/#8dEszZ67,2025-03-16 16:30,Nacional,Casa Pia,3,1,1.843,1.903,1.91,1.93,6
2024-2025,https://www.oddsportal.com/football/h2h/casa-pia-QFHt9Zgs/nacional-4ETLrR7n/#ER2eHJ1s,2024-10-25 17:45,Casa Pia,Nacional,1,0,1.902,1.833,1.96,1.91,6
2024-2025,https://www.oddsportal.com/football/h2h/casa-pia-QFHt9Zgs/rio-ave-jPzXLi4l/#0r13FcWg,2024-11-02 16:30,Rio Ave,Casa Pia,2,2,1.908,1.827,1.98,1.87,6
2024-2025,https://www.oddsportal.com/football/h2h/casa-pia-QFHt9Zgs/rio-ave-jPzXLi4l/#MavHlYL0,2025-03-29 16:30,Casa Pia,Rio Ave,2,1,1.923,1.807,1.98,1.83,6
2024-2025,https://www.oddsportal.com/football/h2h/casa-pia-QFHt9Zgs/santa-clara-YmQyLBJf/#AJqfDGWs,2024-08-24 14:30,Casa Pia,Santa Clara,0,2,2.194,1.622,2.25,1.66,5
2024-2025,https://www.oddsportal.com/football/h2h/casa-pia-QFHt9Zgs/santa-clara-YmQyLBJf/#IXAhO1Y7,2025-02-01 16:30,Santa Clara,Casa Pia,2,1,2.253,1.582,2.32,1.63,6
2024-2025,https://www.oddsportal.com/football/h2h/casa-pia-QFHt9Zgs/sc-farense-0YgpqHGj/#AsEjSvAM,2025-04-07 17:45,SC Farense,Casa Pia,0,0,1.945,1.787,2.04,1.82,6
2024-2025,https://www.oddsportal.com/football/h2h/casa-pia-QFHt9Zgs/sc-farense-0YgpqHGj/#MkHetRzA,2024-11-09 16:30,Casa Pia,SC Farense,1,1,1.992,1.752,2.08,1.8,6
2024-2025,https://www.oddsportal.com/football/h2h/casa-pia-QFHt9Zgs/sporting-cp-tljXuHBC/#YVFk8L7T,2024-10-05 19:30,Sporting CP,Casa Pia,2,0,2.308,1.566,2.45,1.64,5
2024-2025,https://www.oddsportal.com/football/h2h/casa-pia-QFHt9Zgs/sporting-cp-tljXuHBC/#dd3wm0Tb,2025-03-09 19:00,Casa Pia,Sporting CP,1,3,2.137,1.648,2.2,1.7,6
2024-2025,https://www.oddsportal.com/football/h2h/casa-pia-QFHt9Zgs/vitoria-guimaraes-pQYVZyD2/#OUPdzNqg,2025-03-01 21:30,Vitoria Guimaraes,Casa Pia,1,0,2.017,1.725,2.1,1.78,6
2024-2025,https://www.oddsportal.com/football/h2h/casa-pia-QFHt9Zgs/vitoria-guimaraes-pQYVZyD2/#n1x9erON,2024-09-28 17:00,Casa Pia,Vitoria Guimaraes,1,1,2.132,1.662,2.24,1.7,5
2024-2025,https://www.oddsportal.com/football/h2h/estoril-htoKuYZl/estrela-da-amadora-hrYABE5k/#E9RjdYtg,2025-05-17 17:00,Estoril,Estrela,4,0,1.73,2.015,1.76,2.05,6
2024-2025,https://www.oddsportal.com/football/h2h/estoril-htoKuYZl/estrela-da-amadora-hrYABE5k/#nR9MeLhm,2025-01-05 21:30,Estrela,Estoril,2,4,1.957,1.788,2.04,1.8,6
2024-2025,https://www.oddsportal.com/football/h2h/estoril-htoKuYZl/famalicao-ABBgitC3/#Mel5XZo2,2025-04-12 14:30,Famalicao,Estoril,3,0,1.77,1.962,1.82,2.0,6
2024-2025,https://www.oddsportal.com/football/h2h/estoril-htoKuYZl/famalicao-ABBgitC3/#x4labade,2024-12-01 16:30,Estoril,Famalicao,2,1,2.06,1.695,2.16,1.72,6
2024-2025,https://www.oddsportal.com/football/h2h/estoril-htoKuYZl/fc-porto-S2NmScGp/#YZ5TcxaE,2025-03-30 17:00,Estoril,FC Porto,1,2,1.992,1.752,2.06,1.78,6
2024-2025,https://www.oddsportal.com/football/h2h/estoril-htoKuYZl/fc-porto-S2NmScGp/#dAfCDy16,2024-11-03 21:30,FC Porto,Estoril,4,0,2.343,1.54,2.55,1.58,6
2024-2025,https://www.oddsportal.com/football/h2h/estoril-htoKuYZl/gil-vicente-CS0fFFd8/#6gimpqeR,2025-02-01 19:00,Gil Vicente,Estoril,1,2,2.032,1.717,2.12,1.75,6
2024-2025,https://www.oddsportal.com/football/h2h/estoril-htoKuYZl/gil-vicente-CS0fFFd8/#bgeA9YV6,2024-08-25 17:00,Estoril,Gil Vicente,0,0,1.932,1.814,1.96,1.84,5
2024-2025,https://www.oddsportal.com/football/h2h/estoril-htoKuYZl/moreirense-8d9NGt9H/#YVszVerf,2025-05-11 17:00,Moreirense,Estoril,2,2,1.855,1.898,1.91,1.93,6
2024-2025,https://www.oddsportal.com/football/h2h/estoril-htoKuYZl/moreirense-8d9NGt9H/#jkaCwvwJ,2024-12-28 19:00,Estoril,Moreirense,2,2,2.057,1.703,2.14,1.73,6
2024-2025,https://www.oddsportal.com/football/h2h/estoril-htoKuYZl/nacional-4ETLrR7n/#EwTeteBj,2025-02-15 18:00,Nacional,Estoril,2,2,1.773,1.963,1.82,2.05,6
2024-2025,https://www.oddsportal.com/football/h2h/estoril-htoKuYZl/nacional-4ETLrR7n/#r7SgPJsS,2024-09-15 17:00,Estoril,Nacional,1,0,1.904,1.826,1.95,1.92,5
2024-2025,https://www.oddsportal.com/football/h2h/estoril-htoKuYZl/rio-ave-jPzXLi4l/#dEUaYdKr,2024-09-21 14:30,Rio Ave,Estoril,2,2,2.058,1.71,2.14,1.73,5
2024-2025,https://www.oddsportal.com/football/h2h/estoril-htoKuYZl/rio-ave-jPzXLi4l/#fgUPGym3,2025-02-22 21:30,Estoril,Rio Ave,2,1,1.733,2.012,1.78,2.05,6
2024-2025,https://www.oddsportal.com/football/h2h/estoril-htoKuYZl/santa-clara-YmQyLBJf/#MqO48bxg,2025-01-18 16:30,Santa Clara,Estoril,2,3,2.222,1.605,2.28,1.63,6
2024-2025,https://www.oddsportal.com/football/h2h/estoril-htoKuYZl/santa-clara-YmQyLBJf/#WSx0LyUP,2024-08-11 14:30,Estoril,Santa Clara,1,4,2.024,1.728,2.12,1.77,5
2024-2025,https://www.oddsportal.com/football/h2h/estoril-htoKuYZl/sc-farense-0YgpqHGj/#Gxr4Y0E5,2025-03-08 19:00,Estoril,SC Farense,2,2,2.06,1.7,2.14,1.75,6
2024-2025,https://www.oddsportal.com/football/h2h/estoril-htoKuYZl/sc-farense-0YgpqHGj/#rowvjMoo,2024-10-06 14:30,SC Farense,Estoril,1,0,1.91,1.838,1.95,1.86,5
2024-2025,https://www.oddsportal.com/football/h2h/estoril-htoKuYZl/sporting-cp-tljXuHBC/#GO2VJ1aC,2025-03-03 21:15,Sporting CP,Estoril,3,1,1.927,1.8,2.0,1.83,6
2024-2025,https://www.oddsportal.com/football/h2h/estoril-htoKuYZl/sporting-cp-tljXuHBC/#Mgiq1nfn,2024-09-27 19:15,Estoril,Sporting CP,0,3,2.144,1.65,2.22,1.67,5
2024-2025,https://www.oddsportal.com/football/h2h/estoril-htoKuYZl/vitoria-guimaraes-pQYVZyD2/#Cl1KVIm2,2024-08-18 17:00,Vitoria Guimaraes,Estoril,1,0,2.03,1.724,2.1,1.75,5
2024-2025,https://www.oddsportal.com/football/h2h/estoril-htoKuYZl/vitoria-guimaraes-pQYVZyD2/#zTHR07zp,2025-01-26 16:30,Estoril,Vitoria Guimaraes,1,0,1.915,1.815,1.98,1.85,6
2024-2025,https://www.oddsportal.com/football/h2h/estrela-da-amadora-hrYABE5k/famalicao-ABBgitC3/#nuLe4wfR,2024-08-19 19:15,Estrela,Famalicao,0,3,1.844,1.918,1.91,1.95,5
2024-2025,https://www.oddsportal.com/football/h2h/estrela-da-amadora-hrYABE5k/famalicao-ABBgitC3/#rFdABOl2,2025-01-25 16:30,Famalicao,Estrela,0,0,2.052,1.708,2.14,1.75,6
2024-2025,https://www.oddsportal.com/football/h2h/estrela-da-amadora-hrYABE5k/fc-porto-S2NmScGp/#27Bl0PL5,2025-04-26 19:30,Estrela,FC Porto,2,0,2.097,1.667,2.16,1.7,6
2024-2025,https://www.oddsportal.com/football/h2h/estrela-da-amadora-hrYABE5k/fc-porto-S2NmScGp/#Ak8zTA1n,2024-12-16 21:15,FC Porto,Estrela,2,0,2.347,1.53,2.48,1.57,6
2024-2025,https://www.oddsportal.com/football/h2h/estrela-da-amadora-hrYABE5k/gil-vicente-CS0fFFd8/#bgLQDPwh,2024-10-05 14:30,Gil Vicente,Estrela,3,0,1.908,1.834,1.96,1.85,5
2024-2025,https://www.oddsportal.com/football/h2h/estrela-da-amadora-hrYABE5k/gil-vicente-CS0fFFd8/#xhWCWvqI,2025-03-07 21:15,Estrela,Gil Vicente,1,1,2.103,1.663,2.2,1.7,6
2024-2025,https://www.oddsportal.com/football/h2h/estrela-da-amadora-hrYABE5k/moreirense-8d9NGt9H/#6sHZtq9U,2024-09-28 14:30,Estrela,Moreirense,2,1,2.004,1.752,2.05,1.78,5
2024-2025,https://www.oddsportal.com/football/h2h/estrela-da-amadora-hrYABE5k/moreirense-8d9NGt9H/#8hGENq0m,2025-03-02 16:30,Moreirense,Estrela,1,1,2.083,1.688,2.2,1.73,6
2024-2025,https://www.oddsportal.com/football/h2h/estrela-da-amadora-hrYABE5k/nacional-4ETLrR7n/#UNhHDueT,2025-04-06 17:00,Nacional,Estrela,0,1,1.868,1.88,1.93,1.91,6
2024-2025,https://www.oddsportal.com/football/h2h/estrela-da-amadora-hrYABE5k/nacional-4ETLrR7n/#lxJmrm6c,2024-11-10 16:30,Estrela,Nacional,2,0,1.905,1.818,1.95,1.87,6
2024-2025,https://www.oddsportal.com/football/h2h/estrela-da-amadora-hrYABE5k/rio-ave-jPzXLi4l/#bH7xQ90c,2025-05-05 18:30,Rio Ave,Estrela,2,0,1.785,1.943,1.86,1.95,6
2024-2025,https://www.oddsportal.com/football/h2h/estrela-da-amadora-hrYABE5k/rio-ave-jPzXLi4l/#nV56YieM,2024-12-23 21:45,Estrela,Rio Ave,1,0,1.893,1.832,1.96,1.93,6
2024-2025,https://www.oddsportal.com/football/h2h/estrela-da-amadora-hrYABE5k/santa-clara-YmQyLBJf/#4dqrYmQa,2024-09-21 14:30,Santa Clara,Estrela,1,0,2.088,1.688,2.12,1.72,5
2024-2025,https://www.oddsportal.com/football/h2h/estrela-da-amadora-hrYABE5k/santa-clara-YmQyLBJf/#SzzaTEW8,2025-02-23 16:30,Estrela,Santa Clara,0,0,2.11,1.657,2.24,1.7,6
2024-2025,https://www.oddsportal.com/football/h2h/estrela-da-amadora-hrYABE5k/sc-farense-0YgpqHGj/#CvWwg4KF,2024-11-29 21:15,SC Farense,Estrela,1,0,1.982,1.752,2.04,1.78,6
2024-2025,https://www.oddsportal.com/football/h2h/estrela-da-amadora-hrYABE5k/sc-farense-0YgpqHGj/#vDWEMIXq,2025-04-13 14:30,Estrela,SC Farense,0,1,1.977,1.763,2.04,1.8,6
2024-2025,https://www.oddsportal.com/football/h2h/estrela-da-amadora-hrYABE5k/sporting-cp-tljXuHBC/#UNhKBFVI,2024-11-01 21:15,Sporting CP,Estrela,5,1,2.263,1.567,2.35,1.62,6
2024-2025,https://www.oddsportal.com/football/h2h/estrela-da-amadora-hrYABE5k/sporting-cp-tljXuHBC/#fkfxdGTQ,2025-03-29 19:00,Estrela,Sporting CP,0,3,2.267,1.578,2.4,1.6,6
2024-2025,https://www.oddsportal.com/football/h2h/estrela-da-amadora-hrYABE5k/vitoria-guimaraes-pQYVZyD2/#6LuU0bH0,2024-10-27 21:30,Estrela,Vitoria Guimaraes,2,2,2.127,1.66,2.24,1.7,6
2024-2025,https://www.oddsportal.com/football/h2h/estrela-da-amadora-hrYABE5k/vitoria-guimaraes-pQYVZyD2/#KWufqwpL,2025-03-16 21:30,Vitoria Guimaraes,Estrela,2,0,2.283,1.565,2.4,1.58,6
2024-2025,https://www.oddsportal.com/football/h2h/famalicao-ABBgitC3/fc-porto-S2NmScGp/#KjGVmeWr,2025-04-18 17:00,FC Porto,Famalicao,2,1,1.923,1.815,1.96,1.85,6
2024-2025,https://www.oddsportal.com/football/h2h/famalicao-ABBgitC3/fc-porto-S2NmScGp/#d640dwR7,2024-12-07 21:30,Famalicao,FC Porto,1,1,2.228,1.6,2.3,1.62,6
2024-2025,https://www.oddsportal.com/football/h2h/famalicao-ABBgitC3/gil-vicente-CS0fFFd8/#GfywT1r3,2024-09-14 19:30,Famalicao,Gil Vicente,1,1,1.962,1.788,2.06,1.8,5
2024-2025,https://www.oddsportal.com/football/h2h/famalicao-ABBgitC3/gil-vicente-CS0fFFd8/#U5iPoHmT,2025-02-17 21:15,Gil Vicente,Famalicao,0,2,2.02,1.723,2.12,1.77,6
2024-2025,https://www.oddsportal.com/football/h2h/famalicao-ABBgitC3/moreirense-8d9NGt9H/#2JXXEFHF,2025-02-23 21:30,Famalicao,Moreirense,2,0,2.065,1.692,2.14,1.73,6
2024-2025,https://www.oddsportal.com/football/h2h/famalicao-ABBgitC3/moreirense-8d9NGt9H/#URS7Wzke,2024-09-21 19:30,Moreirense,Famalicao,0,0,2.068,1.694,2.14,1.72,5
2024-2025,https://www.oddsportal.com/football/h2h/famalicao-ABBgitC3/nacional-4ETLrR7n/#llql7OF6,2025-03-01 16:30,Nacional,Famalicao,2,1,1.867,1.89,1.94,1.91,6
2024-2025,https://www.oddsportal.com/football/h2h/famalicao-ABBgitC3/nacional-4ETLrR7n/#zwT1l9At,2024-09-29 14:30,Famalicao,Nacional,0,0,1.952,1.796,2.0,1.8,5
2024-2025,https://www.oddsportal.com/football/h2h/famalicao-ABBgitC3/rio-ave-jPzXLi4l/#W6JYB384,2024-10-04 19:15,Rio Ave,Famalicao,1,1,2.132,1.658,2.2,1.7,5
2024-2025,https://www.oddsportal.com/football/h2h/famalicao-ABBgitC3/rio-ave-jPzXLi4l/#pIZKUIDU,2025-03-10 21:15,Famalicao,Rio Ave,1,0,1.79,1.945,1.9,2.0,6
2024-2025,https://www.oddsportal.com/football/h2h/famalicao-ABBgitC3/santa-clara-YmQyLBJf/#4YzVQ0gD,2024-12-30 21:15,Famalicao,Santa Clara,1,2,2.225,1.597,2.3,1.63,6
2024-2025,https://www.oddsportal.com/football/h2h/famalicao-ABBgitC3/santa-clara-YmQyLBJf/#tKNMNvyR,2025-05-10 14:30,Santa Clara,Famalicao,2,1,2.087,1.677,2.2,1.7,6
2024-2025,https://www.oddsportal.com/football/h2h/famalicao-ABBgitC3/sc-farense-0YgpqHGj/#E3SPLEBG,2024-12-21 16:30,Famalicao,SC Farense,1,2,2.005,1.742,2.1,1.78,6
2024-2025,https://www.oddsportal.com/football/h2h/famalicao-ABBgitC3/sc-farense-0YgpqHGj/#ObgfDWGi,2025-05-03 14:30,SC Farense,Famalicao,2,1,1.813,1.925,1.88,1.95,6
2024-2025,https://www.oddsportal.com/football/h2h/famalicao-ABBgitC3/sporting-cp-tljXuHBC/#2FsMcHsH,2025-03-15 21:30,Sporting CP,Famalicao,3,1,1.968,1.772,2.04,1.8,6
2024-2025,https://www.oddsportal.com/football/h2h/famalicao-ABBgitC3/sporting-cp-tljXuHBC/#Uunj8tPQ,2024-10-26 19:30,Famalicao,Sporting CP,0,3,2.283,1.565,2.38,1.6,6
2024-2025,https://www.oddsportal.com/football/h2h/famalicao-ABBgitC3/vitoria-guimaraes-pQYVZyD2/#G0UZurNp,2024-09-01 19:30,Vitoria Guimaraes,Famalicao,2,1,2.086,1.68,2.16,1.7,5
2024-2025,https://www.oddsportal.com/football/h2h/famalicao-ABBgitC3/vitoria-guimaraes-pQYVZyD2/#nkd6Znb6,2025-02-08 21:30,Famalicao,Vitoria Guimaraes,0,0,1.922,1.803,2.0,1.83,6
2024-2025,https://www.oddsportal.com/football/h2h/fc-porto-S2NmScGp/gil-vicente-CS0fFFd8/#4MpEcYyJ,2024-08-10 19:30,FC Porto,Gil Vicente,3,0,1.234,6.08,1.27,7.0,5
2024-2025,https://www.oddsportal.com/football/h2h/fc-porto-S2NmScGp/gil-vicente-CS0fFFd8/#QHUeAK7t,2025-01-19 21:30,Gil Vicente,FC Porto,3,1,2.133,1.648,2.2,1.67,6
2024-2025,https://www.oddsportal.com/football/h2h/fc-porto-S2NmScGp/moreirense-8d9NGt9H/#EH7bzEQ9,2024-12-21 21:30,Moreirense,FC Porto,0,3,2.088,1.68,2.18,1.73,6
2024-2025,https://www.oddsportal.com/football/h2h/fc-porto-S2NmScGp/moreirense-8d9NGt9H/#l6vK7SpT,2025-05-02 19:15,FC Porto,Moreirense,3,1,2.11,1.663,2.16,1.72,6
2024-2025,https://www.oddsportal.com/football/h2h/fc-porto-S2NmScGp/nacional-4ETLrR7n/#ETXbakzJ,2025-01-12 16:30,Nacional,FC Porto,2,0,2.128,1.657,2.42,1.75,6
2024-2025,https://www.oddsportal.com/football/h2h/fc-porto-S2NmScGp/nacional-4ETLrR7n/#Sh39qecm,2025-05-17 17:00,FC Porto,Nacional,3,0,1.758,1.983,1.8,2.05,6
2024-2025,https://www.oddsportal.com/football/h2h/fc-porto-S2NmScGp/rio-ave-jPzXLi4l/#Iqm2Bf1f,2024-08-24 17:00,FC Porto,Rio Ave,2,0,2.212,1.618,2.26,1.64,5
2024-2025,https://www.oddsportal.com/football/h2h/fc-porto-S2NmScGp/rio-ave-jPzXLi4l/#WIqZzuID,2025-02-03 21:45,Rio Ave,FC Porto,2,2,1.967,1.782,2.02,1.82,6
2024-2025,https://www.oddsportal.com/football/h2h/fc-porto-S2NmScGp/santa-clara-YmQyLBJf/#hUkwJ6dS,2025-01-26 19:00,FC Porto,Santa Clara,1,1,2.192,1.617,2.3,1.65,6
2024-2025,https://www.oddsportal.com/football/h2h/fc-porto-S2NmScGp/santa-clara-YmQyLBJf/#vFHm6aPE,2024-08-16 16:00,Santa Clara,FC Porto,0,2,1.844,1.89,1.94,1.95,5
2024-2025,https://www.oddsportal.com/football/h2h/fc-porto-S2NmScGp/sc-farense-0YgpqHGj/#MulHmwJG,2025-02-16 19:00,SC Farense,FC Porto,0,1,2.085,1.68,2.14,1.73,6
2024-2025,https://www.oddsportal.com/football/h2h/fc-porto-S2NmScGp/sc-farense-0YgpqHGj/#llqi5bjd,2024-09-15 14:30,FC Porto,SC Farense,,,2.358,1.542,2.44,1.57,5
2024-2025,https://www.oddsportal.com/football/h2h/fc-porto-S2NmScGp/vitoria-guimaraes-pQYVZyD2/#0OxiWRfC,2024-09-21 17:00,Vitoria Guimaraes,FC Porto,0,3,1.932,1.804,2.0,1.82,5
2024-2025,https://www.oddsportal.com/football/h2h/fc-porto-S2NmScGp/vitoria-guimaraes-pQYVZyD2/#nPnXA6Gs,2025-02-24 21:15,FC Porto,Vitoria Guimaraes,1,1,1.973,1.77,2.04,1.82,6
2024-2025,https://www.oddsportal.com/football/h2h/gil-vicente-CS0fFFd8/moreirense-8d9NGt9H/#Uc9TxhUH,2024-11-08 21:15,Moreirense,Gil Vicente,3,2,2.08,1.68,2.18,1.72,6
2024-2025,https://www.oddsportal.com/football/h2h/gil-vicente-CS0fFFd8/moreirense-8d9NGt9H/#fobhJqRi,2025-04-06 14:30,Gil Vicente,Moreirense,0,1,2.183,1.622,2.3,1.65,6
2024-2025,https://www.oddsportal.com/football/h2h/gil-vicente-CS0fFFd8/nacional-4ETLrR7n/#GzLEmnx0,2025-04-19 14:30,Nacional,Gil Vicente,0,3,1.893,1.832,1.98,1.9,6
2024-2025,https://www.oddsportal.com/football/h2h/gil-vicente-CS0fFFd8/nacional-4ETLrR7n/#rNSs9GAD,2024-12-07 16:30,Gil Vicente,Nacional,2,1,1.862,1.885,1.91,1.91,6
2024-2025,https://www.oddsportal.com/football/h2h/gil-vicente-CS0fFFd8/rio-ave-jPzXLi4l/#8tbVgaNa,2025-01-06 21:15,Gil Vicente,Rio Ave,1,1,1.807,1.925,1.9,1.95,6
2024-2025,https://www.oddsportal.com/football/h2h/gil-vicente-CS0fFFd8/rio-ave-jPzXLi4l/#tdTrbfCt,2025-05-16 18:00,Rio Ave,Gil Vicente,1,1,1.608,2.217,1.68,2.25,6
2024-2025,https://www.oddsportal.com/football/h2h/gil-vicente-CS0fFFd8/santa-clara-YmQyLBJf/#dGafu9Rk,2025-03-15 16:30,Gil Vicente,Santa Clara,0,1,2.275,1.565,2.4,1.6,6
2024-2025,https://www.oddsportal.com/football/h2h/gil-vicente-CS0fFFd8/santa-clara-YmQyLBJf/#viJc2jy8,2024-10-25 19:45,Santa Clara,Gil Vicente,2,1,2.338,1.543,2.38,1.57,6
2024-2025,https://www.oddsportal.com/football/h2h/gil-vicente-CS0fFFd8/sc-farense-0YgpqHGj/#f1CONzs4,2024-12-14 16:30,SC Farense,Gil Vicente,0,1,1.933,1.8,2.02,1.87,6
2024-2025,https://www.oddsportal.com/football/h2h/gil-vicente-CS0fFFd8/sc-farense-0YgpqHGj/#vgCUdBWA,2025-04-26 17:00,Gil Vicente,SC Farense,1,0,2.033,1.713,2.12,1.78,6
2024-2025,https://www.oddsportal.com/football/h2h/gil-vicente-CS0fFFd8/sporting-cp-tljXuHBC/#YeRQ3Jqe,2025-05-04 19:30,Sporting CP,Gil Vicente,2,1,2.27,1.575,2.35,1.62,6
2024-2025,https://www.oddsportal.com/football/h2h/gil-vicente-CS0fFFd8/sporting-cp-tljXuHBC/#fyTXlDu3,2024-12-22 21:30,Gil Vicente,Sporting CP,0,0,1.877,1.867,1.91,1.91,6
2024-2025,https://www.oddsportal.com/football/h2h/gil-vicente-CS0fFFd8/vitoria-guimaraes-pQYVZyD2/#l2tiewv9,2025-04-11 19:15,Gil Vicente,Vitoria Guimaraes,0,1,1.988,1.75,2.08,1.78,6
2024-2025,https://www.oddsportal.com/football/h2h/gil-vicente-CS0fFFd8/vitoria-guimaraes-pQYVZyD2/#p69K5s4L,2024-12-02 19:45,Vitoria Guimaraes,Gil Vicente,4,0,2.043,1.713,2.14,1.75,6
2024-2025,https://www.oddsportal.com/football/h2h/moreirense-8d9NGt9H/nacional-4ETLrR7n/#6H1qRlWb,2024-12-14 19:00,Nacional,Moreirense,1,0,1.985,1.755,2.06,1.8,6
2024-2025,https://www.oddsportal.com/football/h2h/moreirense-8d9NGt9H/nacional-4ETLrR7n/#OMacb3jI,2025-04-27 14:30,Moreirense,Nacional,1,1,1.75,2.003,1.9,2.07,6
2024-2025,https://www.oddsportal.com/football/h2h/moreirense-8d9NGt9H/rio-ave-jPzXLi4l/#nwzNKd2d,2025-04-13 19:30,Moreirense,Rio Ave,0,2,1.937,1.792,2.02,1.82,6
2024-2025,https://www.oddsportal.com/football/h2h/moreirense-8d9NGt9H/rio-ave-jPzXLi4l/#phUoirkS,2024-11-30 16:30,Rio Ave,Moreirense,3,2,1.867,1.88,1.91,1.91,6
2024-2025,https://www.oddsportal.com/football/h2h/moreirense-8d9NGt9H/santa-clara-YmQyLBJf/#Or5VlMbn,2025-03-09 16:30,Santa Clara,Moreirense,1,1,2.557,1.457,2.64,1.5,6
2024-2025,https://www.oddsportal.com/football/h2h/moreirense-8d9NGt9H/santa-clara-YmQyLBJf/#SYCsAswH,2024-10-05 14:30,Moreirense,Santa Clara,1,0,2.334,1.548,2.38,1.58,5
2024-2025,https://www.oddsportal.com/football/h2h/moreirense-8d9NGt9H/sc-farense-0YgpqHGj/#G6qvNcin,2025-01-19 16:30,Moreirense,SC Farense,0,0,2.217,1.593,2.3,1.63,6
2024-2025,https://www.oddsportal.com/football/h2h/moreirense-8d9NGt9H/sc-farense-0YgpqHGj/#Wd4eABLO,2024-08-11 17:00,SC Farense,Moreirense,1,2,1.902,1.844,1.96,1.88,5
2024-2025,https://www.oddsportal.com/football/h2h/moreirense-8d9NGt9H/sporting-cp-tljXuHBC/#4vjZ7GNE,2025-04-18 19:30,Sporting CP,Moreirense,3,1,2.582,1.458,2.72,1.5,6
2024-2025,https://www.oddsportal.com/football/h2h/moreirense-8d9NGt9H/sporting-cp-tljXuHBC/#A9UZAxt1,2024-12-05 21:15,Moreirense,Sporting CP,2,1,2.022,1.732,2.08,1.75,6
2024-2025,https://www.oddsportal.com/football/h2h/moreirense-8d9NGt9H/vitoria-guimaraes-pQYVZyD2/#QgMr3Xzf,2025-03-30 19:30,Moreirense,Vitoria Guimaraes,2,2,2.14,1.643,2.22,1.7,6
2024-2025,https://www.oddsportal.com/football/h2h/moreirense-8d9NGt9H/vitoria-guimaraes-pQYVZyD2/#rRIgQEpC,2024-11-03 19:00,Vitoria Guimaraes,Moreirense,1,0,2.173,1.625,2.35,1.67,6
2024-2025,https://www.oddsportal.com/football/h2h/nacional-4ETLrR7n/rio-ave-jPzXLi4l/#86sMSMO0,2024-12-29 16:30,Rio Ave,Nacional,2,1,1.763,1.982,1.88,2.02,6
2024-2025,https://www.oddsportal.com/football/h2h/nacional-4ETLrR7n/rio-ave-jPzXLi4l/#K4ZDP06E,2025-05-10 14:30,Nacional,Rio Ave,3,3,1.525,2.39,1.56,2.45,6
2024-2025,https://www.oddsportal.com/football/h2h/nacional-4ETLrR7n/santa-clara-YmQyLBJf/#QXp8jfil,2025-03-30 14:30,Santa Clara,Nacional,1,0,2.097,1.673,2.26,1.7,6
2024-2025,https://www.oddsportal.com/football/h2h/nacional-4ETLrR7n/santa-clara-YmQyLBJf/#pWz7ZINP,2024-11-04 21:15,Nacional,Santa Clara,2,0,1.942,1.792,2.04,1.83,6
2024-2025,https://www.oddsportal.com/football/h2h/nacional-4ETLrR7n/sc-farense-0YgpqHGj/#MaC1bjwC,2024-09-01 14:30,Nacional,SC Farense,2,0,1.694,2.08,1.74,2.12,5
2024-2025,https://www.oddsportal.com/football/h2h/nacional-4ETLrR7n/sc-farense-0YgpqHGj/#vPhby9Tg,2025-02-09 16:30,SC Farense,Nacional,0,2,1.933,1.797,2.02,1.83,6
2024-2025,https://www.oddsportal.com/football/h2h/nacional-4ETLrR7n/sporting-cp-tljXuHBC/#6P1SbHHl,2024-08-17 17:00,Nacional,Sporting CP,1,6,1.98,1.766,2.0,1.8,5
2024-2025,https://www.oddsportal.com/football/h2h/nacional-4ETLrR7n/sporting-cp-tljXuHBC/#Wzw5X5BL,2025-01-25 21:30,Sporting CP,Nacional,2,0,1.973,1.765,2.02,1.8,6
2024-2025,https://www.oddsportal.com/football/h2h/nacional-4ETLrR7n/vitoria-guimaraes-pQYVZyD2/#6FnwTVIq,2024-12-23 19:45,Vitoria Guimaraes,Nacional,2,2,2.123,1.655,2.24,1.7,6
2024-2025,https://www.oddsportal.com/football/h2h/nacional-4ETLrR7n/vitoria-guimaraes-pQYVZyD2/#6sBpOmV9,2025-05-03 14:30,Nacional,Vitoria Guimaraes,1,2,1.742,2.0,1.8,2.0,6
2024-2025,https://www.oddsportal.com/football/h2h/rio-ave-jPzXLi4l/santa-clara-YmQyLBJf/#OCdnKtJE,2024-12-07 19:00,Santa Clara,Rio Ave,1,0,2.005,1.738,2.1,1.78,6
2024-2025,https://www.oddsportal.com/football/h2h/rio-ave-jPzXLi4l/santa-clara-YmQyLBJf/#fLW5k87m,2025-04-18 14:30,Rio Ave,Santa Clara,1,1,1.977,1.763,2.06,1.8,6
2024-2025,https://www.oddsportal.com/football/h2h/rio-ave-jPzXLi4l/sc-farense-0YgpqHGj/#4d35gMu9,2024-08-17 14:30,Rio Ave,SC Farense,1,0,1.788,1.954,1.84,1.98,5
2024-2025,https://www.oddsportal.com/football/h2h/rio-ave-jPzXLi4l/sc-farense-0YgpqHGj/#dr6zao5d,2025-01-25 16:30,SC Farense,Rio Ave,1,2,1.885,1.872,2.0,1.95,6
2024-2025,https://www.oddsportal.com/football/h2h/rio-ave-jPzXLi4l/sporting-cp-tljXuHBC/#8fi5af76,2024-08-09 19:15,Sporting CP,Rio Ave,3,1,2.234,1.602,2.25,1.64,5
2024-2025,https://www.oddsportal.com/football/h2h/rio-ave-jPzXLi4l/sporting-cp-tljXuHBC/#A5fnjHMO,2025-01-18 19:00,Rio Ave,Sporting CP,0,3,1.945,1.792,2.02,1.92,6
2024-2025,https://www.oddsportal.com/football/h2h/rio-ave-jPzXLi4l/vitoria-guimaraes-pQYVZyD2/#ADKD0gXo,2025-04-27 17:00,Vitoria Guimaraes,Rio Ave,3,0,1.935,1.802,1.96,1.84,6
2024-2025,https://www.oddsportal.com/football/h2h/rio-ave-jPzXLi4l/vitoria-guimaraes-pQYVZyD2/#CE4iPS0B,2024-12-16 21:45,Rio Ave,Vitoria Guimaraes,2,2,1.922,1.812,1.98,1.85,6
2024-2025,https://www.oddsportal.com/football/h2h/santa-clara-YmQyLBJf/sc-farense-0YgpqHGj/#6NKpNhSP,2025-01-05 16:30,Santa Clara,SC Farense,0,0,2.46,1.503,2.54,1.53,6
2024-2025,https://www.oddsportal.com/football/h2h/santa-clara-YmQyLBJf/sc-farense-0YgpqHGj/#KntrTZC6,2025-05-17 17:00,SC Farense,Santa Clara,1,2,1.917,1.818,1.96,1.87,6
2024-2025,https://www.oddsportal.com/football/h2h/santa-clara-YmQyLBJf/sporting-cp-tljXuHBC/#4xBIoMCk,2024-11-30 21:30,Sporting CP,Santa Clara,0,1,2.047,1.717,2.15,1.8,6
2024-2025,https://www.oddsportal.com/football/h2h/santa-clara-YmQyLBJf/sporting-cp-tljXuHBC/#SYC9r0f3,2025-04-12 17:00,Santa Clara,Sporting CP,0,1,2.275,1.572,2.38,1.58,6
2024-2025,https://www.oddsportal.com/football/h2h/santa-clara-YmQyLBJf/vitoria-guimaraes-pQYVZyD2/#0IHCtzVh,2024-11-10 17:30,Santa Clara,Vitoria Guimaraes,1,0,2.082,1.678,2.14,1.72,6
2024-2025,https://www.oddsportal.com/football/h2h/santa-clara-YmQyLBJf/vitoria-guimaraes-pQYVZyD2/#OQk9F1QG,2025-04-05 19:30,Vitoria Guimaraes,Santa Clara,2,0,2.272,1.573,2.38,1.6,6
2024-2025,https://www.oddsportal.com/football/h2h/sc-farense-0YgpqHGj/sporting-cp-tljXuHBC/#Qo8NIx9K,2024-08-23 19:15,SC Farense,Sporting CP,0,5,1.92,1.828,1.95,1.88,5
2024-2025,https://www.oddsportal.com/football/h2h/sc-farense-0YgpqHGj/sporting-cp-tljXuHBC/#pv3vn5QE,2025-02-02 19:00,Sporting CP,SC Farense,3,1,2.533,1.472,2.6,1.5,6
2024-2025,https://www.oddsportal.com/football/h2h/sc-farense-0YgpqHGj/vitoria-guimaraes-pQYVZyD2/#Eq4mqr9s,2024-12-29 16:30,SC Farense,Vitoria Guimaraes,2,2,2.185,1.62,2.26,1.65,6
2024-2025,https://www.oddsportal.com/football/h2h/sc-farense-0YgpqHGj/vitoria-guimaraes-pQYVZyD2/#QPK8EzbD,2025-05-11 17:00,Vitoria Guimaraes,SC Farense,1,2,2.078,1.692,2.12,1.73,6
2024-2025,https://www.oddsportal.com/football/h2h/sporting-cp-tljXuHBC/vitoria-guimaraes-pQYVZyD2/#2VcYwiRO,2025-05-17 17:00,Sporting CP,Vitoria Guimaraes,2,0,1.847,1.882,1.97,1.95,6
2024-2025,https://www.oddsportal.com/football/h2h/sporting-cp-tljXuHBC/vitoria-guimaraes-pQYVZyD2/#YX4PFAKa,2025-01-03 21:15,Vitoria Guimaraes,Sporting CP,4,4,1.693,2.058,1.74,2.08,6
2025-2026,https://www.oddsportal.com/football/h2h/afs-IZPeUwtM/alverca-roaMksQg/#0UoRmzmS,2025-10-04 17:00,AFS,Alverca,1,3,1.945,1.768,2.0,1.83,6
2025-2026,https://www.oddsportal.com/football/h2h/afs-IZPeUwtM/alverca-roaMksQg/#APCeuhh3,2026-03-07 16:30,Alverca,AFS,0,0,1.803,1.901,1.85,1.95,7
2025-2026,https://www.oddsportal.com/football/h2h/afs-IZPeUwtM/arouca-fJqfm7CG/#MTe4DTp3,2026-01-17 19:00,AFS,Arouca,0,1,1.864,1.864,1.91,1.91,7
2025-2026,https://www.oddsportal.com/football/h2h/afs-IZPeUwtM/arouca-fJqfm7CG/#hINf2V7b,2025-08-09 19:30,Arouca,AFS,3,1,1.948,1.772,2.0,1.83,6
2025-2026,https://www.oddsportal.com/football/h2h/afs-IZPeUwtM/benfica-zBkyuyRI/#8pMUaPYg,2026-02-21 19:00,Benfica,AFS,3,0,2.403,1.504,2.54,1.55,7
2025-2026,https://www.oddsportal.com/football/h2h/afs-IZPeUwtM/benfica-zBkyuyRI/#p0Aa87TI,2025-09-20 17:00,AFS,Benfica,0,3,2.128,1.638,2.22,1.72,6
2025-2026,https://www.oddsportal.com/football/h2h/afs-IZPeUwtM/braga-dpUer7ht/#0CpvdIMb,2025-08-24 19:30,Braga,AFS,2,2,2.397,1.513,2.5,1.55,6
2025-2026,https://www.oddsportal.com/football/h2h/afs-IZPeUwtM/braga-dpUer7ht/#0fi0RABU,2026-02-02 19:45,AFS,Braga,0,4,2.109,1.646,2.15,1.7,7
2025-2026,https://www.oddsportal.com/football/h2h/afs-IZPeUwtM/casa-pia-QFHt9Zgs/#UFnJ7bEs,2026-01-23 21:15,Casa Pia,AFS,3,3,1.969,1.743,2.0,1.8,7
2025-2026,https://www.oddsportal.com/football/h2h/afs-IZPeUwtM/casa-pia-QFHt9Zgs/#p4pmTSne,2025-08-15 14:30,AFS,Casa Pia,0,2,1.96,1.767,2.0,1.83,6
2025-2026,https://www.oddsportal.com/football/h2h/afs-IZPeUwtM/estoril-htoKuYZl/#GKIrCkUg,2025-09-13 14:30,Estoril,AFS,3,1,1.87,1.84,1.95,1.95,6
2025-2026,https://www.oddsportal.com/football/h2h/afs-IZPeUwtM/estoril-htoKuYZl/#Gnsj77tK,2026-02-15 19:00,AFS,Estoril,3,0,1.611,2.177,1.65,2.25,7
2025-2026,https://www.oddsportal.com/football/h2h/afs-IZPeUwtM/estrela-da-amadora-hrYABE5k/#M3W0JAVq,2026-02-28 16:30,AFS,Estrela,0,0,1.701,2.03,1.73,2.07,7
2025-2026,https://www.oddsportal.com/football/h2h/afs-IZPeUwtM/estrela-da-amadora-hrYABE5k/#WlfAiIm3,2025-09-27 17:00,Estrela,AFS,3,0,1.897,1.808,1.95,1.85,6
2025-2026,https://www.oddsportal.com/football/h2h/afs-IZPeUwtM/famalicao-ABBgitC3/#jmb5zllo,2026-02-09 19:45,Famalicao,AFS,3,1,1.916,1.794,1.97,1.85,7
2025-2026,https://www.oddsportal.com/football/h2h/afs-IZPeUwtM/famalicao-ABBgitC3/#nqyE8e64,2025-08-30 17:00,AFS,Famalicao,0,1,2.017,1.72,2.05,1.8,6
2025-2026,https://www.oddsportal.com/football/h2h/afs-IZPeUwtM/fc-porto-S2NmScGp/#4WXvlh0f,2025-12-29 21:15,FC Porto,AFS,2,0,2.541,1.464,2.75,1.5,7
2025-2026,https://www.oddsportal.com/football/h2h/afs-IZPeUwtM/fc-porto-S2NmScGp/#n58M42kt,2026-05-10 17:00,AFS,FC Porto,3,1,1.961,1.759,2.05,1.8,7
2025-2026,https://www.oddsportal.com/football/h2h/afs-IZPeUwtM/gil-vicente-CS0fFFd8/#8G2j6tEG,2026-04-03 14:30,Gil Vicente,AFS,3,0,2.057,1.681,2.1,1.75,7
2025-2026,https://www.oddsportal.com/football/h2h/afs-IZPeUwtM/gil-vicente-CS0fFFd8/#nPKhRFzi,2025-11-09 16:30,AFS,Gil Vicente,1,1,2.178,1.61,2.22,1.68,6
2025-2026,https://www.oddsportal.com/football/h2h/afs-IZPeUwtM/moreirense-8d9NGt9H/#4I8UVV1N,2026-01-03 21:30,AFS,Moreirense,0,2,1.904,1.807,1.95,1.85,7
2025-2026,https://www.oddsportal.com/football/h2h/afs-IZPeUwtM/moreirense-8d9NGt9H/#t224FJ3b,2026-05-16 14:30,Moreirense,AFS,0,0,1.7,2.037,1.75,2.15,7
2025-2026,https://www.oddsportal.com/football/h2h/afs-IZPeUwtM/nacional-4ETLrR7n/#61ZrWJv9,2025-12-21 16:30,AFS,Nacional,2,2,1.764,1.949,1.8,2.0,7
2025-2026,https://www.oddsportal.com/football/h2h/afs-IZPeUwtM/nacional-4ETLrR7n/#riETcCMk,2026-05-02 14:30,Nacional,AFS,1,2,1.696,2.04,1.75,2.1,7
2025-2026,https://www.oddsportal.com/football/h2h/afs-IZPeUwtM/rio-ave-jPzXLi4l/#OpvIo9XP,2026-04-17 19:45,Rio Ave,AFS,2,2,1.853,1.87,1.91,1.95,7
2025-2026,https://www.oddsportal.com/football/h2h/afs-IZPeUwtM/rio-ave-jPzXLi4l/#jXcHjiLa,2025-12-06 19:00,AFS,Rio Ave,1,2,1.766,1.949,1.8,2.0,7
2025-2026,https://www.oddsportal.com/football/h2h/afs-IZPeUwtM/santa-clara-YmQyLBJf/#8zRd9sF5,2025-10-25 17:00,Santa Clara,AFS,2,0,2.395,1.522,2.5,1.6,6
2025-2026,https://www.oddsportal.com/football/h2h/afs-IZPeUwtM/santa-clara-YmQyLBJf/#jH9K0aKt,2026-03-15 16:30,AFS,Santa Clara,0,1,2.047,1.683,2.1,1.75,7
2025-2026,https://www.oddsportal.com/football/h2h/afs-IZPeUwtM/sporting-cp-tljXuHBC/#CnnNjeFM,2026-04-26 19:30,AFS,Sporting CP,1,1,1.941,1.766,1.97,1.82,7
2025-2026,https://www.oddsportal.com/football/h2h/afs-IZPeUwtM/sporting-cp-tljXuHBC/#OIXEew3d,2025-12-13 21:30,Sporting CP,AFS,6,0,3.094,1.329,3.25,1.35,7
2025-2026,https://www.oddsportal.com/football/h2h/afs-IZPeUwtM/tondela-nFFgCnVo/#6DaqeelI,2026-03-21 21:30,Tondela,AFS,0,0,1.971,1.74,2.0,1.83,7
2025-2026,https://www.oddsportal.com/football/h2h/afs-IZPeUwtM/tondela-nFFgCnVo/#QRPFP2an,2025-11-02 16:30,AFS,Tondela,2,2,1.86,1.88,1.91,1.91,6
2025-2026,https://www.oddsportal.com/football/h2h/afs-IZPeUwtM/vitoria-guimaraes-pQYVZyD2/#plpdodqK,2025-11-28 21:15,Vitoria Guimaraes,AFS,4,0,2.027,1.711,2.1,1.8,7
2025-2026,https://www.oddsportal.com/football/h2h/afs-IZPeUwtM/vitoria-guimaraes-pQYVZyD2/#z3MnDlR0,2026-04-11 14:30,AFS,Vitoria Guimaraes,1,1,1.926,1.784,1.98,1.85,7
2025-2026,https://www.oddsportal.com/football/h2h/alverca-roaMksQg/arouca-fJqfm7CG/#867IFbfS,2025-12-14 21:30,Arouca,Alverca,1,0,1.904,1.81,1.95,1.85,7
2025-2026,https://www.oddsportal.com/football/h2h/alverca-roaMksQg/arouca-fJqfm7CG/#WjJm7Ga3,2026-04-24 19:15,Alverca,Arouca,2,1,1.674,2.064,1.7,2.15,7
2025-2026,https://www.oddsportal.com/football/h2h/alverca-roaMksQg/benfica-zBkyuyRI/#Chq0dVA4,2026-02-08 21:30,Benfica,Alverca,2,1,2.243,1.581,2.38,1.63,7
2025-2026,https://www.oddsportal.com/football/h2h/alverca-roaMksQg/benfica-zBkyuyRI/#l8XU4D5T,2025-08-31 17:00,Alverca,Benfica,1,2,2.098,1.655,2.15,1.7,6
2025-2026,https://www.oddsportal.com/football/h2h/alverca-roaMksQg/braga-dpUer7ht/#QstS5xqf,2026-01-25 21:30,Braga,Alverca,5,0,2.047,1.683,2.1,1.75,7
2025-2026,https://www.oddsportal.com/football/h2h/alverca-roaMksQg/braga-dpUer7ht/#hUmeR6H7,2025-08-17 17:00,Alverca,Braga,0,3,1.98,1.732,2.05,1.83,6
2025-2026,https://www.oddsportal.com/football/h2h/alverca-roaMksQg/casa-pia-QFHt9Zgs/#pCSrxh66,2025-11-29 16:30,Casa Pia,Alverca,0,2,2.014,1.711,2.05,1.75,7
2025-2026,https://www.oddsportal.com/football/h2h/alverca-roaMksQg/casa-pia-QFHt9Zgs/#r9qET9Bs,2026-04-12 14:30,Alverca,Casa Pia,3,1,1.901,1.801,1.95,1.85,7
2025-2026,https://www.oddsportal.com/football/h2h/alverca-roaMksQg/estoril-htoKuYZl/#8OUepAaJ,2025-12-27 21:30,Estoril,Alverca,4,1,1.707,2.027,1.75,2.1,7
2025-2026,https://www.oddsportal.com/football/h2h/alverca-roaMksQg/estoril-htoKuYZl/#jc5w1Kl5,2026-05-10 19:30,Alverca,Estoril,1,1,1.539,2.316,1.57,2.4,7
2025-2026,https://www.oddsportal.com/football/h2h/alverca-roaMksQg/estrela-da-amadora-hrYABE5k/#CYKIqhRb,2026-01-31 21:30,Alverca,Estrela,1,1,2.101,1.65,2.15,1.7,7
2025-2026,https://www.oddsportal.com/football/h2h/alverca-roaMksQg/estrela-da-amadora-hrYABE5k/#UixehzMN,2025-08-25 19:15,Estrela,Alverca,2,2,1.952,1.757,2.0,1.83,6
2025-2026,https://www.oddsportal.com/football/h2h/alverca-roaMksQg/famalicao-ABBgitC3/#O2k1Q9Pp,2026-01-04 21:30,Alverca,Famalicao,1,0,1.853,1.869,1.91,1.93,7
2025-2026,https://www.oddsportal.com/football/h2h/alverca-roaMksQg/famalicao-ABBgitC3/#lS5CDcYA,2026-05-16 19:30,Famalicao,Alverca,1,0,1.803,1.903,1.85,1.95,7
2025-2026,https://www.oddsportal.com/football/h2h/alverca-roaMksQg/fc-porto-S2NmScGp/#WrJNOyXr,2025-12-22 19:45,Alverca,FC Porto,0,3,2.249,1.574,2.35,1.68,7
2025-2026,https://www.oddsportal.com/football/h2h/alverca-roaMksQg/fc-porto-S2NmScGp/#j7ENJgq9,2026-05-02 19:30,FC Porto,Alverca,1,0,2.259,1.564,2.4,1.6,7
2025-2026,https://www.oddsportal.com/football/h2h/alverca-roaMksQg/gil-vicente-CS0fFFd8/#Aclon05m,2026-03-14 19:00,Gil Vicente,Alverca,2,2,1.971,1.747,2.0,1.83,7
2025-2026,https://www.oddsportal.com/football/h2h/alverca-roaMksQg/gil-vicente-CS0fFFd8/#h0UL7Uw1,2025-10-24 19:15,Alverca,Gil Vicente,0,4,1.975,1.742,2.05,1.83,6
2025-2026,https://www.oddsportal.com/football/h2h/alverca-roaMksQg/moreirense-8d9NGt9H/#4Ehzr1Mq,2025-08-10 19:30,Moreirense,Alverca,2,1,1.963,1.753,2.0,1.83,6
2025-2026,https://www.oddsportal.com/football/h2h/alverca-roaMksQg/moreirense-8d9NGt9H/#QLhL9opS,2026-01-17 19:00,Alverca,Moreirense,2,1,2.069,1.676,2.1,1.72,7
2025-2026,https://www.oddsportal.com/football/h2h/alverca-roaMksQg/nacional-4ETLrR7n/#hdfYn9KO,2025-12-07 19:00,Alverca,Nacional,1,0,1.87,1.861,1.91,1.91,7
2025-2026,https://www.oddsportal.com/football/h2h/alverca-roaMksQg/nacional-4ETLrR7n/#lSNdvRPa,2026-04-18 14:30,Nacional,Alverca,1,0,1.624,2.159,1.67,2.25,7
2025-2026,https://www.oddsportal.com/football/h2h/alverca-roaMksQg/rio-ave-jPzXLi4l/#YcnVbb6j,2026-04-04 17:00,Rio Ave,Alverca,1,2,1.78,1.931,1.8,1.95,7
2025-2026,https://www.oddsportal.com/football/h2h/alverca-roaMksQg/rio-ave-jPzXLi4l/#d87pX5O9,2025-11-08 16:30,Alverca,Rio Ave,1,1,1.755,1.96,1.8,2.05,6
2025-2026,https://www.oddsportal.com/football/h2h/alverca-roaMksQg/santa-clara-YmQyLBJf/#8b13EOmm,2026-02-21 16:30,Alverca,Santa Clara,1,1,2.017,1.707,2.1,1.75,7
2025-2026,https://www.oddsportal.com/football/h2h/alverca-roaMksQg/santa-clara-YmQyLBJf/#b3zZM6rC,2025-09-20 14:30,Santa Clara,Alverca,2,1,2.217,1.587,2.28,1.65,6
2025-2026,https://www.oddsportal.com/football/h2h/alverca-roaMksQg/sporting-cp-tljXuHBC/#KGPI9f3B,2026-03-22 19:00,Alverca,Sporting CP,1,4,1.936,1.774,1.98,1.83,7
2025-2026,https://www.oddsportal.com/football/h2h/alverca-roaMksQg/sporting-cp-tljXuHBC/#Kl1BExio,2025-10-31 21:15,Sporting CP,Alverca,2,0,2.538,1.457,2.63,1.5,6
2025-2026,https://www.oddsportal.com/football/h2h/alverca-roaMksQg/tondela-nFFgCnVo/#Y3gOnIw8,2026-02-13 21:45,Tondela,Alverca,1,1,2.027,1.707,2.05,1.75,7
2025-2026,https://www.oddsportal.com/football/h2h/alverca-roaMksQg/tondela-nFFgCnVo/#b5kuLPeR,2025-09-12 19:15,Alverca,Tondela,1,0,1.902,1.803,1.95,1.85,6
2025-2026,https://www.oddsportal.com/football/h2h/alverca-roaMksQg/vitoria-guimaraes-pQYVZyD2/#6kRmHyCj,2025-09-28 14:30,Alverca,Vitoria Guimaraes,2,0,2.015,1.725,2.05,1.8,6
2025-2026,https://www.oddsportal.com/football/h2h/alverca-roaMksQg/vitoria-guimaraes-pQYVZyD2/#j1HmCgOG,2026-02-28 21:30,Vitoria Guimaraes,Alverca,1,1,1.879,1.833,1.95,1.95,7
2025-2026,https://www.oddsportal.com/football/h2h/arouca-fJqfm7CG/benfica-zBkyuyRI/#Emdc7LqI,2025-10-25 19:30,Benfica,Arouca,5,0,2.032,1.703,2.1,1.75,6
2025-2026,https://www.oddsportal.com/football/h2h/arouca-fJqfm7CG/benfica-zBkyuyRI/#xY7Sbwkg,2026-03-14 21:30,Arouca,Benfica,1,2,1.923,1.786,2.0,1.85,7
2025-2026,https://www.oddsportal.com/football/h2h/arouca-fJqfm7CG/braga-dpUer7ht/#OAN8KWYQ,2026-04-12 17:00,Braga,Arouca,1,0,1.889,1.843,1.93,1.91,7
2025-2026,https://www.oddsportal.com/football/h2h/arouca-fJqfm7CG/braga-dpUer7ht/#Ora1PEM0,2025-12-01 21:15,Arouca,Braga,0,4,1.897,1.814,1.95,1.9,7
2025-2026,https://www.oddsportal.com/football/h2h/arouca-fJqfm7CG/casa-pia-QFHt9Zgs/#EVfAF3Jl,2025-09-14 17:00,Arouca,Casa Pia,0,2,1.968,1.755,2.0,1.8,6
2025-2026,https://www.oddsportal.com/football/h2h/arouca-fJqfm7CG/casa-pia-QFHt9Zgs/#lCN8fUdE,2026-02-14 16:30,Casa Pia,Arouca,3,2,1.867,1.866,1.91,1.91,7
2025-2026,https://www.oddsportal.com/football/h2h/arouca-fJqfm7CG/estoril-htoKuYZl/#dUrLqq8F,2025-11-07 21:15,Estoril,Arouca,4,3,1.742,1.987,1.8,2.05,6
2025-2026,https://www.oddsportal.com/football/h2h/arouca-fJqfm7CG/estoril-htoKuYZl/#zksEbkC7,2026-04-06 17:45,Arouca,Estoril,3,2,1.507,2.391,1.55,2.5,7
2025-2026,https://www.oddsportal.com/football/h2h/arouca-fJqfm7CG/estrela-da-amadora-hrYABE5k/#UoqWhQvg,2026-04-19 14:30,Arouca,Estrela,1,0,1.774,1.934,1.8,2.0,7
2025-2026,https://www.oddsportal.com/football/h2h/arouca-fJqfm7CG/estrela-da-amadora-hrYABE5k/#YFF718ZH,2025-12-07 19:00,Estrela,Arouca,3,1,1.867,1.861,1.91,1.93,7
2025-2026,https://www.oddsportal.com/football/h2h/arouca-fJqfm7CG/famalicao-ABBgitC3/#CMp5thu2,2025-10-05 14:30,Arouca,Famalicao,1,1,1.768,1.958,1.8,2.05,6
2025-2026,https://www.oddsportal.com/football/h2h/arouca-fJqfm7CG/famalicao-ABBgitC3/#Cl9CyAiS,2026-03-06 21:15,Famalicao,Arouca,1,0,1.786,1.921,1.83,2.0,7
2025-2026,https://www.oddsportal.com/football/h2h/arouca-fJqfm7CG/fc-porto-S2NmScGp/#WSIZvu4c,2025-09-29 19:00,Arouca,FC Porto,0,4,2.05,1.688,2.1,1.75,6
2025-2026,https://www.oddsportal.com/football/h2h/arouca-fJqfm7CG/fc-porto-S2NmScGp/#p0AdAXhT,2026-02-27 19:45,FC Porto,Arouca,3,1,2.547,1.451,2.63,1.5,7
2025-2026,https://www.oddsportal.com/football/h2h/arouca-fJqfm7CG/gil-vicente-CS0fFFd8/#676hNSk1,2026-05-11 19:15,Gil Vicente,Arouca,1,3,1.763,1.95,1.8,2.05,7
2025-2026,https://www.oddsportal.com/football/h2h/arouca-fJqfm7CG/gil-vicente-CS0fFFd8/#E1g0ez8K,2025-12-28 16:30,Arouca,Gil Vicente,2,2,2.017,1.703,2.05,1.75,7
2025-2026,https://www.oddsportal.com/football/h2h/arouca-fJqfm7CG/moreirense-8d9NGt9H/#SjMWLKbB,2025-11-02 19:00,Arouca,Moreirense,0,2,1.835,1.898,1.91,1.95,6
2025-2026,https://www.oddsportal.com/football/h2h/arouca-fJqfm7CG/moreirense-8d9NGt9H/#jyY1Dx4n,2026-03-21 16:30,Moreirense,Arouca,0,1,1.786,1.924,1.82,1.95,7
2025-2026,https://www.oddsportal.com/football/h2h/arouca-fJqfm7CG/nacional-4ETLrR7n/#4QfCC2Ia,2026-02-21 16:30,Arouca,Nacional,3,0,1.71,2.02,1.75,2.1,7
2025-2026,https://www.oddsportal.com/football/h2h/arouca-fJqfm7CG/nacional-4ETLrR7n/#6TwsLpDO,2025-09-20 14:30,Nacional,Arouca,1,2,1.873,1.843,1.95,1.95,6
2025-2026,https://www.oddsportal.com/football/h2h/arouca-fJqfm7CG/rio-ave-jPzXLi4l/#j5iyXEsg,2026-01-31 19:00,Rio Ave,Arouca,0,3,1.689,2.041,1.72,2.1,7
2025-2026,https://www.oddsportal.com/football/h2h/arouca-fJqfm7CG/rio-ave-jPzXLi4l/#ryEDucxI,2025-08-23 19:30,Arouca,Rio Ave,3,3,1.738,1.99,1.77,2.05,6
2025-2026,https://www.oddsportal.com/football/h2h/arouca-fJqfm7CG/santa-clara-YmQyLBJf/#IF9cyFGl,2025-12-21 21:30,Santa Clara,Arouca,0,0,2.147,1.631,2.2,1.7,7
2025-2026,https://www.oddsportal.com/football/h2h/arouca-fJqfm7CG/santa-clara-YmQyLBJf/#IsY4WWSE,2026-05-02 14:30,Arouca,Santa Clara,2,2,1.899,1.814,1.95,1.87,7
2025-2026,https://www.oddsportal.com/football/h2h/arouca-fJqfm7CG/sporting-cp-tljXuHBC/#Cb49IFSa,2026-01-24 19:00,Arouca,Sporting CP,1,2,1.907,1.8,1.95,1.85,7
2025-2026,https://www.oddsportal.com/football/h2h/arouca-fJqfm7CG/sporting-cp-tljXuHBC/#lEhvRcNO,2025-08-17 19:30,Sporting CP,Arouca,6,0,2.002,1.713,2.07,1.75,6
2025-2026,https://www.oddsportal.com/football/h2h/arouca-fJqfm7CG/tondela-nFFgCnVo/#A1I2OEnT,2026-05-16 17:00,Arouca,Tondela,3,1,1.637,2.124,1.67,2.2,7
2025-2026,https://www.oddsportal.com/football/h2h/arouca-fJqfm7CG/tondela-nFFgCnVo/#zDXM0j1c,2026-01-03 16:30,Tondela,Arouca,3,1,1.869,1.86,1.91,1.91,7
2025-2026,https://www.oddsportal.com/football/h2h/arouca-fJqfm7CG/vitoria-guimaraes-pQYVZyD2/#S0HT2QZr,2025-08-30 17:00,Vitoria Guimaraes,Arouca,1,1,1.763,1.953,1.8,2.0,6
2025-2026,https://www.oddsportal.com/football/h2h/arouca-fJqfm7CG/vitoria-guimaraes-pQYVZyD2/#SSuybrn9,2026-02-07 21:30,Arouca,Vitoria Guimaraes,3,2,1.83,1.896,1.91,1.95,7
2025-2026,https://www.oddsportal.com/football/h2h/benfica-zBkyuyRI/braga-dpUer7ht/#KnEeHuZo,2026-05-11 19:15,Benfica,Braga,2,2,1.783,1.921,1.85,2.0,7
2025-2026,https://www.oddsportal.com/football/h2h/benfica-zBkyuyRI/braga-dpUer7ht/#W4AMXiXA,2025-12-28 19:00,Braga,Benfica,2,2,1.887,1.82,1.95,1.9,7
2025-2026,https://www.oddsportal.com/football/h2h/benfica-zBkyuyRI/casa-pia-QFHt9Zgs/#lYr60Bse,2026-04-06 19:45,Casa Pia,Benfica,1,1,2.039,1.693,2.12,1.77,7
2025-2026,https://www.oddsportal.com/football/h2h/benfica-zBkyuyRI/casa-pia-QFHt9Zgs/#xSSJo5w3,2025-11-09 21:30,Benfica,Casa Pia,2,2,2.557,1.457,2.8,1.5,6
2025-2026,https://www.oddsportal.com/football/h2h/benfica-zBkyuyRI/estoril-htoKuYZl/#4Wm3pVGG,2026-01-03 19:00,Benfica,Estoril,3,1,1.937,1.77,2.0,1.82,7
2025-2026,https://www.oddsportal.com/football/h2h/benfica-zBkyuyRI/estoril-htoKuYZl/#f5SwUIIi,2026-05-16 19:30,Estoril,Benfica,1,3,1.67,2.069,1.7,2.1,7
2025-2026,https://www.oddsportal.com/football/h2h/benfica-zBkyuyRI/estrela-da-amadora-hrYABE5k/#EeMdquwg,2025-08-16 19:30,Estrela,Benfica,0,1,2.165,1.62,2.22,1.68,6
2025-2026,https://www.oddsportal.com/football/h2h/benfica-zBkyuyRI/estrela-da-amadora-hrYABE5k/#vRNIEXRO,2026-01-25 19:00,Benfica,Estrela,4,0,2.364,1.523,2.45,1.57,7
2025-2026,https://www.oddsportal.com/football/h2h/benfica-zBkyuyRI/famalicao-ABBgitC3/#0OAvLgW7,2025-12-22 21:45,Benfica,Famalicao,1,0,1.973,1.749,2.0,1.85,7
2025-2026,https://www.oddsportal.com/football/h2h/benfica-zBkyuyRI/famalicao-ABBgitC3/#r5g2CByq,2026-05-02 17:00,Famalicao,Benfica,2,2,1.726,2.001,1.77,2.1,7
2025-2026,https://www.oddsportal.com/football/h2h/benfica-zBkyuyRI/fc-porto-S2NmScGp/#f5nZGYGE,2025-10-05 20:15,FC Porto,Benfica,0,0,1.755,1.963,1.8,2.02,6
2025-2026,https://www.oddsportal.com/football/h2h/benfica-zBkyuyRI/fc-porto-S2NmScGp/#rgyJrRbe,2026-03-08 19:00,Benfica,FC Porto,2,2,2.089,1.659,2.15,1.7,7
2025-2026,https://www.oddsportal.com/football/h2h/benfica-zBkyuyRI/gil-vicente-CS0fFFd8/#QJVVOW7M,2026-03-02 21:15,Gil Vicente,Benfica,1,2,1.931,1.78,1.98,1.85,7
2025-2026,https://www.oddsportal.com/football/h2h/benfica-zBkyuyRI/gil-vicente-CS0fFFd8/#h6kVTEed,2025-09-26 19:15,Benfica,Gil Vicente,2,1,2.042,1.7,2.1,1.75,6
2025-2026,https://www.oddsportal.com/football/h2h/benfica-zBkyuyRI/moreirense-8d9NGt9H/#IuglAxIk,2025-12-14 19:00,Moreirense,Benfica,0,4,2.071,1.67,2.15,1.73,7
2025-2026,https://www.oddsportal.com/football/h2h/benfica-zBkyuyRI/moreirense-8d9NGt9H/#jgZl5fUF,2026-04-25 17:00,Benfica,Moreirense,4,1,2.617,1.436,2.75,1.45,7
2025-2026,https://www.oddsportal.com/football/h2h/benfica-zBkyuyRI/nacional-4ETLrR7n/#IJa9hDjm,2025-11-29 19:00,Nacional,Benfica,1,2,2.083,1.664,2.15,1.75,7
2025-2026,https://www.oddsportal.com/football/h2h/benfica-zBkyuyRI/nacional-4ETLrR7n/#rk1VN5uJ,2026-04-12 17:00,Benfica,Nacional,2,0,2.028,1.698,2.1,1.75,6
2025-2026,https://www.oddsportal.com/football/h2h/benfica-zBkyuyRI/rio-ave-jPzXLi4l/#UZ8IkQhd,2026-01-17 21:30,Rio Ave,Benfica,0,2,1.971,1.74,2.05,1.83,7
2025-2026,https://www.oddsportal.com/football/h2h/benfica-zBkyuyRI/rio-ave-jPzXLi4l/#phKn4iwn,2025-09-23 19:15,Benfica,Rio Ave,1,1,2.13,1.643,2.2,1.67,6
2025-2026,https://www.oddsportal.com/football/h2h/benfica-zBkyuyRI/santa-clara-YmQyLBJf/#Akf4q4lD,2026-02-13 19:30,Santa Clara,Benfica,1,2,2.124,1.64,2.22,1.7,7
2025-2026,https://www.oddsportal.com/football/h2h/benfica-zBkyuyRI/santa-clara-YmQyLBJf/#dI2sEBas,2025-09-12 19:15,Benfica,Santa Clara,1,1,2.667,1.42,2.75,1.5,6
2025-2026,https://www.oddsportal.com/football/h2h/benfica-zBkyuyRI/sporting-cp-tljXuHBC/#4zOj5jzg,2025-12-05 21:15,Benfica,Sporting CP,1,1,1.843,1.884,1.91,1.95,7
2025-2026,https://www.oddsportal.com/football/h2h/benfica-zBkyuyRI/sporting-cp-tljXuHBC/#I7FDzqPO,2026-04-19 17:15,Sporting CP,Benfica,1,2,1.694,2.04,1.75,2.1,7
2025-2026,https://www.oddsportal.com/football/h2h/benfica-zBkyuyRI/tondela-nFFgCnVo/#4SciTWtI,2026-02-01 21:30,Tondela,Benfica,0,0,2.22,1.591,2.3,1.68,7
2025-2026,https://www.oddsportal.com/football/h2h/benfica-zBkyuyRI/tondela-nFFgCnVo/#hnsWcvhn,2025-08-23 19:30,Benfica,Tondela,3,0,2.185,1.607,2.26,1.7,6
2025-2026,https://www.oddsportal.com/football/h2h/benfica-zBkyuyRI/vitoria-guimaraes-pQYVZyD2/#jgZMWyDT,2025-11-01 21:30,Vitoria Guimaraes,Benfica,0,3,2.108,1.65,2.2,1.7,6
2025-2026,https://www.oddsportal.com/football/h2h/benfica-zBkyuyRI/vitoria-guimaraes-pQYVZyD2/#n1Es82q4,2026-03-21 19:00,Benfica,Vitoria Guimaraes,3,0,1.924,1.783,1.97,1.83,7
2025-2026,https://www.oddsportal.com/football/h2h/braga-dpUer7ht/casa-pia-QFHt9Zgs/#n3qAtdZO,2026-04-23 18:00,Casa Pia,Braga,0,1,1.991,1.736,2.05,1.83,7
2025-2026,https://www.oddsportal.com/football/h2h/braga-dpUer7ht/casa-pia-QFHt9Zgs/#zNSlB3pg,2025-10-26 21:30,Braga,Casa Pia,4,0,1.948,1.765,2.0,1.8,6
2025-2026,https://www.oddsportal.com/football/h2h/braga-dpUer7ht/estoril-htoKuYZl/#E9RDUAcR,2026-05-03 17:00,Braga,Estoril,1,1,1.684,2.049,1.72,2.15,7
2025-2026,https://www.oddsportal.com/football/h2h/braga-dpUer7ht/estoril-htoKuYZl/#QuD5Zho1,2025-12-19 21:15,Estoril,Braga,1,0,1.78,1.933,1.83,2.0,7
2025-2026,https://www.oddsportal.com/football/h2h/braga-dpUer7ht/estrela-da-amadora-hrYABE5k/#UoaZIhAj,2026-05-16 17:00,Braga,Estrela,2,2,1.714,2.021,1.75,2.1,7
2025-2026,https://www.oddsportal.com/football/h2h/braga-dpUer7ht/estrela-da-amadora-hrYABE5k/#rwyVbUV9,2026-01-03 19:00,Estrela,Braga,3,3,1.95,1.766,2.0,1.85,7
2025-2026,https://www.oddsportal.com/football/h2h/braga-dpUer7ht/famalicao-ABBgitC3/#bujnkrvI,2026-04-19 19:30,Braga,Famalicao,2,2,1.713,2.019,1.75,2.1,7
2025-2026,https://www.oddsportal.com/football/h2h/braga-dpUer7ht/famalicao-ABBgitC3/#rsBIJkkn,2025-12-06 21:30,Famalicao,Braga,1,2,1.821,1.91,1.91,1.95,7
2025-2026,https://www.oddsportal.com/football/h2h/braga-dpUer7ht/fc-porto-S2NmScGp/#fRuEYcrH,2025-11-02 21:30,FC Porto,Braga,2,1,1.942,1.775,1.98,1.83,6
2025-2026,https://www.oddsportal.com/football/h2h/braga-dpUer7ht/fc-porto-S2NmScGp/#vyBZ9OEi,2026-03-22 21:30,Braga,FC Porto,1,2,1.89,1.816,1.95,1.88,7
2025-2026,https://www.oddsportal.com/football/h2h/braga-dpUer7ht/gil-vicente-CS0fFFd8/#0nHBJXyK,2025-09-14 19:30,Braga,Gil Vicente,0,1,2.02,1.715,2.05,1.8,6
2025-2026,https://www.oddsportal.com/football/h2h/braga-dpUer7ht/gil-vicente-CS0fFFd8/#lz6eoQJ0,2026-02-14 21:30,Gil Vicente,Braga,2,1,1.997,1.726,2.05,1.78,7
2025-2026,https://www.oddsportal.com/football/h2h/braga-dpUer7ht/moreirense-8d9NGt9H/#SIfc2XCr,2026-04-04 17:00,Moreirense,Braga,0,1,2.091,1.661,2.15,1.75,7
2025-2026,https://www.oddsportal.com/football/h2h/braga-dpUer7ht/moreirense-8d9NGt9H/#pYuYN1od,2025-11-09 21:30,Braga,Moreirense,2,1,2.143,1.63,2.2,1.7,6
2025-2026,https://www.oddsportal.com/football/h2h/braga-dpUer7ht/nacional-4ETLrR7n/#44sNQhwA,2026-02-28 19:00,Nacional,Braga,1,2,1.833,1.891,1.91,1.95,7
2025-2026,https://www.oddsportal.com/football/h2h/braga-dpUer7ht/nacional-4ETLrR7n/#KhiNVzRq,2025-09-28 17:00,Braga,Nacional,0,1,1.972,1.748,2.0,1.8,6
2025-2026,https://www.oddsportal.com/football/h2h/braga-dpUer7ht/rio-ave-jPzXLi4l/#4O17j0vq,2026-02-08 19:00,Braga,Rio Ave,3,0,2.234,1.574,2.35,1.65,7
2025-2026,https://www.oddsportal.com/football/h2h/braga-dpUer7ht/rio-ave-jPzXLi4l/#Aq9parZ7,2025-08-31 19:30,Rio Ave,Braga,2,2,1.833,1.895,1.91,2.0,6
2025-2026,https://www.oddsportal.com/football/h2h/braga-dpUer7ht/santa-clara-YmQyLBJf/#j5Z6caYq,2025-12-15 19:45,Braga,Santa Clara,1,0,2.333,1.537,2.4,1.6,7
2025-2026,https://www.oddsportal.com/football/h2h/braga-dpUer7ht/santa-clara-YmQyLBJf/#jXcEhHpA,2026-04-26 17:00,Santa Clara,Braga,2,1,2.013,1.71,2.05,1.75,7
2025-2026,https://www.oddsportal.com/football/h2h/braga-dpUer7ht/sporting-cp-tljXuHBC/#vc4ngVO7,2025-10-05 18:15,Sporting CP,Braga,1,1,1.777,1.94,1.8,1.95,6
2025-2026,https://www.oddsportal.com/football/h2h/braga-dpUer7ht/sporting-cp-tljXuHBC/#zTXApmUr,2026-03-07 19:00,Braga,Sporting CP,2,2,1.714,2.02,1.75,2.1,7
2025-2026,https://www.oddsportal.com/football/h2h/braga-dpUer7ht/tondela-nFFgCnVo/#tvfxplhU,2025-08-10 19:30,Braga,Tondela,3,0,1.932,1.785,1.98,1.85,6
2025-2026,https://www.oddsportal.com/football/h2h/braga-dpUer7ht/tondela-nFFgCnVo/#zyG9inOq,2026-01-18 19:00,Tondela,Braga,0,1,2.026,1.7,2.1,1.75,7
2025-2026,https://www.oddsportal.com/football/h2h/braga-dpUer7ht/vitoria-guimaraes-pQYVZyD2/#MLPWFyPi,2026-02-21 21:30,Braga,Vitoria Guimaraes,3,2,2.006,1.716,2.05,1.8,7
2025-2026,https://www.oddsportal.com/football/h2h/braga-dpUer7ht/vitoria-guimaraes-pQYVZyD2/#vyB7y6c5,2025-09-20 19:30,Vitoria Guimaraes,Braga,1,1,1.792,1.928,1.83,1.95,6
2025-2026,https://www.oddsportal.com/football/h2h/casa-pia-QFHt9Zgs/estoril-htoKuYZl/#6i64wWMF,2026-03-07 21:30,Estoril,Casa Pia,0,0,1.756,1.961,1.8,2.05,7
2025-2026,https://www.oddsportal.com/football/h2h/casa-pia-QFHt9Zgs/estoril-htoKuYZl/#WCxcrEAk,2025-10-03 19:15,Casa Pia,Estoril,2,2,1.835,1.893,1.91,1.95,6
2025-2026,https://www.oddsportal.com/football/h2h/casa-pia-QFHt9Zgs/estrela-da-amadora-hrYABE5k/#2ughgZIU,2026-03-20 21:15,Estrela,Casa Pia,4,0,1.891,1.814,1.95,1.85,7
2025-2026,https://www.oddsportal.com/football/h2h/casa-pia-QFHt9Zgs/estrela-da-amadora-hrYABE5k/#YiTNNtUb,2025-11-01 19:00,Casa Pia,Estrela,3,5,2.023,1.713,2.05,1.75,6
2025-2026,https://www.oddsportal.com/football/h2h/casa-pia-QFHt9Zgs/famalicao-ABBgitC3/#4CFwb336,2026-02-23 21:15,Famalicao,Casa Pia,2,0,2.021,1.711,2.08,1.8,7
2025-2026,https://www.oddsportal.com/football/h2h/casa-pia-QFHt9Zgs/famalicao-ABBgitC3/#C62oWALP,2025-09-21 19:30,Casa Pia,Famalicao,1,1,1.992,1.733,2.0,1.75,6
2025-2026,https://www.oddsportal.com/football/h2h/casa-pia-QFHt9Zgs/fc-porto-S2NmScGp/#dvvmfdiB,2025-08-24 17:00,FC Porto,Casa Pia,4,0,2.483,1.48,2.7,1.55,6
2025-2026,https://www.oddsportal.com/football/h2h/casa-pia-QFHt9Zgs/fc-porto-S2NmScGp/#jJW9oEdn,2026-02-02 21:45,Casa Pia,FC Porto,2,1,2.497,1.48,2.65,1.55,7
2025-2026,https://www.oddsportal.com/football/h2h/casa-pia-QFHt9Zgs/gil-vicente-CS0fFFd8/#4daRHTJb,2025-12-13 16:30,Casa Pia,Gil Vicente,1,1,2.147,1.624,2.2,1.67,7
2025-2026,https://www.oddsportal.com/football/h2h/casa-pia-QFHt9Zgs/gil-vicente-CS0fFFd8/#URCJWZNj,2026-04-27 19:15,Gil Vicente,Casa Pia,2,1,1.959,1.76,2.0,1.83,7
2025-2026,https://www.oddsportal.com/football/h2h/casa-pia-QFHt9Zgs/moreirense-8d9NGt9H/#IVP9Hl0d,2026-03-01 19:00,Casa Pia,Moreirense,1,1,1.994,1.719,2.05,1.78,7
2025-2026,https://www.oddsportal.com/football/h2h/casa-pia-QFHt9Zgs/moreirense-8d9NGt9H/#vFcIkdIF,2025-09-27 14:30,Moreirense,Casa Pia,2,1,1.963,1.753,2.0,1.8,6
2025-2026,https://www.oddsportal.com/football/h2h/casa-pia-QFHt9Zgs/nacional-4ETLrR7n/#6ethbith,2026-02-08 16:30,Nacional,Casa Pia,0,0,1.76,1.953,1.8,2.0,7
2025-2026,https://www.oddsportal.com/football/h2h/casa-pia-QFHt9Zgs/nacional-4ETLrR7n/#f9vM6ZzH,2025-08-30 14:30,Casa Pia,Nacional,0,2,1.925,1.785,2.0,1.85,6
2025-2026,https://www.oddsportal.com/football/h2h/casa-pia-QFHt9Zgs/rio-ave-jPzXLi4l/#OpKfQzIG,2026-05-16 17:00,Casa Pia,Rio Ave,1,1,1.766,1.946,1.8,2.0,7
2025-2026,https://www.oddsportal.com/football/h2h/casa-pia-QFHt9Zgs/rio-ave-jPzXLi4l/#dUSswm9j,2026-01-04 16:30,Rio Ave,Casa Pia,3,1,1.956,1.759,2.0,1.83,7
2025-2026,https://www.oddsportal.com/football/h2h/casa-pia-QFHt9Zgs/santa-clara-YmQyLBJf/#MuM4x5fC,2026-04-18 17:00,Casa Pia,Santa Clara,0,0,2.047,1.68,2.1,1.72,7
2025-2026,https://www.oddsportal.com/football/h2h/casa-pia-QFHt9Zgs/santa-clara-YmQyLBJf/#dAKr7C5t,2025-12-06 16:30,Santa Clara,Casa Pia,1,0,2.414,1.509,2.5,1.55,7
2025-2026,https://www.oddsportal.com/football/h2h/casa-pia-QFHt9Zgs/sporting-cp-tljXuHBC/#4hPwc80M,2026-01-16 21:15,Sporting CP,Casa Pia,3,0,2.234,1.573,2.3,1.62,7
2025-2026,https://www.oddsportal.com/football/h2h/casa-pia-QFHt9Zgs/sporting-cp-tljXuHBC/#YDjUoANH,2025-08-08 19:15,Casa Pia,Sporting CP,0,2,2.01,1.72,2.06,1.8,6
2025-2026,https://www.oddsportal.com/football/h2h/casa-pia-QFHt9Zgs/tondela-nFFgCnVo/#CpoJ8Tz8,2026-05-03 14:30,Casa Pia,Tondela,0,1,1.901,1.81,1.95,1.85,7
2025-2026,https://www.oddsportal.com/football/h2h/casa-pia-QFHt9Zgs/tondela-nFFgCnVo/#lpiZtygR,2025-12-21 19:00,Tondela,Casa Pia,1,2,2.0,1.724,2.05,1.75,7
2025-2026,https://www.oddsportal.com/football/h2h/casa-pia-QFHt9Zgs/torreense-8jQErKhN/#IcJBYh6e,2026-05-28 19:00,Casa Pia,Torreense,2,0,2.424,1.5,2.5,1.55,7
2025-2026,https://www.oddsportal.com/football/h2h/casa-pia-QFHt9Zgs/torreense-8jQErKhN/#ppL3zFyq,2026-05-20 17:00,Torreense,Casa Pia,0,0,1.888,1.805,1.91,1.83,6
2025-2026,https://www.oddsportal.com/football/h2h/casa-pia-QFHt9Zgs/vitoria-guimaraes-pQYVZyD2/#AuDqPlLl,2026-05-11 19:15,Vitoria Guimaraes,Casa Pia,0,1,1.966,1.751,2.05,1.83,7
2025-2026,https://www.oddsportal.com/football/h2h/casa-pia-QFHt9Zgs/vitoria-guimaraes-pQYVZyD2/#ne1EXWFD,2025-12-28 16:30,Casa Pia,Vitoria Guimaraes,0,0,2.089,1.66,2.15,1.7,7
2025-2026,https://www.oddsportal.com/football/h2h/estoril-htoKuYZl/estrela-da-amadora-hrYABE5k/#IekDB7FF,2026-01-19 21:15,Estrela,Estoril,0,5,1.591,2.207,1.62,2.32,7
2025-2026,https://www.oddsportal.com/football/h2h/estoril-htoKuYZl/estrela-da-amadora-hrYABE5k/#YRV209xB,2025-08-11 17:45,Estoril,Estrela,1,1,1.972,1.757,2.0,1.8,6
2025-2026,https://www.oddsportal.com/football/h2h/estoril-htoKuYZl/famalicao-ABBgitC3/#rVxgoZxp,2026-04-26 14:30,Estoril,Famalicao,0,1,1.549,2.293,1.57,2.4,7
2025-2026,https://www.oddsportal.com/football/h2h/estoril-htoKuYZl/famalicao-ABBgitC3/#vRF1Jte3,2025-12-14 16:30,Famalicao,Estoril,4,0,1.721,2.01,1.75,2.1,7
2025-2026,https://www.oddsportal.com/football/h2h/estoril-htoKuYZl/fc-porto-S2NmScGp/#dIAeBSeD,2026-04-12 19:30,Estoril,FC Porto,1,3,1.803,1.907,1.85,1.95,7
2025-2026,https://www.oddsportal.com/football/h2h/estoril-htoKuYZl/fc-porto-S2NmScGp/#tKVRuz7s,2025-11-30 21:30,FC Porto,Estoril,1,0,2.114,1.643,2.25,1.68,7
2025-2026,https://www.oddsportal.com/football/h2h/estoril-htoKuYZl/gil-vicente-CS0fFFd8/#UNrIQlqm,2025-09-21 17:00,Gil Vicente,Estoril,2,0,1.903,1.808,1.95,1.85,6
2025-2026,https://www.oddsportal.com/football/h2h/estoril-htoKuYZl/gil-vicente-CS0fFFd8/#dKXpdsYI,2026-02-22 19:00,Estoril,Gil Vicente,3,1,1.643,2.124,1.67,2.2,7
2025-2026,https://www.oddsportal.com/football/h2h/estoril-htoKuYZl/moreirense-8d9NGt9H/#fTUmtmem,2026-04-20 19:15,Moreirense,Estoril,1,0,1.619,2.151,1.67,2.25,7
2025-2026,https://www.oddsportal.com/football/h2h/estoril-htoKuYZl/moreirense-8d9NGt9H/#naiQlVkC,2025-12-07 16:30,Estoril,Moreirense,3,3,1.82,1.906,1.91,2.0,7
2025-2026,https://www.oddsportal.com/football/h2h/estoril-htoKuYZl/nacional-4ETLrR7n/#48PRt5T7,2026-03-15 16:30,Nacional,Estoril,0,1,1.5,2.414,1.53,2.5,7
2025-2026,https://www.oddsportal.com/football/h2h/estoril-htoKuYZl/nacional-4ETLrR7n/#SIpsFCoR,2025-10-26 16:30,Estoril,Nacional,1,1,1.76,1.955,1.8,2.0,6
2025-2026,https://www.oddsportal.com/football/h2h/estoril-htoKuYZl/rio-ave-jPzXLi4l/#04KvKbTN,2025-11-01 19:00,Rio Ave,Estoril,0,4,1.683,2.065,1.7,2.1,6
2025-2026,https://www.oddsportal.com/football/h2h/estoril-htoKuYZl/rio-ave-jPzXLi4l/#CjMABGYb,2026-03-22 16:30,Estoril,Rio Ave,1,2,1.629,2.144,1.67,2.25,7
2025-2026,https://www.oddsportal.com/football/h2h/estoril-htoKuYZl/santa-clara-YmQyLBJf/#bNfJnEqo,2025-09-06 19:30,Estoril,Santa Clara,0,1,2.13,1.637,2.2,1.68,6
2025-2026,https://www.oddsportal.com/football/h2h/estoril-htoKuYZl/santa-clara-YmQyLBJf/#bkJQsWeB,2026-01-31 16:30,Santa Clara,Estoril,2,4,1.853,1.879,1.91,1.91,7
2025-2026,https://www.oddsportal.com/football/h2h/estoril-htoKuYZl/sporting-cp-tljXuHBC/#Cl9FZqSH,2025-09-27 19:30,Estoril,Sporting CP,0,1,1.907,1.808,1.95,1.85,6
2025-2026,https://www.oddsportal.com/football/h2h/estoril-htoKuYZl/sporting-cp-tljXuHBC/#ryEuEFg4,2026-02-27 21:45,Sporting CP,Estoril,3,0,1.763,1.951,1.8,2.0,7
2025-2026,https://www.oddsportal.com/football/h2h/estoril-htoKuYZl/tondela-nFFgCnVo/#8C4eLYkA,2025-08-31 14:30,Tondela,Estoril,2,2,1.823,1.908,1.91,1.95,6
2025-2026,https://www.oddsportal.com/football/h2h/estoril-htoKuYZl/tondela-nFFgCnVo/#zZhkzuf2,2026-02-07 19:00,Estoril,Tondela,2,2,1.711,2.023,1.75,2.1,7
2025-2026,https://www.oddsportal.com/football/h2h/estoril-htoKuYZl/vitoria-guimaraes-pQYVZyD2/#Sb4VSJhC,2025-08-16 17:00,Vitoria Guimaraes,Estoril,3,2,1.783,1.933,1.83,2.0,6
2025-2026,https://www.oddsportal.com/football/h2h/estoril-htoKuYZl/vitoria-guimaraes-pQYVZyD2/#vo61Kybm,2026-01-24 21:30,Estoril,Vitoria Guimaraes,4,2,1.65,2.113,1.7,2.2,7
2025-2026,https://www.oddsportal.com/football/h2h/estrela-da-amadora-hrYABE5k/famalicao-ABBgitC3/#0bRmnWU6,2025-12-27 19:00,Famalicao,Estrela,2,3,2.083,1.666,2.25,1.75,7
2025-2026,https://www.oddsportal.com/football/h2h/estrela-da-amadora-hrYABE5k/famalicao-ABBgitC3/#fVBU2tKh,2026-05-11 19:15,Estrela,Famalicao,0,0,1.787,1.929,1.83,1.98,7
2025-2026,https://www.oddsportal.com/football/h2h/estrela-da-amadora-hrYABE5k/fc-porto-S2NmScGp/#niJ9HKPF,2025-12-15 21:45,FC Porto,Estrela,3,1,2.341,1.53,2.4,1.55,7
2025-2026,https://www.oddsportal.com/football/h2h/estrela-da-amadora-hrYABE5k/fc-porto-S2NmScGp/#vcW1qD7d,2026-04-26 17:00,Estrela,FC Porto,1,2,2.24,1.576,2.3,1.65,7
2025-2026,https://www.oddsportal.com/football/h2h/estrela-da-amadora-hrYABE5k/gil-vicente-CS0fFFd8/#0rRa2Z1L,2025-10-04 14:30,Gil Vicente,Estrela,2,0,2.087,1.663,2.2,1.73,6
2025-2026,https://www.oddsportal.com/football/h2h/estrela-da-amadora-hrYABE5k/gil-vicente-CS0fFFd8/#4nliURq2,2026-03-08 16:30,Estrela,Gil Vicente,2,2,1.92,1.79,1.95,1.85,7
2025-2026,https://www.oddsportal.com/football/h2h/estrela-da-amadora-hrYABE5k/moreirense-8d9NGt9H/#2TSiUc9L,2025-12-20 21:30,Estrela,Moreirense,0,0,1.964,1.753,2.02,1.83,7
2025-2026,https://www.oddsportal.com/football/h2h/estrela-da-amadora-hrYABE5k/moreirense-8d9NGt9H/#jHHydji2,2026-05-02 14:30,Moreirense,Estrela,3,2,1.901,1.806,1.95,1.85,7
2025-2026,https://www.oddsportal.com/football/h2h/estrela-da-amadora-hrYABE5k/nacional-4ETLrR7n/#40kwZRgc,2025-11-09 16:30,Estrela,Nacional,1,1,1.893,1.813,1.95,1.85,6
2025-2026,https://www.oddsportal.com/football/h2h/estrela-da-amadora-hrYABE5k/nacional-4ETLrR7n/#Gt6b4KrT,2026-04-04 14:30,Nacional,Estrela,2,0,1.684,2.051,1.72,2.1,7
2025-2026,https://www.oddsportal.com/football/h2h/estrela-da-amadora-hrYABE5k/rio-ave-jPzXLi4l/#WEHD48LE,2026-03-15 19:00,Rio Ave,Estrela,2,1,1.867,1.864,1.91,1.95,7
2025-2026,https://www.oddsportal.com/football/h2h/estrela-da-amadora-hrYABE5k/rio-ave-jPzXLi4l/#n3RD9j9l,2025-10-25 19:30,Estrela,Rio Ave,1,2,1.767,1.948,1.8,2.0,6
2025-2026,https://www.oddsportal.com/football/h2h/estrela-da-amadora-hrYABE5k/santa-clara-YmQyLBJf/#0n1mNfLc,2025-08-31 19:30,Santa Clara,Estrela,0,0,2.475,1.483,2.63,1.55,6
2025-2026,https://www.oddsportal.com/football/h2h/estrela-da-amadora-hrYABE5k/santa-clara-YmQyLBJf/#v7atx1Pk,2026-02-07 16:30,Estrela,Santa Clara,1,0,2.367,1.527,2.5,1.6,7
2025-2026,https://www.oddsportal.com/football/h2h/estrela-da-amadora-hrYABE5k/sporting-cp-tljXuHBC/#OO2sZVmK,2026-04-11 19:30,Estrela,Sporting CP,0,1,1.867,1.86,1.91,1.91,7
2025-2026,https://www.oddsportal.com/football/h2h/estrela-da-amadora-hrYABE5k/sporting-cp-tljXuHBC/#xnPzvEyf,2025-11-30 19:00,Sporting CP,Estrela,4,0,2.257,1.574,2.35,1.62,7
2025-2026,https://www.oddsportal.com/football/h2h/estrela-da-amadora-hrYABE5k/tondela-nFFgCnVo/#2ysQOSDa,2025-09-21 14:30,Tondela,Estrela,0,0,1.79,1.918,1.82,1.95,6
2025-2026,https://www.oddsportal.com/football/h2h/estrela-da-amadora-hrYABE5k/tondela-nFFgCnVo/#xGAXJpQP,2026-02-20 21:45,Estrela,Tondela,0,2,1.959,1.761,2.0,1.82,7
2025-2026,https://www.oddsportal.com/football/h2h/estrela-da-amadora-hrYABE5k/vitoria-guimaraes-pQYVZyD2/#2wdWMoRE,2025-09-14 14:30,Estrela,Vitoria Guimaraes,0,2,2.032,1.7,2.1,1.75,6
2025-2026,https://www.oddsportal.com/football/h2h/estrela-da-amadora-hrYABE5k/vitoria-guimaraes-pQYVZyD2/#QwjGlv9e,2026-02-14 19:00,Vitoria Guimaraes,Estrela,2,1,2.053,1.689,2.1,1.75,7
2025-2026,https://www.oddsportal.com/football/h2h/famalicao-ABBgitC3/fc-porto-S2NmScGp/#INegVqgM,2025-11-09 19:00,Famalicao,FC Porto,0,1,2.057,1.687,2.1,1.75,6
2025-2026,https://www.oddsportal.com/football/h2h/famalicao-ABBgitC3/fc-porto-S2NmScGp/#QiZGM1bc,2026-04-04 19:30,FC Porto,Famalicao,2,2,2.091,1.657,2.15,1.73,7
2025-2026,https://www.oddsportal.com/football/h2h/famalicao-ABBgitC3/gil-vicente-CS0fFFd8/#WEaqVhC5,2026-02-01 16:30,Gil Vicente,Famalicao,5,0,1.889,1.823,1.95,1.9,7
2025-2026,https://www.oddsportal.com/football/h2h/famalicao-ABBgitC3/gil-vicente-CS0fFFd8/#lYGLwy7U,2025-08-24 14:30,Famalicao,Gil Vicente,0,0,2.055,1.69,2.15,1.75,6
2025-2026,https://www.oddsportal.com/football/h2h/famalicao-ABBgitC3/moreirense-8d9NGt9H/#6RGizWzJ,2025-11-29 16:30,Moreirense,Famalicao,2,2,1.829,1.899,1.91,1.95,7
2025-2026,https://www.oddsportal.com/football/h2h/famalicao-ABBgitC3/moreirense-8d9NGt9H/#GMsMRmtf,2026-04-10 19:45,Famalicao,Moreirense,1,1,2.06,1.674,2.15,1.75,7
2025-2026,https://www.oddsportal.com/football/h2h/famalicao-ABBgitC3/nacional-4ETLrR7n/#GrJR7YXN,2026-03-21 16:30,Famalicao,Nacional,1,0,1.766,1.951,1.8,2.0,7
2025-2026,https://www.oddsportal.com/football/h2h/famalicao-ABBgitC3/nacional-4ETLrR7n/#negcxtqh,2025-11-01 16:30,Nacional,Famalicao,0,1,1.728,2.0,1.75,2.05,6
2025-2026,https://www.oddsportal.com/football/h2h/famalicao-ABBgitC3/rio-ave-jPzXLi4l/#hr7rwJY9,2025-09-28 19:30,Famalicao,Rio Ave,0,0,1.763,1.945,1.8,2.0,6
2025-2026,https://www.oddsportal.com/football/h2h/famalicao-ABBgitC3/rio-ave-jPzXLi4l/#tWeS4BGj,2026-03-01 21:30,Rio Ave,Famalicao,0,0,1.697,2.031,1.78,2.15,7
2025-2026,https://www.oddsportal.com/football/h2h/famalicao-ABBgitC3/santa-clara-YmQyLBJf/#SnvV3rq3,2025-08-10 16:00,Famalicao,Santa Clara,3,0,2.075,1.67,2.1,1.7,6
2025-2026,https://www.oddsportal.com/football/h2h/famalicao-ABBgitC3/santa-clara-YmQyLBJf/#rLsa23x2,2026-01-18 16:30,Santa Clara,Famalicao,0,1,2.011,1.711,2.05,1.75,7
2025-2026,https://www.oddsportal.com/football/h2h/famalicao-ABBgitC3/sporting-cp-tljXuHBC/#MPLGh8RQ,2026-02-15 21:30,Sporting CP,Famalicao,1,0,2.011,1.713,2.07,1.75,7
2025-2026,https://www.oddsportal.com/football/h2h/famalicao-ABBgitC3/sporting-cp-tljXuHBC/#zoqJDsl1,2025-09-13 19:30,Famalicao,Sporting CP,1,2,1.7,2.043,1.75,2.1,6
2025-2026,https://www.oddsportal.com/football/h2h/famalicao-ABBgitC3/tondela-nFFgCnVo/#ITSmo18t,2025-08-16 14:30,Tondela,Famalicao,0,1,1.948,1.772,2.0,1.83,6
2025-2026,https://www.oddsportal.com/football/h2h/famalicao-ABBgitC3/tondela-nFFgCnVo/#W0KAGgcC,2026-01-25 19:00,Famalicao,Tondela,3,0,1.939,1.777,2.0,1.83,7
2025-2026,https://www.oddsportal.com/football/h2h/famalicao-ABBgitC3/vitoria-guimaraes-pQYVZyD2/#EFIU588D,2025-10-26 16:30,Famalicao,Vitoria Guimaraes,2,0,1.78,1.928,1.8,1.95,6
2025-2026,https://www.oddsportal.com/football/h2h/famalicao-ABBgitC3/vitoria-guimaraes-pQYVZyD2/#rBngpvz0,2026-03-14 16:30,Vitoria Guimaraes,Famalicao,1,2,1.734,1.986,1.75,2.05,7
2025-2026,https://www.oddsportal.com/football/h2h/fc-porto-S2NmScGp/gil-vicente-CS0fFFd8/#Wvqz4GD6,2026-01-26 21:15,FC Porto,Gil Vicente,3,0,2.321,1.541,2.4,1.6,7
2025-2026,https://www.oddsportal.com/football/h2h/fc-porto-S2NmScGp/gil-vicente-CS0fFFd8/#hKpskA9E,2025-08-18 19:15,Gil Vicente,FC Porto,0,2,2.137,1.637,2.2,1.7,6
2025-2026,https://www.oddsportal.com/football/h2h/fc-porto-S2NmScGp/moreirense-8d9NGt9H/#veZuDPFt,2025-10-27 21:15,Moreirense,FC Porto,1,2,2.25,1.563,2.3,1.6,6
2025-2026,https://www.oddsportal.com/football/h2h/fc-porto-S2NmScGp/moreirense-8d9NGt9H/#vwt2rI4C,2026-03-15 21:30,FC Porto,Moreirense,3,0,2.756,1.393,2.85,1.43,7
2025-2026,https://www.oddsportal.com/football/h2h/fc-porto-S2NmScGp/nacional-4ETLrR7n/#OpMjATb6,2025-09-13 17:00,FC Porto,Nacional,1,0,2.252,1.568,2.35,1.62,6
2025-2026,https://www.oddsportal.com/football/h2h/fc-porto-S2NmScGp/nacional-4ETLrR7n/#zXNM1o4s,2026-02-15 16:30,Nacional,FC Porto,0,1,2.051,1.683,2.15,1.75,7
2025-2026,https://www.oddsportal.com/football/h2h/fc-porto-S2NmScGp/rio-ave-jPzXLi4l/#As4iulbt,2025-09-19 19:15,Rio Ave,FC Porto,0,3,1.882,1.832,1.95,1.9,6
2025-2026,https://www.oddsportal.com/football/h2h/fc-porto-S2NmScGp/rio-ave-jPzXLi4l/#xvgKAtmC,2026-02-22 21:30,FC Porto,Rio Ave,1,0,2.557,1.459,2.75,1.52,7
2025-2026,https://www.oddsportal.com/football/h2h/fc-porto-S2NmScGp/santa-clara-YmQyLBJf/#d6penin4,2026-01-04 19:00,Santa Clara,FC Porto,0,1,2.471,1.48,2.55,1.55,7
2025-2026,https://www.oddsportal.com/football/h2h/fc-porto-S2NmScGp/santa-clara-YmQyLBJf/#vcpi6FQp,2026-05-16 14:30,FC Porto,Santa Clara,1,0,2.06,1.677,2.15,1.75,7
2025-2026,https://www.oddsportal.com/football/h2h/fc-porto-S2NmScGp/sporting-cp-tljXuHBC/#EHFy144e,2025-08-30 19:30,Sporting CP,FC Porto,1,2,1.72,2.012,1.75,2.1,6
2025-2026,https://www.oddsportal.com/football/h2h/fc-porto-S2NmScGp/sporting-cp-tljXuHBC/#YuBydMGL,2026-02-09 21:45,FC Porto,Sporting CP,1,1,1.759,1.957,1.8,2.0,7
2025-2026,https://www.oddsportal.com/football/h2h/fc-porto-S2NmScGp/tondela-nFFgCnVo/#2Ddwi495,2026-04-19 19:30,FC Porto,Tondela,2,0,2.647,1.427,2.85,1.48,7
2025-2026,https://www.oddsportal.com/football/h2h/fc-porto-S2NmScGp/tondela-nFFgCnVo/#hIV8an4U,2025-12-07 21:30,Tondela,FC Porto,0,2,2.18,1.611,2.3,1.68,7
2025-2026,https://www.oddsportal.com/football/h2h/fc-porto-S2NmScGp/vitoria-guimaraes-pQYVZyD2/#bTPoQ6U8,2026-01-18 21:30,Vitoria Guimaraes,FC Porto,0,1,2.161,1.623,2.2,1.7,7
2025-2026,https://www.oddsportal.com/football/h2h/fc-porto-S2NmScGp/vitoria-guimaraes-pQYVZyD2/#l2Sw2MDF,2025-08-11 19:45,FC Porto,Vitoria Guimaraes,3,0,1.885,1.832,1.95,1.9,6
2025-2026,https://www.oddsportal.com/football/h2h/gil-vicente-CS0fFFd8/moreirense-8d9NGt9H/#Y7X8f9uH,2026-02-07 16:30,Moreirense,Gil Vicente,1,2,2.071,1.667,2.1,1.7,7
2025-2026,https://www.oddsportal.com/football/h2h/gil-vicente-CS0fFFd8/moreirense-8d9NGt9H/#pvJ0aiTj,2025-08-29 19:15,Gil Vicente,Moreirense,2,0,2.388,1.523,2.5,1.6,6
2025-2026,https://www.oddsportal.com/football/h2h/gil-vicente-CS0fFFd8/nacional-4ETLrR7n/#0tnqtuid,2025-08-09 14:30,Nacional,Gil Vicente,0,2,2.052,1.688,2.06,1.72,6
2025-2026,https://www.oddsportal.com/football/h2h/gil-vicente-CS0fFFd8/nacional-4ETLrR7n/#AgUi4P7k,2026-01-17 16:30,Gil Vicente,Nacional,2,1,1.941,1.773,1.98,1.83,7
2025-2026,https://www.oddsportal.com/football/h2h/gil-vicente-CS0fFFd8/rio-ave-jPzXLi4l/#OKCVHXDL,2026-05-03 19:30,Rio Ave,Gil Vicente,0,0,1.724,2.0,1.75,2.1,7
2025-2026,https://www.oddsportal.com/football/h2h/gil-vicente-CS0fFFd8/rio-ave-jPzXLi4l/#hb7WMF1e,2025-12-20 19:00,Gil Vicente,Rio Ave,2,2,1.893,1.824,1.95,1.9,7
2025-2026,https://www.oddsportal.com/football/h2h/gil-vicente-CS0fFFd8/santa-clara-YmQyLBJf/#8As6zKD4,2025-11-03 21:45,Gil Vicente,Santa Clara,1,0,2.287,1.552,2.38,1.6,6
2025-2026,https://www.oddsportal.com/football/h2h/gil-vicente-CS0fFFd8/santa-clara-YmQyLBJf/#CE4c2Ceo,2026-03-21 19:00,Santa Clara,Gil Vicente,1,0,2.151,1.629,2.2,1.68,7
2025-2026,https://www.oddsportal.com/football/h2h/gil-vicente-CS0fFFd8/sporting-cp-tljXuHBC/#rRbLBy3N,2026-05-16 19:30,Sporting CP,Gil Vicente,3,0,1.821,1.891,1.9,1.95,7
2025-2026,https://www.oddsportal.com/football/h2h/gil-vicente-CS0fFFd8/sporting-cp-tljXuHBC/#zidnlDHi,2026-01-02 19:45,Gil Vicente,Sporting CP,1,1,2.047,1.69,2.1,1.75,7
2025-2026,https://www.oddsportal.com/football/h2h/gil-vicente-CS0fFFd8/tondela-nFFgCnVo/#W829NhiD,2025-11-29 21:30,Gil Vicente,Tondela,0,1,1.981,1.737,2.05,1.83,7
2025-2026,https://www.oddsportal.com/football/h2h/gil-vicente-CS0fFFd8/tondela-nFFgCnVo/#re4uFAdl,2026-04-13 19:15,Tondela,Gil Vicente,2,2,1.903,1.814,1.95,1.9,7
2025-2026,https://www.oddsportal.com/football/h2h/gil-vicente-CS0fFFd8/vitoria-guimaraes-pQYVZyD2/#02Ha3U45,2025-12-08 21:30,Vitoria Guimaraes,Gil Vicente,0,0,2.08,1.664,2.12,1.7,7
2025-2026,https://www.oddsportal.com/football/h2h/gil-vicente-CS0fFFd8/vitoria-guimaraes-pQYVZyD2/#8WfNfnAt,2026-04-18 19:30,Gil Vicente,Vitoria Guimaraes,0,1,1.846,1.881,1.91,1.93,7
2025-2026,https://www.oddsportal.com/football/h2h/moreirense-8d9NGt9H/nacional-4ETLrR7n/#KfWwhVy9,2026-03-07 16:30,Moreirense,Nacional,1,1,1.836,1.893,1.91,1.95,7
2025-2026,https://www.oddsportal.com/football/h2h/moreirense-8d9NGt9H/nacional-4ETLrR7n/#WQHVdDPr,2025-10-04 14:30,Nacional,Moreirense,3,2,1.908,1.812,1.95,1.9,6
2025-2026,https://www.oddsportal.com/football/h2h/moreirense-8d9NGt9H/rio-ave-jPzXLi4l/#rBnRBLID,2025-09-13 14:30,Moreirense,Rio Ave,3,1,1.945,1.773,2.0,1.83,6
2025-2026,https://www.oddsportal.com/football/h2h/moreirense-8d9NGt9H/rio-ave-jPzXLi4l/#tA2mmnkl,2026-02-16 21:15,Rio Ave,Moreirense,1,2,1.857,1.871,1.91,1.95,7
2025-2026,https://www.oddsportal.com/football/h2h/moreirense-8d9NGt9H/santa-clara-YmQyLBJf/#O67EW1gm,2025-08-17 17:00,Santa Clara,Moreirense,0,1,2.408,1.5,2.5,1.55,6
2025-2026,https://www.oddsportal.com/football/h2h/moreirense-8d9NGt9H/santa-clara-YmQyLBJf/#hfXr2frJ,2026-01-24 16:30,Moreirense,Santa Clara,1,0,2.214,1.584,2.25,1.63,7
2025-2026,https://www.oddsportal.com/football/h2h/moreirense-8d9NGt9H/sporting-cp-tljXuHBC/#fFXphYWp,2026-02-21 19:00,Moreirense,Sporting CP,0,3,2.214,1.591,2.35,1.68,7
2025-2026,https://www.oddsportal.com/football/h2h/moreirense-8d9NGt9H/sporting-cp-tljXuHBC/#r9HbwSSh,2025-09-22 19:15,Sporting CP,Moreirense,3,0,2.095,1.653,2.2,1.7,6
2025-2026,https://www.oddsportal.com/football/h2h/moreirense-8d9NGt9H/tondela-nFFgCnVo/#C490L6KD,2026-05-11 19:15,Tondela,Moreirense,2,0,1.86,1.849,1.95,1.95,7
2025-2026,https://www.oddsportal.com/football/h2h/moreirense-8d9NGt9H/tondela-nFFgCnVo/#WIZWkEVs,2026-01-11 19:00,Moreirense,Tondela,1,0,1.921,1.79,2.0,1.85,7
2025-2026,https://www.oddsportal.com/football/h2h/moreirense-8d9NGt9H/vitoria-guimaraes-pQYVZyD2/#QTn5AHyh,2025-08-23 15:00,Moreirense,Vitoria Guimaraes,2,0,1.942,1.783,2.0,1.85,6
2025-2026,https://www.oddsportal.com/football/h2h/moreirense-8d9NGt9H/vitoria-guimaraes-pQYVZyD2/#fHCZuAQN,2026-01-30 21:45,Vitoria Guimaraes,Moreirense,1,0,1.954,1.759,2.0,1.85,7
2025-2026,https://www.oddsportal.com/football/h2h/nacional-4ETLrR7n/rio-ave-jPzXLi4l/#K0PUPczQ,2026-01-25 16:30,Nacional,Rio Ave,4,0,1.643,2.117,1.7,2.25,7
2025-2026,https://www.oddsportal.com/football/h2h/nacional-4ETLrR7n/rio-ave-jPzXLi4l/#KY0NUuOa,2025-08-17 14:30,Rio Ave,Nacional,1,1,1.813,1.93,1.91,2.0,6
2025-2026,https://www.oddsportal.com/football/h2h/nacional-4ETLrR7n/santa-clara-YmQyLBJf/#UNYocxlU,2026-05-11 19:15,Santa Clara,Nacional,2,0,1.72,2.004,1.75,2.1,7
2025-2026,https://www.oddsportal.com/football/h2h/nacional-4ETLrR7n/santa-clara-YmQyLBJf/#zwHDZD2b,2026-01-11 16:30,Nacional,Santa Clara,3,3,2.097,1.654,2.15,1.68,7
2025-2026,https://www.oddsportal.com/football/h2h/nacional-4ETLrR7n/sporting-cp-tljXuHBC/#n9K4sJ75,2025-08-23 17:00,Nacional,Sporting CP,1,4,1.975,1.748,2.05,1.8,6
2025-2026,https://www.oddsportal.com/football/h2h/nacional-4ETLrR7n/sporting-cp-tljXuHBC/#rulTYzDt,2026-02-01 19:00,Sporting CP,Nacional,2,1,1.959,1.754,2.0,1.8,7
2025-2026,https://www.oddsportal.com/football/h2h/nacional-4ETLrR7n/tondela-nFFgCnVo/#CM2ZF7lB,2025-12-15 18:30,Nacional,Tondela,3,1,1.837,1.891,1.91,1.95,7
2025-2026,https://www.oddsportal.com/football/h2h/nacional-4ETLrR7n/tondela-nFFgCnVo/#pze6fwGc,2026-04-25 14:30,Tondela,Nacional,0,2,1.7,2.033,1.75,2.1,7
2025-2026,https://www.oddsportal.com/football/h2h/nacional-4ETLrR7n/vitoria-guimaraes-pQYVZyD2/#0bsCr9oT,2026-01-02 21:45,Vitoria Guimaraes,Nacional,2,1,1.96,1.759,2.0,1.85,7
2025-2026,https://www.oddsportal.com/football/h2h/nacional-4ETLrR7n/vitoria-guimaraes-pQYVZyD2/#2VVoSdm4,2026-05-16 17:00,Nacional,Vitoria Guimaraes,2,0,1.674,2.063,1.72,2.2,7
2025-2026,https://www.oddsportal.com/football/h2h/rio-ave-jPzXLi4l/santa-clara-YmQyLBJf/#bZIxbZSP,2025-11-30 16:30,Rio Ave,Santa Clara,1,1,2.036,1.7,2.05,1.73,7
2025-2026,https://www.oddsportal.com/football/h2h/rio-ave-jPzXLi4l/santa-clara-YmQyLBJf/#zPcNPRA6,2026-04-11 17:00,Santa Clara,Rio Ave,0,2,1.96,1.751,2.0,1.83,7
2025-2026,https://www.oddsportal.com/football/h2h/rio-ave-jPzXLi4l/sporting-cp-tljXuHBC/#OA3oabJH,2026-05-11 19:15,Rio Ave,Sporting CP,1,4,1.756,1.956,1.82,2.0,7
2025-2026,https://www.oddsportal.com/football/h2h/rio-ave-jPzXLi4l/sporting-cp-tljXuHBC/#lMI5yzYo,2025-12-28 21:30,Sporting CP,Rio Ave,4,0,2.704,1.409,2.85,1.47,7
2025-2026,https://www.oddsportal.com/football/h2h/rio-ave-jPzXLi4l/tondela-nFFgCnVo/#4GXj4eX8,2025-10-05 16:30,Rio Ave,Tondela,3,0,1.675,2.077,1.7,2.15,6
2025-2026,https://www.oddsportal.com/football/h2h/rio-ave-jPzXLi4l/tondela-nFFgCnVo/#dMpqWmFk,2026-03-09 21:15,Tondela,Rio Ave,0,1,1.793,1.921,1.83,1.95,7
2025-2026,https://www.oddsportal.com/football/h2h/rio-ave-jPzXLi4l/vitoria-guimaraes-pQYVZyD2/#E7nc8Gn2,2025-12-13 19:00,Rio Ave,Vitoria Guimaraes,0,1,1.836,1.889,1.91,1.95,7
2025-2026,https://www.oddsportal.com/football/h2h/rio-ave-jPzXLi4l/vitoria-guimaraes-pQYVZyD2/#bJxc3YbS,2026-04-25 19:30,Vitoria Guimaraes,Rio Ave,2,0,1.714,2.019,1.75,2.1,7
2025-2026,https://www.oddsportal.com/football/h2h/santa-clara-YmQyLBJf/sporting-cp-tljXuHBC/#MJSPKuT9,2026-04-03 19:30,Sporting CP,Santa Clara,4,2,2.123,1.641,2.22,1.7,7
2025-2026,https://www.oddsportal.com/football/h2h/santa-clara-YmQyLBJf/sporting-cp-tljXuHBC/#l6nPPNGq,2025-11-08 21:30,Santa Clara,Sporting CP,1,2,2.365,1.525,2.45,1.6,6
2025-2026,https://www.oddsportal.com/football/h2h/santa-clara-YmQyLBJf/tondela-nFFgCnVo/#08Ajyc3M,2025-09-27 15:30,Santa Clara,Tondela,1,2,2.11,1.65,2.14,1.7,6
2025-2026,https://www.oddsportal.com/football/h2h/santa-clara-YmQyLBJf/tondela-nFFgCnVo/#dvvFSE8c,2026-03-01 16:30,Tondela,Santa Clara,2,2,2.151,1.626,2.2,1.68,7
2025-2026,https://www.oddsportal.com/football/h2h/santa-clara-YmQyLBJf/vitoria-guimaraes-pQYVZyD2/#h8Uoj96L,2026-03-08 21:30,Santa Clara,Vitoria Guimaraes,2,0,2.03,1.704,2.05,1.75,7
2025-2026,https://www.oddsportal.com/football/h2h/santa-clara-YmQyLBJf/vitoria-guimaraes-pQYVZyD2/#ht6veife,2025-10-04 19:30,Vitoria Guimaraes,Santa Clara,2,1,2.26,1.565,2.3,1.6,6
2025-2026,https://www.oddsportal.com/football/h2h/sporting-cp-tljXuHBC/tondela-nFFgCnVo/#MDa55aEU,2025-10-26 19:00,Tondela,Sporting CP,0,3,2.008,1.72,2.05,1.75,6
2025-2026,https://www.oddsportal.com/football/h2h/sporting-cp-tljXuHBC/tondela-nFFgCnVo/#Ya1ycHJ5,2026-04-29 19:15,Sporting CP,Tondela,2,2,2.229,1.583,2.35,1.63,7
2025-2026,https://www.oddsportal.com/football/h2h/sporting-cp-tljXuHBC/vitoria-guimaraes-pQYVZyD2/#GWhRrcOE,2025-12-23 21:45,Vitoria Guimaraes,Sporting CP,1,4,1.99,1.736,2.05,1.83,7
2025-2026,https://www.oddsportal.com/football/h2h/sporting-cp-tljXuHBC/vitoria-guimaraes-pQYVZyD2/#jVdAAk6e,2026-05-04 19:15,Sporting CP,Vitoria Guimaraes,5,1,1.813,1.899,1.9,1.95,7
2025-2026,https://www.oddsportal.com/football/h2h/tondela-nFFgCnVo/vitoria-guimaraes-pQYVZyD2/#2TAhRzhl,2025-11-08 19:00,Tondela,Vitoria Guimaraes,0,1,1.887,1.832,1.95,1.9,6
2025-2026,https://www.oddsportal.com/football/h2h/tondela-nFFgCnVo/vitoria-guimaraes-pQYVZyD2/#jcP0Mh4E,2026-04-03 17:00,Vitoria Guimaraes,Tondela,5,0,1.821,1.879,1.91,1.95,7
current,https://www.oddsportal.com/football/h2h/academico-viseu-GrRgeTHo/benfica-zBkyuyRI/#QsVHjuFa,2026-08-09 19:30,Benfica,Academico Viseu,2,2,2.286,1.556,2.45,1.62,7
current,https://www.oddsportal.com/football/h2h/academico-viseu-GrRgeTHo/estrela-da-amadora-hrYABE5k/#Wl9nzTm2,2026-09-20 14:30,Estrela,Academico Viseu,0,2,1.72,2.01,1.75,2.1,7
current,https://www.oddsportal.com/football/h2h/academico-viseu-GrRgeTHo/fc-porto-S2NmScGp/#GKHEBe9F,2026-08-29 17:00,Academico Viseu,FC Porto,0,3,2.213,1.593,2.25,1.62,7
current,https://www.oddsportal.com/football/h2h/academico-viseu-GrRgeTHo/gil-vicente-CS0fFFd8/#z1MbKPim,2026-09-06 19:30,Gil Vicente,Academico Viseu,0,1,2.006,1.717,2.05,1.8,7
current,https://www.oddsportal.com/football/h2h/academico-viseu-GrRgeTHo/maritimo-noguvetP/#bsWQ0vec,2026-08-22 14:30,Maritimo,Academico Viseu,2,2,1.953,1.763,2.0,1.8,7
current,https://www.oddsportal.com/football/h2h/academico-viseu-GrRgeTHo/santa-clara-YmQyLBJf/#YwVjZXpI,2026-08-15 17:00,Academico Viseu,Santa Clara,0,1,1.989,1.73,2.02,1.75,7
current,https://www.oddsportal.com/football/h2h/academico-viseu-GrRgeTHo/vitoria-guimaraes-pQYVZyD2/#C842Rb5U,2026-09-12 19:30,Academico Viseu,Vitoria Guimaraes,2,1,1.859,1.871,1.91,1.93,7
current,https://www.oddsportal.com/football/h2h/alverca-roaMksQg/braga-dpUer7ht/#WU2nVt65,2026-09-05 17:00,Alverca,Braga,1,2,1.97,1.747,2.04,1.8,7
current,https://www.oddsportal.com/football/h2h/alverca-roaMksQg/estrela-da-amadora-hrYABE5k/#t4YbXBFU,2026-08-15 14:30,Alverca,Estrela,2,2,1.806,1.901,1.88,1.95,7
current,https://www.oddsportal.com/football/h2h/alverca-roaMksQg/fc-porto-S2NmScGp/#tSQt70at,2026-08-09 17:00,FC Porto,Alverca,2,0,2.343,1.527,2.4,1.63,7
current,https://www.oddsportal.com/football/h2h/alverca-roaMksQg/nacional-4ETLrR7n/#EVDhogd3,2026-09-12 14:30,Nacional,Alverca,1,3,1.736,1.98,1.78,2.05,7
current,https://www.oddsportal.com/football/h2h/alverca-roaMksQg/rio-ave-jPzXLi4l/#OO5vxkJk,2026-09-19 17:00,Alverca,Rio Ave,1,0,1.767,1.941,1.8,2.0,7
current,https://www.oddsportal.com/football/h2h/alverca-roaMksQg/santa-clara-YmQyLBJf/#MJqngmgl,2026-08-29 14:30,Alverca,Santa Clara,1,1,1.934,1.773,1.96,1.83,7
current,https://www.oddsportal.com/football/h2h/alverca-roaMksQg/sporting-cp-tljXuHBC/#G0RKkEnd,2026-08-22 19:30,Sporting CP,Alverca,3,1,1.944,1.789,2.02,1.91,7
current,https://www.oddsportal.com/football/h2h/arouca-fJqfm7CG/estoril-htoKuYZl/#4IVSPoUP,2026-09-07 19:15,Estoril,Arouca,0,0,1.62,2.166,1.67,2.25,7
current,https://www.oddsportal.com/football/h2h/arouca-fJqfm7CG/fc-porto-S2NmScGp/#vLXtcdfM,2026-08-23 19:30,FC Porto,Arouca,2,0,2.04,1.699,2.2,1.75,7
current,https://www.oddsportal.com/football/h2h/arouca-fJqfm7CG/maritimo-noguvetP/#fXsfiRN0,2026-08-29 14:30,Arouca,Maritimo,2,1,1.819,1.909,1.91,1.95,7
current,https://www.oddsportal.com/football/h2h/arouca-fJqfm7CG/moreirense-8d9NGt9H/#dG88iF0n,2026-08-16 17:00,Arouca,Moreirense,4,0,1.916,1.793,1.95,1.83,7
current,https://www.oddsportal.com/football/h2h/arouca-fJqfm7CG/santa-clara-YmQyLBJf/#2XqCo2jn,2026-09-13 17:00,Arouca,Santa Clara,1,2,1.853,1.871,1.91,1.91,7
current,https://www.oddsportal.com/football/h2h/arouca-fJqfm7CG/sporting-cp-tljXuHBC/#Y9gDA9PE,2026-09-19 19:30,Sporting CP,Arouca,2,2,2.039,1.696,2.1,1.75,7
current,https://www.oddsportal.com/football/h2h/arouca-fJqfm7CG/vitoria-guimaraes-pQYVZyD2/#QFjXncEO,2026-08-08 17:00,Vitoria Guimaraes,Arouca,0,1,1.721,1.997,1.75,2.05,7
current,https://www.oddsportal.com/football/h2h/benfica-zBkyuyRI/casa-pia-QFHt9Zgs/#jcAOmXaB,2026-08-17 19:15,Casa Pia,Benfica,0,7,2.184,1.604,2.3,1.7,7
current,https://www.oddsportal.com/football/h2h/benfica-zBkyuyRI/estoril-htoKuYZl/#xCws2rxJ,2026-08-31 19:15,Benfica,Estoril,2,1,2.17,1.614,2.3,1.68,7
current,https://www.oddsportal.com/football/h2h/benfica-zBkyuyRI/fc-porto-S2NmScGp/#EeqKlS2e,2026-09-20 19:30,FC Porto,Benfica,3,1,1.641,2.121,1.67,2.2,7
current,https://www.oddsportal.com/football/h2h/benfica-zBkyuyRI/gil-vicente-CS0fFFd8/#htF8sBeS,2026-09-13 17:00,Benfica,Gil Vicente,3,1,2.249,1.567,2.35,1.6,7
current,https://www.oddsportal.com/football/h2h/benfica-zBkyuyRI/maritimo-noguvetP/#8EK6I3Ma,2026-09-05 17:00,Maritimo,Benfica,0,3,2.121,1.636,2.15,1.67,7
current,https://www.oddsportal.com/football/h2h/benfica-zBkyuyRI/moreirense-8d9NGt9H/#67ZYbIP9,2026-09-09 19:45,Moreirense,Benfica,0,4,2.276,1.55,2.35,1.58,7
current,https://www.oddsportal.com/football/h2h/braga-dpUer7ht/estoril-htoKuYZl/#zorKqtLb,2026-09-14 19:45,Braga,Estoril,1,0,1.917,1.79,1.95,1.85,7
current,https://www.oddsportal.com/football/h2h/braga-dpUer7ht/estrela-da-amadora-hrYABE5k/#0Ah40AqH,2026-09-10 19:15,Estrela,Braga,2,1,1.974,1.737,2.0,1.75,7
current,https://www.oddsportal.com/football/h2h/braga-dpUer7ht/moreirense-8d9NGt9H/#lhUl5vUh,2026-08-09 19:30,Moreirense,Braga,2,2,2.034,1.693,2.1,1.73,7
current,https://www.oddsportal.com/football/h2h/braga-dpUer7ht/santa-clara-YmQyLBJf/#MLnSn6X7,2026-09-20 17:00,Santa Clara,Braga,0,0,1.999,1.714,2.05,1.78,7
current,https://www.oddsportal.com/football/h2h/braga-dpUer7ht/vitoria-guimaraes-pQYVZyD2/#tlt2k5hD,2026-08-31 19:15,Braga,Vitoria Guimaraes,1,0,1.967,1.749,2.05,1.83,7
current,https://www.oddsportal.com/football/h2h/casa-pia-QFHt9Zgs/estoril-htoKuYZl/#OrdYcWu9,2026-09-20 17:00,Estoril,Casa Pia,1,2,1.676,2.067,1.7,2.15,7
current,https://www.oddsportal.com/football/h2h/casa-pia-QFHt9Zgs/fc-porto-S2NmScGp/#8CeRsKkB,2026-09-12 17:00,Casa Pia,FC Porto,1,4,2.366,1.521,2.45,1.54,7
current,https://www.oddsportal.com/football/h2h/casa-pia-QFHt9Zgs/gil-vicente-CS0fFFd8/#46srgSyi,2026-08-24 19:15,Gil Vicente,Casa Pia,2,0,2.166,1.616,2.25,1.67,7
current,https://www.oddsportal.com/football/h2h/casa-pia-QFHt9Zgs/maritimo-noguvetP/#tSpO6i5c,2026-08-08 14:30,Maritimo,Casa Pia,1,0,2.043,1.689,2.1,1.75,7
current,https://www.oddsportal.com/football/h2h/casa-pia-QFHt9Zgs/moreirense-8d9NGt9H/#8fYmD8pK,2026-08-30 17:00,Casa Pia,Moreirense,0,1,2.001,1.717,2.05,1.75,7
current,https://www.oddsportal.com/football/h2h/casa-pia-QFHt9Zgs/vitoria-guimaraes-pQYVZyD2/#QXavX2yg,2026-09-06 17:00,Vitoria Guimaraes,Casa Pia,0,0,2.097,1.659,2.1,1.68,7
current,https://www.oddsportal.com/football/h2h/estoril-htoKuYZl/famalicao-ABBgitC3/#UVV41dTH,2026-08-07 19:15,Estoril,Famalicao,1,1,1.749,1.969,1.8,2.0,7
current,https://www.oddsportal.com/football/h2h/estoril-htoKuYZl/nacional-4ETLrR7n/#fga2tkho,2026-08-16 14:30,Nacional,Estoril,2,0,1.679,2.057,1.7,2.1,7
current,https://www.oddsportal.com/football/h2h/estoril-htoKuYZl/rio-ave-jPzXLi4l/#8zdCblET,2026-08-22 17:00,Estoril,Rio Ave,0,2,1.707,2.026,1.75,2.06,7
current,https://www.oddsportal.com/football/h2h/estrela-da-amadora-hrYABE5k/famalicao-ABBgitC3/#4r1fTKzI,2026-09-05 14:30,Estrela,Famalicao,2,2,1.846,1.883,1.91,1.93,7
current,https://www.oddsportal.com/football/h2h/estrela-da-amadora-hrYABE5k/nacional-4ETLrR7n/#CjNR5Qxf,2026-08-30 14:30,Nacional,Estrela,2,3,1.816,1.911,1.91,1.98,7
current,https://www.oddsportal.com/football/h2h/estrela-da-amadora-hrYABE5k/rio-ave-jPzXLi4l/#KSG0qXQF,2026-09-14 17:45,Rio Ave,Estrela,3,3,1.726,2.001,1.75,2.05,7
current,https://www.oddsportal.com/football/h2h/estrela-da-amadora-hrYABE5k/sporting-cp-tljXuHBC/#ELhxqlDj,2026-08-08 19:30,Estrela,Sporting CP,2,2,1.969,1.743,2.0,1.83,7
current,https://www.oddsportal.com/football/h2h/famalicao-ABBgitC3/gil-vicente-CS0fFFd8/#4QJJ7n8s,2026-08-30 19:30,Famalicao,Gil Vicente,0,0,2.063,1.681,2.1,1.78,7
current,https://www.oddsportal.com/football/h2h/famalicao-ABBgitC3/maritimo-noguvetP/#OA8WoBUN,2026-08-16 19:30,Famalicao,Maritimo,1,2,2.0,1.729,2.05,1.75,7
current,https://www.oddsportal.com/football/h2h/famalicao-ABBgitC3/nacional-4ETLrR7n/#troCjlYr,2026-09-19 14:30,Nacional,Famalicao,0,4,1.907,1.793,1.95,1.85,7
current,https://www.oddsportal.com/football/h2h/famalicao-ABBgitC3/santa-clara-YmQyLBJf/#A3OCizIq,2026-08-23 17:00,Santa Clara,Famalicao,1,0,2.09,1.66,2.18,1.7,7
current,https://www.oddsportal.com/football/h2h/famalicao-ABBgitC3/sporting-cp-tljXuHBC/#EBNbPBZq,2026-09-13 19:30,Famalicao,Sporting CP,1,1,1.843,1.884,1.91,1.91,7
current,https://www.oddsportal.com/football/h2h/fc-porto-S2NmScGp/moreirense-8d9NGt9H/#fVIEGsiC,2026-09-04 19:15,FC Porto,Moreirense,2,1,2.724,1.401,2.86,1.44,7
current,https://www.oddsportal.com/football/h2h/fc-porto-S2NmScGp/rio-ave-jPzXLi4l/#KWjl4hph,2026-08-15 19:30,Rio Ave,FC Porto,0,2,2.037,1.697,2.1,1.75,7
current,https://www.oddsportal.com/football/h2h/gil-vicente-CS0fFFd8/maritimo-noguvetP/#AaftdAAL,2026-09-19 14:30,Gil Vicente,Maritimo,1,1,1.971,1.743,2.0,1.78,7
current,https://www.oddsportal.com/football/h2h/gil-vicente-CS0fFFd8/rio-ave-jPzXLi4l/#dIXd3Ib5,2026-08-09 19:30,Gil Vicente,Rio Ave,1,0,1.897,1.807,1.95,1.85,7
current,https://www.oddsportal.com/football/h2h/maritimo-noguvetP/moreirense-8d9NGt9H/#nPL6Nk4d,2026-09-14 19:15,Moreirense,Maritimo,3,1,1.916,1.8,1.95,1.85,7
current,https://www.oddsportal.com/football/h2h/moreirense-8d9NGt9H/vitoria-guimaraes-pQYVZyD2/#6NiL8mfR,2026-09-20 14:30,Vitoria Guimaraes,Moreirense,1,1,1.917,1.791,1.95,1.82,7
current,https://www.oddsportal.com/football/h2h/nacional-4ETLrR7n/santa-clara-YmQyLBJf/#Y7YPlJqC,2026-08-10 19:15,Santa Clara,Nacional,2,2,2.21,1.584,2.25,1.63,7
current,https://www.oddsportal.com/football/h2h/nacional-4ETLrR7n/sporting-cp-tljXuHBC/#I7dWYO6t,2026-09-05 19:30,Sporting CP,Nacional,2,0,2.157,1.621,2.25,1.68,7
current,https://www.oddsportal.com/football/h2h/nacional-4ETLrR7n/vitoria-guimaraes-pQYVZyD2/#8fE6DHv3,2026-08-23 14:30,Vitoria Guimaraes,Nacional,1,0,1.874,1.849,1.91,1.91,7
current,https://www.oddsportal.com/football/h2h/rio-ave-jPzXLi4l/santa-clara-YmQyLBJf/#2eMMELLO,2026-09-06 14:30,Santa Clara,Rio Ave,4,0,1.994,1.729,2.02,1.78,7
current,https://www.oddsportal.com/football/h2h/rio-ave-jPzXLi4l/sporting-cp-tljXuHBC/#4buZ3476,2026-08-28 19:15,Rio Ave,Sporting CP,0,4,1.881,1.829,1.95,1.9,7
current,https://www.oddsportal.com/football/h2h/sporting-cp-tljXuHBC/vitoria-guimaraes-pQYVZyD2/#hpkd2WE4,2026-08-14 19:15,Sporting CP,Vitoria Guimaraes,3,2,1.777,1.939,1.8,2.0,7
