season,match_link,date,home_team,away_team,home_goals,away_goals,btts_yes,btts_no,btts_yes_max,btts_no_max,books
2024-2025,https://www.oddsportal.com/football/h2h/ac-milan-8Sa8HInO/as-roma-zVqqL0ma/#4IfycikJ,2025-05-18 18:45,AS Roma,AC Milan,3,1,1.6,2.25,1.62,2.3,6
2024-2025,https://www.oddsportal.com/football/h2h/ac-milan-8Sa8HInO/as-roma-zVqqL0ma/#foxKCMGU,2024-12-29 20:45,AC Milan,AS Roma,1,1,1.797,1.94,1.88,1.95,6
2024-2025,https://www.oddsportal.com/football/h2h/ac-milan-8Sa8HInO/atalanta-8C9JjMXu/#dIb5Hj16,2024-12-06 20:45,Atalanta,AC Milan,2,1,1.633,2.168,1.68,2.25,6
2024-2025,https://www.oddsportal.com/football/h2h/ac-milan-8Sa8HInO/atalanta-8C9JjMXu/#lWu8jzAd,2025-04-20 18:45,AC Milan,Atalanta,0,1,1.47,2.582,1.5,2.7,6
2024-2025,https://www.oddsportal.com/football/h2h/ac-milan-8Sa8HInO/bologna-0M9xNN8N/#6PkzYqGj,2025-05-09 18:45,AC Milan,Bologna,3,1,1.677,2.097,1.74,2.15,6
2024-2025,https://www.oddsportal.com/football/h2h/ac-milan-8Sa8HInO/bologna-0M9xNN8N/#8f71RSPs,2025-02-27 20:45,Bologna,AC Milan,2,1,1.73,2.035,1.78,2.07,6
2024-2025,https://www.oddsportal.com/football/h2h/ac-milan-8Sa8HInO/cagliari-SCGVmKHb/#E3zhYKPO,2024-11-09 18:00,Cagliari,AC Milan,3,3,1.638,2.172,1.68,2.25,6
2024-2025,https://www.oddsportal.com/football/h2h/ac-milan-8Sa8HInO/cagliari-SCGVmKHb/#WnX9hJoK,2025-01-11 20:45,AC Milan,Cagliari,1,1,1.822,1.92,1.9,1.95,6
2024-2025,https://www.oddsportal.com/football/h2h/ac-milan-8Sa8HInO/como-ttyLthOA/#pvqPLago,2025-01-14 18:30,Como,AC Milan,1,2,1.723,2.048,1.78,2.1,6
2024-2025,https://www.oddsportal.com/football/h2h/ac-milan-8Sa8HInO/como-ttyLthOA/#voxb2IjI,2025-03-15 18:00,AC Milan,Como,2,1,1.633,2.175,1.68,2.25,6
2024-2025,https://www.oddsportal.com/football/h2h/ac-milan-8Sa8HInO/empoli-0ESCnI1H/#IDncxGE5,2025-02-08 18:00,Empoli,AC Milan,0,2,1.688,2.08,1.76,2.15,6
2024-2025,https://www.oddsportal.com/football/h2h/ac-milan-8Sa8HInO/empoli-0ESCnI1H/#OCIU4DH0,2024-11-30 18:00,AC Milan,Empoli,3,0,2.168,1.64,2.26,1.7,6
2024-2025,https://www.oddsportal.com/football/h2h/ac-milan-8Sa8HInO/fiorentina-Q3A3IbXH/#SIOithtm,2024-10-06 18:45,Fiorentina,AC Milan,2,1,1.584,2.288,1.62,2.35,5
2024-2025,https://www.oddsportal.com/football/h2h/ac-milan-8Sa8HInO/fiorentina-Q3A3IbXH/#rHc9IkbD,2025-04-05 18:45,AC Milan,Fiorentina,2,2,1.767,1.983,1.8,2.05,6
2024-2025,https://www.oddsportal.com/football/h2h/ac-milan-8Sa8HInO/genoa-d0PJxeie/#ImsObuj3,2024-12-15 20:45,AC Milan,Genoa,0,0,1.97,1.775,2.02,1.85,6
2024-2025,https://www.oddsportal.com/football/h2h/ac-milan-8Sa8HInO/genoa-d0PJxeie/#hvJWFBf5,2025-05-05 18:45,Genoa,AC Milan,1,2,1.717,2.048,1.78,2.1,6
2024-2025,https://www.oddsportal.com/football/h2h/ac-milan-8Sa8HInO/inter-Iw7eKK25/#SGeaw2b6,2025-02-02 18:00,AC Milan,Inter,1,1,1.673,2.105,1.74,2.15,6
2024-2025,https://www.oddsportal.com/football/h2h/ac-milan-8Sa8HInO/inter-Iw7eKK25/#xIieTySH,2024-09-22 18:45,Inter,AC Milan,1,2,1.688,2.106,1.75,2.15,5
2024-2025,https://www.oddsportal.com/football/h2h/ac-milan-8Sa8HInO/juventus-C06aJvIB/#WjFE8VyI,2025-01-18 18:00,Juventus,AC Milan,2,0,1.86,1.9,1.92,1.95,6
2024-2025,https://www.oddsportal.com/football/h2h/ac-milan-8Sa8HInO/juventus-C06aJvIB/#z7KrCz8T,2024-11-23 18:00,AC Milan,Juventus,0,0,1.802,1.942,1.88,1.98,6
2024-2025,https://www.oddsportal.com/football/h2h/ac-milan-8Sa8HInO/lazio-URcSl02h/#0xK7DDE5,2024-08-31 18:45,Lazio,AC Milan,2,2,1.644,2.166,1.68,2.2,5
2024-2025,https://www.oddsportal.com/football/h2h/ac-milan-8Sa8HInO/lazio-URcSl02h/#21CNOB2d,2025-03-02 20:45,AC Milan,Lazio,1,2,1.59,2.24,1.64,2.3,6
2024-2025,https://www.oddsportal.com/football/h2h/ac-milan-8Sa8HInO/lecce-G8lYsMgU/#CCDxBZAc,2024-09-27 18:45,AC Milan,Lecce,3,0,1.81,1.94,1.88,1.97,5
2024-2025,https://www.oddsportal.com/football/h2h/ac-milan-8Sa8HInO/lecce-G8lYsMgU/#ddyagN7m,2025-03-08 18:00,Lecce,AC Milan,2,3,1.778,1.967,1.82,2.0,6
2024-2025,https://www.oddsportal.com/football/h2h/ac-milan-8Sa8HInO/monza-4YSMlwj7/#Gpn0zjke,2024-11-02 20:45,Monza,AC Milan,0,1,1.888,1.878,1.98,1.91,6
2024-2025,https://www.oddsportal.com/football/h2h/ac-milan-8Sa8HInO/monza-4YSMlwj7/#Uu6pOTmI,2025-05-24 18:45,AC Milan,Monza,2,0,1.708,2.04,1.75,2.1,6
2024-2025,https://www.oddsportal.com/football/h2h/ac-milan-8Sa8HInO/napoli-69Dxbc61/#WIDwXGr3,2024-10-29 20:45,AC Milan,Napoli,0,2,1.685,2.1,1.74,2.15,6
2024-2025,https://www.oddsportal.com/football/h2h/ac-milan-8Sa8HInO/napoli-69Dxbc61/#tASB9fFr,2025-03-30 18:45,Napoli,AC Milan,2,1,1.728,2.037,1.8,2.1,6
2024-2025,https://www.oddsportal.com/football/h2h/ac-milan-8Sa8HInO/parma-6DxlaxHN/#8x0Cb1B6,2024-08-24 16:30,Parma,AC Milan,2,1,1.618,2.23,1.66,2.3,5
2024-2025,https://www.oddsportal.com/football/h2h/ac-milan-8Sa8HInO/parma-6DxlaxHN/#YekWMLdS,2025-01-26 12:30,AC Milan,Parma,3,2,1.69,2.082,1.72,2.12,6
2024-2025,https://www.oddsportal.com/football/h2h/ac-milan-8Sa8HInO/torino-MZFZnvX4/#0lGMiS5j,2024-08-17 18:45,AC Milan,Torino,2,2,1.848,1.908,1.94,1.95,5
2024-2025,https://www.oddsportal.com/football/h2h/ac-milan-8Sa8HInO/torino-MZFZnvX4/#S60gLxd4,2025-02-22 18:00,Torino,AC Milan,2,1,1.683,2.093,1.76,2.15,6
2024-2025,https://www.oddsportal.com/football/h2h/ac-milan-8Sa8HInO/udinese-rXw8YKDE/#SznSCTAl,2024-10-19 16:00,AC Milan,Udinese,1,0,1.805,1.94,1.86,1.95,6
2024-2025,https://www.oddsportal.com/football/h2h/ac-milan-8Sa8HInO/udinese-rXw8YKDE/#xEZibRB5,2025-04-11 18:45,Udinese,AC Milan,0,4,1.72,2.048,1.78,2.15,6
2024-2025,https://www.oddsportal.com/football/h2h/ac-milan-8Sa8HInO/venezia-MkPmVv50/#SQjcKLRk,2024-09-14 18:45,AC Milan,Venezia,4,0,1.836,1.912,1.92,1.95,5
2024-2025,https://www.oddsportal.com/football/h2h/ac-milan-8Sa8HInO/venezia-MkPmVv50/#h6u4EbJ0,2025-04-27 10:30,Venezia,AC Milan,0,2,1.658,2.127,1.7,2.2,6
2024-2025,https://www.oddsportal.com/football/h2h/ac-milan-8Sa8HInO/verona-rJVAIaHo/#M7pmmhpL,2025-02-15 20:45,AC Milan,Verona,1,0,1.898,1.845,1.96,1.95,6
2024-2025,https://www.oddsportal.com/football/h2h/ac-milan-8Sa8HInO/verona-rJVAIaHo/#QX8D9d4L,2024-12-20 20:45,Verona,AC Milan,0,1,1.785,1.96,1.86,2.0,6
2024-2025,https://www.oddsportal.com/football/h2h/as-roma-zVqqL0ma/atalanta-8C9JjMXu/#ALQHQfvK,2024-12-02 20:45,AS Roma,Atalanta,0,2,1.7,2.072,1.76,2.1,6
2024-2025,https://www.oddsportal.com/football/h2h/as-roma-zVqqL0ma/atalanta-8C9JjMXu/#KfCgL6Wp,2025-05-12 18:45,Atalanta,AS Roma,2,1,1.588,2.248,1.64,2.3,6
2024-2025,https://www.oddsportal.com/football/h2h/as-roma-zVqqL0ma/bologna-0M9xNN8N/#pbap3uPb,2024-11-10 15:00,AS Roma,Bologna,2,3,1.97,1.778,2.04,1.85,6
2024-2025,https://www.oddsportal.com/football/h2h/as-roma-zVqqL0ma/bologna-0M9xNN8N/#rTVYj6AF,2025-01-12 18:00,Bologna,AS Roma,2,2,1.777,1.967,1.84,2.0,6
2024-2025,https://www.oddsportal.com/football/h2h/as-roma-zVqqL0ma/cagliari-SCGVmKHb/#S4cE48Xo,2025-03-16 16:00,AS Roma,Cagliari,1,0,2.022,1.735,2.08,1.75,6
2024-2025,https://www.oddsportal.com/football/h2h/as-roma-zVqqL0ma/cagliari-SCGVmKHb/#YH892O2B,2024-08-18 18:45,Cagliari,AS Roma,0,0,1.696,2.096,1.76,2.15,5
2024-2025,https://www.oddsportal.com/football/h2h/as-roma-zVqqL0ma/como-ttyLthOA/#6Teln26c,2024-12-15 18:00,Como,AS Roma,2,0,1.725,2.035,1.78,2.07,6
2024-2025,https://www.oddsportal.com/football/h2h/as-roma-zVqqL0ma/como-ttyLthOA/#nknRrXgS,2025-03-02 18:00,AS Roma,Como,2,1,1.882,1.86,1.95,1.95,6
2024-2025,https://www.oddsportal.com/football/h2h/as-roma-zVqqL0ma/empoli-0ESCnI1H/#UilLdutJ,2024-08-25 18:45,AS Roma,Empoli,1,2,2.016,1.744,2.08,1.8,5
2024-2025,https://www.oddsportal.com/football/h2h/as-roma-zVqqL0ma/empoli-0ESCnI1H/#jqUhcW8L,2025-03-09 18:00,Empoli,AS Roma,0,1,1.858,1.905,1.92,1.95,6
2024-2025,https://www.oddsportal.com/football/h2h/as-roma-zVqqL0ma/fiorentina-Q3A3IbXH/#SdXESlvB,2025-05-04 16:00,AS Roma,Fiorentina,1,0,1.89,1.852,1.95,1.95,6
2024-2025,https://www.oddsportal.com/football/h2h/as-roma-zVqqL0ma/fiorentina-Q3A3IbXH/#fB59P6ff,2024-10-27 20:45,Fiorentina,AS Roma,5,1,1.758,1.995,1.8,2.05,6
2024-2025,https://www.oddsportal.com/football/h2h/as-roma-zVqqL0ma/genoa-d0PJxeie/#2P2WQCin,2025-01-17 20:45,AS Roma,Genoa,3,1,2.077,1.697,2.14,1.75,6
2024-2025,https://www.oddsportal.com/football/h2h/as-roma-zVqqL0ma/genoa-d0PJxeie/#zTBIR3ZF,2024-09-15 10:30,Genoa,AS Roma,1,1,1.864,1.902,1.92,1.93,5
2024-2025,https://www.oddsportal.com/football/h2h/as-roma-zVqqL0ma/inter-Iw7eKK25/#0lpzB7u1,2024-10-20 18:45,AS Roma,Inter,0,1,1.68,2.1,1.74,2.15,6
2024-2025,https://www.oddsportal.com/football/h2h/as-roma-zVqqL0ma/inter-Iw7eKK25/#4MUOHC8e,2025-04-27 13:00,Inter,AS Roma,0,1,1.653,2.132,1.72,2.2,6
2024-2025,https://www.oddsportal.com/football/h2h/as-roma-zVqqL0ma/juventus-C06aJvIB/#EcsTYArf,2025-04-06 18:45,AS Roma,Juventus,1,1,1.908,1.835,1.98,1.9,6
2024-2025,https://www.oddsportal.com/football/h2h/as-roma-zVqqL0ma/juventus-C06aJvIB/#hCGaFZqg,2024-09-01 18:45,Juventus,AS Roma,0,0,1.888,1.858,1.96,1.95,5
2024-2025,https://www.oddsportal.com/football/h2h/as-roma-zVqqL0ma/lazio-URcSl02h/#8Ysy29Ct,2025-04-13 18:45,Lazio,AS Roma,1,1,1.785,1.957,1.86,2.0,6
2024-2025,https://www.oddsportal.com/football/h2h/as-roma-zVqqL0ma/lazio-URcSl02h/#zsijtkdc,2025-01-05 20:45,AS Roma,Lazio,2,0,1.735,2.008,1.75,2.05,6
2024-2025,https://www.oddsportal.com/football/h2h/as-roma-zVqqL0ma/lecce-G8lYsMgU/#I9fDpkVh,2024-12-07 20:45,AS Roma,Lecce,4,1,2.073,1.7,2.14,1.75,6
2024-2025,https://www.oddsportal.com/football/h2h/as-roma-zVqqL0ma/lecce-G8lYsMgU/#n9AwS2V9,2025-03-29 20:45,Lecce,AS Roma,0,1,1.985,1.768,2.06,1.85,6
2024-2025,https://www.oddsportal.com/football/h2h/as-roma-zVqqL0ma/monza-4YSMlwj7/#fg2oNbRi,2025-02-24 20:45,AS Roma,Monza,4,0,2.267,1.587,2.38,1.63,6
2024-2025,https://www.oddsportal.com/football/h2h/as-roma-zVqqL0ma/monza-4YSMlwj7/#lnhZhVPh,2024-10-06 16:00,Monza,AS Roma,1,1,1.95,1.802,2.04,1.83,5
2024-2025,https://www.oddsportal.com/football/h2h/as-roma-zVqqL0ma/napoli-69Dxbc61/#AwfSty5b,2025-02-02 20:45,AS Roma,Napoli,1,1,1.857,1.903,1.91,1.93,6
2024-2025,https://www.oddsportal.com/football/h2h/as-roma-zVqqL0ma/napoli-69Dxbc61/#KvdF6EVj,2024-11-24 18:00,Napoli,AS Roma,1,0,2.017,1.735,2.08,1.8,6
2024-2025,https://www.oddsportal.com/football/h2h/as-roma-zVqqL0ma/parma-6DxlaxHN/#CxPRuAxe,2025-02-16 18:00,Parma,AS Roma,0,1,1.632,2.168,1.7,2.25,6
2024-2025,https://www.oddsportal.com/football/h2h/as-roma-zVqqL0ma/parma-6DxlaxHN/#vyZnOeJE,2024-12-22 12:30,AS Roma,Parma,5,0,1.678,2.11,1.72,2.2,6
2024-2025,https://www.oddsportal.com/football/h2h/as-roma-zVqqL0ma/torino-MZFZnvX4/#Sp7nVfDF,2024-10-31 20:45,AS Roma,Torino,1,0,1.998,1.755,2.05,1.85,6
2024-2025,https://www.oddsportal.com/football/h2h/as-roma-zVqqL0ma/torino-MZFZnvX4/#tKZ2tB3n,2025-05-25 18:45,Torino,AS Roma,0,2,1.752,1.985,1.82,2.05,6
2024-2025,https://www.oddsportal.com/football/h2h/as-roma-zVqqL0ma/udinese-rXw8YKDE/#WvDUsysB,2024-09-22 16:00,AS Roma,Udinese,3,0,1.808,1.948,1.84,1.96,5
2024-2025,https://www.oddsportal.com/football/h2h/as-roma-zVqqL0ma/udinese-rXw8YKDE/#vZBcwss9,2025-01-26 15:00,Udinese,AS Roma,1,2,1.785,1.96,1.84,2.0,6
2024-2025,https://www.oddsportal.com/football/h2h/as-roma-zVqqL0ma/venezia-MkPmVv50/#OC8I1VXq,2024-09-29 13:00,AS Roma,Venezia,2,1,1.896,1.874,1.94,1.91,5
2024-2025,https://www.oddsportal.com/football/h2h/as-roma-zVqqL0ma/venezia-MkPmVv50/#OKzKsBjo,2025-02-09 12:30,Venezia,AS Roma,0,1,1.703,2.068,1.78,2.1,6
2024-2025,https://www.oddsportal.com/football/h2h/as-roma-zVqqL0ma/verona-rJVAIaHo/#I1UAAe1S,2025-04-19 18:45,AS Roma,Verona,1,0,2.058,1.71,2.18,1.78,6
2024-2025,https://www.oddsportal.com/football/h2h/as-roma-zVqqL0ma/verona-rJVAIaHo/#WvkEqfS8,2024-11-03 18:00,Verona,AS Roma,3,2,1.895,1.852,1.95,1.93,6
2024-2025,https://www.oddsportal.com/football/h2h/atalanta-8C9JjMXu/bologna-0M9xNN8N/#GMwpVSsJ,2025-04-13 10:30,Atalanta,Bologna,2,0,1.758,1.998,1.8,2.1,6
2024-2025,https://www.oddsportal.com/football/h2h/atalanta-8C9JjMXu/bologna-0M9xNN8N/#Whh3dzd4,2024-09-28 18:45,Bologna,Atalanta,1,1,1.812,1.934,1.86,1.95,5
2024-2025,https://www.oddsportal.com/football/h2h/atalanta-8C9JjMXu/cagliari-SCGVmKHb/#jLD1ObEj,2024-12-14 15:00,Cagliari,Atalanta,0,1,1.75,2.003,1.8,2.05,6
2024-2025,https://www.oddsportal.com/football/h2h/atalanta-8C9JjMXu/cagliari-SCGVmKHb/#jRS55Erh,2025-02-15 15:00,Atalanta,Cagliari,0,0,1.848,1.917,1.91,1.95,6
2024-2025,https://www.oddsportal.com/football/h2h/atalanta-8C9JjMXu/como-ttyLthOA/#OAeKROjD,2024-09-24 18:45,Atalanta,Como,2,3,1.794,1.962,1.84,2.0,5
2024-2025,https://www.oddsportal.com/football/h2h/atalanta-8C9JjMXu/como-ttyLthOA/#zw1vPjMb,2025-01-25 15:00,Como,Atalanta,1,2,1.65,2.148,1.7,2.25,6
2024-2025,https://www.oddsportal.com/football/h2h/atalanta-8C9JjMXu/empoli-0ESCnI1H/#OEcoR7SP,2025-02-23 18:00,Empoli,Atalanta,0,5,1.795,1.948,1.88,2.0,6
2024-2025,https://www.oddsportal.com/football/h2h/atalanta-8C9JjMXu/empoli-0ESCnI1H/#jeUAkyDk,2024-12-22 18:00,Atalanta,Empoli,3,2,2.003,1.757,2.15,1.85,6
2024-2025,https://www.oddsportal.com/football/h2h/atalanta-8C9JjMXu/fiorentina-Q3A3IbXH/#KYjdFPo4,2025-03-30 13:00,Fiorentina,Atalanta,1,0,1.708,2.063,1.76,2.15,6
2024-2025,https://www.oddsportal.com/football/h2h/atalanta-8C9JjMXu/fiorentina-Q3A3IbXH/#zFWqD4KM,2024-09-15 13:00,Atalanta,Fiorentina,3,2,1.724,2.048,1.78,2.1,5
2024-2025,https://www.oddsportal.com/football/h2h/atalanta-8C9JjMXu/genoa-d0PJxeie/#06Zxld6l,2025-05-17 18:45,Genoa,Atalanta,2,3,1.723,2.045,1.78,2.1,6
2024-2025,https://www.oddsportal.com/football/h2h/atalanta-8C9JjMXu/genoa-d0PJxeie/#EB8yv2aJ,2024-10-05 16:00,Atalanta,Genoa,5,1,1.864,1.908,1.91,1.95,5
2024-2025,https://www.oddsportal.com/football/h2h/atalanta-8C9JjMXu/inter-Iw7eKK25/#0fHOmJyP,2025-03-16 20:45,Atalanta,Inter,0,2,1.687,2.092,1.75,2.15,6
2024-2025,https://www.oddsportal.com/football/h2h/atalanta-8C9JjMXu/inter-Iw7eKK25/#WdSjHeFt,2024-08-30 18:45,Inter,Atalanta,4,0,1.714,2.06,1.75,2.1,5
2024-2025,https://www.oddsportal.com/football/h2h/atalanta-8C9JjMXu/juventus-C06aJvIB/#z5cgRLVN,2025-01-14 20:45,Atalanta,Juventus,,,1.978,1.773,2.04,1.83,6
2024-2025,https://www.oddsportal.com/football/h2h/atalanta-8C9JjMXu/juventus-C06aJvIB/#zkRvlSV7,2025-03-09 20:45,Juventus,Atalanta,0,4,1.788,1.952,1.86,2.0,6
2024-2025,https://www.oddsportal.com/football/h2h/atalanta-8C9JjMXu/lazio-URcSl02h/#0nqBErnI,2024-12-28 20:45,Lazio,Atalanta,1,1,1.75,2.007,1.8,2.07,6
2024-2025,https://www.oddsportal.com/football/h2h/atalanta-8C9JjMXu/lazio-URcSl02h/#AkKS5CE7,2025-04-06 16:00,Atalanta,Lazio,0,1,1.747,2.01,1.8,2.1,6
2024-2025,https://www.oddsportal.com/football/h2h/atalanta-8C9JjMXu/lecce-G8lYsMgU/#Aa9k3Dg2,2025-04-27 18:45,Atalanta,Lecce,1,1,2.145,1.657,2.22,1.73,6
2024-2025,https://www.oddsportal.com/football/h2h/atalanta-8C9JjMXu/lecce-G8lYsMgU/#t4ZkclrT,2024-08-19 16:30,Lecce,Atalanta,0,4,1.766,1.996,1.82,2.05,5
2024-2025,https://www.oddsportal.com/football/h2h/atalanta-8C9JjMXu/monza-4YSMlwj7/#Y96v2dqT,2024-10-30 20:45,Atalanta,Monza,2,0,2.058,1.7,2.1,1.75,6
2024-2025,https://www.oddsportal.com/football/h2h/atalanta-8C9JjMXu/monza-4YSMlwj7/#bHubWWvn,2025-05-04 13:00,Monza,Atalanta,0,4,1.932,1.813,1.96,1.85,6
2024-2025,https://www.oddsportal.com/football/h2h/atalanta-8C9JjMXu/napoli-69Dxbc61/#2knNazgm,2025-01-18 20:45,Atalanta,Napoli,2,3,1.875,1.887,1.94,1.91,6
2024-2025,https://www.oddsportal.com/football/h2h/atalanta-8C9JjMXu/napoli-69Dxbc61/#CCu9YTJ7,2024-11-03 12:30,Napoli,Atalanta,0,3,1.747,2.01,1.8,2.07,6
2024-2025,https://www.oddsportal.com/football/h2h/atalanta-8C9JjMXu/parma-6DxlaxHN/#Qyq1UHNc,2024-11-23 20:45,Parma,Atalanta,1,3,1.58,2.267,1.62,2.35,6
2024-2025,https://www.oddsportal.com/football/h2h/atalanta-8C9JjMXu/parma-6DxlaxHN/#r9FABj4C,2025-05-25 18:45,Atalanta,Parma,2,3,1.507,2.422,1.53,2.55,6
2024-2025,https://www.oddsportal.com/football/h2h/atalanta-8C9JjMXu/torino-MZFZnvX4/#bDkKtGm1,2025-02-01 18:00,Atalanta,Torino,1,1,1.965,1.79,2.06,1.9,6
2024-2025,https://www.oddsportal.com/football/h2h/atalanta-8C9JjMXu/torino-MZFZnvX4/#dbt7KrYP,2024-08-25 16:30,Torino,Atalanta,2,1,1.782,1.984,1.88,2.1,5
2024-2025,https://www.oddsportal.com/football/h2h/atalanta-8C9JjMXu/udinese-rXw8YKDE/#IRD4sgwJ,2025-01-11 15:00,Udinese,Atalanta,0,0,1.913,1.832,1.96,1.9,6
2024-2025,https://www.oddsportal.com/football/h2h/atalanta-8C9JjMXu/udinese-rXw8YKDE/#tjxpzseC,2024-11-10 12:30,Atalanta,Udinese,2,1,2.007,1.748,2.12,1.78,6
2024-2025,https://www.oddsportal.com/football/h2h/atalanta-8C9JjMXu/venezia-MkPmVv50/#GWYtCYIj,2025-03-01 15:00,Atalanta,Venezia,0,0,2.067,1.703,2.18,1.75,6
2024-2025,https://www.oddsportal.com/football/h2h/atalanta-8C9JjMXu/venezia-MkPmVv50/#dGwq9oAD,2024-10-20 13:00,Venezia,Atalanta,0,2,1.678,2.1,1.7,2.18,6
2024-2025,https://www.oddsportal.com/football/h2h/atalanta-8C9JjMXu/verona-rJVAIaHo/#OMVUWl2K,2024-10-26 18:45,Atalanta,Verona,6,1,1.958,1.795,2.0,1.95,6
2024-2025,https://www.oddsportal.com/football/h2h/atalanta-8C9JjMXu/verona-rJVAIaHo/#vTz6zfqI,2025-02-08 15:00,Verona,Atalanta,0,5,1.947,1.795,2.0,1.85,6
2024-2025,https://www.oddsportal.com/football/h2h/bologna-0M9xNN8N/cagliari-SCGVmKHb/#8vySZyBc,2025-03-02 15:00,Bologna,Cagliari,2,1,2.038,1.725,2.16,1.75,6
2024-2025,https://www.oddsportal.com/football/h2h/bologna-0M9xNN8N/cagliari-SCGVmKHb/#Ug79dz7j,2024-10-29 18:30,Cagliari,Bologna,0,2,1.745,2.01,1.82,2.05,6
2024-2025,https://www.oddsportal.com/football/h2h/bologna-0M9xNN8N/como-ttyLthOA/#WQmSvfID,2025-02-01 20:45,Bologna,Como,2,0,1.808,1.937,1.9,1.95,6
2024-2025,https://www.oddsportal.com/football/h2h/bologna-0M9xNN8N/como-ttyLthOA/#n7VN5MCd,2024-09-14 13:00,Como,Bologna,2,2,1.982,1.772,2.08,1.82,5
2024-2025,https://www.oddsportal.com/football/h2h/bologna-0M9xNN8N/empoli-0ESCnI1H/#ELeQ0zVa,2024-08-31 16:30,Bologna,Empoli,1,1,2.056,1.712,2.16,1.75,5
2024-2025,https://www.oddsportal.com/football/h2h/bologna-0M9xNN8N/empoli-0ESCnI1H/#W4fmNUjB,2025-01-25 20:45,Empoli,Bologna,1,1,2.012,1.745,2.12,1.8,6
2024-2025,https://www.oddsportal.com/football/h2h/bologna-0M9xNN8N/fiorentina-Q3A3IbXH/#f77564MF,2025-05-18 18:45,Fiorentina,Bologna,3,2,1.913,1.828,1.98,1.88,6
2024-2025,https://www.oddsportal.com/football/h2h/bologna-0M9xNN8N/fiorentina-Q3A3IbXH/#pMoUt7UH,2024-12-15 15:00,Bologna,Fiorentina,1,0,1.862,1.892,1.92,1.91,6
2024-2025,https://www.oddsportal.com/football/h2h/bologna-0M9xNN8N/genoa-d0PJxeie/#EXLhbUee,2024-10-19 13:00,Genoa,Bologna,2,2,1.947,1.805,2.06,1.85,6
2024-2025,https://www.oddsportal.com/football/h2h/bologna-0M9xNN8N/genoa-d0PJxeie/#jZII9UYO,2025-05-24 16:00,Bologna,Genoa,1,3,2.055,1.697,2.1,1.78,6
2024-2025,https://www.oddsportal.com/football/h2h/bologna-0M9xNN8N/inter-Iw7eKK25/#2akYwcQj,2025-04-20 16:00,Bologna,Inter,1,0,1.792,1.95,1.88,2.0,6
2024-2025,https://www.oddsportal.com/football/h2h/bologna-0M9xNN8N/inter-Iw7eKK25/#Wf5QPTBG,2025-01-15 20:45,Inter,Bologna,2,2,1.933,1.813,2.02,1.85,6
2024-2025,https://www.oddsportal.com/football/h2h/bologna-0M9xNN8N/juventus-C06aJvIB/#A3XoUTpC,2024-12-07 18:00,Juventus,Bologna,2,2,2.262,1.587,2.42,1.65,6
2024-2025,https://www.oddsportal.com/football/h2h/bologna-0M9xNN8N/juventus-C06aJvIB/#lYYCCxlD,2025-05-04 18:45,Bologna,Juventus,1,1,1.995,1.762,2.12,1.83,6
2024-2025,https://www.oddsportal.com/football/h2h/bologna-0M9xNN8N/lazio-URcSl02h/#G6iY7MMt,2025-03-16 15:00,Bologna,Lazio,5,0,1.92,1.828,2.02,1.9,6
2024-2025,https://www.oddsportal.com/football/h2h/bologna-0M9xNN8N/lazio-URcSl02h/#StHzEdwH,2024-11-24 20:45,Lazio,Bologna,3,0,1.882,1.86,1.95,1.95,6
2024-2025,https://www.oddsportal.com/football/h2h/bologna-0M9xNN8N/lecce-G8lYsMgU/#rJ8JNC5k,2024-11-02 15:00,Bologna,Lecce,1,0,1.947,1.802,2.06,1.85,6
2024-2025,https://www.oddsportal.com/football/h2h/bologna-0M9xNN8N/lecce-G8lYsMgU/#xO2WjFTb,2025-02-09 18:00,Lecce,Bologna,0,0,2.02,1.737,2.12,1.75,6
2024-2025,https://www.oddsportal.com/football/h2h/bologna-0M9xNN8N/monza-4YSMlwj7/#O4zWcENa,2025-01-18 15:00,Bologna,Monza,3,1,2.092,1.685,2.18,1.73,6
2024-2025,https://www.oddsportal.com/football/h2h/bologna-0M9xNN8N/monza-4YSMlwj7/#pOEMqcCb,2024-09-22 13:00,Monza,Bologna,1,2,2.066,1.706,2.18,1.73,5
2024-2025,https://www.oddsportal.com/football/h2h/bologna-0M9xNN8N/napoli-69Dxbc61/#2uc40Ntf,2024-08-25 18:45,Napoli,Bologna,3,0,1.898,1.854,2.0,1.95,5
2024-2025,https://www.oddsportal.com/football/h2h/bologna-0M9xNN8N/napoli-69Dxbc61/#MwRDTF6E,2025-04-07 18:45,Bologna,Napoli,1,1,2.032,1.722,2.14,1.78,6
2024-2025,https://www.oddsportal.com/football/h2h/bologna-0M9xNN8N/parma-6DxlaxHN/#dzYLoEIP,2024-10-06 13:00,Bologna,Parma,0,0,1.664,2.146,1.7,2.22,5
2024-2025,https://www.oddsportal.com/football/h2h/bologna-0M9xNN8N/parma-6DxlaxHN/#tEKbaeZp,2025-02-22 15:00,Parma,Bologna,2,0,1.798,1.935,1.84,1.95,6
2024-2025,https://www.oddsportal.com/football/h2h/bologna-0M9xNN8N/torino-MZFZnvX4/#0jNeMZmR,2024-12-21 15:00,Torino,Bologna,0,2,2.06,1.71,2.22,1.75,6
2024-2025,https://www.oddsportal.com/football/h2h/bologna-0M9xNN8N/torino-MZFZnvX4/#ngME3hD4,2025-02-14 20:45,Bologna,Torino,3,2,2.215,1.603,2.34,1.65,6
2024-2025,https://www.oddsportal.com/football/h2h/bologna-0M9xNN8N/udinese-rXw8YKDE/#4xHh663n,2024-08-18 16:30,Bologna,Udinese,1,1,1.98,1.778,2.08,1.85,5
2024-2025,https://www.oddsportal.com/football/h2h/bologna-0M9xNN8N/udinese-rXw8YKDE/#ptxdGKll,2025-04-28 16:30,Udinese,Bologna,0,0,2.093,1.682,2.24,1.78,6
2024-2025,https://www.oddsportal.com/football/h2h/bologna-0M9xNN8N/venezia-MkPmVv50/#ENQJ7Yqe,2025-03-29 15:00,Venezia,Bologna,0,1,1.963,1.783,2.04,1.85,6
2024-2025,https://www.oddsportal.com/football/h2h/bologna-0M9xNN8N/venezia-MkPmVv50/#lIhj8R6e,2024-11-30 20:45,Bologna,Venezia,3,0,1.99,1.765,2.08,1.83,6
2024-2025,https://www.oddsportal.com/football/h2h/bologna-0M9xNN8N/verona-rJVAIaHo/#MRKOiAWr,2025-03-09 12:30,Verona,Bologna,1,2,2.057,1.703,2.14,1.73,6
2024-2025,https://www.oddsportal.com/football/h2h/bologna-0M9xNN8N/verona-rJVAIaHo/#S07zFit1,2024-12-30 20:45,Bologna,Verona,2,3,2.017,1.74,2.08,1.78,6
2024-2025,https://www.oddsportal.com/football/h2h/cagliari-SCGVmKHb/como-ttyLthOA/#0hYMmpcl,2024-08-26 16:30,Cagliari,Como,1,1,1.792,1.97,1.88,2.05,5
2024-2025,https://www.oddsportal.com/football/h2h/cagliari-SCGVmKHb/como-ttyLthOA/#QiauqAOi,2025-05-10 13:00,Como,Cagliari,3,1,1.647,2.152,1.7,2.25,6
2024-2025,https://www.oddsportal.com/football/h2h/cagliari-SCGVmKHb/empoli-0ESCnI1H/#2ucWYubt,2024-09-20 16:30,Cagliari,Empoli,0,2,1.932,1.822,2.0,1.85,5
2024-2025,https://www.oddsportal.com/football/h2h/cagliari-SCGVmKHb/empoli-0ESCnI1H/#rgFMRgyR,2025-04-06 13:00,Empoli,Cagliari,0,0,1.905,1.832,1.98,1.88,6
2024-2025,https://www.oddsportal.com/football/h2h/cagliari-SCGVmKHb/fiorentina-Q3A3IbXH/#U5sK10Ic,2025-04-23 16:30,Cagliari,Fiorentina,1,2,1.893,1.852,1.96,1.93,6
2024-2025,https://www.oddsportal.com/football/h2h/cagliari-SCGVmKHb/fiorentina-Q3A3IbXH/#UVdDFUVI,2024-12-08 12:30,Fiorentina,Cagliari,1,0,1.767,1.983,1.82,2.05,6
2024-2025,https://www.oddsportal.com/football/h2h/cagliari-SCGVmKHb/genoa-d0PJxeie/#2Nmbykn2,2025-03-07 20:45,Cagliari,Genoa,1,1,1.995,1.757,2.12,1.8,6
2024-2025,https://www.oddsportal.com/football/h2h/cagliari-SCGVmKHb/genoa-d0PJxeie/#b1PJHvvh,2024-11-24 12:30,Genoa,Cagliari,2,2,1.742,2.023,1.8,2.05,6
2024-2025,https://www.oddsportal.com/football/h2h/cagliari-SCGVmKHb/inter-Iw7eKK25/#0E5rDVAD,2024-12-28 18:00,Cagliari,Inter,0,3,1.882,1.86,1.95,1.93,6
2024-2025,https://www.oddsportal.com/football/h2h/cagliari-SCGVmKHb/inter-Iw7eKK25/#dtaJqSdC,2025-04-12 16:00,Inter,Cagliari,3,1,2.062,1.703,2.12,1.75,6
2024-2025,https://www.oddsportal.com/football/h2h/cagliari-SCGVmKHb/juventus-C06aJvIB/#x8OGzlAO,2024-10-06 10:30,Juventus,Cagliari,1,1,2.04,1.73,2.1,1.75,5
2024-2025,https://www.oddsportal.com/football/h2h/cagliari-SCGVmKHb/juventus-C06aJvIB/#zgHj5Q56,2025-02-23 20:45,Cagliari,Juventus,0,1,1.92,1.825,2.0,1.9,6
2024-2025,https://www.oddsportal.com/football/h2h/cagliari-SCGVmKHb/lazio-URcSl02h/#l2ICn6yK,2025-02-03 20:45,Cagliari,Lazio,1,2,1.682,2.107,1.72,2.15,6
2024-2025,https://www.oddsportal.com/football/h2h/cagliari-SCGVmKHb/lazio-URcSl02h/#rXmhxCKr,2024-11-04 20:45,Lazio,Cagliari,2,1,1.797,1.937,1.88,1.95,6
2024-2025,https://www.oddsportal.com/football/h2h/cagliari-SCGVmKHb/lecce-G8lYsMgU/#WUwvdhhC,2025-01-19 15:00,Cagliari,Lecce,4,1,1.795,1.948,1.88,2.0,6
2024-2025,https://www.oddsportal.com/football/h2h/cagliari-SCGVmKHb/lecce-G8lYsMgU/#d4DGBiqI,2024-08-31 16:30,Lecce,Cagliari,1,0,1.938,1.818,2.04,1.88,5
2024-2025,https://www.oddsportal.com/football/h2h/cagliari-SCGVmKHb/monza-4YSMlwj7/#8za4Io4j,2025-01-05 12:30,Monza,Cagliari,1,2,1.765,1.99,1.8,2.02,6
2024-2025,https://www.oddsportal.com/football/h2h/cagliari-SCGVmKHb/monza-4YSMlwj7/#bT51grPp,2025-03-30 10:30,Cagliari,Monza,3,0,1.867,1.895,1.92,1.95,6
2024-2025,https://www.oddsportal.com/football/h2h/cagliari-SCGVmKHb/napoli-69Dxbc61/#6cNF7rrp,2024-09-15 16:00,Cagliari,Napoli,0,4,1.726,2.048,1.8,2.1,5
2024-2025,https://www.oddsportal.com/football/h2h/cagliari-SCGVmKHb/napoli-69Dxbc61/#jefgM7IU,2025-05-23 18:45,Napoli,Cagliari,2,0,2.193,1.617,2.45,1.68,6
2024-2025,https://www.oddsportal.com/football/h2h/cagliari-SCGVmKHb/parma-6DxlaxHN/#ELkttbFt,2025-02-09 15:00,Cagliari,Parma,2,1,1.647,2.148,1.7,2.25,6
2024-2025,https://www.oddsportal.com/football/h2h/cagliari-SCGVmKHb/parma-6DxlaxHN/#vuXo7iAM,2024-09-30 18:45,Parma,Cagliari,2,3,1.64,2.174,1.67,2.22,5
2024-2025,https://www.oddsportal.com/football/h2h/cagliari-SCGVmKHb/torino-MZFZnvX4/#GMBD7YY8,2024-10-20 16:00,Cagliari,Torino,3,2,1.825,1.923,1.98,1.95,6
2024-2025,https://www.oddsportal.com/football/h2h/cagliari-SCGVmKHb/torino-MZFZnvX4/#bwZAFwk2,2025-01-24 20:45,Torino,Cagliari,2,0,1.923,1.82,2.0,1.87,6
2024-2025,https://www.oddsportal.com/football/h2h/cagliari-SCGVmKHb/udinese-rXw8YKDE/#I5fXHFho,2024-10-25 16:30,Udinese,Cagliari,2,0,1.838,1.925,1.91,1.95,6
2024-2025,https://www.oddsportal.com/football/h2h/cagliari-SCGVmKHb/udinese-rXw8YKDE/#v1pOJget,2025-05-03 13:00,Cagliari,Udinese,1,2,1.897,1.845,1.98,1.9,6
2024-2025,https://www.oddsportal.com/football/h2h/cagliari-SCGVmKHb/venezia-MkPmVv50/#WYDRGDBl,2024-12-22 15:00,Venezia,Cagliari,2,1,1.69,2.09,1.72,2.15,6
2024-2025,https://www.oddsportal.com/football/h2h/cagliari-SCGVmKHb/venezia-MkPmVv50/#YiJd8Qi3,2025-05-18 18:45,Cagliari,Venezia,3,0,1.847,1.915,1.92,1.95,6
2024-2025,https://www.oddsportal.com/football/h2h/cagliari-SCGVmKHb/verona-rJVAIaHo/#8fyGJYwq,2025-04-28 18:45,Verona,Cagliari,0,2,1.948,1.805,2.16,1.9,6
2024-2025,https://www.oddsportal.com/football/h2h/cagliari-SCGVmKHb/verona-rJVAIaHo/#tQAc65y8,2024-11-29 20:45,Cagliari,Verona,1,0,1.668,2.113,1.74,2.15,6
2024-2025,https://www.oddsportal.com/football/h2h/como-ttyLthOA/empoli-0ESCnI1H/#QZcmHoHi,2025-03-29 15:00,Como,Empoli,1,1,1.855,1.912,1.94,1.98,6
2024-2025,https://www.oddsportal.com/football/h2h/como-ttyLthOA/empoli-0ESCnI1H/#jqCRLjz2,2024-11-04 18:30,Empoli,Como,1,0,2.045,1.712,2.12,1.75,6
2024-2025,https://www.oddsportal.com/football/h2h/como-ttyLthOA/fiorentina-Q3A3IbXH/#Ewi1acON,2024-11-24 15:00,Como,Fiorentina,0,2,1.745,2.013,1.82,2.05,6
2024-2025,https://www.oddsportal.com/football/h2h/como-ttyLthOA/fiorentina-Q3A3IbXH/#K6KM1WsH,2025-02-16 12:30,Fiorentina,Como,0,2,1.79,1.947,1.86,1.97,6
2024-2025,https://www.oddsportal.com/football/h2h/como-ttyLthOA/genoa-d0PJxeie/#bR8Aj2ug,2024-11-07 20:45,Genoa,Como,1,1,1.928,1.817,2.02,1.85,6
2024-2025,https://www.oddsportal.com/football/h2h/como-ttyLthOA/genoa-d0PJxeie/#x61yRGo9,2025-04-27 10:30,Como,Genoa,1,0,1.86,1.902,1.91,1.95,6
2024-2025,https://www.oddsportal.com/football/h2h/como-ttyLthOA/inter-Iw7eKK25/#UalTTXJt,2025-05-23 18:45,Como,Inter,0,2,1.54,2.338,1.57,2.45,6
2024-2025,https://www.oddsportal.com/football/h2h/como-ttyLthOA/inter-Iw7eKK25/#pIkp4zSr,2024-12-23 20:45,Inter,Como,2,0,1.905,1.853,1.96,1.91,6
2024-2025,https://www.oddsportal.com/football/h2h/como-ttyLthOA/juventus-C06aJvIB/#Amqkvxpg,2025-02-07 20:45,Como,Juventus,1,2,1.78,1.955,1.84,2.0,6
2024-2025,https://www.oddsportal.com/football/h2h/como-ttyLthOA/juventus-C06aJvIB/#EirZ0Wr4,2024-08-19 18:45,Juventus,Como,3,0,2.038,1.732,2.16,1.83,5
2024-2025,https://www.oddsportal.com/football/h2h/como-ttyLthOA/lazio-URcSl02h/#4tuOUFgD,2025-01-10 20:45,Lazio,Como,1,1,1.758,1.998,1.8,2.05,6
2024-2025,https://www.oddsportal.com/football/h2h/como-ttyLthOA/lazio-URcSl02h/#p2kdKwac,2024-10-31 20:45,Como,Lazio,1,5,1.733,2.028,1.78,2.05,6
2024-2025,https://www.oddsportal.com/football/h2h/como-ttyLthOA/lecce-G8lYsMgU/#OtlnKnIt,2024-12-30 18:30,Como,Lecce,2,0,1.93,1.812,2.0,1.85,6
2024-2025,https://www.oddsportal.com/football/h2h/como-ttyLthOA/lecce-G8lYsMgU/#t6x0hdup,2025-04-19 13:00,Lecce,Como,0,3,1.692,2.08,1.76,2.15,6
2024-2025,https://www.oddsportal.com/football/h2h/como-ttyLthOA/monza-4YSMlwj7/#Ma2ltgjK,2025-04-05 13:00,Monza,Como,1,3,1.813,1.933,1.88,2.05,6
2024-2025,https://www.oddsportal.com/football/h2h/como-ttyLthOA/monza-4YSMlwj7/#OlzrEHfE,2024-11-30 15:00,Como,Monza,1,1,1.857,1.908,1.94,1.95,6
2024-2025,https://www.oddsportal.com/football/h2h/como-ttyLthOA/napoli-69Dxbc61/#WKAa34zJ,2025-02-23 12:30,Como,Napoli,2,1,1.933,1.813,2.02,1.88,6
2024-2025,https://www.oddsportal.com/football/h2h/como-ttyLthOA/napoli-69Dxbc61/#z3jsi9f5,2024-10-04 16:30,Napoli,Como,3,1,1.864,1.9,1.92,1.91,5
2024-2025,https://www.oddsportal.com/football/h2h/como-ttyLthOA/parma-6DxlaxHN/#Cl5M5C3L,2024-10-19 13:00,Como,Parma,1,1,1.55,2.333,1.58,2.4,6
2024-2025,https://www.oddsportal.com/football/h2h/como-ttyLthOA/parma-6DxlaxHN/#WUw6UA9b,2025-05-03 13:00,Parma,Como,0,1,1.598,2.252,1.64,2.3,6
2024-2025,https://www.oddsportal.com/football/h2h/como-ttyLthOA/torino-MZFZnvX4/#8GQVhWZP,2025-04-13 16:00,Como,Torino,1,0,1.898,1.84,1.96,1.95,6
2024-2025,https://www.oddsportal.com/football/h2h/como-ttyLthOA/torino-MZFZnvX4/#bLD0NyVN,2024-10-25 18:45,Torino,Como,1,0,1.855,1.9,1.92,1.95,6
2024-2025,https://www.oddsportal.com/football/h2h/como-ttyLthOA/udinese-rXw8YKDE/#6ZvTGnLc,2024-09-01 18:45,Udinese,Como,1,0,1.868,1.896,1.92,1.95,5
2024-2025,https://www.oddsportal.com/football/h2h/como-ttyLthOA/udinese-rXw8YKDE/#SdXnfWMO,2025-01-20 20:45,Como,Udinese,4,1,1.788,1.952,1.86,2.0,6
2024-2025,https://www.oddsportal.com/football/h2h/como-ttyLthOA/venezia-MkPmVv50/#O6cLrTa5,2024-12-08 18:00,Venezia,Como,2,2,1.625,2.173,1.67,2.22,6
2024-2025,https://www.oddsportal.com/football/h2h/como-ttyLthOA/venezia-MkPmVv50/#UTupahv9,2025-03-08 15:00,Como,Venezia,1,1,1.915,1.828,1.96,1.88,6
2024-2025,https://www.oddsportal.com/football/h2h/como-ttyLthOA/verona-rJVAIaHo/#f5Sonzy1,2025-05-18 18:45,Verona,Como,1,1,1.918,1.825,2.02,1.88,6
2024-2025,https://www.oddsportal.com/football/h2h/como-ttyLthOA/verona-rJVAIaHo/#h8tCfEQG,2024-09-29 13:00,Como,Verona,3,2,1.92,1.83,1.98,1.87,5
2024-2025,https://www.oddsportal.com/football/h2h/empoli-0ESCnI1H/fiorentina-Q3A3IbXH/#0YqKhheT,2024-09-29 16:00,Empoli,Fiorentina,0,0,1.812,1.93,1.9,1.95,5
2024-2025,https://www.oddsportal.com/football/h2h/empoli-0ESCnI1H/fiorentina-Q3A3IbXH/#bLkpPfGL,2025-04-27 13:00,Fiorentina,Empoli,2,1,1.982,1.77,2.1,1.83,6
2024-2025,https://www.oddsportal.com/football/h2h/empoli-0ESCnI1H/genoa-d0PJxeie/#W6ifIQng,2024-12-28 15:00,Empoli,Genoa,1,2,2.047,1.717,2.18,1.77,6
2024-2025,https://www.oddsportal.com/football/h2h/empoli-0ESCnI1H/genoa-d0PJxeie/#xKSrWgAM,2025-03-02 15:00,Genoa,Empoli,1,1,2.0,1.748,2.1,1.8,6
2024-2025,https://www.oddsportal.com/football/h2h/empoli-0ESCnI1H/inter-Iw7eKK25/#AyR5Ai75,2025-01-19 20:45,Inter,Empoli,3,1,2.03,1.73,2.1,1.78,6
2024-2025,https://www.oddsportal.com/football/h2h/empoli-0ESCnI1H/inter-Iw7eKK25/#IFm4IHT9,2024-10-30 18:30,Empoli,Inter,0,3,2.052,1.712,2.1,1.76,6
2024-2025,https://www.oddsportal.com/football/h2h/empoli-0ESCnI1H/juventus-C06aJvIB/#t0ciuOTg,2025-02-02 12:30,Juventus,Empoli,4,1,1.958,1.788,2.06,1.85,6
2024-2025,https://www.oddsportal.com/football/h2h/empoli-0ESCnI1H/juventus-C06aJvIB/#v1I9TP43,2024-09-14 16:00,Empoli,Juventus,0,0,2.21,1.628,2.3,1.7,5
2024-2025,https://www.oddsportal.com/football/h2h/empoli-0ESCnI1H/lazio-URcSl02h/#SW3Qfiet,2024-10-06 13:00,Lazio,Empoli,2,1,2.006,1.758,2.08,1.8,5
2024-2025,https://www.oddsportal.com/football/h2h/empoli-0ESCnI1H/lazio-URcSl02h/#pEFOHXPh,2025-05-04 10:30,Empoli,Lazio,0,1,1.978,1.772,2.06,1.85,6
2024-2025,https://www.oddsportal.com/football/h2h/empoli-0ESCnI1H/lecce-G8lYsMgU/#OYgzob9U,2024-11-08 20:45,Lecce,Empoli,1,1,2.272,1.582,2.38,1.6,6
2024-2025,https://www.oddsportal.com/football/h2h/empoli-0ESCnI1H/lecce-G8lYsMgU/#z1m7Ycfl,2025-01-11 15:00,Empoli,Lecce,1,3,2.037,1.728,2.12,1.75,6
2024-2025,https://www.oddsportal.com/football/h2h/empoli-0ESCnI1H/monza-4YSMlwj7/#hKOA02XN,2024-08-17 18:45,Empoli,Monza,0,0,1.864,1.906,1.92,1.93,5
2024-2025,https://www.oddsportal.com/football/h2h/empoli-0ESCnI1H/monza-4YSMlwj7/#zPmL0Zkf,2025-05-18 18:45,Monza,Empoli,1,3,2.015,1.747,2.06,1.83,6
2024-2025,https://www.oddsportal.com/football/h2h/empoli-0ESCnI1H/napoli-69Dxbc61/#8Kjh0jRr,2024-10-20 10:30,Empoli,Napoli,0,1,1.992,1.765,2.04,1.83,6
2024-2025,https://www.oddsportal.com/football/h2h/empoli-0ESCnI1H/napoli-69Dxbc61/#tntq0msg,2025-04-14 18:45,Napoli,Empoli,3,0,2.14,1.658,2.24,1.73,6
2024-2025,https://www.oddsportal.com/football/h2h/empoli-0ESCnI1H/parma-6DxlaxHN/#MJhlslg4,2025-05-10 18:45,Empoli,Parma,2,1,1.952,1.797,2.06,2.0,6
2024-2025,https://www.oddsportal.com/football/h2h/empoli-0ESCnI1H/parma-6DxlaxHN/#jeAhPc0B,2024-10-27 12:30,Parma,Empoli,1,1,1.652,2.152,1.7,2.2,6
2024-2025,https://www.oddsportal.com/football/h2h/empoli-0ESCnI1H/torino-MZFZnvX4/#0IeM2n2b,2025-03-15 20:45,Torino,Empoli,1,0,1.955,1.797,2.06,1.85,6
2024-2025,https://www.oddsportal.com/football/h2h/empoli-0ESCnI1H/torino-MZFZnvX4/#vsfdptyA,2024-12-13 20:45,Empoli,Torino,0,1,2.243,1.598,2.34,1.63,6
2024-2025,https://www.oddsportal.com/football/h2h/empoli-0ESCnI1H/udinese-rXw8YKDE/#84Izvl77,2025-02-16 15:00,Udinese,Empoli,3,0,1.915,1.82,2.0,1.9,6
2024-2025,https://www.oddsportal.com/football/h2h/empoli-0ESCnI1H/udinese-rXw8YKDE/#pMsXgyno,2024-11-25 18:30,Empoli,Udinese,1,1,2.108,1.675,2.2,1.72,6
2024-2025,https://www.oddsportal.com/football/h2h/empoli-0ESCnI1H/venezia-MkPmVv50/#4Mr7x7eM,2025-01-04 15:00,Venezia,Empoli,1,1,1.912,1.835,1.98,1.9,6
2024-2025,https://www.oddsportal.com/football/h2h/empoli-0ESCnI1H/venezia-MkPmVv50/#QXzTavmA,2025-04-20 13:00,Empoli,Venezia,2,2,2.003,1.745,2.12,1.78,6
2024-2025,https://www.oddsportal.com/football/h2h/empoli-0ESCnI1H/verona-rJVAIaHo/#2DnySBlg,2025-05-25 18:45,Empoli,Verona,1,2,2.418,1.513,2.5,1.6,6
2024-2025,https://www.oddsportal.com/football/h2h/empoli-0ESCnI1H/verona-rJVAIaHo/#GMVVXBom,2024-12-08 15:00,Verona,Empoli,1,4,1.95,1.792,2.08,1.83,6
2024-2025,https://www.oddsportal.com/football/h2h/fiorentina-Q3A3IbXH/genoa-d0PJxeie/#EssDGebM,2024-10-31 18:30,Genoa,Fiorentina,0,1,1.923,1.823,1.96,1.88,6
2024-2025,https://www.oddsportal.com/football/h2h/fiorentina-Q3A3IbXH/genoa-d0PJxeie/#Kp9rspas,2025-02-02 15:00,Fiorentina,Genoa,2,1,1.783,1.96,1.86,2.0,6
2024-2025,https://www.oddsportal.com/football/h2h/fiorentina-Q3A3IbXH/inter-Iw7eKK25/#QqZDYXDU,2025-02-10 20:45,Inter,Fiorentina,2,1,1.873,1.87,1.95,1.95,6
2024-2025,https://www.oddsportal.com/football/h2h/fiorentina-Q3A3IbXH/inter-Iw7eKK25/#WEwjCePQ,2025-02-06 20:45,Fiorentina,Inter,3,0,1.915,1.828,2.05,2.0,6
2024-2025,https://www.oddsportal.com/football/h2h/fiorentina-Q3A3IbXH/juventus-C06aJvIB/#CYps60ig,2025-03-16 18:00,Fiorentina,Juventus,3,0,1.893,1.848,1.96,1.93,6
2024-2025,https://www.oddsportal.com/football/h2h/fiorentina-Q3A3IbXH/juventus-C06aJvIB/#hMu3G4H5,2024-12-29 18:00,Juventus,Fiorentina,2,2,1.9,1.845,1.98,1.9,6
2024-2025,https://www.oddsportal.com/football/h2h/fiorentina-Q3A3IbXH/lazio-URcSl02h/#A50vXJSh,2024-09-22 10:30,Fiorentina,Lazio,2,1,1.79,1.972,1.82,2.0,5
2024-2025,https://www.oddsportal.com/football/h2h/fiorentina-Q3A3IbXH/lazio-URcSl02h/#bJAT205d,2025-01-26 20:45,Lazio,Fiorentina,1,2,1.72,2.043,1.76,2.1,6
2024-2025,https://www.oddsportal.com/football/h2h/fiorentina-Q3A3IbXH/lecce-G8lYsMgU/#46UzYFuA,2025-02-28 20:45,Fiorentina,Lecce,1,0,2.095,1.677,2.2,1.7,6
2024-2025,https://www.oddsportal.com/football/h2h/fiorentina-Q3A3IbXH/lecce-G8lYsMgU/#AJ5eIkmR,2024-10-20 13:00,Lecce,Fiorentina,0,6,1.868,1.895,1.92,1.91,6
2024-2025,https://www.oddsportal.com/football/h2h/fiorentina-Q3A3IbXH/monza-4YSMlwj7/#GK8tmc9s,2025-01-13 20:45,Monza,Fiorentina,2,1,1.85,1.907,1.91,1.95,6
2024-2025,https://www.oddsportal.com/football/h2h/fiorentina-Q3A3IbXH/monza-4YSMlwj7/#nZgYbEaC,2024-09-01 16:30,Fiorentina,Monza,2,2,1.906,1.85,1.98,1.95,5
2024-2025,https://www.oddsportal.com/football/h2h/fiorentina-Q3A3IbXH/napoli-69Dxbc61/#2FD9TBCi,2025-01-04 18:00,Fiorentina,Napoli,0,3,1.937,1.805,2.02,1.83,6
2024-2025,https://www.oddsportal.com/football/h2h/fiorentina-Q3A3IbXH/napoli-69Dxbc61/#IBP7i1x0,2025-03-09 15:00,Napoli,Fiorentina,2,1,2.18,1.633,2.28,1.7,6
2024-2025,https://www.oddsportal.com/football/h2h/fiorentina-Q3A3IbXH/parma-6DxlaxHN/#S072mAcm,2025-04-13 13:00,Fiorentina,Parma,0,0,1.843,1.913,1.91,1.95,6
2024-2025,https://www.oddsportal.com/football/h2h/fiorentina-Q3A3IbXH/parma-6DxlaxHN/#Sf88FVcc,2024-08-17 16:30,Parma,Fiorentina,1,1,1.674,2.126,1.74,2.2,5
2024-2025,https://www.oddsportal.com/football/h2h/fiorentina-Q3A3IbXH/torino-MZFZnvX4/#b7pTwPem,2024-11-03 15:00,Torino,Fiorentina,0,1,1.908,1.832,1.95,1.9,6
2024-2025,https://www.oddsportal.com/football/h2h/fiorentina-Q3A3IbXH/torino-MZFZnvX4/#r97dEZ7t,2025-01-19 12:30,Fiorentina,Torino,1,1,1.97,1.775,2.02,1.85,6
2024-2025,https://www.oddsportal.com/football/h2h/fiorentina-Q3A3IbXH/udinese-rXw8YKDE/#MTsBvkYb,2025-05-25 18:45,Udinese,Fiorentina,2,3,1.627,2.165,1.65,2.2,6
2024-2025,https://www.oddsportal.com/football/h2h/fiorentina-Q3A3IbXH/udinese-rXw8YKDE/#bLXImFs2,2024-12-23 18:30,Fiorentina,Udinese,1,2,1.778,1.96,1.84,2.0,6
2024-2025,https://www.oddsportal.com/football/h2h/fiorentina-Q3A3IbXH/venezia-MkPmVv50/#M7MVoOR0,2024-08-25 16:30,Fiorentina,Venezia,0,0,1.866,1.89,1.94,1.95,5
2024-2025,https://www.oddsportal.com/football/h2h/fiorentina-Q3A3IbXH/venezia-MkPmVv50/#nqB9nqVq,2025-05-12 16:30,Venezia,Fiorentina,2,1,1.918,1.823,1.98,1.85,6
2024-2025,https://www.oddsportal.com/football/h2h/fiorentina-Q3A3IbXH/verona-rJVAIaHo/#6Z0ALojm,2025-02-23 15:00,Verona,Fiorentina,1,0,1.955,1.792,2.0,1.85,6
2024-2025,https://www.oddsportal.com/football/h2h/fiorentina-Q3A3IbXH/verona-rJVAIaHo/#hU52hOAt,2024-11-10 15:00,Fiorentina,Verona,3,1,1.873,1.892,1.96,1.95,6
2024-2025,https://www.oddsportal.com/football/h2h/genoa-d0PJxeie/inter-Iw7eKK25/#Ea4IJPKa,2025-02-22 20:45,Inter,Genoa,1,0,2.238,1.598,2.36,1.68,6
2024-2025,https://www.oddsportal.com/football/h2h/genoa-d0PJxeie/inter-Iw7eKK25/#O2Fteteo,2024-08-17 16:30,Genoa,Inter,2,2,1.968,1.788,2.04,1.85,5
2024-2025,https://www.oddsportal.com/football/h2h/genoa-d0PJxeie/juventus-C06aJvIB/#KIQjmWIj,2024-09-28 16:00,Genoa,Juventus,0,3,2.292,1.582,2.46,1.63,5
2024-2025,https://www.oddsportal.com/football/h2h/genoa-d0PJxeie/juventus-C06aJvIB/#KdZr6L8j,2025-03-29 18:00,Juventus,Genoa,1,0,2.415,1.525,2.54,1.6,6
2024-2025,https://www.oddsportal.com/football/h2h/genoa-d0PJxeie/lazio-URcSl02h/#OjcQLOgJ,2024-10-27 15:00,Lazio,Genoa,3,0,2.02,1.735,2.12,1.8,6
2024-2025,https://www.oddsportal.com/football/h2h/genoa-d0PJxeie/lazio-URcSl02h/#boZzbIHM,2025-04-23 16:30,Genoa,Lazio,0,2,1.97,1.785,2.04,1.85,6
2024-2025,https://www.oddsportal.com/football/h2h/genoa-d0PJxeie/lecce-G8lYsMgU/#IVmk4vM5,2025-03-14 20:45,Genoa,Lecce,2,1,2.113,1.678,2.26,1.73,6
2024-2025,https://www.oddsportal.com/football/h2h/genoa-d0PJxeie/lecce-G8lYsMgU/#O2NXN7tT,2025-01-05 15:00,Lecce,Genoa,0,0,2.0,1.753,2.1,1.78,6
2024-2025,https://www.oddsportal.com/football/h2h/genoa-d0PJxeie/monza-4YSMlwj7/#6D3e2qCs,2024-08-24 18:45,Monza,Genoa,0,1,1.908,1.84,1.96,1.88,5
2024-2025,https://www.oddsportal.com/football/h2h/genoa-d0PJxeie/monza-4YSMlwj7/#x4MK4Mzp,2025-01-27 20:45,Genoa,Monza,2,0,2.017,1.742,2.12,1.78,6
2024-2025,https://www.oddsportal.com/football/h2h/genoa-d0PJxeie/napoli-69Dxbc61/#nLSMem8c,2025-05-11 18:45,Napoli,Genoa,2,2,2.268,1.588,2.4,1.65,6
2024-2025,https://www.oddsportal.com/football/h2h/genoa-d0PJxeie/napoli-69Dxbc61/#vHA5BIZ8,2024-12-21 18:00,Genoa,Napoli,1,2,2.118,1.662,2.24,1.7,6
2024-2025,https://www.oddsportal.com/football/h2h/genoa-d0PJxeie/parma-6DxlaxHN/#8EoFWyP0,2025-01-12 12:30,Genoa,Parma,1,0,1.733,2.028,1.8,2.07,6
2024-2025,https://www.oddsportal.com/football/h2h/genoa-d0PJxeie/parma-6DxlaxHN/#vJXfdXBE,2024-11-04 18:30,Parma,Genoa,0,1,1.662,2.128,1.72,2.2,6
2024-2025,https://www.oddsportal.com/football/h2h/genoa-d0PJxeie/torino-MZFZnvX4/#pvu0wYNP,2024-12-07 15:00,Genoa,Torino,0,0,2.103,1.677,2.2,1.7,6
2024-2025,https://www.oddsportal.com/football/h2h/genoa-d0PJxeie/torino-MZFZnvX4/#vmammXSN,2025-02-08 20:45,Torino,Genoa,1,1,2.078,1.697,2.2,1.75,6
2024-2025,https://www.oddsportal.com/football/h2h/genoa-d0PJxeie/udinese-rXw8YKDE/#2J5dJCWg,2024-12-01 12:30,Udinese,Genoa,0,2,1.885,1.85,1.95,1.95,6
2024-2025,https://www.oddsportal.com/football/h2h/genoa-d0PJxeie/udinese-rXw8YKDE/#Ey6hMXbl,2025-04-04 18:45,Genoa,Udinese,1,0,2.103,1.682,2.2,1.73,6
2024-2025,https://www.oddsportal.com/football/h2h/genoa-d0PJxeie/venezia-MkPmVv50/#OhEnqORk,2025-02-17 20:45,Genoa,Venezia,2,0,2.087,1.678,2.22,1.73,6
2024-2025,https://www.oddsportal.com/football/h2h/genoa-d0PJxeie/venezia-MkPmVv50/#S66wtFBN,2024-09-21 13:00,Venezia,Genoa,2,0,1.872,1.894,1.94,1.91,5
2024-2025,https://www.oddsportal.com/football/h2h/genoa-d0PJxeie/verona-rJVAIaHo/#r1mschUO,2024-09-01 16:30,Genoa,Verona,0,2,1.99,1.774,2.12,1.83,5
2024-2025,https://www.oddsportal.com/football/h2h/genoa-d0PJxeie/verona-rJVAIaHo/#zRAAolSa,2025-04-13 13:00,Verona,Genoa,0,0,2.175,1.637,2.3,1.7,6
2024-2025,https://www.oddsportal.com/football/h2h/inter-Iw7eKK25/juventus-C06aJvIB/#WIHfs2d2,2025-02-16 20:45,Juventus,Inter,1,0,1.768,1.975,1.84,2.05,6
2024-2025,https://www.oddsportal.com/football/h2h/inter-Iw7eKK25/juventus-C06aJvIB/#jwaINpP6,2024-10-27 18:00,Inter,Juventus,4,4,1.958,1.783,2.0,1.85,6
2024-2025,https://www.oddsportal.com/football/h2h/inter-Iw7eKK25/lazio-URcSl02h/#SIQgpE5D,2025-05-18 18:45,Inter,Lazio,2,2,1.665,2.115,1.7,2.2,6
2024-2025,https://www.oddsportal.com/football/h2h/inter-Iw7eKK25/lazio-URcSl02h/#UR0TxbTq,2024-12-16 20:45,Lazio,Inter,0,6,1.77,1.978,1.82,2.02,6
2024-2025,https://www.oddsportal.com/football/h2h/inter-Iw7eKK25/lecce-G8lYsMgU/#4GcFQ3c3,2025-01-26 18:00,Lecce,Inter,0,4,2.072,1.698,2.18,1.75,6
2024-2025,https://www.oddsportal.com/football/h2h/inter-Iw7eKK25/lecce-G8lYsMgU/#AsIP75lK,2024-08-24 18:45,Inter,Lecce,2,0,2.322,1.566,2.38,1.6,5
2024-2025,https://www.oddsportal.com/football/h2h/inter-Iw7eKK25/monza-4YSMlwj7/#2yTWkl1e,2025-03-08 20:45,Inter,Monza,3,2,2.41,1.522,2.56,1.55,6
2024-2025,https://www.oddsportal.com/football/h2h/inter-Iw7eKK25/monza-4YSMlwj7/#Esk5Iad2,2024-09-15 18:45,Monza,Inter,1,1,2.074,1.702,2.12,1.75,5
2024-2025,https://www.oddsportal.com/football/h2h/inter-Iw7eKK25/napoli-69Dxbc61/#KtcJltA5,2024-11-10 20:45,Inter,Napoli,1,1,1.785,1.955,1.82,2.0,6
2024-2025,https://www.oddsportal.com/football/h2h/inter-Iw7eKK25/napoli-69Dxbc61/#jNhIpgPF,2025-03-01 18:00,Napoli,Inter,1,1,1.785,1.955,1.86,2.0,6
2024-2025,https://www.oddsportal.com/football/h2h/inter-Iw7eKK25/parma-6DxlaxHN/#hrgKzXDs,2025-04-05 16:00,Parma,Inter,2,2,1.878,1.89,1.94,1.93,6
2024-2025,https://www.oddsportal.com/football/h2h/inter-Iw7eKK25/parma-6DxlaxHN/#xxKvWkGa,2024-12-06 18:30,Inter,Parma,3,1,1.782,1.962,1.82,2.02,6
2024-2025,https://www.oddsportal.com/football/h2h/inter-Iw7eKK25/torino-MZFZnvX4/#foWUgRxA,2025-05-11 16:00,Torino,Inter,0,2,1.987,1.763,2.02,1.85,6
2024-2025,https://www.oddsportal.com/football/h2h/inter-Iw7eKK25/torino-MZFZnvX4/#ttV7xAuC,2024-10-05 18:45,Inter,Torino,3,2,2.046,1.726,2.14,1.75,5
2024-2025,https://www.oddsportal.com/football/h2h/inter-Iw7eKK25/udinese-rXw8YKDE/#lErDBsoT,2025-03-30 16:00,Inter,Udinese,2,1,2.04,1.722,2.16,1.83,6
2024-2025,https://www.oddsportal.com/football/h2h/inter-Iw7eKK25/udinese-rXw8YKDE/#pIgDNCf3,2024-09-28 13:00,Udinese,Inter,2,3,1.896,1.87,1.94,1.91,5
2024-2025,https://www.oddsportal.com/football/h2h/inter-Iw7eKK25/venezia-MkPmVv50/#YZei5dVP,2025-01-12 15:00,Venezia,Inter,0,1,1.935,1.803,1.98,1.83,6
2024-2025,https://www.oddsportal.com/football/h2h/inter-Iw7eKK25/venezia-MkPmVv50/#v5hMsYdL,2024-11-03 20:45,Inter,Venezia,1,0,1.913,1.828,1.96,1.88,6
2024-2025,https://www.oddsportal.com/football/h2h/inter-Iw7eKK25/verona-rJVAIaHo/#Eg7uEkPH,2025-05-03 18:45,Inter,Verona,1,0,2.085,1.688,2.15,1.78,6
2024-2025,https://www.oddsportal.com/football/h2h/inter-Iw7eKK25/verona-rJVAIaHo/#WENRFI84,2024-11-23 15:00,Verona,Inter,0,5,2.01,1.742,2.05,1.8,6
2024-2025,https://www.oddsportal.com/football/h2h/juventus-C06aJvIB/lazio-URcSl02h/#2g2mKBIE,2024-10-19 18:45,Juventus,Lazio,1,0,1.952,1.777,2.04,1.83,6
2024-2025,https://www.oddsportal.com/football/h2h/juventus-C06aJvIB/lazio-URcSl02h/#jap5w6hT,2025-05-10 16:00,Lazio,Juventus,1,1,1.85,1.915,1.94,1.95,6
2024-2025,https://www.oddsportal.com/football/h2h/juventus-C06aJvIB/lecce-G8lYsMgU/#U7CQs6RO,2025-04-12 18:45,Juventus,Lecce,2,1,2.318,1.56,2.44,1.65,6
2024-2025,https://www.oddsportal.com/football/h2h/juventus-C06aJvIB/lecce-G8lYsMgU/#jaKM6Znl,2024-12-01 20:45,Lecce,Juventus,1,1,2.452,1.512,2.54,1.55,6
2024-2025,https://www.oddsportal.com/football/h2h/juventus-C06aJvIB/monza-4YSMlwj7/#Ecs10hR7,2024-12-22 20:45,Monza,Juventus,1,2,2.097,1.688,2.18,1.73,6
2024-2025,https://www.oddsportal.com/football/h2h/juventus-C06aJvIB/monza-4YSMlwj7/#xzTWFjw8,2025-04-27 16:00,Juventus,Monza,2,0,2.208,1.617,2.45,1.68,6
2024-2025,https://www.oddsportal.com/football/h2h/juventus-C06aJvIB/napoli-69Dxbc61/#Yqo4RFdU,2024-09-21 16:00,Juventus,Napoli,0,0,1.934,1.816,2.02,1.85,5
2024-2025,https://www.oddsportal.com/football/h2h/juventus-C06aJvIB/napoli-69Dxbc61/#htW2HaKk,2025-01-25 18:00,Napoli,Juventus,2,1,1.988,1.762,2.1,1.8,6
2024-2025,https://www.oddsportal.com/football/h2h/juventus-C06aJvIB/parma-6DxlaxHN/#rcXrBZLq,2024-10-30 20:45,Juventus,Parma,2,2,1.748,2.0,1.82,2.05,6
2024-2025,https://www.oddsportal.com/football/h2h/juventus-C06aJvIB/parma-6DxlaxHN/#xhM2CHWF,2025-04-23 16:30,Parma,Juventus,1,0,1.848,1.917,1.91,1.95,6
2024-2025,https://www.oddsportal.com/football/h2h/juventus-C06aJvIB/torino-MZFZnvX4/#S60RnKvI,2024-11-09 20:45,Juventus,Torino,2,0,2.555,1.468,2.68,1.53,6
2024-2025,https://www.oddsportal.com/football/h2h/juventus-C06aJvIB/torino-MZFZnvX4/#pEFdqF86,2025-01-11 18:00,Torino,Juventus,1,1,2.347,1.548,2.48,1.6,6
2024-2025,https://www.oddsportal.com/football/h2h/juventus-C06aJvIB/udinese-rXw8YKDE/#pOryx3Qa,2024-11-02 18:00,Udinese,Juventus,0,2,1.963,1.782,2.1,1.83,6
2024-2025,https://www.oddsportal.com/football/h2h/juventus-C06aJvIB/udinese-rXw8YKDE/#rR8t8HcK,2025-05-18 18:45,Juventus,Udinese,2,0,2.047,1.72,2.15,1.83,6
2024-2025,https://www.oddsportal.com/football/h2h/juventus-C06aJvIB/venezia-MkPmVv50/#bqAcrK5M,2024-12-14 20:45,Juventus,Venezia,2,2,2.235,1.602,2.34,1.68,6
2024-2025,https://www.oddsportal.com/football/h2h/juventus-C06aJvIB/venezia-MkPmVv50/#fstJxT2B,2025-05-25 18:45,Venezia,Juventus,2,3,1.687,2.065,1.72,2.15,6
2024-2025,https://www.oddsportal.com/football/h2h/juventus-C06aJvIB/verona-rJVAIaHo/#d49FQXXq,2025-03-03 20:45,Juventus,Verona,2,0,2.262,1.578,2.4,1.63,6
2024-2025,https://www.oddsportal.com/football/h2h/juventus-C06aJvIB/verona-rJVAIaHo/#fZZxp2dD,2024-08-26 18:45,Verona,Juventus,0,3,2.048,1.72,2.14,1.78,5
2024-2025,https://www.oddsportal.com/football/h2h/lazio-URcSl02h/lecce-G8lYsMgU/#IVmh2Ede,2024-12-21 20:45,Lecce,Lazio,1,2,1.847,1.913,1.91,1.95,6
2024-2025,https://www.oddsportal.com/football/h2h/lazio-URcSl02h/lecce-G8lYsMgU/#MF2xQkJ5,2025-05-25 18:45,Lazio,Lecce,0,1,1.772,1.952,1.8,2.0,6
2024-2025,https://www.oddsportal.com/football/h2h/lazio-URcSl02h/monza-4YSMlwj7/#4A4Ohyan,2025-02-09 15:00,Lazio,Monza,5,1,1.997,1.757,2.08,1.8,6
2024-2025,https://www.oddsportal.com/football/h2h/lazio-URcSl02h/monza-4YSMlwj7/#voUq51fn,2024-11-10 18:00,Monza,Lazio,0,1,2.06,1.707,2.16,1.75,6
2024-2025,https://www.oddsportal.com/football/h2h/lazio-URcSl02h/napoli-69Dxbc61/#EssukEF8,2025-02-15 18:00,Lazio,Napoli,2,2,1.902,1.845,1.98,1.9,6
2024-2025,https://www.oddsportal.com/football/h2h/lazio-URcSl02h/napoli-69Dxbc61/#Ms14nB0t,2024-12-08 20:45,Napoli,Lazio,0,1,1.883,1.855,1.95,1.9,6
2024-2025,https://www.oddsportal.com/football/h2h/lazio-URcSl02h/parma-6DxlaxHN/#fBcHN2dE,2025-04-28 18:45,Lazio,Parma,2,2,1.868,1.87,1.95,1.95,6
2024-2025,https://www.oddsportal.com/football/h2h/lazio-URcSl02h/parma-6DxlaxHN/#rFYV2inD,2024-12-01 15:00,Parma,Lazio,3,1,1.685,2.09,1.72,2.15,6
2024-2025,https://www.oddsportal.com/football/h2h/lazio-URcSl02h/torino-MZFZnvX4/#0hCVTO0c,2025-03-31 18:45,Lazio,Torino,1,1,2.025,1.735,2.1,1.83,6
2024-2025,https://www.oddsportal.com/football/h2h/lazio-URcSl02h/torino-MZFZnvX4/#WxCQa92d,2024-09-29 10:30,Torino,Lazio,2,3,1.89,1.874,1.94,1.91,5
2024-2025,https://www.oddsportal.com/football/h2h/lazio-URcSl02h/udinese-rXw8YKDE/#GrNwFMem,2024-08-24 16:30,Udinese,Lazio,2,1,1.866,1.906,1.96,1.95,5
2024-2025,https://www.oddsportal.com/football/h2h/lazio-URcSl02h/udinese-rXw8YKDE/#jc9RBVNE,2025-03-10 20:45,Lazio,Udinese,1,1,1.812,1.933,1.9,1.95,6
2024-2025,https://www.oddsportal.com/football/h2h/lazio-URcSl02h/venezia-MkPmVv50/#8jyraADG,2024-08-18 18:45,Lazio,Venezia,3,1,2.096,1.686,2.16,1.75,5
2024-2025,https://www.oddsportal.com/football/h2h/lazio-URcSl02h/venezia-MkPmVv50/#OYg2JGQG,2025-02-22 15:00,Venezia,Lazio,0,0,1.895,1.843,1.95,1.9,6
2024-2025,https://www.oddsportal.com/football/h2h/lazio-URcSl02h/verona-rJVAIaHo/#2BNcCDxg,2025-01-19 18:00,Verona,Lazio,0,3,1.807,1.927,1.92,1.95,6
2024-2025,https://www.oddsportal.com/football/h2h/lazio-URcSl02h/verona-rJVAIaHo/#rgFQPs4S,2024-09-16 18:45,Lazio,Verona,2,1,1.968,1.794,2.06,1.85,5
2024-2025,https://www.oddsportal.com/football/h2h/lecce-G8lYsMgU/monza-4YSMlwj7/#jskxyxbd,2024-12-15 12:30,Lecce,Monza,2,1,1.867,1.892,1.92,1.91,6
2024-2025,https://www.oddsportal.com/football/h2h/lecce-G8lYsMgU/monza-4YSMlwj7/#vPQJsW7r,2025-02-16 15:00,Monza,Lecce,0,0,1.978,1.775,2.04,1.83,6
2024-2025,https://www.oddsportal.com/football/h2h/lecce-G8lYsMgU/napoli-69Dxbc61/#MJAmCTgU,2025-05-03 16:00,Lecce,Napoli,0,1,2.195,1.63,2.32,1.73,6
2024-2025,https://www.oddsportal.com/football/h2h/lecce-G8lYsMgU/napoli-69Dxbc61/#UuMqRJVb,2024-10-26 13:00,Napoli,Lecce,1,0,2.238,1.607,2.4,1.65,6
2024-2025,https://www.oddsportal.com/football/h2h/lecce-G8lYsMgU/parma-6DxlaxHN/#EB0Jrczn,2025-01-31 20:45,Parma,Lecce,1,3,1.733,2.032,1.78,2.05,6
2024-2025,https://www.oddsportal.com/football/h2h/lecce-G8lYsMgU/parma-6DxlaxHN/#O8QDoJsn,2024-09-21 18:45,Lecce,Parma,2,2,1.684,2.106,1.76,2.2,5
2024-2025,https://www.oddsportal.com/football/h2h/lecce-G8lYsMgU/torino-MZFZnvX4/#4WHcOkpL,2024-09-15 13:00,Torino,Lecce,0,0,2.06,1.716,2.18,1.75,5
2024-2025,https://www.oddsportal.com/football/h2h/lecce-G8lYsMgU/torino-MZFZnvX4/#E9aC2eLs,2025-05-18 18:45,Lecce,Torino,1,0,2.012,1.742,2.1,1.78,6
2024-2025,https://www.oddsportal.com/football/h2h/lecce-G8lYsMgU/udinese-rXw8YKDE/#WUqjkmPH,2024-10-05 13:00,Udinese,Lecce,1,0,1.938,1.816,2.02,1.87,5
2024-2025,https://www.oddsportal.com/football/h2h/lecce-G8lYsMgU/udinese-rXw8YKDE/#zFhRH3kC,2025-02-21 20:45,Lecce,Udinese,0,1,1.908,1.833,2.0,1.9,6
2024-2025,https://www.oddsportal.com/football/h2h/lecce-G8lYsMgU/venezia-MkPmVv50/#A3a1KBT0,2025-04-06 10:30,Lecce,Venezia,1,1,1.935,1.8,2.08,1.83,6
2024-2025,https://www.oddsportal.com/football/h2h/lecce-G8lYsMgU/venezia-MkPmVv50/#hjasAmxq,2024-11-25 20:45,Venezia,Lecce,0,1,1.888,1.875,1.94,1.91,6
2024-2025,https://www.oddsportal.com/football/h2h/lecce-G8lYsMgU/verona-rJVAIaHo/#4CLi9Djd,2024-10-29 18:30,Lecce,Verona,1,0,1.878,1.883,1.96,1.91,6
2024-2025,https://www.oddsportal.com/football/h2h/lecce-G8lYsMgU/verona-rJVAIaHo/#fXjduSNG,2025-05-11 13:00,Verona,Lecce,1,1,2.058,1.705,2.1,1.75,6
2024-2025,https://www.oddsportal.com/football/h2h/monza-4YSMlwj7/napoli-69Dxbc61/#URIfEw23,2025-04-19 16:00,Monza,Napoli,0,1,2.142,1.658,2.28,1.7,6
2024-2025,https://www.oddsportal.com/football/h2h/monza-4YSMlwj7/napoli-69Dxbc61/#WETw9DuA,2024-09-29 18:45,Napoli,Monza,2,0,2.19,1.636,2.25,1.67,5
2024-2025,https://www.oddsportal.com/football/h2h/monza-4YSMlwj7/parma-6DxlaxHN/#6P5xV3Wb,2024-12-28 15:00,Parma,Monza,2,1,1.658,2.125,1.72,2.15,6
2024-2025,https://www.oddsportal.com/football/h2h/monza-4YSMlwj7/parma-6DxlaxHN/#nBu60dLU,2025-03-15 15:00,Monza,Parma,1,1,1.7,2.072,1.74,2.1,6
2024-2025,https://www.oddsportal.com/football/h2h/monza-4YSMlwj7/torino-MZFZnvX4/#M3xASehA,2024-11-24 15:00,Torino,Monza,1,1,2.172,1.637,2.26,1.7,6
2024-2025,https://www.oddsportal.com/football/h2h/monza-4YSMlwj7/torino-MZFZnvX4/#rckAnFf3,2025-03-02 12:30,Monza,Torino,0,2,2.02,1.737,2.12,1.8,6
2024-2025,https://www.oddsportal.com/football/h2h/monza-4YSMlwj7/udinese-rXw8YKDE/#6VQfS7FO,2024-12-09 20:45,Monza,Udinese,1,2,2.043,1.717,2.14,1.75,6
2024-2025,https://www.oddsportal.com/football/h2h/monza-4YSMlwj7/udinese-rXw8YKDE/#jDPwh57M,2025-05-11 10:30,Udinese,Monza,1,2,1.827,1.915,1.94,1.95,6
2024-2025,https://www.oddsportal.com/football/h2h/monza-4YSMlwj7/venezia-MkPmVv50/#rBx0d5tI,2025-04-12 13:00,Venezia,Monza,1,0,1.868,1.86,1.95,1.95,6
2024-2025,https://www.oddsportal.com/football/h2h/monza-4YSMlwj7/venezia-MkPmVv50/#xY3xTu1n,2024-10-27 15:00,Monza,Venezia,2,2,1.803,1.932,1.9,2.0,6
2024-2025,https://www.oddsportal.com/football/h2h/monza-4YSMlwj7/verona-rJVAIaHo/#McP0d8Q7,2024-10-21 18:45,Verona,Monza,0,3,1.915,1.828,2.02,1.9,6
2024-2025,https://www.oddsportal.com/football/h2h/monza-4YSMlwj7/verona-rJVAIaHo/#Ork8ytTI,2025-02-01 15:00,Monza,Verona,0,1,1.853,1.915,1.94,1.95,6
2024-2025,https://www.oddsportal.com/football/h2h/napoli-69Dxbc61/parma-6DxlaxHN/#8j1SbDK6,2025-05-18 18:45,Parma,Napoli,0,0,2.008,1.757,2.1,1.85,6
2024-2025,https://www.oddsportal.com/football/h2h/napoli-69Dxbc61/parma-6DxlaxHN/#SjzlgqTj,2024-08-31 18:45,Napoli,Parma,2,1,1.74,2.044,1.8,2.1,5
2024-2025,https://www.oddsportal.com/football/h2h/napoli-69Dxbc61/torino-MZFZnvX4/#080PLtRQ,2025-04-27 18:45,Napoli,Torino,2,0,2.323,1.547,2.44,1.57,6
2024-2025,https://www.oddsportal.com/football/h2h/napoli-69Dxbc61/torino-MZFZnvX4/#fg2lLY1s,2024-12-01 15:00,Torino,Napoli,0,1,2.232,1.597,2.32,1.65,6
2024-2025,https://www.oddsportal.com/football/h2h/napoli-69Dxbc61/udinese-rXw8YKDE/#WAmveckS,2024-12-14 18:00,Udinese,Napoli,1,3,2.045,1.72,2.12,1.8,6
2024-2025,https://www.oddsportal.com/football/h2h/napoli-69Dxbc61/udinese-rXw8YKDE/#YkdukgbB,2025-02-09 20:45,Napoli,Udinese,1,1,2.148,1.648,2.24,1.7,6
2024-2025,https://www.oddsportal.com/football/h2h/napoli-69Dxbc61/venezia-MkPmVv50/#AcCTWP1n,2024-12-29 15:00,Napoli,Venezia,1,0,2.138,1.653,2.28,1.7,6
2024-2025,https://www.oddsportal.com/football/h2h/napoli-69Dxbc61/venezia-MkPmVv50/#EeUUb41N,2025-03-16 12:30,Venezia,Napoli,0,0,2.173,1.64,2.24,1.7,6
2024-2025,https://www.oddsportal.com/football/h2h/napoli-69Dxbc61/verona-rJVAIaHo/#6RvR2hEi,2024-08-18 16:30,Verona,Napoli,3,0,1.804,1.95,1.88,2.0,5
2024-2025,https://www.oddsportal.com/football/h2h/napoli-69Dxbc61/verona-rJVAIaHo/#lnMmoyvf,2025-01-12 20:45,Napoli,Verona,2,0,2.168,1.637,2.26,1.68,6
2024-2025,https://www.oddsportal.com/football/h2h/parma-6DxlaxHN/torino-MZFZnvX4/#4SNFku7C,2025-03-08 15:00,Parma,Torino,2,2,1.872,1.882,1.94,1.91,6
2024-2025,https://www.oddsportal.com/football/h2h/parma-6DxlaxHN/torino-MZFZnvX4/#W8pavTQ9,2025-01-05 18:00,Torino,Parma,0,0,1.808,1.937,1.88,1.95,6
2024-2025,https://www.oddsportal.com/football/h2h/parma-6DxlaxHN/udinese-rXw8YKDE/#WIJkQBF8,2024-09-16 16:30,Parma,Udinese,2,3,1.734,2.034,1.8,2.05,5
2024-2025,https://www.oddsportal.com/football/h2h/parma-6DxlaxHN/udinese-rXw8YKDE/#rLXdwBHk,2025-03-01 20:45,Udinese,Parma,1,0,1.722,2.047,1.76,2.1,6
2024-2025,https://www.oddsportal.com/football/h2h/parma-6DxlaxHN/venezia-MkPmVv50/#hO2h1JgB,2024-11-09 15:00,Venezia,Parma,1,2,1.488,2.517,1.54,2.55,6
2024-2025,https://www.oddsportal.com/football/h2h/parma-6DxlaxHN/venezia-MkPmVv50/#vHIM696U,2025-01-19 15:00,Parma,Venezia,1,1,1.643,2.163,1.68,2.25,6
2024-2025,https://www.oddsportal.com/football/h2h/parma-6DxlaxHN/verona-rJVAIaHo/#bckWdJKF,2024-12-15 15:00,Parma,Verona,2,3,1.642,2.16,1.7,2.2,6
2024-2025,https://www.oddsportal.com/football/h2h/parma-6DxlaxHN/verona-rJVAIaHo/#hnk4D3GG,2025-03-31 16:30,Verona,Parma,0,0,1.85,1.918,1.92,1.95,6
2024-2025,https://www.oddsportal.com/football/h2h/torino-MZFZnvX4/udinese-rXw8YKDE/#EXFt5ZOk,2025-04-23 16:30,Torino,Udinese,2,0,1.995,1.753,2.12,1.82,6
2024-2025,https://www.oddsportal.com/football/h2h/torino-MZFZnvX4/udinese-rXw8YKDE/#Ek9pTs1B,2024-12-29 12:30,Udinese,Torino,2,2,1.958,1.788,2.06,1.85,6
2024-2025,https://www.oddsportal.com/football/h2h/torino-MZFZnvX4/venezia-MkPmVv50/#EaryFQkA,2024-08-30 16:30,Venezia,Torino,0,1,1.862,1.902,1.92,1.95,5
2024-2025,https://www.oddsportal.com/football/h2h/torino-MZFZnvX4/venezia-MkPmVv50/#zNzNQS8N,2025-05-02 18:45,Torino,Venezia,1,1,1.863,1.9,1.94,1.93,6
2024-2025,https://www.oddsportal.com/football/h2h/torino-MZFZnvX4/verona-rJVAIaHo/#44gmVcc5,2024-09-20 18:45,Verona,Torino,2,3,2.104,1.68,2.2,1.7,5
2024-2025,https://www.oddsportal.com/football/h2h/torino-MZFZnvX4/verona-rJVAIaHo/#MNpyXlD6,2025-04-06 13:00,Torino,Verona,1,1,2.21,1.618,2.36,1.68,6
2024-2025,https://www.oddsportal.com/football/h2h/udinese-rXw8YKDE/venezia-MkPmVv50/#0b5fTYsS,2024-10-30 18:30,Venezia,Udinese,3,2,1.875,1.89,1.92,1.91,6
2024-2025,https://www.oddsportal.com/football/h2h/udinese-rXw8YKDE/venezia-MkPmVv50/#2oCZvFZA,2025-02-01 15:00,Udinese,Venezia,3,2,1.788,1.953,1.86,2.0,6
2024-2025,https://www.oddsportal.com/football/h2h/udinese-rXw8YKDE/verona-rJVAIaHo/#6VQM0QWA,2025-03-15 15:00,Udinese,Verona,0,1,2.048,1.71,2.12,1.78,6
2024-2025,https://www.oddsportal.com/football/h2h/udinese-rXw8YKDE/verona-rJVAIaHo/#zTBHRks4,2025-01-04 20:45,Verona,Udinese,0,0,1.852,1.898,1.95,2.0,6
2024-2025,https://www.oddsportal.com/football/h2h/venezia-MkPmVv50/verona-rJVAIaHo/#8SWavWAa,2024-10-04 18:45,Verona,Venezia,2,1,1.816,1.94,1.88,1.95,5
2024-2025,https://www.oddsportal.com/football/h2h/venezia-MkPmVv50/verona-rJVAIaHo/#naF5yLBL,2025-01-27 18:30,Venezia,Verona,1,1,1.647,2.16,1.7,2.25,6
2025-2026,https://www.oddsportal.com/football/h2h/ac-milan-8Sa8HInO/as-roma-zVqqL0ma/#K4Nt7kwP,2026-01-25 20:45,AS Roma,AC Milan,1,1,1.797,1.937,1.83,1.98,7
2025-2026,https://www.oddsportal.com/football/h2h/ac-milan-8Sa8HInO/as-roma-zVqqL0ma/#xzkPewcM,2025-11-02 20:45,AC Milan,AS Roma,1,0,1.992,1.737,2.05,1.8,6
2025-2026,https://www.oddsportal.com/football/h2h/ac-milan-8Sa8HInO/atalanta-8C9JjMXu/#fFwxWhIU,2025-10-28 20:45,Atalanta,AC Milan,1,1,1.647,2.13,1.68,2.2,6
2025-2026,https://www.oddsportal.com/football/h2h/ac-milan-8Sa8HInO/atalanta-8C9JjMXu/#n7B4o3KH,2026-05-10 18:45,AC Milan,Atalanta,2,3,1.674,2.077,1.7,2.15,7
2025-2026,https://www.oddsportal.com/football/h2h/ac-milan-8Sa8HInO/bologna-0M9xNN8N/#4GwJgMje,2025-09-14 18:45,AC Milan,Bologna,,,1.903,1.817,1.95,1.85,6
2025-2026,https://www.oddsportal.com/football/h2h/ac-milan-8Sa8HInO/bologna-0M9xNN8N/#nusOJSMU,2026-02-03 20:45,Bologna,AC Milan,,,1.791,1.924,1.82,1.95,7
2025-2026,https://www.oddsportal.com/football/h2h/ac-milan-8Sa8HInO/cagliari-SCGVmKHb/#hKQvL2qH,2026-01-02 20:45,Cagliari,AC Milan,0,1,2.116,1.659,2.2,1.78,7
2025-2026,https://www.oddsportal.com/football/h2h/ac-milan-8Sa8HInO/cagliari-SCGVmKHb/#zqzJHR0D,2026-05-24 18:45,AC Milan,Cagliari,1,2,2.263,1.574,2.5,1.65,7
2025-2026,https://www.oddsportal.com/football/h2h/ac-milan-8Sa8HInO/como-ttyLthOA/#AsUcWVnf,2026-01-15 20:45,Como,AC Milan,1,3,1.779,1.95,1.8,2.0,7
2025-2026,https://www.oddsportal.com/football/h2h/ac-milan-8Sa8HInO/como-ttyLthOA/#UaOruI4E,2026-02-18 20:45,AC Milan,Como,1,1,1.919,1.807,1.95,1.85,7
2025-2026,https://www.oddsportal.com/football/h2h/ac-milan-8Sa8HInO/cremonese-KUzfp5N3/#UL33PJum,2025-08-23 18:45,AC Milan,Cremonese,1,2,2.06,1.683,2.1,1.75,6
2025-2026,https://www.oddsportal.com/football/h2h/ac-milan-8Sa8HInO/cremonese-KUzfp5N3/#d6IBGyNk,2026-03-01 12:30,Cremonese,AC Milan,0,2,1.91,1.804,1.95,1.88,7
2025-2026,https://www.oddsportal.com/football/h2h/ac-milan-8Sa8HInO/fiorentina-Q3A3IbXH/#CvKy7oq2,2025-10-19 18:45,AC Milan,Fiorentina,2,1,1.972,1.768,2.0,1.85,6
2025-2026,https://www.oddsportal.com/football/h2h/ac-milan-8Sa8HInO/fiorentina-Q3A3IbXH/#phxiyziC,2026-01-11 15:00,Fiorentina,AC Milan,1,1,1.661,2.103,1.7,2.2,7
2025-2026,https://www.oddsportal.com/football/h2h/ac-milan-8Sa8HInO/genoa-d0PJxeie/#2c0LCuJG,2026-05-17 10:00,Genoa,AC Milan,1,2,2.013,1.727,2.1,1.85,7
2025-2026,https://www.oddsportal.com/football/h2h/ac-milan-8Sa8HInO/genoa-d0PJxeie/#AcQMX0pK,2026-01-08 20:45,AC Milan,Genoa,1,1,2.276,1.569,2.37,1.65,7
2025-2026,https://www.oddsportal.com/football/h2h/ac-milan-8Sa8HInO/inter-Iw7eKK25/#MTqqvixB,2026-03-08 20:45,AC Milan,Inter,1,0,1.684,2.073,1.72,2.1,7
2025-2026,https://www.oddsportal.com/football/h2h/ac-milan-8Sa8HInO/inter-Iw7eKK25/#b7zTY9j2,2025-11-23 20:45,Inter,AC Milan,0,1,1.832,1.915,1.91,1.95,6
2025-2026,https://www.oddsportal.com/football/h2h/ac-milan-8Sa8HInO/juventus-C06aJvIB/#IuDeMNmD,2025-10-05 18:45,Juventus,AC Milan,0,0,1.718,2.035,1.76,2.15,6
2025-2026,https://www.oddsportal.com/football/h2h/ac-milan-8Sa8HInO/juventus-C06aJvIB/#xWjqZDDc,2026-04-26 18:45,AC Milan,Juventus,0,0,1.731,2.009,1.77,2.1,7
2025-2026,https://www.oddsportal.com/football/h2h/ac-milan-8Sa8HInO/lazio-URcSl02h/#ED39bfVg,2025-11-29 20:45,AC Milan,Lazio,1,0,1.989,1.743,2.05,1.85,7
2025-2026,https://www.oddsportal.com/football/h2h/ac-milan-8Sa8HInO/lecce-G8lYsMgU/#jifz4PQF,2026-01-18 20:45,AC Milan,Lecce,1,0,2.467,1.497,2.52,1.58,7
2025-2026,https://www.oddsportal.com/football/h2h/ac-milan-8Sa8HInO/lecce-G8lYsMgU/#nsYVZRaM,2025-08-29 18:45,Lecce,AC Milan,0,2,2.053,1.693,2.1,1.75,6
2025-2026,https://www.oddsportal.com/football/h2h/ac-milan-8Sa8HInO/napoli-69Dxbc61/#b9eMZVoI,2026-04-06 18:45,Napoli,AC Milan,1,0,1.903,1.823,1.95,1.88,7
2025-2026,https://www.oddsportal.com/football/h2h/ac-milan-8Sa8HInO/napoli-69Dxbc61/#hh2XPpXj,2025-09-28 18:45,AC Milan,Napoli,2,1,1.853,1.897,1.91,1.95,6
2025-2026,https://www.oddsportal.com/football/h2h/ac-milan-8Sa8HInO/parma-6DxlaxHN/#2JmuJ6fm,2025-11-08 20:45,Parma,AC Milan,2,2,2.038,1.705,2.08,1.78,6
2025-2026,https://www.oddsportal.com/football/h2h/ac-milan-8Sa8HInO/parma-6DxlaxHN/#IaVq2x8d,2026-02-22 18:00,AC Milan,Parma,0,1,2.18,1.62,2.25,1.65,7
2025-2026,https://www.oddsportal.com/football/h2h/ac-milan-8Sa8HInO/pisa-roasMsOT/#dAEeg8PO,2026-02-13 20:45,Pisa,AC Milan,1,2,2.094,1.666,2.14,1.75,7
2025-2026,https://www.oddsportal.com/football/h2h/ac-milan-8Sa8HInO/pisa-roasMsOT/#zXTDu6kR,2025-10-24 18:45,AC Milan,Pisa,2,2,2.155,1.64,2.35,1.7,6
2025-2026,https://www.oddsportal.com/football/h2h/ac-milan-8Sa8HInO/sassuolo-QDdvI0zl/#2ewqx1JF,2025-12-14 12:30,AC Milan,Sassuolo,2,2,1.989,1.743,2.02,1.83,7
2025-2026,https://www.oddsportal.com/football/h2h/ac-milan-8Sa8HInO/sassuolo-QDdvI0zl/#URtGhaAm,2026-05-03 13:00,Sassuolo,AC Milan,2,0,1.669,2.081,1.7,2.2,7
2025-2026,https://www.oddsportal.com/football/h2h/ac-milan-8Sa8HInO/torino-MZFZnvX4/#bRlhWduQ,2026-03-21 18:00,AC Milan,Torino,3,2,2.133,1.65,2.2,1.73,7
2025-2026,https://www.oddsportal.com/football/h2h/ac-milan-8Sa8HInO/torino-MZFZnvX4/#pbVs92kT,2025-12-08 20:45,Torino,AC Milan,2,3,1.914,1.81,1.95,1.93,7
2025-2026,https://www.oddsportal.com/football/h2h/ac-milan-8Sa8HInO/udinese-rXw8YKDE/#YN1eljI8,2026-04-11 16:00,AC Milan,Udinese,0,3,1.97,1.763,2.05,1.85,7
2025-2026,https://www.oddsportal.com/football/h2h/ac-milan-8Sa8HInO/udinese-rXw8YKDE/#tvSIKkeB,2025-09-20 18:45,Udinese,AC Milan,0,3,1.718,2.025,1.75,2.1,6
2025-2026,https://www.oddsportal.com/football/h2h/ac-milan-8Sa8HInO/verona-rJVAIaHo/#EFbK9cpn,2026-04-19 13:00,Verona,AC Milan,0,1,2.009,1.734,2.06,1.83,7
2025-2026,https://www.oddsportal.com/football/h2h/ac-milan-8Sa8HInO/verona-rJVAIaHo/#OKAtC70n,2025-12-28 12:30,AC Milan,Verona,3,0,2.174,1.626,2.22,1.73,7
2025-2026,https://www.oddsportal.com/football/h2h/as-roma-zVqqL0ma/atalanta-8C9JjMXu/#Qecq8p9s,2026-04-18 18:45,AS Roma,Atalanta,1,1,1.669,2.074,1.7,2.15,7
2025-2026,https://www.oddsportal.com/football/h2h/as-roma-zVqqL0ma/atalanta-8C9JjMXu/#nNNWMOE4,2026-01-03 20:45,Atalanta,AS Roma,1,0,1.85,1.887,1.91,1.95,7
2025-2026,https://www.oddsportal.com/football/h2h/as-roma-zVqqL0ma/bologna-0M9xNN8N/#QmcCNcAa,2025-08-23 18:45,AS Roma,Bologna,1,0,1.887,1.832,1.95,1.9,6
2025-2026,https://www.oddsportal.com/football/h2h/as-roma-zVqqL0ma/bologna-0M9xNN8N/#tjI1MzUi,2026-04-25 16:00,Bologna,AS Roma,0,2,1.787,1.944,1.82,2.05,7
2025-2026,https://www.oddsportal.com/football/h2h/as-roma-zVqqL0ma/cagliari-SCGVmKHb/#QRHiwdZQ,2026-02-09 20:45,AS Roma,Cagliari,2,0,2.24,1.586,2.3,1.68,7
2025-2026,https://www.oddsportal.com/football/h2h/as-roma-zVqqL0ma/cagliari-SCGVmKHb/#Um0p076b,2025-12-07 15:00,Cagliari,AS Roma,1,0,2.125,1.662,2.2,1.8,6
2025-2026,https://www.oddsportal.com/football/h2h/as-roma-zVqqL0ma/como-ttyLthOA/#U5NNUIBk,2025-12-15 20:45,AS Roma,Como,1,0,1.897,1.831,1.95,1.93,7
2025-2026,https://www.oddsportal.com/football/h2h/as-roma-zVqqL0ma/como-ttyLthOA/#zX9Ihji4,2026-03-15 18:00,Como,AS Roma,2,1,2.083,1.673,2.1,1.7,7
2025-2026,https://www.oddsportal.com/football/h2h/as-roma-zVqqL0ma/cremonese-KUzfp5N3/#KhctrETF,2025-11-23 15:00,Cremonese,AS Roma,1,3,2.047,1.703,2.08,1.75,6
2025-2026,https://www.oddsportal.com/football/h2h/as-roma-zVqqL0ma/cremonese-KUzfp5N3/#Y7DWPu03,2026-02-22 20:45,AS Roma,Cremonese,3,0,2.111,1.659,2.26,1.75,7
2025-2026,https://www.oddsportal.com/football/h2h/as-roma-zVqqL0ma/fiorentina-Q3A3IbXH/#4I6uQ5ll,2025-10-05 13:00,Fiorentina,AS Roma,1,2,1.847,1.9,1.91,1.95,6
2025-2026,https://www.oddsportal.com/football/h2h/as-roma-zVqqL0ma/fiorentina-Q3A3IbXH/#pf5qbLnQ,2026-05-04 18:45,AS Roma,Fiorentina,4,0,1.897,1.824,1.95,1.95,7
2025-2026,https://www.oddsportal.com/football/h2h/as-roma-zVqqL0ma/genoa-d0PJxeie/#WOnIPiNH,2026-03-08 18:00,Genoa,AS Roma,2,1,2.104,1.66,2.16,1.73,7
2025-2026,https://www.oddsportal.com/football/h2h/as-roma-zVqqL0ma/genoa-d0PJxeie/#vH0563UN,2025-12-29 20:45,AS Roma,Genoa,3,1,2.139,1.641,2.22,1.73,7
2025-2026,https://www.oddsportal.com/football/h2h/as-roma-zVqqL0ma/inter-Iw7eKK25/#p6VnLWWO,2026-04-05 18:45,Inter,AS Roma,5,2,1.817,1.903,1.87,1.95,7
2025-2026,https://www.oddsportal.com/football/h2h/as-roma-zVqqL0ma/inter-Iw7eKK25/#prFVSS5L,2025-10-18 18:45,AS Roma,Inter,0,1,1.778,1.953,1.8,2.0,6
2025-2026,https://www.oddsportal.com/football/h2h/as-roma-zVqqL0ma/juventus-C06aJvIB/#M7hpVzxq,2026-03-01 20:45,AS Roma,Juventus,3,3,1.866,1.879,1.91,1.93,7
2025-2026,https://www.oddsportal.com/football/h2h/as-roma-zVqqL0ma/juventus-C06aJvIB/#OpfXpV1m,2025-12-20 20:45,Juventus,AS Roma,2,1,1.88,1.847,1.95,1.95,7
2025-2026,https://www.oddsportal.com/football/h2h/as-roma-zVqqL0ma/lazio-URcSl02h/#Sz2q6jtI,2025-09-21 10:30,Lazio,AS Roma,0,1,1.875,1.845,1.95,1.9,6
2025-2026,https://www.oddsportal.com/football/h2h/as-roma-zVqqL0ma/lazio-URcSl02h/#jH1dEhfL,2026-05-17 10:00,AS Roma,Lazio,2,0,1.967,1.759,2.0,1.85,7
2025-2026,https://www.oddsportal.com/football/h2h/as-roma-zVqqL0ma/lecce-G8lYsMgU/#GQwWOEXa,2026-03-22 18:00,AS Roma,Lecce,1,0,2.193,1.617,2.3,1.73,7
2025-2026,https://www.oddsportal.com/football/h2h/as-roma-zVqqL0ma/lecce-G8lYsMgU/#U1mzAchD,2026-01-06 18:00,Lecce,AS Roma,0,2,2.014,1.727,2.08,1.78,7
2025-2026,https://www.oddsportal.com/football/h2h/as-roma-zVqqL0ma/napoli-69Dxbc61/#8YBy2Tyn,2025-11-30 20:45,AS Roma,Napoli,0,1,2.15,1.634,2.2,1.7,7
2025-2026,https://www.oddsportal.com/football/h2h/as-roma-zVqqL0ma/napoli-69Dxbc61/#UcNvcjQa,2026-02-15 20:45,Napoli,AS Roma,2,2,2.171,1.623,2.2,1.68,7
2025-2026,https://www.oddsportal.com/football/h2h/as-roma-zVqqL0ma/parma-6DxlaxHN/#rTgM3pzn,2026-05-10 16:00,Parma,AS Roma,2,3,2.267,1.567,2.35,1.6,7
2025-2026,https://www.oddsportal.com/football/h2h/as-roma-zVqqL0ma/parma-6DxlaxHN/#xM9jsvrT,2025-10-29 18:30,AS Roma,Parma,2,1,2.222,1.597,2.28,1.68,6
2025-2026,https://www.oddsportal.com/football/h2h/as-roma-zVqqL0ma/pisa-roasMsOT/#QLtzs8Ar,2026-04-10 18:45,AS Roma,Pisa,3,0,2.024,1.723,2.1,1.78,7
2025-2026,https://www.oddsportal.com/football/h2h/as-roma-zVqqL0ma/pisa-roasMsOT/#WnFejmp3,2025-08-30 18:45,Pisa,AS Roma,0,1,1.957,1.768,2.0,1.85,6
2025-2026,https://www.oddsportal.com/football/h2h/as-roma-zVqqL0ma/sassuolo-QDdvI0zl/#WSbSzRdT,2026-01-10 18:00,AS Roma,Sassuolo,2,0,1.999,1.74,2.05,1.83,7
2025-2026,https://www.oddsportal.com/football/h2h/as-roma-zVqqL0ma/sassuolo-QDdvI0zl/#YRB0W1CD,2025-10-26 15:00,Sassuolo,AS Roma,0,1,1.93,1.793,1.96,1.88,6
2025-2026,https://www.oddsportal.com/football/h2h/as-roma-zVqqL0ma/torino-MZFZnvX4/#4fK9IOu9,2026-01-18 18:00,Torino,AS Roma,0,2,1.896,1.836,1.95,1.93,7
2025-2026,https://www.oddsportal.com/football/h2h/as-roma-zVqqL0ma/torino-MZFZnvX4/#hxKDF3DE,2025-09-14 10:30,AS Roma,Torino,0,1,2.062,1.693,2.1,1.75,6
2025-2026,https://www.oddsportal.com/football/h2h/as-roma-zVqqL0ma/udinese-rXw8YKDE/#WbudFOgC,2025-11-09 18:00,AS Roma,Udinese,2,0,2.078,1.688,2.12,1.73,6
2025-2026,https://www.oddsportal.com/football/h2h/as-roma-zVqqL0ma/udinese-rXw8YKDE/#roesNqqT,2026-02-02 20:45,Udinese,AS Roma,1,0,2.143,1.64,2.2,1.73,7
2025-2026,https://www.oddsportal.com/football/h2h/as-roma-zVqqL0ma/verona-rJVAIaHo/#U5ehWQF6,2026-05-24 18:45,Verona,AS Roma,0,2,2.186,1.61,2.2,1.65,7
2025-2026,https://www.oddsportal.com/football/h2h/as-roma-zVqqL0ma/verona-rJVAIaHo/#nDAaTJwq,2025-09-28 13:00,AS Roma,Verona,2,0,2.172,1.63,2.26,1.7,6
2025-2026,https://www.oddsportal.com/football/h2h/atalanta-8C9JjMXu/bologna-0M9xNN8N/#I9QHhKRp,2026-05-17 16:00,Atalanta,Bologna,0,1,1.589,2.254,1.62,2.4,7
2025-2026,https://www.oddsportal.com/football/h2h/atalanta-8C9JjMXu/bologna-0M9xNN8N/#Uw5mJ1VQ,2026-01-07 18:30,Bologna,Atalanta,0,2,1.753,1.989,1.8,2.05,7
2025-2026,https://www.oddsportal.com/football/h2h/atalanta-8C9JjMXu/cagliari-SCGVmKHb/#GvF1PNZ9,2025-12-13 20:45,Atalanta,Cagliari,2,1,2.044,1.703,2.1,1.83,7
2025-2026,https://www.oddsportal.com/football/h2h/atalanta-8C9JjMXu/cagliari-SCGVmKHb/#xIBAKEb4,2026-04-27 16:30,Cagliari,Atalanta,3,2,1.81,1.907,1.85,1.95,7
2025-2026,https://www.oddsportal.com/football/h2h/atalanta-8C9JjMXu/como-ttyLthOA/#CKR0XmdE,2025-10-04 18:45,Atalanta,Como,1,1,1.617,2.178,1.67,2.25,6
2025-2026,https://www.oddsportal.com/football/h2h/atalanta-8C9JjMXu/como-ttyLthOA/#SYCjEl0b,2026-02-01 15:00,Como,Atalanta,0,0,1.724,2.009,1.75,2.07,7
2025-2026,https://www.oddsportal.com/football/h2h/atalanta-8C9JjMXu/cremonese-KUzfp5N3/#ChaALpbe,2025-10-25 18:45,Cremonese,Atalanta,1,1,1.737,2.003,1.8,2.1,6
2025-2026,https://www.oddsportal.com/football/h2h/atalanta-8C9JjMXu/cremonese-KUzfp5N3/#EToDHN6j,2026-02-09 18:30,Atalanta,Cremonese,2,1,1.949,1.777,2.0,1.85,7
2025-2026,https://www.oddsportal.com/football/h2h/atalanta-8C9JjMXu/fiorentina-Q3A3IbXH/#dbz67UdR,2025-11-30 18:00,Atalanta,Fiorentina,2,0,1.793,1.933,1.83,2.05,7
2025-2026,https://www.oddsportal.com/football/h2h/atalanta-8C9JjMXu/fiorentina-Q3A3IbXH/#ln2VQVwR,2026-05-22 18:45,Fiorentina,Atalanta,1,1,1.481,2.497,1.5,2.55,7
2025-2026,https://www.oddsportal.com/football/h2h/atalanta-8C9JjMXu/genoa-d0PJxeie/#C6QESmnJ,2025-12-21 20:45,Genoa,Atalanta,0,1,1.903,1.824,1.95,1.95,7
2025-2026,https://www.oddsportal.com/football/h2h/atalanta-8C9JjMXu/genoa-d0PJxeie/#zmA6xmKk,2026-05-02 18:45,Atalanta,Genoa,0,0,1.777,1.947,1.83,2.05,7
2025-2026,https://www.oddsportal.com/football/h2h/atalanta-8C9JjMXu/inter-Iw7eKK25/#4C1Zl8jT,2026-03-14 15:00,Inter,Atalanta,1,1,1.666,2.081,1.71,2.2,7
2025-2026,https://www.oddsportal.com/football/h2h/atalanta-8C9JjMXu/inter-Iw7eKK25/#O6V7c8og,2025-12-28 20:45,Atalanta,Inter,0,1,1.624,2.169,1.67,2.3,7
2025-2026,https://www.oddsportal.com/football/h2h/atalanta-8C9JjMXu/juventus-C06aJvIB/#4UbUT0Fd,2026-04-11 18:45,Atalanta,Juventus,0,1,1.556,2.303,1.57,2.4,7
2025-2026,https://www.oddsportal.com/football/h2h/atalanta-8C9JjMXu/juventus-C06aJvIB/#SAIhXSvH,2025-09-27 16:00,Juventus,Atalanta,1,1,1.778,1.957,1.8,2.0,6
2025-2026,https://www.oddsportal.com/football/h2h/atalanta-8C9JjMXu/lazio-URcSl02h/#4hugdUUq,2025-10-19 16:00,Atalanta,Lazio,0,0,1.708,2.043,1.75,2.1,6
2025-2026,https://www.oddsportal.com/football/h2h/atalanta-8C9JjMXu/lazio-URcSl02h/#MXJWbCem,2026-02-14 18:00,Lazio,Atalanta,0,2,1.736,2.009,1.8,2.1,7
2025-2026,https://www.oddsportal.com/football/h2h/atalanta-8C9JjMXu/lecce-G8lYsMgU/#Iqmqsq7k,2025-09-14 13:00,Atalanta,Lecce,4,1,2.04,1.707,2.1,1.75,6
2025-2026,https://www.oddsportal.com/football/h2h/atalanta-8C9JjMXu/lecce-G8lYsMgU/#jqhEyhH5,2026-04-06 13:00,Lecce,Atalanta,0,3,1.879,1.841,1.95,1.95,7
2025-2026,https://www.oddsportal.com/football/h2h/atalanta-8C9JjMXu/napoli-69Dxbc61/#4GyN9T95,2026-02-22 15:00,Atalanta,Napoli,2,1,1.86,1.861,1.95,1.95,7
2025-2026,https://www.oddsportal.com/football/h2h/atalanta-8C9JjMXu/napoli-69Dxbc61/#nTGNfiDL,2025-11-22 20:45,Napoli,Atalanta,3,1,1.848,1.895,1.91,1.93,6
2025-2026,https://www.oddsportal.com/football/h2h/atalanta-8C9JjMXu/parma-6DxlaxHN/#dhalBtYr,2026-01-25 15:00,Atalanta,Parma,4,0,2.073,1.68,2.15,1.83,7
2025-2026,https://www.oddsportal.com/football/h2h/atalanta-8C9JjMXu/parma-6DxlaxHN/#vgS9Sqhd,2025-08-30 16:30,Parma,Atalanta,1,1,1.667,2.097,1.7,2.15,6
2025-2026,https://www.oddsportal.com/football/h2h/atalanta-8C9JjMXu/pisa-roasMsOT/#xlSNfLm2,2026-01-16 20:45,Pisa,Atalanta,1,1,1.873,1.86,1.91,1.95,7
2025-2026,https://www.oddsportal.com/football/h2h/atalanta-8C9JjMXu/pisa-roasMsOT/#zschYg7K,2025-08-24 18:45,Atalanta,Pisa,1,1,1.917,1.807,1.95,1.85,6
2025-2026,https://www.oddsportal.com/football/h2h/atalanta-8C9JjMXu/sassuolo-QDdvI0zl/#4AttlneD,2025-11-09 12:30,Atalanta,Sassuolo,0,3,1.775,1.95,1.8,2.0,6
2025-2026,https://www.oddsportal.com/football/h2h/atalanta-8C9JjMXu/sassuolo-QDdvI0zl/#IZogTE6e,2026-03-01 15:00,Sassuolo,Atalanta,2,1,1.673,2.089,1.7,2.15,7
2025-2026,https://www.oddsportal.com/football/h2h/atalanta-8C9JjMXu/torino-MZFZnvX4/#YDOAMBQb,2025-09-21 13:00,Torino,Atalanta,0,3,1.742,1.985,1.8,2.05,6
2025-2026,https://www.oddsportal.com/football/h2h/atalanta-8C9JjMXu/torino-MZFZnvX4/#t0uzuIim,2026-01-10 20:45,Atalanta,Torino,2,0,1.927,1.79,1.95,1.88,7
2025-2026,https://www.oddsportal.com/football/h2h/atalanta-8C9JjMXu/udinese-rXw8YKDE/#r5osOvnD,2026-03-07 18:00,Atalanta,Udinese,2,2,1.84,1.894,1.91,1.95,7
2025-2026,https://www.oddsportal.com/football/h2h/atalanta-8C9JjMXu/udinese-rXw8YKDE/#zVlPiUel,2025-11-01 15:00,Udinese,Atalanta,1,0,1.74,2.007,1.8,2.1,6
2025-2026,https://www.oddsportal.com/football/h2h/atalanta-8C9JjMXu/verona-rJVAIaHo/#dxa0Rq5c,2025-12-06 20:45,Verona,Atalanta,3,1,1.884,1.841,1.95,1.93,7
2025-2026,https://www.oddsportal.com/football/h2h/atalanta-8C9JjMXu/verona-rJVAIaHo/#lxuGcxZ0,2026-03-22 15:00,Atalanta,Verona,1,0,2.166,1.63,2.25,1.73,7
2025-2026,https://www.oddsportal.com/football/h2h/bologna-0M9xNN8N/cagliari-SCGVmKHb/#0KY1f8ad,2025-10-19 13:00,Cagliari,Bologna,0,2,1.907,1.818,1.95,1.88,6
2025-2026,https://www.oddsportal.com/football/h2h/bologna-0M9xNN8N/cagliari-SCGVmKHb/#rDDEzRl2,2026-05-03 10:30,Bologna,Cagliari,0,0,1.867,1.85,1.95,1.95,7
2025-2026,https://www.oddsportal.com/football/h2h/bologna-0M9xNN8N/como-ttyLthOA/#COJmNlGG,2025-08-30 16:30,Bologna,Como,1,0,1.877,1.843,1.95,1.9,6
2025-2026,https://www.oddsportal.com/football/h2h/bologna-0M9xNN8N/como-ttyLthOA/#lQrrwdMa,2026-01-10 15:00,Como,Bologna,1,1,1.89,1.836,1.95,1.9,7
2025-2026,https://www.oddsportal.com/football/h2h/bologna-0M9xNN8N/cremonese-KUzfp5N3/#ChXvNh2C,2026-04-05 13:00,Cremonese,Bologna,1,2,1.793,1.944,1.87,2.05,7
2025-2026,https://www.oddsportal.com/football/h2h/bologna-0M9xNN8N/cremonese-KUzfp5N3/#hULy28Kl,2025-12-01 20:45,Bologna,Cremonese,1,3,1.917,1.804,1.95,1.88,7
2025-2026,https://www.oddsportal.com/football/h2h/bologna-0M9xNN8N/fiorentina-Q3A3IbXH/#Y7mJJOS7,2025-10-26 18:00,Fiorentina,Bologna,2,2,1.99,1.742,2.02,1.78,6
2025-2026,https://www.oddsportal.com/football/h2h/bologna-0M9xNN8N/fiorentina-Q3A3IbXH/#pWO1kQBM,2026-01-18 15:00,Bologna,Fiorentina,1,2,1.657,2.113,1.73,2.2,7
2025-2026,https://www.oddsportal.com/football/h2h/bologna-0M9xNN8N/genoa-d0PJxeie/#4GepV1PE,2026-01-25 15:00,Genoa,Bologna,3,2,1.957,1.77,2.0,1.83,7
2025-2026,https://www.oddsportal.com/football/h2h/bologna-0M9xNN8N/genoa-d0PJxeie/#8QoAiiRO,2025-09-20 13:00,Bologna,Genoa,2,1,2.167,1.622,2.2,1.65,6
2025-2026,https://www.oddsportal.com/football/h2h/bologna-0M9xNN8N/inter-Iw7eKK25/#0QLz5lH7,2026-05-23 16:00,Bologna,Inter,3,3,1.573,2.264,1.62,2.45,7
2025-2026,https://www.oddsportal.com/football/h2h/bologna-0M9xNN8N/inter-Iw7eKK25/#AN9D6OoL,2026-01-04 20:45,Inter,Bologna,3,1,1.903,1.823,1.95,1.93,7
2025-2026,https://www.oddsportal.com/football/h2h/bologna-0M9xNN8N/juventus-C06aJvIB/#O4I9N14M,2025-12-14 20:45,Bologna,Juventus,0,1,1.759,1.986,1.8,2.05,7
2025-2026,https://www.oddsportal.com/football/h2h/bologna-0M9xNN8N/juventus-C06aJvIB/#zi0Igofl,2026-04-19 18:45,Juventus,Bologna,2,0,1.801,1.92,1.87,2.0,7
2025-2026,https://www.oddsportal.com/football/h2h/bologna-0M9xNN8N/lazio-URcSl02h/#82wXj3Tp,2025-12-07 18:00,Lazio,Bologna,1,1,1.734,2.007,1.78,2.05,7
2025-2026,https://www.oddsportal.com/football/h2h/bologna-0M9xNN8N/lazio-URcSl02h/#d2rOeG3D,2026-03-22 15:00,Bologna,Lazio,0,2,1.754,1.98,1.82,2.05,7
2025-2026,https://www.oddsportal.com/football/h2h/bologna-0M9xNN8N/lecce-G8lYsMgU/#6mrEyDY2,2026-04-12 16:00,Bologna,Lecce,2,0,1.89,1.861,1.94,1.93,7
2025-2026,https://www.oddsportal.com/football/h2h/bologna-0M9xNN8N/lecce-G8lYsMgU/#zyM0V69T,2025-09-28 16:00,Lecce,Bologna,2,2,2.143,1.642,2.2,1.73,6
2025-2026,https://www.oddsportal.com/football/h2h/bologna-0M9xNN8N/napoli-69Dxbc61/#SGJCqskU,2026-05-11 18:45,Napoli,Bologna,2,3,1.971,1.763,2.0,1.85,7
2025-2026,https://www.oddsportal.com/football/h2h/bologna-0M9xNN8N/napoli-69Dxbc61/#WGYRBkmK,2025-11-09 15:00,Bologna,Napoli,2,0,2.052,1.7,2.1,1.73,6
2025-2026,https://www.oddsportal.com/football/h2h/bologna-0M9xNN8N/parma-6DxlaxHN/#S8TauRbc,2026-02-08 12:30,Bologna,Parma,0,1,1.923,1.804,1.95,1.83,7
2025-2026,https://www.oddsportal.com/football/h2h/bologna-0M9xNN8N/parma-6DxlaxHN/#UXT3lekd,2025-11-02 18:00,Parma,Bologna,1,3,2.165,1.633,2.22,1.7,6
2025-2026,https://www.oddsportal.com/football/h2h/bologna-0M9xNN8N/pisa-roasMsOT/#Qy7EzcEL,2026-03-02 18:30,Pisa,Bologna,0,1,1.936,1.789,1.98,1.85,7
2025-2026,https://www.oddsportal.com/football/h2h/bologna-0M9xNN8N/pisa-roasMsOT/#pYP8VRQQ,2025-10-05 13:00,Bologna,Pisa,4,0,2.07,1.682,2.1,1.78,6
2025-2026,https://www.oddsportal.com/football/h2h/bologna-0M9xNN8N/sassuolo-QDdvI0zl/#WWYFenG5,2025-12-28 18:00,Bologna,Sassuolo,1,1,1.853,1.887,1.91,1.95,7
2025-2026,https://www.oddsportal.com/football/h2h/bologna-0M9xNN8N/sassuolo-QDdvI0zl/#bZM8375M,2026-03-15 15:00,Sassuolo,Bologna,0,1,1.689,2.061,1.7,2.15,7
2025-2026,https://www.oddsportal.com/football/h2h/bologna-0M9xNN8N/torino-MZFZnvX4/#pvJojd3n,2025-10-29 20:45,Bologna,Torino,0,0,1.978,1.757,2.02,1.85,6
2025-2026,https://www.oddsportal.com/football/h2h/bologna-0M9xNN8N/torino-MZFZnvX4/#zyp6DBAt,2026-02-15 18:00,Torino,Bologna,1,2,1.756,1.976,1.8,2.05,7
2025-2026,https://www.oddsportal.com/football/h2h/bologna-0M9xNN8N/udinese-rXw8YKDE/#YPlBomz8,2025-11-22 15:00,Udinese,Bologna,0,3,2.015,1.723,2.05,1.75,6
2025-2026,https://www.oddsportal.com/football/h2h/bologna-0M9xNN8N/udinese-rXw8YKDE/#xrkU77vI,2026-02-23 20:45,Bologna,Udinese,1,0,1.926,1.801,1.95,1.85,7
2025-2026,https://www.oddsportal.com/football/h2h/bologna-0M9xNN8N/verona-rJVAIaHo/#2isaaUGt,2026-01-15 18:30,Verona,Bologna,2,3,1.941,1.783,2.0,1.85,7
2025-2026,https://www.oddsportal.com/football/h2h/bologna-0M9xNN8N/verona-rJVAIaHo/#6H1hVegt,2026-03-08 15:00,Bologna,Verona,1,2,2.061,1.686,2.1,1.78,7
2025-2026,https://www.oddsportal.com/football/h2h/cagliari-SCGVmKHb/como-ttyLthOA/#SWk1TZNh,2026-03-07 15:00,Cagliari,Como,1,2,2.066,1.681,2.1,1.72,7
2025-2026,https://www.oddsportal.com/football/h2h/cagliari-SCGVmKHb/como-ttyLthOA/#lYEb6TAs,2025-11-08 15:00,Como,Cagliari,0,0,2.003,1.747,2.05,1.83,6
2025-2026,https://www.oddsportal.com/football/h2h/cagliari-SCGVmKHb/cremonese-KUzfp5N3/#Q9jJDugl,2026-01-08 18:30,Cremonese,Cagliari,2,2,2.076,1.677,2.1,1.73,7
2025-2026,https://www.oddsportal.com/football/h2h/cagliari-SCGVmKHb/cremonese-KUzfp5N3/#v1tMZj3F,2026-04-11 13:00,Cagliari,Cremonese,1,0,2.036,1.703,2.07,1.78,7
2025-2026,https://www.oddsportal.com/football/h2h/cagliari-SCGVmKHb/fiorentina-Q3A3IbXH/#OKIc7bX7,2026-01-24 18:00,Fiorentina,Cagliari,1,2,1.796,1.933,1.85,2.0,7
2025-2026,https://www.oddsportal.com/football/h2h/cagliari-SCGVmKHb/fiorentina-Q3A3IbXH/#fRwPSXUs,2025-08-24 16:30,Cagliari,Fiorentina,1,1,1.895,1.822,1.95,1.88,6
2025-2026,https://www.oddsportal.com/football/h2h/cagliari-SCGVmKHb/genoa-d0PJxeie/#GvaOIRzo,2026-01-12 18:30,Genoa,Cagliari,3,0,2.119,1.651,2.16,1.7,7
2025-2026,https://www.oddsportal.com/football/h2h/cagliari-SCGVmKHb/genoa-d0PJxeie/#OQ3Xqza3,2025-11-22 15:00,Cagliari,Genoa,3,3,2.318,1.555,2.38,1.6,6
2025-2026,https://www.oddsportal.com/football/h2h/cagliari-SCGVmKHb/inter-Iw7eKK25/#G6Joa7WQ,2026-04-17 18:45,Inter,Cagliari,3,0,2.037,1.707,2.15,1.78,7
2025-2026,https://www.oddsportal.com/football/h2h/cagliari-SCGVmKHb/inter-Iw7eKK25/#Yy7cD7mo,2025-09-27 18:45,Cagliari,Inter,0,2,1.94,1.785,2.0,1.88,6
2025-2026,https://www.oddsportal.com/football/h2h/cagliari-SCGVmKHb/juventus-C06aJvIB/#U30Yq4Zq,2026-01-17 20:45,Cagliari,Juventus,1,0,2.159,1.637,2.25,1.78,7
2025-2026,https://www.oddsportal.com/football/h2h/cagliari-SCGVmKHb/juventus-C06aJvIB/#lWJU5xwK,2025-11-29 18:00,Juventus,Cagliari,2,1,2.139,1.639,2.22,1.73,7
2025-2026,https://www.oddsportal.com/football/h2h/cagliari-SCGVmKHb/lazio-URcSl02h/#Wr72kaOj,2026-02-21 20:45,Cagliari,Lazio,0,0,2.059,1.696,2.14,1.75,7
2025-2026,https://www.oddsportal.com/football/h2h/cagliari-SCGVmKHb/lazio-URcSl02h/#pSWHcaS9,2025-11-03 20:45,Lazio,Cagliari,2,0,2.025,1.713,2.07,1.78,6
2025-2026,https://www.oddsportal.com/football/h2h/cagliari-SCGVmKHb/lecce-G8lYsMgU/#Iwx5pDtf,2026-02-16 20:45,Cagliari,Lecce,0,2,2.191,1.604,2.25,1.68,7
2025-2026,https://www.oddsportal.com/football/h2h/cagliari-SCGVmKHb/lecce-G8lYsMgU/#O2eh4UAU,2025-09-19 18:45,Lecce,Cagliari,1,2,2.048,1.688,2.1,1.73,6
2025-2026,https://www.oddsportal.com/football/h2h/cagliari-SCGVmKHb/napoli-69Dxbc61/#rRY0U5Nq,2025-08-30 18:45,Napoli,Cagliari,1,0,2.438,1.502,2.63,1.6,6
2025-2026,https://www.oddsportal.com/football/h2h/cagliari-SCGVmKHb/napoli-69Dxbc61/#xbLAJJeK,2026-03-20 18:30,Cagliari,Napoli,0,1,2.206,1.609,2.25,1.68,7
2025-2026,https://www.oddsportal.com/football/h2h/cagliari-SCGVmKHb/parma-6DxlaxHN/#Q9jiuNy2,2025-09-13 13:00,Cagliari,Parma,2,0,1.805,1.918,1.86,1.98,6
2025-2026,https://www.oddsportal.com/football/h2h/cagliari-SCGVmKHb/parma-6DxlaxHN/#pSb6xJq9,2026-02-27 20:45,Parma,Cagliari,1,1,1.997,1.729,2.06,1.77,7
2025-2026,https://www.oddsportal.com/football/h2h/cagliari-SCGVmKHb/pisa-roasMsOT/#27Ta5TzA,2026-03-15 15:00,Pisa,Cagliari,3,1,2.054,1.69,2.1,1.72,7
2025-2026,https://www.oddsportal.com/football/h2h/cagliari-SCGVmKHb/pisa-roasMsOT/#xUVkYiIs,2025-12-21 12:30,Cagliari,Pisa,2,2,2.009,1.733,2.05,1.78,7
2025-2026,https://www.oddsportal.com/football/h2h/cagliari-SCGVmKHb/sassuolo-QDdvI0zl/#6g7flzYb,2025-10-30 18:30,Cagliari,Sassuolo,1,2,1.85,1.897,1.91,1.93,6
2025-2026,https://www.oddsportal.com/football/h2h/cagliari-SCGVmKHb/sassuolo-QDdvI0zl/#AmPvhD1n,2026-04-04 13:00,Sassuolo,Cagliari,2,1,1.76,1.969,1.82,2.05,7
2025-2026,https://www.oddsportal.com/football/h2h/cagliari-SCGVmKHb/torino-MZFZnvX4/#YH84GNJi,2026-05-17 18:45,Cagliari,Torino,2,1,1.909,1.817,1.95,1.88,7
2025-2026,https://www.oddsportal.com/football/h2h/cagliari-SCGVmKHb/torino-MZFZnvX4/#b1sx1sho,2025-12-27 15:00,Torino,Cagliari,1,2,2.003,1.731,2.05,1.78,7
2025-2026,https://www.oddsportal.com/football/h2h/cagliari-SCGVmKHb/udinese-rXw8YKDE/#YJwXlH9C,2026-05-09 13:00,Cagliari,Udinese,0,2,1.814,1.906,1.86,1.95,7
2025-2026,https://www.oddsportal.com/football/h2h/cagliari-SCGVmKHb/udinese-rXw8YKDE/#dn0NzN26,2025-10-05 10:30,Udinese,Cagliari,1,1,1.912,1.808,1.95,1.88,6
2025-2026,https://www.oddsportal.com/football/h2h/cagliari-SCGVmKHb/verona-rJVAIaHo/#GlATZzJ5,2025-10-26 15:00,Verona,Cagliari,2,2,2.025,1.723,2.08,1.78,6
2025-2026,https://www.oddsportal.com/football/h2h/cagliari-SCGVmKHb/verona-rJVAIaHo/#MyArGAVo,2026-01-31 20:45,Cagliari,Verona,4,0,2.021,1.713,2.08,1.78,7
2025-2026,https://www.oddsportal.com/football/h2h/como-ttyLthOA/cremonese-KUzfp5N3/#bVQyyBuh,2025-09-27 13:00,Como,Cremonese,1,1,2.022,1.717,2.07,1.78,6
2025-2026,https://www.oddsportal.com/football/h2h/como-ttyLthOA/cremonese-KUzfp5N3/#tMbNSi9E,2026-05-24 18:45,Cremonese,Como,1,4,1.8,1.913,1.83,1.95,7
2025-2026,https://www.oddsportal.com/football/h2h/como-ttyLthOA/fiorentina-Q3A3IbXH/#beAS9Ytg,2025-09-21 16:00,Fiorentina,Como,1,2,1.715,2.028,1.75,2.05,6
2025-2026,https://www.oddsportal.com/football/h2h/como-ttyLthOA/fiorentina-Q3A3IbXH/#jizDriB6,2026-02-14 15:00,Como,Fiorentina,1,2,1.634,2.161,1.68,2.2,7
2025-2026,https://www.oddsportal.com/football/h2h/como-ttyLthOA/genoa-d0PJxeie/#juIQGWcT,2026-04-26 13:00,Genoa,Como,0,2,2.074,1.68,2.1,1.75,7
2025-2026,https://www.oddsportal.com/football/h2h/como-ttyLthOA/genoa-d0PJxeie/#tIYw3QT8,2025-09-15 18:45,Como,Genoa,1,1,2.067,1.688,2.1,1.75,6
2025-2026,https://www.oddsportal.com/football/h2h/como-ttyLthOA/inter-Iw7eKK25/#CWi1dP5N,2025-12-06 18:00,Inter,Como,4,0,1.74,1.997,1.8,2.1,7
2025-2026,https://www.oddsportal.com/football/h2h/como-ttyLthOA/inter-Iw7eKK25/#zTZUXUXR,2026-04-12 18:45,Como,Inter,3,4,1.65,2.114,1.68,2.2,7
2025-2026,https://www.oddsportal.com/football/h2h/como-ttyLthOA/juventus-C06aJvIB/#Q1j59KFM,2026-02-21 15:00,Juventus,Como,0,2,1.783,1.951,1.8,2.0,7
2025-2026,https://www.oddsportal.com/football/h2h/como-ttyLthOA/juventus-C06aJvIB/#hELmIBi3,2025-10-19 10:30,Como,Juventus,2,0,1.772,1.96,1.8,2.05,6
2025-2026,https://www.oddsportal.com/football/h2h/como-ttyLthOA/lazio-URcSl02h/#IwdS5od3,2026-01-19 20:45,Lazio,Como,0,3,2.029,1.704,2.06,1.75,7
2025-2026,https://www.oddsportal.com/football/h2h/como-ttyLthOA/lazio-URcSl02h/#SvxXQBaf,2025-08-24 16:30,Como,Lazio,2,0,1.667,2.1,1.7,2.2,6
2025-2026,https://www.oddsportal.com/football/h2h/como-ttyLthOA/lecce-G8lYsMgU/#QNRuMcaS,2026-02-28 15:00,Como,Lecce,3,1,2.154,1.631,2.25,1.67,7
2025-2026,https://www.oddsportal.com/football/h2h/como-ttyLthOA/lecce-G8lYsMgU/#pfuWi4FU,2025-12-27 15:00,Lecce,Como,0,3,2.069,1.687,2.1,1.75,7
2025-2026,https://www.oddsportal.com/football/h2h/como-ttyLthOA/napoli-69Dxbc61/#M7QejHKq,2025-11-01 18:00,Napoli,Como,0,0,1.877,1.855,1.95,1.93,6
2025-2026,https://www.oddsportal.com/football/h2h/como-ttyLthOA/napoli-69Dxbc61/#O8j1bUt9,2026-05-02 16:00,Como,Napoli,0,0,1.846,1.893,1.91,1.95,7
2025-2026,https://www.oddsportal.com/football/h2h/como-ttyLthOA/parma-6DxlaxHN/#6V6CE1l4,2026-05-17 10:00,Como,Parma,1,0,2.291,1.561,2.4,1.6,7
2025-2026,https://www.oddsportal.com/football/h2h/como-ttyLthOA/parma-6DxlaxHN/#SU8hYNs1,2025-10-25 13:00,Parma,Como,0,0,2.005,1.733,2.05,1.83,6
2025-2026,https://www.oddsportal.com/football/h2h/como-ttyLthOA/pisa-roasMsOT/#8tCtEcJs,2026-03-22 12:30,Como,Pisa,5,0,2.04,1.704,2.1,1.8,7
2025-2026,https://www.oddsportal.com/football/h2h/como-ttyLthOA/pisa-roasMsOT/#lC39Od76,2026-01-06 15:00,Pisa,Como,0,3,1.95,1.774,1.98,1.8,7
2025-2026,https://www.oddsportal.com/football/h2h/como-ttyLthOA/sassuolo-QDdvI0zl/#YL0i6Owf,2026-04-17 16:30,Sassuolo,Como,2,1,1.744,1.986,1.77,2.0,7
2025-2026,https://www.oddsportal.com/football/h2h/como-ttyLthOA/sassuolo-QDdvI0zl/#bsix0nk1,2025-11-28 20:45,Como,Sassuolo,2,0,1.757,1.976,1.82,2.05,7
2025-2026,https://www.oddsportal.com/football/h2h/como-ttyLthOA/torino-MZFZnvX4/#CA02m95e,2025-11-24 18:30,Torino,Como,1,5,1.976,1.75,2.0,1.8,7
2025-2026,https://www.oddsportal.com/football/h2h/como-ttyLthOA/torino-MZFZnvX4/#GfFk9K2e,2026-01-24 15:00,Como,Torino,6,0,1.923,1.803,1.98,1.87,7
2025-2026,https://www.oddsportal.com/football/h2h/como-ttyLthOA/udinese-rXw8YKDE/#C8wD2fTk,2026-01-03 12:30,Como,Udinese,1,0,1.973,1.751,2.0,1.78,7
2025-2026,https://www.oddsportal.com/football/h2h/como-ttyLthOA/udinese-rXw8YKDE/#UkutjiWb,2026-04-06 10:30,Udinese,Como,0,0,1.959,1.769,1.98,1.8,7
2025-2026,https://www.oddsportal.com/football/h2h/como-ttyLthOA/verona-rJVAIaHo/#EJA2nE2B,2025-10-29 18:30,Como,Verona,3,1,1.993,1.755,2.06,1.83,6
2025-2026,https://www.oddsportal.com/football/h2h/como-ttyLthOA/verona-rJVAIaHo/#nLjw02ZA,2026-05-10 10:30,Verona,Como,0,1,2.127,1.649,2.25,1.7,7
2025-2026,https://www.oddsportal.com/football/h2h/cremonese-KUzfp5N3/fiorentina-Q3A3IbXH/#KYtL0Yc2,2026-01-04 15:00,Fiorentina,Cremonese,1,0,1.813,1.933,1.91,2.05,7
2025-2026,https://www.oddsportal.com/football/h2h/cremonese-KUzfp5N3/fiorentina-Q3A3IbXH/#rcDQjULG,2026-03-16 20:45,Cremonese,Fiorentina,1,4,1.903,1.824,1.95,1.93,7
2025-2026,https://www.oddsportal.com/football/h2h/cremonese-KUzfp5N3/genoa-d0PJxeie/#8I3BphXN,2025-10-29 20:45,Genoa,Cremonese,0,2,2.027,1.713,2.05,1.78,6
2025-2026,https://www.oddsportal.com/football/h2h/cremonese-KUzfp5N3/genoa-d0PJxeie/#AgjEtVuJ,2026-02-15 15:00,Cremonese,Genoa,0,0,2.029,1.709,2.08,1.75,7
2025-2026,https://www.oddsportal.com/football/h2h/cremonese-KUzfp5N3/inter-Iw7eKK25/#dQOnOqJ0,2025-10-04 16:00,Inter,Cremonese,4,1,2.508,1.473,2.63,1.55,6
2025-2026,https://www.oddsportal.com/football/h2h/cremonese-KUzfp5N3/inter-Iw7eKK25/#ll1aCSUA,2026-02-01 18:00,Cremonese,Inter,0,2,2.191,1.609,2.25,1.68,7
2025-2026,https://www.oddsportal.com/football/h2h/cremonese-KUzfp5N3/juventus-C06aJvIB/#2m7Bv9c4,2026-01-12 20:45,Juventus,Cremonese,5,0,2.186,1.611,2.25,1.68,7
2025-2026,https://www.oddsportal.com/football/h2h/cremonese-KUzfp5N3/juventus-C06aJvIB/#d6jNyI5j,2025-11-01 20:45,Cremonese,Juventus,1,2,1.903,1.822,1.95,1.88,6
2025-2026,https://www.oddsportal.com/football/h2h/cremonese-KUzfp5N3/lazio-URcSl02h/#KCmtq9Wa,2025-12-20 18:00,Lazio,Cremonese,0,0,2.023,1.719,2.05,1.78,7
2025-2026,https://www.oddsportal.com/football/h2h/cremonese-KUzfp5N3/lazio-URcSl02h/#f9SXuMQs,2026-05-04 16:30,Cremonese,Lazio,1,2,1.901,1.821,1.95,1.88,7
2025-2026,https://www.oddsportal.com/football/h2h/cremonese-KUzfp5N3/lecce-G8lYsMgU/#0EeztD7b,2026-03-08 12:30,Lecce,Cremonese,2,1,1.933,1.793,2.0,1.85,7
2025-2026,https://www.oddsportal.com/football/h2h/cremonese-KUzfp5N3/lecce-G8lYsMgU/#G4bhboyB,2025-12-07 12:30,Cremonese,Lecce,2,0,1.889,1.831,1.95,1.91,7
2025-2026,https://www.oddsportal.com/football/h2h/cremonese-KUzfp5N3/napoli-69Dxbc61/#CtsOgQpI,2025-12-28 15:00,Cremonese,Napoli,0,2,2.154,1.636,2.2,1.73,7
2025-2026,https://www.oddsportal.com/football/h2h/cremonese-KUzfp5N3/napoli-69Dxbc61/#Uo5hVVCM,2026-04-24 18:45,Napoli,Cremonese,4,0,2.3,1.567,2.38,1.7,7
2025-2026,https://www.oddsportal.com/football/h2h/cremonese-KUzfp5N3/parma-6DxlaxHN/#CvCKBfCt,2025-09-21 13:00,Cremonese,Parma,0,0,1.73,2.01,1.76,2.05,6
2025-2026,https://www.oddsportal.com/football/h2h/cremonese-KUzfp5N3/parma-6DxlaxHN/#raQOQz3m,2026-03-21 15:00,Parma,Cremonese,0,2,1.804,1.914,1.84,1.95,7
2025-2026,https://www.oddsportal.com/football/h2h/cremonese-KUzfp5N3/pisa-roasMsOT/#6XyumevP,2026-05-10 13:00,Cremonese,Pisa,3,0,1.863,1.871,1.91,1.95,7
2025-2026,https://www.oddsportal.com/football/h2h/cremonese-KUzfp5N3/pisa-roasMsOT/#boslHpPa,2025-11-07 20:45,Pisa,Cremonese,1,0,2.003,1.737,2.05,1.83,6
2025-2026,https://www.oddsportal.com/football/h2h/cremonese-KUzfp5N3/sassuolo-QDdvI0zl/#6NCdLSpT,2025-08-29 16:30,Cremonese,Sassuolo,3,2,1.8,1.913,1.83,1.95,6
2025-2026,https://www.oddsportal.com/football/h2h/cremonese-KUzfp5N3/sassuolo-QDdvI0zl/#AT2jRhOt,2026-01-25 12:30,Sassuolo,Cremonese,1,0,1.957,1.771,2.0,1.85,7
2025-2026,https://www.oddsportal.com/football/h2h/cremonese-KUzfp5N3/torino-MZFZnvX4/#8tGw1T1E,2026-04-19 10:30,Cremonese,Torino,0,0,1.789,1.939,1.84,1.98,7
2025-2026,https://www.oddsportal.com/football/h2h/cremonese-KUzfp5N3/torino-MZFZnvX4/#jLBWSdt2,2025-12-13 15:00,Torino,Cremonese,1,0,1.751,1.987,1.78,2.1,7
2025-2026,https://www.oddsportal.com/football/h2h/cremonese-KUzfp5N3/udinese-rXw8YKDE/#CGykGkMF,2025-10-20 18:45,Cremonese,Udinese,1,1,1.88,1.85,1.95,1.93,6
2025-2026,https://www.oddsportal.com/football/h2h/cremonese-KUzfp5N3/udinese-rXw8YKDE/#h0IS6Ane,2026-05-17 18:45,Udinese,Cremonese,0,1,1.843,1.897,1.91,1.95,7
2025-2026,https://www.oddsportal.com/football/h2h/cremonese-KUzfp5N3/verona-rJVAIaHo/#2VDurr4d,2026-01-19 18:30,Cremonese,Verona,0,0,1.849,1.886,1.91,1.95,7
2025-2026,https://www.oddsportal.com/football/h2h/cremonese-KUzfp5N3/verona-rJVAIaHo/#4YlgeZRa,2025-09-15 16:30,Verona,Cremonese,0,0,1.91,1.802,1.95,1.85,6
2025-2026,https://www.oddsportal.com/football/h2h/fiorentina-Q3A3IbXH/genoa-d0PJxeie/#A1Gui7jt,2026-05-10 13:00,Fiorentina,Genoa,0,0,1.799,1.926,1.83,2.0,7
2025-2026,https://www.oddsportal.com/football/h2h/fiorentina-Q3A3IbXH/genoa-d0PJxeie/#MoD647uf,2025-11-09 15:00,Genoa,Fiorentina,2,2,2.168,1.625,2.2,1.68,6
2025-2026,https://www.oddsportal.com/football/h2h/fiorentina-Q3A3IbXH/inter-Iw7eKK25/#2u5kCylf,2026-03-22 20:45,Fiorentina,Inter,1,1,1.696,2.047,1.73,2.15,7
2025-2026,https://www.oddsportal.com/football/h2h/fiorentina-Q3A3IbXH/inter-Iw7eKK25/#4lksuWfo,2025-10-29 20:45,Inter,Fiorentina,3,0,1.783,1.953,1.8,2.05,6
2025-2026,https://www.oddsportal.com/football/h2h/fiorentina-Q3A3IbXH/juventus-C06aJvIB/#CjxLzWLk,2025-11-22 18:00,Fiorentina,Juventus,1,1,1.908,1.82,1.95,1.85,6
2025-2026,https://www.oddsportal.com/football/h2h/fiorentina-Q3A3IbXH/juventus-C06aJvIB/#SrG1hBX1,2026-05-17 10:00,Juventus,Fiorentina,0,2,1.917,1.811,1.98,1.91,7
2025-2026,https://www.oddsportal.com/football/h2h/fiorentina-Q3A3IbXH/lazio-URcSl02h/#6BQ0S8ek,2026-04-13 18:45,Fiorentina,Lazio,1,0,1.81,1.929,1.91,2.0,7
2025-2026,https://www.oddsportal.com/football/h2h/fiorentina-Q3A3IbXH/lazio-URcSl02h/#MypSBJN0,2026-01-07 20:45,Lazio,Fiorentina,2,2,1.921,1.804,1.95,1.85,7
2025-2026,https://www.oddsportal.com/football/h2h/fiorentina-Q3A3IbXH/lecce-G8lYsMgU/#84bQiPO0,2026-04-20 18:45,Lecce,Fiorentina,1,1,1.914,1.801,1.95,1.88,7
2025-2026,https://www.oddsportal.com/football/h2h/fiorentina-Q3A3IbXH/lecce-G8lYsMgU/#l0w9aLcc,2025-11-02 15:00,Fiorentina,Lecce,0,1,2.032,1.712,2.05,1.78,6
2025-2026,https://www.oddsportal.com/football/h2h/fiorentina-Q3A3IbXH/napoli-69Dxbc61/#EVWo14bL,2025-09-13 18:45,Fiorentina,Napoli,1,3,1.918,1.8,1.96,1.87,6
2025-2026,https://www.oddsportal.com/football/h2h/fiorentina-Q3A3IbXH/napoli-69Dxbc61/#Gbov5pNp,2026-01-31 18:00,Napoli,Fiorentina,2,1,1.913,1.809,1.95,1.88,7
2025-2026,https://www.oddsportal.com/football/h2h/fiorentina-Q3A3IbXH/parma-6DxlaxHN/#WpElAoVb,2025-12-27 12:30,Parma,Fiorentina,1,0,1.761,1.966,1.8,2.0,7
2025-2026,https://www.oddsportal.com/football/h2h/fiorentina-Q3A3IbXH/parma-6DxlaxHN/#zcg9RDh5,2026-03-08 15:00,Fiorentina,Parma,0,0,1.861,1.88,1.91,1.91,7
2025-2026,https://www.oddsportal.com/football/h2h/fiorentina-Q3A3IbXH/pisa-roasMsOT/#OxflD2Gc,2026-02-23 18:30,Fiorentina,Pisa,1,0,1.859,1.857,1.95,1.95,7
2025-2026,https://www.oddsportal.com/football/h2h/fiorentina-Q3A3IbXH/pisa-roasMsOT/#tErSoSgA,2025-09-28 13:00,Pisa,Fiorentina,0,0,1.803,1.917,1.84,1.95,6
2025-2026,https://www.oddsportal.com/football/h2h/fiorentina-Q3A3IbXH/sassuolo-QDdvI0zl/#UPTHIhTG,2026-04-26 10:30,Fiorentina,Sassuolo,0,0,1.651,2.121,1.68,2.2,7
2025-2026,https://www.oddsportal.com/football/h2h/fiorentina-Q3A3IbXH/sassuolo-QDdvI0zl/#xYRZAOKG,2025-12-06 15:00,Sassuolo,Fiorentina,3,1,1.766,1.963,1.8,2.05,7
2025-2026,https://www.oddsportal.com/football/h2h/fiorentina-Q3A3IbXH/torino-MZFZnvX4/#0MR7w5T9,2026-02-07 20:45,Fiorentina,Torino,2,2,1.76,1.969,1.84,2.05,7
2025-2026,https://www.oddsportal.com/football/h2h/fiorentina-Q3A3IbXH/torino-MZFZnvX4/#SE84lREF,2025-08-31 16:30,Torino,Fiorentina,0,0,1.853,1.885,1.91,1.91,6
2025-2026,https://www.oddsportal.com/football/h2h/fiorentina-Q3A3IbXH/udinese-rXw8YKDE/#69N6U9H6,2025-12-21 18:00,Fiorentina,Udinese,5,1,1.896,1.829,1.95,1.93,7
2025-2026,https://www.oddsportal.com/football/h2h/fiorentina-Q3A3IbXH/udinese-rXw8YKDE/#8OEoZ4fE,2026-03-02 20:45,Udinese,Fiorentina,3,0,1.787,1.931,1.82,2.0,7
2025-2026,https://www.oddsportal.com/football/h2h/fiorentina-Q3A3IbXH/verona-rJVAIaHo/#8xftIuSq,2025-12-14 15:00,Fiorentina,Verona,1,2,2.013,1.716,2.05,1.78,7
2025-2026,https://www.oddsportal.com/football/h2h/fiorentina-Q3A3IbXH/verona-rJVAIaHo/#xGrllV0B,2026-04-04 16:00,Verona,Fiorentina,0,1,1.999,1.737,2.05,1.83,7
2025-2026,https://www.oddsportal.com/football/h2h/genoa-d0PJxeie/inter-Iw7eKK25/#G2clGJdd,2025-12-14 18:00,Genoa,Inter,1,2,2.12,1.657,2.2,1.78,7
2025-2026,https://www.oddsportal.com/football/h2h/genoa-d0PJxeie/inter-Iw7eKK25/#IL6KEFi2,2026-02-28 20:45,Inter,Genoa,2,0,2.086,1.67,2.15,1.78,7
2025-2026,https://www.oddsportal.com/football/h2h/genoa-d0PJxeie/juventus-C06aJvIB/#2gbSF68j,2025-08-31 16:30,Genoa,Juventus,0,1,2.302,1.555,2.38,1.6,6
2025-2026,https://www.oddsportal.com/football/h2h/genoa-d0PJxeie/juventus-C06aJvIB/#OW0cuzIt,2026-04-06 16:00,Juventus,Genoa,2,0,1.907,1.824,1.95,1.91,7
2025-2026,https://www.oddsportal.com/football/h2h/genoa-d0PJxeie/lazio-URcSl02h/#6eUqZlA4,2025-09-29 18:45,Genoa,Lazio,0,3,2.072,1.685,2.1,1.73,6
2025-2026,https://www.oddsportal.com/football/h2h/genoa-d0PJxeie/lazio-URcSl02h/#dE47A6aN,2026-01-30 20:45,Lazio,Genoa,3,2,2.171,1.626,2.2,1.7,7
2025-2026,https://www.oddsportal.com/football/h2h/genoa-d0PJxeie/lecce-G8lYsMgU/#O6VuPkU6,2025-08-23 16:30,Genoa,Lecce,0,0,2.178,1.61,2.25,1.7,6
2025-2026,https://www.oddsportal.com/football/h2h/genoa-d0PJxeie/lecce-G8lYsMgU/#vHtAJmW0,2026-05-24 18:45,Lecce,Genoa,1,0,2.234,1.587,2.25,1.63,7
2025-2026,https://www.oddsportal.com/football/h2h/genoa-d0PJxeie/napoli-69Dxbc61/#4WoEv53s,2025-10-05 16:00,Napoli,Genoa,2,1,2.377,1.527,2.48,1.6,6
2025-2026,https://www.oddsportal.com/football/h2h/genoa-d0PJxeie/napoli-69Dxbc61/#fNqtLdDr,2026-02-07 18:00,Genoa,Napoli,2,3,2.207,1.611,2.35,1.68,7
2025-2026,https://www.oddsportal.com/football/h2h/genoa-d0PJxeie/parma-6DxlaxHN/#GYwFdsJk,2026-01-18 12:30,Parma,Genoa,0,0,2.014,1.723,2.05,1.77,7
2025-2026,https://www.oddsportal.com/football/h2h/genoa-d0PJxeie/parma-6DxlaxHN/#KtucETjS,2025-10-19 13:00,Genoa,Parma,0,0,2.102,1.658,2.14,1.7,6
2025-2026,https://www.oddsportal.com/football/h2h/genoa-d0PJxeie/pisa-roasMsOT/#tOLCD6oK,2026-04-19 16:00,Pisa,Genoa,1,2,2.016,1.716,2.05,1.78,7
2025-2026,https://www.oddsportal.com/football/h2h/genoa-d0PJxeie/pisa-roasMsOT/#xAB58pH8,2026-01-03 15:00,Genoa,Pisa,1,1,2.111,1.656,2.16,1.7,7
2025-2026,https://www.oddsportal.com/football/h2h/genoa-d0PJxeie/sassuolo-QDdvI0zl/#SQE9QnQ1,2026-04-12 10:30,Genoa,Sassuolo,2,1,1.75,1.98,1.8,2.1,7
2025-2026,https://www.oddsportal.com/football/h2h/genoa-d0PJxeie/sassuolo-QDdvI0zl/#ptCjCbs3,2025-11-03 18:30,Sassuolo,Genoa,1,2,2.098,1.668,2.12,1.7,6
2025-2026,https://www.oddsportal.com/football/h2h/genoa-d0PJxeie/torino-MZFZnvX4/#CdDCwJJt,2025-10-26 12:30,Torino,Genoa,2,1,2.143,1.643,2.2,1.7,6
2025-2026,https://www.oddsportal.com/football/h2h/genoa-d0PJxeie/torino-MZFZnvX4/#K4mcBtoA,2026-02-22 12:30,Genoa,Torino,3,0,1.96,1.767,2.0,1.83,7
2025-2026,https://www.oddsportal.com/football/h2h/genoa-d0PJxeie/udinese-rXw8YKDE/#4rCE3tDj,2025-12-08 18:00,Udinese,Genoa,1,2,2.196,1.607,2.25,1.68,7
2025-2026,https://www.oddsportal.com/football/h2h/genoa-d0PJxeie/udinese-rXw8YKDE/#zg3cAFI6,2026-03-20 20:45,Genoa,Udinese,0,2,1.999,1.724,2.05,1.78,7
2025-2026,https://www.oddsportal.com/football/h2h/genoa-d0PJxeie/verona-rJVAIaHo/#2L8YJSk3,2026-03-15 12:30,Verona,Genoa,0,2,2.157,1.636,2.2,1.7,7
2025-2026,https://www.oddsportal.com/football/h2h/genoa-d0PJxeie/verona-rJVAIaHo/#67fpbQJD,2025-11-29 15:00,Genoa,Verona,2,1,2.326,1.539,2.38,1.6,7
2025-2026,https://www.oddsportal.com/football/h2h/inter-Iw7eKK25/juventus-C06aJvIB/#djzBerMr,2025-09-13 16:00,Juventus,Inter,4,3,1.837,1.895,1.91,1.95,6
2025-2026,https://www.oddsportal.com/football/h2h/inter-Iw7eKK25/juventus-C06aJvIB/#x0r04YXP,2026-02-14 20:45,Inter,Juventus,3,2,1.771,1.954,1.8,2.0,7
2025-2026,https://www.oddsportal.com/football/h2h/inter-Iw7eKK25/lazio-URcSl02h/#ID6F2oA6,2025-11-09 20:45,Inter,Lazio,2,0,2.173,1.625,2.25,1.73,6
2025-2026,https://www.oddsportal.com/football/h2h/inter-Iw7eKK25/lazio-URcSl02h/#IRJmkoLh,2026-05-09 16:00,Lazio,Inter,0,3,1.721,2.023,1.75,2.1,7
2025-2026,https://www.oddsportal.com/football/h2h/inter-Iw7eKK25/lecce-G8lYsMgU/#AZRy4bwp,2026-02-21 18:00,Lecce,Inter,0,2,2.046,1.706,2.2,1.78,7
2025-2026,https://www.oddsportal.com/football/h2h/inter-Iw7eKK25/lecce-G8lYsMgU/#h231jivQ,2026-01-14 20:45,Inter,Lecce,1,0,2.386,1.521,2.47,1.6,7
2025-2026,https://www.oddsportal.com/football/h2h/inter-Iw7eKK25/napoli-69Dxbc61/#W2FqzpDl,2025-10-25 16:00,Napoli,Inter,3,1,1.707,2.048,1.75,2.1,6
2025-2026,https://www.oddsportal.com/football/h2h/inter-Iw7eKK25/napoli-69Dxbc61/#fN33tVSi,2026-01-11 20:45,Inter,Napoli,2,2,2.031,1.706,2.08,1.78,7
2025-2026,https://www.oddsportal.com/football/h2h/inter-Iw7eKK25/parma-6DxlaxHN/#Gb51QIxf,2026-01-07 20:45,Parma,Inter,0,2,1.964,1.767,2.0,1.8,7
2025-2026,https://www.oddsportal.com/football/h2h/inter-Iw7eKK25/parma-6DxlaxHN/#jyMtv0ef,2026-05-03 18:45,Inter,Parma,2,0,2.047,1.703,2.15,1.75,7
2025-2026,https://www.oddsportal.com/football/h2h/inter-Iw7eKK25/pisa-roasMsOT/#AFNHCg9m,2026-01-23 20:45,Inter,Pisa,6,2,1.99,1.759,2.45,1.88,7
2025-2026,https://www.oddsportal.com/football/h2h/inter-Iw7eKK25/pisa-roasMsOT/#rgeQfCUI,2025-11-30 15:00,Pisa,Inter,0,2,1.999,1.726,2.05,1.78,7
2025-2026,https://www.oddsportal.com/football/h2h/inter-Iw7eKK25/sassuolo-QDdvI0zl/#Mc3NXZdl,2026-02-08 18:00,Sassuolo,Inter,0,5,1.893,1.841,1.92,1.91,7
2025-2026,https://www.oddsportal.com/football/h2h/inter-Iw7eKK25/sassuolo-QDdvI0zl/#fN3y8CB5,2025-09-21 18:45,Inter,Sassuolo,2,1,1.832,1.902,1.91,1.93,6
2025-2026,https://www.oddsportal.com/football/h2h/inter-Iw7eKK25/torino-MZFZnvX4/#GEmmNTbJ,2025-08-25 18:45,Inter,Torino,5,0,1.917,1.803,1.95,1.85,6
2025-2026,https://www.oddsportal.com/football/h2h/inter-Iw7eKK25/torino-MZFZnvX4/#MqpXNm5d,2026-04-26 16:00,Torino,Inter,2,2,1.837,1.903,1.91,2.0,7
2025-2026,https://www.oddsportal.com/football/h2h/inter-Iw7eKK25/udinese-rXw8YKDE/#0MDIG2AL,2026-01-17 15:00,Udinese,Inter,0,1,1.929,1.791,2.0,1.88,7
2025-2026,https://www.oddsportal.com/football/h2h/inter-Iw7eKK25/udinese-rXw8YKDE/#I1tFwA0c,2025-08-31 18:45,Inter,Udinese,1,2,1.977,1.75,2.05,1.8,6
2025-2026,https://www.oddsportal.com/football/h2h/inter-Iw7eKK25/verona-rJVAIaHo/#6TRhfX2k,2026-05-17 13:00,Inter,Verona,1,1,1.966,1.764,2.05,1.85,7
2025-2026,https://www.oddsportal.com/football/h2h/inter-Iw7eKK25/verona-rJVAIaHo/#rehXk8Q0,2025-11-02 12:30,Verona,Inter,1,2,2.043,1.708,2.1,1.78,6
2025-2026,https://www.oddsportal.com/football/h2h/juventus-C06aJvIB/lazio-URcSl02h/#2mmlJzre,2026-02-08 20:45,Juventus,Lazio,2,2,2.284,1.564,2.42,1.68,7
2025-2026,https://www.oddsportal.com/football/h2h/juventus-C06aJvIB/lazio-URcSl02h/#v5z5sSKE,2025-10-26 20:45,Lazio,Juventus,1,0,1.863,1.892,1.91,1.95,6
2025-2026,https://www.oddsportal.com/football/h2h/juventus-C06aJvIB/lecce-G8lYsMgU/#vgSy129r,2026-01-03 18:00,Juventus,Lecce,1,1,2.603,1.447,2.7,1.55,7
2025-2026,https://www.oddsportal.com/football/h2h/juventus-C06aJvIB/lecce-G8lYsMgU/#vs8dmPk5,2026-05-09 18:45,Lecce,Juventus,0,1,2.181,1.619,2.25,1.66,7
2025-2026,https://www.oddsportal.com/football/h2h/juventus-C06aJvIB/napoli-69Dxbc61/#OALJE6Li,2025-12-07 20:45,Napoli,Juventus,2,1,2.136,1.639,2.2,1.75,7
2025-2026,https://www.oddsportal.com/football/h2h/juventus-C06aJvIB/napoli-69Dxbc61/#jPVPAXw0,2026-01-25 18:00,Juventus,Napoli,3,0,2.087,1.669,2.14,1.73,7
2025-2026,https://www.oddsportal.com/football/h2h/juventus-C06aJvIB/parma-6DxlaxHN/#8hYPSmFi,2026-02-01 20:45,Parma,Juventus,1,4,2.264,1.566,2.32,1.6,7
2025-2026,https://www.oddsportal.com/football/h2h/juventus-C06aJvIB/parma-6DxlaxHN/#bwDXUuIP,2025-08-24 18:45,Juventus,Parma,2,0,2.213,1.598,2.26,1.68,6
2025-2026,https://www.oddsportal.com/football/h2h/juventus-C06aJvIB/pisa-roasMsOT/#4xoQNViU,2026-03-07 20:45,Juventus,Pisa,4,0,2.266,1.567,2.35,1.65,7
2025-2026,https://www.oddsportal.com/football/h2h/juventus-C06aJvIB/pisa-roasMsOT/#h02c8PaB,2025-12-27 20:45,Pisa,Juventus,0,2,2.174,1.627,2.22,1.73,7
2025-2026,https://www.oddsportal.com/football/h2h/juventus-C06aJvIB/sassuolo-QDdvI0zl/#WKd68gmJ,2026-03-21 20:45,Juventus,Sassuolo,1,1,1.923,1.806,1.98,1.93,7
2025-2026,https://www.oddsportal.com/football/h2h/juventus-C06aJvIB/sassuolo-QDdvI0zl/#pvcIMzxJ,2026-01-06 20:45,Sassuolo,Juventus,0,3,1.924,1.799,1.98,1.88,7
2025-2026,https://www.oddsportal.com/football/h2h/juventus-C06aJvIB/torino-MZFZnvX4/#QwAN0PvJ,2025-11-08 18:00,Juventus,Torino,0,0,1.977,1.758,2.0,1.83,6
2025-2026,https://www.oddsportal.com/football/h2h/juventus-C06aJvIB/torino-MZFZnvX4/#Yw2qYnof,2026-05-24 18:45,Torino,Juventus,2,2,1.709,2.024,1.75,2.1,7
2025-2026,https://www.oddsportal.com/football/h2h/juventus-C06aJvIB/udinese-rXw8YKDE/#MPJRnrEi,2025-10-29 18:30,Juventus,Udinese,3,1,1.938,1.803,2.0,1.93,6
2025-2026,https://www.oddsportal.com/football/h2h/juventus-C06aJvIB/udinese-rXw8YKDE/#zFGndPcd,2026-03-14 20:45,Udinese,Juventus,0,1,1.899,1.829,1.95,1.93,7
2025-2026,https://www.oddsportal.com/football/h2h/juventus-C06aJvIB/verona-rJVAIaHo/#OlKlxvQ6,2026-05-03 16:00,Juventus,Verona,1,1,2.341,1.536,2.42,1.6,7
2025-2026,https://www.oddsportal.com/football/h2h/juventus-C06aJvIB/verona-rJVAIaHo/#x6LRITPN,2025-09-20 16:00,Verona,Juventus,1,1,2.025,1.717,2.08,1.8,6
2025-2026,https://www.oddsportal.com/football/h2h/lazio-URcSl02h/lecce-G8lYsMgU/#EFIFdDr9,2025-11-23 18:00,Lazio,Lecce,2,0,2.265,1.567,2.34,1.6,6
2025-2026,https://www.oddsportal.com/football/h2h/lazio-URcSl02h/lecce-G8lYsMgU/#OxUX8B8C,2026-01-24 20:45,Lecce,Lazio,0,0,2.376,1.527,2.5,1.6,7
2025-2026,https://www.oddsportal.com/football/h2h/lazio-URcSl02h/napoli-69Dxbc61/#EHTQk3gD,2026-04-18 16:00,Napoli,Lazio,0,2,2.079,1.681,2.16,1.78,7
2025-2026,https://www.oddsportal.com/football/h2h/lazio-URcSl02h/napoli-69Dxbc61/#nJVqatve,2026-01-04 12:30,Lazio,Napoli,0,2,2.056,1.691,2.12,1.78,7
2025-2026,https://www.oddsportal.com/football/h2h/lazio-URcSl02h/parma-6DxlaxHN/#UT35wEng,2026-04-04 18:45,Lazio,Parma,1,1,2.016,1.721,2.05,1.78,7
2025-2026,https://www.oddsportal.com/football/h2h/lazio-URcSl02h/parma-6DxlaxHN/#bNWizulS,2025-12-13 18:00,Parma,Lazio,0,1,1.936,1.789,1.98,1.88,7
2025-2026,https://www.oddsportal.com/football/h2h/lazio-URcSl02h/pisa-roasMsOT/#63r2L91l,2026-05-23 18:45,Lazio,Pisa,2,1,1.856,1.876,1.91,2.0,7
2025-2026,https://www.oddsportal.com/football/h2h/lazio-URcSl02h/pisa-roasMsOT/#j5Brq0DG,2025-10-30 20:45,Pisa,Lazio,0,0,1.98,1.752,2.0,1.78,6
2025-2026,https://www.oddsportal.com/football/h2h/lazio-URcSl02h/sassuolo-QDdvI0zl/#WKjocecm,2025-09-14 16:00,Sassuolo,Lazio,1,0,1.763,1.965,1.8,2.05,6
2025-2026,https://www.oddsportal.com/football/h2h/lazio-URcSl02h/sassuolo-QDdvI0zl/#hlhSsZxn,2026-03-09 20:45,Lazio,Sassuolo,2,1,1.793,1.929,1.84,2.0,7
2025-2026,https://www.oddsportal.com/football/h2h/lazio-URcSl02h/torino-MZFZnvX4/#Qak1Rhy8,2026-03-01 18:00,Torino,Lazio,2,0,2.034,1.7,2.1,1.78,7
2025-2026,https://www.oddsportal.com/football/h2h/lazio-URcSl02h/torino-MZFZnvX4/#pn5spRuK,2025-10-04 13:00,Lazio,Torino,3,3,1.853,1.895,1.91,1.95,6
2025-2026,https://www.oddsportal.com/football/h2h/lazio-URcSl02h/udinese-rXw8YKDE/#MN8dBALj,2026-04-27 18:45,Lazio,Udinese,3,3,2.301,3.094,2.4,3.15,8
2025-2026,https://www.oddsportal.com/football/h2h/lazio-URcSl02h/udinese-rXw8YKDE/#jeUNOpph,2025-12-27 18:00,Udinese,Lazio,1,1,2.149,1.634,2.2,1.68,7
2025-2026,https://www.oddsportal.com/football/h2h/lazio-URcSl02h/verona-rJVAIaHo/#QRqNylV9,2025-08-31 18:45,Lazio,Verona,4,0,2.098,1.658,2.15,1.73,6
2025-2026,https://www.oddsportal.com/football/h2h/lazio-URcSl02h/verona-rJVAIaHo/#tvSpg8Cc,2026-01-11 18:00,Verona,Lazio,0,1,2.189,1.607,2.25,1.68,7
2025-2026,https://www.oddsportal.com/football/h2h/lecce-G8lYsMgU/napoli-69Dxbc61/#UgVi7k6c,2026-03-14 18:00,Napoli,Lecce,2,1,2.317,1.546,2.4,1.6,7
2025-2026,https://www.oddsportal.com/football/h2h/lecce-G8lYsMgU/napoli-69Dxbc61/#UkNZpMr4,2025-10-28 18:30,Lecce,Napoli,0,1,2.175,1.63,2.2,1.7,6
2025-2026,https://www.oddsportal.com/football/h2h/lecce-G8lYsMgU/parma-6DxlaxHN/#O2eKxmSG,2026-01-11 12:30,Lecce,Parma,1,2,2.03,1.709,2.05,1.75,7
2025-2026,https://www.oddsportal.com/football/h2h/lecce-G8lYsMgU/parma-6DxlaxHN/#xppMxqYg,2025-10-04 13:00,Parma,Lecce,0,1,1.98,1.753,2.0,1.83,6
2025-2026,https://www.oddsportal.com/football/h2h/lecce-G8lYsMgU/pisa-roasMsOT/#KGDczIfJ,2026-05-01 18:45,Pisa,Lecce,1,2,2.081,1.674,2.1,1.73,7
2025-2026,https://www.oddsportal.com/football/h2h/lecce-G8lYsMgU/pisa-roasMsOT/#UsuyvNl3,2025-12-12 20:45,Lecce,Pisa,1,0,2.171,1.626,2.2,1.7,7
2025-2026,https://www.oddsportal.com/football/h2h/lecce-G8lYsMgU/sassuolo-QDdvI0zl/#4EGT87Ek,2025-10-18 13:00,Lecce,Sassuolo,0,0,1.868,1.85,1.95,1.93,6
2025-2026,https://www.oddsportal.com/football/h2h/lecce-G8lYsMgU/sassuolo-QDdvI0zl/#nmmS8WHr,2026-05-17 18:45,Sassuolo,Lecce,2,3,1.759,1.976,1.8,2.05,7
2025-2026,https://www.oddsportal.com/football/h2h/lecce-G8lYsMgU/torino-MZFZnvX4/#KEA00G0s,2025-11-30 12:30,Lecce,Torino,2,1,2.061,1.694,2.1,1.73,7
2025-2026,https://www.oddsportal.com/football/h2h/lecce-G8lYsMgU/torino-MZFZnvX4/#MV6YO5EG,2026-02-01 12:30,Torino,Lecce,1,0,2.079,1.674,2.1,1.73,7
2025-2026,https://www.oddsportal.com/football/h2h/lecce-G8lYsMgU/udinese-rXw8YKDE/#KMGKyclg,2025-10-25 13:00,Udinese,Lecce,3,2,1.955,1.773,2.0,1.88,6
2025-2026,https://www.oddsportal.com/football/h2h/lecce-G8lYsMgU/udinese-rXw8YKDE/#O2ycHEC7,2026-02-08 15:00,Lecce,Udinese,2,1,2.221,1.597,2.3,1.65,7
2025-2026,https://www.oddsportal.com/football/h2h/lecce-G8lYsMgU/verona-rJVAIaHo/#6ZnAOSWP,2025-11-08 15:00,Lecce,Verona,0,0,2.17,1.627,2.25,1.7,6
2025-2026,https://www.oddsportal.com/football/h2h/lecce-G8lYsMgU/verona-rJVAIaHo/#ljxJoic3,2026-04-25 18:45,Verona,Lecce,0,0,2.159,1.631,2.2,1.68,7
2025-2026,https://www.oddsportal.com/football/h2h/napoli-69Dxbc61/parma-6DxlaxHN/#Uke4nUnL,2026-04-12 13:00,Parma,Napoli,1,1,2.436,1.51,2.5,1.55,7
2025-2026,https://www.oddsportal.com/football/h2h/napoli-69Dxbc61/parma-6DxlaxHN/#hQolsm1C,2026-01-14 18:30,Napoli,Parma,0,0,2.394,1.524,2.5,1.57,7
2025-2026,https://www.oddsportal.com/football/h2h/napoli-69Dxbc61/pisa-roasMsOT/#Cbz2OXen,2025-09-22 18:45,Napoli,Pisa,3,2,2.472,1.492,2.6,1.55,6
2025-2026,https://www.oddsportal.com/football/h2h/napoli-69Dxbc61/pisa-roasMsOT/#fk8mGEP8,2026-05-17 10:00,Pisa,Napoli,0,3,2.179,1.619,2.25,1.68,7
2025-2026,https://www.oddsportal.com/football/h2h/napoli-69Dxbc61/sassuolo-QDdvI0zl/#b1eKLyuC,2025-08-23 16:30,Sassuolo,Napoli,0,2,1.902,1.825,1.95,1.9,6
2025-2026,https://www.oddsportal.com/football/h2h/napoli-69Dxbc61/sassuolo-QDdvI0zl/#nJmq23eS,2026-01-17 18:00,Napoli,Sassuolo,1,0,2.286,1.57,2.38,1.7,7
2025-2026,https://www.oddsportal.com/football/h2h/napoli-69Dxbc61/torino-MZFZnvX4/#4Se2N6Tr,2025-10-18 16:00,Torino,Napoli,1,0,2.042,1.705,2.1,1.78,6
2025-2026,https://www.oddsportal.com/football/h2h/napoli-69Dxbc61/torino-MZFZnvX4/#UgmixV6N,2026-03-06 20:45,Napoli,Torino,2,1,2.119,1.66,2.2,1.78,7
2025-2026,https://www.oddsportal.com/football/h2h/napoli-69Dxbc61/udinese-rXw8YKDE/#2kS4uVhK,2026-05-24 16:00,Napoli,Udinese,1,0,1.82,1.897,1.85,1.95,7
2025-2026,https://www.oddsportal.com/football/h2h/napoli-69Dxbc61/udinese-rXw8YKDE/#rTDHj0Y8,2025-12-14 15:00,Udinese,Napoli,1,0,2.03,1.71,2.05,1.78,7
2025-2026,https://www.oddsportal.com/football/h2h/napoli-69Dxbc61/verona-rJVAIaHo/#KWBhSv8s,2026-01-07 18:30,Napoli,Verona,2,2,2.484,1.486,2.55,1.55,7
2025-2026,https://www.oddsportal.com/football/h2h/napoli-69Dxbc61/verona-rJVAIaHo/#fuDgXrPQ,2026-02-28 18:00,Verona,Napoli,1,2,2.294,1.557,2.38,1.65,7
2025-2026,https://www.oddsportal.com/football/h2h/parma-6DxlaxHN/pisa-roasMsOT/#0UeOP9zp,2026-04-25 13:00,Parma,Pisa,1,0,2.007,1.726,2.06,1.75,7
2025-2026,https://www.oddsportal.com/football/h2h/parma-6DxlaxHN/pisa-roasMsOT/#GIwRCpj4,2025-12-08 15:00,Pisa,Parma,0,1,1.826,1.896,1.88,1.95,7
2025-2026,https://www.oddsportal.com/football/h2h/parma-6DxlaxHN/sassuolo-QDdvI0zl/#8YJhcK87,2026-01-03 15:00,Sassuolo,Parma,1,1,1.816,1.909,1.85,1.95,7
2025-2026,https://www.oddsportal.com/football/h2h/parma-6DxlaxHN/sassuolo-QDdvI0zl/#nN3yz9Gs,2026-05-24 13:00,Parma,Sassuolo,1,0,1.55,2.303,1.57,2.4,7
2025-2026,https://www.oddsportal.com/football/h2h/parma-6DxlaxHN/torino-MZFZnvX4/#EaSwboTq,2026-03-13 20:45,Torino,Parma,4,1,1.929,1.789,1.96,1.83,7
2025-2026,https://www.oddsportal.com/football/h2h/parma-6DxlaxHN/torino-MZFZnvX4/#pnkJmlPc,2025-09-29 16:30,Parma,Torino,2,1,1.942,1.785,2.0,1.85,6
2025-2026,https://www.oddsportal.com/football/h2h/parma-6DxlaxHN/udinese-rXw8YKDE/#0Yi82twJ,2026-04-18 13:00,Udinese,Parma,0,1,2.074,1.679,2.12,1.73,7
2025-2026,https://www.oddsportal.com/football/h2h/parma-6DxlaxHN/udinese-rXw8YKDE/#nR1HdYa6,2025-11-29 15:00,Parma,Udinese,0,2,1.803,1.917,1.85,1.98,7
2025-2026,https://www.oddsportal.com/football/h2h/parma-6DxlaxHN/verona-rJVAIaHo/#0Wtc9jSE,2025-11-23 12:30,Verona,Parma,1,2,1.975,1.753,2.02,1.8,6
2025-2026,https://www.oddsportal.com/football/h2h/parma-6DxlaxHN/verona-rJVAIaHo/#OdGmeUfC,2026-02-15 15:00,Parma,Verona,2,1,2.089,1.667,2.12,1.72,7
2025-2026,https://www.oddsportal.com/football/h2h/pisa-roasMsOT/sassuolo-QDdvI0zl/#6DcfkVzq,2025-11-24 20:45,Sassuolo,Pisa,2,2,1.951,1.777,1.98,1.8,7
2025-2026,https://www.oddsportal.com/football/h2h/pisa-roasMsOT/sassuolo-QDdvI0zl/#E53QQRq4,2026-01-31 15:00,Pisa,Sassuolo,1,3,1.883,1.834,1.95,1.93,7
2025-2026,https://www.oddsportal.com/football/h2h/pisa-roasMsOT/torino-MZFZnvX4/#IgAbAxCF,2025-11-02 15:00,Torino,Pisa,2,2,2.09,1.668,2.12,1.75,6
2025-2026,https://www.oddsportal.com/football/h2h/pisa-roasMsOT/torino-MZFZnvX4/#fykVX9GU,2026-04-05 16:00,Pisa,Torino,0,1,1.901,1.824,1.95,1.88,7
2025-2026,https://www.oddsportal.com/football/h2h/pisa-roasMsOT/udinese-rXw8YKDE/#QVRRi0L7,2025-09-14 13:00,Pisa,Udinese,0,1,1.972,1.755,2.0,1.82,6
2025-2026,https://www.oddsportal.com/football/h2h/pisa-roasMsOT/udinese-rXw8YKDE/#lpuaV4Kj,2026-01-10 15:00,Udinese,Pisa,2,2,1.991,1.743,2.05,1.83,7
2025-2026,https://www.oddsportal.com/football/h2h/pisa-roasMsOT/verona-rJVAIaHo/#CUGNUly9,2025-10-18 13:00,Pisa,Verona,0,0,2.04,1.71,2.1,1.78,6
2025-2026,https://www.oddsportal.com/football/h2h/pisa-roasMsOT/verona-rJVAIaHo/#IPdWVDR0,2026-02-06 20:45,Verona,Pisa,0,0,1.96,1.763,2.0,1.82,7
2025-2026,https://www.oddsportal.com/football/h2h/sassuolo-QDdvI0zl/torino-MZFZnvX4/#CS1kuRVO,2025-12-21 15:00,Sassuolo,Torino,0,1,1.829,1.91,1.91,2.0,7
2025-2026,https://www.oddsportal.com/football/h2h/sassuolo-QDdvI0zl/torino-MZFZnvX4/#vemV1O4b,2026-05-08 18:45,Torino,Sassuolo,2,1,1.659,2.114,1.68,2.15,7
2025-2026,https://www.oddsportal.com/football/h2h/sassuolo-QDdvI0zl/udinese-rXw8YKDE/#8Sb8Rc8e,2025-09-28 10:30,Sassuolo,Udinese,3,1,1.845,1.902,1.91,1.95,6
2025-2026,https://www.oddsportal.com/football/h2h/sassuolo-QDdvI0zl/udinese-rXw8YKDE/#r1mEBkug,2026-02-15 12:30,Udinese,Sassuolo,1,2,1.814,1.907,1.88,1.95,7
2025-2026,https://www.oddsportal.com/football/h2h/sassuolo-QDdvI0zl/verona-rJVAIaHo/#4C3VY0XI,2025-10-03 18:45,Verona,Sassuolo,0,1,1.903,1.82,1.95,1.88,6
2025-2026,https://www.oddsportal.com/football/h2h/sassuolo-QDdvI0zl/verona-rJVAIaHo/#6LBvOJUF,2026-02-20 20:45,Sassuolo,Verona,3,0,1.994,1.734,2.08,1.83,7
2025-2026,https://www.oddsportal.com/football/h2h/torino-MZFZnvX4/udinese-rXw8YKDE/#dS33pvUP,2026-01-07 20:45,Torino,Udinese,1,2,1.94,1.787,1.98,1.85,7
2025-2026,https://www.oddsportal.com/football/h2h/torino-MZFZnvX4/udinese-rXw8YKDE/#xhpOjwu0,2026-05-02 13:00,Udinese,Torino,2,0,1.857,1.859,1.95,1.95,7
2025-2026,https://www.oddsportal.com/football/h2h/torino-MZFZnvX4/verona-rJVAIaHo/#Mmzqunue,2026-04-11 13:00,Torino,Verona,2,1,2.086,1.677,2.1,1.73,7
2025-2026,https://www.oddsportal.com/football/h2h/torino-MZFZnvX4/verona-rJVAIaHo/#zuCvLN0E,2026-01-04 18:00,Verona,Torino,0,3,2.04,1.703,2.08,1.75,7
2025-2026,https://www.oddsportal.com/football/h2h/udinese-rXw8YKDE/verona-rJVAIaHo/#Gxzo3TOp,2025-08-25 16:30,Udinese,Verona,1,1,2.162,1.627,2.22,1.68,6
2025-2026,https://www.oddsportal.com/football/h2h/udinese-rXw8YKDE/verona-rJVAIaHo/#WriaPWhg,2026-01-26 20:45,Verona,Udinese,1,3,2.064,1.69,2.1,1.73,7
2025-2026,https://www.oddsportal.com/football/h2h/ac-milan-8Sa8HInO/lazio-URcSl02h/#Eom5qnEj,2026-03-15 20:45,Lazio,AC Milan,1,0,1.893,1.834,1.95,1.95,7
current,https://www.oddsportal.com/football/h2h/ac-milan-8Sa8HInO/juventus-C06aJvIB/#G4XZ0kFD,2026-09-06 18:45,Juventus,AC Milan,1,1,1.883,1.84,1.95,1.95,7
current,https://www.oddsportal.com/football/h2h/ac-milan-8Sa8HInO/lazio-URcSl02h/#vJU3gPT8,2026-09-12 16:00,Lazio,AC Milan,2,2,1.864,1.851,1.95,2.0,7
current,https://www.oddsportal.com/football/h2h/ac-milan-8Sa8HInO/lecce-G8lYsMgU/#ClKl2gCt,2026-09-20 18:45,AC Milan,Lecce,3,0,2.117,1.654,2.2,1.73,7
current,https://www.oddsportal.com/football/h2h/ac-milan-8Sa8HInO/torino-MZFZnvX4/#dQiVS43U,2026-08-23 18:45,Torino,AC Milan,1,2,1.967,1.753,2.0,1.78,7
current,https://www.oddsportal.com/football/h2h/ac-milan-8Sa8HInO/venezia-MkPmVv50/#fciFyZo2,2026-08-28 18:45,AC Milan,Venezia,2,0,1.834,1.884,1.9,1.95,7
current,https://www.oddsportal.com/football/h2h/as-roma-zVqqL0ma/atalanta-8C9JjMXu/#vsBiJWUs,2026-09-05 18:45,AS Roma,Atalanta,2,1,1.703,2.033,1.75,2.1,7
current,https://www.oddsportal.com/football/h2h/as-roma-zVqqL0ma/fiorentina-Q3A3IbXH/#OCgNUQYH,2026-08-24 18:45,AS Roma,Fiorentina,4,0,1.84,1.894,1.91,1.93,7
current,https://www.oddsportal.com/football/h2h/as-roma-zVqqL0ma/inter-Iw7eKK25/#pzvCdktI,2026-09-19 16:00,AS Roma,Inter,2,2,1.459,2.593,1.5,2.8,7
current,https://www.oddsportal.com/football/h2h/as-roma-zVqqL0ma/lecce-G8lYsMgU/#8tg7weHk,2026-08-31 16:30,Lecce,AS Roma,0,4,1.984,1.744,2.12,1.8,7
current,https://www.oddsportal.com/football/h2h/as-roma-zVqqL0ma/torino-MZFZnvX4/#dxQcraL7,2026-09-14 16:30,Torino,AS Roma,0,2,1.796,1.924,1.83,2.05,7
current,https://www.oddsportal.com/football/h2h/atalanta-8C9JjMXu/bologna-0M9xNN8N/#EqX2s4IN,2026-08-31 18:45,Atalanta,Bologna,1,0,1.754,1.967,1.8,2.0,7
current,https://www.oddsportal.com/football/h2h/atalanta-8C9JjMXu/cagliari-SCGVmKHb/#zkzXvQEF,2026-09-12 18:45,Atalanta,Cagliari,1,2,1.777,1.946,1.82,2.05,7
current,https://www.oddsportal.com/football/h2h/atalanta-8C9JjMXu/juventus-C06aJvIB/#MPvurjRO,2026-09-20 16:00,Juventus,Atalanta,2,0,1.783,1.941,1.8,2.05,7
current,https://www.oddsportal.com/football/h2h/atalanta-8C9JjMXu/sassuolo-QDdvI0zl/#6Z7ZJ9Ka,2026-08-23 18:45,Atalanta,Sassuolo,2,1,1.749,1.973,1.78,2.0,7
current,https://www.oddsportal.com/football/h2h/bologna-0M9xNN8N/lazio-URcSl02h/#vm6sImkC,2026-08-24 16:30,Bologna,Lazio,0,1,1.934,1.783,2.0,1.85,7
current,https://www.oddsportal.com/football/h2h/bologna-0M9xNN8N/napoli-69Dxbc61/#rFJsnsMr,2026-09-13 16:00,Napoli,Bologna,1,0,1.76,1.966,1.8,2.1,7
current,https://www.oddsportal.com/football/h2h/bologna-0M9xNN8N/sassuolo-QDdvI0zl/#WdymjY0e,2026-09-06 16:00,Bologna,Sassuolo,2,2,1.67,2.086,1.7,2.15,7
current,https://www.oddsportal.com/football/h2h/bologna-0M9xNN8N/torino-MZFZnvX4/#fVvHmfcm,2026-09-19 13:00,Bologna,Torino,1,1,1.979,1.747,2.05,1.83,7
current,https://www.oddsportal.com/football/h2h/cagliari-SCGVmKHb/inter-Iw7eKK25/#U9xYyrto,2026-08-30 18:45,Cagliari,Inter,0,1,1.914,1.809,1.98,1.85,7
current,https://www.oddsportal.com/football/h2h/cagliari-SCGVmKHb/lecce-G8lYsMgU/#4AZflCV7,2026-09-07 16:30,Cagliari,Lecce,1,0,1.9,1.814,1.95,1.88,7
current,https://www.oddsportal.com/football/h2h/cagliari-SCGVmKHb/parma-6DxlaxHN/#GnjFWn45,2026-08-22 18:45,Parma,Cagliari,0,1,2.143,1.637,2.2,1.68,7
current,https://www.oddsportal.com/football/h2h/cagliari-SCGVmKHb/udinese-rXw8YKDE/#ImxKfTAU,2026-09-19 13:00,Udinese,Cagliari,0,1,1.884,1.829,1.95,1.95,7
current,https://www.oddsportal.com/football/h2h/como-ttyLthOA/frosinone-pfo9H1Wp/#z9tXqCdC,2026-09-20 13:00,Frosinone,Como,2,0,1.439,2.616,1.47,2.75,7
current,https://www.oddsportal.com/football/h2h/como-ttyLthOA/genoa-d0PJxeie/#zDGK4XFl,2026-09-04 18:45,Genoa,Como,1,4,1.884,1.827,1.95,1.95,7
current,https://www.oddsportal.com/football/h2h/como-ttyLthOA/napoli-69Dxbc61/#fHs9cG8L,2026-08-30 16:30,Napoli,Como,1,2,1.883,1.839,1.95,1.9,7
current,https://www.oddsportal.com/football/h2h/como-ttyLthOA/parma-6DxlaxHN/#rFwuw4qS,2026-09-14 16:30,Como,Parma,2,1,2.197,1.61,2.25,1.7,7
current,https://www.oddsportal.com/football/h2h/como-ttyLthOA/udinese-rXw8YKDE/#QuSvm8ln,2026-08-22 16:30,Udinese,Como,1,1,1.914,1.803,1.95,1.88,7
current,https://www.oddsportal.com/football/h2h/fiorentina-Q3A3IbXH/frosinone-pfo9H1Wp/#M3PJaoYi,2026-08-29 16:30,Fiorentina,Frosinone,0,3,1.634,2.144,1.67,2.2,7
current,https://www.oddsportal.com/football/h2h/fiorentina-Q3A3IbXH/napoli-69Dxbc61/#2erPoYRa,2026-09-20 10:30,Fiorentina,Napoli,1,1,1.683,2.067,1.73,2.15,7
current,https://www.oddsportal.com/football/h2h/fiorentina-Q3A3IbXH/torino-MZFZnvX4/#WGRtCFNE,2026-09-05 13:00,Fiorentina,Torino,1,2,1.704,2.031,1.74,2.1,7
current,https://www.oddsportal.com/football/h2h/fiorentina-Q3A3IbXH/venezia-MkPmVv50/#lWCq62DE,2026-09-11 18:45,Venezia,Fiorentina,2,4,1.509,2.4,1.57,2.55,7
current,https://www.oddsportal.com/football/h2h/frosinone-pfo9H1Wp/genoa-d0PJxeie/#EcUAXs7k,2026-09-12 13:00,Genoa,Frosinone,1,1,1.591,2.221,1.62,2.3,7
current,https://www.oddsportal.com/football/h2h/frosinone-pfo9H1Wp/juventus-C06aJvIB/#nD9kGRJO,2026-08-23 16:30,Frosinone,Juventus,0,1,1.72,2.007,1.75,2.05,7
current,https://www.oddsportal.com/football/h2h/frosinone-pfo9H1Wp/venezia-MkPmVv50/#vsVlAghR,2026-09-06 13:00,Frosinone,Venezia,3,2,1.423,2.674,1.44,2.75,7
current,https://www.oddsportal.com/football/h2h/genoa-d0PJxeie/lazio-URcSl02h/#xfWZe3XG,2026-08-30 18:45,Lazio,Genoa,1,0,2.034,1.701,2.1,1.75,7
current,https://www.oddsportal.com/football/h2h/genoa-d0PJxeie/napoli-69Dxbc61/#z9lazV4t,2026-08-22 18:45,Genoa,Napoli,0,2,2.097,1.663,2.16,1.7,7
current,https://www.oddsportal.com/football/h2h/genoa-d0PJxeie/parma-6DxlaxHN/#hSL4bBB5,2026-09-20 13:00,Parma,Genoa,2,1,2.041,1.701,2.05,1.73,7
current,https://www.oddsportal.com/football/h2h/inter-Iw7eKK25/monza-4YSMlwj7/#8Mn7Y8Zh,2026-08-22 16:30,Inter,Monza,4,1,2.44,1.504,2.5,1.53,7
current,https://www.oddsportal.com/football/h2h/inter-Iw7eKK25/napoli-69Dxbc61/#8vUR2Bp1,2026-09-05 16:00,Inter,Napoli,3,2,1.783,1.939,1.8,2.0,7
current,https://www.oddsportal.com/football/h2h/inter-Iw7eKK25/udinese-rXw8YKDE/#nBSIVLy2,2026-09-14 18:45,Inter,Udinese,5,3,1.876,1.857,1.93,1.93,7
current,https://www.oddsportal.com/football/h2h/juventus-C06aJvIB/parma-6DxlaxHN/#UTSRcP24,2026-08-29 18:45,Juventus,Parma,2,0,2.431,1.506,2.55,1.53,7
current,https://www.oddsportal.com/football/h2h/juventus-C06aJvIB/sassuolo-QDdvI0zl/#juNkpLje,2026-09-13 18:45,Sassuolo,Juventus,3,2,1.784,1.939,1.82,2.05,7
current,https://www.oddsportal.com/football/h2h/lazio-URcSl02h/udinese-rXw8YKDE/#pvEaHAaf,2026-09-07 18:45,Udinese,Lazio,1,2,1.781,1.94,1.82,2.05,7
current,https://www.oddsportal.com/football/h2h/lazio-URcSl02h/venezia-MkPmVv50/#8CHTEWen,2026-09-19 18:45,Venezia,Lazio,0,2,1.613,2.186,1.67,2.3,7
current,https://www.oddsportal.com/football/h2h/lecce-G8lYsMgU/monza-4YSMlwj7/#nqYBi3bL,2026-09-13 13:00,Lecce,Monza,3,2,1.846,1.884,1.91,1.95,7
current,https://www.oddsportal.com/football/h2h/lecce-G8lYsMgU/venezia-MkPmVv50/#Y5VnonJb,2026-08-23 16:30,Venezia,Lecce,0,2,1.826,1.9,1.9,1.95,7
current,https://www.oddsportal.com/football/h2h/monza-4YSMlwj7/parma-6DxlaxHN/#8bKLOh7K,2026-09-06 13:00,Parma,Monza,1,1,1.939,1.774,2.0,1.85,7
current,https://www.oddsportal.com/football/h2h/monza-4YSMlwj7/sassuolo-QDdvI0zl/#p2Id0Xtg,2026-09-18 18:45,Monza,Sassuolo,2,1,1.54,2.336,1.57,2.45,7
current,https://www.oddsportal.com/football/h2h/monza-4YSMlwj7/udinese-rXw8YKDE/#M3q1axv9,2026-08-29 16:30,Monza,Udinese,2,3,1.884,1.854,1.91,1.91,7
current,https://www.oddsportal.com/football/h2h/sassuolo-QDdvI0zl/torino-MZFZnvX4/#QaYvhfWr,2026-08-29 16:30,Sassuolo,Torino,2,1,1.74,1.986,1.77,2.0,7
