date,home_team,away_team,home_xg,away_xg,home_goals,away_goals,match_id
2020-08-08,Club Brugge,Sporting Charleroi,2.35,0.67,0,1,3360882
2020-08-08,Royal Antwerp,Royal Excel Mouscron,1.69,0.11,1,1,3361068
2020-08-08,Standard Liège,Cercle Brugge,0.86,0.44,1,0,3360897
2020-08-09,KV Mechelen,Anderlecht,2.17,0.7,2,2,3360979
2020-08-09,Kortrijk,SK Beveren,2.78,0.81,1,3,3392035
2020-08-09,St.Truiden,Gent,1.68,1.05,2,1,3361031
2020-08-09,Zulte Waregem,Genk,1.17,3.5,1,2,3360899
2020-08-10,OH Leuven,Eupen,0.48,1.97,1,1,3392036
2020-08-10,Oostende,Beerschot,1.4,1.87,1,2,3392037
2020-08-14,Royal Excel Mouscron,KV Mechelen,0.94,1.53,0,1,3361062
2020-08-15,Genk,OH Leuven,1.62,1.59,1,1,3392039
2020-08-15,Gent,Kortrijk,2.03,1.25,1,2,3361010
2020-08-15,Sporting Charleroi,Oostende,1.12,1.12,1,0,3361034
2020-08-16,Anderlecht,St.Truiden,1.25,0.4,3,1,3361051
2020-08-16,Beerschot,Zulte Waregem,1.62,0.45,3,1,3392194
2020-08-16,Cercle Brugge,Royal Antwerp,1.74,0.5,2,1,3360910
2020-08-16,Eupen,Club Brugge,0.84,1.69,0,4,3361073
2020-08-17,SK Beveren,Standard Liège,0.57,0.9,1,2,3392038
2020-08-21,Kortrijk,Eupen,0.33,1.43,0,0,3360892
2020-08-22,KV Mechelen,Cercle Brugge,2.18,1.63,2,3,3361013
2020-08-22,OH Leuven,Sporting Charleroi,0.85,2.32,1,3,3392042
2020-08-22,Royal Antwerp,Gent,1.28,1.11,1,0,3360893
2020-08-22,Zulte Waregem,SK Beveren,2.98,0.7,4,1,3392041
2020-08-23,Anderlecht,Royal Excel Mouscron,1.78,0.56,1,1,3360885
2020-08-23,Club Brugge,Beerschot,1.47,0.52,0,1,3392193
2020-08-23,Standard Liège,Genk,0.71,1.2,0,0,3361022
2020-08-24,St.Truiden,Oostende,0.56,2.08,0,0,3360965
2020-08-28,Oostende,Anderlecht,1.54,1.27,2,2,3360941
2020-08-29,Cercle Brugge,Kortrijk,0.41,0.94,0,1,3360985
2020-08-29,Eupen,St.Truiden,0.95,1.93,1,1,3360907
2020-08-29,Royal Excel Mouscron,Zulte Waregem,0.5,0.42,0,1,3361007
2020-08-29,SK Beveren,OH Leuven,1.15,1.06,1,3,3392152
2020-08-30,Beerschot,Standard Liège,1.92,2.73,0,3,3392141
2020-08-30,Genk,Club Brugge,1.93,1.54,1,2,3360969
2020-08-30,Gent,KV Mechelen,1.65,0.98,1,0,3360989
2020-08-30,Sporting Charleroi,Royal Antwerp,1.63,1.06,2,0,3361058
2020-09-11,Eupen,Gent,3.28,1.44,2,1,3361015
2020-09-12,Club Brugge,SK Beveren,3.09,0.88,4,1,3392151
2020-09-12,KV Mechelen,Oostende,1.09,1.45,0,1,3360903
2020-09-12,OH Leuven,Standard Liège,0.69,1.42,1,0,3392147
2020-09-13,Anderlecht,Cercle Brugge,3.21,0.59,2,0,3360996
2020-09-13,Kortrijk,Royal Excel Mouscron,2.47,1.0,3,0,3360921
2020-09-13,St.Truiden,Royal Antwerp,1.41,0.95,2,3,3360920
2020-09-13,Zulte Waregem,Sporting Charleroi,0.41,2.14,0,2,3360902
2020-09-14,Beerschot,Genk,2.44,1.91,5,2,3392140
2020-09-18,Sporting Charleroi,Beerschot,3.11,0.81,3,1,3392192
2020-09-19,Oostende,OH Leuven,2.6,0.73,3,1,3392162
2020-09-19,Royal Excel Mouscron,Gent,0.75,2.38,0,1,3360930
2020-09-19,SK Beveren,Anderlecht,2.44,3.21,2,4,3392150
2020-09-20,Genk,KV Mechelen,1.79,1.69,3,1,3361009
2020-09-20,Royal Antwerp,Eupen,0.99,1.46,2,2,3361081
2020-09-20,Standard Liège,Kortrijk,1.69,0.11,2,1,3360963
2020-09-20,Zulte Waregem,Club Brugge,1.6,2.37,0,6,3361060
2020-09-21,Cercle Brugge,St.Truiden,1.75,0.57,3,0,3361038
2020-09-25,Kortrijk,Royal Antwerp,1.55,1.62,1,3,3361012
2020-09-26,Beerschot,SK Beveren,1.35,0.18,3,2,3392149
2020-09-26,Gent,OH Leuven,3.75,1.85,2,3,3392208
2020-09-26,KV Mechelen,St.Truiden,2.44,0.34,2,0,3360998
2020-09-27,Anderlecht,Eupen,0.28,0.95,1,1,3360913
2020-09-27,Club Brugge,Cercle Brugge,1.95,1.54,2,1,3360944
2020-09-27,Royal Excel Mouscron,Sporting Charleroi,0.73,1.66,1,1,3361047
2020-09-27,Standard Liège,Zulte Waregem,1.85,0.29,2,2,3360925
2020-09-28,Genk,Oostende,1.26,1.08,2,2,3361053
2020-10-02,Royal Antwerp,KV Mechelen,2.26,1.93,4,1,3361048
2020-10-03,Eupen,Cercle Brugge,1.27,1.73,1,2,3361069
2020-10-03,OH Leuven,Zulte Waregem,2.41,2.24,2,1,3392207
2020-10-03,SK Beveren,Genk,2.04,1.02,1,1,3392148
2020-10-03,St.Truiden,Kortrijk,1.84,0.65,0,0,3361057
2020-10-04,Club Brugge,Anderlecht,2.44,0.26,3,0,3360926
2020-10-04,Gent,Beerschot,3.1,1.41,5,1,3392191
2020-10-04,Oostende,Royal Excel Mouscron,2.25,0.23,3,0,3360982
2020-10-04,Sporting Charleroi,Standard Liège,0.52,1.53,1,2,3360945
2020-10-17,Beerschot,St.Truiden,2.15,1.78,6,3,3392190
2020-10-17,Cercle Brugge,Gent,2.25,2.23,5,2,3360999
2020-10-17,KV Mechelen,Kortrijk,1.7,1.66,1,2,3361019
2020-10-17,Standard Liège,Club Brugge,2.44,1.1,1,1,3360966
2020-10-18,Anderlecht,OH Leuven,2.06,1.65,2,2,3392161
2020-10-18,Genk,Sporting Charleroi,0.83,1.11,2,1,3360942
2020-10-18,Royal Excel Mouscron,Eupen,1.02,1.65,0,2,3360986
2020-10-18,Zulte Waregem,Royal Antwerp,1.93,2.4,1,3,3361021
2020-10-23,Kortrijk,Anderlecht,2.96,2.83,1,3,3361045
2020-10-24,OH Leuven,Club Brugge,1.69,2.13,2,1,3392206
2020-10-25,Oostende,Zulte Waregem,2.36,1.7,3,0,3360905
2020-10-25,Royal Antwerp,Beerschot,0.64,1.56,3,2,3392189
2020-10-25,St.Truiden,Standard Liège,0.34,0.89,2,0,3360900
2020-10-26,Gent,Genk,1.5,0.63,1,2,3360956
2020-10-30,Genk,Eupen,2.0,0.82,4,0,3360918
2020-10-31,Beerschot,OH Leuven,1.85,1.94,4,2,3392139
2020-10-31,Club Brugge,KV Mechelen,1.1,1.73,2,2,3361030
2020-10-31,Sporting Charleroi,Cercle Brugge,2.31,0.38,3,0,3361090
2020-11-01,Anderlecht,Royal Antwerp,0.65,0.99,1,0,3361076
2020-11-01,SK Beveren,Gent,1.27,3.79,1,4,3392179
2020-11-01,Standard Liège,Oostende,1.32,0.46,1,0,3360898
2020-11-02,Zulte Waregem,Kortrijk,1.18,1.92,1,1,3361039
2020-11-06,KV Mechelen,Sporting Charleroi,2.59,1.82,3,3,3361064
2020-11-07,Eupen,SK Beveren,2.23,0.54,1,1,3392178
2020-11-07,Kortrijk,Beerschot,3.91,3.84,5,5,3392188
2020-11-07,St.Truiden,Genk,0.59,0.67,1,2,3360971
2020-11-08,Cercle Brugge,Zulte Waregem,1.62,2.75,1,3,3360891
2020-11-08,Gent,Anderlecht,0.45,0.97,1,1,3360908
2020-11-08,Oostende,Club Brugge,1.15,2.16,1,3,3360929
2020-11-08,Royal Antwerp,Standard Liège,1.7,1.15,1,1,3360936
2020-11-21,Club Brugge,Kortrijk,1.2,0.17,1,0,3361085
2020-11-21,Oostende,Royal Antwerp,1.14,0.97,1,1,3360961
2020-11-21,SK Beveren,Cercle Brugge,0.85,1.39,0,2,3392177
2020-11-21,Standard Liège,Eupen,1.24,1.12,2,2,3361063
2020-11-22,Beerschot,Anderlecht,1.76,1.59,2,1,3392138
2020-11-22,Genk,Royal Excel Mouscron,2.17,1.38,4,1,3361067
2020-11-22,Sporting Charleroi,Gent,0.7,1.02,0,1,3360978
2020-11-22,Zulte Waregem,KV Mechelen,0.23,2.17,1,2,3360894
2020-11-23,OH Leuven,St.Truiden,1.85,1.31,2,2,3392204
2020-11-24,SK Beveren,Oostende,2.25,2.43,2,0,3392163
2020-11-25,Cercle Brugge,Royal Excel Mouscron,2.55,1.92,1,2,3361018
2020-11-27,Eupen,Sporting Charleroi,0.71,0.83,3,1,3360934
2020-11-28,Cercle Brugge,Genk,0.87,1.8,1,5,3361059
2020-11-28,Royal Excel Mouscron,Club Brugge,0.29,0.58,0,0,3360909
2020-11-28,St.Truiden,SK Beveren,0.62,0.56,1,1,3392176
2020-11-29,Anderlecht,Standard Liège,0.35,0.51,0,0,3360957
2020-11-29,Gent,Zulte Waregem,1.93,0.62,0,3,3360937
2020-11-29,KV Mechelen,Beerschot,1.28,1.06,2,3,3392187
2020-11-29,Kortrijk,Oostende,2.7,1.14,3,1,3361070
2020-11-30,Royal Antwerp,OH Leuven,2.72,1.64,3,2,3392203
2020-12-01,Royal Excel Mouscron,St.Truiden,0.5,1.88,3,2,3360948
2020-12-02,Sporting Charleroi,SK Beveren,1.19,0.91,0,2,3392164
2020-12-03,Eupen,KV Mechelen,0.75,2.23,1,1,3360947
2020-12-04,Zulte Waregem,Anderlecht,0.46,2.14,2,2,3360960
2020-12-05,Club Brugge,St.Truiden,1.2,0.27,1,0,3361056
2020-12-05,OH Leuven,Cercle Brugge,0.66,1.7,2,1,3392202
2020-12-05,SK Beveren,Royal Excel Mouscron,1.49,0.27,2,0,3392175
2020-12-06,Beerschot,Eupen,2.94,3.84,0,1,3392186
2020-12-06,Genk,Royal Antwerp,2.7,1.27,4,2,3360890
2020-12-06,Oostende,Gent,2.17,0.82,2,1,3361061
2020-12-06,Standard Liège,KV Mechelen,1.25,1.9,2,2,3360917
2020-12-07,Sporting Charleroi,Kortrijk,0.03,1.36,0,0,3360888
2020-12-08,OH Leuven,Royal Excel Mouscron,1.94,0.59,2,0,3392205
2020-12-11,Anderlecht,Genk,1.9,0.28,1,0,3360915
2020-12-12,Cercle Brugge,Oostende,0.83,1.47,0,1,3360946
2020-12-12,Kortrijk,OH Leuven,1.34,2.61,0,3,3392201
2020-12-12,Royal Excel Mouscron,Beerschot,1.16,0.98,3,1,3392185
2020-12-12,St.Truiden,Sporting Charleroi,1.78,1.27,1,2,3361011
2020-12-13,Gent,Standard Liège,1.57,0.44,2,1,3361049
2020-12-13,KV Mechelen,SK Beveren,1.23,0.44,2,3,3392174
2020-12-13,Royal Antwerp,Club Brugge,0.6,0.91,0,2,3360987
2020-12-15,Anderlecht,Oostende,1.21,1.56,2,1,3361016
2020-12-15,Cercle Brugge,Sporting Charleroi,1.83,1.91,3,4,3360953
2020-12-15,Royal Excel Mouscron,OH Leuven,1.1,1.79,2,2,3392159
2020-12-16,Gent,SK Beveren,3.38,0.69,3,0,3392130
2020-12-16,Kortrijk,Standard Liège,1.35,2.0,2,1,3361084
2020-12-16,Royal Antwerp,Zulte Waregem,1.25,1.5,0,1,3360933
2020-12-17,KV Mechelen,Club Brugge,0.93,3.79,0,3,3360887
2020-12-18,Sporting Charleroi,Anderlecht,0.8,0.77,1,0,3361024
2020-12-19,Genk,Kortrijk,0.9,0.3,2,0,3360967
2020-12-19,Zulte Waregem,St.Truiden,0.61,2.07,0,2,3360981
2020-12-20,Club Brugge,Gent,1.7,0.87,0,1,3361083
2020-12-20,OH Leuven,KV Mechelen,1.51,2.24,1,2,3392160
2020-12-20,SK Beveren,Royal Antwerp,0.4,3.71,0,3,3392173
2020-12-20,Standard Liège,Royal Excel Mouscron,0.68,1.1,0,1,3360970
2020-12-26,Club Brugge,Eupen,2.65,0.37,3,0,3360964
2020-12-26,Kortrijk,Gent,1.64,1.81,1,0,3360883
2020-12-26,OH Leuven,Oostende,0.69,1.59,1,2,3392200
2020-12-26,Standard Liège,St.Truiden,0.95,1.64,1,2,3360990
2020-12-26,Zulte Waregem,Cercle Brugge,0.52,2.49,1,0,3361078
2020-12-27,Anderlecht,Beerschot,3.54,0.42,2,0,3392184
2020-12-27,Genk,SK Beveren,1.65,0.26,1,1,3392145
2020-12-27,KV Mechelen,Royal Excel Mouscron,1.65,1.92,2,1,3360884
2020-12-27,Royal Antwerp,Sporting Charleroi,2.88,0.23,2,1,3360914
2020-12-29,Eupen,Zulte Waregem,1.09,2.24,2,3,3361065
2020-12-30,St.Truiden,Beerschot,0.99,1.09,1,0,3392136
2021-01-06,Eupen,Genk,1.38,3.13,1,4,3360994
2021-01-09,Cercle Brugge,Eupen,0.68,0.54,1,2,3360980
2021-01-09,Kortrijk,Genk,2.74,1.76,2,1,3361032
2021-01-09,Oostende,Sporting Charleroi,1.85,1.01,3,2,3360923
2021-01-09,Zulte Waregem,Royal Excel Mouscron,0.79,1.64,1,0,3360940
2021-01-10,Beerschot,Gent,1.54,2.29,1,1,3392212
2021-01-10,KV Mechelen,Royal Antwerp,1.41,0.69,3,0,3360939
2021-01-10,OH Leuven,Anderlecht,1.25,2.26,1,0,3392154
2021-01-10,St.Truiden,Club Brugge,2.16,0.91,1,2,3360951
2021-01-11,Standard Liège,SK Beveren,1.79,1.18,3,1,3392165
2021-01-12,Oostende,Eupen,1.64,0.24,1,1,3361088
2021-01-13,Beerschot,Cercle Brugge,0.19,0.72,1,1,3392137
2021-01-15,Eupen,Anderlecht,1.61,0.53,2,0,3361006
2021-01-16,Oostende,Kortrijk,1.27,1.27,2,1,3360983
2021-01-16,Royal Excel Mouscron,Genk,1.96,0.61,2,0,3360935
2021-01-16,SK Beveren,Zulte Waregem,2.14,2.77,1,5,3392144
2021-01-16,Sporting Charleroi,KV Mechelen,0.62,0.93,0,1,3360911
2021-01-17,Beerschot,Club Brugge,1.29,2.72,0,3,3392135
2021-01-17,Cercle Brugge,Standard Liège,0.65,0.45,0,1,3361072
2021-01-17,Gent,Royal Antwerp,1.19,0.92,0,1,3360995
2021-01-17,St.Truiden,OH Leuven,2.89,0.59,3,1,3392158
2021-01-19,Anderlecht,Sporting Charleroi,2.57,0.17,3,0,3360976
2021-01-19,Royal Excel Mouscron,SK Beveren,1.32,1.34,1,1,3392142
2021-01-20,Club Brugge,Oostende,1.91,1.39,2,1,3360997
2021-01-20,Eupen,Beerschot,2.01,0.51,3,1,3392131
2021-01-20,KV Mechelen,Standard Liège,0.88,2.42,0,4,3360993
2021-01-20,Kortrijk,St.Truiden,2.7,1.9,0,2,3360938
2021-01-20,Royal Antwerp,Cercle Brugge,1.18,0.3,1,0,3361028
2021-01-21,Genk,Gent,1.34,0.89,1,1,3361041
2021-01-21,Zulte Waregem,OH Leuven,0.53,2.99,2,3,3392155
2021-01-22,Anderlecht,SK Beveren,1.7,0.22,0,0,3392172
2021-01-23,KV Mechelen,Eupen,2.64,1.4,3,0,3361033
2021-01-23,Kortrijk,Cercle Brugge,0.72,1.79,1,2,3360916
2021-01-23,Royal Antwerp,Oostende,0.79,1.66,1,2,3361066
2021-01-23,St.Truiden,Royal Excel Mouscron,2.36,2.04,0,2,3360991
2021-01-24,Club Brugge,Genk,3.21,1.44,3,2,3361050
2021-01-24,OH Leuven,Gent,1.29,2.1,0,3,3392157
2021-01-24,Standard Liège,Sporting Charleroi,1.39,1.41,3,2,3361002
2021-01-24,Zulte Waregem,Beerschot,0.38,2.08,0,3,3392134
2021-01-26,Eupen,Royal Antwerp,2.33,2.63,0,2,3360973
2021-01-26,Royal Excel Mouscron,Anderlecht,0.54,1.29,1,1,3361087
2021-01-26,SK Beveren,KV Mechelen,0.43,1.97,2,3,3392143
2021-01-27,Beerschot,Kortrijk,0.15,1.17,0,0,3392133
2021-01-27,Genk,Zulte Waregem,1.6,1.25,3,2,3361029
2021-01-27,Gent,St.Truiden,1.11,0.34,1,1,3360889
2021-01-27,Sporting Charleroi,OH Leuven,1.66,1.48,1,1,3392156
2021-01-28,Cercle Brugge,Club Brugge,0.85,1.46,1,2,3361020
2021-01-28,Oostende,Standard Liège,1.18,1.24,2,2,3361005
2021-01-29,Royal Antwerp,SK Beveren,2.0,1.01,3,2,3392171
2021-01-30,Eupen,Royal Excel Mouscron,2.41,0.81,1,1,3360904
2021-01-30,KV Mechelen,Genk,1.03,1.21,0,0,3360922
2021-01-30,Kortrijk,Sporting Charleroi,1.47,1.49,1,3,3360992
2021-01-30,OH Leuven,Beerschot,0.67,1.75,0,1,3392132
2021-01-31,Anderlecht,Gent,0.66,0.61,0,0,3361023
2021-01-31,Club Brugge,Standard Liège,2.88,1.38,3,1,3361036
2021-01-31,St.Truiden,Cercle Brugge,1.11,1.83,3,0,3360912
2021-01-31,Zulte Waregem,Oostende,2.87,1.95,2,1,3361017
2021-02-05,Royal Excel Mouscron,Kortrijk,0.78,1.29,0,3,3361080
2021-02-06,Cercle Brugge,KV Mechelen,0.46,0.84,0,1,3360949
2021-02-06,Oostende,St.Truiden,3.17,0.73,3,1,3361025
2021-02-06,SK Beveren,Club Brugge,0.24,3.05,0,2,3392170
2021-02-06,Standard Liège,OH Leuven,2.17,1.07,1,1,3392199
2021-02-07,Beerschot,Royal Antwerp,0.38,1.04,1,2,3392183
2021-02-07,Genk,Anderlecht,0.88,0.83,1,2,3360988
2021-02-07,Gent,Eupen,2.22,1.92,2,2,3360924
2021-02-07,Sporting Charleroi,Zulte Waregem,0.78,1.61,1,1,3361000
2021-02-12,OH Leuven,Kortrijk,1.22,3.2,3,1,3392213
2021-02-13,St.Truiden,Zulte Waregem,1.32,0.93,1,2,3361044
2021-02-14,Beerschot,KV Mechelen,1.69,1.68,1,2,3392182
2021-02-14,Cercle Brugge,Anderlecht,1.18,0.18,0,0,3360928
2021-02-14,Standard Liège,Royal Antwerp,1.21,2.62,1,1,3361042
2021-02-15,Gent,Royal Excel Mouscron,3.46,0.69,4,0,3361075
2021-02-17,Oostende,Genk,1.86,1.24,3,1,3360896
2021-02-17,SK Beveren,Eupen,2.22,1.9,1,0,3392169
2021-02-19,KV Mechelen,Gent,1.09,1.21,1,1,3360959
2021-02-20,Eupen,Oostende,0.39,1.51,1,1,3360954
2021-02-20,Royal Excel Mouscron,Cercle Brugge,1.56,1.4,1,2,3360974
2021-02-20,SK Beveren,Sporting Charleroi,0.79,0.74,1,1,3392168
2021-02-21,Anderlecht,Kortrijk,0.84,2.51,0,2,3360919
2021-02-21,Genk,Beerschot,1.48,1.49,1,2,3392197
2021-02-21,Royal Antwerp,St.Truiden,0.48,0.74,0,0,3361008
2021-02-21,Zulte Waregem,Standard Liège,1.38,1.49,3,2,3361014
2021-02-22,Club Brugge,OH Leuven,3.19,0.18,3,0,3392214
2021-02-26,Sporting Charleroi,Genk,1.84,2.58,1,2,3361077
2021-02-27,Cercle Brugge,SK Beveren,1.92,0.72,2,0,3392167
2021-02-27,Kortrijk,Zulte Waregem,1.86,1.49,1,2,3360952
2021-02-27,Oostende,KV Mechelen,2.22,2.41,2,0,3361079
2021-02-28,Beerschot,Royal Excel Mouscron,1.66,1.1,2,2,3392198
2021-02-28,St.Truiden,Eupen,0.69,0.97,0,2,3361035
2021-02-28,Standard Liège,Anderlecht,0.63,1.14,1,3,3361082
2021-03-01,OH Leuven,Royal Antwerp,0.54,1.46,2,0,3392215
2021-03-05,Sporting Charleroi,St.Truiden,0.93,0.23,0,0,3360927
2021-03-06,Eupen,OH Leuven,2.29,1.08,3,3,3392216
2021-03-06,Royal Antwerp,Kortrijk,2.91,1.12,4,2,3360931
2021-03-06,SK Beveren,Beerschot,1.68,1.48,1,2,3392166
2021-03-07,Anderlecht,KV Mechelen,1.65,1.04,1,1,3361043
2021-03-07,Club Brugge,Zulte Waregem,2.97,0.29,3,0,3360977
2021-03-07,Genk,Cercle Brugge,2.17,0.31,2,0,3360962
2021-03-07,Royal Excel Mouscron,Standard Liège,0.42,2.43,1,0,3361027
2021-03-08,Gent,Oostende,1.09,1.23,1,0,3360975
2021-03-12,Sporting Charleroi,Club Brugge,0.7,1.24,1,1,3361004
2021-03-15,Gent,Club Brugge,1.54,1.21,0,4,3360932
2021-03-19,Genk,Standard Liège,2.8,1.46,2,2,3360906
2021-03-20,Eupen,Kortrijk,2.15,0.8,2,0,3361026
2021-03-20,Royal Excel Mouscron,Oostende,0.54,1.51,0,1,3361040
2021-03-21,Anderlecht,Zulte Waregem,5.6,0.74,4,1,3361055
2021-03-21,Club Brugge,Royal Antwerp,0.74,1.18,0,2,3360901
2021-03-21,Gent,Cercle Brugge,1.26,0.9,1,0,3361052
2021-03-21,KV Mechelen,OH Leuven,2.61,1.27,2,2,3392153
2021-04-03,Kortrijk,Club Brugge,1.29,1.74,1,2,3360950
2021-04-03,Oostende,SK Beveren,2.32,1.17,0,2,3392181
2021-04-03,St.Truiden,KV Mechelen,2.11,1.51,2,1,3361091
2021-04-04,Cercle Brugge,Beerschot,1.26,1.65,2,1,3392210
2021-04-04,Sporting Charleroi,Royal Excel Mouscron,1.05,2.39,1,1,3360958
2021-04-04,Standard Liège,Gent,2.18,2.31,2,1,3360943
2021-04-05,OH Leuven,Genk,1.42,1.26,2,3,3392217
2021-04-05,Royal Antwerp,Anderlecht,1.27,2.52,1,4,3360968
2021-04-05,Zulte Waregem,Eupen,1.87,2.56,2,1,3360984
2021-04-06,SK Beveren,St.Truiden,0.8,1.97,2,4,3392180
2021-04-07,Beerschot,Sporting Charleroi,2.25,0.88,2,1,3392211
2021-04-09,Eupen,Standard Liège,1.29,1.85,0,4,3360886
2021-04-10,Cercle Brugge,OH Leuven,1.96,0.73,3,0,3392218
2021-04-10,Gent,Sporting Charleroi,2.67,1.15,4,0,3361054
2021-04-10,KV Mechelen,Zulte Waregem,3.03,2.26,4,2,3361071
2021-04-11,Anderlecht,Club Brugge,0.78,0.51,2,1,3361003
2021-04-11,Beerschot,Oostende,1.53,2.85,1,2,3392209
2021-04-11,Genk,St.Truiden,1.8,1.2,4,0,3361074
2021-04-11,SK Beveren,Kortrijk,1.97,2.7,3,4,3392196
2021-04-12,Royal Excel Mouscron,Royal Antwerp,2.12,2.04,2,3,3360955
2021-04-17,Royal Antwerp,Genk,2.63,3.09,3,2,3361086
2021-04-17,Sporting Charleroi,Eupen,3.49,1.8,2,3,3361037
2021-04-18,Club Brugge,Royal Excel Mouscron,4.48,1.05,4,2,3361001
2021-04-18,Kortrijk,KV Mechelen,1.59,2.49,1,4,3360972
2021-04-18,OH Leuven,SK Beveren,2.13,2.23,1,2,3392195
2021-04-18,Oostende,Cercle Brugge,1.26,1.21,1,1,3361046
2021-04-18,St.Truiden,Anderlecht,0.59,1.72,0,1,3360895
2021-04-18,Standard Liège,Beerschot,1.96,1.12,3,0,3392146
2021-04-18,Zulte Waregem,Gent,0.52,3.43,2,7,3361089
2021-04-30,Royal Antwerp,Genk,1.96,1.42,2,3,3575761
2021-05-01,Oostende,Standard Liège,1.92,1.61,6,2,3575745
2021-05-02,Club Brugge,Anderlecht,2.08,1.11,2,2,3575731
2021-05-02,Gent,KV Mechelen,1.54,1.18,2,2,3575744
2021-05-07,Genk,Club Brugge,0.79,0.57,3,0,3575732
2021-05-08,Anderlecht,Royal Antwerp,1.96,1.65,2,2,3575733
2021-05-08,Standard Liège,Gent,0.7,2.22,2,1,3575743
2021-05-09,KV Mechelen,Oostende,1.7,0.85,5,3,3575742
2021-05-12,Genk,Anderlecht,1.03,0.91,1,1,3575734
2021-05-13,Gent,Oostende,0.91,1.11,2,1,3575741
2021-05-13,Royal Antwerp,Club Brugge,0.21,0.28,0,0,3575735
2021-05-13,Standard Liège,KV Mechelen,1.77,1.59,1,2,3575740
2021-05-15,Anderlecht,Genk,0.79,1.53,1,2,3575736
2021-05-16,Club Brugge,Royal Antwerp,2.59,1.02,2,1,3575737
2021-05-16,KV Mechelen,Standard Liège,2.18,2.47,3,1,3575749
2021-05-16,Oostende,Gent,0.78,1.45,0,4,3575748
2021-05-19,Gent,Standard Liège,1.68,0.93,2,0,3575751
2021-05-19,Oostende,KV Mechelen,2.6,2.04,2,2,3575750
2021-05-20,Anderlecht,Club Brugge,1.03,1.1,3,3,3575739
2021-05-20,Genk,Royal Antwerp,3.33,0.76,4,0,3575738
2021-05-22,KV Mechelen,Gent,1.2,0.85,1,2,3575752
2021-05-22,Standard Liège,Oostende,0.19,1.26,1,3,3575753
2021-05-23,Club Brugge,Genk,2.43,2.35,1,2,3575746
2021-05-23,Royal Antwerp,Anderlecht,0.67,0.61,1,0,3575747
2021-07-23,Standard Liège,Genk,0.78,2.19,1,1,3604136
2021-07-24,Kortrijk,RFC Seraing,1.44,0.7,2,0,3604139
2021-07-24,OH Leuven,Zulte Waregem,2.5,1.07,1,1,3604137
2021-07-24,Oostende,Sporting Charleroi,0.75,1.52,0,3,3604140
2021-07-25,Anderlecht,Union St.Gilloise,1.48,1.37,1,3,3604143
2021-07-25,Club Brugge,Eupen,3.15,1.69,2,2,3604142
2021-07-25,KV Mechelen,Royal Antwerp,1.66,0.55,3,2,3604141
2021-07-25,St.Truiden,Gent,0.75,1.1,2,1,3604144
2021-07-27,Beerschot,Cercle Brugge,0.82,0.44,0,1,3604138
2021-07-30,Genk,Oostende,2.69,1.9,3,4,3604145
2021-07-31,Cercle Brugge,OH Leuven,1.74,1.58,1,1,3604148
2021-07-31,Eupen,Anderlecht,2.22,1.71,1,1,3604149
2021-07-31,RFC Seraing,KV Mechelen,1.69,0.96,1,0,3604147
2021-07-31,Sporting Charleroi,St.Truiden,0.77,0.33,0,0,3604146
2021-08-01,Gent,Beerschot,2.07,1.18,2,2,3604152
2021-08-01,Royal Antwerp,Kortrijk,1.0,1.4,0,1,3604153
2021-08-01,Union St.Gilloise,Club Brugge,1.39,0.91,0,1,3604150
2021-08-01,Zulte Waregem,Standard Liège,1.86,2.48,1,2,3604151
2021-08-06,Club Brugge,Cercle Brugge,1.93,0.45,1,1,3604154
2021-08-07,Beerschot,Union St.Gilloise,0.79,2.04,0,3,3604155
2021-08-07,KV Mechelen,Eupen,1.28,2.01,1,3,3604156
2021-08-07,Kortrijk,Genk,0.81,2.23,1,2,3604158
2021-08-07,St.Truiden,Zulte Waregem,0.8,1.01,1,3,3604157
2021-08-08,Anderlecht,RFC Seraing,2.36,0.19,3,0,3604161
2021-08-08,OH Leuven,Sporting Charleroi,1.34,1.52,1,1,3604160
2021-08-08,Oostende,Gent,0.9,1.7,1,0,3604162
2021-08-08,Standard Liège,Royal Antwerp,1.92,2.88,2,5,3604159
2021-08-13,Sporting Charleroi,Royal Antwerp,1.76,0.88,1,1,3604163
2021-08-14,Eupen,St.Truiden,0.58,1.24,2,1,3604166
2021-08-14,Genk,OH Leuven,3.29,1.19,4,0,3604167
2021-08-14,RFC Seraing,Oostende,1.03,1.4,2,3,3604165
2021-08-14,Union St.Gilloise,Kortrijk,2.21,0.08,2,0,3604164
2021-08-15,Beerschot,Standard Liège,1.79,0.53,0,1,3604168
2021-08-15,Cercle Brugge,Anderlecht,0.57,2.38,1,2,3604170
2021-08-15,Gent,KV Mechelen,3.01,0.24,2,0,3604169
2021-08-15,Zulte Waregem,Club Brugge,0.52,3.61,0,4,3604171
2021-08-20,Standard Liège,Oostende,1.7,0.62,1,0,3604172
2021-08-21,OH Leuven,Eupen,1.13,2.54,1,4,3604175
2021-08-21,RFC Seraing,Cercle Brugge,1.51,1.89,2,1,3604174
2021-08-21,St.Truiden,Kortrijk,1.42,1.15,0,2,3604176
2021-08-22,Club Brugge,Beerschot,2.46,0.48,3,2,3604179
2021-08-22,KV Mechelen,Union St.Gilloise,1.88,2.04,3,1,3604180
2021-08-22,Zulte Waregem,Sporting Charleroi,1.23,2.22,2,2,3604178
2021-08-27,Kortrijk,KV Mechelen,0.48,1.4,2,2,3604181
2021-08-28,Cercle Brugge,St.Truiden,1.5,1.21,0,1,3604183
2021-08-28,Eupen,RFC Seraing,0.88,0.9,1,2,3604184
2021-08-28,Sporting Charleroi,Beerschot,3.93,0.36,5,2,3604182
2021-08-28,Union St.Gilloise,Standard Liège,1.9,0.41,4,0,3604185
2021-08-29,Genk,Anderlecht,1.43,1.39,1,0,3604188
2021-08-29,Gent,Club Brugge,2.35,0.78,6,1,3604186
2021-08-29,Oostende,Zulte Waregem,1.35,1.79,0,2,3604189
2021-08-29,Royal Antwerp,OH Leuven,1.72,2.79,2,2,3604187
2021-09-10,Club Brugge,Oostende,4.72,0.62,3,0,3604190
2021-09-11,Eupen,Royal Antwerp,1.61,1.88,0,1,3604198
2021-09-11,Zulte Waregem,Cercle Brugge,0.33,2.73,2,4,3604196
2021-09-12,Anderlecht,KV Mechelen,4.19,0.72,7,2,3604191
2021-09-12,Genk,Union St.Gilloise,2.8,2.54,1,1,3604192
2021-09-12,Gent,Sporting Charleroi,2.52,1.52,2,3,3604193
2021-09-12,OH Leuven,Kortrijk,1.38,1.46,2,1,3604194
2021-09-12,RFC Seraing,Standard Liège,1.72,1.03,0,1,3604195
2021-09-13,Beerschot,St.Truiden,1.28,0.4,0,1,3604197
2021-09-17,Cercle Brugge,Eupen,0.89,1.11,1,2,3604202
2021-09-18,KV Mechelen,OH Leuven,0.41,1.08,2,0,3604204
2021-09-18,Oostende,Beerschot,3.41,1.27,3,1,3604207
2021-09-18,Sporting Charleroi,Club Brugge,1.8,1.41,0,1,3604206
2021-09-18,Union St.Gilloise,Zulte Waregem,1.89,0.79,2,1,3604203
2021-09-19,Kortrijk,Gent,1.22,2.03,1,0,3604201
2021-09-19,Royal Antwerp,RFC Seraing,1.61,1.44,2,1,3604200
2021-09-19,St.Truiden,Genk,1.56,1.43,1,2,3604205
2021-09-19,Standard Liège,Anderlecht,0.53,1.19,0,1,3604199
2021-09-22,Royal Antwerp,Genk,2.17,2.29,4,2,3604173
2021-09-23,Anderlecht,Gent,1.56,0.81,1,1,3604177
2021-09-24,Club Brugge,OH Leuven,3.38,0.29,1,1,3604208
2021-09-25,Beerschot,Eupen,0.38,1.78,0,3,3604214
2021-09-25,Standard Liège,St.Truiden,0.51,1.04,1,2,3604209
2021-09-25,Zulte Waregem,Kortrijk,1.36,1.32,2,2,3604213
2021-09-26,Genk,RFC Seraing,3.34,0.18,3,0,3604210
2021-09-26,Gent,Cercle Brugge,1.57,1.76,2,1,3604211
2021-09-26,Oostende,Anderlecht,1.9,3.3,2,2,3604216
2021-09-26,Sporting Charleroi,KV Mechelen,1.44,1.62,0,2,3604215
2021-09-26,Union St.Gilloise,Royal Antwerp,1.72,0.95,1,2,3604212
2021-10-01,KV Mechelen,Standard Liège,2.41,1.41,3,1,3604223
2021-10-02,Cercle Brugge,Union St.Gilloise,0.51,1.19,0,3,3604222
2021-10-02,Kortrijk,Sporting Charleroi,2.62,3.09,2,2,3604220
2021-10-02,OH Leuven,Beerschot,1.5,0.61,0,0,3604219
2021-10-02,St.Truiden,Oostende,1.74,0.62,1,1,3604224
2021-10-03,Anderlecht,Club Brugge,1.64,0.76,1,1,3604217
2021-10-03,Eupen,Genk,1.57,1.21,3,2,3604225
2021-10-03,RFC Seraing,Zulte Waregem,4.82,0.67,5,1,3604221
2021-10-03,Royal Antwerp,Gent,1.19,1.37,1,0,3604218
2021-10-15,Club Brugge,Kortrijk,1.16,1.36,2,0,3604226
2021-10-16,Oostende,Cercle Brugge,1.42,1.13,2,1,3604234
2021-10-16,Standard Liège,OH Leuven,2.02,2.02,2,2,3604227
2021-10-16,Union St.Gilloise,RFC Seraing,2.47,1.18,4,2,3604229
2021-10-16,Zulte Waregem,Royal Antwerp,1.14,1.06,2,1,3604230
2021-10-17,Beerschot,KV Mechelen,1.41,1.57,0,1,3604232
2021-10-17,Gent,Eupen,4.31,0.39,2,0,3604228
2021-10-17,Sporting Charleroi,Genk,1.52,1.92,2,0,3604233
2021-10-17,St.Truiden,Anderlecht,2.53,2.61,2,2,3604231
2021-10-22,RFC Seraing,Sporting Charleroi,0.88,2.89,1,3,3604240
2021-10-23,Cercle Brugge,Standard Liège,1.51,0.7,1,1,3604241
2021-10-23,Eupen,Union St.Gilloise,1.77,1.77,2,3,3604243
2021-10-23,KV Mechelen,Zulte Waregem,2.19,0.94,2,2,3604242
2021-10-23,Kortrijk,Oostende,3.05,1.31,1,0,3604239
2021-10-24,Anderlecht,Beerschot,3.47,1.13,4,2,3604235
2021-10-24,Genk,Gent,2.33,2.61,0,3,3604236
2021-10-24,OH Leuven,St.Truiden,2.19,1.05,4,1,3604238
2021-10-24,Royal Antwerp,Club Brugge,0.79,1.47,1,1,3604237
2021-10-29,Oostende,KV Mechelen,0.99,1.78,2,4,3604252
2021-10-30,Beerschot,RFC Seraing,2.89,0.54,3,0,3604250
2021-10-30,Sporting Charleroi,Eupen,3.43,0.89,3,0,3604251
2021-10-30,St.Truiden,Club Brugge,0.56,1.65,1,2,3604249
2021-10-30,Standard Liège,Kortrijk,0.81,0.75,1,1,3604245
2021-10-31,Anderlecht,OH Leuven,1.8,2.15,2,2,3604244
2021-10-31,Cercle Brugge,Royal Antwerp,0.72,1.42,0,1,3604247
2021-10-31,Gent,Union St.Gilloise,1.42,1.78,0,2,3604246
2021-10-31,Zulte Waregem,Genk,0.42,2.85,2,6,3604248
2021-11-05,OH Leuven,Oostende,0.44,1.78,1,0,3604256
2021-11-06,Eupen,Zulte Waregem,0.91,1.45,1,1,3604261
2021-11-06,KV Mechelen,St.Truiden,0.42,1.02,0,1,3604260
2021-11-06,Kortrijk,Beerschot,2.06,2.23,1,1,3604257
2021-11-06,Union St.Gilloise,Sporting Charleroi,1.68,1.07,4,0,3604259
2021-11-07,Club Brugge,Standard Liège,1.23,1.56,2,2,3604253
2021-11-07,Genk,Cercle Brugge,1.38,2.09,1,1,3604254
2021-11-07,RFC Seraing,Gent,0.6,0.65,0,0,3604258
2021-11-07,Royal Antwerp,Anderlecht,2.01,1.41,2,0,3604255
2021-11-19,KV Mechelen,Club Brugge,1.36,2.51,2,1,3604267
2021-11-20,Cercle Brugge,Sporting Charleroi,2.04,1.3,1,2,3604265
2021-11-20,OH Leuven,RFC Seraing,0.68,1.18,1,3,3604264
2021-11-20,Standard Liège,Eupen,1.66,0.71,1,0,3604263
2021-11-20,Zulte Waregem,Gent,0.93,2.86,1,2,3604266
2021-11-21,Anderlecht,Kortrijk,1.66,1.25,1,1,3604262
2021-11-21,Beerschot,Genk,1.25,1.64,2,0,3604270
2021-11-21,Oostende,Union St.Gilloise,0.9,4.42,1,7,3604271
2021-11-21,St.Truiden,Royal Antwerp,1.02,1.07,2,1,3604269
2021-11-26,Union St.Gilloise,OH Leuven,0.99,0.81,1,3,3604277
2021-11-27,Cercle Brugge,KV Mechelen,3.36,0.3,3,1,3604276
2021-11-27,Eupen,Kortrijk,1.78,1.93,2,2,3604280
2021-11-27,RFC Seraing,St.Truiden,0.86,1.57,2,0,3604275
2021-11-27,Sporting Charleroi,Anderlecht,0.52,1.8,1,3,3604279
2021-11-28,Genk,Club Brugge,0.96,0.91,2,3,3604272
2021-11-28,Gent,Standard Liège,2.71,1.4,3,1,3604273
2021-11-28,Royal Antwerp,Oostende,1.88,0.12,3,0,3604274
2021-11-28,Zulte Waregem,Beerschot,1.74,1.76,2,0,3604278
2021-12-03,St.Truiden,Union St.Gilloise,0.69,2.32,1,2,3604287
2021-12-04,Club Brugge,RFC Seraing,3.67,1.98,3,2,3604281
2021-12-04,Kortrijk,Cercle Brugge,0.71,3.83,0,2,3604285
2021-12-04,OH Leuven,Gent,1.63,1.43,0,1,3604284
2021-12-04,Oostende,Eupen,1.84,0.44,2,1,3604289
2021-12-05,Anderlecht,Zulte Waregem,1.97,1.91,3,2,3604282
2021-12-05,Beerschot,Royal Antwerp,0.86,1.0,0,1,3604288
2021-12-05,KV Mechelen,Genk,1.45,1.64,1,1,3604286
2021-12-05,Standard Liège,Sporting Charleroi,1.39,2.41,0,3,3604283
2021-12-10,Sporting Charleroi,Oostende,2.11,1.15,1,0,3604297
2021-12-11,Eupen,Beerschot,1.49,1.45,1,0,3604298
2021-12-11,Kortrijk,OH Leuven,0.57,1.17,2,1,3604293
2021-12-11,RFC Seraing,Anderlecht,0.2,3.74,0,5,3604294
2021-12-11,St.Truiden,Cercle Brugge,1.23,1.32,1,2,3604296
2021-12-12,Club Brugge,Zulte Waregem,2.91,0.81,3,0,3604290
2021-12-12,Gent,Genk,0.93,1.2,1,0,3604291
2021-12-12,Royal Antwerp,Standard Liège,1.28,1.19,2,3,3604292
2021-12-12,Union St.Gilloise,KV Mechelen,1.35,1.78,2,0,3604295
2021-12-14,Anderlecht,St.Truiden,3.04,0.61,2,0,3604299
2021-12-14,Cercle Brugge,RFC Seraing,0.79,0.71,2,0,3604304
2021-12-14,Oostende,Kortrijk,0.83,0.84,0,2,3604307
2021-12-15,KV Mechelen,Gent,1.36,2.65,4,3,3604306
2021-12-15,OH Leuven,Club Brugge,1.28,2.12,1,4,3604303
2021-12-15,Zulte Waregem,Union St.Gilloise,0.99,1.49,0,2,3604305
2021-12-16,Genk,Sporting Charleroi,2.04,0.85,4,2,3604301
2021-12-16,Royal Antwerp,Eupen,1.57,1.36,4,2,3604302
2021-12-17,RFC Seraing,Kortrijk,0.45,1.23,0,2,3604312
2021-12-18,Beerschot,Oostende,1.38,1.65,0,2,3604315
2021-12-18,Gent,St.Truiden,1.18,0.97,2,1,3604310
2021-12-18,Union St.Gilloise,Cercle Brugge,4.76,1.23,3,2,3604313
2021-12-18,Zulte Waregem,KV Mechelen,1.49,0.84,3,2,3604314
2021-12-19,Club Brugge,Anderlecht,1.54,1.76,2,2,3604308
2021-12-19,Eupen,Sporting Charleroi,2.2,1.72,0,4,3604316
2021-12-19,Genk,Royal Antwerp,1.61,0.65,1,1,3604309
2021-12-19,OH Leuven,Standard Liège,0.91,1.74,2,1,3604311
2021-12-26,Cercle Brugge,Club Brugge,1.51,1.68,2,0,3604319
2021-12-26,Oostende,Genk,0.25,3.43,0,4,3604325
2021-12-26,Standard Liège,Zulte Waregem,2.59,0.45,0,1,3604317
2021-12-26,Union St.Gilloise,Gent,0.92,0.84,0,0,3604320
2021-12-27,Beerschot,Anderlecht,0.54,3.77,0,7,3604323
2021-12-27,KV Mechelen,RFC Seraing,1.62,1.58,2,0,3604321
2021-12-27,Sporting Charleroi,OH Leuven,1.56,1.73,0,3,3604324
2021-12-27,St.Truiden,Eupen,1.33,0.59,2,0,3604322
2022-01-14,Gent,Kortrijk,2.13,1.51,2,2,3604329
2022-01-15,Club Brugge,St.Truiden,2.72,0.2,2,0,3604326
2022-01-16,Anderlecht,Standard Liège,1.63,0.52,1,1,3604327
2022-01-16,Eupen,Cercle Brugge,0.21,2.29,0,2,3604334
2022-01-16,Genk,Beerschot,4.08,0.85,4,1,3604328
2022-01-16,Royal Antwerp,Sporting Charleroi,3.19,1.11,3,0,3604330
2022-01-18,RFC Seraing,Union St.Gilloise,1.38,2.64,0,4,3604332
2022-01-21,Oostende,Royal Antwerp,0.89,1.85,1,2,3604344
2022-01-22,Beerschot,OH Leuven,1.32,1.44,3,1,3604342
2022-01-22,Kortrijk,Eupen,1.6,1.28,1,1,3604336
2022-01-22,Sporting Charleroi,Gent,0.82,0.59,0,0,3604343
2022-01-22,St.Truiden,RFC Seraing,1.92,0.6,3,1,3604340
2022-01-23,Cercle Brugge,Zulte Waregem,1.73,1.03,3,1,3604337
2022-01-23,KV Mechelen,Anderlecht,0.14,1.08,0,1,3604339
2022-01-23,Standard Liège,Club Brugge,1.05,2.36,2,2,3604335
2022-01-23,Union St.Gilloise,Genk,1.37,1.15,2,1,3604338
2022-01-25,Gent,Oostende,1.99,1.07,1,1,3604348
2022-01-25,Royal Antwerp,St.Truiden,1.19,1.05,1,1,3604349
2022-01-25,Sporting Charleroi,Kortrijk,1.67,0.43,1,1,3604352
2022-01-26,Anderlecht,Cercle Brugge,0.45,1.37,0,2,3604346
2022-01-26,Eupen,Standard Liège,0.9,1.7,0,2,3604353
2022-01-26,RFC Seraing,Beerschot,2.42,0.85,2,1,3604350
2022-01-26,Zulte Waregem,OH Leuven,1.05,1.4,1,1,3604351
2022-01-27,Club Brugge,Union St.Gilloise,0.73,1.34,0,0,3604345
2022-01-28,St.Truiden,Sporting Charleroi,0.91,1.25,0,1,3604361
2022-01-29,Beerschot,Zulte Waregem,2.59,2.04,3,3,3604362
2022-01-29,Cercle Brugge,Oostende,0.66,0.51,0,1,3604359
2022-01-29,RFC Seraing,Eupen,2.08,1.07,0,0,3604358
2022-01-30,Gent,Royal Antwerp,1.61,0.92,0,1,3604355
2022-01-30,Kortrijk,Club Brugge,0.88,3.26,0,1,3604357
2022-01-30,Standard Liège,KV Mechelen,1.26,0.84,1,2,3604354
2022-01-30,Union St.Gilloise,Anderlecht,0.45,0.59,1,0,3604360
2022-02-02,Kortrijk,Royal Antwerp,2.73,0.8,0,2,3604318
2022-02-04,Sporting Charleroi,RFC Seraing,1.22,0.51,2,0,3604370
2022-02-05,Kortrijk,St.Truiden,1.58,1.77,1,3,3604368
2022-02-05,Oostende,OH Leuven,0.58,1.48,1,3,3604371
2022-02-05,Royal Antwerp,Union St.Gilloise,0.78,2.39,0,2,3604367
2022-02-05,Standard Liège,Cercle Brugge,1.08,0.74,1,1,3604365
2022-02-06,Anderlecht,Eupen,5.05,2.28,4,1,3604364
2022-02-06,Club Brugge,Gent,1.53,2.13,1,2,3604363
2022-02-06,Genk,Zulte Waregem,1.02,1.28,2,0,3604366
2022-02-06,KV Mechelen,Beerschot,1.29,0.58,3,2,3604369
2022-02-09,OH Leuven,Genk,2.37,1.29,2,1,3604356
2022-02-09,Zulte Waregem,Oostende,1.23,2.17,0,0,3604333
2022-02-11,RFC Seraing,Royal Antwerp,0.63,2.61,0,1,3604375
2022-02-12,Eupen,Gent,0.7,1.26,0,1,3604380
2022-02-12,KV Mechelen,Oostende,0.95,0.24,3,0,3604378
2022-02-12,OH Leuven,Cercle Brugge,1.6,2.15,3,2,3604374
2022-02-12,Zulte Waregem,Anderlecht,1.03,1.91,1,2,3604377
2022-02-13,Beerschot,Kortrijk,0.82,1.02,2,1,3604379
2022-02-13,Club Brugge,Sporting Charleroi,1.82,1.16,2,0,3604372
2022-02-13,Genk,Standard Liège,1.71,1.35,2,0,3604373
2022-02-13,Union St.Gilloise,St.Truiden,2.04,1.43,0,1,3604376
2022-02-16,Genk,KV Mechelen,3.59,0.47,4,1,3604347
2022-02-19,Cercle Brugge,Beerschot,2.79,0.26,2,0,3604385
2022-02-19,Kortrijk,Zulte Waregem,3.79,1.29,5,0,3604384
2022-02-19,Oostende,Standard Liège,1.68,0.41,1,0,3604389
2022-02-19,Sporting Charleroi,Union St.Gilloise,0.8,1.67,0,3,3604387
2022-02-20,Anderlecht,Genk,2.18,0.8,2,0,3604381
2022-02-20,Eupen,Club Brugge,2.01,2.41,1,3,3604388
2022-02-20,Royal Antwerp,KV Mechelen,3.28,2.37,1,2,3604383
2022-02-20,St.Truiden,OH Leuven,1.39,0.93,2,0,3604386
2022-02-23,Gent,RFC Seraing,3.37,0.58,4,0,3604382
2022-02-25,Beerschot,Sporting Charleroi,1.34,1.69,2,3,3604398
2022-02-26,KV Mechelen,Cercle Brugge,2.65,1.68,2,2,3604397
2022-02-26,OH Leuven,Anderlecht,1.47,2.45,0,0,3604393
2022-02-26,Oostende,St.Truiden,0.93,0.61,0,0,3604399
2022-02-26,Union St.Gilloise,Eupen,1.56,0.25,0,0,3604394
2022-02-27,Club Brugge,Royal Antwerp,2.24,0.82,4,1,3604390
2022-02-27,Genk,Kortrijk,3.77,1.12,2,0,3604392
2022-02-27,Standard Liège,Gent,0.92,1.35,0,1,3604391
2022-02-27,Zulte Waregem,RFC Seraing,1.65,1.94,1,0,3604395
2022-03-02,Standard Liège,Beerschot,1.28,1.1,1,0,3604300
2022-03-04,St.Truiden,KV Mechelen,0.7,0.79,1,1,3604406
2022-03-05,Cercle Brugge,Genk,2.4,1.91,2,2,3604405
2022-03-05,Kortrijk,Union St.Gilloise,0.77,2.26,2,3,3604403
2022-03-05,RFC Seraing,Club Brugge,0.28,2.11,0,5,3604404
2022-03-06,Anderlecht,Oostende,1.64,0.87,3,0,3604400
2022-03-06,Eupen,OH Leuven,2.01,1.34,3,1,3604408
2022-03-06,Gent,Zulte Waregem,3.18,0.81,2,1,3604401
2022-03-06,Royal Antwerp,Beerschot,0.85,0.53,2,1,3604402
2022-03-06,Sporting Charleroi,Standard Liège,0.79,0.91,0,0,3604407
2022-03-11,OH Leuven,Union St.Gilloise,1.47,3.21,1,4,3604412
2022-03-12,Cercle Brugge,Kortrijk,3.19,0.39,2,0,3604413
2022-03-12,KV Mechelen,Sporting Charleroi,1.27,2.05,2,2,3604415
2022-03-12,Oostende,Club Brugge,2.07,2.23,1,3,3604417
2022-03-12,Zulte Waregem,Eupen,1.5,2.43,3,0,3604414
2022-03-13,Anderlecht,Royal Antwerp,3.81,1.31,2,1,3604409
2022-03-13,Beerschot,Gent,0.91,2.24,0,2,3604416
2022-03-13,Genk,St.Truiden,1.7,0.6,0,1,3604411
2022-03-13,Standard Liège,RFC Seraing,0.48,2.34,0,1,3604410
2022-03-18,Union St.Gilloise,Oostende,1.8,0.34,1,1,3604423
2022-03-19,Eupen,KV Mechelen,1.12,2.61,1,1,3604426
2022-03-19,RFC Seraing,OH Leuven,0.75,0.96,1,1,3604422
2022-03-19,Royal Antwerp,Zulte Waregem,2.46,0.25,1,0,3604420
2022-03-19,Sporting Charleroi,Cercle Brugge,1.76,0.88,5,0,3604425
2022-03-20,Club Brugge,Genk,1.49,0.72,3,1,3604418
2022-03-20,Gent,Anderlecht,0.37,1.31,1,0,3604419
2022-03-20,Kortrijk,Standard Liège,0.83,0.85,0,1,3604421
2022-03-20,St.Truiden,Beerschot,3.25,1.85,3,2,3604424
2022-04-01,Beerschot,Club Brugge,1.02,3.99,1,3,3604435
2022-04-02,KV Mechelen,Kortrijk,1.49,2.35,3,2,3604434
2022-04-02,OH Leuven,Royal Antwerp,1.73,1.23,0,1,3604430
2022-04-02,Oostende,RFC Seraing,2.04,1.62,2,2,3604436
2022-04-02,Zulte Waregem,St.Truiden,1.28,1.56,0,2,3604432
2022-04-03,Anderlecht,Sporting Charleroi,3.93,0.07,4,0,3604427
2022-04-03,Cercle Brugge,Gent,2.22,1.41,2,2,3604431
2022-04-03,Genk,Eupen,3.82,0.25,5,0,3604429
2022-04-03,Standard Liège,Union St.Gilloise,0.31,1.2,1,3,3604428
2022-04-09,Eupen,Oostende,0.91,1.01,0,2,3604445
2022-04-09,Royal Antwerp,Cercle Brugge,1.6,0.69,1,1,3604439
2022-04-10,Club Brugge,KV Mechelen,2.62,0.47,2,0,3604437
2022-04-10,Gent,OH Leuven,2.76,0.31,5,0,3604438
2022-04-10,Kortrijk,Anderlecht,1.94,1.39,2,3,3604440
2022-04-10,RFC Seraing,Genk,0.16,1.36,0,2,3604441
2022-04-10,Sporting Charleroi,Zulte Waregem,1.86,1.06,3,0,3604444
2022-04-10,St.Truiden,Standard Liège,3.23,0.97,3,0,3604443
2022-04-23,KV Mechelen,Sporting Charleroi,0.44,1.83,1,0,3860666
2022-04-24,Club Brugge,Royal Antwerp,0.72,0.64,1,0,3860676
2022-04-24,Gent,Genk,0.31,2.81,0,1,3860667
2022-04-24,Union St.Gilloise,Anderlecht,2.76,1.91,3,1,3860677
2022-04-29,Genk,KV Mechelen,1.89,1.9,4,2,3860668
2022-04-30,Sporting Charleroi,Gent,1.67,2.24,1,3,3860669
2022-05-01,Anderlecht,Club Brugge,1.16,0.48,0,0,3860679
2022-05-01,Royal Antwerp,Union St.Gilloise,0.54,1.8,0,0,3860678
2022-05-06,Sporting Charleroi,Genk,1.34,1.44,2,2,3860670
2022-05-07,Gent,KV Mechelen,0.66,0.97,1,0,3860671
2022-05-08,Royal Antwerp,Anderlecht,0.62,1.3,0,4,3860681
2022-05-08,Union St.Gilloise,Club Brugge,1.9,1.65,0,2,3860680
2022-05-10,Genk,Sporting Charleroi,4.1,1.09,3,2,3860684
2022-05-10,KV Mechelen,Gent,2.62,1.9,1,2,3860672
2022-05-11,Club Brugge,Union St.Gilloise,2.26,1.25,1,0,3860682
2022-05-12,Anderlecht,Royal Antwerp,1.84,0.59,2,1,3860683
2022-05-14,Sporting Charleroi,KV Mechelen,2.39,2.49,3,2,3860685
2022-05-15,Anderlecht,Union St.Gilloise,0.71,1.88,0,2,3860673
2022-05-15,Genk,Gent,1.25,1.4,0,2,3860686
2022-05-15,Royal Antwerp,Club Brugge,1.39,1.29,1,3,3860674
2022-05-21,Gent,Sporting Charleroi,3.28,1.53,1,2,3860687
2022-05-21,KV Mechelen,Genk,1.31,2.53,0,0,3860688
2022-05-22,Club Brugge,Anderlecht,1.65,1.72,1,1,3860664
2022-05-22,Union St.Gilloise,Royal Antwerp,1.56,1.19,0,1,3860665
2022-07-22,Standard Liège,Gent,1.65,3.44,2,2,3916934
2022-07-23,Kortrijk,OH Leuven,1.14,1.76,0,2,3916949
2022-07-23,Sporting Charleroi,Eupen,1.28,0.49,3,1,3916948
2022-07-23,St.Truiden,Union St.Gilloise,1.32,1.0,1,1,3916951
2022-07-23,Zulte Waregem,RFC Seraing,2.7,0.16,2,0,3916950
2022-07-24,Anderlecht,Oostende,2.7,0.9,2,0,3916954
2022-07-24,Club Brugge,Genk,1.7,2.4,3,2,3916952
2022-07-24,KV Mechelen,Royal Antwerp,1.26,1.57,0,2,3916953
2022-07-24,Westerlo,Cercle Brugge,2.15,0.2,2,0,3916955
2022-07-29,Union St.Gilloise,Sporting Charleroi,1.51,0.26,1,0,3916956
2022-07-30,Cercle Brugge,Anderlecht,1.65,0.59,1,0,3916957
2022-07-30,Gent,St.Truiden,1.47,0.53,1,1,3916946
2022-07-30,OH Leuven,Westerlo,2.0,0.81,2,0,3916958
2022-07-30,Oostende,KV Mechelen,1.83,1.45,2,1,3916947
2022-07-31,Eupen,Club Brugge,1.5,1.31,2,1,3916936
2022-07-31,Genk,Standard Liège,3.17,0.8,3,1,3916935
2022-07-31,RFC Seraing,Kortrijk,2.84,0.69,0,1,3916937
2022-07-31,Royal Antwerp,Zulte Waregem,1.36,0.76,1,0,3916938
2022-08-05,Club Brugge,Zulte Waregem,1.7,0.77,1,1,3916939
2022-08-06,Genk,Eupen,3.17,1.23,4,2,3916940
2022-08-06,KV Mechelen,Union St.Gilloise,0.73,0.47,3,0,3916943
2022-08-06,Kortrijk,St.Truiden,0.91,1.42,0,0,3916941
2022-08-06,Sporting Charleroi,Oostende,2.07,1.1,1,3,3916942
2022-08-07,Anderlecht,RFC Seraing,1.62,0.32,3,1,3916959
2022-08-07,Gent,Westerlo,1.73,0.9,2,1,3916945
2022-08-07,Royal Antwerp,OH Leuven,1.95,1.29,4,2,3916960
2022-08-07,Standard Liège,Cercle Brugge,2.27,0.47,2,0,3916944
2022-08-12,Oostende,Gent,0.94,2.06,1,3,3916980
2022-08-13,Cercle Brugge,KV Mechelen,1.4,0.58,0,0,3916983
2022-08-13,RFC Seraing,Sporting Charleroi,0.62,1.47,0,1,3916982
2022-08-13,Union St.Gilloise,Kortrijk,1.86,0.99,2,1,3916984
2022-08-13,Westerlo,Standard Liège,1.6,1.56,4,2,3916981
2022-08-14,Eupen,Royal Antwerp,1.44,0.63,0,1,3916986
2022-08-14,OH Leuven,Club Brugge,0.81,3.49,0,3,3916987
2022-08-14,St.Truiden,Anderlecht,1.19,1.37,0,3,3916985
2022-08-14,Zulte Waregem,Genk,1.39,2.19,1,4,3916988
2022-08-19,Eupen,RFC Seraing,1.53,1.77,1,3,3916989
2022-08-20,Genk,Cercle Brugge,2.6,0.33,2,1,3916991
2022-08-20,Oostende,St.Truiden,0.84,0.42,0,1,3916990
2022-08-21,Club Brugge,Kortrijk,2.85,1.56,2,1,3916993
2022-08-21,KV Mechelen,Westerlo,1.16,2.68,5,4,3916996
2022-08-21,Standard Liège,OH Leuven,3.0,1.12,1,3,3916995
2022-08-21,Zulte Waregem,Sporting Charleroi,0.69,2.44,1,3,3916994
2022-08-26,Sporting Charleroi,Club Brugge,1.83,1.35,1,3,3916978
2022-08-27,Cercle Brugge,Zulte Waregem,1.8,0.54,1,1,3916963
2022-08-27,OH Leuven,Oostende,1.81,1.52,2,1,3916962
2022-08-27,RFC Seraing,Genk,1.28,1.85,0,4,3916961
2022-08-27,St.Truiden,KV Mechelen,1.82,0.11,3,1,3916964
2022-08-28,Gent,Royal Antwerp,1.03,1.46,1,2,3916965
2022-08-28,Kortrijk,Standard Liège,0.5,1.73,0,1,3916966
2022-08-28,Union St.Gilloise,Anderlecht,1.51,1.2,2,1,3916967
2022-08-28,Westerlo,Eupen,1.11,0.53,0,1,3916968
2022-08-31,Royal Antwerp,Union St.Gilloise,1.76,0.88,4,2,3916992
2022-09-01,Anderlecht,Gent,0.79,1.26,0,1,3916979
2022-09-02,Club Brugge,Cercle Brugge,1.61,1.33,4,0,3916969
2022-09-03,Eupen,Kortrijk,1.39,1.17,0,1,3916977
2022-09-03,Genk,St.Truiden,1.37,0.31,0,0,3916972
2022-09-03,KV Mechelen,RFC Seraing,0.49,1.1,2,3,3916975
2022-09-03,Standard Liège,Oostende,1.15,1.37,1,0,3916971
2022-09-04,Anderlecht,OH Leuven,1.27,0.78,2,2,3916970
2022-09-04,Royal Antwerp,Westerlo,2.8,0.54,3,0,3916973
2022-09-04,Sporting Charleroi,Gent,1.12,1.04,2,1,3916976
2022-09-04,Zulte Waregem,Union St.Gilloise,0.76,2.84,1,3,3916974
2022-09-09,St.Truiden,Standard Liège,2.01,1.47,1,2,3917009
2022-09-10,Kortrijk,KV Mechelen,1.62,0.9,1,4,3917013
2022-09-10,OH Leuven,Sporting Charleroi,1.59,1.23,3,2,3916998
2022-09-10,Oostende,Eupen,0.74,0.89,1,0,3917007
2022-09-10,RFC Seraing,Club Brugge,0.24,1.79,0,2,3917012
2022-09-11,Cercle Brugge,Royal Antwerp,1.05,0.85,0,2,3917011
2022-09-11,Gent,Zulte Waregem,2.12,0.27,2,0,3916997
2022-09-11,Union St.Gilloise,Genk,0.86,1.27,1,2,3917010
2022-09-11,Westerlo,Anderlecht,2.03,0.67,2,1,3917008
2022-09-16,Royal Antwerp,RFC Seraing,1.35,0.93,2,1,3917003
2022-09-17,Cercle Brugge,Oostende,2.69,2.93,2,2,3917002
2022-09-17,KV Mechelen,OH Leuven,0.53,0.52,0,0,3917000
2022-09-17,Sporting Charleroi,Westerlo,1.71,1.23,2,3,3916999
2022-09-17,Zulte Waregem,St.Truiden,0.37,2.89,0,3,3917001
2022-09-18,Anderlecht,Kortrijk,2.03,1.17,4,1,3917006
2022-09-18,Eupen,Union St.Gilloise,0.7,0.74,1,2,3917014
2022-09-18,Genk,Gent,0.81,0.59,1,0,3917004
2022-09-18,Standard Liège,Club Brugge,1.02,0.86,3,0,3917005
2022-09-30,Standard Liège,RFC Seraing,1.28,0.92,0,2,3917031
2022-10-01,Club Brugge,KV Mechelen,1.61,0.35,3,0,3917015
2022-10-01,OH Leuven,Union St.Gilloise,0.47,1.41,0,3,3917029
2022-10-01,Oostende,Genk,1.5,2.11,1,2,3917025
2022-10-01,Westerlo,Zulte Waregem,1.23,0.97,2,0,3917026
2022-10-02,Anderlecht,Sporting Charleroi,1.51,0.96,0,1,3917032
2022-10-02,Gent,Cercle Brugge,2.67,2.3,3,4,3917030
2022-10-02,Kortrijk,Royal Antwerp,1.53,1.66,2,1,3917028
2022-10-02,St.Truiden,Eupen,1.65,0.89,0,1,3917027
2022-10-07,Royal Antwerp,St.Truiden,1.56,0.13,2,0,3917022
2022-10-08,Club Brugge,Westerlo,2.44,1.29,0,2,3917024
2022-10-08,Genk,Kortrijk,2.77,0.65,2,1,3917023
2022-10-08,RFC Seraing,Oostende,2.09,1.27,1,1,3917021
2022-10-08,Zulte Waregem,OH Leuven,1.04,1.37,2,5,3917019
2022-10-09,Eupen,Gent,0.6,2.72,0,4,3917016
2022-10-09,KV Mechelen,Anderlecht,1.96,1.96,1,3,3917018
2022-10-09,Sporting Charleroi,Standard Liège,1.01,0.44,0,1,3917017
2022-10-09,Union St.Gilloise,Cercle Brugge,2.19,1.83,2,1,3917020
2022-10-14,Westerlo,RFC Seraing,0.52,0.37,2,2,3917046
2022-10-15,Cercle Brugge,Eupen,4.44,0.82,5,1,3917063
2022-10-15,Kortrijk,Zulte Waregem,0.8,3.41,1,3,3917069
2022-10-15,OH Leuven,Genk,2.08,1.1,0,1,3917068
2022-10-15,St.Truiden,Sporting Charleroi,0.7,0.58,2,1,3917062
2022-10-16,Anderlecht,Club Brugge,1.22,1.35,0,1,3917033
2022-10-16,Gent,KV Mechelen,2.63,0.63,3,0,3917067
2022-10-16,Oostende,Union St.Gilloise,0.94,2.39,1,6,3917045
2022-10-16,Standard Liège,Royal Antwerp,1.34,0.78,3,0,3917066
2022-10-18,Eupen,OH Leuven,3.01,2.05,4,2,3917037
2022-10-18,Genk,Westerlo,4.54,1.45,6,1,3917043
2022-10-18,RFC Seraing,Cercle Brugge,0.35,1.36,0,1,3917041
2022-10-18,Sporting Charleroi,Kortrijk,1.31,1.27,2,2,3917038
2022-10-19,Club Brugge,St.Truiden,0.96,0.34,3,0,3917044
2022-10-19,KV Mechelen,Standard Liège,1.31,0.76,2,0,3917039
2022-10-19,Union St.Gilloise,Gent,1.76,0.42,2,0,3917040
2022-10-20,Royal Antwerp,Oostende,1.42,0.4,3,0,3917042
2022-10-20,Zulte Waregem,Anderlecht,1.04,1.65,3,2,3917065
2022-10-21,Cercle Brugge,Sporting Charleroi,2.05,2.75,4,1,3917049
2022-10-22,KV Mechelen,Eupen,3.61,0.82,2,1,3917060
2022-10-22,Kortrijk,Westerlo,0.44,0.95,0,2,3917048
2022-10-22,St.Truiden,OH Leuven,0.65,1.27,0,0,3917059
2022-10-22,Union St.Gilloise,Club Brugge,0.63,1.65,2,2,3917061
2022-10-23,Gent,RFC Seraing,1.0,1.02,2,1,3917035
2022-10-23,Oostende,Zulte Waregem,1.18,0.76,2,1,3917058
2022-10-23,Royal Antwerp,Genk,1.75,1.37,1,3,3917047
2022-10-28,Genk,KV Mechelen,2.26,0.93,3,1,3917064
2022-10-29,Club Brugge,Oostende,3.93,1.8,4,2,3917057
2022-10-29,Kortrijk,Cercle Brugge,0.98,2.25,1,1,3917054
2022-10-29,Westerlo,St.Truiden,1.94,1.93,2,3,3917051
2022-10-29,Zulte Waregem,Standard Liège,1.13,3.73,0,3,3917052
2022-10-30,Anderlecht,Eupen,1.62,0.85,4,2,3917056
2022-10-30,OH Leuven,Gent,2.18,1.2,1,1,3917055
2022-10-30,RFC Seraing,Union St.Gilloise,1.41,2.25,1,2,3917053
2022-10-30,Sporting Charleroi,Royal Antwerp,1.11,1.6,1,0,3917050
2022-11-04,Genk,Sporting Charleroi,2.62,0.8,4,1,3917034
2022-11-05,Cercle Brugge,OH Leuven,1.03,1.32,2,1,3917102
2022-11-05,Eupen,Standard Liège,1.86,1.66,2,0,3917105
2022-11-05,KV Mechelen,Zulte Waregem,1.26,2.25,2,2,3917104
2022-11-05,RFC Seraing,St.Truiden,0.82,1.49,1,2,3917101
2022-11-06,Gent,Club Brugge,1.11,0.81,2,0,3917099
2022-11-06,Oostende,Kortrijk,2.14,0.9,3,1,3917106
2022-11-06,Royal Antwerp,Anderlecht,1.0,0.29,0,0,3917100
2022-11-06,Union St.Gilloise,Westerlo,2.46,1.64,1,1,3917103
2022-11-11,OH Leuven,RFC Seraing,3.26,0.35,5,0,3917114
2022-11-12,St.Truiden,Cercle Brugge,0.61,0.79,0,1,3917111
2022-11-12,Westerlo,Oostende,2.79,1.04,6,0,3917110
2022-11-12,Zulte Waregem,Eupen,3.79,3.06,5,5,3917112
2022-11-13,Anderlecht,Genk,0.65,1.83,0,2,3917108
2022-11-13,Club Brugge,Royal Antwerp,0.87,1.81,2,2,3917107
2022-11-13,Kortrijk,Gent,0.41,1.74,0,4,3917113
2022-11-13,Standard Liège,Union St.Gilloise,2.16,1.9,2,3,3917115
2022-12-23,Gent,Standard Liège,1.73,0.09,0,0,3917097
2022-12-23,KV Mechelen,Cercle Brugge,2.56,0.72,1,1,3917082
2022-12-23,RFC Seraing,Eupen,0.32,0.92,0,1,3917080
2022-12-26,Club Brugge,OH Leuven,2.3,1.36,1,1,3917098
2022-12-26,Kortrijk,Genk,1.48,2.08,1,0,3917096
2022-12-26,Sporting Charleroi,Anderlecht,0.64,1.04,0,1,3917085
2022-12-26,Union St.Gilloise,Oostende,2.62,0.24,3,0,3917081
2022-12-27,St.Truiden,Zulte Waregem,1.2,0.76,2,0,3917083
2022-12-27,Westerlo,Royal Antwerp,0.86,0.95,3,3,3917084
2023-01-06,Standard Liège,St.Truiden,1.61,0.85,1,1,3917087
2023-01-07,Cercle Brugge,Westerlo,0.7,0.9,0,1,3917091
2023-01-07,Eupen,Sporting Charleroi,1.18,1.98,1,2,3917093
2023-01-07,Oostende,RFC Seraing,1.13,0.27,1,2,3917094
2023-01-07,Royal Antwerp,Gent,1.4,1.05,2,0,3917089
2023-01-08,Anderlecht,Union St.Gilloise,1.13,2.77,1,3,3917086
2023-01-08,Genk,Club Brugge,2.1,1.27,3,1,3917088
2023-01-08,OH Leuven,Kortrijk,1.58,1.1,2,3,3917090
2023-01-08,Zulte Waregem,KV Mechelen,1.78,0.4,2,0,3917092
2023-01-13,Westerlo,OH Leuven,1.11,2.17,1,2,3917128
2023-01-14,Eupen,St.Truiden,0.43,1.43,0,2,3917126
2023-01-14,Genk,Zulte Waregem,1.41,0.61,1,0,3917079
2023-01-14,KV Mechelen,Oostende,1.46,1.95,2,1,3917129
2023-01-14,RFC Seraing,Standard Liège,0.8,1.85,1,1,3917131
2023-01-15,Club Brugge,Anderlecht,2.48,0.18,1,1,3917095
2023-01-15,Gent,Kortrijk,2.33,0.77,2,1,3917132
2023-01-15,Sporting Charleroi,Cercle Brugge,1.69,0.98,2,1,3917127
2023-01-15,Union St.Gilloise,Royal Antwerp,2.14,0.61,2,0,3917130
2023-01-17,OH Leuven,Eupen,1.82,1.32,1,1,3917116
2023-01-17,Standard Liège,KV Mechelen,1.31,0.56,2,0,3917124
2023-01-17,Westerlo,Genk,1.76,1.16,2,3,3917120
2023-01-18,Anderlecht,Zulte Waregem,1.4,2.01,2,3,3917125
2023-01-18,Cercle Brugge,Union St.Gilloise,0.82,1.94,1,1,3917118
2023-01-18,Kortrijk,RFC Seraing,2.6,1.74,3,2,3917117
2023-01-18,Oostende,Royal Antwerp,2.33,1.99,0,3,3917121
2023-01-19,Gent,Sporting Charleroi,0.74,0.76,0,0,3917123
2023-01-19,St.Truiden,Club Brugge,1.46,0.91,1,1,3917119
2023-01-21,KV Mechelen,Kortrijk,1.37,0.41,3,2,3917148
2023-01-21,Oostende,Cercle Brugge,1.1,1.42,1,2,3917145
2023-01-21,Union St.Gilloise,OH Leuven,1.72,1.02,1,0,3917150
2023-01-21,Zulte Waregem,Westerlo,1.37,2.61,1,1,3917149
2023-01-22,Club Brugge,Sporting Charleroi,1.85,0.59,2,2,3917122
2023-01-22,RFC Seraing,Anderlecht,0.46,1.51,0,1,3917134
2023-01-22,Royal Antwerp,Standard Liège,1.87,0.88,4,1,3917133
2023-01-22,St.Truiden,Gent,0.33,1.06,0,3,3917147
2023-01-27,Standard Liège,Eupen,1.65,1.0,3,1,3917143
2023-01-28,Kortrijk,Oostende,1.22,2.71,2,2,3917140
2023-01-28,OH Leuven,St.Truiden,2.05,0.46,1,1,3917141
2023-01-28,Sporting Charleroi,Union St.Gilloise,0.32,0.92,0,1,3917136
2023-01-28,Westerlo,KV Mechelen,2.57,0.46,2,0,3917137
2023-01-29,Anderlecht,Royal Antwerp,0.26,1.05,0,0,3917144
2023-01-29,Cercle Brugge,Gent,1.19,1.61,3,2,3917139
2023-01-29,Genk,RFC Seraing,1.77,0.22,4,0,3917142
2023-01-29,Zulte Waregem,Club Brugge,1.54,2.0,1,2,3917138
2023-02-01,Eupen,Genk,1.22,1.89,1,1,3917146
2023-02-03,Oostende,Anderlecht,0.78,2.31,0,2,3917177
2023-02-04,Cercle Brugge,Standard Liège,0.98,1.17,1,1,3917172
2023-02-04,Eupen,Westerlo,1.11,1.35,1,1,3917176
2023-02-04,RFC Seraing,OH Leuven,1.36,1.43,2,1,3917152
2023-02-04,St.Truiden,Kortrijk,1.04,0.58,1,0,3917175
2023-02-05,Gent,Genk,1.53,1.56,2,3,3917135
2023-02-05,KV Mechelen,Sporting Charleroi,2.32,1.7,2,2,3917174
2023-02-05,Royal Antwerp,Club Brugge,0.39,0.26,0,0,3917151
2023-02-05,Union St.Gilloise,Zulte Waregem,1.76,0.26,4,0,3917173
2023-02-10,Club Brugge,Union St.Gilloise,1.68,1.68,1,1,3917178
2023-02-10,Eupen,KV Mechelen,1.11,1.6,2,1,3917186
2023-02-10,OH Leuven,Cercle Brugge,0.46,1.0,0,0,3917182
2023-02-11,Sporting Charleroi,RFC Seraing,2.13,0.17,3,0,3917185
2023-02-11,Westerlo,Gent,1.25,2.23,3,3,3917184
2023-02-12,Anderlecht,St.Truiden,2.07,0.34,3,1,3917179
2023-02-12,Genk,Royal Antwerp,1.11,0.71,0,1,3917181
2023-02-12,Standard Liège,Kortrijk,0.54,1.62,0,2,3917180
2023-02-12,Zulte Waregem,Oostende,1.31,0.36,1,1,3917183
2023-02-17,KV Mechelen,Genk,1.96,1.46,2,2,3917155
2023-02-18,Oostende,Sporting Charleroi,1.35,1.15,0,0,3917157
2023-02-18,RFC Seraing,Zulte Waregem,0.24,1.88,1,1,3917169
2023-02-18,Royal Antwerp,Eupen,2.27,0.18,2,0,3917171
2023-02-18,Union St.Gilloise,Standard Liège,1.85,2.7,2,4,3917154
2023-02-19,Cercle Brugge,Club Brugge,2.23,1.38,2,2,3917153
2023-02-19,Gent,OH Leuven,1.83,1.08,2,0,3917187
2023-02-19,Kortrijk,Anderlecht,2.54,2.31,2,2,3917170
2023-02-19,St.Truiden,Westerlo,0.26,1.78,0,1,3917156
2023-02-24,Zulte Waregem,Kortrijk,1.97,0.74,3,3,3917163
2023-02-25,Eupen,Cercle Brugge,2.07,1.89,2,2,3917166
2023-02-25,Genk,Oostende,1.59,0.92,3,0,3917160
2023-02-25,RFC Seraing,KV Mechelen,0.41,0.72,0,2,3917162
2023-02-25,Westerlo,Union St.Gilloise,2.56,1.52,4,2,3917164
2023-02-26,Anderlecht,Standard Liège,2.01,1.24,2,2,3917159
2023-02-26,Club Brugge,Gent,2.35,0.25,2,0,3917158
2023-02-26,OH Leuven,Royal Antwerp,1.48,2.1,1,1,3917161
2023-02-26,Sporting Charleroi,St.Truiden,2.92,1.51,1,0,3917165
2023-03-03,Oostende,Club Brugge,1.89,0.92,3,0,3917214
2023-03-04,Cercle Brugge,RFC Seraing,2.42,0.17,3,1,3917217
2023-03-04,Kortrijk,Sporting Charleroi,1.47,1.04,0,1,3917218
2023-03-04,OH Leuven,Zulte Waregem,2.94,2.09,4,2,3917229
2023-03-04,Standard Liège,Westerlo,3.0,0.3,2,0,3917167
2023-03-05,Gent,Anderlecht,1.06,0.76,1,0,3917168
2023-03-05,Royal Antwerp,KV Mechelen,3.09,0.53,5,0,3917188
2023-03-05,St.Truiden,Genk,0.91,1.71,2,2,3917215
2023-03-05,Union St.Gilloise,Eupen,0.69,1.48,2,1,3917216
2023-03-10,Sporting Charleroi,OH Leuven,1.35,0.77,0,1,3917226
2023-03-11,Eupen,Oostende,2.18,2.11,4,4,3917225
2023-03-11,KV Mechelen,St.Truiden,1.42,0.39,1,0,3917228
2023-03-11,RFC Seraing,Royal Antwerp,0.38,1.43,0,2,3917219
2023-03-11,Westerlo,Kortrijk,2.33,1.39,3,1,3917227
2023-03-12,Anderlecht,Cercle Brugge,3.32,0.74,2,0,3917212
2023-03-12,Club Brugge,Standard Liège,1.1,1.07,2,0,3917213
2023-03-12,Genk,Union St.Gilloise,1.69,0.97,1,2,3917211
2023-03-12,Zulte Waregem,Gent,1.45,1.53,2,6,3917220
2023-03-17,Cercle Brugge,Genk,1.6,0.94,1,1,3917209
2023-03-18,Kortrijk,Club Brugge,0.63,2.18,1,0,3917210
2023-03-18,Oostende,Westerlo,2.53,1.4,1,2,3917196
2023-03-18,St.Truiden,RFC Seraing,1.63,0.52,2,1,3917197
2023-03-18,Standard Liège,Zulte Waregem,2.32,0.84,2,2,3917224
2023-03-19,Gent,Eupen,2.03,0.88,3,0,3917223
2023-03-19,OH Leuven,Anderlecht,0.94,1.67,0,2,3917221
2023-03-19,Royal Antwerp,Sporting Charleroi,2.63,0.35,0,1,3917222
2023-03-19,Union St.Gilloise,KV Mechelen,1.71,1.19,2,1,3917208
2023-03-31,Zulte Waregem,Royal Antwerp,0.42,2.78,0,2,3917191
2023-04-01,Cercle Brugge,Kortrijk,2.29,0.44,2,0,3917193
2023-04-01,Oostende,Standard Liège,0.99,1.9,1,3,3917207
2023-04-01,RFC Seraing,Gent,0.29,2.96,0,5,3917194
2023-04-01,Westerlo,Sporting Charleroi,2.52,1.28,2,3,3917198
2023-04-02,Eupen,Anderlecht,0.68,0.58,0,1,3917199
2023-04-02,Genk,OH Leuven,3.26,1.63,2,1,3917195
2023-04-02,KV Mechelen,Club Brugge,0.2,2.1,0,3,3917190
2023-04-02,Union St.Gilloise,St.Truiden,1.21,0.34,2,1,3917192
2023-04-07,Club Brugge,RFC Seraing,2.29,0.39,2,0,3917206
2023-04-08,Gent,Union St.Gilloise,1.81,0.32,1,1,3917203
2023-04-08,Kortrijk,Eupen,1.07,0.98,0,0,3917200
2023-04-08,OH Leuven,KV Mechelen,3.43,0.76,4,1,3917201
2023-04-08,Sporting Charleroi,Zulte Waregem,2.68,1.68,3,2,3917230
2023-04-09,Anderlecht,Westerlo,0.9,1.71,0,0,3917205
2023-04-09,Royal Antwerp,Cercle Brugge,1.57,0.8,2,1,3917202
2023-04-09,St.Truiden,Oostende,4.44,0.49,5,0,3917189
2023-04-09,Standard Liège,Genk,2.28,1.37,2,0,3917204
2023-04-14,Standard Liège,Sporting Charleroi,2.1,1.34,3,1,3917242
2023-04-15,Cercle Brugge,St.Truiden,2.17,1.25,3,1,3917239
2023-04-15,Eupen,Zulte Waregem,1.76,3.26,1,5,3917235
2023-04-15,Oostende,OH Leuven,0.77,2.82,0,4,3917234
2023-04-15,Westerlo,Club Brugge,0.34,1.8,0,0,3917236
2023-04-16,Genk,Anderlecht,3.03,1.17,5,2,3917241
2023-04-16,KV Mechelen,Gent,0.29,1.79,1,1,3917237
2023-04-16,Royal Antwerp,Kortrijk,1.57,0.29,1,0,3917240
2023-04-16,Union St.Gilloise,RFC Seraing,1.37,0.61,2,1,3917238
2023-04-22,RFC Seraing,Westerlo,1.31,1.25,1,1,3917245
2023-04-23,Anderlecht,KV Mechelen,1.56,1.23,2,3,3917232
2023-04-23,Club Brugge,Eupen,3.66,0.43,7,0,3917233
2023-04-23,Gent,Oostende,2.29,1.6,1,2,3917231
2023-04-23,Kortrijk,Union St.Gilloise,1.54,2.35,2,4,3917244
2023-04-23,OH Leuven,Standard Liège,2.04,1.18,3,2,3917243
2023-04-23,Sporting Charleroi,Genk,1.28,0.57,2,2,3917248
2023-04-23,St.Truiden,Royal Antwerp,0.39,0.99,0,1,3917247
2023-04-23,Zulte Waregem,Cercle Brugge,0.99,4.24,2,3,3917246
2023-04-28,Gent,Westerlo,1.92,0.84,3,1,4161631
2023-04-29,Cercle Brugge,Standard Liège,1.27,0.66,0,0,4161645
2023-04-30,Genk,Club Brugge,1.12,2.01,3,1,4161630
2023-05-03,Union St.Gilloise,Royal Antwerp,1.15,0.99,0,2,4161644
2023-05-06,Club Brugge,Union St.Gilloise,0.81,0.78,1,2,4161643
2023-05-06,Standard Liège,Gent,0.84,0.66,1,2,4161637
2023-05-07,Royal Antwerp,Genk,2.38,1.38,2,1,4161642
2023-05-07,Westerlo,Cercle Brugge,1.86,3.4,3,5,4161636
2023-05-13,Cercle Brugge,Gent,0.62,3.09,0,4,4161635
2023-05-13,Standard Liège,Westerlo,1.57,1.92,2,2,4161634
2023-05-14,Royal Antwerp,Club Brugge,1.59,1.22,3,2,4161641
2023-05-14,Union St.Gilloise,Genk,1.6,0.57,3,0,4161640
2023-05-20,Gent,Cercle Brugge,2.63,2.28,2,2,4161632
2023-05-20,Westerlo,Standard Liège,1.77,0.7,3,0,4161633
2023-05-21,Club Brugge,Royal Antwerp,0.71,0.77,2,0,4161639
2023-05-21,Genk,Union St.Gilloise,1.43,1.91,1,1,4161638
2023-05-27,Standard Liège,Cercle Brugge,1.13,3.7,0,4,4161652
2023-05-27,Westerlo,Gent,0.81,0.72,1,3,4161651
2023-05-28,Club Brugge,Genk,1.89,2.68,1,3,4161648
2023-05-28,Royal Antwerp,Union St.Gilloise,1.12,0.42,1,1,4161647
2023-06-03,Cercle Brugge,Westerlo,2.23,0.69,2,0,4161653
2023-06-03,Gent,Standard Liège,2.75,0.9,3,1,4161654
2023-06-04,Genk,Royal Antwerp,0.91,0.99,2,2,4161649
2023-06-04,Union St.Gilloise,Club Brugge,1.31,1.68,1,3,4161650
2023-07-28,Union St.Gilloise,Anderlecht,1.69,0.51,2,0,4206184
2023-07-29,Eupen,Westerlo,1.06,2.43,2,2,4206194
2023-07-29,RWDM Brussels,Genk,1.01,3.81,0,4,4206192
2023-07-29,Sporting Charleroi,OH Leuven,0.97,2.42,1,1,4206193
2023-07-30,Club Brugge,KV Mechelen,2.22,0.89,1,1,4206189
2023-07-30,Gent,Kortrijk,1.63,1.45,3,2,4206190
2023-07-30,Royal Antwerp,Cercle Brugge,1.34,0.57,1,0,4206191
2023-07-30,St.Truiden,Standard Liège,0.78,0.54,1,0,4206188
2023-08-04,Standard Liège,Union St.Gilloise,0.23,2.69,0,1,4206187
2023-08-05,Cercle Brugge,Sporting Charleroi,2.41,0.64,2,0,4206185
2023-08-05,Genk,Eupen,2.2,0.39,0,1,4206186
2023-08-05,OH Leuven,RWDM Brussels,1.3,2.23,1,2,4206233
2023-08-06,Anderlecht,Royal Antwerp,1.43,1.03,1,0,4206216
2023-08-06,KV Mechelen,Gent,1.76,1.78,0,1,4206217
2023-08-06,Kortrijk,St.Truiden,0.73,0.91,0,1,4206219
2023-08-06,Westerlo,Club Brugge,0.44,3.27,0,1,4206218
2023-08-11,Royal Antwerp,Kortrijk,3.58,0.21,6,0,4206220
2023-08-12,RWDM Brussels,KV Mechelen,1.96,0.48,1,0,4206221
2023-08-12,Union St.Gilloise,OH Leuven,3.13,0.15,5,1,4206222
2023-08-13,Cercle Brugge,Genk,0.57,0.59,0,1,4206223
2023-08-13,Eupen,Club Brugge,0.59,2.44,0,5,4206225
2023-08-13,Sporting Charleroi,Standard Liège,1.52,0.98,1,1,4206226
2023-08-13,St.Truiden,Anderlecht,1.35,0.66,0,1,4206224
2023-08-13,Westerlo,Gent,2.05,1.97,1,3,4206227
2023-08-18,OH Leuven,Royal Antwerp,0.54,0.53,1,1,4206228
2023-08-19,KV Mechelen,Union St.Gilloise,0.88,0.59,4,0,4206231
2023-08-19,Standard Liège,Cercle Brugge,0.61,1.19,0,1,4206229
2023-08-20,Anderlecht,Westerlo,1.88,0.97,2,1,4206232
2023-08-20,Club Brugge,RWDM Brussels,3.17,0.88,7,1,4206214
2023-08-20,Genk,Sporting Charleroi,2.3,0.56,0,0,4206230
2023-08-20,Gent,St.Truiden,1.99,0.82,2,2,4206215
2023-08-20,Kortrijk,Eupen,0.97,1.9,1,3,4206213
2023-08-26,Eupen,OH Leuven,1.86,2.71,3,1,4206200
2023-08-26,Kortrijk,Standard Liège,2.53,1.46,1,1,4206199
2023-08-26,Westerlo,KV Mechelen,0.82,1.61,2,3,4206196
2023-08-27,Anderlecht,Sporting Charleroi,1.5,2.23,2,1,4206195
2023-08-27,St.Truiden,Cercle Brugge,1.31,3.96,0,2,4206201
2023-09-01,OH Leuven,Kortrijk,2.28,1.18,3,0,4206203
2023-09-02,Cercle Brugge,Westerlo,1.81,0.79,2,1,4206204
2023-09-02,KV Mechelen,Eupen,1.55,0.66,1,0,4206212
2023-09-02,Standard Liège,RWDM Brussels,0.76,0.9,1,1,4206211
2023-09-03,Genk,Anderlecht,1.05,0.62,1,1,4206208
2023-09-03,Gent,Club Brugge,1.23,0.93,2,1,4206210
2023-09-03,Sporting Charleroi,St.Truiden,2.33,1.4,1,1,4206207
2023-09-03,Union St.Gilloise,Royal Antwerp,3.06,1.26,2,2,4206209
2023-09-15,Westerlo,Royal Antwerp,0.53,1.55,0,3,4206206
2023-09-16,Club Brugge,Sporting Charleroi,2.5,0.6,4,2,4206235
2023-09-16,RWDM Brussels,Cercle Brugge,2.05,1.7,2,1,4206205
2023-09-16,Union St.Gilloise,Genk,1.98,2.01,0,2,4206234
2023-09-17,Eupen,Standard Liège,1.25,1.73,1,3,4206283
2023-09-17,Kortrijk,Anderlecht,2.13,1.55,2,2,4206270
2023-09-17,OH Leuven,Gent,1.64,2.14,1,1,4206269
2023-09-17,St.Truiden,KV Mechelen,1.6,1.05,2,0,4206268
2023-09-22,Standard Liège,Westerlo,0.77,0.18,0,0,4206261
2023-09-23,KV Mechelen,OH Leuven,1.14,2.01,1,2,4206262
2023-09-23,Royal Antwerp,RWDM Brussels,2.32,0.23,0,0,4206266
2023-09-23,Sporting Charleroi,Kortrijk,0.92,0.76,1,0,4206271
2023-09-24,Anderlecht,Club Brugge,0.93,0.44,1,1,4206263
2023-09-24,Cercle Brugge,Union St.Gilloise,0.9,1.54,0,2,4206265
2023-09-24,Genk,St.Truiden,1.89,1.5,3,3,4206264
2023-09-24,Gent,Eupen,2.06,1.26,2,1,4206267
2023-09-27,Royal Antwerp,Gent,0.59,0.54,0,0,4206202
2023-09-28,Club Brugge,Genk,1.48,1.46,1,1,4206197
2023-09-28,RWDM Brussels,Union St.Gilloise,2.01,1.99,2,3,4206198
2023-09-29,Kortrijk,Cercle Brugge,1.55,1.78,2,1,4206281
2023-09-30,Eupen,Anderlecht,1.03,2.27,1,3,4206276
2023-09-30,KV Mechelen,Royal Antwerp,1.37,1.62,0,0,4206272
2023-09-30,OH Leuven,Standard Liège,1.28,1.77,1,2,4206279
2023-10-01,Club Brugge,St.Truiden,1.81,0.64,1,1,4206277
2023-10-01,Genk,Westerlo,2.17,1.12,3,3,4206278
2023-10-01,RWDM Brussels,Gent,0.79,2.4,1,1,4206280
2023-10-01,Union St.Gilloise,Sporting Charleroi,2.37,0.32,3,1,4206282
2023-10-06,Sporting Charleroi,RWDM Brussels,2.5,1.26,2,1,4206275
2023-10-07,Anderlecht,KV Mechelen,3.04,0.88,3,1,4206274
2023-10-07,Cercle Brugge,OH Leuven,1.62,1.46,3,2,4206246
2023-10-07,Westerlo,Kortrijk,1.24,0.97,1,0,4206244
2023-10-08,Gent,Genk,1.61,1.82,1,1,4206245
2023-10-08,Royal Antwerp,Eupen,4.91,0.77,4,1,4206273
2023-10-08,St.Truiden,Union St.Gilloise,0.79,2.57,0,4,4206259
2023-10-08,Standard Liège,Club Brugge,0.49,1.51,2,1,4206260
2023-10-20,Union St.Gilloise,Eupen,3.49,1.11,4,1,4206239
2023-10-21,Kortrijk,Club Brugge,0.61,2.35,1,0,4206238
2023-10-21,RWDM Brussels,Westerlo,0.87,1.23,1,1,4206243
2023-10-21,Sporting Charleroi,Royal Antwerp,2.72,1.21,3,2,4206247
2023-10-22,Cercle Brugge,Gent,1.53,0.42,2,0,4206240
2023-10-22,Genk,KV Mechelen,1.53,1.31,4,0,4206237
2023-10-22,OH Leuven,St.Truiden,2.21,0.91,4,0,4206242
2023-10-22,Standard Liège,Anderlecht,1.59,1.52,3,2,4206241
2023-10-27,St.Truiden,RWDM Brussels,1.29,1.25,2,1,4206252
2023-10-28,Anderlecht,OH Leuven,1.65,0.84,5,1,4206258
2023-10-28,Eupen,Sporting Charleroi,0.72,1.16,2,0,4206257
2023-10-28,KV Mechelen,Cercle Brugge,1.38,2.63,0,2,4206256
2023-10-29,Club Brugge,Royal Antwerp,1.02,0.39,2,1,4206248
2023-10-29,Gent,Standard Liège,2.6,2.26,3,1,4206253
2023-10-29,Kortrijk,Genk,0.75,2.36,0,3,4206255
2023-10-29,Westerlo,Union St.Gilloise,0.65,2.26,1,3,4206254
2023-11-03,St.Truiden,Eupen,1.09,0.19,1,1,4206313
2023-11-04,OH Leuven,Westerlo,0.49,1.04,0,2,4206249
2023-11-04,RWDM Brussels,Kortrijk,0.88,0.42,1,1,4206312
2023-11-04,Royal Antwerp,Genk,2.75,2.35,3,2,4206326
2023-11-05,Cercle Brugge,Anderlecht,1.06,1.13,0,3,4206314
2023-11-05,Sporting Charleroi,Gent,1.05,2.87,1,3,4206236
2023-11-05,Standard Liège,KV Mechelen,0.89,1.5,1,1,4206251
2023-11-05,Union St.Gilloise,Club Brugge,2.58,0.34,2,1,4206250
2023-11-10,Westerlo,St.Truiden,1.08,1.13,3,3,4206311
2023-11-11,Eupen,RWDM Brussels,1.11,2.02,1,3,4206307
2023-11-11,KV Mechelen,Sporting Charleroi,2.92,0.43,1,0,4206316
2023-11-11,Royal Antwerp,Standard Liège,4.06,0.08,6,0,4206317
2023-11-12,Club Brugge,Cercle Brugge,1.82,1.78,0,0,4206310
2023-11-12,Genk,OH Leuven,3.54,0.38,3,1,4206308
2023-11-12,Gent,Anderlecht,0.39,1.16,1,1,4206315
2023-11-12,Union St.Gilloise,Kortrijk,2.98,0.48,3,0,4206309
2023-11-24,St.Truiden,Royal Antwerp,0.57,0.9,1,1,4206325
2023-11-25,Cercle Brugge,Eupen,3.02,0.72,2,0,4206324
2023-11-25,Sporting Charleroi,Westerlo,1.64,1.0,3,2,4206319
2023-11-25,Standard Liège,Genk,0.98,1.1,1,0,4206322
2023-11-26,Anderlecht,RWDM Brussels,3.53,0.47,2,1,4206320
2023-11-26,Gent,Union St.Gilloise,1.35,0.76,1,1,4206323
2023-11-26,Kortrijk,KV Mechelen,0.83,1.25,0,3,4206318
2023-11-26,OH Leuven,Club Brugge,0.48,2.59,0,1,4206321
2023-12-01,Westerlo,Anderlecht,1.44,3.23,1,3,4206305
2023-12-02,Eupen,Kortrijk,1.21,0.58,1,1,4206291
2023-12-02,RWDM Brussels,Sporting Charleroi,0.81,1.16,0,0,4206306
2023-12-02,Royal Antwerp,OH Leuven,1.76,0.95,1,0,4206290
2023-12-03,Club Brugge,Standard Liège,1.1,0.5,2,0,4206288
2023-12-03,Genk,Gent,2.56,1.7,2,2,4206304
2023-12-03,KV Mechelen,St.Truiden,0.35,1.59,0,2,4206289
2023-12-03,Union St.Gilloise,Cercle Brugge,1.7,1.35,2,1,4206292
2023-12-08,Kortrijk,Westerlo,1.06,1.79,1,2,4206295
2023-12-09,Cercle Brugge,Royal Antwerp,1.58,1.43,1,3,4206293
2023-12-09,Gent,RWDM Brussels,4.94,0.48,4,0,4206285
2023-12-09,St.Truiden,OH Leuven,2.11,0.12,1,1,4206302
2023-12-10,Anderlecht,Standard Liège,2.32,1.27,2,2,4206286
2023-12-10,Eupen,Genk,0.7,2.99,1,3,4206303
2023-12-10,KV Mechelen,Club Brugge,0.27,1.48,0,0,4206294
2023-12-10,Sporting Charleroi,Union St.Gilloise,0.84,1.57,1,3,4206287
2023-12-15,Westerlo,Eupen,2.56,1.39,2,0,4206300
2023-12-16,OH Leuven,Cercle Brugge,0.86,1.46,1,2,4206327
2023-12-16,RWDM Brussels,St.Truiden,1.55,0.52,3,0,4206301
2023-12-16,Standard Liège,Sporting Charleroi,0.28,0.59,0,0,4206284
2023-12-17,Club Brugge,Gent,2.21,0.35,2,0,4206297
2023-12-17,Genk,Kortrijk,4.1,0.19,4,0,4206298
2023-12-17,Royal Antwerp,Anderlecht,2.35,1.4,1,1,4206299
2023-12-17,Union St.Gilloise,KV Mechelen,1.43,0.94,1,0,4206296
2023-12-20,Cercle Brugge,Kortrijk,3.48,0.23,3,0,4206329
2023-12-20,KV Mechelen,Standard Liège,3.69,1.19,3,0,4206353
2023-12-21,Gent,OH Leuven,2.23,0.47,4,0,4206332
2023-12-22,RWDM Brussels,Club Brugge,0.98,4.37,1,6,4206333
2023-12-23,Anderlecht,Genk,1.11,2.98,2,1,4206331
2023-12-23,Eupen,Union St.Gilloise,0.63,2.78,1,2,4206334
2023-12-23,Royal Antwerp,Westerlo,1.6,1.06,2,2,4206328
2023-12-23,St.Truiden,Sporting Charleroi,2.1,0.23,1,0,4206330
2023-12-26,Club Brugge,Union St.Gilloise,1.66,0.89,1,1,4206358
2023-12-26,Genk,Royal Antwerp,1.84,0.07,3,0,4206355
2023-12-26,Kortrijk,Gent,0.6,2.23,0,2,4206354
2023-12-26,OH Leuven,Eupen,1.78,1.28,3,0,4206359
2023-12-26,Westerlo,RWDM Brussels,1.91,1.33,3,0,4206357
2023-12-27,Anderlecht,Cercle Brugge,1.41,0.92,2,0,4206356
2023-12-27,Sporting Charleroi,KV Mechelen,1.98,0.94,3,1,4206360
2023-12-27,Standard Liège,St.Truiden,1.15,0.9,1,1,4206361
2024-01-19,Gent,KV Mechelen,1.72,1.4,1,2,4206368
2024-01-20,Club Brugge,Westerlo,4.12,0.08,3,0,4206364
2024-01-20,Genk,Cercle Brugge,0.84,3.49,1,1,4206352
2024-01-20,Standard Liège,Kortrijk,2.18,0.39,0,1,4206362
2024-01-21,OH Leuven,Anderlecht,0.8,0.76,1,1,4206365
2024-01-21,Royal Antwerp,Sporting Charleroi,2.4,0.75,4,1,4206363
2024-01-21,Union St.Gilloise,St.Truiden,1.85,0.7,2,1,4206366
2024-01-24,RWDM Brussels,Eupen,0.32,1.67,0,1,4206367
2024-01-26,Cercle Brugge,Standard Liège,1.04,1.68,1,1,4206336
2024-01-27,Gent,Westerlo,1.0,2.11,2,2,4206338
2024-01-27,Kortrijk,OH Leuven,0.75,0.35,0,0,4206335
2024-01-27,Sporting Charleroi,Club Brugge,1.46,2.4,1,4,4206339
2024-01-28,Anderlecht,Union St.Gilloise,1.17,1.52,2,2,4206341
2024-01-28,Eupen,Royal Antwerp,0.75,1.78,1,0,4206340
2024-01-28,KV Mechelen,RWDM Brussels,4.12,1.06,3,1,4206337
2024-01-28,St.Truiden,Genk,1.76,2.11,1,1,4206351
2024-01-30,Club Brugge,Kortrijk,3.38,1.1,3,3,4206347
2024-01-30,Westerlo,Cercle Brugge,3.02,1.17,4,2,4206349
2024-01-31,OH Leuven,Genk,1.51,0.97,2,1,4206348
2024-01-31,Sporting Charleroi,Eupen,1.24,0.66,1,0,4206345
2024-01-31,Standard Liège,Royal Antwerp,0.83,0.14,0,1,4206342
2024-01-31,Union St.Gilloise,RWDM Brussels,2.91,0.82,3,2,4206344
2024-02-01,KV Mechelen,Anderlecht,1.61,1.27,2,2,4206346
2024-02-01,St.Truiden,Gent,3.27,0.36,4,1,4206343
2024-02-03,Genk,Union St.Gilloise,0.79,0.88,0,1,4206379
2024-02-03,Kortrijk,Sporting Charleroi,0.68,0.48,1,0,4206369
2024-02-03,RWDM Brussels,Standard Liège,1.64,1.77,2,2,4206380
2024-02-03,Westerlo,OH Leuven,0.94,2.3,0,3,4206381
2024-02-04,Anderlecht,Gent,1.65,0.59,1,0,4206382
2024-02-04,Cercle Brugge,St.Truiden,2.9,1.49,4,1,4206350
2024-02-04,Eupen,KV Mechelen,1.09,0.31,0,1,4206383
2024-02-04,Royal Antwerp,Club Brugge,0.78,1.41,2,1,4206378
2024-02-09,St.Truiden,Kortrijk,1.58,0.87,1,0,4206373
2024-02-10,Club Brugge,Eupen,2.27,0.19,4,0,4206371
2024-02-10,Standard Liège,OH Leuven,0.63,0.36,1,0,4206372
2024-02-10,Union St.Gilloise,Westerlo,1.95,1.96,2,2,4206370
2024-02-11,Gent,Cercle Brugge,2.18,1.28,1,2,4206375
2024-02-11,KV Mechelen,Genk,0.93,1.35,1,1,4206374
2024-02-11,RWDM Brussels,Royal Antwerp,0.27,3.37,0,4,4206377
2024-02-11,Sporting Charleroi,Anderlecht,1.19,1.38,1,3,4206376
2024-02-16,Westerlo,Standard Liège,,,2,1,4206400
2024-02-17,Genk,RWDM Brussels,3.49,0.81,3,1,4206404
2024-02-17,OH Leuven,Sporting Charleroi,0.98,0.29,0,0,4206403
2024-02-17,Royal Antwerp,KV Mechelen,1.7,1.35,0,1,4206399
2024-02-18,Anderlecht,St.Truiden,3.12,1.37,4,1,4206384
2024-02-18,Cercle Brugge,Club Brugge,0.41,1.62,1,1,4206405
2024-02-18,Eupen,Gent,0.93,1.0,0,2,4206402
2024-02-18,Kortrijk,Union St.Gilloise,0.61,2.32,1,3,4206401
2024-02-23,Sporting Charleroi,Genk,0.38,1.24,0,1,4206409
2024-02-24,KV Mechelen,Kortrijk,1.22,0.62,3,0,4206408
2024-02-24,RWDM Brussels,OH Leuven,1.17,0.9,1,1,4206398
2024-02-24,St.Truiden,Westerlo,1.82,1.46,1,0,4206406
2024-02-25,Club Brugge,Anderlecht,1.74,1.47,1,2,4206385
2024-02-25,Eupen,Cercle Brugge,1.31,1.84,0,2,4206410
2024-02-25,Gent,Royal Antwerp,2.51,2.0,2,2,4206407
2024-02-25,Union St.Gilloise,Standard Liège,1.62,0.38,2,1,4206397
2024-03-01,Westerlo,Sporting Charleroi,1.34,1.13,0,1,4206391
2024-03-02,Cercle Brugge,KV Mechelen,0.86,2.83,2,3,4206392
2024-03-02,OH Leuven,Union St.Gilloise,0.5,1.98,0,2,4206388
2024-03-02,Standard Liège,Gent,2.52,1.43,4,2,4206393
2024-03-03,Anderlecht,Eupen,1.34,1.35,1,0,4206389
2024-03-03,Genk,Club Brugge,1.44,1.58,0,3,4206387
2024-03-03,Kortrijk,RWDM Brussels,2.48,2.41,3,2,4206390
2024-03-03,Royal Antwerp,St.Truiden,3.07,0.21,3,0,4206386
2024-03-08,KV Mechelen,Westerlo,2.52,2.06,3,1,4206395
2024-03-09,Kortrijk,Royal Antwerp,0.12,0.74,0,1,4206396
2024-03-09,RWDM Brussels,Anderlecht,0.86,2.48,0,3,4206412
2024-03-09,Sporting Charleroi,Cercle Brugge,1.11,0.81,0,0,4206415
2024-03-10,Club Brugge,OH Leuven,1.96,0.99,3,1,4206394
2024-03-10,Eupen,St.Truiden,0.89,1.46,1,0,4206411
2024-03-10,Genk,Standard Liège,2.05,0.41,1,0,4206414
2024-03-10,Union St.Gilloise,Gent,1.49,0.87,1,1,4206413
2024-03-16,Anderlecht,Kortrijk,1.13,0.59,0,1,4206423
2024-03-16,Standard Liège,Eupen,2.21,0.44,4,0,4206417
2024-03-17,Cercle Brugge,RWDM Brussels,2.65,0.48,4,0,4206418
2024-03-17,Gent,Sporting Charleroi,2.26,0.7,5,0,4206421
2024-03-17,OH Leuven,KV Mechelen,0.9,0.79,1,0,4206422
2024-03-17,Royal Antwerp,Union St.Gilloise,1.14,1.06,1,1,4206419
2024-03-17,St.Truiden,Club Brugge,1.6,2.08,2,1,4206420
2024-03-17,Westerlo,Genk,1.37,1.09,1,1,4206424
2024-03-29,Gent,Standard Liège,2.25,0.62,5,1,4449381
2024-03-30,Anderlecht,Royal Antwerp,1.29,0.71,1,0,4449339
2024-03-30,OH Leuven,KV Mechelen,1.74,2.78,2,3,4449380
2024-03-31,St.Truiden,Westerlo,1.96,0.99,2,0,4449379
2024-04-01,Cercle Brugge,Club Brugge,1.59,3.74,1,1,4449326
2024-04-01,Genk,Union St.Gilloise,1.04,1.25,1,0,4449319
2024-04-05,KV Mechelen,St.Truiden,3.01,1.12,2,3,4449378
2024-04-06,Royal Antwerp,Genk,0.67,2.07,0,1,4449325
2024-04-06,Sporting Charleroi,RWDM Brussels,0.85,1.53,0,0,4449340
2024-04-06,Standard Liège,OH Leuven,1.17,0.46,0,0,4449377
2024-04-07,Club Brugge,Anderlecht,1.98,1.99,3,1,4449323
2024-04-07,Eupen,Kortrijk,0.23,1.09,1,1,4449341
2024-04-07,Union St.Gilloise,Cercle Brugge,2.47,1.49,2,3,4449324
2024-04-07,Westerlo,Gent,0.22,3.8,0,3,4449376
2024-04-12,St.Truiden,Standard Liège,2.06,2.49,3,3,4449375
2024-04-13,Genk,Cercle Brugge,1.14,1.28,1,1,4449322
2024-04-13,KV Mechelen,Westerlo,3.61,1.37,3,2,4449374
2024-04-13,RWDM Brussels,Eupen,1.54,2.27,3,1,4449342
2024-04-14,Anderlecht,Union St.Gilloise,0.85,2.51,2,1,4449320
2024-04-14,Club Brugge,Royal Antwerp,1.48,0.49,3,0,4449321
2024-04-14,Kortrijk,Sporting Charleroi,0.78,1.26,1,2,4449343
2024-04-14,OH Leuven,Gent,0.88,2.21,2,1,4449373
2024-04-20,Genk,Anderlecht,3.4,0.6,2,1,4449310
2024-04-20,Gent,KV Mechelen,2.78,0.81,3,1,4449370
2024-04-20,OH Leuven,St.Truiden,1.68,0.1,1,0,4449372
2024-04-20,Westerlo,Standard Liège,3.13,1.12,3,3,4449371
2024-04-21,Cercle Brugge,Royal Antwerp,0.93,1.71,0,1,4449318
2024-04-21,Kortrijk,RWDM Brussels,1.89,2.87,2,4,4449344
2024-04-21,Sporting Charleroi,Eupen,2.93,0.61,1,0,4449345
2024-04-21,Union St.Gilloise,Club Brugge,1.13,0.98,1,2,4449317
2024-04-23,St.Truiden,Gent,2.84,1.82,0,2,4449368
2024-04-23,Standard Liège,KV Mechelen,1.57,0.19,0,0,4449352
2024-04-23,Westerlo,OH Leuven,1.04,1.13,1,1,4449369
2024-04-24,Anderlecht,Cercle Brugge,1.99,0.56,3,0,4449316
2024-04-24,Club Brugge,Genk,1.97,0.94,4,0,4449315
2024-04-25,Royal Antwerp,Union St.Gilloise,0.22,1.53,0,3,4449314
2024-04-26,Eupen,Sporting Charleroi,1.18,0.87,1,2,4449346
2024-04-27,Gent,Westerlo,2.45,1.89,3,2,4449365
2024-04-27,KV Mechelen,OH Leuven,2.78,1.6,3,0,4449367
2024-04-27,Standard Liège,St.Truiden,2.32,1.75,1,1,4449366
2024-04-28,Cercle Brugge,Anderlecht,1.34,2.58,1,1,4449312
2024-04-28,Genk,Club Brugge,0.68,1.01,0,3,4449313
2024-04-28,RWDM Brussels,Kortrijk,1.0,1.19,0,1,4449347
2024-04-28,Union St.Gilloise,Royal Antwerp,1.54,0.29,4,1,4449311
2024-05-03,Westerlo,St.Truiden,2.18,1.95,2,2,4449364
2024-05-04,Cercle Brugge,Genk,2.66,2.35,4,1,4449327
2024-05-04,KV Mechelen,Gent,0.78,1.55,2,4,4449363
2024-05-04,RWDM Brussels,Sporting Charleroi,0.83,1.75,1,3,4449348
2024-05-05,Kortrijk,Eupen,1.57,0.53,1,0,4449349
2024-05-05,OH Leuven,Standard Liège,2.34,0.39,3,1,4449362
2024-05-05,Royal Antwerp,Club Brugge,1.17,0.55,1,2,4449328
2024-05-05,Union St.Gilloise,Anderlecht,1.07,1.04,0,0,4449329
2024-05-11,Anderlecht,Genk,1.17,1.4,2,1,4449330
2024-05-11,Eupen,RWDM Brussels,0.71,1.33,2,0,4449350
2024-05-11,Sporting Charleroi,Kortrijk,2.12,0.81,3,1,4449351
2024-05-12,Gent,OH Leuven,1.88,1.02,0,1,4449360
2024-05-12,Royal Antwerp,Cercle Brugge,1.33,1.75,1,2,4449331
2024-05-12,St.Truiden,KV Mechelen,1.18,0.92,2,1,4449359
2024-05-13,Club Brugge,Union St.Gilloise,3.25,1.57,2,2,4449332
2024-05-17,St.Truiden,OH Leuven,0.96,1.06,1,1,4449358
2024-05-18,Standard Liège,Gent,0.67,2.31,1,4,4449356
2024-05-18,Westerlo,KV Mechelen,1.25,2.8,0,2,4449357
2024-05-19,Anderlecht,Club Brugge,0.8,1.42,0,1,4449334
2024-05-19,Cercle Brugge,Union St.Gilloise,0.68,1.21,1,2,4449333
2024-05-20,Genk,Royal Antwerp,1.18,1.67,1,0,4449335
2024-05-25,Gent,St.Truiden,1.3,1.07,2,0,4449353
2024-05-25,KV Mechelen,Standard Liège,1.66,0.93,3,2,4449354
2024-05-25,OH Leuven,Westerlo,2.09,1.87,1,2,4449355
2024-05-26,Club Brugge,Cercle Brugge,1.07,0.15,0,0,4449338
2024-05-26,Royal Antwerp,Anderlecht,1.4,1.63,3,1,4449337
2024-05-26,Union St.Gilloise,Genk,2.36,0.37,2,0,4449336
2024-06-02,Genk,Gent,0.5,0.74,0,1,4485532
2024-07-26,Club Brugge,KV Mechelen,1.93,0.56,1,1,4499628
2024-07-27,Anderlecht,St.Truiden,1.07,0.06,1,0,4499620
2024-07-27,Beerschot,OH Leuven,0.1,0.51,0,0,4499619
2024-07-27,FCV Dender EH,Union St.Gilloise,0.43,0.8,0,0,4499633
2024-07-28,Genk,Standard Liège,1.78,0.09,0,0,4499621
2024-07-28,Kortrijk,Gent,1.18,0.7,0,1,4499622
2024-07-28,Sporting Charleroi,Royal Antwerp,0.85,2.02,0,1,4499623
2024-07-28,Westerlo,Cercle Brugge,2.17,0.8,3,0,4499624
2024-08-02,Union St.Gilloise,Beerschot,1.81,0.5,3,1,4499625
2024-08-03,KV Mechelen,Westerlo,1.4,2.56,2,4,4499626
2024-08-03,OH Leuven,Genk,1.33,2.42,3,1,4499627
2024-08-03,St.Truiden,Sporting Charleroi,0.29,2.96,1,4,4499618
2024-08-04,Cercle Brugge,Kortrijk,2.34,1.71,1,2,4499630
2024-08-04,Gent,FCV Dender EH,1.14,1.14,1,2,4499632
2024-08-04,Royal Antwerp,Anderlecht,2.51,0.69,1,2,4499629
2024-08-04,Standard Liège,Club Brugge,0.68,0.95,1,0,4499631
2024-08-09,Standard Liège,KV Mechelen,0.7,0.52,0,0,4499634
2024-08-10,Anderlecht,OH Leuven,1.5,0.74,1,1,4499609
2024-08-10,FCV Dender EH,Kortrijk,1.49,0.33,4,1,4499635
2024-08-10,Westerlo,Union St.Gilloise,3.72,2.4,4,3,4499636
2024-08-11,Cercle Brugge,Beerschot,3.75,1.05,4,1,4499603
2024-08-11,Genk,Club Brugge,2.39,1.91,3,2,4499600
2024-08-11,Royal Antwerp,St.Truiden,2.06,1.25,6,1,4499601
2024-08-11,Sporting Charleroi,Gent,2.16,0.71,1,0,4499602
2024-08-16,Union St.Gilloise,Sporting Charleroi,1.82,0.16,1,0,4499604
2024-08-17,Beerschot,Genk,1.74,2.4,3,4,4499605
2024-08-17,KV Mechelen,Anderlecht,2.0,2.65,1,3,4499607
2024-08-17,St.Truiden,FCV Dender EH,1.75,0.91,3,3,4499606
2024-08-18,Club Brugge,Royal Antwerp,1.82,1.49,1,0,4499608
2024-08-18,Gent,Westerlo,2.57,0.94,4,1,4499611
2024-08-18,Kortrijk,Standard Liège,1.69,0.47,1,0,4499610
2024-08-18,OH Leuven,Cercle Brugge,2.18,0.6,1,1,4499599
2024-08-24,Royal Antwerp,KV Mechelen,1.91,1.53,0,1,4499615
2024-08-24,Westerlo,OH Leuven,1.31,0.72,1,1,4499614
2024-08-25,FCV Dender EH,Club Brugge,1.25,1.09,1,2,4499616
2024-08-25,Sporting Charleroi,Kortrijk,0.9,0.38,1,0,4499638
2024-08-25,St.Truiden,Union St.Gilloise,0.34,1.14,0,0,4499617
2024-08-25,Standard Liège,Beerschot,1.82,1.04,1,0,4499637
2024-08-30,Genk,Westerlo,1.68,0.53,1,0,4499639
2024-08-31,Beerschot,FCV Dender EH,1.44,2.71,1,2,4499641
2024-08-31,KV Mechelen,Sporting Charleroi,2.48,2.97,5,2,4499661
2024-08-31,OH Leuven,Standard Liège,1.72,0.34,2,0,4499642
2024-09-01,Club Brugge,Cercle Brugge,3.39,0.78,3,0,4499643
2024-09-01,Gent,Royal Antwerp,2.29,0.85,1,1,4499644
2024-09-01,Kortrijk,St.Truiden,1.44,0.76,1,1,4499640
2024-09-01,Union St.Gilloise,Anderlecht,2.33,0.81,0,0,4499645
2024-09-13,FCV Dender EH,Standard Liège,0.94,2.09,0,2,4499674
2024-09-14,Anderlecht,Westerlo,1.73,1.44,2,2,4499670
2024-09-14,Cercle Brugge,Genk,0.82,4.52,2,3,4499673
2024-09-14,Kortrijk,Club Brugge,0.39,2.44,0,3,4499672
2024-09-15,Gent,KV Mechelen,1.79,2.05,2,0,4499667
2024-09-15,Royal Antwerp,Union St.Gilloise,1.76,1.22,2,0,4499671
2024-09-15,Sporting Charleroi,Beerschot,3.24,0.57,3,0,4499668
2024-09-15,St.Truiden,OH Leuven,0.57,1.34,2,1,4499669
2024-09-17,Anderlecht,Genk,1.58,3.59,0,2,4499612
2024-09-20,Standard Liège,Union St.Gilloise,0.58,2.07,0,0,4499663
2024-09-21,Anderlecht,Sporting Charleroi,1.09,1.09,0,0,4499665
2024-09-21,Beerschot,St.Truiden,0.71,2.05,0,3,4499662
2024-09-21,Westerlo,Royal Antwerp,1.97,1.08,1,2,4499659
2024-09-22,Club Brugge,Gent,3.19,1.82,2,4,4499666
2024-09-22,Genk,FCV Dender EH,2.34,0.43,4,0,4499664
2024-09-22,KV Mechelen,Cercle Brugge,1.35,0.56,2,0,4499660
2024-09-22,OH Leuven,Kortrijk,1.26,0.69,1,1,4499646
2024-09-26,Cercle Brugge,Gent,2.12,0.4,2,1,4499613
2024-09-27,Sporting Charleroi,Club Brugge,1.64,1.45,1,1,4499652
2024-09-28,FCV Dender EH,Anderlecht,1.55,1.7,1,1,4499651
2024-09-28,Genk,KV Mechelen,1.8,1.29,2,1,4499657
2024-09-28,Standard Liège,Westerlo,1.73,1.12,1,2,4499654
2024-09-29,Cercle Brugge,St.Truiden,0.74,1.05,1,1,4499653
2024-09-29,Gent,OH Leuven,0.99,0.47,3,0,4499656
2024-09-29,Union St.Gilloise,Kortrijk,2.45,0.33,3,0,4499658
2024-10-04,Westerlo,Beerschot,1.61,0.68,2,2,4499706
2024-10-05,FCV Dender EH,Sporting Charleroi,0.41,1.06,1,0,4499705
2024-10-05,KV Mechelen,OH Leuven,2.31,0.6,5,0,4499692
2024-10-05,Kortrijk,Genk,0.89,2.08,2,1,4499647
2024-10-06,Anderlecht,Standard Liège,0.84,1.59,3,0,4499649
2024-10-06,Club Brugge,Union St.Gilloise,1.98,0.99,1,1,4499650
2024-10-06,Royal Antwerp,Cercle Brugge,2.03,1.2,3,0,4499648
2024-10-06,St.Truiden,Gent,3.03,1.75,1,1,4499707
2024-10-18,Beerschot,Anderlecht,1.1,2.15,2,1,4499701
2024-10-19,Cercle Brugge,FCV Dender EH,0.86,0.29,0,0,4499700
2024-10-19,Union St.Gilloise,Gent,1.34,0.73,0,0,4499704
2024-10-19,Westerlo,Club Brugge,2.01,1.89,1,2,4499697
2024-10-20,Genk,St.Truiden,2.3,1.17,3,2,4499703
2024-10-20,KV Mechelen,Kortrijk,1.73,1.02,3,0,4499698
2024-10-20,OH Leuven,Royal Antwerp,1.08,0.39,1,1,4499699
2024-10-20,Standard Liège,Sporting Charleroi,1.64,1.05,2,1,4499702
2024-10-25,Kortrijk,Beerschot,1.38,0.91,1,0,4499684
2024-10-26,FCV Dender EH,KV Mechelen,0.61,3.27,2,5,4499678
2024-10-26,Sporting Charleroi,OH Leuven,0.96,0.85,0,2,4499677
2024-10-26,St.Truiden,Westerlo,4.15,1.04,2,0,4499676
2024-10-27,Club Brugge,Anderlecht,3.02,0.79,2,1,4499696
2024-10-27,Gent,Genk,0.49,2.48,0,2,4499694
2024-10-27,Royal Antwerp,Standard Liège,2.52,0.92,3,0,4499693
2024-10-27,Union St.Gilloise,Cercle Brugge,1.68,1.79,1,3,4499695
2024-11-01,Westerlo,FCV Dender EH,2.95,1.35,2,0,4499686
2024-11-02,KV Mechelen,Union St.Gilloise,2.01,1.55,1,1,4499685
2024-11-02,OH Leuven,Club Brugge,1.31,0.91,0,1,4499675
2024-11-02,Standard Liège,St.Truiden,1.76,1.33,2,1,4499681
2024-11-03,Anderlecht,Kortrijk,2.46,0.26,4,0,4499679
2024-11-03,Beerschot,Gent,0.69,0.81,0,0,4499682
2024-11-03,Cercle Brugge,Sporting Charleroi,2.08,0.52,2,0,4499683
2024-11-03,Genk,Royal Antwerp,1.63,1.04,2,0,4499680
2024-11-08,St.Truiden,KV Mechelen,1.31,1.04,2,1,4499708
2024-11-09,FCV Dender EH,OH Leuven,1.13,1.29,1,1,4499710
2024-11-09,Kortrijk,Royal Antwerp,1.3,1.12,1,2,4499689
2024-11-09,Sporting Charleroi,Westerlo,2.35,0.74,1,0,4499709
2024-11-10,Beerschot,Club Brugge,1.37,2.76,2,2,4499690
2024-11-10,Cercle Brugge,Anderlecht,0.59,3.15,0,5,4499691
2024-11-10,Gent,Standard Liège,2.5,1.09,5,0,4499688
2024-11-10,Union St.Gilloise,Genk,2.28,0.75,4,0,4499687
2024-11-22,Royal Antwerp,FCV Dender EH,1.65,0.92,1,1,4499736
2024-11-23,Club Brugge,St.Truiden,2.75,0.33,7,0,4499711
2024-11-23,Genk,Sporting Charleroi,2.35,1.29,3,0,4499735
2024-11-23,Standard Liège,Cercle Brugge,1.08,1.12,1,0,4499737
2024-11-24,Anderlecht,Gent,3.03,0.2,6,0,4499712
2024-11-24,KV Mechelen,Beerschot,1.64,0.79,3,0,4499739
2024-11-24,OH Leuven,Union St.Gilloise,1.58,1.45,1,1,4499738
2024-11-24,Westerlo,Kortrijk,3.32,0.55,4,0,4499740
2024-11-29,Kortrijk,KV Mechelen,1.67,0.58,3,1,4499743
2024-11-30,Club Brugge,FCV Dender EH,2.92,0.51,4,1,4499741
2024-11-30,Sporting Charleroi,Standard Liège,1.99,1.08,1,1,4499747
2024-12-01,Beerschot,Cercle Brugge,2.94,1.76,3,2,4499734
2024-12-01,OH Leuven,Anderlecht,1.13,0.96,0,0,4499744
2024-12-01,St.Truiden,Genk,1.6,1.16,2,2,4499745
2024-12-01,Union St.Gilloise,Royal Antwerp,1.42,0.97,2,1,4499742
2024-12-01,Westerlo,Gent,2.65,2.6,2,2,4499746
2024-12-07,Genk,Kortrijk,2.1,1.38,3,2,4499749
2024-12-07,Gent,St.Truiden,1.09,0.97,2,0,4499750
2024-12-07,KV Mechelen,Club Brugge,1.46,2.33,1,2,4499716
2024-12-07,Standard Liège,OH Leuven,1.71,1.03,1,1,4499724
2024-12-08,Anderlecht,Beerschot,1.59,0.96,2,1,4499748
2024-12-08,Cercle Brugge,Union St.Gilloise,2.1,0.47,0,0,4499715
2024-12-08,FCV Dender EH,Westerlo,0.87,0.8,1,0,4499717
2024-12-08,Royal Antwerp,Sporting Charleroi,1.91,3.47,1,3,4499751
2024-12-13,KV Mechelen,Royal Antwerp,0.87,1.25,1,1,4499714
2024-12-14,Beerschot,Standard Liège,1.41,1.22,0,0,4499722
2024-12-14,Kortrijk,FCV Dender EH,0.72,1.64,0,3,4499721
2024-12-14,OH Leuven,Sporting Charleroi,0.41,1.3,1,0,4499723
2024-12-15,Club Brugge,Genk,2.1,1.04,2,0,4499718
2024-12-15,Gent,Cercle Brugge,1.32,1.31,1,1,4499720
2024-12-15,St.Truiden,Anderlecht,2.23,3.52,0,2,4499725
2024-12-15,Union St.Gilloise,Westerlo,4.28,0.76,3,1,4499719
2024-12-20,Westerlo,KV Mechelen,1.6,1.21,1,1,4499731
2024-12-21,Beerschot,Kortrijk,1.5,1.39,2,2,4499729
2024-12-21,FCV Dender EH,Royal Antwerp,0.65,0.67,1,3,4499733
2024-12-21,Sporting Charleroi,St.Truiden,1.86,0.91,2,1,4499732
2024-12-22,Cercle Brugge,OH Leuven,1.2,0.76,1,0,4499730
2024-12-22,Genk,Anderlecht,2.27,0.41,2,0,4499727
2024-12-22,Standard Liège,Gent,1.08,2.48,0,1,4499728
2024-12-22,Union St.Gilloise,Club Brugge,1.07,1.9,2,2,4499726
2024-12-26,Club Brugge,Westerlo,2.03,1.2,4,3,4499752
2024-12-26,Gent,Union St.Gilloise,0.58,1.84,1,3,4499754
2024-12-26,KV Mechelen,Standard Liège,1.74,0.92,0,0,4499758
2024-12-26,Kortrijk,Sporting Charleroi,1.38,1.48,0,1,4499756
2024-12-26,Royal Antwerp,Genk,1.29,3.21,2,2,4499755
2024-12-27,Anderlecht,FCV Dender EH,1.89,2.33,2,3,4499753
2024-12-27,OH Leuven,Beerschot,1.73,0.63,2,0,4499757
2024-12-27,St.Truiden,Cercle Brugge,2.16,0.34,1,1,4499759
2025-01-10,Standard Liège,Kortrijk,1.66,1.78,1,0,4499789
2025-01-11,Genk,OH Leuven,2.82,1.81,2,0,4499776
2025-01-11,Sporting Charleroi,Union St.Gilloise,0.69,1.27,1,2,4499785
2025-01-11,Westerlo,St.Truiden,2.07,0.76,1,2,4499786
2025-01-12,Anderlecht,Club Brugge,1.15,1.46,0,3,4499760
2025-01-12,Beerschot,Royal Antwerp,2.11,0.8,1,1,4499788
2025-01-12,Cercle Brugge,KV Mechelen,1.67,1.05,1,0,4499787
2025-01-12,FCV Dender EH,Gent,0.61,1.19,0,0,4499784
2025-01-17,Gent,Sporting Charleroi,0.54,0.83,1,1,4499781
2025-01-18,Club Brugge,Beerschot,2.91,1.82,4,2,4499783
2025-01-18,FCV Dender EH,Cercle Brugge,0.28,2.35,0,1,4499761
2025-01-18,KV Mechelen,Genk,0.59,0.72,1,2,4499778
2025-01-19,Kortrijk,Anderlecht,0.93,1.22,0,2,4499779
2025-01-19,Royal Antwerp,Westerlo,1.34,2.21,3,2,4499780
2025-01-19,St.Truiden,Standard Liège,1.44,2.4,1,2,4499777
2025-01-19,Union St.Gilloise,OH Leuven,2.69,0.39,1,0,4499782
2025-01-24,St.Truiden,Royal Antwerp,2.53,1.51,1,1,4499770
2025-01-25,Club Brugge,Kortrijk,2.7,0.75,1,1,4499775
2025-01-25,Sporting Charleroi,Cercle Brugge,0.69,1.38,1,1,4499768
2025-01-25,Westerlo,Genk,1.24,0.74,1,2,4499769
2025-01-26,Anderlecht,KV Mechelen,1.86,1.96,4,1,4499774
2025-01-26,Beerschot,Union St.Gilloise,0.24,2.7,0,4,4499772
2025-01-26,OH Leuven,Gent,1.11,1.5,0,0,4499771
2025-01-26,Standard Liège,FCV Dender EH,1.33,1.33,1,0,4499773
2025-01-31,OH Leuven,KV Mechelen,0.85,2.61,1,0,4499819
2025-02-01,Cercle Brugge,Standard Liège,1.44,0.95,1,1,4499762
2025-02-01,Genk,Beerschot,2.31,0.29,1,0,4499766
2025-02-01,Sporting Charleroi,FCV Dender EH,2.84,0.27,5,0,4499810
2025-02-02,Gent,Anderlecht,0.83,0.71,1,0,4499765
2025-02-02,Kortrijk,Westerlo,1.21,1.97,1,2,4499763
2025-02-02,Royal Antwerp,Club Brugge,0.7,3.21,2,1,4499764
2025-02-02,Union St.Gilloise,St.Truiden,2.88,1.26,2,1,4499767
2025-02-07,KV Mechelen,Gent,2.6,1.67,3,3,4499816
2025-02-08,Club Brugge,OH Leuven,2.03,0.27,1,0,4499811
2025-02-08,FCV Dender EH,St.Truiden,1.82,1.68,2,1,4499818
2025-02-08,Genk,Cercle Brugge,2.71,0.56,2,1,4499813
2025-02-09,Anderlecht,Royal Antwerp,2.13,0.57,2,0,4499812
2025-02-09,Beerschot,Sporting Charleroi,1.46,2.05,1,1,4499815
2025-02-09,Kortrijk,Union St.Gilloise,0.78,2.15,1,2,4499814
2025-02-09,Westerlo,Standard Liège,2.62,2.21,4,2,4499817
2025-02-14,Standard Liège,Genk,1.56,1.57,1,2,4499822
2025-02-15,OH Leuven,FCV Dender EH,1.73,2.46,3,2,4499824
2025-02-15,Royal Antwerp,Kortrijk,1.44,1.3,2,1,4499821
2025-02-15,St.Truiden,Club Brugge,0.97,2.59,2,2,4499825
2025-02-16,Cercle Brugge,Westerlo,2.96,0.98,1,1,4499823
2025-02-16,Gent,Beerschot,3.06,2.04,3,2,4499820
2025-02-16,Sporting Charleroi,Anderlecht,0.51,0.8,0,1,4499826
2025-02-16,Union St.Gilloise,KV Mechelen,2.07,1.14,0,1,4499809
2025-02-21,KV Mechelen,St.Truiden,0.26,0.53,1,1,4499794
2025-02-22,FCV Dender EH,Beerschot,0.44,1.42,0,0,4499796
2025-02-22,Royal Antwerp,OH Leuven,1.31,0.78,2,2,4499792
2025-02-22,Westerlo,Sporting Charleroi,0.16,2.24,1,3,4499795
2025-02-23,Anderlecht,Union St.Gilloise,0.95,1.28,0,2,4499800
2025-02-23,Club Brugge,Standard Liège,1.77,1.92,1,2,4499827
2025-02-23,Genk,Gent,1.07,1.28,0,0,4499791
2025-02-23,Kortrijk,Cercle Brugge,1.33,0.29,1,1,4499793
2025-02-28,Sporting Charleroi,Genk,2.15,1.43,1,1,4499804
2025-03-01,Cercle Brugge,Royal Antwerp,1.52,0.38,0,0,4499801
2025-03-01,Gent,Club Brugge,2.04,1.95,1,1,4499798
2025-03-01,St.Truiden,Kortrijk,1.26,1.94,4,2,4499803
2025-03-01,Union St.Gilloise,FCV Dender EH,4.22,0.35,4,1,4499797
2025-03-02,Beerschot,KV Mechelen,0.8,1.59,1,0,4499790
2025-03-02,OH Leuven,Westerlo,0.96,0.76,0,0,4499802
2025-03-02,Standard Liège,Anderlecht,0.51,0.52,0,2,4499799
2025-03-07,St.Truiden,Beerschot,2.71,1.53,2,0,4499829
2025-03-08,FCV Dender EH,Genk,1.73,1.83,0,1,4499832
2025-03-08,Kortrijk,OH Leuven,1.75,0.36,2,0,4499807
2025-03-08,Sporting Charleroi,KV Mechelen,1.73,0.92,0,1,4499831
2025-03-09,Cercle Brugge,Club Brugge,0.79,2.86,1,3,4499808
2025-03-09,Royal Antwerp,Gent,1.2,1.2,0,1,4499806
2025-03-09,Union St.Gilloise,Standard Liège,1.72,0.47,3,0,4499805
2025-03-09,Westerlo,Anderlecht,2.32,1.1,2,0,4499830
2025-03-15,Genk,Union St.Gilloise,2.7,0.89,2,1,4499835
2025-03-16,Anderlecht,Cercle Brugge,1.88,1.34,3,0,4499834
2025-03-16,Beerschot,Westerlo,1.82,1.74,1,2,4499838
2025-03-16,Club Brugge,Sporting Charleroi,3.06,1.18,4,2,4499833
2025-03-16,Gent,Kortrijk,1.46,1.78,1,2,4499836
2025-03-16,KV Mechelen,FCV Dender EH,1.8,1.66,2,1,4499840
2025-03-16,OH Leuven,St.Truiden,1.82,0.74,3,2,4499839
2025-03-16,Standard Liège,Royal Antwerp,1.04,0.64,0,0,4499837
2025-03-28,OH Leuven,Sporting Charleroi,0.68,2.17,0,0,4756324
2025-03-29,Beerschot,St.Truiden,0.25,2.76,0,1,4756304
2025-03-29,Standard Liège,KV Mechelen,1.63,1.74,2,2,4756325
2025-03-29,Union St.Gilloise,Royal Antwerp,2.26,0.65,5,1,4756410
2025-03-30,Club Brugge,Anderlecht,2.17,0.16,2,0,4756411
2025-03-30,FCV Dender EH,Westerlo,1.39,0.97,1,0,4756326
2025-03-30,Genk,Gent,3.4,0.68,4,0,4756412
2025-03-30,Kortrijk,Cercle Brugge,0.25,1.27,2,2,4756305
2025-04-04,KV Mechelen,FCV Dender EH,4.04,0.75,5,2,4756327
2025-04-05,Cercle Brugge,Beerschot,3.23,1.52,2,1,4756306
2025-04-05,Gent,Union St.Gilloise,0.39,2.3,0,3,4756413
2025-04-05,Westerlo,OH Leuven,1.45,2.16,2,2,4756328
2025-04-06,Anderlecht,Genk,0.62,1.21,1,2,4756415
2025-04-06,Royal Antwerp,Club Brugge,0.81,1.93,2,3,4756414
2025-04-06,Sporting Charleroi,Standard Liège,1.18,0.21,1,0,4756329
2025-04-06,St.Truiden,Kortrijk,1.53,0.73,0,3,4756307
2025-04-11,Westerlo,Sporting Charleroi,2.13,1.03,2,2,4756330
2025-04-12,Kortrijk,Beerschot,2.28,1.08,3,2,4756308
2025-04-12,St.Truiden,Cercle Brugge,1.67,0.68,3,1,4756309
2025-04-12,Union St.Gilloise,Anderlecht,0.86,0.31,2,0,4756416
2025-04-13,Club Brugge,Genk,2.73,0.86,1,0,4756418
2025-04-13,FCV Dender EH,Standard Liège,1.46,1.27,1,1,4756332
2025-04-13,KV Mechelen,OH Leuven,2.53,0.64,1,1,4756331
2025-04-13,Royal Antwerp,Gent,1.28,1.67,0,1,4756417
2025-04-19,OH Leuven,FCV Dender EH,1.6,2.3,4,4,4756333
2025-04-19,Sporting Charleroi,KV Mechelen,2.55,2.41,3,0,4756334
2025-04-19,Standard Liège,Westerlo,0.73,1.05,1,1,4756335
2025-04-20,Anderlecht,Royal Antwerp,1.83,1.12,0,0,4756419
2025-04-20,Genk,Union St.Gilloise,0.99,2.44,1,2,4756420
2025-04-20,Gent,Club Brugge,0.44,4.57,0,5,4756421
2025-04-22,FCV Dender EH,Sporting Charleroi,0.77,2.15,2,1,4756338
2025-04-22,KV Mechelen,Westerlo,1.93,2.12,2,3,4756337
2025-04-22,Standard Liège,OH Leuven,0.85,1.72,0,1,4756336
2025-04-23,Anderlecht,Gent,2.26,0.28,5,0,4756423
2025-04-23,Royal Antwerp,Genk,2.14,1.29,1,1,4756422
2025-04-24,Club Brugge,Union St.Gilloise,1.0,0.49,0,1,4756424
2025-04-25,Beerschot,Kortrijk,1.01,0.68,2,0,4756310
2025-04-26,Cercle Brugge,St.Truiden,2.26,0.59,3,1,4756311
2025-04-26,OH Leuven,Standard Liège,1.9,1.2,1,1,4756339
2025-04-26,Sporting Charleroi,FCV Dender EH,2.68,1.22,4,1,4756341
2025-04-26,Westerlo,KV Mechelen,3.79,2.35,2,2,4756340
2025-04-27,Genk,Royal Antwerp,1.87,1.39,0,1,4756426
2025-04-27,Gent,Anderlecht,1.51,1.7,0,1,4756425
2025-04-27,Union St.Gilloise,Club Brugge,0.53,1.24,0,0,4756427
2025-05-01,Club Brugge,Gent,4.36,1.75,4,1,4756429
2025-05-01,Royal Antwerp,Anderlecht,0.7,1.0,1,3,4756428
2025-05-02,Westerlo,FCV Dender EH,3.68,2.99,4,2,4756342
2025-05-03,Cercle Brugge,Kortrijk,0.96,1.11,0,2,4756312
2025-05-03,OH Leuven,KV Mechelen,0.67,2.39,1,2,4756343
2025-05-03,Union St.Gilloise,Genk,1.66,0.77,1,0,4756430
2025-05-04,St.Truiden,Beerschot,2.26,1.02,2,1,4756313
2025-05-04,Standard Liège,Sporting Charleroi,1.24,1.92,0,1,4756344
2025-05-09,Sporting Charleroi,Westerlo,3.17,1.99,4,3,4756345
2025-05-10,Anderlecht,Union St.Gilloise,1.17,2.03,0,1,4756431
2025-05-10,Beerschot,Cercle Brugge,2.72,2.87,4,2,4756314
2025-05-10,KV Mechelen,Standard Liège,1.9,0.42,0,0,4756346
2025-05-10,Kortrijk,St.Truiden,1.58,3.34,2,2,4756315
2025-05-11,FCV Dender EH,OH Leuven,2.95,2.03,5,0,4756347
2025-05-11,Genk,Club Brugge,0.67,1.03,0,2,4756433
2025-05-11,Gent,Royal Antwerp,1.41,1.03,0,3,4756432
2025-05-16,OH Leuven,Westerlo,0.63,2.01,0,2,4756348
2025-05-17,Royal Antwerp,Union St.Gilloise,0.64,2.42,0,4,4756434
2025-05-17,Standard Liège,FCV Dender EH,1.17,0.12,0,0,4756349
2025-05-18,Anderlecht,Club Brugge,1.3,3.24,1,3,4756435
2025-05-18,Gent,Genk,1.37,1.05,1,4,4756436
2025-05-18,KV Mechelen,Sporting Charleroi,2.57,0.77,1,1,4756350
2025-05-24,FCV Dender EH,KV Mechelen,1.68,0.54,2,2,4756353
2025-05-24,Sporting Charleroi,OH Leuven,2.2,2.57,2,1,4756351
2025-05-24,Westerlo,Standard Liège,1.19,0.36,0,0,4756352
2025-05-25,Club Brugge,Royal Antwerp,1.6,2.71,1,1,4756439
2025-05-25,Genk,Anderlecht,1.74,1.18,2,1,4756438
2025-05-25,Union St.Gilloise,Gent,1.99,0.61,3,1,4756437
2025-05-29,Royal Antwerp,Sporting Charleroi,2.08,2.43,1,2,4793332
2025-07-25,Royal Antwerp,Union St.Gilloise,0.52,2.19,1,1,4818040
2025-07-26,FCV Dender EH,Cercle Brugge,1.21,1.25,0,0,4818041
2025-07-26,RAAL La Louvière,Standard Liège,0.84,1.73,0,2,4818043
2025-07-26,Zulte Waregem,KV Mechelen,2.08,0.5,1,1,4818042
2025-07-27,Anderlecht,Westerlo,2.83,0.81,5,2,4818044
2025-07-27,Club Brugge,Genk,2.18,1.77,2,1,4818046
2025-07-27,OH Leuven,Sporting Charleroi,1.07,1.56,2,2,4818045
2025-07-27,St.Truiden,Gent,1.24,1.61,3,1,4818047
2025-08-01,KV Mechelen,Club Brugge,2.04,2.04,2,1,4818325
2025-08-02,Gent,RAAL La Louvière,1.46,0.25,1,0,4818328
2025-08-02,Standard Liège,FCV Dender EH,1.2,0.57,1,1,4818327
2025-08-02,Westerlo,Zulte Waregem,1.22,0.8,3,1,4818326
2025-08-03,Cercle Brugge,Anderlecht,0.64,1.86,0,2,4818330
2025-08-03,Genk,Royal Antwerp,1.57,0.48,1,1,4818329
2025-08-03,Sporting Charleroi,St.Truiden,0.34,1.59,1,1,4818332
2025-08-03,Union St.Gilloise,OH Leuven,2.88,0.29,5,0,4818331
2025-08-08,St.Truiden,FCV Dender EH,2.7,0.53,2,0,4818333
2025-08-09,Club Brugge,Cercle Brugge,1.75,1.13,2,0,4818334
2025-08-09,Gent,Union St.Gilloise,1.36,3.5,2,3,4818336
2025-08-09,Westerlo,KV Mechelen,1.61,0.85,0,1,4818335
2025-08-10,Anderlecht,Zulte Waregem,2.79,1.84,2,3,4818338
2025-08-10,RAAL La Louvière,Sporting Charleroi,0.8,1.03,1,0,4818337
2025-08-10,Royal Antwerp,OH Leuven,1.99,0.24,3,1,4818340
2025-08-10,Standard Liège,Genk,1.89,1.26,2,1,4818339
2025-08-15,OH Leuven,Genk,1.81,1.23,1,2,4818341
2025-08-16,KV Mechelen,Gent,1.22,1.55,1,1,4818343
2025-08-16,Union St.Gilloise,Standard Liège,3.33,0.48,3,0,4818344
2025-08-16,Zulte Waregem,Club Brugge,0.15,1.03,0,1,4818342
2025-08-17,Cercle Brugge,Westerlo,2.06,1.48,4,1,4818348
2025-08-17,FCV Dender EH,Anderlecht,0.83,2.11,0,2,4818345
2025-08-17,Sporting Charleroi,Royal Antwerp,0.99,0.84,1,1,4818347
2025-08-17,St.Truiden,RAAL La Louvière,1.69,1.26,2,1,4818346
2025-08-23,Standard Liège,Cercle Brugge,1.17,2.88,0,3,4818351
2025-08-23,Zulte Waregem,St.Truiden,0.2,1.78,0,2,4818352
2025-08-24,FCV Dender EH,OH Leuven,0.33,1.39,0,1,4818356
2025-08-24,RAAL La Louvière,Union St.Gilloise,0.18,0.96,0,0,4818355
2025-08-24,Royal Antwerp,KV Mechelen,1.05,2.51,2,1,4818353
2025-08-29,Cercle Brugge,St.Truiden,1.27,2.06,1,1,4818357
2025-08-30,KV Mechelen,RAAL La Louvière,2.39,0.8,3,2,4818358
2025-08-30,Sporting Charleroi,FCV Dender EH,1.89,0.54,3,1,4818362
2025-08-30,Westerlo,Royal Antwerp,2.67,2.0,2,0,4818359
2025-08-31,Genk,Zulte Waregem,2.45,1.32,3,2,4818364
2025-08-31,Gent,Club Brugge,0.7,2.13,1,1,4818361
2025-08-31,OH Leuven,Standard Liège,0.39,0.29,1,0,4818360
2025-08-31,Union St.Gilloise,Anderlecht,2.24,0.78,2,0,4818363
2025-09-12,Standard Liège,KV Mechelen,1.16,1.3,1,1,4818365
2025-09-13,FCV Dender EH,Union St.Gilloise,0.09,1.82,0,1,4818367
2025-09-13,RAAL La Louvière,Club Brugge,0.58,1.89,1,0,4818368
2025-09-13,Zulte Waregem,OH Leuven,1.47,1.71,2,0,4818366
2025-09-14,Anderlecht,Genk,0.96,1.28,1,1,4818371
2025-09-14,Cercle Brugge,Sporting Charleroi,1.8,1.3,2,3,4818370
2025-09-14,Royal Antwerp,Gent,1.2,1.57,1,2,4818369
2025-09-14,St.Truiden,Westerlo,1.11,2.34,0,3,4818372
2025-09-17,Genk,Sporting Charleroi,0.93,1.03,0,1,4818350
2025-09-19,Gent,FCV Dender EH,1.7,1.08,3,0,4818377
2025-09-20,Anderlecht,Royal Antwerp,0.98,0.44,0,0,4818373
2025-09-20,OH Leuven,RAAL La Louvière,0.53,1.28,1,2,4818379
2025-09-20,Sporting Charleroi,Zulte Waregem,0.79,1.36,1,2,4818374
2025-09-21,Club Brugge,St.Truiden,2.31,0.42,2,0,4818375
2025-09-21,Genk,Union St.Gilloise,1.1,0.66,1,2,4818376
2025-09-21,KV Mechelen,Cercle Brugge,0.99,1.69,0,0,4818378
2025-09-21,Westerlo,Standard Liège,1.32,0.44,0,2,4818380
2025-09-23,Anderlecht,Gent,1.99,1.0,1,0,4818354
2025-09-24,Club Brugge,Westerlo,2.2,2.74,5,5,4818349
2025-09-26,OH Leuven,Anderlecht,1.76,0.75,1,1,4818384
2025-09-27,Standard Liège,Club Brugge,1.21,1.38,1,2,4818386
2025-09-27,Union St.Gilloise,Westerlo,2.24,0.29,2,0,4818385
2025-09-27,Zulte Waregem,Royal Antwerp,1.72,0.59,2,0,4818388
2025-09-28,Cercle Brugge,Gent,2.37,2.06,2,4,4818381
2025-09-28,FCV Dender EH,RAAL La Louvière,0.51,0.89,0,0,4818383
2025-09-28,Sporting Charleroi,KV Mechelen,0.59,1.03,0,2,4818382
2025-09-28,St.Truiden,Genk,1.52,1.8,1,2,4818387
2025-10-03,Gent,Sporting Charleroi,0.7,0.34,2,1,4818393
2025-10-04,KV Mechelen,St.Truiden,1.18,3.4,1,3,4818394
2025-10-04,RAAL La Louvière,Zulte Waregem,1.27,0.27,0,0,4818395
2025-10-04,Royal Antwerp,Cercle Brugge,2.07,1.08,1,1,4818390
2025-10-05,Anderlecht,Standard Liège,1.93,0.64,1,0,4818389
2025-10-05,Club Brugge,Union St.Gilloise,0.47,0.37,1,0,4818391
2025-10-05,Genk,FCV Dender EH,2.19,1.75,2,1,4818392
2025-10-05,Westerlo,OH Leuven,2.97,1.15,2,0,4818396
2025-10-18,OH Leuven,Club Brugge,0.76,0.99,0,1,4818399
2025-10-18,RAAL La Louvière,Westerlo,0.52,0.58,0,0,4818400
2025-10-18,Union St.Gilloise,Sporting Charleroi,0.94,0.72,3,1,4818401
2025-10-19,Cercle Brugge,Genk,2.85,1.78,2,2,4818397
2025-10-19,FCV Dender EH,KV Mechelen,3.2,1.11,1,3,4818398
2025-10-19,St.Truiden,Anderlecht,1.15,1.16,2,2,4818403
2025-10-19,Zulte Waregem,Gent,1.82,1.9,4,1,4818404
2025-10-20,Standard Liège,Royal Antwerp,0.4,1.6,1,0,4818402
2025-10-24,Sporting Charleroi,Anderlecht,1.12,1.32,1,0,4818407
2025-10-25,Gent,Standard Liège,1.77,0.94,4,0,4818409
2025-10-25,KV Mechelen,OH Leuven,1.56,1.57,1,1,4818410
2025-10-25,Westerlo,FCV Dender EH,1.97,1.76,1,1,4818412
2025-10-26,Cercle Brugge,Zulte Waregem,2.31,1.8,1,1,4818406
2025-10-26,Genk,RAAL La Louvière,1.37,1.34,1,1,4818408
2025-10-26,Royal Antwerp,Club Brugge,1.28,0.65,0,1,4818405
2025-10-26,Union St.Gilloise,St.Truiden,1.67,1.93,2,0,4818411
2025-10-31,Standard Liège,Sporting Charleroi,1.37,1.75,3,1,4818417
2025-11-01,Anderlecht,KV Mechelen,1.95,1.17,3,1,4818413
2025-11-01,Club Brugge,FCV Dender EH,1.39,1.17,2,1,4818414
2025-11-01,Zulte Waregem,Union St.Gilloise,1.65,4.59,1,4,4818419
2025-11-02,OH Leuven,Gent,1.42,2.3,4,0,4818415
2025-11-02,RAAL La Louvière,Cercle Brugge,0.8,1.87,2,1,4818416
2025-11-02,St.Truiden,Royal Antwerp,2.56,0.54,1,0,4818418
2025-11-02,Westerlo,Genk,0.91,0.82,0,1,4818420
2025-11-07,FCV Dender EH,Zulte Waregem,2.05,0.73,2,2,4818425
2025-11-08,Cercle Brugge,OH Leuven,1.11,0.61,1,2,4818423
2025-11-08,Royal Antwerp,RAAL La Louvière,1.66,0.42,3,1,4818422
2025-11-08,Sporting Charleroi,Westerlo,3.32,1.18,2,0,4818424
2025-11-09,Anderlecht,Club Brugge,1.55,1.24,1,0,4818421
2025-11-09,Gent,Genk,1.26,0.73,1,1,4818426
2025-11-09,KV Mechelen,Union St.Gilloise,1.14,1.72,1,1,4818427
2025-11-09,St.Truiden,Standard Liège,1.58,0.34,1,0,4818428
2025-11-21,Standard Liège,Zulte Waregem,2.18,0.39,0,0,4818435
2025-11-22,Club Brugge,Sporting Charleroi,1.26,0.78,1,0,4818430
2025-11-22,Union St.Gilloise,Cercle Brugge,2.19,1.17,2,0,4818434
2025-11-22,Westerlo,Gent,2.34,0.87,0,0,4818436
2025-11-23,Genk,KV Mechelen,2.41,1.71,0,1,4818431
2025-11-23,OH Leuven,St.Truiden,1.48,2.31,1,2,4818432
2025-11-23,RAAL La Louvière,Anderlecht,0.83,1.72,0,1,4818433
2025-11-23,Royal Antwerp,FCV Dender EH,1.01,1.11,1,2,4818429
2025-11-28,KV Mechelen,Standard Liège,0.44,1.11,0,1,4818443
2025-11-29,FCV Dender EH,Westerlo,0.73,3.44,2,2,4818440
2025-11-29,Sporting Charleroi,RAAL La Louvière,1.42,0.49,0,0,4818438
2025-11-29,Zulte Waregem,Cercle Brugge,1.69,0.67,1,1,4818444
2025-11-30,Anderlecht,Union St.Gilloise,0.42,0.87,1,0,4818437
2025-11-30,Club Brugge,Royal Antwerp,2.0,1.78,0,1,4818439
2025-11-30,Genk,OH Leuven,1.88,0.81,2,1,4818441
2025-11-30,Gent,St.Truiden,1.19,2.84,1,2,4818442
2025-12-05,RAAL La Louvière,FCV Dender EH,2.21,2.26,1,2,4818449
2025-12-06,Cercle Brugge,Standard Liège,1.7,0.71,1,2,4818446
2025-12-06,St.Truiden,Club Brugge,3.06,2.53,3,2,4818451
2025-12-06,Union St.Gilloise,Gent,2.19,0.89,1,1,4818450
2025-12-07,KV Mechelen,Sporting Charleroi,0.91,0.97,1,0,4818447
2025-12-07,OH Leuven,Zulte Waregem,1.06,0.09,1,1,4818448
2025-12-07,Royal Antwerp,Genk,1.35,0.64,3,0,4818445
2025-12-07,Westerlo,Anderlecht,3.19,0.72,4,0,4818452
2025-12-12,Standard Liège,OH Leuven,0.64,1.7,0,1,4818459
2025-12-13,Anderlecht,St.Truiden,2.42,1.64,2,1,4818453
2025-12-13,Cercle Brugge,KV Mechelen,2.02,1.6,2,3,4818454
2025-12-13,Zulte Waregem,RAAL La Louvière,1.73,1.12,2,2,4818460
2025-12-14,FCV Dender EH,Club Brugge,1.07,3.43,1,5,4818456
2025-12-14,Genk,Westerlo,2.98,0.81,1,1,4818457
2025-12-14,Gent,Royal Antwerp,0.78,1.45,0,2,4818458
2025-12-14,Sporting Charleroi,Union St.Gilloise,1.16,1.35,1,1,4818455
2025-12-19,Sporting Charleroi,Genk,0.92,0.65,2,2,4818462
2025-12-20,FCV Dender EH,Standard Liège,1.54,0.74,0,1,4818464
2025-12-20,Union St.Gilloise,Zulte Waregem,1.26,0.93,2,0,4818466
2025-12-20,Westerlo,RAAL La Louvière,1.07,1.22,2,1,4818468
2025-12-21,Club Brugge,Gent,3.4,0.72,2,1,4818463
2025-12-21,OH Leuven,Cercle Brugge,1.25,1.69,0,2,4818465
2025-12-21,Royal Antwerp,Anderlecht,2.56,1.45,2,2,4818461
2025-12-21,St.Truiden,KV Mechelen,1.06,0.64,1,0,4818467
2025-12-26,Anderlecht,Sporting Charleroi,1.45,1.48,1,2,4818469
2025-12-26,Cercle Brugge,Union St.Gilloise,1.82,2.4,1,1,4818471
2025-12-26,Genk,Club Brugge,1.63,1.22,3,5,4818472
2025-12-26,Standard Liège,St.Truiden,0.25,1.97,1,2,4818476
2025-12-27,Gent,Westerlo,1.63,0.73,2,0,4818473
2025-12-27,KV Mechelen,FCV Dender EH,0.83,1.35,1,1,4818474
2025-12-27,RAAL La Louvière,OH Leuven,1.56,0.95,0,0,4818475
2025-12-27,Royal Antwerp,Zulte Waregem,0.81,1.24,2,1,4818470
2026-01-16,Club Brugge,RAAL La Louvière,0.47,2.04,2,3,4818478
2026-01-17,Union St.Gilloise,KV Mechelen,1.23,0.45,1,0,4818481
2026-01-17,Westerlo,Cercle Brugge,1.27,0.67,0,2,4818484
2026-01-17,Zulte Waregem,Genk,2.31,0.45,2,1,4818483
2026-01-18,FCV Dender EH,Royal Antwerp,1.09,0.47,1,0,4818479
2026-01-18,Gent,Anderlecht,3.48,1.52,4,2,4818480
2026-01-18,Sporting Charleroi,Standard Liège,1.39,1.14,2,0,4818477
2026-01-18,St.Truiden,OH Leuven,2.51,1.76,1,0,4818482
2026-01-23,Standard Liège,Gent,1.06,2.24,0,4,4818492
2026-01-24,Club Brugge,Zulte Waregem,1.96,1.31,4,3,4818487
2026-01-24,OH Leuven,Union St.Gilloise,1.24,1.53,0,0,4818490
2026-01-24,RAAL La Louvière,St.Truiden,0.69,1.29,1,2,4818491
2026-01-25,Anderlecht,FCV Dender EH,1.75,0.92,0,0,4818485
2026-01-25,Genk,Cercle Brugge,0.93,0.47,1,1,4818488
2026-01-25,KV Mechelen,Westerlo,2.46,0.99,1,1,4818489
2026-01-25,Royal Antwerp,Sporting Charleroi,0.76,2.07,0,2,4818486
2026-01-30,RAAL La Louvière,Gent,0.43,0.97,1,1,4818496
2026-01-31,Cercle Brugge,Royal Antwerp,0.18,3.99,0,4,4818493
2026-01-31,St.Truiden,Sporting Charleroi,1.02,1.02,0,2,4818499
2026-01-31,Zulte Waregem,Westerlo,1.58,1.96,0,1,4818500
2026-02-01,FCV Dender EH,Genk,2.85,1.04,1,2,4818494
2026-02-01,OH Leuven,KV Mechelen,2.74,1.41,2,2,4818495
2026-02-01,Standard Liège,Anderlecht,1.69,2.25,2,0,4818498
2026-02-01,Union St.Gilloise,Club Brugge,1.59,0.56,1,0,4818497
2026-02-06,Westerlo,St.Truiden,0.65,3.16,0,4,4818508
2026-02-07,Gent,OH Leuven,1.52,2.24,1,3,4818504
2026-02-07,Sporting Charleroi,Cercle Brugge,2.52,2.28,3,4,4818501
2026-02-07,Zulte Waregem,FCV Dender EH,1.55,0.62,1,0,4818507
2026-02-08,Club Brugge,Standard Liège,1.68,0.13,3,0,4818502
2026-02-08,Genk,Anderlecht,1.42,0.63,2,0,4818503
2026-02-08,KV Mechelen,Royal Antwerp,1.78,1.07,2,0,4818505
2026-02-08,Union St.Gilloise,RAAL La Louvière,2.1,1.0,2,1,4818506
2026-02-13,KV Mechelen,Genk,1.5,3.03,2,3,4818513
2026-02-14,OH Leuven,FCV Dender EH,2.23,1.78,3,2,4818514
2026-02-14,Sporting Charleroi,Gent,1.47,2.84,2,3,4818512
2026-02-14,Standard Liège,Union St.Gilloise,1.38,1.78,1,1,4818515
2026-02-15,Anderlecht,RAAL La Louvière,1.29,0.91,0,0,4818509
2026-02-15,Cercle Brugge,Club Brugge,1.05,1.0,1,2,4818511
2026-02-15,Royal Antwerp,Westerlo,0.44,1.25,0,2,4818510
2026-02-15,St.Truiden,Zulte Waregem,2.61,1.09,3,2,4818516
2026-02-20,Gent,Cercle Brugge,0.3,2.75,0,1,4818520
2026-02-21,Club Brugge,OH Leuven,3.48,1.63,2,1,4818517
2026-02-21,FCV Dender EH,St.Truiden,0.58,0.86,1,4,4818518
2026-02-21,Union St.Gilloise,Royal Antwerp,2.21,0.78,2,1,4818522
2026-02-22,Genk,Standard Liège,1.3,0.99,0,3,4818519
2026-02-22,RAAL La Louvière,KV Mechelen,0.3,0.65,0,2,4818521
2026-02-22,Westerlo,Sporting Charleroi,2.08,1.31,2,1,4818524
2026-02-22,Zulte Waregem,Anderlecht,3.14,1.89,2,4,4818523
2026-02-27,Standard Liège,RAAL La Louvière,1.61,0.8,1,1,4818531
2026-02-28,Anderlecht,OH Leuven,1.44,0.51,5,1,4818525
2026-02-28,KV Mechelen,Zulte Waregem,1.09,1.99,2,1,4818530
2026-02-28,Royal Antwerp,St.Truiden,1.23,0.63,1,0,4818526
2026-03-01,Cercle Brugge,FCV Dender EH,1.9,1.2,0,0,4818527
2026-03-01,Genk,Gent,2.44,0.79,3,0,4818529
2026-03-01,Sporting Charleroi,Club Brugge,0.62,1.81,1,2,4818528
2026-03-01,Westerlo,Union St.Gilloise,0.89,0.42,0,0,4818532
2026-03-06,RAAL La Louvière,Royal Antwerp,1.67,0.3,0,0,4818537
2026-03-07,FCV Dender EH,Sporting Charleroi,1.05,2.18,2,2,4818534
2026-03-07,OH Leuven,Westerlo,2.97,1.1,0,1,4818536
2026-03-07,Union St.Gilloise,Genk,0.55,1.08,2,1,4818538
2026-03-08,Club Brugge,Anderlecht,2.94,1.5,2,2,4818533
2026-03-08,Gent,KV Mechelen,2.78,0.5,3,1,4818535
2026-03-08,St.Truiden,Cercle Brugge,2.4,1.55,2,1,4818539
2026-03-08,Zulte Waregem,Standard Liège,0.98,1.46,0,1,4818540
2026-03-13,Gent,Zulte Waregem,1.69,0.96,2,0,4818545
2026-03-14,Sporting Charleroi,OH Leuven,2.06,0.91,0,2,4818543
2026-03-14,Union St.Gilloise,FCV Dender EH,1.63,0.46,2,0,4818547
2026-03-14,Westerlo,Club Brugge,0.75,1.94,1,2,4818548
2026-03-15,Cercle Brugge,RAAL La Louvière,2.0,1.96,1,3,4818542
2026-03-15,Genk,St.Truiden,1.25,0.43,1,0,4818544
2026-03-15,KV Mechelen,Anderlecht,1.13,1.26,1,0,4818546
2026-03-15,Royal Antwerp,Standard Liège,0.58,2.44,1,1,4818541
2026-03-22,Anderlecht,Cercle Brugge,1.82,1.6,2,3,4818549
2026-03-22,Club Brugge,KV Mechelen,3.14,0.51,4,1,4818550
2026-03-22,FCV Dender EH,Gent,0.71,2.21,1,3,4818551
2026-03-22,OH Leuven,Royal Antwerp,1.96,0.24,1,0,4818552
2026-03-22,RAAL La Louvière,Genk,1.55,2.49,5,5,4818553
2026-03-22,St.Truiden,Union St.Gilloise,1.0,1.49,1,3,4818555
2026-03-22,Standard Liège,Westerlo,0.43,2.24,0,0,4818554
2026-03-22,Zulte Waregem,Sporting Charleroi,1.0,0.97,1,0,4818556
2026-04-03,Royal Antwerp,Genk,1.1,2.33,1,2,5268780
2026-04-04,OH Leuven,Standard Liège,1.09,2.33,1,3,5268781
2026-04-04,Union St.Gilloise,St.Truiden,1.32,0.54,1,0,5268750
2026-04-04,Zulte Waregem,Cercle Brugge,1.83,1.77,2,2,5268810
2026-04-05,Westerlo,Sporting Charleroi,2.41,1.28,2,0,5268782
2026-04-06,Club Brugge,Anderlecht,3.25,1.99,4,2,5268751
2026-04-06,Gent,KV Mechelen,0.75,0.79,1,1,5268752
2026-04-06,RAAL La Louvière,FCV Dender EH,2.87,1.14,0,1,5268811
2026-04-10,Sporting Charleroi,Royal Antwerp,1.98,1.48,2,1,5268783
2026-04-11,Cercle Brugge,RAAL La Louvière,2.66,0.57,3,0,5268812
2026-04-11,St.Truiden,Club Brugge,2.08,2.51,1,2,5268753
2026-04-11,Standard Liège,Westerlo,2.15,2.64,1,2,5268784
2026-04-12,Anderlecht,Gent,1.73,2.22,3,1,5268755
2026-04-12,FCV Dender EH,Zulte Waregem,2.03,3.68,1,2,5268813
2026-04-12,Genk,OH Leuven,1.0,0.74,0,0,5268785
2026-04-12,KV Mechelen,Union St.Gilloise,0.32,2.79,0,1,5268754
2026-04-18,KV Mechelen,Anderlecht,1.47,1.17,1,2,5268756
2026-04-18,Royal Antwerp,OH Leuven,2.01,0.27,2,0,5268786
2026-04-18,Sporting Charleroi,Standard Liège,1.73,0.5,1,2,5268787
2026-04-18,Westerlo,Genk,0.9,2.34,1,2,5268788
2026-04-19,FCV Dender EH,Cercle Brugge,0.97,2.91,1,4,5268814
2026-04-19,Gent,St.Truiden,0.51,1.49,0,0,5268757
2026-04-19,RAAL La Louvière,Zulte Waregem,1.74,1.44,0,2,5268815
2026-04-19,Union St.Gilloise,Club Brugge,0.76,0.86,2,1,5268758
2026-04-21,Genk,Sporting Charleroi,3.22,1.49,1,1,5268789
2026-04-21,OH Leuven,Westerlo,1.05,2.11,0,2,5268790
2026-04-21,Standard Liège,Royal Antwerp,2.31,2.38,1,2,5268791
2026-04-22,Club Brugge,KV Mechelen,4.63,1.32,6,1,5268759
2026-04-22,Union St.Gilloise,Gent,1.14,0.26,0,0,5268760
2026-04-23,St.Truiden,Anderlecht,1.16,1.05,2,0,5268761
2026-04-24,Cercle Brugge,FCV Dender EH,0.71,0.56,2,1,5268816
2026-04-25,Genk,Standard Liège,2.25,0.81,1,1,5268793
2026-04-25,OH Leuven,Sporting Charleroi,0.2,1.59,0,2,5268792
2026-04-25,Westerlo,Royal Antwerp,0.95,3.92,2,4,5268794
2026-04-26,Anderlecht,Union St.Gilloise,1.05,0.57,1,3,5268764
2026-04-26,Gent,Club Brugge,0.71,1.93,0,2,5268762
2026-04-26,KV Mechelen,St.Truiden,1.31,1.64,1,4,5268763
2026-04-26,Zulte Waregem,RAAL La Louvière,1.8,0.42,4,0,5268817
2026-05-01,Cercle Brugge,Zulte Waregem,2.5,1.27,2,3,5268818
2026-05-02,Sporting Charleroi,Genk,1.6,1.77,2,0,5268796
2026-05-02,St.Truiden,Union St.Gilloise,1.9,0.32,2,1,5268765
2026-05-02,Westerlo,OH Leuven,1.81,1.91,3,3,5268795
2026-05-03,Anderlecht,Club Brugge,1.48,4.21,1,3,5268767
2026-05-03,FCV Dender EH,RAAL La Louvière,1.37,1.62,2,1,5268819
2026-05-03,KV Mechelen,Gent,0.74,1.68,1,0,5268766
2026-05-03,Royal Antwerp,Standard Liège,1.86,3.08,0,5,5268797
2026-05-08,Standard Liège,OH Leuven,1.74,1.07,2,1,5268798
2026-05-09,Club Brugge,St.Truiden,3.14,0.38,2,0,5268768
2026-05-09,RAAL La Louvière,Cercle Brugge,1.55,1.52,4,1,5268820
2026-05-09,Zulte Waregem,FCV Dender EH,2.69,2.1,2,1,5268821
2026-05-10,Genk,Westerlo,1.23,1.81,3,0,5268800
2026-05-10,Gent,Anderlecht,1.97,0.4,1,1,5268769
2026-05-10,Royal Antwerp,Sporting Charleroi,1.82,0.52,0,1,5268799
2026-05-10,Union St.Gilloise,KV Mechelen,2.54,0.37,3,0,5268770
2026-05-15,OH Leuven,Royal Antwerp,1.28,1.02,3,0,5268801
2026-05-16,Sporting Charleroi,Westerlo,0.79,1.19,0,1,5268802
2026-05-16,St.Truiden,Gent,2.52,2.02,1,1,5268771
2026-05-16,Standard Liège,Genk,0.62,2.04,0,0,5268803
2026-05-17,Anderlecht,KV Mechelen,1.01,1.2,2,2,5268772
2026-05-17,Club Brugge,Union St.Gilloise,2.12,1.52,5,0,5268773
2026-05-19,Genk,Royal Antwerp,2.63,0.71,0,0,5268805
2026-05-19,Sporting Charleroi,OH Leuven,2.18,0.83,1,1,5268804
2026-05-19,Westerlo,Standard Liège,1.34,2.57,1,2,5268806
2026-05-21,Anderlecht,St.Truiden,2.16,1.44,3,1,5268774
2026-05-21,Gent,Union St.Gilloise,1.51,1.15,0,0,5268775
2026-05-21,KV Mechelen,Club Brugge,0.85,1.84,2,2,5268776
2026-05-23,OH Leuven,Genk,1.11,1.25,0,2,5268808
2026-05-23,Royal Antwerp,Westerlo,2.1,0.43,2,0,5268807
2026-05-23,Standard Liège,Sporting Charleroi,0.56,1.99,0,2,5268809
2026-05-24,Club Brugge,Gent,2.91,1.42,5,0,5268777
2026-05-24,St.Truiden,KV Mechelen,2.05,0.5,3,0,5268779
2026-05-24,Union St.Gilloise,Anderlecht,2.76,0.9,5,1,5268778
2026-05-31,Gent,Genk,2.5,1.05,1,1,5667811
2026-08-07,Club Brugge,Kortrijk,3.86,0.72,3,0,5811710
2026-08-08,St.Truiden,Lommel,2.23,1.72,1,1,5811713
2026-08-08,Standard Liège,Cercle Brugge,3.56,1.44,2,2,5811712
2026-08-08,Westerlo,Union St.Gilloise,0.79,1.73,1,5,5811714
2026-08-09,Anderlecht,RAAL La Louvière,3.19,0.74,2,1,5811717
2026-08-09,Gent,KV Mechelen,1.18,0.26,2,0,5811715
2026-08-09,Royal Antwerp,SK Beveren,2.25,0.93,2,1,5811718
2026-08-09,Sporting Charleroi,OH Leuven,3.08,1.3,3,1,5811711
2026-08-09,Zulte Waregem,Genk,0.66,0.67,2,1,5811716
2026-08-14,Cercle Brugge,St.Truiden,4.2,2.15,3,3,5811719
2026-08-15,Genk,Westerlo,4.77,0.91,3,2,5811722
2026-08-15,Kortrijk,Royal Antwerp,0.85,1.39,0,3,5811721
2026-08-15,OH Leuven,Club Brugge,0.85,3.37,0,3,5811723
2026-08-15,Union St.Gilloise,Zulte Waregem,1.0,1.15,0,0,5811720
2026-08-16,KV Mechelen,Standard Liège,2.69,1.64,3,3,5811726
2026-08-16,Lommel,Sporting Charleroi,0.35,1.26,0,1,5811727
2026-08-16,RAAL La Louvière,Gent,0.6,1.16,1,2,5811725
2026-08-16,SK Beveren,Anderlecht,0.73,1.29,1,0,5811724
2026-08-21,Standard Liège,RAAL La Louvière,1.5,1.28,2,0,5811728
2026-08-22,Royal Antwerp,Genk,1.93,1.75,4,4,5811731
2026-08-22,Sporting Charleroi,KV Mechelen,1.63,0.26,2,0,5811730
2026-08-22,Zulte Waregem,SK Beveren,3.26,0.8,4,0,5811729
2026-08-23,Club Brugge,Cercle Brugge,1.76,1.0,1,0,5811735
2026-08-23,Lommel,Westerlo,1.17,0.65,4,0,5811734
2026-08-28,Genk,SK Beveren,3.12,0.57,4,0,5811736
2026-08-29,Cercle Brugge,Lommel,1.68,1.55,0,1,5811739
2026-08-29,Kortrijk,Sporting Charleroi,1.57,1.8,1,3,5811738
2026-08-29,OH Leuven,Standard Liège,1.89,1.36,1,2,5811740
2026-08-29,RAAL La Louvière,KV Mechelen,2.2,2.68,2,2,5811737
2026-08-30,Gent,Club Brugge,1.52,0.78,2,1,5811741
2026-08-30,Royal Antwerp,St.Truiden,0.82,3.28,1,4,5811742
2026-08-30,Union St.Gilloise,Anderlecht,1.73,1.3,3,0,5811743
2026-08-30,Westerlo,Zulte Waregem,2.27,1.51,2,2,5811744
2026-09-02,St.Truiden,Union St.Gilloise,0.8,2.47,0,3,5811745
2026-09-03,Anderlecht,Kortrijk,1.41,0.44,1,0,5811733
2026-09-03,Gent,OH Leuven,0.99,0.53,1,0,5811732
2026-09-04,Lommel,Club Brugge,0.75,0.79,0,1,5811746
2026-09-05,KV Mechelen,Westerlo,0.64,2.49,0,4,5811748
2026-09-05,Sporting Charleroi,Union St.Gilloise,2.18,1.24,2,3,5811747
2026-09-05,St.Truiden,RAAL La Louvière,2.81,0.5,4,0,5811750
2026-09-05,Standard Liège,Royal Antwerp,3.72,1.02,1,0,5811749
2026-09-06,Anderlecht,Genk,0.88,0.43,0,0,5811753
2026-09-06,Cercle Brugge,Gent,0.46,1.3,0,3,5811751
2026-09-06,Kortrijk,Zulte Waregem,0.47,1.2,0,2,5811752
2026-09-06,SK Beveren,OH Leuven,2.31,1.13,3,0,5811754
2026-09-11,KV Mechelen,Anderlecht,1.36,0.99,0,1,5811755
2026-09-12,OH Leuven,Cercle Brugge,0.87,1.56,1,1,5811758
2026-09-12,SK Beveren,St.Truiden,1.71,0.78,2,0,5811756
2026-09-12,Union St.Gilloise,Lommel,4.57,0.66,5,0,5811759
2026-09-12,Westerlo,Standard Liège,1.41,1.39,4,2,5811757
2026-09-13,Club Brugge,Royal Antwerp,3.33,2.11,3,1,5811760
2026-09-13,Genk,Gent,0.95,0.87,1,1,5811761
2026-09-13,RAAL La Louvière,Kortrijk,3.13,0.79,3,0,5811763
2026-09-13,Zulte Waregem,Sporting Charleroi,0.91,2.22,0,1,5811762
2026-09-18,Gent,Standard Liège,1.38,1.13,2,1,5811764
2026-09-19,Anderlecht,Zulte Waregem,3.12,1.08,3,0,5811767
2026-09-19,Lommel,KV Mechelen,0.49,1.32,0,0,5811768
2026-09-19,OH Leuven,RAAL La Louvière,0.81,0.44,2,0,5811765
2026-09-19,Sporting Charleroi,Cercle Brugge,1.92,1.92,3,2,5811766
2026-09-20,Club Brugge,Genk,2.4,2.03,3,0,5811771
2026-09-20,Kortrijk,SK Beveren,2.26,0.38,1,0,5811772
2026-09-20,Royal Antwerp,Union St.Gilloise,0.31,3.31,0,2,5811769
2026-09-20,St.Truiden,Westerlo,2.1,1.73,0,2,5811770
2026-10-09,SK Beveren,Lommel,0.73,1.5,1,3,5811773
