date,home_team,away_team,home_xg,away_xg,home_goals,away_goals
2014-08-22,Bayern Munich,Wolfsburg,2.57012,1.19842,2,1
2014-08-23,Borussia Dortmund,Bayer Leverkusen,0.482324,1.14915,0,2
2014-08-23,Eintracht Frankfurt,Freiburg,1.75331,1.38084,1,0
2014-08-23,FC Cologne,Hamburger SV,0.522276,0.913337,0,0
2014-08-23,Hannover 96,Schalke 04,1.17979,0.956665,2,1
2014-08-23,Hertha Berlin,Werder Bremen,1.75585,1.19453,2,2
2014-08-23,Hoffenheim,Augsburg,1.52873,0.280777,2,0
2014-08-24,Borussia M.Gladbach,VfB Stuttgart,2.40939,0.433199,1,1
2014-08-24,Paderborn,Mainz 05,0.35254,1.84123,2,2
2014-08-29,Augsburg,Borussia Dortmund,1.00422,2.30342,2,3
2014-08-30,Bayer Leverkusen,Hertha Berlin,2.53036,0.712547,4,2
2014-08-30,Hamburger SV,Paderborn,1.14049,2.37004,0,3
2014-08-30,Schalke 04,Bayern Munich,1.30795,1.50328,1,1
2014-08-30,VfB Stuttgart,FC Cologne,0.722885,1.2983,0,2
2014-08-30,Werder Bremen,Hoffenheim,2.51429,1.29948,1,1
2014-08-30,Wolfsburg,Eintracht Frankfurt,1.00484,1.59633,2,2
2014-08-31,Freiburg,Borussia M.Gladbach,1.30113,0.321709,0,0
2014-08-31,Mainz 05,Hannover 96,1.0088,0.561787,0,0
2014-09-12,Bayer Leverkusen,Werder Bremen,1.98321,1.72618,3,3
2014-09-13,Bayern Munich,VfB Stuttgart,1.22987,0.310166,2,0
2014-09-13,Borussia Dortmund,Freiburg,1.71642,0.261915,3,1
2014-09-13,Borussia M.Gladbach,Schalke 04,3.37955,1.81788,4,1
2014-09-13,Hertha Berlin,Mainz 05,1.71631,2.36643,1,3
2014-09-13,Hoffenheim,Wolfsburg,1.15845,1.63553,1,1
2014-09-13,Paderborn,FC Cologne,0.327136,0.386458,0,0
2014-09-14,Eintracht Frankfurt,Augsburg,0.845902,1.00028,0,1
2014-09-14,Hannover 96,Hamburger SV,2.22631,0.976735,2,0
2014-09-19,Freiburg,Hertha Berlin,0.869782,0.285542,2,2
2014-09-20,Augsburg,Werder Bremen,2.91201,2.02462,4,2
2014-09-20,Hamburger SV,Bayern Munich,0.203118,1.03519,0,0
2014-09-20,Mainz 05,Borussia Dortmund,0.974914,2.10376,2,0
2014-09-20,Paderborn,Hannover 96,2.05175,0.550873,2,0
2014-09-20,Schalke 04,Eintracht Frankfurt,1.78008,0.83546,2,2
2014-09-20,VfB Stuttgart,Hoffenheim,1.32987,1.15033,0,2
2014-09-21,FC Cologne,Borussia M.Gladbach,0.551855,0.772177,0,0
2014-09-21,Wolfsburg,Bayer Leverkusen,1.55879,0.616799,4,1
2014-09-23,Bayern Munich,Paderborn,3.48286,0.402844,4,0
2014-09-23,Eintracht Frankfurt,Mainz 05,1.45137,1.09799,2,2
2014-09-23,Hoffenheim,Freiburg,1.81502,2.44871,3,3
2014-09-23,Werder Bremen,Schalke 04,0.992105,1.36741,0,3
2014-09-24,Bayer Leverkusen,Augsburg,1.65235,0.571159,1,0
2014-09-24,Borussia Dortmund,VfB Stuttgart,2.13683,1.48044,2,2
2014-09-24,Borussia M.Gladbach,Hamburger SV,2.38906,0.560569,1,0
2014-09-24,Hannover 96,FC Cologne,0.408032,0.695122,1,0
2014-09-24,Hertha Berlin,Wolfsburg,0.428365,0.855691,1,0
2014-09-26,Mainz 05,Hoffenheim,0.614332,1.08667,0,0
2014-09-27,FC Cologne,Bayern Munich,0.821798,3.46966,0,2
2014-09-27,Freiburg,Bayer Leverkusen,0.722358,1.17679,0,0
2014-09-27,Paderborn,Borussia M.Gladbach,1.5747,1.43504,1,2
2014-09-27,Schalke 04,Borussia Dortmund,1.07746,0.662005,2,1
2014-09-27,VfB Stuttgart,Hannover 96,0.826395,0.853246,1,0
2014-09-27,Wolfsburg,Werder Bremen,1.24302,0.32535,2,1
2014-09-28,Augsburg,Hertha Berlin,1.25743,0.283655,1,0
2014-09-28,Hamburger SV,Eintracht Frankfurt,1.09327,0.232889,1,2
2014-10-03,Hertha Berlin,VfB Stuttgart,2.36582,1.42919,3,2
2014-10-04,Bayer Leverkusen,Paderborn,1.60118,1.12552,2,2
2014-10-04,Bayern Munich,Hannover 96,2.69879,0.443178,4,0
2014-10-04,Borussia Dortmund,Hamburger SV,1.20017,1.42953,0,1
2014-10-04,Eintracht Frankfurt,FC Cologne,2.49948,1.12408,3,2
2014-10-04,Hoffenheim,Schalke 04,3.2287,0.847395,2,1
2014-10-04,Werder Bremen,Freiburg,1.21503,1.03746,1,1
2014-10-05,Borussia M.Gladbach,Mainz 05,1.66132,1.10201,1,1
2014-10-05,Wolfsburg,Augsburg,0.684001,0.666035,1,0
2014-10-18,Bayern Munich,Werder Bremen,2.49826,0.0,6,0
2014-10-18,FC Cologne,Borussia Dortmund,0.904346,0.825853,2,1
2014-10-18,Freiburg,Wolfsburg,1.00939,1.45969,1,2
2014-10-18,Hannover 96,Borussia M.Gladbach,0.558311,1.61826,0,3
2014-10-18,Mainz 05,Augsburg,1.06245,1.03873,2,1
2014-10-18,Schalke 04,Hertha Berlin,0.80457,0.848507,2,0
2014-10-18,VfB Stuttgart,Bayer Leverkusen,1.30466,1.86824,3,3
2014-10-19,Hamburger SV,Hoffenheim,1.82378,1.55868,1,1
2014-10-19,Paderborn,Eintracht Frankfurt,2.37575,0.558647,3,1
2014-10-24,Werder Bremen,FC Cologne,0.514564,0.519282,0,1
2014-10-25,Augsburg,Freiburg,2.2412,0.909372,2,0
2014-10-25,Bayer Leverkusen,Schalke 04,0.837202,0.145365,1,0
2014-10-25,Borussia Dortmund,Hannover 96,1.61946,0.695852,0,1
2014-10-25,Eintracht Frankfurt,VfB Stuttgart,2.97969,3.13433,4,5
2014-10-25,Hertha Berlin,Hamburger SV,2.51297,0.784655,3,0
2014-10-25,Hoffenheim,Paderborn,1.5035,0.673226,1,0
2014-10-26,Borussia M.Gladbach,Bayern Munich,0.648384,1.2047,0,0
2014-10-26,Wolfsburg,Mainz 05,4.06466,1.6222,3,0
2014-10-31,Schalke 04,Augsburg,1.71186,0.688487,1,0
2014-11-01,Bayern Munich,Borussia Dortmund,2.64367,0.942884,2,1
2014-11-01,Hamburger SV,Bayer Leverkusen,1.33863,0.426376,1,0
2014-11-01,Hannover 96,Eintracht Frankfurt,1.11725,0.353128,1,0
2014-11-01,Mainz 05,Werder Bremen,1.19297,1.65943,1,2
2014-11-01,VfB Stuttgart,Wolfsburg,0.924949,2.69946,0,4
2014-11-02,Borussia M.Gladbach,Hoffenheim,2.46276,0.646539,3,1
2014-11-02,FC Cologne,Freiburg,0.375065,1.46003,0,1
2014-11-02,Paderborn,Hertha Berlin,1.96835,0.925677,3,1
2014-11-07,Hertha Berlin,Hannover 96,0.363993,1.09164,0,2
2014-11-08,Augsburg,Paderborn,1.66135,0.968616,3,0
2014-11-08,Bayer Leverkusen,Mainz 05,2.07319,0.293271,0,0
2014-11-08,Eintracht Frankfurt,Bayern Munich,0.222447,3.03467,0,4
2014-11-08,Freiburg,Schalke 04,1.62257,0.526997,2,0
2014-11-08,Hoffenheim,FC Cologne,1.19994,1.30702,3,4
2014-11-08,Werder Bremen,VfB Stuttgart,0.645076,0.774005,2,0
2014-11-09,Borussia Dortmund,Borussia M.Gladbach,2.28053,0.0335359,1,0
2014-11-09,Wolfsburg,Hamburger SV,1.95442,0.488693,2,0
2014-11-22,Bayern Munich,Hoffenheim,2.08656,1.38014,4,0
2014-11-22,Borussia M.Gladbach,Eintracht Frankfurt,0.595484,1.73996,1,3
2014-11-22,FC Cologne,Hertha Berlin,1.12625,0.473541,1,2
2014-11-22,Hannover 96,Bayer Leverkusen,0.780087,2.36608,1,3
2014-11-22,Mainz 05,Freiburg,1.79109,0.691191,2,2
2014-11-22,Paderborn,Borussia Dortmund,0.638364,1.92358,2,2
2014-11-22,Schalke 04,Wolfsburg,1.12048,1.23361,3,2
2014-11-23,Hamburger SV,Werder Bremen,2.60596,1.14769,2,0
2014-11-23,VfB Stuttgart,Augsburg,0.382848,2.06226,0,1
2014-11-28,Freiburg,VfB Stuttgart,1.49535,3.36392,1,4
2014-11-29,Augsburg,Hamburger SV,2.79213,1.12309,3,1
2014-11-29,Bayer Leverkusen,FC Cologne,2.37812,0.950144,5,1
2014-11-29,Hertha Berlin,Bayern Munich,0.25622,1.94047,0,1
2014-11-29,Hoffenheim,Hannover 96,1.99562,1.81072,4,3
2014-11-29,Schalke 04,Mainz 05,1.55889,2.04969,4,1
2014-11-29,Werder Bremen,Paderborn,4.47976,0.839366,4,0
2014-11-30,Eintracht Frankfurt,Borussia Dortmund,2.21905,0.769829,2,0
2014-11-30,Wolfsburg,Borussia M.Gladbach,1.69265,0.606945,1,0
2014-12-05,Borussia Dortmund,Hoffenheim,1.58062,0.202706,1,0
2014-12-06,Bayern Munich,Bayer Leverkusen,0.947473,0.389245,1,0
2014-12-06,Borussia M.Gladbach,Hertha Berlin,1.82786,1.42138,3,2
2014-12-06,FC Cologne,Augsburg,1.19112,1.35221,1,2
2014-12-06,Hannover 96,Wolfsburg,1.6788,1.85576,1,3
2014-12-06,Paderborn,Freiburg,1.38276,0.883469,1,1
2014-12-06,VfB Stuttgart,Schalke 04,0.675308,1.6953,0,4
2014-12-07,Eintracht Frankfurt,Werder Bremen,3.8335,1.44207,5,2
2014-12-07,Hamburger SV,Mainz 05,2.03325,1.02472,2,1
2014-12-12,Hoffenheim,Eintracht Frankfurt,3.32968,2.42804,3,2
2014-12-13,Augsburg,Bayern Munich,0.286173,2.21868,0,4
2014-12-13,Freiburg,Hamburger SV,1.46439,0.518828,0,0
2014-12-13,Hertha Berlin,Borussia Dortmund,0.764752,0.842366,1,0
2014-12-13,Mainz 05,VfB Stuttgart,1.35199,0.54527,1,1
2014-12-13,Schalke 04,FC Cologne,1.20569,1.14183,1,2
2014-12-13,Werder Bremen,Hannover 96,1.84609,1.54036,3,3
2014-12-14,Bayer Leverkusen,Borussia M.Gladbach,1.01373,1.15522,1,1
2014-12-14,Wolfsburg,Paderborn,3.22294,0.996117,1,1
2014-12-16,Bayern Munich,Freiburg,2.98351,0.0497566,2,0
2014-12-16,FC Cologne,Mainz 05,0.541438,0.482622,0,0
2014-12-16,Hamburger SV,VfB Stuttgart,0.436429,1.36453,0,1
2014-12-16,Hannover 96,Augsburg,1.33926,0.693534,2,0
2014-12-17,Borussia Dortmund,Wolfsburg,1.30339,1.38959,2,2
2014-12-17,Borussia M.Gladbach,Werder Bremen,2.06898,0.308689,4,1
2014-12-17,Eintracht Frankfurt,Hertha Berlin,2.73817,2.04957,4,4
2014-12-17,Hoffenheim,Bayer Leverkusen,0.443131,2.17898,0,1
2014-12-17,Paderborn,Schalke 04,1.41446,1.14959,1,2
2014-12-19,Mainz 05,Bayern Munich,0.490212,0.831278,1,2
2014-12-20,Augsburg,Borussia M.Gladbach,1.65561,2.17588,2,1
2014-12-20,Bayer Leverkusen,Eintracht Frankfurt,0.861769,1.45883,1,1
2014-12-20,Schalke 04,Hamburger SV,1.52587,1.3688,0,0
2014-12-20,VfB Stuttgart,Paderborn,0.772123,0.933283,0,0
2014-12-20,Werder Bremen,Borussia Dortmund,2.36795,0.602289,2,1
2014-12-20,Wolfsburg,FC Cologne,0.527607,0.401914,2,1
2014-12-21,Freiburg,Hannover 96,1.28555,1.52484,2,2
2014-12-21,Hertha Berlin,Hoffenheim,0.706377,3.62858,0,5
2015-01-30,Wolfsburg,Bayern Munich,2.18248,1.91633,4,1
2015-01-31,Bayer Leverkusen,Borussia Dortmund,0.341818,0.451401,0,0
2015-01-31,Freiburg,Eintracht Frankfurt,3.19272,1.11886,4,1
2015-01-31,Hamburger SV,FC Cologne,0.601293,1.16042,0,2
2015-01-31,Mainz 05,Paderborn,2.8788,0.717538,5,0
2015-01-31,Schalke 04,Hannover 96,1.99671,0.91702,1,0
2015-01-31,VfB Stuttgart,Borussia M.Gladbach,1.61352,1.27392,0,1
2015-02-01,Augsburg,Hoffenheim,2.39464,0.609254,3,1
2015-02-01,Werder Bremen,Hertha Berlin,0.839904,0.0990819,2,0
2015-02-03,Bayern Munich,Schalke 04,0.376661,0.994575,1,1
2015-02-03,Borussia M.Gladbach,Freiburg,1.28927,0.884382,1,0
2015-02-03,Eintracht Frankfurt,Wolfsburg,0.948078,1.8612,1,1
2015-02-03,Hannover 96,Mainz 05,1.7109,1.19042,1,1
2015-02-04,Borussia Dortmund,Augsburg,0.943193,1.04603,0,1
2015-02-04,FC Cologne,VfB Stuttgart,0.310801,0.621159,0,0
2015-02-04,Hertha Berlin,Bayer Leverkusen,0.531751,1.06863,0,1
2015-02-04,Hoffenheim,Werder Bremen,1.33156,0.576349,1,2
2015-02-04,Paderborn,Hamburger SV,0.81246,2.21275,0,3
2015-02-06,Schalke 04,Borussia M.Gladbach,1.03139,0.331344,1,0
2015-02-07,FC Cologne,Paderborn,1.03792,0.58064,0,0
2015-02-07,Freiburg,Borussia Dortmund,0.159475,2.1517,0,3
2015-02-07,Hamburger SV,Hannover 96,0.674771,2.24545,2,1
2015-02-07,Mainz 05,Hertha Berlin,1.5201,1.77083,0,2
2015-02-07,VfB Stuttgart,Bayern Munich,0.132112,0.0975022,0,2
2015-02-07,Wolfsburg,Hoffenheim,1.37453,1.39639,3,0
2015-02-08,Augsburg,Eintracht Frankfurt,1.76193,2.01179,2,2
2015-02-08,Werder Bremen,Bayer Leverkusen,0.885549,1.74921,2,1
2015-02-13,Borussia Dortmund,Mainz 05,2.74589,0.691415,4,2
2015-02-14,Bayer Leverkusen,Wolfsburg,1.98748,2.08631,4,5
2015-02-14,Bayern Munich,Hamburger SV,4.17851,0.230619,8,0
2015-02-14,Borussia M.Gladbach,FC Cologne,0.795179,0.390044,1,0
2015-02-14,Eintracht Frankfurt,Schalke 04,1.11898,1.09914,1,0
2015-02-14,Hoffenheim,VfB Stuttgart,1.20262,0.1911,2,1
2015-02-14,Werder Bremen,Augsburg,2.62945,0.585109,3,2
2015-02-15,Hannover 96,Paderborn,0.858803,0.98493,1,2
2015-02-15,Hertha Berlin,Freiburg,0.491416,0.927697,0,2
2015-02-20,VfB Stuttgart,Borussia Dortmund,1.55893,1.56399,2,3
2015-02-21,Augsburg,Bayer Leverkusen,1.92692,1.93428,2,2
2015-02-21,FC Cologne,Hannover 96,1.54226,0.979608,1,1
2015-02-21,Freiburg,Hoffenheim,0.600548,0.565627,1,1
2015-02-21,Mainz 05,Eintracht Frankfurt,1.29637,0.851176,3,1
2015-02-21,Paderborn,Bayern Munich,0.380499,3.12815,0,6
2015-02-21,Schalke 04,Werder Bremen,1.19124,1.38186,1,1
2015-02-22,Hamburger SV,Borussia M.Gladbach,1.04376,0.657812,1,1
2015-02-22,Wolfsburg,Hertha Berlin,1.77626,0.563215,2,1
2015-02-27,Bayern Munich,FC Cologne,3.92268,0.494166,4,1
2015-02-28,Bayer Leverkusen,Freiburg,0.57152,0.271169,1,0
2015-02-28,Borussia Dortmund,Schalke 04,4.81308,0.0386148,3,0
2015-02-28,Eintracht Frankfurt,Hamburger SV,2.21323,1.43145,2,1
2015-02-28,Hannover 96,VfB Stuttgart,1.5399,0.742277,1,1
2015-02-28,Hertha Berlin,Augsburg,1.26944,0.663246,1,0
2015-02-28,Hoffenheim,Mainz 05,2.25024,2.16818,2,0
2015-03-01,Borussia M.Gladbach,Paderborn,1.43897,0.746314,2,0
2015-03-01,Werder Bremen,Wolfsburg,1.44281,2.5513,3,5
2015-03-06,VfB Stuttgart,Hertha Berlin,1.07906,0.682492,0,0
2015-03-07,Augsburg,Wolfsburg,1.44291,0.390951,1,0
2015-03-07,Freiburg,Werder Bremen,0.430875,0.649704,0,1
2015-03-07,Hamburger SV,Borussia Dortmund,0.735406,0.505015,0,0
2015-03-07,Hannover 96,Bayern Munich,0.205925,1.33559,1,3
2015-03-07,Mainz 05,Borussia M.Gladbach,1.21471,1.44907,2,2
2015-03-07,Schalke 04,Hoffenheim,2.12473,1.9462,3,1
2015-03-08,FC Cologne,Eintracht Frankfurt,1.74567,1.89213,4,2
2015-03-08,Paderborn,Bayer Leverkusen,0.755297,1.17926,0,3
2015-03-13,Bayer Leverkusen,VfB Stuttgart,1.59835,1.03528,4,0
2015-03-14,Augsburg,Mainz 05,0.94984,1.62842,0,2
2015-03-14,Borussia Dortmund,FC Cologne,0.5365,0.938097,0,0
2015-03-14,Eintracht Frankfurt,Paderborn,1.726,0.634028,4,0
2015-03-14,Hertha Berlin,Schalke 04,1.64453,1.99192,2,2
2015-03-14,Hoffenheim,Hamburger SV,2.66878,0.438761,3,0
2015-03-14,Werder Bremen,Bayern Munich,0.290321,2.18396,0,4
2015-03-15,Borussia M.Gladbach,Hannover 96,3.30586,0.395038,2,0
2015-03-15,Wolfsburg,Freiburg,2.68949,1.21009,3,0
2015-03-20,Hamburger SV,Hertha Berlin,0.482112,0.7084,0,1
2015-03-21,FC Cologne,Werder Bremen,1.76655,0.570166,1,1
2015-03-21,Freiburg,Augsburg,2.10189,1.10909,2,0
2015-03-21,Hannover 96,Borussia Dortmund,0.927629,2.31429,2,3
2015-03-21,Paderborn,Hoffenheim,1.07174,0.267507,0,0
2015-03-21,Schalke 04,Bayer Leverkusen,1.79663,1.3174,0,1
2015-03-21,VfB Stuttgart,Eintracht Frankfurt,2.22419,1.35468,3,1
2015-03-22,Bayern Munich,Borussia M.Gladbach,0.70739,0.604102,0,2
2015-03-22,Mainz 05,Wolfsburg,1.02675,0.811129,1,1
2015-04-04,Bayer Leverkusen,Hamburger SV,3.81979,0.35348,4,0
2015-04-04,Borussia Dortmund,Bayern Munich,0.51879,0.759126,0,1
2015-04-04,Eintracht Frankfurt,Hannover 96,1.03699,1.33074,2,2
2015-04-04,Freiburg,FC Cologne,0.504147,0.844825,1,0
2015-04-04,Hoffenheim,Borussia M.Gladbach,2.32046,3.20249,1,4
2015-04-04,Werder Bremen,Mainz 05,0.718931,0.92075,0,0
2015-04-04,Wolfsburg,VfB Stuttgart,3.74206,1.92469,3,1
2015-04-05,Augsburg,Schalke 04,0.927284,0.933294,0,0
2015-04-05,Hertha Berlin,Paderborn,1.84498,0.563136,2,0
2015-04-10,Hannover 96,Hertha Berlin,1.67956,0.358149,1,1
2015-04-11,Bayern Munich,Eintracht Frankfurt,2.15165,0.243596,3,0
2015-04-11,Borussia M.Gladbach,Borussia Dortmund,2.08503,0.699622,3,1
2015-04-11,Hamburger SV,Wolfsburg,0.141435,2.16383,0,2
2015-04-11,Mainz 05,Bayer Leverkusen,2.21349,0.970257,2,3
2015-04-11,Paderborn,Augsburg,2.35597,0.637449,2,1
2015-04-11,Schalke 04,Freiburg,1.06643,1.26863,0,0
2015-04-12,FC Cologne,Hoffenheim,2.55523,2.32029,3,2
2015-04-12,VfB Stuttgart,Werder Bremen,2.35291,0.448325,3,2
2015-04-17,Eintracht Frankfurt,Borussia M.Gladbach,1.45853,1.06606,0,0
2015-04-18,Augsburg,VfB Stuttgart,1.14401,2.41152,2,1
2015-04-18,Bayer Leverkusen,Hannover 96,2.60733,0.326006,4,0
2015-04-18,Borussia Dortmund,Paderborn,3.20767,0.123904,3,0
2015-04-18,Freiburg,Mainz 05,1.28235,2.30496,2,3
2015-04-18,Hertha Berlin,FC Cologne,1.06799,0.54042,0,0
2015-04-18,Hoffenheim,Bayern Munich,0.668652,1.52453,0,2
2015-04-19,Werder Bremen,Hamburger SV,1.3478,0.433841,1,0
2015-04-19,Wolfsburg,Schalke 04,1.08185,0.285232,1,1
2015-04-24,Mainz 05,Schalke 04,1.53987,1.25458,2,0
2015-04-25,Bayern Munich,Hertha Berlin,0.896545,0.951998,1,0
2015-04-25,Borussia Dortmund,Eintracht Frankfurt,2.47437,0.372545,2,0
2015-04-25,FC Cologne,Bayer Leverkusen,1.30026,1.19204,1,1
2015-04-25,Hamburger SV,Augsburg,1.7695,1.44372,3,2
2015-04-25,Hannover 96,Hoffenheim,1.30305,1.26477,1,2
2015-04-25,VfB Stuttgart,Freiburg,1.20966,2.04706,2,2
2015-04-26,Borussia M.Gladbach,Wolfsburg,1.65493,0.422562,1,0
2015-04-26,Paderborn,Werder Bremen,1.96537,0.959164,2,2
2015-05-02,Augsburg,FC Cologne,1.43037,0.292827,0,0
2015-05-02,Bayer Leverkusen,Bayern Munich,1.12021,1.20915,2,0
2015-05-02,Freiburg,Paderborn,1.70774,1.3154,1,2
2015-05-02,Hoffenheim,Borussia Dortmund,1.6206,1.17707,1,1
2015-05-02,Schalke 04,VfB Stuttgart,2.46865,1.13594,3,2
2015-05-02,Werder Bremen,Eintracht Frankfurt,2.86921,1.2158,1,0
2015-05-02,Wolfsburg,Hannover 96,1.52891,1.41691,2,2
2015-05-03,Hertha Berlin,Borussia M.Gladbach,1.09646,2.19034,1,2
2015-05-03,Mainz 05,Hamburger SV,0.667039,0.602455,1,2
2015-05-08,Hamburger SV,Freiburg,1.56791,1.88887,1,1
2015-05-09,Bayern Munich,Augsburg,1.17797,2.58299,0,1
2015-05-09,Borussia Dortmund,Hertha Berlin,1.78902,0.135418,2,0
2015-05-09,Borussia M.Gladbach,Bayer Leverkusen,2.05603,0.58536,3,0
2015-05-09,Eintracht Frankfurt,Hoffenheim,0.906802,0.788645,3,1
2015-05-09,Hannover 96,Werder Bremen,1.17255,0.490122,1,1
2015-05-09,VfB Stuttgart,Mainz 05,2.70104,0.278579,2,0
2015-05-10,FC Cologne,Schalke 04,1.52646,0.236428,2,0
2015-05-10,Paderborn,Wolfsburg,1.26876,1.68486,1,3
2015-05-16,Augsburg,Hannover 96,1.03797,0.466165,1,2
2015-05-16,Bayer Leverkusen,Hoffenheim,1.17358,0.692454,2,0
2015-05-16,Freiburg,Bayern Munich,0.656099,1.91964,2,1
2015-05-16,Hertha Berlin,Eintracht Frankfurt,1.08366,0.0408065,0,0
2015-05-16,Mainz 05,FC Cologne,1.67686,1.01035,2,0
2015-05-16,Schalke 04,Paderborn,1.05307,0.87016,1,0
2015-05-16,VfB Stuttgart,Hamburger SV,2.50374,0.197392,2,1
2015-05-16,Werder Bremen,Borussia M.Gladbach,1.20572,1.45177,0,2
2015-05-16,Wolfsburg,Borussia Dortmund,1.65992,1.77219,2,1
2015-05-23,Bayern Munich,Mainz 05,2.34132,0.328659,2,0
2015-05-23,Borussia Dortmund,Werder Bremen,2.90398,0.964946,3,2
2015-05-23,Borussia M.Gladbach,Augsburg,1.32784,0.664595,1,3
2015-05-23,Eintracht Frankfurt,Bayer Leverkusen,1.11352,0.836413,2,1
2015-05-23,FC Cologne,Wolfsburg,0.909494,2.05941,2,2
2015-05-23,Hamburger SV,Schalke 04,1.10308,1.09683,2,0
2015-05-23,Hannover 96,Freiburg,0.593454,0.661015,2,1
2015-05-23,Hoffenheim,Hertha Berlin,0.893112,0.485545,2,1
2015-05-23,Paderborn,VfB Stuttgart,0.538797,2.42856,1,2
2015-08-14,Bayern Munich,Hamburger SV,3.22904,0.154234,5,0
2015-08-15,Augsburg,Hertha Berlin,1.14869,1.23291,0,1
2015-08-15,Bayer Leverkusen,Hoffenheim,3.52773,0.483949,2,1
2015-08-15,Borussia Dortmund,Borussia M.Gladbach,2.42013,0.18521,4,0
2015-08-15,Darmstadt,Hannover 96,1.80912,1.85731,2,2
2015-08-15,Mainz 05,Ingolstadt,0.547769,0.577316,0,1
2015-08-15,Werder Bremen,Schalke 04,0.914717,1.4498,0,3
2015-08-16,VfB Stuttgart,FC Cologne,2.98558,1.85087,1,3
2015-08-16,Wolfsburg,Eintracht Frankfurt,0.740041,0.950098,2,1
2015-08-21,Hertha Berlin,Werder Bremen,0.494279,0.957641,1,1
2015-08-22,Eintracht Frankfurt,Augsburg,0.945278,1.26112,1,1
2015-08-22,FC Cologne,Wolfsburg,1.37825,2.14017,1,1
2015-08-22,Hamburger SV,VfB Stuttgart,1.32114,1.89549,3,2
2015-08-22,Hannover 96,Bayer Leverkusen,0.0975496,1.37365,0,1
2015-08-22,Hoffenheim,Bayern Munich,1.29953,2.53588,1,2
2015-08-22,Schalke 04,Darmstadt,1.05775,0.790379,1,1
2015-08-23,Borussia M.Gladbach,Mainz 05,1.22742,2.01071,1,2
2015-08-23,Ingolstadt,Borussia Dortmund,0.0514071,3.63386,0,4
2015-08-28,Wolfsburg,Schalke 04,1.52939,0.748153,3,0
2015-08-29,Augsburg,Ingolstadt,0.832315,1.24787,0,1
2015-08-29,Bayern Munich,Bayer Leverkusen,3.52476,0.420202,3,0
2015-08-29,Darmstadt,Hoffenheim,0.287238,1.3935,0,0
2015-08-29,FC Cologne,Hamburger SV,1.67081,1.44461,2,1
2015-08-29,Mainz 05,Hannover 96,3.41346,0.373166,3,0
2015-08-29,VfB Stuttgart,Eintracht Frankfurt,2.52237,1.9601,1,4
2015-08-30,Borussia Dortmund,Hertha Berlin,3.73248,0.633538,3,1
2015-08-30,Werder Bremen,Borussia M.Gladbach,3.23257,0.755739,2,1
2015-09-11,Borussia M.Gladbach,Hamburger SV,0.436066,1.02932,0,3
2015-09-12,Bayer Leverkusen,Darmstadt,1.3554,0.284787,0,1
2015-09-12,Bayern Munich,Augsburg,3.85642,0.15319,2,1
2015-09-12,Eintracht Frankfurt,FC Cologne,2.93005,0.902695,6,2
2015-09-12,Hannover 96,Borussia Dortmund,0.582795,2.16909,2,4
2015-09-12,Hertha Berlin,VfB Stuttgart,1.47686,1.02726,2,1
2015-09-12,Ingolstadt,Wolfsburg,0.178191,0.732037,0,0
2015-09-13,Hoffenheim,Werder Bremen,0.694948,2.2128,1,3
2015-09-13,Schalke 04,Mainz 05,3.13941,2.94627,2,1
2015-09-18,Mainz 05,Hoffenheim,1.27625,1.01304,3,1
2015-09-19,Darmstadt,Bayern Munich,0.204756,1.71752,0,3
2015-09-19,FC Cologne,Borussia M.Gladbach,0.541995,0.4042,1,0
2015-09-19,Hamburger SV,Eintracht Frankfurt,0.909692,0.221397,0,0
2015-09-19,Werder Bremen,Ingolstadt,1.22829,1.47429,0,1
2015-09-19,Wolfsburg,Hertha Berlin,2.42975,0.271584,2,0
2015-09-20,Augsburg,Hannover 96,2.24649,0.56218,2,0
2015-09-20,Borussia Dortmund,Bayer Leverkusen,4.08165,0.927753,3,0
2015-09-20,VfB Stuttgart,Schalke 04,3.31265,1.09359,0,1
2015-09-22,Bayern Munich,Wolfsburg,3.68676,0.160394,5,1
2015-09-22,Darmstadt,Werder Bremen,1.91868,1.19628,2,1
2015-09-22,Hertha Berlin,FC Cologne,1.34684,0.853586,2,0
2015-09-22,Ingolstadt,Hamburger SV,0.718034,1.16174,0,1
2015-09-23,Bayer Leverkusen,Mainz 05,1.74157,0.476793,1,0
2015-09-23,Borussia M.Gladbach,Augsburg,2.84575,1.92244,4,2
2015-09-23,Hannover 96,VfB Stuttgart,0.807709,1.81814,1,3
2015-09-23,Hoffenheim,Borussia Dortmund,1.18726,1.63998,1,1
2015-09-23,Schalke 04,Eintracht Frankfurt,2.25209,0.952574,2,0
2015-09-25,FC Cologne,Ingolstadt,1.3352,0.638071,1,1
2015-09-26,Augsburg,Hoffenheim,1.94324,1.5923,1,3
2015-09-26,Hamburger SV,Schalke 04,0.583026,1.27784,0,1
2015-09-26,Mainz 05,Bayern Munich,0.75194,2.77408,0,3
2015-09-26,VfB Stuttgart,Borussia M.Gladbach,2.45923,1.18534,1,3
2015-09-26,Werder Bremen,Bayer Leverkusen,0.326706,1.3026,0,3
2015-09-26,Wolfsburg,Hannover 96,1.41905,1.08934,1,1
2015-09-27,Borussia Dortmund,Darmstadt,1.97055,0.508638,2,2
2015-09-27,Eintracht Frankfurt,Hertha Berlin,1.41369,2.23038,1,1
2015-10-02,Darmstadt,Mainz 05,1.86109,1.45155,2,3
2015-10-03,Borussia M.Gladbach,Wolfsburg,1.45907,0.813505,2,0
2015-10-03,Hannover 96,Werder Bremen,0.695247,1.50158,1,0
2015-10-03,Hertha Berlin,Hamburger SV,2.0435,0.315135,3,0
2015-10-03,Hoffenheim,VfB Stuttgart,1.90929,2.36648,2,2
2015-10-03,Ingolstadt,Eintracht Frankfurt,1.185,0.740308,2,0
2015-10-04,Bayer Leverkusen,Augsburg,1.98173,0.119117,1,1
2015-10-04,Bayern Munich,Borussia Dortmund,3.72164,1.10489,5,1
2015-10-04,Schalke 04,FC Cologne,1.11607,1.32,0,3
2015-10-16,Mainz 05,Borussia Dortmund,1.55155,3.64229,0,2
2015-10-17,Augsburg,Darmstadt,1.42706,2.54284,0,2
2015-10-17,Eintracht Frankfurt,Borussia M.Gladbach,0.990091,3.50891,1,5
2015-10-17,Hamburger SV,Bayer Leverkusen,0.469945,0.875048,0,0
2015-10-17,Schalke 04,Hertha Berlin,2.51235,0.933849,2,1
2015-10-17,Werder Bremen,Bayern Munich,0.691198,2.13219,0,1
2015-10-17,Wolfsburg,Hoffenheim,2.80506,1.07639,4,2
2015-10-18,FC Cologne,Hannover 96,1.52116,1.26113,0,1
2015-10-18,VfB Stuttgart,Ingolstadt,1.33256,1.63336,1,0
2015-10-23,Hoffenheim,Hamburger SV,0.586765,3.11642,0,1
2015-10-24,Bayer Leverkusen,VfB Stuttgart,2.87154,2.40291,4,3
2015-10-24,Bayern Munich,FC Cologne,3.69101,0.230279,4,0
2015-10-24,Darmstadt,Wolfsburg,0.594469,0.976111,0,1
2015-10-24,Hannover 96,Eintracht Frankfurt,0.454178,0.74964,1,2
2015-10-24,Ingolstadt,Hertha Berlin,0.66126,0.702791,0,1
2015-10-24,Mainz 05,Werder Bremen,1.53001,2.29004,1,3
2015-10-25,Borussia Dortmund,Augsburg,4.21104,0.293643,5,1
2015-10-25,Borussia M.Gladbach,Schalke 04,2.25814,0.767714,3,1
2015-10-30,Eintracht Frankfurt,Bayern Munich,0.251519,1.38915,0,0
2015-10-31,Augsburg,Mainz 05,2.98084,1.72651,3,3
2015-10-31,FC Cologne,Hoffenheim,1.33774,0.90728,0,0
2015-10-31,Hertha Berlin,Borussia M.Gladbach,2.31638,1.29051,1,4
2015-10-31,Schalke 04,Ingolstadt,1.07951,0.26092,1,1
2015-10-31,Werder Bremen,Borussia Dortmund,0.983033,3.35901,1,3
2015-10-31,Wolfsburg,Bayer Leverkusen,2.11288,1.31846,2,1
2015-11-01,Hamburger SV,Hannover 96,2.44912,0.843812,1,2
2015-11-01,VfB Stuttgart,Darmstadt,2.13203,1.08627,2,0
2015-11-06,Hannover 96,Hertha Berlin,1.1491,1.8958,1,3
2015-11-07,Bayer Leverkusen,FC Cologne,0.457253,2.03601,1,2
2015-11-07,Bayern Munich,VfB Stuttgart,4.71083,0.284883,4,0
2015-11-07,Borussia M.Gladbach,Ingolstadt,1.28313,0.939938,0,0
2015-11-07,Darmstadt,Hamburger SV,1.6995,1.15876,1,1
2015-11-07,Hoffenheim,Eintracht Frankfurt,0.680401,1.60253,0,0
2015-11-07,Mainz 05,Wolfsburg,1.36046,0.153219,2,0
2015-11-08,Augsburg,Werder Bremen,1.70717,1.31037,1,2
2015-11-08,Borussia Dortmund,Schalke 04,2.14772,1.37138,3,2
2015-11-20,Hamburger SV,Borussia Dortmund,1.47142,2.31377,3,1
2015-11-21,Borussia M.Gladbach,Hannover 96,2.61888,2.19568,2,1
2015-11-21,Eintracht Frankfurt,Bayer Leverkusen,0.620149,1.67235,1,3
2015-11-21,FC Cologne,Mainz 05,0.868247,0.315868,0,0
2015-11-21,Schalke 04,Bayern Munich,0.217596,2.27848,1,3
2015-11-21,VfB Stuttgart,Augsburg,0.921864,2.23123,0,4
2015-11-21,Wolfsburg,Werder Bremen,4.16408,0.724132,6,0
2015-11-22,Hertha Berlin,Hoffenheim,0.100337,0.328805,1,0
2015-11-22,Ingolstadt,Darmstadt,2.73623,0.58372,3,1
2015-11-27,Darmstadt,FC Cologne,0.508721,0.933778,0,0
2015-11-28,Bayern Munich,Hertha Berlin,3.93799,0.218952,2,0
2015-11-28,Hannover 96,Ingolstadt,1.50396,0.366248,4,0
2015-11-28,Hoffenheim,Borussia M.Gladbach,2.07714,1.66132,3,3
2015-11-28,Mainz 05,Eintracht Frankfurt,2.44079,0.62621,2,1
2015-11-28,Werder Bremen,Hamburger SV,0.977105,1.13161,1,3
2015-11-29,Augsburg,Wolfsburg,1.26639,0.559526,0,0
2015-11-29,Bayer Leverkusen,Schalke 04,2.13995,0.949254,1,1
2015-11-29,Borussia Dortmund,VfB Stuttgart,2.12434,0.700582,4,1
2015-12-04,Schalke 04,Hannover 96,3.56394,0.228822,3,1
2015-12-05,Borussia M.Gladbach,Bayern Munich,2.15779,2.28915,3,1
2015-12-05,FC Cologne,Augsburg,2.36543,2.1005,0,1
2015-12-05,Hamburger SV,Mainz 05,1.30558,1.19413,1,3
2015-12-05,Hertha Berlin,Bayer Leverkusen,1.02556,1.2452,2,1
2015-12-05,Ingolstadt,Hoffenheim,0.489495,1.12887,1,1
2015-12-05,Wolfsburg,Borussia Dortmund,1.78593,2.58853,1,2
2015-12-06,Eintracht Frankfurt,Darmstadt,1.0568,1.55006,0,1
2015-12-06,VfB Stuttgart,Werder Bremen,1.49974,0.886678,1,1
2015-12-11,Mainz 05,VfB Stuttgart,0.747148,0.601794,0,0
2015-12-12,Bayer Leverkusen,Borussia M.Gladbach,2.75163,0.376285,5,0
2015-12-12,Bayern Munich,Ingolstadt,2.49703,1.00727,2,0
2015-12-12,Darmstadt,Hertha Berlin,0.26179,1.99133,0,4
2015-12-12,Hoffenheim,Hannover 96,1.55239,1.3987,1,0
2015-12-12,Werder Bremen,FC Cologne,1.34869,1.22073,1,1
2015-12-12,Wolfsburg,Hamburger SV,2.00091,0.210485,1,1
2015-12-13,Augsburg,Schalke 04,1.2358,1.45492,2,1
2015-12-13,Borussia Dortmund,Eintracht Frankfurt,6.02931,0.133013,4,1
2015-12-18,Schalke 04,Hoffenheim,0.722775,0.870611,1,0
2015-12-19,Eintracht Frankfurt,Werder Bremen,1.84525,0.87057,2,1
2015-12-19,FC Cologne,Borussia Dortmund,0.769926,0.750674,2,1
2015-12-19,Hamburger SV,Augsburg,1.24397,2.50129,0,1
2015-12-19,Hannover 96,Bayern Munich,0.221793,2.52645,0,1
2015-12-19,Ingolstadt,Bayer Leverkusen,0.461211,0.717973,0,1
2015-12-19,VfB Stuttgart,Wolfsburg,1.7755,1.32762,3,1
2015-12-20,Borussia M.Gladbach,Darmstadt,1.0366,2.23006,3,2
2015-12-20,Hertha Berlin,Mainz 05,1.52652,0.26315,2,0
2016-01-22,Hamburger SV,Bayern Munich,0.378362,1.95463,1,2
2016-01-23,Borussia M.Gladbach,Borussia Dortmund,0.969724,2.60367,1,3
2016-01-23,FC Cologne,VfB Stuttgart,2.33406,2.63662,1,3
2016-01-23,Hannover 96,Darmstadt,1.28887,2.76698,1,2
2016-01-23,Hertha Berlin,Augsburg,0.638542,0.704125,0,0
2016-01-23,Hoffenheim,Bayer Leverkusen,0.756054,1.82105,1,1
2016-01-23,Ingolstadt,Mainz 05,1.79614,0.651914,1,0
2016-01-24,Eintracht Frankfurt,Wolfsburg,1.18879,2.75506,3,2
2016-01-24,Schalke 04,Werder Bremen,2.01652,1.82961,1,3
2016-01-29,Mainz 05,Borussia M.Gladbach,0.852232,1.91691,1,0
2016-01-30,Augsburg,Eintracht Frankfurt,0.609193,1.25574,0,0
2016-01-30,Bayer Leverkusen,Hannover 96,1.96768,0.177765,3,0
2016-01-30,Borussia Dortmund,Ingolstadt,2.19495,0.145484,2,0
2016-01-30,Darmstadt,Schalke 04,0.0939969,1.56117,0,2
2016-01-30,VfB Stuttgart,Hamburger SV,2.69957,1.77488,2,1
2016-01-30,Werder Bremen,Hertha Berlin,2.40454,1.33238,3,3
2016-01-31,Bayern Munich,Hoffenheim,3.08952,0.463233,2,0
2016-01-31,Wolfsburg,FC Cologne,2.04894,0.698473,1,1
2016-02-05,Borussia M.Gladbach,Werder Bremen,3.16316,1.67818,5,1
2016-02-06,Bayer Leverkusen,Bayern Munich,0.288974,1.17556,0,0
2016-02-06,Eintracht Frankfurt,VfB Stuttgart,2.36752,3.36402,2,4
2016-02-06,Hannover 96,Mainz 05,0.638351,0.857195,0,1
2016-02-06,Hertha Berlin,Borussia Dortmund,0.881103,0.391491,0,0
2016-02-06,Ingolstadt,Augsburg,2.8596,0.232784,2,1
2016-02-06,Schalke 04,Wolfsburg,0.785917,0.559619,3,0
2016-02-07,Hamburger SV,FC Cologne,0.197661,1.37214,1,1
2016-02-07,Hoffenheim,Darmstadt,0.584715,2.06675,0,2
2016-02-12,Mainz 05,Schalke 04,1.00349,0.980702,2,1
2016-02-13,Borussia Dortmund,Hannover 96,1.23883,0.212153,1,0
2016-02-13,Darmstadt,Bayer Leverkusen,1.07695,1.5656,1,2
2016-02-13,FC Cologne,Eintracht Frankfurt,2.27377,0.606015,3,1
2016-02-13,VfB Stuttgart,Hertha Berlin,1.27221,1.12753,2,0
2016-02-13,Werder Bremen,Hoffenheim,1.83283,0.57006,1,1
2016-02-13,Wolfsburg,Ingolstadt,1.37415,0.549133,2,0
2016-02-14,Augsburg,Bayern Munich,0.310362,2.21151,1,3
2016-02-14,Hamburger SV,Borussia M.Gladbach,1.48178,2.07387,3,2
2016-02-19,Eintracht Frankfurt,Hamburger SV,0.45464,0.807708,0,0
2016-02-20,Bayern Munich,Darmstadt,3.08206,0.61234,3,1
2016-02-20,Borussia M.Gladbach,FC Cologne,0.907861,0.568002,1,0
2016-02-20,Hertha Berlin,Wolfsburg,0.693683,0.743911,1,1
2016-02-20,Hoffenheim,Mainz 05,1.83746,1.16619,3,2
2016-02-20,Ingolstadt,Werder Bremen,1.85348,0.572222,2,0
2016-02-21,Bayer Leverkusen,Borussia Dortmund,0.788355,1.25829,0,1
2016-02-21,Hannover 96,Augsburg,0.433505,1.17413,0,1
2016-02-21,Schalke 04,VfB Stuttgart,0.989802,1.68313,1,1
2016-02-26,FC Cologne,Hertha Berlin,0.787942,0.842565,0,1
2016-02-27,Hamburger SV,Ingolstadt,0.897328,1.01142,1,1
2016-02-27,VfB Stuttgart,Hannover 96,3.13363,1.59513,1,2
2016-02-27,Werder Bremen,Darmstadt,2.2106,1.16123,2,2
2016-02-27,Wolfsburg,Bayern Munich,0.686422,1.21707,0,2
2016-02-28,Augsburg,Borussia M.Gladbach,1.80948,1.80962,2,2
2016-02-28,Borussia Dortmund,Hoffenheim,2.47417,0.88117,3,1
2016-02-28,Eintracht Frankfurt,Schalke 04,0.775413,0.223305,0,0
2016-02-28,Mainz 05,Bayer Leverkusen,2.61685,0.81358,3,1
2016-03-01,Hannover 96,Wolfsburg,0.395343,3.15639,0,4
2016-03-01,Ingolstadt,FC Cologne,1.40092,1.14458,1,1
2016-03-02,Bayer Leverkusen,Werder Bremen,1.00958,1.88024,1,4
2016-03-02,Bayern Munich,Mainz 05,0.652757,0.723063,1,2
2016-03-02,Borussia M.Gladbach,VfB Stuttgart,3.23676,0.281312,4,0
2016-03-02,Darmstadt,Borussia Dortmund,0.422078,3.36158,0,2
2016-03-02,Hertha Berlin,Eintracht Frankfurt,1.21008,0.339767,2,0
2016-03-02,Hoffenheim,Augsburg,1.60086,1.8142,2,1
2016-03-02,Schalke 04,Hamburger SV,2.61412,0.825944,3,2
2016-03-05,Augsburg,Bayer Leverkusen,1.63701,1.46029,3,3
2016-03-05,Borussia Dortmund,Bayern Munich,0.750153,1.15007,0,0
2016-03-05,Eintracht Frankfurt,Ingolstadt,2.63935,1.55385,1,1
2016-03-05,FC Cologne,Schalke 04,2.44466,2.23816,1,3
2016-03-05,VfB Stuttgart,Hoffenheim,3.82557,0.918227,5,1
2016-03-05,Werder Bremen,Hannover 96,2.14361,1.14266,4,1
2016-03-05,Wolfsburg,Borussia M.Gladbach,0.863815,1.0738,2,1
2016-03-06,Hamburger SV,Hertha Berlin,1.10346,0.22915,2,0
2016-03-06,Mainz 05,Darmstadt,1.18471,1.02252,0,0
2016-03-11,Hertha Berlin,Schalke 04,1.41068,1.08126,2,0
2016-03-12,Bayern Munich,Werder Bremen,3.14093,0.0947484,5,0
2016-03-12,Borussia M.Gladbach,Eintracht Frankfurt,1.87363,0.0789648,3,0
2016-03-12,Darmstadt,Augsburg,1.35865,1.28135,2,2
2016-03-12,Hannover 96,FC Cologne,0.988474,1.12909,0,2
2016-03-12,Hoffenheim,Wolfsburg,1.40359,0.680487,1,0
2016-03-12,Ingolstadt,VfB Stuttgart,1.86907,3.11394,3,3
2016-03-13,Bayer Leverkusen,Hamburger SV,1.46364,1.03957,1,0
2016-03-13,Borussia Dortmund,Mainz 05,3.95436,0.136645,2,0
2016-03-18,Schalke 04,Borussia M.Gladbach,0.10538,2.14568,2,1
2016-03-19,Eintracht Frankfurt,Hannover 96,1.3943,0.381106,1,0
2016-03-19,FC Cologne,Bayern Munich,1.00667,0.343724,0,1
2016-03-19,Hamburger SV,Hoffenheim,2.27762,2.21883,1,3
2016-03-19,Hertha Berlin,Ingolstadt,1.12049,0.67263,2,1
2016-03-19,Werder Bremen,Mainz 05,1.15003,0.685087,1,1
2016-03-19,Wolfsburg,Darmstadt,1.31288,1.3773,1,1
2016-03-20,Augsburg,Borussia Dortmund,1.01768,1.52542,1,3
2016-03-20,VfB Stuttgart,Bayer Leverkusen,0.64082,2.29012,0,2
2016-04-01,Bayer Leverkusen,Wolfsburg,0.705961,0.572215,3,0
2016-04-02,Bayern Munich,Eintracht Frankfurt,1.08122,0.118042,1,0
2016-04-02,Borussia Dortmund,Werder Bremen,2.84328,0.436067,3,2
2016-04-02,Darmstadt,VfB Stuttgart,2.21695,0.480572,2,2
2016-04-02,Hannover 96,Hamburger SV,1.16167,2.17031,0,3
2016-04-02,Ingolstadt,Schalke 04,1.86933,0.864055,3,0
2016-04-02,Mainz 05,Augsburg,3.6054,0.784999,4,2
2016-04-03,Borussia M.Gladbach,Hertha Berlin,2.41386,0.280578,5,0
2016-04-03,Hoffenheim,FC Cologne,1.04133,1.09032,1,1
2016-04-08,Hertha Berlin,Hannover 96,1.66964,1.25141,2,2
2016-04-09,Eintracht Frankfurt,Hoffenheim,0.581161,1.3548,0,2
2016-04-09,Hamburger SV,Darmstadt,0.70616,1.04297,1,2
2016-04-09,Ingolstadt,Borussia M.Gladbach,2.04687,0.311628,1,0
2016-04-09,VfB Stuttgart,Bayern Munich,0.959571,0.728737,1,3
2016-04-09,Werder Bremen,Augsburg,0.716015,0.923628,1,2
2016-04-09,Wolfsburg,Mainz 05,1.0116,1.76775,1,1
2016-04-10,FC Cologne,Bayer Leverkusen,0.731816,1.36907,0,2
2016-04-10,Schalke 04,Borussia Dortmund,1.23275,1.6976,2,2
2016-04-15,Hannover 96,Borussia M.Gladbach,1.64388,0.732627,2,0
2016-04-16,Augsburg,VfB Stuttgart,1.28148,0.428691,1,0
2016-04-16,Bayer Leverkusen,Eintracht Frankfurt,1.12161,0.878427,3,0
2016-04-16,Bayern Munich,Schalke 04,1.27153,0.430468,3,0
2016-04-16,Darmstadt,Ingolstadt,1.24602,0.351721,2,0
2016-04-16,Hoffenheim,Hertha Berlin,1.31625,1.09114,2,1
2016-04-16,Werder Bremen,Wolfsburg,3.58106,1.09409,3,2
2016-04-17,Borussia Dortmund,Hamburger SV,1.90773,0.617113,3,0
2016-04-17,Mainz 05,FC Cologne,1.80923,1.14393,2,3
2016-04-22,Hamburger SV,Werder Bremen,1.90362,2.52835,2,1
2016-04-23,FC Cologne,Darmstadt,2.56591,1.03362,4,1
2016-04-23,Hertha Berlin,Bayern Munich,0.351189,0.192443,0,2
2016-04-23,Ingolstadt,Hannover 96,1.16542,1.22986,2,2
2016-04-23,Schalke 04,Bayer Leverkusen,2.42823,1.52773,2,3
2016-04-23,VfB Stuttgart,Borussia Dortmund,0.479435,3.53521,0,3
2016-04-23,Wolfsburg,Augsburg,1.38162,0.967552,0,2
2016-04-24,Borussia M.Gladbach,Hoffenheim,2.90034,1.18468,3,1
2016-04-24,Eintracht Frankfurt,Mainz 05,0.547038,0.490667,2,1
2016-04-29,Augsburg,FC Cologne,0.88211,0.257362,0,0
2016-04-30,Bayer Leverkusen,Hertha Berlin,2.98724,0.344918,2,1
2016-04-30,Bayern Munich,Borussia M.Gladbach,0.283796,0.337244,1,1
2016-04-30,Borussia Dortmund,Wolfsburg,3.1369,0.643223,5,1
2016-04-30,Darmstadt,Eintracht Frankfurt,1.19136,0.846611,1,2
2016-04-30,Hannover 96,Schalke 04,2.06666,1.79057,1,3
2016-04-30,Hoffenheim,Ingolstadt,1.82345,2.37831,2,1
2016-04-30,Mainz 05,Hamburger SV,0.973992,0.570155,0,0
2016-05-02,Werder Bremen,VfB Stuttgart,2.87488,0.814877,6,2
2016-05-07,Borussia M.Gladbach,Bayer Leverkusen,1.24034,1.96166,2,1
2016-05-07,Eintracht Frankfurt,Borussia Dortmund,0.697175,1.4668,1,0
2016-05-07,FC Cologne,Werder Bremen,0.578238,0.585339,0,0
2016-05-07,Hamburger SV,Wolfsburg,0.427188,1.96183,0,1
2016-05-07,Hannover 96,Hoffenheim,0.689753,1.39948,1,0
2016-05-07,Hertha Berlin,Darmstadt,1.35682,1.26224,1,2
2016-05-07,Ingolstadt,Bayern Munich,1.94299,2.27556,1,2
2016-05-07,Schalke 04,Augsburg,1.4111,0.557159,1,1
2016-05-07,VfB Stuttgart,Mainz 05,0.873428,3.89767,1,3
2016-05-14,Augsburg,Hamburger SV,1.03269,2.0985,1,3
2016-05-14,Bayer Leverkusen,Ingolstadt,3.08569,2.93125,3,2
2016-05-14,Bayern Munich,Hannover 96,2.692,1.81013,3,1
2016-05-14,Borussia Dortmund,FC Cologne,1.15049,1.60855,2,2
2016-05-14,Darmstadt,Borussia M.Gladbach,0.357258,1.87154,0,2
2016-05-14,Hoffenheim,Schalke 04,1.41779,1.60217,1,4
2016-05-14,Mainz 05,Hertha Berlin,1.48776,0.873124,0,0
2016-05-14,Werder Bremen,Eintracht Frankfurt,1.9531,0.191835,1,0
2016-05-14,Wolfsburg,VfB Stuttgart,2.79348,0.973203,3,1
2016-08-26,Bayern Munich,Werder Bremen,4.53263,0.185791,6,0
2016-08-27,Augsburg,Wolfsburg,0.452708,0.711094,0,2
2016-08-27,Borussia Dortmund,Mainz 05,1.81984,1.07885,2,1
2016-08-27,Borussia M.Gladbach,Bayer Leverkusen,1.88815,1.11067,2,1
2016-08-27,Eintracht Frankfurt,Schalke 04,1.86688,0.930915,1,0
2016-08-27,FC Cologne,Darmstadt,3.13195,0.558815,2,0
2016-08-27,Hamburger SV,Ingolstadt,0.309707,1.20744,1,1
2016-08-28,Hertha Berlin,Freiburg,0.869084,0.360723,2,1
2016-08-28,Hoffenheim,RasenBallsport Leipzig,1.15624,2.47526,2,2
2016-09-09,Schalke 04,Bayern Munich,0.965209,2.2266,0,2
2016-09-10,Bayer Leverkusen,Hamburger SV,2.1378,0.65629,3,1
2016-09-10,Darmstadt,Eintracht Frankfurt,0.277384,1.64252,1,0
2016-09-10,Freiburg,Borussia M.Gladbach,1.55438,0.130259,3,1
2016-09-10,Ingolstadt,Hertha Berlin,0.986677,0.854096,0,2
2016-09-10,RasenBallsport Leipzig,Borussia Dortmund,0.950658,0.482478,1,0
2016-09-10,Wolfsburg,FC Cologne,0.914326,1.36943,0,0
2016-09-11,Mainz 05,Hoffenheim,0.788235,2.26684,4,4
2016-09-11,Werder Bremen,Augsburg,1.62947,1.65986,1,2
2016-09-16,FC Cologne,Freiburg,1.40487,1.4295,3,0
2016-09-17,Bayern Munich,Ingolstadt,0.446972,1.54672,3,1
2016-09-17,Borussia Dortmund,Darmstadt,4.05385,0.179729,6,0
2016-09-17,Borussia M.Gladbach,Werder Bremen,3.63049,1.20156,4,1
2016-09-17,Eintracht Frankfurt,Bayer Leverkusen,2.14781,2.11932,2,1
2016-09-17,Hamburger SV,RasenBallsport Leipzig,1.08134,3.30009,0,4
2016-09-17,Hoffenheim,Wolfsburg,1.93562,2.34852,0,0
2016-09-18,Augsburg,Mainz 05,0.82866,1.54386,1,3
2016-09-18,Hertha Berlin,Schalke 04,0.724842,0.424457,2,0
2016-09-20,Darmstadt,Hoffenheim,1.62811,1.44238,1,1
2016-09-20,Freiburg,Hamburger SV,1.78293,0.647916,1,0
2016-09-20,Ingolstadt,Eintracht Frankfurt,0.782075,0.352096,0,2
2016-09-20,Wolfsburg,Borussia Dortmund,2.71087,2.34245,1,5
2016-09-21,Bayer Leverkusen,Augsburg,2.0338,0.230565,0,0
2016-09-21,Bayern Munich,Hertha Berlin,2.71721,0.153422,3,0
2016-09-21,RasenBallsport Leipzig,Borussia M.Gladbach,1.58682,0.224262,1,1
2016-09-21,Schalke 04,FC Cologne,1.37614,1.18875,1,3
2016-09-21,Werder Bremen,Mainz 05,0.916,1.38592,1,2
2016-09-23,Borussia Dortmund,Freiburg,3.2333,1.05384,3,1
2016-09-24,Augsburg,Darmstadt,1.95473,0.129868,1,0
2016-09-24,Borussia M.Gladbach,Ingolstadt,1.18177,0.535119,2,0
2016-09-24,Eintracht Frankfurt,Hertha Berlin,1.50633,1.17158,3,3
2016-09-24,Hamburger SV,Bayern Munich,0.304936,2.12276,0,1
2016-09-24,Mainz 05,Bayer Leverkusen,1.73915,1.73598,2,3
2016-09-24,Werder Bremen,Wolfsburg,1.11466,0.483419,2,1
2016-09-25,FC Cologne,RasenBallsport Leipzig,0.366844,0.819612,1,1
2016-09-25,Hoffenheim,Schalke 04,1.8649,1.04708,2,1
2016-09-30,RasenBallsport Leipzig,Augsburg,1.04258,0.313816,2,1
2016-10-01,Bayer Leverkusen,Borussia Dortmund,1.52698,0.837447,2,0
2016-10-01,Bayern Munich,FC Cologne,2.20563,0.899194,1,1
2016-10-01,Darmstadt,Werder Bremen,1.27773,1.54526,2,2
2016-10-01,Freiburg,Eintracht Frankfurt,0.464817,0.715723,1,0
2016-10-01,Hertha Berlin,Hamburger SV,2.44266,1.11245,2,0
2016-10-01,Ingolstadt,Hoffenheim,2.21758,3.31162,1,2
2016-10-02,Schalke 04,Borussia M.Gladbach,3.05307,0.802215,4,0
2016-10-02,Wolfsburg,Mainz 05,1.32308,0.256465,0,0
2016-10-14,Borussia Dortmund,Hertha Berlin,2.60334,0.994838,1,1
2016-10-15,Augsburg,Schalke 04,0.414301,0.73357,1,1
2016-10-15,Borussia M.Gladbach,Hamburger SV,3.46166,0.209913,0,0
2016-10-15,Eintracht Frankfurt,Bayern Munich,2.01559,1.4782,2,2
2016-10-15,FC Cologne,Ingolstadt,3.98127,1.07265,2,1
2016-10-15,Hoffenheim,Freiburg,2.4316,0.860554,2,1
2016-10-15,Werder Bremen,Bayer Leverkusen,1.51915,0.548105,2,1
2016-10-16,Mainz 05,Darmstadt,2.86526,1.93127,2,1
2016-10-16,Wolfsburg,RasenBallsport Leipzig,0.684268,1.82053,0,1
2016-10-21,Hamburger SV,Eintracht Frankfurt,0.163638,1.31119,0,3
2016-10-22,Bayer Leverkusen,Hoffenheim,0.598561,2.30615,0,3
2016-10-22,Bayern Munich,Borussia M.Gladbach,1.73353,0.49977,2,0
2016-10-22,Darmstadt,Wolfsburg,1.38031,0.577877,3,1
2016-10-22,Freiburg,Augsburg,1.53071,1.23006,2,1
2016-10-22,Hertha Berlin,FC Cologne,1.43523,1.35639,2,1
2016-10-22,Ingolstadt,Borussia Dortmund,1.69325,2.51636,3,3
2016-10-23,RasenBallsport Leipzig,Werder Bremen,3.33619,0.913725,3,1
2016-10-23,Schalke 04,Mainz 05,1.21196,0.987414,3,0
2016-10-28,Borussia M.Gladbach,Eintracht Frankfurt,0.605662,0.388618,0,0
2016-10-29,Augsburg,Bayern Munich,0.724858,3.47304,1,3
2016-10-29,Borussia Dortmund,Schalke 04,0.816002,0.46649,0,0
2016-10-29,Darmstadt,RasenBallsport Leipzig,0.199603,1.64364,0,2
2016-10-29,Mainz 05,Ingolstadt,2.21072,0.216935,2,0
2016-10-29,Werder Bremen,Freiburg,1.29428,1.71134,1,3
2016-10-29,Wolfsburg,Bayer Leverkusen,1.1136,2.12119,1,2
2016-10-30,FC Cologne,Hamburger SV,2.93112,0.307566,3,0
2016-10-30,Hoffenheim,Hertha Berlin,2.77857,0.251867,1,0
2016-11-04,Hertha Berlin,Borussia M.Gladbach,1.66602,0.636014,3,0
2016-11-05,Bayer Leverkusen,Darmstadt,0.674028,0.863248,3,2
2016-11-05,Bayern Munich,Hoffenheim,1.49595,0.24666,1,1
2016-11-05,Eintracht Frankfurt,FC Cologne,0.860348,0.638081,1,0
2016-11-05,Freiburg,Wolfsburg,0.916201,2.12583,0,3
2016-11-05,Hamburger SV,Borussia Dortmund,0.716262,2.88584,2,5
2016-11-05,Ingolstadt,Augsburg,0.587399,1.15792,0,2
2016-11-06,RasenBallsport Leipzig,Mainz 05,2.98005,0.510631,3,1
2016-11-06,Schalke 04,Werder Bremen,2.84842,1.0143,3,1
2016-11-18,Bayer Leverkusen,RasenBallsport Leipzig,1.85187,1.13026,2,3
2016-11-19,Augsburg,Hertha Berlin,1.1004,1.42162,0,0
2016-11-19,Borussia Dortmund,Bayern Munich,1.55352,0.929514,1,0
2016-11-19,Borussia M.Gladbach,FC Cologne,2.04672,0.413052,1,2
2016-11-19,Darmstadt,Ingolstadt,1.92547,1.18409,0,1
2016-11-19,Mainz 05,Freiburg,2.51061,2.46211,4,2
2016-11-19,Wolfsburg,Schalke 04,0.273387,1.12414,0,1
2016-11-20,Hoffenheim,Hamburger SV,2.31892,1.80116,2,2
2016-11-20,Werder Bremen,Eintracht Frankfurt,1.03212,1.62014,1,2
2016-11-25,Freiburg,RasenBallsport Leipzig,0.683397,1.90539,1,4
2016-11-26,Bayern Munich,Bayer Leverkusen,1.68783,1.26793,2,1
2016-11-26,Borussia M.Gladbach,Hoffenheim,1.845,0.827583,1,1
2016-11-26,Eintracht Frankfurt,Borussia Dortmund,0.686336,1.66759,2,1
2016-11-26,FC Cologne,Augsburg,1.38658,0.50809,0,0
2016-11-26,Hamburger SV,Werder Bremen,2.17271,1.21396,2,2
2016-11-26,Ingolstadt,Wolfsburg,3.68791,0.504027,1,1
2016-11-27,Hertha Berlin,Mainz 05,1.63472,1.52234,2,1
2016-11-27,Schalke 04,Darmstadt,2.7318,1.26539,3,1
2016-12-02,Mainz 05,Bayern Munich,0.47533,1.67552,1,3
2016-12-03,Bayer Leverkusen,Freiburg,3.31063,0.599753,1,1
2016-12-03,Borussia Dortmund,Borussia M.Gladbach,2.39193,0.731465,4,1
2016-12-03,Hoffenheim,FC Cologne,2.16731,1.83627,4,0
2016-12-03,RasenBallsport Leipzig,Schalke 04,1.8836,1.12833,2,1
2016-12-03,Werder Bremen,Ingolstadt,2.23558,1.09704,2,1
2016-12-03,Wolfsburg,Hertha Berlin,1.13683,1.54821,2,3
2016-12-04,Augsburg,Eintracht Frankfurt,0.671214,0.390793,1,1
2016-12-04,Darmstadt,Hamburger SV,0.567564,2.12004,0,2
2016-12-09,Eintracht Frankfurt,Hoffenheim,0.582927,0.212786,0,0
2016-12-10,Bayern Munich,Wolfsburg,2.18433,0.422847,5,0
2016-12-10,FC Cologne,Borussia Dortmund,0.905376,0.740252,1,1
2016-12-10,Freiburg,Darmstadt,1.61481,0.604576,1,0
2016-12-10,Hamburger SV,Augsburg,0.886586,0.952731,1,0
2016-12-10,Hertha Berlin,Werder Bremen,0.521946,1.371,0,1
2016-12-10,Ingolstadt,RasenBallsport Leipzig,0.577386,1.51305,1,0
2016-12-11,Borussia M.Gladbach,Mainz 05,0.355797,0.530834,1,0
2016-12-11,Schalke 04,Bayer Leverkusen,0.699097,1.23195,0,1
2016-12-16,Hoffenheim,Borussia Dortmund,1.54298,1.48937,2,2
2016-12-17,Augsburg,Borussia M.Gladbach,0.34872,0.283914,1,0
2016-12-17,Mainz 05,Hamburger SV,1.36545,0.900534,3,1
2016-12-17,RasenBallsport Leipzig,Hertha Berlin,1.64142,0.199768,2,0
2016-12-17,Schalke 04,Freiburg,0.958265,1.25505,1,1
2016-12-17,Werder Bremen,FC Cologne,0.377752,1.84906,1,1
2016-12-17,Wolfsburg,Eintracht Frankfurt,1.75441,1.38982,1,0
2016-12-18,Bayer Leverkusen,Ingolstadt,0.571467,2.29253,1,2
2016-12-18,Darmstadt,Bayern Munich,0.869666,1.21772,0,1
2016-12-20,Borussia Dortmund,Augsburg,1.98186,1.18385,1,1
2016-12-20,Borussia M.Gladbach,Wolfsburg,1.53544,2.26217,1,2
2016-12-20,Eintracht Frankfurt,Mainz 05,1.76293,1.05038,3,0
2016-12-20,Hamburger SV,Schalke 04,2.47737,0.439814,2,1
2016-12-21,Bayern Munich,RasenBallsport Leipzig,4.92205,0.135897,3,0
2016-12-21,FC Cologne,Bayer Leverkusen,0.721118,1.45189,1,1
2016-12-21,Hertha Berlin,Darmstadt,2.04959,1.07625,2,0
2016-12-21,Hoffenheim,Werder Bremen,1.51059,0.546119,1,1
2016-12-21,Ingolstadt,Freiburg,1.2843,1.5487,1,2
2017-01-20,Freiburg,Bayern Munich,0.696302,0.60487,1,2
2017-01-21,Augsburg,Hoffenheim,0.45179,1.89483,0,2
2017-01-21,Darmstadt,Borussia M.Gladbach,0.802235,1.26715,0,0
2017-01-21,RasenBallsport Leipzig,Eintracht Frankfurt,3.05773,0.617185,3,0
2017-01-21,Schalke 04,Ingolstadt,2.02155,0.522735,1,0
2017-01-21,Werder Bremen,Borussia Dortmund,0.683532,2.86037,1,2
2017-01-21,Wolfsburg,Hamburger SV,1.13564,0.666936,1,0
2017-01-22,Bayer Leverkusen,Hertha Berlin,2.20774,1.18956,3,1
2017-01-22,Mainz 05,FC Cologne,0.489561,0.407808,0,0
2017-01-27,Schalke 04,Eintracht Frankfurt,0.621137,0.416066,0,1
2017-01-28,Bayer Leverkusen,Borussia M.Gladbach,1.53578,1.90101,2,3
2017-01-28,Darmstadt,FC Cologne,1.55993,3.27302,1,6
2017-01-28,Ingolstadt,Hamburger SV,1.41586,0.491104,3,1
2017-01-28,RasenBallsport Leipzig,Hoffenheim,1.47923,0.793259,2,1
2017-01-28,Werder Bremen,Bayern Munich,0.740585,0.664364,1,2
2017-01-28,Wolfsburg,Augsburg,1.51608,2.03309,1,2
2017-01-29,Freiburg,Hertha Berlin,0.618883,0.529186,2,1
2017-01-29,Mainz 05,Borussia Dortmund,0.681513,1.16864,1,1
2017-02-03,Hamburger SV,Bayer Leverkusen,1.0957,0.258906,1,0
2017-02-04,Bayern Munich,Schalke 04,1.20803,0.933229,1,1
2017-02-04,Borussia Dortmund,RasenBallsport Leipzig,3.12438,0.0680623,1,0
2017-02-04,Borussia M.Gladbach,Freiburg,1.86188,0.546023,3,0
2017-02-04,FC Cologne,Wolfsburg,1.1942,0.620852,1,0
2017-02-04,Hertha Berlin,Ingolstadt,0.810684,0.523057,1,0
2017-02-04,Hoffenheim,Mainz 05,2.43327,0.895123,4,0
2017-02-05,Augsburg,Werder Bremen,1.59519,2.32944,3,2
2017-02-05,Eintracht Frankfurt,Darmstadt,2.40111,0.250504,2,0
2017-02-10,Mainz 05,Augsburg,1.63564,0.427462,2,0
2017-02-11,Bayer Leverkusen,Eintracht Frankfurt,2.54416,0.632868,3,0
2017-02-11,Darmstadt,Borussia Dortmund,1.93475,0.746753,2,1
2017-02-11,Ingolstadt,Bayern Munich,0.436757,1.89105,0,2
2017-02-11,RasenBallsport Leipzig,Hamburger SV,1.39703,1.4821,0,3
2017-02-11,Schalke 04,Hertha Berlin,1.20548,0.577284,2,0
2017-02-11,Werder Bremen,Borussia M.Gladbach,1.06174,1.32359,0,1
2017-02-12,Freiburg,FC Cologne,0.928509,1.74238,2,1
2017-02-12,Wolfsburg,Hoffenheim,2.33121,0.874317,2,1
2017-02-17,Augsburg,Bayer Leverkusen,1.44908,3.27707,1,3
2017-02-18,Borussia Dortmund,Wolfsburg,2.5227,0.213682,3,0
2017-02-18,Eintracht Frankfurt,Ingolstadt,2.1199,1.37301,0,2
2017-02-18,Hamburger SV,Freiburg,1.63591,0.940296,2,2
2017-02-18,Hertha Berlin,Bayern Munich,0.925318,1.28308,1,1
2017-02-18,Hoffenheim,Darmstadt,1.73239,0.316848,2,0
2017-02-18,Mainz 05,Werder Bremen,0.855557,0.560453,0,2
2017-02-19,Borussia M.Gladbach,RasenBallsport Leipzig,1.38933,0.75509,1,2
2017-02-19,FC Cologne,Schalke 04,0.302197,1.77578,1,1
2017-02-24,Wolfsburg,Werder Bremen,2.1184,1.05277,1,2
2017-02-25,Bayer Leverkusen,Mainz 05,1.00907,1.36951,0,2
2017-02-25,Bayern Munich,Hamburger SV,3.61743,0.228928,8,0
2017-02-25,Darmstadt,Augsburg,0.680607,1.81789,1,2
2017-02-25,Freiburg,Borussia Dortmund,0.318406,5.0778,0,3
2017-02-25,Hertha Berlin,Eintracht Frankfurt,0.743606,0.550767,2,0
2017-02-25,RasenBallsport Leipzig,FC Cologne,0.94132,0.696948,3,1
2017-02-26,Ingolstadt,Borussia M.Gladbach,0.876174,1.15857,0,2
2017-02-26,Schalke 04,Hoffenheim,0.282474,0.907791,1,1
2017-03-03,Augsburg,RasenBallsport Leipzig,0.825387,1.38005,2,2
2017-03-04,Borussia Dortmund,Bayer Leverkusen,4.87346,0.634697,6,2
2017-03-04,Borussia M.Gladbach,Schalke 04,3.02164,1.29836,4,2
2017-03-04,FC Cologne,Bayern Munich,0.184391,1.609,0,3
2017-03-04,Hoffenheim,Ingolstadt,2.00625,0.755565,5,2
2017-03-04,Mainz 05,Wolfsburg,0.943015,0.753265,1,1
2017-03-04,Werder Bremen,Darmstadt,1.99892,1.68003,2,0
2017-03-05,Eintracht Frankfurt,Freiburg,1.72726,1.64187,1,2
2017-03-05,Hamburger SV,Hertha Berlin,0.696504,0.385743,1,0
2017-03-10,Bayer Leverkusen,Werder Bremen,1.64424,0.977419,1,1
2017-03-11,Bayern Munich,Eintracht Frankfurt,2.93121,0.753534,3,0
2017-03-11,Darmstadt,Mainz 05,1.66213,1.29857,2,1
2017-03-11,Freiburg,Hoffenheim,1.14554,1.59538,1,1
2017-03-11,Hertha Berlin,Borussia Dortmund,1.73774,1.08133,2,1
2017-03-11,Ingolstadt,FC Cologne,1.42995,1.28155,2,2
2017-03-11,RasenBallsport Leipzig,Wolfsburg,0.594929,1.70049,0,1
2017-03-12,Hamburger SV,Borussia M.Gladbach,1.4575,1.31382,2,1
2017-03-12,Schalke 04,Augsburg,3.76518,1.05335,3,0
2017-03-17,Borussia Dortmund,Ingolstadt,0.574065,1.37608,1,0
2017-03-18,Augsburg,Freiburg,1.13915,1.03907,1,1
2017-03-18,Eintracht Frankfurt,Hamburger SV,1.03591,0.134726,0,0
2017-03-18,FC Cologne,Hertha Berlin,1.0584,1.69998,4,2
2017-03-18,Hoffenheim,Bayer Leverkusen,1.75958,0.992443,1,0
2017-03-18,Werder Bremen,RasenBallsport Leipzig,1.39387,0.689398,3,0
2017-03-18,Wolfsburg,Darmstadt,2.27784,0.745708,1,0
2017-03-19,Borussia M.Gladbach,Bayern Munich,0.75605,2.21621,0,1
2017-03-19,Mainz 05,Schalke 04,0.645262,1.04603,0,1
2017-03-31,Hertha Berlin,Hoffenheim,0.269789,3.16527,1,3
2017-04-01,Bayern Munich,Augsburg,3.67736,0.186673,6,0
2017-04-01,Eintracht Frankfurt,Borussia M.Gladbach,2.70815,0.205804,0,0
2017-04-01,Freiburg,Werder Bremen,1.76818,1.03239,2,5
2017-04-01,Hamburger SV,FC Cologne,1.36149,1.13052,2,1
2017-04-01,RasenBallsport Leipzig,Darmstadt,4.00225,1.05189,4,0
2017-04-01,Schalke 04,Borussia Dortmund,0.578624,0.916317,1,1
2017-04-02,Bayer Leverkusen,Wolfsburg,0.779828,1.79787,3,3
2017-04-02,Ingolstadt,Mainz 05,1.5092,0.767112,2,1
2017-04-04,Borussia Dortmund,Hamburger SV,3.96885,1.01065,3,0
2017-04-04,FC Cologne,Eintracht Frankfurt,0.731269,0.651039,1,0
2017-04-04,Hoffenheim,Bayern Munich,0.972676,1.89107,1,0
2017-04-04,Werder Bremen,Schalke 04,2.02275,0.731092,3,0
2017-04-05,Augsburg,Ingolstadt,1.36168,1.76551,2,3
2017-04-05,Borussia M.Gladbach,Hertha Berlin,1.82471,0.863378,1,0
2017-04-05,Darmstadt,Bayer Leverkusen,0.548735,2.05324,0,2
2017-04-05,Mainz 05,RasenBallsport Leipzig,2.90081,1.62551,2,3
2017-04-05,Wolfsburg,Freiburg,1.9679,0.859006,0,1
2017-04-07,Eintracht Frankfurt,Werder Bremen,2.5197,0.550904,2,2
2017-04-08,Bayern Munich,Borussia Dortmund,1.9556,0.696828,4,1
2017-04-08,FC Cologne,Borussia M.Gladbach,0.968922,0.615319,2,3
2017-04-08,Freiburg,Mainz 05,0.937258,0.851206,1,0
2017-04-08,Hamburger SV,Hoffenheim,0.920754,1.40908,2,1
2017-04-08,RasenBallsport Leipzig,Bayer Leverkusen,1.51489,0.629889,1,0
2017-04-08,Schalke 04,Wolfsburg,1.64298,1.59019,4,1
2017-04-09,Hertha Berlin,Augsburg,1.87729,0.668736,2,0
2017-04-09,Ingolstadt,Darmstadt,3.65862,0.980139,3,2
2017-04-15,Augsburg,FC Cologne,1.08513,1.39565,2,1
2017-04-15,Bayer Leverkusen,Bayern Munich,0.380752,2.14432,0,0
2017-04-15,Borussia Dortmund,Eintracht Frankfurt,2.56997,0.981383,3,1
2017-04-15,Hoffenheim,Borussia M.Gladbach,2.0053,2.23834,5,3
2017-04-15,Mainz 05,Hertha Berlin,1.02606,0.261043,1,0
2017-04-15,RasenBallsport Leipzig,Freiburg,1.19051,0.690412,4,0
2017-04-15,Wolfsburg,Ingolstadt,1.60835,0.155444,3,0
2017-04-16,Darmstadt,Schalke 04,1.48412,2.79502,2,1
2017-04-16,Werder Bremen,Hamburger SV,1.74435,0.695911,2,1
2017-04-21,FC Cologne,Hoffenheim,1.18729,1.16684,1,1
2017-04-22,Bayern Munich,Mainz 05,0.916519,1.75151,2,2
2017-04-22,Borussia M.Gladbach,Borussia Dortmund,0.855144,1.94133,2,3
2017-04-22,Eintracht Frankfurt,Augsburg,2.01622,0.793224,3,1
2017-04-22,Hamburger SV,Darmstadt,1.14997,1.31693,1,2
2017-04-22,Hertha Berlin,Wolfsburg,1.98048,1.57197,1,0
2017-04-22,Ingolstadt,Werder Bremen,2.2262,2.20579,2,4
2017-04-23,Freiburg,Bayer Leverkusen,1.0518,1.14702,2,1
2017-04-23,Schalke 04,RasenBallsport Leipzig,0.768932,0.73343,1,1
2017-04-28,Bayer Leverkusen,Schalke 04,1.26441,2.46126,1,4
2017-04-29,Borussia Dortmund,FC Cologne,2.67669,0.275427,0,0
2017-04-29,Darmstadt,Freiburg,1.61424,1.11673,3,0
2017-04-29,Mainz 05,Borussia M.Gladbach,2.1399,1.22816,1,2
2017-04-29,RasenBallsport Leipzig,Ingolstadt,1.50493,0.593622,0,0
2017-04-29,Werder Bremen,Hertha Berlin,1.83478,0.761313,2,0
2017-04-29,Wolfsburg,Bayern Munich,0.364748,2.26407,0,6
2017-04-30,Augsburg,Hamburger SV,2.14215,0.294926,4,0
2017-04-30,Hoffenheim,Eintracht Frankfurt,0.595004,0.172208,1,0
2017-05-05,FC Cologne,Werder Bremen,2.86367,1.59994,4,3
2017-05-06,Bayern Munich,Darmstadt,2.4342,1.1907,1,0
2017-05-06,Borussia Dortmund,Hoffenheim,2.58723,1.03413,2,1
2017-05-06,Borussia M.Gladbach,Augsburg,1.36962,1.5852,1,1
2017-05-06,Eintracht Frankfurt,Wolfsburg,1.14243,1.41291,0,2
2017-05-06,Hertha Berlin,RasenBallsport Leipzig,0.23152,2.56445,1,4
2017-05-06,Ingolstadt,Bayer Leverkusen,0.432267,1.38231,1,1
2017-05-07,Freiburg,Schalke 04,2.48307,0.422559,2,0
2017-05-07,Hamburger SV,Mainz 05,0.327514,1.37521,0,0
2017-05-13,Augsburg,Borussia Dortmund,1.27027,1.7547,1,1
2017-05-13,Bayer Leverkusen,FC Cologne,2.64929,0.970487,2,2
2017-05-13,Darmstadt,Hertha Berlin,0.754449,1.58846,0,2
2017-05-13,Freiburg,Ingolstadt,1.27196,1.89065,1,1
2017-05-13,Mainz 05,Eintracht Frankfurt,1.77492,1.64384,4,2
2017-05-13,RasenBallsport Leipzig,Bayern Munich,2.0471,3.61687,4,5
2017-05-13,Schalke 04,Hamburger SV,1.23798,1.82811,1,1
2017-05-13,Werder Bremen,Hoffenheim,1.44786,1.01187,3,5
2017-05-13,Wolfsburg,Borussia M.Gladbach,1.26549,1.65365,1,1
2017-05-20,Bayern Munich,Freiburg,3.93385,1.52892,4,1
2017-05-20,Borussia Dortmund,Werder Bremen,4.35162,1.6445,4,3
2017-05-20,Borussia M.Gladbach,Darmstadt,1.97938,0.597895,2,2
2017-05-20,Eintracht Frankfurt,RasenBallsport Leipzig,2.26092,1.38077,2,2
2017-05-20,FC Cologne,Mainz 05,1.29204,0.141602,2,0
2017-05-20,Hamburger SV,Wolfsburg,0.566862,0.872557,2,1
2017-05-20,Hertha Berlin,Bayer Leverkusen,3.7783,4.4212,2,6
2017-05-20,Hoffenheim,Augsburg,0.825898,0.264815,0,0
2017-05-20,Ingolstadt,Schalke 04,2.6011,1.13122,1,1
2017-08-18,Bayern Munich,Bayer Leverkusen,2.77906,1.8866,3,1
2017-08-19,Hamburger SV,Augsburg,0.55238,0.573987,1,0
2017-08-19,Hertha Berlin,VfB Stuttgart,0.436556,0.879388,2,0
2017-08-19,Hoffenheim,Werder Bremen,0.97427,0.806833,1,0
2017-08-19,Mainz 05,Hannover 96,0.526663,0.610149,0,1
2017-08-19,Schalke 04,RasenBallsport Leipzig,1.91233,0.791215,2,0
2017-08-19,Wolfsburg,Borussia Dortmund,0.495065,1.12424,0,3
2017-08-20,Borussia M.Gladbach,FC Cologne,1.62503,0.837903,1,0
2017-08-20,Freiburg,Eintracht Frankfurt,0.231368,1.54296,0,0
2017-08-25,FC Cologne,Hamburger SV,1.88741,1.64554,1,3
2017-08-26,Augsburg,Borussia M.Gladbach,2.45658,1.3232,2,2
2017-08-26,Bayer Leverkusen,Hoffenheim,2.43586,0.68001,2,2
2017-08-26,Borussia Dortmund,Hertha Berlin,2.06987,0.406341,2,0
2017-08-26,Eintracht Frankfurt,Wolfsburg,0.926888,1.07528,0,1
2017-08-26,VfB Stuttgart,Mainz 05,2.08775,0.385982,1,0
2017-08-26,Werder Bremen,Bayern Munich,0.229698,1.39955,0,2
2017-08-27,Hannover 96,Schalke 04,0.805466,0.403031,1,0
2017-08-27,RasenBallsport Leipzig,Freiburg,2.85363,0.456207,4,1
2017-09-08,Hamburger SV,RasenBallsport Leipzig,1.17417,1.37657,0,2
2017-09-09,Augsburg,FC Cologne,2.27655,0.458374,3,0
2017-09-09,Borussia M.Gladbach,Eintracht Frankfurt,0.632041,0.614198,0,1
2017-09-09,Freiburg,Borussia Dortmund,0.490076,1.56801,0,0
2017-09-09,Hoffenheim,Bayern Munich,0.612108,1.51192,2,0
2017-09-09,Mainz 05,Bayer Leverkusen,1.33781,0.964768,3,1
2017-09-09,Wolfsburg,Hannover 96,1.13451,0.480156,1,1
2017-09-10,Hertha Berlin,Werder Bremen,0.250761,0.569654,1,1
2017-09-10,Schalke 04,VfB Stuttgart,1.98675,1.30096,3,1
2017-09-15,Hannover 96,Hamburger SV,2.2982,0.453334,2,0
2017-09-16,Bayern Munich,Mainz 05,4.4171,0.711282,4,0
2017-09-16,Eintracht Frankfurt,Augsburg,1.32498,0.72838,1,2
2017-09-16,RasenBallsport Leipzig,Borussia M.Gladbach,0.736279,1.45024,2,2
2017-09-16,VfB Stuttgart,Wolfsburg,1.13249,0.453375,1,0
2017-09-16,Werder Bremen,Schalke 04,0.982258,0.930766,1,2
2017-09-17,Bayer Leverkusen,Freiburg,2.25411,0.429073,4,0
2017-09-17,Borussia Dortmund,FC Cologne,3.85155,0.461837,5,0
2017-09-17,Hoffenheim,Hertha Berlin,0.576053,0.455083,1,1
2017-09-19,Augsburg,RasenBallsport Leipzig,1.30034,1.00414,1,0
2017-09-19,Borussia M.Gladbach,VfB Stuttgart,1.14939,0.49742,2,0
2017-09-19,Schalke 04,Bayern Munich,1.16279,2.45506,0,3
2017-09-19,Wolfsburg,Werder Bremen,1.01688,1.12581,1,1
2017-09-20,FC Cologne,Eintracht Frankfurt,1.84333,1.33101,0,1
2017-09-20,Freiburg,Hannover 96,2.89359,1.03212,1,1
2017-09-20,Hamburger SV,Borussia Dortmund,0.186271,3.18132,0,3
2017-09-20,Hertha Berlin,Bayer Leverkusen,0.501808,0.426791,2,1
2017-09-20,Mainz 05,Hoffenheim,1.1225,0.960305,2,3
2017-09-22,Bayern Munich,Wolfsburg,2.33812,0.470696,2,2
2017-09-23,Borussia Dortmund,Borussia M.Gladbach,4.84433,1.11994,6,1
2017-09-23,Hoffenheim,Schalke 04,1.31728,1.0397,2,0
2017-09-23,Mainz 05,Hertha Berlin,1.17811,0.53695,1,0
2017-09-23,RasenBallsport Leipzig,Eintracht Frankfurt,1.54654,0.539765,2,1
2017-09-23,VfB Stuttgart,Augsburg,0.437172,0.373592,0,0
2017-09-23,Werder Bremen,Freiburg,1.41802,0.859674,0,0
2017-09-24,Bayer Leverkusen,Hamburger SV,2.39337,0.443359,3,0
2017-09-24,Hannover 96,FC Cologne,1.35909,1.10618,0,0
2017-09-29,Schalke 04,Bayer Leverkusen,0.615732,1.13731,1,1
2017-09-30,Augsburg,Borussia Dortmund,1.04024,1.93835,1,2
2017-09-30,Borussia M.Gladbach,Hannover 96,2.29547,1.37232,2,1
2017-09-30,Eintracht Frankfurt,VfB Stuttgart,1.12984,0.884399,2,1
2017-09-30,Hamburger SV,Werder Bremen,0.957096,0.426954,0,0
2017-09-30,Wolfsburg,Mainz 05,0.743969,0.90227,1,1
2017-10-01,FC Cologne,RasenBallsport Leipzig,1.34012,3.09763,1,2
2017-10-01,Freiburg,Hoffenheim,1.24882,0.627194,3,2
2017-10-01,Hertha Berlin,Bayern Munich,1.66354,1.51044,2,2
2017-10-13,VfB Stuttgart,FC Cologne,2.18945,1.58359,2,1
2017-10-14,Bayern Munich,Freiburg,1.586,0.345885,5,0
2017-10-14,Borussia Dortmund,RasenBallsport Leipzig,2.11212,2.39084,2,3
2017-10-14,Hannover 96,Eintracht Frankfurt,0.6536,0.876712,1,2
2017-10-14,Hertha Berlin,Schalke 04,0.0254617,1.85479,0,2
2017-10-14,Hoffenheim,Augsburg,1.92073,0.918991,2,2
2017-10-14,Mainz 05,Hamburger SV,1.24944,1.99466,3,2
2017-10-15,Bayer Leverkusen,Wolfsburg,1.45073,0.915577,2,2
2017-10-15,Werder Bremen,Borussia M.Gladbach,1.52059,1.45235,0,2
2017-10-20,Schalke 04,Mainz 05,1.78667,0.596599,2,0
2017-10-21,Augsburg,Hannover 96,0.864125,0.804724,1,2
2017-10-21,Borussia M.Gladbach,Bayer Leverkusen,2.49876,2.24178,1,5
2017-10-21,Eintracht Frankfurt,Borussia Dortmund,2.74141,2.08809,2,2
2017-10-21,Hamburger SV,Bayern Munich,0.162992,2.29592,0,1
2017-10-21,RasenBallsport Leipzig,VfB Stuttgart,0.865444,0.605992,1,0
2017-10-22,FC Cologne,Werder Bremen,1.79566,0.948887,0,0
2017-10-22,Freiburg,Hertha Berlin,2.83818,1.83067,1,1
2017-10-22,Wolfsburg,Hoffenheim,1.29664,1.91537,1,1
2017-10-27,Mainz 05,Eintracht Frankfurt,0.284202,0.451566,1,1
2017-10-28,Bayer Leverkusen,FC Cologne,1.44263,0.850339,2,1
2017-10-28,Bayern Munich,RasenBallsport Leipzig,2.03827,0.314536,2,0
2017-10-28,Hannover 96,Borussia Dortmund,2.3406,0.85483,4,2
2017-10-28,Hertha Berlin,Hamburger SV,0.827213,0.972895,2,1
2017-10-28,Hoffenheim,Borussia M.Gladbach,1.08587,1.80818,1,3
2017-10-28,Schalke 04,Wolfsburg,1.44123,0.979437,1,1
2017-10-29,VfB Stuttgart,Freiburg,1.36244,0.210495,3,0
2017-10-29,Werder Bremen,Augsburg,1.05484,2.80574,0,3
2017-11-03,Eintracht Frankfurt,Werder Bremen,1.92121,1.08479,2,1
2017-11-04,Augsburg,Bayer Leverkusen,1.40776,1.16695,1,1
2017-11-04,Borussia Dortmund,Bayern Munich,1.89107,1.27845,1,3
2017-11-04,Borussia M.Gladbach,Mainz 05,0.786005,0.834092,1,1
2017-11-04,Freiburg,Schalke 04,0.902185,0.749202,0,1
2017-11-04,Hamburger SV,VfB Stuttgart,2.0244,1.21993,3,1
2017-11-04,RasenBallsport Leipzig,Hannover 96,1.8547,0.769041,2,1
2017-11-05,FC Cologne,Hoffenheim,0.857394,3.01942,0,3
2017-11-05,Wolfsburg,Hertha Berlin,2.40074,1.4853,3,3
2017-11-17,VfB Stuttgart,Borussia Dortmund,1.14326,1.79368,2,1
2017-11-18,Bayer Leverkusen,RasenBallsport Leipzig,1.61817,2.02873,2,2
2017-11-18,Bayern Munich,Augsburg,1.91503,0.28233,3,0
2017-11-18,Hertha Berlin,Borussia M.Gladbach,2.07401,2.07666,2,4
2017-11-18,Hoffenheim,Eintracht Frankfurt,1.30552,0.436613,1,1
2017-11-18,Mainz 05,FC Cologne,1.45054,0.577082,1,0
2017-11-18,Wolfsburg,Freiburg,1.90114,0.803719,3,1
2017-11-19,Schalke 04,Hamburger SV,2.0828,0.776725,2,0
2017-11-19,Werder Bremen,Hannover 96,2.61572,1.13154,4,0
2017-11-24,Hannover 96,VfB Stuttgart,1.87707,1.59485,1,1
2017-11-25,Augsburg,Wolfsburg,2.0989,0.210553,2,1
2017-11-25,Borussia Dortmund,Schalke 04,2.39089,1.2544,4,4
2017-11-25,Borussia M.Gladbach,Bayern Munich,2.12791,0.900051,2,1
2017-11-25,Eintracht Frankfurt,Bayer Leverkusen,0.743407,0.943561,0,1
2017-11-25,Freiburg,Mainz 05,1.83095,0.713622,2,1
2017-11-25,RasenBallsport Leipzig,Werder Bremen,1.01767,1.07161,2,0
2017-11-26,FC Cologne,Hertha Berlin,0.73674,2.1997,0,2
2017-11-26,Hamburger SV,Hoffenheim,1.8111,0.606966,3,0
2017-12-01,Freiburg,Hamburger SV,0.981146,0.460208,0,0
2017-12-02,Bayer Leverkusen,Borussia Dortmund,2.1951,1.14867,1,1
2017-12-02,Bayern Munich,Hannover 96,3.86566,1.08319,3,1
2017-12-02,Hoffenheim,RasenBallsport Leipzig,1.69565,0.284209,4,0
2017-12-02,Mainz 05,Augsburg,0.578034,2.18855,1,3
2017-12-02,Schalke 04,FC Cologne,2.34535,1.90135,2,2
2017-12-02,Werder Bremen,VfB Stuttgart,0.71301,1.1158,1,0
2017-12-03,Hertha Berlin,Eintracht Frankfurt,1.14526,0.419465,1,2
2017-12-03,Wolfsburg,Borussia M.Gladbach,1.57711,1.41032,3,0
2017-12-08,VfB Stuttgart,Bayer Leverkusen,0.405005,1.90593,0,2
2017-12-09,Borussia Dortmund,Werder Bremen,1.86761,0.944053,1,2
2017-12-09,Borussia M.Gladbach,Schalke 04,1.64999,0.771592,1,1
2017-12-09,Eintracht Frankfurt,Bayern Munich,0.486786,0.364594,0,1
2017-12-09,Hamburger SV,Wolfsburg,0.929827,0.0876003,0,0
2017-12-09,RasenBallsport Leipzig,Mainz 05,1.25461,1.28316,2,2
2017-12-10,Augsburg,Hertha Berlin,1.63195,0.647387,1,1
2017-12-10,FC Cologne,Freiburg,1.45869,3.40591,3,4
2017-12-10,Hannover 96,Hoffenheim,1.48558,0.750256,2,0
2017-12-12,Freiburg,Borussia M.Gladbach,1.63493,0.222306,1,0
2017-12-12,Hamburger SV,Eintracht Frankfurt,1.79316,1.02455,1,2
2017-12-12,Mainz 05,Borussia Dortmund,0.503881,2.02169,0,2
2017-12-12,Wolfsburg,RasenBallsport Leipzig,2.38829,0.583517,1,1
2017-12-13,Bayer Leverkusen,Werder Bremen,2.27284,0.251631,1,0
2017-12-13,Bayern Munich,FC Cologne,3.34396,0.303914,1,0
2017-12-13,Hertha Berlin,Hannover 96,2.55607,1.88845,3,1
2017-12-13,Hoffenheim,VfB Stuttgart,2.10144,0.616667,1,0
2017-12-13,Schalke 04,Augsburg,2.60823,1.41489,3,2
2017-12-15,Borussia M.Gladbach,Hamburger SV,2.64643,0.569992,3,1
2017-12-16,Augsburg,Freiburg,2.95093,1.76688,3,3
2017-12-16,Borussia Dortmund,Hoffenheim,3.38052,1.31881,2,1
2017-12-16,Eintracht Frankfurt,Schalke 04,1.53257,1.82598,2,2
2017-12-16,FC Cologne,Wolfsburg,2.32178,1.15445,1,0
2017-12-16,VfB Stuttgart,Bayern Munich,1.0958,1.44251,0,1
2017-12-16,Werder Bremen,Mainz 05,1.20149,1.04877,2,2
2017-12-17,Hannover 96,Bayer Leverkusen,2.17843,2.07116,4,4
2017-12-17,RasenBallsport Leipzig,Hertha Berlin,2.67409,1.85524,2,3
2018-01-12,Bayer Leverkusen,Bayern Munich,0.615242,1.48773,1,3
2018-01-13,Augsburg,Hamburger SV,1.32144,0.362892,1,0
2018-01-13,Eintracht Frankfurt,Freiburg,1.81323,0.309107,1,1
2018-01-13,Hannover 96,Mainz 05,1.80008,0.431335,3,2
2018-01-13,RasenBallsport Leipzig,Schalke 04,2.72958,0.529316,3,1
2018-01-13,VfB Stuttgart,Hertha Berlin,0.282511,1.01714,1,0
2018-01-13,Werder Bremen,Hoffenheim,2.47477,1.30821,1,1
2018-01-14,Borussia Dortmund,Wolfsburg,2.55723,0.698882,0,0
2018-01-14,FC Cologne,Borussia M.Gladbach,1.74295,2.11945,2,1
2018-01-19,Hertha Berlin,Borussia Dortmund,0.800387,1.64967,1,1
2018-01-20,Borussia M.Gladbach,Augsburg,1.58577,1.31181,2,0
2018-01-20,Freiburg,RasenBallsport Leipzig,0.536057,0.754386,2,1
2018-01-20,Hamburger SV,FC Cologne,0.899507,1.38156,0,2
2018-01-20,Hoffenheim,Bayer Leverkusen,0.638704,2.20181,1,4
2018-01-20,Mainz 05,VfB Stuttgart,2.3724,0.718389,3,2
2018-01-20,Wolfsburg,Eintracht Frankfurt,0.7221,1.78303,1,3
2018-01-21,Bayern Munich,Werder Bremen,1.89433,0.862595,4,2
2018-01-21,Schalke 04,Hannover 96,0.635085,0.897268,1,1
2018-01-26,Eintracht Frankfurt,Borussia M.Gladbach,1.33681,1.41602,2,0
2018-01-27,Bayern Munich,Hoffenheim,2.83832,1.01591,5,2
2018-01-27,Borussia Dortmund,Freiburg,0.675137,0.759035,2,2
2018-01-27,FC Cologne,Augsburg,0.9238,0.688597,1,1
2018-01-27,RasenBallsport Leipzig,Hamburger SV,1.09746,0.987601,1,1
2018-01-27,VfB Stuttgart,Schalke 04,0.503564,2.63904,0,2
2018-01-27,Werder Bremen,Hertha Berlin,1.56245,0.788324,0,0
2018-01-28,Bayer Leverkusen,Mainz 05,1.5045,0.142135,2,0
2018-01-28,Hannover 96,Wolfsburg,0.784672,0.25357,0,1
2018-02-02,FC Cologne,Borussia Dortmund,2.00798,2.4117,2,3
2018-02-03,Borussia M.Gladbach,RasenBallsport Leipzig,1.46815,1.47738,0,1
2018-02-03,Freiburg,Bayer Leverkusen,0.683392,0.761203,0,0
2018-02-03,Hertha Berlin,Hoffenheim,1.24795,2.05596,1,1
2018-02-03,Mainz 05,Bayern Munich,1.12443,1.61624,0,2
2018-02-03,Schalke 04,Werder Bremen,0.736859,1.90873,1,2
2018-02-03,Wolfsburg,VfB Stuttgart,0.810006,1.85583,1,1
2018-02-04,Augsburg,Eintracht Frankfurt,3.37224,0.35277,3,0
2018-02-04,Hamburger SV,Hannover 96,1.47817,1.12675,1,1
2018-02-09,RasenBallsport Leipzig,Augsburg,1.94548,0.813412,2,0
2018-02-10,Bayer Leverkusen,Hertha Berlin,1.55781,0.935771,0,2
2018-02-10,Bayern Munich,Schalke 04,1.20152,0.90129,2,1
2018-02-10,Borussia Dortmund,Hamburger SV,2.58479,0.4947,2,0
2018-02-10,Eintracht Frankfurt,FC Cologne,2.44799,1.30881,4,2
2018-02-10,Hannover 96,Freiburg,0.974571,1.23823,2,1
2018-02-10,Hoffenheim,Mainz 05,2.97721,1.45197,4,2
2018-02-11,VfB Stuttgart,Borussia M.Gladbach,0.648719,0.467987,1,0
2018-02-11,Werder Bremen,Wolfsburg,1.13687,1.58428,3,1
2018-02-16,Hertha Berlin,Mainz 05,0.405793,1.22486,0,2
2018-02-17,FC Cologne,Hannover 96,0.244916,1.20598,1,1
2018-02-17,Freiburg,Werder Bremen,1.80201,0.353523,1,0
2018-02-17,Hamburger SV,Bayer Leverkusen,0.771028,2.12545,1,2
2018-02-17,Schalke 04,Hoffenheim,1.03034,0.4915,2,1
2018-02-17,Wolfsburg,Bayern Munich,0.469077,3.22804,1,2
2018-02-18,Augsburg,VfB Stuttgart,0.321031,1.40418,0,1
2018-02-18,Borussia M.Gladbach,Borussia Dortmund,1.84628,0.362785,0,1
2018-02-19,Eintracht Frankfurt,RasenBallsport Leipzig,1.64582,0.650812,2,1
2018-02-23,Mainz 05,Wolfsburg,0.773004,1.00505,1,1
2018-02-24,Bayern Munich,Hertha Berlin,1.65693,0.0979538,0,0
2018-02-24,Hannover 96,Borussia M.Gladbach,2.15161,1.51236,0,1
2018-02-24,Hoffenheim,Freiburg,0.564931,1.00896,1,1
2018-02-24,VfB Stuttgart,Eintracht Frankfurt,1.94602,0.263378,1,0
2018-02-24,Werder Bremen,Hamburger SV,0.888389,0.225135,1,0
2018-02-25,Bayer Leverkusen,Schalke 04,0.417132,1.99241,0,2
2018-02-25,RasenBallsport Leipzig,FC Cologne,2.11128,1.31216,1,2
2018-02-26,Borussia Dortmund,Augsburg,1.19993,1.01277,1,1
2018-03-02,Borussia M.Gladbach,Werder Bremen,1.85046,2.00266,2,2
2018-03-03,Augsburg,Hoffenheim,0.52869,1.84153,0,2
2018-03-03,Eintracht Frankfurt,Hannover 96,2.17331,0.775015,1,0
2018-03-03,Hamburger SV,Mainz 05,1.74881,0.405966,0,0
2018-03-03,RasenBallsport Leipzig,Borussia Dortmund,1.03725,1.66037,1,1
2018-03-03,Schalke 04,Hertha Berlin,0.332588,0.965273,1,0
2018-03-03,Wolfsburg,Bayer Leverkusen,0.198069,2.04714,1,2
2018-03-04,FC Cologne,VfB Stuttgart,1.19883,0.510854,2,3
2018-03-04,Freiburg,Bayern Munich,0.471821,1.98824,0,4
2018-03-09,Mainz 05,Schalke 04,0.492366,0.213037,0,1
2018-03-10,Bayer Leverkusen,Borussia M.Gladbach,2.72895,0.710644,2,0
2018-03-10,Bayern Munich,Hamburger SV,4.9158,0.00671621,6,0
2018-03-10,Hannover 96,Augsburg,0.741256,2.09117,1,3
2018-03-10,Hertha Berlin,Freiburg,1.08096,0.303864,0,0
2018-03-10,Hoffenheim,Wolfsburg,1.41466,0.226156,3,0
2018-03-11,Borussia Dortmund,Eintracht Frankfurt,1.28057,1.23331,3,2
2018-03-11,VfB Stuttgart,RasenBallsport Leipzig,1.1338,0.660324,0,0
2018-03-12,Werder Bremen,FC Cologne,1.35381,0.404235,3,1
2018-03-16,Freiburg,VfB Stuttgart,0.298809,1.62394,1,2
2018-03-17,Augsburg,Werder Bremen,0.547431,2.27046,1,3
2018-03-17,Borussia M.Gladbach,Hoffenheim,2.29819,2.23407,3,3
2018-03-17,Eintracht Frankfurt,Mainz 05,2.11519,0.527164,3,0
2018-03-17,Hamburger SV,Hertha Berlin,0.775841,2.42384,1,2
2018-03-17,Wolfsburg,Schalke 04,1.57629,1.29568,0,1
2018-03-18,Borussia Dortmund,Hannover 96,2.43612,0.659875,1,0
2018-03-18,FC Cologne,Bayer Leverkusen,1.50233,0.407088,2,0
2018-03-18,RasenBallsport Leipzig,Bayern Munich,2.78372,1.40277,2,1
2018-03-31,Bayer Leverkusen,Augsburg,0.884077,0.301791,0,0
2018-03-31,Bayern Munich,Borussia Dortmund,4.59926,0.485044,6,0
2018-03-31,Hannover 96,RasenBallsport Leipzig,1.33572,3.09004,2,3
2018-03-31,Hertha Berlin,Wolfsburg,0.365312,1.17225,0,0
2018-03-31,Hoffenheim,FC Cologne,3.02461,0.786962,6,0
2018-03-31,Schalke 04,Freiburg,2.05172,0.223581,2,0
2018-03-31,VfB Stuttgart,Hamburger SV,1.08797,0.900691,1,1
2018-04-01,Mainz 05,Borussia M.Gladbach,0.633771,0.658951,0,0
2018-04-01,Werder Bremen,Eintracht Frankfurt,1.06787,0.822039,2,1
2018-04-06,Hannover 96,Werder Bremen,1.60318,1.81065,2,1
2018-04-07,Augsburg,Bayern Munich,0.886211,2.32217,1,4
2018-04-07,Borussia M.Gladbach,Hertha Berlin,1.4326,2.30928,2,1
2018-04-07,FC Cologne,Mainz 05,1.31169,1.09441,1,1
2018-04-07,Freiburg,Wolfsburg,1.20901,0.679271,0,2
2018-04-07,Hamburger SV,Schalke 04,2.29435,1.35788,3,2
2018-04-08,Borussia Dortmund,VfB Stuttgart,1.60177,0.613194,3,0
2018-04-08,Eintracht Frankfurt,Hoffenheim,1.82811,0.621143,1,1
2018-04-09,RasenBallsport Leipzig,Bayer Leverkusen,1.57617,2.20677,1,4
2018-04-13,Wolfsburg,Augsburg,0.789397,0.213724,0,0
2018-04-14,Bayer Leverkusen,Eintracht Frankfurt,2.50515,0.856191,4,1
2018-04-14,Bayern Munich,Borussia M.Gladbach,3.36215,0.196571,5,1
2018-04-14,Hertha Berlin,FC Cologne,1.65421,1.41628,2,1
2018-04-14,Hoffenheim,Hamburger SV,3.47924,0.338639,2,0
2018-04-14,VfB Stuttgart,Hannover 96,0.852341,0.382079,1,1
2018-04-15,Schalke 04,Borussia Dortmund,0.858968,0.925683,2,0
2018-04-15,Werder Bremen,RasenBallsport Leipzig,0.9886,1.0854,1,1
2018-04-16,Mainz 05,Freiburg,2.06006,0.3674,2,0
2018-04-20,Borussia M.Gladbach,Wolfsburg,1.89902,0.18377,3,0
2018-04-21,Borussia Dortmund,Bayer Leverkusen,3.53524,0.409487,4,0
2018-04-21,Eintracht Frankfurt,Hertha Berlin,1.16277,1.53898,0,3
2018-04-21,Hamburger SV,Freiburg,1.72754,0.896138,1,0
2018-04-21,Hannover 96,Bayern Munich,0.243137,2.00929,0,3
2018-04-21,RasenBallsport Leipzig,Hoffenheim,1.59229,3.43682,2,5
2018-04-21,VfB Stuttgart,Werder Bremen,2.08957,0.392824,2,0
2018-04-22,Augsburg,Mainz 05,1.66389,0.293261,2,0
2018-04-22,FC Cologne,Schalke 04,0.751725,2.56921,2,2
2018-04-27,Hoffenheim,Hannover 96,1.88985,1.26677,3,1
2018-04-28,Bayer Leverkusen,VfB Stuttgart,2.48527,0.632526,0,1
2018-04-28,Bayern Munich,Eintracht Frankfurt,1.89862,1.25053,4,1
2018-04-28,Freiburg,FC Cologne,3.3782,1.34976,3,2
2018-04-28,Hertha Berlin,Augsburg,1.46846,0.668665,2,2
2018-04-28,Schalke 04,Borussia M.Gladbach,1.21432,1.8312,1,1
2018-04-28,Wolfsburg,Hamburger SV,0.910012,2.91172,1,3
2018-04-29,Mainz 05,RasenBallsport Leipzig,2.16729,1.04843,3,0
2018-04-29,Werder Bremen,Borussia Dortmund,1.2344,2.47525,1,1
2018-05-05,Augsburg,Schalke 04,0.968124,2.01034,1,2
2018-05-05,Borussia Dortmund,Mainz 05,0.552018,1.2057,1,2
2018-05-05,Borussia M.Gladbach,Freiburg,2.43316,1.45979,3,1
2018-05-05,Eintracht Frankfurt,Hamburger SV,1.64906,0.848806,3,0
2018-05-05,FC Cologne,Bayern Munich,1.9373,2.76039,1,3
2018-05-05,Hannover 96,Hertha Berlin,1.53367,1.07207,3,1
2018-05-05,RasenBallsport Leipzig,Wolfsburg,1.88692,0.680762,4,1
2018-05-05,VfB Stuttgart,Hoffenheim,0.980831,1.18053,2,0
2018-05-05,Werder Bremen,Bayer Leverkusen,0.175221,0.890747,0,0
2018-05-12,Bayer Leverkusen,Hannover 96,4.42734,1.56701,3,2
2018-05-12,Bayern Munich,VfB Stuttgart,1.92541,2.45916,1,4
2018-05-12,Freiburg,Augsburg,0.707853,0.237381,2,0
2018-05-12,Hamburger SV,Borussia M.Gladbach,2.35888,1.2463,2,1
2018-05-12,Hertha Berlin,RasenBallsport Leipzig,1.50613,1.22103,2,6
2018-05-12,Hoffenheim,Borussia Dortmund,1.07393,1.57779,3,1
2018-05-12,Mainz 05,Werder Bremen,0.539651,1.0587,1,2
2018-05-12,Schalke 04,Eintracht Frankfurt,1.69009,0.281816,1,0
2018-05-12,Wolfsburg,FC Cologne,1.84524,1.59763,4,1
2018-08-24,Bayern Munich,Hoffenheim,3.08883,0.697274,3,1
2018-08-25,Borussia M.Gladbach,Bayer Leverkusen,3.34179,1.05775,2,0
2018-08-25,Fortuna Duesseldorf,Augsburg,1.32783,0.755029,1,2
2018-08-25,Freiburg,Eintracht Frankfurt,1.46674,0.81415,0,2
2018-08-25,Hertha Berlin,Nuernberg,1.03309,1.34412,1,0
2018-08-25,Werder Bremen,Hannover 96,1.91197,0.840127,1,1
2018-08-25,Wolfsburg,Schalke 04,1.31029,1.86154,2,1
2018-08-26,Borussia Dortmund,RasenBallsport Leipzig,1.96153,1.46268,4,1
2018-08-26,Mainz 05,VfB Stuttgart,1.28621,1.07847,1,0
2018-08-31,Hannover 96,Borussia Dortmund,0.462033,0.842511,0,0
2018-09-01,Augsburg,Borussia M.Gladbach,1.7521,1.31189,1,1
2018-09-01,Bayer Leverkusen,Wolfsburg,0.877655,2.13508,1,3
2018-09-01,Eintracht Frankfurt,Werder Bremen,1.25306,1.34271,1,2
2018-09-01,Hoffenheim,Freiburg,3.48013,1.53718,3,1
2018-09-01,Nuernberg,Mainz 05,1.56238,0.367667,1,1
2018-09-01,VfB Stuttgart,Bayern Munich,0.0990837,1.71434,0,3
2018-09-02,RasenBallsport Leipzig,Fortuna Duesseldorf,2.25033,1.43691,1,1
2018-09-02,Schalke 04,Hertha Berlin,1.59561,0.566284,0,2
2018-09-14,Borussia Dortmund,Eintracht Frankfurt,1.95503,0.199314,3,1
2018-09-15,Bayern Munich,Bayer Leverkusen,1.40345,0.784725,3,1
2018-09-15,Borussia M.Gladbach,Schalke 04,1.4002,0.729351,2,1
2018-09-15,Fortuna Duesseldorf,Hoffenheim,1.78366,2.19977,2,1
2018-09-15,Mainz 05,Augsburg,2.81187,0.736371,2,1
2018-09-15,RasenBallsport Leipzig,Hannover 96,2.35222,0.950644,3,2
2018-09-15,Wolfsburg,Hertha Berlin,2.23932,0.590795,2,2
2018-09-16,Freiburg,VfB Stuttgart,1.20784,1.19724,3,3
2018-09-16,Werder Bremen,Nuernberg,0.700449,0.514375,1,1
2018-09-21,VfB Stuttgart,Fortuna Duesseldorf,1.39372,1.23964,0,0
2018-09-22,Augsburg,Werder Bremen,2.11259,1.39048,2,3
2018-09-22,Hertha Berlin,Borussia M.Gladbach,3.9572,2.64706,4,2
2018-09-22,Hoffenheim,Borussia Dortmund,1.92814,1.4456,1,1
2018-09-22,Nuernberg,Hannover 96,1.64985,0.557368,2,0
2018-09-22,Schalke 04,Bayern Munich,0.358342,2.58882,0,2
2018-09-22,Wolfsburg,Freiburg,0.826665,2.26733,1,3
2018-09-23,Bayer Leverkusen,Mainz 05,1.29357,0.76291,1,0
2018-09-23,Eintracht Frankfurt,RasenBallsport Leipzig,1.80358,1.8818,1,1
2018-09-25,Bayern Munich,Augsburg,1.43314,1.32512,1,1
2018-09-25,Freiburg,Schalke 04,1.38048,0.928266,1,0
2018-09-25,Hannover 96,Hoffenheim,2.06878,1.98958,1,3
2018-09-25,Werder Bremen,Hertha Berlin,2.51866,0.94148,3,1
2018-09-26,Borussia Dortmund,Nuernberg,2.18746,0.154216,7,0
2018-09-26,Borussia M.Gladbach,Eintracht Frankfurt,1.5541,1.11709,3,1
2018-09-26,Fortuna Duesseldorf,Bayer Leverkusen,1.75244,1.48071,1,2
2018-09-26,Mainz 05,Wolfsburg,0.362483,1.19657,0,0
2018-09-26,RasenBallsport Leipzig,VfB Stuttgart,3.13273,0.640951,2,0
2018-09-28,Hertha Berlin,Bayern Munich,1.48921,2.40599,2,0
2018-09-29,Bayer Leverkusen,Borussia Dortmund,1.34044,2.98145,2,4
2018-09-29,Hoffenheim,RasenBallsport Leipzig,1.77221,1.47287,1,2
2018-09-29,Nuernberg,Fortuna Duesseldorf,2.42225,1.17182,3,0
2018-09-29,Schalke 04,Mainz 05,1.59406,0.642848,1,0
2018-09-29,VfB Stuttgart,Werder Bremen,2.43649,0.656694,2,1
2018-09-29,Wolfsburg,Borussia M.Gladbach,0.802752,0.849348,2,2
2018-09-30,Augsburg,Freiburg,4.37565,1.61825,4,1
2018-09-30,Eintracht Frankfurt,Hannover 96,2.76495,0.613099,4,1
2018-10-05,Werder Bremen,Wolfsburg,1.10209,0.351604,2,0
2018-10-06,Bayern Munich,Borussia M.Gladbach,0.595523,0.559058,0,3
2018-10-06,Borussia Dortmund,Augsburg,2.09977,3.18937,4,3
2018-10-06,Fortuna Duesseldorf,Schalke 04,0.557607,1.75802,0,2
2018-10-06,Hannover 96,VfB Stuttgart,2.0396,0.69495,3,1
2018-10-06,Mainz 05,Hertha Berlin,1.56562,1.00145,0,0
2018-10-07,Freiburg,Bayer Leverkusen,0.501569,0.551906,0,0
2018-10-07,Hoffenheim,Eintracht Frankfurt,2.24067,1.02517,1,2
2018-10-07,RasenBallsport Leipzig,Nuernberg,3.17935,0.394254,6,0
2018-10-19,Eintracht Frankfurt,Fortuna Duesseldorf,3.51257,0.666096,7,1
2018-10-20,Augsburg,RasenBallsport Leipzig,0.267706,1.098,0,0
2018-10-20,Bayer Leverkusen,Hannover 96,2.38988,1.0744,2,2
2018-10-20,Nuernberg,Hoffenheim,1.11043,2.46148,1,3
2018-10-20,Schalke 04,Werder Bremen,0.966026,0.399747,0,2
2018-10-20,VfB Stuttgart,Borussia Dortmund,1.03693,0.952768,0,4
2018-10-20,Wolfsburg,Bayern Munich,0.815476,2.75811,1,3
2018-10-21,Borussia M.Gladbach,Mainz 05,3.00692,0.472964,4,0
2018-10-21,Hertha Berlin,Freiburg,0.877118,0.427269,1,1
2018-10-26,Freiburg,Borussia M.Gladbach,1.41352,1.14643,3,1
2018-10-27,Borussia Dortmund,Hertha Berlin,3.57277,2.04279,2,2
2018-10-27,Fortuna Duesseldorf,Wolfsburg,0.245269,1.74956,0,3
2018-10-27,Hannover 96,Augsburg,0.616434,1.45577,1,2
2018-10-27,Hoffenheim,VfB Stuttgart,2.93243,0.253449,4,0
2018-10-27,Mainz 05,Bayern Munich,0.592384,2.15695,1,2
2018-10-28,Nuernberg,Eintracht Frankfurt,0.949097,0.998569,1,1
2018-10-28,RasenBallsport Leipzig,Schalke 04,0.760107,0.754245,0,0
2018-10-28,Werder Bremen,Bayer Leverkusen,1.49927,4.07211,2,6
2018-11-02,VfB Stuttgart,Eintracht Frankfurt,1.02365,3.33128,0,3
2018-11-03,Augsburg,Nuernberg,2.61879,1.37885,2,2
2018-11-03,Bayer Leverkusen,Hoffenheim,2.21447,1.93557,1,4
2018-11-03,Bayern Munich,Freiburg,1.8539,0.592458,1,1
2018-11-03,Hertha Berlin,RasenBallsport Leipzig,1.79233,3.76073,0,3
2018-11-03,Schalke 04,Hannover 96,2.95181,1.18456,3,1
2018-11-03,Wolfsburg,Borussia Dortmund,0.44332,1.19435,0,1
2018-11-04,Borussia M.Gladbach,Fortuna Duesseldorf,3.16198,0.719516,3,0
2018-11-04,Mainz 05,Werder Bremen,1.54801,1.25758,2,1
2018-11-09,Hannover 96,Wolfsburg,2.08751,2.99196,2,1
2018-11-10,Borussia Dortmund,Bayern Munich,2.56191,1.84247,3,2
2018-11-10,Fortuna Duesseldorf,Hertha Berlin,2.89841,0.960102,4,1
2018-11-10,Freiburg,Mainz 05,1.86463,0.770571,1,3
2018-11-10,Hoffenheim,Augsburg,1.82862,1.14191,2,1
2018-11-10,Nuernberg,VfB Stuttgart,0.434841,1.54977,0,2
2018-11-10,Werder Bremen,Borussia M.Gladbach,1.50955,2.73709,1,3
2018-11-11,Eintracht Frankfurt,Schalke 04,2.51248,0.609591,3,0
2018-11-11,RasenBallsport Leipzig,Bayer Leverkusen,2.55127,0.443215,3,0
2018-11-23,Bayer Leverkusen,VfB Stuttgart,2.62916,0.393762,2,0
2018-11-24,Augsburg,Eintracht Frankfurt,2.01274,3.21577,1,3
2018-11-24,Bayern Munich,Fortuna Duesseldorf,2.81107,1.36755,3,3
2018-11-24,Hertha Berlin,Hoffenheim,2.69304,1.68148,3,3
2018-11-24,Mainz 05,Borussia Dortmund,1.05805,1.08217,1,2
2018-11-24,Schalke 04,Nuernberg,2.77116,2.29783,5,2
2018-11-24,Wolfsburg,RasenBallsport Leipzig,1.54495,0.647326,1,0
2018-11-25,Borussia M.Gladbach,Hannover 96,1.70943,0.459166,4,1
2018-11-25,Freiburg,Werder Bremen,2.98264,2.13569,1,1
2018-11-30,Fortuna Duesseldorf,Mainz 05,1.10941,1.02576,0,1
2018-12-01,Borussia Dortmund,Freiburg,2.69109,0.143781,2,0
2018-12-01,Hannover 96,Hertha Berlin,0.54136,2.10742,0,2
2018-12-01,Hoffenheim,Schalke 04,2.35914,2.15866,1,1
2018-12-01,VfB Stuttgart,Augsburg,0.710341,1.64707,1,0
2018-12-01,Werder Bremen,Bayern Munich,0.637321,3.29433,1,2
2018-12-02,Eintracht Frankfurt,Wolfsburg,1.53625,1.72581,1,2
2018-12-02,RasenBallsport Leipzig,Borussia M.Gladbach,2.39576,0.628352,2,0
2018-12-03,Nuernberg,Bayer Leverkusen,0.675448,1.39302,1,1
2018-12-07,Werder Bremen,Fortuna Duesseldorf,2.83748,1.37827,3,1
2018-12-08,Bayer Leverkusen,Augsburg,1.53502,0.768373,1,0
2018-12-08,Bayern Munich,Nuernberg,2.8246,0.191129,3,0
2018-12-08,Freiburg,RasenBallsport Leipzig,2.0335,1.23018,3,0
2018-12-08,Hertha Berlin,Eintracht Frankfurt,0.243455,1.12526,1,0
2018-12-08,Schalke 04,Borussia Dortmund,1.44761,0.898668,1,2
2018-12-08,Wolfsburg,Hoffenheim,0.515385,2.10256,2,2
2018-12-09,Borussia M.Gladbach,VfB Stuttgart,2.61136,0.678537,3,0
2018-12-09,Mainz 05,Hannover 96,3.27966,2.23642,1,1
2018-12-14,Nuernberg,Wolfsburg,0.601572,0.70077,0,2
2018-12-15,Augsburg,Schalke 04,2.00924,0.758425,1,1
2018-12-15,Borussia Dortmund,Werder Bremen,2.89288,0.461208,2,1
2018-12-15,Fortuna Duesseldorf,Freiburg,2.59785,0.798948,2,0
2018-12-15,Hannover 96,Bayern Munich,0.628893,4.18084,0,4
2018-12-15,Hoffenheim,Borussia M.Gladbach,3.933,0.584205,0,0
2018-12-15,VfB Stuttgart,Hertha Berlin,1.43807,1.53719,2,1
2018-12-16,Eintracht Frankfurt,Bayer Leverkusen,3.59588,0.744745,2,1
2018-12-16,RasenBallsport Leipzig,Mainz 05,4.47536,1.33833,4,1
2018-12-18,Borussia M.Gladbach,Nuernberg,3.61765,1.13637,2,0
2018-12-18,Fortuna Duesseldorf,Borussia Dortmund,1.3731,1.29548,2,1
2018-12-18,Hertha Berlin,Augsburg,1.74712,0.728652,2,2
2018-12-18,Wolfsburg,VfB Stuttgart,1.584,0.333514,2,0
2018-12-19,Bayern Munich,RasenBallsport Leipzig,1.81321,0.721767,1,0
2018-12-19,Freiburg,Hannover 96,1.62711,2.01561,1,1
2018-12-19,Mainz 05,Eintracht Frankfurt,1.61471,1.09488,2,2
2018-12-19,Schalke 04,Bayer Leverkusen,1.84453,0.683564,1,2
2018-12-19,Werder Bremen,Hoffenheim,2.39195,1.90654,1,1
2018-12-21,Borussia Dortmund,Borussia M.Gladbach,1.79527,0.517203,2,1
2018-12-22,Bayer Leverkusen,Hertha Berlin,1.82482,1.26734,3,1
2018-12-22,Eintracht Frankfurt,Bayern Munich,1.31242,2.04036,0,3
2018-12-22,Hannover 96,Fortuna Duesseldorf,0.6702,1.13166,0,1
2018-12-22,Nuernberg,Freiburg,1.13859,0.318199,0,1
2018-12-22,RasenBallsport Leipzig,Werder Bremen,1.93805,2.10073,3,2
2018-12-22,VfB Stuttgart,Schalke 04,1.22362,2.42656,1,3
2018-12-23,Augsburg,Wolfsburg,0.382344,2.66718,2,3
2018-12-23,Hoffenheim,Mainz 05,2.21326,0.963816,1,1
2019-01-18,Hoffenheim,Bayern Munich,1.1596,3.31311,1,3
2019-01-19,Augsburg,Fortuna Duesseldorf,0.869957,1.0413,1,2
2019-01-19,Bayer Leverkusen,Borussia M.Gladbach,1.20925,0.747044,0,1
2019-01-19,Eintracht Frankfurt,Freiburg,2.9107,1.54911,3,1
2019-01-19,Hannover 96,Werder Bremen,0.516442,2.168,0,1
2019-01-19,RasenBallsport Leipzig,Borussia Dortmund,0.778946,1.02216,0,1
2019-01-19,VfB Stuttgart,Mainz 05,3.20149,1.17715,2,3
2019-01-20,Nuernberg,Hertha Berlin,1.1239,2.24853,1,3
2019-01-20,Schalke 04,Wolfsburg,3.02896,1.72547,2,1
2019-01-25,Hertha Berlin,Schalke 04,1.41796,1.03679,2,2
2019-01-26,Borussia Dortmund,Hannover 96,2.89598,0.819503,5,1
2019-01-26,Borussia M.Gladbach,Augsburg,2.08047,0.777086,2,0
2019-01-26,Freiburg,Hoffenheim,1.77454,3.27125,2,4
2019-01-26,Mainz 05,Nuernberg,2.36343,0.32725,2,1
2019-01-26,Werder Bremen,Eintracht Frankfurt,2.6,1.64974,2,2
2019-01-26,Wolfsburg,Bayer Leverkusen,1.19108,3.00387,0,3
2019-01-27,Bayern Munich,VfB Stuttgart,3.41668,0.361664,4,1
2019-01-27,Fortuna Duesseldorf,RasenBallsport Leipzig,0.290714,2.02739,0,4
2019-02-01,Hannover 96,RasenBallsport Leipzig,0.138262,2.35194,0,3
2019-02-02,Bayer Leverkusen,Bayern Munich,1.2769,1.868,3,1
2019-02-02,Eintracht Frankfurt,Borussia Dortmund,1.44338,1.8842,1,1
2019-02-02,Hertha Berlin,Wolfsburg,1.70071,1.18244,0,1
2019-02-02,Hoffenheim,Fortuna Duesseldorf,1.63645,1.17944,1,1
2019-02-02,Nuernberg,Werder Bremen,1.09967,1.10992,1,1
2019-02-02,Schalke 04,Borussia M.Gladbach,0.663579,1.87388,0,2
2019-02-03,Augsburg,Mainz 05,3.79911,0.20019,3,0
2019-02-03,VfB Stuttgart,Freiburg,0.850155,2.53349,2,2
2019-02-08,Mainz 05,Bayer Leverkusen,1.88457,3.30348,1,5
2019-02-09,Bayern Munich,Schalke 04,2.35845,1.39766,3,1
2019-02-09,Borussia Dortmund,Hoffenheim,1.99653,2.47538,3,3
2019-02-09,Borussia M.Gladbach,Hertha Berlin,1.30285,2.49289,0,3
2019-02-09,Freiburg,Wolfsburg,0.818616,1.91629,3,3
2019-02-09,Hannover 96,Nuernberg,1.4289,0.981416,2,0
2019-02-09,RasenBallsport Leipzig,Eintracht Frankfurt,1.59427,0.501519,0,0
2019-02-10,Fortuna Duesseldorf,VfB Stuttgart,1.64721,1.1803,3,0
2019-02-10,Werder Bremen,Augsburg,1.66903,1.05801,4,0
2019-02-15,Augsburg,Bayern Munich,0.510867,2.20232,2,3
2019-02-16,Hertha Berlin,Werder Bremen,1.09705,0.390094,1,1
2019-02-16,Hoffenheim,Hannover 96,3.59387,0.41327,3,0
2019-02-16,Schalke 04,Freiburg,0.609421,1.09678,0,0
2019-02-16,VfB Stuttgart,RasenBallsport Leipzig,1.36671,1.32163,1,3
2019-02-16,Wolfsburg,Mainz 05,2.13855,0.719281,3,0
2019-02-17,Bayer Leverkusen,Fortuna Duesseldorf,1.90354,0.209187,2,0
2019-02-17,Eintracht Frankfurt,Borussia M.Gladbach,1.16069,1.17016,1,1
2019-02-18,Nuernberg,Borussia Dortmund,0.498008,0.930531,0,0
2019-02-22,Werder Bremen,VfB Stuttgart,1.23401,0.946008,1,1
2019-02-23,Bayern Munich,Hertha Berlin,0.989434,0.279649,1,0
2019-02-23,Borussia M.Gladbach,Wolfsburg,1.18063,0.794633,0,3
2019-02-23,Fortuna Duesseldorf,Nuernberg,1.55152,0.112551,2,1
2019-02-23,Freiburg,Augsburg,2.01296,1.54501,5,1
2019-02-23,Mainz 05,Schalke 04,2.44926,0.749874,3,0
2019-02-24,Borussia Dortmund,Bayer Leverkusen,1.05083,1.26295,3,2
2019-02-24,Hannover 96,Eintracht Frankfurt,0.392236,2.33768,0,3
2019-02-25,RasenBallsport Leipzig,Hoffenheim,1.91108,1.30993,1,1
2019-03-01,Augsburg,Borussia Dortmund,0.961029,2.85445,2,1
2019-03-02,Bayer Leverkusen,Freiburg,3.25987,0.26273,2,0
2019-03-02,Borussia M.Gladbach,Bayern Munich,0.58281,5.94023,1,5
2019-03-02,Eintracht Frankfurt,Hoffenheim,2.30575,1.76367,3,2
2019-03-02,Hertha Berlin,Mainz 05,1.77228,0.83743,2,1
2019-03-02,Nuernberg,RasenBallsport Leipzig,1.02688,0.920561,0,1
2019-03-02,Schalke 04,Fortuna Duesseldorf,0.708083,2.89494,0,4
2019-03-03,VfB Stuttgart,Hannover 96,2.6743,0.613856,5,1
2019-03-03,Wolfsburg,Werder Bremen,1.16809,1.83543,1,1
2019-03-08,Werder Bremen,Schalke 04,2.44765,1.53919,4,2
2019-03-09,Bayern Munich,Wolfsburg,3.77617,0.159247,6,0
2019-03-09,Borussia Dortmund,VfB Stuttgart,2.5589,0.897914,3,1
2019-03-09,Freiburg,Hertha Berlin,0.972717,1.0226,2,1
2019-03-09,Mainz 05,Borussia M.Gladbach,0.578029,1.20097,0,1
2019-03-09,RasenBallsport Leipzig,Augsburg,2.35335,0.181299,0,0
2019-03-10,Hannover 96,Bayer Leverkusen,0.672836,2.44206,2,3
2019-03-10,Hoffenheim,Nuernberg,2.64002,0.79045,2,1
2019-03-11,Fortuna Duesseldorf,Eintracht Frankfurt,0.837274,2.76254,0,3
2019-03-15,Borussia M.Gladbach,Freiburg,1.17388,0.514838,1,1
2019-03-16,Augsburg,Hannover 96,1.35782,1.4864,3,1
2019-03-16,Hertha Berlin,Borussia Dortmund,2.20854,2.23731,2,3
2019-03-16,Schalke 04,RasenBallsport Leipzig,1.01343,1.69354,0,1
2019-03-16,VfB Stuttgart,Hoffenheim,1.35935,2.90274,1,1
2019-03-16,Wolfsburg,Fortuna Duesseldorf,3.87623,1.93907,5,2
2019-03-17,Bayer Leverkusen,Werder Bremen,0.917302,1.31225,1,3
2019-03-17,Bayern Munich,Mainz 05,2.66818,0.302976,6,0
2019-03-17,Eintracht Frankfurt,Nuernberg,2.58949,0.702802,1,0
2019-03-29,Hoffenheim,Bayer Leverkusen,2.4473,1.71436,4,1
2019-03-30,Borussia Dortmund,Wolfsburg,1.45093,0.171788,2,0
2019-03-30,Fortuna Duesseldorf,Borussia M.Gladbach,1.66988,1.34223,3,1
2019-03-30,Freiburg,Bayern Munich,0.719026,3.23843,1,1
2019-03-30,Nuernberg,Augsburg,1.76901,0.867874,3,0
2019-03-30,RasenBallsport Leipzig,Hertha Berlin,5.04475,0.895578,5,0
2019-03-30,Werder Bremen,Mainz 05,1.22854,0.998556,3,1
2019-03-31,Eintracht Frankfurt,VfB Stuttgart,2.00509,0.569489,3,0
2019-03-31,Hannover 96,Schalke 04,0.755656,0.864608,0,1
2019-04-05,Mainz 05,Freiburg,2.27396,1.80652,5,0
2019-04-06,Bayer Leverkusen,RasenBallsport Leipzig,2.1254,1.44447,2,4
2019-04-06,Bayern Munich,Borussia Dortmund,4.30876,0.478204,5,0
2019-04-06,Hertha Berlin,Fortuna Duesseldorf,1.90031,2.72781,1,2
2019-04-06,Schalke 04,Eintracht Frankfurt,1.19525,2.24621,1,2
2019-04-06,VfB Stuttgart,Nuernberg,1.62221,2.37695,1,1
2019-04-06,Wolfsburg,Hannover 96,1.43754,1.54016,3,1
2019-04-07,Augsburg,Hoffenheim,0.653608,3.60653,0,4
2019-04-07,Borussia M.Gladbach,Werder Bremen,1.99752,1.05039,1,1
2019-04-12,Nuernberg,Schalke 04,2.35613,0.850368,1,1
2019-04-13,Borussia Dortmund,Mainz 05,2.13802,2.93676,2,1
2019-04-13,Hannover 96,Borussia M.Gladbach,1.36963,1.76261,0,1
2019-04-13,RasenBallsport Leipzig,Wolfsburg,2.11199,0.38877,2,0
2019-04-13,VfB Stuttgart,Bayer Leverkusen,0.444283,2.53521,0,1
2019-04-13,Werder Bremen,Freiburg,1.81623,0.55263,2,1
2019-04-14,Eintracht Frankfurt,Augsburg,2.09741,2.22016,1,3
2019-04-14,Fortuna Duesseldorf,Bayern Munich,0.972295,3.34878,1,4
2019-04-14,Hoffenheim,Hertha Berlin,3.53386,0.305091,2,0
2019-04-20,Augsburg,VfB Stuttgart,2.39187,1.38001,6,0
2019-04-20,Bayer Leverkusen,Nuernberg,1.51156,0.245739,2,0
2019-04-20,Bayern Munich,Werder Bremen,2.60771,0.134891,1,0
2019-04-20,Borussia M.Gladbach,RasenBallsport Leipzig,2.19831,2.13066,1,2
2019-04-20,Mainz 05,Fortuna Duesseldorf,3.24326,2.5269,3,1
2019-04-20,Schalke 04,Hoffenheim,2.02105,1.87167,2,5
2019-04-21,Freiburg,Borussia Dortmund,0.536271,2.91662,0,4
2019-04-21,Hertha Berlin,Hannover 96,1.07608,0.527392,0,0
2019-04-22,Wolfsburg,Eintracht Frankfurt,2.01024,1.62116,1,1
2019-04-26,Augsburg,Bayer Leverkusen,0.278207,2.9293,1,4
2019-04-27,Borussia Dortmund,Schalke 04,1.10244,1.12367,2,4
2019-04-27,Eintracht Frankfurt,Hertha Berlin,2.16123,1.17855,0,0
2019-04-27,Fortuna Duesseldorf,Werder Bremen,2.06935,2.73602,4,1
2019-04-27,Hannover 96,Mainz 05,0.877396,2.93831,1,0
2019-04-27,RasenBallsport Leipzig,Freiburg,2.04886,0.874413,2,1
2019-04-27,VfB Stuttgart,Borussia M.Gladbach,1.59767,1.30221,1,0
2019-04-28,Hoffenheim,Wolfsburg,3.38957,2.05348,1,4
2019-04-28,Nuernberg,Bayern Munich,1.90716,1.68788,1,1
2019-05-03,Mainz 05,RasenBallsport Leipzig,1.72126,2.74717,3,3
2019-05-04,Bayern Munich,Hannover 96,5.36034,0.871424,3,1
2019-05-04,Borussia M.Gladbach,Hoffenheim,1.23948,3.2364,2,2
2019-05-04,Hertha Berlin,VfB Stuttgart,2.28859,1.39423,3,1
2019-05-04,Werder Bremen,Borussia Dortmund,0.642264,2.6708,2,2
2019-05-04,Wolfsburg,Nuernberg,1.18184,0.566199,2,0
2019-05-05,Bayer Leverkusen,Eintracht Frankfurt,2.78767,0.17067,6,1
2019-05-05,Freiburg,Fortuna Duesseldorf,1.2563,0.911705,1,1
2019-05-05,Schalke 04,Augsburg,1.82173,0.589384,0,0
2019-05-11,Augsburg,Hertha Berlin,1.43088,2.5836,3,4
2019-05-11,Bayer Leverkusen,Schalke 04,1.61536,1.79193,1,1
2019-05-11,Borussia Dortmund,Fortuna Duesseldorf,2.03631,2.07768,3,2
2019-05-11,Hannover 96,Freiburg,2.29894,0.674621,3,0
2019-05-11,Hoffenheim,Werder Bremen,1.80986,0.931751,0,1
2019-05-11,Nuernberg,Borussia M.Gladbach,0.797591,1.75711,0,4
2019-05-11,RasenBallsport Leipzig,Bayern Munich,0.609829,1.72176,0,0
2019-05-11,VfB Stuttgart,Wolfsburg,0.680306,0.340041,3,0
2019-05-12,Eintracht Frankfurt,Mainz 05,1.71254,1.2497,0,2
2019-05-18,Bayern Munich,Eintracht Frankfurt,4.62869,0.954021,5,1
2019-05-18,Borussia M.Gladbach,Borussia Dortmund,0.629959,2.35948,0,2
2019-05-18,Fortuna Duesseldorf,Hannover 96,2.17162,1.04029,2,1
2019-05-18,Freiburg,Nuernberg,1.08819,0.734435,5,1
2019-05-18,Hertha Berlin,Bayer Leverkusen,1.20477,2.37483,1,5
2019-05-18,Mainz 05,Hoffenheim,2.87626,1.64469,4,2
2019-05-18,Schalke 04,VfB Stuttgart,0.688908,0.668898,0,0
2019-05-18,Werder Bremen,RasenBallsport Leipzig,1.20038,1.84544,2,1
2019-05-18,Wolfsburg,Augsburg,4.15452,0.672581,8,1
2019-08-16,Bayern Munich,Hertha Berlin,2.47707,1.18459,2,2
2019-08-17,Bayer Leverkusen,Paderborn,2.47615,1.20475,3,2
2019-08-17,Borussia Dortmund,Augsburg,3.25906,0.904482,5,1
2019-08-17,Borussia M.Gladbach,Schalke 04,1.43141,0.760773,0,0
2019-08-17,Freiburg,Mainz 05,1.88401,0.784216,3,0
2019-08-17,Werder Bremen,Fortuna Duesseldorf,2.0112,1.01536,1,3
2019-08-17,Wolfsburg,FC Cologne,0.9793,0.662001,2,1
2019-08-18,Eintracht Frankfurt,Hoffenheim,1.8214,0.634831,1,0
2019-08-18,Union Berlin,RasenBallsport Leipzig,0.782907,3.93387,0,4
2019-08-23,FC Cologne,Borussia Dortmund,0.937461,2.08181,1,3
2019-08-24,Augsburg,Union Berlin,1.37579,0.891198,1,1
2019-08-24,Fortuna Duesseldorf,Bayer Leverkusen,1.12017,1.82469,1,3
2019-08-24,Hoffenheim,Werder Bremen,1.05096,0.841426,3,2
2019-08-24,Mainz 05,Borussia M.Gladbach,1.81289,2.09431,1,3
2019-08-24,Paderborn,Freiburg,1.81166,2.38424,1,3
2019-08-24,Schalke 04,Bayern Munich,1.08016,1.59729,0,3
2019-08-25,Hertha Berlin,Wolfsburg,0.936557,1.33245,0,3
2019-08-25,RasenBallsport Leipzig,Eintracht Frankfurt,1.77604,0.935237,2,1
2019-08-30,Borussia M.Gladbach,RasenBallsport Leipzig,1.4586,3.13131,1,3
2019-08-31,Bayer Leverkusen,Hoffenheim,0.936475,0.450548,0,0
2019-08-31,Bayern Munich,Mainz 05,3.34597,0.72047,6,1
2019-08-31,Freiburg,FC Cologne,0.838391,1.62928,1,2
2019-08-31,Schalke 04,Hertha Berlin,1.16546,0.771094,3,0
2019-08-31,Union Berlin,Borussia Dortmund,1.4209,1.60213,3,1
2019-08-31,Wolfsburg,Paderborn,0.996067,0.492299,1,1
2019-09-01,Eintracht Frankfurt,Fortuna Duesseldorf,1.75705,0.759809,2,1
2019-09-01,Werder Bremen,Augsburg,2.46951,1.48072,3,2
2019-09-13,Fortuna Duesseldorf,Wolfsburg,0.679763,2.28602,1,1
2019-09-14,Augsburg,Eintracht Frankfurt,1.58878,0.899696,2,1
2019-09-14,Borussia Dortmund,Bayer Leverkusen,3.23112,1.14812,4,0
2019-09-14,FC Cologne,Borussia M.Gladbach,0.841764,1.55336,0,1
2019-09-14,Mainz 05,Hertha Berlin,1.1162,2.07839,2,1
2019-09-14,RasenBallsport Leipzig,Bayern Munich,1.65427,1.6704,1,1
2019-09-14,Union Berlin,Werder Bremen,1.98106,2.14722,1,2
2019-09-15,Hoffenheim,Freiburg,1.10385,1.78643,0,3
2019-09-15,Paderborn,Schalke 04,1.39508,1.9184,1,5
2019-09-20,Schalke 04,Mainz 05,0.873048,0.985151,2,1
2019-09-21,Bayer Leverkusen,Union Berlin,1.55742,0.125413,2,0
2019-09-21,Bayern Munich,FC Cologne,2.92351,1.03267,4,0
2019-09-21,Freiburg,Augsburg,1.70133,0.884946,1,1
2019-09-21,Hertha Berlin,Paderborn,0.983173,1.89015,2,1
2019-09-21,Werder Bremen,RasenBallsport Leipzig,0.583174,1.72557,0,3
2019-09-22,Borussia M.Gladbach,Fortuna Duesseldorf,4.2854,1.27666,2,1
2019-09-22,Eintracht Frankfurt,Borussia Dortmund,1.15899,2.36595,2,2
2019-09-23,Wolfsburg,Hoffenheim,0.941782,0.743288,1,1
2019-09-27,Union Berlin,Eintracht Frankfurt,0.7564,2.31283,1,2
2019-09-28,Augsburg,Bayer Leverkusen,0.27153,0.978659,0,3
2019-09-28,Borussia Dortmund,Werder Bremen,1.76252,0.98217,2,2
2019-09-28,Hoffenheim,Borussia M.Gladbach,1.30868,2.83647,0,3
2019-09-28,Mainz 05,Wolfsburg,1.27755,0.994636,0,1
2019-09-28,Paderborn,Bayern Munich,0.281111,3.47305,2,3
2019-09-28,RasenBallsport Leipzig,Schalke 04,1.2781,2.64689,1,3
2019-09-29,FC Cologne,Hertha Berlin,0.533432,2.20336,0,4
2019-09-29,Fortuna Duesseldorf,Freiburg,2.01843,1.67484,1,2
2019-10-04,Hertha Berlin,Fortuna Duesseldorf,2.0219,1.1795,3,1
2019-10-05,Bayer Leverkusen,RasenBallsport Leipzig,1.6617,2.45811,1,1
2019-10-05,Bayern Munich,Hoffenheim,1.77327,0.723738,1,2
2019-10-05,Freiburg,Borussia Dortmund,0.467957,0.774276,2,2
2019-10-05,Paderborn,Mainz 05,1.49293,2.63853,1,2
2019-10-05,Schalke 04,FC Cologne,2.04637,1.04818,1,1
2019-10-06,Borussia M.Gladbach,Augsburg,3.59033,1.35488,5,1
2019-10-06,Eintracht Frankfurt,Werder Bremen,2.95637,1.75811,2,2
2019-10-06,Wolfsburg,Union Berlin,1.80334,0.511105,1,0
2019-10-18,Eintracht Frankfurt,Bayer Leverkusen,2.73688,1.58917,3,0
2019-10-19,Augsburg,Bayern Munich,2.14428,3.06071,2,2
2019-10-19,Borussia Dortmund,Borussia M.Gladbach,1.62968,3.217,1,0
2019-10-19,Fortuna Duesseldorf,Mainz 05,2.01829,0.236283,1,0
2019-10-19,RasenBallsport Leipzig,Wolfsburg,1.35769,1.69441,1,1
2019-10-19,Union Berlin,Freiburg,1.47678,0.565578,2,0
2019-10-19,Werder Bremen,Hertha Berlin,0.967641,0.353813,1,1
2019-10-20,FC Cologne,Paderborn,2.41631,0.574545,3,0
2019-10-20,Hoffenheim,Schalke 04,0.973105,0.859284,2,0
2019-10-25,Mainz 05,FC Cologne,1.54568,1.52391,3,1
2019-10-26,Bayer Leverkusen,Werder Bremen,2.95018,0.502517,2,2
2019-10-26,Bayern Munich,Union Berlin,2.88476,1.7324,2,1
2019-10-26,Freiburg,RasenBallsport Leipzig,1.77638,2.55936,2,1
2019-10-26,Hertha Berlin,Hoffenheim,2.37055,2.93074,2,3
2019-10-26,Paderborn,Fortuna Duesseldorf,0.738686,1.43646,2,0
2019-10-26,Schalke 04,Borussia Dortmund,1.08518,0.346623,0,0
2019-10-27,Borussia M.Gladbach,Eintracht Frankfurt,1.99947,0.997822,4,2
2019-10-27,Wolfsburg,Augsburg,0.955818,0.741183,0,0
2019-11-01,Hoffenheim,Paderborn,1.89547,0.464343,3,0
2019-11-02,Bayer Leverkusen,Borussia M.Gladbach,2.12992,2.05874,1,2
2019-11-02,Borussia Dortmund,Wolfsburg,2.14832,1.31443,3,0
2019-11-02,Eintracht Frankfurt,Bayern Munich,2.99704,1.08228,5,1
2019-11-02,RasenBallsport Leipzig,Mainz 05,3.95826,0.85545,8,0
2019-11-02,Union Berlin,Hertha Berlin,1.31187,0.415645,1,0
2019-11-02,Werder Bremen,Freiburg,2.02587,0.873641,2,2
2019-11-03,Augsburg,Schalke 04,1.55099,0.355124,2,3
2019-11-03,Fortuna Duesseldorf,FC Cologne,2.18646,1.03434,2,0
2019-11-08,FC Cologne,Hoffenheim,0.638731,1.6191,1,2
2019-11-09,Bayern Munich,Borussia Dortmund,3.90951,0.608676,4,0
2019-11-09,Hertha Berlin,RasenBallsport Leipzig,0.46433,1.93927,2,4
2019-11-09,Mainz 05,Union Berlin,2.04684,1.5394,2,3
2019-11-09,Paderborn,Augsburg,1.20293,1.09006,0,1
2019-11-09,Schalke 04,Fortuna Duesseldorf,1.23132,2.06462,3,3
2019-11-10,Borussia M.Gladbach,Werder Bremen,2.15941,1.59871,3,1
2019-11-10,Freiburg,Eintracht Frankfurt,0.773034,1.13495,1,0
2019-11-10,Wolfsburg,Bayer Leverkusen,0.571444,1.20713,0,2
2019-11-22,Borussia Dortmund,Paderborn,1.9077,2.10743,3,3
2019-11-23,Bayer Leverkusen,Freiburg,3.96943,1.25233,1,1
2019-11-23,Eintracht Frankfurt,Wolfsburg,0.848135,1.35049,0,2
2019-11-23,Fortuna Duesseldorf,Bayern Munich,0.443491,3.81728,0,4
2019-11-23,RasenBallsport Leipzig,FC Cologne,2.57218,0.886616,4,1
2019-11-23,Union Berlin,Borussia M.Gladbach,1.49758,0.95814,2,0
2019-11-23,Werder Bremen,Schalke 04,1.7254,0.660152,1,2
2019-11-24,Augsburg,Hertha Berlin,1.76885,0.801011,4,0
2019-11-24,Hoffenheim,Mainz 05,2.15404,2.10482,1,5
2019-11-29,Schalke 04,Union Berlin,1.27089,1.65551,2,1
2019-11-30,Bayern Munich,Bayer Leverkusen,2.24624,1.44804,1,2
2019-11-30,FC Cologne,Augsburg,1.07293,2.28696,1,1
2019-11-30,Hertha Berlin,Borussia Dortmund,0.751161,1.48269,1,2
2019-11-30,Hoffenheim,Fortuna Duesseldorf,2.69182,0.884323,1,1
2019-11-30,Paderborn,RasenBallsport Leipzig,1.55563,1.79269,2,3
2019-12-01,Borussia M.Gladbach,Freiburg,5.28668,1.5268,4,2
2019-12-01,Wolfsburg,Werder Bremen,2.7056,1.29088,2,3
2019-12-02,Mainz 05,Eintracht Frankfurt,2.05075,2.0102,2,1
2019-12-06,Eintracht Frankfurt,Hertha Berlin,2.6934,1.43518,2,2
2019-12-07,Augsburg,Mainz 05,3.03979,0.426387,2,1
2019-12-07,Bayer Leverkusen,Schalke 04,3.0351,0.9976,2,1
2019-12-07,Borussia Dortmund,Fortuna Duesseldorf,3.95015,0.102341,5,0
2019-12-07,Borussia M.Gladbach,Bayern Munich,1.33084,1.74378,2,1
2019-12-07,Freiburg,Wolfsburg,0.434528,1.59205,1,0
2019-12-07,RasenBallsport Leipzig,Hoffenheim,3.5887,1.28019,3,1
2019-12-08,Union Berlin,FC Cologne,1.7912,0.772348,2,0
2019-12-08,Werder Bremen,Paderborn,0.8271,1.51679,0,1
2019-12-13,Hoffenheim,Augsburg,1.75727,2.22713,2,4
2019-12-14,Bayern Munich,Werder Bremen,5.83554,0.536081,6,1
2019-12-14,FC Cologne,Bayer Leverkusen,1.94644,0.226408,2,0
2019-12-14,Fortuna Duesseldorf,RasenBallsport Leipzig,0.263544,3.98532,0,3
2019-12-14,Hertha Berlin,Freiburg,0.930886,0.816692,1,0
2019-12-14,Mainz 05,Borussia Dortmund,0.233287,1.4717,0,4
2019-12-14,Paderborn,Union Berlin,1.3758,1.79415,1,1
2019-12-15,Schalke 04,Eintracht Frankfurt,1.10732,1.01796,1,0
2019-12-15,Wolfsburg,Borussia M.Gladbach,0.968068,0.502409,2,1
2019-12-17,Augsburg,Fortuna Duesseldorf,1.4601,0.755838,3,0
2019-12-17,Borussia Dortmund,RasenBallsport Leipzig,1.89658,2.90735,3,3
2019-12-17,Union Berlin,Hoffenheim,1.53884,0.819222,0,2
2019-12-17,Werder Bremen,Mainz 05,0.48889,2.18253,0,5
2019-12-18,Bayer Leverkusen,Hertha Berlin,1.32267,1.51156,0,1
2019-12-18,Borussia M.Gladbach,Paderborn,2.79858,0.508363,2,0
2019-12-18,Eintracht Frankfurt,FC Cologne,1.25773,2.13045,2,4
2019-12-18,Freiburg,Bayern Munich,2.13825,4.41404,1,3
2019-12-18,Wolfsburg,Schalke 04,2.99738,1.73056,1,1
2019-12-20,Hoffenheim,Borussia Dortmund,1.33628,2.04502,2,1
2019-12-21,Bayern Munich,Wolfsburg,1.58412,0.889656,2,0
2019-12-21,FC Cologne,Werder Bremen,1.03002,0.229787,1,0
2019-12-21,Hertha Berlin,Borussia M.Gladbach,0.804328,0.633262,0,0
2019-12-21,Mainz 05,Bayer Leverkusen,2.49346,1.55537,0,1
2019-12-21,RasenBallsport Leipzig,Augsburg,3.84524,0.598351,3,1
2019-12-21,Schalke 04,Freiburg,1.70201,2.56208,2,2
2019-12-22,Fortuna Duesseldorf,Union Berlin,1.17089,1.9614,2,1
2019-12-22,Paderborn,Eintracht Frankfurt,1.8362,1.81533,2,1
2020-01-17,Schalke 04,Borussia M.Gladbach,2.05715,0.838626,2,0
2020-01-18,Augsburg,Borussia Dortmund,1.80963,3.75099,3,5
2020-01-18,FC Cologne,Wolfsburg,1.52546,1.73137,3,1
2020-01-18,Fortuna Duesseldorf,Werder Bremen,1.0094,0.669177,0,1
2020-01-18,Hoffenheim,Eintracht Frankfurt,1.00395,1.83811,1,2
2020-01-18,Mainz 05,Freiburg,1.62715,2.11329,1,2
2020-01-18,RasenBallsport Leipzig,Union Berlin,1.34573,1.02267,3,1
2020-01-19,Hertha Berlin,Bayern Munich,0.82925,2.96455,0,4
2020-01-19,Paderborn,Bayer Leverkusen,1.3828,2.17277,1,4
2020-01-24,Borussia Dortmund,FC Cologne,3.14965,0.860519,5,1
2020-01-25,Bayern Munich,Schalke 04,3.90217,0.401432,5,0
2020-01-25,Borussia M.Gladbach,Mainz 05,2.997,0.889986,3,1
2020-01-25,Eintracht Frankfurt,RasenBallsport Leipzig,1.30274,1.42745,2,0
2020-01-25,Freiburg,Paderborn,1.99439,1.79606,0,2
2020-01-25,Union Berlin,Augsburg,1.19907,2.47924,2,0
2020-01-25,Wolfsburg,Hertha Berlin,1.14053,1.71603,1,2
2020-01-26,Bayer Leverkusen,Fortuna Duesseldorf,4.50128,0.710981,3,0
2020-01-26,Werder Bremen,Hoffenheim,0.908592,1.16702,0,3
2020-01-31,Hertha Berlin,Schalke 04,0.417351,1.11364,0,0
2020-02-01,Augsburg,Werder Bremen,1.21583,0.630423,2,1
2020-02-01,Borussia Dortmund,Union Berlin,3.29375,0.560146,5,0
2020-02-01,Fortuna Duesseldorf,Eintracht Frankfurt,0.245794,1.34897,1,1
2020-02-01,Hoffenheim,Bayer Leverkusen,2.58436,3.11718,2,1
2020-02-01,Mainz 05,Bayern Munich,0.332903,2.03579,1,3
2020-02-01,RasenBallsport Leipzig,Borussia M.Gladbach,1.29026,0.973355,2,2
2020-02-02,FC Cologne,Freiburg,4.10075,0.502678,4,0
2020-02-02,Paderborn,Wolfsburg,1.20103,1.8251,2,4
2020-02-07,Eintracht Frankfurt,Augsburg,2.05219,1.00749,5,0
2020-02-08,Bayer Leverkusen,Borussia Dortmund,1.10259,0.882241,4,3
2020-02-08,Freiburg,Hoffenheim,2.24593,1.86364,1,0
2020-02-08,Hertha Berlin,Mainz 05,0.811018,2.85074,1,3
2020-02-08,Schalke 04,Paderborn,1.02675,0.561041,1,1
2020-02-08,Werder Bremen,Union Berlin,1.24914,2.25796,0,2
2020-02-08,Wolfsburg,Fortuna Duesseldorf,1.02897,0.697949,1,1
2020-02-09,Bayern Munich,RasenBallsport Leipzig,1.0745,1.76051,0,0
2020-02-14,Borussia Dortmund,Eintracht Frankfurt,1.77897,0.0254182,4,0
2020-02-15,Augsburg,Freiburg,0.666175,1.11403,1,1
2020-02-15,Fortuna Duesseldorf,Borussia M.Gladbach,0.804434,2.76945,1,4
2020-02-15,Hoffenheim,Wolfsburg,2.88142,3.49709,2,3
2020-02-15,Paderborn,Hertha Berlin,0.920452,2.10688,1,2
2020-02-15,RasenBallsport Leipzig,Werder Bremen,2.22403,0.206913,3,0
2020-02-15,Union Berlin,Bayer Leverkusen,2.02125,1.55179,2,3
2020-02-16,FC Cologne,Bayern Munich,2.03908,3.04216,1,4
2020-02-16,Mainz 05,Schalke 04,1.60342,1.11629,0,0
2020-02-21,Bayern Munich,Paderborn,3.2444,1.47195,3,2
2020-02-22,Borussia M.Gladbach,Hoffenheim,2.39606,1.98292,1,1
2020-02-22,Freiburg,Fortuna Duesseldorf,0.972649,0.873548,0,2
2020-02-22,Hertha Berlin,FC Cologne,0.449209,2.89736,0,5
2020-02-22,Schalke 04,RasenBallsport Leipzig,0.289302,3.12937,0,5
2020-02-22,Werder Bremen,Borussia Dortmund,0.217074,1.3554,0,2
2020-02-23,Bayer Leverkusen,Augsburg,1.16763,0.683426,2,0
2020-02-23,Wolfsburg,Mainz 05,2.858,0.909603,4,0
2020-02-24,Eintracht Frankfurt,Union Berlin,2.42046,1.03525,1,2
2020-02-28,Fortuna Duesseldorf,Hertha Berlin,1.45773,3.03938,3,3
2020-02-29,Augsburg,Borussia M.Gladbach,1.10383,3.18339,2,3
2020-02-29,Borussia Dortmund,Freiburg,1.60042,0.833271,1,0
2020-02-29,FC Cologne,Schalke 04,1.17896,0.592026,3,0
2020-02-29,Hoffenheim,Bayern Munich,0.554679,4.77962,0,6
2020-02-29,Mainz 05,Paderborn,0.894503,0.351719,2,0
2020-03-01,RasenBallsport Leipzig,Bayer Leverkusen,0.934157,1.16579,1,1
2020-03-01,Union Berlin,Wolfsburg,1.04208,1.95508,2,2
2020-03-06,Paderborn,FC Cologne,0.596262,2.68366,1,2
2020-03-07,Bayer Leverkusen,Eintracht Frankfurt,2.60789,1.10478,4,0
2020-03-07,Borussia M.Gladbach,Borussia Dortmund,2.62205,1.20132,1,2
2020-03-07,Freiburg,Union Berlin,1.62613,0.805309,3,1
2020-03-07,Hertha Berlin,Werder Bremen,0.896654,1.51105,2,2
2020-03-07,Schalke 04,Hoffenheim,1.1061,0.801078,1,1
2020-03-07,Wolfsburg,RasenBallsport Leipzig,0.597206,1.08959,0,0
2020-03-08,Bayern Munich,Augsburg,4.05804,1.0173,2,0
2020-03-08,Mainz 05,Fortuna Duesseldorf,0.974089,1.77792,1,1
2020-03-11,Borussia M.Gladbach,FC Cologne,1.32979,1.31698,2,1
2020-05-16,Augsburg,Wolfsburg,1.24058,1.37909,1,2
2020-05-16,Borussia Dortmund,Schalke 04,1.45195,0.345513,4,0
2020-05-16,Eintracht Frankfurt,Borussia M.Gladbach,0.898676,2.79227,1,3
2020-05-16,Fortuna Duesseldorf,Paderborn,1.04877,0.63998,0,0
2020-05-16,Hoffenheim,Hertha Berlin,2.79087,1.55073,0,3
2020-05-16,RasenBallsport Leipzig,Freiburg,1.91915,0.334381,1,1
2020-05-17,FC Cologne,Mainz 05,2.76011,1.97274,2,2
2020-05-17,Union Berlin,Bayern Munich,0.548769,1.39334,0,2
2020-05-18,Werder Bremen,Bayer Leverkusen,0.877237,2.8843,1,4
2020-05-22,Hertha Berlin,Union Berlin,2.51634,0.273771,4,0
2020-05-23,Bayern Munich,Eintracht Frankfurt,3.59062,1.03034,5,2
2020-05-23,Borussia M.Gladbach,Bayer Leverkusen,2.273,3.46649,1,3
2020-05-23,Freiburg,Werder Bremen,0.722324,0.464168,0,1
2020-05-23,Paderborn,Hoffenheim,0.964535,1.92541,1,1
2020-05-23,Wolfsburg,Borussia Dortmund,0.504702,1.03584,0,2
2020-05-24,FC Cologne,Fortuna Duesseldorf,2.24705,0.444463,2,2
2020-05-24,Mainz 05,RasenBallsport Leipzig,0.320493,5.2681,0,5
2020-05-24,Schalke 04,Augsburg,0.707591,1.5047,0,3
2020-05-26,Bayer Leverkusen,Wolfsburg,1.3302,2.99484,1,4
2020-05-26,Borussia Dortmund,Bayern Munich,0.616596,0.769692,0,1
2020-05-26,Eintracht Frankfurt,Freiburg,4.29527,0.764685,3,3
2020-05-26,Werder Bremen,Borussia M.Gladbach,0.844607,0.359767,0,0
2020-05-27,Augsburg,Paderborn,0.501125,1.18949,0,0
2020-05-27,Fortuna Duesseldorf,Schalke 04,1.73478,0.702054,2,1
2020-05-27,Hoffenheim,FC Cologne,1.26471,2.24859,3,1
2020-05-27,RasenBallsport Leipzig,Hertha Berlin,0.612996,1.57339,2,2
2020-05-27,Union Berlin,Mainz 05,0.772053,0.594984,1,1
2020-05-29,Freiburg,Bayer Leverkusen,0.68733,0.394085,0,1
2020-05-30,Bayern Munich,Fortuna Duesseldorf,3.02763,0.723584,5,0
2020-05-30,Hertha Berlin,Augsburg,3.05122,1.13484,2,0
2020-05-30,Mainz 05,Hoffenheim,1.07747,1.7133,0,1
2020-05-30,Schalke 04,Werder Bremen,0.788687,0.349616,0,1
2020-05-30,Wolfsburg,Eintracht Frankfurt,2.10016,1.94951,1,2
2020-05-31,Borussia M.Gladbach,Union Berlin,2.16238,0.719923,4,1
2020-05-31,Paderborn,Borussia Dortmund,1.13973,4.4959,1,6
2020-06-01,FC Cologne,RasenBallsport Leipzig,0.803762,3.20866,2,4
2020-06-03,Werder Bremen,Eintracht Frankfurt,0.388746,1.75359,0,3
2020-06-05,Freiburg,Borussia M.Gladbach,1.56293,2.15228,1,0
2020-06-06,Bayer Leverkusen,Bayern Munich,0.768558,2.6513,2,4
2020-06-06,Borussia Dortmund,Hertha Berlin,1.84639,0.108241,1,0
2020-06-06,Eintracht Frankfurt,Mainz 05,0.366021,2.91267,0,2
2020-06-06,Fortuna Duesseldorf,Hoffenheim,2.46304,1.44523,2,2
2020-06-06,RasenBallsport Leipzig,Paderborn,1.91324,1.274,1,1
2020-06-07,Augsburg,FC Cologne,2.20052,0.791182,1,1
2020-06-07,Union Berlin,Schalke 04,2.39933,0.166933,1,1
2020-06-07,Werder Bremen,Wolfsburg,0.416576,1.84359,0,1
2020-06-12,Hoffenheim,RasenBallsport Leipzig,1.75723,1.36763,0,2
2020-06-13,Bayern Munich,Borussia M.Gladbach,1.77878,0.983991,2,1
2020-06-13,FC Cologne,Union Berlin,1.342,0.527425,1,2
2020-06-13,Fortuna Duesseldorf,Borussia Dortmund,0.382339,0.683609,0,1
2020-06-13,Hertha Berlin,Eintracht Frankfurt,0.602622,2.94287,1,4
2020-06-13,Paderborn,Werder Bremen,1.96916,3.1298,1,5
2020-06-13,Wolfsburg,Freiburg,2.48484,2.09345,2,2
2020-06-14,Mainz 05,Augsburg,1.43243,0.888099,0,1
2020-06-14,Schalke 04,Bayer Leverkusen,1.47429,0.889455,1,1
2020-06-16,Borussia M.Gladbach,Wolfsburg,1.73701,0.741379,3,0
2020-06-16,Freiburg,Hertha Berlin,1.80838,1.43031,2,1
2020-06-16,Union Berlin,Paderborn,1.51574,0.396234,1,0
2020-06-16,Werder Bremen,Bayern Munich,0.274502,1.33112,0,1
2020-06-17,Augsburg,Hoffenheim,0.486229,3.15146,1,3
2020-06-17,Bayer Leverkusen,FC Cologne,2.18555,0.531542,3,1
2020-06-17,Borussia Dortmund,Mainz 05,1.30328,1.86738,0,2
2020-06-17,Eintracht Frankfurt,Schalke 04,2.51124,1.22522,2,1
2020-06-17,RasenBallsport Leipzig,Fortuna Duesseldorf,1.25224,0.594246,2,2
2020-06-20,Bayern Munich,Freiburg,2.14695,1.42671,3,1
2020-06-20,FC Cologne,Eintracht Frankfurt,0.960512,1.1762,1,1
2020-06-20,Fortuna Duesseldorf,Augsburg,0.353005,0.987427,1,1
2020-06-20,Hertha Berlin,Bayer Leverkusen,2.3555,0.679286,2,0
2020-06-20,Hoffenheim,Union Berlin,2.44299,0.917327,4,0
2020-06-20,Mainz 05,Werder Bremen,2.06765,1.36006,3,1
2020-06-20,Paderborn,Borussia M.Gladbach,0.67473,2.74581,1,3
2020-06-20,RasenBallsport Leipzig,Borussia Dortmund,1.03505,3.12342,0,2
2020-06-20,Schalke 04,Wolfsburg,0.670604,2.63286,1,4
2020-06-27,Augsburg,RasenBallsport Leipzig,0.161187,1.88507,1,2
2020-06-27,Bayer Leverkusen,Mainz 05,1.88283,0.350997,1,0
2020-06-27,Borussia Dortmund,Hoffenheim,0.127933,3.85732,0,4
2020-06-27,Borussia M.Gladbach,Hertha Berlin,3.07113,0.827053,2,1
2020-06-27,Eintracht Frankfurt,Paderborn,1.96616,1.48749,3,2
2020-06-27,Freiburg,Schalke 04,1.88174,0.651918,4,0
2020-06-27,Union Berlin,Fortuna Duesseldorf,1.19115,0.992638,3,0
2020-06-27,Werder Bremen,FC Cologne,3.25477,0.853136,6,1
2020-06-27,Wolfsburg,Bayern Munich,0.745741,3.22208,0,4
2020-09-18,Bayern Munich,Schalke 04,4.62088,0.14975,8,0
2020-09-19,Borussia Dortmund,Borussia M.Gladbach,1.70398,0.510293,3,0
2020-09-19,Eintracht Frankfurt,Arminia Bielefeld,2.46928,0.618787,1,1
2020-09-19,FC Cologne,Hoffenheim,2.40801,2.9032,2,3
2020-09-19,Union Berlin,Augsburg,1.04515,1.42046,1,3
2020-09-19,VfB Stuttgart,Freiburg,2.15741,2.07011,2,3
2020-09-19,Werder Bremen,Hertha Berlin,0.495892,2.05406,1,4
2020-09-20,RasenBallsport Leipzig,Mainz 05,3.22891,1.07201,3,1
2020-09-20,Wolfsburg,Bayer Leverkusen,1.27652,0.441229,0,0
2020-09-25,Hertha Berlin,Eintracht Frankfurt,1.55994,1.62111,1,3
2020-09-26,Arminia Bielefeld,FC Cologne,0.163242,1.3741,1,0
2020-09-26,Augsburg,Borussia Dortmund,1.44779,1.5267,2,0
2020-09-26,Bayer Leverkusen,RasenBallsport Leipzig,0.91247,1.20453,1,1
2020-09-26,Borussia M.Gladbach,Union Berlin,1.47627,0.771461,1,1
2020-09-26,Mainz 05,VfB Stuttgart,1.04484,2.9689,1,4
2020-09-26,Schalke 04,Werder Bremen,1.67597,3.10437,1,3
2020-09-27,Freiburg,Wolfsburg,0.92465,0.413442,1,1
2020-09-27,Hoffenheim,Bayern Munich,2.52339,1.17311,4,1
2020-10-02,Union Berlin,Mainz 05,2.07145,0.189144,4,0
2020-10-03,Borussia Dortmund,Freiburg,2.82762,0.445096,4,0
2020-10-03,Eintracht Frankfurt,Hoffenheim,3.57344,0.769689,2,1
2020-10-03,FC Cologne,Borussia M.Gladbach,0.244959,2.0629,1,3
2020-10-03,RasenBallsport Leipzig,Schalke 04,3.25836,0.215209,4,0
2020-10-03,VfB Stuttgart,Bayer Leverkusen,0.799979,1.69772,1,1
2020-10-03,Werder Bremen,Arminia Bielefeld,0.346071,1.02247,1,0
2020-10-04,Bayern Munich,Hertha Berlin,3.99311,1.24509,4,3
2020-10-04,Wolfsburg,Augsburg,1.31989,1.80757,0,0
2020-10-17,Arminia Bielefeld,Bayern Munich,1.21235,3.29447,1,4
2020-10-17,Augsburg,RasenBallsport Leipzig,0.550472,2.39694,0,2
2020-10-17,Borussia M.Gladbach,Wolfsburg,2.11077,1.34469,1,1
2020-10-17,Freiburg,Werder Bremen,1.05894,1.6646,1,1
2020-10-17,Hertha Berlin,VfB Stuttgart,1.42805,1.40822,0,2
2020-10-17,Hoffenheim,Borussia Dortmund,0.877373,1.84829,0,1
2020-10-17,Mainz 05,Bayer Leverkusen,0.214962,0.454109,0,1
2020-10-18,FC Cologne,Eintracht Frankfurt,1.41695,1.54892,1,1
2020-10-18,Schalke 04,Union Berlin,0.250814,0.831403,1,1
2020-10-23,VfB Stuttgart,FC Cologne,0.722179,2.37516,1,1
2020-10-24,Bayern Munich,Eintracht Frankfurt,3.80823,0.429229,5,0
2020-10-24,Borussia Dortmund,Schalke 04,1.48384,0.236172,3,0
2020-10-24,Mainz 05,Borussia M.Gladbach,1.90042,3.07629,2,3
2020-10-24,RasenBallsport Leipzig,Hertha Berlin,2.68523,0.802136,2,1
2020-10-24,Union Berlin,Freiburg,1.28488,0.271576,1,1
2020-10-25,Werder Bremen,Hoffenheim,0.229596,0.870978,1,1
2020-10-25,Wolfsburg,Arminia Bielefeld,2.77748,0.664903,2,1
2020-10-26,Bayer Leverkusen,Augsburg,2.6291,0.342366,3,1
2020-10-30,Schalke 04,VfB Stuttgart,0.726659,1.56968,1,1
2020-10-31,Arminia Bielefeld,Borussia Dortmund,0.255813,2.75909,0,2
2020-10-31,Augsburg,Mainz 05,1.78716,1.01141,3,1
2020-10-31,Borussia M.Gladbach,RasenBallsport Leipzig,0.615287,0.695278,1,0
2020-10-31,Eintracht Frankfurt,Werder Bremen,2.49235,0.733652,1,1
2020-10-31,FC Cologne,Bayern Munich,0.681548,0.992927,1,2
2020-11-01,Freiburg,Bayer Leverkusen,1.18284,1.34088,2,4
2020-11-01,Hertha Berlin,Wolfsburg,1.25246,0.397923,1,1
2020-11-02,Hoffenheim,Union Berlin,1.49329,3.66229,1,3
2020-11-06,Werder Bremen,FC Cologne,1.35118,0.399372,1,1
2020-11-07,Augsburg,Hertha Berlin,0.350601,2.51682,0,3
2020-11-07,Borussia Dortmund,Bayern Munich,2.30881,1.33621,2,3
2020-11-07,Mainz 05,Schalke 04,3.36371,1.70687,2,2
2020-11-07,RasenBallsport Leipzig,Freiburg,2.43212,0.577152,3,0
2020-11-07,Union Berlin,Arminia Bielefeld,2.25166,0.259002,5,0
2020-11-07,VfB Stuttgart,Eintracht Frankfurt,2.0858,3.48931,2,2
2020-11-08,Bayer Leverkusen,Borussia M.Gladbach,1.53904,3.02085,4,3
2020-11-08,Wolfsburg,Hoffenheim,2.65255,2.63695,2,1
2020-11-21,Arminia Bielefeld,Bayer Leverkusen,0.0,1.32693,1,2
2020-11-21,Bayern Munich,Werder Bremen,1.6736,1.63104,1,1
2020-11-21,Borussia M.Gladbach,Augsburg,1.70506,0.813971,1,1
2020-11-21,Eintracht Frankfurt,RasenBallsport Leipzig,0.888746,0.911677,1,1
2020-11-21,Hertha Berlin,Borussia Dortmund,1.20761,2.83449,2,5
2020-11-21,Hoffenheim,VfB Stuttgart,1.75486,1.45618,3,3
2020-11-21,Schalke 04,Wolfsburg,1.00376,2.66289,0,2
2020-11-22,FC Cologne,Union Berlin,1.08472,1.89238,1,2
2020-11-22,Freiburg,Mainz 05,1.47979,3.20461,1,3
2020-11-27,Wolfsburg,Werder Bremen,1.53686,0.860897,5,3
2020-11-28,Augsburg,Freiburg,0.385539,0.470106,1,1
2020-11-28,Borussia Dortmund,FC Cologne,2.76041,1.59253,1,2
2020-11-28,Borussia M.Gladbach,Schalke 04,3.15544,0.734533,4,1
2020-11-28,RasenBallsport Leipzig,Arminia Bielefeld,2.84171,1.76313,2,1
2020-11-28,Union Berlin,Eintracht Frankfurt,1.95856,1.33746,3,3
2020-11-28,VfB Stuttgart,Bayern Munich,1.38666,0.889035,1,3
2020-11-29,Bayer Leverkusen,Hertha Berlin,1.04196,0.517533,0,0
2020-11-29,Mainz 05,Hoffenheim,1.78391,1.1082,1,1
2020-12-04,Hertha Berlin,Union Berlin,0.768378,0.268079,3,1
2020-12-05,Arminia Bielefeld,Mainz 05,1.18485,2.54193,2,1
2020-12-05,Bayern Munich,RasenBallsport Leipzig,1.00047,1.56492,3,3
2020-12-05,Eintracht Frankfurt,Borussia Dortmund,0.847822,1.1385,1,1
2020-12-05,FC Cologne,Wolfsburg,1.08565,1.90682,2,2
2020-12-05,Freiburg,Borussia M.Gladbach,4.02129,1.66853,2,2
2020-12-06,Schalke 04,Bayer Leverkusen,1.22701,2.45305,0,3
2020-12-06,Werder Bremen,VfB Stuttgart,0.647875,2.13261,1,2
2020-12-07,Hoffenheim,Augsburg,1.45954,0.793064,3,1
2020-12-11,Wolfsburg,Eintracht Frankfurt,2.81209,1.51392,2,1
2020-12-12,Borussia Dortmund,VfB Stuttgart,0.776004,3.07677,1,5
2020-12-12,Borussia M.Gladbach,Hertha Berlin,1.35982,0.36509,1,1
2020-12-12,Freiburg,Arminia Bielefeld,2.43027,0.238384,2,0
2020-12-12,Mainz 05,FC Cologne,1.26169,0.838955,0,1
2020-12-12,RasenBallsport Leipzig,Werder Bremen,2.40107,0.599394,2,0
2020-12-12,Union Berlin,Bayern Munich,1.08682,1.06474,1,1
2020-12-13,Augsburg,Schalke 04,1.25437,1.90769,2,2
2020-12-13,Bayer Leverkusen,Hoffenheim,2.12151,1.67451,4,1
2020-12-15,Eintracht Frankfurt,Borussia M.Gladbach,2.12722,1.14256,3,3
2020-12-15,Hertha Berlin,Mainz 05,0.490128,0.742962,0,0
2020-12-15,VfB Stuttgart,Union Berlin,2.18597,1.01547,2,2
2020-12-15,Werder Bremen,Borussia Dortmund,0.14594,3.37771,1,2
2020-12-16,Arminia Bielefeld,Augsburg,0.702085,0.370523,0,1
2020-12-16,Bayern Munich,Wolfsburg,1.26746,1.10816,2,1
2020-12-16,FC Cologne,Bayer Leverkusen,0.251532,1.93376,0,4
2020-12-16,Hoffenheim,RasenBallsport Leipzig,0.752599,0.476324,0,1
2020-12-16,Schalke 04,Freiburg,0.376573,1.15776,0,2
2020-12-18,Union Berlin,Borussia Dortmund,1.38214,1.1837,2,1
2020-12-19,Augsburg,Eintracht Frankfurt,1.44889,2.37301,0,2
2020-12-19,Bayer Leverkusen,Bayern Munich,0.307742,1.41401,1,2
2020-12-19,Borussia M.Gladbach,Hoffenheim,2.12823,2.28754,1,2
2020-12-19,Mainz 05,Werder Bremen,0.388426,1.30319,0,1
2020-12-19,RasenBallsport Leipzig,FC Cologne,1.57839,0.205395,0,0
2020-12-19,Schalke 04,Arminia Bielefeld,0.338524,0.89989,0,1
2020-12-20,Freiburg,Hertha Berlin,2.96729,1.03828,4,1
2020-12-20,Wolfsburg,VfB Stuttgart,1.67526,1.10934,1,0
2021-01-02,Arminia Bielefeld,Borussia M.Gladbach,0.707828,1.88594,0,1
2021-01-02,Eintracht Frankfurt,Bayer Leverkusen,1.34155,0.752325,2,1
2021-01-02,FC Cologne,Augsburg,0.454651,1.23997,0,1
2021-01-02,Hertha Berlin,Schalke 04,2.06576,0.717925,3,0
2021-01-02,Hoffenheim,Freiburg,1.14476,2.08,1,3
2021-01-02,VfB Stuttgart,RasenBallsport Leipzig,0.891246,2.64018,0,1
2021-01-02,Werder Bremen,Union Berlin,1.0178,1.30377,0,2
2021-01-03,Bayern Munich,Mainz 05,4.11014,1.1937,5,2
2021-01-03,Borussia Dortmund,Wolfsburg,2.00235,1.21991,2,0
2021-01-08,Borussia M.Gladbach,Bayern Munich,0.96923,1.32717,3,2
2021-01-09,Bayer Leverkusen,Werder Bremen,0.588228,0.481943,1,1
2021-01-09,Freiburg,FC Cologne,2.91627,0.139728,5,0
2021-01-09,Mainz 05,Eintracht Frankfurt,1.10303,2.44043,0,2
2021-01-09,RasenBallsport Leipzig,Borussia Dortmund,1.59439,2.57475,1,3
2021-01-09,Schalke 04,Hoffenheim,2.13307,1.84328,4,0
2021-01-09,Union Berlin,Wolfsburg,1.00289,1.89061,2,2
2021-01-10,Arminia Bielefeld,Hertha Berlin,0.623296,0.603143,1,0
2021-01-10,Augsburg,VfB Stuttgart,0.97454,4.01214,1,4
2021-01-15,Union Berlin,Bayer Leverkusen,1.21832,0.794473,1,0
2021-01-16,Borussia Dortmund,Mainz 05,1.89801,0.536442,1,1
2021-01-16,FC Cologne,Hertha Berlin,0.336553,0.419961,0,0
2021-01-16,Hoffenheim,Arminia Bielefeld,0.655307,0.596397,0,0
2021-01-16,VfB Stuttgart,Borussia M.Gladbach,1.63795,1.43375,2,2
2021-01-16,Werder Bremen,Augsburg,1.20083,0.943511,2,0
2021-01-16,Wolfsburg,RasenBallsport Leipzig,0.806904,2.41624,2,2
2021-01-17,Bayern Munich,Freiburg,3.01697,0.76215,2,1
2021-01-17,Eintracht Frankfurt,Schalke 04,1.97864,0.135505,3,1
2021-01-19,Bayer Leverkusen,Borussia Dortmund,1.82076,1.25761,2,1
2021-01-19,Borussia M.Gladbach,Werder Bremen,0.645527,0.813286,1,0
2021-01-19,Hertha Berlin,Hoffenheim,1.33502,1.07527,0,3
2021-01-19,Mainz 05,Wolfsburg,0.372223,0.989418,0,2
2021-01-20,Arminia Bielefeld,VfB Stuttgart,1.8577,1.32249,3,0
2021-01-20,Augsburg,Bayern Munich,1.21994,1.98194,0,1
2021-01-20,Freiburg,Eintracht Frankfurt,0.850102,1.45197,2,2
2021-01-20,RasenBallsport Leipzig,Union Berlin,1.34987,0.121799,1,0
2021-01-20,Schalke 04,FC Cologne,1.14009,1.7479,1,2
2021-01-22,Borussia M.Gladbach,Borussia Dortmund,2.33235,1.93273,4,2
2021-01-23,Arminia Bielefeld,Eintracht Frankfurt,0.328715,2.56406,1,5
2021-01-23,Augsburg,Union Berlin,0.94986,1.62585,2,1
2021-01-23,Bayer Leverkusen,Wolfsburg,0.572384,1.0586,0,1
2021-01-23,Freiburg,VfB Stuttgart,1.53443,3.02675,2,1
2021-01-23,Hertha Berlin,Werder Bremen,1.99787,1.39323,1,4
2021-01-23,Mainz 05,RasenBallsport Leipzig,1.97152,1.86151,3,2
2021-01-24,Hoffenheim,FC Cologne,2.66263,2.28505,3,0
2021-01-24,Schalke 04,Bayern Munich,0.937959,3.12798,0,4
2021-01-29,VfB Stuttgart,Mainz 05,1.02742,0.298779,2,0
2021-01-30,Bayern Munich,Hoffenheim,1.94572,1.87397,4,1
2021-01-30,Borussia Dortmund,Augsburg,1.92275,0.305739,3,1
2021-01-30,Eintracht Frankfurt,Hertha Berlin,1.78331,0.381451,3,1
2021-01-30,RasenBallsport Leipzig,Bayer Leverkusen,1.68828,0.905761,1,0
2021-01-30,Union Berlin,Borussia M.Gladbach,0.691595,0.580509,1,1
2021-01-30,Werder Bremen,Schalke 04,0.64374,0.467918,1,1
2021-01-31,FC Cologne,Arminia Bielefeld,1.50709,0.949382,3,1
2021-01-31,Wolfsburg,Freiburg,2.00557,0.684054,3,0
2021-02-05,Hertha Berlin,Bayern Munich,1.24698,1.8015,0,1
2021-02-06,Augsburg,Wolfsburg,0.384821,2.19806,0,2
2021-02-06,Bayer Leverkusen,VfB Stuttgart,4.60657,1.30625,5,2
2021-02-06,Borussia M.Gladbach,FC Cologne,0.42778,0.816611,1,2
2021-02-06,Freiburg,Borussia Dortmund,0.167725,1.28601,2,1
2021-02-06,Mainz 05,Union Berlin,2.20728,0.937962,1,0
2021-02-06,Schalke 04,RasenBallsport Leipzig,0.125218,3.10182,0,3
2021-02-07,Hoffenheim,Eintracht Frankfurt,0.637718,1.26357,1,3
2021-02-12,RasenBallsport Leipzig,Augsburg,2.26243,0.938388,2,1
2021-02-13,Bayer Leverkusen,Mainz 05,1.75183,2.27515,2,2
2021-02-13,Borussia Dortmund,Hoffenheim,1.19058,2.19249,2,2
2021-02-13,Union Berlin,Schalke 04,1.9379,0.335784,0,0
2021-02-13,VfB Stuttgart,Hertha Berlin,1.3857,0.832358,1,1
2021-02-13,Werder Bremen,Freiburg,0.907057,0.375641,0,0
2021-02-14,Eintracht Frankfurt,FC Cologne,2.94491,0.554721,2,0
2021-02-14,Wolfsburg,Borussia M.Gladbach,0.641105,0.663321,0,0
2021-02-15,Bayern Munich,Arminia Bielefeld,2.29294,1.71797,3,3
2021-02-19,Arminia Bielefeld,Wolfsburg,0.319638,1.67634,0,3
2021-02-20,Borussia M.Gladbach,Mainz 05,0.659888,0.665514,1,2
2021-02-20,Eintracht Frankfurt,Bayern Munich,1.9074,1.5483,2,1
2021-02-20,FC Cologne,VfB Stuttgart,0.650885,0.606729,0,1
2021-02-20,Freiburg,Union Berlin,0.836092,1.49682,0,1
2021-02-20,Schalke 04,Borussia Dortmund,0.830269,1.85349,0,4
2021-02-21,Augsburg,Bayer Leverkusen,0.931657,0.397505,1,1
2021-02-21,Hertha Berlin,RasenBallsport Leipzig,0.859063,1.16338,0,3
2021-02-21,Hoffenheim,Werder Bremen,2.66057,0.109963,4,0
2021-02-26,Werder Bremen,Eintracht Frankfurt,1.10682,1.17887,2,1
2021-02-27,Bayern Munich,FC Cologne,2.40221,0.985369,5,1
2021-02-27,Borussia Dortmund,Arminia Bielefeld,2.50855,0.636679,3,0
2021-02-27,RasenBallsport Leipzig,Borussia M.Gladbach,1.89119,1.94164,3,2
2021-02-27,VfB Stuttgart,Schalke 04,2.68633,1.64536,5,1
2021-02-27,Wolfsburg,Hertha Berlin,0.620957,1.18868,2,0
2021-02-28,Bayer Leverkusen,Freiburg,1.15987,1.47636,1,2
2021-02-28,Mainz 05,Augsburg,0.454814,1.27616,0,1
2021-02-28,Union Berlin,Hoffenheim,0.958613,1.53526,1,1
2021-03-05,Schalke 04,Mainz 05,0.414149,0.848925,0,0
2021-03-06,Bayern Munich,Borussia Dortmund,2.69537,0.723629,4,2
2021-03-06,Borussia M.Gladbach,Bayer Leverkusen,0.544034,1.36843,0,1
2021-03-06,Eintracht Frankfurt,VfB Stuttgart,1.56516,1.15519,1,1
2021-03-06,Freiburg,RasenBallsport Leipzig,0.197373,1.97309,0,3
2021-03-06,Hertha Berlin,Augsburg,2.68531,0.836158,2,1
2021-03-06,Hoffenheim,Wolfsburg,0.989132,1.82597,2,1
2021-03-07,Arminia Bielefeld,Union Berlin,0.213406,1.49282,0,0
2021-03-07,FC Cologne,Werder Bremen,1.50386,1.20768,1,1
2021-03-10,Arminia Bielefeld,Werder Bremen,2.49186,1.64589,0,2
2021-03-12,Augsburg,Borussia M.Gladbach,1.14857,2.30606,3,1
2021-03-13,Borussia Dortmund,Hertha Berlin,1.93335,0.0761441,2,0
2021-03-13,Mainz 05,Freiburg,1.83812,1.48247,1,0
2021-03-13,Union Berlin,FC Cologne,2.37875,1.05403,2,1
2021-03-13,Werder Bremen,Bayern Munich,0.76636,3.96745,1,3
2021-03-13,Wolfsburg,Schalke 04,2.50491,0.241952,5,0
2021-03-14,Bayer Leverkusen,Arminia Bielefeld,2.37314,2.28117,1,2
2021-03-14,RasenBallsport Leipzig,Eintracht Frankfurt,1.81298,0.694577,1,1
2021-03-14,VfB Stuttgart,Hoffenheim,1.03802,0.97511,2,0
2021-03-19,Arminia Bielefeld,RasenBallsport Leipzig,0.290363,2.509,0,1
2021-03-20,Bayern Munich,VfB Stuttgart,2.6153,1.12324,4,0
2021-03-20,Eintracht Frankfurt,Union Berlin,2.53513,2.9206,5,2
2021-03-20,FC Cologne,Borussia Dortmund,1.32405,1.81107,2,2
2021-03-20,Schalke 04,Borussia M.Gladbach,0.185724,2.06675,0,3
2021-03-20,Werder Bremen,Wolfsburg,1.06983,1.20287,1,2
2021-03-21,Freiburg,Augsburg,2.06607,0.821272,2,0
2021-03-21,Hertha Berlin,Bayer Leverkusen,2.00238,2.00246,3,0
2021-03-21,Hoffenheim,Mainz 05,1.05065,3.20297,1,2
2021-04-03,Augsburg,Hoffenheim,0.560474,0.754596,2,1
2021-04-03,Bayer Leverkusen,Schalke 04,0.861271,1.05068,2,1
2021-04-03,Borussia Dortmund,Eintracht Frankfurt,2.14799,1.7596,1,2
2021-04-03,Borussia M.Gladbach,Freiburg,1.48872,1.96748,2,1
2021-04-03,Mainz 05,Arminia Bielefeld,2.45668,0.376815,1,1
2021-04-03,RasenBallsport Leipzig,Bayern Munich,0.486813,0.597457,0,1
2021-04-03,Wolfsburg,FC Cologne,0.729338,1.20907,1,0
2021-04-04,Union Berlin,Hertha Berlin,0.801212,0.850228,1,1
2021-04-04,VfB Stuttgart,Werder Bremen,0.695308,0.362475,1,0
2021-04-09,Arminia Bielefeld,Freiburg,1.35635,0.4306,1,0
2021-04-10,Bayern Munich,Union Berlin,0.809251,0.908459,1,1
2021-04-10,Eintracht Frankfurt,Wolfsburg,0.748811,1.69595,4,3
2021-04-10,Hertha Berlin,Borussia M.Gladbach,1.41784,1.24723,2,2
2021-04-10,VfB Stuttgart,Borussia Dortmund,1.51604,1.12634,2,3
2021-04-10,Werder Bremen,RasenBallsport Leipzig,1.32791,1.68371,1,4
2021-04-11,FC Cologne,Mainz 05,2.49731,1.51737,2,3
2021-04-11,Schalke 04,Augsburg,0.858301,1.14952,1,0
2021-04-12,Hoffenheim,Bayer Leverkusen,0.0916581,0.32178,0,0
2021-04-16,RasenBallsport Leipzig,Hoffenheim,1.43967,0.179248,0,0
2021-04-17,Augsburg,Arminia Bielefeld,0.752755,0.824002,0,0
2021-04-17,Bayer Leverkusen,FC Cologne,1.98802,0.828829,3,0
2021-04-17,Borussia M.Gladbach,Eintracht Frankfurt,2.95451,0.609687,4,0
2021-04-17,Freiburg,Schalke 04,2.07564,0.716727,4,0
2021-04-17,Union Berlin,VfB Stuttgart,1.53511,0.790129,2,1
2021-04-17,Wolfsburg,Bayern Munich,1.25011,1.72716,2,3
2021-04-18,Borussia Dortmund,Werder Bremen,3.07111,0.973347,4,1
2021-04-20,Arminia Bielefeld,Schalke 04,2.29829,0.252122,1,0
2021-04-20,Bayern Munich,Bayer Leverkusen,1.89266,0.540312,2,0
2021-04-20,Eintracht Frankfurt,Augsburg,1.16892,1.41189,2,0
2021-04-20,FC Cologne,RasenBallsport Leipzig,0.594852,2.01175,2,1
2021-04-21,Borussia Dortmund,Union Berlin,6.37227,0.274853,2,0
2021-04-21,Hoffenheim,Borussia M.Gladbach,2.31017,0.8843,3,2
2021-04-21,VfB Stuttgart,Wolfsburg,1.77065,1.70299,1,3
2021-04-21,Werder Bremen,Mainz 05,0.8847,1.38294,0,1
2021-04-23,Augsburg,FC Cologne,1.84086,1.82475,2,3
2021-04-24,Bayer Leverkusen,Eintracht Frankfurt,2.08585,1.83222,3,1
2021-04-24,Freiburg,Hoffenheim,1.31762,1.55721,1,1
2021-04-24,Mainz 05,Bayern Munich,1.1149,1.16918,2,1
2021-04-24,Union Berlin,Werder Bremen,1.69915,0.44826,3,1
2021-04-24,Wolfsburg,Borussia Dortmund,1.36199,1.04957,0,2
2021-04-25,Borussia M.Gladbach,Arminia Bielefeld,3.75166,0.594905,5,0
2021-04-25,RasenBallsport Leipzig,VfB Stuttgart,3.71376,0.128485,2,0
2021-05-03,Mainz 05,Hertha Berlin,2.8172,1.54384,1,1
2021-05-06,Hertha Berlin,Freiburg,2.03873,0.850618,3,0
2021-05-07,VfB Stuttgart,Augsburg,1.62191,2.11055,2,1
2021-05-08,Bayern Munich,Borussia M.Gladbach,3.02349,0.806609,6,0
2021-05-08,Borussia Dortmund,RasenBallsport Leipzig,2.00128,1.50553,3,2
2021-05-08,Hoffenheim,Schalke 04,1.53696,0.816991,4,2
2021-05-08,Werder Bremen,Bayer Leverkusen,0.552662,1.05171,0,0
2021-05-08,Wolfsburg,Union Berlin,1.94262,0.577025,3,0
2021-05-09,Eintracht Frankfurt,Mainz 05,0.691369,0.52553,1,1
2021-05-09,FC Cologne,Freiburg,1.72084,2.49672,1,4
2021-05-09,Hertha Berlin,Arminia Bielefeld,0.757903,0.501126,0,0
2021-05-12,Schalke 04,Hertha Berlin,1.07359,1.48104,1,2
2021-05-15,Arminia Bielefeld,Hoffenheim,1.65894,1.57706,1,1
2021-05-15,Augsburg,Werder Bremen,1.70665,0.602641,2,0
2021-05-15,Bayer Leverkusen,Union Berlin,1.56402,1.53974,1,1
2021-05-15,Borussia M.Gladbach,VfB Stuttgart,0.491123,0.532199,1,2
2021-05-15,Freiburg,Bayern Munich,0.964354,2.49234,2,2
2021-05-15,Hertha Berlin,FC Cologne,0.0752744,1.65371,0,0
2021-05-15,Schalke 04,Eintracht Frankfurt,2.69368,3.0473,4,3
2021-05-16,Mainz 05,Borussia Dortmund,1.38457,2.12969,1,3
2021-05-16,RasenBallsport Leipzig,Wolfsburg,1.9175,1.07835,2,2
2021-05-22,Bayern Munich,Augsburg,4.85963,1.73838,5,2
2021-05-22,Borussia Dortmund,Bayer Leverkusen,1.62981,1.56956,3,1
2021-05-22,Eintracht Frankfurt,Freiburg,2.30602,0.525229,3,1
2021-05-22,FC Cologne,Schalke 04,1.98992,0.337227,1,0
2021-05-22,Hoffenheim,Hertha Berlin,1.90885,1.60949,2,1
2021-05-22,Union Berlin,RasenBallsport Leipzig,1.05622,2.4444,2,1
2021-05-22,VfB Stuttgart,Arminia Bielefeld,0.844397,1.52995,0,2
2021-05-22,Werder Bremen,Borussia M.Gladbach,1.88004,1.99606,2,4
2021-05-22,Wolfsburg,Mainz 05,1.30713,1.57286,2,3
2021-08-13,Borussia M.Gladbach,Bayern Munich,1.98777,2.91794,1,1
2021-08-14,Arminia Bielefeld,Freiburg,0.575032,1.63663,0,0
2021-08-14,Augsburg,Hoffenheim,0.734658,3.44423,0,4
2021-08-14,Borussia Dortmund,Eintracht Frankfurt,2.83799,1.36709,5,2
2021-08-14,Union Berlin,Bayer Leverkusen,0.443841,0.7943,1,1
2021-08-14,VfB Stuttgart,Greuther Fuerth,4.25968,1.31466,5,1
2021-08-14,Wolfsburg,Bochum,2.78774,0.297792,1,0
2021-08-15,FC Cologne,Hertha Berlin,1.62567,2.1078,3,1
2021-08-15,Mainz 05,RasenBallsport Leipzig,1.27109,0.841814,1,0
2021-08-20,RasenBallsport Leipzig,VfB Stuttgart,2.86627,0.958579,4,0
2021-08-21,Bayer Leverkusen,Borussia M.Gladbach,1.94592,1.66054,4,0
2021-08-21,Bochum,Mainz 05,1.05301,0.817413,2,0
2021-08-21,Eintracht Frankfurt,Augsburg,1.3297,0.16593,0,0
2021-08-21,Freiburg,Borussia Dortmund,1.58418,1.49634,2,1
2021-08-21,Greuther Fuerth,Arminia Bielefeld,2.57735,0.763691,1,1
2021-08-21,Hertha Berlin,Wolfsburg,1.17401,0.558009,1,2
2021-08-22,Bayern Munich,FC Cologne,3.08002,0.957893,3,2
2021-08-22,Hoffenheim,Union Berlin,0.967015,2.35122,2,2
2021-08-27,Borussia Dortmund,Hoffenheim,3.40779,2.42487,3,2
2021-08-28,Arminia Bielefeld,Eintracht Frankfurt,0.626534,1.78556,1,1
2021-08-28,Augsburg,Bayer Leverkusen,1.6937,2.1207,1,4
2021-08-28,Bayern Munich,Hertha Berlin,4.25513,0.575566,5,0
2021-08-28,FC Cologne,Bochum,2.91135,0.721445,2,1
2021-08-28,Mainz 05,Greuther Fuerth,2.79493,0.304223,3,0
2021-08-28,VfB Stuttgart,Freiburg,2.28063,1.36171,2,3
2021-08-29,Union Berlin,Borussia M.Gladbach,1.56256,1.52841,2,1
2021-08-29,Wolfsburg,RasenBallsport Leipzig,1.11229,1.43914,1,0
2021-09-11,Bayer Leverkusen,Borussia Dortmund,0.471066,2.2922,3,4
2021-09-11,Freiburg,FC Cologne,0.871642,1.50213,1,1
2021-09-11,Greuther Fuerth,Wolfsburg,0.392561,1.44282,0,2
2021-09-11,Hoffenheim,Mainz 05,0.509713,0.933476,0,2
2021-09-11,RasenBallsport Leipzig,Bayern Munich,0.347898,4.30091,1,4
2021-09-11,Union Berlin,Augsburg,1.71533,0.831722,0,0
2021-09-12,Bochum,Hertha Berlin,1.02687,0.605231,1,3
2021-09-12,Borussia M.Gladbach,Arminia Bielefeld,2.12932,1.53189,3,1
2021-09-12,Eintracht Frankfurt,VfB Stuttgart,1.46763,1.2361,1,1
2021-09-17,Hertha Berlin,Greuther Fuerth,1.59085,1.55279,2,1
2021-09-18,Arminia Bielefeld,Hoffenheim,1.00534,1.54136,0,0
2021-09-18,Augsburg,Borussia M.Gladbach,0.494801,0.74574,1,0
2021-09-18,Bayern Munich,Bochum,6.88189,1.23312,7,0
2021-09-18,FC Cologne,RasenBallsport Leipzig,1.68932,2.03702,1,1
2021-09-18,Mainz 05,Freiburg,1.26167,0.364252,0,0
2021-09-19,Borussia Dortmund,Union Berlin,1.09855,1.7321,4,2
2021-09-19,VfB Stuttgart,Bayer Leverkusen,1.41677,1.59332,1,3
2021-09-19,Wolfsburg,Eintracht Frankfurt,1.84989,0.280625,1,1
2021-09-24,Greuther Fuerth,Bayern Munich,0.655908,0.677915,1,3
2021-09-25,Bayer Leverkusen,Mainz 05,1.45034,0.930118,1,0
2021-09-25,Borussia M.Gladbach,Borussia Dortmund,1.65529,0.568652,1,0
2021-09-25,Eintracht Frankfurt,FC Cologne,0.950916,1.10981,1,1
2021-09-25,Hoffenheim,Wolfsburg,1.78602,0.504541,3,1
2021-09-25,RasenBallsport Leipzig,Hertha Berlin,4.25065,0.341267,6,0
2021-09-25,Union Berlin,Arminia Bielefeld,1.25321,0.435528,1,0
2021-09-26,Bochum,VfB Stuttgart,0.925854,0.29441,0,0
2021-09-26,Freiburg,Augsburg,3.97075,0.191653,3,0
2021-10-01,FC Cologne,Greuther Fuerth,2.8694,0.984368,3,1
2021-10-02,Borussia Dortmund,Augsburg,2.72281,0.746485,2,1
2021-10-02,Hertha Berlin,Freiburg,0.913547,0.861008,1,2
2021-10-02,RasenBallsport Leipzig,Bochum,2.46461,1.51583,3,0
2021-10-02,VfB Stuttgart,Hoffenheim,0.76705,0.978235,3,1
2021-10-02,Wolfsburg,Borussia M.Gladbach,1.22196,3.51831,1,3
2021-10-03,Arminia Bielefeld,Bayer Leverkusen,0.447571,2.96917,0,4
2021-10-03,Bayern Munich,Eintracht Frankfurt,2.18047,0.389616,1,2
2021-10-03,Mainz 05,Union Berlin,1.25545,1.1103,1,2
2021-10-15,Hoffenheim,FC Cologne,4.18974,0.484187,5,0
2021-10-16,Borussia Dortmund,Mainz 05,2.3618,0.610876,3,1
2021-10-16,Borussia M.Gladbach,VfB Stuttgart,2.28296,0.292328,1,1
2021-10-16,Eintracht Frankfurt,Hertha Berlin,1.70283,2.56404,1,2
2021-10-16,Freiburg,RasenBallsport Leipzig,1.63966,1.65528,1,1
2021-10-16,Greuther Fuerth,Bochum,0.69855,1.72207,0,1
2021-10-16,Union Berlin,Wolfsburg,1.32884,1.28381,2,0
2021-10-17,Augsburg,Arminia Bielefeld,0.913256,0.285865,1,1
2021-10-17,Bayer Leverkusen,Bayern Munich,0.729378,3.44913,1,5
2021-10-22,Mainz 05,Augsburg,4.13366,0.664542,4,1
2021-10-23,Arminia Bielefeld,Borussia Dortmund,1.40239,2.58993,1,3
2021-10-23,Bayern Munich,Hoffenheim,3.31148,0.446465,4,0
2021-10-23,Hertha Berlin,Borussia M.Gladbach,1.47383,0.47063,1,0
2021-10-23,RasenBallsport Leipzig,Greuther Fuerth,2.30304,1.94277,4,1
2021-10-23,Wolfsburg,Freiburg,1.72591,2.17659,0,2
2021-10-24,Bochum,Eintracht Frankfurt,2.78664,1.51826,2,0
2021-10-24,FC Cologne,Bayer Leverkusen,1.71198,1.79735,2,2
2021-10-24,VfB Stuttgart,Union Berlin,0.426401,1.01643,1,1
2021-10-29,Hoffenheim,Hertha Berlin,0.860088,0.471538,2,0
2021-10-30,Arminia Bielefeld,Mainz 05,0.497896,2.97383,1,2
2021-10-30,Bayer Leverkusen,Wolfsburg,1.30903,1.8693,0,2
2021-10-30,Borussia Dortmund,FC Cologne,1.75772,1.20191,2,0
2021-10-30,Eintracht Frankfurt,RasenBallsport Leipzig,0.594345,3.99211,1,1
2021-10-30,Freiburg,Greuther Fuerth,1.2181,0.48039,3,1
2021-10-30,Union Berlin,Bayern Munich,0.744794,3.14739,2,5
2021-10-31,Augsburg,VfB Stuttgart,2.59567,0.90948,4,1
2021-10-31,Borussia M.Gladbach,Bochum,1.81742,1.07958,2,1
2021-11-05,Mainz 05,Borussia M.Gladbach,0.94947,1.50835,1,1
2021-11-06,Bayern Munich,Freiburg,3.16849,0.910798,2,1
2021-11-06,Bochum,Hoffenheim,2.12433,0.641687,2,0
2021-11-06,RasenBallsport Leipzig,Borussia Dortmund,2.48845,0.734721,2,1
2021-11-06,VfB Stuttgart,Arminia Bielefeld,1.11192,1.55125,0,1
2021-11-06,Wolfsburg,Augsburg,0.910085,0.867311,1,0
2021-11-07,FC Cologne,Union Berlin,1.93335,1.1297,2,2
2021-11-07,Greuther Fuerth,Eintracht Frankfurt,2.4344,1.26639,1,2
2021-11-07,Hertha Berlin,Bayer Leverkusen,0.903476,0.774023,1,1
2021-11-19,Augsburg,Bayern Munich,0.614461,1.24258,2,1
2021-11-20,Arminia Bielefeld,Wolfsburg,1.40579,1.35662,2,2
2021-11-20,Bayer Leverkusen,Bochum,1.62637,0.708697,1,0
2021-11-20,Borussia Dortmund,VfB Stuttgart,1.99186,1.54108,2,1
2021-11-20,Borussia M.Gladbach,Greuther Fuerth,2.47443,0.307559,4,0
2021-11-20,Hoffenheim,RasenBallsport Leipzig,2.88876,0.211083,2,0
2021-11-20,Union Berlin,Hertha Berlin,1.89108,0.211495,2,0
2021-11-21,Freiburg,Eintracht Frankfurt,1.5667,1.24268,0,2
2021-11-21,Mainz 05,FC Cologne,0.941346,1.75564,1,1
2021-11-26,VfB Stuttgart,Mainz 05,0.276918,1.17743,2,1
2021-11-27,Bayern Munich,Arminia Bielefeld,2.67728,0.385377,1,0
2021-11-27,Bochum,Freiburg,0.955994,2.12135,2,1
2021-11-27,FC Cologne,Borussia M.Gladbach,1.48695,1.30291,4,1
2021-11-27,Greuther Fuerth,Hoffenheim,1.36493,3.01705,3,6
2021-11-27,Hertha Berlin,Augsburg,1.92656,1.61295,1,1
2021-11-27,Wolfsburg,Borussia Dortmund,2.17146,2.35127,1,3
2021-11-28,Eintracht Frankfurt,Union Berlin,1.69692,1.07386,2,1
2021-11-28,RasenBallsport Leipzig,Bayer Leverkusen,1.43225,1.23553,1,3
2021-12-03,Union Berlin,RasenBallsport Leipzig,3.76492,1.14392,2,1
2021-12-04,Arminia Bielefeld,FC Cologne,1.01727,1.18693,1,1
2021-12-04,Augsburg,Bochum,2.86606,2.04524,2,3
2021-12-04,Bayer Leverkusen,Greuther Fuerth,2.4319,0.279746,7,1
2021-12-04,Borussia Dortmund,Bayern Munich,1.43058,2.42143,2,3
2021-12-04,Hoffenheim,Eintracht Frankfurt,0.924975,1.57864,3,2
2021-12-04,Mainz 05,Wolfsburg,1.41164,0.760457,3,0
2021-12-05,Borussia M.Gladbach,Freiburg,1.07562,2.70796,0,6
2021-12-05,VfB Stuttgart,Hertha Berlin,0.921944,1.25849,2,2
2021-12-10,FC Cologne,Augsburg,1.15891,1.17632,0,2
2021-12-11,Bayern Munich,Mainz 05,1.78613,0.872668,2,1
2021-12-11,Bochum,Borussia Dortmund,0.966453,2.68284,1,1
2021-12-11,Freiburg,Hoffenheim,2.25197,1.5054,1,2
2021-12-11,Hertha Berlin,Arminia Bielefeld,2.23797,0.454841,2,0
2021-12-11,RasenBallsport Leipzig,Borussia M.Gladbach,4.80258,0.84748,4,1
2021-12-11,Wolfsburg,VfB Stuttgart,1.46986,1.53296,0,2
2021-12-12,Eintracht Frankfurt,Bayer Leverkusen,1.44415,1.60141,5,2
2021-12-12,Greuther Fuerth,Union Berlin,0.680225,1.83652,1,0
2021-12-14,Arminia Bielefeld,Bochum,0.642785,0.748012,2,0
2021-12-14,Mainz 05,Hertha Berlin,3.10591,0.393369,4,0
2021-12-14,VfB Stuttgart,Bayern Munich,1.04709,4.98146,0,5
2021-12-14,Wolfsburg,FC Cologne,2.42693,3.14693,2,3
2021-12-15,Augsburg,RasenBallsport Leipzig,1.56744,3.08255,1,1
2021-12-15,Bayer Leverkusen,Hoffenheim,2.42553,1.68115,2,2
2021-12-15,Borussia Dortmund,Greuther Fuerth,1.91572,0.379024,3,0
2021-12-15,Borussia M.Gladbach,Eintracht Frankfurt,2.22983,2.50286,2,3
2021-12-15,Union Berlin,Freiburg,2.25007,1.22466,0,0
2021-12-17,Bayern Munich,Wolfsburg,4.31291,1.41635,4,0
2021-12-18,Bochum,Union Berlin,1.04215,0.999651,0,1
2021-12-18,Eintracht Frankfurt,Mainz 05,1.52805,0.832437,1,0
2021-12-18,Greuther Fuerth,Augsburg,0.0901985,1.48497,0,0
2021-12-18,Hertha Berlin,Borussia Dortmund,1.61634,1.57262,3,2
2021-12-18,Hoffenheim,Borussia M.Gladbach,2.24422,1.62486,1,1
2021-12-18,RasenBallsport Leipzig,Arminia Bielefeld,1.64503,1.33454,0,2
2021-12-19,FC Cologne,VfB Stuttgart,1.35819,0.333564,1,0
2021-12-19,Freiburg,Bayer Leverkusen,2.07857,0.818605,2,1
2022-01-07,Bayern Munich,Borussia M.Gladbach,1.35599,1.51069,1,2
2022-01-08,Bayer Leverkusen,Union Berlin,2.20526,3.04208,2,2
2022-01-08,Eintracht Frankfurt,Borussia Dortmund,1.77844,2.38227,2,3
2022-01-08,Freiburg,Arminia Bielefeld,2.20416,1.1145,2,2
2022-01-08,Greuther Fuerth,VfB Stuttgart,1.12386,1.62697,0,0
2022-01-08,Hoffenheim,Augsburg,2.76228,0.749744,3,1
2022-01-08,RasenBallsport Leipzig,Mainz 05,3.55391,0.319779,4,1
2022-01-09,Bochum,Wolfsburg,1.57295,0.400404,1,0
2022-01-09,Hertha Berlin,FC Cologne,0.791753,2.46989,1,3
2022-01-14,Borussia Dortmund,Freiburg,2.42754,1.04847,5,1
2022-01-15,Borussia M.Gladbach,Bayer Leverkusen,1.44472,6.49734,1,2
2022-01-15,FC Cologne,Bayern Munich,1.0312,3.87329,0,4
2022-01-15,Mainz 05,Bochum,1.60302,1.32639,1,0
2022-01-15,Union Berlin,Hoffenheim,1.76684,0.61487,2,1
2022-01-15,VfB Stuttgart,RasenBallsport Leipzig,1.18793,1.601,0,2
2022-01-15,Wolfsburg,Hertha Berlin,1.80168,0.313936,0,0
2022-01-16,Arminia Bielefeld,Greuther Fuerth,0.534681,0.55128,2,2
2022-01-16,Augsburg,Eintracht Frankfurt,0.834967,2.14731,1,1
2022-01-21,Eintracht Frankfurt,Arminia Bielefeld,1.44952,1.56136,0,2
2022-01-22,Bayer Leverkusen,Augsburg,3.51884,1.21255,5,1
2022-01-22,Bochum,FC Cologne,1.77931,1.5434,2,2
2022-01-22,Borussia M.Gladbach,Union Berlin,1.29912,1.30514,1,2
2022-01-22,Freiburg,VfB Stuttgart,1.58203,0.221777,2,0
2022-01-22,Greuther Fuerth,Mainz 05,1.29371,1.40771,2,1
2022-01-22,Hoffenheim,Borussia Dortmund,1.16246,1.3361,2,3
2022-01-23,Hertha Berlin,Bayern Munich,0.847937,5.18503,1,4
2022-01-23,RasenBallsport Leipzig,Wolfsburg,1.69425,0.871043,2,0
2022-02-04,Hertha Berlin,Bochum,0.444153,0.993261,1,1
2022-02-05,Arminia Bielefeld,Borussia M.Gladbach,0.5965,1.4844,1,1
2022-02-05,Augsburg,Union Berlin,1.83212,2.09718,2,0
2022-02-05,Bayern Munich,RasenBallsport Leipzig,3.0334,2.65667,3,2
2022-02-05,FC Cologne,Freiburg,1.09604,0.683704,1,0
2022-02-05,Mainz 05,Hoffenheim,1.77868,1.31773,2,0
2022-02-05,VfB Stuttgart,Eintracht Frankfurt,2.12047,0.842047,2,3
2022-02-06,Borussia Dortmund,Bayer Leverkusen,1.60338,1.81345,2,5
2022-02-06,Wolfsburg,Greuther Fuerth,2.0638,1.10423,4,1
2022-02-11,RasenBallsport Leipzig,FC Cologne,0.850488,0.794743,3,1
2022-02-12,Bayer Leverkusen,VfB Stuttgart,2.41919,1.17227,4,2
2022-02-12,Bochum,Bayern Munich,1.34846,1.87083,4,2
2022-02-12,Borussia M.Gladbach,Augsburg,3.03062,1.62757,3,2
2022-02-12,Eintracht Frankfurt,Wolfsburg,0.879318,1.61974,0,2
2022-02-12,Freiburg,Mainz 05,1.69097,3.15753,1,1
2022-02-12,Greuther Fuerth,Hertha Berlin,2.69634,1.84512,2,1
2022-02-13,Hoffenheim,Arminia Bielefeld,4.16571,0.652006,2,0
2022-02-13,Union Berlin,Borussia Dortmund,1.47085,2.59623,0,3
2022-02-18,Mainz 05,Bayer Leverkusen,1.00622,0.827749,3,2
2022-02-19,Arminia Bielefeld,Union Berlin,1.41442,0.771488,1,0
2022-02-19,Augsburg,Freiburg,0.951389,2.56075,1,2
2022-02-19,FC Cologne,Eintracht Frankfurt,1.43278,0.678832,1,0
2022-02-19,VfB Stuttgart,Bochum,1.37485,1.93431,1,1
2022-02-19,Wolfsburg,Hoffenheim,1.50299,1.07132,1,2
2022-02-20,Bayern Munich,Greuther Fuerth,2.52333,0.66071,4,1
2022-02-20,Borussia Dortmund,Borussia M.Gladbach,3.59589,0.769068,6,0
2022-02-20,Hertha Berlin,RasenBallsport Leipzig,1.0916,3.42076,1,6
2022-02-25,Hoffenheim,VfB Stuttgart,2.65346,1.83937,2,1
2022-02-26,Bayer Leverkusen,Arminia Bielefeld,3.05247,0.307307,3,0
2022-02-26,Borussia M.Gladbach,Wolfsburg,2.7626,1.26995,2,2
2022-02-26,Eintracht Frankfurt,Bayern Munich,1.1892,2.60814,0,1
2022-02-26,Freiburg,Hertha Berlin,3.66711,1.54627,3,0
2022-02-26,Greuther Fuerth,FC Cologne,0.640559,0.569519,1,1
2022-02-26,Union Berlin,Mainz 05,0.883998,0.75947,3,1
2022-02-27,Augsburg,Borussia Dortmund,0.856029,0.640799,1,1
2022-02-27,Bochum,RasenBallsport Leipzig,0.998771,0.61309,0,1
2022-03-04,Arminia Bielefeld,Augsburg,0.14375,0.308406,0,1
2022-03-05,Bayern Munich,Bayer Leverkusen,1.6659,2.26407,1,1
2022-03-05,Bochum,Greuther Fuerth,1.6566,0.579266,2,1
2022-03-05,Hertha Berlin,Eintracht Frankfurt,0.483243,1.37042,1,4
2022-03-05,RasenBallsport Leipzig,Freiburg,0.753651,0.484924,1,1
2022-03-05,VfB Stuttgart,Borussia M.Gladbach,2.36751,1.20797,3,2
2022-03-05,Wolfsburg,Union Berlin,0.411697,1.55639,1,0
2022-03-06,FC Cologne,Hoffenheim,1.22016,2.87337,0,1
2022-03-12,Borussia M.Gladbach,Hertha Berlin,1.75587,0.443109,2,0
2022-03-12,Freiburg,Wolfsburg,1.54229,0.908576,3,2
2022-03-12,Hoffenheim,Bayern Munich,2.02668,3.98532,1,1
2022-03-12,Union Berlin,VfB Stuttgart,1.89937,1.73181,1,1
2022-03-13,Bayer Leverkusen,FC Cologne,2.40118,0.59749,0,1
2022-03-13,Borussia Dortmund,Arminia Bielefeld,2.06968,0.691049,1,0
2022-03-13,Eintracht Frankfurt,Bochum,1.55276,1.20928,2,1
2022-03-13,Greuther Fuerth,RasenBallsport Leipzig,0.377793,2.14171,1,6
2022-03-16,Mainz 05,Borussia Dortmund,0.782406,1.39041,0,1
2022-03-18,Bochum,Borussia M.Gladbach,1.65633,0.616407,0,2
2022-03-19,Bayern Munich,Union Berlin,2.82028,1.38973,4,0
2022-03-19,Greuther Fuerth,Freiburg,0.781339,1.05712,0,0
2022-03-19,Hertha Berlin,Hoffenheim,1.76348,0.576415,3,0
2022-03-19,Mainz 05,Arminia Bielefeld,4.32637,0.236164,4,0
2022-03-19,VfB Stuttgart,Augsburg,2.18312,0.770891,3,2
2022-03-20,FC Cologne,Borussia Dortmund,1.265,1.0401,1,1
2022-03-20,RasenBallsport Leipzig,Eintracht Frankfurt,1.05989,0.258751,0,0
2022-03-20,Wolfsburg,Bayer Leverkusen,1.31797,1.43941,0,2
2022-04-01,Union Berlin,FC Cologne,1.0725,0.220646,1,0
2022-04-02,Arminia Bielefeld,VfB Stuttgart,1.01032,2.73417,1,1
2022-04-02,Bayer Leverkusen,Hertha Berlin,1.78741,0.872251,2,1
2022-04-02,Borussia Dortmund,RasenBallsport Leipzig,0.969967,1.23272,1,4
2022-04-02,Eintracht Frankfurt,Greuther Fuerth,1.31928,0.466385,0,0
2022-04-02,Freiburg,Bayern Munich,0.754263,3.15613,1,4
2022-04-02,Hoffenheim,Bochum,1.9687,1.70208,1,2
2022-04-03,Augsburg,Wolfsburg,2.52845,1.18916,3,0
2022-04-03,Borussia M.Gladbach,Mainz 05,1.55193,1.78,1,1
2022-04-06,Augsburg,Mainz 05,1.92513,1.84563,2,1
2022-04-08,VfB Stuttgart,Borussia Dortmund,2.03163,1.49649,0,2
2022-04-09,Bayern Munich,Augsburg,1.43145,0.277271,1,0
2022-04-09,FC Cologne,Mainz 05,1.90576,0.926438,3,2
2022-04-09,Greuther Fuerth,Borussia M.Gladbach,0.651835,3.48459,0,2
2022-04-09,Hertha Berlin,Union Berlin,0.85457,1.85412,1,4
2022-04-09,Wolfsburg,Arminia Bielefeld,1.99101,0.476945,4,0
2022-04-10,Bochum,Bayer Leverkusen,1.05181,1.21928,0,0
2022-04-10,Eintracht Frankfurt,Freiburg,1.09915,1.46109,1,2
2022-04-10,RasenBallsport Leipzig,Hoffenheim,1.61141,0.171037,3,0
2022-04-16,Augsburg,Hertha Berlin,0.777494,1.6343,0,1
2022-04-16,Borussia Dortmund,Wolfsburg,3.31511,1.96018,6,1
2022-04-16,Borussia M.Gladbach,FC Cologne,1.19803,3.01287,1,3
2022-04-16,Freiburg,Bochum,2.45736,0.427462,3,0
2022-04-16,Mainz 05,VfB Stuttgart,0.723024,0.633775,0,0
2022-04-17,Arminia Bielefeld,Bayern Munich,0.463135,3.49911,0,3
2022-04-17,Bayer Leverkusen,RasenBallsport Leipzig,0.728724,0.507455,0,1
2022-04-17,Hoffenheim,Greuther Fuerth,0.973602,0.284206,0,0
2022-04-17,Union Berlin,Eintracht Frankfurt,1.3196,0.513925,2,0
2022-04-22,Wolfsburg,Mainz 05,3.6526,0.613976,5,0
2022-04-23,Bayern Munich,Borussia Dortmund,2.0232,1.17213,3,1
2022-04-23,Eintracht Frankfurt,Hoffenheim,1.06541,0.757228,2,2
2022-04-23,FC Cologne,Arminia Bielefeld,1.91505,0.740533,3,1
2022-04-23,Freiburg,Borussia M.Gladbach,2.49907,1.52115,3,3
2022-04-23,Greuther Fuerth,Bayer Leverkusen,1.18317,2.11362,1,4
2022-04-23,RasenBallsport Leipzig,Union Berlin,0.573656,1.93634,1,2
2022-04-24,Bochum,Augsburg,1.18661,1.99486,0,2
2022-04-24,Hertha Berlin,VfB Stuttgart,0.947404,0.451742,2,0
2022-04-29,Union Berlin,Greuther Fuerth,0.857798,0.237425,1,1
2022-04-30,Arminia Bielefeld,Hertha Berlin,0.403104,1.66247,1,1
2022-04-30,Augsburg,FC Cologne,1.73625,3.04059,1,4
2022-04-30,Borussia Dortmund,Bochum,3.34247,1.90488,3,4
2022-04-30,Hoffenheim,Freiburg,2.60025,2.694,3,4
2022-04-30,Mainz 05,Bayern Munich,3.17227,1.23601,3,1
2022-04-30,VfB Stuttgart,Wolfsburg,0.826738,1.16064,1,1
2022-05-02,Bayer Leverkusen,Eintracht Frankfurt,2.17544,0.349041,2,0
2022-05-02,Borussia M.Gladbach,RasenBallsport Leipzig,1.57029,1.22604,3,1
2022-05-06,Bochum,Arminia Bielefeld,2.68894,0.845303,2,1
2022-05-07,FC Cologne,Wolfsburg,0.975489,1.14328,0,1
2022-05-07,Freiburg,Union Berlin,1.64859,2.40109,1,4
2022-05-07,Greuther Fuerth,Borussia Dortmund,1.22647,1.12743,1,3
2022-05-07,Hertha Berlin,Mainz 05,1.11131,0.756414,1,2
2022-05-07,Hoffenheim,Bayer Leverkusen,2.09206,3.9336,2,4
2022-05-08,Bayern Munich,VfB Stuttgart,2.77465,1.95837,2,2
2022-05-08,Eintracht Frankfurt,Borussia M.Gladbach,0.808226,2.02639,1,1
2022-05-08,RasenBallsport Leipzig,Augsburg,3.4379,0.173579,4,0
2022-05-14,Arminia Bielefeld,RasenBallsport Leipzig,1.66972,3.45794,1,1
2022-05-14,Augsburg,Greuther Fuerth,1.17202,0.337532,2,1
2022-05-14,Bayer Leverkusen,Freiburg,1.82142,1.1463,2,1
2022-05-14,Borussia Dortmund,Hertha Berlin,1.32689,0.876533,2,1
2022-05-14,Borussia M.Gladbach,Hoffenheim,3.82831,1.92751,5,1
2022-05-14,Mainz 05,Eintracht Frankfurt,0.850382,1.70213,2,2
2022-05-14,Union Berlin,Bochum,3.37468,0.391265,3,2
2022-05-14,VfB Stuttgart,FC Cologne,3.83676,1.11893,2,1
2022-05-14,Wolfsburg,Bayern Munich,1.14112,2.07091,2,2
2022-08-05,Eintracht Frankfurt,Bayern Munich,0.756176,4.56023,1,6
2022-08-06,Augsburg,Freiburg,0.585905,1.54255,0,4
2022-08-06,Bochum,Mainz 05,0.818183,1.59439,1,2
2022-08-06,Borussia Dortmund,Bayer Leverkusen,2.38349,1.23566,1,0
2022-08-06,Borussia M.Gladbach,Hoffenheim,2.07456,0.119138,3,1
2022-08-06,Union Berlin,Hertha Berlin,1.18263,0.350984,3,1
2022-08-06,Wolfsburg,Werder Bremen,0.954909,1.04228,2,2
2022-08-07,FC Cologne,Schalke 04,4.42242,0.227735,3,1
2022-08-07,VfB Stuttgart,RasenBallsport Leipzig,0.565488,2.13153,1,1
2022-08-12,Freiburg,Borussia Dortmund,1.0831,0.781529,1,3
2022-08-13,Bayer Leverkusen,Augsburg,2.7843,0.749163,1,2
2022-08-13,Hertha Berlin,Eintracht Frankfurt,2.06497,1.20421,1,1
2022-08-13,Hoffenheim,Bochum,2.3761,1.47438,3,2
2022-08-13,RasenBallsport Leipzig,FC Cologne,1.17885,1.51583,2,2
2022-08-13,Schalke 04,Borussia M.Gladbach,1.69324,1.41135,2,2
2022-08-13,Werder Bremen,VfB Stuttgart,0.704357,1.31637,2,2
2022-08-14,Bayern Munich,Wolfsburg,1.4017,0.443318,2,0
2022-08-14,Mainz 05,Union Berlin,0.648549,0.301432,0,0
2022-08-19,Borussia M.Gladbach,Hertha Berlin,2.26575,0.967668,1,0
2022-08-20,Augsburg,Mainz 05,0.306368,2.04608,1,2
2022-08-20,Bayer Leverkusen,Hoffenheim,1.10143,1.30099,0,3
2022-08-20,Borussia Dortmund,Werder Bremen,0.625547,1.20064,2,3
2022-08-20,Union Berlin,RasenBallsport Leipzig,0.642263,0.958767,2,1
2022-08-20,VfB Stuttgart,Freiburg,0.766656,0.903953,0,1
2022-08-20,Wolfsburg,Schalke 04,1.20648,1.03296,0,0
2022-08-21,Bochum,Bayern Munich,0.747624,3.98121,0,7
2022-08-21,Eintracht Frankfurt,FC Cologne,0.54009,0.236472,1,1
2022-08-26,Freiburg,Bochum,4.40931,1.13013,1,0
2022-08-27,Bayern Munich,Borussia M.Gladbach,3.17378,0.548057,1,1
2022-08-27,Hertha Berlin,Borussia Dortmund,0.353045,2.97427,0,1
2022-08-27,Hoffenheim,Augsburg,2.00234,0.458737,1,0
2022-08-27,Mainz 05,Bayer Leverkusen,1.62032,1.40426,0,3
2022-08-27,RasenBallsport Leipzig,Wolfsburg,3.79244,0.520425,2,0
2022-08-27,Schalke 04,Union Berlin,1.86616,1.0651,1,6
2022-08-28,FC Cologne,VfB Stuttgart,0.385951,1.96538,0,0
2022-08-28,Werder Bremen,Eintracht Frankfurt,1.88918,1.87305,3,4
2022-09-02,Borussia Dortmund,Hoffenheim,2.521,0.360446,1,0
2022-09-03,Bayer Leverkusen,Freiburg,1.79727,2.35383,2,3
2022-09-03,Bochum,Werder Bremen,1.22972,1.9903,0,2
2022-09-03,Eintracht Frankfurt,RasenBallsport Leipzig,3.62625,0.220403,4,0
2022-09-03,Union Berlin,Bayern Munich,0.443137,1.38204,1,1
2022-09-03,VfB Stuttgart,Schalke 04,0.706188,2.10477,1,1
2022-09-03,Wolfsburg,FC Cologne,0.96728,3.08366,2,4
2022-09-04,Augsburg,Hertha Berlin,0.311026,2.87153,0,2
2022-09-04,Borussia M.Gladbach,Mainz 05,1.70822,0.630863,0,1
2022-09-09,Werder Bremen,Augsburg,1.83702,1.7824,0,1
2022-09-10,Bayern Munich,VfB Stuttgart,2.2976,1.18754,2,2
2022-09-10,Eintracht Frankfurt,Wolfsburg,0.453438,0.969737,0,1
2022-09-10,Hertha Berlin,Bayer Leverkusen,2.35137,1.76829,2,2
2022-09-10,Hoffenheim,Mainz 05,4.64891,1.08619,4,1
2022-09-10,RasenBallsport Leipzig,Borussia Dortmund,1.70495,0.334567,3,0
2022-09-10,Schalke 04,Bochum,1.4133,1.31293,3,1
2022-09-11,FC Cologne,Union Berlin,0.878517,1.51157,0,1
2022-09-11,Freiburg,Borussia M.Gladbach,0.991055,1.37892,0,0
2022-09-16,Mainz 05,Hertha Berlin,0.38983,0.437555,1,1
2022-09-17,Augsburg,Bayern Munich,2.20918,1.82063,1,0
2022-09-17,Bayer Leverkusen,Werder Bremen,1.82302,2.02218,1,1
2022-09-17,Borussia Dortmund,Schalke 04,2.5349,0.0971459,1,0
2022-09-17,Borussia M.Gladbach,RasenBallsport Leipzig,2.97746,1.25609,3,0
2022-09-17,VfB Stuttgart,Eintracht Frankfurt,0.773751,1.49027,1,3
2022-09-18,Bochum,FC Cologne,0.292667,1.8077,1,1
2022-09-18,Hoffenheim,Freiburg,0.74318,0.6761,0,0
2022-09-18,Union Berlin,Wolfsburg,1.07406,0.218049,2,0
2022-09-30,Bayern Munich,Bayer Leverkusen,2.13413,0.940717,4,0
2022-10-01,Eintracht Frankfurt,Union Berlin,1.18241,0.767128,2,0
2022-10-01,FC Cologne,Borussia Dortmund,2.1489,2.46961,3,2
2022-10-01,Freiburg,Mainz 05,1.97161,1.84485,2,1
2022-10-01,RasenBallsport Leipzig,Bochum,4.21544,0.146803,4,0
2022-10-01,Werder Bremen,Borussia M.Gladbach,3.34501,2.27257,5,1
2022-10-01,Wolfsburg,VfB Stuttgart,1.75417,2.34936,3,2
2022-10-02,Hertha Berlin,Hoffenheim,0.958712,1.60101,1,1
2022-10-02,Schalke 04,Augsburg,2.0592,1.48391,2,3
2022-10-07,Hoffenheim,Werder Bremen,1.30088,1.43801,1,2
2022-10-08,Augsburg,Wolfsburg,2.01628,2.30655,1,1
2022-10-08,Bayer Leverkusen,Schalke 04,2.06947,0.139609,4,0
2022-10-08,Bochum,Eintracht Frankfurt,0.649959,0.78428,3,0
2022-10-08,Borussia Dortmund,Bayern Munich,1.42928,1.22934,2,2
2022-10-08,Mainz 05,RasenBallsport Leipzig,0.649518,1.4696,1,1
2022-10-09,Borussia M.Gladbach,FC Cologne,2.72658,1.45617,5,2
2022-10-09,Hertha Berlin,Freiburg,1.25889,1.75899,2,2
2022-10-09,VfB Stuttgart,Union Berlin,1.09713,0.73441,0,1
2022-10-14,Schalke 04,Hoffenheim,0.697562,3.51699,0,3
2022-10-15,Eintracht Frankfurt,Bayer Leverkusen,4.35761,0.503272,5,1
2022-10-15,RasenBallsport Leipzig,Hertha Berlin,3.30191,2.42152,3,2
2022-10-15,VfB Stuttgart,Bochum,2.40775,1.52762,4,1
2022-10-15,Werder Bremen,Mainz 05,1.20268,1.10835,0,2
2022-10-15,Wolfsburg,Borussia M.Gladbach,1.74427,0.895157,2,2
2022-10-16,Bayern Munich,Freiburg,2.07998,0.328313,5,0
2022-10-16,FC Cologne,Augsburg,1.54576,0.207517,3,2
2022-10-16,Union Berlin,Borussia Dortmund,1.47199,0.797656,2,0
2022-10-21,Mainz 05,FC Cologne,2.21787,0.930558,5,0
2022-10-22,Augsburg,RasenBallsport Leipzig,1.91261,2.38989,3,3
2022-10-22,Bayer Leverkusen,Wolfsburg,2.36747,1.15093,2,2
2022-10-22,Borussia Dortmund,VfB Stuttgart,2.63936,0.989781,5,0
2022-10-22,Borussia M.Gladbach,Eintracht Frankfurt,1.36544,1.80175,1,3
2022-10-22,Freiburg,Werder Bremen,3.33695,0.393506,2,0
2022-10-22,Hoffenheim,Bayern Munich,0.766181,3.12799,0,2
2022-10-23,Bochum,Union Berlin,1.11544,1.00303,2,1
2022-10-23,Hertha Berlin,Schalke 04,1.05778,0.522522,2,1
2022-10-28,Werder Bremen,Hertha Berlin,1.53976,0.572257,1,0
2022-10-29,Bayern Munich,Mainz 05,4.33442,1.78114,6,2
2022-10-29,Eintracht Frankfurt,Borussia Dortmund,1.71027,0.730506,1,2
2022-10-29,RasenBallsport Leipzig,Bayer Leverkusen,1.63234,0.141987,2,0
2022-10-29,VfB Stuttgart,Augsburg,3.12054,0.754506,2,1
2022-10-29,Wolfsburg,Bochum,2.58922,0.444056,4,0
2022-10-30,FC Cologne,Hoffenheim,0.979672,0.778986,1,1
2022-10-30,Schalke 04,Freiburg,0.841369,2.25332,0,2
2022-10-30,Union Berlin,Borussia M.Gladbach,1.28667,1.01241,2,1
2022-11-04,Borussia M.Gladbach,VfB Stuttgart,1.33462,1.46207,3,1
2022-11-05,Augsburg,Eintracht Frankfurt,1.07354,1.31556,1,2
2022-11-05,Borussia Dortmund,Bochum,1.43174,0.496214,3,0
2022-11-05,Hertha Berlin,Bayern Munich,1.09255,2.23326,2,3
2022-11-05,Hoffenheim,RasenBallsport Leipzig,1.16126,1.66347,1,3
2022-11-05,Mainz 05,Wolfsburg,1.24483,0.809102,0,3
2022-11-05,Werder Bremen,Schalke 04,1.33073,1.35128,2,1
2022-11-06,Bayer Leverkusen,Union Berlin,1.7807,0.231839,5,0
2022-11-06,Freiburg,FC Cologne,1.46258,0.995484,2,0
2022-11-08,Bayern Munich,Werder Bremen,5.72728,1.44045,6,1
2022-11-08,Bochum,Borussia M.Gladbach,1.68574,0.766603,2,1
2022-11-08,VfB Stuttgart,Hertha Berlin,2.00216,1.05233,2,1
2022-11-08,Wolfsburg,Borussia Dortmund,2.9101,1.29685,2,0
2022-11-09,Eintracht Frankfurt,Hoffenheim,3.78193,1.52829,4,2
2022-11-09,FC Cologne,Bayer Leverkusen,1.38128,1.04474,1,2
2022-11-09,RasenBallsport Leipzig,Freiburg,3.28873,0.148116,3,1
2022-11-09,Schalke 04,Mainz 05,1.97962,0.60888,1,0
2022-11-09,Union Berlin,Augsburg,1.84012,0.29444,2,2
2022-11-11,Borussia M.Gladbach,Borussia Dortmund,2.64014,3.6823,4,2
2022-11-12,Augsburg,Bochum,2.34583,1.13531,0,1
2022-11-12,Bayer Leverkusen,VfB Stuttgart,1.88305,0.277105,2,0
2022-11-12,Hertha Berlin,FC Cologne,2.13441,1.93705,2,0
2022-11-12,Hoffenheim,Wolfsburg,1.42352,0.94899,1,2
2022-11-12,Schalke 04,Bayern Munich,0.891772,1.65233,0,2
2022-11-12,Werder Bremen,RasenBallsport Leipzig,1.03468,2.1323,1,2
2022-11-13,Freiburg,Union Berlin,2.69015,1.65553,4,1
2022-11-13,Mainz 05,Eintracht Frankfurt,1.78634,1.39797,1,1
2023-01-20,RasenBallsport Leipzig,Bayern Munich,1.03072,0.813529,1,1
2023-01-21,Bochum,Hertha Berlin,1.67446,0.732458,3,1
2023-01-21,Eintracht Frankfurt,Schalke 04,1.68109,2.37825,3,0
2023-01-21,FC Cologne,Werder Bremen,3.1904,0.252782,7,1
2023-01-21,Union Berlin,Hoffenheim,2.48055,0.966541,3,1
2023-01-21,VfB Stuttgart,Mainz 05,1.8803,1.38032,1,1
2023-01-21,Wolfsburg,Freiburg,2.88084,0.808738,6,0
2023-01-22,Borussia Dortmund,Augsburg,3.27016,1.92914,4,3
2023-01-22,Borussia M.Gladbach,Bayer Leverkusen,0.993895,1.68471,2,3
2023-01-24,Bayern Munich,FC Cologne,1.4893,0.782641,1,1
2023-01-24,Hertha Berlin,Wolfsburg,0.572863,2.94882,0,5
2023-01-24,Hoffenheim,VfB Stuttgart,1.82139,0.658333,2,2
2023-01-24,Schalke 04,RasenBallsport Leipzig,0.503614,4.23438,1,6
2023-01-25,Augsburg,Borussia M.Gladbach,0.869679,0.512384,1,0
2023-01-25,Bayer Leverkusen,Bochum,1.8906,0.821758,2,0
2023-01-25,Freiburg,Eintracht Frankfurt,1.78609,0.261869,1,1
2023-01-25,Mainz 05,Borussia Dortmund,0.84968,1.15874,1,2
2023-01-25,Werder Bremen,Union Berlin,0.566574,1.05412,1,2
2023-01-27,RasenBallsport Leipzig,VfB Stuttgart,1.59146,1.86965,2,1
2023-01-28,Bayern Munich,Eintracht Frankfurt,1.38005,0.882875,1,1
2023-01-28,Freiburg,Augsburg,1.92228,2.00438,3,1
2023-01-28,Hertha Berlin,Union Berlin,0.46457,0.884274,0,2
2023-01-28,Hoffenheim,Borussia M.Gladbach,1.96043,1.79941,1,4
2023-01-28,Mainz 05,Bochum,2.86841,0.912111,5,2
2023-01-28,Werder Bremen,Wolfsburg,1.80059,0.696581,2,1
2023-01-29,Bayer Leverkusen,Borussia Dortmund,1.84499,0.977834,0,2
2023-01-29,Schalke 04,FC Cologne,1.11694,0.329216,0,0
2023-02-03,Augsburg,Bayer Leverkusen,0.924397,0.461505,1,0
2023-02-04,Bochum,Hoffenheim,2.74719,0.82308,5,2
2023-02-04,Borussia Dortmund,Freiburg,2.10421,0.243795,5,1
2023-02-04,Borussia M.Gladbach,Schalke 04,1.12913,1.18272,0,0
2023-02-04,Eintracht Frankfurt,Hertha Berlin,2.00234,0.93959,3,0
2023-02-04,FC Cologne,RasenBallsport Leipzig,0.607143,1.00025,0,0
2023-02-04,Union Berlin,Mainz 05,0.978155,1.09283,2,1
2023-02-05,VfB Stuttgart,Werder Bremen,1.48817,0.45062,0,2
2023-02-05,Wolfsburg,Bayern Munich,2.39463,0.568665,2,4
2023-02-10,Schalke 04,Wolfsburg,0.999355,1.39713,0,0
2023-02-11,Bayern Munich,Bochum,4.37602,0.242356,3,0
2023-02-11,Freiburg,VfB Stuttgart,2.21054,1.02739,2,1
2023-02-11,Hoffenheim,Bayer Leverkusen,0.781599,1.47655,1,3
2023-02-11,Mainz 05,Augsburg,4.00745,1.45453,3,1
2023-02-11,RasenBallsport Leipzig,Union Berlin,0.891399,1.04126,1,2
2023-02-11,Werder Bremen,Borussia Dortmund,0.587473,2.66556,0,2
2023-02-12,FC Cologne,Eintracht Frankfurt,1.72186,0.368809,3,0
2023-02-12,Hertha Berlin,Borussia M.Gladbach,2.64788,0.421257,4,1
2023-02-17,Augsburg,Hoffenheim,1.48158,0.446218,1,0
2023-02-18,Bochum,Freiburg,1.40839,2.39926,0,2
2023-02-18,Borussia M.Gladbach,Bayern Munich,2.26574,1.22226,3,2
2023-02-18,Eintracht Frankfurt,Werder Bremen,2.08148,0.150794,2,0
2023-02-18,VfB Stuttgart,FC Cologne,1.69842,0.452073,3,0
2023-02-18,Wolfsburg,RasenBallsport Leipzig,0.26411,3.04805,0,3
2023-02-19,Bayer Leverkusen,Mainz 05,3.01434,2.00397,2,3
2023-02-19,Borussia Dortmund,Hertha Berlin,2.34937,1.41428,4,1
2023-02-19,Union Berlin,Schalke 04,0.827192,0.385916,0,0
2023-02-24,Mainz 05,Borussia M.Gladbach,2.95117,0.718556,4,0
2023-02-25,FC Cologne,Wolfsburg,1.03484,1.00016,0,2
2023-02-25,Hertha Berlin,Augsburg,0.452901,0.405958,2,0
2023-02-25,Hoffenheim,Borussia Dortmund,0.873677,2.75881,0,1
2023-02-25,RasenBallsport Leipzig,Eintracht Frankfurt,1.89992,0.85563,2,1
2023-02-25,Schalke 04,VfB Stuttgart,1.86618,1.66843,2,1
2023-02-25,Werder Bremen,Bochum,1.17524,0.396228,3,0
2023-02-26,Bayern Munich,Union Berlin,3.86403,0.212984,3,0
2023-02-26,Freiburg,Bayer Leverkusen,1.288,2.0609,1,1
2023-03-03,Borussia Dortmund,RasenBallsport Leipzig,1.12897,2.19847,2,1
2023-03-04,Augsburg,Werder Bremen,0.493189,1.68845,2,1
2023-03-04,Bochum,Schalke 04,0.926001,0.873349,0,2
2023-03-04,Borussia M.Gladbach,Freiburg,1.11415,0.286316,0,0
2023-03-04,Mainz 05,Hoffenheim,1.03595,0.616344,1,0
2023-03-04,Union Berlin,FC Cologne,0.456889,0.798698,0,0
2023-03-04,VfB Stuttgart,Bayern Munich,0.596921,2.55612,1,2
2023-03-05,Bayer Leverkusen,Hertha Berlin,2.2646,0.957931,4,1
2023-03-05,Wolfsburg,Eintracht Frankfurt,1.7728,1.18348,2,2
2023-03-10,FC Cologne,Bochum,0.585398,1.73391,0,2
2023-03-11,Bayern Munich,Augsburg,2.49393,2.48124,5,3
2023-03-11,Eintracht Frankfurt,VfB Stuttgart,0.525223,0.434277,1,1
2023-03-11,Hertha Berlin,Mainz 05,1.61723,0.388401,1,1
2023-03-11,RasenBallsport Leipzig,Borussia M.Gladbach,2.26747,1.44596,3,0
2023-03-11,Schalke 04,Borussia Dortmund,1.52455,1.2204,2,2
2023-03-12,Freiburg,Hoffenheim,0.452025,1.16149,2,1
2023-03-12,Werder Bremen,Bayer Leverkusen,1.70833,1.21761,2,3
2023-03-12,Wolfsburg,Union Berlin,1.33065,1.22513,1,1
2023-03-17,Borussia M.Gladbach,Werder Bremen,3.68386,0.764773,2,2
2023-03-18,Augsburg,Schalke 04,0.395653,1.68365,1,1
2023-03-18,Bochum,RasenBallsport Leipzig,1.31052,1.92026,1,0
2023-03-18,Borussia Dortmund,FC Cologne,3.37102,1.46899,6,1
2023-03-18,Hoffenheim,Hertha Berlin,2.61296,0.807728,3,1
2023-03-18,VfB Stuttgart,Wolfsburg,0.471275,0.6744,0,1
2023-03-19,Bayer Leverkusen,Bayern Munich,1.85014,1.10651,2,1
2023-03-19,Mainz 05,Freiburg,1.57837,1.35257,1,1
2023-03-19,Union Berlin,Eintracht Frankfurt,1.23036,2.20535,2,0
2023-03-31,Eintracht Frankfurt,Bochum,3.09855,1.15016,1,1
2023-04-01,Bayern Munich,Borussia Dortmund,3.10094,1.57525,4,2
2023-04-01,Freiburg,Hertha Berlin,0.862445,2.08511,1,1
2023-04-01,RasenBallsport Leipzig,Mainz 05,0.584058,2.54838,0,3
2023-04-01,Schalke 04,Bayer Leverkusen,0.976664,3.28042,0,3
2023-04-01,Union Berlin,VfB Stuttgart,1.70372,2.62164,3,0
2023-04-01,Wolfsburg,Augsburg,3.93815,0.918055,2,2
2023-04-02,FC Cologne,Borussia M.Gladbach,1.05192,0.520471,0,0
2023-04-02,Werder Bremen,Hoffenheim,0.67338,1.63673,1,2
2023-04-08,Augsburg,FC Cologne,0.941865,2.0605,1,3
2023-04-08,Bayer Leverkusen,Eintracht Frankfurt,2.35055,0.7609,3,1
2023-04-08,Borussia Dortmund,Union Berlin,2.5021,0.522776,2,1
2023-04-08,Freiburg,Bayern Munich,1.0909,3.09211,0,1
2023-04-08,Hertha Berlin,RasenBallsport Leipzig,0.503827,2.57231,0,1
2023-04-08,Mainz 05,Werder Bremen,1.98671,1.08214,2,2
2023-04-09,Bochum,VfB Stuttgart,2.22259,2.37385,2,3
2023-04-09,Borussia M.Gladbach,Wolfsburg,1.55684,1.22997,2,0
2023-04-09,Hoffenheim,Schalke 04,2.17705,0.561062,2,0
2023-04-14,Schalke 04,Hertha Berlin,2.09935,1.12148,5,2
2023-04-15,Bayern Munich,Hoffenheim,1.88997,0.27365,1,1
2023-04-15,Eintracht Frankfurt,Borussia M.Gladbach,2.17369,0.640098,1,1
2023-04-15,FC Cologne,Mainz 05,0.937521,0.762976,1,1
2023-04-15,RasenBallsport Leipzig,Augsburg,1.13772,0.864778,3,2
2023-04-15,VfB Stuttgart,Borussia Dortmund,1.34955,1.52309,3,3
2023-04-16,Union Berlin,Bochum,1.05608,1.51987,1,1
2023-04-16,Werder Bremen,Freiburg,1.43107,0.473775,1,2
2023-04-16,Wolfsburg,Bayer Leverkusen,0.616929,0.992006,0,0
2023-04-21,Augsburg,VfB Stuttgart,0.729024,1.17537,1,1
2023-04-22,Bochum,Wolfsburg,2.7745,3.34214,1,5
2023-04-22,Borussia Dortmund,Eintracht Frankfurt,1.43834,0.452485,4,0
2023-04-22,Hertha Berlin,Werder Bremen,1.67149,2.33844,2,4
2023-04-22,Hoffenheim,FC Cologne,0.776652,2.07085,1,3
2023-04-22,Mainz 05,Bayern Munich,1.29569,2.70283,3,1
2023-04-23,Bayer Leverkusen,RasenBallsport Leipzig,1.03404,2.11824,2,0
2023-04-23,Borussia M.Gladbach,Union Berlin,0.40847,1.21726,0,1
2023-04-23,Freiburg,Schalke 04,2.63573,0.388444,4,0
2023-04-28,Bochum,Borussia Dortmund,0.57291,2.93268,1,1
2023-04-29,Eintracht Frankfurt,Augsburg,0.526804,0.461266,1,1
2023-04-29,FC Cologne,Freiburg,1.47854,1.3678,0,1
2023-04-29,RasenBallsport Leipzig,Hoffenheim,1.70758,0.217156,1,0
2023-04-29,Schalke 04,Werder Bremen,1.24953,1.48812,2,1
2023-04-29,Union Berlin,Bayer Leverkusen,0.580861,0.550938,0,0
2023-04-29,VfB Stuttgart,Borussia M.Gladbach,2.73645,1.2489,2,1
2023-04-30,Bayern Munich,Hertha Berlin,2.92722,0.0835934,2,0
2023-04-30,Wolfsburg,Mainz 05,1.44113,1.44665,3,0
2023-05-05,Bayer Leverkusen,FC Cologne,0.724879,1.02795,1,2
2023-05-05,Mainz 05,Schalke 04,0.990997,3.14666,2,3
2023-05-06,Augsburg,Union Berlin,1.00945,0.485635,1,0
2023-05-06,Borussia M.Gladbach,Bochum,2.31852,0.921673,2,0
2023-05-06,Freiburg,RasenBallsport Leipzig,0.150751,1.89448,0,1
2023-05-06,Hertha Berlin,VfB Stuttgart,1.4984,1.08971,2,1
2023-05-06,Hoffenheim,Eintracht Frankfurt,2.13012,2.41375,3,1
2023-05-06,Werder Bremen,Bayern Munich,0.805974,2.02292,1,2
2023-05-07,Borussia Dortmund,Wolfsburg,5.13701,0.946113,6,0
2023-05-12,FC Cologne,Hertha Berlin,4.72652,1.11757,5,2
2023-05-13,Bayern Munich,Schalke 04,5.05599,0.33961,6,0
2023-05-13,Bochum,Augsburg,1.32347,1.32904,3,2
2023-05-13,Borussia Dortmund,Borussia M.Gladbach,6.24513,1.63094,5,2
2023-05-13,Eintracht Frankfurt,Mainz 05,2.03828,0.944589,3,0
2023-05-13,Union Berlin,Freiburg,1.44733,2.08886,4,2
2023-05-13,Wolfsburg,Hoffenheim,0.971216,0.758147,2,1
2023-05-14,RasenBallsport Leipzig,Werder Bremen,1.7972,1.17378,2,1
2023-05-14,VfB Stuttgart,Bayer Leverkusen,1.42711,1.57634,1,1
2023-05-19,Freiburg,Wolfsburg,1.44647,0.658973,2,0
2023-05-20,Bayern Munich,RasenBallsport Leipzig,1.63955,2.63992,1,3
2023-05-20,Hertha Berlin,Bochum,1.36159,1.65012,1,1
2023-05-20,Hoffenheim,Union Berlin,2.49016,1.67535,4,2
2023-05-20,Schalke 04,Eintracht Frankfurt,1.13388,1.36879,2,2
2023-05-20,Werder Bremen,FC Cologne,1.96517,1.85587,1,1
2023-05-21,Augsburg,Borussia Dortmund,0.407359,3.88007,0,3
2023-05-21,Bayer Leverkusen,Borussia M.Gladbach,1.89906,2.06056,2,2
2023-05-21,Mainz 05,VfB Stuttgart,1.41611,1.40314,1,4
2023-05-27,Bochum,Bayer Leverkusen,1.56183,0.863964,3,0
2023-05-27,Borussia Dortmund,Mainz 05,4.09921,1.68097,2,2
2023-05-27,Borussia M.Gladbach,Augsburg,2.98996,0.434493,2,0
2023-05-27,Eintracht Frankfurt,Freiburg,2.04195,1.46472,2,1
2023-05-27,FC Cologne,Bayern Munich,1.15669,1.68032,1,2
2023-05-27,RasenBallsport Leipzig,Schalke 04,2.97191,1.21648,4,2
2023-05-27,Union Berlin,Werder Bremen,0.783196,0.399601,1,0
2023-05-27,VfB Stuttgart,Hoffenheim,2.19198,1.16078,1,1
2023-05-27,Wolfsburg,Hertha Berlin,3.20986,1.44156,1,2
2023-08-18,Werder Bremen,Bayern Munich,0.63974,2.89704,0,4
2023-08-19,Augsburg,Borussia M.Gladbach,2.53482,1.91849,4,4
2023-08-19,Bayer Leverkusen,RasenBallsport Leipzig,1.73279,1.60393,3,2
2023-08-19,Borussia Dortmund,FC Cologne,1.72317,1.51393,1,0
2023-08-19,Hoffenheim,Freiburg,1.67186,3.24821,1,2
2023-08-19,VfB Stuttgart,Bochum,3.98664,0.669108,5,0
2023-08-19,Wolfsburg,FC Heidenheim,3.21449,1.17776,2,0
2023-08-20,Eintracht Frankfurt,Darmstadt,1.2399,0.813333,1,0
2023-08-20,Union Berlin,Mainz 05,2.11281,2.51995,4,1
2023-08-25,RasenBallsport Leipzig,VfB Stuttgart,2.0934,1.18326,5,1
2023-08-26,Bochum,Borussia Dortmund,1.01164,1.17241,1,1
2023-08-26,Borussia M.Gladbach,Bayer Leverkusen,1.76423,3.65301,0,3
2023-08-26,Darmstadt,Union Berlin,2.59994,1.6379,1,4
2023-08-26,FC Cologne,Wolfsburg,0.64301,2.26952,1,2
2023-08-26,FC Heidenheim,Hoffenheim,2.72999,2.75768,2,3
2023-08-26,Freiburg,Werder Bremen,1.71877,0.696983,1,0
2023-08-27,Bayern Munich,Augsburg,2.82296,0.726241,3,1
2023-08-27,Mainz 05,Eintracht Frankfurt,1.44234,1.15731,1,1
2023-09-01,Borussia Dortmund,FC Heidenheim,2.74794,2.09517,2,2
2023-09-02,Augsburg,Bochum,1.88106,1.86494,2,2
2023-09-02,Bayer Leverkusen,Darmstadt,3.42599,0.681851,5,1
2023-09-02,Borussia M.Gladbach,Bayern Munich,0.201237,2.14949,1,2
2023-09-02,Hoffenheim,Wolfsburg,1.78689,1.4154,3,1
2023-09-02,VfB Stuttgart,Freiburg,2.09598,1.50372,5,0
2023-09-02,Werder Bremen,Mainz 05,3.01318,0.65805,4,0
2023-09-03,Eintracht Frankfurt,FC Cologne,1.2824,0.931141,1,1
2023-09-03,Union Berlin,RasenBallsport Leipzig,0.17815,1.21402,0,3
2023-09-15,Bayern Munich,Bayer Leverkusen,2.74374,2.4584,2,2
2023-09-16,Bochum,Eintracht Frankfurt,2.17324,0.737999,1,1
2023-09-16,FC Cologne,Hoffenheim,1.19432,1.06988,1,3
2023-09-16,Freiburg,Borussia Dortmund,1.14667,3.37255,2,4
2023-09-16,Mainz 05,VfB Stuttgart,1.16545,2.06366,1,3
2023-09-16,RasenBallsport Leipzig,Augsburg,1.46279,1.34046,3,0
2023-09-16,Wolfsburg,Union Berlin,0.566932,1.56941,2,1
2023-09-17,Darmstadt,Borussia M.Gladbach,1.328,3.49324,3,3
2023-09-17,FC Heidenheim,Werder Bremen,1.96235,2.55978,4,2
2023-09-22,VfB Stuttgart,Darmstadt,3.04946,0.272376,3,1
2023-09-23,Augsburg,Mainz 05,1.04683,0.487325,2,1
2023-09-23,Bayern Munich,Bochum,6.02607,0.0892044,7,0
2023-09-23,Borussia Dortmund,Wolfsburg,2.16482,0.343309,1,0
2023-09-23,Borussia M.Gladbach,RasenBallsport Leipzig,0.771966,1.03744,0,1
2023-09-23,Union Berlin,Hoffenheim,1.62442,2.15364,0,2
2023-09-23,Werder Bremen,FC Cologne,1.59965,1.98951,2,1
2023-09-24,Bayer Leverkusen,FC Heidenheim,3.97445,0.659741,4,1
2023-09-24,Eintracht Frankfurt,Freiburg,0.754063,0.407479,0,0
2023-09-29,Hoffenheim,Borussia Dortmund,1.85129,1.69401,1,3
2023-09-30,Bochum,Borussia M.Gladbach,1.46515,2.86793,1,3
2023-09-30,FC Cologne,VfB Stuttgart,0.803426,2.06666,0,2
2023-09-30,FC Heidenheim,Union Berlin,0.542933,2.1613,1,0
2023-09-30,Mainz 05,Bayer Leverkusen,0.388975,0.811962,0,3
2023-09-30,RasenBallsport Leipzig,Bayern Munich,0.793383,1.95099,2,2
2023-09-30,Wolfsburg,Eintracht Frankfurt,2.77737,1.09205,2,0
2023-10-01,Darmstadt,Werder Bremen,2.34923,1.54627,4,2
2023-10-01,Freiburg,Augsburg,1.2721,1.00081,2,0
2023-10-06,Borussia M.Gladbach,Mainz 05,3.01512,1.21309,2,2
2023-10-07,Augsburg,Darmstadt,1.18473,1.96153,1,2
2023-10-07,Borussia Dortmund,Union Berlin,1.76935,1.5245,4,2
2023-10-07,RasenBallsport Leipzig,Bochum,2.22631,0.741054,0,0
2023-10-07,VfB Stuttgart,Wolfsburg,3.02575,1.06355,3,1
2023-10-07,Werder Bremen,Hoffenheim,1.03064,1.52805,2,3
2023-10-08,Bayer Leverkusen,FC Cologne,3.72502,1.41915,3,0
2023-10-08,Bayern Munich,Freiburg,2.37438,0.0704987,3,0
2023-10-08,Eintracht Frankfurt,FC Heidenheim,1.83609,0.625618,2,0
2023-10-20,Borussia Dortmund,Werder Bremen,2.7285,0.53973,1,0
2023-10-21,Darmstadt,RasenBallsport Leipzig,1.68331,1.83161,1,3
2023-10-21,Freiburg,Bochum,2.5274,1.37705,2,1
2023-10-21,Hoffenheim,Eintracht Frankfurt,1.13281,2.13235,1,3
2023-10-21,Mainz 05,Bayern Munich,0.975025,1.68693,1,3
2023-10-21,Union Berlin,VfB Stuttgart,0.573025,1.87513,0,3
2023-10-21,Wolfsburg,Bayer Leverkusen,1.3318,2.27695,1,2
2023-10-22,FC Cologne,Borussia M.Gladbach,2.72755,0.407008,3,1
2023-10-22,FC Heidenheim,Augsburg,1.99327,2.82353,2,5
2023-10-27,Bochum,Mainz 05,2.13405,0.443599,2,2
2023-10-28,Augsburg,Wolfsburg,1.59374,1.25516,3,2
2023-10-28,Bayern Munich,Darmstadt,5.884,0.924873,8,0
2023-10-28,Borussia M.Gladbach,FC Heidenheim,0.981009,0.395956,2,1
2023-10-28,RasenBallsport Leipzig,FC Cologne,4.85886,1.32863,6,0
2023-10-28,VfB Stuttgart,Hoffenheim,3.15109,1.74412,2,3
2023-10-28,Werder Bremen,Union Berlin,0.690799,0.368624,2,0
2023-10-29,Bayer Leverkusen,Freiburg,1.60773,1.02333,2,1
2023-10-29,Eintracht Frankfurt,Borussia Dortmund,3.67492,2.41687,3,3
2023-11-03,Darmstadt,Bochum,0.854923,1.56273,1,2
2023-11-04,Borussia Dortmund,Bayern Munich,1.47623,2.86067,0,4
2023-11-04,FC Cologne,Augsburg,2.22618,2.54685,1,1
2023-11-04,Freiburg,Borussia M.Gladbach,3.3903,1.92375,3,3
2023-11-04,Hoffenheim,Bayer Leverkusen,1.27214,1.05046,2,3
2023-11-04,Mainz 05,RasenBallsport Leipzig,1.49686,0.507864,2,0
2023-11-04,Union Berlin,Eintracht Frankfurt,1.066,1.56887,0,3
2023-11-05,FC Heidenheim,VfB Stuttgart,0.78335,2.57296,2,0
2023-11-05,Wolfsburg,Werder Bremen,1.81371,1.40324,2,2
2023-11-10,Borussia M.Gladbach,Wolfsburg,2.094,0.500797,4,0
2023-11-11,Augsburg,Hoffenheim,0.937133,0.897413,1,1
2023-11-11,Bayern Munich,FC Heidenheim,2.60786,1.04526,4,2
2023-11-11,Bochum,FC Cologne,5.05629,1.07591,1,1
2023-11-11,Darmstadt,Mainz 05,0.449952,0.624718,0,0
2023-11-11,VfB Stuttgart,Borussia Dortmund,4.1718,0.7643,2,1
2023-11-12,Bayer Leverkusen,Union Berlin,3.04223,0.0283806,4,0
2023-11-12,RasenBallsport Leipzig,Freiburg,1.90144,0.398988,3,1
2023-11-12,Werder Bremen,Eintracht Frankfurt,1.93909,2.02339,2,2
2023-11-24,FC Cologne,Bayern Munich,0.189125,3.8999,0,1
2023-11-25,Borussia Dortmund,Borussia M.Gladbach,3.36754,0.789918,4,2
2023-11-25,Eintracht Frankfurt,VfB Stuttgart,0.787582,2.29764,1,2
2023-11-25,Freiburg,Darmstadt,1.34505,0.34181,1,1
2023-11-25,Union Berlin,Augsburg,2.40798,1.84043,1,1
2023-11-25,Werder Bremen,Bayer Leverkusen,0.306657,1.7528,0,3
2023-11-25,Wolfsburg,RasenBallsport Leipzig,0.634004,2.90646,2,1
2023-11-26,FC Heidenheim,Bochum,0.748895,0.359399,0,0
2023-11-26,Hoffenheim,Mainz 05,0.7002,1.96701,1,1
2023-12-01,Darmstadt,FC Cologne,0.61755,1.30112,0,1
2023-12-02,Bochum,Wolfsburg,2.07603,1.03452,3,1
2023-12-02,Borussia M.Gladbach,Hoffenheim,1.60234,1.33696,2,1
2023-12-02,RasenBallsport Leipzig,FC Heidenheim,4.71075,1.17851,2,1
2023-12-02,VfB Stuttgart,Werder Bremen,4.01803,0.65905,2,0
2023-12-03,Augsburg,Eintracht Frankfurt,1.95055,0.906933,2,1
2023-12-03,Bayer Leverkusen,Borussia Dortmund,1.96389,1.26088,1,1
2023-12-03,Mainz 05,Freiburg,2.86869,1.34097,0,1
2023-12-08,Hoffenheim,Bochum,2.27533,1.82523,3,1
2023-12-09,Borussia Dortmund,RasenBallsport Leipzig,1.71347,3.63569,2,3
2023-12-09,Eintracht Frankfurt,Bayern Munich,1.84651,2.59277,5,1
2023-12-09,FC Heidenheim,Darmstadt,1.86894,1.00759,3,2
2023-12-09,Union Berlin,Borussia M.Gladbach,2.5675,1.03267,3,1
2023-12-09,Werder Bremen,Augsburg,1.84577,0.627715,2,0
2023-12-09,Wolfsburg,Freiburg,1.32934,0.511263,0,1
2023-12-10,FC Cologne,Mainz 05,0.248621,1.87569,0,0
2023-12-10,VfB Stuttgart,Bayer Leverkusen,2.61136,1.47429,1,1
2023-12-15,Borussia M.Gladbach,Werder Bremen,1.20813,1.64723,2,2
2023-12-16,Augsburg,Borussia Dortmund,1.509,2.02537,1,1
2023-12-16,Bochum,Union Berlin,3.57797,0.670719,3,0
2023-12-16,Darmstadt,Wolfsburg,0.942093,0.587028,0,1
2023-12-16,Mainz 05,FC Heidenheim,1.21178,0.756363,0,1
2023-12-16,RasenBallsport Leipzig,Hoffenheim,2.91669,1.04243,3,1
2023-12-17,Bayer Leverkusen,Eintracht Frankfurt,2.4919,0.205245,3,0
2023-12-17,Bayern Munich,VfB Stuttgart,3.41522,0.309157,3,0
2023-12-17,Freiburg,FC Cologne,3.46957,1.24601,2,0
2023-12-19,Borussia Dortmund,Mainz 05,1.33337,1.06262,1,1
2023-12-19,Hoffenheim,Darmstadt,2.81806,0.952662,3,3
2023-12-19,Werder Bremen,RasenBallsport Leipzig,1.48185,1.99449,1,1
2023-12-20,Bayer Leverkusen,Bochum,3.32375,0.325421,4,0
2023-12-20,Eintracht Frankfurt,Borussia M.Gladbach,1.53912,0.552196,2,1
2023-12-20,FC Heidenheim,Freiburg,1.75628,1.59052,3,2
2023-12-20,Union Berlin,FC Cologne,1.86539,0.897866,2,0
2023-12-20,VfB Stuttgart,Augsburg,2.65007,0.224572,3,0
2023-12-20,Wolfsburg,Bayern Munich,0.313193,3.15053,1,2
2024-01-12,Bayern Munich,Hoffenheim,3.4164,1.61888,3,0
2024-01-13,Augsburg,Bayer Leverkusen,0.445211,2.31757,0,1
2024-01-13,Darmstadt,Borussia Dortmund,0.825788,3.14682,0,3
2024-01-13,FC Cologne,FC Heidenheim,0.641578,1.27869,1,1
2024-01-13,Freiburg,Union Berlin,2.1675,0.424997,0,0
2024-01-13,Mainz 05,Wolfsburg,0.366084,0.419404,1,1
2024-01-13,RasenBallsport Leipzig,Eintracht Frankfurt,2.67312,1.07791,0,1
2024-01-14,Bochum,Werder Bremen,1.24017,0.934194,1,1
2024-01-14,Borussia M.Gladbach,VfB Stuttgart,2.02288,1.24703,3,1
2024-01-20,Bochum,VfB Stuttgart,0.71453,1.99316,1,0
2024-01-20,Darmstadt,Eintracht Frankfurt,1.3877,1.28892,2,2
2024-01-20,FC Cologne,Borussia Dortmund,1.3929,3.48032,0,4
2024-01-20,FC Heidenheim,Wolfsburg,1.19211,1.22104,1,1
2024-01-20,Freiburg,Hoffenheim,2.47971,1.76349,3,2
2024-01-20,RasenBallsport Leipzig,Bayer Leverkusen,1.59453,2.17224,2,3
2024-01-21,Bayern Munich,Werder Bremen,1.54562,0.429252,0,1
2024-01-21,Borussia M.Gladbach,Augsburg,1.87919,1.61193,1,2
2024-01-24,Bayern Munich,Union Berlin,2.172,0.477644,1,0
2024-01-26,Eintracht Frankfurt,Mainz 05,1.13826,0.815239,1,0
2024-01-27,Augsburg,Bayern Munich,2.68517,2.27504,2,3
2024-01-27,Bayer Leverkusen,Borussia M.Gladbach,3.32828,0.278864,0,0
2024-01-27,Hoffenheim,FC Heidenheim,3.23703,1.10065,1,1
2024-01-27,VfB Stuttgart,RasenBallsport Leipzig,3.13056,0.495967,5,2
2024-01-27,Werder Bremen,Freiburg,2.33032,1.33739,3,1
2024-01-27,Wolfsburg,FC Cologne,2.13999,0.365929,1,1
2024-01-28,Borussia Dortmund,Bochum,3.09919,0.388377,3,1
2024-01-28,Union Berlin,Darmstadt,3.54733,1.00135,1,0
2024-02-02,FC Heidenheim,Borussia Dortmund,1.00945,0.8117,0,0
2024-02-03,Bayern Munich,Borussia M.Gladbach,2.58401,0.780069,3,1
2024-02-03,Bochum,Augsburg,1.16731,1.39431,1,1
2024-02-03,Darmstadt,Bayer Leverkusen,0.432778,2.18207,0,2
2024-02-03,FC Cologne,Eintracht Frankfurt,2.09653,1.16049,2,0
2024-02-03,Freiburg,VfB Stuttgart,1.15964,2.73728,1,3
2024-02-03,Mainz 05,Werder Bremen,1.04044,0.395044,0,1
2024-02-04,RasenBallsport Leipzig,Union Berlin,1.7598,0.65912,2,0
2024-02-04,Wolfsburg,Hoffenheim,1.60418,1.93269,2,2
2024-02-07,Mainz 05,Union Berlin,1.37814,1.53583,1,1
2024-02-09,Borussia Dortmund,Freiburg,3.21996,0.230074,3,0
2024-02-10,Augsburg,RasenBallsport Leipzig,0.965916,1.78901,2,2
2024-02-10,Bayer Leverkusen,Bayern Munich,1.22993,0.710198,3,0
2024-02-10,Borussia M.Gladbach,Darmstadt,1.47353,0.817722,0,0
2024-02-10,Eintracht Frankfurt,Bochum,2.44154,1.27691,1,1
2024-02-10,Union Berlin,Wolfsburg,0.575454,1.08099,1,0
2024-02-10,Werder Bremen,FC Heidenheim,1.62589,2.1722,1,2
2024-02-11,Hoffenheim,FC Cologne,0.726907,0.172441,1,1
2024-02-11,VfB Stuttgart,Mainz 05,2.17007,1.61535,3,1
2024-02-16,FC Cologne,Werder Bremen,0.627448,1.35198,0,1
2024-02-17,Darmstadt,VfB Stuttgart,2.66748,1.74454,1,2
2024-02-17,FC Heidenheim,Bayer Leverkusen,0.698981,1.87986,1,2
2024-02-17,Hoffenheim,Union Berlin,1.24508,2.1649,0,1
2024-02-17,Mainz 05,Augsburg,2.62289,0.612185,1,0
2024-02-17,RasenBallsport Leipzig,Borussia M.Gladbach,1.49022,0.944074,2,0
2024-02-17,Wolfsburg,Borussia Dortmund,2.11967,1.21109,1,1
2024-02-18,Bochum,Bayern Munich,2.08495,2.86883,3,2
2024-02-18,Freiburg,Eintracht Frankfurt,2.77236,1.35483,3,3
2024-02-23,Bayer Leverkusen,Mainz 05,1.47222,0.471019,2,1
2024-02-24,Bayern Munich,RasenBallsport Leipzig,1.83179,0.57703,2,1
2024-02-24,Borussia M.Gladbach,Bochum,3.64941,2.13723,5,2
2024-02-24,Union Berlin,FC Heidenheim,1.20933,1.33022,2,2
2024-02-24,VfB Stuttgart,FC Cologne,1.87785,1.43669,1,1
2024-02-24,Werder Bremen,Darmstadt,1.5891,0.890186,1,1
2024-02-25,Augsburg,Freiburg,2.40818,1.42649,2,1
2024-02-25,Borussia Dortmund,Hoffenheim,3.06361,1.31588,2,3
2024-02-25,Eintracht Frankfurt,Wolfsburg,1.53623,1.18165,2,2
2024-03-01,Freiburg,Bayern Munich,1.53977,2.4424,2,2
2024-03-02,Bochum,RasenBallsport Leipzig,0.562887,2.11704,1,4
2024-03-02,Darmstadt,Augsburg,1.113,3.39611,0,6
2024-03-02,FC Heidenheim,Eintracht Frankfurt,0.847831,1.57778,1,2
2024-03-02,Mainz 05,Borussia M.Gladbach,1.08864,1.55082,1,1
2024-03-02,Union Berlin,Borussia Dortmund,0.999042,1.63921,0,2
2024-03-02,Wolfsburg,VfB Stuttgart,0.964288,1.04058,2,3
2024-03-03,FC Cologne,Bayer Leverkusen,1.29405,1.63841,0,2
2024-03-03,Hoffenheim,Werder Bremen,2.06582,1.34942,2,1
2024-03-08,VfB Stuttgart,Union Berlin,1.30933,0.839212,2,0
2024-03-09,Augsburg,FC Heidenheim,0.740927,0.267511,1,0
2024-03-09,Bayern Munich,Mainz 05,6.78137,1.07439,8,1
2024-03-09,Borussia M.Gladbach,FC Cologne,2.54696,0.924707,3,3
2024-03-09,RasenBallsport Leipzig,Darmstadt,4.25377,0.394275,2,0
2024-03-09,Werder Bremen,Borussia Dortmund,1.34789,1.23563,1,2
2024-03-10,Bayer Leverkusen,Wolfsburg,2.09982,0.354851,2,0
2024-03-10,Bochum,Freiburg,1.28237,1.43573,1,2
2024-03-10,Eintracht Frankfurt,Hoffenheim,3.53168,0.695868,3,1
2024-03-15,FC Cologne,RasenBallsport Leipzig,1.18251,3.92775,1,5
2024-03-16,Darmstadt,Bayern Munich,1.2476,5.11913,2,5
2024-03-16,FC Heidenheim,Borussia M.Gladbach,1.61096,0.820339,1,1
2024-03-16,Hoffenheim,VfB Stuttgart,0.229186,3.1752,0,3
2024-03-16,Mainz 05,Bochum,2.33802,0.590727,2,0
2024-03-16,Union Berlin,Werder Bremen,1.42836,0.833042,2,1
2024-03-16,Wolfsburg,Augsburg,1.67932,0.971481,1,3
2024-03-17,Borussia Dortmund,Eintracht Frankfurt,2.83411,0.86903,3,1
2024-03-17,Freiburg,Bayer Leverkusen,0.916618,2.50336,2,3
2024-03-30,Bayer Leverkusen,Hoffenheim,3.03672,0.657688,2,1
2024-03-30,Bayern Munich,Borussia Dortmund,1.90876,1.25844,0,2
2024-03-30,Borussia M.Gladbach,Freiburg,1.84419,2.08769,0,3
2024-03-30,Eintracht Frankfurt,Union Berlin,1.3089,1.07679,0,0
2024-03-30,RasenBallsport Leipzig,Mainz 05,2.91967,1.00565,0,0
2024-03-30,Werder Bremen,Wolfsburg,0.738782,2.44615,0,2
2024-03-31,Augsburg,FC Cologne,2.13131,1.6795,1,1
2024-03-31,Bochum,Darmstadt,2.29251,0.879015,2,2
2024-03-31,VfB Stuttgart,FC Heidenheim,3.0588,1.62523,3,3
2024-04-05,Eintracht Frankfurt,Werder Bremen,2.18898,1.60098,1,1
2024-04-06,Borussia Dortmund,VfB Stuttgart,2.95333,1.82865,0,1
2024-04-06,FC Cologne,Bochum,1.23733,0.777136,2,1
2024-04-06,FC Heidenheim,Bayern Munich,1.35048,2.12066,3,2
2024-04-06,Freiburg,RasenBallsport Leipzig,1.55898,2.88698,1,4
2024-04-06,Mainz 05,Darmstadt,3.84973,0.558152,4,0
2024-04-06,Union Berlin,Bayer Leverkusen,0.269865,2.7617,0,1
2024-04-07,Hoffenheim,Augsburg,2.21977,0.806763,3,1
2024-04-07,Wolfsburg,Borussia M.Gladbach,1.26689,1.38704,1,3
2024-04-12,Augsburg,Union Berlin,1.7073,1.55042,2,0
2024-04-13,Bayern Munich,FC Cologne,2.34705,0.766768,2,0
2024-04-13,Bochum,FC Heidenheim,1.11714,1.40689,1,1
2024-04-13,Borussia M.Gladbach,Borussia Dortmund,1.17228,1.80703,1,2
2024-04-13,Mainz 05,Hoffenheim,2.58388,0.529727,4,1
2024-04-13,RasenBallsport Leipzig,Wolfsburg,1.68139,0.323042,3,0
2024-04-13,VfB Stuttgart,Eintracht Frankfurt,1.26199,0.565621,3,0
2024-04-14,Bayer Leverkusen,Werder Bremen,3.33579,0.885426,5,0
2024-04-14,Darmstadt,Freiburg,0.962275,1.34437,0,1
2024-04-19,Eintracht Frankfurt,Augsburg,1.88744,0.597958,3,1
2024-04-20,FC Cologne,Darmstadt,1.1117,1.95124,0,2
2024-04-20,FC Heidenheim,RasenBallsport Leipzig,1.35248,1.58114,1,2
2024-04-20,Hoffenheim,Borussia M.Gladbach,2.77278,1.36369,4,3
2024-04-20,Union Berlin,Bayern Munich,1.06863,1.92795,1,5
2024-04-20,Wolfsburg,Bochum,1.34814,1.37904,1,0
2024-04-21,Borussia Dortmund,Bayer Leverkusen,0.773997,1.51278,1,1
2024-04-21,Freiburg,Mainz 05,1.25572,1.47938,1,1
2024-04-21,Werder Bremen,VfB Stuttgart,1.40776,3.32355,2,1
2024-04-26,Bochum,Hoffenheim,3.91029,1.28293,3,2
2024-04-27,Augsburg,Werder Bremen,0.54257,2.53138,0,3
2024-04-27,Bayer Leverkusen,VfB Stuttgart,1.66579,2.02009,2,2
2024-04-27,Bayern Munich,Eintracht Frankfurt,3.29649,0.392852,2,1
2024-04-27,Freiburg,Wolfsburg,1.86256,0.583145,1,2
2024-04-27,RasenBallsport Leipzig,Borussia Dortmund,2.74912,1.7764,4,1
2024-04-28,Borussia M.Gladbach,Union Berlin,1.21021,1.11351,0,0
2024-04-28,Darmstadt,FC Heidenheim,0.532047,1.49165,0,1
2024-04-28,Mainz 05,FC Cologne,1.88933,2.85686,1,1
2024-05-03,Hoffenheim,RasenBallsport Leipzig,1.80367,1.03434,1,1
2024-05-04,Borussia Dortmund,Augsburg,3.67101,2.56978,5,1
2024-05-04,FC Cologne,Freiburg,1.08936,1.12733,0,0
2024-05-04,VfB Stuttgart,Bayern Munich,2.0106,1.92761,3,1
2024-05-04,Werder Bremen,Borussia M.Gladbach,1.31618,2.28533,2,2
2024-05-04,Wolfsburg,Darmstadt,3.16035,0.372357,3,0
2024-05-05,Eintracht Frankfurt,Bayer Leverkusen,1.57584,3.11322,1,5
2024-05-05,FC Heidenheim,Mainz 05,1.42565,2.2312,1,1
2024-05-05,Union Berlin,Bochum,1.49561,1.84679,3,4
2024-05-10,Augsburg,VfB Stuttgart,0.562362,1.82603,0,1
2024-05-11,Borussia M.Gladbach,Eintracht Frankfurt,0.323547,2.33139,1,1
2024-05-11,FC Cologne,Union Berlin,3.02417,1.66062,3,2
2024-05-11,Freiburg,FC Heidenheim,1.8695,0.634464,1,1
2024-05-11,Mainz 05,Borussia Dortmund,3.05403,0.398966,3,0
2024-05-11,RasenBallsport Leipzig,Werder Bremen,1.60961,1.0305,1,1
2024-05-12,Bayern Munich,Wolfsburg,0.37152,0.132383,2,0
2024-05-12,Bochum,Bayer Leverkusen,0.221516,4.59495,0,5
2024-05-12,Darmstadt,Hoffenheim,0.467229,3.67135,0,6
2024-05-18,Bayer Leverkusen,Augsburg,2.40225,1.19936,2,1
2024-05-18,Borussia Dortmund,Darmstadt,3.0526,0.281801,4,0
2024-05-18,Eintracht Frankfurt,RasenBallsport Leipzig,2.62491,1.79078,2,2
2024-05-18,FC Heidenheim,FC Cologne,1.46315,2.70114,4,1
2024-05-18,Hoffenheim,Bayern Munich,2.44188,1.69159,4,2
2024-05-18,Union Berlin,Freiburg,2.28943,0.963773,2,1
2024-05-18,VfB Stuttgart,Borussia M.Gladbach,2.1075,1.65395,4,0
2024-05-18,Werder Bremen,Bochum,3.80667,2.14301,4,1
2024-05-18,Wolfsburg,Mainz 05,1.5246,2.37382,1,3
2024-08-23,Borussia M.Gladbach,Bayer Leverkusen,1.51665,3.23588,2,3
2024-08-24,Augsburg,Werder Bremen,1.31571,1.54312,2,2
2024-08-24,Borussia Dortmund,Eintracht Frankfurt,1.9263,1.15188,2,0
2024-08-24,Freiburg,VfB Stuttgart,3.0149,0.374185,3,1
2024-08-24,Hoffenheim,Holstein Kiel,3.73706,1.97238,3,2
2024-08-24,Mainz 05,Union Berlin,1.77023,0.731569,1,1
2024-08-24,RasenBallsport Leipzig,Bochum,0.937134,1.31541,1,0
2024-08-25,St. Pauli,FC Heidenheim,1.1609,1.16833,0,2
2024-08-25,Wolfsburg,Bayern Munich,2.08125,2.17538,2,3
2024-08-30,Union Berlin,St. Pauli,1.0488,0.644857,1,0
2024-08-31,Bayer Leverkusen,RasenBallsport Leipzig,3.42266,1.50532,2,3
2024-08-31,Bochum,Borussia M.Gladbach,0.918629,2.66887,0,2
2024-08-31,Eintracht Frankfurt,Hoffenheim,2.68507,0.832386,3,1
2024-08-31,Holstein Kiel,Wolfsburg,0.89489,1.4619,0,2
2024-08-31,VfB Stuttgart,Mainz 05,4.2134,1.95179,3,3
2024-08-31,Werder Bremen,Borussia Dortmund,0.278533,0.918302,0,0
2024-09-01,Bayern Munich,Freiburg,1.62797,0.970892,2,0
2024-09-01,FC Heidenheim,Augsburg,3.09376,0.641534,4,0
2024-09-13,Borussia Dortmund,FC Heidenheim,2.84066,1.61406,4,2
2024-09-14,Borussia M.Gladbach,VfB Stuttgart,2.05136,2.7214,1,3
2024-09-14,Freiburg,Bochum,3.95617,1.10732,2,1
2024-09-14,Hoffenheim,Bayer Leverkusen,1.06356,3.41829,1,4
2024-09-14,Holstein Kiel,Bayern Munich,0.299776,4.13442,1,6
2024-09-14,RasenBallsport Leipzig,Union Berlin,1.29462,0.859112,0,0
2024-09-14,Wolfsburg,Eintracht Frankfurt,1.23249,2.86858,1,2
2024-09-15,Augsburg,St. Pauli,2.61475,0.49314,3,1
2024-09-15,Mainz 05,Werder Bremen,1.67115,1.8089,1,2
2024-09-20,Augsburg,Mainz 05,2.79562,1.25788,2,3
2024-09-21,Bochum,Holstein Kiel,1.32383,2.26878,2,2
2024-09-21,Eintracht Frankfurt,Borussia M.Gladbach,2.93252,1.19669,2,0
2024-09-21,FC Heidenheim,Freiburg,0.379656,1.23884,0,3
2024-09-21,Union Berlin,Hoffenheim,1.21587,0.378776,2,1
2024-09-21,Werder Bremen,Bayern Munich,0.0,3.34451,0,5
2024-09-22,Bayer Leverkusen,Wolfsburg,1.71874,0.836406,4,3
2024-09-22,St. Pauli,RasenBallsport Leipzig,1.67285,0.841324,0,0
2024-09-22,VfB Stuttgart,Borussia Dortmund,3.56218,0.60692,5,1
2024-09-27,Borussia Dortmund,Bochum,4.1712,1.02915,4,2
2024-09-28,Bayern Munich,Bayer Leverkusen,1.19457,0.0870163,1,1
2024-09-28,Borussia M.Gladbach,Union Berlin,1.38305,0.731164,1,0
2024-09-28,Freiburg,St. Pauli,1.10172,1.40925,0,3
2024-09-28,Mainz 05,FC Heidenheim,0.371434,1.09304,0,2
2024-09-28,RasenBallsport Leipzig,Augsburg,2.81593,1.07415,4,0
2024-09-28,Wolfsburg,VfB Stuttgart,1.0386,2.58036,2,2
2024-09-29,Hoffenheim,Werder Bremen,1.78654,4.06917,3,4
2024-09-29,Holstein Kiel,Eintracht Frankfurt,1.02971,2.43436,2,4
2024-10-04,Augsburg,Borussia M.Gladbach,1.75524,0.807021,2,1
2024-10-05,Bayer Leverkusen,Holstein Kiel,2.5839,1.98438,2,2
2024-10-05,Bochum,Wolfsburg,2.28586,2.37344,1,3
2024-10-05,St. Pauli,Mainz 05,0.805413,1.29606,0,3
2024-10-05,Union Berlin,Borussia Dortmund,1.52691,0.748758,2,1
2024-10-05,Werder Bremen,Freiburg,0.879674,1.58065,0,1
2024-10-06,Eintracht Frankfurt,Bayern Munich,1.49515,2.83119,3,3
2024-10-06,FC Heidenheim,RasenBallsport Leipzig,1.08159,1.81585,0,1
2024-10-06,VfB Stuttgart,Hoffenheim,1.72567,0.893468,1,1
2024-10-18,Borussia Dortmund,St. Pauli,3.97161,1.07012,2,1
2024-10-19,Bayer Leverkusen,Eintracht Frankfurt,4.07146,1.55158,2,1
2024-10-19,Bayern Munich,VfB Stuttgart,3.61889,0.286656,4,0
2024-10-19,Borussia M.Gladbach,FC Heidenheim,4.14976,1.89766,3,2
2024-10-19,Freiburg,Augsburg,1.07588,0.868723,3,1
2024-10-19,Hoffenheim,Bochum,2.46268,2.3454,3,1
2024-10-19,Mainz 05,RasenBallsport Leipzig,0.611288,2.16084,0,2
2024-10-20,Holstein Kiel,Union Berlin,0.901058,1.2809,0,2
2024-10-20,Wolfsburg,Werder Bremen,2.17351,2.14788,2,4
2024-10-25,Mainz 05,Borussia M.Gladbach,1.45557,0.934033,1,1
2024-10-26,Augsburg,Borussia Dortmund,0.560509,0.776944,2,1
2024-10-26,RasenBallsport Leipzig,Freiburg,2.69047,1.75887,3,1
2024-10-26,St. Pauli,Wolfsburg,0.730167,0.940969,0,0
2024-10-26,VfB Stuttgart,Holstein Kiel,1.90999,0.680092,2,1
2024-10-26,Werder Bremen,Bayer Leverkusen,1.78808,1.30852,2,2
2024-10-27,Bochum,Bayern Munich,0.205046,3.1499,0,5
2024-10-27,FC Heidenheim,Hoffenheim,1.57817,0.692793,0,0
2024-10-27,Union Berlin,Eintracht Frankfurt,1.86305,1.54058,1,1
2024-11-01,Bayer Leverkusen,VfB Stuttgart,2.78287,0.223778,0,0
2024-11-02,Bayern Munich,Union Berlin,2.76181,0.4664,3,0
2024-11-02,Borussia Dortmund,RasenBallsport Leipzig,3.30102,0.23928,2,1
2024-11-02,Eintracht Frankfurt,Bochum,3.83028,2.08714,7,2
2024-11-02,Hoffenheim,St. Pauli,0.746379,1.1155,0,2
2024-11-02,Holstein Kiel,FC Heidenheim,2.13316,1.27585,1,0
2024-11-02,Wolfsburg,Augsburg,1.11324,0.499473,1,1
2024-11-03,Borussia M.Gladbach,Werder Bremen,2.95668,1.30211,4,1
2024-11-03,Freiburg,Mainz 05,0.463898,0.903716,0,0
2024-11-08,Union Berlin,Freiburg,0.801684,2.66619,0,0
2024-11-09,Bochum,Bayer Leverkusen,0.777554,1.40554,1,1
2024-11-09,Mainz 05,Borussia Dortmund,3.18749,0.845107,3,1
2024-11-09,RasenBallsport Leipzig,Borussia M.Gladbach,0.849803,1.31521,0,0
2024-11-09,St. Pauli,Bayern Munich,0.0751538,1.67296,0,1
2024-11-09,Werder Bremen,Holstein Kiel,2.26129,0.884231,2,1
2024-11-10,Augsburg,Hoffenheim,0.970329,0.415649,0,0
2024-11-10,FC Heidenheim,Wolfsburg,2.62448,1.55233,1,3
2024-11-10,VfB Stuttgart,Eintracht Frankfurt,2.81862,1.93894,2,3
2024-11-22,Bayern Munich,Augsburg,4.02659,0.149096,3,0
2024-11-23,Bayer Leverkusen,FC Heidenheim,2.02581,1.03141,5,2
2024-11-23,Borussia Dortmund,Freiburg,1.49974,1.1957,4,0
2024-11-23,Eintracht Frankfurt,Werder Bremen,1.47057,0.632819,1,0
2024-11-23,Hoffenheim,RasenBallsport Leipzig,2.60143,1.72976,4,3
2024-11-23,VfB Stuttgart,Bochum,2.05767,0.652259,2,0
2024-11-23,Wolfsburg,Union Berlin,0.742754,0.63337,1,0
2024-11-24,Borussia M.Gladbach,St. Pauli,2.99128,1.15234,2,0
2024-11-24,Holstein Kiel,Mainz 05,0.346026,2.13631,0,3
2024-11-30,Augsburg,Bochum,2.15529,0.250706,1,0
2024-11-30,Borussia Dortmund,Bayern Munich,0.55981,1.83117,1,1
2024-11-30,Freiburg,Borussia M.Gladbach,2.15426,1.27811,3,1
2024-11-30,RasenBallsport Leipzig,Wolfsburg,1.4486,2.69881,1,5
2024-11-30,St. Pauli,Holstein Kiel,1.96179,1.1506,3,1
2024-11-30,Union Berlin,Bayer Leverkusen,1.11328,0.906684,1,2
2024-11-30,Werder Bremen,VfB Stuttgart,2.14949,1.6651,2,2
2024-12-01,FC Heidenheim,Eintracht Frankfurt,0.861094,3.19019,0,4
2024-12-01,Mainz 05,Hoffenheim,2.62793,0.814599,2,0
2024-12-06,VfB Stuttgart,Union Berlin,1.81349,1.86301,3,2
2024-12-07,Bayer Leverkusen,St. Pauli,0.729523,2.18395,2,1
2024-12-07,Bayern Munich,FC Heidenheim,3.08538,1.16879,4,2
2024-12-07,Bochum,Werder Bremen,1.16256,1.20754,0,1
2024-12-07,Borussia M.Gladbach,Borussia Dortmund,1.10194,1.58856,1,1
2024-12-07,Eintracht Frankfurt,Augsburg,1.53465,1.17089,2,2
2024-12-07,Holstein Kiel,RasenBallsport Leipzig,1.14963,1.72704,0,2
2024-12-08,Hoffenheim,Freiburg,1.49449,1.53138,1,1
2024-12-08,Wolfsburg,Mainz 05,1.48692,3.02237,4,3
2024-12-13,Freiburg,Wolfsburg,2.96777,1.85123,3,2
2024-12-14,Augsburg,Bayer Leverkusen,0.43671,1.02095,0,2
2024-12-14,Borussia M.Gladbach,Holstein Kiel,2.33425,0.323948,4,1
2024-12-14,Mainz 05,Bayern Munich,1.64219,0.992002,2,1
2024-12-14,St. Pauli,Werder Bremen,0.515437,0.986101,0,2
2024-12-14,Union Berlin,Bochum,3.0131,1.23723,1,1
2024-12-15,Borussia Dortmund,Hoffenheim,0.433347,1.31436,1,1
2024-12-15,FC Heidenheim,VfB Stuttgart,0.808275,3.46171,1,3
2024-12-15,RasenBallsport Leipzig,Eintracht Frankfurt,2.4958,0.839379,2,1
2024-12-20,Bayern Munich,RasenBallsport Leipzig,4.35715,0.552564,5,1
2024-12-21,Bayer Leverkusen,Freiburg,3.25968,1.34161,5,1
2024-12-21,Eintracht Frankfurt,Mainz 05,2.58915,0.753285,1,3
2024-12-21,Hoffenheim,Borussia M.Gladbach,3.7229,0.490494,1,2
2024-12-21,Holstein Kiel,Augsburg,2.48595,1.13064,5,1
2024-12-21,VfB Stuttgart,St. Pauli,2.41593,2.57781,0,1
2024-12-21,Werder Bremen,Union Berlin,2.73356,1.64107,4,1
2024-12-22,Bochum,FC Heidenheim,1.68369,0.512353,2,0
2024-12-22,Wolfsburg,Borussia Dortmund,1.95337,2.4116,1,3
2025-01-10,Borussia Dortmund,Bayer Leverkusen,1.48663,1.8834,2,3
2025-01-11,Borussia M.Gladbach,Bayern Munich,0.326195,4.47736,0,1
2025-01-11,FC Heidenheim,Union Berlin,1.75563,1.03435,2,0
2025-01-11,Freiburg,Holstein Kiel,0.750017,1.66855,3,2
2025-01-11,Hoffenheim,Wolfsburg,1.18042,1.49127,0,1
2025-01-11,Mainz 05,Bochum,1.7238,0.697735,2,0
2025-01-11,St. Pauli,Eintracht Frankfurt,2.5542,2.23689,0,1
2025-01-12,Augsburg,VfB Stuttgart,0.339144,2.61617,0,1
2025-01-12,RasenBallsport Leipzig,Werder Bremen,2.65039,1.32687,4,2
2025-01-14,Bayer Leverkusen,Mainz 05,1.99412,0.603471,1,0
2025-01-14,Eintracht Frankfurt,Freiburg,2.82238,0.587762,4,1
2025-01-14,Holstein Kiel,Borussia Dortmund,1.95929,1.16391,4,2
2025-01-14,Wolfsburg,Borussia M.Gladbach,3.72762,0.856948,5,1
2025-01-15,Bayern Munich,Hoffenheim,3.80458,0.222965,5,0
2025-01-15,Bochum,St. Pauli,1.8213,1.15308,1,0
2025-01-15,Union Berlin,Augsburg,0.549286,1.41902,0,2
2025-01-15,VfB Stuttgart,RasenBallsport Leipzig,2.42754,0.710278,2,1
2025-01-15,Werder Bremen,FC Heidenheim,1.87497,1.91878,3,3
2025-01-17,Eintracht Frankfurt,Borussia Dortmund,2.05106,0.57641,2,0
2025-01-18,Bayer Leverkusen,Borussia M.Gladbach,2.08382,0.473935,3,1
2025-01-18,Bayern Munich,Wolfsburg,3.23282,0.702414,3,2
2025-01-18,Bochum,RasenBallsport Leipzig,2.75969,2.38567,3,3
2025-01-18,FC Heidenheim,St. Pauli,0.923964,2.23242,0,2
2025-01-18,Holstein Kiel,Hoffenheim,0.908525,0.905544,1,3
2025-01-18,VfB Stuttgart,Freiburg,2.26605,0.187694,4,0
2025-01-19,Union Berlin,Mainz 05,2.44953,1.40424,2,1
2025-01-19,Werder Bremen,Augsburg,1.15183,1.31644,0,2
2025-01-24,Wolfsburg,Holstein Kiel,2.52045,0.265769,2,2
2025-01-25,Augsburg,FC Heidenheim,1.63821,0.94738,2,1
2025-01-25,Borussia Dortmund,Werder Bremen,1.49423,1.11662,2,2
2025-01-25,Borussia M.Gladbach,Bochum,2.93153,0.759449,3,0
2025-01-25,Freiburg,Bayern Munich,0.271308,0.787581,1,2
2025-01-25,Mainz 05,VfB Stuttgart,2.22883,0.917385,2,0
2025-01-25,RasenBallsport Leipzig,Bayer Leverkusen,0.708246,2.57674,2,2
2025-01-26,Hoffenheim,Eintracht Frankfurt,2.32141,2.30325,2,2
2025-01-26,St. Pauli,Union Berlin,1.40358,0.986402,3,0
2025-01-31,Werder Bremen,Mainz 05,2.58542,1.01597,1,0
2025-02-01,Bayern Munich,Holstein Kiel,4.93236,2.05752,4,3
2025-02-01,Bochum,Freiburg,0.843049,3.33243,0,1
2025-02-01,FC Heidenheim,Borussia Dortmund,0.525888,2.68284,1,2
2025-02-01,St. Pauli,Augsburg,0.849878,0.194891,1,1
2025-02-01,Union Berlin,RasenBallsport Leipzig,1.74847,0.237923,0,0
2025-02-01,VfB Stuttgart,Borussia M.Gladbach,0.950734,1.96971,1,2
2025-02-02,Bayer Leverkusen,Hoffenheim,1.35418,1.94944,3,1
2025-02-02,Eintracht Frankfurt,Wolfsburg,1.69604,1.46292,1,1
2025-02-07,Bayern Munich,Werder Bremen,4.47713,0.151051,3,0
2025-02-08,Borussia Dortmund,VfB Stuttgart,1.07063,0.452825,1,2
2025-02-08,Borussia M.Gladbach,Eintracht Frankfurt,0.656491,2.5487,1,1
2025-02-08,Freiburg,FC Heidenheim,1.33195,0.434356,1,0
2025-02-08,Hoffenheim,Union Berlin,0.881646,3.86589,0,4
2025-02-08,Mainz 05,Augsburg,1.99994,0.260742,0,0
2025-02-08,Wolfsburg,Bayer Leverkusen,0.895017,1.66317,0,0
2025-02-09,Holstein Kiel,Bochum,2.0,2.0,2,2
2025-02-09,RasenBallsport Leipzig,St. Pauli,1.89601,0.72321,2,0
2025-02-14,Augsburg,RasenBallsport Leipzig,1.05445,1.6452,0,0
2025-02-15,Bayer Leverkusen,Bayern Munich,2.55729,0.0720406,0,0
2025-02-15,Bochum,Borussia Dortmund,3.3688,2.70519,2,0
2025-02-15,St. Pauli,Freiburg,0.19059,1.25072,0,1
2025-02-15,Union Berlin,Borussia M.Gladbach,1.66824,2.22036,1,2
2025-02-15,VfB Stuttgart,Wolfsburg,1.22466,1.75731,1,2
2025-02-16,Eintracht Frankfurt,Holstein Kiel,3.02527,1.26559,3,1
2025-02-16,FC Heidenheim,Mainz 05,0.545205,1.94932,0,2
2025-02-16,Werder Bremen,Hoffenheim,0.85665,1.91874,1,3
2025-02-21,Freiburg,Werder Bremen,2.66243,1.25462,5,0
2025-02-22,Borussia Dortmund,Union Berlin,5.44112,0.365382,6,0
2025-02-22,Borussia M.Gladbach,Augsburg,0.800003,1.73915,0,3
2025-02-22,Holstein Kiel,Bayer Leverkusen,0.494995,2.55557,0,2
2025-02-22,Mainz 05,St. Pauli,1.35603,0.90068,2,0
2025-02-22,Wolfsburg,Bochum,2.16138,1.46609,1,1
2025-02-23,Bayern Munich,Eintracht Frankfurt,4.48699,0.49278,4,0
2025-02-23,Hoffenheim,VfB Stuttgart,0.705815,3.67099,1,1
2025-02-23,RasenBallsport Leipzig,FC Heidenheim,1.6451,0.834882,2,2
2025-02-28,VfB Stuttgart,Bayern Munich,0.653703,2.29942,1,3
2025-03-01,Bochum,Hoffenheim,1.4452,0.525952,0,1
2025-03-01,Eintracht Frankfurt,Bayer Leverkusen,1.00046,2.37018,1,4
2025-03-01,FC Heidenheim,Borussia M.Gladbach,1.87707,1.7158,0,3
2025-03-01,RasenBallsport Leipzig,Mainz 05,1.78404,1.64735,1,2
2025-03-01,St. Pauli,Borussia Dortmund,0.293506,2.23846,0,2
2025-03-01,Werder Bremen,Wolfsburg,2.10317,1.11674,1,2
2025-03-02,Augsburg,Freiburg,2.222,0.799243,0,0
2025-03-02,Union Berlin,Holstein Kiel,0.886081,0.692509,0,1
2025-03-07,Borussia M.Gladbach,Mainz 05,1.25544,1.98889,1,3
2025-03-08,Bayer Leverkusen,Werder Bremen,1.36325,1.67701,0,2
2025-03-08,Bayern Munich,Bochum,2.72891,1.36274,2,3
2025-03-08,Borussia Dortmund,Augsburg,1.11055,0.250168,0,1
2025-03-08,Freiburg,RasenBallsport Leipzig,0.510953,2.02806,0,0
2025-03-08,Holstein Kiel,VfB Stuttgart,1.97246,1.0726,2,2
2025-03-08,Wolfsburg,St. Pauli,1.96602,1.23696,1,1
2025-03-09,Eintracht Frankfurt,Union Berlin,2.00811,0.725817,1,2
2025-03-09,Hoffenheim,FC Heidenheim,1.78028,2.31324,1,1
2025-03-14,St. Pauli,Hoffenheim,1.43518,0.196271,1,0
2025-03-15,Augsburg,Wolfsburg,0.598968,0.763636,1,0
2025-03-15,Mainz 05,Freiburg,1.33307,2.93264,2,2
2025-03-15,RasenBallsport Leipzig,Borussia Dortmund,2.55875,4.09542,2,0
2025-03-15,Union Berlin,Bayern Munich,0.8044,1.83549,1,1
2025-03-15,Werder Bremen,Borussia M.Gladbach,2.98283,2.32056,2,4
2025-03-16,Bochum,Eintracht Frankfurt,1.88062,3.29403,1,3
2025-03-16,FC Heidenheim,Holstein Kiel,1.6572,1.14988,3,1
2025-03-16,VfB Stuttgart,Bayer Leverkusen,2.85024,2.07439,3,4
2025-03-28,Bayer Leverkusen,Bochum,2.08076,0.702152,3,1
2025-03-29,Bayern Munich,St. Pauli,4.00213,0.841269,3,2
2025-03-29,Borussia M.Gladbach,RasenBallsport Leipzig,1.79539,0.929047,1,0
2025-03-29,Eintracht Frankfurt,VfB Stuttgart,3.69196,0.863163,1,0
2025-03-29,Hoffenheim,Augsburg,1.94509,0.688621,1,1
2025-03-29,Holstein Kiel,Werder Bremen,0.56476,1.48157,0,3
2025-03-29,Wolfsburg,FC Heidenheim,1.23886,1.31407,0,1
2025-03-30,Borussia Dortmund,Mainz 05,2.69722,0.654443,3,1
2025-03-30,Freiburg,Union Berlin,1.01023,1.38632,1,2
2025-04-04,Augsburg,Bayern Munich,0.567653,1.91653,1,3
2025-04-05,Bochum,VfB Stuttgart,0.815791,2.64663,0,4
2025-04-05,FC Heidenheim,Bayer Leverkusen,1.30234,0.367393,0,1
2025-04-05,Freiburg,Borussia Dortmund,2.02793,3.55487,1,4
2025-04-05,Mainz 05,Holstein Kiel,1.65205,1.66267,1,1
2025-04-05,RasenBallsport Leipzig,Hoffenheim,1.40121,1.18624,3,1
2025-04-05,Werder Bremen,Eintracht Frankfurt,1.22711,0.515073,2,0
2025-04-06,St. Pauli,Borussia M.Gladbach,2.19443,0.646648,1,1
2025-04-06,Union Berlin,Wolfsburg,1.55071,1.79618,1,0
2025-04-11,Wolfsburg,RasenBallsport Leipzig,1.84361,1.60065,2,3
2025-04-12,Bayer Leverkusen,Union Berlin,0.495489,0.513825,0,0
2025-04-12,Bayern Munich,Borussia Dortmund,2.94706,1.71681,2,2
2025-04-12,Bochum,Augsburg,1.86097,1.02536,1,2
2025-04-12,Borussia M.Gladbach,Freiburg,0.524784,2.31704,1,2
2025-04-12,Hoffenheim,Mainz 05,1.42393,0.969601,2,0
2025-04-12,Holstein Kiel,St. Pauli,0.692664,1.06614,1,2
2025-04-13,Eintracht Frankfurt,FC Heidenheim,3.64515,1.28841,3,0
2025-04-13,VfB Stuttgart,Werder Bremen,1.75437,1.65438,1,2
2025-04-19,FC Heidenheim,Bayern Munich,0.529774,3.54191,0,4
2025-04-19,Freiburg,Hoffenheim,1.54968,1.94701,3,2
2025-04-19,Mainz 05,Wolfsburg,2.68235,1.80796,2,2
2025-04-19,RasenBallsport Leipzig,Holstein Kiel,2.16761,1.017,1,1
2025-04-19,Union Berlin,VfB Stuttgart,2.16124,1.19,4,4
2025-04-19,Werder Bremen,Bochum,2.70919,0.4947,1,0
2025-04-20,Augsburg,Eintracht Frankfurt,1.14215,1.39546,0,0
2025-04-20,Borussia Dortmund,Borussia M.Gladbach,1.18456,1.2185,3,2
2025-04-20,St. Pauli,Bayer Leverkusen,2.3164,1.13491,1,1
2025-04-25,VfB Stuttgart,FC Heidenheim,1.91698,0.522621,0,1
2025-04-26,Bayer Leverkusen,Augsburg,1.03782,0.640893,2,0
2025-04-26,Bayern Munich,Mainz 05,1.70143,0.923874,3,0
2025-04-26,Eintracht Frankfurt,RasenBallsport Leipzig,2.23942,0.316263,4,0
2025-04-26,Hoffenheim,Borussia Dortmund,1.19025,2.41526,2,3
2025-04-26,Holstein Kiel,Borussia M.Gladbach,3.0385,2.55098,4,3
2025-04-26,Wolfsburg,Freiburg,0.288019,1.95821,0,1
2025-04-27,Bochum,Union Berlin,1.5178,0.498974,1,1
2025-04-27,Werder Bremen,St. Pauli,1.55064,0.830832,0,0
2025-05-02,FC Heidenheim,Bochum,0.463987,1.81311,0,0
2025-05-03,Borussia Dortmund,Wolfsburg,2.54996,1.3634,4,0
2025-05-03,Borussia M.Gladbach,Hoffenheim,1.91833,1.91093,4,4
2025-05-03,RasenBallsport Leipzig,Bayern Munich,1.74905,1.97214,3,3
2025-05-03,St. Pauli,VfB Stuttgart,0.213208,3.56335,0,1
2025-05-03,Union Berlin,Werder Bremen,1.35336,1.35783,2,2
2025-05-04,Augsburg,Holstein Kiel,3.93001,2.10407,1,3
2025-05-04,Freiburg,Bayer Leverkusen,0.904468,0.227838,2,2
2025-05-04,Mainz 05,Eintracht Frankfurt,1.64254,1.3876,1,1
2025-05-09,Wolfsburg,Hoffenheim,1.36763,1.10881,2,2
2025-05-10,Bayern Munich,Borussia M.Gladbach,2.78307,1.35544,2,0
2025-05-10,Bochum,Mainz 05,0.734972,2.48765,1,4
2025-05-10,Holstein Kiel,Freiburg,0.974297,2.01558,1,2
2025-05-10,Union Berlin,FC Heidenheim,0.528885,1.86184,0,3
2025-05-10,Werder Bremen,RasenBallsport Leipzig,3.20616,1.39403,0,0
2025-05-11,Bayer Leverkusen,Borussia Dortmund,1.90473,1.39477,2,4
2025-05-11,Eintracht Frankfurt,St. Pauli,1.82027,0.666882,2,2
2025-05-11,VfB Stuttgart,Augsburg,4.97233,0.381838,4,0
2025-05-17,Augsburg,Union Berlin,1.57932,1.14135,1,2
2025-05-17,Borussia Dortmund,Holstein Kiel,2.56073,0.574499,3,0
2025-05-17,Borussia M.Gladbach,Wolfsburg,0.744546,1.5757,0,1
2025-05-17,FC Heidenheim,Werder Bremen,1.75706,2.20606,1,4
2025-05-17,Freiburg,Eintracht Frankfurt,1.14001,2.61814,1,3
2025-05-17,Hoffenheim,Bayern Munich,0.661398,2.21427,0,4
2025-05-17,Mainz 05,Bayer Leverkusen,2.89903,1.33572,2,2
2025-05-17,RasenBallsport Leipzig,VfB Stuttgart,1.42373,3.34624,2,3
2025-05-17,St. Pauli,Bochum,0.802748,1.34252,0,2
2025-08-22,Bayern Munich,RasenBallsport Leipzig,3.29885,0.52226,6,0
2025-08-23,Bayer Leverkusen,Hoffenheim,1.05253,0.505193,1,2
2025-08-23,Eintracht Frankfurt,Werder Bremen,3.10684,0.587822,4,1
2025-08-23,FC Heidenheim,Wolfsburg,0.783156,2.57718,1,3
2025-08-23,Freiburg,Augsburg,2.27247,1.30191,1,3
2025-08-23,St. Pauli,Borussia Dortmund,1.46772,2.10289,3,3
2025-08-23,Union Berlin,VfB Stuttgart,0.529421,1.80147,2,1
2025-08-24,Borussia M.Gladbach,Hamburger SV,1.01717,0.285593,0,0
2025-08-24,Mainz 05,FC Cologne,1.31655,1.64676,0,1
2025-08-29,Hamburger SV,St. Pauli,0.74111,1.85404,0,2
2025-08-30,Augsburg,Bayern Munich,0.506028,3.37523,2,3
2025-08-30,Hoffenheim,Eintracht Frankfurt,1.28178,1.82087,1,3
2025-08-30,RasenBallsport Leipzig,FC Heidenheim,3.29717,0.969982,2,0
2025-08-30,VfB Stuttgart,Borussia M.Gladbach,0.925105,1.60717,1,0
2025-08-30,Werder Bremen,Bayer Leverkusen,2.32676,2.03733,3,3
2025-08-31,Borussia Dortmund,Union Berlin,1.82606,0.971167,3,0
2025-08-31,FC Cologne,Freiburg,1.84068,0.933072,4,1
2025-08-31,Wolfsburg,Mainz 05,0.616661,1.81482,1,1
2025-09-12,Bayer Leverkusen,Eintracht Frankfurt,2.31465,0.791863,3,1
2025-09-13,Bayern Munich,Hamburger SV,3.03718,0.559174,5,0
2025-09-13,FC Heidenheim,Borussia Dortmund,0.299026,2.84999,0,2
2025-09-13,Freiburg,VfB Stuttgart,1.6832,0.548804,3,1
2025-09-13,Mainz 05,RasenBallsport Leipzig,0.770276,1.5009,0,1
2025-09-13,Union Berlin,Hoffenheim,3.0814,3.34084,2,4
2025-09-13,Wolfsburg,FC Cologne,1.79835,1.72631,3,3
2025-09-14,Borussia M.Gladbach,Werder Bremen,1.58932,2.24671,0,4
2025-09-14,St. Pauli,Augsburg,1.95499,0.934223,2,1
2025-09-19,VfB Stuttgart,St. Pauli,2.78829,1.05657,2,0
2025-09-20,Augsburg,Mainz 05,0.870451,2.57047,1,4
2025-09-20,Hamburger SV,FC Heidenheim,3.32157,2.63607,2,1
2025-09-20,Hoffenheim,Bayern Munich,1.03716,2.7142,1,4
2025-09-20,RasenBallsport Leipzig,FC Cologne,3.79591,1.39264,3,1
2025-09-20,Werder Bremen,Freiburg,1.27257,2.36315,0,3
2025-09-21,Bayer Leverkusen,Borussia M.Gladbach,1.9461,1.29876,1,1
2025-09-21,Borussia Dortmund,Wolfsburg,1.24747,0.975457,1,0
2025-09-21,Eintracht Frankfurt,Union Berlin,1.75582,2.23419,3,4
2025-09-26,Bayern Munich,Werder Bremen,4.31859,0.298618,4,0
2025-09-27,Borussia M.Gladbach,Eintracht Frankfurt,2.12935,3.78879,4,6
2025-09-27,FC Heidenheim,Augsburg,1.79097,0.619833,2,1
2025-09-27,Mainz 05,Borussia Dortmund,0.525149,1.75519,0,2
2025-09-27,St. Pauli,Bayer Leverkusen,0.813325,1.28912,1,2
2025-09-27,Wolfsburg,RasenBallsport Leipzig,2.59654,2.61107,0,1
2025-09-28,FC Cologne,VfB Stuttgart,1.07972,2.20939,1,2
2025-09-28,Freiburg,Hoffenheim,1.2587,2.24224,1,1
2025-09-28,Union Berlin,Hamburger SV,1.54274,1.11274,0,0
2025-10-03,Hoffenheim,FC Cologne,1.42371,1.30873,0,1
2025-10-04,Augsburg,Wolfsburg,1.75326,1.22584,3,1
2025-10-04,Bayer Leverkusen,Union Berlin,3.35673,1.19684,2,0
2025-10-04,Borussia Dortmund,RasenBallsport Leipzig,0.668613,1.14077,1,1
2025-10-04,Eintracht Frankfurt,Bayern Munich,0.560138,2.2301,0,3
2025-10-04,Werder Bremen,St. Pauli,1.77957,0.912425,1,0
2025-10-05,Borussia M.Gladbach,Freiburg,0.471184,0.689073,0,0
2025-10-05,Hamburger SV,Mainz 05,1.65883,0.591161,4,0
2025-10-05,VfB Stuttgart,FC Heidenheim,1.10781,0.290942,1,0
2025-10-17,Union Berlin,Borussia M.Gladbach,1.53032,0.628848,3,1
2025-10-18,Bayern Munich,Borussia Dortmund,2.81994,1.41011,2,1
2025-10-18,FC Cologne,Augsburg,0.523854,1.11917,1,1
2025-10-18,FC Heidenheim,Werder Bremen,3.07635,1.85638,2,2
2025-10-18,Mainz 05,Bayer Leverkusen,1.62978,4.43462,3,4
2025-10-18,RasenBallsport Leipzig,Hamburger SV,1.15611,1.29355,2,1
2025-10-18,Wolfsburg,VfB Stuttgart,0.392885,2.39474,0,3
2025-10-19,Freiburg,Eintracht Frankfurt,1.12896,0.772638,2,2
2025-10-19,St. Pauli,Hoffenheim,0.871968,1.79103,0,3
2025-10-24,Werder Bremen,Union Berlin,1.1444,0.487613,1,0
2025-10-25,Augsburg,RasenBallsport Leipzig,0.639182,2.69438,0,6
2025-10-25,Borussia Dortmund,FC Cologne,2.09125,0.70563,1,0
2025-10-25,Borussia M.Gladbach,Bayern Munich,0.757777,2.65026,0,3
2025-10-25,Eintracht Frankfurt,St. Pauli,2.42632,0.519973,2,0
2025-10-25,Hamburger SV,Wolfsburg,2.40547,0.695528,0,1
2025-10-25,Hoffenheim,FC Heidenheim,2.4278,0.902315,3,1
2025-10-26,Bayer Leverkusen,Freiburg,2.46787,0.542897,2,0
2025-10-26,VfB Stuttgart,Mainz 05,1.66805,1.40956,2,1
2025-10-31,Augsburg,Borussia Dortmund,0.969501,0.588196,0,1
2025-11-01,Bayern Munich,Bayer Leverkusen,2.28295,0.382774,3,0
2025-11-01,FC Heidenheim,Eintracht Frankfurt,0.831882,1.22406,1,1
2025-11-01,Mainz 05,Werder Bremen,1.90161,0.880505,1,1
2025-11-01,RasenBallsport Leipzig,VfB Stuttgart,1.73471,1.0701,3,1
2025-11-01,St. Pauli,Borussia M.Gladbach,0.804394,3.6262,0,4
2025-11-01,Union Berlin,Freiburg,1.34842,1.16519,0,0
2025-11-02,FC Cologne,Hamburger SV,3.87376,1.19296,4,1
2025-11-02,Wolfsburg,Hoffenheim,1.40117,1.74291,2,3
2025-11-07,Werder Bremen,Wolfsburg,1.69456,0.676326,2,1
2025-11-08,Bayer Leverkusen,FC Heidenheim,3.90142,0.063377,6,0
2025-11-08,Borussia M.Gladbach,FC Cologne,2.46206,2.15818,3,1
2025-11-08,Hamburger SV,Borussia Dortmund,0.419878,1.42582,1,1
2025-11-08,Hoffenheim,RasenBallsport Leipzig,1.92349,1.56187,3,1
2025-11-08,Union Berlin,Bayern Munich,1.02778,1.34246,2,2
2025-11-09,Eintracht Frankfurt,Mainz 05,1.77854,0.121469,1,0
2025-11-09,Freiburg,St. Pauli,1.66558,0.640748,2,1
2025-11-09,VfB Stuttgart,Augsburg,2.44526,1.90345,3,2
2025-11-21,Mainz 05,Hoffenheim,2.88712,1.54404,1,1
2025-11-22,Augsburg,Hamburger SV,1.61897,1.555,1,0
2025-11-22,Bayern Munich,Freiburg,3.13858,0.516966,6,2
2025-11-22,Borussia Dortmund,VfB Stuttgart,3.15124,1.80942,3,3
2025-11-22,FC Cologne,Eintracht Frankfurt,1.38923,2.44506,3,4
2025-11-22,FC Heidenheim,Borussia M.Gladbach,0.363207,2.79666,0,3
2025-11-22,Wolfsburg,Bayer Leverkusen,2.07979,1.58644,1,3
2025-11-23,RasenBallsport Leipzig,Werder Bremen,2.42834,0.774872,2,0
2025-11-23,St. Pauli,Union Berlin,0.568717,0.398431,0,1
2025-11-28,Borussia M.Gladbach,RasenBallsport Leipzig,0.388883,1.09232,0,0
2025-11-29,Bayer Leverkusen,Borussia Dortmund,1.08287,1.1562,1,2
2025-11-29,Bayern Munich,St. Pauli,2.53942,0.74073,3,1
2025-11-29,Hoffenheim,Augsburg,1.79612,0.655496,3,0
2025-11-29,Union Berlin,FC Heidenheim,0.942923,0.522102,1,2
2025-11-29,Werder Bremen,FC Cologne,1.53668,1.1848,1,1
2025-11-30,Eintracht Frankfurt,Wolfsburg,1.66051,1.60645,1,1
2025-11-30,Freiburg,Mainz 05,4.15677,0.0500621,4,0
2025-11-30,Hamburger SV,VfB Stuttgart,1.21357,1.10868,2,1
2025-12-05,Mainz 05,Borussia M.Gladbach,1.09331,1.90297,0,1
2025-12-06,Augsburg,Bayer Leverkusen,2.14102,1.41889,2,0
2025-12-06,FC Cologne,St. Pauli,1.90409,0.143945,1,1
2025-12-06,FC Heidenheim,Freiburg,2.66592,0.800321,2,1
2025-12-06,RasenBallsport Leipzig,Eintracht Frankfurt,3.64182,0.473289,6,0
2025-12-06,VfB Stuttgart,Bayern Munich,0.729313,4.07867,0,5
2025-12-06,Wolfsburg,Union Berlin,0.929936,2.01932,3,1
2025-12-07,Borussia Dortmund,Hoffenheim,1.10147,1.42364,2,0
2025-12-07,Hamburger SV,Werder Bremen,1.57713,1.17349,3,2
2025-12-12,Union Berlin,RasenBallsport Leipzig,1.4766,0.495677,3,1
2025-12-13,Bayer Leverkusen,FC Cologne,2.295,0.436565,2,0
2025-12-13,Borussia M.Gladbach,Wolfsburg,0.620418,2.72142,1,3
2025-12-13,Eintracht Frankfurt,Augsburg,1.52024,0.655733,1,0
2025-12-13,Hoffenheim,Hamburger SV,2.48806,1.40522,4,1
2025-12-13,St. Pauli,FC Heidenheim,1.00037,1.8944,2,1
2025-12-14,Bayern Munich,Mainz 05,4.67956,0.803171,2,2
2025-12-14,Freiburg,Borussia Dortmund,1.10621,1.47427,1,1
2025-12-14,Werder Bremen,VfB Stuttgart,0.607898,2.05209,0,4
2025-12-19,Borussia Dortmund,Borussia M.Gladbach,1.65394,0.221237,2,0
2025-12-20,Augsburg,Werder Bremen,1.49411,0.90686,0,0
2025-12-20,FC Cologne,Union Berlin,0.677102,1.4739,0,1
2025-12-20,Hamburger SV,Eintracht Frankfurt,1.09769,1.09137,1,1
2025-12-20,RasenBallsport Leipzig,Bayer Leverkusen,1.93929,2.70478,1,3
2025-12-20,VfB Stuttgart,Hoffenheim,1.46116,0.154175,0,0
2025-12-20,Wolfsburg,Freiburg,1.30583,2.65964,3,4
2025-12-21,FC Heidenheim,Bayern Munich,1.48758,3.36795,0,4
2025-12-21,Mainz 05,St. Pauli,1.87368,0.227249,0,0
2026-01-09,Eintracht Frankfurt,Borussia Dortmund,1.66426,2.29827,3,3
2026-01-10,Bayer Leverkusen,VfB Stuttgart,1.98318,2.68822,1,4
2026-01-10,FC Heidenheim,FC Cologne,2.14635,2.75624,2,2
2026-01-10,Freiburg,Hamburger SV,2.93517,0.850812,2,1
2026-01-10,Union Berlin,Mainz 05,3.6505,1.56492,2,2
2026-01-11,Bayern Munich,Wolfsburg,3.54931,1.08515,8,1
2026-01-11,Borussia M.Gladbach,Augsburg,3.57201,1.57502,4,0
2026-01-13,Borussia Dortmund,Werder Bremen,2.31769,0.39948,3,0
2026-01-13,Mainz 05,FC Heidenheim,1.95686,1.23557,2,1
2026-01-13,VfB Stuttgart,Eintracht Frankfurt,3.54461,0.896468,3,2
2026-01-14,FC Cologne,Bayern Munich,0.714659,2.11635,1,3
2026-01-14,Hoffenheim,Borussia M.Gladbach,4.3777,0.83294,5,1
2026-01-14,RasenBallsport Leipzig,Freiburg,2.80289,0.147682,2,0
2026-01-14,Wolfsburg,St. Pauli,1.78032,1.21171,2,1
2026-01-15,Augsburg,Union Berlin,0.559529,1.73831,1,1
2026-01-16,Werder Bremen,Eintracht Frankfurt,2.10111,1.20772,3,3
2026-01-17,Borussia Dortmund,St. Pauli,2.5477,0.532613,3,2
2026-01-17,FC Cologne,Mainz 05,2.41277,1.91073,2,1
2026-01-17,Hamburger SV,Borussia M.Gladbach,1.26205,0.576522,0,0
2026-01-17,Hoffenheim,Bayer Leverkusen,2.11995,1.27048,1,0
2026-01-17,RasenBallsport Leipzig,Bayern Munich,2.86917,4.65226,1,5
2026-01-17,Wolfsburg,FC Heidenheim,1.07653,0.991172,1,1
2026-01-18,Augsburg,Freiburg,0.986653,1.59107,2,2
2026-01-18,VfB Stuttgart,Union Berlin,2.1978,1.88763,1,1
2026-01-23,St. Pauli,Hamburger SV,0.311991,0.333197,0,0
2026-01-24,Bayer Leverkusen,Werder Bremen,2.51599,0.673986,1,0
2026-01-24,Bayern Munich,Augsburg,2.30773,1.24551,1,2
2026-01-24,Eintracht Frankfurt,Hoffenheim,0.829658,1.62813,1,3
2026-01-24,FC Heidenheim,RasenBallsport Leipzig,0.987658,2.07675,0,3
2026-01-24,Mainz 05,Wolfsburg,4.34199,1.09338,3,1
2026-01-24,Union Berlin,Borussia Dortmund,0.989732,2.27286,0,3
2026-01-25,Borussia M.Gladbach,VfB Stuttgart,1.22197,2.72682,0,3
2026-01-25,Freiburg,FC Cologne,2.56728,1.69119,2,1
2026-01-27,St. Pauli,RasenBallsport Leipzig,1.33165,2.05989,1,1
2026-01-27,Werder Bremen,Hoffenheim,1.42692,0.567567,0,2
2026-01-30,FC Cologne,Wolfsburg,1.43559,1.34631,1,0
2026-01-31,Augsburg,St. Pauli,2.11699,2.88611,2,1
2026-01-31,Eintracht Frankfurt,Bayer Leverkusen,1.31849,1.52952,1,3
2026-01-31,Hamburger SV,Bayern Munich,2.64497,2.28911,2,2
2026-01-31,Hoffenheim,Union Berlin,1.50682,1.23275,3,1
2026-01-31,RasenBallsport Leipzig,Mainz 05,2.09422,2.57678,1,2
2026-01-31,Werder Bremen,Borussia M.Gladbach,0.991152,1.25715,1,1
2026-02-01,Borussia Dortmund,FC Heidenheim,4.13897,3.04324,3,2
2026-02-01,VfB Stuttgart,Freiburg,2.95203,0.936187,1,0
2026-02-06,Union Berlin,Eintracht Frankfurt,1.27118,0.296813,1,1
2026-02-07,Borussia M.Gladbach,Bayer Leverkusen,0.783478,0.741257,1,1
2026-02-07,FC Heidenheim,Hamburger SV,1.04614,1.55106,0,2
2026-02-07,Freiburg,Werder Bremen,0.36452,1.12332,1,0
2026-02-07,Mainz 05,Augsburg,3.00656,1.35939,2,0
2026-02-07,St. Pauli,VfB Stuttgart,1.66217,0.912627,2,1
2026-02-07,Wolfsburg,Borussia Dortmund,2.02751,1.70601,1,2
2026-02-08,Bayern Munich,Hoffenheim,6.37827,2.66829,5,1
2026-02-08,FC Cologne,RasenBallsport Leipzig,1.12167,3.0577,1,2
2026-02-13,Borussia Dortmund,Mainz 05,1.81026,1.67199,4,0
2026-02-14,Bayer Leverkusen,St. Pauli,2.26044,0.654783,4,0
2026-02-14,Eintracht Frankfurt,Borussia M.Gladbach,1.98736,1.03155,3,0
2026-02-14,Hamburger SV,Union Berlin,2.20339,2.18966,3,2
2026-02-14,Hoffenheim,Freiburg,1.90052,0.744054,3,0
2026-02-14,VfB Stuttgart,FC Cologne,2.56266,1.13246,3,1
2026-02-14,Werder Bremen,Bayern Munich,0.77965,1.87713,0,3
2026-02-15,Augsburg,FC Heidenheim,1.87679,0.697774,1,0
2026-02-15,RasenBallsport Leipzig,Wolfsburg,2.51087,0.687761,2,2
2026-02-20,Mainz 05,Hamburger SV,1.75215,0.823398,1,1
2026-02-21,Bayern Munich,Eintracht Frankfurt,2.83518,2.29258,3,2
2026-02-21,FC Cologne,Hoffenheim,1.12252,1.8243,2,2
2026-02-21,RasenBallsport Leipzig,Borussia Dortmund,3.50934,1.35347,2,2
2026-02-21,Union Berlin,Bayer Leverkusen,0.757702,1.20274,1,0
2026-02-21,Wolfsburg,Augsburg,2.17584,1.56427,2,3
2026-02-22,FC Heidenheim,VfB Stuttgart,2.21575,2.27505,3,3
2026-02-22,Freiburg,Borussia M.Gladbach,1.29234,1.02855,2,1
2026-02-22,St. Pauli,Werder Bremen,0.260698,1.61141,2,1
2026-02-27,Augsburg,FC Cologne,1.55844,0.492698,2,0
2026-02-28,Bayer Leverkusen,Mainz 05,1.94817,0.9714,1,1
2026-02-28,Borussia Dortmund,Bayern Munich,1.39761,1.89016,2,3
2026-02-28,Borussia M.Gladbach,Union Berlin,2.56014,0.137598,1,0
2026-02-28,Hoffenheim,St. Pauli,2.57411,0.946504,0,1
2026-02-28,Werder Bremen,FC Heidenheim,3.47889,1.70919,2,0
2026-03-01,Eintracht Frankfurt,Freiburg,1.67095,0.64193,2,0
2026-03-01,Hamburger SV,RasenBallsport Leipzig,0.820585,2.28997,1,2
2026-03-01,VfB Stuttgart,Wolfsburg,2.95189,0.865739,4,0
2026-03-04,Hamburger SV,Bayer Leverkusen,1.28692,2.67874,0,1
2026-03-06,Bayern Munich,Borussia M.Gladbach,3.11976,1.21993,4,1
2026-03-07,FC Cologne,Borussia Dortmund,0.96405,1.9574,1,2
2026-03-07,FC Heidenheim,Hoffenheim,0.966678,2.79383,2,4
2026-03-07,Freiburg,Bayer Leverkusen,2.58409,2.1863,3,3
2026-03-07,Mainz 05,VfB Stuttgart,3.52523,0.920068,2,2
2026-03-07,RasenBallsport Leipzig,Augsburg,2.19435,3.6651,2,1
2026-03-07,Wolfsburg,Hamburger SV,2.46612,1.80445,1,2
2026-03-08,St. Pauli,Eintracht Frankfurt,0.472285,0.451537,0,0
2026-03-08,Union Berlin,Werder Bremen,1.12998,2.23984,1,4
2026-03-13,Borussia M.Gladbach,St. Pauli,1.08342,0.628713,2,0
2026-03-14,Bayer Leverkusen,Bayern Munich,2.65255,1.26817,1,1
2026-03-14,Borussia Dortmund,Augsburg,2.49053,0.755745,2,0
2026-03-14,Eintracht Frankfurt,FC Heidenheim,0.725159,0.136174,1,0
2026-03-14,Hamburger SV,FC Cologne,0.556493,0.984168,1,1
2026-03-14,Hoffenheim,Wolfsburg,2.23813,0.221431,1,1
2026-03-15,Freiburg,Union Berlin,1.34508,1.0006,0,1
2026-03-15,VfB Stuttgart,RasenBallsport Leipzig,1.93167,1.12178,1,0
2026-03-15,Werder Bremen,Mainz 05,0.890006,2.05621,0,2
2026-03-20,RasenBallsport Leipzig,Hoffenheim,2.90699,0.521404,5,0
2026-03-21,Bayern Munich,Union Berlin,5.93389,0.224572,4,0
2026-03-21,Borussia Dortmund,Hamburger SV,6.10187,1.23049,3,2
2026-03-21,FC Cologne,Borussia M.Gladbach,1.29293,1.08153,3,3
2026-03-21,FC Heidenheim,Bayer Leverkusen,1.73738,1.96287,3,3
2026-03-21,Wolfsburg,Werder Bremen,1.05686,0.414924,0,1
2026-03-22,Augsburg,VfB Stuttgart,1.59097,3.87094,2,5
2026-03-22,Mainz 05,Eintracht Frankfurt,1.38387,1.71748,2,1
2026-03-22,St. Pauli,Freiburg,1.39653,2.74421,1,2
2026-04-04,Bayer Leverkusen,Wolfsburg,4.59518,2.54712,6,3
2026-04-04,Borussia M.Gladbach,FC Heidenheim,1.09174,0.883368,2,2
2026-04-04,Freiburg,Bayern Munich,2.04585,2.49116,2,3
2026-04-04,Hamburger SV,Augsburg,1.53108,2.57589,1,1
2026-04-04,Hoffenheim,Mainz 05,1.51732,2.22893,1,2
2026-04-04,VfB Stuttgart,Borussia Dortmund,0.553248,0.76449,0,2
2026-04-04,Werder Bremen,RasenBallsport Leipzig,0.898486,1.61345,1,2
2026-04-05,Eintracht Frankfurt,FC Cologne,2.16998,3.09815,2,2
2026-04-05,Union Berlin,St. Pauli,1.78288,0.325477,1,1
2026-04-10,Augsburg,Hoffenheim,2.67199,1.43152,2,2
2026-04-11,Borussia Dortmund,Bayer Leverkusen,1.01423,0.728586,0,1
2026-04-11,FC Heidenheim,Union Berlin,2.11247,1.11885,3,1
2026-04-11,RasenBallsport Leipzig,Borussia M.Gladbach,2.56843,1.66258,1,0
2026-04-11,St. Pauli,Bayern Munich,0.355983,4.15447,0,5
2026-04-11,Wolfsburg,Eintracht Frankfurt,2.26232,1.38694,1,2
2026-04-12,FC Cologne,Werder Bremen,3.90871,0.870139,3,1
2026-04-12,Mainz 05,Freiburg,0.458085,0.538882,0,1
2026-04-12,VfB Stuttgart,Hamburger SV,3.8645,0.417554,4,0
2026-04-17,St. Pauli,FC Cologne,2.2798,1.26761,1,1
2026-04-18,Bayer Leverkusen,Augsburg,3.73107,1.29743,1,2
2026-04-18,Eintracht Frankfurt,RasenBallsport Leipzig,1.40341,2.02122,1,3
2026-04-18,Hoffenheim,Borussia Dortmund,2.22458,1.28292,2,1
2026-04-18,Union Berlin,Wolfsburg,2.38881,0.23493,1,2
2026-04-18,Werder Bremen,Hamburger SV,1.60257,0.914249,3,1
2026-04-19,Bayern Munich,VfB Stuttgart,5.11014,1.26038,4,2
2026-04-19,Borussia M.Gladbach,Mainz 05,1.11134,2.46195,1,1
2026-04-19,Freiburg,FC Heidenheim,2.13766,1.74426,2,1
2026-04-24,RasenBallsport Leipzig,Union Berlin,4.53545,0.372365,3,1
2026-04-25,Augsburg,Eintracht Frankfurt,2.13872,0.854238,1,1
2026-04-25,FC Cologne,Bayer Leverkusen,3.49945,1.85749,1,2
2026-04-25,FC Heidenheim,St. Pauli,2.17234,1.17753,2,0
2026-04-25,Hamburger SV,Hoffenheim,1.48261,2.42862,1,2
2026-04-25,Mainz 05,Bayern Munich,3.22403,2.36194,3,4
2026-04-25,Wolfsburg,Borussia M.Gladbach,1.61116,0.473153,0,0
2026-04-26,Borussia Dortmund,Freiburg,3.09306,0.496971,4,0
2026-04-26,VfB Stuttgart,Werder Bremen,1.99681,0.958992,1,1
2026-05-02,Bayer Leverkusen,RasenBallsport Leipzig,5.41733,1.49733,4,1
2026-05-02,Bayern Munich,FC Heidenheim,1.87973,2.48197,3,3
2026-05-02,Eintracht Frankfurt,Hamburger SV,0.992322,0.627209,1,2
2026-05-02,Hoffenheim,VfB Stuttgart,2.6399,1.76153,3,3
2026-05-02,Union Berlin,FC Cologne,0.887532,1.6958,2,2
2026-05-02,Werder Bremen,Augsburg,0.814452,3.23625,1,3
2026-05-03,Borussia M.Gladbach,Borussia Dortmund,2.68245,0.4281,1,0
2026-05-03,Freiburg,Wolfsburg,0.947988,1.11086,1,1
2026-05-03,St. Pauli,Mainz 05,1.08664,2.80672,1,2
2026-05-08,Borussia Dortmund,Eintracht Frankfurt,2.94988,0.942523,3,2
2026-05-09,Augsburg,Borussia M.Gladbach,2.80244,1.05493,3,1
2026-05-09,Hoffenheim,Werder Bremen,1.28965,1.45272,1,0
2026-05-09,RasenBallsport Leipzig,St. Pauli,2.32909,0.945954,2,1
2026-05-09,VfB Stuttgart,Bayer Leverkusen,3.42891,0.631905,3,1
2026-05-09,Wolfsburg,Bayern Munich,3.26878,1.9054,0,1
2026-05-10,FC Cologne,FC Heidenheim,1.51486,2.04489,1,3
2026-05-10,Hamburger SV,Freiburg,2.02228,0.583605,3,2
2026-05-10,Mainz 05,Union Berlin,2.09983,2.94155,1,3
2026-05-16,Bayer Leverkusen,Hamburger SV,3.08571,1.63049,1,1
2026-05-16,Bayern Munich,FC Cologne,2.81515,0.880203,5,1
2026-05-16,Borussia M.Gladbach,Hoffenheim,0.845598,1.77286,4,0
2026-05-16,Eintracht Frankfurt,VfB Stuttgart,2.99231,1.81013,2,2
2026-05-16,FC Heidenheim,Mainz 05,3.03813,3.90834,0,2
2026-05-16,Freiburg,RasenBallsport Leipzig,2.54392,1.51341,4,1
2026-05-16,St. Pauli,Wolfsburg,1.98722,4.0649,1,3
2026-05-16,Union Berlin,Augsburg,2.45125,0.506181,4,0
2026-05-16,Werder Bremen,Borussia Dortmund,0.530615,3.37413,0,2
2026-08-28,Bayern Munich,VfB Stuttgart,4.07897,1.24951,5,1
2026-08-29,Borussia Dortmund,Hamburger SV,1.31287,1.10643,2,0
2026-08-29,Elversberg,Bayer Leverkusen,1.40032,2.61527,3,2
2026-08-29,FC Cologne,Hoffenheim,2.31412,1.92317,3,2
2026-08-29,Mainz 05,Paderborn,1.54945,0.691131,0,0
2026-08-29,RasenBallsport Leipzig,Borussia M.Gladbach,3.76496,1.23375,3,0
2026-08-29,Union Berlin,Eintracht Frankfurt,2.28332,2.1189,3,3
2026-08-30,Augsburg,Schalke 04,5.53649,1.83691,3,0
2026-08-30,Freiburg,Werder Bremen,2.38503,0.948636,4,1
2026-09-04,VfB Stuttgart,FC Cologne,3.5224,2.85818,4,1
2026-09-05,Bayer Leverkusen,Union Berlin,3.39215,0.249852,4,0
2026-09-05,Borussia M.Gladbach,Elversberg,2.88776,3.03199,3,4
2026-09-05,Hoffenheim,Borussia Dortmund,2.16627,2.02481,2,3
2026-09-05,Paderborn,Freiburg,0.733133,1.1716,0,1
2026-09-05,Schalke 04,Bayern Munich,0.25073,2.0536,0,0
2026-09-05,Werder Bremen,RasenBallsport Leipzig,0.854137,1.58161,3,1
2026-09-06,Eintracht Frankfurt,Augsburg,2.51037,1.44545,1,4
2026-09-06,Hamburger SV,Mainz 05,0.257239,3.27983,0,5
2026-09-11,Union Berlin,Schalke 04,1.91756,3.21809,1,3
2026-09-12,Augsburg,Bayer Leverkusen,0.842513,1.88606,2,2
2026-09-12,Borussia Dortmund,Paderborn,3.14526,0.311097,3,0
2026-09-12,FC Cologne,Werder Bremen,1.61333,1.18178,1,1
2026-09-12,Freiburg,Borussia M.Gladbach,2.1488,0.268308,5,0
2026-09-12,Hoffenheim,VfB Stuttgart,2.95745,2.66977,2,1
2026-09-12,Mainz 05,Eintracht Frankfurt,2.24195,2.15926,1,3
2026-09-13,Elversberg,Bayern Munich,1.02972,3.06035,1,2
2026-09-13,RasenBallsport Leipzig,Hamburger SV,2.4682,0.508374,5,0
2026-09-18,Bayern Munich,Union Berlin,4.1308,0.471553,7,0
2026-09-19,Borussia M.Gladbach,Mainz 05,3.0902,3.46968,3,4
2026-09-19,Eintracht Frankfurt,Freiburg,2.08323,2.93158,2,2
2026-09-19,Hamburger SV,FC Cologne,2.07655,2.15949,2,1
2026-09-19,VfB Stuttgart,Borussia Dortmund,0.666049,2.11223,0,1
2026-09-19,Werder Bremen,Augsburg,2.30122,0.742238,3,2
2026-09-20,Bayer Leverkusen,RasenBallsport Leipzig,2.54515,0.929998,2,0
2026-09-20,Paderborn,Hoffenheim,1.34065,1.67256,3,1
2026-09-20,Schalke 04,Elversberg,1.26962,0.795372,0,0
2026-10-09,Borussia Dortmund,Werder Bremen,2.61721,0.849269,2,2
