date,home_team,away_team,home_xg,away_xg,home_goals,away_goals,match_id
2020-09-12,FC Twente,Fortuna Sittard,2.08,0.15,2,0,3377418
2020-09-12,PEC Zwolle,Feyenoord,0.85,2.58,0,2,3377417
2020-09-12,SC Heerenveen,Willem II,1.84,0.5,2,0,3377416
2020-09-13,FC Emmen,VVV-Venlo,1.61,4.03,3,5,3377419
2020-09-13,FC Groningen,PSV Eindhoven,1.06,2.65,1,3,3377422
2020-09-13,Heracles,ADO Den Haag,3.56,0.3,2,0,3377420
2020-09-13,RKC Waalwijk,Vitesse,0.23,1.8,0,1,3377423
2020-09-13,Sparta Rotterdam,Ajax,0.56,0.91,0,1,3377421
2020-09-18,VVV-Venlo,FC Utrecht,1.66,2.79,1,1,3377424
2020-09-19,AZ Alkmaar,PEC Zwolle,0.76,0.99,1,1,3377425
2020-09-19,Fortuna Sittard,SC Heerenveen,1.61,2.53,1,3,3377428
2020-09-19,PSV Eindhoven,FC Emmen,2.24,0.3,2,1,3377432
2020-09-19,Vitesse,Sparta Rotterdam,2.68,0.41,2,0,3377426
2020-09-20,ADO Den Haag,FC Groningen,0.41,1.42,0,1,3377429
2020-09-20,Ajax,RKC Waalwijk,3.42,0.3,3,0,3377427
2020-09-20,Feyenoord,FC Twente,3.95,0.52,1,1,3377430
2020-09-20,Willem II,Heracles,2.4,0.35,4,0,3377431
2020-09-25,FC Twente,FC Groningen,1.4,1.2,3,1,3377484
2020-09-26,Ajax,Vitesse,2.16,1.86,2,1,3377488
2020-09-26,Fortuna Sittard,AZ Alkmaar,1.32,1.96,3,3,3377486
2020-09-26,PEC Zwolle,Sparta Rotterdam,2.33,0.86,4,0,3377485
2020-09-26,SC Heerenveen,VVV-Venlo,1.71,0.54,1,0,3377487
2020-09-27,FC Emmen,Willem II,1.4,1.41,1,1,3377492
2020-09-27,FC Utrecht,RKC Waalwijk,2.4,0.6,3,1,3377490
2020-09-27,Feyenoord,ADO Den Haag,2.87,1.86,4,2,3377489
2020-09-27,Heracles,PSV Eindhoven,1.39,1.48,1,1,3377491
2020-10-02,FC Utrecht,SC Heerenveen,3.6,0.67,1,1,3377493
2020-10-03,FC Twente,FC Emmen,1.82,1.14,1,1,3377497
2020-10-03,VVV-Venlo,ADO Den Haag,0.56,1.78,1,2,3377496
2020-10-03,Vitesse,Heracles,1.67,0.55,3,0,3377494
2020-10-04,FC Groningen,Ajax,1.09,1.95,1,0,3377498
2020-10-04,PSV Eindhoven,Fortuna Sittard,1.85,1.06,2,0,3377501
2020-10-04,Sparta Rotterdam,AZ Alkmaar,1.85,3.48,4,4,3377499
2020-10-04,Willem II,Feyenoord,0.7,2.37,1,4,3377500
2020-10-17,AZ Alkmaar,VVV-Venlo,1.51,1.64,2,2,3377505
2020-10-17,Heracles,RKC Waalwijk,1.84,0.26,0,1,3377504
2020-10-17,Willem II,FC Twente,1.8,3.11,0,3,3377503
2020-10-18,ADO Den Haag,Vitesse,1.18,1.41,0,2,3377507
2020-10-18,Ajax,SC Heerenveen,2.9,1.01,5,1,3377502
2020-10-18,FC Emmen,Fortuna Sittard,1.46,1.49,2,2,3377508
2020-10-18,FC Groningen,FC Utrecht,1.04,1.64,0,0,3377509
2020-10-18,Feyenoord,Sparta Rotterdam,1.24,2.15,1,1,3377506
2020-10-18,PEC Zwolle,PSV Eindhoven,2.13,2.5,0,3,3377510
2020-10-21,RKC Waalwijk,PEC Zwolle,1.05,2.6,1,1,3377495
2020-10-24,FC Utrecht,FC Twente,1.36,1.18,2,1,3377512
2020-10-24,PEC Zwolle,Willem II,0.89,1.02,0,0,3377518
2020-10-24,SC Heerenveen,FC Emmen,2.19,0.54,4,0,3377514
2020-10-24,VVV-Venlo,Ajax,0.32,9.28,0,13,3377511
2020-10-25,ADO Den Haag,AZ Alkmaar,0.65,2.31,2,2,3377513
2020-10-25,Fortuna Sittard,FC Groningen,1.4,2.6,1,3,3377516
2020-10-25,RKC Waalwijk,Feyenoord,0.5,1.52,2,2,3377515
2020-10-25,Sparta Rotterdam,Heracles,0.65,1.5,1,1,3377519
2020-10-25,Vitesse,PSV Eindhoven,0.84,0.76,2,1,3377517
2020-10-31,Ajax,Fortuna Sittard,5.64,0.95,5,2,3377520
2020-10-31,FC Groningen,VVV-Venlo,0.91,0.74,2,1,3377521
2020-10-31,FC Twente,PEC Zwolle,1.4,1.25,5,1,3377522
2020-10-31,Willem II,Vitesse,1.05,1.57,1,3,3377528
2020-11-01,AZ Alkmaar,RKC Waalwijk,3.51,0.37,3,0,3377523
2020-11-01,FC Emmen,Feyenoord,1.2,3.07,2,3,3377527
2020-11-01,Heracles,FC Utrecht,2.14,1.79,4,1,3377524
2020-11-01,PSV Eindhoven,ADO Den Haag,3.35,0.42,4,0,3377525
2020-11-01,Sparta Rotterdam,SC Heerenveen,1.52,2.09,1,4,3377526
2020-11-06,Fortuna Sittard,PEC Zwolle,0.68,0.54,2,2,3377529
2020-11-07,ADO Den Haag,FC Twente,0.57,2.33,2,4,3377530
2020-11-07,RKC Waalwijk,Sparta Rotterdam,0.75,1.73,0,2,3377536
2020-11-07,VVV-Venlo,Heracles,3.14,1.23,3,2,3377531
2020-11-08,FC Utrecht,Ajax,0.85,2.86,0,3,3377534
2020-11-08,Feyenoord,FC Groningen,1.9,0.66,2,0,3377537
2020-11-08,PSV Eindhoven,Willem II,2.19,1.01,3,0,3377535
2020-11-08,SC Heerenveen,AZ Alkmaar,0.52,1.96,0,3,3377532
2020-11-08,Vitesse,FC Emmen,1.1,2.48,3,1,3377533
2020-11-21,FC Groningen,Vitesse,0.64,1.56,1,1,3377543
2020-11-21,PEC Zwolle,FC Utrecht,0.81,0.44,1,1,3377541
2020-11-21,Willem II,VVV-Venlo,0.72,1.84,2,1,3377539
2020-11-22,AZ Alkmaar,FC Emmen,3.25,0.35,1,0,3377540
2020-11-22,Ajax,Heracles,2.28,0.44,5,0,3377538
2020-11-22,FC Twente,PSV Eindhoven,1.18,2.9,1,1,3377545
2020-11-22,Fortuna Sittard,Feyenoord,1.06,3.21,1,3,3377544
2020-11-22,RKC Waalwijk,SC Heerenveen,2.45,1.86,1,1,3377546
2020-11-22,Sparta Rotterdam,ADO Den Haag,3.04,0.1,6,0,3377542
2020-11-27,FC Twente,RKC Waalwijk,1.54,1.09,0,2,3377547
2020-11-28,ADO Den Haag,SC Heerenveen,0.7,2.58,1,1,3377548
2020-11-28,FC Emmen,Ajax,0.13,4.39,0,5,3377549
2020-11-28,VVV-Venlo,PEC Zwolle,1.35,2.11,2,2,3377551
2020-11-29,FC Groningen,Willem II,0.77,0.17,1,0,3377553
2020-11-29,Feyenoord,FC Utrecht,0.87,2.0,1,1,3377554
2020-11-29,Heracles,AZ Alkmaar,0.2,2.28,1,2,3377550
2020-11-29,PSV Eindhoven,Sparta Rotterdam,1.24,1.08,1,0,3377555
2020-11-29,Vitesse,Fortuna Sittard,1.6,0.54,2,0,3377552
2020-12-04,Sparta Rotterdam,FC Emmen,0.7,1.12,2,1,3377559
2020-12-05,Ajax,FC Twente,2.21,0.74,1,2,3377560
2020-12-05,Fortuna Sittard,Willem II,1.61,0.49,3,2,3377563
2020-12-05,PEC Zwolle,Vitesse,3.33,1.65,2,1,3377556
2020-12-05,RKC Waalwijk,VVV-Venlo,2.7,1.33,3,2,3377557
2020-12-06,AZ Alkmaar,FC Groningen,0.65,1.14,1,2,3377558
2020-12-06,FC Utrecht,ADO Den Haag,1.7,1.3,1,1,3377561
2020-12-06,Feyenoord,Heracles,2.39,0.7,0,0,3377562
2020-12-06,SC Heerenveen,PSV Eindhoven,1.6,2.15,2,2,3377564
2020-12-11,Heracles,Fortuna Sittard,1.42,0.96,1,2,3377565
2020-12-12,Ajax,PEC Zwolle,3.06,0.53,4,0,3377568
2020-12-12,FC Emmen,ADO Den Haag,2.06,0.51,1,1,3377567
2020-12-12,FC Groningen,RKC Waalwijk,1.63,0.54,2,0,3377569
2020-12-13,FC Twente,AZ Alkmaar,1.52,2.08,1,3,3377566
2020-12-13,PSV Eindhoven,FC Utrecht,1.19,1.48,2,1,3377570
2020-12-13,VVV-Venlo,Feyenoord,0.64,1.54,0,3,3377572
2020-12-13,Vitesse,SC Heerenveen,1.83,1.27,1,1,3377571
2020-12-13,Willem II,Sparta Rotterdam,1.77,3.23,1,3,3377573
2020-12-18,PEC Zwolle,FC Emmen,1.11,0.36,0,0,3377574
2020-12-19,FC Utrecht,Fortuna Sittard,2.94,1.13,1,1,3377578
2020-12-19,RKC Waalwijk,PSV Eindhoven,0.86,2.06,1,4,3377577
2020-12-19,Sparta Rotterdam,FC Groningen,1.62,1.84,2,3,3377575
2020-12-19,VVV-Venlo,FC Twente,0.56,1.46,1,2,3377576
2020-12-20,ADO Den Haag,Ajax,0.62,4.11,2,4,3377580
2020-12-20,AZ Alkmaar,Willem II,1.78,1.55,5,3,3377582
2020-12-20,SC Heerenveen,Heracles,1.07,1.69,1,2,3377581
2020-12-20,Vitesse,Feyenoord,1.68,2.37,1,0,3377579
2020-12-22,FC Emmen,FC Utrecht,1.18,2.46,2,3,3377584
2020-12-22,FC Twente,Sparta Rotterdam,0.75,1.31,0,2,3377586
2020-12-22,Fortuna Sittard,RKC Waalwijk,3.42,1.02,2,1,3377583
2020-12-22,PSV Eindhoven,VVV-Venlo,4.89,0.39,4,1,3377585
2020-12-23,ADO Den Haag,PEC Zwolle,0.45,0.96,0,2,3377590
2020-12-23,AZ Alkmaar,Vitesse,1.71,1.41,3,1,3377587
2020-12-23,FC Groningen,Heracles,1.01,1.29,0,1,3377589
2020-12-23,Feyenoord,SC Heerenveen,3.59,0.49,3,0,3377591
2020-12-23,Willem II,Ajax,0.46,2.71,1,1,3377588
2020-12-27,FC Utrecht,AZ Alkmaar,1.75,1.88,2,2,3377415
2021-01-09,FC Emmen,FC Twente,0.54,1.78,1,4,3377592
2021-01-09,FC Utrecht,FC Groningen,2.83,1.02,2,2,3377595
2021-01-09,Heracles,Vitesse,1.29,0.88,0,2,3377593
2021-01-09,PEC Zwolle,AZ Alkmaar,0.83,0.96,1,1,3377594
2021-01-09,RKC Waalwijk,ADO Den Haag,1.54,0.54,0,1,3377596
2021-01-10,Ajax,PSV Eindhoven,1.69,1.16,2,2,3377600
2021-01-10,SC Heerenveen,Fortuna Sittard,1.27,1.73,1,3,3377598
2021-01-10,Sparta Rotterdam,Feyenoord,0.51,2.3,0,2,3377597
2021-01-10,VVV-Venlo,Willem II,1.36,1.72,2,1,3377599
2021-01-12,Heracles,FC Emmen,2.48,0.55,4,0,3377602
2021-01-12,Vitesse,FC Utrecht,1.03,0.81,1,0,3377601
2021-01-13,ADO Den Haag,VVV-Venlo,1.0,2.8,1,4,3377605
2021-01-13,Feyenoord,PEC Zwolle,2.0,0.64,1,0,3377606
2021-01-13,Fortuna Sittard,Sparta Rotterdam,0.63,1.38,0,1,3377604
2021-01-13,PSV Eindhoven,AZ Alkmaar,0.67,1.14,1,3,3377603
2021-01-14,FC Twente,Ajax,1.4,3.46,1,3,3377608
2021-01-14,SC Heerenveen,RKC Waalwijk,1.62,1.03,1,1,3377607
2021-01-14,Willem II,FC Groningen,1.23,1.9,2,3,3377609
2021-01-16,AZ Alkmaar,ADO Den Haag,3.19,0.85,2,1,3377612
2021-01-16,FC Emmen,Vitesse,1.48,1.88,1,4,3377610
2021-01-16,FC Utrecht,Heracles,2.39,0.08,2,0,3377611
2021-01-16,PEC Zwolle,Fortuna Sittard,0.67,1.79,0,2,3377613
2021-01-16,Sparta Rotterdam,PSV Eindhoven,1.72,2.22,3,5,3377616
2021-01-17,Ajax,Feyenoord,1.22,0.9,1,0,3377617
2021-01-17,FC Groningen,FC Twente,1.63,0.98,2,2,3377615
2021-01-17,RKC Waalwijk,Willem II,1.55,1.01,1,1,3377614
2021-01-17,VVV-Venlo,SC Heerenveen,0.61,1.86,1,1,3377618
2021-01-22,Willem II,PEC Zwolle,0.61,3.21,1,3,3377620
2021-01-23,ADO Den Haag,FC Emmen,0.67,1.11,0,0,3377619
2021-01-23,Heracles,SC Heerenveen,1.78,0.44,1,0,3377623
2021-01-23,PSV Eindhoven,RKC Waalwijk,1.1,1.07,2,0,3377622
2021-01-23,Vitesse,FC Groningen,1.73,0.37,1,0,3377621
2021-01-24,FC Twente,VVV-Venlo,1.49,0.71,0,1,3377625
2021-01-24,FC Utrecht,Sparta Rotterdam,1.44,0.54,1,0,3377626
2021-01-24,Feyenoord,AZ Alkmaar,1.42,3.04,2,3,3377627
2021-01-24,Fortuna Sittard,Ajax,1.18,3.51,1,2,3377624
2021-01-26,FC Emmen,PSV Eindhoven,0.26,2.2,0,2,3377629
2021-01-26,FC Groningen,ADO Den Haag,1.47,0.55,3,0,3377630
2021-01-26,PEC Zwolle,Heracles,0.83,1.57,2,2,3377628
2021-01-27,AZ Alkmaar,FC Utrecht,1.29,1.2,0,1,3377631
2021-01-27,RKC Waalwijk,Fortuna Sittard,0.85,3.15,1,2,3377632
2021-01-27,SC Heerenveen,Feyenoord,2.41,1.17,3,0,3377634
2021-01-27,VVV-Venlo,Vitesse,1.98,1.93,4,1,3377633
2021-01-28,Ajax,Willem II,2.62,0.86,3,1,3377636
2021-01-28,Sparta Rotterdam,FC Twente,1.08,0.52,0,0,3377635
2021-01-30,FC Utrecht,PEC Zwolle,2.79,1.7,3,3,3377638
2021-01-30,Fortuna Sittard,VVV-Venlo,1.35,0.95,3,2,3377639
2021-01-30,Heracles,FC Groningen,1.07,1.55,1,0,3377637
2021-01-30,Vitesse,RKC Waalwijk,0.51,0.6,1,1,3377640
2021-01-31,ADO Den Haag,Sparta Rotterdam,0.78,1.27,1,1,3377645
2021-01-31,AZ Alkmaar,Ajax,2.15,2.07,0,3,3377644
2021-01-31,FC Twente,SC Heerenveen,1.58,0.35,0,0,3377641
2021-01-31,Feyenoord,PSV Eindhoven,1.15,1.81,3,1,3377642
2021-01-31,Willem II,FC Emmen,1.82,1.31,2,0,3377643
2021-02-05,Fortuna Sittard,Heracles,1.07,0.95,0,1,3377646
2021-02-06,FC Emmen,AZ Alkmaar,0.47,1.29,0,1,3377649
2021-02-06,PEC Zwolle,RKC Waalwijk,1.64,0.74,1,1,3377648
2021-02-06,PSV Eindhoven,FC Twente,3.04,0.19,3,0,3377647
2021-02-06,SC Heerenveen,Vitesse,1.67,0.7,1,0,3377650
2021-02-12,RKC Waalwijk,FC Emmen,1.25,0.61,1,0,3377661
2021-02-13,ADO Den Haag,PSV Eindhoven,0.58,5.46,2,2,3377655
2021-02-13,FC Groningen,PEC Zwolle,1.58,0.61,1,0,3377657
2021-02-13,Heracles,Ajax,2.61,1.59,0,2,3377660
2021-02-13,Sparta Rotterdam,Fortuna Sittard,1.76,1.96,1,2,3377662
2021-02-14,AZ Alkmaar,SC Heerenveen,2.76,1.31,3,1,3377656
2021-02-14,FC Utrecht,VVV-Venlo,3.87,1.58,3,1,3377658
2021-02-14,Feyenoord,Willem II,3.56,0.64,5,0,3377659
2021-02-14,Vitesse,FC Twente,0.58,1.7,0,2,3377663
2021-02-19,Willem II,FC Utrecht,0.38,4.71,0,6,3377672
2021-02-20,FC Emmen,PEC Zwolle,1.28,1.16,3,2,3377665
2021-02-20,Fortuna Sittard,ADO Den Haag,2.13,0.27,2,0,3377667
2021-02-20,VVV-Venlo,AZ Alkmaar,0.38,3.19,1,4,3377671
2021-02-21,Ajax,Sparta Rotterdam,2.22,1.64,4,2,3377664
2021-02-21,FC Twente,Feyenoord,2.84,2.52,2,2,3377666
2021-02-21,PSV Eindhoven,Vitesse,3.07,1.04,3,1,3377668
2021-02-21,RKC Waalwijk,Heracles,0.95,1.01,3,0,3377669
2021-02-21,SC Heerenveen,FC Groningen,1.12,2.55,1,1,3377670
2021-02-24,FC Groningen,Feyenoord,1.11,1.69,0,0,3377651
2021-02-24,Willem II,ADO Den Haag,1.65,1.07,1,1,3377653
2021-02-26,PEC Zwolle,SC Heerenveen,2.12,1.05,4,1,3377678
2021-02-27,ADO Den Haag,RKC Waalwijk,1.07,0.15,0,0,3377673
2021-02-27,FC Utrecht,FC Emmen,1.71,1.81,0,1,3377676
2021-02-27,Heracles,FC Twente,0.79,0.34,2,2,3377677
2021-02-27,Vitesse,VVV-Venlo,2.1,0.98,4,1,3377681
2021-02-28,AZ Alkmaar,Feyenoord,2.2,1.18,4,2,3377674
2021-02-28,FC Groningen,Fortuna Sittard,0.44,0.82,1,0,3377675
2021-02-28,PSV Eindhoven,Ajax,1.64,3.37,1,1,3377679
2021-02-28,Sparta Rotterdam,Willem II,0.84,2.46,0,2,3377680
2021-03-05,FC Emmen,Sparta Rotterdam,1.73,1.07,1,1,3377683
2021-03-06,FC Twente,Willem II,1.56,1.63,1,1,3377684
2021-03-06,Feyenoord,VVV-Venlo,2.1,0.25,6,0,3377685
2021-03-06,RKC Waalwijk,FC Utrecht,1.2,2.47,1,2,3377688
2021-03-06,SC Heerenveen,ADO Den Haag,2.68,0.96,3,0,3377689
2021-03-07,Ajax,FC Groningen,3.9,0.91,3,1,3377682
2021-03-07,Fortuna Sittard,PSV Eindhoven,1.04,2.69,1,3,3377686
2021-03-07,Heracles,PEC Zwolle,2.8,0.88,2,1,3377687
2021-03-07,Vitesse,AZ Alkmaar,1.15,1.62,2,1,3377690
2021-03-09,VVV-Venlo,Sparta Rotterdam,0.82,0.61,0,1,3377654
2021-03-13,ADO Den Haag,Heracles,1.05,1.4,1,2,3377691
2021-03-13,AZ Alkmaar,FC Twente,1.89,1.03,4,1,3377692
2021-03-13,FC Groningen,FC Emmen,1.13,1.57,1,1,3377693
2021-03-13,Sparta Rotterdam,RKC Waalwijk,1.7,0.43,2,0,3377697
2021-03-13,Willem II,SC Heerenveen,1.97,2.25,3,1,3377699
2021-03-14,FC Utrecht,Vitesse,2.49,1.27,1,3,3377694
2021-03-14,PEC Zwolle,Ajax,0.1,2.79,0,2,3377695
2021-03-14,PSV Eindhoven,Feyenoord,1.85,0.96,1,1,3377696
2021-03-14,VVV-Venlo,Fortuna Sittard,1.8,2.34,1,3,3377698
2021-03-19,SC Heerenveen,FC Twente,0.6,1.55,0,0,3377707
2021-03-20,Feyenoord,FC Emmen,1.12,1.33,1,1,3377702
2021-03-20,Fortuna Sittard,FC Utrecht,0.45,2.48,0,1,3377703
2021-03-20,RKC Waalwijk,FC Groningen,2.24,2.15,3,1,3377706
2021-03-21,AZ Alkmaar,PSV Eindhoven,0.43,1.79,2,0,3377701
2021-03-21,Ajax,ADO Den Haag,3.56,0.06,5,0,3377700
2021-03-21,Heracles,Sparta Rotterdam,0.69,1.7,1,1,3377704
2021-03-21,PEC Zwolle,VVV-Venlo,2.05,1.36,2,1,3377705
2021-03-21,Vitesse,Willem II,0.61,1.48,0,0,3377708
2021-04-03,FC Twente,Vitesse,0.82,3.49,1,2,3377711
2021-04-03,Sparta Rotterdam,PEC Zwolle,2.95,1.82,3,2,3377715
2021-04-03,VVV-Venlo,FC Groningen,0.56,0.61,0,1,3377716
2021-04-03,Willem II,AZ Alkmaar,0.54,0.94,0,1,3377717
2021-04-04,ADO Den Haag,FC Utrecht,0.35,3.59,1,4,3377709
2021-04-04,FC Emmen,RKC Waalwijk,4.0,0.27,3,1,3377710
2021-04-04,Feyenoord,Fortuna Sittard,2.12,0.53,2,0,3377712
2021-04-04,PSV Eindhoven,Heracles,1.11,0.44,3,0,3377713
2021-04-04,SC Heerenveen,Ajax,0.77,2.43,1,2,3377714
2021-04-09,Vitesse,ADO Den Haag,1.36,0.31,0,0,3377725
2021-04-10,AZ Alkmaar,Sparta Rotterdam,2.18,0.34,2,0,3377718
2021-04-10,Fortuna Sittard,FC Emmen,0.94,3.08,1,3,3377721
2021-04-10,Heracles,Willem II,1.6,0.58,4,0,3377722
2021-04-10,PEC Zwolle,FC Twente,0.67,1.03,1,0,3377723
2021-04-11,FC Groningen,SC Heerenveen,1.44,2.44,0,2,3377719
2021-04-11,FC Utrecht,Feyenoord,0.95,0.39,1,2,3377720
2021-04-11,RKC Waalwijk,Ajax,0.22,1.34,0,1,3377724
2021-04-11,VVV-Venlo,PSV Eindhoven,0.17,2.15,0,2,3377726
2021-04-22,Ajax,FC Utrecht,2.7,0.99,1,1,3377652
2021-04-23,Willem II,RKC Waalwijk,2.68,0.5,1,0,3377735
2021-04-24,PSV Eindhoven,FC Groningen,3.02,0.72,1,0,3377732
2021-04-24,SC Heerenveen,PEC Zwolle,0.49,0.38,0,2,3377733
2021-04-24,Sparta Rotterdam,VVV-Venlo,2.03,0.97,2,0,3377734
2021-04-25,ADO Den Haag,Fortuna Sittard,1.24,2.32,0,3,3377727
2021-04-25,Ajax,AZ Alkmaar,3.39,0.96,2,0,3377728
2021-04-25,FC Emmen,Heracles,1.67,1.12,3,1,3377729
2021-04-25,FC Twente,FC Utrecht,0.82,1.46,1,2,3377730
2021-04-25,Feyenoord,Vitesse,1.71,1.89,0,0,3377731
2021-05-01,FC Utrecht,Willem II,1.1,1.62,3,2,3377739
2021-05-01,Fortuna Sittard,FC Twente,4.51,0.28,3,0,3377740
2021-05-01,Heracles,VVV-Venlo,2.24,1.41,4,0,3377741
2021-05-01,RKC Waalwijk,AZ Alkmaar,0.92,3.21,1,3,3377743
2021-05-01,Vitesse,PEC Zwolle,1.92,1.57,2,1,3377744
2021-05-02,ADO Den Haag,Feyenoord,1.59,1.4,3,2,3377736
2021-05-02,Ajax,FC Emmen,2.68,0.81,4,0,3377737
2021-05-02,FC Groningen,Sparta Rotterdam,1.07,1.45,1,2,3377738
2021-05-02,PSV Eindhoven,SC Heerenveen,1.43,0.75,2,2,3377742
2021-05-07,Sparta Rotterdam,Vitesse,1.89,0.94,3,0,3377751
2021-05-08,AZ Alkmaar,Fortuna Sittard,1.88,0.5,1,0,3377745
2021-05-08,FC Twente,Heracles,0.97,0.34,1,1,3377747
2021-05-08,SC Heerenveen,FC Utrecht,0.72,0.95,0,0,3377750
2021-05-08,VVV-Venlo,RKC Waalwijk,2.43,2.01,3,3,3377752
2021-05-09,FC Emmen,FC Groningen,0.31,2.03,0,4,3377746
2021-05-09,Feyenoord,Ajax,2.92,0.58,0,3,3377748
2021-05-09,PEC Zwolle,ADO Den Haag,0.47,0.36,0,1,3377749
2021-05-09,Willem II,PSV Eindhoven,0.0,1.0,0,2,3377753
2021-05-13,ADO Den Haag,Willem II,1.42,3.22,1,4,3377754
2021-05-13,Ajax,VVV-Venlo,3.73,0.91,3,1,3377755
2021-05-13,FC Emmen,SC Heerenveen,3.58,0.21,3,1,3377756
2021-05-13,FC Groningen,AZ Alkmaar,0.76,1.62,0,0,3377757
2021-05-13,Fortuna Sittard,Vitesse,0.8,1.86,3,3,3377758
2021-05-13,Heracles,Feyenoord,1.48,1.21,1,1,3377759
2021-05-13,PSV Eindhoven,PEC Zwolle,2.85,0.75,4,2,3377760
2021-05-13,RKC Waalwijk,FC Twente,1.55,1.07,2,1,3377761
2021-05-13,Sparta Rotterdam,FC Utrecht,0.94,2.08,0,0,3377762
2021-05-16,AZ Alkmaar,Heracles,5.04,0.49,5,0,3377763
2021-05-16,FC Twente,ADO Den Haag,3.14,0.63,3,2,3377764
2021-05-16,FC Utrecht,PSV Eindhoven,1.39,0.8,1,1,3377765
2021-05-16,Feyenoord,RKC Waalwijk,1.68,0.17,3,0,3377766
2021-05-16,PEC Zwolle,FC Groningen,0.61,1.44,1,0,3377767
2021-05-16,SC Heerenveen,Sparta Rotterdam,0.75,0.61,1,2,3377768
2021-05-16,VVV-Venlo,FC Emmen,1.04,3.42,0,4,3377770
2021-05-16,Vitesse,Ajax,0.77,3.44,1,3,3377769
2021-05-16,Willem II,Fortuna Sittard,2.13,0.46,2,1,3377771
2021-05-19,FC Utrecht,FC Groningen,0.91,0.67,1,0,3588917
2021-05-19,Feyenoord,Sparta Rotterdam,2.53,0.55,2,0,3588918
2021-05-23,Feyenoord,FC Utrecht,1.56,2.24,2,0,3590425
2021-08-13,Go Ahead Eagles,SC Heerenveen,0.7,1.11,0,1,3602472
2021-08-14,Ajax,NEC Nijmegen,3.12,0.34,5,0,3602476
2021-08-14,Fortuna Sittard,FC Twente,1.72,1.19,2,1,3602475
2021-08-14,Heracles,PSV Eindhoven,0.21,1.68,0,2,3602474
2021-08-14,RKC Waalwijk,AZ Alkmaar,0.67,1.03,1,0,3602473
2021-08-15,Cambuur,FC Groningen,0.3,1.45,1,2,3602477
2021-08-15,FC Utrecht,Sparta Rotterdam,3.14,0.49,4,0,3602479
2021-08-15,PEC Zwolle,Vitesse,1.07,0.73,0,1,3602478
2021-08-15,Willem II,Feyenoord,0.48,2.51,0,4,3602480
2021-08-20,NEC Nijmegen,PEC Zwolle,0.79,0.72,2,0,3602481
2021-08-21,FC Groningen,FC Utrecht,0.95,0.23,0,0,3602485
2021-08-21,PSV Eindhoven,Cambuur,2.02,0.45,4,1,3602483
2021-08-21,SC Heerenveen,RKC Waalwijk,2.01,0.7,3,2,3602482
2021-08-21,Sparta Rotterdam,Heracles,0.74,0.42,1,1,3602484
2021-08-22,FC Twente,Ajax,0.6,1.48,1,1,3602486
2021-08-22,Feyenoord,Go Ahead Eagles,2.34,0.62,2,0,3602487
2021-08-22,Vitesse,Willem II,0.93,1.33,0,3,3602488
2021-08-27,Fortuna Sittard,RKC Waalwijk,1.09,2.18,2,2,3602490
2021-08-28,Cambuur,FC Twente,2.79,1.11,2,0,3602491
2021-08-28,Go Ahead Eagles,Sparta Rotterdam,2.4,0.91,2,0,3602492
2021-08-28,PSV Eindhoven,FC Groningen,1.2,2.04,5,2,3602493
2021-08-28,Willem II,PEC Zwolle,0.96,0.53,1,0,3602494
2021-08-29,Ajax,Vitesse,3.53,0.51,5,0,3602496
2021-08-29,FC Utrecht,Feyenoord,3.6,0.98,3,1,3602495
2021-08-29,Heracles,NEC Nijmegen,0.53,1.46,0,1,3602497
2021-08-29,SC Heerenveen,AZ Alkmaar,1.32,3.17,1,3,3602498
2021-09-11,AZ Alkmaar,PSV Eindhoven,0.85,0.84,0,3,3602503
2021-09-11,Cambuur,Go Ahead Eagles,2.2,0.88,5,2,3602501
2021-09-11,FC Twente,FC Utrecht,1.0,0.73,1,0,3602499
2021-09-11,PEC Zwolle,Ajax,0.39,1.29,0,2,3602500
2021-09-12,FC Groningen,SC Heerenveen,0.81,0.3,1,1,3602507
2021-09-12,NEC Nijmegen,Willem II,1.29,0.26,0,0,3602504
2021-09-12,RKC Waalwijk,Vitesse,0.71,0.54,1,2,3602506
2021-09-12,Sparta Rotterdam,Fortuna Sittard,1.55,0.14,3,1,3602502
2021-09-17,Sparta Rotterdam,NEC Nijmegen,1.38,0.59,1,1,3602508
2021-09-18,Ajax,Cambuur,3.8,0.63,9,0,3602511
2021-09-18,FC Utrecht,RKC Waalwijk,2.37,1.71,2,2,3602512
2021-09-18,SC Heerenveen,Fortuna Sittard,1.59,0.6,1,0,3602509
2021-09-18,Willem II,FC Groningen,0.53,1.24,2,1,3602510
2021-09-19,Go Ahead Eagles,PEC Zwolle,1.74,0.52,1,0,3602513
2021-09-19,Heracles,AZ Alkmaar,0.96,0.42,3,2,3602516
2021-09-19,PSV Eindhoven,Feyenoord,0.98,1.06,0,4,3602514
2021-09-19,Vitesse,FC Twente,1.17,1.9,1,4,3602515
2021-09-21,Fortuna Sittard,Ajax,0.29,3.07,0,5,3602517
2021-09-21,RKC Waalwijk,Willem II,0.53,1.05,1,2,3602518
2021-09-22,FC Groningen,Vitesse,0.54,1.03,0,1,3602523
2021-09-22,Feyenoord,SC Heerenveen,1.55,0.58,3,1,3602522
2021-09-22,Go Ahead Eagles,PSV Eindhoven,0.86,1.97,1,2,3602519
2021-09-22,NEC Nijmegen,FC Utrecht,0.45,1.44,0,3,3602521
2021-09-22,PEC Zwolle,Sparta Rotterdam,1.47,0.63,1,1,3602524
2021-09-23,Cambuur,Heracles,0.33,2.43,2,1,3602520
2021-09-23,FC Twente,AZ Alkmaar,1.29,0.98,3,1,3602525
2021-09-25,Ajax,FC Groningen,3.16,0.21,3,0,3602527
2021-09-25,FC Utrecht,PEC Zwolle,4.82,0.51,5,1,3602535
2021-09-25,Feyenoord,NEC Nijmegen,2.56,0.75,5,3,3602531
2021-09-25,Vitesse,Fortuna Sittard,1.7,0.04,1,1,3602529
2021-09-25,Willem II,PSV Eindhoven,0.17,2.69,2,1,3602528
2021-09-26,AZ Alkmaar,Go Ahead Eagles,3.02,0.33,5,0,3602533
2021-09-26,Heracles,RKC Waalwijk,1.77,0.22,1,0,3602530
2021-09-26,SC Heerenveen,FC Twente,1.26,2.41,2,3,3602534
2021-09-26,Sparta Rotterdam,Cambuur,0.89,1.66,0,4,3602532
2021-10-01,FC Groningen,FC Twente,0.41,0.91,1,1,3602545
2021-10-02,Fortuna Sittard,NEC Nijmegen,1.41,2.09,1,3,3602549
2021-10-02,Heracles,Willem II,3.65,0.63,3,2,3602547
2021-10-02,PEC Zwolle,SC Heerenveen,0.89,0.53,0,1,3602548
2021-10-02,RKC Waalwijk,Go Ahead Eagles,1.9,1.4,1,1,3602546
2021-10-03,Ajax,FC Utrecht,1.97,0.31,0,1,3602550
2021-10-03,Cambuur,AZ Alkmaar,0.68,1.38,1,3,3602551
2021-10-03,PSV Eindhoven,Sparta Rotterdam,2.62,0.84,2,1,3602553
2021-10-03,Vitesse,Feyenoord,1.28,1.65,2,1,3602552
2021-10-16,Feyenoord,RKC Waalwijk,4.52,0.88,2,2,3602563
2021-10-16,Fortuna Sittard,Cambuur,1.03,0.71,1,0,3602566
2021-10-16,Go Ahead Eagles,Heracles,1.03,1.69,4,2,3602565
2021-10-16,PSV Eindhoven,PEC Zwolle,2.21,0.38,3,1,3602567
2021-10-16,SC Heerenveen,Ajax,1.1,1.77,0,2,3602564
2021-10-17,AZ Alkmaar,FC Utrecht,2.76,0.56,5,1,3602568
2021-10-17,FC Twente,Willem II,0.63,0.72,1,1,3602571
2021-10-17,NEC Nijmegen,Vitesse,0.35,0.89,0,1,3602569
2021-10-17,Sparta Rotterdam,FC Groningen,1.55,0.35,1,1,3602570
2021-10-22,Willem II,Fortuna Sittard,1.58,1.58,1,1,3602572
2021-10-23,FC Utrecht,SC Heerenveen,2.48,0.77,2,1,3602575
2021-10-23,PEC Zwolle,Heracles,1.5,1.53,1,0,3602573
2021-10-23,RKC Waalwijk,Sparta Rotterdam,1.28,0.66,1,0,3602576
2021-10-24,Ajax,PSV Eindhoven,2.52,0.73,5,0,3602580
2021-10-24,Cambuur,Feyenoord,1.13,1.84,2,3,3602577
2021-10-24,FC Groningen,AZ Alkmaar,0.6,1.46,2,0,3602578
2021-10-24,FC Twente,NEC Nijmegen,1.0,1.16,1,2,3602574
2021-10-24,Vitesse,Go Ahead Eagles,1.31,1.77,1,2,3602579
2021-10-30,AZ Alkmaar,PEC Zwolle,1.1,0.94,3,2,3602581
2021-10-30,Heracles,Ajax,0.67,1.8,0,0,3602582
2021-10-30,PSV Eindhoven,FC Twente,3.18,0.61,5,2,3602585
2021-10-30,SC Heerenveen,Vitesse,0.89,2.18,1,2,3602584
2021-10-31,FC Utrecht,Willem II,1.44,0.79,5,1,3602588
2021-10-31,Go Ahead Eagles,Fortuna Sittard,2.02,0.54,4,3,3602583
2021-10-31,NEC Nijmegen,FC Groningen,2.63,0.66,3,0,3602587
2021-10-31,RKC Waalwijk,Cambuur,1.58,2.1,0,1,3602589
2021-10-31,Sparta Rotterdam,Feyenoord,0.23,0.87,0,1,3602586
2021-11-05,FC Twente,Heracles,1.74,0.27,1,0,3602599
2021-11-06,NEC Nijmegen,SC Heerenveen,1.9,1.38,1,1,3602603
2021-11-06,PEC Zwolle,Cambuur,1.02,0.66,1,2,3602600
2021-11-06,Willem II,Sparta Rotterdam,0.31,1.32,0,3,3602602
2021-11-07,Ajax,Go Ahead Eagles,2.2,0.13,0,0,3602601
2021-11-07,FC Groningen,RKC Waalwijk,1.12,0.29,1,1,3602606
2021-11-07,Feyenoord,AZ Alkmaar,1.15,1.01,1,0,3602607
2021-11-07,Fortuna Sittard,PSV Eindhoven,0.47,2.65,1,4,3602605
2021-11-07,Vitesse,FC Utrecht,1.92,0.31,2,1,3602604
2021-11-20,AZ Alkmaar,NEC Nijmegen,1.4,0.66,1,1,3602609
2021-11-20,Heracles,Fortuna Sittard,1.58,1.39,3,1,3602611
2021-11-20,PSV Eindhoven,Vitesse,0.53,0.65,2,0,3602608
2021-11-20,Sparta Rotterdam,FC Twente,0.38,1.1,0,1,3602610
2021-11-21,Cambuur,FC Utrecht,1.53,0.94,2,1,3602616
2021-11-21,Feyenoord,PEC Zwolle,2.69,0.23,4,0,3602614
2021-11-21,Go Ahead Eagles,FC Groningen,0.87,1.74,0,1,3602613
2021-11-21,RKC Waalwijk,Ajax,0.58,3.71,0,5,3602612
2021-11-21,SC Heerenveen,Willem II,1.49,1.97,2,1,3602615
2021-11-26,NEC Nijmegen,Cambuur,2.06,1.82,2,3,3602644
2021-11-27,Fortuna Sittard,FC Groningen,1.05,1.9,1,4,3602646
2021-11-27,PEC Zwolle,RKC Waalwijk,1.63,0.34,0,0,3602645
2021-11-27,Willem II,Go Ahead Eagles,0.7,0.28,0,1,3602647
2021-11-28,FC Twente,Feyenoord,0.23,0.98,0,0,3602649
2021-11-28,FC Utrecht,Heracles,2.61,0.44,1,0,3602650
2021-11-28,SC Heerenveen,PSV Eindhoven,0.84,1.71,1,1,3602651
2021-11-28,Sparta Rotterdam,Ajax,0.13,1.88,0,1,3602648
2021-11-28,Vitesse,AZ Alkmaar,0.64,1.26,0,0,3602652
2021-12-01,Feyenoord,Heracles,1.7,0.81,2,1,3602505
2021-12-02,AZ Alkmaar,Fortuna Sittard,1.3,1.2,2,1,3602489
2021-12-02,Ajax,Willem II,3.24,0.09,5,0,3602666
2021-12-03,FC Groningen,PEC Zwolle,0.21,0.65,1,1,3602665
2021-12-04,Cambuur,Vitesse,1.16,2.52,1,6,3602664
2021-12-04,Heracles,SC Heerenveen,0.79,0.6,0,1,3602662
2021-12-04,PSV Eindhoven,FC Utrecht,1.28,1.3,4,1,3602663
2021-12-05,AZ Alkmaar,Sparta Rotterdam,1.75,0.66,3,1,3602668
2021-12-05,Feyenoord,Fortuna Sittard,3.2,0.25,5,0,3602667
2021-12-05,Go Ahead Eagles,FC Twente,0.74,0.78,1,2,3602670
2021-12-05,RKC Waalwijk,NEC Nijmegen,2.02,1.62,2,1,3602669
2021-12-10,Willem II,Cambuur,0.71,1.78,1,3,3602680
2021-12-11,FC Utrecht,Go Ahead Eagles,1.79,0.25,0,0,3602683
2021-12-11,PEC Zwolle,Fortuna Sittard,0.54,1.63,0,1,3602684
2021-12-11,SC Heerenveen,Sparta Rotterdam,0.58,0.37,0,0,3602682
2021-12-12,Ajax,AZ Alkmaar,3.4,0.98,1,2,3602686
2021-12-12,FC Groningen,Feyenoord,0.53,1.69,1,1,3602685
2021-12-12,FC Twente,RKC Waalwijk,2.49,0.56,2,1,3602681
2021-12-12,NEC Nijmegen,PSV Eindhoven,0.97,3.69,1,2,3602688
2021-12-12,Vitesse,Heracles,1.27,0.63,2,1,3602687
2021-12-18,AZ Alkmaar,Willem II,2.17,2.13,4,1,3602700
2021-12-18,Fortuna Sittard,FC Utrecht,0.9,3.27,2,2,3602698
2021-12-18,Heracles,FC Groningen,2.09,0.66,4,2,3602701
2021-12-18,PEC Zwolle,FC Twente,0.76,1.18,1,3,3602702
2021-12-18,Sparta Rotterdam,Vitesse,1.23,0.67,2,2,3602699
2021-12-19,Cambuur,SC Heerenveen,0.88,2.86,1,2,3602703
2021-12-19,Feyenoord,Ajax,0.94,0.96,0,2,3602704
2021-12-19,Go Ahead Eagles,NEC Nijmegen,1.4,1.34,0,2,3602705
2021-12-19,RKC Waalwijk,PSV Eindhoven,0.39,2.91,1,4,3602706
2021-12-21,AZ Alkmaar,FC Groningen,0.61,0.59,1,0,3602717
2021-12-21,Vitesse,PEC Zwolle,2.68,0.82,1,0,3602716
2021-12-22,Ajax,Fortuna Sittard,3.1,0.28,5,0,3602724
2021-12-22,FC Utrecht,FC Twente,0.99,0.6,1,1,3602721
2021-12-22,Heracles,Cambuur,2.71,0.46,1,1,3602718
2021-12-22,SC Heerenveen,Feyenoord,0.51,2.08,0,3,3602720
2021-12-22,Willem II,NEC Nijmegen,0.33,1.27,0,1,3602722
2021-12-23,PSV Eindhoven,Go Ahead Eagles,2.27,0.11,2,0,3602723
2021-12-23,Sparta Rotterdam,RKC Waalwijk,1.11,0.71,1,1,3602719
2022-01-14,PEC Zwolle,Willem II,1.63,0.74,2,0,3602734
2022-01-15,FC Twente,SC Heerenveen,2.0,0.82,2,0,3602741
2022-01-15,Feyenoord,Vitesse,0.85,1.26,0,1,3602735
2022-01-15,Go Ahead Eagles,RKC Waalwijk,0.56,1.33,0,2,3602737
2022-01-15,NEC Nijmegen,Heracles,1.11,0.55,0,0,3602736
2022-01-16,Cambuur,Sparta Rotterdam,0.64,0.9,1,1,3602740
2022-01-16,FC Groningen,PSV Eindhoven,0.49,1.57,0,1,3602738
2022-01-16,FC Utrecht,Ajax,0.71,1.63,0,3,3602739
2022-01-16,Fortuna Sittard,AZ Alkmaar,1.22,1.72,1,2,3602742
2022-01-22,AZ Alkmaar,Cambuur,1.67,0.16,0,0,3602754
2022-01-22,SC Heerenveen,PEC Zwolle,1.32,1.79,0,1,3602755
2022-01-22,Vitesse,FC Groningen,0.51,2.29,1,3,3602753
2022-01-22,Willem II,FC Twente,0.27,0.59,0,1,3602756
2022-01-23,Heracles,Go Ahead Eagles,2.36,1.8,1,1,3602758
2022-01-23,NEC Nijmegen,Feyenoord,0.29,4.06,1,4,3602757
2022-01-23,PSV Eindhoven,Ajax,1.2,1.73,1,2,3602759
2022-01-23,RKC Waalwijk,Fortuna Sittard,2.07,1.38,2,1,3602752
2022-01-23,Sparta Rotterdam,FC Utrecht,1.25,2.04,0,3,3602760
2022-02-05,FC Twente,Vitesse,3.0,0.29,3,0,3602774
2022-02-05,FC Utrecht,Cambuur,1.48,1.84,3,2,3602770
2022-02-05,Fortuna Sittard,SC Heerenveen,1.18,0.82,2,0,3602771
2022-02-05,PEC Zwolle,NEC Nijmegen,1.32,1.21,1,1,3602772
2022-02-05,PSV Eindhoven,AZ Alkmaar,1.34,1.32,1,2,3602773
2022-02-06,Ajax,Heracles,3.73,0.17,3,0,3602778
2022-02-06,FC Groningen,Go Ahead Eagles,2.28,0.95,2,1,3602776
2022-02-06,Feyenoord,Sparta Rotterdam,2.54,0.45,4,0,3602775
2022-02-06,Willem II,RKC Waalwijk,1.05,1.2,3,1,3602777
2022-02-11,Heracles,FC Utrecht,1.84,1.3,1,0,3602764
2022-02-12,Cambuur,PEC Zwolle,1.53,2.4,3,4,3602766
2022-02-12,FC Groningen,Fortuna Sittard,1.49,0.42,0,1,3602762
2022-02-12,Vitesse,PSV Eindhoven,0.96,4.21,0,5,3602769
2022-02-13,Ajax,FC Twente,5.13,0.45,5,0,3602761
2022-02-13,Go Ahead Eagles,AZ Alkmaar,1.1,3.39,1,4,3602763
2022-02-13,RKC Waalwijk,Feyenoord,0.92,1.52,0,2,3602765
2022-02-13,SC Heerenveen,NEC Nijmegen,1.2,0.43,0,1,3602767
2022-02-13,Sparta Rotterdam,Willem II,0.76,0.42,1,0,3602768
2022-02-19,AZ Alkmaar,Heracles,1.7,0.22,2,1,3602743
2022-02-19,NEC Nijmegen,RKC Waalwijk,1.61,1.24,1,1,3602748
2022-02-19,Willem II,Ajax,0.56,2.0,0,1,3602751
2022-02-20,FC Twente,Go Ahead Eagles,1.81,0.4,2,2,3602744
2022-02-20,FC Utrecht,Vitesse,2.55,0.8,1,1,3602745
2022-02-20,Feyenoord,Cambuur,2.01,0.29,3,1,3602746
2022-02-20,PEC Zwolle,FC Groningen,0.67,1.56,1,1,3602749
2022-02-20,PSV Eindhoven,SC Heerenveen,1.18,0.94,3,1,3602750
2022-02-25,RKC Waalwijk,FC Twente,0.65,2.81,1,2,3602729
2022-02-26,Cambuur,Fortuna Sittard,1.91,0.66,2,1,3602730
2022-02-26,FC Groningen,Willem II,1.32,0.85,1,0,3602726
2022-02-26,Heracles,PEC Zwolle,1.49,0.78,2,0,3602728
2022-02-27,AZ Alkmaar,Feyenoord,2.19,1.51,2,1,3602725
2022-02-27,Go Ahead Eagles,Ajax,1.23,1.57,2,1,3602727
2022-02-27,SC Heerenveen,FC Utrecht,1.36,1.11,1,2,3602731
2022-02-27,Sparta Rotterdam,PSV Eindhoven,0.93,2.16,1,2,3602732
2022-02-27,Vitesse,NEC Nijmegen,2.02,0.93,4,1,3602733
2022-03-05,Feyenoord,FC Groningen,2.19,0.74,1,1,3602709
2022-03-05,Go Ahead Eagles,FC Utrecht,0.79,2.14,1,1,3602711
2022-03-05,Willem II,SC Heerenveen,0.53,0.68,0,0,3602715
2022-03-06,Ajax,RKC Waalwijk,5.09,0.98,3,2,3602707
2022-03-06,FC Twente,Cambuur,2.85,0.36,1,0,3602708
2022-03-06,Fortuna Sittard,PEC Zwolle,1.17,1.22,0,1,3602710
2022-03-06,NEC Nijmegen,AZ Alkmaar,1.44,1.1,1,3,3602712
2022-03-06,PSV Eindhoven,Heracles,3.27,0.37,3,1,3602713
2022-03-11,Cambuur,Ajax,1.6,2.84,2,3,3602696
2022-03-12,FC Groningen,NEC Nijmegen,1.79,1.37,4,3,3602690
2022-03-12,RKC Waalwijk,SC Heerenveen,0.51,1.14,0,0,3602695
2022-03-12,Sparta Rotterdam,Go Ahead Eagles,1.65,0.3,1,0,3602697
2022-03-13,AZ Alkmaar,FC Twente,0.63,0.58,0,1,3602689
2022-03-13,FC Utrecht,PSV Eindhoven,0.31,1.81,0,1,3602691
2022-03-13,Fortuna Sittard,Willem II,1.74,1.91,1,0,3602692
2022-03-13,Heracles,Vitesse,0.77,0.31,0,0,3602693
2022-03-13,PEC Zwolle,Feyenoord,0.81,1.12,1,2,3602694
2022-03-18,SC Heerenveen,Heracles,1.81,0.34,2,0,3602677
2022-03-19,FC Twente,PEC Zwolle,2.18,0.5,1,0,3602672
2022-03-19,Go Ahead Eagles,Cambuur,1.79,0.04,3,0,3602674
2022-03-19,NEC Nijmegen,Sparta Rotterdam,0.85,0.23,0,0,3602675
2022-03-20,Ajax,Feyenoord,2.5,1.36,3,2,3602671
2022-03-20,FC Utrecht,FC Groningen,2.16,1.57,1,3,3602673
2022-03-20,PSV Eindhoven,Fortuna Sittard,3.65,0.16,5,0,3602676
2022-03-20,Vitesse,RKC Waalwijk,1.8,0.57,1,2,3602678
2022-03-20,Willem II,AZ Alkmaar,1.28,1.42,2,2,3602679
2022-04-02,AZ Alkmaar,Vitesse,1.46,1.18,3,1,3602653
2022-04-02,FC Groningen,Ajax,0.47,2.65,1,3,3602654
2022-04-02,FC Twente,PSV Eindhoven,2.86,1.31,3,3,3602655
2022-04-02,Feyenoord,Willem II,2.49,0.31,2,0,3602656
2022-04-02,RKC Waalwijk,FC Utrecht,0.5,1.36,1,1,3602659
2022-04-03,Cambuur,NEC Nijmegen,1.31,0.44,1,2,3602660
2022-04-03,Fortuna Sittard,Heracles,0.68,0.64,0,2,3602657
2022-04-03,PEC Zwolle,Go Ahead Eagles,1.18,0.95,0,1,3602658
2022-04-03,Sparta Rotterdam,SC Heerenveen,1.75,0.74,1,1,3602661
2022-04-08,Go Ahead Eagles,Willem II,2.33,0.79,4,0,3602637
2022-04-09,Ajax,Sparta Rotterdam,2.36,0.54,2,1,3602635
2022-04-09,FC Utrecht,Fortuna Sittard,2.33,1.92,1,1,3602636
2022-04-09,NEC Nijmegen,FC Twente,0.52,1.98,0,2,3602639
2022-04-10,Heracles,Feyenoord,1.29,1.61,1,4,3602638
2022-04-10,PEC Zwolle,AZ Alkmaar,1.03,0.59,2,1,3602640
2022-04-10,PSV Eindhoven,RKC Waalwijk,1.14,0.6,2,0,3602641
2022-04-10,SC Heerenveen,FC Groningen,1.28,0.57,3,1,3602642
2022-04-10,Vitesse,Cambuur,3.12,0.17,1,0,3602643
2022-04-16,Fortuna Sittard,Sparta Rotterdam,0.89,0.4,3,0,3602747
2022-04-19,Vitesse,Sparta Rotterdam,1.63,1.22,0,1,3602714
2022-04-22,FC Twente,Sparta Rotterdam,1.38,0.28,2,0,3602628
2022-04-23,AZ Alkmaar,SC Heerenveen,2.45,1.28,2,1,3602626
2022-04-23,Cambuur,PSV Eindhoven,0.95,2.62,1,2,3602633
2022-04-23,NEC Nijmegen,Ajax,1.36,2.76,0,1,3602631
2022-04-23,RKC Waalwijk,PEC Zwolle,1.08,1.2,0,2,3602632
2022-04-24,FC Groningen,Heracles,0.41,0.75,0,1,3602627
2022-04-24,Feyenoord,FC Utrecht,1.33,0.71,2,1,3602629
2022-04-24,Fortuna Sittard,Go Ahead Eagles,1.16,0.24,1,0,3602630
2022-04-24,Willem II,Vitesse,0.32,0.55,1,0,3602634
2022-04-29,FC Utrecht,NEC Nijmegen,2.2,0.37,1,0,3602618
2022-04-30,Ajax,PEC Zwolle,2.04,1.3,3,0,3602617
2022-04-30,Heracles,FC Twente,1.22,0.7,1,1,3602621
2022-04-30,Sparta Rotterdam,AZ Alkmaar,1.61,1.76,1,1,3602625
2022-05-01,Fortuna Sittard,Feyenoord,0.8,4.54,1,3,3602619
2022-05-01,Go Ahead Eagles,Vitesse,1.68,1.31,1,2,3602620
2022-05-01,PSV Eindhoven,Willem II,1.57,1.3,4,2,3602622
2022-05-01,RKC Waalwijk,FC Groningen,1.76,1.69,3,1,3602623
2022-05-01,SC Heerenveen,Cambuur,2.39,2.01,3,3,3602624
2022-05-06,Cambuur,RKC Waalwijk,1.57,1.34,1,1,3602596
2022-05-07,FC Groningen,Sparta Rotterdam,1.24,1.47,1,2,3602591
2022-05-07,FC Twente,Fortuna Sittard,2.17,1.06,1,2,3602592
2022-05-07,PEC Zwolle,FC Utrecht,1.17,1.77,1,1,3602595
2022-05-07,Willem II,Heracles,2.01,0.15,2,0,3602598
2022-05-08,AZ Alkmaar,Ajax,1.75,2.03,2,2,3602590
2022-05-08,Feyenoord,PSV Eindhoven,2.74,1.12,2,2,3602593
2022-05-08,NEC Nijmegen,Go Ahead Eagles,1.56,0.48,1,0,3602594
2022-05-08,Vitesse,SC Heerenveen,1.44,2.1,1,2,3602597
2022-05-11,Ajax,SC Heerenveen,4.12,0.15,5,0,3602554
2022-05-11,Cambuur,Willem II,0.77,0.9,1,1,3602555
2022-05-11,FC Twente,FC Groningen,2.1,0.37,3,0,3602561
2022-05-11,FC Utrecht,AZ Alkmaar,2.03,1.0,2,2,3602562
2022-05-11,Fortuna Sittard,Vitesse,1.57,1.16,1,2,3602556
2022-05-11,Go Ahead Eagles,Feyenoord,0.67,0.54,0,1,3602557
2022-05-11,PSV Eindhoven,NEC Nijmegen,1.99,1.8,3,2,3602558
2022-05-11,RKC Waalwijk,Heracles,1.41,0.71,2,0,3602559
2022-05-11,Sparta Rotterdam,PEC Zwolle,0.78,1.6,2,0,3602560
2022-05-15,AZ Alkmaar,RKC Waalwijk,1.47,1.65,1,3,3602536
2022-05-15,FC Groningen,Cambuur,1.17,1.59,2,3,3602538
2022-05-15,Feyenoord,FC Twente,1.32,1.77,1,2,3602537
2022-05-15,Heracles,Sparta Rotterdam,1.78,1.74,1,3,3602539
2022-05-15,NEC Nijmegen,Fortuna Sittard,1.87,1.01,0,1,3602541
2022-05-15,PEC Zwolle,PSV Eindhoven,1.84,2.55,1,2,3602542
2022-05-15,SC Heerenveen,Go Ahead Eagles,1.77,0.66,3,1,3602540
2022-05-15,Vitesse,Ajax,2.65,1.73,2,2,3602543
2022-05-15,Willem II,FC Utrecht,2.01,1.47,3,0,3602544
2022-05-19,FC Utrecht,Vitesse,1.36,0.61,3,1,3875038
2022-05-19,SC Heerenveen,AZ Alkmaar,0.61,0.73,3,2,3877119
2022-05-22,AZ Alkmaar,SC Heerenveen,1.73,0.43,2,0,3877120
2022-05-22,Vitesse,FC Utrecht,1.29,0.84,3,0,3875039
2022-05-26,Vitesse,AZ Alkmaar,0.49,0.78,2,1,3880848
2022-05-29,AZ Alkmaar,Vitesse,3.72,1.67,6,1,3880849
2022-08-05,SC Heerenveen,Sparta Rotterdam,0.45,0.35,0,0,3900341
2022-08-06,Cambuur,Excelsior,3.97,1.25,0,2,3900343
2022-08-06,Fortuna Sittard,Ajax,1.02,1.91,2,3,3900342
2022-08-06,PSV Eindhoven,FC Emmen,1.73,0.57,4,1,3900344
2022-08-06,RKC Waalwijk,FC Utrecht,1.89,2.06,2,2,3900345
2022-08-07,AZ Alkmaar,Go Ahead Eagles,2.37,1.0,2,0,3900349
2022-08-07,FC Groningen,FC Volendam,1.8,1.5,2,2,3900346
2022-08-07,NEC Nijmegen,FC Twente,0.99,0.9,0,1,3900348
2022-08-07,Vitesse,Feyenoord,0.59,2.51,2,5,3900347
2022-08-12,Excelsior,Vitesse,1.5,2.0,3,1,3900350
2022-08-13,FC Emmen,RKC Waalwijk,1.41,0.71,1,1,3900352
2022-08-13,FC Utrecht,Cambuur,1.5,0.84,0,0,3900353
2022-08-13,Feyenoord,SC Heerenveen,1.86,0.79,0,0,3900354
2022-08-13,Go Ahead Eagles,PSV Eindhoven,0.91,3.1,2,5,3900351
2022-08-14,Ajax,FC Groningen,3.46,0.51,6,1,3900356
2022-08-14,FC Twente,Fortuna Sittard,1.71,0.73,3,0,3900357
2022-08-14,FC Volendam,NEC Nijmegen,1.25,1.78,1,4,3900355
2022-08-14,Sparta Rotterdam,AZ Alkmaar,0.88,2.9,2,3,3900358
2022-08-20,FC Emmen,FC Utrecht,1.09,1.29,3,2,3900362
2022-08-20,Fortuna Sittard,Cambuur,1.23,0.91,1,4,3900363
2022-08-20,Vitesse,SC Heerenveen,0.73,1.65,0,4,3900359
2022-08-21,FC Groningen,Go Ahead Eagles,0.45,0.37,1,0,3900360
2022-08-21,RKC Waalwijk,Feyenoord,1.05,1.88,0,1,3900366
2022-08-21,Sparta Rotterdam,Ajax,0.65,2.07,0,1,3900364
2022-08-26,NEC Nijmegen,FC Groningen,1.25,0.95,1,1,3900368
2022-08-27,Feyenoord,FC Emmen,2.21,0.61,4,0,3900371
2022-08-27,Go Ahead Eagles,Sparta Rotterdam,0.48,1.75,0,1,3900369
2022-08-27,SC Heerenveen,Fortuna Sittard,2.16,1.07,2,1,3900372
2022-08-27,Vitesse,RKC Waalwijk,3.25,0.67,2,2,3900370
2022-08-28,Cambuur,AZ Alkmaar,0.86,1.05,0,1,3900376
2022-08-28,Excelsior,PSV Eindhoven,0.93,4.03,1,6,3900374
2022-08-28,FC Utrecht,Ajax,0.24,1.22,0,2,3900373
2022-08-28,FC Volendam,FC Twente,2.24,2.26,1,0,3900375
2022-08-31,FC Twente,Excelsior,2.19,0.8,4,0,3900367
2022-08-31,PSV Eindhoven,FC Volendam,5.11,0.95,7,1,3900361
2022-09-01,AZ Alkmaar,NEC Nijmegen,2.62,0.07,1,1,3900365
2022-09-02,Fortuna Sittard,FC Utrecht,2.03,3.87,3,4,3900377
2022-09-03,Ajax,Cambuur,3.1,0.38,4,0,3900378
2022-09-03,FC Twente,PSV Eindhoven,0.97,1.06,2,1,3900379
2022-09-03,Go Ahead Eagles,Feyenoord,1.67,2.32,3,4,3900381
2022-09-03,Sparta Rotterdam,FC Volendam,1.46,1.79,4,0,3900380
2022-09-04,FC Emmen,AZ Alkmaar,0.57,2.46,0,3,3900383
2022-09-04,FC Groningen,Vitesse,0.8,2.32,0,1,3900385
2022-09-04,RKC Waalwijk,Excelsior,2.46,1.07,5,2,3900382
2022-09-04,SC Heerenveen,NEC Nijmegen,0.79,0.49,0,0,3900384
2022-09-09,FC Volendam,Go Ahead Eagles,1.38,1.04,2,3,3900386
2022-09-10,Ajax,SC Heerenveen,3.51,0.68,5,0,3900388
2022-09-10,Excelsior,FC Emmen,0.86,0.98,2,1,3900389
2022-09-10,NEC Nijmegen,Fortuna Sittard,2.17,0.58,1,1,3900387
2022-09-11,AZ Alkmaar,FC Twente,0.76,0.62,1,1,3900393
2022-09-11,Cambuur,FC Groningen,1.04,0.6,0,1,3900392
2022-09-11,FC Utrecht,Vitesse,0.94,0.51,1,0,3900391
2022-09-11,Feyenoord,Sparta Rotterdam,1.42,0.89,3,0,3900394
2022-09-11,PSV Eindhoven,RKC Waalwijk,3.55,0.58,1,0,3900390
2022-09-16,FC Utrecht,NEC Nijmegen,1.13,1.08,0,0,3900395
2022-09-17,Fortuna Sittard,Excelsior,1.5,0.65,1,0,3900399
2022-09-17,RKC Waalwijk,Cambuur,4.85,0.43,5,1,3900398
2022-09-17,Sparta Rotterdam,FC Groningen,1.46,0.31,2,1,3900396
2022-09-17,Vitesse,FC Volendam,1.26,1.09,1,1,3900397
2022-09-18,AZ Alkmaar,Ajax,1.49,2.32,2,1,3900403
2022-09-18,Go Ahead Eagles,FC Emmen,1.19,0.9,2,0,3900400
2022-09-18,PSV Eindhoven,Feyenoord,2.82,1.28,4,3,3900401
2022-09-18,SC Heerenveen,FC Twente,1.85,1.05,2,1,3900402
2022-10-01,Ajax,Go Ahead Eagles,2.23,0.35,1,1,3900406
2022-10-01,Cambuur,PSV Eindhoven,0.47,0.99,3,0,3900404
2022-10-01,FC Groningen,AZ Alkmaar,0.94,1.7,1,4,3900408
2022-10-01,FC Twente,Vitesse,1.49,0.62,3,0,3900407
2022-10-02,Excelsior,FC Utrecht,1.14,2.5,0,1,3900405
2022-10-02,FC Emmen,SC Heerenveen,1.12,0.39,0,0,3900409
2022-10-02,Fortuna Sittard,FC Volendam,1.83,0.96,2,0,3900410
2022-10-02,NEC Nijmegen,Feyenoord,0.45,1.35,1,1,3900411
2022-10-02,RKC Waalwijk,Sparta Rotterdam,0.97,1.03,2,2,3900412
2022-10-07,FC Groningen,RKC Waalwijk,1.63,2.09,2,3,3900413
2022-10-08,FC Volendam,Ajax,1.37,2.97,2,4,3900414
2022-10-08,NEC Nijmegen,Excelsior,0.76,0.64,1,1,3900415
2022-10-08,Sparta Rotterdam,FC Emmen,1.34,1.25,3,1,3900416
2022-10-09,FC Utrecht,AZ Alkmaar,0.77,0.89,1,2,3900421
2022-10-09,Feyenoord,FC Twente,2.38,0.68,2,0,3900419
2022-10-09,Go Ahead Eagles,Cambuur,1.42,0.62,0,0,3900418
2022-10-09,SC Heerenveen,PSV Eindhoven,0.68,0.85,0,1,3900417
2022-10-09,Vitesse,Fortuna Sittard,0.58,0.77,1,2,3900420
2022-10-14,FC Emmen,FC Volendam,1.78,0.62,1,1,3900422
2022-10-15,Cambuur,Vitesse,0.83,1.73,0,3,3900426
2022-10-15,Fortuna Sittard,RKC Waalwijk,0.5,0.54,0,0,3900425
2022-10-15,Go Ahead Eagles,SC Heerenveen,2.06,1.06,1,1,3900423
2022-10-16,AZ Alkmaar,Feyenoord,0.74,1.28,1,3,3900430
2022-10-16,Ajax,Excelsior,4.67,0.44,7,1,3900424
2022-10-16,FC Twente,FC Groningen,2.21,0.21,3,0,3900428
2022-10-16,PSV Eindhoven,FC Utrecht,3.02,1.07,6,1,3900429
2022-10-16,Sparta Rotterdam,NEC Nijmegen,1.24,0.72,2,0,3900427
2022-10-22,Feyenoord,Fortuna Sittard,2.54,0.51,1,1,3900431
2022-10-22,RKC Waalwijk,Ajax,2.38,2.07,1,4,3900432
2022-10-22,Vitesse,FC Emmen,1.01,0.55,2,1,3900434
2022-10-23,Cambuur,FC Twente,1.19,1.6,0,1,3900433
2022-10-23,Excelsior,AZ Alkmaar,0.88,1.86,2,1,3900436
2022-10-23,FC Groningen,PSV Eindhoven,1.84,3.51,4,2,3900435
2022-10-23,FC Utrecht,Sparta Rotterdam,2.3,1.19,3,1,3900439
2022-10-23,FC Volendam,SC Heerenveen,0.91,1.17,1,3,3900437
2022-10-23,NEC Nijmegen,Go Ahead Eagles,2.37,1.69,3,3,3900438
2022-10-29,Go Ahead Eagles,Excelsior,1.41,0.89,3,1,3900445
2022-10-29,SC Heerenveen,FC Utrecht,1.88,0.4,1,2,3900447
2022-10-29,Sparta Rotterdam,Fortuna Sittard,1.95,0.59,3,1,3900448
2022-10-30,AZ Alkmaar,FC Volendam,1.03,1.47,2,1,3900441
2022-10-30,FC Emmen,FC Groningen,1.31,1.15,0,0,3900442
2022-10-30,FC Twente,RKC Waalwijk,3.23,1.1,3,0,3900443
2022-10-30,PSV Eindhoven,NEC Nijmegen,2.45,1.01,3,0,3900446
2022-11-04,Cambuur,NEC Nijmegen,2.35,1.9,0,1,3900456
2022-11-05,Excelsior,SC Heerenveen,0.5,0.6,0,1,3900450
2022-11-05,Fortuna Sittard,FC Emmen,0.92,1.55,0,1,3900454
2022-11-05,Vitesse,Sparta Rotterdam,0.91,0.97,0,4,3900457
2022-11-06,Ajax,PSV Eindhoven,0.95,0.76,1,2,3900449
2022-11-06,FC Twente,Go Ahead Eagles,2.4,1.42,1,1,3900451
2022-11-06,FC Utrecht,FC Groningen,2.22,1.03,2,1,3900452
2022-11-06,FC Volendam,Feyenoord,0.27,2.97,0,2,3900453
2022-11-06,RKC Waalwijk,AZ Alkmaar,2.1,1.62,3,1,3900455
2022-11-09,Ajax,Vitesse,4.24,0.67,2,2,3900440
2022-11-10,Feyenoord,Cambuur,1.99,0.86,1,0,3900444
2022-11-11,Sparta Rotterdam,FC Twente,0.57,0.96,1,1,3900466
2022-11-12,FC Emmen,Ajax,1.69,1.3,3,3,3900458
2022-11-12,FC Volendam,FC Utrecht,0.88,1.44,0,4,3900460
2022-11-12,PSV Eindhoven,AZ Alkmaar,1.27,0.73,0,1,3900464
2022-11-13,FC Groningen,Fortuna Sittard,1.51,1.34,2,3,3900459
2022-11-13,Feyenoord,Excelsior,1.74,0.57,5,1,3900461
2022-11-13,Go Ahead Eagles,Vitesse,0.85,1.46,2,2,3900462
2022-11-13,NEC Nijmegen,RKC Waalwijk,3.83,1.11,6,1,3900463
2022-11-13,SC Heerenveen,Cambuur,1.17,1.79,2,1,3900465
2023-01-06,FC Twente,FC Emmen,2.62,0.2,2,0,3900467
2023-01-07,AZ Alkmaar,Vitesse,1.45,1.38,1,1,3900469
2023-01-07,Fortuna Sittard,Go Ahead Eagles,0.93,2.23,0,2,3900470
2023-01-07,PSV Eindhoven,Sparta Rotterdam,1.14,0.68,0,0,3900471
2023-01-07,RKC Waalwijk,SC Heerenveen,0.87,1.06,0,0,3900468
2023-01-08,Cambuur,FC Volendam,1.2,1.28,0,3,3900474
2023-01-08,Excelsior,FC Groningen,1.47,0.85,1,0,3900475
2023-01-08,FC Utrecht,Feyenoord,0.54,0.81,1,1,3900472
2023-01-08,NEC Nijmegen,Ajax,0.49,2.17,1,1,3900473
2023-01-14,Ajax,FC Twente,0.38,1.89,0,0,3900479
2023-01-14,FC Volendam,RKC Waalwijk,1.66,0.91,2,1,3900480
2023-01-14,SC Heerenveen,AZ Alkmaar,2.11,1.55,0,2,3900476
2023-01-14,Sparta Rotterdam,Excelsior,2.05,0.51,1,0,3900478
2023-01-15,FC Emmen,Cambuur,1.23,0.76,0,0,3900484
2023-01-15,FC Groningen,Feyenoord,0.2,2.47,0,3,3900477
2023-01-15,Fortuna Sittard,PSV Eindhoven,1.68,4.68,2,2,3900482
2023-01-15,Go Ahead Eagles,FC Utrecht,2.4,0.9,2,2,3900483
2023-01-15,Vitesse,NEC Nijmegen,1.63,0.29,0,0,3900481
2023-01-20,Excelsior,FC Volendam,2.22,0.64,2,0,3900485
2023-01-21,Cambuur,Sparta Rotterdam,0.89,1.96,0,3,3900488
2023-01-21,NEC Nijmegen,FC Emmen,2.94,0.96,3,1,3900486
2023-01-21,PSV Eindhoven,Vitesse,1.44,0.68,1,0,3900487
2023-01-22,AZ Alkmaar,Fortuna Sittard,1.67,1.23,3,1,3900493
2023-01-22,FC Twente,FC Utrecht,1.78,0.4,2,0,3900491
2023-01-22,Feyenoord,Ajax,0.38,1.39,1,1,3900492
2023-01-22,SC Heerenveen,FC Groningen,2.08,0.92,3,1,3900490
2023-01-24,FC Emmen,PSV Eindhoven,0.87,1.33,1,0,3900494
2023-01-24,Sparta Rotterdam,RKC Waalwijk,0.73,0.75,0,0,3900495
2023-01-25,FC Utrecht,Excelsior,2.26,0.08,1,0,3900499
2023-01-25,Feyenoord,NEC Nijmegen,2.05,0.59,2,0,3900500
2023-01-25,Fortuna Sittard,SC Heerenveen,2.34,0.66,2,0,3900498
2023-01-25,Go Ahead Eagles,AZ Alkmaar,1.82,1.81,1,4,3900496
2023-01-25,Vitesse,FC Twente,1.11,1.68,2,2,3900497
2023-01-26,Ajax,FC Volendam,3.89,0.41,1,1,3900502
2023-01-26,FC Groningen,Cambuur,1.7,0.67,0,1,3900501
2023-01-28,AZ Alkmaar,FC Utrecht,1.72,2.7,5,5,3900507
2023-01-28,NEC Nijmegen,Sparta Rotterdam,2.0,0.65,1,1,3900505
2023-01-28,PSV Eindhoven,Go Ahead Eagles,1.29,0.39,2,0,3900504
2023-01-28,RKC Waalwijk,FC Emmen,1.02,1.16,2,0,3900503
2023-01-28,SC Heerenveen,Vitesse,0.68,2.87,1,3,3900506
2023-01-29,Cambuur,Fortuna Sittard,0.77,1.52,1,2,3900511
2023-01-29,Excelsior,Ajax,1.35,1.44,1,4,3900509
2023-01-29,FC Twente,Feyenoord,1.74,1.76,1,1,3900508
2023-01-29,FC Volendam,FC Groningen,2.15,1.44,3,2,3900510
2023-02-01,RKC Waalwijk,Go Ahead Eagles,0.82,0.74,3,1,3900489
2023-02-03,Fortuna Sittard,Sparta Rotterdam,0.91,0.8,0,0,3900512
2023-02-04,Excelsior,RKC Waalwijk,1.01,1.99,0,0,3900516
2023-02-04,FC Emmen,Vitesse,0.55,1.31,2,2,3900514
2023-02-04,FC Utrecht,SC Heerenveen,1.84,0.5,1,0,3900515
2023-02-04,FC Volendam,AZ Alkmaar,0.7,1.31,1,1,3900513
2023-02-05,Cambuur,Ajax,0.36,3.49,0,5,3900517
2023-02-05,FC Groningen,FC Twente,1.76,1.37,1,1,3900520
2023-02-05,Feyenoord,PSV Eindhoven,3.54,0.46,2,2,3900518
2023-02-05,Go Ahead Eagles,NEC Nijmegen,0.85,0.32,1,0,3900519
2023-02-10,AZ Alkmaar,Excelsior,3.64,0.21,5,0,3900522
2023-02-11,FC Emmen,Fortuna Sittard,1.13,1.45,0,1,3900523
2023-02-11,NEC Nijmegen,Cambuur,1.08,1.18,0,0,3900525
2023-02-11,PSV Eindhoven,FC Groningen,4.05,0.2,6,0,3900526
2023-02-12,Ajax,RKC Waalwijk,2.97,0.64,3,1,3900521
2023-02-12,FC Twente,FC Volendam,1.41,0.4,3,0,3900524
2023-02-12,SC Heerenveen,Feyenoord,1.62,1.83,1,2,3900527
2023-02-12,Sparta Rotterdam,Go Ahead Eagles,2.01,1.01,2,1,3900528
2023-02-12,Vitesse,FC Utrecht,0.98,1.29,2,0,3900529
2023-02-17,RKC Waalwijk,Fortuna Sittard,3.26,0.6,3,1,3900537
2023-02-18,FC Groningen,FC Emmen,1.01,0.58,1,1,3900532
2023-02-18,FC Volendam,Vitesse,1.48,0.99,2,0,3900534
2023-02-18,Feyenoord,AZ Alkmaar,1.01,0.2,2,1,3900535
2023-02-19,Ajax,Sparta Rotterdam,4.12,0.37,4,0,3900530
2023-02-19,Cambuur,SC Heerenveen,1.12,1.72,1,2,3900538
2023-02-19,Excelsior,NEC Nijmegen,1.59,1.99,0,3,3900531
2023-02-19,FC Utrecht,PSV Eindhoven,0.52,2.58,2,2,3900533
2023-02-19,Go Ahead Eagles,FC Twente,1.35,1.25,2,0,3900536
2023-02-24,Sparta Rotterdam,FC Utrecht,0.74,1.08,0,3,3900546
2023-02-25,AZ Alkmaar,Cambuur,2.29,2.03,2,1,3900539
2023-02-25,FC Groningen,Excelsior,1.4,0.16,3,0,3900541
2023-02-25,NEC Nijmegen,FC Volendam,2.54,0.64,3,0,3900543
2023-02-25,SC Heerenveen,RKC Waalwijk,2.3,1.67,1,4,3900545
2023-02-26,FC Emmen,Go Ahead Eagles,1.44,0.86,2,2,3900540
2023-02-26,Fortuna Sittard,Feyenoord,1.33,2.39,2,4,3900542
2023-02-26,PSV Eindhoven,FC Twente,2.12,0.92,3,1,3900544
2023-02-26,Vitesse,Ajax,0.94,1.12,1,2,3900547
2023-03-03,FC Utrecht,Fortuna Sittard,1.48,1.49,1,2,3900551
2023-03-03,Vitesse,AZ Alkmaar,0.71,1.35,0,1,3900556
2023-03-04,FC Twente,SC Heerenveen,2.11,1.76,3,3,3900550
2023-03-04,FC Volendam,FC Emmen,2.68,2.5,3,1,3900552
2023-03-04,Feyenoord,FC Groningen,2.54,0.28,1,0,3900553
2023-03-05,Ajax,NEC Nijmegen,1.8,0.41,1,0,3900548
2023-03-05,Cambuur,Go Ahead Eagles,2.24,1.33,4,1,3900555
2023-03-05,Excelsior,Sparta Rotterdam,2.01,1.31,1,4,3900549
2023-03-05,RKC Waalwijk,PSV Eindhoven,1.25,2.08,0,1,3900554
2023-03-11,AZ Alkmaar,FC Groningen,0.92,0.66,1,0,3900557
2023-03-11,FC Emmen,Excelsior,1.17,1.51,2,0,3900558
2023-03-11,Fortuna Sittard,FC Twente,0.52,2.6,0,3,3900560
2023-03-11,Sparta Rotterdam,Vitesse,1.88,0.81,3,1,3900565
2023-03-12,Feyenoord,FC Volendam,1.92,1.1,2,1,3900559
2023-03-12,NEC Nijmegen,FC Utrecht,2.08,1.61,2,2,3900562
2023-03-12,PSV Eindhoven,Cambuur,3.29,1.6,5,2,3900563
2023-03-12,SC Heerenveen,Ajax,1.08,1.86,2,4,3900564
2023-03-17,FC Volendam,Fortuna Sittard,0.6,0.6,2,1,3900572
2023-03-18,FC Emmen,Sparta Rotterdam,0.64,1.11,0,2,3900568
2023-03-18,FC Utrecht,Go Ahead Eagles,1.24,1.6,1,2,3900571
2023-03-18,RKC Waalwijk,NEC Nijmegen,1.88,2.48,1,3,3900573
2023-03-19,Ajax,Feyenoord,1.04,1.61,2,3,3900566
2023-03-19,Excelsior,Cambuur,1.7,2.04,4,1,3900567
2023-03-19,FC Groningen,SC Heerenveen,0.39,1.89,0,2,3900569
2023-03-19,FC Twente,AZ Alkmaar,1.39,1.35,2,1,3900570
2023-03-19,Vitesse,PSV Eindhoven,0.42,1.6,1,1,3900574
2023-04-01,AZ Alkmaar,SC Heerenveen,3.12,1.88,1,1,3900575
2023-04-01,Cambuur,FC Emmen,1.12,1.15,1,2,3900582
2023-04-01,Excelsior,FC Twente,0.59,2.38,0,0,3900576
2023-04-01,NEC Nijmegen,PSV Eindhoven,0.5,3.97,2,4,3900580
2023-04-01,RKC Waalwijk,Vitesse,1.1,1.15,1,0,3900581
2023-04-02,FC Utrecht,FC Volendam,2.17,0.42,0,0,3900577
2023-04-02,Fortuna Sittard,FC Groningen,1.05,1.53,3,1,3900578
2023-04-02,Go Ahead Eagles,Ajax,0.43,0.71,0,0,3900579
2023-04-02,Sparta Rotterdam,Feyenoord,1.31,3.25,1,3,3900583
2023-04-07,FC Groningen,FC Utrecht,0.37,1.64,1,2,3900587
2023-04-08,AZ Alkmaar,Sparta Rotterdam,1.91,0.83,0,1,3900585
2023-04-08,PSV Eindhoven,Excelsior,3.98,0.34,4,0,3900590
2023-04-08,SC Heerenveen,FC Volendam,2.39,1.47,2,1,3900591
2023-04-08,Vitesse,Go Ahead Eagles,2.23,0.36,2,0,3900592
2023-04-09,Ajax,Fortuna Sittard,2.31,0.37,4,0,3900584
2023-04-09,FC Emmen,NEC Nijmegen,1.25,2.19,0,0,3900586
2023-04-09,FC Twente,Cambuur,4.36,0.37,4,0,3900588
2023-04-09,Feyenoord,RKC Waalwijk,2.35,0.49,5,1,3900589
2023-04-14,Excelsior,Go Ahead Eagles,1.73,1.73,2,1,3900594
2023-04-15,RKC Waalwijk,FC Groningen,2.26,0.81,2,1,3900599
2023-04-15,Sparta Rotterdam,SC Heerenveen,0.86,1.15,4,0,3900601
2023-04-16,Ajax,FC Emmen,3.17,0.8,3,1,3900593
2023-04-16,Cambuur,Feyenoord,0.54,2.17,0,3,3900600
2023-04-16,FC Utrecht,FC Twente,0.43,1.09,1,0,3900595
2023-04-16,FC Volendam,PSV Eindhoven,1.62,1.82,2,3,3900596
2023-04-16,Fortuna Sittard,AZ Alkmaar,0.59,1.34,0,3,3900597
2023-04-16,NEC Nijmegen,Vitesse,1.2,1.98,1,4,3900598
2023-04-19,Go Ahead Eagles,RKC Waalwijk,3.8,0.4,3,2,3900561
2023-04-21,FC Volendam,Cambuur,1.75,0.95,2,0,3900605
2023-04-22,SC Heerenveen,FC Emmen,2.44,2.25,2,3,3900609
2023-04-22,Vitesse,Excelsior,2.15,0.33,0,0,3900610
2023-04-23,AZ Alkmaar,RKC Waalwijk,1.73,0.51,3,0,3900602
2023-04-23,FC Twente,Sparta Rotterdam,1.41,2.09,3,3,3900604
2023-04-23,Feyenoord,FC Utrecht,2.44,0.83,3,1,3900606
2023-04-23,Go Ahead Eagles,Fortuna Sittard,1.74,1.33,2,0,3900607
2023-04-23,PSV Eindhoven,Ajax,2.82,0.59,3,0,3900608
2023-04-25,FC Groningen,NEC Nijmegen,1.36,1.39,0,1,3900603
2023-05-05,RKC Waalwijk,FC Volendam,1.5,1.17,4,1,3900617
2023-05-06,Ajax,AZ Alkmaar,2.47,0.99,0,0,3900611
2023-05-06,Cambuur,FC Utrecht,0.48,2.01,0,3,3900618
2023-05-06,NEC Nijmegen,SC Heerenveen,1.96,1.39,2,3,3900616
2023-05-06,Sparta Rotterdam,PSV Eindhoven,0.49,2.7,0,1,3900619
2023-05-07,Excelsior,Feyenoord,0.63,1.21,0,2,3900612
2023-05-07,FC Emmen,FC Twente,0.96,2.41,0,3,3900613
2023-05-07,Fortuna Sittard,Vitesse,0.77,0.97,2,0,3900614
2023-05-07,Go Ahead Eagles,FC Groningen,1.69,1.36,1,1,3900615
2023-05-12,FC Twente,NEC Nijmegen,4.11,0.73,4,0,3900622
2023-05-13,FC Utrecht,RKC Waalwijk,2.18,0.67,2,0,3900623
2023-05-13,FC Volendam,Sparta Rotterdam,2.23,1.18,2,1,3900624
2023-05-13,SC Heerenveen,Excelsior,0.59,1.31,0,0,3900627
2023-05-14,AZ Alkmaar,FC Emmen,3.0,0.68,5,1,3900620
2023-05-14,Feyenoord,Go Ahead Eagles,1.77,1.61,3,0,3900625
2023-05-14,PSV Eindhoven,Fortuna Sittard,2.52,0.44,2,1,3900626
2023-05-14,Vitesse,Cambuur,1.24,1.04,2,0,3900628
2023-05-16,FC Groningen,Ajax,1.06,2.81,2,3,3900621
2023-05-21,Ajax,FC Utrecht,3.64,0.32,3,1,3900629
2023-05-21,Excelsior,Fortuna Sittard,1.92,0.82,3,0,3900631
2023-05-21,FC Emmen,Feyenoord,0.73,1.59,1,3,3900630
2023-05-21,Go Ahead Eagles,FC Volendam,3.15,1.08,3,0,3900632
2023-05-21,NEC Nijmegen,AZ Alkmaar,1.08,1.36,0,3,3900633
2023-05-21,PSV Eindhoven,SC Heerenveen,3.63,1.24,3,3,3900634
2023-05-21,RKC Waalwijk,FC Twente,0.47,3.71,0,5,3900635
2023-05-21,Sparta Rotterdam,Cambuur,1.17,2.13,4,1,3900636
2023-05-21,Vitesse,FC Groningen,2.06,0.63,6,0,3900637
2023-05-28,AZ Alkmaar,PSV Eindhoven,1.4,1.28,1,2,3900638
2023-05-28,Cambuur,RKC Waalwijk,3.57,1.33,4,0,3900639
2023-05-28,FC Groningen,Sparta Rotterdam,0.31,4.14,0,5,3900642
2023-05-28,FC Twente,Ajax,1.59,2.16,3,1,3900644
2023-05-28,FC Utrecht,FC Emmen,2.9,1.29,3,2,3900645
2023-05-28,FC Volendam,Excelsior,2.55,2.85,3,2,3900646
2023-05-28,Feyenoord,Vitesse,1.66,1.65,0,1,3900640
2023-05-28,Fortuna Sittard,NEC Nijmegen,1.48,3.09,1,1,3900641
2023-05-28,SC Heerenveen,Go Ahead Eagles,1.51,1.21,2,0,3900643
2023-06-01,FC Utrecht,Sparta Rotterdam,2.44,1.36,1,2,4176845
2023-06-01,SC Heerenveen,FC Twente,0.34,1.85,1,2,4180479
2023-06-04,FC Twente,SC Heerenveen,3.71,0.99,4,0,4180480
2023-06-04,Sparta Rotterdam,FC Utrecht,2.18,1.32,0,1,4176846
2023-06-08,Sparta Rotterdam,FC Twente,1.35,1.53,1,1,4180498
2023-06-11,FC Twente,Sparta Rotterdam,2.05,0.55,1,0,4180499
2023-08-11,FC Volendam,Vitesse,0.65,1.5,1,2,4216374
2023-08-12,Ajax,Heracles,3.53,0.87,4,1,4216372
2023-08-12,PEC Zwolle,Sparta Rotterdam,0.88,1.25,1,2,4216371
2023-08-12,PSV Eindhoven,FC Utrecht,2.64,0.73,2,0,4216376
2023-08-12,SC Heerenveen,RKC Waalwijk,1.53,2.04,3,1,4216375
2023-08-13,AZ Alkmaar,Go Ahead Eagles,3.57,0.56,5,1,4216370
2023-08-13,Almere City FC,FC Twente,0.55,1.73,1,4,4216377
2023-08-13,Feyenoord,Fortuna Sittard,1.35,1.16,0,0,4216373
2023-08-13,NEC Nijmegen,Excelsior,0.81,1.34,3,4,4216378
2023-08-18,Heracles,NEC Nijmegen,1.09,1.09,2,1,4216384
2023-08-19,Excelsior,Ajax,1.58,2.85,2,2,4216387
2023-08-19,Fortuna Sittard,Almere City FC,1.78,1.2,2,1,4216380
2023-08-19,Go Ahead Eagles,FC Volendam,0.6,1.47,4,1,4216383
2023-08-19,Vitesse,PSV Eindhoven,2.14,2.29,1,3,4216386
2023-08-20,FC Twente,PEC Zwolle,1.68,1.76,3,1,4216381
2023-08-20,FC Utrecht,SC Heerenveen,0.87,0.51,0,2,4216382
2023-08-20,RKC Waalwijk,AZ Alkmaar,2.0,1.49,1,3,4216379
2023-08-20,Sparta Rotterdam,Feyenoord,0.94,2.01,2,2,4216385
2023-08-26,Excelsior,Fortuna Sittard,1.71,1.24,2,2,4216395
2023-08-26,NEC Nijmegen,RKC Waalwijk,1.91,1.31,3,0,4216392
2023-08-27,Feyenoord,Almere City FC,4.44,1.28,6,1,4216394
2023-08-27,PEC Zwolle,FC Utrecht,1.12,0.36,1,0,4216393
2023-08-27,SC Heerenveen,Sparta Rotterdam,2.33,2.07,1,3,4216390
2023-09-01,Sparta Rotterdam,NEC Nijmegen,1.94,0.5,1,1,4216400
2023-09-02,Almere City FC,PEC Zwolle,0.56,0.88,1,2,4216397
2023-09-02,Go Ahead Eagles,SC Heerenveen,3.28,1.34,3,2,4216398
2023-09-02,Heracles,Excelsior,1.46,0.5,3,1,4216403
2023-09-02,RKC Waalwijk,PSV Eindhoven,0.95,2.13,0,4,4216405
2023-09-03,FC Utrecht,Feyenoord,0.62,4.47,1,5,4216401
2023-09-03,FC Volendam,FC Twente,0.48,1.56,0,2,4216399
2023-09-03,Fortuna Sittard,Ajax,1.23,0.6,0,0,4216402
2023-09-03,Vitesse,AZ Alkmaar,0.15,2.29,0,2,4216404
2023-09-16,Feyenoord,SC Heerenveen,3.32,0.75,6,1,4216410
2023-09-16,Fortuna Sittard,FC Volendam,2.61,0.25,3,1,4216408
2023-09-16,Heracles,FC Utrecht,0.91,1.88,1,3,4216412
2023-09-16,PSV Eindhoven,NEC Nijmegen,5.67,0.24,4,0,4216407
2023-09-16,Vitesse,RKC Waalwijk,0.74,1.94,0,2,4216406
2023-09-17,AZ Alkmaar,Sparta Rotterdam,1.48,0.66,2,0,4216413
2023-09-17,Excelsior,Almere City FC,0.83,1.95,0,0,4216409
2023-09-17,FC Twente,Ajax,3.16,0.93,3,1,4216411
2023-09-17,PEC Zwolle,Go Ahead Eagles,2.78,0.99,1,1,4216414
2023-09-22,Go Ahead Eagles,Fortuna Sittard,2.33,1.22,3,0,4216419
2023-09-23,Almere City FC,PSV Eindhoven,0.4,3.63,0,4,4216415
2023-09-23,FC Volendam,Heracles,2.16,1.65,2,2,4216421
2023-09-23,NEC Nijmegen,FC Utrecht,2.33,1.56,3,0,4216423
2023-09-23,SC Heerenveen,Excelsior,0.78,1.0,0,3,4216420
2023-09-24,PEC Zwolle,AZ Alkmaar,0.81,0.98,0,3,4216416
2023-09-24,RKC Waalwijk,FC Twente,0.38,0.53,1,0,4216422
2023-09-24,Sparta Rotterdam,Vitesse,1.47,0.33,1,0,4216418
2023-09-27,Ajax,Feyenoord,0.3,2.61,0,4,4216417
2023-09-27,FC Twente,Vitesse,1.76,1.21,1,0,4216389
2023-09-27,PSV Eindhoven,Go Ahead Eagles,3.37,0.8,3,0,4216396
2023-09-28,AZ Alkmaar,Heracles,2.72,0.75,1,1,4216391
2023-09-30,FC Twente,SC Heerenveen,0.7,0.42,1,0,4216425
2023-09-30,FC Utrecht,Almere City FC,1.17,1.98,0,2,4216427
2023-09-30,Feyenoord,Go Ahead Eagles,3.47,0.44,3,1,4216431
2023-09-30,PSV Eindhoven,FC Volendam,4.21,0.81,3,1,4216428
2023-10-01,AZ Alkmaar,Fortuna Sittard,2.2,0.65,4,0,4216429
2023-10-01,Excelsior,Sparta Rotterdam,1.55,0.46,2,1,4216424
2023-10-01,Heracles,PEC Zwolle,2.52,1.66,2,1,4216426
2023-10-01,NEC Nijmegen,Vitesse,1.11,1.25,1,3,4216430
2023-10-06,FC Volendam,FC Utrecht,2.61,0.92,1,0,4216441
2023-10-07,Almere City FC,RKC Waalwijk,1.95,0.57,1,0,4216439
2023-10-07,Go Ahead Eagles,Heracles,1.67,1.8,4,0,4216433
2023-10-07,SC Heerenveen,NEC Nijmegen,2.12,1.03,1,1,4216440
2023-10-07,Vitesse,Excelsior,1.4,1.0,0,0,4216434
2023-10-08,Ajax,AZ Alkmaar,0.2,2.12,1,2,4216436
2023-10-08,Fortuna Sittard,FC Twente,0.15,1.92,0,3,4216438
2023-10-08,PEC Zwolle,Feyenoord,0.79,2.22,0,2,4216435
2023-10-08,Sparta Rotterdam,PSV Eindhoven,0.43,3.56,0,4,4216437
2023-10-21,AZ Alkmaar,SC Heerenveen,1.41,0.37,3,0,4216444
2023-10-21,Feyenoord,Vitesse,2.97,0.11,4,0,4216443
2023-10-21,NEC Nijmegen,Almere City FC,1.25,0.7,1,1,4216448
2023-10-21,PSV Eindhoven,Fortuna Sittard,1.11,0.81,3,1,4216449
2023-10-21,RKC Waalwijk,FC Volendam,0.61,1.39,2,1,4216442
2023-10-22,Excelsior,PEC Zwolle,2.17,1.24,2,4,4216445
2023-10-22,FC Utrecht,Ajax,1.98,1.47,4,3,4216446
2023-10-22,Go Ahead Eagles,Sparta Rotterdam,0.84,0.68,0,0,4216450
2023-10-22,Heracles,FC Twente,1.65,2.26,2,2,4216447
2023-10-27,Vitesse,PEC Zwolle,2.37,0.19,1,1,4216453
2023-10-28,Almere City FC,Go Ahead Eagles,1.13,0.63,0,0,4216452
2023-10-28,Fortuna Sittard,FC Utrecht,1.23,0.89,0,0,4216457
2023-10-28,SC Heerenveen,Heracles,2.59,0.7,3,0,4216458
2023-10-28,Sparta Rotterdam,RKC Waalwijk,1.77,0.81,2,0,4216454
2023-10-29,FC Twente,Feyenoord,1.5,1.48,2,1,4216451
2023-10-29,FC Volendam,Excelsior,4.07,1.61,3,1,4216459
2023-10-29,PSV Eindhoven,Ajax,4.44,2.48,5,2,4216456
2023-11-02,Ajax,FC Volendam,3.46,0.85,2,0,4216388
2023-11-04,Excelsior,AZ Alkmaar,1.96,0.74,1,1,4216461
2023-11-04,Go Ahead Eagles,Vitesse,3.24,0.57,5,1,4216466
2023-11-04,Heracles,PSV Eindhoven,0.79,5.15,0,6,4216467
2023-11-04,RKC Waalwijk,Feyenoord,0.45,4.34,1,2,4216465
2023-11-05,Ajax,SC Heerenveen,2.49,1.47,4,1,4216468
2023-11-05,FC Utrecht,FC Twente,0.8,1.2,1,1,4216464
2023-11-05,NEC Nijmegen,FC Volendam,2.0,1.55,3,3,4216463
2023-11-05,PEC Zwolle,Fortuna Sittard,1.58,0.86,2,0,4216462
2023-11-05,Sparta Rotterdam,Almere City FC,1.42,1.31,1,2,4216460
2023-11-10,Fortuna Sittard,Heracles,1.4,1.04,4,1,4216470
2023-11-11,FC Twente,NEC Nijmegen,3.2,1.57,3,3,4216475
2023-11-11,RKC Waalwijk,Go Ahead Eagles,1.78,0.81,0,1,4216472
2023-11-11,Vitesse,SC Heerenveen,0.53,2.28,1,3,4216473
2023-11-12,Almere City FC,Ajax,2.55,2.52,2,2,4216477
2023-11-12,FC Utrecht,Excelsior,0.63,1.89,2,2,4216469
2023-11-12,FC Volendam,Sparta Rotterdam,0.9,2.07,1,4,4216474
2023-11-12,Feyenoord,AZ Alkmaar,0.53,0.2,1,0,4216471
2023-11-12,PSV Eindhoven,PEC Zwolle,1.87,0.26,4,0,4216476
2023-11-25,Ajax,Vitesse,3.1,0.49,5,0,4216479
2023-11-25,Excelsior,Feyenoord,1.27,4.5,2,4,4216478
2023-11-25,FC Twente,PSV Eindhoven,0.33,2.08,0,3,4216485
2023-11-25,PEC Zwolle,RKC Waalwijk,1.0,1.43,1,2,4216482
2023-11-25,SC Heerenveen,Fortuna Sittard,2.77,0.52,3,0,4216484
2023-11-26,AZ Alkmaar,FC Volendam,3.64,0.39,3,0,4216483
2023-11-26,Almere City FC,Heracles,1.08,3.21,0,5,4216481
2023-11-26,NEC Nijmegen,Go Ahead Eagles,1.08,0.96,1,1,4216480
2023-11-26,Sparta Rotterdam,FC Utrecht,2.39,1.31,1,2,4216486
2023-12-01,SC Heerenveen,Almere City FC,3.38,0.89,3,0,4216487
2023-12-02,FC Volendam,PEC Zwolle,0.92,2.08,0,5,4216493
2023-12-02,Fortuna Sittard,Vitesse,1.97,0.97,3,1,4216494
2023-12-02,Heracles,Sparta Rotterdam,1.12,1.06,0,1,4216492
2023-12-02,RKC Waalwijk,Excelsior,1.82,0.9,2,2,4216495
2023-12-03,FC Utrecht,AZ Alkmaar,2.15,1.24,1,1,4216490
2023-12-03,Feyenoord,PSV Eindhoven,1.36,1.94,1,2,4216491
2023-12-03,Go Ahead Eagles,FC Twente,1.27,2.54,1,3,4216489
2023-12-03,NEC Nijmegen,Ajax,0.7,3.51,1,2,4216488
2023-12-06,AZ Alkmaar,NEC Nijmegen,2.62,0.6,1,2,4216455
2023-12-06,RKC Waalwijk,Ajax,0.89,1.44,2,3,4216432
2023-12-07,Feyenoord,FC Volendam,3.41,0.46,3,1,4216498
2023-12-07,PSV Eindhoven,SC Heerenveen,4.72,0.62,2,0,4216499
2023-12-08,FC Twente,Excelsior,3.54,0.42,4,2,4216501
2023-12-09,AZ Alkmaar,Almere City FC,1.68,0.63,4,1,4216496
2023-12-09,Ajax,Sparta Rotterdam,3.33,1.09,2,1,4216497
2023-12-09,PEC Zwolle,NEC Nijmegen,1.19,1.19,1,3,4216502
2023-12-10,Fortuna Sittard,RKC Waalwijk,1.45,0.79,1,0,4216503
2023-12-10,Go Ahead Eagles,FC Utrecht,1.27,0.77,0,2,4216500
2023-12-10,Vitesse,Heracles,1.41,1.94,2,0,4216504
2023-12-15,NEC Nijmegen,Fortuna Sittard,2.11,0.37,4,1,4216513
2023-12-16,Excelsior,Go Ahead Eagles,1.4,0.93,1,1,4216508
2023-12-16,FC Utrecht,RKC Waalwijk,1.77,1.95,1,1,4216512
2023-12-16,SC Heerenveen,FC Volendam,1.17,0.79,1,2,4216511
2023-12-17,AZ Alkmaar,PSV Eindhoven,0.07,3.07,0,4,4216507
2023-12-17,Ajax,PEC Zwolle,2.43,1.8,2,2,4216509
2023-12-17,Almere City FC,Vitesse,1.87,0.36,5,0,4216505
2023-12-17,Heracles,Feyenoord,0.07,3.03,0,4,4216506
2023-12-17,Sparta Rotterdam,FC Twente,2.72,2.99,2,2,4216510
2024-01-12,RKC Waalwijk,Heracles,1.86,1.35,1,2,4216522
2024-01-13,FC Twente,AZ Alkmaar,1.62,1.33,2,1,4216514
2024-01-13,Fortuna Sittard,Sparta Rotterdam,3.41,1.36,0,2,4216521
2024-01-13,PEC Zwolle,SC Heerenveen,1.77,2.76,2,2,4216516
2024-01-13,PSV Eindhoven,Excelsior,4.11,0.9,3,1,4216517
2024-01-14,FC Volendam,Almere City FC,0.8,1.7,0,1,4216520
2024-01-14,Feyenoord,NEC Nijmegen,2.37,0.49,2,2,4216515
2024-01-14,Go Ahead Eagles,Ajax,2.9,2.02,2,3,4216519
2024-01-14,Vitesse,FC Utrecht,0.93,1.65,0,0,4216518
2024-01-19,Excelsior,SC Heerenveen,2.89,0.41,3,0,4216524
2024-01-20,AZ Alkmaar,PEC Zwolle,2.94,1.76,2,2,4216523
2024-01-20,Heracles,FC Volendam,1.81,0.41,1,1,4216527
2024-01-20,NEC Nijmegen,FC Twente,1.7,0.58,1,0,4216529
2024-01-21,Ajax,RKC Waalwijk,2.44,1.41,4,1,4216530
2024-01-21,FC Utrecht,PSV Eindhoven,1.4,1.01,1,1,4216526
2024-01-21,Sparta Rotterdam,Go Ahead Eagles,1.46,1.31,0,2,4216531
2024-01-21,Vitesse,Feyenoord,0.39,2.64,1,2,4216528
2024-01-24,Almere City FC,Fortuna Sittard,0.28,0.52,0,0,4216525
2024-01-26,PEC Zwolle,Vitesse,1.64,0.58,1,0,4216539
2024-01-27,Excelsior,FC Utrecht,0.69,1.36,1,1,4216534
2024-01-27,Heracles,Ajax,1.07,3.82,2,4,4216535
2024-01-27,PSV Eindhoven,Almere City FC,2.51,0.28,2,0,4216532
2024-01-27,RKC Waalwijk,Sparta Rotterdam,0.34,1.9,1,1,4216537
2024-01-28,FC Volendam,Fortuna Sittard,0.42,1.48,0,1,4216536
2024-01-28,Feyenoord,FC Twente,3.11,0.44,0,0,4216533
2024-01-28,Go Ahead Eagles,NEC Nijmegen,2.02,2.94,2,2,4216540
2024-01-28,SC Heerenveen,AZ Alkmaar,1.05,0.77,2,2,4216538
2024-02-02,Almere City FC,Excelsior,1.19,1.8,2,1,4216549
2024-02-03,Ajax,PSV Eindhoven,1.2,1.17,1,1,4216544
2024-02-03,FC Twente,RKC Waalwijk,3.68,1.09,3,0,4216541
2024-02-03,Fortuna Sittard,SC Heerenveen,1.67,0.54,3,3,4216543
2024-02-03,NEC Nijmegen,Heracles,2.97,0.82,3,1,4216547
2024-02-04,AZ Alkmaar,Feyenoord,0.91,1.04,0,1,4216548
2024-02-04,FC Utrecht,FC Volendam,2.38,1.03,4,2,4216546
2024-02-04,Sparta Rotterdam,PEC Zwolle,2.36,1.57,0,2,4216542
2024-02-04,Vitesse,Go Ahead Eagles,0.67,2.96,0,2,4216545
2024-02-09,RKC Waalwijk,NEC Nijmegen,1.94,0.94,2,0,4216554
2024-02-10,Almere City FC,AZ Alkmaar,0.55,1.05,0,0,4216558
2024-02-10,Excelsior,FC Twente,0.94,0.89,0,3,4216553
2024-02-10,Heracles,Vitesse,1.9,0.76,3,2,4216551
2024-02-11,FC Utrecht,Fortuna Sittard,1.89,0.42,4,0,4216556
2024-02-11,FC Volendam,PSV Eindhoven,0.65,3.8,1,5,4216552
2024-02-11,Feyenoord,Sparta Rotterdam,3.23,0.3,2,0,4216557
2024-02-11,Go Ahead Eagles,PEC Zwolle,2.46,1.32,1,1,4216555
2024-02-11,SC Heerenveen,Ajax,1.97,1.38,3,2,4216550
2024-02-16,PSV Eindhoven,Heracles,4.08,0.17,2,0,4216563
2024-02-17,Fortuna Sittard,AZ Alkmaar,1.72,1.8,1,2,4216559
2024-02-17,PEC Zwolle,Almere City FC,1.16,0.14,0,1,4216566
2024-02-17,SC Heerenveen,Go Ahead Eagles,1.1,1.57,0,2,4216565
2024-02-17,Sparta Rotterdam,Excelsior,2.61,1.35,4,2,4216567
2024-02-18,Ajax,NEC Nijmegen,1.09,1.9,2,2,4216564
2024-02-18,FC Twente,FC Utrecht,1.8,0.4,0,1,4216562
2024-02-18,Feyenoord,RKC Waalwijk,3.28,0.65,1,0,4216560
2024-02-18,Vitesse,FC Volendam,3.18,0.4,1,1,4216561
2024-02-23,FC Utrecht,Heracles,1.44,0.51,1,0,4216568
2024-02-24,NEC Nijmegen,Sparta Rotterdam,1.73,1.38,2,0,4216575
2024-02-24,PEC Zwolle,PSV Eindhoven,0.37,3.66,1,7,4216573
2024-02-24,RKC Waalwijk,Fortuna Sittard,0.22,0.72,0,1,4216574
2024-02-25,AZ Alkmaar,Ajax,0.51,0.92,2,0,4216570
2024-02-25,Almere City FC,Feyenoord,1.04,0.67,0,2,4216572
2024-02-25,Excelsior,Vitesse,1.44,1.36,1,2,4216576
2024-02-25,FC Twente,Go Ahead Eagles,1.54,0.63,3,0,4216569
2024-02-25,FC Volendam,SC Heerenveen,0.72,2.23,0,4,4216571
2024-03-01,FC Volendam,NEC Nijmegen,1.26,2.64,2,5,4216584
2024-03-02,Go Ahead Eagles,RKC Waalwijk,2.31,1.27,1,0,4216583
2024-03-02,Sparta Rotterdam,AZ Alkmaar,0.96,1.22,1,1,4216582
2024-03-02,Vitesse,FC Twente,0.35,1.88,1,2,4216577
2024-03-03,Ajax,FC Utrecht,1.08,0.5,2,0,4216579
2024-03-03,Fortuna Sittard,Excelsior,2.24,0.92,5,2,4216580
2024-03-03,Heracles,Almere City FC,1.87,2.13,2,2,4216578
2024-03-03,PSV Eindhoven,Feyenoord,2.4,2.53,2,2,4216581
2024-03-03,SC Heerenveen,PEC Zwolle,1.66,0.68,2,0,4216585
2024-03-08,Go Ahead Eagles,PSV Eindhoven,0.89,2.18,0,1,4216590
2024-03-09,Almere City FC,FC Utrecht,0.33,1.36,1,1,4216591
2024-03-09,FC Twente,Sparta Rotterdam,1.81,0.09,2,1,4216593
2024-03-09,RKC Waalwijk,Vitesse,2.83,1.45,3,1,4216587
2024-03-10,AZ Alkmaar,Excelsior,1.97,0.15,4,0,4216589
2024-03-10,Ajax,Fortuna Sittard,2.65,1.51,2,2,4216592
2024-03-10,Feyenoord,Heracles,2.3,0.27,3,0,4216594
2024-03-10,NEC Nijmegen,SC Heerenveen,0.73,0.78,2,0,4216588
2024-03-10,PEC Zwolle,FC Volendam,2.62,0.91,1,1,4216586
2024-03-15,Heracles,Go Ahead Eagles,0.76,1.56,2,0,4216600
2024-03-16,Excelsior,RKC Waalwijk,1.45,1.55,1,1,4216597
2024-03-16,Fortuna Sittard,PEC Zwolle,2.49,0.28,3,1,4216596
2024-03-16,Vitesse,Almere City FC,1.36,0.49,1,1,4216603
2024-03-17,FC Utrecht,NEC Nijmegen,2.16,0.62,1,0,4216601
2024-03-17,FC Volendam,AZ Alkmaar,0.7,2.56,0,4,4216598
2024-03-17,PSV Eindhoven,FC Twente,1.93,0.79,1,0,4216599
2024-03-17,SC Heerenveen,Feyenoord,0.56,2.71,2,3,4216602
2024-03-17,Sparta Rotterdam,Ajax,1.15,1.59,2,2,4216595
2024-03-30,AZ Alkmaar,Vitesse,2.23,0.27,2,0,4216611
2024-03-30,Go Ahead Eagles,Excelsior,1.35,0.4,3,0,4216605
2024-03-30,NEC Nijmegen,PSV Eindhoven,1.86,3.59,3,1,4216606
2024-03-30,RKC Waalwijk,SC Heerenveen,0.66,0.88,1,1,4216607
2024-03-30,Sparta Rotterdam,Fortuna Sittard,1.84,0.61,4,0,4216612
2024-03-31,Almere City FC,FC Volendam,1.32,1.6,1,1,4216609
2024-03-31,FC Twente,Heracles,1.22,0.57,1,0,4216608
2024-03-31,Feyenoord,FC Utrecht,3.76,0.95,4,2,4216604
2024-03-31,PEC Zwolle,Ajax,1.17,1.64,1,3,4216610
2024-04-02,Excelsior,PSV Eindhoven,0.03,1.55,0,2,4216614
2024-04-02,Fortuna Sittard,NEC Nijmegen,3.19,0.38,1,1,4216621
2024-04-02,Vitesse,Sparta Rotterdam,1.95,2.18,1,4,4216616
2024-04-03,FC Utrecht,PEC Zwolle,2.93,0.22,5,1,4216613
2024-04-03,Heracles,AZ Alkmaar,3.27,1.57,5,0,4216618
2024-04-03,SC Heerenveen,FC Twente,1.6,1.69,3,3,4216615
2024-04-04,Ajax,Go Ahead Eagles,1.66,1.15,1,1,4216619
2024-04-04,FC Volendam,Feyenoord,0.72,2.78,0,0,4216620
2024-04-04,RKC Waalwijk,Almere City FC,1.81,0.4,0,0,4216617
2024-04-06,FC Twente,Fortuna Sittard,1.97,0.1,2,0,4216622
2024-04-06,PEC Zwolle,Excelsior,3.13,1.44,2,1,4216624
2024-04-06,PSV Eindhoven,AZ Alkmaar,3.29,1.36,5,1,4216626
2024-04-06,Sparta Rotterdam,Heracles,1.42,1.53,1,2,4216625
2024-04-07,FC Volendam,RKC Waalwijk,2.5,1.86,3,2,4216627
2024-04-07,Feyenoord,Ajax,3.62,0.11,6,0,4216629
2024-04-07,Go Ahead Eagles,Almere City FC,1.07,1.23,1,1,4216630
2024-04-07,SC Heerenveen,FC Utrecht,1.04,1.45,2,3,4216628
2024-04-07,Vitesse,NEC Nijmegen,1.22,1.1,0,3,4216623
2024-04-12,Excelsior,FC Volendam,4.7,0.66,4,0,4216639
2024-04-13,AZ Alkmaar,RKC Waalwijk,2.09,0.63,3,2,4216637
2024-04-13,Almere City FC,Sparta Rotterdam,1.15,1.49,2,3,4216638
2024-04-13,PSV Eindhoven,Vitesse,2.95,0.39,6,0,4216634
2024-04-14,Ajax,FC Twente,2.12,0.44,2,1,4216633
2024-04-14,FC Utrecht,Go Ahead Eagles,1.88,0.95,2,1,4216631
2024-04-14,Fortuna Sittard,Feyenoord,0.6,2.11,0,1,4216636
2024-04-14,Heracles,SC Heerenveen,1.3,1.49,0,2,4216632
2024-04-14,NEC Nijmegen,PEC Zwolle,1.6,0.88,2,2,4216635
2024-04-24,Ajax,Excelsior,1.48,1.23,2,2,4216647
2024-04-24,FC Twente,Almere City FC,1.58,0.17,3,1,4216648
2024-04-25,Go Ahead Eagles,Feyenoord,1.5,1.24,1,3,4216646
2024-04-25,SC Heerenveen,PSV Eindhoven,0.26,2.95,0,8,4216642
2024-04-28,NEC Nijmegen,AZ Alkmaar,0.62,1.48,0,3,4216644
2024-04-28,PEC Zwolle,Heracles,2.11,1.1,3,1,4216640
2024-04-28,RKC Waalwijk,FC Utrecht,0.84,1.84,2,2,4216645
2024-04-28,Sparta Rotterdam,FC Volendam,0.71,0.78,1,0,4216643
2024-04-28,Vitesse,Fortuna Sittard,2.34,2.94,3,2,4216641
2024-05-03,Almere City FC,SC Heerenveen,1.79,1.94,1,1,4216649
2024-05-03,Fortuna Sittard,Go Ahead Eagles,1.34,0.84,0,0,4216653
2024-05-05,AZ Alkmaar,FC Twente,1.45,1.87,2,1,4216655
2024-05-05,FC Utrecht,Vitesse,0.97,2.07,1,0,4216656
2024-05-05,FC Volendam,Ajax,1.67,1.79,1,4,4216654
2024-05-05,Feyenoord,PEC Zwolle,5.38,0.37,5,0,4216652
2024-05-05,Heracles,RKC Waalwijk,1.51,2.8,0,5,4216651
2024-05-05,PSV Eindhoven,Sparta Rotterdam,2.37,0.61,4,2,4216650
2024-05-06,Excelsior,NEC Nijmegen,0.72,1.55,0,3,4216657
2024-05-12,Ajax,Almere City FC,1.32,0.17,3,0,4216662
2024-05-12,Excelsior,Heracles,3.8,0.41,4,0,4216665
2024-05-12,FC Twente,FC Volendam,1.94,0.65,7,2,4216661
2024-05-12,FC Utrecht,Sparta Rotterdam,1.17,1.34,0,1,4216659
2024-05-12,Fortuna Sittard,PSV Eindhoven,1.03,1.33,1,1,4216660
2024-05-12,Go Ahead Eagles,AZ Alkmaar,1.3,2.96,0,3,4216663
2024-05-12,NEC Nijmegen,Feyenoord,2.0,3.97,2,3,4216658
2024-05-12,RKC Waalwijk,PEC Zwolle,3.0,1.06,1,1,4216664
2024-05-12,SC Heerenveen,Vitesse,1.94,1.82,1,3,4216666
2024-05-19,AZ Alkmaar,FC Utrecht,0.65,2.75,3,3,4216671
2024-05-19,Almere City FC,NEC Nijmegen,0.99,3.2,1,4,4216674
2024-05-19,FC Volendam,Go Ahead Eagles,1.37,2.87,1,2,4216673
2024-05-19,Feyenoord,Excelsior,2.85,0.32,4,0,4216667
2024-05-19,Heracles,Fortuna Sittard,0.35,0.54,0,0,4216675
2024-05-19,PEC Zwolle,FC Twente,1.14,2.62,1,2,4216672
2024-05-19,PSV Eindhoven,RKC Waalwijk,4.0,0.53,3,1,4216670
2024-05-19,Sparta Rotterdam,SC Heerenveen,1.03,0.93,2,1,4216669
2024-05-19,Vitesse,Ajax,1.85,3.09,2,2,4216668
2024-05-23,FC Utrecht,Sparta Rotterdam,2.49,0.9,3,1,4481101
2024-05-23,NEC Nijmegen,Go Ahead Eagles,1.37,2.64,1,2,4481100
2024-05-26,FC Utrecht,Go Ahead Eagles,4.11,2.41,1,2,4481104
2024-08-09,FC Groningen,NAC Breda,2.23,1.21,4,1,4507639
2024-08-10,Almere City FC,AZ Alkmaar,0.44,0.86,0,1,4507645
2024-08-10,Feyenoord,Willem II,1.84,0.16,1,1,4507640
2024-08-10,NEC Nijmegen,FC Twente,0.92,2.44,1,2,4507641
2024-08-10,PSV Eindhoven,RKC Waalwijk,3.28,1.3,5,1,4507643
2024-08-11,Ajax,SC Heerenveen,1.42,0.43,1,0,4507647
2024-08-11,FC Utrecht,PEC Zwolle,1.03,0.38,1,0,4507642
2024-08-11,Go Ahead Eagles,Fortuna Sittard,1.59,0.86,0,2,4507646
2024-08-11,Sparta Rotterdam,Heracles,0.54,0.54,0,0,4507644
2024-08-16,Fortuna Sittard,Almere City FC,3.22,0.67,3,0,4508811
2024-08-17,AZ Alkmaar,NEC Nijmegen,1.02,0.4,1,0,4508814
2024-08-17,FC Twente,Sparta Rotterdam,2.46,0.94,1,1,4508813
2024-08-17,RKC Waalwijk,FC Groningen,1.12,2.22,1,2,4508815
2024-08-17,SC Heerenveen,FC Utrecht,2.65,1.06,1,1,4508812
2024-08-18,Heracles,PSV Eindhoven,1.2,2.44,1,3,4508816
2024-08-18,NAC Breda,Ajax,1.06,1.38,2,1,4508819
2024-08-18,PEC Zwolle,Feyenoord,0.63,2.49,1,5,4508817
2024-08-18,Willem II,Go Ahead Eagles,1.25,0.76,2,0,4508818
2024-08-24,Almere City FC,PSV Eindhoven,0.26,3.39,1,7,4508821
2024-08-24,NAC Breda,FC Utrecht,0.88,1.9,1,2,4508822
2024-08-24,NEC Nijmegen,PEC Zwolle,1.97,0.54,1,0,4508820
2024-08-25,FC Groningen,AZ Alkmaar,0.1,0.96,0,0,4508823
2024-08-25,Go Ahead Eagles,RKC Waalwijk,2.26,0.49,2,0,4508826
2024-08-25,Heracles,Willem II,1.05,0.74,1,1,4508824
2024-08-25,Sparta Rotterdam,Feyenoord,0.75,0.85,1,1,4508825
2024-08-30,RKC Waalwijk,AZ Alkmaar,0.11,2.88,0,3,4508830
2024-08-31,Almere City FC,FC Groningen,1.1,0.56,1,1,4508833
2024-08-31,Fortuna Sittard,NEC Nijmegen,0.88,1.25,0,3,4508831
2024-08-31,SC Heerenveen,NAC Breda,2.6,1.72,4,0,4508832
2024-08-31,Willem II,Sparta Rotterdam,0.39,0.93,1,2,4508829
2024-09-01,FC Utrecht,FC Twente,0.86,1.07,2,1,4508834
2024-09-01,PEC Zwolle,Heracles,2.42,0.6,3,0,4508836
2024-09-01,PSV Eindhoven,Go Ahead Eagles,2.12,1.17,3,0,4508837
2024-09-14,AZ Alkmaar,SC Heerenveen,5.23,1.93,9,1,4508841
2024-09-14,FC Groningen,Feyenoord,1.0,1.17,2,2,4508839
2024-09-14,FC Twente,PEC Zwolle,2.91,0.52,1,1,4508838
2024-09-14,NAC Breda,Fortuna Sittard,0.63,0.61,1,0,4508840
2024-09-14,PSV Eindhoven,NEC Nijmegen,2.99,0.12,2,0,4508842
2024-09-15,Heracles,Almere City FC,1.46,0.55,0,0,4508846
2024-09-15,Sparta Rotterdam,Go Ahead Eagles,1.54,0.9,1,2,4508843
2024-09-15,Willem II,RKC Waalwijk,1.62,0.8,3,0,4508845
2024-09-17,FC Twente,SC Heerenveen,3.03,0.7,2,0,4508827
2024-09-18,Ajax,Fortuna Sittard,3.11,0.07,5,0,4508828
2024-09-20,PEC Zwolle,AZ Alkmaar,1.68,1.44,1,2,4508847
2024-09-21,FC Utrecht,Willem II,1.33,0.49,3,2,4508848
2024-09-21,Go Ahead Eagles,Ajax,0.8,0.51,1,1,4508850
2024-09-21,NEC Nijmegen,Heracles,1.68,2.03,1,2,4508851
2024-09-21,RKC Waalwijk,Sparta Rotterdam,2.39,1.15,1,2,4508849
2024-09-22,Almere City FC,FC Twente,2.4,1.62,0,5,4508853
2024-09-22,Feyenoord,NAC Breda,2.52,0.14,2,0,4508854
2024-09-22,Fortuna Sittard,PSV Eindhoven,0.6,1.85,1,3,4508855
2024-09-22,SC Heerenveen,FC Groningen,1.72,0.34,2,1,4508852
2024-09-27,Heracles,SC Heerenveen,1.49,0.63,2,1,4508856
2024-09-28,NEC Nijmegen,Feyenoord,1.12,1.27,1,1,4508858
2024-09-28,Sparta Rotterdam,Fortuna Sittard,1.43,0.96,1,1,4508859
2024-09-28,Willem II,PSV Eindhoven,0.64,1.62,0,2,4508860
2024-09-29,AZ Alkmaar,FC Utrecht,3.04,1.16,1,2,4508864
2024-09-29,FC Groningen,Go Ahead Eagles,0.16,2.95,0,1,4508862
2024-09-29,FC Twente,NAC Breda,2.21,0.39,1,0,4508857
2024-09-29,PEC Zwolle,Almere City FC,1.18,1.56,1,0,4508861
2024-09-29,RKC Waalwijk,Ajax,0.05,1.5,0,2,4508863
2024-10-04,Almere City FC,Willem II,1.7,0.35,0,1,4508866
2024-10-05,FC Utrecht,RKC Waalwijk,1.55,0.86,3,2,4508869
2024-10-05,NAC Breda,NEC Nijmegen,1.36,0.44,1,0,4508865
2024-10-05,PSV Eindhoven,Sparta Rotterdam,1.72,1.55,2,1,4508868
2024-10-06,Ajax,FC Groningen,3.32,1.3,3,1,4508871
2024-10-06,Feyenoord,FC Twente,0.61,0.82,2,1,4508870
2024-10-06,Fortuna Sittard,AZ Alkmaar,2.05,0.82,1,0,4508873
2024-10-06,Go Ahead Eagles,Heracles,4.44,0.48,4,1,4508872
2024-10-06,SC Heerenveen,PEC Zwolle,1.78,0.38,1,1,4508867
2024-10-19,AZ Alkmaar,PSV Eindhoven,0.36,1.76,1,2,4508875
2024-10-19,Go Ahead Eagles,Feyenoord,0.42,2.26,1,5,4508878
2024-10-19,NEC Nijmegen,SC Heerenveen,1.33,0.34,3,0,4508876
2024-10-19,RKC Waalwijk,FC Twente,0.77,2.13,2,2,4508877
2024-10-19,Sparta Rotterdam,Almere City FC,2.4,0.77,2,2,4508874
2024-10-20,FC Groningen,FC Utrecht,0.72,0.52,0,1,4508880
2024-10-20,Heracles,Ajax,0.96,4.13,3,4,4508881
2024-10-20,PEC Zwolle,NAC Breda,0.83,1.45,1,2,4508882
2024-10-20,Willem II,Fortuna Sittard,0.83,2.75,0,0,4508879
2024-10-25,Almere City FC,NEC Nijmegen,1.02,1.96,1,0,4508883
2024-10-26,Fortuna Sittard,FC Groningen,0.71,0.4,1,0,4508884
2024-10-26,NAC Breda,RKC Waalwijk,3.35,0.51,4,1,4508885
2024-10-26,PSV Eindhoven,PEC Zwolle,2.3,0.1,6,0,4508886
2024-10-26,SC Heerenveen,Sparta Rotterdam,0.92,0.48,2,0,4508887
2024-10-27,AZ Alkmaar,Go Ahead Eagles,1.93,1.25,2,2,4508889
2024-10-27,Ajax,Willem II,1.87,0.47,1,0,4508891
2024-10-27,FC Twente,Heracles,2.68,0.47,5,0,4508890
2024-10-27,FC Utrecht,Feyenoord,0.23,1.71,0,2,4508888
2024-10-30,Feyenoord,Ajax,1.52,0.81,0,2,4508835
2024-11-02,Ajax,PSV Eindhoven,2.03,1.04,3,2,4508044
2024-11-02,Feyenoord,AZ Alkmaar,2.2,1.54,3,2,4508041
2024-11-02,Fortuna Sittard,SC Heerenveen,0.87,0.57,3,0,4508045
2024-11-02,Heracles,NAC Breda,1.36,0.97,2,0,4508042
2024-11-02,Willem II,FC Twente,0.62,1.9,0,1,4508043
2024-11-03,Go Ahead Eagles,PEC Zwolle,2.67,0.54,2,2,4508046
2024-11-03,NEC Nijmegen,FC Groningen,3.45,0.3,6,0,4508047
2024-11-03,RKC Waalwijk,Almere City FC,0.74,0.32,2,0,4508049
2024-11-03,Sparta Rotterdam,FC Utrecht,1.39,1.05,1,4,4508048
2024-11-08,FC Utrecht,Heracles,2.73,0.87,1,0,4508050
2024-11-09,FC Groningen,Sparta Rotterdam,1.51,0.68,1,0,4508051
2024-11-09,NAC Breda,PSV Eindhoven,0.49,2.24,0,3,4508053
2024-11-09,PEC Zwolle,Fortuna Sittard,2.25,2.97,3,1,4508052
2024-11-09,RKC Waalwijk,NEC Nijmegen,0.61,1.51,0,3,4508054
2024-11-10,AZ Alkmaar,Willem II,2.01,0.82,1,2,4508058
2024-11-10,Almere City FC,Feyenoord,0.76,1.72,1,4,4508055
2024-11-10,FC Twente,Ajax,1.8,2.89,2,2,4508056
2024-11-10,SC Heerenveen,Go Ahead Eagles,0.17,0.95,1,0,4508057
2024-11-23,Feyenoord,SC Heerenveen,2.75,0.3,3,0,4508061
2024-11-23,Fortuna Sittard,FC Twente,1.23,0.79,1,2,4508063
2024-11-23,Go Ahead Eagles,Almere City FC,2.74,0.48,3,0,4508060
2024-11-23,Heracles,RKC Waalwijk,3.11,2.52,2,2,4508062
2024-11-23,PSV Eindhoven,FC Groningen,4.41,0.22,5,0,4508059
2024-11-24,Ajax,PEC Zwolle,1.46,1.28,2,0,4508067
2024-11-24,NEC Nijmegen,FC Utrecht,1.32,0.63,1,2,4508064
2024-11-24,Sparta Rotterdam,AZ Alkmaar,1.01,0.14,1,2,4508065
2024-11-24,Willem II,NAC Breda,2.16,1.32,2,2,4508066
2024-11-29,SC Heerenveen,RKC Waalwijk,0.81,1.14,1,1,4508068
2024-11-30,FC Groningen,Willem II,1.26,0.31,2,0,4508070
2024-11-30,Feyenoord,Fortuna Sittard,1.66,1.25,1,1,4508071
2024-11-30,NAC Breda,Almere City FC,0.74,0.43,1,0,4508069
2024-11-30,PEC Zwolle,Sparta Rotterdam,1.13,1.33,1,0,4508072
2024-12-01,AZ Alkmaar,Heracles,1.55,0.7,1,0,4508074
2024-12-01,FC Twente,Go Ahead Eagles,2.2,1.29,3,2,4508075
2024-12-01,FC Utrecht,PSV Eindhoven,1.56,2.71,2,5,4508073
2024-12-01,NEC Nijmegen,Ajax,3.54,0.98,1,2,4508076
2024-12-04,Ajax,FC Utrecht,0.68,1.23,2,2,4508844
2024-12-06,PSV Eindhoven,FC Twente,2.66,1.05,6,1,4508614
2024-12-07,Go Ahead Eagles,NEC Nijmegen,2.04,0.66,5,0,4508612
2024-12-07,Heracles,Fortuna Sittard,1.43,0.68,2,2,4508613
2024-12-07,RKC Waalwijk,Feyenoord,1.16,2.89,2,3,4508615
2024-12-07,Sparta Rotterdam,NAC Breda,1.53,1.64,0,2,4508616
2024-12-08,AZ Alkmaar,Ajax,1.96,0.28,2,1,4508610
2024-12-08,Almere City FC,FC Utrecht,1.25,1.57,1,3,4508609
2024-12-08,FC Groningen,PEC Zwolle,1.27,0.77,0,0,4508611
2024-12-08,Willem II,SC Heerenveen,0.75,1.81,1,2,4508617
2024-12-13,PEC Zwolle,Willem II,1.56,0.61,0,1,4508625
2024-12-14,Feyenoord,Heracles,3.43,1.08,5,2,4508621
2024-12-14,Fortuna Sittard,RKC Waalwijk,3.05,1.79,3,2,4508622
2024-12-14,SC Heerenveen,PSV Eindhoven,0.99,0.99,1,0,4508626
2024-12-15,Ajax,Almere City FC,1.56,0.07,3,0,4508618
2024-12-15,FC Twente,FC Groningen,1.15,0.41,2,0,4508619
2024-12-15,FC Utrecht,Go Ahead Eagles,3.83,1.1,3,3,4508620
2024-12-15,NAC Breda,AZ Alkmaar,0.73,1.45,1,2,4508624
2024-12-15,NEC Nijmegen,Sparta Rotterdam,1.9,1.32,1,1,4508623
2024-12-20,RKC Waalwijk,PEC Zwolle,2.59,1.43,1,1,4508633
2024-12-21,AZ Alkmaar,FC Twente,1.32,0.39,1,0,4508628
2024-12-21,Almere City FC,SC Heerenveen,1.08,1.28,3,0,4508627
2024-12-21,Go Ahead Eagles,NAC Breda,2.58,1.21,2,1,4508630
2024-12-22,FC Utrecht,Fortuna Sittard,1.87,1.85,2,5,4508629
2024-12-22,PSV Eindhoven,Feyenoord,1.6,1.7,3,0,4508632
2024-12-22,Sparta Rotterdam,Ajax,0.44,1.47,0,2,4508634
2024-12-22,Willem II,NEC Nijmegen,1.53,1.63,4,1,4508635
2025-01-10,Fortuna Sittard,Go Ahead Eagles,1.08,3.06,0,3,4508640
2025-01-11,Ajax,RKC Waalwijk,2.46,0.95,2,1,4508636
2025-01-11,Heracles,Sparta Rotterdam,1.19,2.87,1,1,4508641
2025-01-11,PEC Zwolle,NEC Nijmegen,0.41,1.02,0,1,4508643
2025-01-11,PSV Eindhoven,AZ Alkmaar,2.15,1.42,2,2,4508644
2025-01-12,FC Groningen,Almere City FC,1.29,0.26,0,0,4508637
2025-01-12,FC Twente,Willem II,3.28,0.95,6,2,4508638
2025-01-12,Feyenoord,FC Utrecht,2.24,1.71,1,2,4508639
2025-01-12,NAC Breda,SC Heerenveen,1.15,1.57,2,4,4508642
2025-01-18,FC Utrecht,AZ Alkmaar,0.83,1.14,0,0,4508646
2025-01-18,Go Ahead Eagles,FC Groningen,1.11,1.12,2,1,4508647
2025-01-18,PEC Zwolle,PSV Eindhoven,1.18,3.21,3,1,4508650
2025-01-18,Willem II,Feyenoord,0.47,0.95,1,1,4508653
2025-01-19,Almere City FC,Heracles,0.84,1.03,0,2,4508645
2025-01-19,NAC Breda,FC Twente,1.03,1.81,2,1,4508649
2025-01-19,NEC Nijmegen,Fortuna Sittard,1.0,0.25,4,1,4508648
2025-01-19,SC Heerenveen,Ajax,0.55,2.72,0,2,4508651
2025-01-19,Sparta Rotterdam,RKC Waalwijk,1.36,2.95,1,1,4508652
2025-01-24,Heracles,FC Utrecht,1.39,1.05,1,1,4508660
2025-01-25,FC Groningen,SC Heerenveen,0.72,0.91,1,0,4508656
2025-01-25,PSV Eindhoven,NAC Breda,2.68,0.96,3,2,4508661
2025-01-26,AZ Alkmaar,Sparta Rotterdam,1.1,0.89,1,2,4508655
2025-01-26,Fortuna Sittard,PEC Zwolle,1.39,1.99,1,4,4508659
2025-01-26,RKC Waalwijk,Willem II,0.49,0.57,2,0,4508662
2025-01-28,Heracles,FC Groningen,1.85,1.09,1,1,4508631
2025-01-31,NAC Breda,Heracles,1.17,1.2,1,1,4508896
2025-02-01,NEC Nijmegen,PSV Eindhoven,2.25,2.44,3,3,4508895
2025-02-01,PEC Zwolle,FC Utrecht,0.7,2.62,3,3,4508897
2025-02-01,SC Heerenveen,Fortuna Sittard,3.17,1.0,2,2,4508898
2025-02-02,Ajax,Feyenoord,3.54,0.84,2,1,4508892
2025-02-02,Almere City FC,RKC Waalwijk,1.49,2.31,1,4,4508893
2025-02-02,Go Ahead Eagles,FC Twente,1.39,2.03,2,2,4508894
2025-02-02,Sparta Rotterdam,FC Groningen,0.65,1.07,1,0,4508899
2025-02-02,Willem II,AZ Alkmaar,0.35,2.36,0,2,4508900
2025-02-08,FC Groningen,NEC Nijmegen,2.19,0.84,2,1,4508902
2025-02-08,Feyenoord,Sparta Rotterdam,1.82,0.81,3,0,4508904
2025-02-08,Heracles,Go Ahead Eagles,2.43,1.03,4,2,4508906
2025-02-08,PSV Eindhoven,Willem II,1.26,0.71,1,1,4508907
2025-02-09,AZ Alkmaar,PEC Zwolle,1.51,0.69,2,0,4508901
2025-02-09,FC Utrecht,Almere City FC,1.02,0.93,0,1,4508903
2025-02-09,Fortuna Sittard,Ajax,0.74,2.49,0,2,4508905
2025-02-09,RKC Waalwijk,NAC Breda,3.75,1.18,5,0,4508908
2025-02-09,SC Heerenveen,FC Twente,1.81,1.14,3,3,4508909
2025-02-14,Go Ahead Eagles,Sparta Rotterdam,1.0,0.83,1,0,4508913
2025-02-15,NAC Breda,Feyenoord,2.03,1.77,0,0,4508915
2025-02-15,PSV Eindhoven,FC Utrecht,3.38,1.63,2,2,4508917
2025-02-15,Willem II,FC Groningen,1.07,1.82,1,3,4508918
2025-02-16,Ajax,Heracles,2.62,0.48,4,0,4508910
2025-02-16,FC Twente,RKC Waalwijk,1.63,0.91,2,0,4508912
2025-02-16,NEC Nijmegen,Almere City FC,0.93,0.7,2,2,4508914
2025-02-16,PEC Zwolle,SC Heerenveen,0.89,1.11,1,1,4508916
2025-02-22,Feyenoord,Almere City FC,2.2,1.14,2,1,4508658
2025-02-23,AZ Alkmaar,Fortuna Sittard,1.61,0.53,1,0,4508911
2025-02-23,Ajax,Go Ahead Eagles,2.1,0.23,2,0,4508654
2025-02-23,FC Twente,NEC Nijmegen,1.45,1.15,2,0,4508657
2025-02-28,RKC Waalwijk,Fortuna Sittard,1.24,2.33,1,2,4508925
2025-03-01,FC Groningen,FC Twente,1.14,1.42,1,1,4508920
2025-03-01,FC Utrecht,NAC Breda,2.54,0.48,1,0,4508921
2025-03-01,Feyenoord,NEC Nijmegen,1.04,0.24,0,0,4508922
2025-03-01,Go Ahead Eagles,PSV Eindhoven,1.79,1.19,3,2,4508923
2025-03-02,Almere City FC,Ajax,0.67,0.64,0,1,4508919
2025-03-02,Heracles,PEC Zwolle,2.86,0.83,4,2,4508924
2025-03-02,SC Heerenveen,AZ Alkmaar,2.03,1.29,3,1,4508926
2025-03-02,Sparta Rotterdam,Willem II,2.54,0.37,4,0,4508927
2025-03-07,NAC Breda,Sparta Rotterdam,0.53,1.17,1,1,4508933
2025-03-08,Fortuna Sittard,Heracles,2.52,0.19,1,0,4508931
2025-03-08,PSV Eindhoven,SC Heerenveen,2.72,0.68,2,1,4508935
2025-03-09,FC Twente,Almere City FC,1.81,0.61,1,0,4508929
2025-03-09,NEC Nijmegen,Go Ahead Eagles,0.67,2.85,2,3,4508932
2025-03-09,PEC Zwolle,Ajax,0.76,2.9,0,1,4508934
2025-03-09,Willem II,FC Utrecht,1.31,1.54,2,3,4508936
2025-03-14,Almere City FC,NAC Breda,1.52,1.06,1,1,4508938
2025-03-15,FC Utrecht,NEC Nijmegen,1.89,1.48,0,1,4508941
2025-03-15,RKC Waalwijk,PSV Eindhoven,0.16,2.08,0,3,4508943
2025-03-15,SC Heerenveen,Heracles,1.06,0.62,1,1,4508944
2025-03-15,Sparta Rotterdam,PEC Zwolle,1.76,1.12,1,1,4508945
2025-03-16,Ajax,AZ Alkmaar,2.3,0.75,2,2,4508937
2025-03-16,FC Groningen,Fortuna Sittard,1.24,0.34,1,0,4508939
2025-03-16,FC Twente,Feyenoord,1.05,3.75,2,6,4508940
2025-03-16,Go Ahead Eagles,Willem II,1.14,0.19,1,0,4508942
2025-03-29,Fortuna Sittard,Sparta Rotterdam,1.13,1.73,0,3,4508948
2025-03-29,NAC Breda,FC Groningen,2.04,1.37,1,1,4508951
2025-03-29,NEC Nijmegen,AZ Alkmaar,1.3,0.93,3,3,4508950
2025-03-29,PEC Zwolle,RKC Waalwijk,2.58,0.38,2,0,4508952
2025-03-29,Willem II,Almere City FC,0.66,1.89,0,2,4508954
2025-03-30,FC Utrecht,SC Heerenveen,1.33,1.38,2,0,4508946
2025-03-30,Feyenoord,Go Ahead Eagles,1.67,0.72,3,2,4508947
2025-03-30,Heracles,FC Twente,1.63,1.01,2,1,4508949
2025-03-30,PSV Eindhoven,Ajax,1.17,0.88,0,2,4508953
2025-04-01,AZ Alkmaar,RKC Waalwijk,2.36,0.96,2,2,4508928
2025-04-02,Feyenoord,FC Groningen,1.14,0.82,4,1,4508930
2025-04-04,SC Heerenveen,Willem II,1.61,1.13,3,1,4508962
2025-04-05,AZ Alkmaar,Feyenoord,0.99,0.26,0,1,4508957
2025-04-05,Almere City FC,PEC Zwolle,3.21,1.19,2,2,4508956
2025-04-05,FC Groningen,PSV Eindhoven,0.76,1.46,1,3,4508958
2025-04-05,FC Twente,Fortuna Sittard,1.9,0.85,1,1,4508959
2025-04-06,Ajax,NAC Breda,2.01,0.72,3,1,4508955
2025-04-06,Go Ahead Eagles,FC Utrecht,1.89,1.03,2,2,4508960
2025-04-06,RKC Waalwijk,Heracles,1.67,1.31,0,0,4508961
2025-04-06,Sparta Rotterdam,NEC Nijmegen,0.66,0.89,2,0,4508963
2025-04-11,NEC Nijmegen,RKC Waalwijk,1.52,1.12,2,1,4508967
2025-04-12,Fortuna Sittard,Feyenoord,0.36,1.76,0,2,4508965
2025-04-12,NAC Breda,Go Ahead Eagles,1.74,1.1,1,1,4508968
2025-04-12,PSV Eindhoven,Almere City FC,5.48,0.75,5,0,4508970
2025-04-12,Sparta Rotterdam,SC Heerenveen,2.75,1.33,3,1,4508971
2025-04-13,FC Utrecht,FC Groningen,1.41,0.89,3,1,4508964
2025-04-13,Heracles,AZ Alkmaar,1.02,0.56,1,0,4508966
2025-04-13,PEC Zwolle,FC Twente,1.72,0.84,1,1,4508969
2025-04-13,Willem II,Ajax,0.5,2.52,1,2,4508972
2025-04-19,SC Heerenveen,Almere City FC,1.27,0.93,2,1,4508989
2025-04-20,FC Utrecht,Ajax,0.92,0.77,4,0,4508983
2025-04-23,FC Groningen,Heracles,1.91,0.34,4,1,4508976
2025-04-24,AZ Alkmaar,NAC Breda,1.32,0.48,1,1,4508975
2025-04-24,FC Twente,PSV Eindhoven,0.93,2.15,1,3,4508977
2025-04-25,Feyenoord,PEC Zwolle,1.37,1.54,4,0,4508978
2025-04-25,RKC Waalwijk,FC Utrecht,0.69,2.18,0,4,4508980
2025-04-27,Ajax,Sparta Rotterdam,3.4,1.13,1,1,4508973
2025-04-27,Almere City FC,Go Ahead Eagles,1.85,0.26,0,0,4508974
2025-04-27,Fortuna Sittard,Willem II,1.59,0.29,1,0,4508979
2025-04-27,SC Heerenveen,NEC Nijmegen,1.58,0.62,1,0,4508981
2025-05-03,FC Groningen,RKC Waalwijk,3.6,1.01,6,1,4508982
2025-05-03,Heracles,Feyenoord,1.49,2.57,1,4,4508985
2025-05-03,NEC Nijmegen,Willem II,2.29,0.62,1,1,4508986
2025-05-03,PSV Eindhoven,Fortuna Sittard,3.44,0.26,4,1,4508988
2025-05-04,Go Ahead Eagles,AZ Alkmaar,0.81,1.52,0,3,4508984
2025-05-04,NAC Breda,PEC Zwolle,0.89,1.56,1,3,4508987
2025-05-04,Sparta Rotterdam,FC Twente,0.97,0.74,0,2,4508990
2025-05-09,Willem II,Heracles,0.81,2.77,1,2,4508999
2025-05-10,Almere City FC,Sparta Rotterdam,1.43,1.81,0,3,4508992
2025-05-10,Fortuna Sittard,NAC Breda,1.47,0.74,1,0,4508996
2025-05-10,RKC Waalwijk,SC Heerenveen,1.34,0.91,3,1,4508998
2025-05-11,AZ Alkmaar,FC Groningen,3.55,0.65,3,0,4508993
2025-05-11,Ajax,NEC Nijmegen,2.62,0.74,0,3,4508991
2025-05-11,FC Twente,FC Utrecht,1.16,0.95,2,0,4508994
2025-05-11,Feyenoord,PSV Eindhoven,1.54,2.74,2,3,4508995
2025-05-11,PEC Zwolle,Go Ahead Eagles,1.94,1.04,1,1,4508997
2025-05-14,Almere City FC,Fortuna Sittard,0.89,0.88,1,1,4509000
2025-05-14,FC Groningen,Ajax,1.92,1.1,2,2,4509001
2025-05-14,FC Twente,AZ Alkmaar,2.14,2.35,2,3,4509002
2025-05-14,FC Utrecht,Sparta Rotterdam,2.42,1.08,1,1,4509003
2025-05-14,Feyenoord,RKC Waalwijk,3.66,0.18,2,0,4509004
2025-05-14,Go Ahead Eagles,SC Heerenveen,1.62,1.13,1,0,4509005
2025-05-14,NEC Nijmegen,NAC Breda,2.1,0.68,3,0,4509006
2025-05-14,PSV Eindhoven,Heracles,4.11,0.5,4,1,4509007
2025-05-14,Willem II,PEC Zwolle,0.93,1.1,1,2,4509008
2025-05-18,AZ Alkmaar,Almere City FC,1.82,0.43,1,1,4509010
2025-05-18,Ajax,FC Twente,1.87,0.73,2,0,4509009
2025-05-18,Fortuna Sittard,FC Utrecht,0.59,0.87,0,0,4509011
2025-05-18,Heracles,NEC Nijmegen,1.37,1.37,1,2,4509012
2025-05-18,NAC Breda,Willem II,2.78,1.55,1,1,4509013
2025-05-18,PEC Zwolle,FC Groningen,1.53,0.6,2,0,4509014
2025-05-18,RKC Waalwijk,Go Ahead Eagles,3.31,4.51,5,3,4509015
2025-05-18,SC Heerenveen,Feyenoord,1.92,1.65,2,0,4509016
2025-05-18,Sparta Rotterdam,PSV Eindhoven,0.81,2.84,1,3,4509017
2025-05-22,AZ Alkmaar,SC Heerenveen,3.16,0.57,4,1,4791349
2025-05-22,FC Twente,NEC Nijmegen,1.32,3.14,3,2,4791350
2025-05-25,AZ Alkmaar,FC Twente,2.86,2.04,3,2,4791351
2025-08-08,Fortuna Sittard,Go Ahead Eagles,2.34,1.17,2,2,4815204
2025-08-09,Feyenoord,NAC Breda,2.44,0.25,2,0,4815206
2025-08-09,NEC Nijmegen,Excelsior,2.48,1.03,5,0,4815205
2025-08-09,PSV Eindhoven,Sparta Rotterdam,1.73,1.21,6,1,4815208
2025-08-09,SC Heerenveen,FC Volendam,1.52,0.79,1,1,4815207
2025-08-10,AZ Alkmaar,FC Groningen,1.56,1.5,4,1,4815211
2025-08-10,Ajax,Telstar,1.68,1.26,2,0,4815210
2025-08-10,FC Utrecht,Heracles,2.34,0.88,4,0,4815212
2025-08-10,PEC Zwolle,FC Twente,0.88,1.17,1,0,4815209
2025-08-15,Telstar,PEC Zwolle,0.85,2.36,0,2,4815213
2025-08-16,Excelsior,Feyenoord,1.07,2.52,1,2,4815215
2025-08-16,FC Groningen,SC Heerenveen,0.8,2.16,2,1,4815214
2025-08-16,Heracles,NEC Nijmegen,1.33,3.05,1,4,4815216
2025-08-17,FC Twente,PSV Eindhoven,0.91,1.72,0,2,4815219
2025-08-17,FC Volendam,AZ Alkmaar,0.45,1.4,2,2,4815220
2025-08-17,Go Ahead Eagles,Ajax,0.66,1.77,2,2,4815217
2025-08-17,NAC Breda,Fortuna Sittard,2.06,0.73,2,1,4815221
2025-08-17,Sparta Rotterdam,FC Utrecht,1.47,1.39,2,1,4815218
2025-08-23,Go Ahead Eagles,Sparta Rotterdam,2.6,1.71,0,3,4815222
2025-08-23,PSV Eindhoven,FC Groningen,2.48,1.32,4,2,4815223
2025-08-23,Telstar,FC Volendam,1.78,0.42,2,2,4815224
2025-08-24,Ajax,Heracles,2.67,0.16,2,0,4815229
2025-08-24,FC Utrecht,Excelsior,1.78,1.31,4,1,4815228
2025-08-24,NEC Nijmegen,NAC Breda,4.19,0.45,3,0,4815227
2025-08-24,SC Heerenveen,FC Twente,2.39,2.01,1,2,4815226
2025-08-29,FC Groningen,Heracles,1.8,0.46,4,0,4815230
2025-08-30,Excelsior,FC Twente,0.37,2.52,1,0,4815234
2025-08-30,FC Volendam,Ajax,0.76,1.38,1,1,4815231
2025-08-30,PSV Eindhoven,Telstar,1.72,1.48,0,2,4815233
2025-08-30,SC Heerenveen,Go Ahead Eagles,2.73,1.18,2,2,4815232
2025-08-31,Fortuna Sittard,NEC Nijmegen,1.33,1.9,3,2,4815235
2025-08-31,NAC Breda,AZ Alkmaar,1.96,2.82,0,1,4815238
2025-08-31,PEC Zwolle,FC Utrecht,1.01,1.14,0,2,4815237
2025-08-31,Sparta Rotterdam,Feyenoord,0.55,2.51,0,4,4815236
2025-09-13,Ajax,PEC Zwolle,2.59,0.53,3,1,4815239
2025-09-13,FC Twente,NAC Breda,2.21,0.62,2,2,4815243
2025-09-13,Feyenoord,SC Heerenveen,0.91,1.17,1,0,4815242
2025-09-13,Go Ahead Eagles,FC Volendam,2.14,1.31,3,0,4815240
2025-09-13,NEC Nijmegen,PSV Eindhoven,2.0,2.23,3,5,4815241
2025-09-14,Excelsior,Sparta Rotterdam,1.55,1.59,0,1,4815244
2025-09-14,FC Utrecht,FC Groningen,1.24,1.69,0,1,4815246
2025-09-14,Heracles,AZ Alkmaar,0.76,3.18,1,2,4815245
2025-09-14,Telstar,Fortuna Sittard,1.7,1.14,1,3,4815247
2025-09-17,Feyenoord,Fortuna Sittard,2.13,0.3,2,0,4815248
2025-09-19,Sparta Rotterdam,FC Twente,1.11,2.59,1,5,4815249
2025-09-20,FC Groningen,Telstar,1.8,0.84,2,0,4815251
2025-09-20,FC Volendam,Excelsior,1.48,1.76,1,2,4815250
2025-09-20,Fortuna Sittard,FC Utrecht,1.16,0.96,1,0,4815253
2025-09-20,NAC Breda,Heracles,2.5,1.09,2,1,4815254
2025-09-21,AZ Alkmaar,Feyenoord,1.21,1.92,3,3,4815258
2025-09-21,PEC Zwolle,Go Ahead Eagles,0.49,2.07,0,2,4815255
2025-09-21,PSV Eindhoven,Ajax,3.45,2.18,2,2,4815257
2025-09-21,SC Heerenveen,NEC Nijmegen,2.81,0.94,3,2,4815256
2025-09-24,AZ Alkmaar,PEC Zwolle,2.49,0.91,2,2,4815225
2025-09-26,FC Twente,Fortuna Sittard,2.9,0.48,3,2,4815259
2025-09-27,Ajax,NAC Breda,1.87,1.56,2,1,4815262
2025-09-27,Excelsior,PSV Eindhoven,2.17,2.67,1,2,4815264
2025-09-27,FC Volendam,PEC Zwolle,1.96,1.03,2,1,4815263
2025-09-27,Heracles,Sparta Rotterdam,1.33,1.5,3,0,4815267
2025-09-28,FC Groningen,Feyenoord,0.98,1.17,0,1,4815261
2025-09-28,FC Utrecht,SC Heerenveen,2.0,1.31,2,2,4815268
2025-09-28,NEC Nijmegen,AZ Alkmaar,1.81,0.38,2,1,4815266
2025-09-28,Telstar,Go Ahead Eagles,2.36,2.38,4,2,4815269
2025-10-03,NAC Breda,FC Groningen,0.72,1.46,1,2,4815270
2025-10-04,Fortuna Sittard,FC Volendam,1.58,0.84,1,0,4815273
2025-10-04,PEC Zwolle,PSV Eindhoven,0.14,2.15,0,4,4815274
2025-10-04,SC Heerenveen,Excelsior,2.01,0.57,2,1,4815275
2025-10-04,Sparta Rotterdam,Ajax,2.14,1.71,3,3,4815272
2025-10-05,AZ Alkmaar,Telstar,3.95,1.01,2,1,4815278
2025-10-05,FC Twente,Heracles,1.35,0.51,2,1,4815277
2025-10-05,Feyenoord,FC Utrecht,3.42,0.49,3,2,4815279
2025-10-05,Go Ahead Eagles,NEC Nijmegen,0.76,0.95,1,1,4815280
2025-10-18,Ajax,AZ Alkmaar,1.24,2.24,0,2,4815285
2025-10-18,FC Utrecht,FC Volendam,2.54,0.46,3,1,4815284
2025-10-18,NAC Breda,PEC Zwolle,2.48,1.46,2,2,4815286
2025-10-18,NEC Nijmegen,FC Twente,0.68,1.98,3,3,4815291
2025-10-18,PSV Eindhoven,Go Ahead Eagles,3.48,0.42,2,1,4815283
2025-10-19,Excelsior,Fortuna Sittard,1.08,1.16,1,0,4815288
2025-10-19,FC Groningen,Sparta Rotterdam,1.22,0.88,0,2,4815287
2025-10-19,Heracles,Feyenoord,0.19,2.75,0,7,4815281
2025-10-19,Telstar,SC Heerenveen,2.58,2.69,2,3,4815290
2025-10-24,SC Heerenveen,NAC Breda,2.3,1.44,3,3,4815292
2025-10-25,FC Volendam,Heracles,1.54,1.16,3,0,4815294
2025-10-25,Fortuna Sittard,FC Groningen,1.2,1.77,1,2,4815293
2025-10-25,PEC Zwolle,NEC Nijmegen,1.87,0.77,2,2,4815296
2025-10-25,Sparta Rotterdam,Telstar,1.79,0.63,1,0,4815295
2025-10-26,AZ Alkmaar,FC Utrecht,3.59,0.99,4,1,4815301
2025-10-26,FC Twente,Ajax,2.75,0.99,2,3,4815298
2025-10-26,Feyenoord,PSV Eindhoven,1.14,1.16,2,3,4815299
2025-10-26,Go Ahead Eagles,Excelsior,1.81,0.54,2,0,4815300
2025-10-31,PSV Eindhoven,Fortuna Sittard,2.2,0.73,5,2,4815302
2025-11-01,Ajax,SC Heerenveen,1.11,1.06,1,1,4815306
2025-11-01,Feyenoord,FC Volendam,4.82,0.97,3,1,4815304
2025-11-01,NAC Breda,Go Ahead Eagles,0.63,0.4,1,0,4815305
2025-11-01,Telstar,Excelsior,3.21,3.45,2,2,4815307
2025-11-02,FC Groningen,FC Twente,3.33,1.44,1,1,4815310
2025-11-02,FC Utrecht,NEC Nijmegen,1.51,2.14,1,0,4815312
2025-11-02,Heracles,PEC Zwolle,4.51,1.14,8,2,4815309
2025-11-02,Sparta Rotterdam,AZ Alkmaar,0.56,2.62,0,1,4815311
2025-11-07,FC Twente,Telstar,1.75,0.63,0,0,4815313
2025-11-08,Excelsior,Heracles,2.03,1.34,1,2,4815315
2025-11-08,FC Volendam,NAC Breda,1.91,0.59,2,1,4815316
2025-11-08,Fortuna Sittard,SC Heerenveen,1.83,1.49,2,0,4815317
2025-11-08,PEC Zwolle,Sparta Rotterdam,1.05,0.94,1,0,4815318
2025-11-09,AZ Alkmaar,PSV Eindhoven,0.28,2.39,1,5,4815321
2025-11-09,FC Utrecht,Ajax,1.39,0.64,2,1,4815319
2025-11-09,Go Ahead Eagles,Feyenoord,1.67,2.68,2,1,4815323
2025-11-09,NEC Nijmegen,FC Groningen,1.57,1.38,2,0,4815322
2025-11-22,Ajax,Excelsior,1.44,0.51,1,2,4815325
2025-11-22,FC Volendam,FC Twente,1.39,2.61,1,1,4815326
2025-11-22,Heracles,Go Ahead Eagles,2.63,0.9,4,2,4815331
2025-11-22,NAC Breda,PSV Eindhoven,1.27,0.56,0,1,4815332
2025-11-22,Sparta Rotterdam,Fortuna Sittard,1.84,1.17,1,1,4815333
2025-11-23,FC Groningen,PEC Zwolle,2.55,0.77,2,2,4815328
2025-11-23,Feyenoord,NEC Nijmegen,2.82,2.26,2,4,4815327
2025-11-23,SC Heerenveen,AZ Alkmaar,3.14,1.17,3,1,4815329
2025-11-23,Telstar,FC Utrecht,1.31,0.87,1,1,4815334
2025-11-28,PEC Zwolle,SC Heerenveen,1.61,1.92,2,1,4815345
2025-11-29,Excelsior,NAC Breda,0.94,1.57,1,0,4815337
2025-11-29,Fortuna Sittard,Heracles,1.84,0.57,1,1,4815342
2025-11-29,NEC Nijmegen,Sparta Rotterdam,2.78,1.7,3,1,4815339
2025-11-30,FC Twente,AZ Alkmaar,1.04,1.31,1,0,4815344
2025-11-30,Go Ahead Eagles,FC Utrecht,0.89,1.8,2,2,4815338
2025-11-30,PSV Eindhoven,FC Volendam,1.7,0.53,3,0,4815341
2025-11-30,Telstar,Feyenoord,1.55,1.55,1,2,4815343
2025-12-02,Ajax,FC Groningen,1.52,1.96,2,0,4815336
2025-12-05,Excelsior,FC Groningen,2.01,3.89,0,2,4815348
2025-12-06,Feyenoord,PEC Zwolle,3.4,0.97,6,1,4815350
2025-12-06,Fortuna Sittard,Ajax,2.72,1.01,1,3,4815353
2025-12-06,Heracles,Telstar,2.21,0.75,1,1,4815352
2025-12-06,SC Heerenveen,PSV Eindhoven,0.81,0.77,0,2,4815351
2025-12-07,AZ Alkmaar,Go Ahead Eagles,2.0,1.54,2,2,4815347
2025-12-07,FC Utrecht,FC Twente,0.82,1.54,1,1,4815356
2025-12-07,FC Volendam,NEC Nijmegen,2.14,1.29,2,3,4815349
2025-12-07,Sparta Rotterdam,NAC Breda,2.43,2.26,1,0,4815354
2025-12-13,FC Groningen,FC Volendam,3.21,0.22,3,0,4815359
2025-12-13,PEC Zwolle,Fortuna Sittard,1.6,0.92,1,0,4815366
2025-12-13,PSV Eindhoven,Heracles,3.27,2.77,4,3,4815361
2025-12-13,Telstar,NEC Nijmegen,1.83,2.8,2,2,4815364
2025-12-14,Ajax,Feyenoord,1.27,1.91,2,0,4815357
2025-12-14,FC Twente,Go Ahead Eagles,3.61,0.33,2,0,4815365
2025-12-14,NAC Breda,FC Utrecht,1.43,0.68,1,1,4815360
2025-12-14,Sparta Rotterdam,SC Heerenveen,0.61,1.54,0,3,4815363
2025-12-20,Excelsior,PEC Zwolle,2.13,1.21,2,1,4815367
2025-12-20,Heracles,SC Heerenveen,0.48,1.99,0,3,4815372
2025-12-20,NAC Breda,Telstar,0.74,1.89,0,1,4815374
2025-12-20,NEC Nijmegen,Ajax,1.83,2.06,2,2,4815375
2025-12-21,FC Utrecht,PSV Eindhoven,1.34,1.39,1,2,4815377
2025-12-21,FC Volendam,Sparta Rotterdam,0.92,2.69,0,1,4815369
2025-12-21,Feyenoord,FC Twente,0.62,2.64,1,1,4815370
2025-12-21,Fortuna Sittard,AZ Alkmaar,1.38,4.06,4,3,4815376
2025-12-21,Go Ahead Eagles,FC Groningen,1.15,1.26,1,1,4815371
2026-01-10,AZ Alkmaar,FC Volendam,2.3,0.54,1,0,4815379
2026-01-10,FC Groningen,NAC Breda,1.83,0.82,0,0,4815381
2026-01-10,FC Twente,PEC Zwolle,2.03,0.4,1,1,4815388
2026-01-10,PSV Eindhoven,Excelsior,2.64,0.68,5,1,4815385
2026-01-11,Go Ahead Eagles,Fortuna Sittard,1.63,1.06,2,2,4815380
2026-01-11,SC Heerenveen,Feyenoord,1.12,1.09,2,2,4815382
2026-01-11,Sparta Rotterdam,Heracles,2.46,0.4,2,0,4815386
2026-01-11,Telstar,Ajax,0.77,1.74,2,3,4815387
2026-01-17,Ajax,Go Ahead Eagles,3.14,0.94,2,2,4815389
2026-01-17,Excelsior,Telstar,1.57,1.83,2,2,4815390
2026-01-17,Fortuna Sittard,PSV Eindhoven,0.38,2.78,1,2,4815397
2026-01-17,NAC Breda,NEC Nijmegen,0.92,1.19,3,4,4815396
2026-01-17,PEC Zwolle,AZ Alkmaar,1.78,0.62,3,1,4815399
2026-01-18,FC Volendam,FC Utrecht,0.49,1.11,2,1,4815391
2026-01-18,Feyenoord,Sparta Rotterdam,1.66,1.6,3,4,4815393
2026-01-18,Heracles,FC Twente,0.72,2.53,0,2,4815395
2026-01-18,SC Heerenveen,FC Groningen,1.59,1.93,0,2,4815394
2026-01-21,AZ Alkmaar,Excelsior,2.16,1.05,1,1,4815358
2026-01-24,Ajax,FC Volendam,3.24,0.32,2,0,4815400
2026-01-24,FC Twente,Excelsior,1.35,0.91,0,0,4815408
2026-01-24,NEC Nijmegen,PEC Zwolle,1.39,1.03,2,1,4815405
2026-01-24,PSV Eindhoven,NAC Breda,1.76,1.46,2,2,4815406
2026-01-25,FC Groningen,Fortuna Sittard,2.31,1.0,1,2,4815404
2026-01-25,FC Utrecht,Sparta Rotterdam,1.33,0.59,0,1,4815410
2026-01-25,Feyenoord,Heracles,1.47,1.84,4,2,4815401
2026-01-25,Telstar,AZ Alkmaar,1.02,1.08,0,1,4815407
2026-01-30,NAC Breda,FC Twente,1.29,1.57,2,2,4815417
2026-01-31,AZ Alkmaar,NEC Nijmegen,1.42,1.22,1,3,4815411
2026-01-31,PEC Zwolle,Telstar,2.69,1.77,4,1,4815420
2026-01-31,Sparta Rotterdam,FC Groningen,1.63,0.34,2,0,4815419
2026-02-01,Excelsior,Ajax,0.77,0.73,2,2,4815412
2026-02-01,FC Volendam,Go Ahead Eagles,1.14,0.93,1,1,4815413
2026-02-01,Heracles,Fortuna Sittard,2.16,0.31,2,1,4815416
2026-02-01,PSV Eindhoven,Feyenoord,2.02,0.36,3,0,4815418
2026-02-01,SC Heerenveen,FC Utrecht,1.67,0.84,1,1,4815415
2026-02-06,NAC Breda,Excelsior,1.28,0.92,0,2,4815425
2026-02-07,FC Twente,SC Heerenveen,3.78,0.48,5,0,4815428
2026-02-07,Fortuna Sittard,Sparta Rotterdam,1.04,1.34,2,2,4815427
2026-02-07,NEC Nijmegen,Heracles,2.49,1.53,4,1,4815426
2026-02-07,PEC Zwolle,FC Volendam,0.7,2.14,1,2,4815431
2026-02-08,AZ Alkmaar,Ajax,1.82,0.94,1,1,4815421
2026-02-08,FC Groningen,PSV Eindhoven,1.08,2.44,1,2,4815424
2026-02-08,FC Utrecht,Feyenoord,1.08,0.76,0,1,4815430
2026-02-08,Go Ahead Eagles,Telstar,2.45,1.57,1,1,4815422
2026-02-11,Go Ahead Eagles,SC Heerenveen,0.95,1.79,1,3,4815402
2026-02-11,NEC Nijmegen,FC Utrecht,1.98,1.78,1,3,4815383
2026-02-13,FC Volendam,PSV Eindhoven,1.53,2.12,2,1,4815434
2026-02-14,Ajax,Fortuna Sittard,1.28,0.86,4,1,4815432
2026-02-14,Excelsior,AZ Alkmaar,0.87,2.17,1,2,4815433
2026-02-14,FC Groningen,FC Utrecht,0.86,2.29,1,2,4815437
2026-02-14,Heracles,NAC Breda,1.32,1.26,0,1,4815439
2026-02-15,Feyenoord,Go Ahead Eagles,3.36,0.12,1,0,4815436
2026-02-15,SC Heerenveen,PEC Zwolle,1.79,1.27,4,2,4815438
2026-02-15,Telstar,FC Twente,1.31,1.87,1,1,4815442
2026-02-17,Sparta Rotterdam,NEC Nijmegen,1.49,0.99,1,1,4815440
2026-02-20,Fortuna Sittard,Excelsior,2.08,1.23,2,1,4815449
2026-02-21,Ajax,NEC Nijmegen,1.72,1.21,1,1,4815443
2026-02-21,NAC Breda,FC Volendam,1.44,0.56,1,0,4815447
2026-02-21,PSV Eindhoven,SC Heerenveen,3.44,1.43,3,1,4815448
2026-02-22,AZ Alkmaar,Sparta Rotterdam,1.37,1.01,3,1,4815444
2026-02-22,FC Twente,FC Groningen,0.78,0.93,2,1,4815450
2026-02-22,FC Utrecht,PEC Zwolle,2.26,1.07,1,1,4815451
2026-02-22,Feyenoord,Telstar,2.2,1.36,2,1,4815445
2026-02-22,Go Ahead Eagles,Heracles,2.66,0.75,4,0,4815446
2026-02-27,Telstar,NAC Breda,1.28,0.45,3,0,4815457
2026-02-28,Heracles,PSV Eindhoven,1.22,3.27,1,3,4815455
2026-02-28,NEC Nijmegen,Fortuna Sittard,1.58,2.83,2,3,4815456
2026-02-28,SC Heerenveen,Sparta Rotterdam,1.53,0.84,2,1,4815454
2026-03-01,Excelsior,Go Ahead Eagles,1.85,0.57,0,1,4815452
2026-03-01,FC Twente,Feyenoord,1.25,0.83,2,0,4815458
2026-03-01,FC Utrecht,AZ Alkmaar,1.19,0.76,2,0,4815459
2026-03-01,FC Volendam,FC Groningen,2.38,4.25,3,2,4815453
2026-03-01,PEC Zwolle,Ajax,1.2,0.35,0,0,4815460
2026-03-06,Heracles,FC Utrecht,0.3,1.95,0,0,4815464
2026-03-07,Excelsior,SC Heerenveen,2.5,1.5,1,2,4815461
2026-03-07,FC Groningen,Ajax,1.9,2.08,3,1,4815463
2026-03-07,PSV Eindhoven,AZ Alkmaar,2.35,1.76,2,1,4815467
2026-03-08,Fortuna Sittard,Telstar,2.7,2.7,1,4,4815468
2026-03-08,Go Ahead Eagles,FC Twente,1.77,2.41,1,4,4815462
2026-03-08,NAC Breda,Feyenoord,1.04,1.72,3,3,4815465
2026-03-08,NEC Nijmegen,FC Volendam,1.51,0.49,3,0,4815466
2026-03-08,Sparta Rotterdam,PEC Zwolle,1.78,1.59,1,1,4815469
2026-03-13,PEC Zwolle,FC Groningen,2.55,2.48,1,1,4815478
2026-03-14,Ajax,Sparta Rotterdam,3.81,0.25,4,0,4815470
2026-03-14,FC Volendam,Fortuna Sittard,2.46,2.24,1,2,4815472
2026-03-14,PSV Eindhoven,NEC Nijmegen,1.52,2.13,2,3,4815476
2026-03-14,SC Heerenveen,Telstar,1.92,2.48,3,0,4815475
2026-03-15,AZ Alkmaar,Heracles,3.31,0.79,4,0,4815471
2026-03-15,FC Twente,FC Utrecht,1.49,1.7,0,2,4815477
2026-03-15,Feyenoord,Excelsior,2.67,0.84,2,1,4815473
2026-03-15,Go Ahead Eagles,NAC Breda,1.82,1.17,6,0,4815474
2026-03-20,Heracles,Excelsior,1.49,1.2,1,1,4815481
2026-03-21,Fortuna Sittard,FC Twente,1.3,1.85,1,2,4815483
2026-03-21,PEC Zwolle,NAC Breda,0.82,1.14,2,1,4815487
2026-03-21,Sparta Rotterdam,FC Volendam,1.63,0.37,2,0,4815484
2026-03-22,FC Groningen,AZ Alkmaar,2.54,1.49,3,0,4815480
2026-03-22,FC Utrecht,Go Ahead Eagles,2.2,0.61,2,0,4815486
2026-03-22,Feyenoord,Ajax,1.41,0.21,1,1,4815479
2026-03-22,NEC Nijmegen,SC Heerenveen,2.28,1.63,2,2,4815482
2026-03-22,Telstar,PSV Eindhoven,1.84,1.55,3,1,4815485
2026-04-04,AZ Alkmaar,Fortuna Sittard,2.02,0.42,2,0,4815489
2026-04-04,Ajax,FC Twente,0.94,1.46,1,2,4815488
2026-04-04,Excelsior,NEC Nijmegen,0.71,1.25,0,2,4815490
2026-04-04,PSV Eindhoven,FC Utrecht,3.49,1.36,4,3,4815495
2026-04-04,Telstar,FC Groningen,1.31,2.31,0,2,4815496
2026-04-05,FC Volendam,Feyenoord,1.51,1.21,0,0,4815491
2026-04-05,Go Ahead Eagles,PEC Zwolle,2.24,1.42,5,0,4815492
2026-04-05,NAC Breda,Sparta Rotterdam,0.56,0.37,0,0,4815494
2026-04-05,SC Heerenveen,Heracles,3.67,1.33,4,1,4815493
2026-04-10,FC Twente,FC Volendam,2.2,1.12,2,1,4815503
2026-04-11,FC Groningen,Go Ahead Eagles,1.75,0.86,0,0,4815498
2026-04-11,FC Utrecht,Telstar,1.89,0.96,4,1,4815504
2026-04-11,Heracles,Ajax,1.0,2.03,0,3,4815499
2026-04-11,Sparta Rotterdam,PSV Eindhoven,1.2,2.19,0,2,4815502
2026-04-12,AZ Alkmaar,SC Heerenveen,1.87,0.64,3,0,4815497
2026-04-12,Fortuna Sittard,NAC Breda,1.59,0.9,1,1,4815501
2026-04-12,NEC Nijmegen,Feyenoord,2.25,1.68,1,1,4815500
2026-04-12,PEC Zwolle,Excelsior,3.08,1.87,2,2,4815505
2026-04-22,Telstar,Sparta Rotterdam,1.64,1.11,4,1,4815513
2026-04-23,Go Ahead Eagles,AZ Alkmaar,1.79,1.52,0,0,4815508
2026-04-23,PSV Eindhoven,PEC Zwolle,1.88,0.83,6,1,4815512
2026-04-25,FC Twente,NEC Nijmegen,1.28,1.52,1,1,4815514
2026-04-25,Feyenoord,FC Groningen,1.8,1.47,3,1,4815507
2026-04-25,NAC Breda,Ajax,1.63,2.29,0,2,4815511
2026-04-25,SC Heerenveen,Fortuna Sittard,2.03,0.9,2,1,4815509
2026-04-26,Excelsior,FC Utrecht,3.4,0.72,5,0,4815506
2026-04-26,Heracles,FC Volendam,0.78,1.3,0,2,4815510
2026-05-02,Ajax,PSV Eindhoven,0.88,2.05,2,2,4815515
2026-05-02,FC Groningen,Excelsior,1.14,2.58,2,3,4815518
2026-05-02,FC Utrecht,NAC Breda,3.55,0.48,2,0,4815522
2026-05-02,NEC Nijmegen,Telstar,2.3,1.23,1,1,4815519
2026-05-03,AZ Alkmaar,FC Twente,1.22,0.48,2,2,4815516
2026-05-03,FC Volendam,SC Heerenveen,1.31,1.8,0,2,4815517
2026-05-03,Fortuna Sittard,Feyenoord,0.86,2.66,1,2,4815520
2026-05-03,PEC Zwolle,Heracles,0.72,0.99,1,0,4815523
2026-05-03,Sparta Rotterdam,Go Ahead Eagles,1.85,1.87,2,2,4815521
2026-05-10,Ajax,FC Utrecht,1.64,1.79,1,2,4815524
2026-05-10,Excelsior,FC Volendam,0.41,0.43,1,1,4815525
2026-05-10,FC Groningen,NEC Nijmegen,1.85,0.95,2,1,4815528
2026-05-10,FC Twente,Sparta Rotterdam,3.6,0.89,4,0,4815532
2026-05-10,Feyenoord,AZ Alkmaar,1.64,1.23,1,1,4815526
2026-05-10,Fortuna Sittard,PEC Zwolle,1.41,1.16,3,2,4815530
2026-05-10,Go Ahead Eagles,PSV Eindhoven,1.14,3.0,1,4,4815527
2026-05-10,Telstar,Heracles,2.71,0.85,3,0,4815531
2026-05-11,NAC Breda,SC Heerenveen,1.86,1.0,2,0,4815529
2026-05-17,AZ Alkmaar,NAC Breda,1.59,2.08,3,3,4815533
2026-05-17,FC Utrecht,Fortuna Sittard,1.91,0.49,2,0,4815540
2026-05-17,FC Volendam,Telstar,1.06,1.46,1,2,4815534
2026-05-17,Heracles,FC Groningen,0.89,1.16,1,2,4815536
2026-05-17,NEC Nijmegen,Go Ahead Eagles,4.73,0.54,2,1,4815537
2026-05-17,PEC Zwolle,Feyenoord,0.72,3.09,0,2,4815541
2026-05-17,PSV Eindhoven,FC Twente,2.69,1.46,5,1,4815538
2026-05-17,SC Heerenveen,Ajax,1.58,1.53,0,0,4815535
2026-05-17,Sparta Rotterdam,Excelsior,1.63,1.06,2,3,4815539
2026-05-21,Ajax,FC Groningen,2.01,0.16,2,0,5642628
2026-05-21,FC Utrecht,SC Heerenveen,2.18,1.29,3,2,5642629
2026-05-24,Ajax,FC Utrecht,1.68,1.16,1,1,5642632
2026-08-07,Cambuur,Excelsior,0.72,2.87,0,4,5781701
2026-08-08,AZ Alkmaar,ADO Den Haag,2.74,0.86,2,0,5781699
2026-08-08,Go Ahead Eagles,Willem II,2.43,1.51,4,1,5781702
2026-08-08,NEC Nijmegen,Telstar,2.15,1.66,1,2,5781698
2026-08-08,PSV Eindhoven,Fortuna Sittard,2.56,0.98,2,2,5781700
2026-08-09,FC Groningen,FC Utrecht,1.63,2.0,2,1,5781704
2026-08-09,PEC Zwolle,Ajax,0.59,1.97,0,2,5781697
2026-08-09,SC Heerenveen,FC Twente,0.4,1.41,1,0,5781703
2026-08-09,Sparta Rotterdam,Feyenoord,0.97,3.59,0,1,5781696
2026-08-14,Telstar,Sparta Rotterdam,1.42,3.08,1,3,5781710
2026-08-15,Excelsior,PSV Eindhoven,0.51,2.24,1,2,5781711
2026-08-15,FC Utrecht,AZ Alkmaar,0.91,2.1,1,4,5781707
2026-08-15,Fortuna Sittard,Cambuur,1.91,2.51,3,1,5781713
2026-08-15,Willem II,NEC Nijmegen,1.49,3.54,1,4,5781706
2026-08-16,ADO Den Haag,FC Groningen,1.05,3.38,1,4,5781712
2026-08-16,Ajax,SC Heerenveen,2.53,1.53,2,2,5781709
2026-08-16,FC Twente,PEC Zwolle,2.62,0.8,3,1,5781705
2026-08-16,Feyenoord,Go Ahead Eagles,2.83,1.77,2,2,5781708
2026-08-22,Fortuna Sittard,AZ Alkmaar,0.4,4.53,0,2,5781716
2026-08-22,SC Heerenveen,PEC Zwolle,0.95,1.75,0,2,5781719
2026-08-22,Sparta Rotterdam,FC Utrecht,1.73,1.92,3,3,5781715
2026-08-23,Cambuur,Feyenoord,0.96,2.62,2,5,5781721
2026-08-23,Go Ahead Eagles,ADO Den Haag,0.85,0.83,3,1,5781717
2026-08-23,PSV Eindhoven,FC Groningen,4.4,1.09,5,1,5781714
2026-08-28,FC Groningen,Fortuna Sittard,1.92,0.87,2,3,5781729
2026-08-29,AZ Alkmaar,Go Ahead Eagles,2.37,1.66,5,2,5781724
2026-08-29,Excelsior,Sparta Rotterdam,1.32,1.03,2,1,5781723
2026-08-29,PEC Zwolle,NEC Nijmegen,2.03,1.94,1,3,5781725
2026-08-30,Cambuur,FC Twente,0.47,1.66,1,4,5781731
2026-08-30,FC Utrecht,PSV Eindhoven,0.4,3.59,1,6,5781726
2026-08-30,Feyenoord,ADO Den Haag,2.37,0.22,2,2,5781727
2026-08-30,Telstar,Ajax,0.97,2.04,0,4,5781730
2026-08-30,Willem II,SC Heerenveen,1.59,1.37,2,2,5781728
2026-09-04,Sparta Rotterdam,PEC Zwolle,2.74,0.95,2,2,5781738
2026-09-05,Ajax,PSV Eindhoven,1.86,2.5,1,3,5781735
2026-09-05,NEC Nijmegen,Feyenoord,0.96,1.35,1,3,5781737
2026-09-05,Willem II,Excelsior,1.1,1.73,0,3,5781739
2026-09-06,ADO Den Haag,Fortuna Sittard,0.5,0.55,2,3,5781740
2026-09-06,FC Groningen,FC Twente,1.68,2.28,2,2,5781732
2026-09-06,SC Heerenveen,AZ Alkmaar,1.48,1.04,2,3,5781736
2026-09-06,Telstar,Cambuur,2.14,0.98,2,2,5781734
2026-09-08,FC Utrecht,Go Ahead Eagles,2.46,1.89,3,3,5781733
2026-09-08,NEC Nijmegen,Excelsior,1.43,1.81,2,2,5781720
2026-09-09,FC Twente,Telstar,2.65,0.52,1,0,5781722
2026-09-11,AZ Alkmaar,Willem II,3.14,1.23,1,1,5781742
2026-09-12,Cambuur,NEC Nijmegen,3.49,0.97,3,0,5781741
2026-09-12,FC Twente,ADO Den Haag,2.98,0.65,2,0,5781746
2026-09-12,Fortuna Sittard,Ajax,0.92,4.5,1,5,5781747
2026-09-12,Go Ahead Eagles,FC Groningen,3.5,0.17,1,1,5781748
2026-09-13,Excelsior,FC Utrecht,0.61,1.49,1,2,5781745
2026-09-13,PEC Zwolle,Feyenoord,0.22,3.23,0,7,5781749
2026-09-13,PSV Eindhoven,Sparta Rotterdam,3.5,2.14,4,1,5781743
2026-09-13,SC Heerenveen,Telstar,1.74,0.78,0,0,5781744
2026-09-15,Ajax,Willem II,3.36,1.57,5,1,5781718
2026-09-18,FC Groningen,PEC Zwolle,1.35,0.53,3,0,5781754
2026-09-19,ADO Den Haag,Cambuur,2.1,0.61,1,1,5781755
2026-09-19,Ajax,Excelsior,2.51,0.82,2,2,5781757
2026-09-19,Sparta Rotterdam,SC Heerenveen,0.73,1.84,0,4,5781756
2026-09-19,Willem II,Fortuna Sittard,1.22,1.35,0,1,5781758
2026-09-20,AZ Alkmaar,Telstar,2.61,0.11,1,0,5781752
2026-09-20,FC Twente,PSV Eindhoven,2.16,0.84,3,2,5781753
2026-09-20,Feyenoord,FC Utrecht,3.59,0.66,5,0,5781750
2026-09-20,NEC Nijmegen,Go Ahead Eagles,1.12,2.86,1,1,5781751
2026-10-09,PSV Eindhoven,SC Heerenveen,1.6,1.56,2,0,5781762
