date,home_team,away_team,home_xg,away_xg,home_goals,away_goals
2014-08-23,Almeria,Espanyol,0.978788,0.399306,1,1
2014-08-23,Granada,Deportivo La Coruna,0.548351,0.379371,2,1
2014-08-23,Malaga,Athletic Club,1.32107,1.14151,1,0
2014-08-23,Sevilla,Valencia,1.17197,1.74903,1,1
2014-08-24,Barcelona,Elche,1.54124,0.10804,3,0
2014-08-24,Celta Vigo,Getafe,1.91721,0.673965,3,1
2014-08-24,Eibar,Real Sociedad,0.465398,0.975523,1,0
2014-08-24,Levante,Villarreal,0.345435,3.01412,0,2
2014-08-25,Rayo Vallecano,Atletico Madrid,0.357337,0.901586,0,0
2014-08-25,Real Madrid,Cordoba,0.612645,0.37841,2,0
2014-08-29,Getafe,Almeria,1.31774,1.31079,1,0
2014-08-29,Valencia,Malaga,1.96863,1.13196,3,0
2014-08-30,Athletic Club,Levante,2.25621,0.331502,3,0
2014-08-30,Atletico Madrid,Eibar,1.37146,0.855113,2,1
2014-08-30,Cordoba,Celta Vigo,0.241504,0.786352,1,1
2014-08-30,Espanyol,Sevilla,0.945745,1.36011,1,2
2014-08-31,Deportivo La Coruna,Rayo Vallecano,1.89944,2.23586,2,2
2014-08-31,Elche,Granada,1.35652,0.762738,1,1
2014-08-31,Real Sociedad,Real Madrid,2.74099,2.31574,4,2
2014-08-31,Villarreal,Barcelona,1.10836,3.12545,0,1
2014-09-12,Almeria,Cordoba,1.03628,0.763656,1,1
2014-09-13,Barcelona,Athletic Club,2.1772,0.0979707,2,0
2014-09-13,Celta Vigo,Real Sociedad,2.85395,1.30012,2,2
2014-09-13,Malaga,Levante,0.819725,0.358265,0,0
2014-09-13,Real Madrid,Atletico Madrid,1.58778,1.11054,1,2
2014-09-14,Granada,Villarreal,0.421198,0.634854,0,0
2014-09-14,Rayo Vallecano,Elche,1.42044,0.570631,2,3
2014-09-14,Sevilla,Getafe,2.03978,0.30148,2,0
2014-09-14,Valencia,Espanyol,1.86199,1.09215,3,1
2014-09-15,Eibar,Deportivo La Coruna,0.412722,0.672578,0,1
2014-09-19,Elche,Eibar,1.03354,0.903058,0,2
2014-09-20,Athletic Club,Granada,0.452668,0.385966,0,1
2014-09-20,Atletico Madrid,Celta Vigo,2.42868,0.926164,2,2
2014-09-20,Deportivo La Coruna,Real Madrid,1.74836,2.05644,2,8
2014-09-20,Espanyol,Malaga,2.76188,0.446347,2,2
2014-09-21,Cordoba,Sevilla,0.901931,2.64146,1,3
2014-09-21,Levante,Barcelona,0.44198,3.8229,0,5
2014-09-21,Real Sociedad,Almeria,1.67935,0.603236,1,2
2014-09-21,Villarreal,Rayo Vallecano,4.38395,1.40506,4,2
2014-09-22,Getafe,Valencia,0.23474,1.54259,0,3
2014-09-23,Celta Vigo,Deportivo La Coruna,1.19299,1.04057,2,1
2014-09-23,Real Madrid,Elche,3.93785,1.07447,5,1
2014-09-24,Almeria,Atletico Madrid,0.263228,1.689,0,1
2014-09-24,Eibar,Villarreal,0.793018,0.662859,1,1
2014-09-24,Granada,Levante,0.636719,0.415162,0,1
2014-09-24,Malaga,Barcelona,0.278657,0.646364,0,0
2014-09-24,Rayo Vallecano,Athletic Club,3.17965,1.06179,2,1
2014-09-24,Sevilla,Real Sociedad,2.02336,0.248733,1,0
2014-09-25,Espanyol,Getafe,2.09364,0.40196,2,0
2014-09-25,Valencia,Cordoba,1.26428,0.116667,3,0
2014-09-26,Elche,Celta Vigo,0.402099,2.04008,0,1
2014-09-27,Athletic Club,Eibar,1.16599,0.518244,0,0
2014-09-27,Atletico Madrid,Sevilla,2.70863,0.178376,4,0
2014-09-27,Barcelona,Granada,4.92758,0.445275,6,0
2014-09-27,Levante,Rayo Vallecano,0.637848,1.39355,0,2
2014-09-27,Villarreal,Real Madrid,0.951263,0.976346,0,2
2014-09-28,Cordoba,Espanyol,0.137119,0.112527,0,0
2014-09-28,Deportivo La Coruna,Almeria,0.957268,0.72135,0,1
2014-09-28,Getafe,Malaga,0.704397,0.619457,1,0
2014-09-28,Real Sociedad,Valencia,0.762877,0.554817,1,1
2014-10-03,Getafe,Cordoba,1.4608,0.377042,1,1
2014-10-04,Almeria,Elche,2.34067,0.511144,2,2
2014-10-04,Eibar,Levante,1.03989,1.03547,3,3
2014-10-04,Malaga,Granada,2.2003,0.851565,2,1
2014-10-04,Rayo Vallecano,Barcelona,0.515599,2.97834,0,2
2014-10-04,Valencia,Atletico Madrid,1.01863,1.68827,3,1
2014-10-05,Celta Vigo,Villarreal,1.17846,2.02409,1,3
2014-10-05,Espanyol,Real Sociedad,1.39473,0.481761,2,0
2014-10-05,Real Madrid,Athletic Club,3.61471,0.744918,5,0
2014-10-05,Sevilla,Deportivo La Coruna,3.9035,0.227817,4,1
2014-10-17,Granada,Rayo Vallecano,0.432469,0.471785,0,1
2014-10-18,Athletic Club,Celta Vigo,2.66245,0.221015,1,1
2014-10-18,Barcelona,Eibar,3.09294,0.929153,3,0
2014-10-18,Cordoba,Malaga,0.395949,1.41292,1,2
2014-10-18,Levante,Real Madrid,0.488171,4.276,0,5
2014-10-19,Atletico Madrid,Espanyol,4.12804,0.723748,2,0
2014-10-19,Deportivo La Coruna,Valencia,0.994809,0.56407,3,0
2014-10-19,Elche,Sevilla,0.47658,2.52963,0,2
2014-10-19,Villarreal,Almeria,2.75077,0.336251,2,0
2014-10-20,Real Sociedad,Getafe,1.29417,1.19816,1,2
2014-10-24,Celta Vigo,Levante,1.88024,0.207108,3,0
2014-10-25,Almeria,Athletic Club,0.310169,0.921626,0,1
2014-10-25,Cordoba,Real Sociedad,2.09938,0.967731,1,1
2014-10-25,Eibar,Granada,0.738375,0.542272,1,1
2014-10-25,Real Madrid,Barcelona,1.87887,1.30281,3,1
2014-10-25,Valencia,Elche,1.18501,0.498984,3,1
2014-10-26,Espanyol,Deportivo La Coruna,0.410527,0.0932128,0,0
2014-10-26,Getafe,Atletico Madrid,0.42457,1.57745,0,1
2014-10-26,Malaga,Rayo Vallecano,3.90394,0.395055,4,0
2014-10-26,Sevilla,Villarreal,1.03012,1.3659,2,1
2014-10-31,Deportivo La Coruna,Getafe,0.760639,1.5836,1,2
2014-11-01,Atletico Madrid,Cordoba,1.77353,0.785648,4,2
2014-11-01,Barcelona,Celta Vigo,2.66159,1.55562,0,1
2014-11-01,Granada,Real Madrid,1.07775,2.84686,0,4
2014-11-01,Real Sociedad,Malaga,0.112869,1.46771,0,1
2014-11-02,Athletic Club,Sevilla,0.43055,0.151226,1,0
2014-11-02,Elche,Espanyol,2.35234,2.01995,2,1
2014-11-02,Levante,Almeria,1.46581,1.32208,2,1
2014-11-02,Villarreal,Valencia,0.95333,0.339474,1,3
2014-11-03,Rayo Vallecano,Eibar,1.21559,2.50481,2,3
2014-11-07,Cordoba,Deportivo La Coruna,1.22585,0.217729,0,0
2014-11-08,Almeria,Barcelona,0.710826,2.88307,1,2
2014-11-08,Celta Vigo,Granada,1.3927,1.30763,0,0
2014-11-08,Getafe,Elche,0.701376,0.891117,0,0
2014-11-08,Malaga,Eibar,2.15625,0.783082,2,1
2014-11-08,Real Madrid,Rayo Vallecano,2.69643,0.843676,5,1
2014-11-09,Espanyol,Villarreal,0.926317,2.12387,1,1
2014-11-09,Real Sociedad,Atletico Madrid,0.896143,0.594573,2,1
2014-11-09,Sevilla,Levante,1.53921,1.11455,1,1
2014-11-09,Valencia,Athletic Club,0.766329,0.767828,0,0
2014-11-21,Athletic Club,Espanyol,0.829053,0.746307,3,1
2014-11-22,Atletico Madrid,Malaga,2.30452,0.172228,3,1
2014-11-22,Barcelona,Sevilla,3.11963,0.113587,5,1
2014-11-22,Deportivo La Coruna,Real Sociedad,0.431861,0.629175,0,0
2014-11-22,Eibar,Real Madrid,0.87358,4.68657,0,4
2014-11-23,Elche,Cordoba,2.11064,0.941968,2,2
2014-11-23,Levante,Valencia,1.0788,1.48232,2,1
2014-11-23,Rayo Vallecano,Celta Vigo,0.865947,0.704494,1,0
2014-11-23,Villarreal,Getafe,0.655779,0.580139,2,1
2014-11-24,Granada,Almeria,1.26093,0.0493305,0,0
2014-11-28,Real Sociedad,Elche,1.32833,0.749825,3,0
2014-11-29,Celta Vigo,Eibar,1.42996,1.06888,0,1
2014-11-29,Espanyol,Levante,1.12491,1.64662,2,1
2014-11-29,Getafe,Athletic Club,0.704685,0.518302,1,2
2014-11-29,Malaga,Real Madrid,1.16042,4.15129,1,2
2014-11-30,Atletico Madrid,Deportivo La Coruna,1.07451,0.103816,2,0
2014-11-30,Cordoba,Villarreal,0.541323,0.84254,0,2
2014-11-30,Sevilla,Granada,3.80926,1.19502,5,1
2014-11-30,Valencia,Barcelona,1.14991,1.95194,0,1
2014-12-01,Almeria,Rayo Vallecano,0.80016,1.25863,0,1
2014-12-06,Athletic Club,Cordoba,0.611024,1.1939,0,1
2014-12-06,Deportivo La Coruna,Malaga,2.64447,0.375388,0,1
2014-12-06,Elche,Atletico Madrid,0.424663,0.279031,0,2
2014-12-06,Real Madrid,Celta Vigo,2.59443,0.552243,3,0
2014-12-07,Barcelona,Espanyol,2.11804,0.223494,5,1
2014-12-07,Granada,Valencia,1.1801,0.651538,1,1
2014-12-07,Rayo Vallecano,Sevilla,1.41398,1.58437,0,1
2014-12-07,Villarreal,Real Sociedad,1.76594,0.336566,4,0
2014-12-08,Eibar,Almeria,1.57541,1.39683,5,2
2014-12-08,Levante,Getafe,1.1169,0.24465,1,1
2014-12-12,Almeria,Real Madrid,1.33389,1.25169,1,4
2014-12-13,Cordoba,Levante,0.806315,0.603413,0,0
2014-12-13,Getafe,Barcelona,0.11349,1.87156,0,0
2014-12-13,Malaga,Celta Vigo,1.10137,1.10271,1,0
2014-12-13,Valencia,Rayo Vallecano,3.01549,0.603533,3,0
2014-12-14,Atletico Madrid,Villarreal,1.01723,0.561906,0,1
2014-12-14,Espanyol,Granada,1.94193,0.699727,2,1
2014-12-14,Real Sociedad,Athletic Club,1.86676,0.932204,1,1
2014-12-14,Sevilla,Eibar,1.29083,0.132624,0,0
2014-12-15,Deportivo La Coruna,Elche,0.761893,0.909314,1,0
2014-12-19,Celta Vigo,Almeria,1.44921,1.36468,0,1
2014-12-20,Barcelona,Cordoba,2.59358,0.29662,5,0
2014-12-20,Eibar,Valencia,0.321199,1.49491,0,1
2014-12-20,Levante,Real Sociedad,1.21074,0.150209,1,1
2014-12-20,Rayo Vallecano,Espanyol,1.37834,2.25875,1,3
2014-12-21,Athletic Club,Atletico Madrid,0.294125,2.16168,1,4
2014-12-21,Elche,Malaga,0.508293,1.43511,1,2
2014-12-21,Granada,Getafe,1.52366,0.923894,1,1
2014-12-21,Villarreal,Deportivo La Coruna,2.74975,0.669743,3,0
2015-01-03,Atletico Madrid,Levante,2.14869,0.533056,3,1
2015-01-03,Deportivo La Coruna,Athletic Club,0.604346,0.999235,1,0
2015-01-03,Elche,Villarreal,1.51945,2.90415,2,2
2015-01-03,Malaga,Almeria,0.574598,1.38062,1,2
2015-01-03,Sevilla,Celta Vigo,0.846357,0.947026,1,0
2015-01-04,Espanyol,Eibar,1.54932,1.53054,1,2
2015-01-04,Getafe,Rayo Vallecano,0.518609,2.5901,1,2
2015-01-04,Real Sociedad,Barcelona,0.636981,0.900848,1,0
2015-01-04,Valencia,Real Madrid,0.708983,2.63452,2,1
2015-01-05,Cordoba,Granada,0.980041,0.501211,2,0
2015-01-09,Levante,Deportivo La Coruna,0.766293,1.07012,0,0
2015-01-10,Celta Vigo,Valencia,2.22601,0.29812,1,1
2015-01-10,Eibar,Getafe,0.857562,0.273647,2,1
2015-01-10,Malaga,Villarreal,0.496312,0.732696,1,1
2015-01-10,Real Madrid,Espanyol,1.73073,0.367803,3,0
2015-01-11,Almeria,Sevilla,1.13032,1.07199,0,2
2015-01-11,Athletic Club,Elche,1.29276,1.18469,1,2
2015-01-11,Barcelona,Atletico Madrid,3.72806,0.87562,3,1
2015-01-11,Granada,Real Sociedad,2.64609,1.15464,1,1
2015-01-12,Rayo Vallecano,Cordoba,1.78825,0.573866,0,1
2015-01-16,Cordoba,Eibar,1.11225,0.290839,1,1
2015-01-17,Espanyol,Celta Vigo,1.11281,0.234731,1,0
2015-01-17,Real Sociedad,Rayo Vallecano,0.569536,0.710475,0,1
2015-01-17,Valencia,Almeria,2.23964,0.822402,3,2
2015-01-17,Villarreal,Athletic Club,2.35698,0.646477,2,0
2015-01-18,Atletico Madrid,Granada,1.68927,0.129219,2,0
2015-01-18,Deportivo La Coruna,Barcelona,0.582376,2.25001,0,4
2015-01-18,Elche,Levante,1.91784,1.0119,1,0
2015-01-18,Getafe,Real Madrid,0.544312,2.41204,0,3
2015-01-18,Sevilla,Malaga,1.94535,0.364,2,0
2015-01-24,Atletico Madrid,Rayo Vallecano,1.4904,0.696507,3,1
2015-01-24,Cordoba,Real Madrid,1.63834,1.99717,1,2
2015-01-24,Elche,Barcelona,0.347795,3.51478,0,6
2015-01-24,Real Sociedad,Eibar,0.845464,0.511777,1,0
2015-01-24,Villarreal,Levante,1.30052,1.02925,1,0
2015-01-25,Athletic Club,Malaga,0.959466,1.25659,1,1
2015-01-25,Deportivo La Coruna,Granada,1.86738,0.264957,2,2
2015-01-25,Espanyol,Almeria,2.44178,0.300551,3,0
2015-01-25,Valencia,Sevilla,2.66487,1.97883,3,1
2015-01-26,Getafe,Celta Vigo,2.05397,0.47185,2,1
2015-01-30,Rayo Vallecano,Deportivo La Coruna,1.31894,2.38957,1,2
2015-01-31,Celta Vigo,Cordoba,2.59613,0.402388,1,0
2015-01-31,Eibar,Atletico Madrid,1.16555,0.842025,1,3
2015-01-31,Granada,Elche,1.51392,0.214841,1,0
2015-01-31,Real Madrid,Real Sociedad,4.01477,1.0602,4,1
2015-02-01,Almeria,Getafe,1.93122,0.822826,1,0
2015-02-01,Barcelona,Villarreal,3.1169,0.958569,3,2
2015-02-01,Levante,Athletic Club,1.0606,1.65235,0,2
2015-02-01,Sevilla,Espanyol,3.32956,0.904898,3,2
2015-02-02,Malaga,Valencia,1.68775,0.656199,1,0
2015-02-04,Real Madrid,Sevilla,2.44168,2.47777,2,1
2015-02-06,Deportivo La Coruna,Eibar,2.24001,0.0956199,2,0
2015-02-07,Atletico Madrid,Real Madrid,2.27475,0.102273,4,0
2015-02-07,Levante,Malaga,3.08668,0.44907,4,1
2015-02-07,Real Sociedad,Celta Vigo,0.981892,0.574985,1,1
2015-02-07,Villarreal,Granada,1.54408,0.377127,2,0
2015-02-08,Athletic Club,Barcelona,1.8275,4.6084,2,5
2015-02-08,Cordoba,Almeria,1.02973,1.37273,1,2
2015-02-08,Espanyol,Valencia,1.57927,1.49482,1,2
2015-02-08,Getafe,Sevilla,3.04719,0.401739,2,1
2015-02-09,Elche,Rayo Vallecano,2.96514,0.406262,2,0
2015-02-13,Almeria,Real Sociedad,1.1247,0.912368,2,2
2015-02-14,Granada,Athletic Club,0.476819,0.732856,0,0
2015-02-14,Malaga,Espanyol,1.56057,0.6984,0,2
2015-02-14,Real Madrid,Deportivo La Coruna,1.47812,0.618923,2,0
2015-02-14,Sevilla,Cordoba,2.40554,0.320386,3,0
2015-02-15,Barcelona,Levante,3.66014,0.247088,5,0
2015-02-15,Celta Vigo,Atletico Madrid,2.0703,0.549303,2,0
2015-02-15,Rayo Vallecano,Villarreal,1.25027,2.06078,2,0
2015-02-15,Valencia,Getafe,2.14598,0.649505,1,0
2015-02-16,Eibar,Elche,0.932447,0.434956,0,1
2015-02-20,Getafe,Espanyol,1.43242,0.705886,2,1
2015-02-21,Atletico Madrid,Almeria,1.7792,0.331948,3,0
2015-02-21,Barcelona,Malaga,1.22195,1.63942,0,1
2015-02-21,Cordoba,Valencia,1.08496,1.89163,1,2
2015-02-21,Deportivo La Coruna,Celta Vigo,1.08256,1.92739,0,2
2015-02-22,Athletic Club,Rayo Vallecano,1.93713,0.144942,1,0
2015-02-22,Elche,Real Madrid,0.113848,1.93223,0,2
2015-02-22,Real Sociedad,Sevilla,2.13723,2.49215,4,3
2015-02-22,Villarreal,Eibar,1.86055,0.231931,1,0
2015-02-23,Levante,Granada,0.925939,1.58381,2,1
2015-02-27,Espanyol,Cordoba,0.579128,1.14225,1,0
2015-02-28,Almeria,Deportivo La Coruna,0.385643,1.93328,0,0
2015-02-28,Granada,Barcelona,1.05422,3.76412,1,3
2015-02-28,Malaga,Getafe,1.61726,2.02132,3,2
2015-02-28,Rayo Vallecano,Levante,2.10446,1.5619,4,2
2015-03-01,Eibar,Athletic Club,0.282177,1.81458,0,1
2015-03-01,Real Madrid,Villarreal,2.94269,0.830645,1,1
2015-03-01,Sevilla,Atletico Madrid,0.864001,0.387528,0,0
2015-03-01,Valencia,Real Sociedad,1.34535,0.377908,2,0
2015-03-02,Celta Vigo,Elche,1.3045,0.913534,1,1
2015-03-06,Levante,Eibar,0.968252,1.1246,2,1
2015-03-07,Athletic Club,Real Madrid,0.351052,0.880869,1,0
2015-03-07,Deportivo La Coruna,Sevilla,2.49167,3.0458,3,4
2015-03-07,Elche,Almeria,1.87874,0.509389,1,0
2015-03-07,Granada,Malaga,1.48614,0.108569,1,0
2015-03-08,Atletico Madrid,Valencia,0.985146,0.555779,1,1
2015-03-08,Barcelona,Rayo Vallecano,5.199,0.955753,6,1
2015-03-08,Real Sociedad,Espanyol,0.740356,0.445724,1,0
2015-03-08,Villarreal,Celta Vigo,1.56688,0.979286,4,1
2015-03-09,Cordoba,Getafe,1.134,0.757081,1,2
2015-03-13,Valencia,Deportivo La Coruna,2.87108,0.181554,2,0
2015-03-14,Celta Vigo,Athletic Club,1.93556,2.77225,1,2
2015-03-14,Eibar,Barcelona,0.714941,1.89195,0,2
2015-03-14,Espanyol,Atletico Madrid,0.197774,1.49831,0,0
2015-03-14,Rayo Vallecano,Granada,3.07872,1.13426,3,1
2015-03-15,Almeria,Villarreal,1.3378,1.39493,0,0
2015-03-15,Malaga,Cordoba,1.64345,0.926039,2,0
2015-03-15,Real Madrid,Levante,2.53951,0.58311,2,0
2015-03-15,Sevilla,Elche,3.005,0.67376,3,0
2015-03-16,Getafe,Real Sociedad,1.18559,0.440657,0,1
2015-03-20,Elche,Valencia,0.247285,2.37545,0,4
2015-03-21,Athletic Club,Almeria,1.43356,0.341584,2,1
2015-03-21,Atletico Madrid,Getafe,2.09938,0.255093,2,0
2015-03-21,Granada,Eibar,0.706268,0.288646,0,0
2015-03-21,Levante,Celta Vigo,0.434826,2.92074,0,1
2015-03-21,Rayo Vallecano,Malaga,0.578125,0.787002,1,0
2015-03-22,Barcelona,Real Madrid,2.29612,1.69907,2,1
2015-03-22,Deportivo La Coruna,Espanyol,0.89593,1.551,0,0
2015-03-22,Real Sociedad,Cordoba,1.48367,0.6619,3,1
2015-03-22,Villarreal,Sevilla,1.9763,0.561801,0,2
2015-04-03,Eibar,Rayo Vallecano,1.32137,1.33096,1,2
2015-04-04,Almeria,Levante,1.34021,2.45536,1,4
2015-04-04,Cordoba,Atletico Madrid,0.477035,1.18641,0,2
2015-04-04,Malaga,Real Sociedad,1.94239,0.432609,1,1
2015-04-04,Sevilla,Athletic Club,1.36462,0.480128,2,0
2015-04-05,Celta Vigo,Barcelona,0.653911,1.93453,0,1
2015-04-05,Getafe,Deportivo La Coruna,1.29359,1.16571,2,1
2015-04-05,Real Madrid,Granada,6.61091,0.602945,9,1
2015-04-05,Valencia,Villarreal,1.26916,0.278552,0,0
2015-04-06,Espanyol,Elche,0.536142,0.496354,1,1
2015-04-07,Atletico Madrid,Real Sociedad,1.31813,0.436442,2,0
2015-04-07,Eibar,Malaga,0.790085,0.428638,1,0
2015-04-07,Levante,Sevilla,1.66884,1.49345,1,2
2015-04-08,Barcelona,Almeria,1.71657,0.267948,4,0
2015-04-08,Deportivo La Coruna,Cordoba,0.469966,1.36851,1,1
2015-04-08,Granada,Celta Vigo,1.66481,1.04873,1,1
2015-04-08,Rayo Vallecano,Real Madrid,1.19622,1.94497,0,2
2015-04-09,Athletic Club,Valencia,1.30831,1.12945,1,1
2015-04-09,Elche,Getafe,0.552753,1.01048,0,1
2015-04-09,Villarreal,Espanyol,0.259097,1.95758,0,3
2015-04-11,Almeria,Granada,2.26761,1.66924,3,0
2015-04-11,Celta Vigo,Rayo Vallecano,6.56908,0.962212,6,1
2015-04-11,Malaga,Atletico Madrid,0.670229,2.52542,2,2
2015-04-11,Real Madrid,Eibar,2.99344,0.143497,3,0
2015-04-11,Sevilla,Barcelona,1.26597,1.76203,2,2
2015-04-12,Cordoba,Elche,1.00055,1.18169,0,2
2015-04-12,Espanyol,Athletic Club,0.512811,0.269712,1,0
2015-04-12,Getafe,Villarreal,1.41544,1.11289,1,1
2015-04-12,Real Sociedad,Deportivo La Coruna,1.01446,1.50991,2,2
2015-04-13,Valencia,Levante,0.822921,0.341912,3,0
2015-04-17,Levante,Espanyol,1.05378,1.71351,2,2
2015-04-18,Athletic Club,Getafe,4.04338,0.0426725,4,0
2015-04-18,Barcelona,Valencia,2.05137,1.3841,2,0
2015-04-18,Deportivo La Coruna,Atletico Madrid,0.838632,1.51593,1,2
2015-04-18,Real Madrid,Malaga,3.03655,1.04346,3,1
2015-04-19,Eibar,Celta Vigo,0.496233,2.19944,0,1
2015-04-19,Granada,Sevilla,0.31456,0.750507,1,1
2015-04-19,Rayo Vallecano,Almeria,2.62824,0.372844,2,0
2015-04-19,Villarreal,Cordoba,2.31812,0.270253,0,0
2015-04-20,Elche,Real Sociedad,0.635837,0.240527,1,0
2015-04-24,Cordoba,Athletic Club,2.18715,1.4308,0,1
2015-04-25,Atletico Madrid,Elche,2.30439,1.10245,3,0
2015-04-25,Espanyol,Barcelona,1.00138,3.49523,0,2
2015-04-25,Getafe,Levante,0.827697,0.371997,0,1
2015-04-25,Real Sociedad,Villarreal,0.648718,1.91558,0,0
2015-04-26,Almeria,Eibar,1.6408,0.325557,2,0
2015-04-26,Celta Vigo,Real Madrid,2.11816,2.11441,2,4
2015-04-26,Malaga,Deportivo La Coruna,1.32081,1.16186,1,1
2015-04-26,Sevilla,Rayo Vallecano,3.21575,1.37722,2,0
2015-04-27,Valencia,Granada,1.9701,0.209664,4,0
2015-04-28,Athletic Club,Real Sociedad,1.32188,0.41352,1,1
2015-04-28,Barcelona,Getafe,2.78449,0.576588,6,0
2015-04-28,Levante,Cordoba,1.16982,0.223601,1,0
2015-04-29,Celta Vigo,Malaga,2.42446,1.16202,1,0
2015-04-29,Eibar,Sevilla,1.16322,2.00481,1,3
2015-04-29,Elche,Deportivo La Coruna,3.21848,0.734613,4,0
2015-04-29,Real Madrid,Almeria,2.72518,0.248127,3,0
2015-04-29,Villarreal,Atletico Madrid,0.75045,1.64341,0,1
2015-04-30,Granada,Espanyol,1.23315,0.862324,1,2
2015-04-30,Rayo Vallecano,Valencia,0.486759,1.25767,1,1
2015-05-01,Real Sociedad,Levante,1.12737,0.469938,3,0
2015-05-02,Atletico Madrid,Athletic Club,0.962339,0.887369,0,0
2015-05-02,Cordoba,Barcelona,0.433609,6.18696,0,8
2015-05-02,Deportivo La Coruna,Villarreal,0.610146,0.418168,1,1
2015-05-02,Sevilla,Real Madrid,2.92695,1.7552,2,3
2015-05-03,Espanyol,Rayo Vallecano,0.760792,0.614259,1,1
2015-05-03,Getafe,Granada,0.783329,1.73377,1,2
2015-05-03,Malaga,Elche,3.77025,1.57961,1,2
2015-05-03,Valencia,Eibar,1.40783,0.996269,3,1
2015-05-04,Almeria,Celta Vigo,2.25388,0.998686,2,2
2015-05-08,Eibar,Espanyol,0.243878,1.46248,0,2
2015-05-09,Athletic Club,Deportivo La Coruna,0.764287,0.443144,1,1
2015-05-09,Barcelona,Real Sociedad,2.17671,0.231803,2,0
2015-05-09,Granada,Cordoba,3.14933,0.0979845,2,0
2015-05-09,Real Madrid,Valencia,2.73249,1.59908,2,2
2015-05-10,Almeria,Malaga,1.84645,2.14355,1,2
2015-05-10,Celta Vigo,Sevilla,1.62726,1.67727,1,1
2015-05-10,Levante,Atletico Madrid,2.15407,1.57159,2,2
2015-05-10,Villarreal,Elche,1.53839,1.06985,1,0
2015-05-11,Rayo Vallecano,Getafe,1.40202,0.866413,2,0
2015-05-17,Atletico Madrid,Barcelona,0.516818,1.46846,0,1
2015-05-17,Cordoba,Rayo Vallecano,1.05152,2.20767,1,2
2015-05-17,Deportivo La Coruna,Levante,0.77058,0.0802943,2,0
2015-05-17,Elche,Athletic Club,1.28526,1.27624,2,3
2015-05-17,Espanyol,Real Madrid,1.5021,2.42924,1,4
2015-05-17,Getafe,Eibar,1.04185,0.454082,1,1
2015-05-17,Real Sociedad,Granada,0.276179,1.58346,0,3
2015-05-17,Sevilla,Almeria,2.3833,1.19623,2,1
2015-05-17,Valencia,Celta Vigo,2.1914,0.594569,1,1
2015-05-17,Villarreal,Malaga,1.15862,0.853222,2,1
2015-05-23,Almeria,Valencia,1.38838,2.17387,2,3
2015-05-23,Athletic Club,Villarreal,2.45261,0.981771,4,0
2015-05-23,Barcelona,Deportivo La Coruna,2.43729,0.605381,2,2
2015-05-23,Celta Vigo,Espanyol,1.28113,2.36037,3,2
2015-05-23,Eibar,Cordoba,1.68473,0.44487,3,0
2015-05-23,Granada,Atletico Madrid,0.0809351,0.074881,0,0
2015-05-23,Levante,Elche,0.829026,2.09849,0,0
2015-05-23,Malaga,Sevilla,0.698996,2.65132,2,3
2015-05-23,Rayo Vallecano,Real Sociedad,1.0083,1.55136,2,4
2015-05-23,Real Madrid,Getafe,3.13453,0.979312,7,3
2015-08-21,Malaga,Sevilla,0.98272,0.856601,0,0
2015-08-22,Atletico Madrid,Las Palmas,0.91996,0.522515,1,0
2015-08-22,Deportivo La Coruna,Real Sociedad,0.574748,0.944878,0,0
2015-08-22,Espanyol,Getafe,0.477297,1.27636,1,0
2015-08-23,Athletic Club,Barcelona,0.394999,1.76141,0,1
2015-08-23,Rayo Vallecano,Valencia,0.693517,2.20399,0,0
2015-08-23,Sporting Gijon,Real Madrid,0.333248,1.54271,0,0
2015-08-24,Granada,Eibar,0.893586,1.81223,1,3
2015-08-24,Levante,Celta Vigo,0.485771,1.80598,1,2
2015-08-24,Real Betis,Villarreal,1.4954,1.63096,1,1
2015-08-28,Villarreal,Espanyol,1.59386,0.721424,3,1
2015-08-29,Barcelona,Malaga,1.92171,0.223011,1,0
2015-08-29,Real Sociedad,Sporting Gijon,0.887693,0.25686,0,0
2015-08-30,Celta Vigo,Rayo Vallecano,1.7022,0.0816438,3,0
2015-08-30,Eibar,Athletic Club,1.34808,0.316867,2,0
2015-08-30,Real Madrid,Real Betis,3.14512,0.941159,5,0
2015-08-30,Sevilla,Atletico Madrid,1.73824,1.2446,0,3
2015-08-30,Valencia,Deportivo La Coruna,1.85572,0.818281,1,1
2015-08-31,Getafe,Granada,0.801319,1.27622,1,2
2015-08-31,Las Palmas,Levante,0.825401,0.0685963,0,0
2015-09-11,Levante,Sevilla,1.09171,0.886593,1,1
2015-09-12,Atletico Madrid,Barcelona,0.833737,2.33036,1,2
2015-09-12,Espanyol,Real Madrid,1.47918,4.38766,0,6
2015-09-12,Sporting Gijon,Valencia,1.10502,1.48606,0,1
2015-09-13,Athletic Club,Getafe,1.91225,0.930841,3,1
2015-09-13,Celta Vigo,Las Palmas,3.52742,1.29875,3,3
2015-09-13,Granada,Villarreal,0.817524,1.48742,1,3
2015-09-13,Malaga,Eibar,1.03596,0.885807,0,0
2015-09-13,Real Betis,Real Sociedad,0.75201,0.663712,1,0
2015-09-14,Rayo Vallecano,Deportivo La Coruna,0.61631,2.11613,1,3
2015-09-18,Getafe,Malaga,1.18708,0.690557,1,0
2015-09-19,Eibar,Atletico Madrid,0.2857,1.72085,0,2
2015-09-19,Real Madrid,Granada,3.03758,1.7661,1,0
2015-09-19,Valencia,Real Betis,1.81097,0.190749,0,0
2015-09-20,Barcelona,Levante,4.0122,0.866439,4,1
2015-09-20,Deportivo La Coruna,Sporting Gijon,0.831861,1.62405,2,3
2015-09-20,Las Palmas,Rayo Vallecano,0.401504,1.77993,0,1
2015-09-20,Real Sociedad,Espanyol,1.35321,1.89499,2,3
2015-09-20,Sevilla,Celta Vigo,1.52622,0.84576,1,2
2015-09-20,Villarreal,Athletic Club,1.61474,1.26405,3,1
2015-09-22,Atletico Madrid,Getafe,1.48124,0.480381,2,0
2015-09-22,Espanyol,Valencia,1.87389,0.777547,1,0
2015-09-23,Athletic Club,Real Madrid,1.17616,2.93805,1,2
2015-09-23,Celta Vigo,Barcelona,2.22577,2.51546,4,1
2015-09-23,Granada,Real Sociedad,0.393118,2.65392,0,3
2015-09-23,Levante,Eibar,0.537144,1.40104,2,2
2015-09-23,Rayo Vallecano,Sporting Gijon,2.90667,0.532738,2,1
2015-09-24,Las Palmas,Sevilla,1.02387,1.53528,2,0
2015-09-24,Malaga,Villarreal,0.878256,0.933564,0,1
2015-09-25,Real Betis,Deportivo La Coruna,1.11886,0.264158,1,2
2015-09-25,Valencia,Granada,2.0801,0.990969,1,0
2015-09-26,Barcelona,Las Palmas,3.47992,0.585814,2,1
2015-09-26,Real Madrid,Malaga,3.18828,0.638418,0,0
2015-09-26,Sevilla,Rayo Vallecano,2.76392,0.920477,3,2
2015-09-26,Villarreal,Atletico Madrid,0.871094,0.466414,1,0
2015-09-27,Deportivo La Coruna,Espanyol,1.89137,0.259334,3,0
2015-09-27,Eibar,Celta Vigo,1.20938,1.08234,1,1
2015-09-27,Getafe,Levante,1.09777,0.589659,3,0
2015-09-27,Real Sociedad,Athletic Club,1.08705,0.611548,0,0
2015-09-27,Sporting Gijon,Real Betis,1.75847,1.65258,1,2
2015-10-02,Celta Vigo,Getafe,1.48902,1.32092,0,0
2015-10-03,Espanyol,Sporting Gijon,2.00148,1.6289,1,2
2015-10-03,Granada,Deportivo La Coruna,0.825643,0.942041,1,1
2015-10-03,Sevilla,Barcelona,1.57705,3.86997,2,1
2015-10-04,Athletic Club,Valencia,2.69373,0.61804,3,1
2015-10-04,Atletico Madrid,Real Madrid,2.38708,0.792017,1,1
2015-10-04,Las Palmas,Eibar,0.965753,1.62203,0,2
2015-10-04,Levante,Villarreal,1.06144,0.114789,1,0
2015-10-04,Malaga,Real Sociedad,1.89707,1.04161,3,1
2015-10-04,Rayo Vallecano,Real Betis,1.2884,1.68781,0,2
2015-10-17,Barcelona,Rayo Vallecano,4.61543,2.83637,5,2
2015-10-17,Eibar,Sevilla,0.781265,1.68695,1,1
2015-10-17,Real Madrid,Levante,1.60293,1.5507,3,0
2015-10-18,Deportivo La Coruna,Athletic Club,1.24801,0.676596,2,2
2015-10-18,Getafe,Las Palmas,2.86431,0.443316,4,0
2015-10-18,Real Betis,Espanyol,1.86579,1.85292,1,3
2015-10-18,Real Sociedad,Atletico Madrid,0.485713,1.57864,0,2
2015-10-18,Valencia,Malaga,1.59507,1.53697,3,0
2015-10-18,Villarreal,Celta Vigo,0.995361,1.62408,1,2
2015-10-19,Sporting Gijon,Granada,1.39196,2.51462,3,3
2015-10-23,Rayo Vallecano,Espanyol,1.85851,1.41105,3,0
2015-10-24,Celta Vigo,Real Madrid,1.57638,1.9616,1,3
2015-10-24,Granada,Real Betis,1.06647,1.11054,1,1
2015-10-24,Sevilla,Getafe,5.15361,0.227689,5,0
2015-10-25,Atletico Madrid,Valencia,2.07582,0.885758,2,1
2015-10-25,Barcelona,Eibar,1.64662,1.30132,3,1
2015-10-25,Las Palmas,Villarreal,0.189007,0.205133,0,0
2015-10-25,Levante,Real Sociedad,1.07863,3.28662,0,4
2015-10-25,Malaga,Deportivo La Coruna,1.06014,0.766533,2,0
2015-10-26,Athletic Club,Sporting Gijon,2.81541,0.15924,3,0
2015-10-30,Deportivo La Coruna,Atletico Madrid,0.917497,1.43617,1,1
2015-10-31,Getafe,Barcelona,0.18992,2.07864,0,2
2015-10-31,Real Madrid,Las Palmas,2.80269,0.562561,3,1
2015-10-31,Valencia,Levante,2.26116,1.14512,3,0
2015-10-31,Villarreal,Sevilla,1.03337,0.880961,2,1
2015-11-01,Eibar,Rayo Vallecano,1.26188,0.502135,1,0
2015-11-01,Espanyol,Granada,1.71942,0.680785,1,1
2015-11-01,Real Betis,Athletic Club,1.23993,4.022,1,3
2015-11-01,Real Sociedad,Celta Vigo,1.13516,1.43886,2,3
2015-11-01,Sporting Gijon,Malaga,1.51083,0.482096,1,0
2015-11-06,Las Palmas,Real Sociedad,0.802566,0.500075,2,0
2015-11-07,Celta Vigo,Valencia,1.6317,1.48214,1,5
2015-11-07,Eibar,Getafe,2.65653,0.607458,3,1
2015-11-07,Levante,Deportivo La Coruna,0.822146,0.572246,1,1
2015-11-07,Rayo Vallecano,Granada,0.825919,0.483537,2,1
2015-11-08,Athletic Club,Espanyol,0.780105,0.629441,2,1
2015-11-08,Atletico Madrid,Sporting Gijon,1.21835,0.396003,1,0
2015-11-08,Barcelona,Villarreal,3.0769,0.278588,3,0
2015-11-08,Malaga,Real Betis,0.890995,0.876923,0,1
2015-11-08,Sevilla,Real Madrid,2.39505,1.25807,3,2
2015-11-21,Espanyol,Malaga,1.15492,0.753602,2,0
2015-11-21,Real Madrid,Barcelona,1.2581,3.27692,0,4
2015-11-21,Real Sociedad,Sevilla,1.39018,1.1262,2,0
2015-11-22,Deportivo La Coruna,Celta Vigo,1.02848,0.886052,2,0
2015-11-22,Granada,Athletic Club,0.806379,1.35423,2,0
2015-11-22,Real Betis,Atletico Madrid,0.128682,2.26452,0,1
2015-11-22,Sporting Gijon,Levante,1.98544,2.67209,0,3
2015-11-22,Valencia,Las Palmas,1.38069,2.43396,1,1
2015-11-22,Villarreal,Eibar,1.78239,2.61337,1,1
2015-11-23,Getafe,Rayo Vallecano,0.721945,1.1181,1,1
2015-11-27,Levante,Real Betis,1.10847,0.943363,0,1
2015-11-28,Atletico Madrid,Espanyol,1.73222,0.143079,1,0
2015-11-28,Barcelona,Real Sociedad,2.95341,0.617573,4,0
2015-11-28,Malaga,Granada,1.40547,0.557943,2,2
2015-11-29,Celta Vigo,Sporting Gijon,1.14376,0.664946,2,1
2015-11-29,Eibar,Real Madrid,0.28097,2.29034,0,2
2015-11-29,Getafe,Villarreal,1.67288,0.7886,2,0
2015-11-29,Las Palmas,Deportivo La Coruna,0.349655,2.20767,0,2
2015-11-29,Rayo Vallecano,Athletic Club,1.45678,2.24726,0,3
2015-11-29,Sevilla,Valencia,1.63337,0.0,1,0
2015-12-05,Granada,Atletico Madrid,0.602436,1.93434,0,2
2015-12-05,Real Madrid,Getafe,1.87007,0.24488,4,1
2015-12-05,Valencia,Barcelona,0.847612,2.08221,1,1
2015-12-06,Athletic Club,Malaga,0.305008,0.699162,0,0
2015-12-06,Deportivo La Coruna,Sevilla,0.64324,1.09296,1,1
2015-12-06,Real Betis,Celta Vigo,2.41831,0.535918,1,1
2015-12-06,Real Sociedad,Eibar,2.37051,0.286413,2,1
2015-12-06,Sporting Gijon,Las Palmas,3.85858,0.418437,3,1
2015-12-06,Villarreal,Rayo Vallecano,1.60179,0.325638,2,1
2015-12-07,Espanyol,Levante,1.40669,1.01356,1,1
2015-12-11,Getafe,Real Sociedad,0.762214,1.82817,1,1
2015-12-12,Barcelona,Deportivo La Coruna,0.873385,1.22055,2,2
2015-12-12,Celta Vigo,Espanyol,1.23164,0.166852,1,0
2015-12-12,Levante,Granada,0.727312,0.752355,1,2
2015-12-12,Sevilla,Sporting Gijon,2.1509,0.0656616,2,0
2015-12-13,Atletico Madrid,Athletic Club,0.33621,1.62076,2,1
2015-12-13,Eibar,Valencia,2.92204,0.286203,1,1
2015-12-13,Las Palmas,Real Betis,2.11811,0.36831,1,0
2015-12-13,Rayo Vallecano,Malaga,1.12081,1.43186,1,2
2015-12-13,Villarreal,Real Madrid,0.940499,1.45508,1,0
2015-12-19,Espanyol,Las Palmas,1.24844,0.598519,1,0
2015-12-19,Real Betis,Sevilla,0.377247,1.02024,0,0
2015-12-19,Valencia,Getafe,1.18705,0.508532,2,2
2015-12-20,Athletic Club,Levante,2.74756,0.514585,2,0
2015-12-20,Deportivo La Coruna,Eibar,1.60925,0.462565,2,0
2015-12-20,Granada,Celta Vigo,0.340342,2.25068,0,2
2015-12-20,Malaga,Atletico Madrid,1.0242,0.378061,1,0
2015-12-20,Real Madrid,Rayo Vallecano,5.71778,0.93456,10,2
2015-12-20,Real Sociedad,Villarreal,1.02445,0.797645,0,2
2015-12-30,Barcelona,Real Betis,4.34983,0.457226,4,0
2015-12-30,Celta Vigo,Athletic Club,0.414056,1.09564,0,1
2015-12-30,Eibar,Sporting Gijon,1.17554,0.399746,2,0
2015-12-30,Getafe,Deportivo La Coruna,0.742286,0.584931,0,0
2015-12-30,Levante,Malaga,0.167376,1.04316,0,1
2015-12-30,Rayo Vallecano,Atletico Madrid,0.372305,2.20164,0,2
2015-12-30,Real Madrid,Real Sociedad,3.42264,0.580977,3,1
2015-12-30,Sevilla,Espanyol,2.87616,0.633616,2,0
2015-12-31,Las Palmas,Granada,1.28726,0.688245,4,1
2015-12-31,Villarreal,Valencia,0.420594,0.339183,1,0
2016-01-02,Atletico Madrid,Levante,1.06627,0.460313,1,0
2016-01-02,Espanyol,Barcelona,0.138495,1.00394,0,0
2016-01-03,Athletic Club,Las Palmas,1.71133,0.517767,2,2
2016-01-03,Deportivo La Coruna,Villarreal,1.15796,1.55208,1,2
2016-01-03,Granada,Sevilla,0.766685,2.31991,2,1
2016-01-03,Malaga,Celta Vigo,3.03854,1.0569,2,0
2016-01-03,Rayo Vallecano,Real Sociedad,0.924233,1.31907,2,2
2016-01-03,Real Betis,Eibar,1.53245,1.49466,0,4
2016-01-03,Valencia,Real Madrid,2.45563,1.20246,2,2
2016-01-04,Sporting Gijon,Getafe,1.85778,2.18421,1,2
2016-01-09,Barcelona,Granada,4.72913,0.325061,4,0
2016-01-09,Getafe,Real Betis,1.28639,0.602107,1,0
2016-01-09,Real Madrid,Deportivo La Coruna,3.52924,0.989088,5,0
2016-01-09,Sevilla,Athletic Club,1.7013,1.25007,2,0
2016-01-10,Celta Vigo,Atletico Madrid,0.213705,1.07666,0,2
2016-01-10,Eibar,Espanyol,2.87714,0.263626,2,1
2016-01-10,Las Palmas,Malaga,0.391723,2.18407,1,1
2016-01-10,Levante,Rayo Vallecano,0.954929,0.34525,2,1
2016-01-10,Real Sociedad,Valencia,2.82395,0.838597,2,0
2016-01-10,Villarreal,Sporting Gijon,1.53045,0.960625,2,0
2016-01-16,Celta Vigo,Levante,2.1571,1.42901,4,3
2016-01-16,Sevilla,Malaga,1.39715,1.00078,2,1
2016-01-16,Villarreal,Real Betis,0.806178,0.839004,0,0
2016-01-17,Barcelona,Athletic Club,4.44439,0.885303,6,0
2016-01-17,Getafe,Espanyol,2.98406,1.6525,3,1
2016-01-17,Las Palmas,Atletico Madrid,0.605793,1.73491,0,3
2016-01-17,Real Madrid,Sporting Gijon,3.1536,0.691816,5,1
2016-01-17,Real Sociedad,Deportivo La Coruna,2.75948,1.06682,1,1
2016-01-17,Valencia,Rayo Vallecano,1.26687,1.82333,2,2
2016-01-18,Eibar,Granada,2.01571,0.430886,5,1
2016-01-22,Sporting Gijon,Real Sociedad,4.13679,0.83285,5,1
2016-01-23,Espanyol,Villarreal,1.36067,1.50472,2,2
2016-01-23,Granada,Getafe,2.75252,1.57754,3,2
2016-01-23,Malaga,Barcelona,1.12099,2.55037,1,2
2016-01-24,Athletic Club,Eibar,1.21738,1.67081,5,2
2016-01-24,Atletico Madrid,Sevilla,1.57618,0.27169,0,0
2016-01-24,Deportivo La Coruna,Valencia,1.05958,1.30721,1,1
2016-01-24,Rayo Vallecano,Celta Vigo,3.20178,0.133975,3,0
2016-01-24,Real Betis,Real Madrid,0.211024,3.34615,1,1
2016-01-25,Levante,Las Palmas,1.48217,1.52612,3,2
2016-01-30,Barcelona,Atletico Madrid,1.19052,1.01896,2,1
2016-01-30,Eibar,Malaga,0.856269,1.31996,1,2
2016-01-30,Getafe,Athletic Club,1.33205,1.59857,0,1
2016-01-30,Villarreal,Granada,1.95153,0.91326,1,0
2016-01-31,Las Palmas,Celta Vigo,2.12188,0.376974,2,1
2016-01-31,Real Madrid,Espanyol,2.76612,1.46627,6,0
2016-01-31,Real Sociedad,Real Betis,1.08259,0.773957,2,1
2016-01-31,Sevilla,Levante,2.56252,0.686912,3,1
2016-01-31,Valencia,Sporting Gijon,2.04802,1.05546,0,1
2016-02-01,Deportivo La Coruna,Rayo Vallecano,1.42948,1.13142,2,2
2016-02-05,Malaga,Getafe,2.07318,0.524602,3,0
2016-02-06,Athletic Club,Villarreal,0.56818,0.628815,0,0
2016-02-06,Atletico Madrid,Eibar,2.57006,0.30035,3,1
2016-02-06,Rayo Vallecano,Las Palmas,3.09731,0.273377,2,0
2016-02-07,Celta Vigo,Sevilla,2.37006,0.922926,1,1
2016-02-07,Granada,Real Madrid,0.751196,1.67636,1,2
2016-02-07,Levante,Barcelona,0.802274,1.40471,0,2
2016-02-07,Real Betis,Valencia,1.00904,1.13142,1,0
2016-02-07,Sporting Gijon,Deportivo La Coruna,0.666281,0.227944,1,1
2016-02-08,Espanyol,Real Sociedad,0.208008,2.0285,0,5
2016-02-12,Sporting Gijon,Rayo Vallecano,2.38598,1.73162,2,2
2016-02-13,Real Madrid,Athletic Club,2.09005,1.50136,4,2
2016-02-13,Valencia,Espanyol,2.0361,3.41105,2,1
2016-02-13,Villarreal,Malaga,0.760756,0.671008,1,0
2016-02-14,Barcelona,Celta Vigo,5.54249,1.49242,6,1
2016-02-14,Deportivo La Coruna,Real Betis,3.22944,0.598716,2,2
2016-02-14,Eibar,Levante,4.3639,0.78103,2,0
2016-02-14,Getafe,Atletico Madrid,0.312685,0.711788,0,1
2016-02-14,Real Sociedad,Granada,2.55267,1.47828,3,0
2016-02-14,Sevilla,Las Palmas,1.12123,0.430522,2,0
2016-02-17,Sporting Gijon,Barcelona,0.87373,2.41243,1,3
2016-02-19,Levante,Getafe,2.29436,1.46167,3,0
2016-02-20,Espanyol,Deportivo La Coruna,3.34615,0.995453,1,0
2016-02-20,Las Palmas,Barcelona,1.08938,3.29704,1,2
2016-02-20,Real Betis,Sporting Gijon,0.953419,0.408199,1,1
2016-02-21,Athletic Club,Real Sociedad,0.512824,0.900436,0,1
2016-02-21,Atletico Madrid,Villarreal,0.769511,0.663896,0,0
2016-02-21,Celta Vigo,Eibar,2.5831,1.4201,3,2
2016-02-21,Granada,Valencia,2.00307,1.71536,1,2
2016-02-21,Malaga,Real Madrid,1.68623,1.76313,1,1
2016-02-21,Rayo Vallecano,Sevilla,1.66155,3.37315,2,2
2016-02-26,Eibar,Las Palmas,0.295947,0.651178,0,1
2016-02-27,Getafe,Celta Vigo,0.863924,1.60224,0,1
2016-02-27,Real Betis,Rayo Vallecano,2.46401,1.42394,2,2
2016-02-27,Real Madrid,Atletico Madrid,0.984203,0.695343,0,1
2016-02-27,Sporting Gijon,Espanyol,1.68942,1.38627,2,4
2016-02-28,Barcelona,Sevilla,2.33655,1.29686,2,1
2016-02-28,Deportivo La Coruna,Granada,0.822359,1.84198,0,1
2016-02-28,Real Sociedad,Malaga,0.871084,1.22344,1,1
2016-02-28,Valencia,Athletic Club,1.49242,1.68968,0,3
2016-02-28,Villarreal,Levante,1.6962,0.664928,3,0
2016-03-02,Athletic Club,Deportivo La Coruna,2.7862,0.875636,4,1
2016-03-02,Atletico Madrid,Real Sociedad,1.92794,1.00552,3,0
2016-03-02,Celta Vigo,Villarreal,0.846173,0.328383,0,0
2016-03-02,Las Palmas,Getafe,2.3145,0.477963,4,0
2016-03-02,Malaga,Valencia,0.433431,1.38765,1,2
2016-03-02,Sevilla,Eibar,1.57261,0.553485,1,0
2016-03-03,Espanyol,Real Betis,0.780555,1.92223,0,3
2016-03-03,Granada,Sporting Gijon,1.87883,0.127036,2,0
2016-03-03,Levante,Real Madrid,1.07575,2.04124,1,3
2016-03-04,Rayo Vallecano,Barcelona,1.17964,4.52996,1,5
2016-03-05,Getafe,Sevilla,1.13072,0.467979,1,1
2016-03-05,Real Madrid,Celta Vigo,2.39112,1.52691,7,1
2016-03-05,Villarreal,Las Palmas,1.15088,0.52008,0,1
2016-03-06,Deportivo La Coruna,Malaga,3.50017,0.990845,3,3
2016-03-06,Eibar,Barcelona,0.358263,2.45515,0,4
2016-03-06,Real Betis,Granada,0.844439,0.363768,2,0
2016-03-06,Real Sociedad,Levante,2.23386,0.326226,1,1
2016-03-06,Sporting Gijon,Athletic Club,0.656848,1.34389,0,2
2016-03-06,Valencia,Atletico Madrid,1.16388,1.58564,1,3
2016-03-07,Espanyol,Rayo Vallecano,1.78244,0.201034,2,1
2016-03-11,Malaga,Sporting Gijon,0.459569,0.957008,1,0
2016-03-12,Atletico Madrid,Deportivo La Coruna,1.30692,0.292134,3,0
2016-03-12,Barcelona,Getafe,4.60705,0.281872,6,0
2016-03-12,Celta Vigo,Real Sociedad,0.377845,0.559876,1,0
2016-03-13,Athletic Club,Real Betis,2.14502,1.09836,3,1
2016-03-13,Las Palmas,Real Madrid,1.29762,0.860338,1,2
2016-03-13,Levante,Valencia,1.43121,0.77056,1,0
2016-03-13,Rayo Vallecano,Eibar,1.20734,0.804912,1,1
2016-03-13,Sevilla,Villarreal,3.1376,1.70728,4,2
2016-03-14,Granada,Espanyol,0.793529,0.699866,1,1
2016-03-18,Getafe,Eibar,1.28229,2.83807,1,1
2016-03-19,Deportivo La Coruna,Levante,1.76797,0.632769,2,1
2016-03-19,Granada,Rayo Vallecano,1.40008,1.57585,2,2
2016-03-19,Real Sociedad,Las Palmas,0.590086,2.23147,0,1
2016-03-19,Sporting Gijon,Atletico Madrid,1.89802,0.258695,2,1
2016-03-20,Espanyol,Athletic Club,2.19144,1.80603,2,1
2016-03-20,Real Betis,Malaga,1.65417,1.33486,0,1
2016-03-20,Real Madrid,Sevilla,4.08121,1.03777,4,0
2016-03-20,Valencia,Celta Vigo,0.646205,2.19927,0,2
2016-03-20,Villarreal,Barcelona,0.980467,2.14473,2,2
2016-04-01,Rayo Vallecano,Getafe,2.4939,0.759713,2,0
2016-04-02,Atletico Madrid,Real Betis,4.5488,0.68708,5,1
2016-04-02,Barcelona,Real Madrid,0.882445,1.56537,1,2
2016-04-02,Las Palmas,Valencia,2.13172,0.748618,2,1
2016-04-03,Athletic Club,Granada,1.37516,0.618683,1,1
2016-04-03,Celta Vigo,Deportivo La Coruna,0.36047,0.864408,1,1
2016-04-03,Eibar,Villarreal,0.804064,2.08255,1,2
2016-04-03,Malaga,Espanyol,1.50099,0.260613,1,1
2016-04-03,Sevilla,Real Sociedad,1.82989,0.392534,1,2
2016-04-04,Levante,Sporting Gijon,1.87115,0.630978,0,0
2016-04-08,Granada,Malaga,0.613945,1.05827,0,0
2016-04-09,Espanyol,Atletico Madrid,0.63963,2.12141,1,3
2016-04-09,Real Madrid,Eibar,2.83938,1.60526,4,0
2016-04-09,Real Sociedad,Barcelona,0.295072,1.37196,1,0
2016-04-10,Athletic Club,Rayo Vallecano,0.625122,2.08111,1,0
2016-04-10,Real Betis,Levante,0.623216,1.17874,1,0
2016-04-10,Sporting Gijon,Celta Vigo,0.814767,1.03986,0,1
2016-04-10,Valencia,Sevilla,1.90707,1.00405,2,1
2016-04-10,Villarreal,Getafe,2.05697,0.718479,2,0
2016-04-11,Deportivo La Coruna,Las Palmas,2.30191,1.63213,1,3
2016-04-15,Levante,Espanyol,1.35949,1.08748,2,1
2016-04-16,Eibar,Real Sociedad,1.24429,0.865097,2,1
2016-04-16,Getafe,Real Madrid,1.0366,3.07047,1,5
2016-04-16,Las Palmas,Sporting Gijon,0.54782,0.864694,1,1
2016-04-17,Atletico Madrid,Granada,1.61364,0.473812,3,0
2016-04-17,Barcelona,Valencia,4.05676,1.12103,1,2
2016-04-17,Celta Vigo,Real Betis,1.74985,1.54169,1,1
2016-04-17,Malaga,Athletic Club,1.9143,1.08656,0,1
2016-04-17,Rayo Vallecano,Villarreal,1.08503,0.631315,2,1
2016-04-17,Sevilla,Deportivo La Coruna,2.00121,0.699714,1,1
2016-04-19,Espanyol,Celta Vigo,0.873164,0.502009,1,1
2016-04-19,Real Betis,Las Palmas,1.92261,0.217396,1,0
2016-04-20,Athletic Club,Atletico Madrid,0.498286,0.919656,0,1
2016-04-20,Deportivo La Coruna,Barcelona,2.19692,5.76112,0,8
2016-04-20,Malaga,Rayo Vallecano,1.14186,1.05395,1,1
2016-04-20,Sporting Gijon,Sevilla,1.2216,1.76493,2,1
2016-04-20,Valencia,Eibar,3.14654,0.651864,4,0
2016-04-21,Granada,Levante,3.1552,1.04939,5,1
2016-04-21,Real Madrid,Villarreal,1.75884,0.226133,3,0
2016-04-21,Real Sociedad,Getafe,1.22844,1.58835,1,2
2016-04-22,Las Palmas,Espanyol,1.68464,1.36658,4,0
2016-04-23,Atletico Madrid,Malaga,1.19248,0.167259,1,0
2016-04-23,Barcelona,Sporting Gijon,6.1271,0.624434,6,0
2016-04-23,Rayo Vallecano,Real Madrid,1.56205,2.6433,2,3
2016-04-24,Eibar,Deportivo La Coruna,0.950821,0.323346,1,1
2016-04-24,Getafe,Valencia,2.82608,0.728167,2,2
2016-04-24,Levante,Athletic Club,0.759214,1.61191,2,2
2016-04-24,Sevilla,Real Betis,2.03176,0.394998,2,0
2016-04-24,Villarreal,Real Sociedad,0.65957,0.640832,0,0
2016-04-25,Celta Vigo,Granada,1.96923,0.740282,2,1
2016-04-29,Sporting Gijon,Eibar,0.349788,0.985421,2,0
2016-04-30,Atletico Madrid,Rayo Vallecano,1.07386,0.597729,1,0
2016-04-30,Real Betis,Barcelona,0.0828961,2.07851,0,2
2016-04-30,Real Sociedad,Real Madrid,0.496976,1.58863,0,1
2016-05-01,Athletic Club,Celta Vigo,1.64739,0.470176,2,1
2016-05-01,Deportivo La Coruna,Getafe,0.669729,0.961273,0,2
2016-05-01,Espanyol,Sevilla,1.66593,0.329135,1,0
2016-05-01,Granada,Las Palmas,2.05186,1.747,3,2
2016-05-01,Valencia,Villarreal,0.259066,1.05764,0,2
2016-05-02,Malaga,Levante,2.53234,1.88493,3,1
2016-05-08,Barcelona,Espanyol,2.59373,0.20206,5,0
2016-05-08,Celta Vigo,Malaga,1.25876,0.981005,1,0
2016-05-08,Eibar,Real Betis,2.67637,1.13808,1,1
2016-05-08,Getafe,Sporting Gijon,1.25718,0.508995,1,1
2016-05-08,Las Palmas,Athletic Club,0.133019,0.297706,0,0
2016-05-08,Levante,Atletico Madrid,1.26898,1.69964,2,1
2016-05-08,Real Madrid,Valencia,2.52264,2.3222,3,2
2016-05-08,Real Sociedad,Rayo Vallecano,1.6654,2.18163,2,1
2016-05-08,Sevilla,Granada,0.898919,2.16052,1,4
2016-05-08,Villarreal,Deportivo La Coruna,0.701392,0.388761,0,2
2016-05-13,Valencia,Real Sociedad,0.918193,0.95132,0,1
2016-05-14,Athletic Club,Sevilla,1.70447,1.02774,3,1
2016-05-14,Atletico Madrid,Celta Vigo,1.24915,0.504827,2,0
2016-05-14,Deportivo La Coruna,Real Madrid,0.651269,1.90958,0,2
2016-05-14,Granada,Barcelona,0.383514,3.23381,0,3
2016-05-15,Espanyol,Eibar,2.23504,1.8428,4,2
2016-05-15,Malaga,Las Palmas,2.24531,1.78426,4,1
2016-05-15,Rayo Vallecano,Levante,2.06167,1.32769,3,1
2016-05-15,Real Betis,Getafe,1.59407,1.28875,2,1
2016-05-15,Sporting Gijon,Villarreal,1.51593,0.721212,2,0
2016-08-19,Malaga,Osasuna,0.834224,0.829951,1,1
2016-08-20,Barcelona,Real Betis,3.84325,0.250977,6,2
2016-08-20,Deportivo La Coruna,Eibar,1.6197,0.359012,2,1
2016-08-20,Granada,Villarreal,0.977176,1.75881,1,1
2016-08-21,Real Sociedad,Real Madrid,0.270003,2.73735,0,3
2016-08-21,Sevilla,Espanyol,2.60289,1.41803,6,4
2016-08-21,Sporting Gijon,Athletic Club,1.43642,0.604671,2,1
2016-08-22,Atletico Madrid,Alaves,4.17855,0.0332215,1,1
2016-08-22,Celta Vigo,Leganes,0.64855,0.908454,0,1
2016-08-23,Valencia,Las Palmas,1.27123,1.2781,2,4
2016-08-26,Real Betis,Deportivo La Coruna,0.593093,0.590187,0,0
2016-08-27,Eibar,Valencia,1.36093,2.05592,1,0
2016-08-27,Espanyol,Malaga,0.449707,0.43567,2,2
2016-08-27,Osasuna,Real Sociedad,0.342253,0.758033,0,2
2016-08-27,Real Madrid,Celta Vigo,2.02091,0.241185,2,1
2016-08-28,Alaves,Sporting Gijon,1.12017,0.27695,0,0
2016-08-28,Athletic Club,Barcelona,0.625251,2.33658,0,1
2016-08-28,Las Palmas,Granada,2.78367,0.431857,5,1
2016-08-28,Leganes,Atletico Madrid,0.189954,0.700848,0,0
2016-08-29,Villarreal,Sevilla,0.580165,0.161483,0,0
2016-09-09,Real Sociedad,Espanyol,0.303769,0.0708424,1,1
2016-09-10,Barcelona,Alaves,1.352,0.290172,1,2
2016-09-10,Celta Vigo,Atletico Madrid,0.701483,2.42263,0,4
2016-09-10,Malaga,Villarreal,1.05974,2.47884,0,2
2016-09-10,Real Madrid,Osasuna,3.7979,1.03534,5,2
2016-09-10,Sevilla,Las Palmas,3.53881,0.642731,2,1
2016-09-11,Deportivo La Coruna,Athletic Club,0.708733,0.239631,0,1
2016-09-11,Granada,Eibar,1.96158,1.12057,1,2
2016-09-11,Sporting Gijon,Leganes,1.65936,0.484862,2,1
2016-09-11,Valencia,Real Betis,1.81116,1.96896,2,3
2016-09-16,Real Betis,Granada,1.96299,1.41911,2,2
2016-09-17,Atletico Madrid,Sporting Gijon,2.52857,0.503786,5,0
2016-09-17,Eibar,Sevilla,0.767442,1.22253,1,1
2016-09-17,Las Palmas,Malaga,0.869251,0.645227,1,0
2016-09-17,Leganes,Barcelona,1.18104,2.94825,1,5
2016-09-18,Athletic Club,Valencia,1.34212,1.53251,2,1
2016-09-18,Espanyol,Real Madrid,0.830388,1.23959,0,2
2016-09-18,Osasuna,Celta Vigo,0.259738,0.683638,0,0
2016-09-18,Villarreal,Real Sociedad,1.42126,1.03528,2,1
2016-09-19,Alaves,Deportivo La Coruna,0.45933,0.671784,0,0
2016-09-20,Malaga,Eibar,0.474926,1.77918,2,1
2016-09-21,Celta Vigo,Sporting Gijon,1.38706,0.847147,2,1
2016-09-21,Real Madrid,Villarreal,1.34367,1.0322,1,1
2016-09-21,Sevilla,Real Betis,0.74909,0.450469,1,0
2016-09-22,Barcelona,Atletico Madrid,1.32384,0.295787,1,1
2016-09-22,Deportivo La Coruna,Leganes,1.64049,1.06372,1,2
2016-09-22,Granada,Athletic Club,0.887639,1.57519,1,2
2016-09-22,Osasuna,Espanyol,1.06944,1.39628,1,2
2016-09-22,Real Sociedad,Las Palmas,2.81655,1.02708,4,1
2016-09-23,Real Betis,Malaga,0.741813,0.786565,1,0
2016-09-23,Valencia,Alaves,1.42235,0.259625,2,1
2016-09-24,Athletic Club,Sevilla,2.14897,0.607158,3,1
2016-09-24,Eibar,Real Sociedad,1.67754,0.0863513,2,0
2016-09-24,Las Palmas,Real Madrid,1.31532,2.7519,2,2
2016-09-24,Sporting Gijon,Barcelona,0.631314,3.6662,0,5
2016-09-25,Atletico Madrid,Deportivo La Coruna,2.13155,0.2328,1,0
2016-09-25,Espanyol,Celta Vigo,0.542865,0.705192,0,2
2016-09-25,Leganes,Valencia,1.29014,1.37734,1,2
2016-09-25,Villarreal,Osasuna,2.9887,1.7961,3,1
2016-09-26,Alaves,Granada,1.72967,0.820437,3,1
2016-09-30,Real Sociedad,Real Betis,1.18527,0.68749,1,0
2016-10-01,Deportivo La Coruna,Sporting Gijon,1.26977,0.234392,2,1
2016-10-01,Granada,Leganes,0.665545,0.238575,0,1
2016-10-01,Osasuna,Las Palmas,0.988479,1.37115,2,2
2016-10-01,Sevilla,Alaves,2.4771,1.11701,2,1
2016-10-02,Celta Vigo,Barcelona,1.53201,2.27848,4,3
2016-10-02,Espanyol,Villarreal,0.351825,0.696855,0,0
2016-10-02,Malaga,Athletic Club,1.38797,0.599527,2,1
2016-10-02,Real Madrid,Eibar,1.67419,0.445,1,1
2016-10-02,Valencia,Atletico Madrid,1.00546,3.29348,0,2
2016-10-14,Las Palmas,Espanyol,1.07463,0.318729,0,0
2016-10-15,Atletico Madrid,Granada,3.0536,0.306751,7,1
2016-10-15,Barcelona,Deportivo La Coruna,4.85964,0.278286,4,0
2016-10-15,Leganes,Sevilla,0.851751,1.53817,2,3
2016-10-15,Real Betis,Real Madrid,0.908061,3.98737,1,6
2016-10-16,Alaves,Malaga,1.34202,0.419972,1,1
2016-10-16,Athletic Club,Real Sociedad,1.53028,0.618302,3,2
2016-10-16,Sporting Gijon,Valencia,0.487759,0.962304,1,2
2016-10-16,Villarreal,Celta Vigo,1.79979,0.258037,5,0
2016-10-17,Eibar,Osasuna,0.802032,1.40368,2,3
2016-10-21,Osasuna,Real Betis,0.929293,1.23524,1,2
2016-10-22,Espanyol,Eibar,0.850937,2.01542,3,3
2016-10-22,Granada,Sporting Gijon,0.546868,0.242784,0,0
2016-10-22,Real Sociedad,Alaves,1.84569,0.772306,3,0
2016-10-22,Valencia,Barcelona,0.839578,2.05021,2,3
2016-10-23,Celta Vigo,Deportivo La Coruna,1.82791,0.72415,4,1
2016-10-23,Malaga,Leganes,3.12089,1.18794,4,0
2016-10-23,Real Madrid,Athletic Club,3.52634,1.38084,2,1
2016-10-23,Sevilla,Atletico Madrid,1.13802,0.770754,1,0
2016-10-23,Villarreal,Las Palmas,1.67294,0.5357,2,1
2016-10-28,Leganes,Real Sociedad,0.192695,1.47952,0,2
2016-10-29,Alaves,Real Madrid,1.37267,2.77099,1,4
2016-10-29,Atletico Madrid,Malaga,1.96583,0.244565,4,2
2016-10-29,Barcelona,Granada,1.75167,0.0445853,1,0
2016-10-29,Sporting Gijon,Sevilla,0.47946,1.288,1,1
2016-10-30,Athletic Club,Osasuna,1.4373,0.338045,1,1
2016-10-30,Eibar,Villarreal,1.4571,1.49906,2,1
2016-10-30,Las Palmas,Celta Vigo,2.07556,1.23697,3,3
2016-10-30,Real Betis,Espanyol,0.72975,0.750127,0,1
2016-10-31,Deportivo La Coruna,Valencia,1.3997,1.03333,1,1
2016-11-04,Malaga,Sporting Gijon,1.92978,1.27243,3,2
2016-11-05,Granada,Deportivo La Coruna,2.10437,1.71185,1,1
2016-11-05,Las Palmas,Eibar,1.59273,0.983024,1,0
2016-11-05,Osasuna,Alaves,0.471469,1.62667,0,1
2016-11-05,Real Sociedad,Atletico Madrid,1.99325,0.581093,2,0
2016-11-06,Celta Vigo,Valencia,0.571273,1.44482,2,1
2016-11-06,Espanyol,Athletic Club,0.277247,0.151209,0,0
2016-11-06,Real Madrid,Leganes,2.62943,0.273683,3,0
2016-11-06,Sevilla,Barcelona,1.54978,2.17981,1,2
2016-11-06,Villarreal,Real Betis,1.38858,0.28961,2,0
2016-11-18,Real Betis,Las Palmas,0.590307,0.358719,2,0
2016-11-19,Atletico Madrid,Real Madrid,1.0815,2.03273,0,3
2016-11-19,Barcelona,Malaga,1.44819,0.55807,0,0
2016-11-19,Deportivo La Coruna,Sevilla,0.382392,2.28865,2,3
2016-11-19,Eibar,Celta Vigo,0.911921,0.589399,1,0
2016-11-20,Alaves,Espanyol,0.570571,1.26246,0,1
2016-11-20,Athletic Club,Villarreal,2.15189,0.173272,1,0
2016-11-20,Sporting Gijon,Real Sociedad,0.197028,2.1535,1,3
2016-11-20,Valencia,Granada,1.58094,0.622946,1,1
2016-11-21,Leganes,Osasuna,1.6402,0.164701,2,0
2016-11-25,Eibar,Real Betis,2.55337,0.347362,3,1
2016-11-26,Espanyol,Leganes,1.21595,0.205225,3,0
2016-11-26,Malaga,Deportivo La Coruna,1.28044,2.70531,4,3
2016-11-26,Real Madrid,Sporting Gijon,2.90122,1.46445,2,1
2016-11-26,Sevilla,Valencia,0.217327,0.481054,2,1
2016-11-27,Celta Vigo,Granada,2.10383,0.761557,3,1
2016-11-27,Osasuna,Atletico Madrid,1.15264,1.48301,0,3
2016-11-27,Real Sociedad,Barcelona,1.0404,0.648004,1,1
2016-11-27,Villarreal,Alaves,1.92523,1.58373,0,2
2016-11-28,Las Palmas,Athletic Club,1.05931,1.73341,3,1
2016-12-03,Atletico Madrid,Espanyol,0.576659,0.806691,0,0
2016-12-03,Barcelona,Real Madrid,1.73984,1.35909,1,1
2016-12-03,Granada,Sevilla,1.90921,1.92504,2,1
2016-12-03,Leganes,Villarreal,0.679532,0.296192,0,0
2016-12-04,Alaves,Las Palmas,1.0718,0.495163,1,1
2016-12-04,Athletic Club,Eibar,1.4438,0.988471,3,1
2016-12-04,Real Betis,Celta Vigo,2.0817,1.49435,3,3
2016-12-04,Sporting Gijon,Osasuna,1.12982,1.15825,3,1
2016-12-04,Valencia,Malaga,0.524646,0.849918,2,2
2016-12-05,Deportivo La Coruna,Real Sociedad,2.21106,0.569103,5,1
2016-12-09,Malaga,Granada,2.80255,0.963052,1,1
2016-12-10,Las Palmas,Leganes,0.889018,1.26322,1,1
2016-12-10,Osasuna,Barcelona,0.146912,3.17169,0,3
2016-12-10,Real Madrid,Deportivo La Coruna,1.17016,0.648444,3,2
2016-12-10,Real Sociedad,Valencia,2.70322,1.58335,3,2
2016-12-11,Celta Vigo,Sevilla,0.710134,2.58541,0,3
2016-12-11,Eibar,Alaves,0.482454,0.263174,0,0
2016-12-11,Espanyol,Sporting Gijon,1.22846,0.585213,2,1
2016-12-11,Real Betis,Athletic Club,0.684846,0.562742,1,0
2016-12-12,Villarreal,Atletico Madrid,1.25177,0.725735,3,0
2016-12-16,Alaves,Real Betis,0.854496,0.523568,1,0
2016-12-17,Atletico Madrid,Las Palmas,0.86238,0.516549,1,0
2016-12-17,Granada,Real Sociedad,0.649888,2.10663,0,2
2016-12-17,Sevilla,Malaga,2.71147,0.618725,4,1
2016-12-17,Sporting Gijon,Villarreal,1.18555,3.11803,1,3
2016-12-18,Barcelona,Espanyol,2.9504,0.468152,4,1
2016-12-18,Deportivo La Coruna,Osasuna,1.12829,0.426863,2,0
2016-12-18,Leganes,Eibar,0.887175,0.821631,1,1
2016-12-19,Athletic Club,Celta Vigo,1.74819,1.79023,2,1
2017-01-06,Espanyol,Deportivo La Coruna,1.51212,0.521167,1,1
2017-01-07,Eibar,Atletico Madrid,0.647669,1.08182,0,2
2017-01-07,Las Palmas,Sporting Gijon,2.50535,0.715563,1,0
2017-01-07,Real Madrid,Granada,4.18059,0.415223,5,0
2017-01-07,Real Sociedad,Sevilla,0.437028,1.78204,0,4
2017-01-08,Athletic Club,Alaves,1.15744,0.825588,0,0
2017-01-08,Celta Vigo,Malaga,1.81695,0.713817,3,1
2017-01-08,Real Betis,Leganes,1.4196,0.345675,2,0
2017-01-08,Villarreal,Barcelona,0.358089,1.07063,1,1
2017-01-09,Osasuna,Valencia,1.80424,1.45062,3,3
2017-01-14,Atletico Madrid,Real Betis,0.880766,0.429648,1,0
2017-01-14,Barcelona,Las Palmas,3.95422,0.406868,5,0
2017-01-14,Deportivo La Coruna,Villarreal,0.523704,0.144553,0,0
2017-01-14,Leganes,Athletic Club,1.61086,0.319775,0,0
2017-01-15,Celta Vigo,Alaves,1.4187,0.558191,1,0
2017-01-15,Granada,Osasuna,1.66163,1.16305,1,1
2017-01-15,Sevilla,Real Madrid,0.452252,2.0699,2,1
2017-01-15,Sporting Gijon,Eibar,0.451995,2.47656,2,3
2017-01-15,Valencia,Espanyol,1.85655,0.92331,2,1
2017-01-16,Malaga,Real Sociedad,0.67373,0.927504,0,2
2017-01-20,Las Palmas,Deportivo La Coruna,0.510785,0.329111,1,1
2017-01-21,Alaves,Leganes,1.00747,0.448681,2,2
2017-01-21,Espanyol,Granada,0.833841,0.280737,3,1
2017-01-21,Real Madrid,Malaga,1.98978,0.399232,2,1
2017-01-21,Villarreal,Valencia,1.21498,1.46798,0,2
2017-01-22,Athletic Club,Atletico Madrid,0.67787,0.577363,2,2
2017-01-22,Eibar,Barcelona,0.730002,2.43993,0,4
2017-01-22,Osasuna,Sevilla,0.612007,1.16612,3,4
2017-01-22,Real Betis,Sporting Gijon,1.22587,0.725506,0,0
2017-01-22,Real Sociedad,Celta Vigo,1.37408,0.664992,1,0
2017-01-27,Osasuna,Malaga,0.814611,1.86933,1,1
2017-01-28,Alaves,Atletico Madrid,1.25495,0.320877,0,0
2017-01-28,Eibar,Deportivo La Coruna,1.44709,1.03408,3,1
2017-01-28,Leganes,Celta Vigo,0.665632,0.831373,0,2
2017-01-28,Villarreal,Granada,2.4514,0.317825,2,0
2017-01-29,Athletic Club,Sporting Gijon,2.01155,0.989558,2,1
2017-01-29,Espanyol,Sevilla,2.12021,1.12576,3,1
2017-01-29,Real Betis,Barcelona,1.31719,1.12935,1,1
2017-01-29,Real Madrid,Real Sociedad,1.06592,0.250453,3,0
2017-01-30,Las Palmas,Valencia,0.864443,0.984988,3,1
2017-02-04,Atletico Madrid,Leganes,1.8677,0.725425,2,0
2017-02-04,Barcelona,Athletic Club,1.54919,0.733014,3,0
2017-02-04,Malaga,Espanyol,1.46513,0.115172,0,1
2017-02-04,Valencia,Eibar,0.870776,1.2508,0,4
2017-02-05,Real Sociedad,Osasuna,1.00374,0.985019,3,2
2017-02-05,Sevilla,Villarreal,1.67146,0.999917,0,0
2017-02-05,Sporting Gijon,Alaves,1.10417,3.304,2,4
2017-02-06,Granada,Las Palmas,0.545986,0.797005,1,0
2017-02-10,Espanyol,Real Sociedad,0.287829,0.957027,1,2
2017-02-11,Alaves,Barcelona,0.907655,2.96499,0,6
2017-02-11,Athletic Club,Deportivo La Coruna,1.73424,0.584147,2,1
2017-02-11,Osasuna,Real Madrid,0.891933,2.36434,1,3
2017-02-11,Real Betis,Valencia,1.51524,0.291369,0,0
2017-02-12,Atletico Madrid,Celta Vigo,2.48076,1.47065,3,2
2017-02-12,Las Palmas,Sevilla,0.841648,1.41556,0,1
2017-02-12,Leganes,Sporting Gijon,0.421338,0.172436,0,2
2017-02-12,Villarreal,Malaga,1.12992,0.439488,1,1
2017-02-13,Eibar,Granada,4.09351,0.67033,4,0
2017-02-17,Granada,Real Betis,1.56422,0.249724,4,1
2017-02-18,Deportivo La Coruna,Alaves,1.57995,1.33904,0,1
2017-02-18,Real Madrid,Espanyol,1.2723,0.070793,2,0
2017-02-18,Sevilla,Eibar,1.81525,0.317281,2,0
2017-02-18,Sporting Gijon,Atletico Madrid,1.62573,2.49836,1,4
2017-02-19,Barcelona,Leganes,2.60098,0.840213,2,1
2017-02-19,Celta Vigo,Osasuna,1.31171,0.476623,3,0
2017-02-19,Real Sociedad,Villarreal,0.993635,0.998736,0,1
2017-02-19,Valencia,Athletic Club,1.47536,1.2272,2,0
2017-02-20,Malaga,Las Palmas,2.39662,0.574955,2,1
2017-02-22,Valencia,Real Madrid,0.832853,0.99003,2,1
2017-02-24,Las Palmas,Real Sociedad,1.71708,0.900432,0,1
2017-02-25,Alaves,Valencia,1.33101,0.634332,2,1
2017-02-25,Eibar,Malaga,1.80008,0.136305,3,0
2017-02-25,Leganes,Deportivo La Coruna,0.743759,1.13768,4,0
2017-02-25,Real Betis,Sevilla,0.552998,1.94867,1,2
2017-02-26,Athletic Club,Granada,1.72074,0.520455,3,1
2017-02-26,Atletico Madrid,Barcelona,0.775423,1.82536,1,2
2017-02-26,Espanyol,Osasuna,2.0636,0.134311,3,0
2017-02-26,Sporting Gijon,Celta Vigo,2.32319,1.18161,1,1
2017-02-26,Villarreal,Real Madrid,1.12868,3.35567,2,3
2017-02-28,Malaga,Real Betis,1.00658,1.35901,1,2
2017-02-28,Real Sociedad,Eibar,1.97746,0.677011,2,2
2017-02-28,Valencia,Leganes,1.90734,0.0399313,1,0
2017-03-01,Barcelona,Sporting Gijon,2.99036,1.07573,6,1
2017-03-01,Celta Vigo,Espanyol,0.725904,0.46046,2,2
2017-03-01,Granada,Alaves,0.737167,1.09303,2,1
2017-03-01,Osasuna,Villarreal,2.04719,2.12981,1,4
2017-03-01,Real Madrid,Las Palmas,3.09385,2.1904,3,3
2017-03-02,Deportivo La Coruna,Atletico Madrid,1.23691,0.370998,1,1
2017-03-02,Sevilla,Athletic Club,1.76475,0.514869,1,0
2017-03-03,Real Betis,Real Sociedad,1.0855,0.586888,2,3
2017-03-04,Barcelona,Celta Vigo,2.8423,0.71755,5,0
2017-03-04,Eibar,Real Madrid,1.2014,2.0593,1,4
2017-03-04,Leganes,Granada,2.11012,0.0529013,1,0
2017-03-04,Villarreal,Espanyol,1.62938,0.841776,2,0
2017-03-05,Athletic Club,Malaga,1.51926,0.786509,1,0
2017-03-05,Atletico Madrid,Valencia,1.757,0.315344,3,0
2017-03-05,Las Palmas,Osasuna,1.52118,1.30591,5,2
2017-03-05,Sporting Gijon,Deportivo La Coruna,0.924431,1.62631,0,1
2017-03-06,Alaves,Sevilla,2.42054,0.532506,1,1
2017-03-08,Deportivo La Coruna,Real Betis,1.42173,0.569912,1,1
2017-03-10,Espanyol,Las Palmas,1.66149,1.21087,4,3
2017-03-11,Granada,Atletico Madrid,0.543405,1.63235,0,1
2017-03-11,Malaga,Alaves,1.50045,0.625695,1,2
2017-03-11,Sevilla,Leganes,1.35316,0.871554,1,1
2017-03-11,Valencia,Sporting Gijon,2.10881,0.926125,1,1
2017-03-12,Celta Vigo,Villarreal,0.5028,0.795635,0,1
2017-03-12,Deportivo La Coruna,Barcelona,1.38936,1.50728,2,1
2017-03-12,Real Madrid,Real Betis,1.00957,0.465085,2,1
2017-03-12,Real Sociedad,Athletic Club,0.651635,1.90097,0,2
2017-03-13,Osasuna,Eibar,1.29637,0.993742,1,1
2017-03-17,Las Palmas,Villarreal,1.57565,0.339418,1,0
2017-03-18,Alaves,Real Sociedad,2.12281,0.418478,1,0
2017-03-18,Athletic Club,Real Madrid,1.96298,2.09036,1,2
2017-03-18,Eibar,Espanyol,0.917886,0.229115,1,1
2017-03-18,Real Betis,Osasuna,1.90646,0.670991,2,0
2017-03-19,Atletico Madrid,Sevilla,2.48581,0.499596,3,1
2017-03-19,Barcelona,Valencia,4.18605,1.02269,4,2
2017-03-19,Deportivo La Coruna,Celta Vigo,0.806674,0.868296,0,1
2017-03-19,Leganes,Malaga,0.767247,0.380419,0,0
2017-03-19,Sporting Gijon,Granada,2.97883,1.16888,3,1
2017-03-31,Espanyol,Real Betis,0.434253,1.18318,2,1
2017-04-01,Malaga,Atletico Madrid,0.844668,1.05742,0,2
2017-04-01,Osasuna,Athletic Club,0.536243,1.34566,1,2
2017-04-01,Real Sociedad,Leganes,1.53494,0.391696,1,1
2017-04-01,Villarreal,Eibar,1.21195,1.99175,2,3
2017-04-02,Granada,Barcelona,0.513727,3.20394,1,4
2017-04-02,Real Madrid,Alaves,1.54447,1.16793,3,0
2017-04-02,Sevilla,Sporting Gijon,0.96799,0.26865,0,0
2017-04-02,Valencia,Deportivo La Coruna,1.45999,1.54959,3,0
2017-04-03,Celta Vigo,Las Palmas,1.96679,0.943845,3,1
2017-04-04,Athletic Club,Espanyol,2.30916,0.406301,2,0
2017-04-04,Atletico Madrid,Real Sociedad,2.8366,0.354952,1,0
2017-04-04,Real Betis,Villarreal,0.752025,1.45363,0,1
2017-04-05,Alaves,Osasuna,0.640826,0.59864,0,1
2017-04-05,Barcelona,Sevilla,1.12667,0.706087,3,0
2017-04-05,Deportivo La Coruna,Granada,1.34824,0.409132,0,0
2017-04-05,Leganes,Real Madrid,1.67468,2.43202,2,4
2017-04-05,Sporting Gijon,Malaga,0.809443,0.556202,0,1
2017-04-06,Eibar,Las Palmas,1.84235,0.811517,3,1
2017-04-06,Valencia,Celta Vigo,2.06746,1.68539,3,2
2017-04-07,Villarreal,Athletic Club,1.58988,0.771423,3,1
2017-04-08,Espanyol,Alaves,1.24148,0.345434,1,0
2017-04-08,Malaga,Barcelona,1.26059,1.18346,2,0
2017-04-08,Real Madrid,Atletico Madrid,1.35497,1.08371,1,1
2017-04-08,Sevilla,Deportivo La Coruna,3.09093,0.521612,4,2
2017-04-09,Celta Vigo,Eibar,0.626267,0.521772,0,2
2017-04-09,Granada,Valencia,0.726489,2.25028,1,3
2017-04-09,Las Palmas,Real Betis,2.25513,1.01656,4,1
2017-04-09,Osasuna,Leganes,1.58295,1.40274,2,1
2017-04-10,Real Sociedad,Sporting Gijon,1.98867,0.399035,3,1
2017-04-14,Athletic Club,Las Palmas,3.27145,0.665833,5,1
2017-04-15,Atletico Madrid,Osasuna,2.86312,0.117168,3,0
2017-04-15,Barcelona,Real Sociedad,3.1445,1.33399,3,2
2017-04-15,Deportivo La Coruna,Malaga,0.97862,0.284772,2,0
2017-04-15,Sporting Gijon,Real Madrid,0.4652,1.66979,2,3
2017-04-16,Granada,Celta Vigo,0.936087,1.79036,0,3
2017-04-16,Leganes,Espanyol,0.544707,0.584488,0,1
2017-04-16,Real Betis,Eibar,0.309059,0.431666,2,0
2017-04-16,Valencia,Sevilla,0.764084,0.73681,0,0
2017-04-17,Alaves,Villarreal,1.31518,1.33363,2,1
2017-04-21,Sevilla,Granada,3.39839,0.596929,2,0
2017-04-22,Espanyol,Atletico Madrid,0.810026,0.868074,0,1
2017-04-22,Malaga,Valencia,1.05969,1.36814,2,0
2017-04-22,Osasuna,Sporting Gijon,0.795145,2.22378,2,2
2017-04-22,Villarreal,Leganes,0.763096,0.747073,2,1
2017-04-23,Celta Vigo,Real Betis,0.67659,1.41484,0,1
2017-04-23,Las Palmas,Alaves,0.969015,0.488145,1,1
2017-04-23,Real Madrid,Barcelona,2.89974,2.06086,2,3
2017-04-23,Real Sociedad,Deportivo La Coruna,0.940566,0.299326,1,0
2017-04-24,Eibar,Athletic Club,0.249566,0.448314,0,1
2017-04-25,Atletico Madrid,Villarreal,1.32237,0.857961,0,1
2017-04-25,Granada,Malaga,0.0912526,1.24601,0,2
2017-04-25,Sporting Gijon,Espanyol,0.552443,1.71263,1,1
2017-04-26,Barcelona,Osasuna,3.74562,0.096291,7,1
2017-04-26,Deportivo La Coruna,Real Madrid,1.39884,4.95101,2,6
2017-04-26,Leganes,Las Palmas,2.5676,0.116739,3,0
2017-04-26,Valencia,Real Sociedad,2.32672,1.68807,2,3
2017-04-27,Alaves,Eibar,1.61616,0.164559,0,0
2017-04-27,Athletic Club,Real Betis,2.56597,1.04653,2,1
2017-04-27,Sevilla,Celta Vigo,2.31049,1.17988,2,1
2017-04-28,Villarreal,Sporting Gijon,3.91003,1.03449,3,1
2017-04-29,Espanyol,Barcelona,0.531541,1.82376,0,3
2017-04-29,Las Palmas,Atletico Madrid,0.530853,2.6956,0,5
2017-04-29,Real Madrid,Valencia,2.41841,0.973391,2,1
2017-04-29,Real Sociedad,Granada,2.10139,0.589329,2,1
2017-04-30,Celta Vigo,Athletic Club,0.231412,2.1267,0,3
2017-04-30,Eibar,Leganes,1.08114,0.893755,2,0
2017-04-30,Osasuna,Deportivo La Coruna,1.45216,1.56321,2,2
2017-04-30,Real Betis,Alaves,0.615113,2.54109,1,4
2017-05-01,Malaga,Sevilla,1.44919,1.55824,4,2
2017-05-05,Sevilla,Real Sociedad,1.0447,0.908736,1,1
2017-05-06,Atletico Madrid,Eibar,1.30492,0.286692,1,0
2017-05-06,Barcelona,Villarreal,3.26258,1.17809,4,1
2017-05-06,Granada,Real Madrid,0.798168,4.01875,0,4
2017-05-06,Sporting Gijon,Las Palmas,1.55328,0.298784,1,0
2017-05-07,Alaves,Athletic Club,0.327836,1.07917,1,0
2017-05-07,Deportivo La Coruna,Espanyol,1.58012,1.116,1,2
2017-05-07,Malaga,Celta Vigo,2.20858,0.582102,3,0
2017-05-07,Valencia,Osasuna,3.01483,0.841795,4,1
2017-05-08,Leganes,Real Betis,1.63794,0.596654,4,0
2017-05-13,Espanyol,Valencia,1.59622,0.481694,0,1
2017-05-13,Osasuna,Granada,2.1534,0.823768,2,1
2017-05-14,Alaves,Celta Vigo,1.45961,1.54197,3,1
2017-05-14,Athletic Club,Leganes,1.40486,0.533837,1,1
2017-05-14,Eibar,Sporting Gijon,0.516325,1.13134,0,1
2017-05-14,Las Palmas,Barcelona,0.614019,1.60991,1,4
2017-05-14,Real Betis,Atletico Madrid,0.489181,0.156793,1,1
2017-05-14,Real Madrid,Sevilla,1.89661,0.878236,4,1
2017-05-14,Real Sociedad,Malaga,1.85706,1.08273,2,2
2017-05-14,Villarreal,Deportivo La Coruna,1.5957,0.0795451,0,0
2017-05-17,Celta Vigo,Real Madrid,0.901276,3.64315,1,4
2017-05-19,Granada,Espanyol,0.649902,0.761851,1,2
2017-05-20,Deportivo La Coruna,Las Palmas,1.56248,0.990264,3,0
2017-05-20,Leganes,Alaves,0.666963,1.44228,1,1
2017-05-20,Sevilla,Osasuna,2.2749,0.240405,5,0
2017-05-20,Sporting Gijon,Real Betis,1.27001,2.14979,2,2
2017-05-21,Atletico Madrid,Athletic Club,3.08909,1.00363,3,1
2017-05-21,Barcelona,Eibar,4.7816,0.8164,4,2
2017-05-21,Celta Vigo,Real Sociedad,1.30693,1.43204,2,2
2017-05-21,Malaga,Real Madrid,1.16006,2.55304,0,2
2017-05-21,Valencia,Villarreal,1.48798,0.932558,1,3
2017-08-18,Leganes,Alaves,1.32428,0.993213,1,0
2017-08-18,Valencia,Las Palmas,1.60532,0.219158,1,0
2017-08-19,Celta Vigo,Real Sociedad,1.82363,1.97071,2,3
2017-08-19,Girona,Atletico Madrid,2.57496,0.847485,2,2
2017-08-19,Sevilla,Espanyol,2.52013,1.09286,1,1
2017-08-20,Athletic Club,Getafe,1.10938,0.335335,0,0
2017-08-20,Barcelona,Real Betis,1.30926,0.150503,2,0
2017-08-20,Deportivo La Coruna,Real Madrid,1.48262,2.38821,0,3
2017-08-21,Levante,Villarreal,1.27973,0.454109,1,0
2017-08-21,Malaga,Eibar,0.913442,1.4766,0,1
2017-08-25,Real Betis,Celta Vigo,1.5432,0.261415,2,1
2017-08-25,Real Sociedad,Villarreal,2.80119,0.121682,3,0
2017-08-26,Alaves,Barcelona,0.635924,2.68718,0,2
2017-08-26,Girona,Malaga,1.66954,0.325871,1,0
2017-08-26,Las Palmas,Atletico Madrid,1.38892,0.510608,1,5
2017-08-26,Levante,Deportivo La Coruna,2.40085,0.814208,2,2
2017-08-27,Eibar,Athletic Club,1.1133,1.35304,0,1
2017-08-27,Espanyol,Leganes,1.29777,1.22097,0,1
2017-08-27,Getafe,Sevilla,1.47212,1.21647,0,1
2017-08-27,Real Madrid,Valencia,3.38691,0.90594,2,2
2017-09-08,Leganes,Getafe,1.55919,0.392931,1,2
2017-09-09,Barcelona,Espanyol,5.54505,0.752988,5,0
2017-09-09,Real Madrid,Levante,3.18354,0.757405,1,1
2017-09-09,Sevilla,Eibar,2.84122,0.690659,3,0
2017-09-09,Valencia,Atletico Madrid,0.702521,0.638366,0,0
2017-09-10,Athletic Club,Girona,1.72422,0.314128,2,0
2017-09-10,Celta Vigo,Alaves,2.63491,0.491165,1,0
2017-09-10,Deportivo La Coruna,Real Sociedad,1.1079,2.02187,2,4
2017-09-10,Villarreal,Real Betis,1.59207,0.816093,3,1
2017-09-11,Malaga,Las Palmas,0.904978,1.89906,1,3
2017-09-16,Atletico Madrid,Malaga,1.54645,0.438352,1,0
2017-09-16,Eibar,Leganes,0.383513,0.236029,1,0
2017-09-16,Getafe,Barcelona,0.956195,0.53587,1,2
2017-09-16,Levante,Valencia,0.939192,1.8854,1,1
2017-09-16,Real Betis,Deportivo La Coruna,2.73624,0.377717,2,1
2017-09-17,Alaves,Villarreal,0.487809,2.14034,0,3
2017-09-17,Girona,Sevilla,1.90439,1.35514,0,1
2017-09-17,Las Palmas,Athletic Club,0.895334,1.10686,1,0
2017-09-17,Real Sociedad,Real Madrid,0.375385,2.88229,1,3
2017-09-18,Espanyol,Celta Vigo,0.707575,0.857512,2,1
2017-09-19,Barcelona,Eibar,2.58774,0.962105,6,1
2017-09-19,Valencia,Malaga,3.40858,0.817228,5,0
2017-09-20,Athletic Club,Atletico Madrid,1.715,2.30016,1,2
2017-09-20,Deportivo La Coruna,Alaves,1.93585,0.21606,1,0
2017-09-20,Leganes,Girona,0.470624,1.24121,0,0
2017-09-20,Real Madrid,Real Betis,3.39115,1.21251,0,1
2017-09-20,Sevilla,Las Palmas,1.38776,0.370691,1,0
2017-09-21,Celta Vigo,Getafe,0.732797,0.743449,1,1
2017-09-21,Levante,Real Sociedad,1.78708,0.570261,3,0
2017-09-21,Villarreal,Espanyol,1.91885,0.992677,0,0
2017-09-23,Alaves,Real Madrid,0.703287,2.7181,1,2
2017-09-23,Atletico Madrid,Sevilla,1.54213,0.370195,2,0
2017-09-23,Girona,Barcelona,0.90657,1.28645,0,3
2017-09-23,Malaga,Athletic Club,2.36068,1.93264,3,3
2017-09-24,Eibar,Celta Vigo,1.06999,1.13361,0,4
2017-09-24,Espanyol,Deportivo La Coruna,3.02613,1.40609,4,1
2017-09-24,Getafe,Villarreal,2.32209,1.04045,4,0
2017-09-24,Las Palmas,Leganes,0.855521,1.5876,0,2
2017-09-24,Real Sociedad,Valencia,1.25293,1.87637,2,3
2017-09-25,Real Betis,Levante,2.23701,0.383336,4,0
2017-09-29,Celta Vigo,Girona,2.56272,1.32391,3,3
2017-09-30,Deportivo La Coruna,Getafe,2.41777,1.54261,2,1
2017-09-30,Leganes,Atletico Madrid,0.421294,0.545341,0,0
2017-09-30,Levante,Alaves,1.02629,2.5346,0,2
2017-09-30,Sevilla,Malaga,2.50129,0.429422,2,0
2017-10-01,Barcelona,Las Palmas,4.83674,0.684959,3,0
2017-10-01,Real Madrid,Espanyol,3.02561,0.278294,2,0
2017-10-01,Real Sociedad,Real Betis,1.99991,2.06359,4,4
2017-10-01,Valencia,Athletic Club,2.6265,2.60881,3,2
2017-10-01,Villarreal,Eibar,2.76075,0.539665,3,0
2017-10-13,Espanyol,Levante,2.47349,0.91221,0,0
2017-10-14,Alaves,Real Sociedad,0.544525,0.875381,0,2
2017-10-14,Athletic Club,Sevilla,1.12259,1.79545,1,0
2017-10-14,Atletico Madrid,Barcelona,0.334059,1.61922,1,1
2017-10-14,Getafe,Real Madrid,0.855336,2.22268,1,2
2017-10-15,Eibar,Deportivo La Coruna,0.565592,0.470714,0,0
2017-10-15,Girona,Villarreal,1.77848,1.23084,1,2
2017-10-15,Malaga,Leganes,1.13838,1.93807,0,2
2017-10-15,Real Betis,Valencia,2.25048,1.95165,3,6
2017-10-16,Las Palmas,Celta Vigo,1.90333,1.68838,2,5
2017-10-21,Barcelona,Malaga,2.19062,0.629202,2,0
2017-10-21,Levante,Getafe,0.639709,0.822573,1,1
2017-10-21,Real Betis,Alaves,0.783724,0.618409,2,0
2017-10-21,Valencia,Sevilla,1.72867,0.879816,4,0
2017-10-22,Leganes,Athletic Club,0.800353,0.726155,1,0
2017-10-22,Real Madrid,Eibar,1.54139,0.359568,3,0
2017-10-22,Villarreal,Las Palmas,2.72022,0.823505,4,0
2017-10-23,Celta Vigo,Atletico Madrid,0.895385,1.14703,0,1
2017-10-23,Deportivo La Coruna,Girona,1.93154,1.63012,1,2
2017-10-23,Real Sociedad,Espanyol,1.33975,0.610458,1,1
2017-10-28,Alaves,Valencia,0.629433,1.06744,1,2
2017-10-28,Athletic Club,Barcelona,0.880742,2.49124,0,2
2017-10-28,Atletico Madrid,Villarreal,1.49933,0.678299,1,1
2017-10-28,Sevilla,Leganes,1.73468,1.02702,2,1
2017-10-29,Eibar,Levante,1.41711,0.90967,2,2
2017-10-29,Getafe,Real Sociedad,1.95098,1.14607,2,1
2017-10-29,Girona,Real Madrid,2.26046,1.58248,2,1
2017-10-29,Malaga,Celta Vigo,2.03731,1.07069,2,1
2017-10-30,Espanyol,Real Betis,0.731922,0.378493,1,0
2017-10-30,Las Palmas,Deportivo La Coruna,0.546481,1.90215,1,3
2017-11-03,Real Betis,Getafe,0.83579,0.828956,2,2
2017-11-04,Alaves,Espanyol,1.01634,0.684307,1,0
2017-11-04,Deportivo La Coruna,Atletico Madrid,0.420272,0.493918,0,1
2017-11-04,Valencia,Leganes,2.31415,1.32036,3,0
2017-11-05,Barcelona,Sevilla,1.95413,0.354156,2,1
2017-11-05,Celta Vigo,Athletic Club,1.22047,1.26285,3,1
2017-11-05,Levante,Girona,0.648662,1.61579,1,2
2017-11-05,Real Madrid,Las Palmas,2.53038,0.127029,3,0
2017-11-05,Real Sociedad,Eibar,2.41358,0.275872,3,1
2017-11-05,Villarreal,Malaga,1.19462,0.594488,2,0
2017-11-17,Girona,Real Sociedad,1.12751,1.34745,1,1
2017-11-18,Atletico Madrid,Real Madrid,0.745518,1.41229,0,0
2017-11-18,Getafe,Alaves,4.07057,0.613023,4,1
2017-11-18,Leganes,Barcelona,1.3156,2.59365,0,3
2017-11-18,Sevilla,Celta Vigo,1.48193,2.34863,2,1
2017-11-19,Athletic Club,Villarreal,1.01556,1.41304,1,1
2017-11-19,Espanyol,Valencia,1.14765,1.27213,0,2
2017-11-19,Las Palmas,Levante,0.935842,1.0123,0,2
2017-11-19,Malaga,Deportivo La Coruna,1.7392,1.29498,3,2
2017-11-20,Eibar,Real Betis,2.62321,0.689499,5,0
2017-11-24,Celta Vigo,Leganes,1.34321,0.907445,1,0
2017-11-25,Alaves,Eibar,0.401289,1.08957,1,2
2017-11-25,Levante,Atletico Madrid,1.15009,2.88458,0,5
2017-11-25,Real Betis,Girona,1.20945,1.43823,2,2
2017-11-25,Real Madrid,Malaga,3.0172,0.540736,3,2
2017-11-26,Deportivo La Coruna,Athletic Club,1.95643,1.59171,2,2
2017-11-26,Real Sociedad,Las Palmas,2.02953,2.05048,2,2
2017-11-26,Valencia,Barcelona,1.30897,0.904581,1,1
2017-11-26,Villarreal,Sevilla,2.07496,1.8245,2,3
2017-11-27,Espanyol,Getafe,1.26709,0.836933,1,0
2017-12-01,Malaga,Levante,0.863467,0.444647,0,0
2017-12-02,Athletic Club,Real Madrid,1.34381,1.88247,0,0
2017-12-02,Atletico Madrid,Real Sociedad,3.06079,1.81521,2,1
2017-12-02,Barcelona,Celta Vigo,3.8047,1.54959,2,2
2017-12-02,Sevilla,Deportivo La Coruna,1.53443,0.658203,2,0
2017-12-03,Eibar,Espanyol,1.70062,0.266091,3,1
2017-12-03,Getafe,Valencia,0.910193,0.615671,1,0
2017-12-03,Las Palmas,Real Betis,2.48469,0.35231,1,0
2017-12-03,Leganes,Villarreal,1.22856,0.948796,3,1
2017-12-04,Girona,Alaves,0.421084,1.71192,2,3
2017-12-08,Alaves,Las Palmas,3.731,0.279196,2,0
2017-12-09,Deportivo La Coruna,Leganes,0.916437,0.118966,1,0
2017-12-09,Getafe,Eibar,0.267913,0.906043,0,0
2017-12-09,Real Madrid,Sevilla,3.5353,0.381749,5,0
2017-12-09,Valencia,Celta Vigo,1.36901,1.12881,2,1
2017-12-10,Levante,Athletic Club,1.1149,1.98411,1,2
2017-12-10,Real Betis,Atletico Madrid,0.27905,0.789744,0,1
2017-12-10,Real Sociedad,Malaga,1.71766,1.85567,0,2
2017-12-10,Villarreal,Barcelona,0.677295,3.67543,0,2
2017-12-11,Espanyol,Girona,0.348241,1.5012,0,1
2017-12-15,Sevilla,Levante,2.43666,1.11964,0,0
2017-12-16,Athletic Club,Real Sociedad,0.880943,0.474349,0,0
2017-12-16,Atletico Madrid,Alaves,1.04076,0.566869,1,0
2017-12-16,Eibar,Valencia,0.808252,1.09896,2,1
2017-12-17,Barcelona,Deportivo La Coruna,6.46701,0.276894,4,0
2017-12-17,Celta Vigo,Villarreal,0.882659,0.692275,0,1
2017-12-17,Girona,Getafe,0.372216,0.263352,1,0
2017-12-17,Las Palmas,Espanyol,1.47394,2.13177,2,2
2017-12-18,Malaga,Real Betis,1.07205,1.97464,0,2
2017-12-19,Levante,Leganes,0.841442,0.282363,0,0
2017-12-20,Getafe,Las Palmas,2.9282,1.89353,2,0
2017-12-20,Real Sociedad,Sevilla,1.86402,0.304282,3,1
2017-12-21,Alaves,Malaga,2.132,0.299907,1,0
2017-12-21,Eibar,Girona,2.47814,0.343595,4,1
2017-12-22,Espanyol,Atletico Madrid,0.932545,0.798417,1,0
2017-12-22,Real Betis,Athletic Club,1.26749,3.01564,0,2
2017-12-23,Deportivo La Coruna,Celta Vigo,1.79279,1.56341,1,3
2017-12-23,Real Madrid,Barcelona,1.30012,3.70518,0,3
2017-12-23,Valencia,Villarreal,2.07887,1.11044,0,1
2018-01-06,Atletico Madrid,Getafe,1.45814,0.977635,2,0
2018-01-06,Las Palmas,Eibar,0.909208,1.69025,1,2
2018-01-06,Sevilla,Real Betis,1.29186,1.6433,3,5
2018-01-06,Valencia,Girona,1.59323,1.67431,2,1
2018-01-07,Athletic Club,Alaves,2.55044,0.232281,2,0
2018-01-07,Barcelona,Levante,2.11533,0.675841,3,0
2018-01-07,Celta Vigo,Real Madrid,2.01847,1.95926,2,2
2018-01-07,Leganes,Real Sociedad,0.975475,0.711808,1,0
2018-01-07,Villarreal,Deportivo La Coruna,1.33873,1.81782,1,1
2018-01-08,Malaga,Espanyol,1.10377,0.300209,0,1
2018-01-12,Getafe,Malaga,1.37242,0.378534,1,0
2018-01-13,Deportivo La Coruna,Valencia,1.78725,0.608761,1,2
2018-01-13,Eibar,Atletico Madrid,0.922091,1.68244,0,1
2018-01-13,Girona,Las Palmas,3.86809,0.142552,6,0
2018-01-13,Real Madrid,Villarreal,2.3468,0.858724,0,1
2018-01-14,Alaves,Sevilla,0.607306,0.799343,1,0
2018-01-14,Espanyol,Athletic Club,0.540004,1.22268,1,1
2018-01-14,Levante,Celta Vigo,1.87325,0.294559,0,1
2018-01-14,Real Sociedad,Barcelona,0.781446,1.25295,2,4
2018-01-15,Real Betis,Leganes,2.00661,1.76719,3,2
2018-01-19,Getafe,Athletic Club,3.76973,1.39419,2,2
2018-01-20,Atletico Madrid,Girona,1.37281,0.782125,1,1
2018-01-20,Espanyol,Sevilla,1.09365,1.54864,0,3
2018-01-20,Las Palmas,Valencia,3.28795,1.94919,2,1
2018-01-20,Villarreal,Levante,3.14327,1.18009,2,1
2018-01-21,Alaves,Leganes,1.75269,1.41663,2,2
2018-01-21,Real Betis,Barcelona,0.313941,2.50628,0,5
2018-01-21,Real Madrid,Deportivo La Coruna,3.18339,1.84318,7,1
2018-01-21,Real Sociedad,Celta Vigo,2.06555,1.4667,1,2
2018-01-22,Eibar,Malaga,1.43961,1.36627,1,1
2018-01-26,Athletic Club,Eibar,1.70978,0.488401,1,1
2018-01-27,Deportivo La Coruna,Levante,1.21181,1.06092,2,2
2018-01-27,Malaga,Girona,0.717136,0.694387,0,0
2018-01-27,Valencia,Real Madrid,1.41068,2.70685,1,4
2018-01-27,Villarreal,Real Sociedad,2.2933,0.904787,4,2
2018-01-28,Atletico Madrid,Las Palmas,3.50759,0.454004,3,0
2018-01-28,Barcelona,Alaves,2.08908,1.03397,2,1
2018-01-28,Leganes,Espanyol,0.781967,1.40084,3,2
2018-01-28,Sevilla,Getafe,1.77022,0.780113,1,1
2018-01-29,Celta Vigo,Real Betis,2.74078,1.29797,3,2
2018-02-02,Real Sociedad,Deportivo La Coruna,2.92272,0.215196,5,0
2018-02-03,Alaves,Celta Vigo,1.20482,1.29603,2,1
2018-02-03,Eibar,Sevilla,1.71804,1.72858,5,1
2018-02-03,Levante,Real Madrid,1.31943,1.31592,2,2
2018-02-03,Real Betis,Villarreal,0.532665,1.40361,2,1
2018-02-04,Atletico Madrid,Valencia,0.59761,0.324134,1,0
2018-02-04,Espanyol,Barcelona,0.928257,0.709587,1,1
2018-02-04,Getafe,Leganes,1.08542,0.0976659,0,0
2018-02-04,Girona,Athletic Club,3.07987,0.352756,2,0
2018-02-05,Las Palmas,Malaga,0.305749,0.838368,1,0
2018-02-09,Athletic Club,Las Palmas,0.651789,0.351625,0,0
2018-02-10,Leganes,Eibar,0.106979,1.47183,0,1
2018-02-10,Malaga,Atletico Madrid,0.412228,0.507754,0,1
2018-02-10,Real Madrid,Real Sociedad,5.307,0.981956,5,2
2018-02-10,Villarreal,Alaves,1.9855,0.786699,1,2
2018-02-11,Barcelona,Getafe,0.988899,0.333177,0,0
2018-02-11,Celta Vigo,Espanyol,2.33191,0.241607,2,2
2018-02-11,Sevilla,Girona,2.27801,1.58043,1,0
2018-02-11,Valencia,Levante,3.84966,0.188016,3,1
2018-02-12,Deportivo La Coruna,Real Betis,1.2907,0.867811,0,1
2018-02-16,Girona,Leganes,1.35489,0.596666,3,0
2018-02-17,Alaves,Deportivo La Coruna,0.591477,0.192999,1,0
2018-02-17,Eibar,Barcelona,0.511918,2.55934,0,2
2018-02-17,Las Palmas,Sevilla,1.07811,2.84337,1,2
2018-02-17,Malaga,Valencia,1.14716,1.18698,1,2
2018-02-18,Atletico Madrid,Athletic Club,0.916751,0.192651,2,0
2018-02-18,Espanyol,Villarreal,1.28201,1.15691,1,1
2018-02-18,Real Betis,Real Madrid,2.46741,1.84168,3,5
2018-02-18,Real Sociedad,Levante,2.19468,0.636405,3,0
2018-02-19,Getafe,Celta Vigo,1.57227,0.0813122,3,0
2018-02-21,Leganes,Real Madrid,1.18808,1.95404,1,3
2018-02-23,Deportivo La Coruna,Espanyol,1.76399,0.373435,0,0
2018-02-24,Barcelona,Girona,3.0399,0.756525,6,1
2018-02-24,Celta Vigo,Eibar,1.47741,1.7577,2,0
2018-02-24,Leganes,Las Palmas,1.52021,0.131187,0,0
2018-02-24,Real Madrid,Alaves,3.51278,0.615652,4,0
2018-02-25,Athletic Club,Malaga,0.620357,1.38648,2,1
2018-02-25,Sevilla,Atletico Madrid,1.06166,3.05248,2,5
2018-02-25,Valencia,Real Sociedad,1.76569,0.592783,2,1
2018-02-25,Villarreal,Getafe,1.02578,1.56032,1,0
2018-02-26,Levante,Real Betis,0.82656,2.03465,0,2
2018-02-27,Espanyol,Real Madrid,0.787948,1.10507,1,0
2018-02-27,Girona,Celta Vigo,1.25486,0.418862,1,0
2018-02-28,Athletic Club,Valencia,1.91273,0.195723,1,1
2018-02-28,Atletico Madrid,Leganes,2.69704,0.754304,4,0
2018-02-28,Eibar,Villarreal,1.00403,0.510311,1,0
2018-02-28,Getafe,Deportivo La Coruna,1.95067,0.325781,3,0
2018-02-28,Malaga,Sevilla,0.295635,0.896695,0,1
2018-03-01,Alaves,Levante,2.28032,0.290231,1,0
2018-03-01,Las Palmas,Barcelona,1.44343,1.09273,1,1
2018-03-01,Real Betis,Real Sociedad,0.353891,0.399624,0,0
2018-03-03,Deportivo La Coruna,Eibar,1.24866,0.601828,1,1
2018-03-03,Leganes,Malaga,1.0368,0.521384,2,0
2018-03-03,Real Madrid,Getafe,2.0181,0.840741,3,1
2018-03-03,Sevilla,Athletic Club,2.46092,0.513503,2,0
2018-03-03,Villarreal,Girona,0.546004,0.295862,0,2
2018-03-04,Barcelona,Atletico Madrid,0.808635,0.158837,1,0
2018-03-04,Levante,Espanyol,2.04187,1.06127,1,1
2018-03-04,Real Sociedad,Alaves,1.93124,0.370822,2,1
2018-03-04,Valencia,Real Betis,1.12897,0.36952,2,0
2018-03-05,Celta Vigo,Las Palmas,1.49597,0.729207,2,1
2018-03-09,Girona,Deportivo La Coruna,1.03867,0.703693,2,0
2018-03-10,Eibar,Real Madrid,1.39288,1.79681,1,2
2018-03-10,Getafe,Levante,1.60766,0.800471,0,1
2018-03-10,Malaga,Barcelona,0.541391,2.42399,0,2
2018-03-10,Sevilla,Valencia,1.10014,1.13005,0,2
2018-03-11,Athletic Club,Leganes,1.26084,1.34791,2,0
2018-03-11,Atletico Madrid,Celta Vigo,1.6219,0.87523,3,0
2018-03-11,Espanyol,Real Sociedad,2.49193,0.947318,2,1
2018-03-11,Las Palmas,Villarreal,1.02723,2.62384,0,2
2018-03-12,Alaves,Real Betis,0.783255,1.71568,1,3
2018-03-16,Levante,Eibar,1.71343,1.91049,2,1
2018-03-17,Deportivo La Coruna,Las Palmas,1.26948,0.310044,1,1
2018-03-17,Real Betis,Espanyol,0.756102,0.175768,3,0
2018-03-17,Real Sociedad,Getafe,0.424264,0.80265,1,2
2018-03-17,Valencia,Alaves,2.69263,1.24894,3,1
2018-03-18,Barcelona,Athletic Club,2.93887,0.9045,2,0
2018-03-18,Celta Vigo,Malaga,1.38296,0.483684,0,0
2018-03-18,Leganes,Sevilla,1.73518,0.452713,2,1
2018-03-18,Real Madrid,Girona,3.51065,1.69932,6,3
2018-03-18,Villarreal,Atletico Madrid,1.39436,1.16223,2,1
2018-03-31,Athletic Club,Celta Vigo,1.85897,0.487787,1,1
2018-03-31,Girona,Levante,0.922091,1.91933,1,1
2018-03-31,Las Palmas,Real Madrid,0.91426,3.88382,0,3
2018-03-31,Sevilla,Barcelona,3.6851,1.48888,2,2
2018-04-01,Atletico Madrid,Deportivo La Coruna,1.41638,1.05793,1,0
2018-04-01,Eibar,Real Sociedad,0.54378,0.711691,0,0
2018-04-01,Espanyol,Alaves,0.638324,0.537352,0,0
2018-04-01,Leganes,Valencia,0.824763,0.0824376,0,1
2018-04-01,Malaga,Villarreal,1.53768,0.374247,1,0
2018-04-02,Getafe,Real Betis,1.8449,0.792933,0,1
2018-04-06,Deportivo La Coruna,Malaga,2.38294,0.66021,3,2
2018-04-07,Alaves,Getafe,1.48909,0.881652,2,0
2018-04-07,Barcelona,Leganes,2.70223,0.64842,3,1
2018-04-07,Celta Vigo,Sevilla,2.31598,1.74101,4,0
2018-04-07,Real Betis,Eibar,2.26948,0.500493,2,0
2018-04-08,Levante,Las Palmas,1.83153,1.55654,2,1
2018-04-08,Real Madrid,Atletico Madrid,2.34722,1.29841,1,1
2018-04-08,Real Sociedad,Girona,3.53372,0.592456,5,0
2018-04-08,Valencia,Espanyol,1.99031,1.15464,1,0
2018-04-09,Villarreal,Athletic Club,0.559924,3.71849,1,3
2018-04-13,Girona,Real Betis,0.457016,1.37059,0,1
2018-04-14,Athletic Club,Deportivo La Coruna,0.765312,1.29636,2,3
2018-04-14,Barcelona,Valencia,1.95235,2.24116,2,1
2018-04-14,Las Palmas,Real Sociedad,0.706793,3.17928,0,1
2018-04-14,Leganes,Celta Vigo,1.74594,0.791146,1,0
2018-04-14,Sevilla,Villarreal,1.8496,1.13249,2,2
2018-04-15,Atletico Madrid,Levante,1.12328,0.675734,3,0
2018-04-15,Eibar,Alaves,1.2615,0.118099,0,1
2018-04-15,Getafe,Espanyol,0.696539,0.515034,1,0
2018-04-15,Malaga,Real Madrid,1.18107,2.29821,1,2
2018-04-17,Celta Vigo,Barcelona,3.39681,2.27463,2,2
2018-04-17,Deportivo La Coruna,Sevilla,1.897,1.79029,0,0
2018-04-17,Villarreal,Leganes,1.38187,0.206095,2,1
2018-04-18,Espanyol,Eibar,0.472484,0.287037,0,1
2018-04-18,Real Madrid,Athletic Club,1.42965,0.929328,1,1
2018-04-18,Valencia,Getafe,0.840314,0.535543,1,2
2018-04-19,Alaves,Girona,0.908885,1.7941,1,2
2018-04-19,Levante,Malaga,1.28691,0.547059,1,0
2018-04-19,Real Betis,Las Palmas,1.37854,0.0209842,1,0
2018-04-19,Real Sociedad,Atletico Madrid,0.806834,0.463384,3,0
2018-04-20,Leganes,Deportivo La Coruna,0.719922,0.978814,0,0
2018-04-21,Celta Vigo,Valencia,0.79777,2.36216,1,1
2018-04-21,Eibar,Getafe,0.401553,0.618811,0,1
2018-04-22,Atletico Madrid,Real Betis,1.23503,0.674891,0,0
2018-04-22,Girona,Espanyol,1.95052,0.949254,0,2
2018-04-22,Las Palmas,Alaves,0.349971,1.59228,0,4
2018-04-22,Malaga,Real Sociedad,1.01179,1.24873,2,0
2018-04-23,Athletic Club,Levante,1.7848,1.50007,1,3
2018-04-27,Levante,Sevilla,1.83277,0.975459,2,1
2018-04-28,Espanyol,Las Palmas,2.35325,1.7456,1,1
2018-04-28,Real Madrid,Leganes,1.77458,2.02363,2,1
2018-04-28,Real Sociedad,Athletic Club,1.76162,1.09625,3,1
2018-04-28,Villarreal,Celta Vigo,4.36585,1.51033,4,1
2018-04-29,Alaves,Atletico Madrid,0.52622,2.56109,0,1
2018-04-29,Deportivo La Coruna,Barcelona,2.46343,3.65273,2,4
2018-04-29,Getafe,Girona,2.51533,2.07365,1,1
2018-04-29,Valencia,Eibar,0.748181,1.29179,0,0
2018-04-30,Real Betis,Malaga,1.91249,0.587902,2,1
2018-05-04,Sevilla,Real Sociedad,1.66025,0.63922,1,0
2018-05-05,Athletic Club,Real Betis,1.08298,0.179778,2,0
2018-05-05,Celta Vigo,Deportivo La Coruna,0.995172,0.802341,1,1
2018-05-05,Girona,Eibar,1.57265,1.82278,1,4
2018-05-05,Villarreal,Valencia,1.31831,0.531287,1,0
2018-05-06,Atletico Madrid,Espanyol,0.39488,1.01747,0,2
2018-05-06,Barcelona,Real Madrid,1.31039,1.69458,2,2
2018-05-06,Las Palmas,Getafe,1.97436,1.26465,0,1
2018-05-06,Malaga,Alaves,1.66977,1.75049,0,3
2018-05-07,Leganes,Levante,1.31956,1.40887,0,3
2018-05-09,Barcelona,Villarreal,3.06814,1.10579,5,1
2018-05-09,Sevilla,Real Madrid,2.42064,2.27979,3,2
2018-05-12,Alaves,Athletic Club,0.335029,1.03761,3,1
2018-05-12,Deportivo La Coruna,Villarreal,2.2106,3.02368,2,4
2018-05-12,Eibar,Las Palmas,0.992038,0.514215,1,0
2018-05-12,Getafe,Atletico Madrid,1.08432,0.869538,0,1
2018-05-12,Girona,Valencia,0.596538,0.896724,0,1
2018-05-12,Real Betis,Sevilla,1.19618,1.76146,2,2
2018-05-12,Real Madrid,Celta Vigo,1.95788,0.202932,6,0
2018-05-12,Real Sociedad,Leganes,2.77676,1.44103,3,2
2018-05-13,Espanyol,Malaga,3.96999,1.72397,4,1
2018-05-13,Levante,Barcelona,3.50895,1.95835,5,4
2018-05-19,Celta Vigo,Levante,4.51406,0.26433,4,2
2018-05-19,Las Palmas,Girona,1.09053,1.637,1,2
2018-05-19,Leganes,Real Betis,1.24382,1.80096,3,2
2018-05-19,Malaga,Getafe,0.804563,1.43517,0,1
2018-05-19,Sevilla,Alaves,2.45526,1.08698,1,0
2018-05-19,Villarreal,Real Madrid,1.35791,1.06317,2,2
2018-05-20,Athletic Club,Espanyol,0.851602,1.08743,0,1
2018-05-20,Atletico Madrid,Eibar,1.46822,0.953672,2,2
2018-05-20,Barcelona,Real Sociedad,1.35941,0.817475,1,0
2018-05-20,Valencia,Deportivo La Coruna,2.41895,1.85263,2,1
2018-08-17,Girona,Real Valladolid,0.626716,0.030934,0,0
2018-08-17,Real Betis,Levante,1.00338,2.67481,0,3
2018-08-18,Barcelona,Alaves,3.26753,0.248353,3,0
2018-08-18,Celta Vigo,Espanyol,0.428686,0.647286,1,1
2018-08-18,Villarreal,Real Sociedad,1.39716,0.410646,1,2
2018-08-19,Eibar,SD Huesca,1.49776,1.51617,1,2
2018-08-19,Rayo Vallecano,Sevilla,2.39239,3.34997,1,4
2018-08-19,Real Madrid,Getafe,1.16219,0.188446,2,0
2018-08-20,Athletic Club,Leganes,2.45697,1.14522,2,1
2018-08-20,Valencia,Atletico Madrid,1.07885,0.979952,1,1
2018-08-24,Getafe,Eibar,1.74287,0.529404,2,0
2018-08-24,Leganes,Real Sociedad,1.67636,1.69572,2,2
2018-08-25,Alaves,Real Betis,0.580983,1.5812,0,0
2018-08-25,Atletico Madrid,Rayo Vallecano,0.976216,1.48336,1,0
2018-08-25,Real Valladolid,Barcelona,0.510742,1.20392,0,1
2018-08-26,Espanyol,Valencia,1.50101,1.0368,2,0
2018-08-26,Girona,Real Madrid,0.502361,4.09404,1,4
2018-08-26,Sevilla,Villarreal,1.97161,0.671429,0,0
2018-08-27,Athletic Club,SD Huesca,0.852349,0.217866,2,2
2018-08-27,Levante,Celta Vigo,1.84058,2.61735,1,2
2018-08-31,Eibar,Real Sociedad,0.798059,1.32388,2,1
2018-08-31,Getafe,Real Valladolid,1.0807,1.09505,0,0
2018-08-31,Villarreal,Girona,1.13128,0.832999,0,1
2018-09-01,Celta Vigo,Atletico Madrid,0.678086,0.432703,2,0
2018-09-01,Real Madrid,Leganes,2.31092,1.00157,4,1
2018-09-02,Alaves,Espanyol,1.15622,1.04802,2,1
2018-09-02,Barcelona,SD Huesca,6.0418,1.63632,8,2
2018-09-02,Levante,Valencia,1.50228,3.39969,2,2
2018-09-02,Real Betis,Sevilla,1.18295,0.784969,1,0
2018-09-14,SD Huesca,Rayo Vallecano,1.66772,1.20514,0,1
2018-09-15,Athletic Club,Real Madrid,1.45129,1.95843,1,1
2018-09-15,Atletico Madrid,Eibar,2.4656,1.21431,1,1
2018-09-15,Real Sociedad,Barcelona,1.47969,1.7617,1,2
2018-09-15,Valencia,Real Betis,1.04644,1.22346,0,0
2018-09-16,Espanyol,Levante,1.61848,0.690773,1,0
2018-09-16,Leganes,Villarreal,1.22184,0.533854,0,1
2018-09-16,Real Valladolid,Alaves,1.10397,0.848478,0,1
2018-09-16,Sevilla,Getafe,1.08255,2.12717,0,2
2018-09-17,Girona,Celta Vigo,1.72168,0.901248,3,2
2018-09-21,SD Huesca,Real Sociedad,0.565773,0.200875,0,1
2018-09-22,Celta Vigo,Real Valladolid,2.13067,2.16098,3,3
2018-09-22,Eibar,Leganes,1.78459,0.781041,1,0
2018-09-22,Getafe,Atletico Madrid,0.580433,1.4765,0,2
2018-09-22,Rayo Vallecano,Alaves,1.08157,1.24884,1,5
2018-09-22,Real Madrid,Espanyol,1.08701,0.424687,1,0
2018-09-23,Barcelona,Girona,1.67678,1.54969,2,2
2018-09-23,Levante,Sevilla,2.24847,3.40128,2,6
2018-09-23,Real Betis,Athletic Club,1.55308,0.947496,2,2
2018-09-23,Villarreal,Valencia,0.480494,0.376192,0,0
2018-09-25,Atletico Madrid,SD Huesca,1.1563,0.500396,3,0
2018-09-25,Espanyol,Eibar,0.897083,0.200168,1,0
2018-09-25,Real Sociedad,Rayo Vallecano,1.23911,1.77977,2,2
2018-09-26,Athletic Club,Villarreal,0.754289,2.45205,0,3
2018-09-26,Leganes,Barcelona,1.17874,0.40097,2,1
2018-09-26,Sevilla,Real Madrid,2.29262,1.55351,3,0
2018-09-26,Valencia,Celta Vigo,1.03637,0.404953,1,1
2018-09-27,Alaves,Getafe,1.65223,1.20669,1,1
2018-09-27,Girona,Real Betis,0.830935,1.56038,0,1
2018-09-27,Real Valladolid,Levante,1.25362,1.09992,2,1
2018-09-28,Rayo Vallecano,Espanyol,1.22522,1.7919,2,2
2018-09-29,Barcelona,Athletic Club,3.06389,0.889081,1,1
2018-09-29,Eibar,Sevilla,0.563865,1.98532,1,3
2018-09-29,Real Madrid,Atletico Madrid,1.13552,0.661567,0,0
2018-09-29,Real Sociedad,Valencia,1.12097,0.924746,0,1
2018-09-30,Levante,Alaves,1.37126,0.703753,2,1
2018-09-30,Real Betis,Leganes,2.09064,0.410456,1,0
2018-09-30,SD Huesca,Girona,1.6139,1.80702,1,1
2018-09-30,Villarreal,Real Valladolid,2.90806,0.848198,0,1
2018-10-01,Celta Vigo,Getafe,0.481181,1.02662,1,1
2018-10-05,Athletic Club,Real Sociedad,1.18842,2.11494,1,3
2018-10-06,Alaves,Real Madrid,1.16947,0.872949,1,0
2018-10-06,Getafe,Levante,1.04946,0.902661,0,1
2018-10-06,Girona,Eibar,1.31255,2.11152,2,3
2018-10-06,Leganes,Rayo Vallecano,1.18789,0.408158,1,0
2018-10-07,Atletico Madrid,Real Betis,0.573515,0.281257,1,0
2018-10-07,Espanyol,Villarreal,2.74615,1.59419,3,1
2018-10-07,Real Valladolid,SD Huesca,0.927264,0.800191,1,0
2018-10-07,Sevilla,Celta Vigo,2.237,0.895831,2,1
2018-10-07,Valencia,Barcelona,1.53635,0.373489,1,1
2018-10-19,Celta Vigo,Alaves,0.733589,0.988217,0,1
2018-10-20,Barcelona,Sevilla,3.21948,1.89801,4,2
2018-10-20,Real Madrid,Levante,3.02601,1.83965,1,2
2018-10-20,Valencia,Leganes,1.18124,0.973224,1,1
2018-10-20,Villarreal,Atletico Madrid,1.86233,1.62367,1,1
2018-10-21,Eibar,Athletic Club,1.68646,0.992745,1,1
2018-10-21,Rayo Vallecano,Getafe,0.320919,0.498066,1,2
2018-10-21,Real Betis,Real Valladolid,0.820674,0.501587,0,1
2018-10-21,SD Huesca,Espanyol,0.264947,1.84992,0,2
2018-10-22,Real Sociedad,Girona,0.57678,0.53783,0,0
2018-10-24,Rayo Vallecano,Athletic Club,1.35392,1.23764,1,1
2018-10-26,Real Valladolid,Espanyol,1.2412,0.508367,1,1
2018-10-27,Athletic Club,Valencia,0.632913,0.723783,0,0
2018-10-27,Atletico Madrid,Real Sociedad,1.41243,0.211158,2,0
2018-10-27,Celta Vigo,Eibar,1.28908,1.37498,4,0
2018-10-27,Girona,Rayo Vallecano,2.73207,1.74235,2,1
2018-10-27,Levante,Leganes,1.15766,1.46459,2,0
2018-10-28,Alaves,Villarreal,1.97594,1.0916,2,1
2018-10-28,Barcelona,Real Madrid,3.15939,2.11339,5,1
2018-10-28,Getafe,Real Betis,2.5306,0.554027,2,0
2018-10-28,Sevilla,SD Huesca,1.88431,1.01306,2,1
2018-11-03,Leganes,Atletico Madrid,1.35197,0.406811,1,1
2018-11-03,Rayo Vallecano,Barcelona,1.62632,1.95386,2,3
2018-11-03,Real Madrid,Real Valladolid,1.93382,1.1095,2,0
2018-11-03,Valencia,Girona,2.25862,0.37733,0,1
2018-11-04,Eibar,Alaves,1.161,0.596162,2,1
2018-11-04,Real Betis,Celta Vigo,1.86082,2.25389,3,3
2018-11-04,Real Sociedad,Sevilla,0.74078,0.413773,0,0
2018-11-04,SD Huesca,Getafe,1.31412,0.470822,1,1
2018-11-04,Villarreal,Levante,1.10744,0.761911,1,1
2018-11-05,Espanyol,Athletic Club,1.46389,0.782205,1,0
2018-11-09,Levante,Real Sociedad,1.06813,1.43351,1,3
2018-11-10,Atletico Madrid,Athletic Club,1.10416,2.04637,3,2
2018-11-10,Getafe,Valencia,1.61368,2.19428,0,1
2018-11-10,Girona,Leganes,0.49139,1.39653,0,0
2018-11-10,Real Valladolid,Eibar,0.407826,1.21893,0,0
2018-11-11,Alaves,SD Huesca,1.44304,0.980901,2,1
2018-11-11,Barcelona,Real Betis,4.11761,2.64063,3,4
2018-11-11,Celta Vigo,Real Madrid,0.698688,2.7089,2,4
2018-11-11,Rayo Vallecano,Villarreal,2.35537,0.861644,2,2
2018-11-11,Sevilla,Espanyol,3.95375,0.686451,2,1
2018-11-23,Leganes,Alaves,0.92467,0.394518,1,0
2018-11-24,Atletico Madrid,Barcelona,0.432553,0.564664,1,1
2018-11-24,Eibar,Real Madrid,3.98937,1.10765,3,0
2018-11-24,SD Huesca,Levante,2.96039,0.564721,2,2
2018-11-24,Valencia,Rayo Vallecano,2.14664,0.813582,3,0
2018-11-25,Athletic Club,Getafe,0.75771,1.8113,1,1
2018-11-25,Espanyol,Girona,2.63865,2.56699,1,3
2018-11-25,Sevilla,Real Valladolid,1.40358,0.53321,1,0
2018-11-25,Villarreal,Real Betis,1.20925,0.991351,2,1
2018-11-26,Real Sociedad,Celta Vigo,2.07409,0.545872,2,1
2018-11-30,Rayo Vallecano,Eibar,0.815372,0.951549,1,0
2018-12-01,Celta Vigo,SD Huesca,2.39172,1.24346,2,0
2018-12-01,Getafe,Espanyol,1.33323,0.97845,3,0
2018-12-01,Real Madrid,Valencia,0.966947,0.974267,2,0
2018-12-01,Real Valladolid,Leganes,1.85147,1.6677,2,4
2018-12-02,Alaves,Sevilla,1.0211,1.64539,1,1
2018-12-02,Barcelona,Villarreal,0.99822,0.941415,2,0
2018-12-02,Girona,Atletico Madrid,1.20781,1.60399,1,1
2018-12-02,Real Betis,Real Sociedad,1.31385,1.39194,1,0
2018-12-03,Levante,Athletic Club,2.15414,0.950526,3,0
2018-12-07,Leganes,Getafe,1.49188,1.10842,1,1
2018-12-08,Atletico Madrid,Alaves,2.64303,1.36734,3,0
2018-12-08,Espanyol,Barcelona,0.812936,3.16793,0,4
2018-12-08,Valencia,Sevilla,1.44342,1.64731,1,1
2018-12-08,Villarreal,Celta Vigo,1.74178,2.48201,2,3
2018-12-09,Eibar,Levante,4.25053,2.17449,4,4
2018-12-09,Real Betis,Rayo Vallecano,2.2468,0.671932,2,0
2018-12-09,Real Sociedad,Real Valladolid,1.7451,1.31256,1,2
2018-12-09,SD Huesca,Real Madrid,1.04156,0.460413,0,1
2018-12-10,Athletic Club,Girona,1.79501,0.145529,1,0
2018-12-14,Celta Vigo,Leganes,1.24233,0.978595,0,0
2018-12-15,Eibar,Valencia,1.60912,2.10397,1,1
2018-12-15,Getafe,Real Sociedad,0.358274,0.608285,1,0
2018-12-15,Real Madrid,Rayo Vallecano,1.25069,0.588603,1,0
2018-12-15,Real Valladolid,Atletico Madrid,0.691151,1.94316,2,3
2018-12-16,Espanyol,Real Betis,0.52284,1.8151,1,3
2018-12-16,Levante,Barcelona,0.830663,3.96017,0,5
2018-12-16,SD Huesca,Villarreal,3.99291,1.64884,2,2
2018-12-16,Sevilla,Girona,2.28195,0.811788,2,0
2018-12-17,Alaves,Athletic Club,0.479834,0.334381,0,0
2018-12-21,Girona,Getafe,1.20739,0.581831,1,1
2018-12-21,Real Sociedad,Alaves,1.06219,0.877996,0,1
2018-12-22,Athletic Club,Real Valladolid,1.14498,0.59208,1,1
2018-12-22,Atletico Madrid,Espanyol,1.03123,0.71456,1,0
2018-12-22,Barcelona,Celta Vigo,1.56177,0.517005,2,0
2018-12-22,Real Betis,Eibar,1.40023,2.06958,1,1
2018-12-23,Leganes,Sevilla,1.13295,0.697523,1,1
2018-12-23,Rayo Vallecano,Levante,2.51639,0.88589,2,1
2018-12-23,Valencia,SD Huesca,3.83492,2.27108,2,1
2019-01-03,Villarreal,Real Madrid,1.01914,1.39918,2,2
2019-01-04,Espanyol,Leganes,1.68261,0.358462,1,0
2019-01-04,Levante,Girona,1.86969,1.03454,2,2
2019-01-05,Alaves,Valencia,2.58897,1.06272,2,1
2019-01-05,Real Valladolid,Rayo Vallecano,1.7931,1.02768,0,1
2019-01-05,SD Huesca,Real Betis,1.33807,1.03632,2,1
2019-01-06,Eibar,Villarreal,2.02017,1.05089,0,0
2019-01-06,Getafe,Barcelona,1.08947,2.16266,1,2
2019-01-06,Real Madrid,Real Sociedad,2.2027,2.29324,0,2
2019-01-06,Sevilla,Atletico Madrid,1.57396,0.758265,1,1
2019-01-07,Celta Vigo,Athletic Club,2.1296,2.13661,1,2
2019-01-11,Rayo Vallecano,Celta Vigo,2.07355,1.39354,4,2
2019-01-12,Girona,Alaves,0.538744,1.04715,1,1
2019-01-12,Leganes,SD Huesca,1.94908,0.440876,1,0
2019-01-12,Valencia,Real Valladolid,3.62567,0.167732,1,1
2019-01-12,Villarreal,Getafe,2.91695,0.845554,1,2
2019-01-13,Athletic Club,Sevilla,1.20272,0.735092,2,0
2019-01-13,Atletico Madrid,Levante,2.42604,0.897143,1,0
2019-01-13,Barcelona,Eibar,1.51059,0.708521,3,0
2019-01-13,Real Betis,Real Madrid,0.688888,0.757727,1,2
2019-01-14,Real Sociedad,Espanyol,2.68319,2.4151,3,2
2019-01-18,Getafe,Alaves,2.08041,0.272956,4,0
2019-01-19,Celta Vigo,Valencia,0.805422,1.33595,1,2
2019-01-19,Real Madrid,Sevilla,1.59927,0.396637,2,0
2019-01-19,SD Huesca,Atletico Madrid,1.23016,2.74037,0,3
2019-01-20,Barcelona,Leganes,2.03933,0.815471,3,1
2019-01-20,Levante,Real Valladolid,1.42912,1.49778,2,0
2019-01-20,Rayo Vallecano,Real Sociedad,0.768424,1.82818,2,2
2019-01-20,Real Betis,Girona,1.41803,0.918079,3,2
2019-01-20,Villarreal,Athletic Club,1.06242,0.463927,1,1
2019-01-21,Eibar,Espanyol,2.18267,0.65215,3,0
2019-01-26,Atletico Madrid,Getafe,1.87881,0.277316,2,0
2019-01-26,Leganes,Eibar,0.422612,0.491102,2,2
2019-01-26,Sevilla,Levante,5.03124,0.299152,5,0
2019-01-26,Valencia,Villarreal,1.63321,0.928755,3,0
2019-01-27,Athletic Club,Real Betis,1.09062,0.322397,1,0
2019-01-27,Espanyol,Real Madrid,1.20349,2.37579,2,4
2019-01-27,Girona,Barcelona,1.51969,2.62139,0,2
2019-01-27,Real Sociedad,SD Huesca,0.307366,0.549205,0,0
2019-01-27,Real Valladolid,Celta Vigo,1.95805,0.902965,2,1
2019-01-28,Alaves,Rayo Vallecano,0.861666,1.19524,0,1
2019-02-01,SD Huesca,Real Valladolid,1.97934,0.546436,4,0
2019-02-02,Barcelona,Valencia,1.80518,3.53962,2,2
2019-02-02,Celta Vigo,Sevilla,0.935214,0.682747,1,0
2019-02-02,Levante,Getafe,0.579123,0.37179,0,0
2019-02-02,Real Sociedad,Athletic Club,1.63134,1.22419,2,1
2019-02-03,Eibar,Girona,1.8546,0.235641,3,0
2019-02-03,Real Betis,Atletico Madrid,1.01873,0.553708,1,0
2019-02-03,Real Madrid,Alaves,2.9864,0.665729,3,0
2019-02-03,Villarreal,Espanyol,2.80288,1.34672,2,2
2019-02-04,Rayo Vallecano,Leganes,1.86904,0.86924,1,2
2019-02-08,Real Valladolid,Villarreal,0.504205,1.32176,0,0
2019-02-09,Atletico Madrid,Real Madrid,1.02136,1.4515,1,3
2019-02-09,Espanyol,Rayo Vallecano,1.70334,0.627993,2,1
2019-02-09,Getafe,Celta Vigo,2.65279,1.10966,3,1
2019-02-09,Girona,SD Huesca,1.37725,0.683864,0,2
2019-02-10,Athletic Club,Barcelona,1.67679,0.697307,0,0
2019-02-10,Leganes,Real Betis,2.08097,0.125797,3,0
2019-02-10,Sevilla,Eibar,1.54912,1.43993,2,2
2019-02-10,Valencia,Real Sociedad,1.62448,0.502054,0,0
2019-02-11,Alaves,Levante,2.07543,0.269208,2,0
2019-02-15,Eibar,Getafe,1.64574,0.845732,2,2
2019-02-16,Barcelona,Real Valladolid,3.7496,0.306817,1,0
2019-02-16,Celta Vigo,Levante,1.61531,2.9399,1,4
2019-02-16,Rayo Vallecano,Atletico Madrid,1.07992,0.146851,0,1
2019-02-16,Real Sociedad,Leganes,1.87893,1.05178,3,0
2019-02-17,Real Betis,Alaves,3.54904,1.15597,1,1
2019-02-17,Real Madrid,Girona,1.74859,3.23428,1,2
2019-02-17,Valencia,Espanyol,1.44111,0.236317,0,0
2019-02-17,Villarreal,Sevilla,1.85386,2.49386,3,0
2019-02-18,SD Huesca,Athletic Club,1.16274,1.36952,0,1
2019-02-22,Espanyol,SD Huesca,1.02096,0.983427,1,1
2019-02-23,Alaves,Celta Vigo,1.50901,0.489844,0,0
2019-02-23,Athletic Club,Eibar,1.33391,0.597956,1,0
2019-02-23,Getafe,Rayo Vallecano,1.17743,0.7164,2,1
2019-02-23,Sevilla,Barcelona,1.64536,1.7385,2,4
2019-02-24,Atletico Madrid,Villarreal,1.70719,1.4124,2,0
2019-02-24,Leganes,Valencia,1.51123,0.676896,1,1
2019-02-24,Levante,Real Madrid,1.43781,2.7512,1,2
2019-02-24,Real Valladolid,Real Betis,0.586609,0.826265,0,2
2019-02-25,Girona,Real Sociedad,1.09767,0.422429,0,0
2019-03-01,Rayo Vallecano,Girona,0.661372,1.72379,0,2
2019-03-02,Espanyol,Real Valladolid,2.93379,1.44858,3,1
2019-03-02,Real Madrid,Barcelona,0.7937,1.25228,0,1
2019-03-02,SD Huesca,Sevilla,0.940056,2.52975,2,1
2019-03-02,Villarreal,Alaves,1.20694,1.3136,1,2
2019-03-03,Eibar,Celta Vigo,2.66738,0.563007,1,0
2019-03-03,Real Betis,Getafe,0.572494,1.81382,1,2
2019-03-03,Real Sociedad,Atletico Madrid,0.727428,2.1178,0,2
2019-03-03,Valencia,Athletic Club,1.4862,0.442334,2,0
2019-03-04,Leganes,Levante,2.26472,1.74561,1,0
2019-03-08,Athletic Club,Espanyol,0.590825,0.882653,1,1
2019-03-09,Alaves,Eibar,2.39014,2.53855,1,1
2019-03-09,Atletico Madrid,Leganes,1.36052,0.102711,1,0
2019-03-09,Barcelona,Rayo Vallecano,3.27738,0.283535,3,1
2019-03-09,Getafe,SD Huesca,1.32144,0.930257,2,1
2019-03-10,Celta Vigo,Real Betis,0.336565,1.4229,0,1
2019-03-10,Girona,Valencia,2.26151,1.12034,2,3
2019-03-10,Levante,Villarreal,1.12697,0.982637,0,2
2019-03-10,Real Valladolid,Real Madrid,2.02975,2.61033,1,4
2019-03-10,Sevilla,Real Sociedad,2.88735,1.23303,5,2
2019-03-15,Real Sociedad,Levante,2.68033,1.05307,1,1
2019-03-16,Athletic Club,Atletico Madrid,1.32158,1.02312,2,0
2019-03-16,Leganes,Girona,0.454611,1.78393,0,2
2019-03-16,Real Madrid,Celta Vigo,3.02092,0.32231,2,0
2019-03-16,SD Huesca,Alaves,1.89009,2.16298,1,3
2019-03-17,Eibar,Real Valladolid,1.64354,2.20799,1,2
2019-03-17,Espanyol,Sevilla,0.665136,1.34192,0,1
2019-03-17,Real Betis,Barcelona,1.15774,3.79708,1,4
2019-03-17,Valencia,Getafe,0.506711,0.369827,0,0
2019-03-17,Villarreal,Rayo Vallecano,2.6756,0.181501,3,1
2019-03-29,Girona,Athletic Club,0.243937,1.06184,1,2
2019-03-30,Alaves,Atletico Madrid,0.859209,1.91501,0,4
2019-03-30,Barcelona,Espanyol,1.36012,0.278344,2,0
2019-03-30,Celta Vigo,Villarreal,1.89174,2.58092,3,2
2019-03-30,Getafe,Leganes,0.793024,1.28305,0,2
2019-03-31,Levante,Eibar,1.15414,3.00118,2,2
2019-03-31,Rayo Vallecano,Real Betis,2.30907,0.494786,1,1
2019-03-31,Real Madrid,SD Huesca,4.62852,1.37203,3,2
2019-03-31,Real Valladolid,Real Sociedad,1.99145,0.736713,1,1
2019-03-31,Sevilla,Valencia,0.745225,0.923071,0,1
2019-04-02,Atletico Madrid,Girona,2.67949,0.687163,2,0
2019-04-02,Espanyol,Getafe,1.4931,1.61764,1,1
2019-04-02,Villarreal,Barcelona,2.19549,3.08215,4,4
2019-04-03,Athletic Club,Levante,1.86572,1.62609,3,2
2019-04-03,Eibar,Rayo Vallecano,1.54524,0.960572,2,1
2019-04-03,SD Huesca,Celta Vigo,3.48876,1.96582,3,3
2019-04-03,Valencia,Real Madrid,1.76708,0.852925,2,1
2019-04-04,Leganes,Real Valladolid,1.85079,0.902127,1,0
2019-04-04,Real Sociedad,Real Betis,2.57254,1.42634,2,1
2019-04-04,Sevilla,Alaves,2.02786,0.590085,2,0
2019-04-06,Barcelona,Atletico Madrid,2.57608,1.02054,2,0
2019-04-06,Girona,Espanyol,1.3644,0.408067,1,2
2019-04-06,Rayo Vallecano,Valencia,1.73543,2.28937,2,0
2019-04-06,Real Madrid,Eibar,1.70378,0.679412,2,1
2019-04-07,Alaves,Leganes,0.908638,0.829461,1,1
2019-04-07,Celta Vigo,Real Sociedad,3.30598,1.24845,3,1
2019-04-07,Getafe,Athletic Club,1.29044,0.747402,1,0
2019-04-07,Levante,SD Huesca,2.60648,1.76678,2,2
2019-04-07,Real Betis,Villarreal,1.80228,1.88778,2,1
2019-04-07,Real Valladolid,Sevilla,1.33089,2.24314,0,2
2019-04-13,Atletico Madrid,Celta Vigo,1.75463,0.617854,2,0
2019-04-13,Espanyol,Alaves,0.624479,1.09624,2,1
2019-04-13,SD Huesca,Barcelona,0.21138,0.962057,0,0
2019-04-13,Sevilla,Real Betis,2.32083,1.09294,3,2
2019-04-14,Athletic Club,Rayo Vallecano,2.60334,0.73101,3,2
2019-04-14,Girona,Villarreal,0.964694,1.39136,0,1
2019-04-14,Real Sociedad,Eibar,0.293383,0.99834,1,1
2019-04-14,Real Valladolid,Getafe,1.39618,1.36776,2,2
2019-04-14,Valencia,Levante,2.86682,0.279883,3,1
2019-04-15,Leganes,Real Madrid,0.651235,1.20942,1,1
2019-04-19,Alaves,Real Valladolid,0.698942,1.87763,2,2
2019-04-20,Barcelona,Real Sociedad,1.2673,0.883156,2,1
2019-04-20,Celta Vigo,Girona,1.78831,0.331788,2,1
2019-04-20,Eibar,Atletico Madrid,0.860003,1.55196,0,1
2019-04-20,Rayo Vallecano,SD Huesca,1.31996,1.04463,0,0
2019-04-21,Getafe,Sevilla,2.72704,0.625236,3,0
2019-04-21,Levante,Espanyol,2.0614,2.21288,2,2
2019-04-21,Real Betis,Valencia,2.02559,0.268434,1,2
2019-04-21,Real Madrid,Athletic Club,1.94223,0.536637,3,0
2019-04-21,Villarreal,Leganes,0.928267,1.0992,2,1
2019-04-23,Alaves,Barcelona,0.220726,2.51344,0,2
2019-04-23,Real Valladolid,Girona,0.939017,0.313348,1,0
2019-04-23,SD Huesca,Eibar,1.19385,0.651098,2,0
2019-04-24,Atletico Madrid,Valencia,1.7288,2.05808,3,2
2019-04-24,Espanyol,Celta Vigo,1.88188,2.80839,1,1
2019-04-24,Leganes,Athletic Club,0.517853,0.160435,0,1
2019-04-24,Levante,Real Betis,1.56717,0.298749,4,0
2019-04-25,Getafe,Real Madrid,0.56694,1.53593,0,0
2019-04-25,Real Sociedad,Villarreal,0.843995,1.06313,0,1
2019-04-25,Sevilla,Rayo Vallecano,3.63403,0.75592,5,0
2019-04-27,Athletic Club,Alaves,1.35453,1.22488,1,1
2019-04-27,Atletico Madrid,Real Valladolid,0.510006,0.584597,1,0
2019-04-27,Barcelona,Levante,2.39304,0.835832,1,0
2019-04-27,Leganes,Celta Vigo,0.387737,0.284391,0,0
2019-04-28,Girona,Sevilla,1.02214,1.06533,1,0
2019-04-28,Rayo Vallecano,Real Madrid,1.54574,0.460117,1,0
2019-04-28,Real Sociedad,Getafe,2.18907,0.470273,2,1
2019-04-28,Valencia,Eibar,0.494989,1.48526,0,1
2019-04-28,Villarreal,SD Huesca,1.15808,1.33098,1,1
2019-04-29,Real Betis,Espanyol,2.16463,2.04379,1,1
2019-05-03,Sevilla,Leganes,0.298434,1.28827,0,3
2019-05-04,Alaves,Real Sociedad,0.684194,0.746692,0,1
2019-05-04,Celta Vigo,Barcelona,1.96282,0.338957,2,0
2019-05-04,Espanyol,Atletico Madrid,1.72125,0.853337,3,0
2019-05-04,Levante,Rayo Vallecano,3.23086,1.81692,4,1
2019-05-05,Eibar,Real Betis,0.665523,2.38466,1,0
2019-05-05,Getafe,Girona,2.462,0.600426,2,0
2019-05-05,Real Madrid,Villarreal,3.13671,0.641476,3,2
2019-05-05,Real Valladolid,Athletic Club,1.16372,1.34312,1,0
2019-05-05,SD Huesca,Valencia,2.41782,2.60868,2,6
2019-05-12,Athletic Club,Celta Vigo,2.05371,0.921241,3,1
2019-05-12,Atletico Madrid,Sevilla,1.4302,0.65825,1,1
2019-05-12,Barcelona,Getafe,2.52958,1.2421,2,0
2019-05-12,Girona,Levante,1.42265,0.563093,1,2
2019-05-12,Leganes,Espanyol,0.558882,2.83936,0,2
2019-05-12,Rayo Vallecano,Real Valladolid,1.86651,1.48157,1,2
2019-05-12,Real Betis,SD Huesca,2.00914,1.51781,2,1
2019-05-12,Real Sociedad,Real Madrid,2.53737,0.901711,3,1
2019-05-12,Valencia,Alaves,1.67697,0.716334,3,1
2019-05-12,Villarreal,Eibar,1.36071,0.244236,1,0
2019-05-18,Alaves,Girona,1.07769,1.04889,2,1
2019-05-18,Celta Vigo,Rayo Vallecano,1.85768,1.32703,2,2
2019-05-18,Espanyol,Real Sociedad,1.06125,0.318551,2,0
2019-05-18,Getafe,Villarreal,2.34277,0.725479,2,2
2019-05-18,Levante,Atletico Madrid,2.74916,1.77093,2,2
2019-05-18,Real Valladolid,Valencia,0.755975,1.58197,0,2
2019-05-18,SD Huesca,Leganes,1.30468,0.916693,2,1
2019-05-18,Sevilla,Athletic Club,1.74602,0.647189,2,0
2019-05-19,Eibar,Barcelona,1.70196,1.11234,2,2
2019-05-19,Real Madrid,Real Betis,0.843734,1.71988,0,2
2019-08-16,Athletic Club,Barcelona,0.457129,1.03621,1,0
2019-08-17,Celta Vigo,Real Madrid,1.51166,1.99723,1,3
2019-08-17,Leganes,Osasuna,1.26802,0.188265,0,1
2019-08-17,Mallorca,Eibar,1.68856,0.794158,2,1
2019-08-17,Valencia,Real Sociedad,2.31396,1.79528,1,1
2019-08-17,Villarreal,Granada,1.93202,1.96668,4,4
2019-08-18,Alaves,Levante,0.68416,0.859231,1,0
2019-08-18,Atletico Madrid,Getafe,2.44678,0.333556,1,0
2019-08-18,Espanyol,Sevilla,0.145879,2.40044,0,2
2019-08-18,Real Betis,Real Valladolid,1.24003,0.736026,1,2
2019-08-23,Granada,Sevilla,0.428332,1.39211,0,1
2019-08-23,Levante,Villarreal,2.07744,2.82602,2,1
2019-08-24,Celta Vigo,Valencia,2.37702,0.675601,1,0
2019-08-24,Getafe,Athletic Club,0.265811,0.454246,1,1
2019-08-24,Osasuna,Eibar,0.856433,0.65217,0,0
2019-08-24,Real Madrid,Real Valladolid,1.72798,1.22209,1,1
2019-08-25,Alaves,Espanyol,0.675919,0.159461,0,0
2019-08-25,Barcelona,Real Betis,2.85088,0.145785,5,2
2019-08-25,Leganes,Atletico Madrid,0.379878,1.39426,0,1
2019-08-25,Mallorca,Real Sociedad,0.871995,1.59382,0,1
2019-08-30,Athletic Club,Real Sociedad,1.16451,0.217717,2,0
2019-08-30,Sevilla,Celta Vigo,1.50787,0.454026,1,1
2019-08-31,Getafe,Alaves,0.972134,1.01227,1,1
2019-08-31,Levante,Real Valladolid,2.77857,1.02789,2,0
2019-08-31,Osasuna,Barcelona,1.7305,0.360967,2,2
2019-08-31,Real Betis,Leganes,2.52444,1.44559,2,1
2019-09-01,Atletico Madrid,Eibar,1.8114,0.847966,3,2
2019-09-01,Espanyol,Granada,1.34324,1.58505,0,3
2019-09-01,Valencia,Mallorca,2.09044,1.16388,2,0
2019-09-01,Villarreal,Real Madrid,2.13825,1.76659,2,2
2019-09-13,Mallorca,Athletic Club,2.1905,1.39203,0,0
2019-09-14,Barcelona,Valencia,2.61069,1.27064,5,2
2019-09-14,Leganes,Villarreal,0.399916,1.83013,0,3
2019-09-14,Real Madrid,Levante,3.3111,1.81125,3,2
2019-09-14,Real Sociedad,Atletico Madrid,2.08851,1.06745,2,0
2019-09-15,Alaves,Sevilla,0.773661,1.091,0,1
2019-09-15,Celta Vigo,Granada,0.233721,1.1436,0,2
2019-09-15,Eibar,Espanyol,0.567742,1.64516,1,2
2019-09-15,Real Betis,Getafe,1.00209,1.49492,1,1
2019-09-15,Real Valladolid,Osasuna,0.790606,2.68375,1,1
2019-09-20,Osasuna,Real Betis,2.20072,0.334273,0,0
2019-09-21,Atletico Madrid,Celta Vigo,1.71994,0.582564,0,0
2019-09-21,Granada,Barcelona,1.87283,0.557709,2,0
2019-09-21,Levante,Eibar,1.613,1.12755,0,0
2019-09-21,Villarreal,Real Valladolid,2.03561,0.434119,2,0
2019-09-22,Athletic Club,Alaves,1.9352,0.522331,2,0
2019-09-22,Espanyol,Real Sociedad,0.701868,1.49572,1,3
2019-09-22,Getafe,Mallorca,2.70951,0.726341,4,2
2019-09-22,Sevilla,Real Madrid,0.394624,1.23916,0,1
2019-09-22,Valencia,Leganes,1.66574,1.52139,1,1
2019-09-24,Barcelona,Villarreal,0.643865,0.54607,2,1
2019-09-24,Real Betis,Levante,2.73836,1.93984,3,1
2019-09-24,Real Valladolid,Granada,1.26726,0.650478,1,1
2019-09-25,Leganes,Athletic Club,0.496204,1.29281,1,1
2019-09-25,Mallorca,Atletico Madrid,0.673477,1.21545,0,2
2019-09-25,Real Madrid,Osasuna,1.98715,0.11469,2,0
2019-09-25,Valencia,Getafe,1.67819,2.65542,3,3
2019-09-26,Celta Vigo,Espanyol,1.1247,1.50653,1,1
2019-09-26,Eibar,Sevilla,1.69937,1.3532,3,2
2019-09-26,Real Sociedad,Alaves,3.80899,0.195935,3,0
2019-09-27,Villarreal,Real Betis,2.95644,0.667105,5,1
2019-09-28,Athletic Club,Valencia,1.04848,2.10545,0,1
2019-09-28,Atletico Madrid,Real Madrid,0.819412,0.379757,0,0
2019-09-28,Getafe,Barcelona,1.0808,1.3084,0,2
2019-09-28,Granada,Leganes,0.718298,0.989332,1,0
2019-09-29,Alaves,Mallorca,1.84115,0.16946,2,0
2019-09-29,Eibar,Celta Vigo,1.02791,0.826593,2,0
2019-09-29,Espanyol,Real Valladolid,0.947178,2.13178,0,2
2019-09-29,Levante,Osasuna,1.55287,0.758419,1,1
2019-09-29,Sevilla,Real Sociedad,1.60195,0.774246,3,2
2019-10-04,Real Betis,Eibar,1.74382,1.18435,1,1
2019-10-05,Leganes,Levante,3.28469,1.08538,1,2
2019-10-05,Osasuna,Villarreal,1.13814,2.52105,2,1
2019-10-05,Real Madrid,Granada,2.7833,1.6065,4,2
2019-10-05,Valencia,Alaves,1.7079,1.4742,2,1
2019-10-06,Barcelona,Sevilla,2.40324,3.03653,4,0
2019-10-06,Celta Vigo,Athletic Club,1.91529,0.127135,1,0
2019-10-06,Mallorca,Espanyol,1.02963,0.731578,2,0
2019-10-06,Real Sociedad,Getafe,0.770489,0.86893,1,2
2019-10-06,Real Valladolid,Atletico Madrid,0.969549,0.768197,0,0
2019-10-18,Granada,Osasuna,0.360979,0.658856,1,0
2019-10-19,Atletico Madrid,Valencia,1.54344,0.757907,1,1
2019-10-19,Eibar,Barcelona,0.212797,1.72534,0,3
2019-10-19,Getafe,Leganes,1.0435,0.372249,2,0
2019-10-19,Mallorca,Real Madrid,0.245649,0.808026,1,0
2019-10-20,Alaves,Celta Vigo,2.08309,1.1334,2,0
2019-10-20,Athletic Club,Real Valladolid,1.50554,0.672979,1,1
2019-10-20,Espanyol,Villarreal,0.746222,1.64809,0,1
2019-10-20,Real Sociedad,Real Betis,1.32948,0.63684,3,1
2019-10-20,Sevilla,Levante,2.58436,0.459674,1,0
2019-10-25,Villarreal,Alaves,2.56098,0.591294,4,1
2019-10-26,Atletico Madrid,Athletic Club,1.94897,0.328031,2,0
2019-10-26,Leganes,Mallorca,1.7617,0.858516,1,0
2019-10-26,Real Valladolid,Eibar,1.95496,0.395075,2,0
2019-10-27,Celta Vigo,Real Sociedad,0.846315,0.967791,0,1
2019-10-27,Granada,Real Betis,1.61831,0.683829,1,0
2019-10-27,Levante,Espanyol,0.331551,0.928166,0,1
2019-10-27,Osasuna,Valencia,3.08572,0.836057,3,1
2019-10-27,Sevilla,Getafe,2.14059,0.62652,2,0
2019-10-29,Alaves,Atletico Madrid,0.442747,1.72516,1,1
2019-10-29,Barcelona,Real Valladolid,3.77856,1.2024,5,1
2019-10-30,Athletic Club,Espanyol,0.410171,0.561641,3,0
2019-10-30,Real Betis,Celta Vigo,1.11761,1.59702,2,1
2019-10-30,Real Madrid,Leganes,5.60648,0.240435,5,0
2019-10-30,Real Sociedad,Levante,1.71528,2.03092,1,2
2019-10-30,Valencia,Sevilla,1.0283,0.46703,1,1
2019-10-31,Eibar,Villarreal,2.782,1.40491,2,1
2019-10-31,Getafe,Granada,1.1273,1.91693,3,1
2019-10-31,Mallorca,Osasuna,2.15631,0.869837,2,2
2019-11-02,Espanyol,Valencia,1.27932,1.9466,1,2
2019-11-02,Levante,Barcelona,0.927053,2.13479,3,1
2019-11-02,Real Madrid,Real Betis,2.81646,0.437853,0,0
2019-11-02,Sevilla,Atletico Madrid,0.888419,2.45211,1,1
2019-11-03,Celta Vigo,Getafe,0.133684,0.389551,0,1
2019-11-03,Granada,Real Sociedad,0.163677,1.02564,1,2
2019-11-03,Leganes,Eibar,1.56154,1.0478,1,2
2019-11-03,Osasuna,Alaves,3.87668,1.45796,4,2
2019-11-03,Real Valladolid,Mallorca,1.96371,0.590538,3,0
2019-11-03,Villarreal,Athletic Club,1.01674,1.31553,0,0
2019-11-08,Real Sociedad,Leganes,1.19357,0.326909,1,1
2019-11-09,Alaves,Real Valladolid,2.8505,0.280826,3,0
2019-11-09,Barcelona,Celta Vigo,1.49638,0.317045,4,1
2019-11-09,Eibar,Real Madrid,0.88387,2.84489,0,4
2019-11-09,Valencia,Granada,1.04627,0.417522,2,0
2019-11-10,Athletic Club,Levante,1.79133,0.873861,2,1
2019-11-10,Atletico Madrid,Espanyol,3.05161,0.379993,3,1
2019-11-10,Getafe,Osasuna,1.06639,0.065756,0,0
2019-11-10,Mallorca,Villarreal,1.56727,3.04498,3,1
2019-11-10,Real Betis,Sevilla,1.56474,0.993088,1,2
2019-11-22,Levante,Mallorca,1.83517,1.41139,2,1
2019-11-23,Granada,Atletico Madrid,0.669993,2.0596,1,1
2019-11-23,Leganes,Barcelona,0.484105,1.68235,1,2
2019-11-23,Real Betis,Valencia,1.62946,0.910796,2,1
2019-11-23,Real Madrid,Real Sociedad,1.69928,1.41126,3,1
2019-11-24,Eibar,Alaves,1.61983,1.47648,0,2
2019-11-24,Espanyol,Getafe,1.12432,0.773228,1,1
2019-11-24,Osasuna,Athletic Club,1.27092,1.21625,1,2
2019-11-24,Real Valladolid,Sevilla,0.363545,1.11673,0,1
2019-11-24,Villarreal,Celta Vigo,1.20262,1.75554,1,3
2019-11-29,Celta Vigo,Real Valladolid,1.43181,0.263566,0,0
2019-11-30,Alaves,Real Madrid,1.10771,2.08673,1,2
2019-11-30,Mallorca,Real Betis,2.37108,2.27656,1,2
2019-11-30,Real Sociedad,Eibar,1.39065,0.605108,4,1
2019-11-30,Valencia,Villarreal,1.58912,1.94325,2,1
2019-12-01,Athletic Club,Granada,1.82466,0.233324,2,0
2019-12-01,Atletico Madrid,Barcelona,1.16353,1.18842,0,1
2019-12-01,Espanyol,Osasuna,1.55803,3.03712,2,4
2019-12-01,Getafe,Levante,2.05726,0.476355,4,0
2019-12-01,Sevilla,Leganes,2.44081,1.05322,1,0
2019-12-06,Villarreal,Atletico Madrid,1.41318,1.71887,0,0
2019-12-07,Barcelona,Mallorca,4.28236,1.0224,5,2
2019-12-07,Granada,Alaves,2.63161,0.37368,3,0
2019-12-07,Levante,Valencia,2.12541,2.95856,2,4
2019-12-07,Real Madrid,Espanyol,2.55366,0.286726,2,0
2019-12-08,Eibar,Getafe,0.267821,0.913932,0,1
2019-12-08,Leganes,Celta Vigo,0.971054,0.47817,3,2
2019-12-08,Osasuna,Sevilla,0.661362,1.46737,1,1
2019-12-08,Real Betis,Athletic Club,1.98458,0.985449,3,2
2019-12-08,Real Valladolid,Real Sociedad,0.509978,1.87222,0,0
2019-12-13,Alaves,Leganes,1.56275,0.915597,1,1
2019-12-14,Athletic Club,Eibar,0.358952,0.276155,0,0
2019-12-14,Atletico Madrid,Osasuna,2.5649,0.528091,2,0
2019-12-14,Granada,Levante,1.21053,0.917727,1,2
2019-12-14,Real Sociedad,Barcelona,2.87892,1.18314,2,2
2019-12-15,Celta Vigo,Mallorca,2.18849,1.51622,2,2
2019-12-15,Espanyol,Real Betis,1.58859,0.502557,2,2
2019-12-15,Getafe,Real Valladolid,1.88065,0.435816,2,0
2019-12-15,Sevilla,Villarreal,1.73952,1.62777,1,2
2019-12-15,Valencia,Real Madrid,2.28638,1.97126,1,1
2019-12-18,Barcelona,Real Madrid,0.72288,0.844042,0,0
2019-12-20,Eibar,Granada,2.55405,1.72232,3,0
2019-12-21,Barcelona,Alaves,1.43229,0.432162,4,1
2019-12-21,Mallorca,Sevilla,0.788281,1.80841,0,2
2019-12-21,Real Valladolid,Valencia,0.7245,0.835691,1,1
2019-12-21,Villarreal,Getafe,2.63083,0.646333,1,0
2019-12-22,Leganes,Espanyol,0.84514,0.649033,2,0
2019-12-22,Levante,Celta Vigo,2.68998,1.4501,3,1
2019-12-22,Osasuna,Real Sociedad,3.10563,2.29198,3,4
2019-12-22,Real Betis,Atletico Madrid,0.922514,1.41727,1,2
2019-12-22,Real Madrid,Athletic Club,2.95373,0.415201,0,0
2020-01-03,Real Valladolid,Leganes,1.56625,2.14709,2,2
2020-01-03,Sevilla,Athletic Club,1.07523,0.237728,1,1
2020-01-04,Atletico Madrid,Levante,1.56308,0.736284,2,1
2020-01-04,Espanyol,Barcelona,0.730874,2.3097,2,2
2020-01-04,Getafe,Real Madrid,1.26627,2.09016,0,3
2020-01-04,Valencia,Eibar,1.10197,0.817026,1,0
2020-01-05,Alaves,Real Betis,0.304027,2.02653,1,1
2020-01-05,Celta Vigo,Osasuna,1.91143,0.76674,1,1
2020-01-05,Granada,Mallorca,1.38848,0.78276,1,0
2020-01-05,Real Sociedad,Villarreal,1.01062,1.29087,1,2
2020-01-17,Leganes,Getafe,0.280841,1.96098,0,3
2020-01-18,Eibar,Atletico Madrid,1.03493,1.03685,2,0
2020-01-18,Levante,Alaves,1.16982,1.73657,0,1
2020-01-18,Osasuna,Real Valladolid,1.59896,0.618269,0,0
2020-01-18,Real Madrid,Sevilla,1.37156,0.373928,2,1
2020-01-19,Athletic Club,Celta Vigo,3.43632,0.716642,1,1
2020-01-19,Barcelona,Granada,1.43259,0.187953,1,0
2020-01-19,Mallorca,Valencia,2.18221,0.449368,4,1
2020-01-19,Real Betis,Real Sociedad,2.26225,0.281591,3,0
2020-01-19,Villarreal,Espanyol,2.23006,2.04252,1,2
2020-01-24,Osasuna,Levante,1.94107,0.601469,2,0
2020-01-25,Alaves,Villarreal,0.975012,1.07139,1,2
2020-01-25,Espanyol,Athletic Club,0.552668,0.660786,1,1
2020-01-25,Sevilla,Granada,0.807577,0.475664,2,0
2020-01-25,Valencia,Barcelona,1.43787,1.15303,2,0
2020-01-26,Atletico Madrid,Leganes,0.990297,0.37528,0,0
2020-01-26,Celta Vigo,Eibar,1.03102,0.223406,0,0
2020-01-26,Getafe,Real Betis,1.45193,1.33797,1,0
2020-01-26,Real Sociedad,Mallorca,2.6866,0.885045,3,0
2020-01-26,Real Valladolid,Real Madrid,0.190691,0.5486,0,1
2020-02-01,Granada,Espanyol,0.875651,2.69997,2,1
2020-02-01,Mallorca,Real Valladolid,0.550096,1.09282,0,1
2020-02-01,Real Madrid,Atletico Madrid,1.08227,0.454401,1,0
2020-02-01,Valencia,Celta Vigo,1.103,1.35798,1,0
2020-02-02,Athletic Club,Getafe,0.734487,2.25172,0,2
2020-02-02,Barcelona,Levante,3.38735,1.21881,2,1
2020-02-02,Eibar,Real Betis,2.28348,0.959112,1,1
2020-02-02,Leganes,Real Sociedad,1.42,0.108866,2,1
2020-02-02,Sevilla,Alaves,1.64919,0.984092,1,1
2020-02-02,Villarreal,Osasuna,1.9166,0.915717,3,1
2020-02-07,Alaves,Eibar,1.44414,0.159152,2,1
2020-02-08,Atletico Madrid,Granada,0.92576,0.89501,1,0
2020-02-08,Getafe,Valencia,3.27894,0.257146,3,0
2020-02-08,Levante,Leganes,0.933595,1.18902,2,0
2020-02-08,Real Valladolid,Villarreal,0.646254,1.38092,1,1
2020-02-09,Celta Vigo,Sevilla,1.38338,1.13918,2,1
2020-02-09,Espanyol,Mallorca,1.81523,0.669911,1,0
2020-02-09,Osasuna,Real Madrid,0.68297,2.74949,1,4
2020-02-09,Real Betis,Barcelona,1.05905,1.85454,2,3
2020-02-09,Real Sociedad,Athletic Club,2.27376,0.643736,2,1
2020-02-14,Valencia,Atletico Madrid,1.56219,1.07192,2,2
2020-02-15,Barcelona,Getafe,1.87978,1.18616,2,1
2020-02-15,Granada,Real Valladolid,2.13521,0.638079,2,1
2020-02-15,Mallorca,Alaves,2.04009,0.784895,1,0
2020-02-15,Villarreal,Levante,0.835883,1.24428,2,1
2020-02-16,Athletic Club,Osasuna,0.763109,0.836206,0,1
2020-02-16,Leganes,Real Betis,0.563219,0.487887,0,0
2020-02-16,Real Madrid,Celta Vigo,1.90404,1.17019,2,2
2020-02-16,Sevilla,Espanyol,1.65914,0.622409,2,2
2020-02-21,Real Betis,Mallorca,3.09931,0.913546,3,3
2020-02-22,Barcelona,Eibar,4.66065,0.477994,5,0
2020-02-22,Celta Vigo,Leganes,0.128175,0.371163,1,0
2020-02-22,Levante,Real Madrid,0.70752,1.90806,1,0
2020-02-22,Real Sociedad,Valencia,2.3988,0.25727,3,0
2020-02-23,Alaves,Athletic Club,1.84055,0.593519,2,1
2020-02-23,Atletico Madrid,Villarreal,2.17916,0.440221,3,1
2020-02-23,Getafe,Sevilla,0.460518,2.82001,0,3
2020-02-23,Osasuna,Granada,0.783825,1.68194,0,3
2020-02-23,Real Valladolid,Espanyol,1.14839,1.26303,2,1
2020-02-28,Real Sociedad,Real Valladolid,2.56307,0.86626,1,0
2020-02-29,Eibar,Levante,3.07099,0.60028,3,0
2020-02-29,Granada,Celta Vigo,0.918043,0.27654,0,0
2020-02-29,Leganes,Alaves,0.982157,0.977076,1,1
2020-02-29,Valencia,Real Betis,1.05167,0.793569,2,1
2020-03-01,Athletic Club,Villarreal,2.72308,0.879429,1,0
2020-03-01,Espanyol,Atletico Madrid,1.29128,0.761475,1,1
2020-03-01,Mallorca,Getafe,0.0726554,0.913015,0,1
2020-03-01,Real Madrid,Barcelona,1.0617,1.52303,2,0
2020-03-01,Sevilla,Osasuna,1.64954,1.80118,3,2
2020-03-06,Alaves,Valencia,0.938792,0.931772,1,1
2020-03-07,Atletico Madrid,Sevilla,2.04826,1.61538,2,2
2020-03-07,Barcelona,Real Sociedad,2.2099,0.550322,1,0
2020-03-07,Eibar,Mallorca,0.9664,0.90604,1,2
2020-03-07,Getafe,Celta Vigo,1.15002,0.156144,0,0
2020-03-08,Levante,Granada,1.06858,1.22846,1,1
2020-03-08,Osasuna,Espanyol,2.2865,0.174034,1,0
2020-03-08,Real Betis,Real Madrid,1.33577,1.39172,2,1
2020-03-08,Real Valladolid,Athletic Club,2.03703,1.59457,1,4
2020-03-08,Villarreal,Leganes,2.38355,1.7502,1,2
2020-03-10,Eibar,Real Sociedad,1.84648,1.30335,1,2
2020-06-11,Sevilla,Real Betis,2.11983,0.481345,2,0
2020-06-12,Granada,Getafe,2.17942,0.786113,2,1
2020-06-12,Valencia,Levante,1.00063,1.45366,1,1
2020-06-13,Celta Vigo,Villarreal,0.129638,1.61991,0,1
2020-06-13,Espanyol,Alaves,2.01521,0.0516535,2,0
2020-06-13,Leganes,Real Valladolid,1.13073,1.23093,1,2
2020-06-13,Mallorca,Barcelona,0.648782,2.69892,0,4
2020-06-14,Athletic Club,Atletico Madrid,0.362873,1.18398,1,1
2020-06-14,Real Madrid,Eibar,1.27218,0.434682,3,1
2020-06-14,Real Sociedad,Osasuna,0.89714,1.1455,1,1
2020-06-15,Levante,Sevilla,0.807331,1.06949,1,1
2020-06-15,Real Betis,Granada,1.49004,1.03374,2,2
2020-06-16,Barcelona,Leganes,1.53086,0.85627,2,0
2020-06-16,Getafe,Espanyol,2.00352,0.786529,0,0
2020-06-16,Villarreal,Mallorca,1.62532,1.65754,1,0
2020-06-17,Eibar,Athletic Club,1.83348,1.72308,2,2
2020-06-17,Osasuna,Atletico Madrid,0.860898,2.40229,0,5
2020-06-17,Real Valladolid,Celta Vigo,0.436127,1.0575,0,0
2020-06-18,Alaves,Real Sociedad,1.52088,0.318266,2,0
2020-06-18,Real Madrid,Valencia,2.02374,0.156776,3,0
2020-06-19,Granada,Villarreal,0.883633,0.803321,0,1
2020-06-19,Mallorca,Leganes,0.478364,1.08784,1,1
2020-06-19,Sevilla,Barcelona,0.824926,0.741303,0,0
2020-06-20,Athletic Club,Real Betis,2.24762,2.13638,1,0
2020-06-20,Atletico Madrid,Real Valladolid,0.768121,0.281386,1,0
2020-06-20,Espanyol,Levante,0.491778,2.56766,1,3
2020-06-20,Getafe,Eibar,0.820376,0.816384,1,1
2020-06-21,Celta Vigo,Alaves,2.82117,0.168445,6,0
2020-06-21,Real Sociedad,Real Madrid,0.482127,1.30503,1,2
2020-06-21,Valencia,Osasuna,1.8991,1.60978,2,0
2020-06-22,Leganes,Granada,1.11797,0.147341,0,0
2020-06-22,Villarreal,Sevilla,1.08857,1.2636,2,2
2020-06-23,Barcelona,Athletic Club,1.8377,0.649841,1,0
2020-06-23,Levante,Atletico Madrid,0.748438,1.0251,0,1
2020-06-23,Real Valladolid,Getafe,1.08861,0.675045,1,1
2020-06-24,Alaves,Osasuna,0.389684,1.1029,0,1
2020-06-24,Real Madrid,Mallorca,1.3538,0.573505,2,0
2020-06-24,Real Sociedad,Celta Vigo,0.628775,0.848154,0,1
2020-06-25,Eibar,Valencia,0.555369,0.389713,1,0
2020-06-25,Real Betis,Espanyol,1.07378,1.12604,1,0
2020-06-26,Sevilla,Real Valladolid,1.59745,0.583726,1,1
2020-06-27,Athletic Club,Mallorca,2.76806,1.16492,3,1
2020-06-27,Atletico Madrid,Alaves,1.86903,1.12577,2,1
2020-06-27,Celta Vigo,Barcelona,1.93802,2.13485,2,2
2020-06-27,Osasuna,Leganes,0.896141,1.48812,2,1
2020-06-28,Espanyol,Real Madrid,1.00521,2.41536,0,1
2020-06-28,Granada,Eibar,1.49293,1.68478,1,2
2020-06-28,Levante,Real Betis,1.6905,1.51929,4,2
2020-06-28,Villarreal,Valencia,2.41493,0.182323,2,0
2020-06-29,Getafe,Real Sociedad,1.3901,0.731053,2,1
2020-06-30,Barcelona,Atletico Madrid,1.80729,1.78128,2,2
2020-06-30,Leganes,Sevilla,0.756658,0.710464,0,3
2020-06-30,Mallorca,Celta Vigo,1.6815,1.55871,5,1
2020-07-01,Alaves,Granada,1.01978,1.23821,0,2
2020-07-01,Real Betis,Villarreal,0.400169,2.91561,0,2
2020-07-01,Real Valladolid,Levante,1.37071,0.206917,0,0
2020-07-01,Valencia,Athletic Club,1.27025,0.91393,0,2
2020-07-02,Eibar,Osasuna,0.844993,0.965632,0,2
2020-07-02,Real Madrid,Getafe,1.75594,0.35097,1,0
2020-07-02,Real Sociedad,Espanyol,1.38838,0.11827,2,1
2020-07-03,Atletico Madrid,Mallorca,2.65175,0.595505,3,0
2020-07-04,Celta Vigo,Real Betis,0.238909,0.636627,1,1
2020-07-04,Granada,Valencia,2.67712,0.851494,2,2
2020-07-04,Real Valladolid,Alaves,0.591015,0.311545,1,0
2020-07-05,Athletic Club,Real Madrid,0.240102,2.90047,0,1
2020-07-05,Espanyol,Leganes,0.705114,0.423597,0,1
2020-07-05,Osasuna,Getafe,0.667423,0.293418,0,0
2020-07-05,Villarreal,Barcelona,0.961984,2.75294,1,4
2020-07-06,Levante,Real Sociedad,1.19147,1.06365,1,1
2020-07-06,Sevilla,Eibar,1.29481,1.16838,1,0
2020-07-07,Celta Vigo,Atletico Madrid,0.281854,1.0928,1,1
2020-07-07,Valencia,Real Valladolid,1.14695,0.407041,2,1
2020-07-08,Barcelona,Espanyol,0.897655,0.830636,1,0
2020-07-08,Getafe,Villarreal,0.580238,1.95451,1,3
2020-07-08,Real Betis,Osasuna,2.12533,0.407994,3,0
2020-07-09,Athletic Club,Sevilla,1.6153,1.80682,1,2
2020-07-09,Eibar,Leganes,0.156567,0.398122,0,0
2020-07-09,Mallorca,Levante,1.48983,1.008,2,0
2020-07-10,Real Madrid,Alaves,2.35582,1.31041,2,0
2020-07-10,Real Sociedad,Granada,1.18927,0.312385,2,3
2020-07-11,Atletico Madrid,Real Betis,0.76357,1.1694,1,0
2020-07-11,Osasuna,Celta Vigo,1.2561,0.985972,2,1
2020-07-11,Real Valladolid,Barcelona,0.849569,1.02109,0,1
2020-07-12,Espanyol,Eibar,0.884621,2.0596,0,2
2020-07-12,Leganes,Valencia,1.2593,1.28008,1,0
2020-07-12,Levante,Athletic Club,1.10257,0.979209,1,2
2020-07-12,Sevilla,Mallorca,1.91225,0.309223,2,0
2020-07-13,Alaves,Getafe,0.118514,0.596646,0,0
2020-07-13,Granada,Real Madrid,0.930144,0.527843,1,2
2020-07-13,Villarreal,Real Sociedad,0.365973,1.24702,1,2
2020-07-16,Athletic Club,Leganes,0.62086,1.84675,0,2
2020-07-16,Barcelona,Osasuna,1.14981,0.672683,1,2
2020-07-16,Celta Vigo,Levante,1.64845,1.39618,2,3
2020-07-16,Eibar,Real Valladolid,2.6027,2.14787,3,1
2020-07-16,Getafe,Atletico Madrid,1.13873,1.74341,0,2
2020-07-16,Mallorca,Granada,1.21791,1.09278,1,2
2020-07-16,Real Betis,Alaves,1.80332,2.31274,1,2
2020-07-16,Real Madrid,Villarreal,1.69772,1.14058,2,1
2020-07-16,Real Sociedad,Sevilla,0.835797,0.611057,0,0
2020-07-16,Valencia,Espanyol,1.24164,1.20165,1,0
2020-07-19,Alaves,Barcelona,0.274487,3.62799,0,5
2020-07-19,Atletico Madrid,Real Sociedad,1.50008,0.335651,1,1
2020-07-19,Espanyol,Celta Vigo,0.362807,0.444157,0,0
2020-07-19,Granada,Athletic Club,2.33033,0.564731,4,0
2020-07-19,Leganes,Real Madrid,1.16055,1.06489,2,2
2020-07-19,Levante,Getafe,2.58924,1.73078,1,0
2020-07-19,Osasuna,Mallorca,1.00938,0.595381,2,2
2020-07-19,Real Valladolid,Real Betis,0.915131,0.548953,2,0
2020-07-19,Sevilla,Valencia,0.731583,0.301441,1,0
2020-07-19,Villarreal,Eibar,3.00793,0.762647,4,0
2020-09-12,Cadiz,Osasuna,0.600934,0.633286,0,2
2020-09-12,Eibar,Celta Vigo,0.344008,0.783653,0,0
2020-09-12,Granada,Athletic Club,0.545144,0.483337,2,0
2020-09-13,Alaves,Real Betis,1.17642,0.341233,0,1
2020-09-13,Real Valladolid,Real Sociedad,0.858211,0.31178,1,1
2020-09-13,Valencia,Levante,1.72531,2.37179,4,2
2020-09-13,Villarreal,SD Huesca,2.01913,0.556003,1,1
2020-09-19,Celta Vigo,Valencia,2.33534,0.456643,2,1
2020-09-19,Getafe,Osasuna,0.702715,0.486466,1,0
2020-09-19,Villarreal,Eibar,2.99286,1.112,2,1
2020-09-20,Granada,Alaves,2.45453,0.77021,2,1
2020-09-20,Real Betis,Real Valladolid,1.76775,0.290702,2,0
2020-09-20,Real Sociedad,Real Madrid,0.718119,0.769069,0,0
2020-09-20,SD Huesca,Cadiz,0.223846,1.50522,0,2
2020-09-26,Alaves,Getafe,0.867165,1.31111,0,0
2020-09-26,Elche,Real Sociedad,1.23661,3.3738,0,3
2020-09-26,Real Betis,Real Madrid,1.41465,3.86499,2,3
2020-09-26,Valencia,SD Huesca,0.306092,1.10618,1,1
2020-09-27,Atletico Madrid,Granada,3.60448,1.30515,6,1
2020-09-27,Barcelona,Villarreal,3.50735,0.244835,4,0
2020-09-27,Cadiz,Sevilla,1.0983,2.2102,1,3
2020-09-27,Eibar,Athletic Club,0.325316,0.505645,1,2
2020-09-27,Osasuna,Levante,0.724471,2.99435,1,3
2020-09-27,Real Valladolid,Celta Vigo,1.52483,1.08307,1,1
2020-09-29,Getafe,Real Betis,0.908069,0.442837,3,0
2020-09-29,Real Sociedad,Valencia,0.589249,0.836796,0,1
2020-09-30,Eibar,Elche,1.06052,0.378171,0,1
2020-09-30,Real Madrid,Real Valladolid,2.64599,0.540187,1,0
2020-09-30,SD Huesca,Atletico Madrid,0.631932,1.79241,0,0
2020-09-30,Villarreal,Alaves,2.65908,0.618672,3,1
2020-10-01,Athletic Club,Cadiz,0.545027,0.263675,0,1
2020-10-01,Celta Vigo,Barcelona,0.568201,0.931689,0,3
2020-10-01,Sevilla,Levante,1.04729,0.375244,1,0
2020-10-03,Atletico Madrid,Villarreal,0.610002,0.201508,0,0
2020-10-03,Elche,SD Huesca,0.188885,1.70374,0,0
2020-10-03,Real Sociedad,Getafe,2.19684,0.315862,3,0
2020-10-03,Real Valladolid,Eibar,1.09473,1.6913,1,2
2020-10-03,Valencia,Real Betis,0.475219,1.87508,0,2
2020-10-04,Alaves,Athletic Club,0.520642,0.487749,1,0
2020-10-04,Barcelona,Sevilla,1.05717,1.25522,1,1
2020-10-04,Cadiz,Granada,1.09095,0.820558,1,1
2020-10-04,Levante,Real Madrid,0.577329,1.87714,0,2
2020-10-04,Osasuna,Celta Vigo,1.12188,0.360866,2,0
2020-10-17,Celta Vigo,Atletico Madrid,1.89737,1.51399,0,2
2020-10-17,Getafe,Barcelona,1.70992,0.62541,1,0
2020-10-17,Granada,Sevilla,1.08721,0.699011,1,0
2020-10-17,Real Madrid,Cadiz,1.1359,1.768,0,1
2020-10-18,Alaves,Elche,0.90822,0.902261,0,2
2020-10-18,Athletic Club,Levante,2.07013,0.281482,2,0
2020-10-18,Eibar,Osasuna,0.371361,1.2646,0,0
2020-10-18,Real Betis,Real Sociedad,0.304528,1.58336,0,3
2020-10-18,SD Huesca,Real Valladolid,1.25439,0.907963,2,2
2020-10-18,Villarreal,Valencia,1.59975,0.677588,2,1
2020-10-23,Elche,Valencia,0.165573,1.23519,2,1
2020-10-24,Atletico Madrid,Real Betis,1.24304,1.01541,2,0
2020-10-24,Barcelona,Real Madrid,1.57351,3.20848,1,3
2020-10-24,Osasuna,Athletic Club,0.989319,0.5791,1,0
2020-10-24,Sevilla,Eibar,1.98558,0.198368,0,1
2020-10-25,Cadiz,Villarreal,0.20914,0.752296,0,0
2020-10-25,Getafe,Granada,1.33438,0.949811,0,1
2020-10-25,Real Sociedad,SD Huesca,1.79773,0.591473,4,1
2020-10-25,Real Valladolid,Alaves,0.305213,2.3128,0,2
2020-10-26,Levante,Celta Vigo,1.19249,0.818389,1,1
2020-10-30,Eibar,Cadiz,0.466935,0.932416,0,2
2020-10-31,Alaves,Barcelona,1.11324,2.07747,1,1
2020-10-31,Athletic Club,Sevilla,1.32876,1.15091,2,1
2020-10-31,Osasuna,Atletico Madrid,1.42768,3.06286,1,3
2020-10-31,Real Madrid,SD Huesca,2.23898,0.79915,4,1
2020-11-01,Celta Vigo,Real Sociedad,2.12312,2.27628,1,4
2020-11-01,Granada,Levante,0.230886,0.813588,1,1
2020-11-01,Real Betis,Elche,3.06462,0.478252,3,1
2020-11-01,Valencia,Getafe,1.75934,2.35774,2,2
2020-11-02,Villarreal,Real Valladolid,1.85014,0.793913,2,0
2020-11-06,Elche,Celta Vigo,1.6055,2.15551,1,1
2020-11-07,Atletico Madrid,Cadiz,2.62556,0.395983,4,0
2020-11-07,Barcelona,Real Betis,4.44487,0.86991,5,2
2020-11-07,SD Huesca,Eibar,2.23211,0.839508,1,1
2020-11-07,Sevilla,Osasuna,1.151,0.499107,1,0
2020-11-08,Getafe,Villarreal,0.55465,2.32114,1,3
2020-11-08,Levante,Alaves,1.99148,1.01595,1,1
2020-11-08,Real Sociedad,Granada,3.72416,0.780649,2,0
2020-11-08,Real Valladolid,Athletic Club,2.28498,1.57936,2,1
2020-11-08,Valencia,Real Madrid,2.34693,1.05824,4,1
2020-11-20,Osasuna,SD Huesca,0.878778,0.807899,1,1
2020-11-21,Atletico Madrid,Barcelona,0.812108,1.29964,1,0
2020-11-21,Levante,Elche,0.902091,0.832435,1,1
2020-11-21,Sevilla,Celta Vigo,2.22603,2.08172,4,2
2020-11-21,Villarreal,Real Madrid,1.72712,0.652049,1,1
2020-11-22,Alaves,Valencia,1.82668,1.79824,2,2
2020-11-22,Cadiz,Real Sociedad,0.0824748,1.90588,0,1
2020-11-22,Eibar,Getafe,1.45225,0.352628,0,0
2020-11-22,Granada,Real Valladolid,1.40253,1.45546,1,3
2020-11-23,Athletic Club,Real Betis,2.75202,0.385631,4,0
2020-11-27,Real Valladolid,Levante,1.25969,1.11009,1,1
2020-11-28,Elche,Cadiz,0.0867292,0.678171,1,1
2020-11-28,Real Madrid,Alaves,1.66068,2.35024,1,2
2020-11-28,SD Huesca,Sevilla,0.167609,1.69981,0,1
2020-11-28,Valencia,Atletico Madrid,0.181436,1.10533,0,1
2020-11-29,Barcelona,Osasuna,3.91416,1.56118,4,0
2020-11-29,Celta Vigo,Granada,4.64116,1.49416,3,1
2020-11-29,Getafe,Athletic Club,0.536725,0.277502,1,1
2020-11-29,Real Sociedad,Villarreal,1.91705,1.10165,1,1
2020-11-30,Real Betis,Eibar,0.51761,3.24869,0,2
2020-12-04,Athletic Club,Celta Vigo,0.454057,1.20044,0,2
2020-12-05,Atletico Madrid,Real Valladolid,1.2755,0.440427,2,0
2020-12-05,Cadiz,Barcelona,2.61118,1.71026,2,1
2020-12-05,Levante,Getafe,2.56696,0.49433,3,0
2020-12-05,Sevilla,Real Madrid,0.533909,1.69653,0,1
2020-12-06,Alaves,Real Sociedad,0.249462,1.39953,0,0
2020-12-06,Granada,SD Huesca,1.82994,1.68663,3,3
2020-12-06,Osasuna,Real Betis,0.366687,1.52162,0,2
2020-12-06,Villarreal,Elche,0.520422,0.0544723,0,0
2020-12-07,Eibar,Valencia,1.09317,0.648196,0,0
2020-12-11,Real Valladolid,Osasuna,1.87748,1.33403,3,2
2020-12-12,Getafe,Sevilla,0.374252,0.507527,0,1
2020-12-12,Real Madrid,Atletico Madrid,0.6517,0.784775,2,0
2020-12-12,SD Huesca,Alaves,0.380766,0.171439,1,0
2020-12-12,Valencia,Athletic Club,2.17259,1.73307,2,2
2020-12-13,Barcelona,Levante,2.62077,0.97888,1,0
2020-12-13,Elche,Granada,0.534289,1.40539,0,1
2020-12-13,Real Betis,Villarreal,0.475008,1.10577,1,1
2020-12-13,Real Sociedad,Eibar,1.33912,1.55401,1,1
2020-12-14,Celta Vigo,Cadiz,1.51712,0.906249,4,0
2020-12-15,Real Madrid,Athletic Club,2.58032,0.728304,3,1
2020-12-16,Barcelona,Real Sociedad,2.58133,1.82452,2,1
2020-12-18,Athletic Club,SD Huesca,1.51945,0.182818,2,0
2020-12-19,Atletico Madrid,Elche,2.10005,0.522281,3,1
2020-12-19,Barcelona,Valencia,3.2847,1.97181,2,2
2020-12-19,Levante,Real Sociedad,1.52776,2.1027,2,1
2020-12-19,Osasuna,Villarreal,0.925068,2.79417,1,3
2020-12-19,Sevilla,Real Valladolid,1.73966,0.878614,1,1
2020-12-20,Cadiz,Getafe,0.356498,1.10435,0,2
2020-12-20,Celta Vigo,Alaves,1.62567,0.404844,2,0
2020-12-20,Eibar,Real Madrid,0.642099,2.35916,1,3
2020-12-20,Granada,Real Betis,1.38241,1.04957,2,0
2020-12-22,Elche,Osasuna,1.25398,1.69506,2,2
2020-12-22,Real Sociedad,Atletico Madrid,0.230082,0.546595,0,2
2020-12-22,Real Valladolid,Barcelona,0.499141,3.23865,0,3
2020-12-22,SD Huesca,Levante,1.36969,0.581363,1,1
2020-12-22,Valencia,Sevilla,0.559111,1.85011,0,1
2020-12-22,Villarreal,Athletic Club,1.32193,0.910796,1,1
2020-12-23,Alaves,Eibar,1.88686,0.786669,2,1
2020-12-23,Getafe,Celta Vigo,0.265652,0.767168,1,1
2020-12-23,Real Betis,Cadiz,0.342496,0.282205,1,0
2020-12-23,Real Madrid,Granada,2.04414,0.79963,2,0
2020-12-29,Barcelona,Eibar,2.05695,0.592271,1,1
2020-12-29,Cadiz,Real Valladolid,0.786846,0.299749,0,0
2020-12-29,Levante,Real Betis,1.67536,2.63943,4,3
2020-12-29,Sevilla,Villarreal,2.7317,0.346419,2,0
2020-12-30,Atletico Madrid,Getafe,0.919165,0.941238,1,0
2020-12-30,Celta Vigo,SD Huesca,2.85208,1.0513,2,1
2020-12-30,Elche,Real Madrid,1.02416,1.55495,1,1
2020-12-30,Granada,Valencia,2.23615,1.27314,2,1
2020-12-31,Athletic Club,Real Sociedad,0.172341,1.84296,0,1
2020-12-31,Osasuna,Alaves,0.318257,1.35028,1,1
2021-01-02,Getafe,Real Valladolid,0.768671,1.16924,0,1
2021-01-02,Real Betis,Sevilla,2.03775,0.248156,1,1
2021-01-02,Real Madrid,Celta Vigo,1.24672,0.564784,2,0
2021-01-02,Villarreal,Levante,1.72781,0.554357,2,1
2021-01-03,Alaves,Atletico Madrid,0.154899,2.31899,1,2
2021-01-03,Athletic Club,Elche,1.38777,0.137448,1,0
2021-01-03,Eibar,Granada,1.84192,0.917602,2,0
2021-01-03,Real Sociedad,Osasuna,0.78536,0.609915,1,1
2021-01-03,SD Huesca,Barcelona,0.259005,3.21201,0,1
2021-01-04,Valencia,Cadiz,0.942061,0.522228,1,1
2021-01-06,Athletic Club,Barcelona,0.638117,1.39939,2,3
2021-01-08,Celta Vigo,Villarreal,0.363035,2.88163,0,4
2021-01-09,Granada,Barcelona,0.490441,1.64578,0,4
2021-01-09,Osasuna,Real Madrid,0.589148,0.42235,0,0
2021-01-09,Sevilla,Real Sociedad,2.9243,1.05731,3,2
2021-01-10,Cadiz,Alaves,2.59473,0.829834,3,1
2021-01-10,Levante,Eibar,0.857988,1.34206,2,1
2021-01-10,Real Valladolid,Valencia,0.562807,1.09369,0,1
2021-01-11,Elche,Getafe,1.21278,3.17089,1,3
2021-01-11,SD Huesca,Real Betis,1.15245,2.98435,0,2
2021-01-12,Atletico Madrid,Sevilla,0.577443,1.19957,2,0
2021-01-12,Granada,Osasuna,0.831007,0.624174,2,0
2021-01-19,Alaves,Sevilla,1.40643,1.03209,1,2
2021-01-19,Cadiz,Levante,0.725743,2.00702,2,2
2021-01-19,Real Valladolid,Elche,1.02082,0.575886,2,2
2021-01-20,Getafe,SD Huesca,0.656624,0.712964,1,0
2021-01-20,Real Betis,Celta Vigo,0.646493,0.966752,2,1
2021-01-20,Villarreal,Granada,2.15885,0.135256,2,2
2021-01-21,Eibar,Atletico Madrid,1.27041,1.23064,1,2
2021-01-21,Valencia,Osasuna,0.439791,1.63527,1,1
2021-01-22,Levante,Real Valladolid,1.04736,0.631096,2,2
2021-01-23,Alaves,Real Madrid,0.762571,1.42254,1,4
2021-01-23,Real Sociedad,Real Betis,2.24597,0.638534,2,2
2021-01-23,SD Huesca,Villarreal,0.177253,0.484831,0,0
2021-01-23,Sevilla,Cadiz,2.51675,1.16695,3,0
2021-01-24,Atletico Madrid,Valencia,2.05311,0.250249,3,1
2021-01-24,Celta Vigo,Eibar,1.53045,0.591142,1,1
2021-01-24,Elche,Barcelona,0.477298,3.12144,0,2
2021-01-24,Osasuna,Granada,1.88102,0.592689,3,1
2021-01-25,Athletic Club,Getafe,1.87633,1.29166,5,1
2021-01-29,Real Valladolid,SD Huesca,1.74924,1.18337,1,3
2021-01-30,Eibar,Sevilla,1.02238,1.66557,0,2
2021-01-30,Real Madrid,Levante,1.23555,1.82881,1,2
2021-01-30,Valencia,Elche,3.00838,0.328905,1,0
2021-01-30,Villarreal,Real Sociedad,0.232475,1.16681,1,1
2021-01-31,Barcelona,Athletic Club,2.53148,0.275356,2,1
2021-01-31,Cadiz,Atletico Madrid,0.861261,1.79542,2,4
2021-01-31,Getafe,Alaves,0.530765,0.20139,0,0
2021-01-31,Granada,Celta Vigo,0.3242,0.339262,0,0
2021-02-01,Real Betis,Osasuna,1.9333,1.38521,1,0
2021-02-05,Alaves,Real Valladolid,1.60639,0.0534012,1,0
2021-02-06,Elche,Villarreal,1.13518,1.51126,2,2
2021-02-06,Levante,Granada,1.52404,1.26925,2,2
2021-02-06,SD Huesca,Real Madrid,0.920971,3.53921,1,2
2021-02-06,Sevilla,Getafe,2.03342,0.209522,3,0
2021-02-07,Athletic Club,Valencia,1.34704,0.841344,1,1
2021-02-07,Osasuna,Eibar,2.62128,1.07628,2,1
2021-02-07,Real Betis,Barcelona,1.87521,1.33284,2,3
2021-02-07,Real Sociedad,Cadiz,4.7946,0.354151,4,1
2021-02-08,Atletico Madrid,Celta Vigo,1.22973,1.71926,2,2
2021-02-09,Real Madrid,Getafe,1.86359,0.0930356,2,0
2021-02-12,Celta Vigo,Elche,2.31967,0.836576,3,1
2021-02-13,Barcelona,Alaves,2.86032,0.710997,5,1
2021-02-13,Eibar,Real Valladolid,1.92231,0.968574,1,1
2021-02-13,Granada,Atletico Madrid,0.827088,0.929672,1,2
2021-02-13,Sevilla,SD Huesca,1.329,1.39522,1,0
2021-02-14,Getafe,Real Sociedad,0.263007,1.03317,0,1
2021-02-14,Levante,Osasuna,1.73006,0.685142,0,1
2021-02-14,Real Madrid,Valencia,0.862855,0.0596554,2,0
2021-02-14,Villarreal,Real Betis,1.17957,1.35008,1,2
2021-02-15,Cadiz,Athletic Club,0.567254,2.36113,0,4
2021-02-17,Levante,Atletico Madrid,0.642423,1.16962,1,1
2021-02-19,Real Betis,Getafe,2.67474,0.277079,1,0
2021-02-20,Atletico Madrid,Levante,2.06148,0.767582,0,2
2021-02-20,Elche,Eibar,0.397175,1.66898,1,0
2021-02-20,Real Valladolid,Real Madrid,0.909714,1.30987,0,1
2021-02-20,Valencia,Celta Vigo,1.16675,0.689216,2,0
2021-02-21,Athletic Club,Villarreal,2.32222,0.0679965,1,1
2021-02-21,Barcelona,Cadiz,2.39005,1.32905,1,1
2021-02-21,Real Sociedad,Alaves,2.50353,0.307378,4,0
2021-02-21,SD Huesca,Granada,2.47156,0.854609,3,2
2021-02-22,Osasuna,Sevilla,0.457508,1.05344,0,2
2021-02-24,Barcelona,Elche,2.66084,0.351113,3,0
2021-02-26,Levante,Athletic Club,1.05928,1.99686,1,1
2021-02-27,Alaves,Osasuna,0.483459,0.994243,0,1
2021-02-27,Eibar,SD Huesca,1.79661,0.480747,1,1
2021-02-27,Getafe,Valencia,0.895893,0.173822,3,0
2021-02-27,Sevilla,Barcelona,0.117061,1.58696,0,2
2021-02-28,Cadiz,Real Betis,0.227972,0.596164,0,1
2021-02-28,Celta Vigo,Real Valladolid,0.86079,0.762391,1,1
2021-02-28,Granada,Elche,1.45197,1.28521,2,1
2021-02-28,Villarreal,Atletico Madrid,1.941,0.839764,0,2
2021-03-01,Real Madrid,Real Sociedad,1.98534,1.21953,1,1
2021-03-05,Valencia,Villarreal,1.75518,1.84626,2,1
2021-03-06,Cadiz,Eibar,1.6239,1.6003,1,0
2021-03-06,Elche,Sevilla,1.0131,0.964034,2,1
2021-03-06,Osasuna,Barcelona,0.756534,1.30761,0,2
2021-03-06,Real Valladolid,Getafe,1.31724,0.971736,2,1
2021-03-07,Athletic Club,Granada,1.28132,1.45524,2,1
2021-03-07,Atletico Madrid,Real Madrid,1.9832,1.88411,1,1
2021-03-07,Real Sociedad,Levante,4.95179,0.186229,1,0
2021-03-07,SD Huesca,Celta Vigo,3.13618,0.655624,3,4
2021-03-08,Real Betis,Alaves,2.01921,0.798216,3,2
2021-03-10,Atletico Madrid,Athletic Club,1.53875,0.701495,2,1
2021-03-12,Levante,Valencia,0.853066,0.493596,1,0
2021-03-13,Alaves,Cadiz,1.48992,1.74684,1,1
2021-03-13,Getafe,Atletico Madrid,0.409679,1.81829,0,0
2021-03-13,Osasuna,Real Valladolid,0.467892,0.891,0,0
2021-03-13,Real Madrid,Elche,1.72628,0.726991,2,1
2021-03-14,Celta Vigo,Athletic Club,1.18876,0.725139,0,0
2021-03-14,Eibar,Villarreal,1.32358,2.84919,1,3
2021-03-14,Granada,Real Sociedad,0.331961,0.306083,1,0
2021-03-14,Sevilla,Real Betis,0.841992,0.662923,1,0
2021-03-15,Barcelona,SD Huesca,1.52419,2.19819,4,1
2021-03-17,Sevilla,Elche,1.95263,0.612799,2,0
2021-03-19,Real Betis,Levante,2.46001,0.568605,2,0
2021-03-20,Athletic Club,Eibar,1.72731,0.532399,1,1
2021-03-20,Celta Vigo,Real Madrid,0.686996,2.79574,1,3
2021-03-20,Real Valladolid,Sevilla,0.809957,1.11252,1,1
2021-03-20,SD Huesca,Osasuna,0.89442,0.734886,0,0
2021-03-21,Atletico Madrid,Alaves,0.64656,1.1132,1,0
2021-03-21,Getafe,Elche,1.79357,1.38712,1,1
2021-03-21,Real Sociedad,Barcelona,0.917148,3.3338,1,6
2021-03-21,Valencia,Granada,1.4357,0.924202,2,1
2021-03-21,Villarreal,Cadiz,2.50648,0.90665,2,1
2021-04-02,Levante,SD Huesca,0.462819,0.857773,0,2
2021-04-03,Granada,Villarreal,1.22939,3.49755,0,3
2021-04-03,Osasuna,Getafe,0.198501,0.316201,0,0
2021-04-03,Real Madrid,Eibar,1.96177,0.299961,2,0
2021-04-04,Alaves,Celta Vigo,1.868,2.58943,1,3
2021-04-04,Cadiz,Valencia,1.02818,0.858442,2,1
2021-04-04,Elche,Real Betis,0.797759,1.90364,1,1
2021-04-04,Sevilla,Atletico Madrid,1.89943,0.551951,1,0
2021-04-05,Barcelona,Real Valladolid,1.68796,0.435921,1,0
2021-04-07,Real Sociedad,Athletic Club,0.724498,0.990446,1,1
2021-04-09,SD Huesca,Elche,1.09388,0.880685,3,1
2021-04-10,Athletic Club,Alaves,1.81094,0.448906,0,0
2021-04-10,Eibar,Levante,0.360623,0.309936,0,1
2021-04-10,Getafe,Cadiz,2.78378,0.640397,0,1
2021-04-10,Real Madrid,Barcelona,1.64993,1.15567,2,1
2021-04-11,Real Betis,Atletico Madrid,0.613966,1.34136,1,1
2021-04-11,Real Valladolid,Granada,1.19214,1.22464,1,2
2021-04-11,Valencia,Real Sociedad,2.34115,1.13047,2,2
2021-04-11,Villarreal,Osasuna,1.60338,1.29078,1,2
2021-04-12,Celta Vigo,Sevilla,2.09186,1.59713,3,4
2021-04-18,Alaves,SD Huesca,0.316991,0.747867,1,0
2021-04-18,Atletico Madrid,Eibar,2.75029,0.0,5,0
2021-04-18,Cadiz,Celta Vigo,0.322965,0.436078,0,0
2021-04-18,Getafe,Real Madrid,2.19426,0.618079,0,0
2021-04-18,Levante,Villarreal,0.844482,1.87811,1,5
2021-04-18,Osasuna,Elche,0.531975,0.699627,2,0
2021-04-18,Real Betis,Valencia,0.62725,1.61735,2,2
2021-04-18,Real Sociedad,Sevilla,0.292775,3.65426,1,2
2021-04-21,Alaves,Villarreal,1.40963,1.45071,2,1
2021-04-21,Cadiz,Real Madrid,1.31917,3.52537,0,3
2021-04-21,Elche,Real Valladolid,1.33615,1.30359,1,1
2021-04-21,Levante,Sevilla,0.310335,2.05149,0,1
2021-04-21,Osasuna,Valencia,3.63596,1.20337,3,1
2021-04-21,Real Betis,Athletic Club,0.244787,0.845575,0,0
2021-04-22,Atletico Madrid,SD Huesca,2.32831,1.40665,2,0
2021-04-22,Barcelona,Getafe,2.15458,1.39543,5,2
2021-04-22,Granada,Eibar,1.76204,1.34566,4,1
2021-04-22,Real Sociedad,Celta Vigo,2.19014,0.504303,2,1
2021-04-24,Elche,Levante,0.43368,0.236951,1,0
2021-04-24,Real Madrid,Real Betis,0.985387,0.898058,0,0
2021-04-24,Real Valladolid,Cadiz,3.23903,1.55697,1,1
2021-04-24,Valencia,Alaves,1.00912,0.893913,1,1
2021-04-25,Athletic Club,Atletico Madrid,1.42809,0.745334,2,1
2021-04-25,Celta Vigo,Osasuna,0.601898,1.41709,2,1
2021-04-25,SD Huesca,Getafe,0.472579,0.711933,0,2
2021-04-25,Sevilla,Granada,1.27314,0.902764,2,1
2021-04-25,Villarreal,Barcelona,0.964915,3.38056,1,2
2021-04-26,Eibar,Real Sociedad,0.729653,0.706358,0,1
2021-04-28,Athletic Club,Real Valladolid,1.73076,0.640604,2,2
2021-04-29,Barcelona,Granada,1.43667,0.811246,1,2
2021-04-30,Celta Vigo,Levante,2.3642,0.976661,2,0
2021-05-01,Eibar,Alaves,1.64332,0.154274,3,0
2021-05-01,Elche,Atletico Madrid,1.38118,1.01516,0,1
2021-05-01,Real Madrid,Osasuna,1.6256,0.0721582,2,0
2021-05-01,SD Huesca,Real Sociedad,0.446278,0.298366,1,0
2021-05-02,Granada,Cadiz,0.924434,1.60276,0,1
2021-05-02,Real Valladolid,Real Betis,0.76247,1.88115,1,1
2021-05-02,Valencia,Barcelona,1.41404,3.98456,2,3
2021-05-02,Villarreal,Getafe,0.184151,0.487189,1,0
2021-05-03,Sevilla,Athletic Club,0.792995,0.6882,0,1
2021-05-07,Real Sociedad,Elche,2.39443,0.0778732,2,0
2021-05-08,Alaves,Levante,1.32991,0.987587,2,2
2021-05-08,Athletic Club,Osasuna,1.39303,1.55726,2,2
2021-05-08,Barcelona,Atletico Madrid,0.853587,0.685355,0,0
2021-05-08,Cadiz,SD Huesca,0.990604,0.43525,2,1
2021-05-09,Getafe,Eibar,0.767031,1.06817,0,1
2021-05-09,Real Madrid,Sevilla,0.99637,1.07261,2,2
2021-05-09,Valencia,Real Valladolid,1.26443,0.754813,3,0
2021-05-09,Villarreal,Celta Vigo,2.50872,1.98001,2,4
2021-05-10,Real Betis,Granada,1.84702,2.08496,2,1
2021-05-11,Elche,Alaves,0.886211,1.66141,0,2
2021-05-11,Levante,Barcelona,1.27727,3.0801,3,3
2021-05-11,Osasuna,Cadiz,2.14746,1.54692,3,2
2021-05-12,Atletico Madrid,Real Sociedad,1.7908,1.53283,2,1
2021-05-12,Celta Vigo,Getafe,0.209945,1.14081,1,0
2021-05-12,SD Huesca,Athletic Club,1.56368,0.401551,1,0
2021-05-12,Sevilla,Valencia,0.865705,0.343195,1,0
2021-05-13,Eibar,Real Betis,1.10754,0.605825,1,1
2021-05-13,Granada,Real Madrid,1.69529,1.39286,1,4
2021-05-13,Real Valladolid,Villarreal,1.38976,0.600771,0,2
2021-05-16,Alaves,Granada,2.83763,0.841672,4,2
2021-05-16,Athletic Club,Real Madrid,0.705495,1.21866,0,1
2021-05-16,Atletico Madrid,Osasuna,2.97525,0.673558,2,1
2021-05-16,Barcelona,Celta Vigo,2.10966,0.631271,1,2
2021-05-16,Cadiz,Elche,1.07259,2.83914,1,3
2021-05-16,Getafe,Levante,0.769611,0.441218,2,1
2021-05-16,Real Betis,SD Huesca,1.17298,0.249221,1,0
2021-05-16,Real Sociedad,Real Valladolid,1.67996,1.04641,4,1
2021-05-16,Valencia,Eibar,1.33301,2.68303,4,1
2021-05-16,Villarreal,Sevilla,1.60717,2.51965,4,0
2021-05-21,Levante,Cadiz,1.51266,0.424135,2,2
2021-05-22,Celta Vigo,Real Betis,1.21829,2.06863,2,3
2021-05-22,Eibar,Barcelona,1.44968,0.284589,0,1
2021-05-22,Elche,Athletic Club,1.33082,0.303264,2,0
2021-05-22,Osasuna,Real Sociedad,0.41494,2.08092,0,1
2021-05-22,Real Madrid,Villarreal,0.804298,0.614418,2,1
2021-05-22,Real Valladolid,Atletico Madrid,0.995635,1.2916,1,2
2021-05-22,SD Huesca,Valencia,0.974788,0.421299,0,0
2021-05-23,Granada,Getafe,0.444987,0.46059,0,0
2021-05-23,Sevilla,Alaves,0.35705,0.785012,1,0
2021-08-13,Valencia,Getafe,1.57861,1.19326,1,0
2021-08-14,Alaves,Real Madrid,1.41097,2.15551,1,4
2021-08-14,Cadiz,Levante,0.993589,0.915954,1,1
2021-08-14,Mallorca,Real Betis,0.569578,0.814085,1,1
2021-08-14,Osasuna,Espanyol,0.579404,0.583698,0,0
2021-08-15,Barcelona,Real Sociedad,3.46484,0.902312,4,2
2021-08-15,Celta Vigo,Atletico Madrid,1.59399,1.805,1,2
2021-08-15,Sevilla,Rayo Vallecano,3.67402,0.484078,3,0
2021-08-16,Elche,Athletic Club,0.933565,0.634866,0,0
2021-08-16,Villarreal,Granada,1.21791,0.246735,0,0
2021-08-20,Real Betis,Cadiz,1.82337,1.4533,1,1
2021-08-21,Alaves,Mallorca,0.920977,0.82407,0,1
2021-08-21,Athletic Club,Barcelona,1.43436,1.18383,1,1
2021-08-21,Espanyol,Villarreal,1.68861,0.597171,0,0
2021-08-21,Granada,Valencia,0.752693,1.50025,1,1
2021-08-22,Atletico Madrid,Elche,1.04508,0.168373,1,0
2021-08-22,Levante,Real Madrid,1.63837,2.14125,3,3
2021-08-22,Real Sociedad,Rayo Vallecano,2.26913,0.76322,1,0
2021-08-23,Getafe,Sevilla,0.391853,0.813891,0,1
2021-08-23,Osasuna,Celta Vigo,2.58218,0.084571,0,0
2021-08-27,Mallorca,Espanyol,1.28733,0.296878,1,0
2021-08-27,Valencia,Alaves,2.33998,0.360675,3,0
2021-08-28,Celta Vigo,Athletic Club,0.934567,1.45227,0,1
2021-08-28,Elche,Sevilla,0.855435,1.70035,1,1
2021-08-28,Real Betis,Real Madrid,0.420687,0.94097,0,1
2021-08-28,Real Sociedad,Levante,0.855875,0.521015,1,0
2021-08-29,Atletico Madrid,Villarreal,1.773,0.448731,2,2
2021-08-29,Barcelona,Getafe,1.05122,0.283315,2,1
2021-08-29,Cadiz,Osasuna,1.36149,2.28418,2,3
2021-08-29,Rayo Vallecano,Granada,2.19631,0.586302,4,0
2021-09-11,Athletic Club,Mallorca,1.855,0.22503,2,0
2021-09-11,Levante,Rayo Vallecano,1.10993,2.7683,1,1
2021-09-12,Cadiz,Real Sociedad,0.607763,2.36611,0,2
2021-09-12,Espanyol,Atletico Madrid,0.373891,0.732283,1,2
2021-09-12,Osasuna,Valencia,0.457252,0.924929,1,4
2021-09-12,Real Madrid,Celta Vigo,3.03734,1.99062,5,2
2021-09-13,Getafe,Elche,0.3796,1.07401,0,1
2021-09-13,Granada,Real Betis,0.780077,2.43767,1,2
2021-09-17,Celta Vigo,Cadiz,0.993864,1.07407,1,2
2021-09-18,Alaves,Osasuna,0.251601,1.32313,0,2
2021-09-18,Atletico Madrid,Athletic Club,1.10053,1.10578,0,0
2021-09-18,Elche,Levante,0.536512,1.12463,1,1
2021-09-18,Rayo Vallecano,Getafe,1.98661,1.15428,3,0
2021-09-19,Mallorca,Villarreal,0.529054,1.63437,0,0
2021-09-19,Real Betis,Espanyol,2.36891,1.21693,2,2
2021-09-19,Real Sociedad,Sevilla,1.17723,0.7654,0,0
2021-09-19,Valencia,Real Madrid,0.647432,1.36343,1,2
2021-09-20,Barcelona,Granada,1.88236,0.612728,1,1
2021-09-21,Athletic Club,Rayo Vallecano,0.956027,1.04121,1,2
2021-09-21,Getafe,Atletico Madrid,0.330581,1.47906,1,2
2021-09-21,Levante,Celta Vigo,1.40702,0.739683,0,2
2021-09-22,Espanyol,Alaves,1.61796,0.424815,1,0
2021-09-22,Real Madrid,Mallorca,2.3746,1.19165,6,1
2021-09-22,Sevilla,Valencia,1.20708,0.442431,3,1
2021-09-22,Villarreal,Elche,2.77855,1.09551,4,1
2021-09-23,Cadiz,Barcelona,1.40061,0.361756,0,0
2021-09-23,Granada,Real Sociedad,1.25019,1.58153,2,3
2021-09-23,Osasuna,Real Betis,0.820269,2.20306,1,3
2021-09-25,Alaves,Atletico Madrid,1.19699,0.558059,1,0
2021-09-25,Real Madrid,Villarreal,1.53636,0.666401,0,0
2021-09-25,Sevilla,Espanyol,1.57528,0.478568,2,0
2021-09-25,Valencia,Athletic Club,1.08633,0.830524,1,1
2021-09-26,Barcelona,Levante,3.11328,0.712689,3,0
2021-09-26,Mallorca,Osasuna,2.74158,1.63553,2,3
2021-09-26,Rayo Vallecano,Cadiz,1.89007,1.09997,3,1
2021-09-26,Real Betis,Getafe,2.4642,0.590585,2,0
2021-09-26,Real Sociedad,Elche,2.11835,0.573483,1,0
2021-09-27,Celta Vigo,Granada,1.26658,0.541862,1,0
2021-10-01,Athletic Club,Alaves,2.49402,0.808018,1,0
2021-10-02,Atletico Madrid,Barcelona,1.37412,0.74746,2,0
2021-10-02,Cadiz,Valencia,0.156791,1.43757,0,0
2021-10-02,Mallorca,Levante,0.442135,1.43388,1,0
2021-10-02,Osasuna,Rayo Vallecano,0.657174,0.148539,1,0
2021-10-03,Elche,Celta Vigo,1.39817,0.713553,1,0
2021-10-03,Espanyol,Real Madrid,1.29119,1.62384,2,1
2021-10-03,Getafe,Real Sociedad,0.523662,0.799948,1,1
2021-10-03,Granada,Sevilla,0.0843984,1.4028,1,0
2021-10-03,Villarreal,Real Betis,2.58641,0.527081,2,0
2021-10-16,Levante,Getafe,0.83295,0.557421,0,0
2021-10-16,Real Sociedad,Mallorca,0.404506,0.35977,1,0
2021-10-17,Barcelona,Valencia,2.37862,0.378333,3,1
2021-10-17,Celta Vigo,Sevilla,0.888941,0.828384,0,1
2021-10-17,Rayo Vallecano,Elche,1.10651,0.326072,2,1
2021-10-17,Villarreal,Osasuna,0.713142,0.957297,1,2
2021-10-18,Alaves,Real Betis,1.35769,1.47785,0,1
2021-10-18,Espanyol,Cadiz,1.73503,0.603648,2,0
2021-10-22,Osasuna,Granada,1.24456,0.434896,1,1
2021-10-23,Athletic Club,Villarreal,2.64328,0.605636,2,1
2021-10-23,Cadiz,Alaves,2.00294,1.86733,0,2
2021-10-23,Elche,Espanyol,0.998945,1.05435,2,2
2021-10-23,Valencia,Mallorca,1.47094,0.807566,2,2
2021-10-24,Atletico Madrid,Real Sociedad,1.75286,0.834092,2,2
2021-10-24,Barcelona,Real Madrid,1.58789,1.5463,1,2
2021-10-24,Real Betis,Rayo Vallecano,1.43375,1.16768,3,2
2021-10-24,Sevilla,Levante,1.82952,1.28779,5,3
2021-10-25,Getafe,Celta Vigo,0.461119,2.48108,0,3
2021-10-26,Alaves,Elche,1.81349,0.281657,1,0
2021-10-26,Espanyol,Athletic Club,1.23306,3.68446,1,1
2021-10-26,Villarreal,Cadiz,1.95102,1.53615,3,3
2021-10-27,Mallorca,Sevilla,2.27366,1.42068,1,1
2021-10-27,Rayo Vallecano,Barcelona,0.786282,2.85731,1,0
2021-10-27,Real Betis,Valencia,2.58067,2.17844,4,1
2021-10-27,Real Madrid,Osasuna,0.655438,0.71046,0,0
2021-10-28,Celta Vigo,Real Sociedad,0.995591,1.42714,0,2
2021-10-28,Granada,Getafe,2.26351,0.581107,1,1
2021-10-28,Levante,Atletico Madrid,2.12426,1.33383,2,2
2021-10-30,Barcelona,Alaves,1.56007,0.599628,1,1
2021-10-30,Elche,Real Madrid,1.15068,1.60735,1,2
2021-10-30,Sevilla,Osasuna,2.43378,0.790454,2,0
2021-10-30,Valencia,Villarreal,1.66395,0.804209,2,0
2021-10-31,Atletico Madrid,Real Betis,2.5506,0.521096,3,0
2021-10-31,Cadiz,Mallorca,1.80233,1.03662,1,1
2021-10-31,Getafe,Espanyol,0.951784,0.619895,2,1
2021-10-31,Real Sociedad,Athletic Club,1.05807,1.01149,1,1
2021-11-01,Levante,Granada,1.33088,1.46089,0,3
2021-11-01,Rayo Vallecano,Celta Vigo,0.467972,0.43779,0,0
2021-11-05,Athletic Club,Cadiz,0.584754,0.491777,0,1
2021-11-06,Alaves,Levante,1.53471,0.802633,2,1
2021-11-06,Celta Vigo,Barcelona,1.77068,1.13925,3,3
2021-11-06,Espanyol,Granada,1.76367,2.06874,2,0
2021-11-06,Real Madrid,Rayo Vallecano,2.72626,1.78044,2,1
2021-11-07,Mallorca,Elche,2.04894,0.679919,2,2
2021-11-07,Osasuna,Real Sociedad,0.495749,1.43263,0,2
2021-11-07,Real Betis,Sevilla,0.389163,1.42156,0,2
2021-11-07,Valencia,Atletico Madrid,1.57167,2.63804,3,3
2021-11-07,Villarreal,Getafe,1.49263,0.153162,1,0
2021-11-19,Levante,Athletic Club,0.630763,0.452179,0,0
2021-11-20,Atletico Madrid,Osasuna,1.61044,0.378974,1,0
2021-11-20,Barcelona,Espanyol,1.51262,1.41291,1,0
2021-11-20,Celta Vigo,Villarreal,0.90981,2.71931,1,1
2021-11-20,Sevilla,Alaves,1.37509,1.47367,2,2
2021-11-21,Elche,Real Betis,0.824849,1.60069,0,3
2021-11-21,Getafe,Cadiz,1.54295,0.370193,4,0
2021-11-21,Granada,Real Madrid,0.56422,3.77854,1,4
2021-11-21,Real Sociedad,Valencia,0.405372,0.584859,0,0
2021-11-22,Rayo Vallecano,Mallorca,1.94957,0.827606,3,1
2021-11-26,Athletic Club,Granada,1.33935,0.977596,2,2
2021-11-27,Alaves,Celta Vigo,0.677245,1.54308,1,2
2021-11-27,Mallorca,Getafe,0.472696,0.739333,0,0
2021-11-27,Valencia,Rayo Vallecano,1.58132,2.02852,1,1
2021-11-27,Villarreal,Barcelona,1.55977,3.37249,1,3
2021-11-28,Cadiz,Atletico Madrid,0.766477,3.32569,1,4
2021-11-28,Espanyol,Real Sociedad,0.378098,1.32638,1,0
2021-11-28,Real Betis,Levante,2.3097,0.645945,3,1
2021-11-28,Real Madrid,Sevilla,1.2476,1.30167,2,1
2021-11-29,Osasuna,Elche,2.13729,1.05682,1,1
2021-12-01,Real Madrid,Athletic Club,1.60531,2.70199,1,0
2021-12-03,Granada,Alaves,1.08266,1.38466,2,1
2021-12-04,Atletico Madrid,Mallorca,2.07045,0.775913,1,2
2021-12-04,Barcelona,Real Betis,1.20871,0.642697,0,1
2021-12-04,Real Sociedad,Real Madrid,0.585154,2.19245,0,2
2021-12-04,Sevilla,Villarreal,0.46965,1.90918,1,0
2021-12-05,Celta Vigo,Valencia,0.645079,1.01149,1,2
2021-12-05,Elche,Cadiz,2.33084,1.50592,3,1
2021-12-05,Levante,Osasuna,0.510046,0.250564,0,0
2021-12-05,Rayo Vallecano,Espanyol,0.649198,0.474816,1,0
2021-12-06,Getafe,Athletic Club,1.35736,0.466017,0,0
2021-12-10,Mallorca,Celta Vigo,0.898098,1.33476,0,0
2021-12-11,Alaves,Getafe,0.989074,1.04682,1,1
2021-12-11,Athletic Club,Sevilla,2.35659,0.214536,0,1
2021-12-11,Espanyol,Levante,2.1352,3.38759,4,3
2021-12-11,Valencia,Elche,1.67544,1.12996,2,1
2021-12-12,Osasuna,Barcelona,0.367626,1.3894,2,2
2021-12-12,Real Betis,Real Sociedad,1.21698,1.06737,4,0
2021-12-12,Real Madrid,Atletico Madrid,0.587828,0.769681,2,0
2021-12-12,Villarreal,Rayo Vallecano,2.10964,1.41255,2,0
2021-12-13,Cadiz,Granada,0.6189,1.12436,1,1
2021-12-17,Celta Vigo,Espanyol,1.6562,0.377711,3,1
2021-12-18,Barcelona,Elche,2.96397,1.26552,3,2
2021-12-18,Rayo Vallecano,Alaves,1.87281,0.198501,2,0
2021-12-18,Real Sociedad,Villarreal,1.34561,3.02243,1,3
2021-12-18,Sevilla,Atletico Madrid,0.373147,1.24499,2,1
2021-12-19,Athletic Club,Real Betis,1.1909,2.01927,3,2
2021-12-19,Getafe,Osasuna,1.09096,0.712207,1,0
2021-12-19,Granada,Mallorca,2.71538,1.08613,4,1
2021-12-19,Real Madrid,Cadiz,2.79615,0.242189,0,0
2021-12-20,Levante,Valencia,2.73541,2.10622,3,4
2021-12-21,Sevilla,Barcelona,0.299426,1.90576,1,1
2021-12-21,Villarreal,Alaves,3.87986,0.310052,5,2
2021-12-22,Athletic Club,Real Madrid,1.0933,1.58518,1,2
2021-12-22,Granada,Atletico Madrid,0.911053,1.77937,2,1
2021-12-31,Valencia,Espanyol,0.864078,2.14833,1,2
2022-01-02,Alaves,Real Sociedad,1.5407,1.38111,1,1
2022-01-02,Atletico Madrid,Rayo Vallecano,1.98103,0.104074,2,0
2022-01-02,Elche,Granada,1.44824,0.965958,0,0
2022-01-02,Getafe,Real Madrid,0.900039,0.913167,1,0
2022-01-02,Mallorca,Barcelona,0.988536,1.61795,0,1
2022-01-02,Real Betis,Celta Vigo,0.889436,1.872,0,2
2022-01-03,Cadiz,Sevilla,0.238594,1.28387,0,1
2022-01-03,Osasuna,Athletic Club,0.521945,2.48538,1,3
2022-01-03,Villarreal,Levante,4.19047,0.423407,5,0
2022-01-08,Granada,Barcelona,0.747757,0.967234,1,1
2022-01-08,Levante,Mallorca,1.32485,1.16534,2,0
2022-01-08,Real Madrid,Valencia,4.1129,1.12054,4,1
2022-01-08,Real Sociedad,Celta Vigo,2.32107,0.313993,1,0
2022-01-09,Alaves,Athletic Club,0.585505,0.463719,0,0
2022-01-09,Osasuna,Cadiz,3.13396,0.210192,2,0
2022-01-09,Rayo Vallecano,Real Betis,1.47922,1.26688,1,1
2022-01-09,Sevilla,Getafe,0.592329,0.114607,1,0
2022-01-09,Villarreal,Atletico Madrid,2.56125,0.882404,2,2
2022-01-10,Espanyol,Elche,1.30222,0.662335,1,2
2022-01-16,Elche,Villarreal,0.204155,0.755426,1,0
2022-01-18,Cadiz,Espanyol,0.801983,1.91578,2,2
2022-01-18,Real Betis,Alaves,2.10165,0.260065,4,0
2022-01-19,Celta Vigo,Osasuna,1.52433,0.46556,2,0
2022-01-19,Valencia,Sevilla,0.573449,1.17995,1,1
2022-01-20,Getafe,Granada,1.18065,0.856476,4,2
2022-01-21,Espanyol,Real Betis,1.57092,2.85687,1,4
2022-01-22,Atletico Madrid,Valencia,2.25966,0.726623,3,2
2022-01-22,Levante,Cadiz,1.08487,0.911469,0,2
2022-01-22,Sevilla,Celta Vigo,0.885077,0.469693,2,2
2022-01-22,Villarreal,Mallorca,2.19824,1.59983,3,0
2022-01-23,Alaves,Barcelona,0.733223,1.14948,0,1
2022-01-23,Granada,Osasuna,0.582823,2.17061,0,2
2022-01-23,Rayo Vallecano,Athletic Club,1.45337,0.412898,0,1
2022-01-23,Real Madrid,Elche,3.82847,0.725434,2,2
2022-01-23,Real Sociedad,Getafe,1.21342,0.350506,0,0
2022-02-04,Getafe,Levante,1.1718,0.556029,3,0
2022-02-05,Celta Vigo,Rayo Vallecano,0.65442,0.678815,2,0
2022-02-05,Elche,Alaves,1.77379,1.12234,3,1
2022-02-05,Mallorca,Cadiz,2.23498,0.887418,2,1
2022-02-05,Osasuna,Sevilla,0.397154,1.34983,0,0
2022-02-06,Barcelona,Atletico Madrid,0.926663,1.61465,4,2
2022-02-06,Real Betis,Villarreal,0.737524,1.34131,0,2
2022-02-06,Real Madrid,Granada,1.47173,0.39522,1,0
2022-02-06,Valencia,Real Sociedad,1.19065,0.539612,0,0
2022-02-07,Athletic Club,Espanyol,1.07545,0.580028,2,1
2022-02-11,Sevilla,Elche,0.767939,0.28732,2,0
2022-02-12,Atletico Madrid,Getafe,3.20819,2.2661,4,3
2022-02-12,Cadiz,Celta Vigo,0.880656,0.900788,0,0
2022-02-12,Rayo Vallecano,Osasuna,0.590034,2.12321,0,3
2022-02-12,Villarreal,Real Madrid,0.460031,2.11101,0,0
2022-02-13,Alaves,Valencia,2.03492,1.18082,2,1
2022-02-13,Espanyol,Barcelona,0.624266,1.62221,2,2
2022-02-13,Levante,Real Betis,1.66764,2.09703,2,4
2022-02-13,Real Sociedad,Granada,3.43761,0.773811,2,0
2022-02-14,Mallorca,Athletic Club,1.81722,1.54391,3,2
2022-02-16,Atletico Madrid,Levante,1.10602,0.813252,0,1
2022-02-18,Elche,Rayo Vallecano,2.95715,0.832156,2,1
2022-02-19,Cadiz,Getafe,0.653762,0.885378,1,1
2022-02-19,Granada,Villarreal,2.12749,5.34192,1,4
2022-02-19,Osasuna,Atletico Madrid,0.689493,0.928671,0,3
2022-02-19,Real Madrid,Alaves,3.02281,0.63724,3,0
2022-02-20,Athletic Club,Real Sociedad,3.08821,0.528403,4,0
2022-02-20,Espanyol,Sevilla,1.60205,0.958453,1,1
2022-02-20,Real Betis,Mallorca,1.47285,0.33988,2,1
2022-02-20,Valencia,Barcelona,0.774868,2.4686,1,4
2022-02-21,Celta Vigo,Levante,1.40465,1.54675,1,1
2022-02-25,Levante,Elche,2.13075,1.0394,3,0
2022-02-26,Atletico Madrid,Celta Vigo,0.771653,0.724951,2,0
2022-02-26,Getafe,Alaves,1.2384,1.33865,2,2
2022-02-26,Mallorca,Valencia,1.38849,0.71964,0,1
2022-02-26,Rayo Vallecano,Real Madrid,1.19813,1.92697,0,1
2022-02-27,Barcelona,Athletic Club,3.24274,0.332521,4,0
2022-02-27,Real Sociedad,Osasuna,1.52268,0.410683,1,0
2022-02-27,Sevilla,Real Betis,1.73411,0.745673,2,1
2022-02-27,Villarreal,Espanyol,4.80545,0.641431,5,1
2022-02-28,Granada,Cadiz,0.240876,0.902122,0,0
2022-03-02,Mallorca,Real Sociedad,0.455768,1.44904,0,2
2022-03-04,Alaves,Sevilla,2.03396,1.07969,0,0
2022-03-05,Espanyol,Getafe,0.12167,0.477665,2,0
2022-03-05,Osasuna,Villarreal,1.52659,0.522906,1,0
2022-03-05,Real Madrid,Real Sociedad,2.08769,0.743278,4,1
2022-03-05,Valencia,Granada,1.83454,0.209802,3,1
2022-03-06,Cadiz,Rayo Vallecano,1.1663,0.908358,2,0
2022-03-06,Celta Vigo,Mallorca,2.80024,1.59076,4,3
2022-03-06,Elche,Barcelona,0.850008,4.0864,1,2
2022-03-06,Real Betis,Atletico Madrid,1.31499,2.6744,1,3
2022-03-07,Athletic Club,Levante,3.4866,0.552215,3,1
2022-03-11,Atletico Madrid,Cadiz,0.659742,0.817457,2,1
2022-03-12,Getafe,Valencia,1.20664,0.250843,0,0
2022-03-12,Granada,Elche,1.34208,1.32937,0,1
2022-03-12,Levante,Espanyol,1.25649,0.47916,1,1
2022-03-12,Villarreal,Celta Vigo,1.16993,0.933297,1,0
2022-03-13,Barcelona,Osasuna,3.90343,0.110884,4,0
2022-03-13,Rayo Vallecano,Sevilla,0.626895,0.412843,1,1
2022-03-13,Real Betis,Athletic Club,0.846393,0.707634,1,0
2022-03-13,Real Sociedad,Alaves,3.04773,0.666399,1,0
2022-03-14,Mallorca,Real Madrid,1.17685,1.81712,0,3
2022-03-18,Athletic Club,Getafe,2.64347,0.562831,1,1
2022-03-19,Alaves,Granada,2.13094,2.19056,2,3
2022-03-19,Elche,Valencia,0.509372,0.979663,0,1
2022-03-19,Osasuna,Levante,2.67397,1.21866,3,1
2022-03-19,Rayo Vallecano,Atletico Madrid,1.88474,1.1919,0,1
2022-03-20,Cadiz,Villarreal,1.4273,0.192945,1,0
2022-03-20,Celta Vigo,Real Betis,1.26157,0.444295,0,0
2022-03-20,Espanyol,Mallorca,1.54033,0.306153,1,0
2022-03-20,Real Madrid,Barcelona,0.627785,4.25983,0,4
2022-03-20,Sevilla,Real Sociedad,0.355365,1.22058,0,0
2022-04-02,Atletico Madrid,Alaves,2.86429,0.518108,4,1
2022-04-02,Celta Vigo,Real Madrid,1.07389,2.94585,1,2
2022-04-02,Getafe,Mallorca,1.69452,0.308149,1,0
2022-04-02,Levante,Villarreal,1.71737,1.10171,2,0
2022-04-03,Athletic Club,Elche,2.08095,0.45189,2,1
2022-04-03,Barcelona,Sevilla,1.93362,0.488161,1,0
2022-04-03,Granada,Rayo Vallecano,2.26365,1.04645,2,2
2022-04-03,Real Betis,Osasuna,4.85779,0.310951,4,1
2022-04-03,Valencia,Cadiz,0.107859,0.196233,0,0
2022-04-04,Real Sociedad,Espanyol,1.95778,0.714821,1,0
2022-04-08,Sevilla,Granada,3.30823,0.981555,4,2
2022-04-09,Cadiz,Real Betis,1.15546,1.22849,1,2
2022-04-09,Mallorca,Atletico Madrid,1.08047,0.575266,1,0
2022-04-09,Real Madrid,Getafe,1.62196,0.407933,2,0
2022-04-09,Villarreal,Athletic Club,0.919935,2.04982,1,1
2022-04-10,Elche,Real Sociedad,1.0483,2.08213,1,2
2022-04-10,Espanyol,Celta Vigo,1.55824,0.6961,1,0
2022-04-10,Levante,Barcelona,2.98698,1.36074,2,3
2022-04-10,Osasuna,Alaves,2.67295,0.779772,1,0
2022-04-11,Rayo Vallecano,Valencia,0.556213,0.56958,1,1
2022-04-15,Real Sociedad,Real Betis,0.86796,0.377534,0,0
2022-04-16,Alaves,Rayo Vallecano,0.531373,1.22034,1,0
2022-04-16,Elche,Mallorca,1.49995,1.06428,3,0
2022-04-16,Getafe,Villarreal,0.939154,2.82388,1,2
2022-04-16,Valencia,Osasuna,1.20904,1.06317,1,2
2022-04-17,Athletic Club,Celta Vigo,0.910556,0.882589,0,2
2022-04-17,Atletico Madrid,Espanyol,1.58913,0.814562,2,1
2022-04-17,Granada,Levante,1.15642,4.45893,1,4
2022-04-17,Sevilla,Real Madrid,1.17236,1.53527,2,3
2022-04-18,Barcelona,Cadiz,1.35403,1.92768,0,1
2022-04-19,Mallorca,Alaves,0.91373,0.561806,2,1
2022-04-19,Real Betis,Elche,1.34387,0.834721,0,1
2022-04-19,Villarreal,Valencia,2.79507,0.313345,2,0
2022-04-20,Atletico Madrid,Granada,1.14761,0.150986,0,0
2022-04-20,Celta Vigo,Getafe,0.326278,1.45896,0,2
2022-04-20,Osasuna,Real Madrid,0.872915,4.60461,1,3
2022-04-21,Cadiz,Athletic Club,3.42624,2.33226,2,3
2022-04-21,Espanyol,Rayo Vallecano,0.454741,1.01579,0,1
2022-04-21,Levante,Sevilla,2.62106,2.46009,2,3
2022-04-21,Real Sociedad,Barcelona,1.0324,1.96498,0,1
2022-04-24,Barcelona,Rayo Vallecano,1.10806,0.247749,0,1
2022-04-29,Sevilla,Cadiz,0.873458,0.899478,1,1
2022-04-30,Alaves,Villarreal,1.85307,1.14043,2,1
2022-04-30,Athletic Club,Atletico Madrid,1.24712,0.503211,2,0
2022-04-30,Real Madrid,Espanyol,2.31704,1.64156,4,0
2022-04-30,Valencia,Levante,0.737326,1.70278,1,1
2022-05-01,Barcelona,Mallorca,1.64114,1.23981,2,1
2022-05-01,Elche,Osasuna,0.80936,1.11898,1,1
2022-05-01,Granada,Celta Vigo,0.999398,1.30137,1,1
2022-05-01,Rayo Vallecano,Real Sociedad,1.19946,0.87498,1,1
2022-05-02,Getafe,Real Betis,0.851757,0.470229,0,0
2022-05-06,Levante,Real Sociedad,2.22217,2.30649,2,1
2022-05-07,Athletic Club,Valencia,1.54495,0.127375,0,0
2022-05-07,Cadiz,Elche,2.02383,0.0634173,3,0
2022-05-07,Celta Vigo,Alaves,2.99933,0.136283,4,0
2022-05-07,Mallorca,Granada,1.77941,2.64631,2,6
2022-05-07,Real Betis,Barcelona,0.627814,1.19659,1,2
2022-05-08,Atletico Madrid,Real Madrid,2.45366,1.13607,1,0
2022-05-08,Espanyol,Osasuna,0.56923,1.11008,1,1
2022-05-08,Getafe,Rayo Vallecano,0.629264,0.816549,0,0
2022-05-08,Villarreal,Sevilla,2.70051,0.986887,1,1
2022-05-10,Barcelona,Celta Vigo,1.23358,0.851127,3,1
2022-05-10,Granada,Athletic Club,1.01967,0.35575,1,0
2022-05-10,Valencia,Real Betis,1.11931,1.83636,0,3
2022-05-11,Alaves,Espanyol,2.4573,0.902191,2,1
2022-05-11,Elche,Atletico Madrid,0.169168,2.61258,0,2
2022-05-11,Osasuna,Getafe,0.608205,0.582724,1,1
2022-05-11,Sevilla,Mallorca,1.65199,0.553368,0,0
2022-05-12,Rayo Vallecano,Villarreal,1.8933,2.9178,1,5
2022-05-12,Real Madrid,Levante,4.89552,0.695945,6,0
2022-05-12,Real Sociedad,Cadiz,2.65814,0.675387,3,0
2022-05-15,Athletic Club,Osasuna,1.47829,0.764272,2,0
2022-05-15,Atletico Madrid,Sevilla,0.892826,0.794179,1,1
2022-05-15,Cadiz,Real Madrid,2.66633,1.92483,1,1
2022-05-15,Celta Vigo,Elche,1.5573,0.445721,1,0
2022-05-15,Espanyol,Valencia,0.59873,2.2262,1,1
2022-05-15,Getafe,Barcelona,0.237476,0.19547,0,0
2022-05-15,Levante,Alaves,2.14717,0.571687,3,1
2022-05-15,Mallorca,Rayo Vallecano,0.945419,2.04546,2,1
2022-05-15,Real Betis,Granada,1.70154,1.15584,2,0
2022-05-15,Villarreal,Real Sociedad,1.01013,2.72677,1,2
2022-05-20,Rayo Vallecano,Levante,2.7327,3.28491,2,4
2022-05-20,Real Madrid,Real Betis,1.8155,1.43562,0,0
2022-05-21,Valencia,Celta Vigo,1.47889,1.40936,2,0
2022-05-22,Alaves,Cadiz,0.391505,1.84089,0,1
2022-05-22,Barcelona,Villarreal,0.628178,0.68657,0,2
2022-05-22,Elche,Getafe,3.02536,1.06857,3,1
2022-05-22,Granada,Espanyol,2.0332,0.386799,0,0
2022-05-22,Osasuna,Mallorca,0.897014,1.2351,0,2
2022-05-22,Real Sociedad,Atletico Madrid,2.21737,0.586617,1,2
2022-05-22,Sevilla,Athletic Club,1.41239,0.487249,1,0
2022-08-12,Osasuna,Sevilla,1.35571,0.965574,2,1
2022-08-13,Barcelona,Rayo Vallecano,1.37129,0.77153,0,0
2022-08-13,Celta Vigo,Espanyol,0.347363,1.0334,2,2
2022-08-13,Real Valladolid,Villarreal,0.859075,1.39509,0,3
2022-08-14,Almeria,Real Madrid,0.80073,3.11412,1,2
2022-08-14,Cadiz,Real Sociedad,0.294358,2.64367,0,1
2022-08-14,Valencia,Girona,1.87878,0.132198,1,0
2022-08-15,Athletic Club,Mallorca,1.60559,0.476414,0,0
2022-08-15,Getafe,Atletico Madrid,1.14045,1.48417,0,3
2022-08-15,Real Betis,Elche,3.99664,0.29379,3,0
2022-08-19,Espanyol,Rayo Vallecano,0.904012,1.69789,0,2
2022-08-19,Sevilla,Real Valladolid,1.95115,0.557629,1,1
2022-08-20,Celta Vigo,Real Madrid,1.31973,3.59631,1,4
2022-08-20,Mallorca,Real Betis,1.46761,2.21648,1,2
2022-08-20,Osasuna,Cadiz,2.92362,1.01741,2,0
2022-08-21,Athletic Club,Valencia,0.761587,0.676158,1,0
2022-08-21,Atletico Madrid,Villarreal,1.5852,1.9825,0,2
2022-08-21,Real Sociedad,Barcelona,0.79913,2.04035,1,4
2022-08-22,Elche,Almeria,0.899007,0.969747,1,1
2022-08-22,Girona,Getafe,1.52171,0.692785,3,1
2022-08-26,Girona,Celta Vigo,0.566228,0.625546,0,1
2022-08-26,Real Betis,Osasuna,0.507146,0.910349,1,0
2022-08-27,Almeria,Sevilla,2.15407,1.37889,2,1
2022-08-27,Elche,Real Sociedad,1.23504,1.81171,0,1
2022-08-27,Rayo Vallecano,Mallorca,0.864794,0.855715,0,2
2022-08-28,Barcelona,Real Valladolid,3.28674,0.720063,4,0
2022-08-28,Espanyol,Real Madrid,1.63359,2.04602,1,3
2022-08-28,Getafe,Villarreal,0.273957,1.13195,0,0
2022-08-29,Cadiz,Athletic Club,0.239303,3.18677,0,4
2022-08-29,Valencia,Atletico Madrid,0.65396,1.97507,0,1
2022-09-02,Celta Vigo,Cadiz,1.50986,0.234828,3,0
2022-09-03,Mallorca,Girona,0.895835,1.09499,1,1
2022-09-03,Real Madrid,Real Betis,3.20593,0.333406,2,1
2022-09-03,Real Sociedad,Atletico Madrid,1.75154,2.24791,1,1
2022-09-03,Sevilla,Barcelona,0.829157,4.67838,0,3
2022-09-04,Athletic Club,Espanyol,1.24661,1.11365,0,1
2022-09-04,Osasuna,Rayo Vallecano,3.1751,0.179917,2,1
2022-09-04,Valencia,Getafe,2.92757,0.572495,5,1
2022-09-04,Villarreal,Elche,3.5829,0.21919,4,0
2022-09-05,Real Valladolid,Almeria,2.12493,0.505353,1,0
2022-09-09,Girona,Real Valladolid,2.59252,0.510622,2,1
2022-09-10,Atletico Madrid,Celta Vigo,0.92341,1.30565,4,1
2022-09-10,Cadiz,Barcelona,0.24818,2.66856,0,4
2022-09-10,Espanyol,Sevilla,2.37055,2.32043,2,3
2022-09-10,Rayo Vallecano,Valencia,2.01158,2.18195,2,1
2022-09-11,Elche,Athletic Club,0.748083,3.2386,1,4
2022-09-11,Getafe,Real Sociedad,1.06907,1.32142,2,1
2022-09-11,Real Betis,Villarreal,1.61505,2.44235,1,0
2022-09-11,Real Madrid,Mallorca,2.21791,0.950984,4,1
2022-09-12,Almeria,Osasuna,0.166505,2.14,0,1
2022-09-16,Real Valladolid,Cadiz,1.98829,0.523314,0,1
2022-09-17,Athletic Club,Rayo Vallecano,2.17305,0.62187,3,2
2022-09-17,Barcelona,Elche,5.17903,0.0129931,3,0
2022-09-17,Mallorca,Almeria,0.968715,0.297582,1,0
2022-09-17,Valencia,Celta Vigo,1.91153,0.587167,3,0
2022-09-18,Atletico Madrid,Real Madrid,1.10431,1.09277,1,2
2022-09-18,Osasuna,Getafe,1.1323,1.43239,0,2
2022-09-18,Real Betis,Girona,1.49153,1.34699,2,1
2022-09-18,Real Sociedad,Espanyol,2.35791,1.28945,2,1
2022-09-18,Villarreal,Sevilla,2.10358,0.436539,1,1
2022-09-30,Athletic Club,Almeria,2.55531,0.42606,4,0
2022-10-01,Cadiz,Villarreal,1.06071,1.43089,0,0
2022-10-01,Getafe,Real Valladolid,2.50588,1.32186,2,3
2022-10-01,Mallorca,Barcelona,0.925106,0.636371,0,1
2022-10-01,Sevilla,Atletico Madrid,0.362804,2.12095,0,2
2022-10-02,Celta Vigo,Real Betis,0.892987,1.10607,1,0
2022-10-02,Espanyol,Valencia,0.738099,1.35604,2,2
2022-10-02,Girona,Real Sociedad,0.932579,2.23639,3,5
2022-10-02,Real Madrid,Osasuna,2.56301,0.466155,1,1
2022-10-03,Rayo Vallecano,Elche,0.651238,0.924633,2,1
2022-10-07,Osasuna,Valencia,1.96282,2.73352,1,2
2022-10-08,Almeria,Rayo Vallecano,1.05684,0.893142,3,1
2022-10-08,Atletico Madrid,Girona,2.19801,0.721587,2,1
2022-10-08,Getafe,Real Madrid,0.262283,1.48053,0,1
2022-10-08,Sevilla,Athletic Club,1.35598,1.91863,1,1
2022-10-09,Barcelona,Celta Vigo,1.98459,1.35022,1,0
2022-10-09,Cadiz,Espanyol,1.33811,1.47057,2,2
2022-10-09,Real Sociedad,Villarreal,2.37138,0.221593,1,0
2022-10-09,Real Valladolid,Real Betis,0.662444,0.545154,0,0
2022-10-10,Elche,Mallorca,0.334856,2.69714,1,1
2022-10-14,Rayo Vallecano,Getafe,1.11946,0.395734,0,0
2022-10-15,Athletic Club,Atletico Madrid,1.33263,0.463248,0,1
2022-10-15,Girona,Cadiz,2.36044,1.3467,1,1
2022-10-15,Mallorca,Sevilla,1.41043,0.176713,0,1
2022-10-15,Valencia,Elche,3.04132,1.30317,2,2
2022-10-16,Celta Vigo,Real Sociedad,0.482536,1.17936,1,2
2022-10-16,Espanyol,Real Valladolid,1.63127,0.552288,1,0
2022-10-16,Real Betis,Almeria,3.19417,1.11551,3,1
2022-10-16,Real Madrid,Barcelona,1.46965,1.66548,3,1
2022-10-17,Villarreal,Osasuna,2.15273,0.33234,2,0
2022-10-18,Atletico Madrid,Rayo Vallecano,0.817771,1.61962,1,1
2022-10-18,Getafe,Athletic Club,0.753077,1.10208,2,2
2022-10-18,Sevilla,Valencia,1.19743,1.71123,1,1
2022-10-19,Cadiz,Real Betis,0.74688,1.22222,0,0
2022-10-19,Elche,Real Madrid,1.04972,1.6151,0,3
2022-10-19,Real Sociedad,Mallorca,2.16436,1.09436,1,0
2022-10-19,Real Valladolid,Celta Vigo,1.63342,2.03107,4,1
2022-10-20,Almeria,Girona,2.08595,2.65444,3,2
2022-10-20,Barcelona,Villarreal,3.61604,0.503294,3,0
2022-10-20,Osasuna,Espanyol,1.02851,1.44867,1,0
2022-10-22,Rayo Vallecano,Cadiz,3.88516,0.642193,5,1
2022-10-22,Real Madrid,Sevilla,2.17678,0.518059,3,1
2022-10-22,Real Valladolid,Real Sociedad,0.785666,0.82513,1,0
2022-10-22,Valencia,Mallorca,1.07022,1.25148,1,2
2022-10-23,Barcelona,Athletic Club,2.13539,0.240803,4,0
2022-10-23,Espanyol,Elche,2.18547,0.318561,2,2
2022-10-23,Girona,Osasuna,0.666875,0.693721,1,1
2022-10-23,Real Betis,Atletico Madrid,1.33076,0.585496,1,2
2022-10-23,Villarreal,Almeria,0.852495,1.24152,2,1
2022-10-24,Celta Vigo,Getafe,0.821869,0.226128,1,1
2022-10-28,Mallorca,Espanyol,1.19,0.248446,1,1
2022-10-29,Almeria,Celta Vigo,2.30529,0.197875,3,1
2022-10-29,Cadiz,Atletico Madrid,1.58908,1.79745,3,2
2022-10-29,Sevilla,Rayo Vallecano,0.978055,0.773435,0,1
2022-10-29,Valencia,Barcelona,0.187414,2.33418,0,1
2022-10-30,Athletic Club,Villarreal,2.05689,0.221451,1,0
2022-10-30,Osasuna,Real Valladolid,1.90028,0.330479,2,0
2022-10-30,Real Madrid,Girona,2.65755,1.99848,1,1
2022-10-30,Real Sociedad,Real Betis,1.28165,1.34514,0,2
2022-10-31,Elche,Getafe,1.22713,0.372744,0,1
2022-11-04,Girona,Athletic Club,1.06554,0.81175,2,1
2022-11-05,Barcelona,Almeria,4.33587,0.538049,2,0
2022-11-05,Celta Vigo,Osasuna,0.824768,0.360091,1,2
2022-11-05,Getafe,Cadiz,0.517067,1.24542,0,0
2022-11-05,Real Valladolid,Elche,2.81292,0.198499,2,1
2022-11-06,Atletico Madrid,Espanyol,2.02314,0.870622,1,1
2022-11-06,Real Betis,Sevilla,1.13067,1.49591,1,1
2022-11-06,Real Sociedad,Valencia,1.45821,0.795825,1,1
2022-11-06,Villarreal,Mallorca,0.429852,0.704012,0,2
2022-11-07,Rayo Vallecano,Real Madrid,1.65854,2.21264,3,2
2022-11-08,Athletic Club,Real Valladolid,2.65727,0.481138,3,0
2022-11-08,Elche,Girona,0.914455,2.20883,1,2
2022-11-08,Osasuna,Barcelona,1.23564,1.01467,1,2
2022-11-09,Almeria,Getafe,0.346293,0.451929,1,0
2022-11-09,Espanyol,Villarreal,0.841866,0.750078,0,1
2022-11-09,Mallorca,Atletico Madrid,1.46593,1.50598,1,0
2022-11-09,Sevilla,Real Sociedad,0.69755,2.18846,1,2
2022-11-10,Rayo Vallecano,Celta Vigo,0.442488,0.677591,0,0
2022-11-10,Real Madrid,Cadiz,1.73107,1.11674,2,1
2022-11-10,Valencia,Real Betis,2.2469,0.307626,3,0
2022-12-29,Atletico Madrid,Elche,1.74436,0.568911,2,0
2022-12-29,Girona,Rayo Vallecano,2.26829,1.3213,2,2
2022-12-29,Real Betis,Athletic Club,0.541791,0.358148,0,0
2022-12-30,Cadiz,Almeria,1.57833,2.22992,1,1
2022-12-30,Celta Vigo,Sevilla,1.66459,0.594381,1,1
2022-12-30,Getafe,Mallorca,1.32751,0.359715,2,0
2022-12-30,Real Valladolid,Real Madrid,0.535068,2.5342,0,2
2022-12-31,Barcelona,Espanyol,2.74555,0.846842,1,1
2022-12-31,Real Sociedad,Osasuna,1.54314,0.305627,2,0
2022-12-31,Villarreal,Valencia,2.37349,1.16707,2,1
2023-01-06,Elche,Celta Vigo,1.14494,1.9713,0,1
2023-01-06,Valencia,Cadiz,0.495475,0.434224,0,1
2023-01-07,Espanyol,Girona,1.26728,1.65781,2,2
2023-01-07,Mallorca,Real Valladolid,1.52838,0.434531,1,0
2023-01-07,Villarreal,Real Madrid,2.41742,2.16674,2,1
2023-01-08,Almeria,Real Sociedad,0.30978,2.11666,0,2
2023-01-08,Atletico Madrid,Barcelona,1.93573,1.23617,0,1
2023-01-08,Rayo Vallecano,Real Betis,1.38976,0.735098,1,2
2023-01-08,Sevilla,Getafe,1.21643,1.17518,2,1
2023-01-09,Athletic Club,Osasuna,1.17556,0.427681,0,0
2023-01-13,Celta Vigo,Villarreal,2.45811,0.105032,1,1
2023-01-14,Girona,Sevilla,2.8461,0.784402,2,1
2023-01-14,Osasuna,Mallorca,1.19142,0.523266,1,0
2023-01-14,Real Sociedad,Athletic Club,1.88839,0.265103,3,1
2023-01-14,Real Valladolid,Rayo Vallecano,0.611009,1.16996,0,1
2023-01-15,Almeria,Atletico Madrid,1.08212,2.08354,1,1
2023-01-15,Getafe,Espanyol,0.496479,0.460177,1,2
2023-01-16,Cadiz,Elche,1.40204,0.654686,1,1
2023-01-20,Mallorca,Celta Vigo,0.403993,0.425448,1,0
2023-01-21,Atletico Madrid,Real Valladolid,4.11414,0.421793,3,0
2023-01-21,Espanyol,Real Betis,2.16171,0.835514,1,0
2023-01-21,Rayo Vallecano,Real Sociedad,0.64183,1.43612,0,2
2023-01-21,Sevilla,Cadiz,1.66028,0.0765073,1,0
2023-01-22,Athletic Club,Real Madrid,1.15604,0.946951,0,2
2023-01-22,Barcelona,Getafe,0.712066,1.2457,1,0
2023-01-22,Elche,Osasuna,2.36237,0.607835,1,1
2023-01-22,Villarreal,Girona,2.79546,0.637476,1,0
2023-01-23,Valencia,Almeria,2.70702,1.68834,2,2
2023-01-27,Almeria,Espanyol,2.17998,0.805809,3,1
2023-01-28,Cadiz,Mallorca,1.8313,0.306812,2,0
2023-01-28,Getafe,Real Betis,0.206383,2.00036,0,1
2023-01-28,Girona,Barcelona,0.893789,0.981042,0,1
2023-01-28,Sevilla,Elche,3.27297,0.340633,3,0
2023-01-29,Celta Vigo,Athletic Club,0.614646,0.232576,1,0
2023-01-29,Osasuna,Atletico Madrid,0.741393,1.29745,0,1
2023-01-29,Real Madrid,Real Sociedad,1.40476,0.370087,0,0
2023-01-29,Real Valladolid,Valencia,1.47049,1.05725,1,0
2023-01-30,Villarreal,Rayo Vallecano,1.19676,0.830107,0,1
2023-02-01,Real Betis,Barcelona,0.760581,2.38335,1,2
2023-02-02,Real Madrid,Valencia,2.60454,0.213484,2,0
2023-02-03,Athletic Club,Cadiz,2.30209,1.55348,4,1
2023-02-04,Atletico Madrid,Getafe,1.01341,1.13659,1,1
2023-02-04,Elche,Villarreal,2.88986,1.48923,3,1
2023-02-04,Espanyol,Osasuna,1.56394,0.919455,1,1
2023-02-04,Real Betis,Celta Vigo,3.54117,2.30434,3,4
2023-02-05,Barcelona,Sevilla,3.09763,0.0413799,3,0
2023-02-05,Girona,Valencia,2.57015,0.877751,1,0
2023-02-05,Mallorca,Real Madrid,0.241595,1.39842,1,0
2023-02-05,Real Sociedad,Real Valladolid,1.21593,0.781504,0,1
2023-02-06,Rayo Vallecano,Almeria,1.38079,1.37549,2,0
2023-02-10,Cadiz,Girona,0.717862,0.213596,2,0
2023-02-11,Almeria,Real Betis,2.00937,3.30673,2,3
2023-02-11,Sevilla,Mallorca,2.16804,0.206824,2,0
2023-02-11,Valencia,Athletic Club,1.6755,1.34748,1,2
2023-02-12,Celta Vigo,Atletico Madrid,1.057,0.955578,0,1
2023-02-12,Getafe,Rayo Vallecano,1.23739,1.70522,1,1
2023-02-12,Real Valladolid,Osasuna,1.96448,1.03574,0,0
2023-02-12,Villarreal,Barcelona,1.05151,1.37827,0,1
2023-02-13,Espanyol,Real Sociedad,1.25733,1.20722,2,3
2023-02-15,Real Madrid,Elche,4.04364,0.619125,4,0
2023-02-17,Girona,Almeria,3.22586,1.23696,6,2
2023-02-18,Mallorca,Villarreal,2.74393,1.01893,4,2
2023-02-18,Osasuna,Real Madrid,0.400542,1.86475,0,2
2023-02-18,Real Betis,Real Valladolid,2.21822,0.97905,2,1
2023-02-18,Real Sociedad,Celta Vigo,1.52902,1.34253,1,1
2023-02-19,Atletico Madrid,Athletic Club,1.06493,1.00816,1,0
2023-02-19,Barcelona,Cadiz,2.28935,1.404,2,0
2023-02-19,Elche,Espanyol,1.60154,1.35887,0,1
2023-02-19,Rayo Vallecano,Sevilla,1.37468,0.476153,1,1
2023-02-20,Getafe,Valencia,2.13388,1.09398,1,0
2023-02-24,Elche,Real Betis,0.883935,4.05176,2,3
2023-02-25,Cadiz,Rayo Vallecano,0.816453,0.407208,1,0
2023-02-25,Espanyol,Mallorca,1.99389,0.557974,2,1
2023-02-25,Real Madrid,Atletico Madrid,1.56317,0.217661,1,1
2023-02-25,Valencia,Real Sociedad,0.636111,0.817876,1,0
2023-02-26,Almeria,Barcelona,0.828027,1.15571,1,0
2023-02-26,Athletic Club,Girona,1.34464,1.33877,2,3
2023-02-26,Celta Vigo,Real Valladolid,2.97597,0.902118,3,0
2023-02-26,Sevilla,Osasuna,2.38177,1.34283,2,3
2023-02-27,Villarreal,Getafe,1.9115,0.467981,2,1
2023-03-03,Real Sociedad,Cadiz,1.07575,0.847252,0,0
2023-03-04,Almeria,Villarreal,0.371041,2.37286,0,2
2023-03-04,Atletico Madrid,Sevilla,3.05182,1.76791,6,1
2023-03-04,Getafe,Girona,1.86918,0.845978,3,2
2023-03-04,Mallorca,Elche,0.96231,0.957134,0,1
2023-03-05,Barcelona,Valencia,2.09199,0.629336,1,0
2023-03-05,Rayo Vallecano,Athletic Club,0.853959,1.25683,0,0
2023-03-05,Real Betis,Real Madrid,0.59294,1.14462,0,0
2023-03-05,Real Valladolid,Espanyol,1.38048,0.946065,2,1
2023-03-06,Osasuna,Celta Vigo,1.16313,0.726128,0,0
2023-03-10,Cadiz,Getafe,1.73207,2.6986,2,2
2023-03-11,Celta Vigo,Rayo Vallecano,2.13766,0.697265,3,0
2023-03-11,Elche,Real Valladolid,2.80287,0.246865,1,1
2023-03-11,Real Madrid,Espanyol,1.78234,1.10182,3,1
2023-03-11,Valencia,Osasuna,1.84171,0.257674,1,0
2023-03-12,Athletic Club,Barcelona,1.13701,0.724931,0,1
2023-03-12,Mallorca,Real Sociedad,1.4638,0.683339,1,1
2023-03-12,Sevilla,Almeria,3.15875,1.51939,2,1
2023-03-12,Villarreal,Real Betis,1.33264,1.03133,1,1
2023-03-13,Girona,Atletico Madrid,0.301909,1.80682,0,1
2023-03-17,Real Valladolid,Athletic Club,1.08382,2.34513,1,3
2023-03-18,Almeria,Cadiz,2.69365,1.13127,1,1
2023-03-18,Atletico Madrid,Valencia,3.36294,0.68946,3,0
2023-03-18,Espanyol,Celta Vigo,1.7106,1.63211,1,3
2023-03-18,Rayo Vallecano,Girona,1.71981,1.50856,2,2
2023-03-19,Barcelona,Real Madrid,1.66532,0.524212,2,1
2023-03-19,Getafe,Sevilla,2.0733,0.81914,2,0
2023-03-19,Osasuna,Villarreal,1.15562,1.5875,0,3
2023-03-19,Real Betis,Mallorca,0.606846,0.140478,1,0
2023-03-19,Real Sociedad,Elche,2.69405,0.0819691,2,0
2023-03-31,Mallorca,Osasuna,0.433196,0.507781,0,0
2023-04-01,Athletic Club,Getafe,0.751393,0.723494,0,0
2023-04-01,Cadiz,Sevilla,0.691241,1.72869,0,2
2023-04-01,Elche,Barcelona,0.508304,1.61804,0,4
2023-04-01,Girona,Espanyol,1.45036,0.946182,2,1
2023-04-02,Atletico Madrid,Real Betis,1.70131,0.371436,1,0
2023-04-02,Celta Vigo,Almeria,2.13933,1.23651,2,2
2023-04-02,Real Madrid,Real Valladolid,4.82721,0.719567,6,0
2023-04-02,Villarreal,Real Sociedad,2.80501,0.912497,2,0
2023-04-03,Valencia,Rayo Vallecano,2.71116,0.645345,1,1
2023-04-07,Sevilla,Celta Vigo,0.475247,0.611169,2,2
2023-04-08,Espanyol,Athletic Club,1.16752,2.73876,1,2
2023-04-08,Osasuna,Elche,1.68972,0.657812,2,1
2023-04-08,Real Madrid,Villarreal,2.23296,1.24489,2,3
2023-04-08,Real Sociedad,Getafe,2.1178,0.243923,2,0
2023-04-09,Almeria,Valencia,1.49927,1.08869,2,1
2023-04-09,Rayo Vallecano,Atletico Madrid,0.564426,2.36535,1,2
2023-04-09,Real Betis,Cadiz,1.58835,2.85597,0,2
2023-04-09,Real Valladolid,Mallorca,0.948859,1.98329,3,3
2023-04-10,Barcelona,Girona,1.05077,0.491057,0,0
2023-04-14,Rayo Vallecano,Osasuna,1.08431,0.373133,2,1
2023-04-15,Athletic Club,Real Sociedad,1.00026,1.71232,2,0
2023-04-15,Cadiz,Real Madrid,0.583718,4.49059,0,2
2023-04-15,Real Betis,Espanyol,1.965,0.616302,3,1
2023-04-15,Villarreal,Real Valladolid,1.99484,2.41465,1,2
2023-04-16,Atletico Madrid,Almeria,2.51151,0.058186,2,1
2023-04-16,Getafe,Barcelona,0.621219,1.04627,0,0
2023-04-16,Girona,Elche,1.22906,0.577847,2,0
2023-04-16,Valencia,Sevilla,0.527847,1.46976,0,2
2023-04-17,Celta Vigo,Mallorca,0.469148,1.18361,0,1
2023-04-21,Espanyol,Cadiz,1.52285,1.12699,0,0
2023-04-22,Almeria,Athletic Club,0.573355,1.83476,1,2
2023-04-22,Osasuna,Real Betis,1.63275,1.99331,3,2
2023-04-22,Real Madrid,Celta Vigo,1.81403,0.744532,2,0
2023-04-22,Real Sociedad,Rayo Vallecano,0.814682,0.359842,2,1
2023-04-22,Real Valladolid,Girona,1.11143,1.0586,1,0
2023-04-23,Barcelona,Atletico Madrid,2.12803,0.714419,1,0
2023-04-23,Elche,Valencia,0.795158,1.05313,0,2
2023-04-23,Mallorca,Getafe,1.917,0.118861,3,1
2023-04-23,Sevilla,Villarreal,0.853114,2.13506,2,1
2023-04-25,Cadiz,Osasuna,1.4054,0.865548,0,1
2023-04-25,Girona,Real Madrid,2.4202,1.63006,4,2
2023-04-25,Real Betis,Real Sociedad,0.7286,0.607061,0,0
2023-04-26,Atletico Madrid,Mallorca,2.61545,0.741129,3,1
2023-04-26,Celta Vigo,Elche,1.4351,1.48138,1,0
2023-04-26,Getafe,Almeria,1.66712,2.08963,1,2
2023-04-26,Rayo Vallecano,Barcelona,0.862266,1.00988,2,1
2023-04-27,Athletic Club,Sevilla,0.194682,1.00143,0,1
2023-04-27,Valencia,Real Valladolid,0.900084,0.993149,2,1
2023-04-27,Villarreal,Espanyol,4.94822,1.12119,4,2
2023-04-28,Osasuna,Real Sociedad,0.987164,2.09575,0,2
2023-04-29,Barcelona,Real Betis,3.0864,0.231066,4,0
2023-04-29,Elche,Rayo Vallecano,3.37969,0.565048,4,0
2023-04-29,Real Madrid,Almeria,3.20538,1.375,4,2
2023-04-30,Cadiz,Valencia,2.16593,1.05204,2,1
2023-04-30,Espanyol,Getafe,2.44417,0.410072,1,0
2023-04-30,Real Valladolid,Atletico Madrid,1.46642,2.75586,2,5
2023-04-30,Villarreal,Celta Vigo,2.36969,0.746823,3,1
2023-05-01,Mallorca,Athletic Club,1.2911,1.3765,1,1
2023-05-01,Sevilla,Girona,2.35198,1.13007,0,2
2023-05-02,Almeria,Elche,1.82539,1.01416,2,1
2023-05-02,Barcelona,Osasuna,2.40046,0.355588,1,0
2023-05-02,Real Sociedad,Real Madrid,2.26252,0.867228,2,0
2023-05-03,Atletico Madrid,Cadiz,4.25954,0.0260457,5,1
2023-05-03,Getafe,Celta Vigo,2.8705,0.219098,1,0
2023-05-03,Valencia,Villarreal,1.04163,0.742844,1,1
2023-05-04,Athletic Club,Real Betis,1.01449,0.753982,0,1
2023-05-04,Girona,Mallorca,2.20534,1.34254,2,1
2023-05-04,Rayo Vallecano,Real Valladolid,1.57028,0.571427,2,1
2023-05-04,Sevilla,Espanyol,2.902,0.61847,3,2
2023-05-12,Mallorca,Cadiz,1.6025,0.611231,1,0
2023-05-13,Osasuna,Almeria,1.87424,0.507884,3,1
2023-05-13,Real Madrid,Getafe,0.879325,0.586304,1,0
2023-05-13,Real Sociedad,Girona,3.05494,1.4691,2,2
2023-05-13,Villarreal,Athletic Club,3.09272,1.82199,5,1
2023-05-14,Celta Vigo,Valencia,1.216,1.86638,1,2
2023-05-14,Elche,Atletico Madrid,2.28487,1.44785,1,0
2023-05-14,Espanyol,Barcelona,2.72734,3.6498,2,4
2023-05-14,Real Valladolid,Sevilla,2.01745,3.05781,0,3
2023-05-15,Real Betis,Rayo Vallecano,2.69596,1.71956,3,1
2023-05-19,Cadiz,Real Valladolid,2.1319,0.20683,2,0
2023-05-20,Almeria,Mallorca,1.70726,0.35959,3,0
2023-05-20,Athletic Club,Celta Vigo,1.04201,0.283064,2,1
2023-05-20,Barcelona,Real Sociedad,1.8413,2.8035,1,2
2023-05-20,Getafe,Elche,1.58846,1.34186,1,1
2023-05-20,Girona,Villarreal,1.31674,1.71579,1,2
2023-05-21,Atletico Madrid,Osasuna,2.08773,0.714505,3,0
2023-05-21,Rayo Vallecano,Espanyol,1.83113,1.3061,1,2
2023-05-21,Sevilla,Real Betis,1.51947,0.114129,0,0
2023-05-21,Valencia,Real Madrid,1.49126,2.08896,1,0
2023-05-23,Celta Vigo,Girona,0.933339,1.40034,1,1
2023-05-23,Real Sociedad,Almeria,1.91983,0.0996009,1,0
2023-05-23,Real Valladolid,Barcelona,2.20591,1.72866,3,1
2023-05-24,Elche,Sevilla,1.35854,0.889054,1,1
2023-05-24,Espanyol,Atletico Madrid,3.03603,2.76349,3,3
2023-05-24,Real Betis,Getafe,1.09282,0.344449,0,1
2023-05-24,Real Madrid,Rayo Vallecano,1.66281,0.446413,2,1
2023-05-24,Villarreal,Cadiz,2.9741,2.09634,2,0
2023-05-25,Mallorca,Valencia,0.538476,2.073,1,0
2023-05-25,Osasuna,Athletic Club,0.906699,0.534145,2,0
2023-05-27,Sevilla,Real Madrid,0.980153,0.815661,1,2
2023-05-28,Almeria,Real Valladolid,1.5528,0.364363,0,0
2023-05-28,Athletic Club,Elche,2.91389,0.769369,0,1
2023-05-28,Atletico Madrid,Real Sociedad,0.818599,0.943774,2,1
2023-05-28,Barcelona,Mallorca,4.40817,0.124265,3,0
2023-05-28,Cadiz,Celta Vigo,1.59827,0.599427,1,0
2023-05-28,Getafe,Osasuna,2.7187,0.432264,2,1
2023-05-28,Girona,Real Betis,1.63315,2.32066,1,2
2023-05-28,Rayo Vallecano,Villarreal,1.16605,0.622891,2,1
2023-05-28,Valencia,Espanyol,2.5327,1.78056,2,2
2023-06-04,Celta Vigo,Barcelona,0.565601,1.41678,2,1
2023-06-04,Elche,Cadiz,1.534,2.22255,1,1
2023-06-04,Espanyol,Almeria,0.500084,2.03499,3,3
2023-06-04,Mallorca,Rayo Vallecano,2.25123,1.04004,3,0
2023-06-04,Osasuna,Girona,1.91718,0.822488,2,1
2023-06-04,Real Betis,Valencia,0.677919,0.845969,1,1
2023-06-04,Real Madrid,Athletic Club,1.72224,2.17987,1,1
2023-06-04,Real Sociedad,Sevilla,2.35387,0.461529,2,1
2023-06-04,Real Valladolid,Getafe,0.686831,0.27917,0,0
2023-06-04,Villarreal,Atletico Madrid,2.06391,1.16068,2,2
2023-08-11,Almeria,Rayo Vallecano,1.1196,2.09532,0,2
2023-08-11,Sevilla,Valencia,0.714148,1.06796,1,2
2023-08-12,Athletic Club,Real Madrid,0.700577,1.33266,0,2
2023-08-12,Las Palmas,Mallorca,0.871699,1.49411,1,1
2023-08-12,Real Sociedad,Girona,1.46019,1.27791,1,1
2023-08-13,Celta Vigo,Osasuna,0.783184,0.964645,0,2
2023-08-13,Getafe,Barcelona,0.804505,1.67817,0,0
2023-08-13,Villarreal,Real Betis,0.737812,0.969349,1,2
2023-08-14,Atletico Madrid,Granada,3.01246,1.13452,3,1
2023-08-14,Cadiz,Alaves,0.822358,0.227442,1,0
2023-08-18,Mallorca,Villarreal,0.370077,2.12458,0,1
2023-08-18,Valencia,Las Palmas,1.50324,0.741978,1,0
2023-08-19,Almeria,Real Madrid,1.81328,2.8802,1,3
2023-08-19,Osasuna,Athletic Club,1.33582,1.88906,0,2
2023-08-19,Real Sociedad,Celta Vigo,0.917678,1.77937,1,1
2023-08-20,Barcelona,Cadiz,3.42524,1.11132,2,0
2023-08-20,Girona,Getafe,1.86612,0.754861,3,0
2023-08-20,Real Betis,Atletico Madrid,1.02642,0.34492,0,0
2023-08-21,Alaves,Sevilla,2.17962,0.958638,4,3
2023-08-21,Granada,Rayo Vallecano,0.837141,2.7851,0,2
2023-08-25,Celta Vigo,Real Madrid,1.17827,1.6167,0,1
2023-08-25,Las Palmas,Real Sociedad,1.56933,1.11751,0,0
2023-08-26,Cadiz,Almeria,1.56203,0.271622,1,1
2023-08-26,Granada,Mallorca,1.81377,2.50232,3,2
2023-08-26,Sevilla,Girona,1.93643,1.07498,1,2
2023-08-27,Athletic Club,Real Betis,2.86727,0.346198,4,2
2023-08-27,Valencia,Osasuna,1.87647,1.45939,1,2
2023-08-27,Villarreal,Barcelona,1.87195,2.95807,3,4
2023-08-28,Getafe,Alaves,2.67029,0.860623,1,0
2023-08-28,Rayo Vallecano,Atletico Madrid,0.542939,3.29424,0,7
2023-09-01,Almeria,Celta Vigo,3.16421,1.96028,2,3
2023-09-01,Cadiz,Villarreal,1.97214,0.494033,3,1
2023-09-02,Alaves,Valencia,1.90475,0.715753,1,0
2023-09-02,Real Betis,Rayo Vallecano,0.91924,1.53554,1,0
2023-09-02,Real Madrid,Getafe,2.64665,0.893748,2,1
2023-09-02,Real Sociedad,Granada,2.08686,0.549509,5,3
2023-09-03,Girona,Las Palmas,1.42397,1.18696,1,0
2023-09-03,Mallorca,Athletic Club,0.403052,0.645541,0,0
2023-09-03,Osasuna,Barcelona,0.801843,1.77255,1,2
2023-09-15,Rayo Vallecano,Alaves,2.64605,0.556231,2,0
2023-09-16,Athletic Club,Cadiz,4.05837,0.238836,3,0
2023-09-16,Barcelona,Real Betis,2.54628,0.852869,5,0
2023-09-16,Celta Vigo,Mallorca,2.06489,0.853213,0,1
2023-09-16,Valencia,Atletico Madrid,2.22142,0.564083,3,0
2023-09-17,Getafe,Osasuna,0.736469,1.29606,3,2
2023-09-17,Real Madrid,Real Sociedad,2.56902,2.1546,2,1
2023-09-17,Sevilla,Las Palmas,2.43059,1.03513,1,0
2023-09-17,Villarreal,Almeria,1.43205,1.76794,2,1
2023-09-18,Granada,Girona,1.97263,2.1418,2,4
2023-09-22,Alaves,Athletic Club,1.97317,1.77623,0,2
2023-09-23,Almeria,Valencia,2.46387,0.995742,2,2
2023-09-23,Barcelona,Celta Vigo,1.82246,1.67938,3,2
2023-09-23,Girona,Mallorca,4.19225,2.42602,5,3
2023-09-23,Osasuna,Sevilla,1.57361,0.693906,0,0
2023-09-24,Atletico Madrid,Real Madrid,1.79578,0.847915,3,1
2023-09-24,Las Palmas,Granada,0.701293,0.0378648,1,0
2023-09-24,Rayo Vallecano,Villarreal,1.0345,1.0365,1,1
2023-09-24,Real Betis,Cadiz,2.70742,0.570946,1,1
2023-09-24,Real Sociedad,Getafe,2.13384,1.59398,4,3
2023-09-26,Mallorca,Barcelona,1.21366,1.62815,2,2
2023-09-26,Sevilla,Almeria,2.90509,1.37069,5,1
2023-09-27,Athletic Club,Getafe,0.60877,1.30782,2,2
2023-09-27,Cadiz,Rayo Vallecano,0.35761,0.258447,0,0
2023-09-27,Real Madrid,Las Palmas,2.71542,0.618032,2,0
2023-09-27,Valencia,Real Sociedad,0.356756,0.29355,0,1
2023-09-27,Villarreal,Girona,1.89071,2.29941,1,2
2023-09-28,Celta Vigo,Alaves,0.497466,2.39712,1,1
2023-09-28,Granada,Real Betis,1.55108,0.870668,1,1
2023-09-28,Osasuna,Atletico Madrid,0.759357,1.22827,0,2
2023-09-29,Barcelona,Sevilla,2.5598,1.07557,1,0
2023-09-30,Getafe,Villarreal,0.768368,0.112227,0,0
2023-09-30,Girona,Real Madrid,2.17781,2.78602,0,3
2023-09-30,Rayo Vallecano,Mallorca,1.78616,1.33689,2,2
2023-09-30,Real Sociedad,Athletic Club,1.38238,1.96039,3,0
2023-10-01,Alaves,Osasuna,1.5824,1.26744,0,2
2023-10-01,Almeria,Granada,2.24188,3.51421,3,3
2023-10-01,Atletico Madrid,Cadiz,3.10102,0.677345,3,2
2023-10-01,Real Betis,Valencia,2.53745,0.510459,3,0
2023-10-02,Las Palmas,Celta Vigo,1.46382,1.54337,2,1
2023-10-06,Athletic Club,Almeria,3.02889,0.0892217,3,0
2023-10-07,Cadiz,Girona,0.653575,1.26462,0,1
2023-10-07,Mallorca,Valencia,0.919992,0.509313,1,1
2023-10-07,Real Madrid,Osasuna,4.47802,0.164111,4,0
2023-10-07,Sevilla,Rayo Vallecano,0.807105,0.998714,2,2
2023-10-08,Alaves,Real Betis,1.89594,0.872851,1,1
2023-10-08,Atletico Madrid,Real Sociedad,2.94239,0.928071,2,1
2023-10-08,Celta Vigo,Getafe,3.02859,1.00866,2,2
2023-10-08,Granada,Barcelona,0.611577,2.99552,2,2
2023-10-08,Villarreal,Las Palmas,1.16305,1.1602,1,2
2023-10-20,Osasuna,Granada,1.79846,0.776224,2,0
2023-10-21,Celta Vigo,Atletico Madrid,1.26757,2.39246,0,3
2023-10-21,Getafe,Real Betis,1.86677,1.42816,1,1
2023-10-21,Real Sociedad,Mallorca,2.0056,2.03914,1,0
2023-10-21,Sevilla,Real Madrid,1.8723,2.17904,1,1
2023-10-22,Barcelona,Athletic Club,1.70266,0.453295,1,0
2023-10-22,Girona,Almeria,2.1972,0.878392,5,2
2023-10-22,Las Palmas,Rayo Vallecano,1.18559,1.25598,0,1
2023-10-22,Villarreal,Alaves,1.71642,1.79896,1,1
2023-10-23,Valencia,Cadiz,1.6763,0.551967,2,0
2023-10-27,Girona,Celta Vigo,0.619488,0.174681,1,0
2023-10-28,Almeria,Las Palmas,0.275712,1.06446,1,2
2023-10-28,Barcelona,Real Madrid,1.32038,0.959404,1,2
2023-10-28,Cadiz,Sevilla,1.42705,1.28392,2,2
2023-10-28,Mallorca,Getafe,0.722341,0.292202,0,0
2023-10-29,Athletic Club,Valencia,1.63308,2.17868,2,2
2023-10-29,Atletico Madrid,Alaves,1.94088,0.385398,2,1
2023-10-29,Rayo Vallecano,Real Sociedad,0.844003,1.93178,2,2
2023-10-29,Real Betis,Osasuna,1.43393,0.446425,2,1
2023-10-30,Granada,Villarreal,2.80131,1.90197,2,3
2023-11-03,Las Palmas,Atletico Madrid,0.452709,1.52768,2,1
2023-11-04,Celta Vigo,Sevilla,3.01524,1.25089,1,1
2023-11-04,Osasuna,Girona,2.18398,2.78694,2,4
2023-11-04,Real Betis,Mallorca,2.84664,0.540374,2,0
2023-11-04,Real Sociedad,Barcelona,0.84705,1.22041,0,1
2023-11-05,Alaves,Almeria,2.57982,0.893084,1,0
2023-11-05,Real Madrid,Rayo Vallecano,1.85349,0.134981,0,0
2023-11-05,Valencia,Granada,1.18921,0.344591,1,0
2023-11-05,Villarreal,Athletic Club,1.78074,2.22797,2,3
2023-11-06,Getafe,Cadiz,1.21452,0.821864,1,0
2023-11-10,Athletic Club,Celta Vigo,4.72334,2.25302,4,3
2023-11-11,Almeria,Real Sociedad,0.637245,2.53693,1,3
2023-11-11,Granada,Getafe,1.4404,2.30149,1,1
2023-11-11,Osasuna,Las Palmas,1.44069,0.291858,1,1
2023-11-11,Rayo Vallecano,Girona,1.67584,4.2691,1,2
2023-11-11,Real Madrid,Valencia,1.90598,2.03068,5,1
2023-11-12,Atletico Madrid,Villarreal,3.93786,0.868854,3,1
2023-11-12,Barcelona,Alaves,1.81139,1.83858,2,1
2023-11-12,Sevilla,Real Betis,0.615603,2.17922,1,1
2023-11-24,Alaves,Granada,0.871813,1.13855,3,1
2023-11-25,Atletico Madrid,Mallorca,2.29683,0.945212,1,0
2023-11-25,Getafe,Almeria,1.39391,1.72918,2,1
2023-11-25,Rayo Vallecano,Barcelona,0.912299,1.30627,1,1
2023-11-25,Valencia,Celta Vigo,0.247015,0.609862,0,0
2023-11-26,Cadiz,Real Madrid,1.13056,1.84054,0,3
2023-11-26,Real Betis,Las Palmas,1.92649,0.751589,1,0
2023-11-26,Real Sociedad,Sevilla,1.05204,0.374082,2,1
2023-11-26,Villarreal,Osasuna,2.84591,1.26437,3,1
2023-11-27,Girona,Athletic Club,1.36177,1.67266,1,1
2023-11-29,Mallorca,Cadiz,0.8514,0.251799,1,1
2023-12-01,Las Palmas,Getafe,1.8817,0.76355,2,0
2023-12-02,Athletic Club,Rayo Vallecano,1.6869,0.34629,4,0
2023-12-02,Girona,Valencia,1.85396,1.00981,2,1
2023-12-02,Osasuna,Real Sociedad,1.01822,1.69944,1,1
2023-12-02,Real Madrid,Granada,2.2606,0.110085,2,0
2023-12-03,Almeria,Real Betis,2.69938,0.769817,0,0
2023-12-03,Barcelona,Atletico Madrid,3.18789,0.996297,1,0
2023-12-03,Mallorca,Alaves,0.909609,0.277842,0,0
2023-12-03,Sevilla,Villarreal,2.4784,1.47061,1,1
2023-12-04,Celta Vigo,Cadiz,2.73216,0.346727,1,1
2023-12-08,Getafe,Valencia,0.841976,0.183916,1,0
2023-12-09,Alaves,Las Palmas,2.20546,0.473883,0,1
2023-12-09,Mallorca,Sevilla,0.533315,0.554467,1,0
2023-12-09,Real Betis,Real Madrid,1.51575,0.803862,1,1
2023-12-09,Villarreal,Real Sociedad,2.37019,2.19834,0,3
2023-12-10,Atletico Madrid,Almeria,2.16876,1.6656,2,1
2023-12-10,Barcelona,Girona,4.25448,2.93797,2,4
2023-12-10,Cadiz,Osasuna,1.15321,1.81825,1,1
2023-12-11,Rayo Vallecano,Celta Vigo,1.32415,0.126167,0,0
2023-12-12,Granada,Athletic Club,0.543471,1.68816,1,1
2023-12-15,Osasuna,Rayo Vallecano,1.77561,1.15316,1,0
2023-12-16,Athletic Club,Atletico Madrid,2.73082,0.342126,2,0
2023-12-16,Celta Vigo,Granada,1.33261,0.690175,1,0
2023-12-16,Sevilla,Getafe,0.80788,2.83746,0,3
2023-12-16,Valencia,Barcelona,0.78681,3.16129,1,1
2023-12-17,Almeria,Mallorca,0.314828,1.51369,0,0
2023-12-17,Las Palmas,Cadiz,0.826817,1.42619,1,1
2023-12-17,Real Madrid,Villarreal,3.22478,0.421986,4,1
2023-12-17,Real Sociedad,Real Betis,0.989954,1.37163,0,0
2023-12-18,Girona,Alaves,1.92988,0.546438,3,0
2023-12-19,Atletico Madrid,Getafe,2.02936,2.53681,3,3
2023-12-19,Granada,Sevilla,1.12822,0.514939,0,3
2023-12-19,Rayo Vallecano,Valencia,0.51265,0.33485,0,1
2023-12-20,Athletic Club,Las Palmas,3.53577,0.2514,1,0
2023-12-20,Barcelona,Almeria,4.04903,1.39703,3,2
2023-12-20,Villarreal,Celta Vigo,2.59564,1.98503,3,2
2023-12-21,Alaves,Real Madrid,0.388196,0.947483,0,1
2023-12-21,Cadiz,Real Sociedad,0.856097,0.6603,0,0
2023-12-21,Mallorca,Osasuna,1.68391,1.5871,3,2
2023-12-21,Real Betis,Girona,1.61394,1.64551,1,1
2023-12-23,Atletico Madrid,Sevilla,1.53277,0.279969,1,0
2024-01-02,Getafe,Rayo Vallecano,0.651184,2.73568,0,2
2024-01-02,Real Sociedad,Alaves,0.98082,0.969339,1,1
2024-01-02,Valencia,Villarreal,2.78114,1.15004,3,1
2024-01-03,Celta Vigo,Real Betis,2.54675,1.73674,2,1
2024-01-03,Girona,Atletico Madrid,2.32369,2.67389,4,3
2024-01-03,Granada,Cadiz,3.87666,0.746073,2,0
2024-01-03,Real Madrid,Mallorca,1.87575,0.840414,1,0
2024-01-04,Las Palmas,Barcelona,0.967341,2.3608,1,2
2024-01-04,Osasuna,Almeria,2.03356,0.239636,1,0
2024-01-04,Sevilla,Athletic Club,0.54777,1.99704,0,2
2024-01-12,Sevilla,Alaves,2.49561,2.08895,2,3
2024-01-13,Athletic Club,Real Sociedad,1.73042,1.02381,2,1
2024-01-13,Las Palmas,Villarreal,0.963955,1.71198,3,0
2024-01-13,Mallorca,Celta Vigo,2.59976,0.711693,1,1
2024-01-13,Real Betis,Granada,2.00904,0.658067,1,0
2024-01-14,Almeria,Girona,2.20551,0.246622,0,0
2024-01-14,Cadiz,Valencia,1.55289,1.7596,1,4
2024-01-19,Alaves,Cadiz,1.83115,0.670357,1,0
2024-01-20,Celta Vigo,Real Sociedad,0.257377,0.630224,0,1
2024-01-20,Rayo Vallecano,Las Palmas,2.16832,0.786109,0,2
2024-01-20,Valencia,Athletic Club,0.7444,0.351363,1,0
2024-01-20,Villarreal,Mallorca,1.7328,0.430539,1,1
2024-01-21,Girona,Sevilla,2.95279,0.947841,5,1
2024-01-21,Osasuna,Getafe,1.57055,1.50775,3,2
2024-01-21,Real Betis,Barcelona,1.61122,2.71025,2,4
2024-01-21,Real Madrid,Almeria,3.07258,0.928735,3,2
2024-01-22,Granada,Atletico Madrid,0.684269,1.42876,0,1
2024-01-26,Almeria,Alaves,1.80182,2.061,0,3
2024-01-27,Barcelona,Villarreal,2.02779,2.36875,3,5
2024-01-27,Las Palmas,Real Madrid,0.929969,2.05683,1,2
2024-01-27,Mallorca,Real Betis,1.72961,0.400759,0,1
2024-01-27,Real Sociedad,Rayo Vallecano,0.251108,0.129675,0,0
2024-01-28,Atletico Madrid,Valencia,2.80234,0.406631,2,0
2024-01-28,Cadiz,Athletic Club,0.367526,0.25604,0,0
2024-01-28,Celta Vigo,Girona,1.03961,1.60712,0,1
2024-01-28,Sevilla,Osasuna,1.42372,1.07779,1,1
2024-01-29,Getafe,Granada,1.03385,1.504,2,0
2024-01-31,Atletico Madrid,Rayo Vallecano,1.29884,0.426602,2,1
2024-01-31,Barcelona,Osasuna,2.21737,1.41966,1,0
2024-02-01,Getafe,Real Madrid,0.791039,2.72231,0,2
2024-02-02,Athletic Club,Mallorca,1.95995,0.469702,4,0
2024-02-03,Alaves,Barcelona,1.04716,1.55781,1,3
2024-02-03,Girona,Real Sociedad,1.04543,0.583723,0,0
2024-02-03,Granada,Las Palmas,0.155607,1.27614,1,1
2024-02-03,Valencia,Almeria,1.38646,1.5882,2,1
2024-02-04,Osasuna,Celta Vigo,1.00524,1.37845,0,3
2024-02-04,Real Betis,Getafe,1.54414,1.9002,1,1
2024-02-04,Real Madrid,Atletico Madrid,2.36334,1.35012,1,1
2024-02-04,Villarreal,Cadiz,1.00089,0.686978,0,0
2024-02-05,Rayo Vallecano,Sevilla,2.1306,1.77647,1,2
2024-02-09,Cadiz,Real Betis,0.755069,1.43872,0,2
2024-02-10,Alaves,Villarreal,2.09111,1.29002,1,1
2024-02-10,Las Palmas,Valencia,1.41954,0.251178,2,0
2024-02-10,Real Madrid,Girona,3.32636,0.180194,4,0
2024-02-10,Real Sociedad,Osasuna,2.50503,0.704714,0,1
2024-02-11,Barcelona,Granada,2.5229,1.20453,3,3
2024-02-11,Getafe,Celta Vigo,2.22295,1.2733,3,2
2024-02-11,Mallorca,Rayo Vallecano,0.82898,1.40787,2,1
2024-02-11,Sevilla,Atletico Madrid,2.15338,1.67549,1,0
2024-02-12,Almeria,Athletic Club,0.900611,0.621857,0,0
2024-02-16,Villarreal,Getafe,1.61961,0.976893,1,1
2024-02-17,Atletico Madrid,Las Palmas,2.79269,0.660284,5,0
2024-02-17,Celta Vigo,Barcelona,0.636492,1.5046,1,2
2024-02-17,Osasuna,Cadiz,1.37854,0.919753,2,0
2024-02-17,Valencia,Sevilla,1.11987,0.0457854,0,0
2024-02-18,Granada,Almeria,1.79616,0.693843,1,1
2024-02-18,Mallorca,Real Sociedad,0.188904,1.20859,1,2
2024-02-18,Rayo Vallecano,Real Madrid,1.1431,1.0219,1,1
2024-02-18,Real Betis,Alaves,1.18267,0.490778,0,0
2024-02-19,Athletic Club,Girona,2.7904,1.80583,3,2
2024-02-23,Real Sociedad,Villarreal,1.48985,1.6421,1,3
2024-02-24,Alaves,Mallorca,0.501891,1.80166,1,1
2024-02-24,Almeria,Atletico Madrid,0.352281,1.87638,2,2
2024-02-24,Barcelona,Getafe,2.65095,0.316762,4,0
2024-02-25,Cadiz,Celta Vigo,1.87476,0.680213,2,2
2024-02-25,Las Palmas,Osasuna,0.942659,0.387933,1,1
2024-02-25,Real Betis,Athletic Club,0.921277,0.137757,3,1
2024-02-25,Real Madrid,Sevilla,1.01644,0.967099,1,0
2024-02-26,Girona,Rayo Vallecano,2.81311,0.564655,3,0
2024-03-01,Celta Vigo,Almeria,1.82317,0.3259,1,0
2024-03-02,Getafe,Las Palmas,2.38804,1.37145,3,3
2024-03-02,Rayo Vallecano,Cadiz,0.688061,1.21648,1,1
2024-03-02,Sevilla,Real Sociedad,2.15506,1.27238,3,2
2024-03-02,Valencia,Real Madrid,1.33185,1.45798,2,2
2024-03-03,Athletic Club,Barcelona,0.468397,0.714592,0,0
2024-03-03,Atletico Madrid,Real Betis,3.54138,0.588581,2,1
2024-03-03,Mallorca,Girona,0.943297,1.08616,1,0
2024-03-03,Villarreal,Granada,3.02991,0.276758,5,1
2024-03-04,Osasuna,Alaves,1.71646,1.14533,1,0
2024-03-08,Barcelona,Mallorca,2.06225,0.504754,1,0
2024-03-09,Cadiz,Atletico Madrid,1.18033,0.895711,2,0
2024-03-09,Girona,Osasuna,2.1772,0.185235,2,0
2024-03-09,Granada,Real Sociedad,2.0551,1.88323,2,3
2024-03-09,Valencia,Getafe,1.27245,1.17773,1,0
2024-03-10,Alaves,Rayo Vallecano,0.640241,0.579451,1,0
2024-03-10,Las Palmas,Athletic Club,0.834663,1.27321,0,2
2024-03-10,Real Betis,Villarreal,1.39975,1.30814,2,3
2024-03-10,Real Madrid,Celta Vigo,3.6885,0.53726,4,0
2024-03-11,Almeria,Sevilla,1.81235,2.6495,2,2
2024-03-15,Real Sociedad,Cadiz,2.34962,0.695705,2,0
2024-03-16,Athletic Club,Alaves,2.31129,1.38702,2,0
2024-03-16,Getafe,Girona,1.10963,1.70185,1,0
2024-03-16,Mallorca,Granada,1.65502,0.295993,1,0
2024-03-16,Osasuna,Real Madrid,0.669756,3.05767,2,4
2024-03-17,Atletico Madrid,Barcelona,0.570805,1.94966,0,3
2024-03-17,Las Palmas,Almeria,0.793707,0.688106,0,1
2024-03-17,Rayo Vallecano,Real Betis,0.790186,0.69375,2,0
2024-03-17,Sevilla,Celta Vigo,1.75591,2.23423,1,2
2024-03-17,Villarreal,Valencia,2.1872,1.07722,1,0
2024-03-29,Cadiz,Granada,1.19169,0.412637,1,0
2024-03-30,Almeria,Osasuna,0.745696,1.00888,0,3
2024-03-30,Barcelona,Las Palmas,1.72947,0.314295,1,0
2024-03-30,Getafe,Sevilla,1.57791,0.901033,0,1
2024-03-30,Valencia,Mallorca,1.33845,0.673736,0,0
2024-03-31,Alaves,Real Sociedad,0.142958,1.29248,0,1
2024-03-31,Celta Vigo,Rayo Vallecano,0.838396,0.515128,0,0
2024-03-31,Girona,Real Betis,2.43161,0.524961,3,2
2024-03-31,Real Madrid,Athletic Club,1.1877,0.304704,2,0
2024-04-01,Villarreal,Atletico Madrid,0.681964,1.2402,1,2
2024-04-04,Granada,Valencia,0.729135,0.718558,0,1
2024-04-12,Real Betis,Celta Vigo,1.22903,1.58129,2,1
2024-04-13,Atletico Madrid,Girona,2.58629,2.20992,3,1
2024-04-13,Cadiz,Barcelona,0.79048,0.833415,0,1
2024-04-13,Mallorca,Real Madrid,0.592998,1.81161,0,1
2024-04-13,Rayo Vallecano,Getafe,0.777828,0.25153,0,0
2024-04-14,Athletic Club,Villarreal,0.823044,2.1913,1,1
2024-04-14,Granada,Alaves,1.86823,0.279326,2,0
2024-04-14,Las Palmas,Sevilla,0.0909476,2.06406,0,2
2024-04-14,Real Sociedad,Almeria,1.68743,1.77546,2,2
2024-04-15,Osasuna,Valencia,2.26875,0.235711,0,1
2024-04-19,Athletic Club,Granada,1.64137,0.150973,1,1
2024-04-20,Celta Vigo,Las Palmas,3.58931,0.90843,4,1
2024-04-20,Girona,Cadiz,2.30941,1.82433,4,1
2024-04-20,Rayo Vallecano,Osasuna,0.560289,0.930714,2,1
2024-04-20,Valencia,Real Betis,0.951475,1.82123,1,2
2024-04-21,Alaves,Atletico Madrid,0.521018,0.715212,2,0
2024-04-21,Almeria,Villarreal,2.14538,1.60008,1,2
2024-04-21,Getafe,Real Sociedad,1.19821,1.03517,1,1
2024-04-21,Real Madrid,Barcelona,2.7698,1.34666,3,2
2024-04-22,Sevilla,Mallorca,1.72842,0.879845,2,1
2024-04-26,Real Sociedad,Real Madrid,0.380904,0.462672,0,1
2024-04-27,Alaves,Celta Vigo,3.41094,0.188273,3,0
2024-04-27,Almeria,Getafe,2.748,1.67485,1,3
2024-04-27,Atletico Madrid,Athletic Club,0.62028,0.894572,3,1
2024-04-27,Las Palmas,Girona,1.41676,2.0472,0,2
2024-04-28,Cadiz,Mallorca,0.441837,0.827497,1,1
2024-04-28,Granada,Osasuna,2.31468,0.989028,3,0
2024-04-28,Real Betis,Sevilla,2.39465,1.26484,1,1
2024-04-28,Villarreal,Rayo Vallecano,1.98091,0.896929,3,0
2024-04-29,Barcelona,Valencia,2.59636,1.49346,4,2
2024-05-03,Getafe,Athletic Club,4.41644,0.925588,0,2
2024-05-04,Girona,Barcelona,2.31519,2.6053,4,2
2024-05-04,Mallorca,Atletico Madrid,0.328479,0.874778,0,1
2024-05-04,Real Madrid,Cadiz,2.63447,0.998827,3,0
2024-05-04,Real Sociedad,Las Palmas,0.899129,0.56693,2,0
2024-05-05,Celta Vigo,Villarreal,4.41257,0.544766,3,2
2024-05-05,Osasuna,Real Betis,1.02463,1.44688,0,2
2024-05-05,Rayo Vallecano,Almeria,2.09609,0.555982,0,1
2024-05-05,Sevilla,Granada,2.45224,0.227083,3,0
2024-05-05,Valencia,Alaves,1.40821,1.16915,0,1
2024-05-10,Alaves,Girona,2.40148,1.53657,2,2
2024-05-11,Athletic Club,Osasuna,2.17034,1.05326,2,2
2024-05-11,Granada,Real Madrid,0.699759,2.7909,0,4
2024-05-11,Mallorca,Las Palmas,0.45718,0.313172,1,0
2024-05-11,Villarreal,Sevilla,3.10775,1.95835,3,2
2024-05-12,Atletico Madrid,Celta Vigo,1.81009,0.370026,1,0
2024-05-12,Cadiz,Getafe,1.42818,0.310309,1,0
2024-05-12,Real Betis,Almeria,1.69343,1.08304,3,2
2024-05-12,Valencia,Rayo Vallecano,1.1633,0.785651,0,0
2024-05-13,Barcelona,Real Sociedad,1.66029,0.799193,2,0
2024-05-14,Girona,Villarreal,2.28453,0.776468,0,1
2024-05-14,Osasuna,Mallorca,0.428998,0.919263,1,1
2024-05-14,Real Madrid,Alaves,2.88216,1.50657,5,0
2024-05-15,Celta Vigo,Athletic Club,0.758179,0.377111,2,1
2024-05-15,Getafe,Atletico Madrid,0.446969,1.67036,0,3
2024-05-15,Rayo Vallecano,Granada,3.00296,0.933417,2,1
2024-05-15,Sevilla,Cadiz,1.43788,2.85137,0,1
2024-05-16,Almeria,Barcelona,1.03949,2.13122,0,2
2024-05-16,Las Palmas,Real Betis,2.61533,1.3277,2,2
2024-05-16,Real Sociedad,Valencia,1.13192,0.774644,1,0
2024-05-18,Alaves,Getafe,1.57753,0.658124,1,0
2024-05-19,Athletic Club,Sevilla,1.78593,1.29208,2,0
2024-05-19,Atletico Madrid,Osasuna,1.76117,1.88434,1,4
2024-05-19,Barcelona,Rayo Vallecano,1.69959,1.68527,3,0
2024-05-19,Cadiz,Las Palmas,1.36112,0.966249,0,0
2024-05-19,Granada,Celta Vigo,1.75765,2.02078,1,2
2024-05-19,Mallorca,Almeria,2.45608,0.238391,2,2
2024-05-19,Real Betis,Real Sociedad,1.60754,0.792849,0,2
2024-05-19,Valencia,Girona,3.35606,2.90299,1,3
2024-05-19,Villarreal,Real Madrid,2.21178,1.59129,4,4
2024-05-24,Girona,Granada,4.75092,0.987219,7,0
2024-05-25,Almeria,Cadiz,3.23442,0.494605,6,1
2024-05-25,Osasuna,Villarreal,1.09355,0.835313,1,1
2024-05-25,Rayo Vallecano,Athletic Club,1.47462,0.930597,0,1
2024-05-25,Real Madrid,Real Betis,1.24417,1.15552,0,0
2024-05-25,Real Sociedad,Atletico Madrid,0.570544,2.19824,0,2
2024-05-26,Celta Vigo,Valencia,1.50162,2.16042,2,2
2024-05-26,Getafe,Mallorca,1.07908,1.34437,1,2
2024-05-26,Las Palmas,Alaves,1.15618,2.23542,1,1
2024-05-26,Sevilla,Barcelona,1.96266,1.4772,1,2
2024-08-15,Athletic Club,Getafe,0.290195,0.537517,1,1
2024-08-15,Real Betis,Girona,1.80582,1.54726,1,1
2024-08-16,Celta Vigo,Alaves,0.793797,1.9391,2,1
2024-08-16,Las Palmas,Sevilla,1.3187,2.09987,2,2
2024-08-17,Osasuna,Leganes,1.7631,1.33949,1,1
2024-08-17,Valencia,Barcelona,1.55206,3.48824,1,2
2024-08-18,Mallorca,Real Madrid,1.30561,0.608052,1,1
2024-08-18,Real Sociedad,Rayo Vallecano,1.56608,1.60148,1,2
2024-08-19,Real Valladolid,Espanyol,1.17753,0.515586,1,0
2024-08-19,Villarreal,Atletico Madrid,0.68684,1.13868,2,2
2024-08-23,Celta Vigo,Valencia,1.30571,1.1544,3,1
2024-08-23,Sevilla,Villarreal,1.23826,1.39825,1,2
2024-08-24,Barcelona,Athletic Club,2.41577,1.09985,2,1
2024-08-24,Espanyol,Real Sociedad,1.79566,0.796104,0,1
2024-08-24,Getafe,Rayo Vallecano,0.512723,0.161076,0,0
2024-08-24,Osasuna,Mallorca,0.887678,0.427602,1,0
2024-08-25,Alaves,Real Betis,0.172545,1.36012,0,0
2024-08-25,Atletico Madrid,Girona,1.42393,0.596524,3,0
2024-08-25,Leganes,Las Palmas,1.58998,1.23438,2,1
2024-08-25,Real Madrid,Real Valladolid,2.17954,0.378528,3,0
2024-08-26,Villarreal,Celta Vigo,4.3817,3.79183,4,3
2024-08-27,Mallorca,Sevilla,0.940858,0.60976,0,0
2024-08-27,Rayo Vallecano,Barcelona,0.392473,1.51872,1,2
2024-08-28,Athletic Club,Valencia,1.51595,0.0996371,1,0
2024-08-28,Atletico Madrid,Espanyol,3.88587,0.855829,0,0
2024-08-28,Real Sociedad,Alaves,0.951647,2.62561,1,2
2024-08-28,Real Valladolid,Leganes,0.773785,0.184577,0,0
2024-08-29,Girona,Osasuna,2.6015,0.0199618,4,0
2024-08-29,Las Palmas,Real Madrid,0.809213,3.28322,1,1
2024-08-31,Athletic Club,Atletico Madrid,0.252231,1.58613,0,1
2024-08-31,Barcelona,Real Valladolid,4.94022,0.422493,7,0
2024-08-31,Espanyol,Rayo Vallecano,1.84679,1.0088,2,1
2024-08-31,Leganes,Mallorca,0.52078,1.48758,0,1
2024-08-31,Valencia,Villarreal,1.14322,0.885369,1,1
2024-09-01,Alaves,Las Palmas,2.01026,0.547308,2,0
2024-09-01,Getafe,Real Sociedad,0.547095,0.0209183,0,0
2024-09-01,Osasuna,Celta Vigo,0.779621,1.72329,3,2
2024-09-01,Real Madrid,Real Betis,2.37168,0.831429,2,0
2024-09-01,Sevilla,Girona,0.812687,2.36355,0,2
2024-09-13,Real Betis,Leganes,1.72201,0.107021,2,0
2024-09-14,Espanyol,Alaves,1.95102,2.3693,3,2
2024-09-14,Mallorca,Villarreal,0.345425,2.41884,1,2
2024-09-14,Real Sociedad,Real Madrid,1.41828,2.2759,0,2
2024-09-14,Sevilla,Getafe,1.64801,0.971555,1,0
2024-09-15,Atletico Madrid,Valencia,3.22965,0.18311,3,0
2024-09-15,Celta Vigo,Real Valladolid,1.99273,0.382657,3,1
2024-09-15,Girona,Barcelona,1.09568,2.5936,1,4
2024-09-15,Las Palmas,Athletic Club,1.5194,1.80432,2,3
2024-09-16,Rayo Vallecano,Osasuna,1.48433,0.530311,3,1
2024-09-17,Mallorca,Real Sociedad,1.56932,0.499139,1,0
2024-09-18,Real Betis,Getafe,3.06176,0.864309,2,1
2024-09-19,Leganes,Athletic Club,0.666594,1.32325,0,2
2024-09-20,Alaves,Sevilla,1.40641,0.623937,2,1
2024-09-21,Osasuna,Las Palmas,1.97167,1.28282,2,1
2024-09-21,Real Madrid,Espanyol,4.89487,0.318831,4,1
2024-09-21,Real Valladolid,Real Sociedad,0.952589,1.3906,0,0
2024-09-21,Valencia,Girona,0.350785,0.387698,2,0
2024-09-22,Athletic Club,Celta Vigo,0.864304,1.21547,3,1
2024-09-22,Getafe,Leganes,1.24276,0.783211,1,1
2024-09-22,Rayo Vallecano,Atletico Madrid,1.68952,0.554066,1,1
2024-09-22,Villarreal,Barcelona,2.39605,4.1937,1,5
2024-09-23,Real Betis,Mallorca,1.37084,1.4369,1,2
2024-09-24,Real Madrid,Alaves,1.79791,0.853455,3,2
2024-09-24,Sevilla,Real Valladolid,1.67099,0.411515,2,1
2024-09-24,Valencia,Osasuna,1.17527,0.377552,0,0
2024-09-25,Barcelona,Getafe,2.20799,0.929851,1,0
2024-09-25,Girona,Rayo Vallecano,2.1579,0.377734,0,0
2024-09-26,Celta Vigo,Atletico Madrid,1.76126,0.778357,0,1
2024-09-26,Espanyol,Villarreal,0.355072,1.96233,1,2
2024-09-26,Las Palmas,Real Betis,1.10799,2.66646,1,1
2024-09-27,Real Valladolid,Mallorca,1.31551,2.49026,1,2
2024-09-28,Getafe,Alaves,2.55847,0.415348,2,0
2024-09-28,Osasuna,Barcelona,2.50067,0.751814,4,2
2024-09-28,Rayo Vallecano,Leganes,1.15229,0.852356,1,1
2024-09-28,Real Sociedad,Valencia,3.6853,0.805963,3,0
2024-09-29,Athletic Club,Sevilla,1.82961,1.24147,1,1
2024-09-29,Atletico Madrid,Real Madrid,1.05477,0.660987,1,1
2024-09-29,Celta Vigo,Girona,0.52399,1.41269,1,1
2024-09-29,Real Betis,Espanyol,1.97922,0.569387,1,0
2024-09-30,Villarreal,Las Palmas,4.07869,0.802357,3,1
2024-10-04,Leganes,Valencia,0.913168,0.703751,0,0
2024-10-05,Espanyol,Mallorca,0.948554,1.79839,2,1
2024-10-05,Getafe,Osasuna,1.34832,0.247706,1,1
2024-10-05,Las Palmas,Celta Vigo,0.964894,0.814163,0,1
2024-10-05,Real Madrid,Villarreal,0.459582,1.4618,2,0
2024-10-05,Real Valladolid,Rayo Vallecano,1.65842,1.64746,1,2
2024-10-06,Alaves,Barcelona,0.794829,2.49367,0,3
2024-10-06,Girona,Athletic Club,2.17393,3.15974,2,1
2024-10-06,Real Sociedad,Atletico Madrid,1.08517,0.561748,1,1
2024-10-06,Sevilla,Real Betis,1.8284,0.436615,1,0
2024-10-18,Alaves,Real Valladolid,0.433035,2.33646,2,3
2024-10-19,Athletic Club,Espanyol,1.46517,0.500795,4,1
2024-10-19,Celta Vigo,Real Madrid,1.79112,1.19816,1,2
2024-10-19,Girona,Real Sociedad,0.446152,1.86082,0,1
2024-10-19,Osasuna,Real Betis,2.21025,2.79181,1,2
2024-10-20,Atletico Madrid,Leganes,5.21397,0.271901,3,1
2024-10-20,Barcelona,Sevilla,4.08528,0.599652,5,1
2024-10-20,Mallorca,Rayo Vallecano,2.72076,0.464955,1,0
2024-10-20,Villarreal,Getafe,1.14683,2.02638,1,1
2024-10-21,Valencia,Las Palmas,1.94417,1.56861,2,3
2024-10-25,Espanyol,Sevilla,1.0292,0.813306,0,2
2024-10-26,Las Palmas,Girona,1.24451,1.04715,1,0
2024-10-26,Rayo Vallecano,Alaves,2.89009,0.871439,1,0
2024-10-26,Real Madrid,Barcelona,1.40359,2.51566,0,4
2024-10-26,Real Valladolid,Villarreal,0.97802,2.68435,1,2
2024-10-27,Getafe,Valencia,2.97825,0.63831,1,1
2024-10-27,Leganes,Celta Vigo,1.54881,0.767239,3,0
2024-10-27,Real Betis,Atletico Madrid,2.20384,0.555217,1,0
2024-10-27,Real Sociedad,Osasuna,1.6767,1.06487,0,2
2024-10-28,Mallorca,Athletic Club,0.542356,0.755466,0,0
2024-11-01,Alaves,Mallorca,1.43582,0.708287,1,0
2024-11-02,Girona,Leganes,1.81274,0.320545,4,3
2024-11-02,Osasuna,Real Valladolid,3.21695,0.204092,1,0
2024-11-03,Athletic Club,Real Betis,4.2033,1.54499,1,1
2024-11-03,Atletico Madrid,Las Palmas,1.73469,0.0329044,2,0
2024-11-03,Barcelona,Espanyol,1.94398,0.787359,3,1
2024-11-03,Sevilla,Real Sociedad,0.629505,1.21835,0,2
2024-11-04,Celta Vigo,Getafe,2.12477,0.424746,1,0
2024-11-08,Rayo Vallecano,Las Palmas,2.63982,1.25211,1,3
2024-11-09,Leganes,Sevilla,1.09319,0.539924,1,0
2024-11-09,Real Madrid,Osasuna,3.27315,0.0678926,4,0
2024-11-09,Villarreal,Alaves,1.44293,0.608571,3,0
2024-11-10,Getafe,Girona,0.220796,0.521025,0,1
2024-11-10,Mallorca,Atletico Madrid,0.735147,0.93863,0,1
2024-11-10,Real Betis,Celta Vigo,1.65065,0.941675,2,2
2024-11-10,Real Sociedad,Barcelona,1.88518,0.514102,1,0
2024-11-10,Real Valladolid,Athletic Club,0.887674,1.487,1,1
2024-11-22,Getafe,Real Valladolid,0.658487,0.729169,2,0
2024-11-23,Atletico Madrid,Alaves,2.05318,0.785902,2,1
2024-11-23,Celta Vigo,Barcelona,2.75981,1.93782,2,2
2024-11-23,Girona,Espanyol,3.28521,0.488285,4,1
2024-11-23,Las Palmas,Mallorca,1.15972,1.45816,2,3
2024-11-23,Valencia,Real Betis,1.67338,1.05242,4,2
2024-11-24,Athletic Club,Real Sociedad,1.65075,0.799084,1,0
2024-11-24,Leganes,Real Madrid,0.108948,2.73014,0,3
2024-11-24,Osasuna,Villarreal,1.3273,2.68193,2,2
2024-11-24,Sevilla,Rayo Vallecano,1.57063,0.862262,1,0
2024-11-29,Mallorca,Valencia,0.721435,1.33443,2,1
2024-11-30,Alaves,Leganes,1.28884,1.3688,1,1
2024-11-30,Barcelona,Las Palmas,2.18354,0.599185,1,2
2024-11-30,Espanyol,Celta Vigo,1.50136,1.55998,3,1
2024-11-30,Real Valladolid,Atletico Madrid,0.437294,3.40487,0,5
2024-12-01,Rayo Vallecano,Athletic Club,0.590024,0.556919,1,2
2024-12-01,Real Madrid,Getafe,3.23626,0.34657,2,0
2024-12-01,Real Sociedad,Real Betis,0.818081,0.366137,2,0
2024-12-01,Villarreal,Girona,1.96842,0.516301,2,2
2024-12-02,Sevilla,Osasuna,1.09081,1.04839,1,1
2024-12-03,Mallorca,Barcelona,0.921728,5.38074,1,5
2024-12-04,Athletic Club,Real Madrid,2.08134,1.97732,2,1
2024-12-06,Celta Vigo,Mallorca,1.19949,1.09038,2,0
2024-12-07,Girona,Real Madrid,0.351337,1.16034,0,3
2024-12-07,Las Palmas,Real Valladolid,1.27625,1.30835,2,1
2024-12-07,Real Betis,Barcelona,2.76257,1.54117,2,2
2024-12-07,Valencia,Rayo Vallecano,1.0002,1.02294,0,1
2024-12-08,Athletic Club,Villarreal,1.31484,0.796459,2,0
2024-12-08,Atletico Madrid,Sevilla,2.32183,0.635773,4,3
2024-12-08,Leganes,Real Sociedad,0.463722,1.74462,0,3
2024-12-08,Osasuna,Alaves,2.31345,1.50067,2,2
2024-12-09,Getafe,Espanyol,0.530268,1.17303,1,0
2024-12-13,Real Valladolid,Valencia,0.531831,0.657242,1,0
2024-12-14,Espanyol,Osasuna,0.298744,0.213917,0,0
2024-12-14,Mallorca,Girona,1.65091,0.939735,2,1
2024-12-14,Rayo Vallecano,Real Madrid,1.60769,1.15429,3,3
2024-12-14,Sevilla,Celta Vigo,0.487466,0.928845,1,0
2024-12-15,Alaves,Athletic Club,0.803776,0.843706,1,1
2024-12-15,Atletico Madrid,Getafe,1.85376,0.238672,1,0
2024-12-15,Barcelona,Leganes,2.16597,0.77236,0,1
2024-12-15,Real Sociedad,Las Palmas,1.24562,0.840973,0,0
2024-12-15,Villarreal,Real Betis,1.60957,1.6735,1,2
2024-12-18,Espanyol,Valencia,1.87851,1.78128,1,1
2024-12-18,Villarreal,Rayo Vallecano,2.52908,1.85712,1,1
2024-12-20,Girona,Real Valladolid,2.16439,0.0119855,3,0
2024-12-21,Barcelona,Atletico Madrid,3.37424,0.710716,1,2
2024-12-21,Celta Vigo,Real Sociedad,1.22165,0.314488,2,0
2024-12-21,Getafe,Mallorca,0.735241,2.06274,0,1
2024-12-21,Osasuna,Athletic Club,0.417557,1.18093,1,2
2024-12-22,Las Palmas,Espanyol,0.956162,0.878983,1,0
2024-12-22,Leganes,Villarreal,1.47457,4.01011,2,5
2024-12-22,Real Betis,Rayo Vallecano,1.93031,0.878426,1,1
2024-12-22,Real Madrid,Sevilla,2.90098,1.41183,4,2
2024-12-22,Valencia,Alaves,1.34762,1.54294,2,2
2025-01-03,Valencia,Real Madrid,1.35313,2.69157,1,2
2025-01-10,Rayo Vallecano,Celta Vigo,1.00439,3.25801,2,1
2025-01-11,Alaves,Girona,1.72201,0.625652,0,1
2025-01-11,Espanyol,Leganes,1.05544,1.92496,1,1
2025-01-11,Real Valladolid,Real Betis,1.62446,1.03813,1,0
2025-01-11,Sevilla,Valencia,0.734356,1.08107,1,1
2025-01-12,Atletico Madrid,Osasuna,2.28719,0.391974,1,0
2025-01-12,Las Palmas,Getafe,1.62636,1.39575,1,2
2025-01-13,Real Sociedad,Villarreal,0.805968,1.22527,1,0
2025-01-17,Espanyol,Real Valladolid,1.28839,1.72021,2,1
2025-01-18,Getafe,Barcelona,1.16921,3.50383,1,1
2025-01-18,Girona,Sevilla,1.14329,3.09224,1,2
2025-01-18,Leganes,Atletico Madrid,0.770342,3.0563,1,0
2025-01-18,Real Betis,Alaves,0.501492,1.6539,1,3
2025-01-19,Celta Vigo,Athletic Club,0.40033,2.49675,1,2
2025-01-19,Osasuna,Rayo Vallecano,0.660386,0.797534,1,1
2025-01-19,Real Madrid,Las Palmas,6.40549,1.06201,4,1
2025-01-19,Valencia,Real Sociedad,1.77248,0.758224,1,0
2025-01-20,Villarreal,Mallorca,2.35437,0.390989,4,0
2025-01-24,Las Palmas,Osasuna,0.833212,2.53692,1,1
2025-01-25,Atletico Madrid,Villarreal,1.72274,1.78456,1,1
2025-01-25,Mallorca,Real Betis,0.789384,0.59491,0,1
2025-01-25,Real Valladolid,Real Madrid,0.234653,2.45677,0,3
2025-01-25,Sevilla,Espanyol,1.15013,1.27943,1,1
2025-01-26,Athletic Club,Leganes,2.27277,1.57401,0,0
2025-01-26,Barcelona,Valencia,4.35875,1.30328,7,1
2025-01-26,Rayo Vallecano,Girona,3.01055,1.56182,2,1
2025-01-26,Real Sociedad,Getafe,1.26074,2.01027,0,3
2025-01-27,Alaves,Celta Vigo,0.891741,0.155093,1,1
2025-01-31,Leganes,Rayo Vallecano,1.00009,2.39088,0,1
2025-02-01,Atletico Madrid,Mallorca,1.59869,0.421783,2,0
2025-02-01,Espanyol,Real Madrid,0.52719,1.52796,1,0
2025-02-01,Getafe,Sevilla,0.922731,0.871043,0,0
2025-02-01,Villarreal,Real Valladolid,3.89354,0.747261,5,1
2025-02-02,Barcelona,Alaves,1.18526,0.126278,1,0
2025-02-02,Osasuna,Real Sociedad,1.11088,2.35115,2,1
2025-02-02,Real Betis,Athletic Club,1.31717,1.75905,2,2
2025-02-02,Valencia,Celta Vigo,1.93065,0.51501,2,1
2025-02-03,Girona,Las Palmas,2.19186,1.31791,2,1
2025-02-07,Rayo Vallecano,Real Valladolid,2.87261,0.610157,1,0
2025-02-08,Athletic Club,Girona,3.81937,0.0558089,3,0
2025-02-08,Celta Vigo,Real Betis,1.75134,1.51159,3,2
2025-02-08,Las Palmas,Villarreal,1.90619,1.26021,1,2
2025-02-08,Real Madrid,Atletico Madrid,2.55575,1.62463,1,1
2025-02-09,Alaves,Getafe,1.25855,0.825065,0,1
2025-02-09,Real Sociedad,Espanyol,1.67839,0.872507,2,1
2025-02-09,Sevilla,Barcelona,0.921429,1.93199,1,4
2025-02-09,Valencia,Leganes,2.03187,0.417562,2,0
2025-02-10,Mallorca,Osasuna,1.17321,1.81967,1,1
2025-02-14,Girona,Getafe,1.287,0.95535,1,2
2025-02-15,Atletico Madrid,Celta Vigo,0.689105,1.45388,1,1
2025-02-15,Leganes,Alaves,1.76328,1.4212,3,3
2025-02-15,Osasuna,Real Madrid,1.64382,2.73344,1,1
2025-02-15,Villarreal,Valencia,1.04228,0.740954,1,1
2025-02-16,Espanyol,Athletic Club,1.19577,0.896815,1,1
2025-02-16,Mallorca,Las Palmas,2.33414,1.04401,3,1
2025-02-16,Real Betis,Real Sociedad,2.49445,0.20529,3,0
2025-02-16,Real Valladolid,Sevilla,0.532481,1.4827,0,4
2025-02-17,Barcelona,Rayo Vallecano,2.82775,1.30941,1,0
2025-02-21,Celta Vigo,Osasuna,2.31891,0.838476,1,0
2025-02-22,Alaves,Espanyol,1.54627,0.495881,0,1
2025-02-22,Las Palmas,Barcelona,0.431009,1.66486,0,2
2025-02-22,Rayo Vallecano,Villarreal,0.514336,0.79404,0,1
2025-02-22,Valencia,Atletico Madrid,1.35435,2.31785,0,3
2025-02-23,Athletic Club,Real Valladolid,5.3162,0.598765,7,1
2025-02-23,Getafe,Real Betis,0.86267,2.34571,1,2
2025-02-23,Real Madrid,Girona,2.36313,0.325619,2,0
2025-02-23,Real Sociedad,Leganes,1.0679,0.256673,3,0
2025-02-24,Sevilla,Mallorca,1.5822,1.64957,1,1
2025-02-28,Real Valladolid,Las Palmas,2.17386,0.163235,1,1
2025-03-01,Atletico Madrid,Athletic Club,2.01612,1.54329,1,0
2025-03-01,Girona,Celta Vigo,0.89503,1.64758,2,2
2025-03-01,Rayo Vallecano,Sevilla,2.59009,0.807803,1,1
2025-03-01,Real Betis,Real Madrid,2.23957,1.05072,2,1
2025-03-02,Barcelona,Real Sociedad,3.63697,0.0,4,0
2025-03-02,Leganes,Getafe,0.554524,0.585024,1,0
2025-03-02,Mallorca,Alaves,1.83195,1.63763,1,1
2025-03-02,Osasuna,Valencia,1.26777,1.54983,3,3
2025-03-08,Alaves,Villarreal,1.21479,2.63287,1,0
2025-03-08,Celta Vigo,Leganes,1.07104,0.99815,2,1
2025-03-08,Valencia,Real Valladolid,2.37105,0.645621,2,1
2025-03-09,Athletic Club,Mallorca,0.938663,1.02509,1,1
2025-03-09,Getafe,Atletico Madrid,1.39814,1.02142,2,1
2025-03-09,Real Betis,Las Palmas,2.31412,0.426529,1,0
2025-03-09,Real Madrid,Rayo Vallecano,1.59439,1.21003,2,1
2025-03-09,Real Sociedad,Sevilla,0.803868,1.01162,0,1
2025-03-10,Espanyol,Girona,0.325296,1.58787,1,1
2025-03-14,Las Palmas,Alaves,1.94387,1.49888,2,2
2025-03-15,Girona,Valencia,1.17978,1.21975,1,1
2025-03-15,Mallorca,Espanyol,2.57036,0.184342,2,1
2025-03-15,Real Valladolid,Celta Vigo,0.839415,1.81654,0,1
2025-03-15,Villarreal,Real Madrid,2.00539,1.10001,1,2
2025-03-16,Atletico Madrid,Barcelona,1.09435,2.16215,2,4
2025-03-16,Leganes,Real Betis,1.57329,2.92809,2,3
2025-03-16,Osasuna,Getafe,2.08486,0.900928,1,2
2025-03-16,Rayo Vallecano,Real Sociedad,0.536859,0.905535,2,2
2025-03-16,Sevilla,Athletic Club,0.459323,1.64488,0,1
2025-03-27,Barcelona,Osasuna,4.63707,0.53356,3,0
2025-03-29,Alaves,Rayo Vallecano,1.60064,0.681703,0,2
2025-03-29,Espanyol,Atletico Madrid,0.985043,0.994468,1,1
2025-03-29,Real Madrid,Leganes,3.59257,2.38359,3,2
2025-03-29,Real Sociedad,Real Valladolid,1.32811,1.29525,2,1
2025-03-30,Athletic Club,Osasuna,0.759463,0.564979,0,0
2025-03-30,Barcelona,Girona,2.75333,0.490847,4,1
2025-03-30,Getafe,Villarreal,0.940085,1.38471,1,2
2025-03-30,Real Betis,Sevilla,0.894203,0.867589,2,1
2025-03-30,Valencia,Mallorca,0.731544,0.657805,1,0
2025-03-31,Celta Vigo,Las Palmas,1.07663,0.52734,1,1
2025-04-04,Rayo Vallecano,Espanyol,0.501253,3.48741,0,4
2025-04-05,Barcelona,Real Betis,1.46844,0.249939,1,1
2025-04-05,Girona,Alaves,1.73306,0.805674,0,1
2025-04-05,Mallorca,Celta Vigo,0.670008,1.12056,1,2
2025-04-05,Real Madrid,Valencia,3.36121,1.08997,1,2
2025-04-06,Las Palmas,Real Sociedad,1.75387,2.81501,1,3
2025-04-06,Real Valladolid,Getafe,0.300994,2.80288,0,4
2025-04-06,Sevilla,Atletico Madrid,0.818692,1.23653,1,2
2025-04-06,Villarreal,Athletic Club,1.59491,0.998653,0,0
2025-04-07,Leganes,Osasuna,2.22334,2.07408,1,1
2025-04-11,Valencia,Sevilla,1.42634,0.910522,1,0
2025-04-12,Celta Vigo,Espanyol,0.824366,0.780846,0,2
2025-04-12,Getafe,Las Palmas,1.61783,1.54225,1,3
2025-04-12,Leganes,Barcelona,0.5988,1.10105,0,1
2025-04-12,Real Sociedad,Mallorca,0.616782,0.801126,0,2
2025-04-13,Alaves,Real Madrid,0.607781,1.26541,0,1
2025-04-13,Athletic Club,Rayo Vallecano,1.97654,1.81883,3,1
2025-04-13,Osasuna,Girona,1.68846,0.57428,2,1
2025-04-13,Real Betis,Villarreal,2.04046,1.32607,1,2
2025-04-14,Atletico Madrid,Real Valladolid,4.06291,1.38016,4,2
2025-04-18,Espanyol,Getafe,0.367268,0.736613,1,0
2025-04-19,Barcelona,Celta Vigo,2.56587,2.50499,4,3
2025-04-19,Las Palmas,Atletico Madrid,0.768437,0.757145,1,0
2025-04-19,Mallorca,Leganes,1.06921,0.951824,0,0
2025-04-19,Rayo Vallecano,Valencia,0.722317,2.06284,1,1
2025-04-20,Real Madrid,Athletic Club,2.40667,0.132511,1,0
2025-04-20,Real Valladolid,Osasuna,1.45455,2.36202,2,3
2025-04-20,Sevilla,Alaves,1.89613,1.30312,1,1
2025-04-20,Villarreal,Real Sociedad,2.14498,2.29777,2,2
2025-04-21,Girona,Real Betis,1.10326,2.28252,1,3
2025-04-22,Barcelona,Mallorca,3.43457,0.326579,1,0
2025-04-22,Valencia,Espanyol,1.07897,0.344156,1,1
2025-04-23,Alaves,Real Sociedad,0.815479,0.472083,1,0
2025-04-23,Athletic Club,Las Palmas,2.63805,1.01774,1,0
2025-04-23,Celta Vigo,Villarreal,3.19678,0.5946,3,0
2025-04-23,Getafe,Real Madrid,2.53565,1.74803,0,1
2025-04-24,Atletico Madrid,Rayo Vallecano,3.34529,1.13186,3,0
2025-04-24,Leganes,Girona,0.330809,0.764098,1,1
2025-04-24,Osasuna,Sevilla,0.373711,0.934425,1,0
2025-04-24,Real Betis,Real Valladolid,2.26702,0.839722,5,1
2025-04-27,Villarreal,Espanyol,1.35413,1.53522,1,0
2025-05-02,Rayo Vallecano,Getafe,1.2162,0.8041,1,0
2025-05-03,Alaves,Atletico Madrid,0.908148,0.391409,0,0
2025-05-03,Las Palmas,Valencia,1.80995,1.6731,2,3
2025-05-03,Real Valladolid,Barcelona,0.745612,2.21168,1,2
2025-05-03,Villarreal,Osasuna,2.30041,1.41412,4,2
2025-05-04,Espanyol,Real Betis,0.873167,1.05631,1,2
2025-05-04,Real Madrid,Celta Vigo,3.07408,2.13071,3,2
2025-05-04,Real Sociedad,Athletic Club,0.893155,0.232928,0,0
2025-05-04,Sevilla,Leganes,2.33742,0.804853,2,2
2025-05-05,Girona,Mallorca,1.77813,0.488126,1,0
2025-05-09,Las Palmas,Rayo Vallecano,0.721442,1.00781,0,1
2025-05-10,Atletico Madrid,Real Sociedad,1.71528,0.298675,4,0
2025-05-10,Celta Vigo,Sevilla,0.959531,2.61391,3,2
2025-05-10,Girona,Villarreal,0.280235,2.28245,0,1
2025-05-10,Mallorca,Real Valladolid,1.75638,2.76393,2,1
2025-05-10,Valencia,Getafe,2.97396,0.590071,3,0
2025-05-11,Athletic Club,Alaves,1.35049,0.642793,1,0
2025-05-11,Barcelona,Real Madrid,4.10632,2.5616,4,3
2025-05-11,Leganes,Espanyol,2.05779,1.57739,3,2
2025-05-11,Real Betis,Osasuna,0.359348,2.2272,1,1
2025-05-13,Real Sociedad,Celta Vigo,3.31324,1.29945,0,1
2025-05-13,Real Valladolid,Girona,1.30694,1.56752,0,1
2025-05-13,Sevilla,Las Palmas,0.93125,0.399067,1,0
2025-05-14,Alaves,Valencia,2.06262,0.584778,1,0
2025-05-14,Real Madrid,Mallorca,3.46174,0.475193,2,1
2025-05-14,Villarreal,Leganes,2.28885,1.19032,3,0
2025-05-15,Espanyol,Barcelona,1.51531,0.735877,0,2
2025-05-15,Getafe,Athletic Club,0.73382,1.33336,0,2
2025-05-15,Osasuna,Atletico Madrid,1.07473,1.34093,2,0
2025-05-15,Rayo Vallecano,Real Betis,1.30199,1.17134,2,2
2025-05-18,Atletico Madrid,Real Betis,4.94276,0.821908,4,1
2025-05-18,Barcelona,Villarreal,1.569,1.96183,2,3
2025-05-18,Celta Vigo,Rayo Vallecano,2.4242,0.906857,1,2
2025-05-18,Las Palmas,Leganes,0.513718,1.06274,0,1
2025-05-18,Mallorca,Getafe,0.809089,1.55977,1,2
2025-05-18,Osasuna,Espanyol,1.92502,0.572332,2,0
2025-05-18,Real Sociedad,Girona,1.87253,1.64512,3,2
2025-05-18,Real Valladolid,Alaves,0.890453,1.22692,0,1
2025-05-18,Sevilla,Real Madrid,0.484891,1.95992,0,2
2025-05-18,Valencia,Athletic Club,0.388682,1.16214,0,1
2025-05-23,Real Betis,Valencia,1.15286,0.647724,1,1
2025-05-24,Alaves,Osasuna,1.57466,1.88098,1,1
2025-05-24,Espanyol,Las Palmas,1.72167,0.735505,2,0
2025-05-24,Getafe,Celta Vigo,0.35897,1.30818,1,2
2025-05-24,Leganes,Real Valladolid,1.74736,0.479375,3,0
2025-05-24,Rayo Vallecano,Mallorca,2.11982,0.747939,0,0
2025-05-24,Real Madrid,Real Sociedad,2.61915,1.18496,2,0
2025-05-25,Athletic Club,Barcelona,0.750806,3.36402,0,3
2025-05-25,Girona,Atletico Madrid,0.0503369,3.10637,0,4
2025-05-25,Villarreal,Sevilla,1.28805,1.64829,4,2
2025-08-15,Girona,Rayo Vallecano,0.795304,3.25355,1,3
2025-08-15,Villarreal,Real Oviedo,2.60739,0.85578,2,0
2025-08-16,Alaves,Levante,1.72315,0.74203,2,1
2025-08-16,Mallorca,Barcelona,0.529217,2.0243,0,3
2025-08-16,Valencia,Real Sociedad,1.58599,1.04897,1,1
2025-08-17,Athletic Club,Sevilla,2.67586,0.901645,3,2
2025-08-17,Celta Vigo,Getafe,0.744247,1.50131,0,2
2025-08-17,Espanyol,Atletico Madrid,1.41508,1.29319,2,1
2025-08-18,Elche,Real Betis,0.981494,1.59562,1,1
2025-08-19,Real Madrid,Osasuna,1.4294,0.201044,1,0
2025-08-22,Real Betis,Alaves,2.13985,1.43838,1,0
2025-08-23,Atletico Madrid,Elche,1.68159,0.313268,1,1
2025-08-23,Levante,Barcelona,2.68812,2.48128,2,3
2025-08-23,Mallorca,Celta Vigo,0.664974,0.917413,1,1
2025-08-24,Osasuna,Valencia,0.946758,0.589594,1,0
2025-08-24,Real Oviedo,Real Madrid,0.33749,1.82072,0,3
2025-08-24,Real Sociedad,Espanyol,1.43366,1.87234,2,2
2025-08-24,Villarreal,Girona,2.97707,0.140267,5,0
2025-08-25,Athletic Club,Rayo Vallecano,1.68759,0.493587,1,0
2025-08-25,Sevilla,Getafe,0.833075,1.32944,1,2
2025-08-27,Celta Vigo,Real Betis,0.905201,0.714458,1,1
2025-08-29,Elche,Levante,1.44309,0.969663,2,0
2025-08-29,Valencia,Getafe,1.54336,0.757418,3,0
2025-08-30,Alaves,Atletico Madrid,0.855094,0.960547,1,1
2025-08-30,Girona,Sevilla,2.00908,1.62032,0,2
2025-08-30,Real Madrid,Mallorca,1.84116,0.549872,2,1
2025-08-30,Real Oviedo,Real Sociedad,0.45706,0.92221,1,0
2025-08-31,Celta Vigo,Villarreal,0.876041,0.96978,1,1
2025-08-31,Espanyol,Osasuna,1.36886,1.38167,1,0
2025-08-31,Rayo Vallecano,Barcelona,1.87124,2.35774,1,1
2025-08-31,Real Betis,Athletic Club,0.716186,1.11141,1,2
2025-09-12,Sevilla,Elche,0.346397,0.781151,2,2
2025-09-13,Athletic Club,Alaves,0.866662,0.090756,0,1
2025-09-13,Atletico Madrid,Villarreal,1.5106,0.668177,2,0
2025-09-13,Getafe,Real Oviedo,0.954087,0.369812,2,0
2025-09-13,Real Sociedad,Real Madrid,3.14772,2.54171,1,2
2025-09-14,Barcelona,Valencia,3.46022,0.12495,6,0
2025-09-14,Celta Vigo,Girona,1.80278,1.41213,1,1
2025-09-14,Levante,Real Betis,1.02425,2.19546,2,2
2025-09-14,Osasuna,Rayo Vallecano,1.4012,0.979149,2,0
2025-09-15,Espanyol,Mallorca,2.67405,2.03185,3,2
2025-09-19,Real Betis,Real Sociedad,2.53579,0.606673,3,1
2025-09-20,Alaves,Sevilla,0.910257,0.891992,1,2
2025-09-20,Girona,Levante,0.423855,4.50183,0,4
2025-09-20,Real Madrid,Espanyol,2.06136,0.969443,2,0
2025-09-20,Valencia,Athletic Club,2.01007,0.499198,2,0
2025-09-20,Villarreal,Osasuna,3.56395,1.95599,2,1
2025-09-21,Barcelona,Getafe,2.96429,0.215949,3,0
2025-09-21,Elche,Real Oviedo,1.57497,1.10565,1,0
2025-09-21,Mallorca,Atletico Madrid,0.530939,2.08772,1,1
2025-09-21,Rayo Vallecano,Celta Vigo,1.3145,1.28175,1,1
2025-09-23,Athletic Club,Girona,2.02629,0.856618,1,1
2025-09-23,Espanyol,Valencia,3.31313,1.00785,2,2
2025-09-23,Levante,Real Madrid,1.70121,4.06315,1,4
2025-09-23,Sevilla,Villarreal,0.83617,2.40523,1,2
2025-09-24,Atletico Madrid,Rayo Vallecano,4.95017,1.61988,3,2
2025-09-24,Getafe,Alaves,0.576203,1.21176,1,1
2025-09-24,Real Sociedad,Mallorca,2.82857,0.641137,1,0
2025-09-25,Osasuna,Elche,1.17524,1.05089,1,1
2025-09-25,Real Oviedo,Barcelona,1.45014,2.07001,1,3
2025-09-26,Girona,Espanyol,1.07661,0.949116,0,0
2025-09-27,Atletico Madrid,Real Madrid,2.79075,1.02797,5,2
2025-09-27,Getafe,Levante,0.830967,1.27833,1,1
2025-09-27,Mallorca,Alaves,1.04267,0.566415,1,0
2025-09-27,Villarreal,Athletic Club,1.86396,1.56287,1,0
2025-09-28,Barcelona,Real Sociedad,3.00954,0.957079,2,1
2025-09-28,Elche,Celta Vigo,4.03596,0.821768,2,1
2025-09-28,Rayo Vallecano,Sevilla,1.89093,0.579597,0,1
2025-09-28,Real Betis,Osasuna,1.18955,0.578485,2,0
2025-09-29,Valencia,Real Oviedo,1.72261,0.997143,1,2
2025-10-03,Osasuna,Getafe,0.692026,0.856515,2,1
2025-10-04,Athletic Club,Mallorca,1.73351,0.213773,2,1
2025-10-04,Girona,Valencia,1.16415,2.22808,2,1
2025-10-04,Real Madrid,Villarreal,4.32336,0.956644,3,1
2025-10-04,Real Oviedo,Levante,1.08551,1.62121,0,2
2025-10-05,Alaves,Elche,2.85063,0.661537,3,1
2025-10-05,Celta Vigo,Atletico Madrid,2.27285,0.710823,1,1
2025-10-05,Espanyol,Real Betis,2.0699,1.43721,1,2
2025-10-05,Real Sociedad,Rayo Vallecano,0.768998,0.684504,0,1
2025-10-05,Sevilla,Barcelona,2.89414,2.4823,4,1
2025-10-17,Real Oviedo,Espanyol,1.21155,4.46256,0,2
2025-10-18,Atletico Madrid,Osasuna,2.24415,0.981492,1,0
2025-10-18,Barcelona,Girona,2.41958,1.69375,2,1
2025-10-18,Sevilla,Mallorca,1.25884,1.95555,1,3
2025-10-18,Villarreal,Real Betis,0.980598,0.895532,2,2
2025-10-19,Celta Vigo,Real Sociedad,0.717367,2.13562,1,1
2025-10-19,Elche,Athletic Club,0.823916,0.240214,0,0
2025-10-19,Getafe,Real Madrid,0.530119,2.14595,0,1
2025-10-19,Levante,Rayo Vallecano,0.940509,2.53118,0,3
2025-10-20,Alaves,Valencia,1.05624,0.318076,0,0
2025-10-24,Real Sociedad,Sevilla,1.64382,0.247146,2,1
2025-10-25,Athletic Club,Getafe,0.358524,1.00378,0,1
2025-10-25,Espanyol,Elche,1.70342,1.11414,1,0
2025-10-25,Girona,Real Oviedo,2.24132,2.22406,3,3
2025-10-25,Valencia,Villarreal,0.641435,2.62387,0,2
2025-10-26,Mallorca,Levante,1.86979,2.3579,1,1
2025-10-26,Osasuna,Celta Vigo,2.318,1.54054,2,3
2025-10-26,Rayo Vallecano,Alaves,1.54971,1.41466,1,0
2025-10-26,Real Madrid,Barcelona,3.41322,1.12434,2,1
2025-10-27,Real Betis,Atletico Madrid,1.33792,0.876554,0,2
2025-10-31,Getafe,Girona,1.40213,1.54366,2,1
2025-11-01,Atletico Madrid,Sevilla,2.98632,0.376887,3,0
2025-11-01,Real Madrid,Valencia,2.89965,0.292177,4,0
2025-11-01,Real Sociedad,Athletic Club,1.8412,1.13112,3,2
2025-11-01,Villarreal,Rayo Vallecano,2.7136,1.08632,4,0
2025-11-02,Alaves,Espanyol,2.18038,1.04283,2,1
2025-11-02,Barcelona,Elche,2.8073,0.549079,3,1
2025-11-02,Levante,Celta Vigo,1.23651,1.92474,1,2
2025-11-02,Real Betis,Mallorca,2.82134,0.749852,3,0
2025-11-03,Real Oviedo,Osasuna,0.717473,0.626317,0,0
2025-11-07,Elche,Real Sociedad,0.808307,1.47221,1,1
2025-11-08,Atletico Madrid,Levante,3.03599,1.29112,3,1
2025-11-08,Espanyol,Villarreal,0.476157,1.47118,0,2
2025-11-08,Girona,Alaves,1.26365,2.00772,1,0
2025-11-08,Sevilla,Osasuna,1.22271,0.967352,1,0
2025-11-09,Athletic Club,Real Oviedo,2.65219,0.182696,1,0
2025-11-09,Celta Vigo,Barcelona,0.512253,3.42936,2,4
2025-11-09,Mallorca,Getafe,1.30353,0.539674,1,0
2025-11-09,Rayo Vallecano,Real Madrid,1.60641,0.841463,0,0
2025-11-09,Valencia,Real Betis,1.95148,1.58932,1,1
2025-11-21,Valencia,Levante,1.65038,0.67426,1,0
2025-11-22,Alaves,Celta Vigo,0.3056,1.32351,0,1
2025-11-22,Barcelona,Athletic Club,2.32922,1.04615,4,0
2025-11-22,Osasuna,Real Sociedad,1.27964,1.76546,1,3
2025-11-22,Villarreal,Mallorca,2.6371,1.38464,2,1
2025-11-23,Elche,Real Madrid,1.59518,3.88258,2,2
2025-11-23,Getafe,Atletico Madrid,0.578828,1.47677,0,1
2025-11-23,Real Betis,Girona,1.5784,1.48903,1,1
2025-11-23,Real Oviedo,Rayo Vallecano,0.499406,0.922998,0,0
2025-11-24,Espanyol,Sevilla,1.16625,1.80002,2,1
2025-11-28,Getafe,Elche,1.34046,0.448894,1,0
2025-11-29,Atletico Madrid,Real Oviedo,2.40693,0.921985,2,0
2025-11-29,Barcelona,Alaves,2.51096,2.09256,3,1
2025-11-29,Levante,Athletic Club,1.20253,2.80864,0,2
2025-11-29,Mallorca,Osasuna,1.10581,1.11108,2,2
2025-11-30,Celta Vigo,Espanyol,0.635572,0.599243,0,1
2025-11-30,Girona,Real Madrid,1.05171,2.21359,1,1
2025-11-30,Real Sociedad,Villarreal,1.3715,1.63038,2,3
2025-11-30,Sevilla,Real Betis,0.735196,1.17861,0,2
2025-12-01,Rayo Vallecano,Valencia,2.13298,0.897663,1,1
2025-12-02,Barcelona,Atletico Madrid,3.46121,1.35018,3,1
2025-12-03,Athletic Club,Real Madrid,0.917315,2.36743,0,3
2025-12-05,Real Oviedo,Mallorca,1.60009,0.617185,0,0
2025-12-06,Alaves,Real Sociedad,1.88765,1.09935,1,0
2025-12-06,Athletic Club,Atletico Madrid,1.18636,0.771885,1,0
2025-12-06,Real Betis,Barcelona,2.74214,3.30288,3,5
2025-12-06,Villarreal,Getafe,0.816941,0.282254,2,0
2025-12-07,Elche,Girona,1.59513,0.781043,3,0
2025-12-07,Espanyol,Rayo Vallecano,1.57985,0.285545,1,0
2025-12-07,Real Madrid,Celta Vigo,2.41681,1.60908,0,2
2025-12-07,Valencia,Sevilla,1.23901,0.635478,1,1
2025-12-08,Osasuna,Levante,1.74988,0.544977,2,0
2025-12-12,Real Sociedad,Girona,1.02349,1.16894,1,2
2025-12-13,Atletico Madrid,Valencia,2.07076,1.26068,2,1
2025-12-13,Barcelona,Osasuna,2.14468,0.228217,2,0
2025-12-13,Getafe,Espanyol,0.305925,0.75472,0,1
2025-12-13,Mallorca,Elche,2.581,0.311674,3,1
2025-12-14,Alaves,Real Madrid,1.313,1.90656,1,2
2025-12-14,Celta Vigo,Athletic Club,1.97074,1.66561,2,0
2025-12-14,Sevilla,Real Oviedo,2.31899,0.416975,4,0
2025-12-15,Rayo Vallecano,Real Betis,2.1848,0.788766,0,0
2025-12-19,Valencia,Mallorca,2.16012,0.199412,1,1
2025-12-20,Levante,Real Sociedad,1.22005,1.62986,1,1
2025-12-20,Osasuna,Alaves,2.39145,0.718671,3,0
2025-12-20,Real Madrid,Sevilla,4.00139,1.51418,2,0
2025-12-20,Real Oviedo,Celta Vigo,0.517531,0.600009,0,0
2025-12-21,Elche,Rayo Vallecano,3.66996,1.14923,4,0
2025-12-21,Girona,Atletico Madrid,1.11565,1.26201,0,3
2025-12-21,Real Betis,Getafe,3.46022,1.24726,4,0
2025-12-21,Villarreal,Barcelona,2.16466,3.27381,0,2
2025-12-22,Athletic Club,Espanyol,1.72282,0.908988,1,2
2026-01-02,Rayo Vallecano,Getafe,0.662324,0.663898,1,1
2026-01-03,Celta Vigo,Valencia,2.59029,1.79296,4,1
2026-01-03,Elche,Villarreal,1.52119,2.635,1,3
2026-01-03,Espanyol,Barcelona,1.79661,2.94252,0,2
2026-01-03,Osasuna,Athletic Club,0.868051,1.554,1,1
2026-01-04,Alaves,Real Oviedo,1.56756,3.21906,1,1
2026-01-04,Mallorca,Girona,1.48338,1.45714,1,2
2026-01-04,Real Madrid,Real Betis,3.0073,0.974623,5,1
2026-01-04,Real Sociedad,Atletico Madrid,1.70649,1.37325,1,1
2026-01-04,Sevilla,Levante,1.66562,1.65102,0,3
2026-01-09,Getafe,Real Sociedad,0.240168,1.25801,1,2
2026-01-10,Girona,Osasuna,0.984024,1.22674,1,0
2026-01-10,Real Oviedo,Real Betis,1.01026,2.70809,1,1
2026-01-10,Valencia,Elche,2.04147,0.244413,1,1
2026-01-10,Villarreal,Alaves,1.38322,0.844572,3,1
2026-01-11,Levante,Espanyol,1.18232,1.58922,1,1
2026-01-11,Rayo Vallecano,Mallorca,2.05105,1.05743,2,1
2026-01-12,Sevilla,Celta Vigo,0.262521,2.07629,0,1
2026-01-16,Espanyol,Girona,1.26738,1.82377,0,2
2026-01-17,Mallorca,Athletic Club,3.11432,2.28242,3,2
2026-01-17,Osasuna,Real Oviedo,2.03551,1.36173,3,2
2026-01-17,Real Betis,Villarreal,1.34951,1.17907,2,0
2026-01-17,Real Madrid,Levante,2.54865,0.787501,2,0
2026-01-18,Atletico Madrid,Alaves,1.7743,1.21004,1,0
2026-01-18,Celta Vigo,Rayo Vallecano,1.90274,1.31932,3,0
2026-01-18,Getafe,Valencia,0.584591,0.746856,0,1
2026-01-18,Real Sociedad,Barcelona,1.55875,3.92031,2,1
2026-01-19,Elche,Sevilla,1.48075,2.4961,2,2
2026-01-23,Levante,Elche,3.24455,0.632971,3,2
2026-01-24,Rayo Vallecano,Osasuna,0.669564,1.36861,1,3
2026-01-24,Sevilla,Athletic Club,1.43055,1.91259,2,1
2026-01-24,Valencia,Espanyol,2.76956,1.75941,3,2
2026-01-24,Villarreal,Real Madrid,0.952831,1.62206,0,2
2026-01-25,Alaves,Real Betis,1.67102,1.78662,2,1
2026-01-25,Atletico Madrid,Mallorca,1.42501,0.367893,3,0
2026-01-25,Barcelona,Real Oviedo,2.59917,0.486404,3,0
2026-01-25,Real Sociedad,Celta Vigo,2.15496,1.63115,3,1
2026-01-26,Girona,Getafe,1.01571,1.1089,1,1
2026-01-30,Espanyol,Alaves,1.20096,1.32248,1,2
2026-01-31,Elche,Barcelona,0.839,7.11049,1,3
2026-01-31,Levante,Atletico Madrid,0.41109,0.615283,0,0
2026-01-31,Osasuna,Villarreal,2.13467,0.911128,2,2
2026-01-31,Real Oviedo,Girona,1.26601,0.664225,1,0
2026-02-01,Athletic Club,Real Sociedad,0.893754,1.58578,1,1
2026-02-01,Getafe,Celta Vigo,0.499866,0.256881,0,0
2026-02-01,Real Betis,Valencia,2.16883,1.88674,2,1
2026-02-01,Real Madrid,Rayo Vallecano,2.30208,1.06935,2,1
2026-02-02,Mallorca,Sevilla,3.04346,1.24318,4,1
2026-02-06,Celta Vigo,Osasuna,2.0351,1.00253,1,2
2026-02-07,Barcelona,Mallorca,2.48168,1.01087,3,0
2026-02-07,Real Sociedad,Elche,1.7719,1.08664,3,1
2026-02-08,Alaves,Getafe,3.01162,1.7859,0,2
2026-02-08,Athletic Club,Levante,2.77377,0.615311,4,2
2026-02-08,Atletico Madrid,Real Betis,0.625525,0.839838,0,1
2026-02-08,Sevilla,Girona,0.958247,2.60199,1,1
2026-02-08,Valencia,Real Madrid,0.571838,1.04576,0,2
2026-02-09,Villarreal,Espanyol,1.53925,0.744747,4,1
2026-02-13,Elche,Osasuna,2.33332,0.81264,0,0
2026-02-14,Espanyol,Celta Vigo,1.16112,2.81494,2,2
2026-02-14,Getafe,Villarreal,1.61761,0.969388,2,1
2026-02-14,Real Madrid,Real Sociedad,3.05918,1.66018,4,1
2026-02-14,Sevilla,Alaves,0.354256,1.38983,1,1
2026-02-15,Levante,Valencia,1.45737,0.743814,0,2
2026-02-15,Mallorca,Real Betis,0.731317,2.04841,1,2
2026-02-15,Rayo Vallecano,Atletico Madrid,2.75329,0.752854,3,0
2026-02-15,Real Oviedo,Athletic Club,0.861013,1.20566,1,2
2026-02-16,Girona,Barcelona,2.8897,2.69655,2,1
2026-02-18,Levante,Villarreal,0.774339,2.40024,0,1
2026-02-20,Athletic Club,Elche,3.38352,0.783583,2,1
2026-02-21,Atletico Madrid,Espanyol,3.28587,1.04114,4,2
2026-02-21,Osasuna,Real Madrid,2.31248,2.02307,2,1
2026-02-21,Real Betis,Rayo Vallecano,2.13548,1.30345,1,1
2026-02-21,Real Sociedad,Real Oviedo,2.77486,1.75088,3,3
2026-02-22,Barcelona,Levante,4.24402,0.602552,3,0
2026-02-22,Celta Vigo,Mallorca,2.93904,0.0207331,2,0
2026-02-22,Getafe,Sevilla,0.250539,0.283172,0,1
2026-02-22,Villarreal,Valencia,2.38144,1.91256,2,1
2026-02-23,Alaves,Girona,2.1366,2.05717,2,2
2026-02-27,Levante,Alaves,2.77253,1.29855,2,0
2026-02-28,Barcelona,Villarreal,3.54743,1.36182,4,1
2026-02-28,Mallorca,Real Sociedad,0.754182,0.929702,0,1
2026-02-28,Rayo Vallecano,Athletic Club,1.35951,0.428457,1,1
2026-02-28,Real Oviedo,Atletico Madrid,1.50089,0.853142,0,1
2026-03-01,Elche,Espanyol,1.82376,0.834858,2,2
2026-03-01,Girona,Celta Vigo,1.57036,0.697106,1,2
2026-03-01,Real Betis,Sevilla,1.48441,0.656164,2,2
2026-03-01,Valencia,Osasuna,1.31076,0.259132,1,0
2026-03-02,Real Madrid,Getafe,2.02274,0.476324,0,1
2026-03-04,Rayo Vallecano,Real Oviedo,2.55086,1.01052,3,0
2026-03-06,Celta Vigo,Real Madrid,0.910298,0.637644,1,2
2026-03-07,Athletic Club,Barcelona,1.04698,0.560009,0,1
2026-03-07,Atletico Madrid,Real Sociedad,3.57972,0.313932,3,2
2026-03-07,Levante,Girona,0.819009,1.917,1,1
2026-03-07,Osasuna,Mallorca,3.09031,1.03165,2,2
2026-03-08,Getafe,Real Betis,0.821088,1.24912,2,0
2026-03-08,Sevilla,Rayo Vallecano,1.14573,0.211673,1,1
2026-03-08,Valencia,Alaves,2.51657,1.60795,3,2
2026-03-08,Villarreal,Elche,2.30632,1.62051,2,1
2026-03-09,Espanyol,Real Oviedo,1.55092,0.886689,1,1
2026-03-13,Alaves,Villarreal,0.287232,0.873846,1,1
2026-03-14,Atletico Madrid,Getafe,2.14469,1.58248,1,0
2026-03-14,Girona,Athletic Club,2.19442,1.97271,3,0
2026-03-14,Real Madrid,Elche,1.72531,1.3711,4,1
2026-03-14,Real Oviedo,Valencia,1.8648,0.486871,1,0
2026-03-15,Barcelona,Sevilla,3.8639,1.04304,5,2
2026-03-15,Mallorca,Espanyol,2.1497,1.35243,2,1
2026-03-15,Real Betis,Celta Vigo,1.87752,0.646702,1,1
2026-03-15,Real Sociedad,Osasuna,2.91429,0.615126,3,1
2026-03-16,Rayo Vallecano,Levante,1.68134,1.45599,1,1
2026-03-20,Villarreal,Real Sociedad,3.35586,0.894953,3,1
2026-03-21,Elche,Mallorca,1.51605,1.51939,2,1
2026-03-21,Espanyol,Getafe,1.51208,2.06384,1,2
2026-03-21,Levante,Real Oviedo,2.92669,1.33569,4,2
2026-03-21,Osasuna,Girona,2.26232,0.232115,1,0
2026-03-21,Sevilla,Valencia,0.505411,1.7133,0,2
2026-03-22,Athletic Club,Real Betis,1.92715,0.591202,2,1
2026-03-22,Barcelona,Rayo Vallecano,1.92205,2.19631,1,0
2026-03-22,Celta Vigo,Alaves,1.70969,1.67221,3,4
2026-03-22,Real Madrid,Atletico Madrid,2.96605,1.40234,3,2
2026-04-03,Rayo Vallecano,Elche,1.51493,0.601974,1,0
2026-04-04,Atletico Madrid,Barcelona,0.919286,2.68584,1,2
2026-04-04,Mallorca,Real Madrid,1.03875,1.51454,2,1
2026-04-04,Real Betis,Espanyol,2.00215,0.144091,0,0
2026-04-04,Real Sociedad,Levante,2.96404,0.320219,2,0
2026-04-05,Alaves,Osasuna,1.65967,1.61149,2,2
2026-04-05,Getafe,Athletic Club,1.96345,0.524379,2,0
2026-04-05,Real Oviedo,Sevilla,0.785105,0.840736,1,0
2026-04-05,Valencia,Celta Vigo,0.720964,1.457,2,3
2026-04-06,Girona,Villarreal,0.653493,0.443518,1,0
2026-04-10,Real Madrid,Girona,1.98086,0.46667,1,1
2026-04-11,Barcelona,Espanyol,3.30789,1.13134,4,1
2026-04-11,Elche,Valencia,1.03489,2.76889,1,0
2026-04-11,Real Sociedad,Alaves,1.295,1.206,3,3
2026-04-11,Sevilla,Atletico Madrid,1.6578,0.855474,2,1
2026-04-12,Athletic Club,Villarreal,1.31935,1.55144,1,2
2026-04-12,Celta Vigo,Real Oviedo,1.15878,2.12846,0,3
2026-04-12,Mallorca,Rayo Vallecano,2.54659,1.97051,3,0
2026-04-12,Osasuna,Real Betis,1.52928,0.411183,1,1
2026-04-13,Levante,Getafe,3.32797,0.290983,1,0
2026-04-21,Athletic Club,Osasuna,0.49013,1.39553,1,0
2026-04-21,Girona,Real Betis,1.72891,1.24954,2,3
2026-04-21,Mallorca,Valencia,2.24468,1.39393,1,1
2026-04-21,Real Madrid,Alaves,1.504,1.62967,2,1
2026-04-22,Barcelona,Celta Vigo,1.54451,1.07392,1,0
2026-04-22,Elche,Atletico Madrid,3.62854,0.846836,3,2
2026-04-22,Real Sociedad,Getafe,1.90157,0.215233,0,1
2026-04-23,Levante,Sevilla,1.2081,0.444478,2,0
2026-04-23,Rayo Vallecano,Espanyol,2.06977,1.68535,1,0
2026-04-23,Real Oviedo,Villarreal,2.52849,3.25021,1,1
2026-04-24,Real Betis,Real Madrid,1.01953,1.09576,1,1
2026-04-25,Alaves,Mallorca,1.40767,0.221499,2,1
2026-04-25,Atletico Madrid,Athletic Club,2.47955,0.970599,3,2
2026-04-25,Getafe,Barcelona,0.607664,2.05171,0,2
2026-04-25,Valencia,Girona,2.31263,1.38799,2,1
2026-04-26,Osasuna,Sevilla,2.14254,0.553816,2,1
2026-04-26,Rayo Vallecano,Real Sociedad,3.18496,2.39684,3,3
2026-04-26,Real Oviedo,Elche,0.772271,0.621829,1,2
2026-04-26,Villarreal,Celta Vigo,2.409,2.05297,2,1
2026-04-27,Espanyol,Levante,0.853225,1.38559,0,0
2026-05-01,Girona,Mallorca,1.77655,1.30537,0,1
2026-05-02,Alaves,Athletic Club,0.613172,0.895921,2,4
2026-05-02,Osasuna,Barcelona,1.28813,1.56763,1,2
2026-05-02,Valencia,Atletico Madrid,0.778471,1.80568,0,2
2026-05-02,Villarreal,Levante,2.47953,0.801231,5,1
2026-05-03,Celta Vigo,Elche,1.4443,1.64767,3,1
2026-05-03,Espanyol,Real Madrid,1.09007,1.5023,0,2
2026-05-03,Getafe,Rayo Vallecano,1.35219,0.954171,0,2
2026-05-03,Real Betis,Real Oviedo,1.86882,1.14971,3,0
2026-05-04,Sevilla,Real Sociedad,1.32018,0.166837,1,0
2026-05-08,Levante,Osasuna,3.53052,0.500111,3,2
2026-05-09,Atletico Madrid,Celta Vigo,2.78506,0.292392,0,1
2026-05-09,Elche,Alaves,2.08849,2.45633,1,1
2026-05-09,Real Sociedad,Real Betis,2.66557,1.78903,2,2
2026-05-09,Sevilla,Espanyol,1.41747,0.402373,2,1
2026-05-10,Athletic Club,Valencia,0.935199,1.49759,0,1
2026-05-10,Barcelona,Real Madrid,1.72002,0.562101,2,0
2026-05-10,Mallorca,Villarreal,1.54058,0.9943,1,1
2026-05-10,Real Oviedo,Getafe,0.570226,1.40609,0,0
2026-05-11,Rayo Vallecano,Girona,1.79488,1.12895,1,1
2026-05-12,Celta Vigo,Levante,1.92053,1.52943,2,3
2026-05-12,Osasuna,Atletico Madrid,2.41049,1.8226,1,2
2026-05-12,Real Betis,Elche,1.97559,0.342743,2,1
2026-05-13,Alaves,Barcelona,0.95347,0.356356,1,0
2026-05-13,Espanyol,Athletic Club,0.8471,0.886467,2,0
2026-05-13,Getafe,Mallorca,1.82108,0.412059,3,1
2026-05-13,Villarreal,Sevilla,0.952333,0.917489,2,3
2026-05-14,Girona,Real Sociedad,2.68586,0.553216,1,1
2026-05-14,Real Madrid,Real Oviedo,1.74088,1.18679,2,0
2026-05-14,Valencia,Rayo Vallecano,0.938336,1.53041,1,1
2026-05-17,Athletic Club,Celta Vigo,2.90368,0.307867,1,1
2026-05-17,Atletico Madrid,Girona,2.70772,2.0015,1,0
2026-05-17,Barcelona,Real Betis,1.59946,0.985477,3,1
2026-05-17,Elche,Getafe,0.691836,0.0944069,1,0
2026-05-17,Levante,Mallorca,2.43681,0.438978,2,0
2026-05-17,Osasuna,Espanyol,1.81152,0.947142,1,2
2026-05-17,Rayo Vallecano,Villarreal,1.92496,0.654975,2,0
2026-05-17,Real Oviedo,Alaves,0.631265,1.28286,0,1
2026-05-17,Real Sociedad,Valencia,1.30267,1.99329,3,4
2026-05-17,Sevilla,Real Madrid,0.683481,1.47378,0,1
2026-05-23,Alaves,Rayo Vallecano,1.72468,1.64691,1,2
2026-05-23,Celta Vigo,Sevilla,1.61801,0.755735,1,0
2026-05-23,Espanyol,Real Sociedad,2.14307,1.23238,1,1
2026-05-23,Getafe,Osasuna,0.264137,0.800038,1,0
2026-05-23,Girona,Elche,0.668034,0.495408,1,1
2026-05-23,Mallorca,Real Oviedo,3.50774,0.243154,3,0
2026-05-23,Real Betis,Levante,1.8664,2.36717,2,1
2026-05-23,Real Madrid,Athletic Club,1.95397,1.4543,4,2
2026-05-23,Valencia,Barcelona,1.83367,1.29336,3,1
2026-05-24,Villarreal,Atletico Madrid,2.80441,1.58431,5,1
2026-08-15,Alaves,Getafe,2.28581,0.259705,3,0
2026-08-15,Sevilla,Rayo Vallecano,2.01841,1.91219,2,1
2026-08-16,Espanyol,Levante,2.0099,0.196262,3,0
2026-08-16,Racing Santander,Villarreal,1.96477,0.768799,2,2
2026-08-17,Deportivo La Coruna,Elche,0.33987,1.58691,1,1
2026-08-19,Atletico Madrid,Malaga,1.34391,0.229576,2,0
2026-08-20,Rayo Vallecano,Alaves,0.566429,2.22075,1,1
2026-08-21,Real Betis,Real Sociedad,1.69571,1.14003,1,0
2026-08-22,Athletic Club,Sevilla,1.46496,0.966795,1,3
2026-08-22,Espanyol,Real Madrid,1.01908,2.56122,1,2
2026-08-22,Valencia,Celta Vigo,0.420581,0.537309,0,0
2026-08-23,Atletico Madrid,Villarreal,0.739413,3.54183,2,2
2026-08-23,Elche,Barcelona,1.17646,4.25182,0,5
2026-08-23,Getafe,Racing Santander,0.982608,1.1679,1,0
2026-08-24,Malaga,Deportivo La Coruna,1.35649,1.1297,1,1
2026-08-24,Osasuna,Levante,0.892536,1.27031,0,0
2026-08-25,Valencia,Real Betis,1.28989,0.964495,0,1
2026-08-26,Real Madrid,Real Sociedad,3.30519,0.462997,4,1
2026-08-27,Barcelona,Athletic Club,3.9166,0.221962,2,0
2026-08-27,Celta Vigo,Osasuna,0.106731,1.89653,1,2
2026-08-28,Alaves,Villarreal,0.915469,1.45107,1,0
2026-08-28,Racing Santander,Elche,2.56226,1.07551,3,2
2026-08-29,Levante,Real Betis,3.0376,1.92286,5,2
2026-08-29,Real Sociedad,Espanyol,2.91657,0.929949,2,1
2026-08-29,Sevilla,Atletico Madrid,1.08053,1.47677,1,3
2026-08-30,Celta Vigo,Athletic Club,1.20059,3.13299,0,2
2026-08-30,Deportivo La Coruna,Valencia,1.40751,1.01663,3,1
2026-08-30,Real Madrid,Malaga,3.40784,0.760169,4,0
2026-08-31,Barcelona,Rayo Vallecano,2.9576,1.06614,5,2
2026-08-31,Osasuna,Getafe,1.70503,1.09043,1,0
2026-09-03,Real Sociedad,Celta Vigo,1.02047,0.633241,0,0
2026-09-04,Real Betis,Real Madrid,0.885249,3.38283,1,0
2026-09-05,Athletic Club,Atletico Madrid,1.87212,0.752183,3,0
2026-09-05,Rayo Vallecano,Racing Santander,1.18959,0.632853,3,2
2026-09-05,Villarreal,Deportivo La Coruna,3.64239,2.44247,2,3
2026-09-06,Alaves,Osasuna,1.60188,1.64406,5,2
2026-09-06,Espanyol,Sevilla,1.81745,0.372572,1,1
2026-09-06,Malaga,Levante,1.72661,1.19172,0,0
2026-09-06,Valencia,Barcelona,0.518846,4.76916,0,5
2026-09-07,Elche,Real Sociedad,2.87045,0.876198,2,3
2026-09-07,Getafe,Celta Vigo,1.45841,1.42122,1,1
2026-09-11,Sevilla,Valencia,1.35505,0.0798948,1,0
2026-09-12,Athletic Club,Elche,3.13039,0.816135,1,1
2026-09-12,Osasuna,Espanyol,1.10365,1.40951,0,2
2026-09-12,Racing Santander,Alaves,1.38389,2.27148,2,1
2026-09-12,Real Madrid,Rayo Vallecano,3.12156,1.19257,4,1
2026-09-13,Celta Vigo,Malaga,1.48145,0.548065,1,1
2026-09-13,Getafe,Deportivo La Coruna,0.994787,0.944884,1,1
2026-09-13,Levante,Barcelona,2.67442,2.46861,2,4
2026-09-13,Real Sociedad,Atletico Madrid,0.607518,1.83411,0,3
2026-09-14,Villarreal,Real Betis,1.67293,4.07311,1,2
2026-09-15,Alaves,Valencia,1.30957,0.83949,0,1
2026-09-15,Elche,Real Madrid,1.05222,3.46121,2,3
2026-09-15,Rayo Vallecano,Espanyol,1.8328,1.1573,2,1
2026-09-16,Atletico Madrid,Osasuna,5.14269,0.717926,4,0
2026-09-16,Barcelona,Racing Santander,7.47528,1.38402,7,2
2026-09-16,Deportivo La Coruna,Sevilla,0.192171,0.853244,0,1
2026-09-17,Malaga,Villarreal,0.361392,4.2474,1,3
2026-09-17,Real Betis,Getafe,2.60912,0.327032,1,0
2026-09-18,Espanyol,Elche,1.07744,1.25113,1,3
2026-09-19,Athletic Club,Alaves,1.46153,0.0461634,0,0
2026-09-19,Celta Vigo,Racing Santander,2.2295,0.719901,5,0
2026-09-19,Osasuna,Rayo Vallecano,0.926414,1.35649,1,1
2026-09-19,Sevilla,Barcelona,0.758355,3.56261,1,3
2026-09-20,Atletico Madrid,Real Madrid,2.40619,0.420774,2,1
2026-09-20,Deportivo La Coruna,Real Betis,1.93872,1.00253,1,1
2026-09-20,Getafe,Malaga,1.18796,0.660498,1,0
2026-09-20,Valencia,Real Sociedad,1.52762,2.33411,2,3
2026-09-20,Villarreal,Levante,4.28569,0.941792,3,1
2026-10-09,Malaga,Espanyol,0.685224,1.37967,1,1
