date,home_team,away_team,home_xg,away_xg,home_goals,away_goals
2014-08-08,Reims,Paris Saint Germain,1.36787,2.65538,2,2
2014-08-09,Evian Thonon Gaillard,Caen,0.813737,1.23869,0,3
2014-08-09,Guingamp,Saint-Etienne,0.63294,1.49532,0,2
2014-08-09,Lille,Metz,1.54468,0.0571371,0,0
2014-08-09,Montpellier,Bordeaux,1.01756,0.750184,0,1
2014-08-09,Nantes,Lens,1.025,0.167128,1,0
2014-08-09,Nice,Toulouse,2.21481,1.56361,3,2
2014-08-09,SC Bastia,Marseille,1.39689,1.31751,3,3
2014-08-10,Lyon,Rennes,2.064,0.375946,2,0
2014-08-10,Monaco,Lorient,2.09333,1.6254,1,2
2014-08-15,Caen,Lille,0.273799,0.945961,0,1
2014-08-16,Lens,Guingamp,0.908766,1.00409,0,1
2014-08-16,Lorient,Nice,1.03357,0.326763,0,0
2014-08-16,Metz,Nantes,1.21778,0.623268,1,1
2014-08-16,Paris Saint Germain,SC Bastia,1.50758,0.164539,2,0
2014-08-16,Rennes,Evian Thonon Gaillard,1.81988,1.06246,6,2
2014-08-16,Toulouse,Lyon,1.43956,1.28964,2,1
2014-08-17,Bordeaux,Monaco,3.76512,0.575148,4,1
2014-08-17,Marseille,Montpellier,1.10223,1.55953,0,2
2014-08-17,Saint-Etienne,Reims,2.42892,0.285467,3,1
2014-08-22,Evian Thonon Gaillard,Paris Saint Germain,0.632883,0.388902,0,0
2014-08-23,Guingamp,Marseille,0.452052,0.708459,0,1
2014-08-23,Lille,Lorient,0.782421,0.335937,2,0
2014-08-23,Montpellier,Metz,1.59321,1.5187,2,0
2014-08-23,Nice,Bordeaux,0.830133,1.39097,1,3
2014-08-23,Reims,Caen,1.8721,1.80265,0,2
2014-08-23,SC Bastia,Toulouse,1.14876,0.714399,1,0
2014-08-24,Lyon,Lens,0.907071,1.83188,0,1
2014-08-24,Nantes,Monaco,2.58841,0.835173,0,1
2014-08-24,Saint-Etienne,Rennes,1.16489,0.364811,0,0
2014-08-29,Marseille,Nice,4.68663,0.699986,4,0
2014-08-30,Caen,Rennes,0.419379,1.17366,0,1
2014-08-30,Lens,Reims,2.67759,1.28585,4,2
2014-08-30,Lorient,Guingamp,2.04974,0.607468,4,0
2014-08-30,Monaco,Lille,1.74105,0.209403,1,1
2014-08-30,Nantes,Montpellier,1.27017,0.127161,1,0
2014-08-30,Toulouse,Evian Thonon Gaillard,0.851431,0.710663,1,0
2014-08-31,Bordeaux,SC Bastia,1.35871,1.03398,1,1
2014-08-31,Metz,Lyon,1.50793,2.14951,2,1
2014-08-31,Paris Saint Germain,Saint-Etienne,1.60888,0.384577,5,0
2014-09-12,Lyon,Monaco,1.78993,0.920354,2,1
2014-09-13,Montpellier,Lorient,1.48717,0.37765,1,0
2014-09-13,Nice,Metz,0.787783,0.509534,1,0
2014-09-13,Reims,Toulouse,0.295284,1.54377,2,0
2014-09-13,Rennes,Paris Saint Germain,0.28586,1.49453,1,1
2014-09-13,SC Bastia,Lens,0.689205,0.302581,1,1
2014-09-13,Saint-Etienne,Caen,1.40877,0.54212,1,0
2014-09-14,Evian Thonon Gaillard,Marseille,0.912171,1.12115,1,3
2014-09-14,Guingamp,Bordeaux,1.68757,0.289488,2,1
2014-09-14,Lille,Nantes,1.46293,0.987708,2,0
2014-09-19,Bordeaux,Evian Thonon Gaillard,0.539429,0.365111,2,1
2014-09-20,Lorient,Reims,0.236254,0.826222,0,1
2014-09-20,Marseille,Rennes,1.4979,1.37752,3,0
2014-09-20,Metz,SC Bastia,1.75071,0.445841,3,1
2014-09-20,Nantes,Nice,1.9684,0.0802175,2,1
2014-09-20,Toulouse,Caen,3.64275,0.664786,3,3
2014-09-21,Lens,Saint-Etienne,0.880858,1.03801,0,1
2014-09-21,Lille,Montpellier,0.816887,0.349895,0,0
2014-09-21,Monaco,Guingamp,1.44179,0.0833917,1,0
2014-09-21,Paris Saint Germain,Lyon,1.71499,0.538028,1,1
2014-09-23,Reims,Marseille,0.383029,3.62665,0,5
2014-09-23,Rennes,Toulouse,0.642791,0.479571,0,3
2014-09-24,Caen,Paris Saint Germain,0.943355,2.14743,0,2
2014-09-24,Evian Thonon Gaillard,Lens,0.96835,0.860457,2,1
2014-09-24,Guingamp,Metz,0.74288,0.329026,0,1
2014-09-24,Lyon,Lorient,2.15635,0.450279,4,0
2014-09-24,Montpellier,Monaco,0.381379,0.821933,0,1
2014-09-24,Nice,Lille,0.86697,0.220894,1,0
2014-09-24,SC Bastia,Nantes,0.328904,1.6641,0,0
2014-09-25,Saint-Etienne,Bordeaux,2.12624,1.03818,1,1
2014-09-27,Lille,SC Bastia,0.668915,0.464606,1,0
2014-09-27,Lorient,Evian Thonon Gaillard,0.791519,0.834365,0,2
2014-09-27,Metz,Reims,1.57463,0.119753,3,0
2014-09-27,Monaco,Nice,0.582276,0.392234,0,1
2014-09-27,Montpellier,Guingamp,0.958,0.440641,2,1
2014-09-27,Toulouse,Paris Saint Germain,0.661996,0.504659,1,1
2014-09-28,Bordeaux,Rennes,1.73816,2.28274,2,1
2014-09-28,Lens,Caen,0.518773,0.375391,0,0
2014-09-28,Marseille,Saint-Etienne,1.12373,0.348437,2,1
2014-09-28,Nantes,Lyon,1.90868,0.693743,1,1
2014-10-03,Reims,Bordeaux,0.457543,0.617068,1,0
2014-10-04,Caen,Marseille,0.496129,2.73148,1,2
2014-10-04,Evian Thonon Gaillard,Metz,1.25083,0.334334,3,0
2014-10-04,Nice,Montpellier,1.13335,0.520645,1,1
2014-10-04,Rennes,Lens,2.26447,0.191323,2,0
2014-10-04,SC Bastia,Lorient,0.307003,0.692365,0,2
2014-10-05,Guingamp,Nantes,0.909291,0.720094,0,1
2014-10-05,Lyon,Lille,2.33678,0.368029,3,0
2014-10-05,Paris Saint Germain,Monaco,1.23205,1.28795,1,1
2014-10-05,Saint-Etienne,Toulouse,1.29929,0.821394,0,1
2014-10-17,Lens,Paris Saint Germain,0.887858,2.32314,1,3
2014-10-18,Lille,Guingamp,1.90889,1.14653,1,2
2014-10-18,Lorient,Saint-Etienne,0.179886,1.46047,0,1
2014-10-18,Metz,Rennes,0.343316,0.676471,0,0
2014-10-18,Monaco,Evian Thonon Gaillard,2.44399,1.3361,2,0
2014-10-18,Nantes,Reims,0.36688,1.07275,1,1
2014-10-18,Nice,SC Bastia,0.814842,0.15312,0,1
2014-10-19,Bordeaux,Caen,1.38912,0.602559,1,1
2014-10-19,Lyon,Montpellier,2.47834,1.23199,5,1
2014-10-19,Marseille,Toulouse,1.15665,0.242119,2,0
2014-10-24,Toulouse,Lens,0.868458,1.22242,0,2
2014-10-25,Caen,Lorient,2.02942,1.13471,2,1
2014-10-25,Evian Thonon Gaillard,Nantes,0.258938,2.12732,0,2
2014-10-25,Paris Saint Germain,Bordeaux,2.26339,0.451124,3,0
2014-10-25,Reims,Montpellier,0.716961,0.705528,1,0
2014-10-25,SC Bastia,Monaco,0.983475,2.2563,1,3
2014-10-26,Guingamp,Nice,2.11355,3.68156,2,7
2014-10-26,Lyon,Marseille,0.780099,1.13587,1,0
2014-10-26,Rennes,Lille,2.16826,0.387805,2,0
2014-10-26,Saint-Etienne,Metz,1.08553,0.3693,1,0
2014-10-31,Monaco,Reims,1.32581,0.861794,1,1
2014-11-01,Guingamp,SC Bastia,0.67025,0.427032,1,0
2014-11-01,Lille,Saint-Etienne,1.57174,1.51419,1,1
2014-11-01,Lorient,Paris Saint Germain,1.17192,1.72464,1,2
2014-11-01,Metz,Caen,2.32422,0.791375,3,2
2014-11-01,Montpellier,Evian Thonon Gaillard,2.13023,0.196777,2,0
2014-11-01,Nice,Lyon,1.39284,1.8591,1,3
2014-11-02,Bordeaux,Toulouse,1.6268,0.983897,2,1
2014-11-02,Marseille,Lens,1.5579,1.10067,2,1
2014-11-02,Nantes,Rennes,0.993801,0.476723,1,1
2014-11-07,Rennes,Lorient,1.68988,0.152455,1,0
2014-11-08,Caen,Nantes,0.549958,0.719069,1,2
2014-11-08,Evian Thonon Gaillard,Nice,1.37071,1.13378,1,0
2014-11-08,Lens,Bordeaux,1.04227,1.51927,1,2
2014-11-08,SC Bastia,Montpellier,1.50095,0.550295,2,0
2014-11-08,Toulouse,Metz,1.21269,0.416847,3,0
2014-11-09,Lyon,Guingamp,0.7915,1.13393,3,1
2014-11-09,Paris Saint Germain,Marseille,2.92373,0.757773,2,0
2014-11-09,Reims,Lille,2.3767,0.580936,2,0
2014-11-09,Saint-Etienne,Monaco,0.805668,0.589202,1,1
2014-11-21,Metz,Paris Saint Germain,2.04314,2.21682,2,3
2014-11-22,Guingamp,Rennes,0.86725,1.07493,0,1
2014-11-22,Lorient,Lens,2.00993,0.382214,1,0
2014-11-22,Monaco,Caen,3.04804,0.456666,2,2
2014-11-22,Nice,Reims,1.3235,0.813343,0,0
2014-11-22,SC Bastia,Lyon,0.449604,0.345597,0,0
2014-11-23,Marseille,Bordeaux,3.01008,0.961541,3,1
2014-11-23,Montpellier,Toulouse,1.56753,0.796531,2,0
2014-11-23,Nantes,Saint-Etienne,1.0617,1.47305,0,0
2014-11-28,Marseille,Nantes,0.769279,0.749454,2,0
2014-11-29,Caen,Montpellier,2.34821,0.618174,1,1
2014-11-29,Lens,Metz,1.52799,0.819458,2,0
2014-11-29,Paris Saint Germain,Nice,1.77541,0.367226,1,0
2014-11-29,Reims,SC Bastia,1.08343,1.13102,2,1
2014-11-29,Rennes,Monaco,1.17457,0.764203,2,0
2014-11-29,Toulouse,Lorient,2.68262,2.60595,2,3
2014-11-30,Bordeaux,Lille,1.24129,0.281944,1,0
2014-11-30,Evian Thonon Gaillard,Guingamp,0.910803,0.583473,2,0
2014-11-30,Saint-Etienne,Lyon,2.12258,1.85216,3,0
2014-12-02,Lorient,Marseille,1.01955,1.93231,1,1
2014-12-02,Monaco,Lens,1.07556,1.29348,2,0
2014-12-02,Nantes,Toulouse,1.48238,0.872311,1,2
2014-12-03,Guingamp,Caen,2.5562,0.585605,5,1
2014-12-03,Lille,Paris Saint Germain,1.32825,3.24668,1,1
2014-12-03,Metz,Bordeaux,1.49865,0.537624,0,0
2014-12-03,Montpellier,Saint-Etienne,0.402363,1.36398,0,2
2014-12-03,Nice,Rennes,0.8181,0.596867,1,2
2014-12-03,SC Bastia,Evian Thonon Gaillard,1.69568,1.15876,1,2
2014-12-04,Lyon,Reims,2.08293,0.972753,2,1
2014-12-05,Toulouse,Monaco,0.342817,1.72686,0,2
2014-12-06,Bordeaux,Lorient,2.72882,1.50451,3,2
2014-12-06,Caen,Nice,1.73894,2.42286,2,3
2014-12-06,Paris Saint Germain,Nantes,1.86018,0.152992,2,1
2014-12-06,Rennes,Montpellier,1.46084,4.23067,0,4
2014-12-06,Saint-Etienne,SC Bastia,0.855599,1.38223,1,0
2014-12-07,Evian Thonon Gaillard,Lyon,0.973267,2.92037,2,3
2014-12-07,Lens,Lille,1.18959,0.723394,1,1
2014-12-07,Marseille,Metz,1.84578,0.938293,3,1
2014-12-07,Reims,Guingamp,0.714267,0.777862,2,3
2014-12-12,Lyon,Caen,4.08802,0.374308,3,0
2014-12-13,Lorient,Metz,2.22037,0.370375,3,1
2014-12-13,Montpellier,Lens,2.02229,1.3397,3,3
2014-12-13,Nantes,Bordeaux,0.164604,1.03315,2,1
2014-12-13,Reims,Evian Thonon Gaillard,1.86473,0.810448,3,2
2014-12-13,SC Bastia,Rennes,1.10213,0.311319,2,0
2014-12-14,Guingamp,Paris Saint Germain,0.67697,1.24333,1,0
2014-12-14,Lille,Toulouse,2.32341,0.0757702,3,0
2014-12-14,Monaco,Marseille,1.03529,1.47031,1,0
2014-12-14,Nice,Saint-Etienne,0.190566,0.297555,0,0
2014-12-19,Lens,Nice,1.45073,0.639666,2,0
2014-12-20,Caen,SC Bastia,0.446779,1.17583,1,1
2014-12-20,Lorient,Nantes,2.85551,1.06757,1,2
2014-12-20,Metz,Monaco,0.742352,1.1,0,1
2014-12-20,Paris Saint Germain,Montpellier,0.514465,0.0415991,0,0
2014-12-20,Rennes,Reims,0.343718,0.695359,1,3
2014-12-20,Toulouse,Guingamp,1.20718,1.22899,1,1
2014-12-21,Bordeaux,Lyon,1.24417,3.16703,0,5
2014-12-21,Marseille,Lille,1.30672,0.743826,2,1
2014-12-21,Saint-Etienne,Evian Thonon Gaillard,1.3033,0.321493,3,0
2015-01-07,Lille,Evian Thonon Gaillard,0.437156,0.749129,1,0
2015-01-09,Montpellier,Marseille,0.160071,0.221183,2,1
2015-01-10,Evian Thonon Gaillard,Rennes,1.16628,2.1526,1,1
2015-01-10,Guingamp,Lens,2.27563,0.493296,2,0
2015-01-10,Lille,Caen,1.18586,0.194979,1,0
2015-01-10,Nice,Lorient,2.64247,0.198224,3,1
2015-01-10,Reims,Saint-Etienne,1.23747,1.25903,1,2
2015-01-10,SC Bastia,Paris Saint Germain,1.4467,1.31274,4,2
2015-01-11,Lyon,Toulouse,1.51779,0.508209,3,0
2015-01-11,Monaco,Bordeaux,0.934172,0.73411,0,0
2015-01-11,Nantes,Metz,0.67776,0.850045,0,0
2015-01-16,Bordeaux,Nice,1.19574,0.940781,1,2
2015-01-17,Caen,Reims,3.058,1.56623,4,1
2015-01-17,Lens,Lyon,0.971433,1.1716,0,2
2015-01-17,Lorient,Lille,1.54815,0.686454,1,0
2015-01-17,Metz,Montpellier,1.47552,2.64971,2,3
2015-01-17,Monaco,Nantes,2.21733,1.23269,1,0
2015-01-17,Toulouse,SC Bastia,0.267063,0.760438,1,1
2015-01-18,Marseille,Guingamp,1.12799,1.32457,2,1
2015-01-18,Paris Saint Germain,Evian Thonon Gaillard,3.42779,0.39894,4,2
2015-01-18,Rennes,Saint-Etienne,0.604093,0.533585,0,0
2015-01-23,Nice,Marseille,2.00165,1.59013,2,1
2015-01-24,Guingamp,Lorient,2.31354,1.8591,3,2
2015-01-24,Lille,Monaco,0.744491,0.910793,0,1
2015-01-24,Montpellier,Nantes,1.40846,0.557405,4,0
2015-01-24,SC Bastia,Bordeaux,1.38665,0.961446,0,0
2015-01-25,Evian Thonon Gaillard,Toulouse,0.438885,1.3373,1,0
2015-01-25,Lyon,Metz,1.49602,0.186266,2,0
2015-01-25,Reims,Lens,0.962133,2.56238,0,0
2015-01-25,Rennes,Caen,0.821031,1.21021,1,4
2015-01-25,Saint-Etienne,Paris Saint Germain,0.351107,2.36079,0,1
2015-01-30,Paris Saint Germain,Rennes,1.84905,0.464159,1,0
2015-01-31,Lens,SC Bastia,2.08817,0.854747,1,1
2015-01-31,Lorient,Montpellier,0.746701,0.135585,0,0
2015-01-31,Marseille,Evian Thonon Gaillard,2.36677,0.0877751,1,0
2015-01-31,Metz,Nice,0.763854,0.11521,0,0
2015-01-31,Nantes,Lille,1.38049,0.630169,1,1
2015-01-31,Toulouse,Reims,1.07089,0.27492,1,0
2015-02-01,Bordeaux,Guingamp,0.767491,0.71638,1,1
2015-02-01,Caen,Saint-Etienne,2.22468,1.00315,1,0
2015-02-01,Monaco,Lyon,0.83513,0.554624,0,0
2015-02-06,Saint-Etienne,Lens,1.53111,1.66725,3,3
2015-02-07,Caen,Toulouse,1.75465,0.440619,2,0
2015-02-07,Evian Thonon Gaillard,Bordeaux,0.363124,0.188163,0,1
2015-02-07,Montpellier,Lille,0.586876,2.22525,1,2
2015-02-07,Reims,Lorient,1.71173,1.0102,1,3
2015-02-07,Rennes,Marseille,0.533668,0.347751,1,1
2015-02-07,SC Bastia,Metz,1.56279,0.595647,2,0
2015-02-08,Guingamp,Monaco,1.14607,1.739,1,0
2015-02-08,Lyon,Paris Saint Germain,0.719121,2.59822,1,1
2015-02-08,Nice,Nantes,1.22982,0.18589,0,0
2015-02-13,Marseille,Reims,2.10567,1.42842,2,2
2015-02-14,Lens,Evian Thonon Gaillard,1.38094,0.81777,0,2
2015-02-14,Lille,Nice,0.366899,0.144349,0,0
2015-02-14,Nantes,SC Bastia,0.250159,0.639578,0,2
2015-02-14,Paris Saint Germain,Caen,1.58468,0.674238,2,2
2015-02-14,Toulouse,Rennes,1.0594,0.801069,2,1
2015-02-15,Bordeaux,Saint-Etienne,1.07309,0.943341,1,0
2015-02-15,Lorient,Lyon,1.23844,0.709499,1,1
2015-02-15,Metz,Guingamp,0.487235,1.73901,0,2
2015-02-20,Nice,Monaco,0.541836,0.852581,0,1
2015-02-21,Caen,Lens,1.84709,1.37945,4,1
2015-02-21,Paris Saint Germain,Toulouse,1.89117,1.00428,3,1
2015-02-21,Rennes,Bordeaux,0.872582,1.56069,1,1
2015-02-21,SC Bastia,Lille,0.442604,0.368923,2,1
2015-02-22,Guingamp,Montpellier,0.311905,2.26494,0,2
2015-02-22,Lyon,Nantes,2.35303,0.2487,1,0
2015-02-22,Reims,Metz,0.730481,0.772318,0,0
2015-02-22,Saint-Etienne,Marseille,1.7567,1.5275,2,2
2015-02-27,Marseille,Caen,3.28904,1.91638,2,3
2015-02-28,Bordeaux,Reims,0.951469,0.791814,1,1
2015-02-28,Lens,Rennes,0.982123,1.3562,0,1
2015-02-28,Lille,Lyon,1.04431,0.387306,2,1
2015-02-28,Lorient,SC Bastia,1.19939,0.408568,2,0
2015-02-28,Metz,Evian Thonon Gaillard,0.769832,0.917162,1,2
2015-02-28,Toulouse,Saint-Etienne,0.400404,1.01274,1,1
2015-03-01,Monaco,Paris Saint Germain,0.269429,1.25139,0,0
2015-03-01,Montpellier,Nice,1.80655,1.22264,2,1
2015-03-01,Nantes,Guingamp,0.313418,0.194371,1,0
2015-03-04,Evian Thonon Gaillard,Lorient,0.550926,0.561594,1,0
2015-03-06,Toulouse,Marseille,1.46982,1.8118,1,6
2015-03-07,Caen,Bordeaux,0.491188,1.56487,1,2
2015-03-07,Evian Thonon Gaillard,Monaco,1.24794,1.68478,1,3
2015-03-07,Paris Saint Germain,Lens,4.74794,0.623449,4,1
2015-03-07,Reims,Nantes,2.72502,0.912317,3,1
2015-03-07,Rennes,Metz,0.370071,0.603088,1,0
2015-03-07,SC Bastia,Nice,1.12393,0.711578,2,1
2015-03-08,Guingamp,Lille,0.209842,0.546828,0,1
2015-03-08,Montpellier,Lyon,1.55979,3.47495,1,5
2015-03-08,Saint-Etienne,Lorient,1.79838,0.42515,2,0
2015-03-13,Monaco,SC Bastia,4.78539,0.127961,3,0
2015-03-13,Nice,Guingamp,0.932215,1.18537,1,2
2015-03-14,Lens,Toulouse,0.674633,0.61914,1,0
2015-03-14,Lorient,Caen,1.41533,1.32089,2,1
2015-03-14,Metz,Saint-Etienne,1.85037,1.48298,2,3
2015-03-14,Montpellier,Reims,3.27913,1.43438,3,1
2015-03-14,Nantes,Evian Thonon Gaillard,1.36711,0.788056,2,1
2015-03-15,Bordeaux,Paris Saint Germain,2.38445,2.24977,3,2
2015-03-15,Lille,Rennes,1.86602,0.426289,3,0
2015-03-15,Marseille,Lyon,0.315525,0.573691,0,0
2015-03-20,Paris Saint Germain,Lorient,3.60171,0.385115,3,1
2015-03-21,Caen,Metz,0.666206,0.278793,0,0
2015-03-21,Evian Thonon Gaillard,Montpellier,1.34575,0.230609,1,0
2015-03-21,Lyon,Nice,1.41208,1.79842,1,2
2015-03-21,Rennes,Nantes,0.21106,0.282065,0,0
2015-03-21,SC Bastia,Guingamp,0.698853,1.08129,0,0
2015-03-21,Toulouse,Bordeaux,0.915381,1.29075,2,1
2015-03-22,Lens,Marseille,0.345633,0.383233,0,4
2015-03-22,Reims,Monaco,1.14195,1.79552,1,3
2015-03-22,Saint-Etienne,Lille,1.21521,0.234061,2,0
2015-04-03,Monaco,Saint-Etienne,0.824897,0.651043,1,1
2015-04-04,Guingamp,Lyon,0.444604,1.70947,1,3
2015-04-04,Lille,Reims,2.82156,0.943203,3,1
2015-04-04,Lorient,Rennes,1.17439,0.406495,0,3
2015-04-04,Metz,Toulouse,1.18188,1.02796,3,2
2015-04-04,Montpellier,SC Bastia,2.6221,0.227001,3,1
2015-04-04,Nice,Evian Thonon Gaillard,1.28484,1.60029,2,2
2015-04-05,Bordeaux,Lens,1.84297,1.43634,2,1
2015-04-05,Marseille,Paris Saint Germain,0.634944,0.396874,2,3
2015-04-05,Nantes,Caen,1.22924,1.82125,1,2
2015-04-07,Monaco,Montpellier,0.758015,1.24109,0,0
2015-04-10,Caen,Monaco,0.388163,1.64324,0,3
2015-04-12,Bordeaux,Marseille,0.441498,0.804363,1,0
2015-04-12,Evian Thonon Gaillard,Lille,1.17213,1.77445,0,1
2015-04-12,Lens,Lorient,0.711634,0.487375,0,0
2015-04-12,Reims,Nice,1.31503,1.67264,0,1
2015-04-12,Rennes,Guingamp,0.944457,0.156916,1,0
2015-04-12,Saint-Etienne,Nantes,0.359586,0.44705,1,0
2015-04-12,Toulouse,Montpellier,1.13569,0.768385,1,0
2015-04-15,Lyon,SC Bastia,1.52986,0.293852,2,0
2015-04-17,Nantes,Marseille,0.78163,1.03163,1,0
2015-04-18,Guingamp,Evian Thonon Gaillard,1.42866,0.997207,1,1
2015-04-18,Lorient,Toulouse,0.66899,1.65061,0,1
2015-04-18,Metz,Lens,3.00002,0.263045,3,1
2015-04-18,Monaco,Rennes,0.88234,2.02085,1,1
2015-04-18,Nice,Paris Saint Germain,1.35219,2.84076,1,3
2015-04-18,SC Bastia,Reims,0.590394,1.89032,1,2
2015-04-19,Lille,Bordeaux,1.28762,1.39606,2,0
2015-04-19,Lyon,Saint-Etienne,2.17269,1.93102,2,2
2015-04-19,Montpellier,Caen,0.784383,0.272891,1,0
2015-04-24,Marseille,Lorient,3.1251,1.72403,3,5
2015-04-25,Bordeaux,Metz,1.258,1.09106,1,1
2015-04-25,Caen,Guingamp,0.694684,0.737686,0,2
2015-04-25,Evian Thonon Gaillard,SC Bastia,1.49347,1.35755,1,2
2015-04-25,Paris Saint Germain,Lille,2.94967,0.30206,6,1
2015-04-25,Rennes,Nice,0.606512,1.21371,2,1
2015-04-25,Toulouse,Nantes,0.830878,0.531381,1,1
2015-04-26,Lens,Monaco,0.484653,2.34357,0,3
2015-04-26,Reims,Lyon,1.20949,3.1736,2,4
2015-04-26,Saint-Etienne,Montpellier,0.664788,1.05147,1,0
2015-04-28,Paris Saint Germain,Metz,1.0084,0.447795,3,1
2015-05-01,Metz,Marseille,0.716553,1.33877,0,2
2015-05-02,Guingamp,Reims,1.49746,0.306909,2,0
2015-05-02,Lorient,Bordeaux,0.32339,0.98639,0,0
2015-05-02,Lyon,Evian Thonon Gaillard,2.65856,0.657208,2,0
2015-05-02,Montpellier,Rennes,0.458981,0.157906,0,0
2015-05-02,Nice,Caen,1.93969,1.07766,1,1
2015-05-02,SC Bastia,Saint-Etienne,1.46257,0.301232,1,0
2015-05-03,Lille,Lens,2.55504,0.378157,3,1
2015-05-03,Monaco,Toulouse,1.7647,0.400624,4,1
2015-05-03,Nantes,Paris Saint Germain,0.51294,2.21276,0,2
2015-05-08,Paris Saint Germain,Guingamp,4.38112,0.23496,6,0
2015-05-09,Bordeaux,Nantes,1.75746,0.970478,2,1
2015-05-09,Caen,Lyon,2.53929,1.22641,3,0
2015-05-09,Evian Thonon Gaillard,Reims,1.13016,2.18633,2,3
2015-05-09,Metz,Lorient,0.834694,2.94476,0,4
2015-05-09,Rennes,SC Bastia,3.09687,0.265662,0,1
2015-05-09,Toulouse,Lille,1.73819,1.42546,3,2
2015-05-10,Lens,Montpellier,0.264804,1.72574,0,1
2015-05-10,Marseille,Monaco,1.24252,1.32282,2,1
2015-05-10,Saint-Etienne,Nice,2.78089,0.866729,5,0
2015-05-16,Evian Thonon Gaillard,Saint-Etienne,1.24292,1.84086,1,2
2015-05-16,Guingamp,Toulouse,1.18547,2.3098,2,1
2015-05-16,Lille,Marseille,1.08859,3.43302,0,4
2015-05-16,Lyon,Bordeaux,0.859619,0.968181,1,1
2015-05-16,Monaco,Metz,3.51571,0.619008,2,0
2015-05-16,Montpellier,Paris Saint Germain,0.344417,2.33917,1,2
2015-05-16,Nantes,Lorient,1.55602,0.364488,1,1
2015-05-16,Nice,Lens,2.68396,0.971766,2,1
2015-05-16,Reims,Rennes,1.98359,0.224434,1,0
2015-05-16,SC Bastia,Caen,0.406616,0.53817,1,1
2015-05-23,Bordeaux,Montpellier,2.67021,0.815618,2,1
2015-05-23,Caen,Evian Thonon Gaillard,2.02955,1.84486,3,2
2015-05-23,Lens,Nantes,0.955303,1.00195,1,0
2015-05-23,Lorient,Monaco,0.313189,1.8645,0,1
2015-05-23,Marseille,SC Bastia,1.07865,0.216127,3,0
2015-05-23,Metz,Lille,2.32939,2.45554,1,4
2015-05-23,Paris Saint Germain,Reims,2.06974,1.54416,3,2
2015-05-23,Rennes,Lyon,0.81154,0.861711,0,1
2015-05-23,Saint-Etienne,Guingamp,1.10029,1.35229,2,1
2015-05-23,Toulouse,Nice,1.4838,1.78298,2,3
2015-08-07,Lille,Paris Saint Germain,0.914879,1.33457,0,1
2015-08-08,Marseille,Caen,2.17995,0.945659,0,1
2015-08-08,Montpellier,Angers,0.706047,1.54499,0,2
2015-08-08,Nantes,Guingamp,0.27314,0.406765,1,0
2015-08-08,Nice,Monaco,0.459874,2.81413,1,2
2015-08-08,SC Bastia,Rennes,0.460955,0.79874,2,1
2015-08-08,Troyes,GFC Ajaccio,0.394458,1.05977,0,0
2015-08-09,Bordeaux,Reims,1.10655,1.59495,1,2
2015-08-09,Lyon,Lorient,1.07521,0.766583,0,0
2015-08-09,Toulouse,Saint-Etienne,0.483519,0.928139,2,1
2015-08-14,Monaco,Lille,1.26252,1.12948,0,0
2015-08-15,Angers,Nantes,0.391752,0.166221,0,0
2015-08-15,Caen,Toulouse,1.53584,1.12809,1,0
2015-08-15,Guingamp,Lyon,1.0359,0.738048,0,1
2015-08-15,Rennes,Montpellier,0.718904,0.161006,1,0
2015-08-15,Saint-Etienne,Bordeaux,0.468482,1.47305,1,1
2015-08-15,Troyes,Nice,1.26651,2.23276,3,3
2015-08-16,Lorient,SC Bastia,1.71708,1.36492,1,1
2015-08-16,Paris Saint Germain,GFC Ajaccio,1.58401,0.150143,2,0
2015-08-16,Reims,Marseille,0.941285,0.398183,1,0
2015-08-21,Montpellier,Paris Saint Germain,0.372892,0.755727,0,1
2015-08-22,GFC Ajaccio,Angers,0.384935,1.15678,0,2
2015-08-22,Lyon,Rennes,0.730806,0.42381,1,2
2015-08-22,Nantes,Reims,1.91418,0.395955,1,0
2015-08-22,Nice,Caen,1.09734,0.951564,2,1
2015-08-22,SC Bastia,Guingamp,1.283,1.37129,3,0
2015-08-22,Toulouse,Monaco,2.0162,1.42714,1,1
2015-08-23,Lille,Bordeaux,1.76204,0.695256,0,0
2015-08-23,Lorient,Saint-Etienne,0.548561,2.35602,0,1
2015-08-23,Marseille,Troyes,3.2103,0.267975,6,0
2015-08-28,Guingamp,Marseille,1.78623,0.910693,2,0
2015-08-29,Angers,Nice,0.304379,0.905213,1,1
2015-08-29,Caen,Lyon,0.850493,1.09462,0,4
2015-08-29,Lille,GFC Ajaccio,0.756427,0.397943,1,0
2015-08-29,Reims,Lorient,2.42331,0.420695,4,1
2015-08-29,Rennes,Toulouse,1.91483,1.40577,3,1
2015-08-29,Troyes,Montpellier,0.853602,0.768639,0,0
2015-08-30,Bordeaux,Nantes,2.98014,0.358858,2,0
2015-08-30,Monaco,Paris Saint Germain,0.13557,2.13619,0,3
2015-08-30,Saint-Etienne,SC Bastia,1.86817,0.607724,2,1
2015-09-11,Paris Saint Germain,Bordeaux,1.55094,0.858052,2,2
2015-09-12,Lorient,Angers,1.35999,0.735923,3,1
2015-09-12,Lyon,Lille,0.850666,0.472192,0,0
2015-09-12,Montpellier,Saint-Etienne,1.54974,1.00785,1,2
2015-09-12,Nice,Guingamp,0.792313,1.21767,0,1
2015-09-12,Toulouse,Reims,2.22332,0.742111,2,2
2015-09-12,Troyes,Caen,0.404312,1.61264,1,3
2015-09-13,GFC Ajaccio,Monaco,0.970684,2.98213,0,1
2015-09-13,Marseille,SC Bastia,1.62468,0.490543,4,1
2015-09-13,Nantes,Rennes,0.585464,2.24932,0,2
2015-09-18,Rennes,Lille,2.13208,1.03901,1,1
2015-09-19,Angers,Troyes,1.88805,1.6602,1,0
2015-09-19,Caen,Montpellier,1.66361,1.02822,2,1
2015-09-19,Guingamp,GFC Ajaccio,1.31453,0.222122,2,1
2015-09-19,Reims,Paris Saint Germain,0.871294,1.48008,1,1
2015-09-19,SC Bastia,Nice,0.627561,1.89072,1,3
2015-09-20,Bordeaux,Toulouse,2.15522,1.57594,1,1
2015-09-20,Marseille,Lyon,1.04752,2.16016,1,1
2015-09-20,Monaco,Lorient,1.63138,2.11518,2,3
2015-09-20,Saint-Etienne,Nantes,1.36073,0.375954,2,0
2015-09-22,Angers,Reims,0.594462,0.179745,0,0
2015-09-22,Paris Saint Germain,Guingamp,3.11111,0.415048,3,0
2015-09-23,GFC Ajaccio,Rennes,0.502333,1.6963,1,1
2015-09-23,Lorient,Caen,1.06626,0.719549,2,0
2015-09-23,Lyon,SC Bastia,2.50549,0.335527,2,0
2015-09-23,Nice,Bordeaux,2.46066,0.843225,6,1
2015-09-23,Toulouse,Marseille,0.863681,0.649146,1,1
2015-09-23,Troyes,Saint-Etienne,0.421449,1.5576,0,1
2015-09-24,Montpellier,Monaco,1.82333,2.34549,2,3
2015-09-25,Reims,Lille,1.94384,0.888466,1,0
2015-09-26,Bordeaux,Lyon,1.5591,0.79393,3,1
2015-09-26,Caen,GFC Ajaccio,2.22963,0.270893,2,0
2015-09-26,Nantes,Paris Saint Germain,0.54464,1.86069,1,4
2015-09-26,Rennes,Troyes,1.24575,0.964618,1,1
2015-09-26,SC Bastia,Toulouse,1.8254,1.182,3,0
2015-09-27,Guingamp,Monaco,1.34153,1.01214,3,3
2015-09-27,Marseille,Angers,1.57087,1.09501,1,2
2015-09-27,Montpellier,Lorient,1.17693,0.508337,2,1
2015-09-27,Saint-Etienne,Nice,2.3979,1.06192,1,4
2015-09-29,Lille,Nantes,1.158,1.58846,0,1
2015-10-02,Lille,Montpellier,1.81242,1.10281,2,0
2015-10-03,Angers,SC Bastia,2.30918,0.461843,1,0
2015-10-03,GFC Ajaccio,Toulouse,0.807682,0.647119,2,2
2015-10-03,Lyon,Reims,1.8412,0.482603,1,0
2015-10-03,Troyes,Guingamp,1.21348,2.19927,0,1
2015-10-04,Caen,Saint-Etienne,1.48946,0.761122,1,0
2015-10-04,Lorient,Bordeaux,1.46745,0.755702,3,2
2015-10-04,Monaco,Rennes,1.46766,1.53435,1,1
2015-10-04,Paris Saint Germain,Marseille,3.63872,1.77639,2,1
2015-10-16,Monaco,Lyon,1.11571,1.29317,1,1
2015-10-17,Guingamp,Lille,0.386919,0.690247,1,1
2015-10-17,Nantes,Troyes,1.83778,0.88042,3,0
2015-10-17,Reims,Caen,0.54891,1.33623,0,1
2015-10-17,SC Bastia,Paris Saint Germain,0.631104,1.78051,0,2
2015-10-17,Saint-Etienne,GFC Ajaccio,0.616442,0.0897244,2,0
2015-10-17,Toulouse,Angers,1.66935,0.362657,1,2
2015-10-18,Bordeaux,Montpellier,0.93038,0.338106,0,0
2015-10-18,Marseille,Lorient,1.64811,0.513929,1,1
2015-10-18,Rennes,Nice,0.745276,2.09843,1,4
2015-10-23,Caen,Nantes,1.20724,1.46833,0,2
2015-10-23,Lyon,Toulouse,2.27945,0.726184,3,0
2015-10-24,Angers,Guingamp,0.320128,1.03781,0,0
2015-10-24,GFC Ajaccio,Nice,0.65245,0.265865,3,1
2015-10-24,Lorient,Rennes,1.26587,0.926945,1,1
2015-10-24,Montpellier,SC Bastia,0.369404,0.896565,2,0
2015-10-25,Bordeaux,Troyes,0.738685,1.20367,1,0
2015-10-25,Lille,Marseille,0.975881,1.30852,1,2
2015-10-25,Reims,Monaco,1.3777,1.69446,0,1
2015-10-26,Paris Saint Germain,Saint-Etienne,4.46576,0.565349,4,1
2015-10-30,Rennes,Paris Saint Germain,0.185016,0.699325,0,1
2015-10-31,GFC Ajaccio,Bordeaux,0.269548,0.285349,2,0
2015-10-31,Guingamp,Lorient,0.964736,1.66937,2,2
2015-10-31,SC Bastia,Caen,0.704916,0.282678,1,0
2015-10-31,Saint-Etienne,Reims,3.28677,0.336436,3,0
2015-10-31,Toulouse,Montpellier,0.709547,0.356524,1,1
2015-10-31,Troyes,Lyon,0.36672,2.39165,0,1
2015-11-01,Monaco,Angers,2.10979,0.688198,1,0
2015-11-01,Nice,Lille,0.924375,0.376406,0,0
2015-11-02,Nantes,Marseille,0.376484,0.538246,0,1
2015-11-04,Nice,Nantes,1.43923,1.94478,1,2
2015-11-06,Angers,Rennes,1.61712,0.803349,0,2
2015-11-07,Caen,Guingamp,1.23155,1.31109,2,1
2015-11-07,Lille,SC Bastia,1.47952,0.623895,1,1
2015-11-07,Lorient,Troyes,3.25698,1.50976,4,1
2015-11-07,Montpellier,Nantes,1.88516,0.583807,2,1
2015-11-07,Paris Saint Germain,Toulouse,2.03364,0.218218,5,0
2015-11-07,Reims,GFC Ajaccio,1.40753,0.900066,1,2
2015-11-08,Marseille,Nice,0.631141,0.414738,0,1
2015-11-09,Bordeaux,Monaco,1.19574,1.1594,3,1
2015-11-09,Lyon,Saint-Etienne,2.31074,0.186858,3,0
2015-11-20,Nice,Lyon,2.33671,1.24162,3,0
2015-11-21,Guingamp,Toulouse,1.40676,0.978971,2,0
2015-11-21,Lorient,Paris Saint Germain,1.05284,1.66927,1,2
2015-11-21,Monaco,Nantes,1.22637,0.40002,1,0
2015-11-21,Montpellier,Reims,2.57283,0.578896,3,1
2015-11-21,Troyes,Lille,1.0881,1.36525,1,1
2015-11-22,Caen,Angers,0.508898,0.379171,0,0
2015-11-22,Rennes,Bordeaux,1.60804,2.03833,2,2
2015-11-22,SC Bastia,GFC Ajaccio,0.561993,1.91295,1,2
2015-11-23,Saint-Etienne,Marseille,0.711899,1.77851,0,2
2015-11-27,Lyon,Montpellier,1.64889,3.42947,2,4
2015-11-28,Angers,Lille,1.41771,0.397994,2,0
2015-11-28,GFC Ajaccio,Lorient,1.09623,0.987739,1,1
2015-11-28,Nantes,SC Bastia,1.11673,0.227311,0,0
2015-11-28,Paris Saint Germain,Troyes,3.14432,0.294756,4,1
2015-11-28,Reims,Rennes,1.15581,1.04313,2,2
2015-11-28,Toulouse,Nice,2.32171,0.369796,2,0
2015-11-29,Bordeaux,Caen,0.720492,1.73398,1,4
2015-11-29,Saint-Etienne,Guingamp,2.58964,1.78537,3,0
2015-11-30,Marseille,Monaco,1.78687,1.82368,3,3
2015-12-01,Angers,Paris Saint Germain,0.589837,0.653705,0,0
2015-12-01,Lorient,Nice,0.361017,1.03623,0,0
2015-12-02,Guingamp,Reims,0.736905,0.872848,1,2
2015-12-02,Monaco,Caen,0.618885,0.651609,1,1
2015-12-02,Montpellier,GFC Ajaccio,1.46601,0.968115,0,2
2015-12-02,Nantes,Lyon,0.878455,0.711974,0,0
2015-12-02,SC Bastia,Bordeaux,0.958588,0.42822,1,0
2015-12-02,Troyes,Toulouse,1.02724,2.22313,0,3
2015-12-03,Lille,Saint-Etienne,0.408642,0.367291,1,0
2015-12-04,Nice,Paris Saint Germain,0.562786,3.77388,0,3
2015-12-04,Rennes,Marseille,1.06062,0.823838,0,1
2015-12-05,Caen,Lille,1.12223,1.39295,1,2
2015-12-05,GFC Ajaccio,Nantes,1.34719,1.36347,1,1
2015-12-05,Lyon,Angers,0.700009,0.69754,0,2
2015-12-05,Reims,Troyes,1.40096,0.5584,1,1
2015-12-05,SC Bastia,Monaco,0.2207,2.23633,1,2
2015-12-05,Toulouse,Lorient,2.28205,1.01913,2,3
2015-12-06,Bordeaux,Guingamp,0.696353,0.531661,1,0
2015-12-06,Marseille,Montpellier,1.5439,0.840059,2,2
2015-12-07,Saint-Etienne,Rennes,1.47089,0.765019,1,1
2015-12-11,Rennes,Caen,1.68763,0.991033,1,1
2015-12-12,Lille,Lorient,2.15989,0.418619,3,0
2015-12-12,Montpellier,Guingamp,1.53801,0.233626,2,1
2015-12-12,Nantes,Toulouse,1.06156,0.663031,1,1
2015-12-12,Reims,Nice,1.31908,0.802532,1,1
2015-12-12,Troyes,SC Bastia,1.38713,0.48313,1,1
2015-12-13,Angers,Bordeaux,1.38052,0.557138,1,1
2015-12-13,Marseille,GFC Ajaccio,1.22681,1.17612,1,1
2015-12-13,Monaco,Saint-Etienne,1.45029,0.470198,1,0
2015-12-14,Paris Saint Germain,Lyon,2.93193,0.19264,5,1
2015-12-18,Nice,Montpellier,0.63676,0.765272,1,0
2015-12-19,Caen,Paris Saint Germain,1.11522,2.46206,0,3
2015-12-19,Guingamp,Rennes,0.822078,1.13123,0,2
2015-12-19,Lorient,Nantes,1.84234,1.03257,0,0
2015-12-19,SC Bastia,Reims,0.595413,0.724764,2,0
2015-12-19,Toulouse,Lille,1.09533,1.53278,1,1
2015-12-19,Troyes,Monaco,0.412486,1.30889,0,0
2015-12-20,GFC Ajaccio,Lyon,1.49393,1.1915,2,1
2015-12-20,Saint-Etienne,Angers,1.10724,0.421122,1,0
2015-12-21,Bordeaux,Marseille,1.39029,0.318664,1,1
2016-01-08,Paris Saint Germain,SC Bastia,2.58941,0.227448,2,0
2016-01-09,Angers,Caen,1.1889,1.04746,2,0
2016-01-09,Lyon,Troyes,1.57896,0.281148,4,1
2016-01-09,Monaco,GFC Ajaccio,1.85303,0.452751,2,2
2016-01-09,Montpellier,Bordeaux,1.67221,1.76628,0,1
2016-01-09,Reims,Toulouse,0.663137,1.79276,1,3
2016-01-09,Rennes,Lorient,0.866972,0.998653,2,2
2016-01-10,Lille,Nice,0.843157,0.362208,1,1
2016-01-10,Nantes,Saint-Etienne,1.96071,1.2147,2,1
2016-01-11,Marseille,Guingamp,1.01882,0.492774,0,0
2016-01-15,Nice,Angers,1.80834,0.622403,2,1
2016-01-16,Bordeaux,Lille,0.760121,0.215194,1,0
2016-01-16,GFC Ajaccio,Reims,2.46114,0.653273,2,2
2016-01-16,Guingamp,Nantes,1.21979,0.708649,2,2
2016-01-16,SC Bastia,Montpellier,0.520743,0.845241,1,0
2016-01-16,Toulouse,Paris Saint Germain,0.672012,0.851646,0,1
2016-01-16,Troyes,Rennes,0.87041,3.43107,2,4
2016-01-17,Caen,Marseille,0.710914,1.98866,1,3
2016-01-17,Lorient,Monaco,0.661097,0.688892,0,2
2016-01-18,Saint-Etienne,Lyon,0.629161,1.40956,1,0
2016-01-22,Rennes,GFC Ajaccio,1.43229,0.354163,1,0
2016-01-23,Guingamp,SC Bastia,2.02847,0.201846,1,0
2016-01-23,Lille,Troyes,1.8398,0.766181,1,3
2016-01-23,Montpellier,Caen,1.94694,0.597596,1,2
2016-01-23,Nantes,Bordeaux,0.946038,0.868853,2,2
2016-01-23,Nice,Lorient,0.467749,1.23003,2,1
2016-01-23,Paris Saint Germain,Angers,2.62942,0.338627,5,1
2016-01-24,Monaco,Toulouse,3.0319,1.39268,4,0
2016-01-24,Reims,Saint-Etienne,1.93279,0.279599,1,1
2016-01-25,Lyon,Marseille,2.48082,0.872984,1,1
2016-01-29,Marseille,Lille,1.78823,1.50673,1,1
2016-01-30,Angers,Monaco,2.36032,0.451676,3,0
2016-01-30,GFC Ajaccio,Montpellier,0.930389,1.64948,0,4
2016-01-30,Lorient,Reims,1.5107,1.47085,2,0
2016-01-30,SC Bastia,Lyon,0.748198,0.408979,1,0
2016-01-30,Toulouse,Guingamp,2.35913,1.18688,1,2
2016-01-30,Troyes,Nantes,0.77326,0.804304,0,1
2016-01-31,Bordeaux,Rennes,1.5538,0.72082,4,0
2016-01-31,Caen,Nice,2.23948,1.46292,2,0
2016-02-01,Saint-Etienne,Paris Saint Germain,0.66288,2.05075,0,2
2016-02-02,Monaco,SC Bastia,1.2268,0.402997,2,0
2016-02-03,Guingamp,Troyes,2.1887,1.28691,4,0
2016-02-03,Lille,Caen,0.825199,0.440985,1,0
2016-02-03,Lyon,Bordeaux,2.4848,1.10364,3,0
2016-02-03,Montpellier,Marseille,0.509503,0.141059,0,1
2016-02-03,Nantes,GFC Ajaccio,1.88702,0.515582,3,1
2016-02-03,Nice,Toulouse,1.26807,0.736535,1,0
2016-02-03,Reims,Angers,0.759326,1.36757,2,1
2016-02-04,Paris Saint Germain,Lorient,2.60881,0.513408,3,1
2016-02-05,Rennes,Saint-Etienne,0.601554,0.660476,0,1
2016-02-06,Angers,Lyon,0.3307,0.586887,0,3
2016-02-06,Caen,Reims,1.85273,2.39774,0,2
2016-02-06,GFC Ajaccio,Guingamp,0.838579,0.0436037,0,0
2016-02-06,Lorient,Montpellier,0.414402,0.638421,1,1
2016-02-06,Monaco,Nice,1.86111,0.838579,1,0
2016-02-06,SC Bastia,Troyes,2.19574,0.352925,2,0
2016-02-06,Toulouse,Nantes,0.560312,0.793973,0,0
2016-02-07,Bordeaux,Saint-Etienne,0.852137,3.2558,1,4
2016-02-07,Lille,Rennes,1.67631,1.11632,1,1
2016-02-08,Marseille,Paris Saint Germain,0.985051,1.74708,1,2
2016-02-12,Rennes,Angers,0.706743,0.65555,1,0
2016-02-13,GFC Ajaccio,Troyes,2.27489,0.7699,2,3
2016-02-13,Guingamp,Bordeaux,0.813793,2.10544,2,4
2016-02-13,Montpellier,Toulouse,1.1956,0.508883,2,0
2016-02-13,Nantes,Lorient,1.33963,0.842693,2,1
2016-02-13,Paris Saint Germain,Lille,1.71392,0.0978456,0,0
2016-02-13,Reims,SC Bastia,1.45592,0.53604,0,1
2016-02-14,Lyon,Caen,3.89327,1.10005,4,1
2016-02-14,Saint-Etienne,Monaco,2.03388,1.23838,1,1
2016-02-15,Nice,Marseille,0.82826,2.12875,1,1
2016-02-19,Bordeaux,Nice,1.24852,0.478741,0,0
2016-02-20,Angers,Montpellier,1.59164,1.63244,2,3
2016-02-20,Lorient,Guingamp,2.44896,0.879315,4,3
2016-02-20,Monaco,Troyes,3.25503,1.19478,3,1
2016-02-20,Paris Saint Germain,Reims,2.123,0.678292,4,1
2016-02-20,Toulouse,GFC Ajaccio,1.21292,1.10248,1,1
2016-02-21,Caen,Rennes,1.3894,0.353428,1,0
2016-02-21,Marseille,Saint-Etienne,0.839334,0.984151,1,1
2016-02-22,Lille,Lyon,0.746493,0.633253,1,0
2016-02-26,Nice,SC Bastia,1.30364,0.646332,0,2
2016-02-27,Guingamp,Angers,2.4048,1.02966,2,2
2016-02-27,Montpellier,Lille,1.92669,0.356202,3,0
2016-02-27,Reims,Bordeaux,1.51818,1.01931,4,1
2016-02-27,Toulouse,Rennes,0.489643,1.31675,1,2
2016-02-27,Troyes,Lorient,0.834748,2.31848,0,1
2016-02-28,Nantes,Monaco,1.39127,0.357798,0,0
2016-02-28,Saint-Etienne,Caen,1.76354,1.45084,1,2
2016-02-29,Lyon,Paris Saint Germain,1.44709,0.341938,2,1
2016-03-04,Caen,Monaco,1.25259,0.523789,2,2
2016-03-05,Angers,Saint-Etienne,0.284604,1.16763,0,0
2016-03-05,Bordeaux,GFC Ajaccio,1.96034,0.182807,1,1
2016-03-05,Lille,Reims,1.57572,0.360193,2,0
2016-03-05,Nice,Troyes,1.89872,1.00924,2,1
2016-03-05,Paris Saint Germain,Montpellier,1.58349,0.238527,0,0
2016-03-05,SC Bastia,Lorient,1.59793,0.100743,0,0
2016-03-06,Marseille,Toulouse,1.60371,1.57247,1,1
2016-03-06,Rennes,Nantes,1.21904,0.827543,4,1
2016-03-07,Lyon,Guingamp,3.25493,1.7776,5,1
2016-03-09,GFC Ajaccio,Marseille,1.35918,1.1007,1,1
2016-03-09,SC Bastia,Nantes,0.183823,0.344478,0,0
2016-03-11,Monaco,Reims,1.27343,1.46734,2,2
2016-03-12,GFC Ajaccio,Caen,1.1599,0.901377,1,0
2016-03-12,Guingamp,Saint-Etienne,1.4605,0.636957,2,0
2016-03-12,Lorient,Marseille,1.56973,1.26139,1,1
2016-03-12,Montpellier,Nice,1.16735,1.79157,0,2
2016-03-12,SC Bastia,Lille,1.10643,1.08963,1,2
2016-03-12,Toulouse,Bordeaux,3.99474,0.551943,4,0
2016-03-13,Nantes,Angers,1.06253,0.17099,2,0
2016-03-13,Troyes,Paris Saint Germain,1.37172,4.30333,0,9
2016-03-14,Rennes,Lyon,1.3809,2.47073,2,2
2016-03-18,Marseille,Rennes,2.00585,1.82004,2,5
2016-03-19,Angers,Lorient,4.14206,0.436345,5,1
2016-03-19,Caen,Troyes,1.35728,0.537588,2,1
2016-03-19,Lille,Toulouse,0.263497,0.904971,1,0
2016-03-19,Reims,Guingamp,1.64607,0.216286,0,1
2016-03-19,Saint-Etienne,Montpellier,2.13151,0.582112,3,0
2016-03-20,Bordeaux,SC Bastia,1.00046,1.01308,1,1
2016-03-20,Lyon,Nantes,2.33773,0.293893,2,0
2016-03-20,Nice,GFC Ajaccio,1.96796,0.436238,3,0
2016-03-21,Paris Saint Germain,Monaco,2.31249,1.90627,0,2
2016-04-01,Monaco,Bordeaux,1.1122,1.28525,1,2
2016-04-02,GFC Ajaccio,Saint-Etienne,0.920517,0.56491,0,2
2016-04-02,Guingamp,Montpellier,0.63721,0.950086,2,2
2016-04-02,Paris Saint Germain,Nice,2.07953,0.571402,4,1
2016-04-02,Rennes,Reims,1.13886,0.326441,3,1
2016-04-02,Toulouse,Caen,0.871213,0.241685,2,0
2016-04-02,Troyes,Angers,1.81211,1.34081,0,1
2016-04-03,Lorient,Lyon,0.840986,2.26934,1,3
2016-04-03,Nantes,Lille,0.530463,0.963477,0,3
2016-04-03,SC Bastia,Marseille,0.967693,0.534944,2,1
2016-04-08,Montpellier,Lyon,0.475991,2.96722,0,2
2016-04-09,Angers,GFC Ajaccio,0.183063,0.190747,0,0
2016-04-09,Caen,Lorient,0.818975,2.29063,1,2
2016-04-09,Guingamp,Paris Saint Germain,0.381495,2.09637,0,2
2016-04-09,Reims,Nantes,0.692415,1.64401,2,1
2016-04-09,Saint-Etienne,Troyes,2.04874,0.202203,1,0
2016-04-09,Toulouse,SC Bastia,1.24664,0.0534995,4,0
2016-04-10,Lille,Monaco,2.61337,0.739505,4,1
2016-04-10,Marseille,Bordeaux,0.37461,0.547844,0,0
2016-04-10,Nice,Rennes,2.16871,0.633499,3,0
2016-04-15,Lyon,Nice,1.84228,0.694849,1,1
2016-04-16,Bordeaux,Angers,1.62389,0.623143,1,3
2016-04-16,GFC Ajaccio,Lille,1.06386,1.40357,2,4
2016-04-16,Lorient,Toulouse,0.358837,0.739061,1,1
2016-04-16,Paris Saint Germain,Caen,3.92379,0.801306,6,0
2016-04-16,SC Bastia,Saint-Etienne,0.926243,0.724081,0,1
2016-04-16,Troyes,Reims,2.98887,1.09089,2,1
2016-04-17,Monaco,Marseille,1.0442,0.469578,2,1
2016-04-17,Nantes,Montpellier,0.39658,0.861294,0,2
2016-04-17,Rennes,Guingamp,0.486994,2.23586,0,3
2016-04-22,Nice,Reims,2.08581,0.785928,2,0
2016-04-23,Toulouse,Lyon,1.50107,1.08627,2,3
2016-04-24,GFC Ajaccio,SC Bastia,1.52838,1.71155,3,2
2016-04-24,Guingamp,Caen,0.866074,0.534691,1,1
2016-04-24,Marseille,Nantes,0.795714,0.205873,1,1
2016-04-24,Montpellier,Troyes,1.61705,2.12498,4,1
2016-04-24,Rennes,Monaco,0.915503,1.56202,1,1
2016-04-24,Saint-Etienne,Lorient,0.980333,0.291292,2,0
2016-04-27,Lille,Angers,0.902533,0.239742,0,0
2016-04-29,Paris Saint Germain,Rennes,3.8578,0.233848,4,0
2016-04-30,Caen,SC Bastia,1.7164,0.458586,0,0
2016-04-30,Lorient,Lille,0.500598,1.18283,0,1
2016-04-30,Lyon,GFC Ajaccio,0.492569,0.252836,2,1
2016-04-30,Monaco,Guingamp,1.29807,0.951606,3,2
2016-04-30,Nantes,Nice,1.9503,0.583675,1,0
2016-04-30,Reims,Montpellier,1.5813,1.19771,2,3
2016-04-30,Saint-Etienne,Toulouse,0.43469,2.18848,0,0
2016-04-30,Troyes,Bordeaux,2.35658,2.31203,2,4
2016-05-01,Angers,Marseille,0.464125,1.40152,0,1
2016-05-07,Bordeaux,Lorient,1.49543,1.3387,3,0
2016-05-07,GFC Ajaccio,Paris Saint Germain,0.360549,2.04865,0,4
2016-05-07,Lille,Guingamp,1.26201,0.0884296,0,0
2016-05-07,Lyon,Monaco,4.30241,1.05363,6,1
2016-05-07,Marseille,Reims,2.14991,1.64589,1,0
2016-05-07,Montpellier,Rennes,1.28972,0.520643,2,0
2016-05-07,Nantes,Caen,0.883503,1.33264,1,2
2016-05-07,Nice,Saint-Etienne,2.0258,0.520259,2,0
2016-05-07,SC Bastia,Angers,1.32549,1.53551,1,0
2016-05-07,Toulouse,Troyes,1.04631,0.142776,1,0
2016-05-11,Bordeaux,Paris Saint Germain,0.869861,2.09697,1,1
2016-05-14,Angers,Toulouse,0.21944,2.12896,2,3
2016-05-14,Caen,Bordeaux,1.93454,2.02993,1,0
2016-05-14,Guingamp,Nice,1.17136,0.836067,2,3
2016-05-14,Lorient,GFC Ajaccio,1.28701,1.46352,1,0
2016-05-14,Monaco,Montpellier,3.8289,0.49041,2,0
2016-05-14,Paris Saint Germain,Nantes,4.17612,0.561186,4,0
2016-05-14,Reims,Lyon,2.4455,1.3093,4,1
2016-05-14,Rennes,SC Bastia,1.33971,1.32918,1,2
2016-05-14,Saint-Etienne,Lille,0.691544,1.61764,0,1
2016-05-14,Troyes,Marseille,0.737584,2.45564,1,1
2016-08-12,Monaco,Guingamp,2.49641,0.699022,2,2
2016-08-12,SC Bastia,Paris Saint Germain,0.828385,0.664887,0,1
2016-08-13,Bordeaux,Saint-Etienne,1.16592,1.50131,3,2
2016-08-13,Caen,Lorient,2.27284,1.9864,3,2
2016-08-13,Dijon,Nantes,0.294202,1.31806,0,1
2016-08-13,Metz,Lille,2.31706,1.87778,3,2
2016-08-13,Montpellier,Angers,0.879179,0.49342,1,0
2016-08-14,Marseille,Toulouse,0.372135,0.254141,0,0
2016-08-14,Nancy,Lyon,0.378703,2.32475,0,3
2016-08-14,Nice,Rennes,0.704696,1.16856,1,0
2016-08-19,Lyon,Caen,2.84412,0.458346,2,0
2016-08-20,Angers,Nice,1.21118,2.06104,0,1
2016-08-20,Lille,Dijon,0.877699,0.524902,1,0
2016-08-20,Lorient,SC Bastia,0.349438,2.25743,0,3
2016-08-20,Nantes,Monaco,0.322377,0.545027,0,1
2016-08-20,Rennes,Nancy,0.457521,0.968592,2,0
2016-08-20,Toulouse,Bordeaux,1.58483,0.7395,4,1
2016-08-21,Guingamp,Marseille,1.24688,0.719975,2,1
2016-08-21,Paris Saint Germain,Metz,3.85662,0.996438,3,0
2016-08-21,Saint-Etienne,Montpellier,1.58901,1.46843,3,1
2016-08-26,Marseille,Lorient,1.46546,0.486662,2,0
2016-08-27,Caen,SC Bastia,2.04065,0.376246,2,0
2016-08-27,Dijon,Lyon,1.99507,2.38079,4,2
2016-08-27,Metz,Angers,0.448001,1.10689,2,0
2016-08-27,Montpellier,Rennes,0.999105,1.0107,1,1
2016-08-27,Nancy,Guingamp,1.42221,1.59434,0,2
2016-08-27,Nice,Lille,1.7221,0.415974,1,1
2016-08-28,Bordeaux,Nantes,1.70798,0.74034,1,0
2016-08-28,Monaco,Paris Saint Germain,1.20927,1.11721,3,1
2016-08-28,Saint-Etienne,Toulouse,0.920032,0.395826,0,0
2016-09-09,Paris Saint Germain,Saint-Etienne,1.93914,0.293162,1,1
2016-09-10,Angers,Dijon,0.606116,0.804238,3,1
2016-09-10,Guingamp,Montpellier,0.703262,0.161811,1,1
2016-09-10,Lille,Monaco,0.67898,1.48764,1,4
2016-09-10,Lorient,Nancy,1.09603,0.737229,0,2
2016-09-10,Lyon,Bordeaux,0.993332,1.5749,1,3
2016-09-10,SC Bastia,Toulouse,0.440568,0.463047,2,1
2016-09-11,Nantes,Metz,0.853017,1.31386,0,3
2016-09-11,Nice,Marseille,2.90937,2.01166,3,2
2016-09-11,Rennes,Caen,0.715583,0.79827,2,0
2016-09-16,Caen,Paris Saint Germain,1.00689,3.50276,0,6
2016-09-17,Bordeaux,Angers,0.712968,1.13896,0,1
2016-09-17,Dijon,Metz,1.68116,0.973689,0,0
2016-09-17,Lorient,Lille,1.29048,0.5211,1,0
2016-09-17,Monaco,Rennes,1.85529,0.207382,3,0
2016-09-17,Nancy,Nantes,0.329901,1.52308,1,1
2016-09-17,Toulouse,Guingamp,1.70053,0.921267,2,1
2016-09-18,Marseille,Lyon,0.793567,0.980569,0,0
2016-09-18,Montpellier,Nice,2.32844,1.08766,1,1
2016-09-18,Saint-Etienne,SC Bastia,2.2449,0.991511,1,0
2016-09-20,Lille,Toulouse,0.765814,1.4716,1,2
2016-09-20,Paris Saint Germain,Dijon,2.11535,0.300163,3,0
2016-09-21,Angers,Caen,1.31977,0.505767,2,1
2016-09-21,Guingamp,Lorient,1.63848,0.765705,1,0
2016-09-21,Lyon,Montpellier,2.33108,0.510154,5,1
2016-09-21,Metz,Bordeaux,0.446493,2.08591,0,3
2016-09-21,Nantes,Saint-Etienne,2.22085,0.189906,0,0
2016-09-21,Nice,Monaco,2.20155,1.1718,4,0
2016-09-21,Rennes,Marseille,2.07131,1.4815,3,2
2016-09-21,SC Bastia,Nancy,0.319514,0.0748124,0,0
2016-09-23,Toulouse,Paris Saint Germain,1.44408,1.04576,2,0
2016-09-24,Bordeaux,Caen,0.854776,0.383979,0,0
2016-09-24,Dijon,Rennes,1.91376,1.11236,3,0
2016-09-24,Lorient,Lyon,1.51128,1.41603,1,0
2016-09-24,Monaco,Angers,1.21319,1.75544,2,1
2016-09-24,Montpellier,Metz,1.55117,1.09238,0,1
2016-09-24,SC Bastia,Guingamp,0.98055,0.0771213,1,0
2016-09-25,Marseille,Nantes,2.0157,1.06771,2,1
2016-09-25,Nancy,Nice,1.33737,0.831812,0,1
2016-09-25,Saint-Etienne,Lille,1.25811,0.918539,3,1
2016-09-30,Rennes,Guingamp,1.63564,0.397185,1,0
2016-10-01,Caen,Toulouse,1.35095,0.961493,1,0
2016-10-01,Dijon,Montpellier,0.539549,1.40043,3,3
2016-10-01,Lille,Nancy,1.8156,0.256363,1,0
2016-10-01,Metz,Monaco,0.342435,3.13454,0,7
2016-10-01,Nantes,SC Bastia,1.55012,0.764407,1,0
2016-10-01,Paris Saint Germain,Bordeaux,2.34986,0.741264,2,0
2016-10-02,Angers,Marseille,2.19247,0.336879,1,1
2016-10-02,Lyon,Saint-Etienne,1.74626,1.07715,2,0
2016-10-02,Nice,Lorient,0.659556,1.01408,2,1
2016-10-14,Nice,Lyon,1.67971,0.232951,2,0
2016-10-14,Toulouse,Monaco,1.39766,0.294757,3,1
2016-10-15,Guingamp,Lille,1.8024,0.605277,1,0
2016-10-15,Lorient,Nantes,0.718424,0.455531,1,2
2016-10-15,Montpellier,Caen,1.31867,1.30379,3,2
2016-10-15,Nancy,Paris Saint Germain,0.203584,0.603299,1,2
2016-10-15,SC Bastia,Angers,1.23731,0.950062,1,2
2016-10-16,Marseille,Metz,1.96863,0.943002,1,0
2016-10-16,Rennes,Bordeaux,1.85899,0.684781,1,1
2016-10-16,Saint-Etienne,Dijon,1.41682,0.581944,1,1
2016-10-21,Monaco,Montpellier,2.8994,1.21149,6,2
2016-10-22,Angers,Toulouse,0.624843,0.453596,0,0
2016-10-22,Bordeaux,Nancy,1.27082,1.05802,1,1
2016-10-22,Dijon,Lorient,1.40274,2.36061,1,0
2016-10-22,Lille,SC Bastia,1.74418,0.200333,2,1
2016-10-22,Lyon,Guingamp,1.84645,1.2213,1,3
2016-10-22,Nantes,Rennes,0.903082,0.676405,1,2
2016-10-23,Caen,Saint-Etienne,0.209806,1.04776,0,2
2016-10-23,Metz,Nice,1.35865,2.27838,2,4
2016-10-23,Paris Saint Germain,Marseille,1.51451,0.0,0,0
2016-10-28,Lille,Paris Saint Germain,1.18702,2.23771,0,1
2016-10-29,Guingamp,Angers,1.14355,1.1945,1,0
2016-10-29,Lorient,Montpellier,1.51804,1.3536,2,2
2016-10-29,Nancy,Caen,1.86121,1.13534,2,0
2016-10-29,SC Bastia,Dijon,2.00977,0.61738,0,0
2016-10-29,Saint-Etienne,Monaco,0.299166,1.24441,1,1
2016-10-29,Toulouse,Lyon,0.994552,1.78097,1,2
2016-10-30,Marseille,Bordeaux,0.67475,0.155588,0,0
2016-10-30,Nice,Nantes,1.89491,1.52908,4,1
2016-10-30,Rennes,Metz,0.878057,0.745738,1,0
2016-11-04,Montpellier,Marseille,1.74085,1.46558,3,1
2016-11-05,Angers,Lille,1.04359,0.280156,1,0
2016-11-05,Bordeaux,Lorient,0.568407,0.341301,2,1
2016-11-05,Dijon,Guingamp,2.31365,0.556753,3,3
2016-11-05,Lyon,SC Bastia,2.8154,0.643765,2,1
2016-11-05,Monaco,Nancy,4.50655,0.327456,6,0
2016-11-05,Nantes,Toulouse,1.28322,1.25678,1,1
2016-11-06,Caen,Nice,1.85885,0.276349,1,0
2016-11-06,Metz,Saint-Etienne,0.687109,0.521897,0,0
2016-11-06,Paris Saint Germain,Rennes,2.56751,0.181636,4,0
2016-11-18,Lille,Lyon,0.517087,1.57175,0,1
2016-11-18,Lorient,Monaco,1.14162,1.59088,0,3
2016-11-19,Nancy,Dijon,1.12749,1.17526,1,0
2016-11-19,Paris Saint Germain,Nantes,1.52321,0.665853,2,0
2016-11-19,Rennes,Angers,1.62946,0.326614,1,1
2016-11-19,SC Bastia,Montpellier,0.701853,1.42011,1,1
2016-11-19,Toulouse,Metz,0.924809,1.05651,1,2
2016-11-20,Guingamp,Bordeaux,1.55541,1.21317,1,1
2016-11-20,Marseille,Caen,1.77295,0.0680543,1,0
2016-11-20,Saint-Etienne,Nice,1.61342,1.17968,0,1
2016-11-25,Rennes,Toulouse,1.2415,1.70946,1,0
2016-11-26,Bordeaux,Dijon,1.68047,0.762821,3,2
2016-11-26,Caen,Guingamp,1.09524,1.04415,1,1
2016-11-26,Metz,Lorient,1.36754,2.24203,3,3
2016-11-26,Monaco,Marseille,2.36362,0.724288,4,0
2016-11-26,Montpellier,Nancy,0.642833,0.3552,0,0
2016-11-26,Nantes,Lille,0.233622,0.342108,0,0
2016-11-27,Angers,Saint-Etienne,1.96494,1.16621,1,2
2016-11-27,Lyon,Paris Saint Germain,0.869106,2.29947,1,2
2016-11-27,Nice,SC Bastia,2.03598,1.03264,1,1
2016-11-29,Lille,Caen,1.69332,1.30786,4,2
2016-11-29,Lorient,Rennes,1.70587,1.82082,2,1
2016-11-30,Dijon,Monaco,1.17295,1.12554,1,1
2016-11-30,Guingamp,Nice,0.589566,0.893454,0,1
2016-11-30,Nancy,Metz,0.936859,0.325539,4,0
2016-11-30,Nantes,Lyon,0.936737,4.07778,0,6
2016-11-30,SC Bastia,Bordeaux,0.941884,1.12617,1,1
2016-11-30,Saint-Etienne,Marseille,0.767009,1.30811,0,0
2016-11-30,Toulouse,Montpellier,0.829543,0.338433,1,0
2016-12-01,Paris Saint Germain,Angers,1.876,0.301573,2,0
2016-12-02,Caen,Dijon,2.02919,1.30829,3,3
2016-12-03,Angers,Lorient,1.95013,0.711635,2,2
2016-12-03,Bordeaux,Lille,1.58825,1.633,0,1
2016-12-03,Guingamp,Nantes,1.41031,0.491439,2,0
2016-12-03,Monaco,SC Bastia,1.76729,0.311538,5,0
2016-12-03,Montpellier,Paris Saint Germain,0.537489,1.2177,3,0
2016-12-04,Marseille,Nancy,0.977434,0.701109,3,0
2016-12-04,Nice,Toulouse,1.4119,0.499023,3,0
2016-12-04,Rennes,Saint-Etienne,1.30398,0.444425,2,0
2016-12-10,Bordeaux,Monaco,0.672017,2.86318,0,4
2016-12-10,Dijon,Marseille,0.638652,2.50503,1,2
2016-12-10,Lille,Montpellier,1.71742,1.33351,2,1
2016-12-10,Nancy,Angers,1.69532,0.33593,2,0
2016-12-10,SC Bastia,Metz,0.947577,0.871122,2,0
2016-12-10,Toulouse,Lorient,1.50587,1.39793,3,2
2016-12-11,Lyon,Rennes,0.899201,0.844759,1,0
2016-12-11,Paris Saint Germain,Nice,3.50337,0.505159,2,2
2016-12-11,Saint-Etienne,Guingamp,0.62768,1.5297,1,0
2016-12-16,Angers,Nantes,0.780876,1.02988,0,2
2016-12-17,Guingamp,Paris Saint Germain,0.914417,1.69325,2,1
2016-12-17,Lorient,Saint-Etienne,2.16637,0.372589,2,1
2016-12-17,Montpellier,Bordeaux,2.31433,0.52356,4,0
2016-12-17,Rennes,SC Bastia,1.36607,1.29477,1,2
2016-12-17,Toulouse,Nancy,0.552439,0.407775,1,1
2016-12-18,Caen,Metz,2.0381,0.610983,3,0
2016-12-18,Marseille,Lille,1.1828,0.828531,2,0
2016-12-18,Monaco,Lyon,1.27883,1.81087,1,3
2016-12-18,Nice,Dijon,2.03736,1.21955,2,1
2016-12-21,Bordeaux,Nice,1.74302,1.25509,0,0
2016-12-21,Dijon,Toulouse,1.34846,1.15322,2,0
2016-12-21,Lille,Rennes,2.35587,0.757351,1,1
2016-12-21,Lyon,Angers,1.4366,0.762376,2,0
2016-12-21,Metz,Guingamp,1.11607,1.6707,2,2
2016-12-21,Monaco,Caen,3.35275,2.02367,2,1
2016-12-21,Nantes,Montpellier,0.920305,1.3653,1,0
2016-12-21,Paris Saint Germain,Lorient,2.03863,0.102987,5,0
2016-12-21,SC Bastia,Marseille,2.35524,1.52227,1,2
2016-12-21,Saint-Etienne,Nancy,1.38219,0.16258,0,0
2017-01-13,Lille,Saint-Etienne,1.35102,0.469664,1,1
2017-01-14,Angers,Bordeaux,0.445787,1.23347,1,1
2017-01-14,Lorient,Guingamp,2.30164,0.829481,3,1
2017-01-14,Montpellier,Dijon,1.00063,0.952638,1,1
2017-01-14,Nancy,SC Bastia,2.04745,0.829962,1,0
2017-01-14,Rennes,Paris Saint Germain,0.381715,0.757739,0,1
2017-01-14,Toulouse,Nantes,0.875912,0.721535,0,1
2017-01-15,Caen,Lyon,1.77199,2.07985,3,2
2017-01-15,Nice,Metz,0.537228,0.983495,0,0
2017-01-16,Marseille,Monaco,1.56833,2.1894,1,4
2017-01-18,Nantes,Caen,2.04795,0.451556,1,0
2017-01-20,SC Bastia,Nice,1.13456,1.49991,1,1
2017-01-21,Bordeaux,Toulouse,2.30809,0.317713,1,0
2017-01-21,Dijon,Lille,1.21244,0.693361,0,0
2017-01-21,Guingamp,Rennes,1.25686,0.234038,1,1
2017-01-21,Metz,Montpellier,1.25494,1.09603,2,0
2017-01-21,Nantes,Paris Saint Germain,0.728342,1.97617,0,2
2017-01-22,Lyon,Marseille,1.98362,0.923398,3,1
2017-01-22,Monaco,Lorient,2.50542,0.202056,4,0
2017-01-22,Saint-Etienne,Angers,1.33784,1.06557,2,1
2017-01-27,Marseille,Montpellier,3.57029,0.852527,5,1
2017-01-28,Angers,Metz,2.97467,0.169215,2,1
2017-01-28,Lorient,Dijon,2.64697,1.50632,2,3
2017-01-28,Lyon,Lille,1.93973,1.63684,1,2
2017-01-28,Nancy,Bordeaux,1.02531,1.11632,0,2
2017-01-28,Rennes,Nantes,0.612197,1.1526,1,1
2017-01-28,SC Bastia,Caen,1.0684,2.08952,1,1
2017-01-29,Nice,Guingamp,1.64493,0.890076,3,1
2017-01-29,Paris Saint Germain,Monaco,1.34725,0.567186,1,1
2017-01-29,Toulouse,Saint-Etienne,0.67863,3.16214,0,3
2017-02-03,Metz,Marseille,0.533257,0.413869,1,0
2017-02-04,Bordeaux,Rennes,1.25163,1.60641,1,1
2017-02-04,Dijon,Paris Saint Germain,0.30456,2.9385,1,3
2017-02-04,Guingamp,Caen,1.04587,1.02871,0,1
2017-02-04,Lille,Lorient,0.520617,1.85321,0,1
2017-02-04,Monaco,Nice,1.86607,1.28992,3,0
2017-02-04,Montpellier,SC Bastia,1.61454,0.902962,2,1
2017-02-05,Nantes,Nancy,0.90967,0.423067,0,2
2017-02-05,Saint-Etienne,Lyon,1.50077,1.44291,2,0
2017-02-05,Toulouse,Angers,2.59217,0.43468,4,0
2017-02-07,Caen,Bordeaux,0.549758,1.81917,0,4
2017-02-07,Montpellier,Monaco,1.18513,1.44159,1,2
2017-02-07,Paris Saint Germain,Lille,2.8525,0.317243,2,1
2017-02-08,Angers,Rennes,1.2211,0.628585,0,0
2017-02-08,Lorient,Toulouse,0.431062,1.14622,1,1
2017-02-08,Lyon,Nancy,3.17148,0.320627,4,0
2017-02-08,Marseille,Guingamp,1.77041,0.741991,2,0
2017-02-08,Metz,Dijon,1.70583,0.903103,2,1
2017-02-08,Nice,Saint-Etienne,1.48828,0.405161,1,0
2017-02-10,Bordeaux,Paris Saint Germain,0.930204,1.0688,0,3
2017-02-11,Dijon,Caen,1.0632,1.79181,2,0
2017-02-11,Guingamp,Lyon,1.3139,1.65117,2,1
2017-02-11,Lille,Angers,1.05994,1.0852,1,2
2017-02-11,Monaco,Metz,2.37565,0.332997,5,0
2017-02-11,Nancy,Montpellier,0.919617,1.68431,0,3
2017-02-11,Toulouse,SC Bastia,2.60558,1.28147,4,1
2017-02-12,Nantes,Marseille,2.35358,1.07429,3,2
2017-02-12,Rennes,Nice,1.51754,0.892946,2,2
2017-02-12,Saint-Etienne,Lorient,2.30427,0.175945,4,0
2017-02-17,SC Bastia,Monaco,0.63905,1.23642,1,1
2017-02-18,Angers,Nancy,1.28764,0.695219,1,0
2017-02-18,Caen,Lille,0.486319,0.319981,0,1
2017-02-18,Lorient,Nice,1.14696,0.42579,0,1
2017-02-18,Marseille,Rennes,0.746708,0.226219,2,0
2017-02-18,Metz,Nantes,1.34597,0.469828,1,1
2017-02-19,Bordeaux,Guingamp,2.51269,0.851591,3,0
2017-02-19,Lyon,Dijon,5.08781,0.339918,4,2
2017-02-19,Montpellier,Saint-Etienne,1.44407,0.371081,2,1
2017-02-19,Paris Saint Germain,Toulouse,1.19449,0.117021,0,0
2017-02-21,Caen,Nancy,1.92684,0.672166,1,0
2017-02-24,Nantes,Dijon,1.72203,0.392187,3,1
2017-02-24,Nice,Montpellier,1.12386,1.25788,2,1
2017-02-25,Angers,SC Bastia,2.81972,0.504919,3,0
2017-02-25,Guingamp,Monaco,0.312198,2.07192,1,2
2017-02-25,Lille,Bordeaux,0.91954,1.95309,2,3
2017-02-25,Nancy,Toulouse,0.625172,1.24905,0,0
2017-02-25,Rennes,Lorient,1.50914,0.238262,1,0
2017-02-26,Lyon,Metz,3.37742,0.387516,5,0
2017-02-26,Marseille,Paris Saint Germain,0.772502,3.52241,1,5
2017-02-26,Saint-Etienne,Caen,0.790358,0.793246,0,1
2017-03-01,SC Bastia,Nantes,1.73586,1.8348,2,2
2017-03-03,Bordeaux,Lyon,1.10352,1.68123,1,1
2017-03-04,Caen,Angers,1.60527,1.43545,2,3
2017-03-04,Dijon,Nice,0.895857,0.630889,0,1
2017-03-04,Metz,Rennes,1.85852,1.69304,1,1
2017-03-04,Montpellier,Guingamp,0.699091,0.90611,1,1
2017-03-04,Paris Saint Germain,Nancy,3.26565,0.583319,1,0
2017-03-04,SC Bastia,Saint-Etienne,0.302025,1.29564,0,0
2017-03-05,Lorient,Marseille,1.16006,3.12605,1,4
2017-03-05,Monaco,Nantes,2.48684,0.49137,4,0
2017-03-05,Toulouse,Lille,1.70316,1.76835,1,1
2017-03-10,Marseille,Angers,1.48758,1.03614,3,0
2017-03-10,Nice,Caen,1.3385,0.975008,2,2
2017-03-11,Guingamp,SC Bastia,3.28474,0.0781356,5,0
2017-03-11,Monaco,Bordeaux,0.67835,0.731056,2,1
2017-03-11,Montpellier,Nantes,1.34214,2.59914,2,3
2017-03-11,Nancy,Lille,0.982705,1.28734,1,2
2017-03-11,Rennes,Dijon,1.49788,1.109,1,1
2017-03-12,Lorient,Paris Saint Germain,0.232821,1.34893,1,2
2017-03-12,Lyon,Toulouse,1.38503,0.918752,4,0
2017-03-12,Saint-Etienne,Metz,1.95664,1.36591,2,2
2017-03-17,Lille,Marseille,0.714781,0.277246,0,0
2017-03-17,Metz,SC Bastia,0.894507,0.157698,1,0
2017-03-18,Angers,Guingamp,2.3846,1.62869,3,0
2017-03-18,Bordeaux,Montpellier,3.40561,1.19541,5,1
2017-03-18,Nancy,Lorient,1.86956,1.57221,2,3
2017-03-18,Nantes,Nice,1.33484,0.152307,1,1
2017-03-18,Toulouse,Rennes,0.190329,1.28422,0,0
2017-03-19,Caen,Monaco,0.246966,2.96012,0,3
2017-03-19,Dijon,Saint-Etienne,0.844757,1.67576,0,1
2017-03-19,Paris Saint Germain,Lyon,1.4683,1.2114,2,1
2017-03-31,Guingamp,Nancy,2.84931,0.0776049,1,0
2017-04-01,Marseille,Dijon,1.46318,0.428664,1,1
2017-04-01,SC Bastia,Lille,0.876256,0.576916,0,1
2017-04-02,Lorient,Caen,1.71214,1.20731,1,0
2017-04-02,Montpellier,Toulouse,1.08844,0.847595,0,1
2017-04-02,Nantes,Angers,1.59706,0.852502,2,1
2017-04-02,Nice,Bordeaux,1.51499,2.54152,2,1
2017-04-02,Rennes,Lyon,0.864423,2.55248,1,1
2017-04-05,Metz,Lyon,0.539316,2.62115,0,3
2017-04-07,Lille,Nice,0.71869,1.23056,1,2
2017-04-08,Angers,Monaco,1.50404,1.74598,0,1
2017-04-08,Bordeaux,Metz,2.23832,0.711913,3,0
2017-04-08,Caen,Montpellier,1.33697,0.989452,0,2
2017-04-08,Dijon,SC Bastia,1.5652,1.24836,1,2
2017-04-08,Lyon,Lorient,1.14119,1.79205,1,4
2017-04-08,Nancy,Rennes,1.25012,0.701898,3,0
2017-04-09,Paris Saint Germain,Guingamp,2.70624,0.592491,4,0
2017-04-09,Saint-Etienne,Nantes,0.893648,0.578616,1,1
2017-04-09,Toulouse,Marseille,0.872961,1.11022,0,0
2017-04-14,Angers,Paris Saint Germain,0.586893,0.822594,0,2
2017-04-15,Guingamp,Toulouse,2.1061,1.05121,2,1
2017-04-15,Metz,Caen,0.72674,0.781575,2,2
2017-04-15,Monaco,Dijon,2.11783,1.30171,2,1
2017-04-15,Montpellier,Lorient,1.12102,0.761605,2,0
2017-04-15,Nice,Nancy,2.57126,1.42075,3,1
2017-04-15,Rennes,Lille,1.58464,0.979545,2,0
2017-04-16,Marseille,Saint-Etienne,2.30835,0.892463,4,0
2017-04-16,Nantes,Bordeaux,0.414824,0.813337,0,1
2017-04-16,SC Bastia,Lyon,0.0,0.0,0,3
2017-04-18,Metz,Paris Saint Germain,0.336657,2.67049,2,3
2017-04-21,Nancy,Marseille,0.754671,0.710922,0,0
2017-04-22,Bordeaux,SC Bastia,1.52837,0.874853,2,0
2017-04-22,Caen,Nantes,0.839616,2.03308,0,2
2017-04-22,Dijon,Angers,1.25901,1.27233,3,2
2017-04-22,Lille,Guingamp,3.54802,1.35626,3,0
2017-04-22,Lorient,Metz,3.32905,1.34808,5,1
2017-04-22,Paris Saint Germain,Montpellier,2.8096,1.00547,2,0
2017-04-23,Lyon,Monaco,0.633767,1.58331,1,2
2017-04-23,Saint-Etienne,Rennes,0.803736,0.568247,1,1
2017-04-23,Toulouse,Nice,0.30062,1.07864,1,1
2017-04-28,Angers,Lyon,1.55303,0.58407,1,2
2017-04-29,Guingamp,Saint-Etienne,0.804806,2.86852,0,2
2017-04-29,Metz,Nancy,1.65516,0.682625,2,1
2017-04-29,Monaco,Toulouse,2.80202,0.974737,3,1
2017-04-29,Montpellier,Lille,1.64103,2.02182,0,3
2017-04-29,Nantes,Lorient,1.43131,0.135433,1,0
2017-04-29,SC Bastia,Rennes,0.654212,1.59306,1,0
2017-04-30,Caen,Marseille,1.67479,2.87717,1,5
2017-04-30,Dijon,Bordeaux,1.54624,0.547756,0,0
2017-04-30,Nice,Paris Saint Germain,1.17983,1.31731,3,1
2017-05-05,Saint-Etienne,Bordeaux,2.24011,2.05647,2,2
2017-05-06,Guingamp,Dijon,2.96505,0.870304,4,0
2017-05-06,Lille,Metz,0.754808,0.684583,0,2
2017-05-06,Lorient,Angers,0.806118,0.711157,1,1
2017-05-06,Nancy,Monaco,0.500579,3.36313,0,3
2017-05-06,Paris Saint Germain,SC Bastia,5.35893,0.10292,5,0
2017-05-06,Toulouse,Caen,1.39029,1.21478,0,1
2017-05-07,Lyon,Nantes,2.56423,0.276977,3,2
2017-05-07,Marseille,Nice,2.84773,2.17235,2,1
2017-05-07,Rennes,Montpellier,0.867351,0.350343,1,0
2017-05-14,Bordeaux,Marseille,1.81312,1.37853,1,1
2017-05-14,Caen,Rennes,0.919387,1.2457,0,1
2017-05-14,Dijon,Nancy,0.87338,1.40415,2,0
2017-05-14,Metz,Toulouse,0.611334,2.33883,1,1
2017-05-14,Monaco,Lille,2.29095,0.609542,4,0
2017-05-14,Montpellier,Lyon,1.23563,2.08055,1,3
2017-05-14,Nantes,Guingamp,1.53743,0.938703,4,1
2017-05-14,Nice,Angers,1.11893,1.91131,0,2
2017-05-14,SC Bastia,Lorient,1.12194,0.357563,2,0
2017-05-14,Saint-Etienne,Paris Saint Germain,0.308928,5.06788,0,5
2017-05-17,Monaco,Saint-Etienne,2.75951,0.354639,2,0
2017-05-20,Angers,Montpellier,1.55289,0.520709,2,0
2017-05-20,Guingamp,Metz,1.74895,0.297072,1,0
2017-05-20,Lille,Nantes,3.51019,0.706308,3,0
2017-05-20,Lorient,Bordeaux,0.694193,1.30843,1,1
2017-05-20,Lyon,Nice,1.58219,2.01991,3,3
2017-05-20,Marseille,SC Bastia,2.10282,0.116759,1,0
2017-05-20,Nancy,Saint-Etienne,1.98055,0.552326,3,1
2017-05-20,Paris Saint Germain,Caen,2.00237,1.69999,1,1
2017-05-20,Rennes,Monaco,2.25117,2.59491,2,3
2017-05-20,Toulouse,Dijon,1.46422,0.627115,0,0
2017-08-04,Monaco,Toulouse,2.14636,0.248798,3,2
2017-08-05,Lyon,Strasbourg,1.72783,0.292445,4,0
2017-08-05,Metz,Guingamp,0.557371,1.45737,1,3
2017-08-05,Montpellier,Caen,1.46179,0.31924,1,0
2017-08-05,Paris Saint Germain,Amiens,2.25264,0.190301,2,0
2017-08-05,Saint-Etienne,Nice,0.943684,0.593773,1,0
2017-08-05,Troyes,Rennes,1.33762,1.87176,1,1
2017-08-06,Angers,Bordeaux,1.11146,1.77916,2,2
2017-08-06,Lille,Nantes,1.90958,1.0773,3,0
2017-08-06,Marseille,Dijon,2.41348,0.594982,3,0
2017-08-11,Nice,Troyes,1.92396,0.432943,1,2
2017-08-11,Rennes,Lyon,0.712298,1.53095,1,2
2017-08-12,Amiens,Angers,0.705642,1.47376,0,2
2017-08-12,Bordeaux,Metz,2.14545,0.525091,2,0
2017-08-12,Caen,Saint-Etienne,0.75531,1.14769,0,1
2017-08-12,Nantes,Marseille,1.29602,1.91985,0,1
2017-08-12,Toulouse,Montpellier,1.72539,0.790815,1,0
2017-08-13,Dijon,Monaco,1.15256,1.82196,1,4
2017-08-13,Guingamp,Paris Saint Germain,0.0609477,2.51121,0,3
2017-08-13,Strasbourg,Lille,3.20079,1.11214,3,0
2017-08-18,Metz,Monaco,0.799504,1.93555,0,1
2017-08-19,Lyon,Bordeaux,0.933014,0.924278,3,3
2017-08-19,Montpellier,Strasbourg,1.91128,0.639177,1,1
2017-08-19,Nice,Guingamp,1.41445,0.455777,2,0
2017-08-19,Rennes,Dijon,1.33398,1.21134,2,2
2017-08-19,Saint-Etienne,Amiens,3.17624,1.06947,3,0
2017-08-19,Troyes,Nantes,0.724295,0.565923,0,1
2017-08-20,Lille,Caen,0.511679,1.82943,0,2
2017-08-20,Marseille,Angers,1.10475,0.773691,1,1
2017-08-20,Paris Saint Germain,Toulouse,3.19678,0.338766,6,2
2017-08-25,Paris Saint Germain,Saint-Etienne,2.36555,0.621197,3,0
2017-08-26,Amiens,Nice,1.3292,0.247748,3,0
2017-08-26,Bordeaux,Troyes,2.76641,0.566642,2,1
2017-08-26,Caen,Metz,1.71638,0.834878,1,0
2017-08-26,Dijon,Montpellier,1.25732,1.55187,2,1
2017-08-26,Nantes,Lyon,0.318881,0.806351,0,0
2017-08-26,Toulouse,Rennes,2.39664,0.942755,3,2
2017-08-27,Angers,Lille,0.861506,0.846538,1,1
2017-08-27,Guingamp,Strasbourg,1.86165,0.566048,2,0
2017-08-27,Monaco,Marseille,4.53179,1.41561,6,1
2017-09-08,Lille,Bordeaux,0.352346,0.936419,0,0
2017-09-08,Metz,Paris Saint Germain,1.20793,4.87729,1,5
2017-09-09,Caen,Dijon,1.67506,0.51478,2,1
2017-09-09,Montpellier,Nantes,0.411604,0.591683,0,1
2017-09-09,Nice,Monaco,2.94979,0.881798,4,0
2017-09-09,Strasbourg,Amiens,0.599748,0.293267,0,1
2017-09-09,Troyes,Toulouse,0.737279,0.204017,0,0
2017-09-10,Lyon,Guingamp,0.762372,0.834402,2,1
2017-09-10,Marseille,Rennes,1.72708,2.1507,1,3
2017-09-10,Saint-Etienne,Angers,0.68122,2.04494,1,1
2017-09-15,Toulouse,Bordeaux,0.909141,0.733308,0,1
2017-09-16,Dijon,Saint-Etienne,1.84763,1.73247,0,1
2017-09-16,Guingamp,Lille,1.49258,0.376469,1,0
2017-09-16,Monaco,Strasbourg,2.74933,1.25366,3,0
2017-09-16,Nantes,Caen,0.464665,0.277685,1,0
2017-09-16,Troyes,Montpellier,0.64374,1.20725,0,1
2017-09-17,Amiens,Marseille,0.712071,1.44127,0,2
2017-09-17,Angers,Metz,1.99822,1.60019,0,1
2017-09-17,Paris Saint Germain,Lyon,1.77327,0.928593,2,0
2017-09-17,Rennes,Nice,0.88774,0.590921,0,1
2017-09-22,Lille,Monaco,1.03899,2.53149,0,4
2017-09-22,Nice,Angers,1.75619,1.67713,2,2
2017-09-23,Bordeaux,Guingamp,3.22208,1.17579,3,1
2017-09-23,Caen,Amiens,1.76038,0.0263448,1,0
2017-09-23,Lyon,Dijon,3.5055,1.68516,3,3
2017-09-23,Metz,Troyes,1.06447,0.628796,0,1
2017-09-23,Montpellier,Paris Saint Germain,0.156853,0.664671,0,0
2017-09-24,Marseille,Toulouse,3.19464,0.5552,2,0
2017-09-24,Saint-Etienne,Rennes,2.00978,1.41106,2,2
2017-09-24,Strasbourg,Nantes,1.38859,0.572934,1,2
2017-09-29,Monaco,Montpellier,0.939163,0.948064,1,1
2017-09-30,Dijon,Strasbourg,1.55525,0.668952,1,1
2017-09-30,Guingamp,Toulouse,0.952285,0.569784,1,1
2017-09-30,Nantes,Metz,2.21251,1.3633,1,0
2017-09-30,Paris Saint Germain,Bordeaux,2.40637,2.19609,6,2
2017-09-30,Rennes,Caen,0.698792,1.40792,0,1
2017-10-01,Angers,Lyon,0.999606,1.5737,3,3
2017-10-01,Nice,Marseille,2.67558,2.56739,2,4
2017-10-01,Troyes,Saint-Etienne,0.806682,1.28401,2,1
2017-10-13,Lyon,Monaco,1.79765,1.86517,3,2
2017-10-14,Caen,Angers,1.31459,2.02926,0,2
2017-10-14,Dijon,Paris Saint Germain,0.704259,2.55828,1,2
2017-10-14,Guingamp,Rennes,3.83243,0.736792,2,0
2017-10-14,Lille,Troyes,1.26975,1.53577,2,2
2017-10-14,Saint-Etienne,Metz,2.33843,0.33881,3,1
2017-10-14,Toulouse,Amiens,1.46173,0.240109,1,0
2017-10-15,Bordeaux,Nantes,0.996615,1.16816,1,1
2017-10-15,Montpellier,Nice,1.39101,1.94389,2,0
2017-10-15,Strasbourg,Marseille,2.02351,3.0641,3,3
2017-10-20,Saint-Etienne,Montpellier,1.27005,1.52158,0,1
2017-10-21,Amiens,Bordeaux,1.107,0.756311,1,0
2017-10-21,Angers,Toulouse,1.17702,0.418413,0,1
2017-10-21,Metz,Dijon,0.722398,0.694652,1,2
2017-10-21,Monaco,Caen,2.02602,0.382019,2,0
2017-10-21,Nantes,Guingamp,0.748019,0.862897,2,1
2017-10-21,Rennes,Lille,0.743569,0.605216,1,0
2017-10-22,Marseille,Paris Saint Germain,1.31442,0.324335,2,2
2017-10-22,Nice,Strasbourg,1.8532,1.15613,1,2
2017-10-22,Troyes,Lyon,0.277198,3.27703,0,5
2017-10-27,Paris Saint Germain,Nice,3.30483,0.198721,3,0
2017-10-28,Bordeaux,Monaco,1.37964,0.893808,0,2
2017-10-28,Caen,Troyes,0.58564,1.13546,1,0
2017-10-28,Dijon,Nantes,0.325792,1.00906,1,0
2017-10-28,Guingamp,Amiens,0.620527,0.354145,1,1
2017-10-28,Montpellier,Rennes,1.0658,0.596442,0,1
2017-10-28,Strasbourg,Angers,1.62722,0.37517,2,2
2017-10-29,Lille,Marseille,0.665171,1.06909,0,1
2017-10-29,Lyon,Metz,1.38545,0.506774,2,0
2017-10-29,Toulouse,Saint-Etienne,0.663289,0.962164,0,0
2017-11-03,Rennes,Bordeaux,0.816595,0.329157,1,0
2017-11-04,Angers,Paris Saint Germain,0.663491,2.78391,0,5
2017-11-04,Monaco,Guingamp,2.94988,0.299641,6,0
2017-11-04,Montpellier,Amiens,0.901077,0.497744,1,1
2017-11-04,Nantes,Toulouse,0.990379,0.79584,2,1
2017-11-04,Troyes,Strasbourg,2.42579,0.886377,3,0
2017-11-05,Marseille,Caen,4.03445,1.02028,5,0
2017-11-05,Metz,Lille,2.45958,1.51839,0,3
2017-11-05,Nice,Dijon,1.30297,0.572627,1,0
2017-11-05,Saint-Etienne,Lyon,0.842106,2.43783,0,5
2017-11-17,Amiens,Monaco,1.40691,0.879149,1,1
2017-11-17,Lille,Saint-Etienne,0.780945,1.3189,3,1
2017-11-18,Dijon,Troyes,1.4635,1.29033,3,1
2017-11-18,Guingamp,Angers,0.854701,0.308467,1,1
2017-11-18,Paris Saint Germain,Nantes,2.15231,0.855253,4,1
2017-11-18,Strasbourg,Rennes,1.40766,0.69636,2,1
2017-11-18,Toulouse,Metz,2.15719,0.817349,0,0
2017-11-19,Bordeaux,Marseille,0.338961,1.03971,1,1
2017-11-19,Caen,Nice,2.16318,1.55288,1,1
2017-11-19,Lyon,Montpellier,0.738148,0.770313,0,0
2017-11-20,Amiens,Lille,1.4818,0.393119,3,0
2017-11-24,Saint-Etienne,Strasbourg,1.27542,1.64076,2,2
2017-11-25,Caen,Bordeaux,1.03943,1.22029,1,0
2017-11-25,Dijon,Toulouse,1.06076,1.68147,3,1
2017-11-25,Metz,Amiens,1.25584,0.934284,0,2
2017-11-25,Montpellier,Lille,2.13961,0.197089,3,0
2017-11-25,Rennes,Nantes,0.922182,1.12975,2,1
2017-11-25,Troyes,Angers,1.18185,0.302355,3,0
2017-11-26,Marseille,Guingamp,1.87549,0.266214,1,0
2017-11-26,Monaco,Paris Saint Germain,0.379619,4.41005,1,2
2017-11-26,Nice,Lyon,0.244374,2.22509,0,5
2017-11-28,Amiens,Dijon,0.875002,0.88355,2,1
2017-11-28,Bordeaux,Saint-Etienne,1.54515,0.337006,3,0
2017-11-28,Strasbourg,Caen,0.223173,2.23402,0,0
2017-11-29,Angers,Rennes,0.393065,1.26206,1,2
2017-11-29,Guingamp,Montpellier,0.420556,0.6259,0,0
2017-11-29,Lyon,Lille,2.95324,1.15359,1,2
2017-11-29,Metz,Marseille,0.345768,2.48085,0,3
2017-11-29,Nantes,Monaco,0.583821,0.380888,1,0
2017-11-29,Paris Saint Germain,Troyes,1.70266,0.446889,2,0
2017-11-29,Toulouse,Nice,1.84921,1.34601,1,2
2017-12-01,Dijon,Bordeaux,1.75285,1.13557,3,2
2017-12-02,Lille,Toulouse,0.689741,1.23313,1,0
2017-12-02,Monaco,Angers,0.445538,0.723605,1,0
2017-12-02,Nice,Metz,2.04706,0.425087,3,1
2017-12-02,Rennes,Amiens,1.54445,0.246144,2,0
2017-12-02,Strasbourg,Paris Saint Germain,0.38814,2.27373,2,1
2017-12-02,Troyes,Guingamp,1.00976,0.744047,0,1
2017-12-03,Caen,Lyon,0.986845,1.98069,1,2
2017-12-03,Montpellier,Marseille,0.949417,1.00748,1,1
2017-12-03,Saint-Etienne,Nantes,0.784896,1.47025,1,1
2017-12-08,Bordeaux,Strasbourg,0.589571,2.17093,0,3
2017-12-09,Angers,Montpellier,1.19722,1.16521,1,1
2017-12-09,Guingamp,Dijon,2.07693,0.271135,4,0
2017-12-09,Metz,Rennes,1.17225,0.947048,1,1
2017-12-09,Monaco,Troyes,1.46253,1.39172,3,2
2017-12-09,Paris Saint Germain,Lille,1.621,0.509177,3,1
2017-12-09,Toulouse,Caen,1.72943,1.05035,2,0
2017-12-10,Amiens,Lyon,2.19279,0.953938,1,2
2017-12-10,Marseille,Saint-Etienne,3.25344,0.220737,3,0
2017-12-10,Nantes,Nice,1.4467,0.626165,1,2
2017-12-15,Saint-Etienne,Monaco,0.291562,2.60474,0,4
2017-12-16,Caen,Guingamp,0.820219,0.233712,0,0
2017-12-16,Dijon,Lille,0.705966,0.625703,3,0
2017-12-16,Montpellier,Metz,0.277553,0.935507,1,3
2017-12-16,Rennes,Paris Saint Germain,2.20762,3.94333,1,4
2017-12-16,Strasbourg,Toulouse,1.72073,1.28316,2,1
2017-12-16,Troyes,Amiens,2.47583,0.550401,1,0
2017-12-17,Lyon,Marseille,1.36734,1.60998,2,0
2017-12-17,Nantes,Angers,1.13634,0.231309,1,0
2017-12-17,Nice,Bordeaux,1.80014,0.574262,1,0
2017-12-20,Amiens,Nantes,0.864223,1.13923,0,1
2017-12-20,Angers,Dijon,2.68188,1.3176,2,1
2017-12-20,Bordeaux,Montpellier,0.335364,0.943211,0,2
2017-12-20,Guingamp,Saint-Etienne,1.79842,0.344038,2,1
2017-12-20,Lille,Nice,0.755883,0.250882,1,1
2017-12-20,Marseille,Troyes,1.63202,1.23458,3,1
2017-12-20,Metz,Strasbourg,2.02724,1.82629,3,0
2017-12-20,Monaco,Rennes,2.05203,1.16211,2,1
2017-12-20,Paris Saint Germain,Caen,2.4519,1.01868,3,1
2017-12-20,Toulouse,Lyon,2.41544,2.18213,1,2
2018-01-12,Strasbourg,Guingamp,0.599037,1.07983,0,2
2018-01-13,Caen,Lille,1.48076,1.2005,0,1
2018-01-13,Dijon,Metz,1.10129,0.781433,1,1
2018-01-13,Montpellier,Monaco,0.620778,0.867849,0,0
2018-01-13,Nice,Amiens,1.2202,0.583973,1,0
2018-01-13,Rennes,Marseille,1.49159,2.26418,0,3
2018-01-13,Troyes,Bordeaux,1.39464,0.709073,0,1
2018-01-14,Lyon,Angers,1.33723,1.15533,1,1
2018-01-14,Nantes,Paris Saint Germain,0.703414,2.45162,0,1
2018-01-14,Saint-Etienne,Toulouse,2.84118,1.02467,2,0
2018-01-16,Bordeaux,Caen,0.550902,0.949262,0,2
2018-01-16,Marseille,Strasbourg,3.9304,0.116095,2,0
2018-01-16,Monaco,Nice,1.23881,1.08186,2,2
2018-01-17,Amiens,Montpellier,0.626049,1.19099,1,1
2018-01-17,Angers,Troyes,1.886,0.340789,3,1
2018-01-17,Guingamp,Lyon,0.482173,2.10765,0,2
2018-01-17,Lille,Rennes,0.528633,1.68095,1,2
2018-01-17,Metz,Saint-Etienne,2.19074,0.680514,3,0
2018-01-17,Paris Saint Germain,Dijon,4.27396,0.154688,8,0
2018-01-17,Toulouse,Nantes,1.22063,0.641757,1,1
2018-01-19,Caen,Marseille,0.152123,2.29378,0,2
2018-01-20,Amiens,Guingamp,1.9645,0.175561,3,1
2018-01-20,Montpellier,Toulouse,2.10746,0.769418,2,1
2018-01-20,Nantes,Bordeaux,0.544384,0.440149,0,1
2018-01-20,Rennes,Angers,1.06811,0.41615,1,0
2018-01-20,Strasbourg,Dijon,2.6462,1.20844,3,2
2018-01-20,Troyes,Lille,0.653627,0.547546,1,0
2018-01-21,Lyon,Paris Saint Germain,0.502457,0.67226,2,1
2018-01-21,Monaco,Metz,2.41414,0.0868633,3,1
2018-01-21,Nice,Saint-Etienne,0.279353,0.314602,1,0
2018-01-26,Dijon,Rennes,1.44093,0.615882,2,1
2018-01-27,Angers,Amiens,1.52438,0.0630897,1,0
2018-01-27,Guingamp,Nantes,0.233546,1.66947,0,3
2018-01-27,Metz,Nice,0.669743,1.62959,2,1
2018-01-27,Paris Saint Germain,Montpellier,4.24887,0.680381,4,0
2018-01-27,Saint-Etienne,Caen,0.476107,1.38281,2,1
2018-01-27,Toulouse,Troyes,1.48594,0.0469224,1,0
2018-01-28,Bordeaux,Lyon,2.42464,0.70199,3,1
2018-01-28,Lille,Strasbourg,1.44327,0.859116,2,1
2018-01-28,Marseille,Monaco,1.98143,0.682973,2,2
2018-02-02,Marseille,Metz,5.85121,1.27637,6,3
2018-02-03,Amiens,Saint-Etienne,0.250359,2.70354,0,2
2018-02-03,Lille,Paris Saint Germain,0.275223,1.95356,0,3
2018-02-03,Montpellier,Angers,0.285745,0.996403,2,1
2018-02-03,Nice,Toulouse,1.07335,0.278134,0,1
2018-02-03,Strasbourg,Bordeaux,0.308349,0.838239,0,2
2018-02-04,Caen,Nantes,1.88955,0.696733,3,2
2018-02-04,Monaco,Lyon,1.37518,0.984924,3,2
2018-02-04,Rennes,Guingamp,1.91993,0.638394,0,1
2018-02-09,Saint-Etienne,Marseille,1.96048,1.0382,2,2
2018-02-10,Angers,Monaco,0.533175,2.26036,0,4
2018-02-10,Bordeaux,Amiens,2.19944,1.15828,3,2
2018-02-10,Dijon,Nice,1.89768,0.894957,3,2
2018-02-10,Guingamp,Caen,0.284691,0.959241,0,0
2018-02-10,Metz,Montpellier,0.865226,1.21321,0,1
2018-02-10,Toulouse,Paris Saint Germain,0.143229,2.03292,0,1
2018-02-11,Lyon,Rennes,1.20772,0.92204,0,2
2018-02-11,Nantes,Lille,2.1668,0.632571,2,2
2018-02-11,Strasbourg,Troyes,0.9565,1.6317,2,1
2018-02-16,Monaco,Dijon,2.41954,0.302986,4,0
2018-02-17,Amiens,Toulouse,0.510117,0.937757,0,0
2018-02-17,Angers,Saint-Etienne,1.2482,0.662397,0,1
2018-02-17,Caen,Rennes,3.33664,1.38594,2,2
2018-02-17,Montpellier,Guingamp,1.44951,1.02008,1,1
2018-02-17,Paris Saint Germain,Strasbourg,4.62554,0.536092,5,2
2018-02-17,Troyes,Metz,2.0565,1.40506,1,0
2018-02-18,Lille,Lyon,0.894673,2.08854,2,2
2018-02-18,Marseille,Bordeaux,1.62717,0.107734,1,0
2018-02-18,Nice,Nantes,0.94711,1.16354,1,1
2018-02-20,Troyes,Dijon,0.36503,0.279816,0,0
2018-02-23,Strasbourg,Montpellier,0.366466,0.617321,0,0
2018-02-24,Dijon,Caen,1.53459,0.61071,2,0
2018-02-24,Guingamp,Metz,1.73373,0.961929,2,2
2018-02-24,Lille,Angers,0.965021,1.82329,1,2
2018-02-24,Nantes,Amiens,1.11638,0.397649,0,1
2018-02-24,Rennes,Troyes,1.62688,0.312847,2,0
2018-02-24,Toulouse,Monaco,1.4221,2.21317,3,3
2018-02-25,Bordeaux,Nice,1.84665,0.154466,0,0
2018-02-25,Lyon,Saint-Etienne,0.671649,1.28794,1,1
2018-02-25,Paris Saint Germain,Marseille,0.971169,0.990539,3,0
2018-03-02,Monaco,Bordeaux,2.85004,0.522865,2,1
2018-03-02,Nice,Lille,1.78209,0.866288,2,1
2018-03-03,Amiens,Rennes,1.53509,0.984665,0,2
2018-03-03,Angers,Guingamp,2.57662,0.802551,3,0
2018-03-03,Metz,Toulouse,1.00996,1.71105,1,1
2018-03-03,Saint-Etienne,Dijon,1.95886,1.77916,2,2
2018-03-03,Troyes,Paris Saint Germain,0.285736,2.02971,0,2
2018-03-04,Caen,Strasbourg,1.08261,0.866851,2,0
2018-03-04,Marseille,Nantes,1.38842,1.18039,1,1
2018-03-04,Montpellier,Lyon,1.00445,1.20415,1,1
2018-03-09,Strasbourg,Monaco,1.40419,0.997136,1,3
2018-03-10,Bordeaux,Angers,1.11795,0.889669,0,0
2018-03-10,Dijon,Amiens,0.96252,1.05626,1,1
2018-03-10,Lille,Montpellier,0.605119,0.733875,1,1
2018-03-10,Nantes,Troyes,1.76133,0.365029,1,0
2018-03-10,Paris Saint Germain,Metz,3.85034,0.31453,5,0
2018-03-10,Rennes,Saint-Etienne,1.33403,1.55752,1,1
2018-03-11,Guingamp,Nice,1.4993,2.252,2,5
2018-03-11,Lyon,Caen,1.66731,0.245834,1,0
2018-03-11,Toulouse,Marseille,1.09433,3.66527,1,2
2018-03-14,Paris Saint Germain,Angers,1.9662,2.0685,2,1
2018-03-16,Monaco,Lille,1.77406,0.915575,2,1
2018-03-17,Amiens,Troyes,0.964633,1.63646,1,1
2018-03-17,Angers,Caen,1.73862,0.569241,3,0
2018-03-17,Bordeaux,Rennes,0.390596,0.917768,0,2
2018-03-17,Montpellier,Dijon,2.30885,1.11133,2,2
2018-03-17,Toulouse,Strasbourg,1.81322,0.938237,2,2
2018-03-18,Marseille,Lyon,1.49394,1.31936,2,3
2018-03-18,Metz,Nantes,0.792782,1.34255,1,1
2018-03-18,Nice,Paris Saint Germain,1.0998,2.51648,1,2
2018-03-18,Saint-Etienne,Guingamp,1.21855,0.375541,2,0
2018-03-31,Dijon,Marseille,0.455512,3.49126,1,3
2018-04-01,Caen,Montpellier,1.19265,2.18236,1,3
2018-04-01,Guingamp,Bordeaux,0.891401,2.62738,2,1
2018-04-01,Lille,Amiens,0.747275,1.24154,0,1
2018-04-01,Lyon,Toulouse,2.74669,0.362896,2,0
2018-04-01,Nantes,Saint-Etienne,1.77632,1.6647,0,3
2018-04-01,Strasbourg,Metz,2.17501,1.6647,2,2
2018-04-01,Troyes,Nice,0.45584,1.97826,0,2
2018-04-04,Rennes,Monaco,1.9066,1.05881,1,1
2018-04-06,Saint-Etienne,Paris Saint Germain,2.9457,1.19571,1,1
2018-04-07,Amiens,Caen,1.65174,1.46645,3,0
2018-04-07,Angers,Strasbourg,0.907186,1.44922,1,1
2018-04-07,Bordeaux,Lille,2.55054,0.674742,2,1
2018-04-07,Guingamp,Troyes,2.7269,0.266909,4,0
2018-04-07,Monaco,Nantes,0.335917,0.327814,2,1
2018-04-07,Toulouse,Dijon,0.783084,0.860692,0,1
2018-04-08,Marseille,Montpellier,1.1191,0.171655,0,0
2018-04-08,Metz,Lyon,0.436583,2.75039,0,5
2018-04-08,Nice,Rennes,0.439263,0.771423,1,1
2018-04-13,Angers,Nice,1.24112,0.989557,1,1
2018-04-14,Caen,Toulouse,0.259281,0.489412,0,0
2018-04-14,Lille,Guingamp,1.55661,0.797181,2,2
2018-04-14,Lyon,Amiens,2.55803,0.286494,3,0
2018-04-14,Nantes,Dijon,1.14136,0.436986,1,1
2018-04-14,Rennes,Metz,2.06388,1.27464,1,2
2018-04-14,Strasbourg,Saint-Etienne,1.49267,0.240852,0,1
2018-04-15,Montpellier,Bordeaux,1.85119,1.53871,1,3
2018-04-15,Paris Saint Germain,Monaco,3.21957,1.62801,7,1
2018-04-15,Troyes,Marseille,2.14411,1.31021,2,3
2018-04-20,Dijon,Lyon,0.708129,2.4588,2,5
2018-04-20,Nantes,Rennes,1.63157,0.91184,1,1
2018-04-21,Amiens,Strasbourg,0.787495,2.02481,3,1
2018-04-21,Guingamp,Monaco,3.17759,0.197769,3,1
2018-04-21,Marseille,Lille,3.22785,0.927416,5,1
2018-04-21,Metz,Caen,0.892067,0.471832,1,1
2018-04-21,Toulouse,Angers,2.81666,0.812711,2,0
2018-04-22,Bordeaux,Paris Saint Germain,1.06375,0.63507,0,1
2018-04-22,Nice,Montpellier,1.22263,0.240171,1,0
2018-04-22,Saint-Etienne,Troyes,2.87828,0.993049,2,1
2018-04-27,Montpellier,Saint-Etienne,1.32446,1.48327,0,1
2018-04-28,Bordeaux,Dijon,2.00759,1.31611,3,1
2018-04-28,Lille,Metz,2.1258,0.502454,3,1
2018-04-28,Lyon,Nantes,3.0343,0.309371,2,0
2018-04-28,Monaco,Amiens,0.52964,0.818096,0,0
2018-04-28,Strasbourg,Nice,0.672952,1.13928,1,1
2018-04-28,Troyes,Caen,1.16671,0.570932,3,1
2018-04-29,Angers,Marseille,1.22645,2.01672,1,1
2018-04-29,Paris Saint Germain,Guingamp,2.01264,2.20389,2,2
2018-04-29,Rennes,Toulouse,1.74362,0.469531,2,1
2018-05-04,Amiens,Paris Saint Germain,0.517774,2.05621,2,2
2018-05-06,Caen,Monaco,1.05186,1.21667,1,2
2018-05-06,Dijon,Guingamp,2.24715,0.199004,3,1
2018-05-06,Lyon,Troyes,1.43351,0.827606,3,0
2018-05-06,Marseille,Nice,1.73502,0.644282,2,1
2018-05-06,Metz,Angers,1.1878,1.68205,1,2
2018-05-06,Nantes,Montpellier,1.12369,0.4317,0,2
2018-05-06,Rennes,Strasbourg,2.36718,1.01751,2,1
2018-05-06,Saint-Etienne,Bordeaux,2.29932,3.12861,1,3
2018-05-06,Toulouse,Lille,1.05844,2.92354,2,3
2018-05-12,Amiens,Metz,1.52976,0.814485,2,0
2018-05-12,Angers,Nantes,0.597455,0.916649,0,2
2018-05-12,Bordeaux,Toulouse,2.61552,0.851127,4,2
2018-05-12,Guingamp,Marseille,2.75524,1.97492,3,3
2018-05-12,Lille,Dijon,2.46607,1.83241,2,1
2018-05-12,Monaco,Saint-Etienne,2.3079,0.563497,1,0
2018-05-12,Montpellier,Troyes,0.589778,1.18808,1,1
2018-05-12,Nice,Caen,2.23423,0.703403,4,1
2018-05-12,Paris Saint Germain,Rennes,0.619551,1.15359,0,2
2018-05-12,Strasbourg,Lyon,0.820059,1.26374,3,2
2018-05-19,Caen,Paris Saint Germain,0.442461,1.0188,0,0
2018-05-19,Dijon,Angers,0.823287,1.80665,2,1
2018-05-19,Lyon,Nice,2.16341,0.976783,3,2
2018-05-19,Marseille,Amiens,2.63306,0.445794,2,1
2018-05-19,Metz,Bordeaux,0.313811,1.97275,0,4
2018-05-19,Nantes,Strasbourg,0.809802,0.342744,1,0
2018-05-19,Rennes,Montpellier,0.459859,0.614694,1,1
2018-05-19,Saint-Etienne,Lille,1.71595,0.520927,5,0
2018-05-19,Toulouse,Guingamp,1.92715,0.481472,2,1
2018-05-19,Troyes,Monaco,0.713742,2.56714,0,3
2018-08-10,Marseille,Toulouse,3.46292,0.234157,4,0
2018-08-11,Angers,Nimes,2.62438,1.21376,3,4
2018-08-11,Lille,Rennes,1.88164,0.447458,3,1
2018-08-11,Montpellier,Dijon,1.34076,1.94817,1,2
2018-08-11,Nantes,Monaco,1.22055,2.8413,1,3
2018-08-11,Nice,Reims,1.03263,0.26742,0,1
2018-08-11,Saint-Etienne,Guingamp,0.934842,1.37217,2,1
2018-08-12,Bordeaux,Strasbourg,0.0853905,1.32715,0,2
2018-08-12,Lyon,Amiens,1.30809,0.286084,2,0
2018-08-12,Paris Saint Germain,Caen,3.34692,0.189346,3,0
2018-08-17,Reims,Lyon,0.677345,0.977973,1,0
2018-08-18,Amiens,Montpellier,1.11001,0.308208,1,2
2018-08-18,Caen,Nice,1.20052,0.568951,1,1
2018-08-18,Dijon,Nantes,2.95975,0.228631,2,0
2018-08-18,Guingamp,Paris Saint Germain,1.3524,2.62399,1,3
2018-08-18,Monaco,Lille,1.62023,0.580405,0,0
2018-08-18,Rennes,Angers,0.390542,0.349744,1,0
2018-08-19,Nimes,Marseille,1.63136,0.967387,3,1
2018-08-19,Strasbourg,Saint-Etienne,0.626045,0.329551,1,1
2018-08-19,Toulouse,Bordeaux,1.27761,0.784815,2,1
2018-08-24,Lyon,Strasbourg,1.24291,0.393592,2,0
2018-08-25,Amiens,Reims,2.18312,0.700141,4,1
2018-08-25,Montpellier,Saint-Etienne,0.417545,0.245117,0,0
2018-08-25,Nantes,Caen,1.89955,0.635046,1,1
2018-08-25,Nice,Dijon,1.7067,1.94227,0,4
2018-08-25,Paris Saint Germain,Angers,2.03223,1.5059,3,1
2018-08-25,Toulouse,Nimes,2.72202,0.486732,1,0
2018-08-26,Bordeaux,Monaco,2.22891,0.557262,2,1
2018-08-26,Lille,Guingamp,1.70571,0.563755,3,0
2018-08-26,Marseille,Rennes,1.03242,1.67594,2,2
2018-08-31,Lyon,Nice,1.93732,0.413102,0,1
2018-09-01,Angers,Lille,0.762905,1.51191,1,0
2018-09-01,Dijon,Caen,0.904946,1.24948,0,2
2018-09-01,Guingamp,Toulouse,2.05332,1.02165,1,2
2018-09-01,Nimes,Paris Saint Germain,1.1751,2.55182,2,4
2018-09-01,Reims,Montpellier,1.01568,0.469098,0,1
2018-09-01,Strasbourg,Nantes,1.42569,1.29618,2,3
2018-09-02,Monaco,Marseille,1.85881,1.82074,2,3
2018-09-02,Rennes,Bordeaux,2.64705,0.448128,2,0
2018-09-02,Saint-Etienne,Amiens,0.737428,0.325126,0,0
2018-09-14,Nice,Rennes,1.43287,1.04178,2,1
2018-09-14,Paris Saint Germain,Saint-Etienne,2.6433,0.8923,4,0
2018-09-15,Amiens,Lille,1.44867,2.81999,2,3
2018-09-15,Caen,Lyon,1.82361,1.00941,2,2
2018-09-15,Dijon,Angers,1.2955,1.54749,1,3
2018-09-15,Montpellier,Strasbourg,0.344069,0.756661,1,1
2018-09-15,Toulouse,Monaco,1.04734,0.411114,1,1
2018-09-16,Bordeaux,Nimes,0.987408,1.4185,3,3
2018-09-16,Marseille,Guingamp,2.10486,0.14654,4,0
2018-09-16,Nantes,Reims,0.822305,0.426507,0,0
2018-09-21,Monaco,Nimes,1.71296,0.776658,1,1
2018-09-22,Angers,Toulouse,0.613569,0.419431,0,0
2018-09-22,Lille,Nantes,0.703161,1.2322,2,1
2018-09-22,Montpellier,Nice,1.67209,0.311974,1,0
2018-09-22,Reims,Dijon,1.06301,0.154099,0,0
2018-09-22,Saint-Etienne,Caen,3.12231,0.307587,2,1
2018-09-22,Strasbourg,Amiens,1.07472,0.672883,3,1
2018-09-23,Guingamp,Bordeaux,2.05919,0.812676,1,3
2018-09-23,Lyon,Marseille,2.17661,0.799911,4,2
2018-09-23,Rennes,Paris Saint Germain,1.29214,1.57303,1,3
2018-09-25,Monaco,Angers,0.64811,0.353164,0,1
2018-09-25,Nantes,Nice,0.867099,1.50808,1,2
2018-09-25,Toulouse,Saint-Etienne,1.09674,2.23179,2,3
2018-09-26,Amiens,Rennes,0.730869,1.83024,2,1
2018-09-26,Bordeaux,Lille,0.891123,2.01084,1,0
2018-09-26,Caen,Montpellier,0.8109,2.0286,2,2
2018-09-26,Dijon,Lyon,1.93189,2.46562,0,3
2018-09-26,Marseille,Strasbourg,1.27899,0.81086,3,2
2018-09-26,Nimes,Guingamp,0.922377,0.355414,0,0
2018-09-26,Paris Saint Germain,Reims,3.65268,0.326745,4,1
2018-09-28,Saint-Etienne,Monaco,2.03551,1.85855,2,0
2018-09-29,Angers,Guingamp,0.366935,1.49767,0,1
2018-09-29,Caen,Amiens,1.44696,0.247116,1,0
2018-09-29,Lyon,Nantes,2.16048,1.00631,1,1
2018-09-29,Nice,Paris Saint Germain,0.34909,3.19562,0,3
2018-09-29,Reims,Bordeaux,0.63867,0.205687,0,0
2018-09-29,Strasbourg,Dijon,0.748818,1.0504,3,0
2018-09-30,Lille,Marseille,2.94559,0.424331,3,0
2018-09-30,Montpellier,Nimes,2.65101,0.941051,3,0
2018-09-30,Rennes,Toulouse,2.45218,0.278664,1,1
2018-10-05,Toulouse,Nice,1.19251,0.732437,1,1
2018-10-06,Amiens,Dijon,0.301024,0.371877,1,0
2018-10-06,Angers,Strasbourg,2.15923,1.30474,2,2
2018-10-06,Guingamp,Montpellier,0.757802,1.08337,1,1
2018-10-06,Lille,Saint-Etienne,0.792513,1.33367,3,1
2018-10-06,Nimes,Reims,0.760306,1.4833,0,0
2018-10-07,Bordeaux,Nantes,1.75432,0.701317,3,0
2018-10-07,Marseille,Caen,1.4975,0.536643,2,0
2018-10-07,Monaco,Rennes,0.390296,1.01659,1,2
2018-10-07,Paris Saint Germain,Lyon,4.4359,1.63396,5,0
2018-10-19,Lyon,Nimes,1.71752,1.39758,2,0
2018-10-20,Caen,Guingamp,0.663293,0.420901,0,0
2018-10-20,Dijon,Lille,1.51825,1.94079,1,2
2018-10-20,Nantes,Toulouse,2.70942,0.540454,4,0
2018-10-20,Paris Saint Germain,Amiens,2.50391,0.573532,5,0
2018-10-20,Reims,Angers,1.03372,1.62653,1,1
2018-10-20,Strasbourg,Monaco,0.819667,1.35931,2,1
2018-10-21,Montpellier,Bordeaux,1.87946,0.824068,2,0
2018-10-21,Nice,Marseille,0.664719,0.477268,0,1
2018-10-21,Saint-Etienne,Rennes,1.76728,2.01595,1,1
2018-10-26,Nimes,Saint-Etienne,1.32474,1.21742,1,1
2018-10-27,Amiens,Nantes,1.03691,1.6779,1,2
2018-10-27,Angers,Lyon,1.01309,1.73098,1,2
2018-10-27,Guingamp,Strasbourg,1.20639,1.33564,1,1
2018-10-27,Lille,Caen,0.613536,0.248162,1,0
2018-10-27,Monaco,Dijon,1.31423,0.476065,2,2
2018-10-27,Toulouse,Montpellier,1.13389,1.64491,0,3
2018-10-28,Bordeaux,Nice,1.67819,1.16671,0,1
2018-10-28,Marseille,Paris Saint Germain,0.480784,1.47049,0,2
2018-10-28,Rennes,Reims,0.512686,0.225626,0,2
2018-11-02,Paris Saint Germain,Lille,2.33789,0.926791,2,1
2018-11-03,Caen,Rennes,1.3999,2.61648,1,2
2018-11-03,Dijon,Nimes,1.27921,2.02604,0,4
2018-11-03,Lyon,Bordeaux,0.287615,1.08818,1,1
2018-11-03,Nice,Amiens,1.24182,0.702143,1,0
2018-11-03,Reims,Monaco,1.10683,1.02637,1,0
2018-11-03,Strasbourg,Toulouse,1.10891,1.10788,1,1
2018-11-04,Montpellier,Marseille,1.20106,1.31501,3,0
2018-11-04,Nantes,Guingamp,2.4544,0.16042,5,0
2018-11-04,Saint-Etienne,Angers,2.07401,1.65241,4,3
2018-11-09,Lille,Strasbourg,1.30563,0.137134,0,0
2018-11-10,Angers,Montpellier,1.16521,0.268513,1,0
2018-11-10,Guingamp,Lyon,1.29165,1.50726,2,4
2018-11-10,Nimes,Nice,1.00634,1.11076,0,1
2018-11-10,Saint-Etienne,Reims,1.30361,0.7083,2,0
2018-11-10,Toulouse,Amiens,1.46625,0.703611,0,1
2018-11-11,Bordeaux,Caen,1.50911,0.302412,0,0
2018-11-11,Marseille,Dijon,2.89061,0.304655,2,0
2018-11-11,Monaco,Paris Saint Germain,1.15132,3.96363,0,4
2018-11-11,Rennes,Nantes,1.88164,0.184793,1,1
2018-11-23,Lyon,Saint-Etienne,0.649858,1.31216,1,0
2018-11-24,Caen,Monaco,0.789079,0.845589,0,1
2018-11-24,Dijon,Bordeaux,0.836819,0.356882,0,0
2018-11-24,Nantes,Angers,1.63216,1.01835,1,1
2018-11-24,Paris Saint Germain,Toulouse,1.71842,0.557678,1,0
2018-11-24,Reims,Guingamp,1.07478,1.26231,2,1
2018-11-24,Strasbourg,Nimes,0.726506,1.10329,0,1
2018-11-25,Amiens,Marseille,0.994152,1.84765,1,3
2018-11-25,Montpellier,Rennes,2.46441,1.48787,2,2
2018-11-25,Nice,Lille,0.888644,0.297641,2,0
2018-11-30,Saint-Etienne,Nantes,2.78933,0.382165,3,0
2018-12-01,Angers,Caen,1.84283,0.806956,1,1
2018-12-01,Guingamp,Nice,1.0441,0.616059,0,0
2018-12-01,Lille,Lyon,0.998116,2.54317,2,2
2018-12-01,Monaco,Montpellier,0.730635,1.38205,1,2
2018-12-01,Nimes,Amiens,2.01592,0.737512,3,0
2018-12-02,Bordeaux,Paris Saint Germain,0.645329,1.54367,2,2
2018-12-02,Marseille,Reims,0.682463,0.510439,0,0
2018-12-02,Rennes,Strasbourg,0.579518,3.47771,1,4
2018-12-02,Toulouse,Dijon,0.794616,2.01627,2,2
2018-12-04,Amiens,Monaco,0.710707,1.77175,0,2
2018-12-04,Montpellier,Lille,0.82747,2.01852,0,1
2018-12-04,Nice,Angers,2.32239,0.25499,0,0
2018-12-05,Bordeaux,Saint-Etienne,2.49424,1.93225,3,2
2018-12-05,Caen,Nimes,0.783167,2.56928,1,2
2018-12-05,Dijon,Guingamp,0.258741,0.901172,2,1
2018-12-05,Lyon,Rennes,1.40536,1.54472,0,2
2018-12-05,Nantes,Marseille,1.47772,1.09463,3,2
2018-12-05,Reims,Toulouse,1.55092,1.2521,0,1
2018-12-05,Strasbourg,Paris Saint Germain,0.98684,2.3422,1,1
2018-12-08,Guingamp,Amiens,1.12624,1.57965,1,2
2018-12-08,Rennes,Dijon,2.99488,0.494817,2,0
2018-12-09,Lille,Reims,1.68774,1.18633,1,1
2018-12-09,Strasbourg,Caen,1.20496,0.272896,2,2
2018-12-15,Reims,Strasbourg,0.766134,0.491204,2,1
2018-12-16,Lyon,Monaco,2.3216,0.0994342,3,0
2018-12-16,Nice,Saint-Etienne,2.24971,1.54512,1,1
2018-12-16,Nimes,Lille,1.21197,0.799215,2,3
2018-12-18,Caen,Toulouse,1.44798,1.38531,2,1
2018-12-22,Angers,Marseille,2.20776,1.6101,1,1
2018-12-22,Lille,Toulouse,1.21833,1.66998,1,2
2018-12-22,Monaco,Guingamp,0.516533,1.05145,0,2
2018-12-22,Montpellier,Lyon,0.915284,0.406306,1,1
2018-12-22,Paris Saint Germain,Nantes,2.39798,0.468203,1,0
2018-12-22,Reims,Caen,1.74452,0.412006,2,2
2018-12-22,Rennes,Nimes,3.07216,0.716404,4,0
2018-12-22,Saint-Etienne,Dijon,2.19805,0.759878,3,0
2018-12-22,Strasbourg,Nice,2.16724,1.56494,2,0
2018-12-23,Bordeaux,Amiens,0.477339,0.348658,1,1
2019-01-08,Amiens,Angers,1.67735,0.225282,0,0
2019-01-08,Nantes,Montpellier,1.65677,0.954317,2,0
2019-01-11,Caen,Lille,1.25049,3.05098,1,3
2019-01-11,Lyon,Reims,1.17326,1.01755,1,1
2019-01-12,Amiens,Paris Saint Germain,0.280069,2.45409,0,3
2019-01-12,Guingamp,Saint-Etienne,0.562421,0.565001,0,1
2019-01-12,Nice,Bordeaux,1.63508,1.62458,1,0
2019-01-13,Dijon,Montpellier,0.676429,1.54415,1,1
2019-01-13,Marseille,Monaco,1.56381,0.845128,1,1
2019-01-13,Nantes,Rennes,1.38738,0.282378,0,1
2019-01-13,Toulouse,Strasbourg,1.49547,1.59408,1,2
2019-01-15,Angers,Bordeaux,2.30506,0.399046,1,2
2019-01-16,Guingamp,Rennes,1.13952,1.41986,2,1
2019-01-16,Monaco,Nice,0.989003,1.25386,1,1
2019-01-16,Nimes,Nantes,0.79587,0.551147,1,0
2019-01-16,Saint-Etienne,Marseille,1.91237,1.15355,2,1
2019-01-16,Toulouse,Lyon,0.912447,1.64178,2,2
2019-01-18,Lille,Amiens,2.42512,0.372963,2,1
2019-01-19,Monaco,Strasbourg,0.918151,1.61975,1,5
2019-01-19,Nimes,Toulouse,0.847241,1.07431,0,1
2019-01-19,Paris Saint Germain,Guingamp,5.85948,0.0286998,9,0
2019-01-19,Reims,Nice,1.29292,1.0655,1,1
2019-01-20,Angers,Nantes,0.198071,1.14784,1,0
2019-01-20,Bordeaux,Dijon,1.56037,0.894868,1,0
2019-01-20,Caen,Marseille,0.404407,1.08581,0,1
2019-01-20,Rennes,Montpellier,0.768295,0.339628,0,0
2019-01-20,Saint-Etienne,Lyon,3.05035,2.23643,1,2
2019-01-23,Nimes,Angers,1.76356,1.58031,3,1
2019-01-25,Marseille,Lille,0.607173,2.01792,1,2
2019-01-26,Dijon,Monaco,1.41651,1.36922,2,0
2019-01-26,Guingamp,Reims,0.444499,0.658018,0,1
2019-01-26,Nice,Nimes,1.72169,0.689154,2,0
2019-01-26,Strasbourg,Bordeaux,0.540997,0.576044,1,0
2019-01-27,Amiens,Lyon,0.667387,1.24157,0,1
2019-01-27,Montpellier,Caen,1.19659,0.282962,2,0
2019-01-27,Paris Saint Germain,Rennes,2.8581,0.997637,4,1
2019-01-27,Toulouse,Angers,1.46217,1.33953,0,0
2019-01-30,Nantes,Saint-Etienne,1.65404,1.82915,1,1
2019-02-01,Lille,Nice,2.38345,0.504972,4,0
2019-02-02,Angers,Dijon,1.37192,0.359499,1,0
2019-02-02,Monaco,Toulouse,1.25415,0.842206,2,1
2019-02-02,Reims,Marseille,0.600538,1.03793,2,1
2019-02-02,Rennes,Amiens,1.92834,0.681757,1,0
2019-02-03,Lyon,Paris Saint Germain,3.40975,1.61516,2,1
2019-02-03,Nimes,Montpellier,0.489402,0.733137,1,1
2019-02-05,Marseille,Bordeaux,2.12989,0.186472,1,0
2019-02-08,Dijon,Marseille,1.22126,1.26922,1,2
2019-02-09,Amiens,Caen,0.830006,0.385482,1,0
2019-02-09,Paris Saint Germain,Bordeaux,2.4199,0.862585,1,0
2019-02-09,Strasbourg,Angers,1.12166,0.749397,1,2
2019-02-10,Guingamp,Lille,0.590045,1.33904,0,2
2019-02-10,Montpellier,Monaco,1.59524,1.60449,2,2
2019-02-10,Nantes,Nimes,1.83127,1.85321,2,4
2019-02-10,Nice,Lyon,1.5374,2.46454,1,0
2019-02-10,Rennes,Saint-Etienne,2.78276,1.45439,3,0
2019-02-10,Toulouse,Reims,0.608776,1.41872,1,1
2019-02-13,Caen,Nantes,0.460068,1.32567,0,1
2019-02-13,Saint-Etienne,Strasbourg,1.73664,0.83933,2,1
2019-02-15,Lyon,Guingamp,1.57413,1.94709,2,1
2019-02-15,Nimes,Dijon,0.947223,0.847362,2,0
2019-02-16,Angers,Nice,2.26785,0.484624,3,0
2019-02-16,Marseille,Amiens,1.28871,1.0545,2,0
2019-02-16,Monaco,Nantes,1.20791,0.209983,1,0
2019-02-17,Bordeaux,Toulouse,0.793463,1.86337,2,1
2019-02-17,Caen,Strasbourg,0.52674,0.629274,0,0
2019-02-17,Lille,Montpellier,1.04707,0.654043,0,0
2019-02-17,Reims,Rennes,0.665264,0.395172,2,0
2019-02-17,Saint-Etienne,Paris Saint Germain,0.565414,1.25551,0,1
2019-02-20,Bordeaux,Guingamp,1.3793,1.2912,0,0
2019-02-20,Paris Saint Germain,Montpellier,3.81116,1.01559,5,1
2019-02-22,Dijon,Saint-Etienne,0.322809,0.990687,0,1
2019-02-22,Strasbourg,Lille,0.390051,1.16066,1,1
2019-02-23,Amiens,Nice,1.66901,0.204022,1,0
2019-02-23,Guingamp,Angers,0.619943,0.331604,1,0
2019-02-23,Paris Saint Germain,Nimes,3.96354,0.655467,3,0
2019-02-24,Monaco,Lyon,0.828373,1.45564,2,0
2019-02-24,Montpellier,Reims,1.48978,1.97606,2,4
2019-02-24,Nantes,Bordeaux,2.03944,0.15625,1,0
2019-02-24,Rennes,Marseille,1.06207,0.464577,1,1
2019-02-24,Toulouse,Caen,1.37742,2.12374,1,1
2019-03-02,Angers,Monaco,1.19865,1.48671,2,2
2019-03-02,Caen,Paris Saint Germain,0.706972,4.04015,1,2
2019-03-02,Reims,Amiens,1.21225,2.06668,2,2
2019-03-03,Guingamp,Nantes,0.814976,0.925699,0,0
2019-03-03,Lille,Dijon,0.755393,0.279519,1,0
2019-03-03,Lyon,Toulouse,3.78139,0.44588,5,1
2019-03-03,Marseille,Saint-Etienne,2.5842,0.226702,2,0
2019-03-03,Nice,Strasbourg,1.37605,0.387812,1,0
2019-03-05,Bordeaux,Montpellier,1.2022,2.07677,1,2
2019-03-09,Amiens,Nimes,2.30832,0.756547,2,1
2019-03-09,Dijon,Reims,0.829466,2.87131,1,1
2019-03-09,Monaco,Bordeaux,0.762295,1.56603,1,1
2019-03-09,Strasbourg,Lyon,0.590414,3.36381,2,2
2019-03-10,Marseille,Nice,0.667651,0.506387,1,0
2019-03-10,Montpellier,Angers,1.13122,1.09374,2,2
2019-03-10,Rennes,Caen,1.89298,0.179397,3,1
2019-03-10,Saint-Etienne,Lille,0.309982,1.56667,0,1
2019-03-10,Toulouse,Guingamp,1.6201,0.508737,1,0
2019-03-12,Dijon,Paris Saint Germain,0.337468,2.75884,0,4
2019-03-15,Lille,Monaco,1.82457,2.02122,0,1
2019-03-15,Nice,Toulouse,0.689083,1.05922,1,1
2019-03-16,Angers,Amiens,1.41618,0.513682,0,0
2019-03-16,Caen,Saint-Etienne,0.0268116,2.3696,0,5
2019-03-16,Guingamp,Dijon,1.20641,0.415835,1,0
2019-03-16,Nimes,Strasbourg,2.35969,0.548576,2,2
2019-03-17,Bordeaux,Rennes,1.52147,0.83608,1,1
2019-03-17,Lyon,Montpellier,2.62389,0.739555,3,2
2019-03-17,Paris Saint Germain,Marseille,1.23552,0.189011,3,1
2019-03-17,Reims,Nantes,0.568493,0.290251,1,0
2019-03-29,Rennes,Lyon,1.34197,1.9168,0,1
2019-03-30,Marseille,Angers,0.969941,2.18504,2,2
2019-03-31,Amiens,Bordeaux,0.663195,0.543639,0,0
2019-03-31,Dijon,Nice,0.616458,0.762646,0,1
2019-03-31,Monaco,Caen,1.58473,0.614797,0,1
2019-03-31,Nantes,Lille,1.8751,2.62697,2,3
2019-03-31,Toulouse,Paris Saint Germain,1.1462,1.21757,0,1
2019-04-01,Saint-Etienne,Nimes,2.20428,1.66277,2,1
2019-04-03,Montpellier,Guingamp,2.21619,0.48982,2,0
2019-04-03,Strasbourg,Reims,2.46941,0.996951,4,0
2019-04-05,Bordeaux,Marseille,1.53461,1.52509,2,0
2019-04-06,Amiens,Saint-Etienne,1.16144,2.00231,2,2
2019-04-06,Angers,Rennes,1.97361,2.1258,3,3
2019-04-06,Guingamp,Monaco,0.507481,2.00597,1,1
2019-04-06,Lyon,Dijon,3.78821,1.1788,1,3
2019-04-06,Nimes,Caen,1.08376,0.18775,2,0
2019-04-07,Nice,Montpellier,1.3882,0.585107,1,0
2019-04-07,Paris Saint Germain,Strasbourg,2.68148,0.620221,2,2
2019-04-07,Reims,Lille,1.25379,0.922252,1,1
2019-04-07,Toulouse,Nantes,2.91718,0.749901,1,0
2019-04-09,Nimes,Rennes,1.4484,0.816818,3,1
2019-04-12,Dijon,Amiens,1.31762,0.205846,0,0
2019-04-12,Nantes,Lyon,1.07257,1.16906,2,1
2019-04-13,Caen,Angers,0.515272,1.20442,0,1
2019-04-13,Marseille,Nimes,1.2573,0.998275,2,1
2019-04-13,Monaco,Reims,1.62135,0.568613,0,0
2019-04-13,Strasbourg,Guingamp,1.68016,2.27104,3,3
2019-04-14,Lille,Paris Saint Germain,1.98648,1.27918,5,1
2019-04-14,Montpellier,Toulouse,2.02444,0.214379,2,1
2019-04-14,Rennes,Nice,1.06213,0.482453,0,0
2019-04-14,Saint-Etienne,Bordeaux,2.13067,0.639973,3,0
2019-04-17,Nantes,Paris Saint Germain,1.98839,0.60586,3,2
2019-04-19,Dijon,Rennes,1.07506,0.868226,3,2
2019-04-19,Lyon,Angers,2.88984,0.447996,2,1
2019-04-20,Guingamp,Marseille,0.992492,2.38873,1,3
2019-04-20,Nice,Caen,2.43168,0.336975,0,1
2019-04-20,Nimes,Bordeaux,1.2151,1.21334,2,1
2019-04-20,Strasbourg,Montpellier,0.296585,2.32593,1,3
2019-04-21,Nantes,Amiens,1.31106,0.49349,3,2
2019-04-21,Paris Saint Germain,Monaco,2.54628,0.927023,3,1
2019-04-21,Reims,Saint-Etienne,0.598019,1.74243,0,2
2019-04-21,Toulouse,Lille,0.509305,1.07885,0,0
2019-04-26,Bordeaux,Lyon,0.919754,2.44073,2,3
2019-04-28,Amiens,Strasbourg,0.495867,0.329978,0,0
2019-04-28,Angers,Reims,0.69153,0.284685,1,1
2019-04-28,Caen,Dijon,1.3218,0.563943,1,0
2019-04-28,Lille,Nimes,2.44144,0.915687,5,0
2019-04-28,Marseille,Nantes,1.4298,1.41006,1,2
2019-04-28,Nice,Guingamp,2.47263,0.553315,3,0
2019-04-28,Saint-Etienne,Toulouse,1.98087,1.55702,2,0
2019-04-30,Montpellier,Paris Saint Germain,2.01173,1.61712,3,2
2019-05-01,Rennes,Monaco,1.79066,0.969653,2,2
2019-05-03,Strasbourg,Marseille,1.29178,1.79589,1,1
2019-05-04,Bordeaux,Angers,0.441838,0.736511,0,1
2019-05-04,Guingamp,Caen,0.380624,0.0263437,0,0
2019-05-04,Paris Saint Germain,Nice,2.56298,1.07144,1,1
2019-05-04,Reims,Nimes,0.371217,1.83967,0,3
2019-05-05,Lyon,Lille,1.67052,1.90984,2,2
2019-05-05,Monaco,Saint-Etienne,2.44244,0.724014,2,3
2019-05-05,Montpellier,Amiens,0.557285,0.184865,1,1
2019-05-05,Nantes,Dijon,1.74317,0.350505,3,0
2019-05-05,Toulouse,Rennes,1.7182,1.93129,2,2
2019-05-10,Saint-Etienne,Montpellier,0.768847,1.54022,0,1
2019-05-11,Amiens,Toulouse,0.735648,0.357155,0,0
2019-05-11,Angers,Paris Saint Germain,2.02633,1.21061,1,2
2019-05-11,Caen,Reims,1.06469,1.63278,3,2
2019-05-11,Dijon,Strasbourg,1.29438,2.20981,2,1
2019-05-11,Nice,Nantes,1.8569,2.47631,1,1
2019-05-11,Nimes,Monaco,1.5884,0.618531,1,0
2019-05-12,Lille,Bordeaux,0.978483,0.560038,1,0
2019-05-12,Marseille,Lyon,1.21218,1.62093,0,3
2019-05-12,Rennes,Guingamp,1.23657,3.01854,1,1
2019-05-18,Bordeaux,Reims,0.599441,1.76216,0,1
2019-05-18,Guingamp,Nimes,2.24663,2.28203,2,2
2019-05-18,Lille,Angers,2.70697,1.4112,5,0
2019-05-18,Lyon,Caen,3.31397,0.227017,4,0
2019-05-18,Monaco,Amiens,0.853588,0.920134,2,0
2019-05-18,Montpellier,Nantes,0.507096,0.730524,1,1
2019-05-18,Paris Saint Germain,Dijon,3.6021,0.584704,4,0
2019-05-18,Saint-Etienne,Nice,2.08331,0.86802,3,0
2019-05-18,Strasbourg,Rennes,1.61956,0.9134,0,2
2019-05-18,Toulouse,Marseille,1.9512,2.31775,2,5
2019-05-24,Amiens,Guingamp,2.9567,1.21866,2,1
2019-05-24,Angers,Saint-Etienne,1.67732,1.2003,1,1
2019-05-24,Caen,Bordeaux,1.00444,1.71414,0,1
2019-05-24,Dijon,Toulouse,1.04483,0.397508,2,1
2019-05-24,Marseille,Montpellier,1.35474,0.484752,1,0
2019-05-24,Nantes,Strasbourg,1.40096,0.885205,0,1
2019-05-24,Nice,Monaco,1.25529,1.47108,2,0
2019-05-24,Nimes,Lyon,1.61612,1.4558,2,3
2019-05-24,Reims,Paris Saint Germain,0.863766,1.41575,3,1
2019-05-24,Rennes,Lille,2.09891,1.02643,3,1
2019-08-09,Monaco,Lyon,0.563183,0.833034,0,3
2019-08-10,Angers,Bordeaux,1.52399,1.29511,3,1
2019-08-10,Brest,Toulouse,2.32973,1.42777,1,1
2019-08-10,Dijon,Saint-Etienne,2.15127,0.916517,1,2
2019-08-10,Marseille,Reims,0.874557,1.2983,0,2
2019-08-10,Montpellier,Rennes,2.56158,1.17033,0,1
2019-08-10,Nice,Amiens,1.86828,0.604143,2,1
2019-08-11,Lille,Nantes,1.20625,0.5183,2,1
2019-08-11,Paris Saint Germain,Nimes,3.61599,0.305387,3,0
2019-08-11,Strasbourg,Metz,1.60857,0.252178,1,1
2019-08-16,Lyon,Angers,1.49515,0.347737,6,0
2019-08-17,Amiens,Lille,1.07254,0.293318,1,0
2019-08-17,Bordeaux,Montpellier,0.785876,0.683431,1,1
2019-08-17,Metz,Monaco,3.11223,0.759639,3,0
2019-08-17,Nantes,Marseille,0.333103,1.34033,0,0
2019-08-17,Nimes,Nice,1.26223,2.00012,1,2
2019-08-17,Toulouse,Dijon,1.61998,1.20997,1,0
2019-08-18,Reims,Strasbourg,0.337739,0.560077,0,0
2019-08-18,Rennes,Paris Saint Germain,1.18588,0.844939,2,1
2019-08-18,Saint-Etienne,Brest,2.21564,0.501067,1,1
2019-08-24,Amiens,Nantes,0.377125,2.0807,1,2
2019-08-24,Angers,Metz,2.10383,0.147348,3,0
2019-08-24,Brest,Reims,0.528162,0.792044,1,0
2019-08-24,Dijon,Bordeaux,0.234901,0.626181,0,2
2019-08-25,Monaco,Nimes,2.40125,2.24062,2,2
2019-08-25,Paris Saint Germain,Toulouse,4.70776,0.699812,4,0
2019-08-25,Strasbourg,Rennes,1.62131,0.496085,0,2
2019-08-27,Montpellier,Lyon,1.89186,1.04285,1,0
2019-08-28,Lille,Saint-Etienne,2.66328,0.79996,3,0
2019-08-28,Nice,Marseille,1.73926,1.647,1,2
2019-08-30,Metz,Paris Saint Germain,0.360572,2.01186,0,2
2019-08-31,Angers,Dijon,1.41921,0.736529,2,0
2019-08-31,Lyon,Bordeaux,1.00508,0.962238,1,1
2019-08-31,Nantes,Montpellier,0.825226,0.767321,1,0
2019-08-31,Nimes,Brest,2.334,0.8598,3,0
2019-08-31,Toulouse,Amiens,1.28893,0.27328,2,0
2019-09-01,Marseille,Saint-Etienne,0.845557,0.524356,1,0
2019-09-01,Reims,Lille,2.00608,1.66021,2,0
2019-09-01,Rennes,Nice,0.592177,1.68646,1,2
2019-09-01,Strasbourg,Monaco,1.34345,2.87671,2,2
2019-09-13,Amiens,Lyon,0.384927,1.79736,2,2
2019-09-13,Lille,Angers,1.4409,0.663848,2,1
2019-09-14,Bordeaux,Metz,1.51518,0.944742,2,0
2019-09-14,Brest,Rennes,0.388148,0.424593,0,0
2019-09-14,Dijon,Nimes,0.789744,0.342108,0,0
2019-09-14,Montpellier,Nice,2.22081,1.05478,2,1
2019-09-14,Paris Saint Germain,Strasbourg,0.839304,0.561424,1,0
2019-09-15,Monaco,Marseille,2.47739,1.73874,3,4
2019-09-15,Nantes,Reims,0.250307,0.693027,1,0
2019-09-15,Saint-Etienne,Toulouse,1.06769,1.93338,2,2
2019-09-20,Strasbourg,Nantes,1.87224,0.553506,2,1
2019-09-21,Bordeaux,Brest,1.56441,1.38448,2,2
2019-09-21,Marseille,Montpellier,1.08408,0.10429,1,1
2019-09-21,Metz,Amiens,1.47876,1.64495,1,2
2019-09-21,Nice,Dijon,1.08457,1.10909,2,1
2019-09-21,Nimes,Toulouse,1.62783,0.844257,1,0
2019-09-21,Reims,Monaco,1.35162,0.718079,0,0
2019-09-22,Angers,Saint-Etienne,1.92745,0.794221,4,1
2019-09-22,Lyon,Paris Saint Germain,0.373068,1.25713,0,1
2019-09-22,Rennes,Lille,0.645681,1.10925,1,1
2019-09-24,Dijon,Marseille,1.74443,1.31656,0,0
2019-09-24,Monaco,Nice,2.39963,0.610006,3,1
2019-09-25,Amiens,Bordeaux,1.33067,0.662691,1,3
2019-09-25,Brest,Lyon,0.507427,1.12904,2,2
2019-09-25,Lille,Strasbourg,3.02158,0.234977,2,0
2019-09-25,Montpellier,Nimes,0.579923,0.719947,1,0
2019-09-25,Nantes,Rennes,1.42973,1.05701,1,0
2019-09-25,Paris Saint Germain,Reims,0.530839,1.17459,0,2
2019-09-25,Saint-Etienne,Metz,0.810489,0.532843,0,1
2019-09-25,Toulouse,Angers,0.227476,1.35732,0,2
2019-09-28,Angers,Amiens,0.903446,1.0426,1,1
2019-09-28,Bordeaux,Paris Saint Germain,0.104666,2.83454,0,1
2019-09-28,Lyon,Nantes,0.962876,0.515732,0,1
2019-09-28,Metz,Toulouse,1.52646,0.82033,2,2
2019-09-28,Monaco,Brest,3.77849,0.395322,4,1
2019-09-28,Nice,Lille,1.07057,1.35573,1,1
2019-09-28,Reims,Dijon,0.784118,1.41539,1,2
2019-09-29,Marseille,Rennes,0.674547,0.682156,1,1
2019-09-29,Nimes,Saint-Etienne,1.71161,0.856429,0,1
2019-09-29,Strasbourg,Montpellier,0.390945,1.28128,1,0
2019-10-04,Amiens,Marseille,2.90722,0.437853,3,1
2019-10-05,Brest,Metz,1.09035,0.537656,2,0
2019-10-05,Dijon,Strasbourg,1.18723,0.780588,1,0
2019-10-05,Montpellier,Monaco,2.74638,1.36346,3,1
2019-10-05,Nantes,Nice,1.33771,0.269194,1,0
2019-10-05,Paris Saint Germain,Angers,3.35081,0.488442,4,0
2019-10-05,Toulouse,Bordeaux,0.846031,1.07992,1,3
2019-10-06,Lille,Nimes,2.57207,1.76186,2,2
2019-10-06,Rennes,Reims,1.01154,1.89057,0,1
2019-10-06,Saint-Etienne,Lyon,0.702101,0.362585,1,0
2019-10-18,Nice,Paris Saint Germain,0.730506,3.38134,1,4
2019-10-19,Angers,Brest,1.49766,0.240686,0,1
2019-10-19,Lyon,Dijon,1.85901,0.357988,0,0
2019-10-19,Metz,Nantes,0.766702,0.428008,1,0
2019-10-19,Nimes,Amiens,0.317325,0.941379,1,1
2019-10-19,Reims,Montpellier,0.925625,0.594823,1,0
2019-10-19,Toulouse,Lille,2.6316,0.717652,2,1
2019-10-20,Bordeaux,Saint-Etienne,0.898813,0.869056,0,1
2019-10-20,Marseille,Strasbourg,1.5975,0.32374,2,0
2019-10-20,Monaco,Rennes,1.72675,1.32184,3,2
2019-10-25,Nantes,Monaco,1.46548,0.904065,0,1
2019-10-26,Brest,Dijon,2.10109,0.950504,2,0
2019-10-26,Lille,Bordeaux,1.56674,0.294002,3,0
2019-10-26,Lyon,Metz,1.93726,0.548122,2,0
2019-10-26,Montpellier,Angers,0.854411,1.09487,0,0
2019-10-26,Reims,Nimes,0.327724,0.409188,0,0
2019-10-26,Strasbourg,Nice,2.00977,0.937597,1,0
2019-10-27,Paris Saint Germain,Marseille,3.22926,0.544773,4,0
2019-10-27,Rennes,Toulouse,2.20537,0.98473,3,2
2019-10-27,Saint-Etienne,Amiens,0.615946,2.00972,2,2
2019-11-01,Dijon,Paris Saint Germain,0.822624,3.04569,2,1
2019-11-02,Amiens,Brest,1.37004,0.734059,1,0
2019-11-02,Angers,Strasbourg,0.985715,1.37295,1,0
2019-11-02,Marseille,Lille,0.658517,0.699055,2,1
2019-11-02,Metz,Montpellier,1.14215,0.657443,2,2
2019-11-02,Toulouse,Lyon,1.36655,1.62692,2,3
2019-11-03,Bordeaux,Nantes,0.828927,0.792992,2,0
2019-11-03,Nice,Reims,0.694457,0.732323,2,0
2019-11-03,Saint-Etienne,Monaco,1.51447,1.15385,1,0
2019-11-08,Nice,Bordeaux,1.55472,1.73733,1,1
2019-11-09,Brest,Paris Saint Germain,1.13488,2.54466,1,2
2019-11-09,Lille,Metz,1.65806,0.13875,0,0
2019-11-09,Monaco,Dijon,2.01244,1.22663,1,0
2019-11-09,Reims,Angers,0.450165,0.676515,0,0
2019-11-09,Strasbourg,Nimes,3.34398,0.728859,4,1
2019-11-10,Marseille,Lyon,1.16011,1.09866,2,1
2019-11-10,Montpellier,Toulouse,1.42044,0.251798,3,0
2019-11-10,Nantes,Saint-Etienne,0.932768,0.853131,2,3
2019-11-10,Rennes,Amiens,3.40531,0.473376,3,1
2019-11-22,Paris Saint Germain,Lille,2.68119,0.747212,2,0
2019-11-23,Amiens,Strasbourg,0.205703,2.67166,0,4
2019-11-23,Angers,Nimes,1.13196,0.569399,1,0
2019-11-23,Brest,Nantes,0.565279,1.50416,1,1
2019-11-23,Dijon,Rennes,0.614922,0.672553,2,1
2019-11-23,Lyon,Nice,1.17252,2.32432,2,1
2019-11-23,Metz,Reims,0.904274,1.53329,1,1
2019-11-24,Bordeaux,Monaco,1.4834,1.43367,2,1
2019-11-24,Saint-Etienne,Montpellier,0.482393,1.33816,0,0
2019-11-24,Toulouse,Marseille,0.896004,1.96185,0,2
2019-11-29,Marseille,Brest,4.52731,0.692625,2,1
2019-11-30,Lille,Dijon,1.7125,0.640066,1,0
2019-11-30,Montpellier,Amiens,1.35194,0.989696,4,2
2019-11-30,Nice,Angers,1.11018,0.389705,3,1
2019-11-30,Nimes,Metz,0.467733,0.605779,1,1
2019-11-30,Reims,Bordeaux,1.16235,0.214619,1,1
2019-11-30,Strasbourg,Lyon,0.422943,0.819941,1,2
2019-12-01,Nantes,Toulouse,2.87667,1.01185,2,1
2019-12-01,Rennes,Saint-Etienne,1.48946,0.681836,2,1
2019-12-03,Angers,Marseille,0.782831,2.09565,0,2
2019-12-03,Bordeaux,Nimes,2.0996,0.192769,6,0
2019-12-03,Brest,Strasbourg,2.23505,0.775747,5,0
2019-12-03,Lyon,Lille,0.586122,0.965168,0,1
2019-12-04,Dijon,Montpellier,1.29978,1.27691,2,2
2019-12-04,Metz,Rennes,0.732116,1.13014,0,1
2019-12-04,Paris Saint Germain,Nantes,2.04225,0.471802,2,0
2019-12-04,Saint-Etienne,Nice,3.1578,1.41787,4,1
2019-12-04,Toulouse,Monaco,1.59548,3.56341,1,2
2019-12-06,Lille,Brest,2.53737,0.261931,1,0
2019-12-06,Nimes,Lyon,0.455948,2.68047,0,4
2019-12-07,Monaco,Amiens,2.64526,0.501323,3,0
2019-12-07,Montpellier,Paris Saint Germain,0.447142,0.782463,1,3
2019-12-07,Nice,Metz,1.51971,0.938924,4,1
2019-12-07,Rennes,Angers,1.28615,0.929726,2,1
2019-12-07,Strasbourg,Toulouse,2.82508,2.12038,4,2
2019-12-08,Marseille,Bordeaux,2.04801,0.15818,3,1
2019-12-08,Nantes,Dijon,0.982949,0.641251,1,0
2019-12-08,Reims,Saint-Etienne,1.25893,0.511321,3,1
2019-12-13,Lille,Montpellier,1.93087,1.53329,2,1
2019-12-14,Amiens,Dijon,0.28916,0.640617,1,1
2019-12-14,Angers,Monaco,0.870077,0.383769,0,0
2019-12-14,Brest,Nice,2.53255,1.13522,0,0
2019-12-14,Metz,Marseille,1.01835,1.69227,1,1
2019-12-14,Nimes,Nantes,0.848701,1.31851,0,1
2019-12-14,Toulouse,Reims,0.669088,1.44219,0,1
2019-12-15,Bordeaux,Strasbourg,1.28592,0.527336,0,1
2019-12-15,Lyon,Rennes,0.529236,0.939364,0,1
2019-12-15,Saint-Etienne,Paris Saint Germain,0.96128,3.60638,0,4
2019-12-21,Dijon,Metz,1.08941,1.25101,2,2
2019-12-21,Marseille,Nimes,1.97361,1.14972,3,1
2019-12-21,Monaco,Lille,3.5594,0.64901,5,1
2019-12-21,Montpellier,Brest,2.2249,0.751773,4,0
2019-12-21,Nantes,Angers,0.280352,1.07283,1,2
2019-12-21,Nice,Toulouse,1.91838,0.342703,3,0
2019-12-21,Paris Saint Germain,Amiens,4.8635,0.350562,4,1
2019-12-21,Reims,Lyon,1.22724,1.59355,1,1
2019-12-21,Rennes,Bordeaux,1.07897,0.540713,1,0
2019-12-21,Strasbourg,Saint-Etienne,0.501404,1.46101,2,1
2020-01-10,Rennes,Marseille,0.494628,0.831327,0,1
2020-01-11,Amiens,Montpellier,1.02329,0.846418,1,2
2020-01-11,Angers,Nice,1.12107,1.12107,1,1
2020-01-11,Bordeaux,Lyon,0.71442,2.43061,1,2
2020-01-11,Metz,Strasbourg,1.00705,1.16736,1,0
2020-01-11,Nimes,Reims,1.63031,0.504333,2,0
2020-01-11,Toulouse,Brest,1.45157,1.95386,2,5
2020-01-12,Dijon,Lille,1.21606,0.586501,1,0
2020-01-12,Paris Saint Germain,Monaco,2.76333,1.91876,3,3
2020-01-12,Saint-Etienne,Nantes,0.380112,1.21513,0,2
2020-01-15,Amiens,Reims,0.988779,0.338768,1,1
2020-01-15,Monaco,Paris Saint Germain,1.13704,3.55816,1,4
2020-01-15,Nimes,Rennes,0.190223,0.666492,0,1
2020-01-24,Nice,Rennes,2.04075,2.01285,1,1
2020-01-25,Brest,Amiens,0.805902,1.00169,2,1
2020-01-25,Marseille,Angers,0.342074,0.162533,0,0
2020-01-25,Monaco,Strasbourg,1.06289,1.14162,1,3
2020-01-25,Montpellier,Dijon,1.84221,0.43555,2,1
2020-01-25,Reims,Metz,0.636235,0.949755,0,1
2020-01-25,Saint-Etienne,Nimes,2.13523,0.690494,2,1
2020-01-26,Lille,Paris Saint Germain,0.384687,2.0343,0,2
2020-01-26,Lyon,Toulouse,1.20096,0.327096,3,0
2020-01-26,Nantes,Bordeaux,0.201093,0.750449,0,1
2020-01-31,Rennes,Nantes,2.21888,0.876406,3,2
2020-02-01,Amiens,Toulouse,0.803089,0.673436,0,0
2020-02-01,Angers,Reims,1.26614,1.72995,1,4
2020-02-01,Dijon,Brest,1.30207,1.31151,3,0
2020-02-01,Nimes,Monaco,1.72671,0.732842,3,1
2020-02-01,Paris Saint Germain,Montpellier,2.89333,0.163578,5,0
2020-02-01,Strasbourg,Lille,1.05247,1.56981,1,2
2020-02-02,Bordeaux,Marseille,1.15176,0.413632,0,0
2020-02-02,Metz,Saint-Etienne,0.882462,2.4587,3,1
2020-02-02,Nice,Lyon,1.55091,1.55904,2,1
2020-02-04,Lille,Rennes,0.948652,0.391231,1,0
2020-02-04,Monaco,Angers,0.275273,1.07703,1,0
2020-02-04,Nantes,Paris Saint Germain,2.78308,3.65633,1,2
2020-02-05,Brest,Bordeaux,1.81834,1.09016,1,1
2020-02-05,Lyon,Amiens,0.414472,0.244546,0,0
2020-02-05,Montpellier,Metz,0.508142,1.50948,1,1
2020-02-05,Nimes,Dijon,1.43959,0.500338,2,0
2020-02-05,Reims,Nice,1.036,0.929255,1,1
2020-02-05,Saint-Etienne,Marseille,0.453576,0.531558,0,2
2020-02-05,Toulouse,Strasbourg,0.991734,1.63603,0,1
2020-02-07,Angers,Lille,0.50774,1.66344,0,2
2020-02-08,Amiens,Monaco,0.436377,1.28092,1,2
2020-02-08,Dijon,Nantes,1.33878,0.571797,3,3
2020-02-08,Marseille,Toulouse,0.728803,1.78927,1,0
2020-02-08,Metz,Bordeaux,0.672638,2.11814,1,2
2020-02-08,Nice,Nimes,0.704132,1.71921,1,3
2020-02-08,Rennes,Brest,0.829419,0.39852,0,0
2020-02-09,Montpellier,Saint-Etienne,0.552256,1.05882,1,0
2020-02-09,Paris Saint Germain,Lyon,1.7391,0.874372,4,2
2020-02-09,Strasbourg,Reims,2.94212,0.516785,3,0
2020-02-14,Monaco,Montpellier,1.9344,0.982861,1,0
2020-02-15,Amiens,Paris Saint Germain,1.51396,3.45174,4,4
2020-02-15,Bordeaux,Dijon,1.66815,0.948329,2,2
2020-02-15,Nantes,Metz,1.12669,0.296838,0,0
2020-02-15,Nimes,Angers,0.977294,0.480458,1,0
2020-02-15,Toulouse,Nice,2.36671,1.4771,0,2
2020-02-16,Brest,Saint-Etienne,1.77507,1.64068,3,2
2020-02-16,Lille,Marseille,1.12417,1.51467,1,2
2020-02-16,Lyon,Strasbourg,1.22494,1.37886,1,1
2020-02-16,Reims,Rennes,1.29988,0.137662,1,0
2020-02-21,Metz,Lyon,0.135117,1.5696,0,2
2020-02-21,Nice,Brest,1.86279,0.626653,2,2
2020-02-22,Angers,Montpellier,1.27958,0.774989,1,0
2020-02-22,Dijon,Monaco,1.58624,2.2089,1,1
2020-02-22,Lille,Toulouse,2.64354,0.291453,3,0
2020-02-22,Marseille,Nantes,0.804027,0.72099,1,3
2020-02-22,Strasbourg,Amiens,0.63802,0.0631697,0,0
2020-02-23,Paris Saint Germain,Bordeaux,5.58145,1.89123,4,3
2020-02-23,Rennes,Nimes,2.42942,0.3864,2,1
2020-02-23,Saint-Etienne,Reims,0.638616,0.995257,1,1
2020-02-28,Nimes,Marseille,2.4154,1.97133,2,3
2020-02-29,Amiens,Metz,0.901404,0.852598,0,1
2020-02-29,Brest,Angers,0.929266,0.324731,0,1
2020-02-29,Monaco,Reims,1.97379,1.14998,1,1
2020-02-29,Montpellier,Strasbourg,3.80176,0.851456,3,0
2020-02-29,Paris Saint Germain,Dijon,4.57141,0.303667,4,0
2020-02-29,Toulouse,Rennes,0.81746,1.20906,0,2
2020-03-01,Bordeaux,Nice,2.02221,0.407018,1,1
2020-03-01,Lyon,Saint-Etienne,2.92254,0.378435,2,0
2020-03-01,Nantes,Lille,0.260158,2.01916,0,1
2020-03-06,Marseille,Amiens,1.06698,1.87515,2,2
2020-03-07,Angers,Nantes,0.717772,1.16092,2,0
2020-03-07,Dijon,Toulouse,0.88467,1.00717,2,1
2020-03-07,Metz,Nimes,1.40623,1.57289,2,1
2020-03-07,Nice,Monaco,1.63512,1.30497,2,1
2020-03-07,Reims,Brest,1.33174,1.19416,1,0
2020-03-08,Lille,Lyon,1.35925,1.14245,1,0
2020-03-08,Rennes,Montpellier,3.18379,0.940729,5,0
2020-03-08,Saint-Etienne,Bordeaux,0.711678,0.924479,1,1
2020-08-21,Bordeaux,Nantes,0.600075,0.187821,0,0
2020-08-22,Dijon,Angers,0.739709,2.02214,0,1
2020-08-22,Lille,Rennes,0.400974,1.29518,1,1
2020-08-23,Lorient,Strasbourg,3.07214,0.326826,3,1
2020-08-23,Monaco,Reims,2.67622,1.83257,2,2
2020-08-23,Nice,Lens,0.180464,3.03614,2,1
2020-08-23,Nimes,Brest,2.14597,0.468011,4,0
2020-08-28,Lyon,Dijon,3.97148,0.215658,4,1
2020-08-29,Rennes,Montpellier,1.78715,0.491784,2,1
2020-08-29,Strasbourg,Nice,0.227899,1.20894,0,2
2020-08-30,Angers,Bordeaux,0.511549,2.28529,0,2
2020-08-30,Brest,Marseille,2.12594,1.32391,2,3
2020-08-30,Metz,Monaco,0.626118,0.189291,0,1
2020-08-30,Nantes,Nimes,2.15547,0.874864,2,1
2020-08-30,Reims,Lille,0.206627,0.906784,0,1
2020-08-30,Saint-Etienne,Lorient,1.39361,0.2149,2,0
2020-09-10,Lens,Paris Saint Germain,1.71747,0.344198,1,0
2020-09-11,Bordeaux,Lyon,0.231132,1.79726,0,0
2020-09-12,Montpellier,Nice,1.69934,0.376694,3,1
2020-09-12,Saint-Etienne,Strasbourg,1.76107,1.30205,2,0
2020-09-13,Angers,Reims,2.14867,0.324767,1,0
2020-09-13,Dijon,Brest,0.296281,2.19687,0,2
2020-09-13,Lille,Metz,0.814528,0.736721,1,0
2020-09-13,Lorient,Lens,0.919743,1.98746,2,3
2020-09-13,Monaco,Nantes,2.27042,1.10894,2,1
2020-09-13,Nimes,Rennes,1.00844,2.0941,2,4
2020-09-13,Paris Saint Germain,Marseille,2.22184,0.502817,0,1
2020-09-15,Montpellier,Lyon,1.75168,2.17049,2,1
2020-09-16,Paris Saint Germain,Metz,2.42357,0.980849,1,0
2020-09-17,Marseille,Saint-Etienne,2.65376,1.02937,0,2
2020-09-18,Lyon,Nimes,1.62529,0.714832,0,0
2020-09-19,Lens,Bordeaux,3.02331,0.359182,2,1
2020-09-19,Rennes,Monaco,0.857476,0.816922,2,1
2020-09-20,Brest,Lorient,1.21203,1.49951,3,2
2020-09-20,Marseille,Lille,0.865098,1.49471,1,1
2020-09-20,Metz,Reims,1.71276,1.18244,2,1
2020-09-20,Montpellier,Angers,1.94396,0.772287,4,1
2020-09-20,Nantes,Saint-Etienne,1.33579,1.03738,2,2
2020-09-20,Nice,Paris Saint Germain,0.930504,3.32755,0,3
2020-09-20,Strasbourg,Dijon,2.38097,0.487834,1,0
2020-09-25,Lille,Nantes,2.09387,0.660348,2,0
2020-09-26,Marseille,Metz,0.864412,1.10713,1,1
2020-09-26,Saint-Etienne,Rennes,0.200419,1.37167,0,3
2020-09-27,Angers,Brest,1.11753,2.36408,3,2
2020-09-27,Bordeaux,Nice,1.17944,0.645309,0,0
2020-09-27,Dijon,Montpellier,1.60909,2.31217,2,2
2020-09-27,Lorient,Lyon,0.299841,0.818784,1,1
2020-09-27,Monaco,Strasbourg,1.56306,1.40652,3,2
2020-09-27,Nimes,Lens,0.370624,1.37195,1,1
2020-09-27,Reims,Paris Saint Germain,0.208814,3.93633,0,2
2020-10-02,Paris Saint Germain,Angers,2.9145,0.943753,6,1
2020-10-03,Lens,Saint-Etienne,2.13387,0.0932933,2,0
2020-10-03,Nice,Nantes,1.9654,1.13528,2,1
2020-10-04,Bordeaux,Dijon,1.50071,0.237758,3,0
2020-10-04,Brest,Monaco,0.732353,1.53192,1,0
2020-10-04,Lyon,Marseille,3.14327,0.376941,1,1
2020-10-04,Metz,Lorient,1.60054,0.853711,3,1
2020-10-04,Montpellier,Nimes,0.686408,0.588829,0,1
2020-10-04,Rennes,Reims,2.09357,1.0506,2,2
2020-10-04,Strasbourg,Lille,0.844783,1.95685,0,3
2020-10-16,Dijon,Rennes,1.10593,0.769376,1,1
2020-10-16,Nimes,Paris Saint Germain,0.138218,4.12316,0,4
2020-10-17,Marseille,Bordeaux,0.977647,0.508148,3,1
2020-10-17,Reims,Lorient,0.273331,2.81036,1,3
2020-10-18,Angers,Metz,1.09118,1.16356,1,1
2020-10-18,Lille,Lens,2.90262,0.254965,4,0
2020-10-18,Monaco,Montpellier,1.80187,0.109095,1,1
2020-10-18,Nantes,Brest,1.90561,0.839348,3,1
2020-10-18,Saint-Etienne,Nice,0.714171,2.52438,1,3
2020-10-18,Strasbourg,Lyon,1.92587,4.16498,2,3
2020-10-23,Rennes,Angers,1.21675,1.20512,1,2
2020-10-24,Lorient,Marseille,0.846635,0.880426,0,1
2020-10-24,Paris Saint Germain,Dijon,4.08894,1.49175,4,0
2020-10-25,Bordeaux,Nimes,1.92729,0.712337,2,0
2020-10-25,Brest,Strasbourg,0.732823,1.29304,0,3
2020-10-25,Lyon,Monaco,3.43243,1.89348,4,1
2020-10-25,Metz,Saint-Etienne,0.330896,0.631401,2,0
2020-10-25,Montpellier,Reims,0.13909,4.33321,0,4
2020-10-25,Nice,Lille,0.866315,0.890546,1,1
2020-10-31,Nantes,Paris Saint Germain,1.63127,2.72536,0,3
2020-10-31,Rennes,Brest,1.40289,1.03943,2,1
2020-11-01,Angers,Nice,0.395203,2.78036,0,3
2020-11-01,Dijon,Lorient,0.377123,1.14876,0,0
2020-11-01,Lille,Lyon,0.444747,0.421049,1,1
2020-11-01,Monaco,Bordeaux,3.9375,0.204669,4,0
2020-11-01,Nimes,Metz,0.78372,0.859238,0,1
2020-11-01,Reims,Strasbourg,0.911301,1.42258,2,1
2020-11-01,Saint-Etienne,Montpellier,0.484542,0.937369,0,1
2020-11-06,Strasbourg,Marseille,0.324201,0.0420124,0,1
2020-11-07,Bordeaux,Montpellier,0.474622,1.59436,0,2
2020-11-07,Paris Saint Germain,Rennes,1.02539,0.855589,3,0
2020-11-08,Brest,Lille,1.47256,2.97059,3,2
2020-11-08,Lens,Reims,2.04125,1.02999,4,4
2020-11-08,Lorient,Nantes,1.77629,1.46578,0,2
2020-11-08,Lyon,Saint-Etienne,3.30537,1.46951,2,1
2020-11-08,Metz,Dijon,2.52379,2.43299,1,1
2020-11-08,Nice,Monaco,0.782745,1.87829,1,2
2020-11-08,Nimes,Angers,1.66648,2.03947,1,5
2020-11-20,Monaco,Paris Saint Germain,3.28236,2.01645,3,2
2020-11-20,Rennes,Bordeaux,1.95047,0.312448,0,1
2020-11-21,Brest,Saint-Etienne,1.06599,1.08804,4,1
2020-11-22,Angers,Lyon,0.948811,1.12013,0,1
2020-11-22,Dijon,Lens,0.672083,1.28012,0,1
2020-11-22,Lille,Lorient,3.37221,0.462287,4,0
2020-11-22,Montpellier,Strasbourg,2.65546,3.39205,4,3
2020-11-22,Nantes,Metz,1.48835,1.30332,1,1
2020-11-22,Reims,Nimes,1.05404,0.955282,0,1
2020-11-25,Lens,Nantes,0.875771,2.16695,1,1
2020-11-27,Strasbourg,Rennes,0.802873,1.99479,1,1
2020-11-28,Marseille,Nantes,2.7459,0.322283,3,1
2020-11-28,Paris Saint Germain,Bordeaux,2.52961,1.13676,2,2
2020-11-29,Lens,Angers,1.3761,2.62737,1,3
2020-11-29,Lorient,Montpellier,0.343499,1.47115,0,1
2020-11-29,Lyon,Reims,1.96635,0.334614,3,0
2020-11-29,Metz,Brest,0.704986,1.32303,0,2
2020-11-29,Monaco,Nimes,3.43581,0.208733,3,0
2020-11-29,Nice,Dijon,2.40463,0.980084,1,3
2020-11-29,Saint-Etienne,Lille,0.982356,0.391883,1,1
2020-12-04,Nimes,Marseille,0.384633,2.16881,0,2
2020-12-05,Montpellier,Paris Saint Germain,1.98123,2.12699,1,3
2020-12-05,Rennes,Lens,0.503822,0.927878,0,2
2020-12-06,Angers,Lorient,1.91353,0.33512,2,0
2020-12-06,Bordeaux,Brest,2.36548,0.170892,1,0
2020-12-06,Dijon,Saint-Etienne,0.235832,0.675017,0,0
2020-12-06,Lille,Monaco,1.38745,0.669039,2,1
2020-12-06,Metz,Lyon,1.2421,1.81122,1,3
2020-12-06,Nantes,Strasbourg,0.633507,3.19753,0,4
2020-12-06,Reims,Nice,0.511453,0.570809,0,0
2020-12-11,Saint-Etienne,Angers,1.15801,0.751779,0,0
2020-12-12,Lens,Montpellier,1.38862,1.61719,2,3
2020-12-12,Marseille,Monaco,1.52748,1.70771,2,1
2020-12-13,Brest,Reims,2.97358,0.555087,2,1
2020-12-13,Lille,Bordeaux,1.34583,0.804147,2,1
2020-12-13,Lorient,Nimes,2.82061,0.562896,3,0
2020-12-13,Nantes,Dijon,1.88182,1.02506,1,1
2020-12-13,Nice,Rennes,0.791546,1.2598,0,1
2020-12-13,Paris Saint Germain,Lyon,0.310118,0.833608,0,1
2020-12-13,Strasbourg,Metz,0.788845,1.71894,2,2
2020-12-16,Angers,Strasbourg,0.215122,0.510882,0,2
2020-12-16,Bordeaux,Saint-Etienne,0.552558,2.18745,1,2
2020-12-16,Dijon,Lille,0.171789,1.10314,0,2
2020-12-16,Lyon,Brest,3.29974,1.28136,2,2
2020-12-16,Monaco,Lens,0.928491,0.963125,0,3
2020-12-16,Montpellier,Metz,0.892487,1.63826,0,2
2020-12-16,Nimes,Nice,0.994031,1.97897,0,2
2020-12-16,Paris Saint Germain,Lorient,2.80047,1.30249,2,0
2020-12-16,Reims,Nantes,1.74124,2.08259,3,2
2020-12-16,Rennes,Marseille,1.16849,1.24235,2,1
2020-12-19,Marseille,Reims,1.50569,0.363146,1,1
2020-12-19,Metz,Lens,1.16038,1.14532,2,0
2020-12-19,Nice,Lyon,0.761993,3.1134,1,4
2020-12-20,Brest,Montpellier,2.16892,0.522177,2,2
2020-12-20,Dijon,Monaco,1.17666,1.12699,0,1
2020-12-20,Lille,Paris Saint Germain,0.394389,0.552443,0,0
2020-12-20,Lorient,Rennes,1.0355,1.00048,0,3
2020-12-20,Nantes,Angers,0.573136,0.942065,1,1
2020-12-20,Saint-Etienne,Nimes,2.94469,1.50557,2,2
2020-12-20,Strasbourg,Bordeaux,1.0111,1.30968,0,2
2020-12-23,Angers,Marseille,0.780388,1.49756,2,1
2020-12-23,Bordeaux,Reims,1.2121,1.30331,1,3
2020-12-23,Lens,Brest,2.02607,1.17648,2,1
2020-12-23,Lyon,Nantes,3.9821,1.10394,3,0
2020-12-23,Monaco,Saint-Etienne,0.680448,1.97218,2,2
2020-12-23,Montpellier,Lille,1.19046,1.70435,2,3
2020-12-23,Nice,Lorient,0.656687,2.13449,2,2
2020-12-23,Nimes,Dijon,0.958657,1.60068,1,3
2020-12-23,Paris Saint Germain,Strasbourg,3.11615,0.417249,4,0
2020-12-23,Rennes,Metz,0.66303,0.83489,1,0
2021-01-06,Brest,Nice,1.13297,1.37393,2,0
2021-01-06,Lille,Angers,0.285307,0.413017,1,2
2021-01-06,Lorient,Monaco,0.61232,2.81772,2,5
2021-01-06,Lyon,Lens,1.82314,0.947234,3,2
2021-01-06,Marseille,Montpellier,2.52375,1.17896,3,1
2021-01-06,Metz,Bordeaux,0.71749,0.667484,0,0
2021-01-06,Nantes,Rennes,0.600663,0.490669,0,0
2021-01-06,Reims,Dijon,0.878332,0.125669,0,0
2021-01-06,Saint-Etienne,Paris Saint Germain,1.29987,1.39496,1,1
2021-01-06,Strasbourg,Nimes,4.64764,0.826798,5,0
2021-01-09,Bordeaux,Lorient,1.61234,1.06734,2,1
2021-01-09,Dijon,Marseille,0.48883,1.80202,0,0
2021-01-09,Lens,Strasbourg,0.57533,1.57769,0,1
2021-01-09,Metz,Nice,1.25558,1.48081,1,1
2021-01-09,Monaco,Angers,2.30803,0.689403,3,0
2021-01-09,Montpellier,Nantes,0.905512,1.31067,1,1
2021-01-09,Nimes,Lille,0.34513,1.01419,0,1
2021-01-09,Paris Saint Germain,Brest,2.91378,0.546939,3,0
2021-01-09,Reims,Saint-Etienne,1.70535,1.28905,3,1
2021-01-09,Rennes,Lyon,1.14894,1.11618,2,2
2021-01-15,Montpellier,Monaco,0.55197,2.88799,2,3
2021-01-16,Angers,Paris Saint Germain,0.937183,1.48664,0,1
2021-01-16,Marseille,Nimes,2.16279,1.58781,1,2
2021-01-17,Brest,Rennes,1.94951,1.4995,1,2
2021-01-17,Lille,Reims,1.37991,0.265034,2,1
2021-01-17,Lyon,Metz,1.6386,1.4255,0,1
2021-01-17,Nantes,Lens,1.15976,1.35642,1,1
2021-01-17,Nice,Bordeaux,0.469882,3.61303,0,3
2021-01-17,Strasbourg,Saint-Etienne,2.60986,1.25152,1,0
2021-01-20,Marseille,Lens,0.118724,1.55004,0,1
2021-01-22,Paris Saint Germain,Montpellier,4.90921,0.15807,4,0
2021-01-23,Lens,Nice,1.18896,0.547266,0,1
2021-01-23,Monaco,Marseille,1.87551,0.462549,3,1
2021-01-24,Bordeaux,Angers,1.1096,1.71363,2,1
2021-01-24,Dijon,Strasbourg,0.802784,2.7928,1,1
2021-01-24,Metz,Nantes,0.833905,0.239963,2,0
2021-01-24,Reims,Brest,1.18806,1.01943,1,0
2021-01-24,Rennes,Lille,0.550276,0.796039,0,1
2021-01-24,Saint-Etienne,Lyon,0.22255,2.19868,0,5
2021-01-27,Lorient,Dijon,0.895978,1.6704,3,2
2021-01-29,Lyon,Bordeaux,1.30049,0.73143,2,1
2021-01-30,Montpellier,Lens,1.03811,1.07049,1,2
2021-01-31,Angers,Nimes,1.59464,0.9424,3,1
2021-01-31,Brest,Metz,1.8688,1.50555,2,4
2021-01-31,Lille,Dijon,1.90817,0.370938,1,0
2021-01-31,Lorient,Paris Saint Germain,1.56057,2.64181,3,2
2021-01-31,Nantes,Monaco,1.23932,1.52441,1,2
2021-01-31,Nice,Saint-Etienne,0.435831,1.58746,0,1
2021-01-31,Strasbourg,Reims,0.995057,1.31697,0,1
2021-02-03,Bordeaux,Lille,0.746258,1.99926,0,3
2021-02-03,Dijon,Lyon,0.998017,2.26364,0,1
2021-02-03,Lens,Marseille,1.53188,1.3201,2,2
2021-02-03,Metz,Montpellier,0.902049,1.02749,1,1
2021-02-03,Monaco,Nice,2.7347,0.426701,2,1
2021-02-03,Paris Saint Germain,Nimes,1.69188,1.73501,3,0
2021-02-03,Reims,Angers,0.556903,0.251964,0,0
2021-02-03,Rennes,Lorient,1.03454,0.620552,1,1
2021-02-03,Saint-Etienne,Nantes,1.50363,1.25487,1,1
2021-02-03,Strasbourg,Brest,0.610074,0.710748,2,2
2021-02-06,Lens,Rennes,1.09008,0.549443,0,0
2021-02-06,Lorient,Reims,1.11747,0.779858,1,0
2021-02-06,Lyon,Strasbourg,1.59649,0.242033,3,0
2021-02-07,Brest,Bordeaux,2.03597,0.635508,2,1
2021-02-07,Marseille,Paris Saint Germain,0.426125,1.23049,0,2
2021-02-07,Montpellier,Dijon,5.60551,1.31726,4,2
2021-02-07,Nantes,Lille,0.400333,1.7948,0,2
2021-02-07,Nice,Angers,1.30901,0.620413,3,0
2021-02-07,Nimes,Monaco,1.54024,1.24576,3,4
2021-02-07,Saint-Etienne,Metz,0.560201,0.327429,1,0
2021-02-13,Lyon,Montpellier,3.94358,1.75721,1,2
2021-02-13,Paris Saint Germain,Nice,2.47313,1.0503,2,1
2021-02-13,Reims,Lens,0.679141,3.15679,1,1
2021-02-14,Angers,Nantes,1.72075,1.75357,1,3
2021-02-14,Bordeaux,Marseille,1.90455,0.41792,0,0
2021-02-14,Dijon,Nimes,0.466986,1.90774,0,2
2021-02-14,Lille,Brest,0.62514,0.0883755,0,0
2021-02-14,Metz,Strasbourg,1.46606,1.39672,1,2
2021-02-14,Monaco,Lorient,1.93864,1.43939,2,2
2021-02-14,Rennes,Saint-Etienne,0.797238,0.347155,0,2
2021-02-17,Marseille,Nice,0.648327,1.2083,3,2
2021-02-19,Brest,Lyon,1.46003,3.47483,2,3
2021-02-20,Nantes,Marseille,0.779308,0.564279,1,1
2021-02-20,Saint-Etienne,Reims,1.97702,0.35467,1,1
2021-02-21,Lens,Dijon,1.29752,0.88646,2,1
2021-02-21,Lorient,Lille,0.231568,1.04668,1,4
2021-02-21,Montpellier,Rennes,2.86812,1.42102,2,1
2021-02-21,Nice,Metz,1.04755,1.43338,1,2
2021-02-21,Nimes,Bordeaux,0.364183,0.791842,2,0
2021-02-21,Paris Saint Germain,Monaco,0.953831,1.05657,0,2
2021-02-21,Strasbourg,Angers,1.41894,0.325105,0,0
2021-02-24,Nimes,Lorient,0.914735,0.3945,1,0
2021-02-26,Rennes,Nice,0.752041,1.6621,1,2
2021-02-27,Bordeaux,Metz,0.978537,1.84068,1,2
2021-02-27,Dijon,Paris Saint Germain,0.249652,2.12179,0,4
2021-02-28,Angers,Lens,1.71598,1.0798,2,2
2021-02-28,Lille,Strasbourg,0.866257,0.965368,1,1
2021-02-28,Lorient,Saint-Etienne,0.858628,1.01869,2,1
2021-02-28,Marseille,Lyon,1.35641,0.581809,1,1
2021-02-28,Monaco,Brest,2.19231,0.429681,2,0
2021-02-28,Nimes,Nantes,0.474343,1.48858,1,1
2021-02-28,Reims,Montpellier,0.338427,0.322556,0,0
2021-03-03,Bordeaux,Paris Saint Germain,0.80867,1.27822,0,1
2021-03-03,Brest,Dijon,1.56287,0.716104,3,1
2021-03-03,Lille,Marseille,2.22985,0.0997889,2,0
2021-03-03,Lyon,Rennes,1.94262,0.591174,1,0
2021-03-03,Metz,Angers,0.688591,1.0704,0,1
2021-03-03,Montpellier,Lorient,0.6465,2.0525,1,1
2021-03-03,Nantes,Reims,1.42636,0.618533,1,2
2021-03-03,Nice,Nimes,1.50673,2.37864,2,1
2021-03-03,Saint-Etienne,Lens,1.73128,1.97268,2,3
2021-03-03,Strasbourg,Monaco,0.75132,0.729752,1,0
2021-03-10,Marseille,Rennes,0.751259,0.596112,1,0
2021-03-12,Reims,Lyon,0.734344,1.53476,1,1
2021-03-13,Angers,Saint-Etienne,0.226499,0.872327,0,1
2021-03-13,Marseille,Brest,1.72148,0.409173,3,1
2021-03-14,Dijon,Bordeaux,0.969288,1.5005,1,3
2021-03-14,Lens,Metz,2.37531,1.46077,2,2
2021-03-14,Lorient,Nice,2.3105,0.511554,1,1
2021-03-14,Monaco,Lille,0.614925,0.163714,0,0
2021-03-14,Nimes,Montpellier,1.83162,1.56372,1,1
2021-03-14,Paris Saint Germain,Nantes,0.882924,1.15766,1,2
2021-03-14,Rennes,Strasbourg,1.03121,0.58962,1,0
2021-03-19,Saint-Etienne,Monaco,0.4503,2.43305,0,4
2021-03-20,Metz,Rennes,0.685567,2.26743,1,3
2021-03-20,Nice,Marseille,2.7496,0.30434,3,0
2021-03-21,Brest,Angers,0.480151,0.757882,0,0
2021-03-21,Dijon,Reims,0.792069,1.34244,0,1
2021-03-21,Lille,Nimes,0.787438,0.80422,1,2
2021-03-21,Lyon,Paris Saint Germain,0.613014,1.6505,2,4
2021-03-21,Montpellier,Bordeaux,2.24117,1.39846,3,1
2021-03-21,Nantes,Lorient,1.39056,0.85463,1,1
2021-03-21,Strasbourg,Lens,2.11369,1.55355,1,2
2021-04-03,Lens,Lyon,0.672298,2.10812,1,1
2021-04-03,Monaco,Metz,2.50003,0.356458,4,0
2021-04-03,Paris Saint Germain,Lille,1.05668,0.552797,0,1
2021-04-04,Angers,Montpellier,0.995445,1.75167,1,1
2021-04-04,Bordeaux,Strasbourg,1.59289,2.28415,2,3
2021-04-04,Lorient,Brest,1.76108,0.231613,1,0
2021-04-04,Marseille,Dijon,1.53499,0.124818,2,0
2021-04-04,Nantes,Nice,1.36882,2.37312,1,2
2021-04-04,Nimes,Saint-Etienne,1.56114,2.21045,0,2
2021-04-04,Reims,Rennes,1.03401,2.06496,2,2
2021-04-09,Metz,Lille,1.96214,0.555794,0,2
2021-04-10,Montpellier,Marseille,2.15762,1.94159,3,3
2021-04-10,Strasbourg,Paris Saint Germain,0.945852,2.1849,1,4
2021-04-11,Brest,Nimes,1.98561,0.804029,1,1
2021-04-11,Lens,Lorient,3.35961,1.94788,4,1
2021-04-11,Lyon,Angers,2.84942,1.02157,3,0
2021-04-11,Monaco,Dijon,3.88289,0.683971,3,0
2021-04-11,Nice,Reims,0.515644,0.451514,0,0
2021-04-11,Rennes,Nantes,0.733422,0.224608,1,0
2021-04-11,Saint-Etienne,Bordeaux,3.28299,1.52246,4,1
2021-04-16,Lille,Montpellier,1.22671,0.914792,1,1
2021-04-17,Angers,Rennes,0.453458,1.4232,0,3
2021-04-17,Marseille,Lorient,2.44334,1.47384,3,2
2021-04-18,Bordeaux,Monaco,0.927302,1.87096,0,3
2021-04-18,Brest,Lens,0.391745,1.06491,1,1
2021-04-18,Dijon,Nice,1.41735,0.718471,2,0
2021-04-18,Nantes,Lyon,1.21944,1.81278,1,2
2021-04-18,Nimes,Strasbourg,1.63156,1.0454,1,1
2021-04-18,Paris Saint Germain,Saint-Etienne,2.04974,1.26569,3,2
2021-04-18,Reims,Metz,0.731927,0.838419,0,0
2021-04-23,Reims,Marseille,0.704618,2.37375,1,3
2021-04-24,Metz,Paris Saint Germain,0.649808,2.70678,1,3
2021-04-24,Saint-Etienne,Brest,1.12226,0.920463,1,2
2021-04-25,Angers,Monaco,0.100339,1.35311,0,1
2021-04-25,Lens,Nimes,0.712516,1.45501,2,1
2021-04-25,Lorient,Bordeaux,2.10336,0.690014,4,1
2021-04-25,Lyon,Lille,0.945519,1.87462,2,3
2021-04-25,Nice,Montpellier,2.37673,1.73033,3,1
2021-04-25,Rennes,Dijon,4.16691,1.03041,5,1
2021-04-25,Strasbourg,Nantes,1.39872,1.09277,1,2
2021-04-30,Marseille,Strasbourg,1.13215,0.256318,1,1
2021-05-01,Lille,Nice,0.684625,0.0,2,0
2021-05-01,Paris Saint Germain,Lens,1.37764,1.51498,2,1
2021-05-02,Bordeaux,Rennes,0.58893,0.752351,1,0
2021-05-02,Brest,Nantes,1.63517,2.61836,1,4
2021-05-02,Dijon,Metz,1.2483,1.83354,1,5
2021-05-02,Lorient,Angers,2.41491,0.584175,2,0
2021-05-02,Monaco,Lyon,2.11913,0.840692,2,3
2021-05-02,Montpellier,Saint-Etienne,1.01968,2.26191,1,2
2021-05-02,Nimes,Reims,2.42284,0.651471,2,2
2021-05-07,Lens,Lille,1.38117,1.24486,0,3
2021-05-08,Lyon,Lorient,4.64266,0.61204,4,1
2021-05-08,Nantes,Bordeaux,1.7162,0.721345,3,0
2021-05-09,Angers,Dijon,1.71976,0.2674,3,0
2021-05-09,Metz,Nimes,0.680563,2.07976,0,3
2021-05-09,Nice,Brest,2.95697,1.02622,3,2
2021-05-09,Reims,Monaco,0.432365,1.05896,0,1
2021-05-09,Rennes,Paris Saint Germain,0.946689,1.54538,1,1
2021-05-09,Saint-Etienne,Marseille,1.41067,1.92834,1,0
2021-05-09,Strasbourg,Montpellier,1.9728,0.716886,2,3
2021-05-16,Bordeaux,Lens,2.80699,1.12553,3,0
2021-05-16,Dijon,Nantes,0.988436,2.57999,0,4
2021-05-16,Lille,Saint-Etienne,0.900703,0.332146,0,0
2021-05-16,Lorient,Metz,1.42765,0.0661912,2,1
2021-05-16,Marseille,Angers,2.93056,1.84288,3,2
2021-05-16,Monaco,Rennes,1.51214,0.318374,2,1
2021-05-16,Montpellier,Brest,0.408081,1.96696,0,0
2021-05-16,Nice,Strasbourg,0.74817,2.26561,0,2
2021-05-16,Nimes,Lyon,0.854315,2.84141,2,5
2021-05-16,Paris Saint Germain,Reims,4.73633,0.051654,4,0
2021-05-23,Angers,Lille,0.736956,1.56192,1,2
2021-05-23,Brest,Paris Saint Germain,0.574713,2.0167,0,2
2021-05-23,Lens,Monaco,0.23839,1.308,0,0
2021-05-23,Lyon,Nice,1.32809,1.47366,2,3
2021-05-23,Metz,Marseille,1.08944,1.15022,1,1
2021-05-23,Nantes,Montpellier,1.41119,1.70751,1,2
2021-05-23,Reims,Bordeaux,1.19819,1.23805,1,2
2021-05-23,Rennes,Nimes,1.33269,0.357583,2,0
2021-05-23,Saint-Etienne,Dijon,1.4605,1.38029,0,1
2021-05-23,Strasbourg,Lorient,0.32396,0.521913,1,1
2021-08-06,Monaco,Nantes,1.76899,0.239715,1,1
2021-08-07,Lyon,Brest,1.17521,1.01966,1,1
2021-08-07,Troyes,Paris Saint Germain,0.618173,1.48651,1,2
2021-08-08,Bordeaux,Clermont Foot,0.510543,2.95652,0,2
2021-08-08,Metz,Lille,1.02062,1.62245,3,3
2021-08-08,Montpellier,Marseille,0.764726,2.15797,2,3
2021-08-08,Nice,Reims,1.09947,0.158446,0,0
2021-08-08,Rennes,Lens,0.598423,2.13637,1,1
2021-08-08,Saint-Etienne,Lorient,1.85797,0.835981,1,1
2021-08-08,Strasbourg,Angers,0.267011,1.41617,0,2
2021-08-13,Lorient,Monaco,0.779459,0.86536,1,0
2021-08-14,Lille,Nice,0.768573,2.33694,0,4
2021-08-14,Paris Saint Germain,Strasbourg,2.90032,0.570058,4,2
2021-08-15,Angers,Lyon,1.6418,0.977124,3,0
2021-08-15,Brest,Rennes,2.2991,1.32152,1,1
2021-08-15,Clermont Foot,Troyes,1.44309,0.696005,2,0
2021-08-15,Lens,Saint-Etienne,1.1447,0.85171,2,2
2021-08-15,Marseille,Bordeaux,1.05273,0.318288,2,2
2021-08-15,Nantes,Metz,1.7221,0.885265,2,0
2021-08-15,Reims,Montpellier,1.30758,1.9999,3,3
2021-08-20,Brest,Paris Saint Germain,1.24868,1.51499,2,4
2021-08-21,Monaco,Lens,0.241985,0.598613,0,2
2021-08-21,Saint-Etienne,Lille,0.476794,1.1966,1,1
2021-08-22,Bordeaux,Angers,0.603119,1.01295,1,1
2021-08-22,Lyon,Clermont Foot,3.31864,1.82093,3,3
2021-08-22,Metz,Reims,0.670048,1.18358,1,1
2021-08-22,Montpellier,Lorient,3.64876,0.462326,3,1
2021-08-22,Rennes,Nantes,0.869605,0.264197,1,0
2021-08-22,Strasbourg,Troyes,2.95463,1.14502,1,1
2021-08-27,Nantes,Lyon,1.35394,1.44128,0,1
2021-08-28,Marseille,Saint-Etienne,2.73701,1.22779,3,1
2021-08-28,Nice,Bordeaux,2.52768,0.867457,4,0
2021-08-29,Angers,Rennes,2.63179,1.28738,2,0
2021-08-29,Clermont Foot,Metz,1.64521,1.90265,2,2
2021-08-29,Lens,Lorient,1.13941,1.2163,2,2
2021-08-29,Lille,Montpellier,2.46405,0.719288,2,1
2021-08-29,Reims,Paris Saint Germain,0.826608,1.82461,0,2
2021-08-29,Strasbourg,Brest,1.22705,0.592574,3,1
2021-08-29,Troyes,Monaco,0.589287,1.74073,1,2
2021-09-10,Lorient,Lille,1.08464,1.51807,2,1
2021-09-11,Monaco,Marseille,0.890728,1.36062,0,2
2021-09-11,Paris Saint Germain,Clermont Foot,2.50575,1.0353,4,0
2021-09-12,Bordeaux,Lens,1.00806,3.12454,2,3
2021-09-12,Brest,Angers,1.47981,0.998328,1,1
2021-09-12,Lyon,Strasbourg,1.69926,2.0448,3,1
2021-09-12,Metz,Troyes,0.781252,0.86724,0,2
2021-09-12,Montpellier,Saint-Etienne,1.08969,0.861648,2,0
2021-09-12,Nantes,Nice,2.1566,2.45276,0,2
2021-09-12,Rennes,Reims,0.805521,0.871123,0,2
2021-09-17,Strasbourg,Metz,2.04719,0.612439,3,0
2021-09-18,Lens,Lille,0.486611,1.20992,1,0
2021-09-18,Saint-Etienne,Bordeaux,1.75367,2.36783,1,2
2021-09-19,Angers,Nantes,0.609027,2.59886,1,4
2021-09-19,Clermont Foot,Brest,0.792314,0.657165,1,1
2021-09-19,Marseille,Rennes,2.21352,1.06105,2,0
2021-09-19,Nice,Monaco,1.94463,2.59113,2,2
2021-09-19,Paris Saint Germain,Lyon,2.22972,0.822779,2,1
2021-09-19,Reims,Lorient,0.977907,0.174553,0,0
2021-09-19,Troyes,Montpellier,0.489047,0.249763,1,1
2021-09-22,Angers,Marseille,0.470168,0.494217,0,0
2021-09-22,Lens,Strasbourg,2.68397,1.09537,0,1
2021-09-22,Lille,Reims,1.18526,1.1754,2,1
2021-09-22,Lorient,Nice,0.619405,2.16916,1,0
2021-09-22,Lyon,Troyes,2.47231,0.943884,3,1
2021-09-22,Metz,Paris Saint Germain,0.761431,1.14719,1,2
2021-09-22,Monaco,Saint-Etienne,1.73834,0.325508,3,1
2021-09-22,Montpellier,Bordeaux,1.68484,1.269,3,3
2021-09-22,Nantes,Brest,1.66414,0.563562,3,1
2021-09-22,Rennes,Clermont Foot,3.15024,0.379902,6,0
2021-09-25,Lyon,Lorient,0.843214,0.53504,1,1
2021-09-25,Paris Saint Germain,Montpellier,2.58386,0.274573,2,0
2021-09-25,Saint-Etienne,Nice,0.663428,3.17651,0,3
2021-09-25,Strasbourg,Lille,0.495724,2.58598,1,2
2021-09-26,Bordeaux,Rennes,0.601971,1.78121,1,1
2021-09-26,Brest,Metz,1.66801,0.668594,1,2
2021-09-26,Clermont Foot,Monaco,1.30935,1.79185,1,3
2021-09-26,Marseille,Lens,2.01958,2.4899,2,3
2021-09-26,Reims,Nantes,1.23068,0.768528,3,1
2021-09-26,Troyes,Angers,1.25966,1.28496,1,1
2021-10-01,Lens,Reims,2.36403,0.086376,2,0
2021-10-02,Montpellier,Strasbourg,1.05711,0.293859,1,1
2021-10-02,Nice,Brest,4.36782,0.31524,2,1
2021-10-03,Angers,Metz,2.81377,0.895212,3,2
2021-10-03,Lille,Marseille,3.52308,0.563626,2,0
2021-10-03,Lorient,Clermont Foot,0.585194,0.774714,1,1
2021-10-03,Monaco,Bordeaux,1.7267,0.574838,3,0
2021-10-03,Nantes,Troyes,1.71042,1.64687,2,0
2021-10-03,Rennes,Paris Saint Germain,0.878199,1.39782,2,0
2021-10-03,Saint-Etienne,Lyon,2.47827,1.34812,1,1
2021-10-15,Paris Saint Germain,Angers,2.48997,1.15895,2,1
2021-10-16,Clermont Foot,Lille,0.403245,0.607051,1,0
2021-10-16,Lyon,Monaco,2.81711,0.514906,2,0
2021-10-17,Bordeaux,Nantes,0.673783,1.27892,1,1
2021-10-17,Brest,Reims,0.508125,1.03949,1,1
2021-10-17,Marseille,Lorient,1.70821,2.09245,4,1
2021-10-17,Metz,Rennes,0.97348,3.36021,0,3
2021-10-17,Montpellier,Lens,1.62492,1.19027,1,0
2021-10-17,Strasbourg,Saint-Etienne,2.71053,0.931047,5,1
2021-10-17,Troyes,Nice,1.42208,0.513333,1,0
2021-10-22,Saint-Etienne,Angers,1.50388,0.675033,2,2
2021-10-23,Lille,Brest,1.6786,1.14162,1,1
2021-10-23,Nantes,Clermont Foot,1.07124,0.735892,2,1
2021-10-24,Lens,Metz,2.37156,0.790081,4,1
2021-10-24,Lorient,Bordeaux,1.78373,1.06479,1,1
2021-10-24,Marseille,Paris Saint Germain,1.29195,2.0521,0,0
2021-10-24,Monaco,Montpellier,2.11858,1.16841,3,1
2021-10-24,Nice,Lyon,1.99644,1.41733,3,2
2021-10-24,Reims,Troyes,1.02175,0.675059,1,2
2021-10-24,Rennes,Strasbourg,1.35771,1.02588,1,0
2021-10-27,Nice,Marseille,1.50504,0.341475,1,1
2021-10-29,Paris Saint Germain,Lille,2.30974,1.83335,2,1
2021-10-30,Lyon,Lens,2.02936,2.12966,2,1
2021-10-30,Metz,Saint-Etienne,0.382626,0.281781,1,1
2021-10-31,Angers,Nice,1.21195,0.897424,1,2
2021-10-31,Bordeaux,Reims,1.94845,1.81401,3,2
2021-10-31,Brest,Monaco,1.77116,0.507286,2,0
2021-10-31,Clermont Foot,Marseille,0.743883,1.24579,0,1
2021-10-31,Montpellier,Nantes,1.47174,0.856557,2,0
2021-10-31,Strasbourg,Lorient,3.09428,0.666205,4,0
2021-10-31,Troyes,Rennes,1.80006,1.51345,2,2
2021-11-05,Lens,Troyes,3.16809,0.537488,4,0
2021-11-06,Bordeaux,Paris Saint Germain,1.57566,1.23993,2,3
2021-11-06,Lille,Angers,1.74491,1.15058,1,1
2021-11-07,Lorient,Brest,1.16964,2.34992,1,2
2021-11-07,Marseille,Metz,1.66928,1.36054,0,0
2021-11-07,Nantes,Strasbourg,2.26281,1.92452,2,2
2021-11-07,Nice,Montpellier,1.63624,0.641977,0,1
2021-11-07,Reims,Monaco,0.33707,0.973878,0,0
2021-11-07,Rennes,Lyon,3.97971,0.953137,4,1
2021-11-07,Saint-Etienne,Clermont Foot,2.0562,1.30338,3,2
2021-11-19,Monaco,Lille,0.938265,2.16486,2,2
2021-11-20,Paris Saint Germain,Nantes,1.26725,0.998765,3,1
2021-11-20,Rennes,Montpellier,3.99657,0.298729,2,0
2021-11-21,Angers,Lorient,1.46206,0.420713,1,0
2021-11-21,Brest,Lens,1.44486,1.7144,4,0
2021-11-21,Clermont Foot,Nice,0.779709,0.617574,1,2
2021-11-21,Metz,Bordeaux,1.32669,2.68178,3,3
2021-11-21,Strasbourg,Reims,2.02517,1.25894,1,1
2021-11-21,Troyes,Saint-Etienne,1.19094,1.24032,0,1
2021-11-26,Lens,Angers,1.60255,2.00176,2,2
2021-11-27,Lille,Nantes,1.46803,0.358991,1,1
2021-11-27,Nice,Metz,1.3496,0.526632,0,1
2021-11-28,Bordeaux,Brest,1.4572,2.26589,1,2
2021-11-28,Lorient,Rennes,0.633986,0.989174,0,2
2021-11-28,Marseille,Troyes,1.15323,0.145868,1,0
2021-11-28,Monaco,Strasbourg,1.58216,0.945132,1,1
2021-11-28,Montpellier,Lyon,1.02178,1.17882,0,1
2021-11-28,Reims,Clermont Foot,0.707634,0.270002,1,0
2021-11-28,Saint-Etienne,Paris Saint Germain,0.969955,3.43495,1,3
2021-12-01,Angers,Monaco,1.03304,3.50553,1,3
2021-12-01,Brest,Saint-Etienne,1.89197,0.456836,1,0
2021-12-01,Clermont Foot,Lens,1.80535,0.568409,2,2
2021-12-01,Lyon,Reims,2.85052,1.05349,1,2
2021-12-01,Metz,Montpellier,1.47536,1.41193,1,3
2021-12-01,Nantes,Marseille,0.174142,1.63717,0,1
2021-12-01,Paris Saint Germain,Nice,1.61794,0.957516,0,0
2021-12-01,Rennes,Lille,0.799539,0.708091,1,2
2021-12-01,Strasbourg,Bordeaux,3.43125,1.48801,5,2
2021-12-01,Troyes,Lorient,1.12178,0.433668,2,0
2021-12-04,Lens,Paris Saint Germain,0.824432,2.29134,1,1
2021-12-04,Lille,Troyes,1.79406,0.28995,2,1
2021-12-04,Marseille,Brest,1.92281,1.55388,1,2
2021-12-05,Bordeaux,Lyon,2.60089,1.84671,2,2
2021-12-05,Lorient,Nantes,0.619711,0.268938,0,1
2021-12-05,Monaco,Metz,1.91421,0.547708,4,0
2021-12-05,Montpellier,Clermont Foot,0.855855,0.394172,1,0
2021-12-05,Nice,Strasbourg,1.36817,2.7263,0,3
2021-12-05,Reims,Angers,1.34274,1.7715,1,2
2021-12-05,Saint-Etienne,Rennes,0.357851,3.1151,0,5
2021-12-10,Nantes,Lens,1.43665,0.840732,3,2
2021-12-11,Brest,Montpellier,0.691352,1.67645,0,4
2021-12-11,Reims,Saint-Etienne,2.71752,0.119419,2,0
2021-12-12,Angers,Clermont Foot,1.52675,1.7067,0,1
2021-12-12,Lille,Lyon,2.15596,0.422128,0,0
2021-12-12,Metz,Lorient,1.14227,1.70684,4,1
2021-12-12,Paris Saint Germain,Monaco,1.90289,0.815473,2,0
2021-12-12,Rennes,Nice,1.60766,1.8035,1,2
2021-12-12,Strasbourg,Marseille,1.7897,0.708922,0,2
2021-12-12,Troyes,Bordeaux,1.26919,1.13993,1,2
2021-12-22,Bordeaux,Lille,1.00922,1.23123,2,3
2021-12-22,Lorient,Paris Saint Germain,1.47671,2.19929,1,1
2021-12-22,Lyon,Metz,2.79025,0.353946,1,1
2021-12-22,Marseille,Reims,1.70528,1.05686,1,1
2021-12-22,Monaco,Rennes,1.62819,1.29487,2,1
2021-12-22,Montpellier,Angers,0.998835,0.747023,4,1
2021-12-22,Nice,Lens,0.866194,1.72232,2,1
2021-12-22,Saint-Etienne,Nantes,1.00748,0.791261,0,1
2021-12-22,Troyes,Brest,1.05921,0.661085,1,1
2022-01-07,Bordeaux,Marseille,0.413069,2.1562,0,1
2022-01-08,Lens,Rennes,0.579974,0.32823,1,0
2022-01-09,Brest,Nice,1.61742,1.44947,0,3
2022-01-09,Clermont Foot,Reims,0.762901,0.808538,0,0
2022-01-09,Lyon,Paris Saint Germain,1.03597,1.12874,1,1
2022-01-09,Metz,Strasbourg,0.2706,3.70382,0,2
2022-01-09,Nantes,Monaco,0.364991,0.69482,0,0
2022-01-14,Nice,Nantes,2.27691,0.396645,2,1
2022-01-15,Paris Saint Germain,Brest,2.70951,0.724633,2,0
2022-01-15,Saint-Etienne,Lens,0.950864,0.746899,1,2
2022-01-16,Lorient,Angers,0.480599,0.554657,0,0
2022-01-16,Marseille,Lille,1.62744,0.966892,1,1
2022-01-16,Monaco,Clermont Foot,4.25883,0.248903,4,0
2022-01-16,Reims,Metz,0.651857,0.713423,0,1
2022-01-16,Rennes,Bordeaux,4.07838,0.412647,6,0
2022-01-16,Strasbourg,Montpellier,1.4597,1.02915,3,1
2022-01-16,Troyes,Lyon,0.485256,3.02674,0,1
2022-01-19,Clermont Foot,Strasbourg,0.348448,1.74904,0,2
2022-01-19,Lille,Lorient,1.58626,1.21798,3,1
2022-01-19,Montpellier,Troyes,0.575051,0.548481,0,1
2022-01-21,Lyon,Saint-Etienne,2.19008,0.242989,1,0
2022-01-22,Brest,Lille,1.29391,1.37501,2,0
2022-01-22,Lens,Marseille,0.618083,1.35491,0,2
2022-01-23,Angers,Troyes,2.29724,1.63676,2,1
2022-01-23,Bordeaux,Strasbourg,1.65394,1.49036,4,3
2022-01-23,Clermont Foot,Rennes,1.09838,2.49108,2,1
2022-01-23,Metz,Nice,0.233858,1.94674,0,2
2022-01-23,Montpellier,Monaco,2.2292,1.24246,3,2
2022-01-23,Nantes,Lorient,1.40263,2.03139,4,2
2022-01-23,Paris Saint Germain,Reims,2.95339,0.344474,4,0
2022-01-26,Angers,Saint-Etienne,0.354099,0.352428,0,1
2022-02-02,Lyon,Marseille,1.5519,1.12202,2,1
2022-02-04,Marseille,Angers,2.34718,0.686866,5,2
2022-02-05,Monaco,Lyon,2.28974,1.30679,2,0
2022-02-05,Saint-Etienne,Montpellier,2.12286,0.698377,3,1
2022-02-06,Lille,Paris Saint Germain,0.863815,3.0381,1,5
2022-02-06,Lorient,Lens,1.57013,0.392243,2,0
2022-02-06,Nice,Clermont Foot,0.698505,1.29927,0,1
2022-02-06,Reims,Bordeaux,2.05989,0.120599,5,0
2022-02-06,Rennes,Brest,2.77542,0.220673,2,0
2022-02-06,Strasbourg,Nantes,1.32815,0.261773,1,0
2022-02-06,Troyes,Metz,0.435111,0.566752,0,0
2022-02-11,Paris Saint Germain,Rennes,0.797795,0.589669,1,0
2022-02-12,Lyon,Nice,2.75209,0.0804562,2,0
2022-02-12,Montpellier,Lille,0.740905,1.51288,0,1
2022-02-13,Angers,Strasbourg,0.258677,0.335367,0,1
2022-02-13,Brest,Troyes,2.76844,0.79069,5,1
2022-02-13,Clermont Foot,Saint-Etienne,0.834271,1.1863,1,2
2022-02-13,Lens,Bordeaux,2.18631,0.758048,3,2
2022-02-13,Metz,Marseille,0.792396,2.31854,1,2
2022-02-13,Monaco,Lorient,1.31384,0.132654,0,0
2022-02-13,Nantes,Reims,0.660721,0.613315,1,0
2022-02-18,Lille,Metz,1.18868,0.279242,0,0
2022-02-19,Lens,Lyon,0.655911,1.18398,1,1
2022-02-19,Nantes,Paris Saint Germain,2.59589,3.65345,3,1
2022-02-20,Bordeaux,Monaco,0.85473,0.951923,1,1
2022-02-20,Lorient,Montpellier,0.623848,0.376147,0,1
2022-02-20,Marseille,Clermont Foot,1.02368,0.769815,0,2
2022-02-20,Nice,Angers,1.29968,0.98327,1,0
2022-02-20,Reims,Brest,0.540071,1.69455,1,1
2022-02-20,Rennes,Troyes,3.26228,0.762222,4,1
2022-02-20,Saint-Etienne,Strasbourg,1.28968,1.51652,2,2
2022-02-25,Montpellier,Rennes,1.16985,1.81992,2,4
2022-02-26,Paris Saint Germain,Saint-Etienne,2.81988,0.641957,3,1
2022-02-26,Strasbourg,Nice,1.03088,0.148653,0,0
2022-02-27,Angers,Lens,0.601212,0.688779,1,2
2022-02-27,Brest,Lorient,0.210366,2.16888,0,1
2022-02-27,Clermont Foot,Bordeaux,0.55263,0.894218,1,1
2022-02-27,Lyon,Lille,1.48658,0.735102,0,1
2022-02-27,Metz,Nantes,0.263909,0.61206,0,0
2022-02-27,Monaco,Reims,1.7487,1.66986,1,2
2022-02-27,Troyes,Marseille,2.00647,1.01636,1,1
2022-03-04,Lorient,Lyon,1.26241,2.61126,1,4
2022-03-05,Lens,Brest,1.83072,0.372083,0,1
2022-03-05,Nice,Paris Saint Germain,1.20526,0.652664,1,0
2022-03-06,Bordeaux,Troyes,0.884355,2.3042,0,2
2022-03-06,Lille,Clermont Foot,2.04079,0.477886,4,0
2022-03-06,Marseille,Monaco,0.865388,0.69435,0,1
2022-03-06,Nantes,Montpellier,1.55928,0.200382,2,0
2022-03-06,Reims,Strasbourg,0.909924,0.744534,1,1
2022-03-06,Rennes,Angers,2.39062,0.316774,2,0
2022-03-06,Saint-Etienne,Metz,1.32057,0.313165,1,0
2022-03-11,Lille,Saint-Etienne,1.24797,0.48678,0,0
2022-03-12,Montpellier,Nice,2.49092,0.757229,0,0
2022-03-12,Troyes,Nantes,1.18612,0.490874,1,0
2022-03-13,Angers,Reims,1.88223,1.52385,0,1
2022-03-13,Brest,Marseille,0.424923,1.94529,1,4
2022-03-13,Clermont Foot,Lorient,1.27083,1.39672,0,2
2022-03-13,Lyon,Rennes,1.18519,1.27931,2,4
2022-03-13,Metz,Lens,0.696431,0.82202,0,0
2022-03-13,Paris Saint Germain,Bordeaux,2.05393,0.756536,3,0
2022-03-13,Strasbourg,Monaco,0.834621,0.695519,1,0
2022-03-18,Saint-Etienne,Troyes,1.21267,1.06117,1,1
2022-03-19,Lens,Clermont Foot,1.06718,1.75053,3,1
2022-03-19,Nantes,Lille,0.53106,1.58475,0,1
2022-03-20,Angers,Brest,1.2018,0.562622,1,0
2022-03-20,Bordeaux,Montpellier,2.60974,0.70843,0,2
2022-03-20,Lorient,Strasbourg,0.410107,1.33873,0,0
2022-03-20,Marseille,Nice,1.58806,1.69113,2,1
2022-03-20,Monaco,Paris Saint Germain,2.4996,1.50615,3,0
2022-03-20,Reims,Lyon,0.546254,1.59498,0,0
2022-03-20,Rennes,Metz,3.3969,0.68535,6,1
2022-04-02,Lille,Bordeaux,3.17511,0.113867,0,0
2022-04-02,Nice,Rennes,1.06234,0.896308,1,1
2022-04-03,Clermont Foot,Nantes,0.918981,1.95586,2,3
2022-04-03,Lyon,Angers,1.58017,1.67709,3,2
2022-04-03,Metz,Monaco,0.704436,2.15545,1,2
2022-04-03,Montpellier,Brest,1.26492,0.703265,1,2
2022-04-03,Paris Saint Germain,Lorient,1.96317,0.841873,5,1
2022-04-03,Saint-Etienne,Marseille,0.208011,3.73912,2,4
2022-04-03,Strasbourg,Lens,2.66149,1.22404,1,0
2022-04-03,Troyes,Reims,1.17209,0.480462,1,0
2022-04-08,Lorient,Saint-Etienne,4.1419,1.17408,6,2
2022-04-09,Clermont Foot,Paris Saint Germain,1.02858,3.57375,1,6
2022-04-09,Reims,Rennes,2.56613,1.12659,2,3
2022-04-10,Angers,Lille,0.679878,0.898909,1,1
2022-04-10,Bordeaux,Metz,2.28971,0.335155,3,1
2022-04-10,Brest,Nantes,1.25604,0.778552,1,1
2022-04-10,Lens,Nice,0.790168,1.3837,3,0
2022-04-10,Marseille,Montpellier,2.81079,0.477841,2,0
2022-04-10,Monaco,Troyes,0.441913,0.96754,2,1
2022-04-10,Strasbourg,Lyon,1.45377,2.10099,1,1
2022-04-15,Rennes,Monaco,2.27865,2.95816,2,3
2022-04-16,Lille,Lens,0.662879,1.15118,1,2
2022-04-16,Saint-Etienne,Brest,1.84462,0.488405,2,1
2022-04-17,Lyon,Bordeaux,2.49379,1.86392,6,1
2022-04-17,Metz,Clermont Foot,0.404435,2.74048,1,1
2022-04-17,Montpellier,Reims,0.909367,1.19445,0,0
2022-04-17,Nantes,Angers,3.40116,0.417241,1,1
2022-04-17,Nice,Lorient,2.19937,0.250443,2,1
2022-04-17,Paris Saint Germain,Marseille,1.39018,0.304776,2,1
2022-04-17,Troyes,Strasbourg,1.3267,1.83132,1,1
2022-04-20,Angers,Paris Saint Germain,0.395666,1.41841,0,3
2022-04-20,Bordeaux,Saint-Etienne,0.927753,0.858193,2,2
2022-04-20,Brest,Lyon,1.15279,2.63063,2,1
2022-04-20,Lens,Montpellier,0.98883,0.216737,2,0
2022-04-20,Lorient,Metz,1.2504,1.69979,1,0
2022-04-20,Marseille,Nantes,3.11851,0.607116,3,2
2022-04-20,Monaco,Nice,2.06975,0.762416,1,0
2022-04-20,Reims,Lille,0.727134,0.944946,2,1
2022-04-20,Strasbourg,Rennes,2.62063,0.851224,2,1
2022-04-20,Troyes,Clermont Foot,0.996134,0.411065,0,1
2022-04-23,Lyon,Montpellier,3.38895,2.02417,5,2
2022-04-23,Paris Saint Germain,Lens,2.18256,0.666328,1,1
2022-04-23,Saint-Etienne,Monaco,0.971737,3.28491,1,4
2022-04-24,Clermont Foot,Angers,1.74002,1.3986,2,2
2022-04-24,Lille,Strasbourg,0.354075,0.519111,1,0
2022-04-24,Metz,Brest,0.387087,1.93279,0,1
2022-04-24,Nantes,Bordeaux,2.54491,2.61153,5,3
2022-04-24,Nice,Troyes,2.36176,0.465645,1,0
2022-04-24,Reims,Marseille,0.661794,0.458087,0,1
2022-04-24,Rennes,Lorient,1.74528,0.533869,5,0
2022-04-29,Strasbourg,Paris Saint Germain,1.62601,1.94951,3,3
2022-04-30,Lens,Nantes,1.80901,1.25803,2,2
2022-04-30,Rennes,Saint-Etienne,1.29378,0.568645,2,0
2022-05-01,Bordeaux,Nice,0.181557,2.5433,0,1
2022-05-01,Brest,Clermont Foot,1.31508,0.993885,2,0
2022-05-01,Lorient,Reims,1.73735,1.40084,1,2
2022-05-01,Marseille,Lyon,1.25703,2.73856,0,3
2022-05-01,Monaco,Angers,2.21937,0.614369,2,0
2022-05-01,Montpellier,Metz,1.99602,1.33111,2,2
2022-05-01,Troyes,Lille,2.99625,0.598432,3,0
2022-05-06,Lille,Monaco,0.955562,0.297053,1,2
2022-05-07,Brest,Strasbourg,0.774117,2.19446,0,1
2022-05-08,Angers,Bordeaux,2.39669,0.701993,4,1
2022-05-08,Clermont Foot,Montpellier,1.81186,1.11037,2,1
2022-05-08,Lorient,Marseille,0.218659,2.43064,0,3
2022-05-08,Metz,Lyon,1.95684,2.45822,3,2
2022-05-08,Paris Saint Germain,Troyes,2.00221,1.95545,2,2
2022-05-08,Reims,Lens,0.345633,1.31364,1,2
2022-05-11,Nantes,Rennes,1.23789,1.53731,2,1
2022-05-11,Nice,Saint-Etienne,1.27732,1.90776,4,2
2022-05-14,Bordeaux,Lorient,1.0391,0.605152,0,0
2022-05-14,Lyon,Nantes,3.12892,1.28359,3,2
2022-05-14,Metz,Angers,0.742006,0.609469,1,0
2022-05-14,Monaco,Brest,3.84541,1.99445,4,2
2022-05-14,Montpellier,Paris Saint Germain,0.292577,2.57935,0,4
2022-05-14,Nice,Lille,0.985813,2.52062,1,3
2022-05-14,Rennes,Marseille,1.19637,0.298071,2,0
2022-05-14,Saint-Etienne,Reims,1.63375,2.1296,1,2
2022-05-14,Strasbourg,Clermont Foot,0.635695,0.4006,1,0
2022-05-14,Troyes,Lens,0.198308,0.85636,1,3
2022-05-21,Angers,Montpellier,2.26485,1.29748,2,0
2022-05-21,Brest,Bordeaux,1.21971,3.43304,2,4
2022-05-21,Clermont Foot,Lyon,2.31455,2.47046,1,2
2022-05-21,Lens,Monaco,1.54786,2.06385,2,2
2022-05-21,Lille,Rennes,1.7131,1.13675,2,2
2022-05-21,Lorient,Troyes,1.14699,0.597609,1,1
2022-05-21,Marseille,Strasbourg,2.10355,1.45881,4,0
2022-05-21,Nantes,Saint-Etienne,1.84905,1.78716,1,1
2022-05-21,Paris Saint Germain,Metz,5.5667,0.693173,5,0
2022-05-21,Reims,Nice,0.665065,1.88275,2,3
2022-08-05,Lyon,Ajaccio,1.85675,1.13852,2,1
2022-08-06,Clermont Foot,Paris Saint Germain,0.194932,4.11887,0,5
2022-08-06,Strasbourg,Monaco,1.39118,2.47965,1,2
2022-08-07,Angers,Nantes,1.91609,1.14718,0,0
2022-08-07,Lens,Brest,3.31681,1.04228,3,2
2022-08-07,Lille,Auxerre,1.29993,0.769926,4,1
2022-08-07,Marseille,Reims,2.77019,0.676094,4,1
2022-08-07,Montpellier,Troyes,1.57764,1.84274,3,2
2022-08-07,Rennes,Lorient,1.40484,0.70567,0,1
2022-08-07,Toulouse,Nice,1.85439,0.69938,1,1
2022-08-12,Nantes,Lille,2.07994,2.53444,1,1
2022-08-13,Monaco,Rennes,2.39524,2.02488,1,1
2022-08-13,Paris Saint Germain,Montpellier,3.3388,0.778496,5,2
2022-08-14,Ajaccio,Lens,0.707316,1.02754,0,0
2022-08-14,Auxerre,Angers,0.898665,1.65524,2,2
2022-08-14,Brest,Marseille,1.64132,1.30958,1,1
2022-08-14,Nice,Strasbourg,1.51022,1.57207,1,1
2022-08-14,Reims,Clermont Foot,2.65438,1.56704,2,4
2022-08-14,Troyes,Toulouse,0.925402,2.07677,0,3
2022-08-19,Lyon,Troyes,3.54595,0.948279,4,1
2022-08-20,Marseille,Nantes,1.71654,2.35832,2,1
2022-08-20,Monaco,Lens,2.27892,2.45812,1,4
2022-08-21,Angers,Brest,1.05295,2.2269,1,3
2022-08-21,Clermont Foot,Nice,0.712338,1.63135,1,0
2022-08-21,Lille,Paris Saint Germain,1.50337,4.37042,1,7
2022-08-21,Montpellier,Auxerre,0.602982,1.29185,1,2
2022-08-21,Rennes,Ajaccio,0.979786,1.44269,2,1
2022-08-21,Strasbourg,Reims,1.44615,2.03506,1,1
2022-08-21,Toulouse,Lorient,2.48022,2.96569,2,2
2022-08-26,Ajaccio,Lille,0.513092,1.80552,1,3
2022-08-27,Auxerre,Strasbourg,0.770114,1.65529,1,0
2022-08-27,Lens,Rennes,1.15835,0.88822,2,1
2022-08-28,Brest,Montpellier,0.163077,2.2067,0,7
2022-08-28,Lorient,Clermont Foot,3.46625,0.432527,2,1
2022-08-28,Nantes,Toulouse,1.80364,0.531418,3,1
2022-08-28,Nice,Marseille,0.797222,1.41427,0,3
2022-08-28,Paris Saint Germain,Monaco,2.71556,0.237794,1,1
2022-08-28,Reims,Lyon,0.889087,1.37054,1,1
2022-08-28,Troyes,Angers,2.23192,1.00107,3,1
2022-08-31,Angers,Reims,1.43417,2.35235,2,4
2022-08-31,Lens,Lorient,3.01117,1.4489,5,2
2022-08-31,Lille,Nice,0.936389,1.54373,1,2
2022-08-31,Lyon,Auxerre,3.33913,0.411365,2,1
2022-08-31,Marseille,Clermont Foot,2.50885,0.164123,1,0
2022-08-31,Monaco,Troyes,1.69464,2.68434,2,4
2022-08-31,Montpellier,Ajaccio,1.82411,0.894201,2,0
2022-08-31,Rennes,Brest,1.44252,0.265991,3,1
2022-08-31,Strasbourg,Nantes,0.260394,0.582194,1,1
2022-08-31,Toulouse,Paris Saint Germain,0.582625,3.93565,0,3
2022-09-03,Auxerre,Marseille,0.623034,1.54448,0,2
2022-09-03,Lyon,Angers,1.40939,0.685045,5,0
2022-09-03,Nantes,Paris Saint Germain,0.414108,3.49883,0,3
2022-09-04,Ajaccio,Lorient,0.520351,0.509049,0,1
2022-09-04,Brest,Strasbourg,0.726914,2.65304,1,1
2022-09-04,Clermont Foot,Toulouse,1.50732,1.44839,2,0
2022-09-04,Montpellier,Lille,0.460323,1.28228,1,3
2022-09-04,Nice,Monaco,1.12895,1.16635,0,1
2022-09-04,Reims,Lens,1.75851,2.234,1,1
2022-09-04,Troyes,Rennes,0.564802,2.61037,1,1
2022-09-07,Lorient,Lyon,1.48762,2.29822,3,1
2022-09-09,Lens,Troyes,1.44803,0.674373,1,0
2022-09-10,Marseille,Lille,2.25737,0.774912,2,1
2022-09-10,Paris Saint Germain,Brest,2.01269,1.34439,1,0
2022-09-11,Ajaccio,Nice,0.427838,1.0495,0,1
2022-09-11,Angers,Montpellier,2.91339,1.02641,2,1
2022-09-11,Lorient,Nantes,1.30306,0.586565,3,2
2022-09-11,Monaco,Lyon,1.64905,2.28122,2,1
2022-09-11,Rennes,Auxerre,3.73421,0.438753,5,0
2022-09-11,Strasbourg,Clermont Foot,2.60466,0.959426,0,0
2022-09-11,Toulouse,Reims,2.111,0.461404,1,0
2022-09-16,Auxerre,Lorient,2.27316,3.48948,1,3
2022-09-17,Lille,Toulouse,1.16749,0.882322,2,1
2022-09-17,Montpellier,Strasbourg,1.8232,0.617378,2,1
2022-09-18,Brest,Ajaccio,0.721312,0.511909,0,1
2022-09-18,Clermont Foot,Troyes,1.25973,1.3715,1,3
2022-09-18,Lyon,Paris Saint Germain,0.892759,1.52633,0,1
2022-09-18,Marseille,Rennes,1.05864,0.858108,1,1
2022-09-18,Nantes,Lens,0.777656,0.967277,0,0
2022-09-18,Nice,Angers,0.969061,2.07917,0,1
2022-09-18,Reims,Monaco,0.302274,2.06526,0,3
2022-09-30,Angers,Marseille,1.29217,2.3782,0,3
2022-10-01,Paris Saint Germain,Nice,0.753307,0.685057,2,1
2022-10-01,Strasbourg,Rennes,1.15088,2.24201,1,3
2022-10-02,Ajaccio,Clermont Foot,1.28297,1.29246,1,3
2022-10-02,Auxerre,Brest,1.21122,0.687048,1,1
2022-10-02,Lens,Lyon,2.993,0.0812146,1,0
2022-10-02,Lorient,Lille,0.51274,1.83189,2,1
2022-10-02,Monaco,Nantes,2.18299,0.406108,4,1
2022-10-02,Toulouse,Montpellier,1.92662,1.73475,4,2
2022-10-02,Troyes,Reims,1.74344,1.49046,2,2
2022-10-07,Lyon,Toulouse,1.74178,0.582894,1,1
2022-10-08,Marseille,Ajaccio,1.66314,0.16416,1,2
2022-10-08,Reims,Paris Saint Germain,1.91846,1.06607,0,0
2022-10-09,Angers,Strasbourg,2.08828,2.88307,2,3
2022-10-09,Brest,Lorient,0.997609,1.14106,1,2
2022-10-09,Clermont Foot,Auxerre,1.41698,1.00824,2,1
2022-10-09,Lille,Lens,2.37665,1.04543,1,0
2022-10-09,Montpellier,Monaco,0.564764,1.43544,0,2
2022-10-09,Nice,Troyes,2.69698,1.64575,3,2
2022-10-09,Rennes,Nantes,2.85806,0.439769,3,0
2022-10-14,Strasbourg,Lille,0.366401,2.59097,0,3
2022-10-15,Lens,Montpellier,2.31045,0.305429,1,0
2022-10-15,Lorient,Reims,1.05131,0.366478,0,0
2022-10-16,Auxerre,Nice,0.527675,1.67165,1,1
2022-10-16,Monaco,Clermont Foot,1.00523,2.49917,1,1
2022-10-16,Nantes,Brest,3.45666,0.596967,4,1
2022-10-16,Paris Saint Germain,Marseille,2.99871,0.78459,1,0
2022-10-16,Rennes,Lyon,1.70448,1.54104,3,2
2022-10-16,Toulouse,Angers,2.46525,1.50535,3,2
2022-10-16,Troyes,Ajaccio,0.434355,1.83625,1,1
2022-10-21,Ajaccio,Paris Saint Germain,0.301593,2.90657,0,3
2022-10-22,Marseille,Lens,1.99963,0.612715,0,1
2022-10-22,Montpellier,Lyon,0.807149,2.78494,1,2
2022-10-23,Angers,Rennes,0.938402,2.44504,1,2
2022-10-23,Clermont Foot,Brest,0.70294,2.73014,1,3
2022-10-23,Lille,Monaco,2.49712,1.76468,4,3
2022-10-23,Nice,Nantes,1.34146,1.27743,1,1
2022-10-23,Reims,Auxerre,2.48368,0.472065,2,1
2022-10-23,Toulouse,Strasbourg,1.86579,1.63235,2,2
2022-10-23,Troyes,Lorient,1.13911,1.538,2,2
2022-10-28,Lens,Toulouse,2.64413,0.845923,3,0
2022-10-29,Paris Saint Germain,Troyes,2.67967,1.60184,4,3
2022-10-29,Strasbourg,Marseille,0.890654,1.93874,2,2
2022-10-30,Auxerre,Ajaccio,0.92577,0.500233,1,0
2022-10-30,Brest,Reims,1.54791,0.982999,0,0
2022-10-30,Lorient,Nice,1.28783,2.19849,1,2
2022-10-30,Lyon,Lille,1.19346,1.62118,1,0
2022-10-30,Monaco,Angers,1.93991,0.437042,2,0
2022-10-30,Nantes,Clermont Foot,1.95172,0.713991,1,1
2022-10-30,Rennes,Montpellier,1.53875,0.975256,3,0
2022-11-04,Troyes,Auxerre,1.93768,1.45801,1,1
2022-11-05,Ajaccio,Strasbourg,3.68734,0.670138,4,2
2022-11-05,Angers,Lens,0.829243,2.17996,1,2
2022-11-06,Clermont Foot,Montpellier,3.88422,1.22262,1,1
2022-11-06,Lille,Rennes,2.72861,0.800938,1,1
2022-11-06,Lorient,Paris Saint Germain,0.812458,2.35683,1,2
2022-11-06,Marseille,Lyon,1.07268,0.632118,1,0
2022-11-06,Nice,Brest,0.813513,1.08297,1,0
2022-11-06,Reims,Nantes,3.70953,0.506816,1,0
2022-11-06,Toulouse,Monaco,0.569642,2.03182,0,2
2022-11-11,Lyon,Nice,1.15632,1.71081,1,1
2022-11-12,Lens,Clermont Foot,1.4242,0.213092,2,1
2022-11-12,Rennes,Toulouse,1.94787,1.11684,2,1
2022-11-13,Brest,Troyes,2.21142,0.4443,2,1
2022-11-13,Lille,Angers,1.07614,0.448121,1,0
2022-11-13,Monaco,Marseille,1.52658,2.71425,2,3
2022-11-13,Montpellier,Reims,2.07463,2.12638,1,1
2022-11-13,Nantes,Ajaccio,0.982738,2.40866,2,2
2022-11-13,Paris Saint Germain,Auxerre,2.22316,0.602881,5,0
2022-11-13,Strasbourg,Lorient,1.84883,0.877509,1,1
2022-12-28,Ajaccio,Angers,1.68567,2.13447,1,0
2022-12-28,Auxerre,Monaco,1.32986,1.36064,2,3
2022-12-28,Brest,Lyon,1.1351,3.18501,2,4
2022-12-28,Clermont Foot,Lille,0.511123,1.79335,0,2
2022-12-28,Paris Saint Germain,Strasbourg,2.11764,1.1354,2,1
2022-12-28,Troyes,Nantes,0.202598,1.70731,0,0
2022-12-29,Lorient,Montpellier,1.13229,1.99935,0,2
2022-12-29,Marseille,Toulouse,3.90797,1.73074,6,1
2022-12-29,Nice,Lens,1.19572,1.17989,0,0
2022-12-29,Reims,Rennes,1.37243,1.56704,3,1
2023-01-01,Angers,Lorient,2.17455,0.44019,1,2
2023-01-01,Lens,Paris Saint Germain,1.79816,1.97764,3,1
2023-01-01,Lyon,Clermont Foot,0.736196,1.2056,0,1
2023-01-01,Monaco,Brest,1.11357,0.984132,1,0
2023-01-01,Nantes,Auxerre,0.870785,0.940771,1,0
2023-01-01,Toulouse,Ajaccio,1.33519,0.0445009,2,0
2023-01-02,Lille,Reims,2.68973,1.23599,1,1
2023-01-02,Montpellier,Marseille,1.10931,1.33992,1,2
2023-01-02,Rennes,Nice,1.78181,0.395975,2,1
2023-01-02,Strasbourg,Troyes,1.15328,1.32781,2,3
2023-01-11,Ajaccio,Reims,0.812868,1.16269,0,1
2023-01-11,Auxerre,Toulouse,1.19864,2.32789,0,5
2023-01-11,Brest,Lille,0.567145,0.952742,0,0
2023-01-11,Clermont Foot,Rennes,1.92657,0.900551,2,1
2023-01-11,Lorient,Monaco,1.40735,1.61598,2,2
2023-01-11,Nantes,Lyon,1.23816,0.716341,0,0
2023-01-11,Nice,Montpellier,3.47658,0.226284,6,1
2023-01-11,Paris Saint Germain,Angers,1.66271,0.341443,2,0
2023-01-11,Strasbourg,Lens,1.15467,1.5001,2,2
2023-01-11,Troyes,Marseille,0.207647,2.65167,0,2
2023-01-14,Lens,Auxerre,1.69501,0.171617,1,0
2023-01-14,Lyon,Strasbourg,2.46849,1.15481,1,2
2023-01-14,Marseille,Lorient,2.03482,0.491556,3,1
2023-01-15,Angers,Clermont Foot,0.394709,2.1061,1,2
2023-01-15,Lille,Troyes,4.30681,0.981489,5,1
2023-01-15,Monaco,Ajaccio,4.16711,0.215581,7,1
2023-01-15,Montpellier,Nantes,1.10849,0.903599,0,3
2023-01-15,Reims,Nice,0.97535,0.670589,0,0
2023-01-15,Rennes,Paris Saint Germain,1.06256,0.603085,1,0
2023-01-15,Toulouse,Brest,1.54762,0.754561,1,1
2023-01-27,Lorient,Rennes,0.989121,1.94175,2,1
2023-01-28,Marseille,Monaco,1.772,1.55187,1,1
2023-01-28,Troyes,Lens,0.937263,2.43445,1,1
2023-01-29,Ajaccio,Lyon,1.44596,2.02729,0,2
2023-01-29,Auxerre,Montpellier,1.78521,0.78685,0,2
2023-01-29,Brest,Angers,1.62079,1.00144,4,0
2023-01-29,Clermont Foot,Nantes,0.639165,0.124573,0,0
2023-01-29,Nice,Lille,1.38874,2.06969,1,0
2023-01-29,Paris Saint Germain,Reims,1.99468,1.6335,1,1
2023-01-29,Strasbourg,Toulouse,0.899943,2.05016,1,2
2023-02-01,Angers,Ajaccio,0.413798,1.18715,1,2
2023-02-01,Lens,Nice,0.396756,2.16495,0,1
2023-02-01,Lille,Clermont Foot,1.75188,1.53598,0,0
2023-02-01,Lyon,Brest,2.29877,0.508973,0,0
2023-02-01,Monaco,Auxerre,1.97716,1.1306,3,2
2023-02-01,Montpellier,Paris Saint Germain,0.270069,4.0011,1,3
2023-02-01,Nantes,Marseille,1.40304,1.94315,0,2
2023-02-01,Reims,Lorient,3.61381,0.706803,4,2
2023-02-01,Rennes,Strasbourg,1.25645,0.141426,3,0
2023-02-01,Toulouse,Troyes,2.94929,1.25445,4,1
2023-02-04,Paris Saint Germain,Toulouse,1.80428,0.72878,2,1
2023-02-04,Rennes,Lille,2.18737,2.35242,1,3
2023-02-04,Troyes,Lyon,0.699933,1.30711,1,3
2023-02-05,Ajaccio,Nantes,0.223431,1.56852,0,2
2023-02-05,Auxerre,Reims,0.610426,0.406084,0,0
2023-02-05,Brest,Lens,2.17044,2.26474,1,1
2023-02-05,Clermont Foot,Monaco,0.276781,1.46634,0,2
2023-02-05,Lorient,Angers,0.68751,0.584769,0,0
2023-02-05,Marseille,Nice,2.61067,1.4814,1,3
2023-02-05,Strasbourg,Montpellier,1.51625,0.613708,2,0
2023-02-10,Nice,Ajaccio,0.568545,0.264601,3,0
2023-02-11,Clermont Foot,Marseille,1.08989,2.10938,0,2
2023-02-11,Monaco,Paris Saint Germain,3.80363,0.932921,3,1
2023-02-12,Angers,Auxerre,0.445823,2.48705,1,1
2023-02-12,Lille,Strasbourg,3.65427,0.174274,2,0
2023-02-12,Lyon,Lens,1.52893,1.30823,2,1
2023-02-12,Montpellier,Brest,3.94905,0.468613,3,0
2023-02-12,Nantes,Lorient,1.64174,1.63028,1,0
2023-02-12,Reims,Troyes,2.10651,0.569562,4,0
2023-02-12,Toulouse,Rennes,2.71302,1.19649,3,1
2023-02-17,Auxerre,Lyon,1.34783,0.718949,2,1
2023-02-18,Nice,Reims,1.53255,1.28715,0,0
2023-02-18,Strasbourg,Angers,1.94958,1.04967,2,1
2023-02-19,Brest,Monaco,0.76754,1.61066,1,2
2023-02-19,Lens,Nantes,3.13027,0.236483,3,1
2023-02-19,Lorient,Ajaccio,2.43638,0.592896,3,0
2023-02-19,Paris Saint Germain,Lille,2.09603,3.20773,4,3
2023-02-19,Rennes,Clermont Foot,1.67258,0.86584,2,0
2023-02-19,Toulouse,Marseille,2.09816,1.21797,2,3
2023-02-19,Troyes,Montpellier,0.0856634,1.08483,0,1
2023-02-24,Lille,Brest,0.77221,0.20242,2,1
2023-02-25,Angers,Lyon,1.13511,1.81818,1,3
2023-02-25,Montpellier,Lens,0.645251,1.53537,1,1
2023-02-26,Ajaccio,Troyes,3.94522,1.40375,2,1
2023-02-26,Clermont Foot,Strasbourg,1.74774,0.920081,1,1
2023-02-26,Lorient,Auxerre,1.04974,1.20936,0,1
2023-02-26,Marseille,Paris Saint Germain,2.28992,3.73353,0,3
2023-02-26,Monaco,Nice,0.68882,1.7956,0,3
2023-02-26,Nantes,Rennes,2.42469,0.986331,0,1
2023-02-26,Reims,Toulouse,2.17445,0.52285,3,0
2023-03-03,Nice,Auxerre,1.73919,0.443087,1,1
2023-03-04,Lens,Lille,0.616556,1.90081,1,1
2023-03-04,Paris Saint Germain,Nantes,1.10912,0.238685,4,2
2023-03-05,Lyon,Lorient,2.54074,0.887853,0,0
2023-03-05,Montpellier,Angers,3.41548,0.955683,5,0
2023-03-05,Reims,Ajaccio,0.40953,0.36989,1,0
2023-03-05,Rennes,Marseille,1.03495,1.45275,0,1
2023-03-05,Strasbourg,Brest,0.983616,0.585063,0,1
2023-03-05,Toulouse,Clermont Foot,1.02505,0.647727,0,1
2023-03-05,Troyes,Monaco,0.879409,2.81633,2,2
2023-03-10,Lille,Lyon,2.35286,1.0584,3,3
2023-03-11,Auxerre,Rennes,0.961104,0.690947,0,0
2023-03-11,Brest,Paris Saint Germain,0.751032,2.66126,1,2
2023-03-12,Ajaccio,Montpellier,0.191981,1.27414,0,1
2023-03-12,Angers,Toulouse,1.02056,1.56928,0,2
2023-03-12,Clermont Foot,Lens,1.86085,2.00502,0,4
2023-03-12,Lorient,Troyes,1.79136,0.492296,2,0
2023-03-12,Marseille,Strasbourg,1.67973,2.2222,2,2
2023-03-12,Monaco,Reims,0.98037,1.81877,0,1
2023-03-12,Nantes,Nice,1.75098,1.51843,2,2
2023-03-17,Lyon,Nantes,1.62188,1.06263,1,1
2023-03-18,Lens,Angers,1.64899,0.589326,3,0
2023-03-18,Toulouse,Lille,2.05248,1.96469,0,2
2023-03-19,Ajaccio,Monaco,0.409601,1.45597,0,2
2023-03-19,Montpellier,Clermont Foot,3.01981,1.40585,2,1
2023-03-19,Nice,Lorient,1.21674,0.883148,1,1
2023-03-19,Paris Saint Germain,Rennes,1.70984,1.90042,0,2
2023-03-19,Reims,Marseille,1.91783,1.39201,1,2
2023-03-19,Strasbourg,Auxerre,2.88267,0.945437,2,0
2023-03-19,Troyes,Brest,1.00182,1.16022,2,2
2023-03-31,Marseille,Montpellier,1.43396,0.849684,1,1
2023-04-01,Auxerre,Troyes,1.16561,1.17234,1,0
2023-04-01,Rennes,Lens,1.21006,1.4486,0,1
2023-04-02,Angers,Nice,0.960041,1.20001,1,1
2023-04-02,Brest,Toulouse,1.47173,1.77942,3,1
2023-04-02,Clermont Foot,Ajaccio,2.13637,0.411997,2,1
2023-04-02,Lille,Lorient,1.96183,0.0956693,3,1
2023-04-02,Monaco,Strasbourg,1.40127,1.55623,4,3
2023-04-02,Nantes,Reims,1.37353,2.00509,0,3
2023-04-02,Paris Saint Germain,Lyon,1.22372,2.14851,0,1
2023-04-07,Lens,Strasbourg,1.31665,0.580047,2,1
2023-04-08,Angers,Lille,1.03911,1.06957,1,0
2023-04-08,Nice,Paris Saint Germain,1.22259,1.24929,0,2
2023-04-09,Ajaccio,Auxerre,0.982688,0.925035,0,3
2023-04-09,Lorient,Marseille,0.637221,0.782867,0,0
2023-04-09,Lyon,Rennes,1.23785,1.06365,3,1
2023-04-09,Montpellier,Toulouse,1.79324,2.20627,1,2
2023-04-09,Nantes,Monaco,0.973965,1.66938,2,2
2023-04-09,Reims,Brest,3.26526,1.11133,1,1
2023-04-09,Troyes,Clermont Foot,0.488321,1.86113,0,2
2023-04-14,Toulouse,Lyon,1.51685,2.988,1,2
2023-04-15,Paris Saint Germain,Lens,1.39403,1.43462,3,1
2023-04-15,Rennes,Reims,3.21823,0.343875,3,0
2023-04-16,Auxerre,Nantes,2.65132,1.28278,2,1
2023-04-16,Brest,Nice,0.956282,0.656233,1,0
2023-04-16,Clermont Foot,Angers,2.01768,0.327937,2,1
2023-04-16,Lille,Montpellier,2.31737,0.515081,2,1
2023-04-16,Marseille,Troyes,3.75094,0.405591,3,1
2023-04-16,Monaco,Lorient,2.67195,1.03367,3,1
2023-04-16,Strasbourg,Ajaccio,1.59182,0.478923,3,1
2023-04-21,Angers,Paris Saint Germain,1.28414,1.75064,1,2
2023-04-22,Auxerre,Lille,1.0782,3.08943,1,1
2023-04-22,Lens,Monaco,3.52672,1.53352,3,0
2023-04-23,Ajaccio,Brest,0.193609,0.451465,0,0
2023-04-23,Lorient,Toulouse,0.506852,1.25506,0,1
2023-04-23,Lyon,Marseille,1.45711,2.21507,1,2
2023-04-23,Montpellier,Rennes,0.748138,1.32781,1,0
2023-04-23,Nantes,Troyes,1.98437,1.7244,2,2
2023-04-23,Nice,Clermont Foot,1.52279,0.917427,1,2
2023-04-23,Reims,Strasbourg,1.13179,1.33348,0,2
2023-04-29,Lille,Ajaccio,1.55851,0.360442,3,0
2023-04-30,Clermont Foot,Reims,1.12839,0.483303,1,0
2023-04-30,Marseille,Auxerre,3.56928,0.456496,2,1
2023-04-30,Monaco,Montpellier,1.35206,2.11063,0,4
2023-04-30,Paris Saint Germain,Lorient,1.76277,3.2671,1,3
2023-04-30,Rennes,Angers,2.51135,1.27022,4,2
2023-04-30,Strasbourg,Lyon,1.68749,0.889805,1,2
2023-04-30,Troyes,Nice,0.625019,3.65344,0,1
2023-05-02,Toulouse,Lens,0.396677,1.35975,0,1
2023-05-03,Brest,Nantes,0.794114,0.725944,2,0
2023-05-06,Lens,Marseille,1.33558,1.27465,2,1
2023-05-06,Nice,Rennes,1.33415,1.06201,2,1
2023-05-06,Reims,Lille,2.07452,1.42756,1,0
2023-05-07,Ajaccio,Toulouse,0.211301,2.52738,0,0
2023-05-07,Angers,Monaco,1.41717,1.58485,1,2
2023-05-07,Auxerre,Clermont Foot,1.57698,1.82065,1,1
2023-05-07,Lorient,Brest,1.23052,1.42227,2,1
2023-05-07,Lyon,Montpellier,3.69552,2.30837,5,4
2023-05-07,Nantes,Strasbourg,0.815995,1.94833,0,2
2023-05-07,Troyes,Paris Saint Germain,0.615079,4.3052,1,3
2023-05-12,Lens,Reims,1.35466,1.80834,2,1
2023-05-13,Paris Saint Germain,Ajaccio,2.31569,0.313564,5,0
2023-05-13,Strasbourg,Nice,1.67065,0.360576,2,0
2023-05-14,Brest,Auxerre,1.63305,0.73065,1,0
2023-05-14,Clermont Foot,Lyon,1.73834,1.90489,2,1
2023-05-14,Marseille,Angers,2.99154,0.559445,3,1
2023-05-14,Monaco,Lille,0.690333,1.29341,0,0
2023-05-14,Montpellier,Lorient,1.20401,0.582419,1,1
2023-05-14,Rennes,Troyes,3.75816,0.263264,4,0
2023-05-14,Toulouse,Nantes,1.24578,0.621868,0,0
2023-05-19,Lyon,Monaco,2.40929,1.46568,3,1
2023-05-20,Lille,Marseille,1.86027,1.19915,2,1
2023-05-20,Nantes,Montpellier,0.751273,1.7036,0,3
2023-05-21,Ajaccio,Rennes,0.0631786,2.09363,0,5
2023-05-21,Auxerre,Paris Saint Germain,0.696155,1.84662,1,2
2023-05-21,Brest,Clermont Foot,1.14332,0.36306,2,1
2023-05-21,Lorient,Lens,1.37416,2.30872,1,3
2023-05-21,Nice,Toulouse,2.78131,0.964577,0,0
2023-05-21,Reims,Angers,1.7427,0.700941,2,2
2023-05-21,Troyes,Strasbourg,0.706571,2.30022,1,1
2023-05-27,Angers,Troyes,0.775828,0.234923,2,1
2023-05-27,Clermont Foot,Lorient,1.34675,0.9985,2,0
2023-05-27,Lens,Ajaccio,2.29667,0.18809,3,0
2023-05-27,Lille,Nantes,2.16385,1.0893,2,1
2023-05-27,Lyon,Reims,3.22012,0.505996,3,0
2023-05-27,Marseille,Brest,0.968914,1.5307,1,2
2023-05-27,Montpellier,Nice,1.61612,4.59487,2,3
2023-05-27,Rennes,Monaco,0.759796,0.377473,2,0
2023-05-27,Strasbourg,Paris Saint Germain,1.33636,1.16057,1,1
2023-05-27,Toulouse,Auxerre,1.21674,0.653455,1,1
2023-06-03,Ajaccio,Marseille,0.129389,1.22431,1,0
2023-06-03,Auxerre,Lens,2.03416,3.19981,1,3
2023-06-03,Brest,Rennes,1.22603,1.57488,1,2
2023-06-03,Lorient,Strasbourg,0.489883,0.851717,2,1
2023-06-03,Monaco,Toulouse,2.1529,2.66693,1,2
2023-06-03,Nantes,Angers,1.06065,0.190199,1,0
2023-06-03,Nice,Lyon,2.30538,1.68314,3,1
2023-06-03,Paris Saint Germain,Clermont Foot,2.23509,2.97907,2,3
2023-06-03,Reims,Montpellier,1.84121,2.21924,1,3
2023-06-03,Troyes,Lille,0.241842,1.69616,1,1
2023-08-12,Brest,Lens,2.91934,0.960002,3,2
2023-08-12,Marseille,Reims,1.5127,0.993374,2,1
2023-08-12,Nice,Lille,1.12141,1.53437,1,1
2023-08-12,Paris Saint Germain,Lorient,1.36166,0.136269,0,0
2023-08-13,Clermont Foot,Monaco,1.97981,3.40428,2,4
2023-08-13,Montpellier,Le Havre,1.2977,1.24958,2,2
2023-08-13,Nantes,Toulouse,1.07028,2.06035,1,2
2023-08-13,Rennes,Metz,4.67967,0.561838,5,1
2023-08-13,Strasbourg,Lyon,1.16184,2.05387,2,1
2023-08-18,Metz,Marseille,0.360903,1.49349,2,2
2023-08-19,Lyon,Montpellier,0.641589,1.91808,1,4
2023-08-19,Toulouse,Paris Saint Germain,1.15991,2.00415,1,1
2023-08-20,Le Havre,Brest,0.866995,1.60466,1,2
2023-08-20,Lens,Rennes,1.3445,1.62597,1,1
2023-08-20,Lille,Nantes,3.239,1.27164,2,0
2023-08-20,Lorient,Nice,0.750785,2.42649,1,1
2023-08-20,Monaco,Strasbourg,1.30947,0.552621,3,0
2023-08-20,Reims,Clermont Foot,2.41479,0.399613,2,0
2023-08-25,Nantes,Monaco,0.906833,4.95812,3,3
2023-08-26,Marseille,Brest,3.50896,1.72801,2,0
2023-08-26,Paris Saint Germain,Lens,1.86713,0.487094,3,1
2023-08-27,Clermont Foot,Metz,0.540615,0.791472,0,1
2023-08-27,Lorient,Lille,1.745,1.45127,4,1
2023-08-27,Montpellier,Reims,1.42165,1.8496,1,3
2023-08-27,Nice,Lyon,1.82327,0.25547,0,0
2023-08-27,Rennes,Le Havre,3.49731,0.41475,2,2
2023-08-27,Strasbourg,Toulouse,2.84995,0.308716,2,0
2023-09-01,Nantes,Marseille,0.621642,2.77866,1,1
2023-09-02,Brest,Rennes,1.58468,0.248338,0,0
2023-09-02,Monaco,Lens,1.24938,0.612432,3,0
2023-09-03,Le Havre,Lorient,1.70033,0.675614,3,0
2023-09-03,Lille,Montpellier,1.33906,0.793407,1,0
2023-09-03,Lyon,Paris Saint Germain,2.44259,4.91949,1,4
2023-09-03,Metz,Reims,1.14763,0.859494,2,2
2023-09-03,Nice,Strasbourg,2.28809,0.158524,2,0
2023-09-03,Toulouse,Clermont Foot,0.64111,1.40431,2,2
2023-09-15,Paris Saint Germain,Nice,1.21929,1.94985,2,3
2023-09-16,Lens,Metz,1.61194,0.629577,0,1
2023-09-16,Rennes,Lille,0.427673,1.60903,2,2
2023-09-17,Clermont Foot,Nantes,1.26417,0.866302,0,1
2023-09-17,Lorient,Monaco,0.660724,1.54062,2,2
2023-09-17,Lyon,Le Havre,1.83314,1.25165,0,0
2023-09-17,Marseille,Toulouse,1.16853,0.882315,0,0
2023-09-17,Reims,Brest,1.97443,1.56067,1,2
2023-09-17,Strasbourg,Montpellier,2.27232,1.03603,2,2
2023-09-22,Monaco,Nice,1.80137,1.10143,0,1
2023-09-23,Brest,Lyon,2.54509,0.254128,1,0
2023-09-23,Nantes,Lorient,2.52906,1.59675,5,3
2023-09-24,Le Havre,Clermont Foot,1.01727,0.716065,2,1
2023-09-24,Lens,Toulouse,3.08782,0.649363,2,1
2023-09-24,Metz,Strasbourg,1.03805,0.456135,0,1
2023-09-24,Montpellier,Rennes,1.38233,0.933593,0,0
2023-09-24,Paris Saint Germain,Marseille,2.00222,0.568702,4,0
2023-09-26,Lille,Reims,1.41766,1.21818,1,2
2023-09-29,Strasbourg,Lens,0.305015,1.52229,0,1
2023-09-30,Clermont Foot,Paris Saint Germain,1.16006,2.99118,0,0
2023-09-30,Monaco,Marseille,1.5165,0.908767,3,2
2023-10-01,Le Havre,Lille,1.05835,1.38688,0,2
2023-10-01,Lorient,Montpellier,0.799881,2.77044,0,3
2023-10-01,Nice,Brest,1.03293,0.153004,0,0
2023-10-01,Reims,Lyon,1.99596,0.389915,2,0
2023-10-01,Rennes,Nantes,2.3169,0.902963,3,1
2023-10-01,Toulouse,Metz,2.3397,0.598514,3,0
2023-10-06,Strasbourg,Nantes,0.944783,2.24185,1,2
2023-10-07,Metz,Nice,0.263633,1.51523,0,1
2023-10-07,Reims,Monaco,1.99785,1.74741,1,3
2023-10-08,Brest,Toulouse,1.61363,1.23903,1,1
2023-10-08,Lens,Lille,2.58377,1.34285,1,1
2023-10-08,Lyon,Lorient,1.3787,1.07853,3,3
2023-10-08,Marseille,Le Havre,3.00689,0.131369,3,0
2023-10-08,Rennes,Paris Saint Germain,1.34436,3.13091,1,3
2023-10-20,Le Havre,Lens,1.84471,1.96292,0,0
2023-10-21,Nice,Marseille,0.828728,1.00304,1,0
2023-10-21,Paris Saint Germain,Strasbourg,2.51872,0.224242,3,0
2023-10-22,Lille,Brest,2.19168,0.625269,1,0
2023-10-22,Lorient,Rennes,0.594654,0.940774,2,1
2023-10-22,Lyon,Clermont Foot,1.73586,1.28994,1,2
2023-10-22,Monaco,Metz,1.9731,0.720525,2,1
2023-10-22,Nantes,Montpellier,1.74936,0.495893,2,0
2023-10-22,Toulouse,Reims,0.900833,0.96583,1,1
2023-10-27,Clermont Foot,Nice,0.298709,2.15871,0,1
2023-10-28,Lens,Nantes,4.32919,1.21849,4,0
2023-10-28,Reims,Lorient,0.981549,0.412238,1,0
2023-10-29,Brest,Paris Saint Germain,1.68226,2.09847,2,3
2023-10-29,Lille,Monaco,0.667633,0.901743,2,0
2023-10-29,Metz,Le Havre,0.469858,0.890469,0,0
2023-10-29,Montpellier,Toulouse,3.2823,0.877804,3,0
2023-10-29,Rennes,Strasbourg,1.11025,1.02122,1,1
2023-11-03,Paris Saint Germain,Montpellier,1.23178,0.583754,3,0
2023-11-04,Lorient,Lens,0.521851,0.707799,0,0
2023-11-04,Marseille,Lille,0.751791,0.326226,0,0
2023-11-05,Lyon,Metz,1.8478,0.667193,1,1
2023-11-05,Monaco,Brest,1.11674,0.73688,2,0
2023-11-05,Nantes,Reims,1.54695,1.7428,0,1
2023-11-05,Nice,Rennes,2.28618,0.484764,2,0
2023-11-05,Strasbourg,Clermont Foot,1.55966,1.05162,0,0
2023-11-05,Toulouse,Le Havre,2.31734,1.21056,1,2
2023-11-10,Montpellier,Nice,0.651349,0.62039,0,0
2023-11-11,Le Havre,Monaco,1.12627,0.968375,0,0
2023-11-11,Reims,Paris Saint Germain,1.54396,2.64035,0,3
2023-11-12,Clermont Foot,Lorient,1.40549,0.58473,1,0
2023-11-12,Lens,Marseille,1.21972,0.723678,1,0
2023-11-12,Lille,Toulouse,2.6899,0.41683,1,1
2023-11-12,Metz,Nantes,0.940982,1.75389,3,1
2023-11-12,Rennes,Lyon,0.680277,2.07974,0,1
2023-11-24,Paris Saint Germain,Monaco,2.61317,1.52014,5,2
2023-11-25,Clermont Foot,Lens,1.84299,2.53223,0,3
2023-11-25,Strasbourg,Marseille,1.18208,1.36665,1,1
2023-11-26,Lorient,Metz,1.37412,1.85366,2,3
2023-11-26,Lyon,Lille,1.71151,1.7068,0,2
2023-11-26,Montpellier,Brest,2.19901,2.38593,1,3
2023-11-26,Nantes,Le Havre,1.75264,0.225701,0,0
2023-11-26,Nice,Toulouse,1.00133,1.27183,1,0
2023-11-26,Rennes,Reims,1.93506,2.24931,3,1
2023-11-29,Montpellier,Clermont Foot,2.5147,0.548696,1,1
2023-12-01,Reims,Strasbourg,1.93212,1.82995,2,1
2023-12-02,Lens,Lyon,2.66019,3.02776,3,2
2023-12-02,Nantes,Nice,1.18224,1.2317,1,0
2023-12-03,Brest,Clermont Foot,1.30229,0.605084,3,0
2023-12-03,Le Havre,Paris Saint Germain,1.85535,1.76208,0,2
2023-12-03,Lille,Metz,3.04386,1.85842,2,0
2023-12-03,Marseille,Rennes,0.91395,0.483795,2,0
2023-12-03,Monaco,Montpellier,2.46013,1.18556,2,0
2023-12-03,Toulouse,Lorient,1.10351,0.645774,1,1
2023-12-06,Marseille,Lyon,1.82709,0.235651,3,0
2023-12-07,Brest,Strasbourg,0.993441,1.26839,1,1
2023-12-08,Montpellier,Lens,1.34889,1.61301,0,0
2023-12-09,Paris Saint Germain,Nantes,2.15633,0.483837,2,1
2023-12-09,Rennes,Monaco,2.14616,1.09728,1,2
2023-12-10,Clermont Foot,Lille,1.1121,0.635418,0,0
2023-12-10,Lorient,Marseille,2.01809,2.88724,2,4
2023-12-10,Lyon,Toulouse,3.13849,1.6021,3,0
2023-12-10,Metz,Brest,0.632144,0.219846,0,1
2023-12-10,Nice,Reims,1.2751,1.13313,2,1
2023-12-10,Strasbourg,Le Havre,1.50877,1.62211,2,1
2023-12-15,Monaco,Lyon,1.40268,0.739288,0,1
2023-12-16,Le Havre,Nice,1.92557,1.64135,3,1
2023-12-16,Lens,Reims,1.26773,0.876139,2,0
2023-12-17,Lille,Paris Saint Germain,1.90778,1.39323,1,1
2023-12-17,Lorient,Strasbourg,1.17121,1.76122,1,2
2023-12-17,Marseille,Clermont Foot,2.62654,0.131252,2,1
2023-12-17,Metz,Montpellier,0.850081,0.766157,0,1
2023-12-17,Nantes,Brest,1.38959,1.8065,0,2
2023-12-17,Toulouse,Rennes,0.686037,1.08165,0,0
2023-12-20,Brest,Lorient,1.59135,0.456656,4,0
2023-12-20,Clermont Foot,Rennes,0.75621,2.31736,1,3
2023-12-20,Lyon,Nantes,2.1113,0.351645,1,0
2023-12-20,Montpellier,Marseille,1.51091,1.20263,1,1
2023-12-20,Nice,Lens,2.95792,0.539445,2,0
2023-12-20,Paris Saint Germain,Metz,2.18199,0.149111,3,1
2023-12-20,Reims,Le Havre,1.4252,0.459561,1,0
2023-12-20,Strasbourg,Lille,0.805349,0.882407,2,1
2023-12-20,Toulouse,Monaco,1.58928,2.26628,1,2
2024-01-12,Marseille,Strasbourg,1.56944,1.14984,1,1
2024-01-13,Monaco,Reims,1.02592,1.91585,1,3
2024-01-13,Rennes,Nice,1.82506,0.805568,2,0
2024-01-14,Brest,Montpellier,4.34723,0.462585,2,0
2024-01-14,Le Havre,Lyon,1.47292,0.873358,3,1
2024-01-14,Lens,Paris Saint Germain,2.68223,1.80377,0,2
2024-01-14,Lille,Lorient,3.05553,0.122714,3,0
2024-01-14,Metz,Toulouse,0.558992,0.952191,0,1
2024-01-14,Nantes,Clermont Foot,1.63891,1.22157,1,2
2024-01-26,Lyon,Rennes,0.96504,1.37472,2,3
2024-01-27,Marseille,Monaco,3.46234,0.372187,2,2
2024-01-27,Nice,Metz,1.97472,0.119776,1,0
2024-01-28,Clermont Foot,Strasbourg,1.53045,1.31652,1,1
2024-01-28,Lorient,Le Havre,1.63382,1.35726,3,3
2024-01-28,Montpellier,Lille,1.37722,0.622726,0,0
2024-01-28,Paris Saint Germain,Brest,1.89797,1.07348,2,2
2024-01-28,Reims,Nantes,1.21383,1.40977,0,0
2024-01-28,Toulouse,Lens,2.4207,1.17066,0,2
2024-02-02,Strasbourg,Paris Saint Germain,2.57864,1.90654,1,2
2024-02-03,Nantes,Lens,0.711906,1.63838,0,1
2024-02-03,Rennes,Montpellier,2.21096,0.797935,2,1
2024-02-04,Brest,Nice,0.875796,0.67289,0,0
2024-02-04,Lille,Clermont Foot,2.44237,0.81129,4,0
2024-02-04,Lyon,Marseille,1.92161,0.511356,1,0
2024-02-04,Metz,Lorient,0.822983,1.37239,1,2
2024-02-04,Monaco,Le Havre,1.48516,0.149171,1,1
2024-02-04,Reims,Toulouse,2.02418,1.74173,2,3
2024-02-09,Marseille,Metz,2.39451,0.955249,1,1
2024-02-10,Lens,Strasbourg,1.91964,1.66695,3,1
2024-02-10,Paris Saint Germain,Lille,2.43098,1.48271,3,1
2024-02-11,Clermont Foot,Brest,1.19719,1.35687,1,1
2024-02-11,Le Havre,Rennes,1.37399,1.18673,0,1
2024-02-11,Lorient,Reims,2.29027,1.17008,2,0
2024-02-11,Montpellier,Lyon,1.78103,1.29775,1,2
2024-02-11,Nice,Monaco,2.16459,2.06475,2,3
2024-02-11,Toulouse,Nantes,0.893343,0.497993,1,2
2024-02-16,Lyon,Nice,0.801467,0.685452,1,0
2024-02-17,Lille,Le Havre,4.23306,0.29674,3,0
2024-02-17,Nantes,Paris Saint Germain,2.13627,1.71895,0,2
2024-02-18,Brest,Marseille,1.79901,0.49619,1,0
2024-02-18,Monaco,Toulouse,1.69534,1.57778,1,2
2024-02-18,Montpellier,Metz,3.04692,0.929361,3,0
2024-02-18,Reims,Lens,1.04087,1.45983,1,1
2024-02-18,Rennes,Clermont Foot,4.27182,0.755433,3,1
2024-02-18,Strasbourg,Lorient,1.71908,2.13729,1,3
2024-02-23,Metz,Lyon,1.76992,1.25668,1,2
2024-02-24,Lorient,Nantes,0.620869,0.331772,0,1
2024-02-24,Strasbourg,Brest,0.147244,1.75632,0,3
2024-02-25,Le Havre,Reims,1.71847,3.16987,1,2
2024-02-25,Lens,Monaco,2.863,2.33037,2,3
2024-02-25,Marseille,Montpellier,2.91179,1.09554,4,1
2024-02-25,Nice,Clermont Foot,1.97032,2.46292,0,0
2024-02-25,Paris Saint Germain,Rennes,1.88699,0.982428,1,1
2024-02-25,Toulouse,Lille,1.95824,0.599376,3,1
2024-03-01,Monaco,Paris Saint Germain,2.44196,1.84721,0,0
2024-03-02,Clermont Foot,Marseille,0.737192,3.06861,1,5
2024-03-02,Reims,Lille,0.533658,1.08259,0,1
2024-03-03,Brest,Le Havre,1.2486,0.427329,1,0
2024-03-03,Lyon,Lens,2.13225,3.35268,0,3
2024-03-03,Montpellier,Strasbourg,1.55397,1.61588,2,2
2024-03-03,Nantes,Metz,0.962736,2.36445,0,2
2024-03-03,Rennes,Lorient,1.48788,1.94566,1,2
2024-03-03,Toulouse,Nice,1.50074,1.91177,2,1
2024-03-08,Nice,Montpellier,1.51018,1.66988,1,2
2024-03-09,Lens,Brest,0.751467,0.522507,1,0
2024-03-09,Lorient,Lyon,0.279234,2.37921,0,2
2024-03-10,Le Havre,Toulouse,1.2502,0.212288,1,0
2024-03-10,Lille,Rennes,2.4764,1.21123,2,2
2024-03-10,Marseille,Nantes,2.03657,0.651156,2,0
2024-03-10,Metz,Clermont Foot,1.82804,0.624762,1,0
2024-03-10,Paris Saint Germain,Reims,1.53515,1.51893,2,2
2024-03-10,Strasbourg,Monaco,0.268122,1.32837,0,1
2024-03-15,Toulouse,Lyon,2.0594,1.49785,2,3
2024-03-16,Lens,Nice,1.36305,1.80693,1,3
2024-03-16,Nantes,Strasbourg,0.709166,1.88754,1,3
2024-03-17,Brest,Lille,1.4278,0.845861,1,1
2024-03-17,Clermont Foot,Le Havre,1.17889,1.13876,2,1
2024-03-17,Monaco,Lorient,3.43264,0.75287,2,2
2024-03-17,Montpellier,Paris Saint Germain,2.51778,2.24298,2,6
2024-03-17,Reims,Metz,1.57996,1.12407,2,1
2024-03-17,Rennes,Marseille,1.59209,0.740416,2,0
2024-03-29,Lille,Lens,1.60249,0.741746,2,1
2024-03-30,Lyon,Reims,2.12533,1.48533,1,1
2024-03-30,Metz,Monaco,1.76276,2.86235,2,5
2024-03-31,Clermont Foot,Toulouse,0.897271,2.30312,0,3
2024-03-31,Le Havre,Montpellier,0.690722,1.81849,0,2
2024-03-31,Lorient,Brest,1.41137,0.429902,0,1
2024-03-31,Marseille,Paris Saint Germain,1.02584,1.73967,0,2
2024-03-31,Nice,Nantes,1.21101,1.79381,1,2
2024-03-31,Strasbourg,Rennes,2.45769,0.913264,2,0
2024-04-05,Lille,Marseille,1.94744,0.849968,3,1
2024-04-06,Lens,Le Havre,1.03136,1.54783,1,1
2024-04-06,Paris Saint Germain,Clermont Foot,2.57381,0.28144,1,1
2024-04-07,Brest,Metz,4.51637,2.08036,4,3
2024-04-07,Monaco,Rennes,1.60487,1.6645,1,0
2024-04-07,Montpellier,Lorient,2.68931,1.74832,2,0
2024-04-07,Nantes,Lyon,1.10318,2.90994,1,3
2024-04-07,Reims,Nice,0.537635,1.92153,0,0
2024-04-07,Toulouse,Strasbourg,0.825103,0.582127,0,0
2024-04-12,Metz,Lens,0.802713,1.90927,2,1
2024-04-13,Rennes,Toulouse,0.877819,0.783871,1,2
2024-04-13,Strasbourg,Reims,2.30507,0.739073,3,1
2024-04-14,Clermont Foot,Montpellier,1.36904,1.71417,1,1
2024-04-14,Le Havre,Nantes,1.6031,0.756172,0,1
2024-04-14,Lyon,Brest,1.8478,1.7183,4,3
2024-04-19,Nice,Lorient,2.51301,0.561667,3,0
2024-04-20,Lens,Clermont Foot,2.80705,0.617299,1,0
2024-04-20,Nantes,Rennes,0.159376,2.38163,0,3
2024-04-21,Brest,Monaco,0.640964,1.30681,0,2
2024-04-21,Le Havre,Metz,0.649411,1.50162,0,1
2024-04-21,Lille,Strasbourg,1.26308,0.948728,1,0
2024-04-21,Paris Saint Germain,Lyon,3.09132,0.667233,4,1
2024-04-21,Reims,Montpellier,1.31942,1.35565,1,2
2024-04-21,Toulouse,Marseille,0.654707,1.06509,2,2
2024-04-24,Lorient,Paris Saint Germain,1.03633,1.97814,1,4
2024-04-24,Marseille,Nice,1.77662,1.28789,2,2
2024-04-24,Monaco,Lille,2.21532,1.28227,1,0
2024-04-26,Montpellier,Nantes,0.679578,1.70799,1,1
2024-04-27,Paris Saint Germain,Le Havre,2.25829,1.21268,3,3
2024-04-28,Clermont Foot,Reims,2.56811,0.875188,4,1
2024-04-28,Lorient,Toulouse,1.3574,2.23471,1,2
2024-04-28,Lyon,Monaco,2.6414,2.04607,3,2
2024-04-28,Marseille,Lens,1.77344,1.25145,2,1
2024-04-28,Metz,Lille,1.28183,0.882087,1,2
2024-04-28,Rennes,Brest,2.34207,2.18698,4,5
2024-04-28,Strasbourg,Nice,1.04231,1.89803,1,3
2024-05-03,Lens,Lorient,2.30235,0.459806,2,0
2024-05-03,Toulouse,Montpellier,1.98611,0.660372,1,2
2024-05-04,Brest,Nantes,0.621067,1.33601,0,0
2024-05-04,Le Havre,Strasbourg,2.56306,0.631836,3,1
2024-05-04,Metz,Rennes,0.829235,2.01818,2,3
2024-05-04,Monaco,Clermont Foot,3.44513,1.01532,4,1
2024-05-06,Lille,Lyon,1.12451,2.42982,3,4
2024-05-10,Brest,Reims,1.34751,0.432216,1,1
2024-05-10,Nice,Le Havre,1.93635,0.427788,1,0
2024-05-12,Clermont Foot,Lyon,1.17651,0.389723,0,1
2024-05-12,Marseille,Lorient,3.96907,1.0861,3,1
2024-05-12,Montpellier,Monaco,1.12952,2.31591,0,2
2024-05-12,Nantes,Lille,0.810391,1.40896,1,2
2024-05-12,Paris Saint Germain,Toulouse,1.50414,1.71089,1,3
2024-05-12,Rennes,Lens,2.1522,0.410537,1,1
2024-05-12,Strasbourg,Metz,1.38725,0.896939,2,1
2024-05-15,Nice,Paris Saint Germain,1.95517,1.44503,1,2
2024-05-15,Reims,Marseille,0.879349,1.81257,1,0
2024-05-19,Le Havre,Marseille,2.32336,2.32131,1,2
2024-05-19,Lens,Montpellier,5.38555,1.11518,2,2
2024-05-19,Lille,Nice,1.59935,1.32909,2,2
2024-05-19,Lorient,Clermont Foot,4.92005,0.737223,5,0
2024-05-19,Lyon,Strasbourg,3.26691,1.12544,2,1
2024-05-19,Metz,Paris Saint Germain,1.20722,2.92879,0,2
2024-05-19,Monaco,Nantes,1.85296,0.885758,4,0
2024-05-19,Reims,Rennes,1.39024,1.25648,2,1
2024-05-19,Toulouse,Brest,0.984204,1.02904,0,3
2024-08-16,Le Havre,Paris Saint Germain,0.197023,2.9098,1,4
2024-08-17,Brest,Marseille,1.51475,2.96496,1,5
2024-08-17,Monaco,Saint-Etienne,2.78444,0.484117,1,0
2024-08-17,Reims,Lille,0.0758907,2.31711,0,2
2024-08-18,Angers,Lens,0.297792,1.04077,0,1
2024-08-18,Auxerre,Nice,3.03248,0.58056,2,1
2024-08-18,Montpellier,Strasbourg,1.44704,1.10476,1,1
2024-08-18,Rennes,Lyon,2.57411,2.20066,3,0
2024-08-18,Toulouse,Nantes,1.50937,0.513845,0,0
2024-08-23,Paris Saint Germain,Montpellier,4.93703,0.772997,6,0
2024-08-24,Lille,Angers,1.25796,0.737042,2,0
2024-08-24,Lyon,Monaco,0.0144803,2.60916,0,2
2024-08-24,Saint-Etienne,Le Havre,1.48827,2.23362,0,2
2024-08-25,Lens,Brest,4.01926,0.695576,2,0
2024-08-25,Marseille,Reims,2.94016,1.01201,2,2
2024-08-25,Nantes,Auxerre,1.52541,0.876338,2,0
2024-08-25,Nice,Toulouse,1.23725,0.946618,1,1
2024-08-25,Strasbourg,Rennes,1.58875,1.40309,3,1
2024-08-30,Lyon,Strasbourg,3.22754,2.44695,4,3
2024-08-31,Brest,Saint-Etienne,3.60698,0.256612,4,0
2024-08-31,Montpellier,Nantes,0.745975,1.69437,1,3
2024-08-31,Toulouse,Marseille,0.485368,1.29819,1,3
2024-09-01,Angers,Nice,1.33204,2.53408,1,4
2024-09-01,Le Havre,Auxerre,2.83661,0.743523,3,1
2024-09-01,Lille,Paris Saint Germain,1.57562,3.24139,1,3
2024-09-01,Monaco,Lens,0.905621,1.91297,1,1
2024-09-01,Reims,Rennes,2.00948,1.02619,2,1
2024-09-13,Saint-Etienne,Lille,1.1774,2.73176,1,0
2024-09-14,Auxerre,Monaco,0.419427,3.37672,0,3
2024-09-14,Marseille,Nice,1.02694,1.72041,2,0
2024-09-14,Paris Saint Germain,Brest,2.91245,1.00928,3,1
2024-09-15,Lens,Lyon,0.623644,0.529029,0,0
2024-09-15,Nantes,Reims,1.43325,0.549218,1,2
2024-09-15,Rennes,Montpellier,1.26867,0.310262,3,0
2024-09-15,Strasbourg,Angers,2.47918,0.855084,1,1
2024-09-15,Toulouse,Le Havre,1.8674,0.15045,2,0
2024-09-20,Nice,Saint-Etienne,4.50007,0.335532,8,0
2024-09-21,Lille,Strasbourg,2.30213,3.02005,3,3
2024-09-21,Reims,Paris Saint Germain,0.760314,1.90277,1,1
2024-09-21,Rennes,Lens,1.34636,0.853348,1,1
2024-09-22,Angers,Nantes,0.82486,1.28588,1,1
2024-09-22,Brest,Toulouse,0.709045,2.3505,2,0
2024-09-22,Lyon,Marseille,3.89273,0.675578,2,3
2024-09-22,Monaco,Le Havre,1.84023,0.580512,3,1
2024-09-22,Montpellier,Auxerre,1.78396,1.42586,3,2
2024-09-27,Auxerre,Brest,2.9504,0.726126,3,0
2024-09-27,Paris Saint Germain,Rennes,3.22405,2.02646,3,1
2024-09-28,Le Havre,Lille,0.488988,3.5706,0,3
2024-09-28,Lens,Nice,2.06424,0.9614,0,0
2024-09-28,Monaco,Montpellier,3.45707,0.768868,2,1
2024-09-29,Angers,Reims,1.08284,4.18122,1,3
2024-09-29,Nantes,Saint-Etienne,2.61562,1.0242,2,2
2024-09-29,Strasbourg,Marseille,1.67455,0.782395,1,0
2024-09-29,Toulouse,Lyon,0.716626,0.730803,1,2
2024-10-04,Marseille,Angers,0.896807,1.19435,1,1
2024-10-05,Lille,Toulouse,1.37754,1.43654,2,1
2024-10-05,Rennes,Monaco,0.640297,0.498715,1,2
2024-10-05,Saint-Etienne,Auxerre,2.45106,0.71964,3,1
2024-10-06,Brest,Le Havre,0.890433,2.11913,2,0
2024-10-06,Lyon,Nantes,2.43324,0.765938,2,0
2024-10-06,Nice,Paris Saint Germain,0.326466,0.822322,1,1
2024-10-06,Reims,Montpellier,3.71514,0.874094,4,2
2024-10-06,Strasbourg,Lens,1.31135,1.43012,2,2
2024-10-18,Monaco,Lille,1.1914,0.163769,0,0
2024-10-19,Brest,Rennes,1.42573,1.14445,1,1
2024-10-19,Paris Saint Germain,Strasbourg,4.66981,2.22038,4,2
2024-10-19,Saint-Etienne,Lens,0.782727,1.35593,0,2
2024-10-20,Auxerre,Reims,2.86385,1.22872,2,1
2024-10-20,Le Havre,Lyon,0.360268,2.76676,0,4
2024-10-20,Montpellier,Marseille,1.75684,3.88109,0,5
2024-10-20,Nantes,Nice,0.832336,0.776883,1,1
2024-10-20,Toulouse,Angers,2.43778,1.47299,1,1
2024-10-25,Rennes,Le Havre,1.84154,0.272294,1,0
2024-10-26,Angers,Saint-Etienne,3.26778,1.33,4,2
2024-10-26,Lens,Lille,0.865293,1.47637,0,2
2024-10-26,Reims,Brest,1.44911,1.64092,1,2
2024-10-27,Lyon,Auxerre,2.21183,1.0609,2,2
2024-10-27,Marseille,Paris Saint Germain,0.277951,4.04221,0,3
2024-10-27,Montpellier,Toulouse,0.241419,2.88708,0,3
2024-10-27,Nice,Monaco,1.79435,0.796703,2,1
2024-10-27,Strasbourg,Nantes,1.99679,0.761926,3,1
2024-11-01,Lille,Lyon,1.67241,1.58011,1,1
2024-11-01,Monaco,Angers,1.47525,0.50003,0,1
2024-11-02,Brest,Nice,1.02021,1.92085,0,1
2024-11-02,Paris Saint Germain,Lens,2.76932,0.803421,1,0
2024-11-02,Saint-Etienne,Strasbourg,2.82745,0.451174,2,0
2024-11-03,Auxerre,Rennes,2.39897,0.701873,4,0
2024-11-03,Le Havre,Montpellier,1.7998,0.722691,1,0
2024-11-03,Nantes,Marseille,1.25901,0.876221,1,2
2024-11-03,Toulouse,Reims,0.910081,0.818661,1,0
2024-11-08,Marseille,Auxerre,2.02831,2.09466,1,3
2024-11-09,Angers,Paris Saint Germain,1.21483,4.38095,2,4
2024-11-09,Lens,Nantes,3.74705,1.49891,3,2
2024-11-09,Strasbourg,Monaco,0.771173,3.42574,1,3
2024-11-10,Le Havre,Reims,1.51035,2.69952,0,3
2024-11-10,Lyon,Saint-Etienne,2.28647,0.703111,1,0
2024-11-10,Montpellier,Brest,3.03758,1.88669,3,1
2024-11-10,Nice,Lille,1.92983,2.19562,2,2
2024-11-10,Rennes,Toulouse,0.31279,1.31564,0,2
2024-11-22,Monaco,Brest,2.55781,1.38684,3,2
2024-11-22,Paris Saint Germain,Toulouse,1.63216,1.84157,3,0
2024-11-23,Lens,Marseille,2.1723,1.37895,1,3
2024-11-23,Reims,Lyon,1.17295,1.92683,1,1
2024-11-23,Saint-Etienne,Montpellier,1.27297,0.862794,1,0
2024-11-24,Auxerre,Angers,0.683126,1.14148,1,0
2024-11-24,Lille,Rennes,0.641516,0.178059,1,0
2024-11-24,Nantes,Le Havre,0.846924,0.977121,0,2
2024-11-24,Nice,Strasbourg,2.03827,0.524154,2,1
2024-11-29,Reims,Lens,0.589301,1.40788,0,2
2024-11-30,Brest,Strasbourg,2.90417,0.930345,3,1
2024-11-30,Paris Saint Germain,Nantes,3.85838,0.742742,1,1
2024-11-30,Rennes,Saint-Etienne,3.01812,0.168428,5,0
2024-12-01,Le Havre,Angers,0.322626,2.10367,0,1
2024-12-01,Lyon,Nice,2.88467,2.03621,4,1
2024-12-01,Marseille,Monaco,1.65632,0.958578,2,1
2024-12-01,Montpellier,Lille,1.28241,2.06485,2,2
2024-12-01,Toulouse,Auxerre,2.78623,0.129647,2,0
2024-12-06,Auxerre,Paris Saint Germain,0.34154,3.04535,0,0
2024-12-06,Lille,Brest,3.01042,0.740372,3,1
2024-12-07,Angers,Lyon,0.505438,2.02701,0,3
2024-12-07,Monaco,Toulouse,2.8043,0.232536,2,0
2024-12-07,Nice,Le Havre,2.27599,1.42884,2,1
2024-12-08,Lens,Montpellier,1.10272,1.51819,2,0
2024-12-08,Nantes,Rennes,1.70972,0.285927,1,0
2024-12-08,Saint-Etienne,Marseille,0.166752,2.9851,0,2
2024-12-08,Strasbourg,Reims,1.0949,1.28455,0,0
2024-12-13,Toulouse,Saint-Etienne,1.73249,0.388289,2,1
2024-12-14,Auxerre,Lens,0.51026,1.73768,2,2
2024-12-14,Marseille,Lille,1.21515,1.24013,1,1
2024-12-14,Reims,Monaco,1.52074,1.3291,0,0
2024-12-15,Brest,Nantes,2.20104,1.39913,4,1
2024-12-15,Le Havre,Strasbourg,1.58328,1.39172,0,3
2024-12-15,Montpellier,Nice,2.45121,1.55192,2,2
2024-12-15,Paris Saint Germain,Lyon,2.59615,1.23945,3,1
2024-12-15,Rennes,Angers,0.62717,0.391796,2,0
2024-12-18,Monaco,Paris Saint Germain,3.10193,2.40654,2,4
2025-01-03,Nice,Rennes,1.51944,1.50451,3,2
2025-01-04,Lille,Nantes,1.13415,1.07277,1,1
2025-01-04,Lyon,Montpellier,1.07725,1.55585,1,0
2025-01-04,Saint-Etienne,Reims,3.18639,1.27612,3,1
2025-01-05,Angers,Brest,1.90119,0.608874,2,0
2025-01-05,Lens,Toulouse,1.32887,2.19226,0,1
2025-01-05,Marseille,Le Havre,3.17491,0.885341,5,1
2025-01-05,Strasbourg,Auxerre,2.89722,1.7605,3,1
2025-01-10,Auxerre,Lille,0.601359,1.51829,0,0
2025-01-10,Nantes,Monaco,1.41184,3.48791,2,2
2025-01-11,Brest,Lyon,1.28964,1.40093,2,1
2025-01-11,Reims,Nice,0.950928,3.22004,2,4
2025-01-11,Rennes,Marseille,1.76569,2.49254,1,2
2025-01-12,Le Havre,Lens,1.84216,3.10793,1,2
2025-01-12,Montpellier,Angers,1.44663,3.46863,1,3
2025-01-12,Paris Saint Germain,Saint-Etienne,5.07062,0.410024,2,1
2025-01-12,Toulouse,Strasbourg,1.19281,1.82783,1,2
2025-01-17,Lille,Nice,1.29219,2.90437,2,1
2025-01-17,Montpellier,Monaco,2.60645,1.74957,2,1
2025-01-18,Lens,Paris Saint Germain,1.34901,1.57299,1,2
2025-01-18,Lyon,Toulouse,0.619056,1.36611,0,0
2025-01-18,Rennes,Brest,1.92675,1.87321,1,2
2025-01-19,Angers,Auxerre,1.21759,0.462137,2,0
2025-01-19,Marseille,Strasbourg,3.29082,0.854933,1,1
2025-01-19,Reims,Le Havre,1.49091,1.29453,1,1
2025-01-19,Saint-Etienne,Nantes,0.836137,1.36031,1,1
2025-01-24,Auxerre,Saint-Etienne,0.582829,1.1913,1,1
2025-01-25,Monaco,Rennes,3.47384,1.85205,3,2
2025-01-25,Paris Saint Germain,Reims,1.79628,0.613384,1,1
2025-01-25,Strasbourg,Lille,1.19703,1.95469,2,1
2025-01-26,Le Havre,Brest,0.696232,2.38282,0,1
2025-01-26,Lens,Angers,2.01118,0.0813578,1,0
2025-01-26,Nantes,Lyon,1.62983,1.61762,1,1
2025-01-26,Nice,Marseille,2.10992,1.11157,2,0
2025-01-26,Toulouse,Montpellier,1.34257,0.939857,1,2
2025-01-31,Montpellier,Lens,1.11121,3.21001,0,2
2025-02-01,Brest,Paris Saint Germain,0.63646,3.94899,2,5
2025-02-01,Lille,Saint-Etienne,2.74822,2.10343,4,1
2025-02-01,Monaco,Auxerre,2.07751,1.6376,4,2
2025-02-02,Angers,Le Havre,1.77333,2.19254,1,1
2025-02-02,Marseille,Lyon,3.61972,1.83806,3,2
2025-02-02,Reims,Nantes,0.960868,1.41652,1,2
2025-02-02,Rennes,Strasbourg,0.763344,0.994427,1,0
2025-02-02,Toulouse,Nice,0.854551,1.51342,1,1
2025-02-07,Nantes,Brest,1.45114,2.49765,0,2
2025-02-07,Paris Saint Germain,Monaco,3.13964,0.924683,4,1
2025-02-08,Lille,Le Havre,1.76979,1.65349,1,2
2025-02-08,Nice,Lens,3.37347,1.02488,2,0
2025-02-08,Saint-Etienne,Rennes,0.462142,4.06991,0,2
2025-02-09,Angers,Marseille,0.367397,2.87581,0,2
2025-02-09,Auxerre,Toulouse,0.716768,1.16269,2,2
2025-02-09,Lyon,Reims,3.24979,0.307882,4,0
2025-02-09,Strasbourg,Montpellier,3.17215,1.9822,2,0
2025-02-14,Brest,Auxerre,1.97492,1.48646,2,2
2025-02-15,Marseille,Saint-Etienne,5.94236,1.0312,5,1
2025-02-15,Monaco,Nantes,5.14782,1.36606,7,1
2025-02-15,Toulouse,Paris Saint Germain,1.19618,2.93281,0,1
2025-02-16,Le Havre,Nice,0.555829,1.22276,1,3
2025-02-16,Lens,Strasbourg,0.265561,1.97845,0,2
2025-02-16,Montpellier,Lyon,1.33893,1.59077,1,4
2025-02-16,Reims,Angers,2.06733,2.43148,0,1
2025-02-16,Rennes,Lille,0.417057,3.01977,0,2
2025-02-21,Rennes,Reims,3.0636,0.160269,1,0
2025-02-22,Auxerre,Marseille,1.96607,1.22185,3,0
2025-02-22,Lille,Monaco,1.04956,2.78007,2,1
2025-02-22,Saint-Etienne,Angers,1.70031,3.1805,3,3
2025-02-23,Le Havre,Toulouse,1.04249,2.60783,1,4
2025-02-23,Lyon,Paris Saint Germain,1.76184,2.74583,2,3
2025-02-23,Nantes,Lens,4.25273,2.06191,3,1
2025-02-23,Nice,Montpellier,2.14122,0.916772,2,0
2025-02-23,Strasbourg,Brest,0.785346,0.498988,0,0
2025-02-28,Monaco,Reims,4.01066,0.722972,3,0
2025-03-01,Lens,Le Havre,2.02687,1.73131,3,4
2025-03-01,Paris Saint Germain,Lille,3.59846,0.872733,4,1
2025-03-01,Saint-Etienne,Nice,1.01895,2.41374,1,3
2025-03-02,Angers,Toulouse,0.363765,4.43647,0,4
2025-03-02,Auxerre,Strasbourg,2.09273,1.52559,0,1
2025-03-02,Lyon,Brest,1.54474,1.89282,2,1
2025-03-02,Marseille,Nantes,2.61727,0.838148,2,0
2025-03-02,Montpellier,Rennes,1.60296,2.49604,0,4
2025-03-07,Toulouse,Monaco,1.25392,2.8576,1,1
2025-03-08,Lille,Montpellier,1.7771,0.305936,1,0
2025-03-08,Marseille,Lens,1.18945,1.23993,0,1
2025-03-08,Rennes,Paris Saint Germain,2.10922,3.39834,1,4
2025-03-09,Brest,Angers,4.53611,0.48923,2,0
2025-03-09,Le Havre,Saint-Etienne,2.15479,1.3916,1,1
2025-03-09,Nantes,Strasbourg,0.66134,1.17018,0,1
2025-03-09,Nice,Lyon,1.50591,0.78019,0,2
2025-03-09,Reims,Auxerre,1.83707,1.87605,0,2
2025-03-14,Nice,Auxerre,2.29143,0.606081,1,1
2025-03-15,Angers,Monaco,0.497795,2.03553,0,2
2025-03-15,Lens,Rennes,0.643819,0.653605,1,0
2025-03-15,Nantes,Lille,2.00991,2.45036,1,0
2025-03-16,Brest,Reims,0.33799,0.985266,0,0
2025-03-16,Lyon,Le Havre,3.58655,1.56105,4,2
2025-03-16,Montpellier,Saint-Etienne,1.33869,1.13788,0,2
2025-03-16,Paris Saint Germain,Marseille,2.60859,0.734284,3,1
2025-03-16,Strasbourg,Toulouse,1.98742,1.39687,2,1
2025-03-28,Strasbourg,Lyon,1.77552,2.87161,4,2
2025-03-29,Monaco,Nice,2.52612,0.60151,2,1
2025-03-29,Reims,Marseille,1.05547,1.07885,3,1
2025-03-29,Saint-Etienne,Paris Saint Germain,1.27635,3.96021,1,6
2025-03-30,Angers,Rennes,1.04854,1.63382,0,3
2025-03-30,Auxerre,Montpellier,2.11681,0.457017,1,0
2025-03-30,Le Havre,Nantes,4.01379,1.06585,3,2
2025-03-30,Lille,Lens,1.95492,0.596446,1,0
2025-03-30,Toulouse,Brest,2.44172,1.99117,2,4
2025-04-04,Nice,Nantes,2.17922,0.945149,1,2
2025-04-05,Brest,Monaco,0.90697,1.75483,2,1
2025-04-05,Lyon,Lille,1.75398,0.656931,2,1
2025-04-05,Paris Saint Germain,Angers,1.64379,0.280438,1,0
2025-04-06,Lens,Saint-Etienne,2.50421,1.69228,1,0
2025-04-06,Marseille,Toulouse,1.13222,1.30619,3,2
2025-04-06,Montpellier,Le Havre,0.956146,1.72977,0,2
2025-04-06,Reims,Strasbourg,0.891063,2.80314,0,1
2025-04-06,Rennes,Auxerre,1.06426,1.10602,0,1
2025-04-11,Lens,Reims,2.71917,1.44859,0,2
2025-04-12,Monaco,Marseille,2.91516,0.877673,3,0
2025-04-12,Strasbourg,Nice,0.789035,1.83829,2,2
2025-04-12,Toulouse,Lille,0.982005,0.599675,1,2
2025-04-13,Angers,Montpellier,1.771,0.452518,2,0
2025-04-13,Auxerre,Lyon,1.00397,3.11801,1,3
2025-04-13,Le Havre,Rennes,0.718016,3.72188,1,5
2025-04-13,Saint-Etienne,Brest,1.02329,2.01379,3,3
2025-04-18,Rennes,Nantes,2.52992,0.702331,2,1
2025-04-19,Marseille,Montpellier,3.82233,0.304052,5,1
2025-04-19,Monaco,Strasbourg,0.969947,0.340219,0,0
2025-04-19,Paris Saint Germain,Le Havre,3.19233,0.709291,2,1
2025-04-20,Brest,Lens,1.05399,2.98551,1,3
2025-04-20,Lille,Auxerre,2.97047,0.280948,3,1
2025-04-20,Nice,Angers,2.72567,0.278639,2,1
2025-04-20,Reims,Toulouse,0.659517,1.32734,1,0
2025-04-20,Saint-Etienne,Lyon,1.74645,0.632299,2,1
2025-04-22,Nantes,Paris Saint Germain,0.520926,2.30552,1,1
2025-04-25,Paris Saint Germain,Nice,4.50698,1.63001,1,3
2025-04-26,Le Havre,Monaco,0.807798,3.28954,1,1
2025-04-26,Lyon,Rennes,2.25879,0.781584,4,1
2025-04-26,Strasbourg,Saint-Etienne,2.8346,2.2201,3,1
2025-04-27,Angers,Lille,0.916985,2.22596,0,2
2025-04-27,Lens,Auxerre,2.31455,2.38411,0,4
2025-04-27,Marseille,Brest,1.12568,2.00913,4,1
2025-04-27,Montpellier,Reims,0.949696,1.03714,0,0
2025-04-27,Nantes,Toulouse,1.33764,0.410988,0,0
2025-05-02,Nice,Reims,1.2118,0.876237,1,0
2025-05-03,Saint-Etienne,Monaco,1.16957,1.84407,1,3
2025-05-03,Strasbourg,Paris Saint Germain,1.42064,2.35931,2,1
2025-05-03,Toulouse,Rennes,1.01393,1.57739,2,1
2025-05-04,Auxerre,Le Havre,0.32277,1.30285,1,2
2025-05-04,Brest,Montpellier,1.34191,0.413817,1,0
2025-05-04,Lille,Marseille,0.682721,1.42571,1,1
2025-05-04,Lyon,Lens,1.1801,0.952824,1,2
2025-05-04,Nantes,Angers,0.14126,0.727966,0,1
2025-05-10,Angers,Strasbourg,1.33058,0.710143,2,1
2025-05-10,Auxerre,Nantes,0.624481,0.823377,1,1
2025-05-10,Brest,Lille,1.88589,1.84479,2,0
2025-05-10,Le Havre,Marseille,1.10297,2.16132,1,3
2025-05-10,Monaco,Lyon,1.48659,0.390411,2,0
2025-05-10,Montpellier,Paris Saint Germain,0.594471,1.78222,1,4
2025-05-10,Reims,Saint-Etienne,1.12267,0.71062,0,2
2025-05-10,Rennes,Nice,2.06744,1.23457,2,0
2025-05-10,Toulouse,Lens,1.12406,0.766404,1,1
2025-05-17,Lens,Monaco,2.49045,0.481188,4,0
2025-05-17,Lille,Reims,2.31624,0.0983246,2,1
2025-05-17,Lyon,Angers,3.75818,0.556633,2,0
2025-05-17,Marseille,Rennes,4.06558,1.40321,4,2
2025-05-17,Nantes,Montpellier,3.00657,0.602786,3,0
2025-05-17,Nice,Brest,5.0223,0.68904,6,0
2025-05-17,Paris Saint Germain,Auxerre,3.71972,0.9013,3,1
2025-05-17,Saint-Etienne,Toulouse,1.32698,3.82215,2,3
2025-05-17,Strasbourg,Le Havre,1.74414,2.49529,2,3
2025-08-15,Rennes,Marseille,1.31418,2.07298,1,0
2025-08-16,Lens,Lyon,1.87447,1.615,0,1
2025-08-16,Monaco,Le Havre,1.88048,0.427494,3,1
2025-08-16,Nice,Toulouse,0.95554,0.56945,0,1
2025-08-17,Angers,Paris FC,0.82142,0.71125,1,0
2025-08-17,Auxerre,Lorient,1.4925,1.84516,1,0
2025-08-17,Brest,Lille,1.49573,1.84218,3,3
2025-08-17,Metz,Strasbourg,0.184483,0.731013,0,1
2025-08-17,Nantes,Paris Saint Germain,0.124428,1.35682,0,1
2025-08-22,Paris Saint Germain,Angers,2.0878,0.176876,1,0
2025-08-23,Lyon,Metz,2.35479,0.504863,3,0
2025-08-23,Marseille,Paris FC,3.337,1.05457,5,2
2025-08-23,Nice,Auxerre,2.66284,2.24407,3,1
2025-08-24,Le Havre,Lens,2.0398,1.29098,1,2
2025-08-24,Lille,Monaco,2.41091,1.52213,1,0
2025-08-24,Lorient,Rennes,3.4466,0.0728372,4,0
2025-08-24,Strasbourg,Nantes,1.81743,0.425423,1,0
2025-08-24,Toulouse,Brest,1.32432,0.750148,2,0
2025-08-29,Lens,Brest,4.42054,0.963409,3,1
2025-08-30,Lorient,Lille,1.1603,3.70255,1,7
2025-08-30,Nantes,Auxerre,0.418091,1.10996,1,0
2025-08-30,Toulouse,Paris Saint Germain,2.33006,2.49609,3,6
2025-08-31,Angers,Rennes,1.58619,1.73758,1,1
2025-08-31,Le Havre,Nice,1.75553,0.715595,3,1
2025-08-31,Lyon,Marseille,3.15727,0.896862,1,0
2025-08-31,Monaco,Strasbourg,2.35547,1.7732,3,2
2025-08-31,Paris FC,Metz,3.39898,1.6248,3,2
2025-09-12,Marseille,Lorient,2.83367,0.187377,4,0
2025-09-13,Auxerre,Monaco,0.904229,1.62646,1,2
2025-09-13,Nice,Nantes,2.34645,0.775945,1,0
2025-09-14,Brest,Paris FC,2.60519,1.85008,1,2
2025-09-14,Lille,Toulouse,2.42116,1.15678,2,1
2025-09-14,Metz,Angers,1.76271,1.98184,1,1
2025-09-14,Paris Saint Germain,Lens,1.05815,1.2242,2,0
2025-09-14,Rennes,Lyon,2.20918,1.7381,3,1
2025-09-14,Strasbourg,Le Havre,1.43354,0.524832,1,0
2025-09-19,Lyon,Angers,2.20483,0.677354,1,0
2025-09-20,Brest,Nice,2.07376,2.26393,4,1
2025-09-20,Lens,Lille,3.8174,1.89889,3,0
2025-09-20,Nantes,Rennes,2.65629,1.44041,2,2
2025-09-21,Auxerre,Toulouse,0.883373,1.50957,1,0
2025-09-21,Le Havre,Lorient,2.23396,1.26993,1,1
2025-09-21,Monaco,Metz,3.497,1.91296,5,2
2025-09-21,Paris FC,Strasbourg,1.9014,2.46459,2,3
2025-09-22,Marseille,Paris Saint Germain,1.77744,0.919565,1,0
2025-09-26,Strasbourg,Marseille,1.0976,2.00258,1,2
2025-09-27,Lorient,Monaco,2.09364,0.894035,3,1
2025-09-27,Paris Saint Germain,Auxerre,2.11672,0.73132,2,0
2025-09-27,Toulouse,Nantes,1.98573,1.8303,2,2
2025-09-28,Angers,Brest,0.501827,1.34192,0,2
2025-09-28,Lille,Lyon,1.65271,0.642572,0,1
2025-09-28,Metz,Le Havre,0.39939,0.395921,0,0
2025-09-28,Nice,Paris FC,1.36997,1.49444,1,1
2025-09-28,Rennes,Lens,1.57438,1.51932,0,0
2025-10-03,Paris FC,Lorient,1.83687,0.855852,2,0
2025-10-04,Auxerre,Lens,1.27422,0.471027,1,2
2025-10-04,Brest,Nantes,1.44552,0.489862,0,0
2025-10-04,Metz,Marseille,0.1529,2.67719,0,3
2025-10-05,Le Havre,Rennes,1.98097,1.21285,2,2
2025-10-05,Lille,Paris Saint Germain,0.647492,1.71207,1,1
2025-10-05,Lyon,Toulouse,1.42206,1.36525,1,2
2025-10-05,Monaco,Nice,2.4556,1.13121,2,2
2025-10-05,Strasbourg,Angers,4.2783,0.294622,5,0
2025-10-17,Paris Saint Germain,Strasbourg,2.85659,1.92082,3,3
2025-10-18,Angers,Monaco,1.58102,1.65166,1,1
2025-10-18,Marseille,Le Havre,4.20445,0.352985,6,2
2025-10-18,Nice,Lyon,1.16366,2.89867,3,2
2025-10-19,Lens,Paris FC,1.98018,0.583966,2,1
2025-10-19,Lorient,Brest,1.5878,1.56803,3,3
2025-10-19,Nantes,Lille,0.772603,2.7603,0,2
2025-10-19,Rennes,Auxerre,1.93587,1.66634,2,2
2025-10-19,Toulouse,Metz,2.73037,0.119104,4,0
2025-10-24,Paris FC,Nantes,0.951277,0.916827,1,2
2025-10-25,Brest,Paris Saint Germain,1.89257,2.92453,0,3
2025-10-25,Lens,Marseille,1.87596,0.765479,2,1
2025-10-25,Monaco,Toulouse,3.37276,0.584122,1,0
2025-10-26,Angers,Lorient,1.30397,2.00206,2,0
2025-10-26,Auxerre,Le Havre,0.563862,1.52215,0,1
2025-10-26,Lille,Metz,3.85054,1.01476,6,1
2025-10-26,Lyon,Strasbourg,1.14566,0.798152,2,1
2025-10-26,Rennes,Nice,1.54435,0.88734,1,2
2025-10-29,Le Havre,Brest,0.556063,0.370311,1,0
2025-10-29,Lorient,Paris Saint Germain,0.192946,1.28813,1,1
2025-10-29,Marseille,Angers,1.58833,0.996929,2,2
2025-10-29,Metz,Lens,3.11925,1.23771,2,0
2025-10-29,Nantes,Monaco,2.1261,4.10211,3,5
2025-10-29,Nice,Lille,1.74459,0.661109,2,0
2025-10-29,Paris FC,Lyon,0.581508,1.21871,3,3
2025-10-29,Strasbourg,Auxerre,4.10806,0.68695,3,0
2025-10-29,Toulouse,Rennes,1.62131,1.26096,2,2
2025-11-01,Auxerre,Marseille,1.09464,0.698037,0,1
2025-11-01,Monaco,Paris FC,0.820947,1.18048,0,1
2025-11-01,Paris Saint Germain,Nice,1.88647,0.3867,1,0
2025-11-02,Brest,Lyon,1.63942,0.143862,0,0
2025-11-02,Lens,Lorient,3.21467,1.98367,3,0
2025-11-02,Lille,Angers,2.2089,0.277522,1,0
2025-11-02,Nantes,Metz,1.07598,1.36245,0,2
2025-11-02,Rennes,Strasbourg,3.06877,2.08816,4,1
2025-11-02,Toulouse,Le Havre,1.07851,1.07299,0,0
2025-11-07,Paris FC,Rennes,2.2285,1.36728,0,1
2025-11-08,Le Havre,Nantes,0.984753,0.353936,1,1
2025-11-08,Marseille,Brest,3.09058,0.69584,3,0
2025-11-08,Monaco,Lens,2.4076,3.23933,1,4
2025-11-09,Angers,Auxerre,1.15143,0.589602,2,0
2025-11-09,Lorient,Toulouse,1.26999,1.15206,1,1
2025-11-09,Lyon,Paris Saint Germain,0.712588,1.69872,2,3
2025-11-09,Metz,Nice,1.32977,0.784993,2,1
2025-11-09,Strasbourg,Lille,0.768163,0.480004,2,0
2025-11-21,Nice,Marseille,1.36131,3.09163,1,5
2025-11-22,Lens,Strasbourg,2.2242,0.400272,1,0
2025-11-22,Paris Saint Germain,Le Havre,4.11577,1.28573,3,0
2025-11-22,Rennes,Monaco,3.067,1.60818,4,1
2025-11-23,Auxerre,Lyon,1.512,1.27606,0,0
2025-11-23,Brest,Metz,3.36815,1.02855,3,2
2025-11-23,Lille,Paris FC,4.14474,1.50332,4,2
2025-11-23,Nantes,Lorient,0.915515,0.352154,1,1
2025-11-23,Toulouse,Angers,1.85382,0.324057,0,1
2025-11-28,Metz,Rennes,1.31354,0.980088,0,1
2025-11-29,Marseille,Toulouse,1.62768,1.09387,2,2
2025-11-29,Monaco,Paris Saint Germain,0.637875,1.47676,1,0
2025-11-29,Paris FC,Auxerre,1.80891,1.15143,1,1
2025-11-30,Angers,Lens,1.10642,1.96335,1,2
2025-11-30,Le Havre,Lille,0.867678,1.35017,0,1
2025-11-30,Lorient,Nice,3.49255,1.3285,3,1
2025-11-30,Lyon,Nantes,2.1878,0.384922,3,0
2025-11-30,Strasbourg,Brest,1.14608,1.00638,1,2
2025-12-05,Brest,Monaco,1.13774,0.485017,1,0
2025-12-05,Lille,Marseille,0.572302,0.902813,1,0
2025-12-06,Nantes,Lens,1.1817,3.26397,1,2
2025-12-06,Paris Saint Germain,Rennes,2.32641,0.153549,5,0
2025-12-06,Toulouse,Strasbourg,0.64097,0.0918532,1,0
2025-12-07,Auxerre,Metz,2.22374,0.346523,3,1
2025-12-07,Le Havre,Paris FC,1.93371,1.2524,0,0
2025-12-07,Lorient,Lyon,2.48644,0.475087,1,0
2025-12-07,Nice,Angers,1.38209,1.33715,0,1
2025-12-12,Angers,Nantes,3.04663,0.26526,4,1
2025-12-13,Metz,Paris Saint Germain,0.363683,1.94768,2,3
2025-12-13,Paris FC,Toulouse,0.366399,2.03766,0,3
2025-12-13,Rennes,Brest,1.58903,0.872611,3,1
2025-12-14,Auxerre,Lille,2.50862,0.733512,3,4
2025-12-14,Lens,Nice,1.91622,0.733412,2,0
2025-12-14,Lyon,Le Havre,2.9604,1.44459,1,0
2025-12-14,Marseille,Monaco,2.02467,1.94962,1,0
2025-12-14,Strasbourg,Lorient,0.911848,0.415871,0,0
2026-01-02,Toulouse,Lens,0.46972,2.67769,0,3
2026-01-03,Lille,Rennes,1.06111,1.49739,0,2
2026-01-03,Monaco,Lyon,0.799996,1.95535,1,3
2026-01-03,Nice,Strasbourg,2.39473,1.38731,1,1
2026-01-04,Brest,Auxerre,1.54399,0.835513,2,0
2026-01-04,Le Havre,Angers,1.54881,0.730978,2,1
2026-01-04,Lorient,Metz,1.55407,0.364932,1,1
2026-01-04,Marseille,Nantes,1.14141,3.16795,0,2
2026-01-04,Paris Saint Germain,Paris FC,1.58716,0.938334,2,1
2026-01-16,Monaco,Lorient,1.31321,1.17141,1,3
2026-01-16,Paris Saint Germain,Lille,1.29284,0.67995,3,0
2026-01-17,Angers,Marseille,1.03735,3.91118,2,5
2026-01-17,Lens,Auxerre,2.61821,0.393025,1,0
2026-01-17,Toulouse,Nice,1.77349,1.41914,5,1
2026-01-18,Lyon,Brest,2.62893,1.16318,2,1
2026-01-18,Nantes,Paris FC,0.411699,0.738941,1,2
2026-01-18,Rennes,Le Havre,2.54723,0.538741,1,1
2026-01-18,Strasbourg,Metz,1.019,0.984265,2,1
2026-01-23,Auxerre,Paris Saint Germain,0.352997,2.19544,0,1
2026-01-24,Le Havre,Monaco,0.171551,0.562454,0,0
2026-01-24,Marseille,Lens,1.07239,1.00288,3,1
2026-01-24,Rennes,Lorient,1.88241,1.10359,0,2
2026-01-25,Brest,Toulouse,0.988274,0.684258,0,2
2026-01-25,Lille,Strasbourg,1.74087,3.56512,1,4
2026-01-25,Metz,Lyon,1.18331,3.34121,2,5
2026-01-25,Nantes,Nice,1.98581,1.6112,1,4
2026-01-25,Paris FC,Angers,0.759097,0.342734,0,0
2026-01-30,Lens,Le Havre,1.60367,0.407119,1,0
2026-01-31,Lorient,Nantes,0.777027,1.20179,2,1
2026-01-31,Monaco,Rennes,2.28518,0.427968,4,0
2026-01-31,Paris FC,Marseille,1.82048,2.71118,2,2
2026-02-01,Angers,Metz,1.34676,0.397871,1,0
2026-02-01,Lyon,Lille,0.616999,0.390671,1,0
2026-02-01,Nice,Brest,1.2009,1.83505,2,2
2026-02-01,Strasbourg,Paris Saint Germain,1.97116,1.16489,1,2
2026-02-01,Toulouse,Auxerre,0.804565,0.871363,0,0
2026-02-08,Angers,Toulouse,1.17089,0.691991,1,0
2026-02-08,Auxerre,Paris FC,1.27393,0.758207,0,0
2026-02-08,Brest,Lorient,2.05135,0.720569,2,0
2026-02-08,Le Havre,Strasbourg,0.856821,0.51294,2,1
2026-02-08,Lens,Rennes,1.01131,1.33597,3,1
2026-02-08,Metz,Lille,0.581838,1.53538,0,0
2026-02-08,Nantes,Lyon,0.795659,0.990033,0,1
2026-02-08,Nice,Monaco,0.455943,0.827302,0,0
2026-02-08,Paris Saint Germain,Marseille,4.63077,0.90611,5,0
2026-02-13,Monaco,Nantes,2.20188,1.00661,3,1
2026-02-13,Rennes,Paris Saint Germain,1.80204,4.17604,3,1
2026-02-14,Lille,Brest,1.77426,0.841964,1,1
2026-02-14,Marseille,Strasbourg,1.61535,2.39153,2,2
2026-02-14,Paris FC,Lens,0.399344,3.50163,0,5
2026-02-15,Le Havre,Toulouse,0.977711,3.12342,2,1
2026-02-15,Lorient,Angers,1.4393,0.406012,2,0
2026-02-15,Lyon,Nice,1.9974,1.30477,2,0
2026-02-15,Metz,Auxerre,0.753602,1.05829,1,3
2026-02-20,Brest,Marseille,1.33408,1.3575,2,0
2026-02-21,Lens,Monaco,1.82827,2.34004,2,3
2026-02-21,Paris Saint Germain,Metz,2.41445,0.0591146,3,0
2026-02-21,Toulouse,Paris FC,2.67763,0.687806,1,1
2026-02-22,Angers,Lille,0.24039,2.74265,0,1
2026-02-22,Auxerre,Rennes,0.700042,1.10597,0,3
2026-02-22,Nantes,Le Havre,1.70753,0.753349,2,0
2026-02-22,Nice,Lorient,2.74646,1.97697,3,3
2026-02-22,Strasbourg,Lyon,2.22901,0.427324,3,1
2026-02-27,Strasbourg,Lens,0.874721,2.03807,1,1
2026-02-28,Le Havre,Paris Saint Germain,0.682797,4.03627,0,1
2026-02-28,Monaco,Angers,1.67082,0.609359,2,0
2026-02-28,Rennes,Toulouse,0.709138,0.668386,1,0
2026-03-01,Lille,Nantes,0.495693,0.171014,1,0
2026-03-01,Lorient,Auxerre,1.02766,1.96667,2,2
2026-03-01,Marseille,Lyon,1.78764,1.78524,3,2
2026-03-01,Metz,Brest,1.58374,0.963216,0,1
2026-03-01,Paris FC,Nice,1.3017,1.26295,1,0
2026-03-06,Paris Saint Germain,Monaco,1.22179,1.75294,1,3
2026-03-07,Auxerre,Strasbourg,1.03226,1.27324,0,0
2026-03-07,Nantes,Angers,0.611683,0.853223,0,1
2026-03-07,Toulouse,Marseille,1.28713,1.3226,0,1
2026-03-08,Brest,Le Havre,1.26459,1.10286,2,0
2026-03-08,Lens,Metz,2.22106,0.250806,3,0
2026-03-08,Lille,Lorient,0.850092,0.929269,1,1
2026-03-08,Lyon,Paris FC,1.92522,2.32579,1,1
2026-03-08,Nice,Rennes,2.68488,1.87138,0,4
2026-03-13,Marseille,Auxerre,1.12898,0.293047,1,0
2026-03-14,Angers,Nice,0.889177,1.60128,0,2
2026-03-14,Lorient,Lens,2.37345,1.01216,2,1
2026-03-14,Monaco,Brest,2.81345,1.56097,2,0
2026-03-15,Le Havre,Lyon,0.640079,1.13833,0,0
2026-03-15,Metz,Toulouse,1.62616,1.74262,3,4
2026-03-15,Rennes,Lille,1.5463,1.3508,1,2
2026-03-15,Strasbourg,Paris FC,1.20221,0.616395,0,0
2026-03-20,Lens,Angers,4.33933,1.15185,5,1
2026-03-21,Auxerre,Brest,2.0573,0.882319,3,0
2026-03-21,Nice,Paris Saint Germain,0.17662,4.04442,0,4
2026-03-21,Toulouse,Lorient,1.48458,0.477676,1,0
2026-03-22,Lyon,Monaco,1.10723,3.4997,1,2
2026-03-22,Marseille,Lille,1.02929,1.61107,1,2
2026-03-22,Nantes,Strasbourg,1.91469,2.83907,2,3
2026-03-22,Paris FC,Le Havre,2.42628,1.74386,3,2
2026-03-22,Rennes,Metz,1.70552,0.314914,0,0
2026-04-03,Paris Saint Germain,Toulouse,1.7337,0.102597,3,1
2026-04-04,Brest,Rennes,1.89452,2.7958,3,4
2026-04-04,Lille,Lens,3.82171,0.412713,3,0
2026-04-04,Strasbourg,Nice,2.70892,0.354354,3,1
2026-04-05,Angers,Lyon,0.353538,0.522379,0,0
2026-04-05,Le Havre,Auxerre,0.711193,2.40825,1,1
2026-04-05,Lorient,Paris FC,1.16554,1.39879,1,1
2026-04-05,Metz,Nantes,2.3189,0.389282,0,0
2026-04-05,Monaco,Marseille,1.67743,3.10791,2,1
2026-04-10,Marseille,Metz,3.31638,0.535052,3,1
2026-04-10,Paris FC,Monaco,2.95341,1.7647,4,1
2026-04-11,Auxerre,Nantes,0.797017,1.44705,0,0
2026-04-11,Rennes,Angers,1.09968,1.19461,2,1
2026-04-12,Lyon,Lorient,1.84879,1.57488,2,0
2026-04-12,Nice,Le Havre,2.14773,2.12622,1,1
2026-04-12,Toulouse,Lille,1.46514,2.08775,0,4
2026-04-17,Lens,Toulouse,3.98387,0.578481,3,2
2026-04-18,Angers,Le Havre,0.961095,1.54566,1,1
2026-04-18,Lille,Nice,0.413432,0.171356,0,0
2026-04-18,Lorient,Marseille,1.28628,2.13073,2,0
2026-04-19,Metz,Paris FC,1.48448,1.97282,1,3
2026-04-19,Monaco,Auxerre,1.94243,0.745123,2,2
2026-04-19,Nantes,Brest,0.970265,0.631132,1,1
2026-04-19,Paris Saint Germain,Lyon,3.20455,1.20364,1,2
2026-04-19,Strasbourg,Rennes,0.944239,3.25297,0,3
2026-04-22,Paris Saint Germain,Nantes,2.26452,0.672206,3,0
2026-04-24,Brest,Lens,0.309794,3.24582,3,3
2026-04-25,Angers,Paris Saint Germain,0.977437,3.00296,0,3
2026-04-25,Lyon,Auxerre,2.16328,0.883316,3,2
2026-04-25,Toulouse,Monaco,2.15303,1.34617,2,2
2026-04-26,Le Havre,Metz,2.64995,1.88709,4,4
2026-04-26,Lorient,Strasbourg,2.57081,1.98869,2,3
2026-04-26,Marseille,Nice,2.82843,1.41493,1,1
2026-04-26,Paris FC,Lille,1.12423,1.75999,0,1
2026-04-26,Rennes,Nantes,1.55601,2.51691,2,1
2026-05-03,Auxerre,Angers,2.5499,2.16783,3,1
2026-05-03,Lille,Le Havre,1.9163,0.334256,1,1
2026-05-03,Lyon,Rennes,2.6657,1.06495,4,2
2026-05-03,Metz,Monaco,1.1478,1.58879,1,2
2026-05-03,Nantes,Marseille,3.07178,1.55164,3,0
2026-05-03,Nice,Lens,1.33864,1.55241,1,1
2026-05-03,Paris FC,Brest,2.86094,0.733091,4,0
2026-05-03,Paris Saint Germain,Lorient,2.98414,1.27737,2,2
2026-05-03,Strasbourg,Toulouse,0.405296,1.67665,1,2
2026-05-08,Lens,Nantes,0.719134,1.06721,1,0
2026-05-10,Angers,Strasbourg,0.793655,1.81952,1,1
2026-05-10,Auxerre,Nice,0.866185,2.07007,2,1
2026-05-10,Le Havre,Marseille,1.23305,1.03467,0,1
2026-05-10,Metz,Lorient,0.730271,1.76754,0,4
2026-05-10,Monaco,Lille,0.308864,0.400405,0,1
2026-05-10,Paris Saint Germain,Brest,1.608,0.123268,1,0
2026-05-10,Rennes,Paris FC,1.53143,1.59351,2,1
2026-05-10,Toulouse,Lyon,1.87108,1.56954,2,1
2026-05-13,Brest,Strasbourg,2.64653,1.69163,1,2
2026-05-13,Lens,Paris Saint Germain,3.03896,0.943876,0,2
2026-05-17,Brest,Angers,2.38724,1.06418,1,1
2026-05-17,Lille,Auxerre,1.22445,0.615778,0,2
2026-05-17,Lorient,Le Havre,1.26937,1.28765,0,2
2026-05-17,Lyon,Lens,1.12358,2.01573,0,4
2026-05-17,Marseille,Rennes,3.90151,2.20696,3,1
2026-05-17,Nantes,Toulouse,0.0840142,0.319014,0,0
2026-05-17,Nice,Metz,1.216,0.836784,0,0
2026-05-17,Paris FC,Paris Saint Germain,2.32862,0.863934,2,1
2026-05-17,Strasbourg,Monaco,2.11536,1.44729,5,4
2026-08-21,Marseille,Strasbourg,2.35215,0.192997,4,0
2026-08-22,Le Mans,Brest,0.768246,2.62744,2,2
2026-08-22,Lens,Auxerre,5.11771,1.70602,5,2
2026-08-22,Nice,Lorient,1.08878,1.98004,0,0
2026-08-22,Toulouse,Lyon,2.15622,0.757819,0,2
2026-08-22,Troyes,Paris FC,0.339728,1.5465,0,0
2026-08-23,Angers,Lille,1.85763,1.21456,0,2
2026-08-23,Le Havre,Monaco,0.662278,1.65557,0,1
2026-08-23,Paris Saint Germain,Rennes,0.63016,0.910543,0,0
2026-08-28,Lille,Paris Saint Germain,1.16266,1.78135,2,2
2026-08-29,Auxerre,Angers,1.76507,1.77769,1,3
2026-08-29,Brest,Toulouse,3.6482,1.30883,2,2
2026-08-29,Lorient,Troyes,1.02163,1.68146,1,2
2026-08-29,Lyon,Le Havre,2.30929,1.10399,1,1
2026-08-29,Strasbourg,Lens,1.85921,2.95021,2,1
2026-08-30,Monaco,Marseille,1.60964,1.25309,2,0
2026-08-30,Paris FC,Nice,3.01882,0.589554,3,0
2026-08-30,Rennes,Le Mans,3.64052,2.72393,3,2
2026-09-03,Toulouse,Lille,2.97022,1.04406,0,1
2026-09-04,Lyon,Auxerre,2.88188,0.907856,3,1
2026-09-04,Paris Saint Germain,Monaco,2.52357,0.601454,1,2
2026-09-05,Le Havre,Brest,1.61083,3.01175,1,2
2026-09-05,Lens,Lorient,1.10048,1.03397,0,1
2026-09-05,Nice,Le Mans,1.2469,1.17845,1,1
2026-09-06,Angers,Rennes,1.86719,2.37195,1,2
2026-09-06,Marseille,Paris FC,1.72315,3.37808,2,3
2026-09-06,Troyes,Strasbourg,2.64731,3.51582,2,6
2026-09-11,Rennes,Marseille,2.31897,1.30655,1,0
2026-09-12,Auxerre,Nice,1.69749,0.60178,1,0
2026-09-12,Le Havre,Angers,1.02624,0.481433,0,0
2026-09-12,Lorient,Toulouse,0.689314,1.3359,2,2
2026-09-12,Paris FC,Lyon,0.576571,0.402849,0,0
2026-09-12,Strasbourg,Monaco,0.674791,0.766591,1,1
2026-09-13,Brest,Paris Saint Germain,1.24238,1.33411,0,1
2026-09-13,Le Mans,Lens,2.15559,1.87551,2,2
2026-09-13,Lille,Troyes,2.05206,0.352733,2,0
2026-09-18,Monaco,Lens,1.53599,1.46144,2,1
2026-09-19,Angers,Troyes,2.38813,1.16391,2,0
2026-09-19,Le Mans,Lorient,0.959241,1.07323,2,1
2026-09-19,Lyon,Rennes,3.60496,1.15783,4,0
2026-09-19,Paris FC,Strasbourg,0.907233,0.230224,2,1
2026-09-19,Toulouse,Le Havre,2.82989,2.15515,3,2
2026-09-20,Auxerre,Brest,0.769606,0.304072,2,1
2026-09-20,Marseille,Paris Saint Germain,1.86575,4.67277,1,2
2026-09-20,Nice,Lille,1.93232,1.93315,2,1
2026-10-09,Lens,Lyon,1.40616,1.031,2,1
