date,home_team,away_team,home_xg,away_xg,home_goals,away_goals,match_id
2020-09-18,Famalicão,Benfica,0.57,2.97,1,5,3421632
2020-09-18,Vitória de Guimarães,Cova da Piedade SAD,0.43,0.53,0,1,3421643
2020-09-19,FC Porto,Braga,2.73,0.59,3,1,3421641
2020-09-19,Nacional,Boavista,1.31,0.35,3,3,3421645
2020-09-20,Moreirense,Farense,2.16,0.63,2,0,3421642
2020-09-20,Santa Clara,Marítimo,2.16,1.52,2,0,3421644
2020-09-20,Tondela,Rio Ave,0.58,1.04,1,1,3421638
2020-09-21,Portimonense,Paços de Ferreira,0.92,2.01,1,1,3421640
2020-09-25,Braga,Santa Clara,2.0,0.68,0,1,3421646
2020-09-26,Benfica,Moreirense,3.98,0.2,2,0,3421634
2020-09-26,Boavista,FC Porto,1.22,2.33,0,5,3421633
2020-09-26,Marítimo,Tondela,1.12,1.67,2,1,3421647
2020-09-27,Farense,Nacional,1.2,1.04,0,1,3421660
2020-09-27,Gil Vicente,Portimonense,1.07,1.39,1,0,3421637
2020-09-27,Paços de Ferreira,Sporting CP,0.86,2.23,0,2,3421636
2020-09-27,Rio Ave,Vitória de Guimarães,0.23,0.69,0,0,3421659
2020-09-28,Cova da Piedade SAD,Famalicão,0.52,0.75,1,2,3421635
2020-10-02,Moreirense,Boavista,1.94,1.07,1,1,3421653
2020-10-02,Vitória de Guimarães,Paços de Ferreira,1.1,1.01,1,0,3421654
2020-10-03,FC Porto,Marítimo,2.69,1.2,2,3,3421652
2020-10-03,Santa Clara,Gil Vicente,1.01,0.32,0,0,3421655
2020-10-03,Tondela,Braga,1.24,2.22,0,4,3421650
2020-10-04,Benfica,Farense,1.88,2.38,3,2,3421656
2020-10-04,Famalicão,Rio Ave,1.19,0.74,1,1,3421658
2020-10-04,Nacional,Cova da Piedade SAD,1.63,0.65,0,0,3421657
2020-10-04,Portimonense,Sporting CP,0.87,1.8,0,2,3421651
2020-10-17,Braga,Nacional,1.56,0.43,2,1,3421675
2020-10-17,Gil Vicente,Tondela,1.9,0.05,1,1,3421649
2020-10-17,Marítimo,Portimonense,1.77,1.45,1,2,3421674
2020-10-17,Sporting CP,FC Porto,1.75,1.77,2,2,3421671
2020-10-18,Cova da Piedade SAD,Moreirense,1.01,0.78,0,0,3421661
2020-10-18,Farense,Famalicão,2.27,1.67,3,3,3421673
2020-10-18,Paços de Ferreira,Santa Clara,1.2,1.82,2,1,3421648
2020-10-18,Rio Ave,Benfica,0.2,1.84,0,3,3421672
2020-10-19,Boavista,Vitória de Guimarães,1.54,0.44,0,1,3421662
2020-10-23,Tondela,Portimonense,0.99,1.25,1,0,3421676
2020-10-24,FC Porto,Gil Vicente,2.65,0.82,1,0,3421664
2020-10-24,Nacional,Paços de Ferreira,0.37,0.8,1,1,3421669
2020-10-24,Santa Clara,Sporting CP,0.51,1.89,1,2,3421667
2020-10-25,Famalicão,Boavista,2.47,0.65,2,2,3421670
2020-10-25,Farense,Rio Ave,0.69,0.66,0,1,3421663
2020-10-25,Moreirense,Marítimo,2.78,0.89,2,1,3421665
2020-10-25,Vitória de Guimarães,Braga,0.7,1.61,0,1,3421666
2020-10-26,Benfica,Cova da Piedade SAD,2.21,0.23,2,0,3421668
2020-10-28,Sporting CP,Gil Vicente,1.75,0.21,3,1,3421639
2020-10-30,Paços de Ferreira,FC Porto,2.65,1.42,3,2,3421691
2020-10-31,Cova da Piedade SAD,Farense,1.05,2.34,1,1,3421690
2020-10-31,Marítimo,Nacional,0.57,0.26,0,0,3421687
2020-10-31,Rio Ave,Moreirense,1.73,0.26,2,0,3421686
2020-11-01,Gil Vicente,Vitória de Guimarães,1.81,1.33,1,2,3421678
2020-11-01,Portimonense,Santa Clara,1.17,2.18,1,2,3421685
2020-11-01,Sporting CP,Tondela,4.15,0.13,4,0,3421684
2020-11-02,Boavista,Benfica,2.54,0.82,3,0,3421689
2020-11-02,Braga,Famalicão,1.53,0.25,1,0,3421688
2020-11-06,Cova da Piedade SAD,Rio Ave,0.48,0.56,0,0,3421681
2020-11-07,Famalicão,Marítimo,2.22,0.67,2,1,3421683
2020-11-07,Tondela,Santa Clara,1.42,1.98,2,0,3421705
2020-11-07,Vitória de Guimarães,Sporting CP,0.89,2.25,0,4,3421679
2020-11-08,Benfica,Braga,2.9,1.16,2,3,3421680
2020-11-08,FC Porto,Portimonense,1.91,0.95,3,1,3421693
2020-11-08,Farense,Boavista,1.39,0.89,3,1,3421706
2020-11-08,Nacional,Gil Vicente,1.38,1.82,2,1,3421682
2020-11-27,Paços de Ferreira,Famalicão,1.18,0.42,2,0,3421703
2020-11-27,Tondela,Vitória de Guimarães,0.75,2.02,0,2,3421696
2020-11-28,Santa Clara,FC Porto,0.37,0.19,0,1,3421700
2020-11-28,Sporting CP,Moreirense,2.24,0.06,2,1,3421697
2020-11-29,Boavista,Cova da Piedade SAD,1.07,0.58,0,0,3421702
2020-11-29,Braga,Farense,1.95,0.31,1,0,3421701
2020-11-29,Gil Vicente,Rio Ave,0.26,0.74,2,0,3421704
2020-11-29,Portimonense,Nacional,1.32,0.41,1,0,3421698
2020-11-30,Marítimo,Benfica,0.95,1.34,1,2,3421699
2020-12-01,Moreirense,Paços de Ferreira,0.66,0.77,0,1,3421692
2020-12-05,FC Porto,Tondela,2.84,0.9,4,3,3421719
2020-12-05,Famalicão,Sporting CP,0.74,1.45,2,2,3421695
2020-12-05,Moreirense,Gil Vicente,0.11,0.93,1,1,3421720
2020-12-05,Vitória de Guimarães,Portimonense,0.5,0.32,1,0,3421721
2020-12-06,Benfica,Paços de Ferreira,1.89,1.52,2,1,3421708
2020-12-06,Cova da Piedade SAD,Braga,0.77,1.56,2,1,3421707
2020-12-06,Nacional,Santa Clara,1.6,2.44,1,3,3421694
2020-12-06,Rio Ave,Boavista,0.67,0.89,0,0,3421717
2020-12-07,Farense,Marítimo,1.65,0.62,2,1,3421718
2020-12-18,Portimonense,Famalicão,1.36,0.41,0,0,3421710
2020-12-19,Marítimo,Cova da Piedade SAD,0.87,0.87,1,0,3421712
2020-12-19,Sporting CP,Farense,1.61,0.46,1,0,3421709
2020-12-19,Tondela,Moreirense,0.27,0.58,0,0,3421722
2020-12-20,FC Porto,Nacional,1.83,0.19,2,0,3421711
2020-12-20,Gil Vicente,Benfica,1.12,1.32,0,2,3421716
2020-12-20,Paços de Ferreira,Boavista,0.89,0.68,1,1,3421715
2020-12-21,Santa Clara,Vitória de Guimarães,2.05,1.47,0,4,3421713
2020-12-22,Braga,Rio Ave,1.61,0.84,3,0,3421714
2020-12-27,Cova da Piedade SAD,Sporting CP,1.68,1.21,1,2,3421735
2020-12-27,Famalicão,Gil Vicente,0.29,1.07,0,1,3421723
2020-12-27,Farense,Paços de Ferreira,1.65,1.3,1,1,3421730
2020-12-27,Nacional,Tondela,2.11,1.65,2,0,3421736
2020-12-28,Boavista,Braga,0.93,2.62,1,4,3421733
2020-12-28,Rio Ave,Marítimo,1.01,1.69,1,3,3421729
2020-12-29,Benfica,Portimonense,2.09,0.5,2,1,3421734
2020-12-29,Moreirense,Santa Clara,1.01,0.34,1,0,3421731
2020-12-29,Vitória de Guimarães,FC Porto,0.66,2.2,2,3,3421732
2021-01-02,Sporting CP,Braga,0.94,1.17,2,0,3421751
2021-01-03,FC Porto,Moreirense,3.45,0.12,3,0,3421737
2021-01-03,Marítimo,Boavista,0.76,1.34,0,0,3421724
2021-01-03,Paços de Ferreira,Rio Ave,1.69,0.97,2,0,3421727
2021-01-03,Tondela,Famalicão,1.28,2.19,1,0,3421750
2021-01-04,Gil Vicente,Cova da Piedade SAD,0.57,0.34,0,0,3421728
2021-01-04,Portimonense,Farense,1.27,0.29,2,0,3421738
2021-01-04,Santa Clara,Benfica,1.19,0.98,1,1,3421726
2021-01-07,Braga,Marítimo,1.72,1.27,2,1,3421744
2021-01-08,Benfica,Tondela,2.73,0.45,2,0,3421746
2021-01-08,Famalicão,FC Porto,1.1,1.47,1,4,3421749
2021-01-08,Nacional,Sporting CP,0.21,2.99,0,2,3421748
2021-01-08,Rio Ave,Portimonense,1.98,0.6,3,0,3421741
2021-01-09,Boavista,Santa Clara,1.63,0.4,1,1,3421745
2021-01-09,Moreirense,Vitória de Guimarães,1.33,1.2,2,2,3421743
2021-01-10,Cova da Piedade SAD,Paços de Ferreira,1.16,1.45,0,2,3421747
2021-01-10,Farense,Gil Vicente,1.38,0.26,3,1,3421742
2021-01-15,FC Porto,Benfica,1.41,2.02,1,1,3421765
2021-01-15,Sporting CP,Rio Ave,1.1,0.8,1,1,3421763
2021-01-16,Paços de Ferreira,Braga,1.37,1.6,2,0,3421739
2021-01-16,Tondela,Boavista,2.45,0.92,3,1,3421762
2021-01-17,Gil Vicente,Marítimo,0.89,1.3,0,1,3421740
2021-01-17,Nacional,Moreirense,1.53,1.35,0,1,3421752
2021-01-17,Santa Clara,Famalicão,0.5,1.13,1,2,3421753
2021-01-18,Portimonense,Cova da Piedade SAD,2.34,0.29,1,0,3421764
2021-01-21,Vitória de Guimarães,Nacional,1.32,1.24,3,1,3421725
2021-01-24,Famalicão,Vitória de Guimarães,0.52,0.49,0,1,3421761
2021-01-24,Marítimo,Paços de Ferreira,0.59,1.85,0,3,3421756
2021-01-24,Moreirense,Portimonense,1.66,1.05,2,2,3421755
2021-01-25,Benfica,Nacional,1.56,0.94,1,1,3421759
2021-01-25,Cova da Piedade SAD,Tondela,1.16,0.92,2,0,3421760
2021-01-25,Farense,FC Porto,1.12,2.15,0,1,3421754
2021-01-25,Rio Ave,Santa Clara,1.4,1.42,1,2,3421767
2021-01-26,Boavista,Sporting CP,0.26,2.71,0,2,3421758
2021-01-26,Braga,Gil Vicente,1.72,0.32,1,0,3421757
2021-01-30,Nacional,Famalicão,1.38,1.29,2,1,3421781
2021-01-30,Portimonense,Boavista,0.92,1.42,1,2,3421776
2021-01-30,Tondela,Farense,0.9,0.5,2,0,3421774
2021-01-31,Vitória de Guimarães,Marítimo,1.27,1.42,1,0,3421779
2021-02-01,FC Porto,Rio Ave,2.65,0.36,2,0,3421777
2021-02-01,Moreirense,Braga,1.03,2.28,0,4,3421778
2021-02-01,Santa Clara,Cova da Piedade SAD,1.33,0.48,2,0,3421780
2021-02-01,Sporting CP,Benfica,0.98,0.27,1,0,3421775
2021-02-02,Gil Vicente,Paços de Ferreira,1.18,1.14,1,2,3421768
2021-02-04,Braga,Portimonense,2.33,1.26,2,1,3421782
2021-02-04,Cova da Piedade SAD,FC Porto,0.22,1.38,0,0,3421771
2021-02-04,Famalicão,Moreirense,1.49,1.89,0,2,3421773
2021-02-04,Farense,Santa Clara,1.07,1.68,1,1,3421796
2021-02-05,Benfica,Vitória de Guimarães,1.62,0.31,0,0,3421770
2021-02-05,Boavista,Gil Vicente,1.33,1.53,1,2,3421769
2021-02-05,Marítimo,Sporting CP,0.2,1.47,0,2,3421783
2021-02-05,Paços de Ferreira,Tondela,0.47,1.03,2,1,3421772
2021-02-05,Rio Ave,Nacional,1.76,2.22,0,0,3421795
2021-02-07,Braga,FC Porto,1.41,2.12,2,2,3421789
2021-02-08,Benfica,Famalicão,2.61,0.47,2,0,3421794
2021-02-08,Cova da Piedade SAD,Vitória de Guimarães,2.31,1.79,1,1,3421791
2021-02-08,Farense,Moreirense,1.91,1.35,1,2,3421790
2021-02-08,Marítimo,Santa Clara,1.73,1.23,1,2,3421792
2021-02-09,Boavista,Nacional,1.08,0.3,0,1,3421793
2021-02-09,Gil Vicente,Sporting CP,0.97,2.11,1,2,3421787
2021-02-09,Paços de Ferreira,Portimonense,0.29,1.68,0,0,3421788
2021-02-09,Rio Ave,Tondela,1.39,0.78,2,1,3421786
2021-02-12,Famalicão,Cova da Piedade SAD,0.28,1.22,0,0,3421797
2021-02-13,FC Porto,Boavista,2.69,1.62,2,2,3421811
2021-02-13,Nacional,Farense,0.72,1.4,2,3,3421808
2021-02-13,Vitória de Guimarães,Rio Ave,2.98,1.33,1,3,3421807
2021-02-14,Moreirense,Benfica,1.12,1.57,1,1,3421798
2021-02-14,Portimonense,Gil Vicente,2.09,1.11,4,1,3421785
2021-02-14,Santa Clara,Braga,0.42,0.49,0,1,3421810
2021-02-15,Sporting CP,Paços de Ferreira,1.99,0.42,2,0,3421784
2021-02-16,Tondela,Marítimo,1.55,0.43,2,1,3421809
2021-02-17,Vitória de Guimarães,Farense,1.55,1.36,2,2,3421766
2021-02-19,Boavista,Moreirense,1.35,0.79,1,0,3421801
2021-02-20,Cova da Piedade SAD,Nacional,2.0,1.28,2,1,3421805
2021-02-20,Gil Vicente,Santa Clara,1.79,0.54,1,0,3421803
2021-02-20,Sporting CP,Portimonense,1.66,1.05,2,0,3421799
2021-02-21,Braga,Tondela,2.73,0.58,4,2,3421812
2021-02-21,Farense,Benfica,0.81,1.46,0,0,3421804
2021-02-21,Paços de Ferreira,Vitória de Guimarães,0.69,0.52,2,1,3421802
2021-02-21,Rio Ave,Famalicão,0.45,1.22,0,1,3421806
2021-02-22,Marítimo,FC Porto,1.89,2.23,1,2,3421800
2021-02-26,Vitória de Guimarães,Boavista,2.5,1.11,2,1,3421824
2021-02-27,FC Porto,Sporting CP,1.6,0.59,0,0,3421819
2021-02-27,Famalicão,Farense,0.51,0.49,0,0,3421821
2021-02-27,Santa Clara,Paços de Ferreira,1.35,1.03,3,0,3421826
2021-02-28,Nacional,Braga,0.84,2.39,1,2,3421823
2021-02-28,Portimonense,Marítimo,0.29,0.51,0,0,3421822
2021-02-28,Tondela,Gil Vicente,3.42,0.73,1,0,3421813
2021-03-01,Benfica,Rio Ave,2.4,1.1,2,0,3421820
2021-03-01,Moreirense,Cova da Piedade SAD,1.69,2.75,2,2,3421825
2021-03-05,Paços de Ferreira,Nacional,0.6,0.7,2,1,3421817
2021-03-05,Sporting CP,Santa Clara,1.6,0.32,2,1,3421815
2021-03-06,Boavista,Famalicão,1.48,0.87,3,0,3421818
2021-03-06,Gil Vicente,FC Porto,0.41,1.04,0,2,3421828
2021-03-06,Portimonense,Tondela,0.92,0.35,3,0,3421840
2021-03-07,Marítimo,Moreirense,2.02,1.75,0,2,3421827
2021-03-07,Rio Ave,Farense,1.37,0.59,2,0,3421841
2021-03-08,Cova da Piedade SAD,Benfica,0.78,2.93,0,3,3421816
2021-03-09,Braga,Vitória de Guimarães,1.05,0.7,3,0,3421814
2021-03-12,Nacional,Marítimo,1.52,2.75,1,2,3421834
2021-03-13,Benfica,Boavista,2.8,0.1,2,0,3421836
2021-03-13,Farense,Cova da Piedade SAD,1.49,1.62,0,1,3421837
2021-03-13,Santa Clara,Portimonense,1.82,0.66,2,0,3421832
2021-03-13,Tondela,Sporting CP,0.17,1.83,0,1,3421831
2021-03-14,FC Porto,Paços de Ferreira,0.95,0.43,2,0,3421838
2021-03-14,Moreirense,Rio Ave,0.87,1.56,1,1,3421833
2021-03-14,Vitória de Guimarães,Gil Vicente,3.27,2.73,2,4,3421839
2021-03-15,Famalicão,Braga,1.6,1.97,2,2,3421835
2021-03-19,Gil Vicente,Nacional,0.79,0.44,2,0,3421829
2021-03-20,Paços de Ferreira,Moreirense,2.47,0.43,3,0,3421855
2021-03-20,Portimonense,FC Porto,1.57,1.62,1,2,3421854
2021-03-20,Santa Clara,Tondela,1.27,1.35,1,1,3421852
2021-03-20,Sporting CP,Vitória de Guimarães,1.19,0.58,1,0,3421856
2021-03-21,Boavista,Farense,0.99,2.67,0,1,3421853
2021-03-21,Braga,Benfica,0.89,1.98,0,2,3421843
2021-03-21,Marítimo,Famalicão,1.61,2.02,0,4,3421830
2021-03-21,Rio Ave,Cova da Piedade SAD,1.28,0.48,0,0,3421842
2021-04-02,Nacional,Portimonense,0.8,2.42,1,5,3421845
2021-04-03,FC Porto,Santa Clara,2.08,0.98,2,1,3421847
2021-04-03,Rio Ave,Gil Vicente,0.7,1.81,0,2,3421851
2021-04-04,Cova da Piedade SAD,Boavista,1.2,1.16,0,2,3421849
2021-04-04,Famalicão,Paços de Ferreira,1.81,0.08,2,0,3421850
2021-04-04,Vitória de Guimarães,Tondela,1.97,0.83,1,2,3421857
2021-04-05,Benfica,Marítimo,3.77,1.65,1,0,3421846
2021-04-05,Farense,Braga,2.19,3.06,1,2,3421848
2021-04-05,Moreirense,Sporting CP,0.45,1.5,1,1,3421844
2021-04-09,Portimonense,Vitória de Guimarães,1.86,0.63,3,0,3421871
2021-04-10,Boavista,Rio Ave,2.04,2.3,3,3,3421867
2021-04-10,Marítimo,Farense,0.57,0.69,1,0,3421868
2021-04-10,Paços de Ferreira,Benfica,0.07,3.51,0,5,3421861
2021-04-10,Tondela,FC Porto,0.25,1.54,0,2,3421869
2021-04-11,Braga,Cova da Piedade SAD,1.89,1.48,1,1,3421860
2021-04-11,Gil Vicente,Moreirense,1.84,1.09,1,2,3421870
2021-04-11,Santa Clara,Nacional,3.67,1.25,5,1,3421859
2021-04-11,Sporting CP,Famalicão,1.27,0.41,1,1,3421858
2021-04-16,Boavista,Paços de Ferreira,1.92,0.91,2,0,3421865
2021-04-16,Farense,Sporting CP,1.08,1.55,0,1,3421886
2021-04-17,Benfica,Gil Vicente,1.9,0.68,1,2,3421866
2021-04-17,Cova da Piedade SAD,Marítimo,1.11,1.77,2,0,3421862
2021-04-17,Moreirense,Tondela,1.51,1.46,2,3,3421885
2021-04-17,Rio Ave,Braga,0.79,1.51,0,0,3421864
2021-04-17,Vitória de Guimarães,Santa Clara,0.84,0.47,1,0,3421863
2021-04-18,Famalicão,Portimonense,1.23,0.76,0,1,3421873
2021-04-18,Nacional,FC Porto,1.06,1.16,0,1,3421872
2021-04-20,Paços de Ferreira,Farense,0.19,2.5,0,2,3421877
2021-04-21,Braga,Boavista,3.65,0.31,2,1,3421880
2021-04-21,Marítimo,Rio Ave,1.06,1.36,1,0,3421876
2021-04-21,Santa Clara,Moreirense,1.55,0.44,0,0,3421878
2021-04-21,Sporting CP,Cova da Piedade SAD,3.14,1.14,2,2,3421882
2021-04-22,FC Porto,Vitória de Guimarães,1.71,0.18,1,0,3421879
2021-04-22,Gil Vicente,Famalicão,0.83,1.24,0,3,3421884
2021-04-22,Portimonense,Benfica,0.88,2.18,1,5,3421881
2021-04-22,Tondela,Nacional,1.54,1.54,2,1,3421883
2021-04-25,Boavista,Marítimo,0.85,0.98,0,1,3421897
2021-04-25,Braga,Sporting CP,1.37,0.19,0,1,3421894
2021-04-25,Rio Ave,Paços de Ferreira,1.02,0.66,1,1,3421874
2021-04-26,Benfica,Santa Clara,1.5,0.73,2,1,3421887
2021-04-26,Cova da Piedade SAD,Gil Vicente,0.42,1.45,2,1,3421875
2021-04-26,Famalicão,Tondela,1.68,1.37,2,2,3421893
2021-04-26,Moreirense,FC Porto,0.86,3.43,1,1,3421896
2021-04-26,Nacional,Vitória de Guimarães,0.36,0.24,1,0,3421888
2021-04-27,Farense,Portimonense,0.57,1.26,1,1,3421895
2021-04-29,Marítimo,Braga,0.44,0.64,1,0,3421899
2021-04-30,FC Porto,Famalicão,1.59,1.5,3,2,3421892
2021-04-30,Paços de Ferreira,Cova da Piedade SAD,1.81,0.37,1,0,3421890
2021-04-30,Tondela,Benfica,1.05,2.05,0,2,3421889
2021-04-30,Vitória de Guimarães,Moreirense,1.24,1.03,2,0,3421900
2021-05-01,Gil Vicente,Farense,1.21,1.0,0,0,3421901
2021-05-01,Portimonense,Rio Ave,0.63,0.88,0,0,3421902
2021-05-01,Santa Clara,Boavista,1.94,0.51,3,3,3421898
2021-05-01,Sporting CP,Nacional,3.15,0.07,2,0,3421891
2021-05-05,Braga,Paços de Ferreira,1.32,1.36,1,1,3421916
2021-05-05,Marítimo,Gil Vicente,0.57,0.65,0,1,3421903
2021-05-05,Rio Ave,Sporting CP,0.22,2.5,0,2,3421910
2021-05-06,Benfica,FC Porto,0.56,1.23,1,1,3421912
2021-05-06,Cova da Piedade SAD,Portimonense,0.81,0.59,1,0,3421911
2021-05-06,Farense,Vitória de Guimarães,1.96,1.34,2,2,3421913
2021-05-06,Moreirense,Nacional,1.56,0.95,2,2,3421915
2021-05-07,Boavista,Tondela,2.56,0.66,1,1,3421909
2021-05-07,Famalicão,Santa Clara,1.66,0.53,1,0,3421914
2021-05-09,Gil Vicente,Braga,0.97,1.17,1,1,3421904
2021-05-09,Paços de Ferreira,Marítimo,2.39,0.27,1,1,3421917
2021-05-10,FC Porto,Farense,2.57,0.5,5,1,3421931
2021-05-10,Portimonense,Moreirense,1.37,1.19,1,2,3421918
2021-05-11,Nacional,Benfica,0.0,1.95,1,3,3421906
2021-05-11,Santa Clara,Rio Ave,1.68,0.32,1,0,3421930
2021-05-11,Sporting CP,Boavista,3.46,0.54,1,0,3421905
2021-05-11,Tondela,Cova da Piedade SAD,0.88,2.51,1,3,3421907
2021-05-12,Vitória de Guimarães,Famalicão,0.66,1.11,1,2,3421908
2021-05-14,Braga,Moreirense,1.73,1.43,2,1,3421925
2021-05-14,Paços de Ferreira,Gil Vicente,0.34,1.81,0,2,3421929
2021-05-15,Benfica,Sporting CP,2.57,1.47,4,3,3421922
2021-05-15,Boavista,Portimonense,0.77,0.35,1,0,3421923
2021-05-15,Farense,Tondela,1.73,0.61,1,0,3421921
2021-05-15,Rio Ave,FC Porto,0.55,1.93,0,3,3421924
2021-05-16,Cova da Piedade SAD,Santa Clara,1.22,1.81,0,2,3421927
2021-05-16,Famalicão,Nacional,1.53,0.58,3,0,3421928
2021-05-16,Marítimo,Vitória de Guimarães,0.21,0.48,0,0,3421926
2021-05-18,Tondela,Paços de Ferreira,1.08,1.74,2,3,3421919
2021-05-19,FC Porto,Cova da Piedade SAD,1.66,0.72,4,0,3421932
2021-05-19,Gil Vicente,Boavista,2.4,1.68,1,2,3421934
2021-05-19,Moreirense,Famalicão,1.81,0.69,3,0,3421920
2021-05-19,Nacional,Rio Ave,0.66,3.91,1,2,3421938
2021-05-19,Portimonense,Braga,0.37,0.19,0,0,3421935
2021-05-19,Santa Clara,Farense,2.55,0.29,4,0,3421937
2021-05-19,Sporting CP,Marítimo,1.82,0.66,5,1,3421936
2021-05-19,Vitória de Guimarães,Benfica,0.86,1.88,1,3,3421933
2021-08-06,Sporting CP,Vizela,2.58,0.15,3,0,3646991
2021-08-07,Arouca,Estoril,0.8,2.03,0,2,3646999
2021-08-07,Marítimo,Braga,0.27,1.15,0,2,3646998
2021-08-07,Moreirense,Benfica,1.53,1.31,1,2,3646995
2021-08-08,FC Porto,Cova da Piedade SAD,2.08,0.92,2,0,3646992
2021-08-08,Paços de Ferreira,Famalicão,2.9,0.88,2,0,3646993
2021-08-08,Tondela,Santa Clara,2.02,1.22,3,0,3646997
2021-08-08,Vitória de Guimarães,Portimonense,1.92,0.75,0,1,3646994
2021-08-09,Gil Vicente,Boavista,1.2,0.69,3,0,3646996
2021-08-13,Estoril,Vitória de Guimarães,1.04,0.67,0,0,3647007
2021-08-14,Benfica,Arouca,4.24,0.2,2,0,3647000
2021-08-14,Braga,Sporting CP,1.18,0.71,1,2,3647001
2021-08-14,Vizela,Tondela,2.03,1.05,2,1,3647008
2021-08-15,Famalicão,FC Porto,0.65,1.13,1,2,3647003
2021-08-15,Portimonense,Gil Vicente,1.57,0.41,0,1,3647006
2021-08-15,Santa Clara,Moreirense,1.49,1.22,2,2,3647002
2021-08-16,Boavista,Paços de Ferreira,1.59,1.2,3,0,3647005
2021-08-16,Cova da Piedade SAD,Marítimo,0.15,0.94,1,2,3647004
2021-08-20,Arouca,Famalicão,1.95,0.74,2,1,3647017
2021-08-20,Moreirense,Braga,2.18,1.96,2,3,3647012
2021-08-21,Gil Vicente,Benfica,0.29,2.49,0,2,3647013
2021-08-21,Sporting CP,Cova da Piedade SAD,3.36,0.09,2,0,3647009
2021-08-22,Marítimo,FC Porto,0.58,1.8,1,1,3647016
2021-08-22,Tondela,Portimonense,0.39,1.47,0,3,3647014
2021-08-22,Vitória de Guimarães,Vizela,2.93,0.64,4,0,3647011
2021-08-23,Boavista,Santa Clara,1.02,1.2,2,0,3647015
2021-08-23,Paços de Ferreira,Estoril,0.69,1.77,1,3,3647010
2021-08-27,Cova da Piedade SAD,Moreirense,0.51,2.35,1,1,3647023
2021-08-27,Estoril,Marítimo,1.74,0.2,2,1,3647025
2021-08-28,FC Porto,Arouca,2.31,0.25,3,0,3647018
2021-08-28,Famalicão,Sporting CP,1.48,1.35,1,1,3647022
2021-08-28,Vizela,Boavista,0.99,0.69,1,1,3647026
2021-08-29,Benfica,Tondela,1.5,0.08,2,1,3647019
2021-08-29,Braga,Vitória de Guimarães,1.2,0.82,0,0,3647020
2021-08-29,Portimonense,Paços de Ferreira,1.29,0.38,0,1,3647024
2021-08-29,Santa Clara,Gil Vicente,0.99,0.38,1,0,3647021
2021-09-11,Paços de Ferreira,Braga,0.57,0.45,0,0,3647028
2021-09-11,Santa Clara,Benfica,0.71,1.15,0,5,3647029
2021-09-11,Sporting CP,FC Porto,1.09,0.23,1,1,3647027
2021-09-12,Boavista,Portimonense,0.89,0.93,1,1,3647034
2021-09-12,Gil Vicente,Vizela,1.29,2.79,2,2,3647032
2021-09-12,Moreirense,Famalicão,1.33,1.6,2,2,3647031
2021-09-12,Vitória de Guimarães,Cova da Piedade SAD,0.55,0.72,0,0,3647030
2021-09-13,Marítimo,Arouca,2.47,0.97,2,2,3647035
2021-09-13,Tondela,Estoril,1.55,0.61,1,2,3647033
2021-09-17,Portimonense,Santa Clara,0.61,1.38,2,1,3647041
2021-09-18,Arouca,Vitória de Guimarães,0.88,1.83,2,2,3647044
2021-09-18,Cova da Piedade SAD,Gil Vicente,0.52,0.83,1,1,3647040
2021-09-18,Famalicão,Marítimo,2.51,0.21,0,0,3647039
2021-09-19,Estoril,Sporting CP,0.94,1.76,0,1,3647042
2021-09-19,FC Porto,Moreirense,4.15,0.19,5,0,3647036
2021-09-19,Vizela,Paços de Ferreira,2.21,0.79,1,1,3647043
2021-09-20,Benfica,Boavista,2.8,0.32,3,1,3647037
2021-09-20,Braga,Tondela,1.9,0.4,3,1,3647038
2021-09-24,Gil Vicente,FC Porto,1.21,1.47,1,2,3647050
2021-09-24,Sporting CP,Marítimo,2.72,0.12,1,0,3647045
2021-09-25,Moreirense,Arouca,2.04,0.61,2,1,3647049
2021-09-25,Tondela,Famalicão,0.83,1.43,3,2,3647051
2021-09-25,Vitória de Guimarães,Benfica,1.57,2.49,1,3,3647048
2021-09-26,Portimonense,Vizela,0.37,0.77,0,0,3647053
2021-09-26,Santa Clara,Braga,1.27,0.81,1,1,3647047
2021-09-27,Boavista,Estoril,1.2,0.51,1,1,3647052
2021-09-27,Paços de Ferreira,Cova da Piedade SAD,1.31,1.36,2,2,3647046
2021-10-01,Famalicão,Vitória de Guimarães,1.47,0.73,1,2,3647057
2021-10-01,Marítimo,Moreirense,0.15,0.96,0,0,3647059
2021-10-02,Arouca,Sporting CP,1.45,1.38,1,2,3647062
2021-10-02,FC Porto,Paços de Ferreira,2.35,0.72,2,1,3647054
2021-10-02,Vizela,Santa Clara,1.14,1.36,1,1,3647061
2021-10-03,Benfica,Portimonense,2.56,0.19,0,1,3647055
2021-10-03,Braga,Boavista,1.47,0.44,2,2,3647056
2021-10-03,Cova da Piedade SAD,Tondela,0.85,1.2,0,2,3647058
2021-10-03,Estoril,Gil Vicente,1.46,1.34,2,2,3647060
2021-10-22,Vitória de Guimarães,Marítimo,2.64,1.04,2,1,3647066
2021-10-23,Santa Clara,Famalicão,1.57,2.67,0,2,3647065
2021-10-23,Sporting CP,Moreirense,1.28,0.46,1,0,3647063
2021-10-23,Tondela,FC Porto,0.2,2.65,1,3,3647068
2021-10-24,Paços de Ferreira,Arouca,0.12,0.81,0,0,3647064
2021-10-24,Portimonense,Estoril,1.38,0.48,0,2,3647070
2021-10-24,Vizela,Benfica,0.87,1.04,0,1,3647071
2021-10-25,Boavista,Cova da Piedade SAD,0.6,0.1,0,0,3647069
2021-10-25,Gil Vicente,Braga,1.06,1.22,0,1,3647067
2021-10-29,Arouca,Tondela,0.92,1.35,2,0,3647080
2021-10-30,Estoril,Benfica,0.37,0.82,1,1,3647079
2021-10-30,FC Porto,Boavista,2.74,0.44,4,1,3647073
2021-10-30,Sporting CP,Vitória de Guimarães,1.9,0.46,1,0,3647072
2021-10-31,Cova da Piedade SAD,Santa Clara,1.29,1.31,2,1,3647077
2021-10-31,Famalicão,Vizela,1.15,0.54,1,1,3647076
2021-10-31,Marítimo,Gil Vicente,1.19,1.27,1,2,3647078
2021-11-01,Braga,Portimonense,1.68,0.69,3,0,3647074
2021-11-01,Moreirense,Paços de Ferreira,0.39,0.48,1,1,3647075
2021-11-05,Boavista,Famalicão,0.96,2.54,2,5,3647087
2021-11-05,Gil Vicente,Arouca,2.02,0.38,1,1,3647085
2021-11-06,Portimonense,Cova da Piedade SAD,1.0,0.69,2,0,3647088
2021-11-06,Vitória de Guimarães,Moreirense,1.14,1.37,2,1,3647084
2021-11-06,Vizela,Estoril,0.99,0.6,1,1,3647089
2021-11-07,Benfica,Braga,1.59,0.67,6,1,3647081
2021-11-07,Paços de Ferreira,Sporting CP,0.58,2.12,0,2,3647082
2021-11-07,Santa Clara,FC Porto,0.21,2.29,0,3,3647083
2021-11-07,Tondela,Marítimo,3.81,1.39,4,2,3647086
2021-11-26,Moreirense,Gil Vicente,1.62,1.15,2,2,3647093
2021-11-27,Arouca,Boavista,0.87,0.5,2,1,3647098
2021-11-27,Cova da Piedade SAD,Benfica,0.0,3.71,0,7,3647095
2021-11-27,Famalicão,Portimonense,1.55,0.27,0,3,3647094
2021-11-28,FC Porto,Vitória de Guimarães,3.9,1.62,2,1,3647091
2021-11-28,Marítimo,Paços de Ferreira,0.3,1.09,2,0,3647096
2021-11-28,Sporting CP,Tondela,2.12,0.2,2,0,3647090
2021-11-29,Estoril,Santa Clara,1.74,1.42,2,2,3647097
2021-11-30,Braga,Vizela,3.32,0.5,4,1,3647092
2021-12-03,Benfica,Sporting CP,1.18,1.45,1,3,3647099
2021-12-03,Portimonense,FC Porto,0.4,2.14,0,3,3647106
2021-12-04,Boavista,Marítimo,0.94,0.43,1,1,3647105
2021-12-04,Paços de Ferreira,Vitória de Guimarães,0.6,2.37,1,2,3647101
2021-12-05,Braga,Estoril,2.99,0.52,2,0,3647100
2021-12-05,Gil Vicente,Famalicão,2.53,0.78,4,0,3647103
2021-12-05,Santa Clara,Arouca,1.5,0.54,2,1,3647102
2021-12-10,Paços de Ferreira,Gil Vicente,0.58,1.21,0,1,3647110
2021-12-11,Marítimo,Santa Clara,2.2,0.59,4,1,3647115
2021-12-11,Sporting CP,Boavista,2.56,0.21,2,0,3647108
2021-12-11,Vitória de Guimarães,Tondela,4.73,1.44,5,2,3647111
2021-12-12,Cova da Piedade SAD,Estoril,0.28,0.82,0,1,3647114
2021-12-12,FC Porto,Braga,2.16,0.4,1,0,3647109
2021-12-12,Famalicão,Benfica,1.15,1.72,1,4,3647113
2021-12-12,Moreirense,Portimonense,1.52,0.33,0,1,3647112
2021-12-13,Arouca,Vizela,1.31,1.6,1,4,3647116
2021-12-17,Estoril,Famalicão,0.57,0.32,2,2,3647124
2021-12-17,Santa Clara,Vitória de Guimarães,1.31,0.4,1,0,3647119
2021-12-18,Gil Vicente,Sporting CP,0.75,2.48,0,3,3647120
2021-12-18,Portimonense,Arouca,1.76,1.12,1,1,3647123
2021-12-18,Tondela,Paços de Ferreira,0.53,1.47,0,1,3647121
2021-12-19,Benfica,Marítimo,4.17,0.28,7,1,3647117
2021-12-19,Boavista,Moreirense,1.12,0.32,1,0,3647122
2021-12-19,Braga,Cova da Piedade SAD,1.52,0.19,1,0,3647118
2021-12-19,Vizela,FC Porto,0.5,2.71,0,4,3647125
2021-12-28,Marítimo,Vizela,1.54,1.02,2,0,3647133
2021-12-28,Moreirense,Estoril,0.74,0.53,1,0,3647130
2021-12-28,Tondela,Gil Vicente,0.55,1.19,0,3,3647132
2021-12-29,Sporting CP,Portimonense,2.71,0.29,3,2,3647126
2021-12-29,Vitória de Guimarães,Boavista,1.21,1.84,1,1,3647129
2021-12-30,Arouca,Braga,0.35,3.33,0,6,3647134
2021-12-30,FC Porto,Benfica,2.25,1.39,3,1,3647127
2021-12-30,Paços de Ferreira,Santa Clara,1.13,1.29,2,1,3647128
2022-01-02,Vizela,Cova da Piedade SAD,1.6,2.35,2,0,3647107
2022-01-03,Tondela,Moreirense,1.71,0.82,2,1,3647104
2022-01-07,Santa Clara,Sporting CP,0.66,1.88,3,2,3647137
2022-01-08,Boavista,Tondela,1.48,0.42,1,1,3647140
2022-01-08,Estoril,FC Porto,0.96,2.66,2,3,3647142
2022-01-08,Vizela,Moreirense,1.0,1.04,0,1,3647143
2022-01-09,Benfica,Paços de Ferreira,4.23,0.21,2,0,3647135
2022-01-09,Braga,Famalicão,2.73,0.84,2,2,3647136
2022-01-09,Cova da Piedade SAD,Arouca,1.59,1.41,2,1,3647138
2022-01-09,Portimonense,Marítimo,2.39,1.82,1,2,3647141
2022-01-10,Gil Vicente,Vitória de Guimarães,2.49,1.51,3,2,3647139
2022-01-13,Famalicão,Cova da Piedade SAD,0.49,0.59,1,0,3801164
2022-01-15,Benfica,Moreirense,2.27,0.22,1,1,3647148
2022-01-15,Boavista,Gil Vicente,0.94,0.55,1,1,3647149
2022-01-15,Braga,Marítimo,0.6,0.37,0,1,3647151
2022-01-16,Cova da Piedade SAD,FC Porto,0.33,3.43,1,4,3647145
2022-01-16,Famalicão,Paços de Ferreira,0.94,0.37,0,0,3647146
2022-01-16,Santa Clara,Tondela,2.37,0.86,2,2,3647150
2022-01-16,Vizela,Sporting CP,0.48,1.54,0,2,3647144
2022-01-17,Portimonense,Vitória de Guimarães,0.66,0.57,1,1,3647147
2022-01-21,Arouca,Benfica,1.1,2.68,0,2,3647153
2022-01-21,Paços de Ferreira,Boavista,1.04,1.73,1,1,3647158
2022-01-22,Moreirense,Santa Clara,0.72,0.49,0,2,3647155
2022-01-22,Sporting CP,Braga,2.08,1.23,1,2,3647154
2022-01-22,Tondela,Vizela,1.59,2.02,2,3,3647162
2022-01-23,FC Porto,Famalicão,3.72,0.95,3,1,3647156
2022-01-23,Gil Vicente,Portimonense,2.32,0.15,1,0,3647164
2022-01-23,Marítimo,Cova da Piedade SAD,2.26,1.59,1,1,3647157
2022-01-23,Vitória de Guimarães,Estoril,1.67,0.42,3,1,3647163
2022-01-27,Estoril,Arouca,0.52,1.85,1,2,3647152
2022-01-30,Braga,Moreirense,1.74,0.69,2,0,3647165
2022-01-30,FC Porto,Marítimo,2.12,0.92,2,1,3647169
2022-01-30,Portimonense,Tondela,1.11,0.69,1,2,3647167
2022-01-30,Vizela,Vitória de Guimarães,2.6,0.83,3,2,3647159
2022-01-31,Estoril,Paços de Ferreira,1.13,0.62,0,0,3647160
2022-01-31,Famalicão,Arouca,0.3,0.64,0,0,3647170
2022-02-01,Santa Clara,Boavista,1.34,0.43,2,1,3647168
2022-02-02,Benfica,Gil Vicente,1.77,0.91,1,2,3647166
2022-02-02,Cova da Piedade SAD,Sporting CP,0.42,2.04,1,4,3647161
2022-02-05,Marítimo,Estoril,1.82,0.38,0,0,3647178
2022-02-05,Paços de Ferreira,Portimonense,1.5,1.94,1,1,3647177
2022-02-05,Vitória de Guimarães,Braga,1.52,0.77,2,1,3647173
2022-02-06,Arouca,FC Porto,0.17,1.07,0,2,3647171
2022-02-06,Boavista,Vizela,2.47,1.62,2,2,3647179
2022-02-06,Gil Vicente,Santa Clara,1.32,1.34,2,2,3647174
2022-02-06,Sporting CP,Famalicão,1.46,1.09,2,0,3647175
2022-02-07,Moreirense,Cova da Piedade SAD,2.05,0.18,4,1,3647176
2022-02-07,Tondela,Benfica,1.33,1.53,1,3,3647172
2022-02-11,FC Porto,Sporting CP,1.17,1.44,2,2,3647180
2022-02-12,Benfica,Santa Clara,2.65,0.83,2,1,3647182
2022-02-12,Braga,Paços de Ferreira,1.64,0.31,2,1,3647181
2022-02-12,Estoril,Tondela,1.66,0.46,1,0,3647186
2022-02-12,Portimonense,Boavista,1.9,0.89,1,1,3647187
2022-02-13,Cova da Piedade SAD,Vitória de Guimarães,1.31,1.27,1,0,3647183
2022-02-13,Famalicão,Moreirense,2.98,0.45,5,0,3647184
2022-02-13,Vizela,Gil Vicente,1.4,1.2,0,1,3647185
2022-02-14,Arouca,Marítimo,1.67,2.22,0,3,3647188
2022-02-18,Boavista,Benfica,1.19,0.82,2,2,3647190
2022-02-19,Gil Vicente,Cova da Piedade SAD,0.83,0.47,2,0,3647193
2022-02-19,Paços de Ferreira,Vizela,0.99,0.4,2,1,3647196
2022-02-19,Vitória de Guimarães,Arouca,1.44,1.95,1,3,3647197
2022-02-20,Marítimo,Famalicão,0.85,2.53,0,1,3647192
2022-02-20,Moreirense,FC Porto,0.77,2.15,0,1,3647189
2022-02-20,Sporting CP,Estoril,2.03,0.12,3,0,3647195
2022-02-20,Tondela,Braga,0.33,1.28,0,1,3647191
2022-02-21,Santa Clara,Portimonense,1.24,0.95,1,1,3647194
2022-02-25,Cova da Piedade SAD,Paços de Ferreira,0.57,2.13,0,2,3647199
2022-02-26,Arouca,Moreirense,1.16,2.1,1,1,3647202
2022-02-26,Famalicão,Tondela,1.53,0.58,2,1,3647204
2022-02-26,Marítimo,Sporting CP,0.21,1.77,1,1,3647198
2022-02-27,Benfica,Vitória de Guimarães,1.86,1.23,3,0,3647201
2022-02-27,Estoril,Boavista,1.11,1.01,2,3,3647205
2022-02-27,FC Porto,Gil Vicente,2.99,0.68,1,1,3647203
2022-02-27,Vizela,Portimonense,1.01,0.4,1,1,3647206
2022-02-28,Braga,Santa Clara,1.48,0.87,0,0,3647200
2022-03-04,Gil Vicente,Estoril,1.41,0.54,0,0,3647213
2022-03-05,Boavista,Braga,0.62,2.41,1,1,3647209
2022-03-05,Portimonense,Benfica,1.03,1.51,1,2,3647208
2022-03-05,Sporting CP,Arouca,1.94,0.12,2,0,3647215
2022-03-06,Moreirense,Marítimo,0.63,1.16,0,1,3647212
2022-03-06,Paços de Ferreira,FC Porto,0.89,3.14,2,4,3647207
2022-03-06,Santa Clara,Vizela,1.32,0.88,3,1,3647214
2022-03-06,Vitória de Guimarães,Famalicão,1.21,0.5,2,1,3647210
2022-03-07,Tondela,Cova da Piedade SAD,0.68,1.21,1,1,3647211
2022-03-11,Benfica,Vizela,3.5,1.33,1,1,3647224
2022-03-12,Arouca,Paços de Ferreira,0.66,0.43,0,1,3647217
2022-03-12,Cova da Piedade SAD,Boavista,1.06,1.07,0,0,3647222
2022-03-12,Estoril,Portimonense,2.25,0.77,2,0,3647223
2022-03-12,Famalicão,Santa Clara,0.76,0.33,0,0,3647218
2022-03-13,Braga,Gil Vicente,1.14,1.39,0,1,3647220
2022-03-13,FC Porto,Tondela,4.08,0.26,4,0,3647221
2022-03-13,Marítimo,Vitória de Guimarães,0.37,0.9,0,1,3647219
2022-03-14,Moreirense,Sporting CP,0.44,1.98,0,2,3647216
2022-03-18,Vizela,Famalicão,1.33,1.42,1,1,3647229
2022-03-19,Santa Clara,Cova da Piedade SAD,0.89,0.24,0,0,3647230
2022-03-19,Tondela,Arouca,1.34,0.88,2,2,3647233
2022-03-19,Vitória de Guimarães,Sporting CP,1.0,2.88,1,3,3647225
2022-03-20,Benfica,Estoril,1.6,1.11,2,1,3647232
2022-03-20,Boavista,FC Porto,0.99,1.8,0,1,3647226
2022-03-20,Gil Vicente,Marítimo,1.39,0.66,1,1,3647231
2022-03-20,Paços de Ferreira,Moreirense,1.24,0.58,2,1,3647228
2022-03-20,Portimonense,Braga,0.67,2.19,1,2,3647227
2022-04-01,Braga,Benfica,1.55,1.86,3,2,3647234
2022-04-02,Arouca,Gil Vicente,0.2,1.3,2,1,3647238
2022-04-02,Cova da Piedade SAD,Portimonense,1.36,1.05,2,0,3647241
2022-04-02,Estoril,Vizela,1.35,0.75,1,2,3647242
2022-04-02,Famalicão,Boavista,0.95,1.59,1,2,3647240
2022-04-03,Marítimo,Tondela,0.51,2.14,1,3,3647239
2022-04-03,Moreirense,Vitória de Guimarães,0.58,1.58,0,1,3647237
2022-04-03,Sporting CP,Paços de Ferreira,2.51,0.09,2,0,3647235
2022-04-04,FC Porto,Santa Clara,2.14,0.23,3,0,3647236
2022-04-08,Gil Vicente,Moreirense,1.47,1.82,1,2,3647246
2022-04-09,Benfica,Cova da Piedade SAD,3.35,1.58,3,1,3647248
2022-04-09,Boavista,Arouca,0.7,0.69,1,0,3647251
2022-04-09,Paços de Ferreira,Marítimo,1.34,0.55,2,0,3647249
2022-04-09,Tondela,Sporting CP,0.39,2.28,1,3,3647243
2022-04-10,Portimonense,Famalicão,1.54,0.43,1,0,3647247
2022-04-10,Santa Clara,Estoril,0.92,0.99,2,0,3647250
2022-04-10,Vitória de Guimarães,FC Porto,0.24,2.61,0,1,3647244
2022-04-10,Vizela,Braga,1.24,0.81,0,1,3647245
2022-04-15,Arouca,Santa Clara,2.4,1.1,1,1,3647255
2022-04-15,Famalicão,Gil Vicente,1.56,2.58,2,2,3647256
2022-04-15,Vitória de Guimarães,Paços de Ferreira,3.29,0.32,4,0,3647254
2022-04-16,Cova da Piedade SAD,Vizela,0.74,0.85,1,0,3647260
2022-04-16,FC Porto,Portimonense,5.43,0.15,7,0,3647259
2022-04-16,Marítimo,Boavista,2.85,0.21,4,0,3647258
2022-04-16,Moreirense,Tondela,2.05,0.3,2,0,3647257
2022-04-17,Sporting CP,Benfica,1.32,1.36,0,2,3647252
2022-04-18,Estoril,Braga,1.07,0.75,0,0,3647253
2022-04-22,Vizela,Arouca,2.1,0.82,2,1,3647269
2022-04-23,Benfica,Famalicão,1.44,0.17,0,0,3647266
2022-04-23,Gil Vicente,Paços de Ferreira,1.11,1.67,1,1,3647263
2022-04-23,Portimonense,Moreirense,1.16,0.56,1,0,3647265
2022-04-23,Santa Clara,Marítimo,1.69,0.94,2,2,3647268
2022-04-24,Estoril,Cova da Piedade SAD,1.08,2.39,2,2,3647267
2022-04-24,Tondela,Vitória de Guimarães,0.61,0.39,1,1,3647264
2022-04-25,Boavista,Sporting CP,0.53,2.12,0,3,3647261
2022-04-25,Braga,FC Porto,1.57,0.86,1,0,3647262
2022-04-29,Famalicão,Estoril,3.34,0.57,3,1,3647277
2022-04-30,Arouca,Portimonense,1.2,0.3,1,0,3647276
2022-04-30,Cova da Piedade SAD,Braga,0.66,1.82,0,1,3647271
2022-04-30,FC Porto,Vizela,2.41,0.13,4,2,3647278
2022-04-30,Marítimo,Benfica,0.55,0.96,0,1,3647270
2022-05-01,Moreirense,Boavista,1.44,0.88,1,2,3647275
2022-05-01,Sporting CP,Gil Vicente,3.67,0.36,4,1,3647273
2022-05-01,Vitória de Guimarães,Santa Clara,0.68,1.05,1,1,3647272
2022-05-02,Paços de Ferreira,Tondela,2.13,1.61,1,1,3647274
2022-05-06,Boavista,Vitória de Guimarães,1.28,0.44,1,1,3647282
2022-05-07,Benfica,FC Porto,0.28,1.19,0,1,3647280
2022-05-07,Estoril,Moreirense,0.2,1.91,1,0,3647283
2022-05-07,Portimonense,Sporting CP,0.84,2.86,2,3,3647279
2022-05-08,Braga,Arouca,0.95,0.91,1,0,3647287
2022-05-08,Gil Vicente,Tondela,1.47,0.13,3,0,3647285
2022-05-08,Santa Clara,Paços de Ferreira,2.41,0.12,2,0,3647281
2022-05-08,Vizela,Marítimo,1.18,0.95,1,1,3647286
2022-05-09,Cova da Piedade SAD,Famalicão,2.69,2.39,2,3,3647284
2022-05-13,Paços de Ferreira,Benfica,0.87,1.96,0,2,3647288
2022-05-14,Arouca,Cova da Piedade SAD,1.61,1.04,0,0,3647291
2022-05-14,FC Porto,Estoril,1.55,0.61,2,0,3647295
2022-05-14,Marítimo,Portimonense,1.36,1.79,0,1,3647294
2022-05-14,Moreirense,Vizela,1.68,0.17,4,1,3647296
2022-05-14,Sporting CP,Santa Clara,1.92,1.03,4,0,3647290
2022-05-14,Tondela,Boavista,1.04,1.41,2,2,3647293
2022-05-15,Famalicão,Braga,2.31,0.54,3,2,3647289
2022-05-15,Vitória de Guimarães,Gil Vicente,2.94,0.85,5,0,3647292
2022-08-05,Benfica,Arouca,2.65,0.37,4,0,3937378
2022-08-06,Estoril,Famalicão,1.83,1.53,2,0,3937375
2022-08-06,FC Porto,Marítimo,3.22,1.58,5,1,3937380
2022-08-06,Rio Ave,Vizela,0.22,1.43,0,1,3937377
2022-08-07,Braga,Sporting CP,1.44,1.81,3,3,3937373
2022-08-07,Chaves,Vitória de Guimarães,0.88,1.04,0,1,3937374
2022-08-07,Portimonense,Boavista,1.37,0.74,0,1,3937379
2022-08-07,Santa Clara,Casa Pia AC,0.26,1.3,0,0,3937360
2022-08-08,Gil Vicente,Paços de Ferreira,1.38,0.93,1,0,3937376
2022-08-12,Famalicão,Braga,1.01,2.31,0,3,3937361
2022-08-13,Casa Pia AC,Benfica,0.21,1.69,0,1,3937371
2022-08-13,Sporting CP,Rio Ave,2.19,0.12,3,0,3937365
2022-08-14,Boavista,Santa Clara,2.07,0.4,2,1,3937382
2022-08-14,Vitória de Guimarães,Estoril,1.13,0.53,1,0,3937363
2022-08-14,Vizela,FC Porto,0.16,0.9,0,1,3937364
2022-08-15,Arouca,Gil Vicente,0.78,0.97,1,0,3937381
2022-08-15,Marítimo,Chaves,1.05,2.44,1,2,3937362
2022-08-15,Paços de Ferreira,Portimonense,0.52,1.03,0,3,3937372
2022-08-19,Estoril,Rio Ave,1.04,0.75,2,2,3937370
2022-08-20,Chaves,Vizela,0.65,1.01,1,1,3937369
2022-08-20,FC Porto,Sporting CP,3.72,0.82,3,0,3937383
2022-08-20,Santa Clara,Arouca,1.42,1.32,1,2,3937366
2022-08-21,Braga,Marítimo,1.82,0.28,5,0,3937368
2022-08-21,Casa Pia AC,Boavista,1.41,0.84,2,0,3937384
2022-08-21,Portimonense,Vitória de Guimarães,1.87,1.17,2,1,3937393
2022-08-22,Gil Vicente,Famalicão,1.17,0.61,0,0,3937394
2022-08-26,Paços de Ferreira,Estoril,0.74,2.12,0,3,3937389
2022-08-27,Boavista,Benfica,0.1,2.96,0,3,3937385
2022-08-27,Marítimo,Portimonense,0.88,1.27,0,1,3937395
2022-08-27,Sporting CP,Chaves,1.71,0.65,0,2,3937387
2022-08-28,Arouca,Braga,0.8,2.65,0,6,3937391
2022-08-28,Famalicão,Santa Clara,1.5,0.95,1,0,3937392
2022-08-28,Rio Ave,FC Porto,0.68,2.45,3,1,3937390
2022-08-29,Vitória de Guimarães,Casa Pia AC,1.13,0.72,0,1,3937388
2022-08-29,Vizela,Gil Vicente,1.42,1.51,2,2,3937386
2022-08-30,Benfica,Paços de Ferreira,3.48,0.68,3,2,3937367
2022-09-02,Benfica,Vizela,2.6,0.61,2,1,3937426
2022-09-02,Estoril,Sporting CP,0.83,1.84,0,2,3937439
2022-09-03,Braga,Vitória de Guimarães,2.24,0.68,1,0,3937424
2022-09-03,Gil Vicente,FC Porto,0.66,2.3,0,2,3937425
2022-09-04,Casa Pia AC,Arouca,0.32,0.23,0,0,3937420
2022-09-04,Portimonense,Famalicão,0.7,0.74,1,0,3937423
2022-09-04,Santa Clara,Marítimo,1.61,1.6,2,1,3937422
2022-09-05,Boavista,Paços de Ferreira,1.02,0.8,1,0,3937427
2022-09-05,Chaves,Rio Ave,2.5,0.88,1,1,3937421
2022-09-09,Vitória de Guimarães,Santa Clara,0.87,0.65,1,0,3937437
2022-09-10,FC Porto,Chaves,2.79,0.49,3,0,3937436
2022-09-10,Famalicão,Benfica,0.27,1.41,0,1,3937419
2022-09-10,Sporting CP,Portimonense,1.18,0.43,4,0,3937434
2022-09-11,Arouca,Boavista,0.82,1.5,1,2,3937428
2022-09-11,Marítimo,Gil Vicente,1.75,2.41,1,2,3937433
2022-09-11,Paços de Ferreira,Casa Pia AC,1.6,1.43,2,3,3937438
2022-09-11,Rio Ave,Braga,1.06,2.85,2,3,3937429
2022-09-12,Vizela,Estoril,3.22,0.37,0,1,3937435
2022-09-16,Portimonense,Chaves,1.93,1.14,1,0,3937405
2022-09-17,Boavista,Sporting CP,1.49,0.86,2,1,3937430
2022-09-17,Estoril,FC Porto,0.73,1.66,1,1,3937432
2022-09-17,Gil Vicente,Rio Ave,1.91,0.64,2,2,3937418
2022-09-17,Santa Clara,Paços de Ferreira,1.0,0.47,1,1,3937403
2022-09-18,Arouca,Vitória de Guimarães,0.79,1.36,2,2,3937404
2022-09-18,Benfica,Marítimo,3.47,0.16,5,0,3937431
2022-09-18,Braga,Vizela,1.85,0.86,2,0,3937417
2022-09-18,Casa Pia AC,Famalicão,0.85,0.49,1,0,3937402
2022-09-30,FC Porto,Braga,4.34,0.4,4,1,3937397
2022-09-30,Sporting CP,Gil Vicente,2.62,1.55,3,1,3937407
2022-10-01,Chaves,Estoril,0.73,1.61,1,1,3937400
2022-10-01,Vitória de Guimarães,Benfica,0.25,0.39,0,0,3937406
2022-10-01,Vizela,Portimonense,0.87,1.13,1,0,3937416
2022-10-02,Famalicão,Boavista,0.98,0.36,4,0,3937401
2022-10-02,Paços de Ferreira,Arouca,0.42,1.07,1,1,3937398
2022-10-02,Rio Ave,Santa Clara,0.31,0.26,1,0,3937399
2022-10-03,Marítimo,Casa Pia AC,2.33,2.52,1,2,3937415
2022-10-07,Gil Vicente,Estoril,1.06,0.98,0,1,3937412
2022-10-08,Benfica,Rio Ave,3.81,0.75,4,2,3937413
2022-10-08,Paços de Ferreira,Vitória de Guimarães,2.26,0.55,0,1,3937411
2022-10-08,Portimonense,FC Porto,1.41,1.08,0,2,3937409
2022-10-08,Santa Clara,Sporting CP,0.82,1.45,1,2,3937408
2022-10-09,Boavista,Marítimo,1.5,1.77,1,1,3937414
2022-10-09,Braga,Chaves,1.76,0.3,0,1,3937410
2022-10-09,Casa Pia AC,Vizela,0.75,0.49,0,1,3937474
2022-10-10,Arouca,Famalicão,1.24,0.88,4,1,3937396
2022-10-21,FC Porto,Benfica,0.92,1.9,0,1,3937451
2022-10-22,Estoril,Braga,0.23,0.88,0,2,3937449
2022-10-22,Famalicão,Paços de Ferreira,0.59,0.78,2,1,3937472
2022-10-22,Sporting CP,Casa Pia AC,3.44,0.76,3,1,3937452
2022-10-23,Chaves,Gil Vicente,2.52,0.94,3,1,3937473
2022-10-23,Marítimo,Arouca,0.81,1.5,1,1,3937450
2022-10-23,Vitória de Guimarães,Boavista,2.16,0.81,3,2,3937470
2022-10-23,Vizela,Santa Clara,0.96,0.64,0,1,3937453
2022-10-24,Rio Ave,Portimonense,1.01,1.0,1,0,3937471
2022-10-28,Paços de Ferreira,Marítimo,0.63,2.03,0,1,3937443
2022-10-29,Arouca,Sporting CP,0.93,2.13,1,0,3937442
2022-10-29,Benfica,Chaves,3.68,0.87,5,0,3937448
2022-10-29,Santa Clara,FC Porto,0.43,2.03,1,1,3937441
2022-10-30,Boavista,Vizela,2.05,1.22,2,2,3937447
2022-10-30,Casa Pia AC,Rio Ave,0.69,0.52,1,0,3937454
2022-10-30,Gil Vicente,Braga,0.35,1.71,0,1,3937445
2022-10-30,Portimonense,Estoril,2.94,0.76,1,1,3937444
2022-10-31,Vitória de Guimarães,Famalicão,0.98,1.08,3,2,3937446
2022-11-04,Gil Vicente,Portimonense,1.15,2.54,1,2,3937468
2022-11-05,FC Porto,Paços de Ferreira,2.99,0.24,4,0,3937467
2022-11-05,Sporting CP,Vitória de Guimarães,2.02,0.07,3,0,3937466
2022-11-05,Vizela,Arouca,1.52,0.47,0,1,3937465
2022-11-06,Braga,Casa Pia AC,2.61,1.07,0,1,3937456
2022-11-06,Estoril,Benfica,0.91,3.16,1,5,3937464
2022-11-06,Marítimo,Famalicão,1.01,1.96,0,0,3937463
2022-11-06,Rio Ave,Boavista,1.35,0.38,1,0,3937469
2022-11-07,Chaves,Santa Clara,0.73,0.7,0,0,3937455
2022-11-12,Arouca,Rio Ave,0.64,2.17,0,1,3937482
2022-11-12,Boavista,FC Porto,0.3,2.91,1,4,3937462
2022-11-13,Benfica,Gil Vicente,2.91,1.05,3,1,3937461
2022-11-13,Casa Pia AC,Chaves,0.91,1.6,1,2,3937481
2022-11-13,Famalicão,Sporting CP,0.8,2.82,1,2,3937457
2022-11-13,Paços de Ferreira,Vizela,1.93,2.12,0,2,3937458
2022-11-13,Portimonense,Braga,2.25,3.53,1,2,3937459
2022-11-13,Vitória de Guimarães,Marítimo,0.65,0.32,1,0,3937460
2022-11-14,Santa Clara,Estoril,2.28,0.93,3,1,3937440
2022-12-23,Rio Ave,Marítimo,1.67,0.35,1,1,3937480
2022-12-28,FC Porto,Arouca,3.67,0.34,5,1,3937485
2022-12-28,Portimonense,Casa Pia AC,1.25,1.64,1,2,3937477
2022-12-29,Gil Vicente,Santa Clara,2.0,0.39,1,0,3937476
2022-12-29,Sporting CP,Paços de Ferreira,2.28,0.29,3,0,3937484
2022-12-30,Braga,Benfica,1.58,0.91,3,0,3937478
2022-12-30,Chaves,Famalicão,1.43,0.9,0,2,3937479
2022-12-30,Vizela,Vitória de Guimarães,1.87,1.3,3,0,3937483
2023-01-05,Santa Clara,Braga,0.14,2.68,0,4,3937488
2023-01-06,Benfica,Portimonense,5.23,0.27,1,0,3937493
2023-01-06,Famalicão,Vizela,0.62,0.48,2,1,3937489
2023-01-07,Arouca,Estoril,3.31,0.68,2,0,3937487
2023-01-07,Casa Pia AC,FC Porto,0.13,2.87,0,0,3937486
2023-01-07,Vitória de Guimarães,Rio Ave,0.8,0.41,0,0,3937491
2023-01-08,Boavista,Gil Vicente,1.58,1.58,1,0,3937492
2023-01-08,Marítimo,Sporting CP,1.14,1.03,1,0,3937494
2023-01-08,Paços de Ferreira,Chaves,1.55,0.88,1,1,3937490
2023-01-13,Portimonense,Santa Clara,1.39,0.45,0,0,3937511
2023-01-14,Braga,Boavista,0.92,0.61,1,0,3937496
2023-01-14,Rio Ave,Paços de Ferreira,0.79,0.2,0,1,3937510
2023-01-14,Vizela,Marítimo,3.16,0.4,3,0,3937507
2023-01-15,Benfica,Sporting CP,2.58,1.86,2,2,3937506
2023-01-15,Chaves,Arouca,1.52,1.6,1,1,3937475
2023-01-15,FC Porto,Famalicão,2.26,0.34,4,1,3937508
2023-01-16,Estoril,Casa Pia AC,1.17,0.09,2,0,3937505
2023-01-16,Gil Vicente,Vitória de Guimarães,1.6,1.1,2,1,3937509
2023-01-20,Arouca,Portimonense,3.34,0.4,4,0,3937498
2023-01-20,Sporting CP,Vizela,2.94,0.65,2,1,3937500
2023-01-21,Paços de Ferreira,Braga,0.58,1.01,1,2,3937501
2023-01-21,Santa Clara,Benfica,0.53,2.96,0,3,3937497
2023-01-21,Vitória de Guimarães,FC Porto,0.83,1.1,0,1,3937502
2023-01-22,Casa Pia AC,Gil Vicente,1.76,2.03,1,3,3937512
2023-01-22,Famalicão,Rio Ave,2.5,0.9,0,0,3937499
2023-01-22,Marítimo,Estoril,0.71,0.69,1,0,3937504
2023-01-23,Boavista,Chaves,1.67,0.64,1,1,3937503
2023-01-26,Paços de Ferreira,Benfica,0.65,1.67,0,2,3937518
2023-01-29,Boavista,Portimonense,2.07,0.44,4,2,3937545
2023-01-29,Casa Pia AC,Santa Clara,1.63,0.98,2,1,3937538
2023-01-29,Famalicão,Estoril,1.26,0.65,1,0,3937540
2023-01-29,Vizela,Rio Ave,1.74,1.64,3,1,3937544
2023-01-30,Vitória de Guimarães,Chaves,2.08,1.26,2,1,3937543
2023-01-31,Arouca,Benfica,0.26,1.17,0,3,3937539
2023-01-31,Paços de Ferreira,Gil Vicente,1.82,0.73,2,1,3937542
2023-02-01,Marítimo,FC Porto,0.57,0.68,0,2,3937551
2023-02-01,Sporting CP,Braga,2.69,0.13,5,0,3937541
2023-02-04,Benfica,Casa Pia AC,3.53,0.24,3,0,3937549
2023-02-04,Estoril,Vitória de Guimarães,1.1,1.08,0,1,3937550
2023-02-04,Santa Clara,Boavista,0.52,0.65,2,2,3937522
2023-02-05,Braga,Famalicão,1.78,0.69,4,1,3937546
2023-02-05,Chaves,Marítimo,1.02,1.03,2,1,3937534
2023-02-05,FC Porto,Vizela,2.29,0.52,2,0,3937548
2023-02-05,Gil Vicente,Arouca,1.65,1.39,1,1,3937547
2023-02-06,Portimonense,Paços de Ferreira,1.69,0.88,1,0,3937535
2023-02-06,Rio Ave,Sporting CP,0.4,0.37,0,1,3937536
2023-02-09,Estoril,Boavista,2.58,0.87,2,1,3937495
2023-02-10,Vizela,Chaves,1.71,1.16,0,0,3937516
2023-02-11,Arouca,Santa Clara,0.7,0.31,1,0,3937521
2023-02-11,Vitória de Guimarães,Portimonense,2.19,0.48,1,0,3937517
2023-02-12,Famalicão,Gil Vicente,1.22,0.98,0,1,3937520
2023-02-12,Marítimo,Braga,1.35,1.71,1,2,3937523
2023-02-12,Sporting CP,FC Porto,2.1,1.9,1,2,3937515
2023-02-13,Boavista,Casa Pia AC,1.35,0.51,0,0,3937514
2023-02-13,Rio Ave,Estoril,1.75,0.79,2,0,3937519
2023-02-17,Gil Vicente,Vizela,1.78,1.91,1,1,3937531
2023-02-18,Estoril,Paços de Ferreira,1.0,1.14,1,3,3937524
2023-02-18,FC Porto,Rio Ave,1.5,0.47,1,0,3937532
2023-02-18,Portimonense,Marítimo,0.8,0.91,2,1,3937529
2023-02-19,Braga,Arouca,1.15,1.23,2,0,3937530
2023-02-19,Casa Pia AC,Vitória de Guimarães,1.3,0.44,0,0,3937527
2023-02-19,Santa Clara,Famalicão,2.44,1.17,1,3,3937528
2023-02-20,Benfica,Boavista,3.67,0.27,3,1,3937533
2023-02-20,Chaves,Sporting CP,0.84,4.01,2,3,3937537
2023-02-24,Famalicão,Portimonense,1.27,1.24,1,0,3937525
2023-02-25,Arouca,Casa Pia AC,1.44,1.28,2,0,3937526
2023-02-25,Marítimo,Santa Clara,2.76,1.25,3,1,3937578
2023-02-25,Vizela,Benfica,1.52,1.75,0,2,3937579
2023-02-26,FC Porto,Gil Vicente,1.76,2.39,1,2,3937580
2023-02-26,Paços de Ferreira,Boavista,1.01,2.34,1,3,3937583
2023-02-26,Rio Ave,Chaves,0.86,0.35,1,0,3937513
2023-02-27,Sporting CP,Estoril,2.18,0.12,2,0,3937582
2023-02-27,Vitória de Guimarães,Braga,1.18,0.36,2,1,3937581
2023-03-03,Benfica,Famalicão,1.83,0.37,2,0,3937576
2023-03-03,Boavista,Arouca,0.81,0.92,0,0,3937575
2023-03-04,Chaves,FC Porto,1.92,1.45,1,3,3937595
2023-03-04,Estoril,Vizela,0.79,1.17,0,3,3937577
2023-03-04,Portimonense,Sporting CP,0.44,3.93,0,1,3937586
2023-03-05,Braga,Rio Ave,2.96,0.86,2,0,3937585
2023-03-05,Gil Vicente,Marítimo,0.41,2.11,2,0,3937584
2023-03-05,Santa Clara,Vitória de Guimarães,1.07,1.43,1,3,3937594
2023-03-06,Casa Pia AC,Paços de Ferreira,1.26,0.52,2,1,3937593
2023-03-10,FC Porto,Estoril,2.08,1.64,3,2,3937573
2023-03-11,Chaves,Portimonense,1.59,2.75,2,0,3937592
2023-03-11,Paços de Ferreira,Santa Clara,1.68,0.7,1,0,3937588
2023-03-11,Vitória de Guimarães,Arouca,1.53,1.38,0,2,3937587
2023-03-11,Vizela,Braga,1.12,0.84,0,4,3937574
2023-03-12,Marítimo,Benfica,0.42,4.52,0,3,3937561
2023-03-12,Rio Ave,Gil Vicente,2.19,1.72,2,1,3937590
2023-03-12,Sporting CP,Boavista,2.61,0.15,3,0,3937589
2023-03-13,Famalicão,Casa Pia AC,1.2,1.13,1,0,3937591
2023-03-17,Santa Clara,Rio Ave,1.66,2.42,0,2,3937553
2023-03-18,Arouca,Paços de Ferreira,2.78,1.63,1,1,3937554
2023-03-18,Benfica,Vitória de Guimarães,3.45,0.37,5,1,3937558
2023-03-18,Estoril,Chaves,0.48,2.32,0,2,3937560
2023-03-18,Portimonense,Vizela,1.19,1.18,0,1,3937555
2023-03-19,Boavista,Famalicão,1.29,1.02,1,2,3937559
2023-03-19,Braga,FC Porto,0.89,1.07,0,0,3937556
2023-03-19,Casa Pia AC,Marítimo,1.95,1.14,2,0,3937562
2023-03-31,Estoril,Gil Vicente,0.92,1.52,1,0,3937566
2023-04-01,Sporting CP,Santa Clara,2.21,0.61,3,0,3937570
2023-04-01,Vitória de Guimarães,Paços de Ferreira,0.88,0.84,0,0,3937569
2023-04-01,Vizela,Casa Pia AC,0.91,0.66,3,1,3937568
2023-04-02,Chaves,Braga,2.1,1.56,1,2,3937572
2023-04-02,FC Porto,Portimonense,1.21,0.2,1,0,3937567
2023-04-02,Marítimo,Boavista,3.18,0.84,4,2,3937565
2023-04-02,Rio Ave,Benfica,1.53,0.93,0,1,3937571
2023-04-03,Famalicão,Arouca,1.56,1.54,0,1,3937563
2023-04-05,Gil Vicente,Sporting CP,0.78,1.43,0,0,3937557
2023-04-07,Benfica,FC Porto,0.48,0.55,1,2,3937564
2023-04-07,Boavista,Vitória de Guimarães,0.92,1.68,2,1,3937552
2023-04-07,Santa Clara,Vizela,0.68,0.76,0,1,3937602
2023-04-08,Arouca,Marítimo,1.06,0.8,1,0,3937601
2023-04-08,Braga,Estoril,3.36,0.33,4,1,3937603
2023-04-08,Paços de Ferreira,Famalicão,1.61,1.01,1,3,3937605
2023-04-08,Portimonense,Rio Ave,2.2,2.03,2,2,3937604
2023-04-09,Casa Pia AC,Sporting CP,0.86,2.08,3,4,3937600
2023-04-10,Gil Vicente,Chaves,1.66,1.61,0,0,3937606
2023-04-14,Famalicão,Vitória de Guimarães,0.9,0.65,2,1,3937598
2023-04-15,Chaves,Benfica,0.84,2.3,1,0,3937599
2023-04-15,Estoril,Portimonense,1.15,1.23,0,1,3937624
2023-04-15,FC Porto,Santa Clara,2.62,0.35,2,1,3937608
2023-04-15,Marítimo,Paços de Ferreira,1.68,1.03,3,1,3937623
2023-04-16,Braga,Gil Vicente,1.57,0.67,1,0,3937607
2023-04-16,Rio Ave,Casa Pia AC,0.65,0.77,1,1,3937597
2023-04-16,Sporting CP,Arouca,3.06,0.98,1,1,3937596
2023-04-17,Vizela,Boavista,0.98,0.95,1,1,3937622
2023-04-21,Casa Pia AC,Braga,0.28,1.73,0,1,3937621
2023-04-22,Boavista,Rio Ave,3.08,0.65,3,2,3937625
2023-04-22,Famalicão,Marítimo,3.09,1.42,3,2,3937620
2023-04-22,Paços de Ferreira,FC Porto,0.68,3.17,0,2,3937628
2023-04-23,Arouca,Vizela,1.54,1.95,1,0,3937630
2023-04-23,Benfica,Estoril,3.26,0.18,1,0,3937626
2023-04-23,Portimonense,Gil Vicente,0.99,1.93,1,0,3937629
2023-04-23,Santa Clara,Chaves,1.62,0.94,1,1,3937631
2023-04-24,Vitória de Guimarães,Sporting CP,0.22,1.48,0,2,3937627
2023-04-28,Rio Ave,Arouca,1.64,0.48,1,0,3937619
2023-04-29,Braga,Portimonense,1.86,0.59,4,1,3937610
2023-04-29,Chaves,Casa Pia AC,1.69,1.42,1,0,3937609
2023-04-29,Gil Vicente,Benfica,0.41,3.15,0,2,3937612
2023-04-29,Marítimo,Vitória de Guimarães,1.83,1.58,1,2,3937616
2023-04-29,Vizela,Paços de Ferreira,2.34,1.14,1,2,3937613
2023-04-30,Estoril,Santa Clara,1.77,0.96,3,0,3937615
2023-04-30,FC Porto,Boavista,1.57,0.79,1,0,3937614
2023-04-30,Sporting CP,Famalicão,1.41,0.62,2,1,3937611
2023-05-05,Casa Pia AC,Portimonense,1.8,0.82,1,1,3937653
2023-05-06,Benfica,Braga,3.16,0.65,1,0,3937618
2023-05-06,Boavista,Estoril,2.11,0.61,1,0,3937663
2023-05-06,Santa Clara,Gil Vicente,2.92,1.72,3,2,3937652
2023-05-07,Marítimo,Rio Ave,1.96,0.66,2,2,3937617
2023-05-07,Paços de Ferreira,Sporting CP,0.31,3.1,0,4,3937650
2023-05-07,Vitória de Guimarães,Vizela,1.09,1.4,3,0,3937649
2023-05-08,Arouca,FC Porto,0.47,2.3,0,1,3937651
2023-05-08,Famalicão,Chaves,1.28,2.1,1,2,3937654
2023-05-12,Gil Vicente,Boavista,2.37,2.15,3,1,3937660
2023-05-13,Chaves,Paços de Ferreira,1.88,0.87,2,0,3937655
2023-05-13,Portimonense,Benfica,0.27,3.66,1,5,3937657
2023-05-13,Sporting CP,Marítimo,2.13,0.18,2,1,3937656
2023-05-13,Vizela,Famalicão,0.78,1.7,0,0,3937662
2023-05-14,Braga,Santa Clara,2.85,3.56,5,3,3937658
2023-05-14,FC Porto,Casa Pia AC,3.26,1.11,2,1,3937661
2023-05-14,Rio Ave,Vitória de Guimarães,1.08,0.87,0,1,3937659
2023-05-15,Estoril,Arouca,1.29,1.04,2,0,3937648
2023-05-19,Marítimo,Vizela,2.75,0.44,1,0,3937647
2023-05-20,Arouca,Chaves,1.85,2.17,1,0,3937633
2023-05-20,Boavista,Braga,1.28,1.31,1,1,3937637
2023-05-20,Famalicão,FC Porto,1.18,4.67,2,4,3937632
2023-05-20,Santa Clara,Portimonense,2.83,0.21,1,0,3937638
2023-05-21,Casa Pia AC,Estoril,4.25,1.42,2,2,3937639
2023-05-21,Paços de Ferreira,Rio Ave,2.34,1.75,3,1,3937634
2023-05-21,Sporting CP,Benfica,2.4,2.15,2,2,3937635
2023-05-21,Vitória de Guimarães,Gil Vicente,1.39,0.73,1,0,3937636
2023-05-26,Rio Ave,Famalicão,1.64,1.59,2,2,3937643
2023-05-26,Vizela,Sporting CP,0.47,1.06,1,2,3937646
2023-05-27,Benfica,Santa Clara,2.41,0.97,3,0,3937664
2023-05-27,Braga,Paços de Ferreira,2.05,0.68,3,0,3937641
2023-05-27,Chaves,Boavista,0.93,2.24,1,4,3937640
2023-05-27,Estoril,Marítimo,1.76,1.82,3,1,3937665
2023-05-27,FC Porto,Vitória de Guimarães,2.38,0.74,3,0,3937645
2023-05-27,Gil Vicente,Casa Pia AC,1.44,0.83,1,0,3937644
2023-05-27,Portimonense,Arouca,1.6,1.5,0,2,3937642
2023-08-11,Braga,Famalicão,1.08,0.73,1,2,4233261
2023-08-12,Farense,Casa Pia AC,0.34,1.59,0,3,4233289
2023-08-12,Gil Vicente,Portimonense,1.54,0.98,5,0,4233284
2023-08-12,Sporting CP,Vizela,2.09,1.44,3,2,4233282
2023-08-13,Arouca,Estoril,0.54,0.61,4,3,4233283
2023-08-13,Estrela da Amadora,Vitória de Guimarães,0.39,0.69,0,1,4233285
2023-08-13,Rio Ave,Chaves,3.3,0.34,2,0,4233288
2023-08-14,Boavista,Benfica,2.2,1.97,3,2,4233287
2023-08-14,Moreirense,FC Porto,0.49,0.78,1,2,4233286
2023-08-18,Casa Pia AC,Sporting CP,0.83,1.18,1,2,4233293
2023-08-19,Benfica,Estrela da Amadora,3.27,0.39,2,0,4233290
2023-08-19,Chaves,Braga,1.43,1.31,2,4,4233295
2023-08-19,Portimonense,Boavista,1.21,1.81,1,4,4233297
2023-08-19,Vitória de Guimarães,Gil Vicente,0.93,1.07,2,1,4233291
2023-08-20,Estoril,Rio Ave,2.26,0.64,2,0,4233294
2023-08-20,FC Porto,Farense,2.61,0.42,2,1,4233298
2023-08-20,Vizela,Arouca,1.64,0.73,2,2,4233296
2023-08-21,Famalicão,Moreirense,0.29,0.87,0,0,4233292
2023-08-25,Estrela da Amadora,Estoril,1.47,1.04,2,1,4233262
2023-08-26,Arouca,Portimonense,2.23,0.15,1,1,4233281
2023-08-26,Farense,Chaves,3.27,1.31,5,0,4233266
2023-08-26,Gil Vicente,Benfica,1.1,2.63,2,3,4233263
2023-08-27,Boavista,Casa Pia AC,1.66,0.76,1,1,4233279
2023-08-27,Sporting CP,Famalicão,2.27,0.35,1,0,4233267
2023-08-27,Vitória de Guimarães,Vizela,1.16,0.41,2,0,4233280
2023-08-28,Rio Ave,FC Porto,1.28,2.45,1,2,4233264
2023-09-01,Vizela,Gil Vicente,1.47,0.56,1,0,4233275
2023-09-02,Benfica,Vitória de Guimarães,2.76,1.29,4,0,4233268
2023-09-02,Casa Pia AC,Rio Ave,0.48,0.7,1,1,4233272
2023-09-02,Famalicão,Farense,0.9,0.2,1,0,4233271
2023-09-02,Portimonense,Estrela da Amadora,0.85,1.45,1,1,4233276
2023-09-03,Braga,Sporting CP,0.42,0.38,1,1,4233269
2023-09-03,Chaves,Moreirense,0.74,0.91,1,2,4233270
2023-09-03,Estoril,Boavista,0.53,1.21,1,2,4233274
2023-09-03,FC Porto,Arouca,2.57,0.56,1,1,4233273
2023-09-09,Moreirense,Braga,1.05,1.3,2,3,4233265
2023-09-15,Estrela da Amadora,FC Porto,1.17,0.38,0,1,4233300
2023-09-16,Farense,Braga,3.77,1.54,3,1,4233322
2023-09-16,Rio Ave,Famalicão,0.21,0.96,1,1,4233323
2023-09-16,Vizela,Benfica,1.69,1.96,1,2,4233321
2023-09-17,Arouca,Casa Pia AC,0.44,0.88,0,1,4233277
2023-09-17,Gil Vicente,Estoril,2.21,3.76,5,3,4233324
2023-09-17,Sporting CP,Moreirense,1.93,0.37,3,0,4233325
2023-09-17,Vitória de Guimarães,Portimonense,0.76,1.21,1,2,4233278
2023-09-18,Boavista,Chaves,2.25,2.05,4,1,4233299
2023-09-22,Famalicão,Arouca,0.14,2.22,1,0,4233330
2023-09-23,Casa Pia AC,Vitória de Guimarães,0.83,1.17,0,0,4233327
2023-09-23,Estoril,Vizela,0.74,0.52,2,2,4233328
2023-09-23,FC Porto,Gil Vicente,2.18,0.84,2,1,4233333
2023-09-23,Moreirense,Farense,1.3,0.36,1,0,4233334
2023-09-24,Braga,Boavista,4.67,1.04,4,1,4233331
2023-09-24,Chaves,Estrela da Amadora,1.7,1.57,2,2,4233326
2023-09-24,Portimonense,Benfica,1.41,1.81,1,3,4233329
2023-09-25,Sporting CP,Rio Ave,1.76,0.36,2,0,4233332
2023-09-28,Estrela da Amadora,Braga,1.85,3.37,2,4,4233319
2023-09-29,Benfica,FC Porto,1.31,0.28,1,0,4233335
2023-09-30,Boavista,Famalicão,0.89,1.37,2,2,4233337
2023-09-30,Farense,Sporting CP,0.41,3.51,2,3,4233320
2023-09-30,Vizela,Portimonense,0.9,1.41,2,3,4233302
2023-10-01,Arouca,Chaves,0.63,1.01,0,2,4233336
2023-10-01,Rio Ave,Moreirense,1.18,2.31,0,4,4233303
2023-10-01,Vitória de Guimarães,Estoril,3.16,0.9,3,2,4233301
2023-10-02,Gil Vicente,Casa Pia AC,1.04,0.33,2,0,4233318
2023-10-06,Moreirense,Boavista,0.88,0.59,1,1,4233312
2023-10-07,Braga,Rio Ave,2.8,2.3,2,1,4233305
2023-10-07,Chaves,Gil Vicente,2.34,1.98,4,2,4233306
2023-10-07,Estoril,Benfica,0.8,2.75,0,1,4233310
2023-10-07,Farense,Vizela,1.07,1.24,0,0,4233309
2023-10-08,Casa Pia AC,Estrela da Amadora,0.18,1.44,0,1,4233308
2023-10-08,FC Porto,Portimonense,1.49,0.49,1,0,4233304
2023-10-08,Famalicão,Vitória de Guimarães,2.1,1.33,1,3,4233307
2023-10-08,Sporting CP,Arouca,1.78,0.61,2,1,4233311
2023-10-27,Arouca,Moreirense,1.59,0.66,0,1,4233314
2023-10-28,Benfica,Casa Pia AC,1.16,1.33,1,1,4233313
2023-10-28,Gil Vicente,Braga,2.44,1.29,3,3,4233338
2023-10-28,Portimonense,Estoril,1.37,1.14,1,0,4233347
2023-10-28,Vitória de Guimarães,Chaves,1.78,0.12,5,0,4233339
2023-10-29,Estrela da Amadora,Famalicão,1.61,0.72,1,0,4233316
2023-10-29,Rio Ave,Farense,1.79,1.29,3,4,4233346
2023-10-29,Vizela,FC Porto,0.82,1.57,0,2,4233317
2023-10-30,Boavista,Sporting CP,0.61,2.46,0,2,4233315
2023-11-03,FC Porto,Estoril,3.0,0.44,0,1,4233349
2023-11-04,Braga,Portimonense,3.71,1.1,6,1,4233345
2023-11-04,Chaves,Benfica,0.12,2.27,0,2,4233342
2023-11-04,Famalicão,Gil Vicente,0.59,1.02,3,1,4233344
2023-11-05,Casa Pia AC,Vizela,0.85,1.54,0,1,4233343
2023-11-05,Moreirense,Vitória de Guimarães,1.13,0.55,1,0,4233340
2023-11-05,Rio Ave,Boavista,1.2,0.69,2,0,4233348
2023-11-05,Sporting CP,Estrela da Amadora,2.29,1.62,3,2,4233364
2023-11-06,Farense,Arouca,2.09,1.39,2,0,4233341
2023-11-10,Estoril,Casa Pia AC,1.69,0.44,4,0,4233373
2023-11-11,Estrela da Amadora,Moreirense,0.4,0.95,0,1,4233370
2023-11-11,Portimonense,Chaves,1.25,1.18,2,1,4233371
2023-11-11,Vitória de Guimarães,FC Porto,2.34,1.17,1,2,4233367
2023-11-11,Vizela,Famalicão,2.05,0.74,0,0,4233372
2023-11-12,Arouca,Braga,1.01,1.29,0,1,4233366
2023-11-12,Benfica,Sporting CP,1.4,0.73,2,1,4233365
2023-11-12,Boavista,Farense,0.93,1.97,1,3,4233368
2023-11-12,Gil Vicente,Rio Ave,0.35,2.31,1,1,4233369
2023-12-01,Chaves,Vizela,1.68,0.71,2,1,4233375
2023-12-02,Casa Pia AC,Portimonense,0.74,0.9,1,0,4233362
2023-12-02,Famalicão,FC Porto,1.22,0.97,0,3,4233363
2023-12-02,Farense,Vitória de Guimarães,1.54,1.26,1,2,4233350
2023-12-02,Rio Ave,Estrela da Amadora,1.08,0.42,1,1,4233354
2023-12-03,Boavista,Arouca,1.0,1.88,0,4,4233352
2023-12-03,Braga,Estoril,3.35,0.59,3,1,4233374
2023-12-03,Moreirense,Benfica,0.46,1.48,0,0,4233351
2023-12-04,Sporting CP,Gil Vicente,1.75,0.24,3,1,4233353
2023-12-08,Benfica,Farense,5.74,0.45,1,1,4233355
2023-12-08,Vizela,Braga,1.33,2.84,1,3,4233359
2023-12-09,FC Porto,Casa Pia AC,2.81,1.2,3,1,4233377
2023-12-09,Portimonense,Famalicão,0.59,1.12,1,1,4233361
2023-12-09,Vitória de Guimarães,Sporting CP,2.23,1.89,3,2,4233357
2023-12-10,Arouca,Rio Ave,1.29,2.47,2,2,4233356
2023-12-10,Estoril,Chaves,2.66,0.67,4,0,4233360
2023-12-10,Estrela da Amadora,Boavista,0.65,0.79,3,1,4233376
2023-12-11,Gil Vicente,Moreirense,1.38,1.41,1,1,4233358
2023-12-15,Farense,Estrela da Amadora,0.68,1.25,0,0,4233388
2023-12-16,Arouca,Gil Vicente,1.34,1.43,3,0,4233389
2023-12-16,Boavista,Vitória de Guimarães,1.78,0.91,1,1,4233391
2023-12-16,Rio Ave,Vizela,0.93,0.48,1,1,4233392
2023-12-17,Braga,Benfica,1.83,1.48,0,1,4233394
2023-12-17,Chaves,Casa Pia AC,1.07,1.13,1,3,4233390
2023-12-17,Famalicão,Estoril,1.29,1.24,1,1,4233396
2023-12-17,Moreirense,Portimonense,2.27,1.29,5,2,4233393
2023-12-18,Sporting CP,FC Porto,1.37,0.69,2,0,4233395
2023-12-23,Vitória de Guimarães,Rio Ave,0.97,0.57,1,0,4233386
2023-12-23,Vizela,Moreirense,0.25,0.48,0,0,4233384
2023-12-28,Estrela da Amadora,Arouca,0.94,4.05,1,4,4233381
2023-12-29,Benfica,Famalicão,1.75,0.82,3,0,4233387
2023-12-29,FC Porto,Chaves,1.41,0.52,1,0,4233382
2023-12-30,Casa Pia AC,Braga,1.0,1.42,1,3,4233380
2023-12-30,Estoril,Farense,1.42,2.34,4,0,4233378
2023-12-30,Gil Vicente,Boavista,1.35,0.58,1,0,4233383
2023-12-30,Portimonense,Sporting CP,0.63,2.84,1,2,4233379
2024-01-05,Boavista,FC Porto,0.43,2.1,1,1,4233398
2024-01-05,Sporting CP,Estoril,4.29,1.22,5,1,4233414
2024-01-06,Arouca,Benfica,0.79,2.24,0,3,4233397
2024-01-06,Braga,Vitória de Guimarães,1.65,0.91,1,1,4233385
2024-01-06,Estrela da Amadora,Vizela,1.75,0.97,1,1,4233410
2024-01-06,Farense,Gil Vicente,2.21,1.27,1,0,4233411
2024-01-07,Famalicão,Chaves,1.8,2.13,2,2,4233412
2024-01-07,Rio Ave,Portimonense,1.23,0.51,2,0,4233415
2024-01-08,Moreirense,Casa Pia AC,1.22,1.35,1,4,4233413
2024-01-12,Portimonense,Farense,1.39,0.59,1,0,4233402
2024-01-13,Casa Pia AC,Famalicão,0.44,0.57,0,2,4233409
2024-01-13,Chaves,Sporting CP,0.4,2.78,0,3,4233417
2024-01-13,Estoril,Moreirense,0.68,1.44,1,3,4233408
2024-01-14,Benfica,Rio Ave,2.76,1.81,4,1,4233416
2024-01-14,FC Porto,Braga,1.74,1.42,2,0,4233407
2024-01-14,Gil Vicente,Estrela da Amadora,0.59,1.58,1,1,4233401
2024-01-14,Vizela,Boavista,2.73,1.8,1,4,4233400
2024-01-15,Vitória de Guimarães,Arouca,2.35,1.23,2,1,4233399
2024-01-18,Famalicão,Braga,1.92,1.34,1,2,4233403
2024-01-18,Vizela,Sporting CP,0.93,2.74,2,5,4233404
2024-01-19,Benfica,Boavista,2.82,0.44,2,0,4233434
2024-01-20,Casa Pia AC,Farense,0.95,1.36,1,3,4233436
2024-01-20,Estoril,Arouca,2.4,1.53,1,2,4233405
2024-01-20,FC Porto,Moreirense,2.36,0.22,5,0,4233419
2024-01-21,Chaves,Rio Ave,1.88,0.76,0,0,4233435
2024-01-21,Portimonense,Gil Vicente,0.17,1.53,0,2,4233406
2024-01-21,Vitória de Guimarães,Estrela da Amadora,1.71,0.4,3,0,4233418
2024-01-28,Arouca,Vizela,2.45,1.08,5,0,4233443
2024-01-28,Boavista,Portimonense,2.2,0.68,1,4,4233444
2024-01-28,Farense,FC Porto,1.99,1.82,1,3,4233445
2024-01-28,Gil Vicente,Vitória de Guimarães,1.24,0.88,1,0,4233438
2024-01-28,Moreirense,Famalicão,1.26,0.91,1,0,4233439
2024-01-29,Estrela da Amadora,Benfica,0.57,3.28,1,4,4233437
2024-01-29,Sporting CP,Casa Pia AC,4.53,0.27,8,0,4233440
2024-01-31,Braga,Chaves,3.32,0.55,1,1,4233442
2024-01-31,Rio Ave,Estoril,0.88,0.82,1,1,4233441
2024-02-03,FC Porto,Rio Ave,1.7,0.24,0,0,4233423
2024-02-03,Portimonense,Arouca,2.43,1.9,1,2,4233433
2024-02-04,Benfica,Gil Vicente,1.58,0.14,3,0,4233422
2024-02-04,Braga,Moreirense,0.78,0.55,1,0,4233424
2024-02-04,Chaves,Farense,0.85,2.57,1,1,4233425
2024-02-04,Estoril,Estrela da Amadora,0.61,1.08,1,0,4233421
2024-02-04,Vizela,Vitória de Guimarães,0.36,1.75,0,1,4233432
2024-02-05,Casa Pia AC,Boavista,0.4,0.13,0,0,4233420
2024-02-09,Estrela da Amadora,Portimonense,1.39,0.53,3,0,4233456
2024-02-10,Boavista,Estoril,1.12,1.97,2,1,4233447
2024-02-10,Farense,Famalicão,1.55,1.03,1,1,4233430
2024-02-10,Moreirense,Chaves,1.68,0.89,1,0,4233429
2024-02-11,Rio Ave,Casa Pia AC,0.54,0.18,1,0,4233431
2024-02-11,Sporting CP,Braga,2.36,0.5,5,0,4233428
2024-02-11,Vitória de Guimarães,Benfica,2.16,0.87,2,2,4233427
2024-02-12,Arouca,FC Porto,1.83,2.11,3,2,4233446
2024-02-13,Gil Vicente,Vizela,0.87,0.35,0,1,4233457
2024-02-16,Famalicão,Rio Ave,1.09,2.08,2,1,4233449
2024-02-17,Chaves,Boavista,0.9,2.19,2,1,4233453
2024-02-17,FC Porto,Estrela da Amadora,2.19,0.23,2,0,4233452
2024-02-17,Portimonense,Vitória de Guimarães,1.28,1.83,1,1,4233454
2024-02-18,Benfica,Vizela,3.66,1.59,6,1,4233451
2024-02-18,Braga,Farense,3.17,0.47,2,1,4233450
2024-02-18,Casa Pia AC,Arouca,1.18,0.95,1,0,4233455
2024-02-18,Estoril,Gil Vicente,0.8,2.28,1,3,4233448
2024-02-19,Moreirense,Sporting CP,0.3,2.45,0,2,4233458
2024-02-23,Arouca,Famalicão,1.73,1.05,3,2,4233482
2024-02-24,Estrela da Amadora,Chaves,0.49,1.02,1,1,4233459
2024-02-24,Farense,Moreirense,0.29,1.1,0,1,4233486
2024-02-24,Vitória de Guimarães,Casa Pia AC,1.39,1.54,0,2,4233479
2024-02-25,Benfica,Portimonense,3.49,0.37,4,0,4233481
2024-02-25,Gil Vicente,FC Porto,0.46,3.19,1,1,4233485
2024-02-25,Rio Ave,Sporting CP,2.13,0.97,3,3,4233484
2024-02-25,Vizela,Estoril,1.98,1.14,3,3,4233480
2024-02-26,Boavista,Braga,0.83,1.61,0,4,4233483
2024-03-01,Chaves,Arouca,1.03,2.09,1,5,4233488
2024-03-02,Braga,Estrela da Amadora,2.54,0.7,3,0,4233491
2024-03-02,Estoril,Vitória de Guimarães,2.09,0.39,1,3,4233493
2024-03-02,Moreirense,Rio Ave,1.33,0.08,0,0,4233478
2024-03-03,Casa Pia AC,Gil Vicente,1.11,0.57,0,0,4233492
2024-03-03,FC Porto,Benfica,2.81,0.46,5,0,4233487
2024-03-03,Portimonense,Vizela,1.32,0.88,0,0,4233494
2024-03-03,Sporting CP,Farense,2.11,0.62,3,2,4233490
2024-03-04,Famalicão,Boavista,0.74,0.6,1,1,4233489
2024-03-08,Estrela da Amadora,Casa Pia AC,2.84,0.5,3,1,4233462
2024-03-08,Portimonense,FC Porto,0.21,2.27,0,3,4233477
2024-03-09,Boavista,Moreirense,0.36,0.25,1,0,4233466
2024-03-09,Rio Ave,Braga,0.44,0.79,0,0,4233476
2024-03-09,Vitória de Guimarães,Famalicão,2.68,1.22,1,0,4233461
2024-03-09,Vizela,Farense,1.51,0.98,2,1,4233463
2024-03-10,Arouca,Sporting CP,0.54,2.27,0,3,4233465
2024-03-10,Benfica,Estoril,1.75,0.62,3,1,4233464
2024-03-11,Gil Vicente,Chaves,1.58,0.23,0,0,4233460
2024-03-15,Estoril,Portimonense,1.29,1.33,1,0,4233474
2024-03-16,Braga,Gil Vicente,1.15,2.0,2,1,4233472
2024-03-16,FC Porto,Vizela,3.06,0.3,4,1,4233471
2024-03-16,Famalicão,Estrela da Amadora,0.9,0.75,0,0,4233470
2024-03-16,Farense,Rio Ave,1.3,1.17,1,1,4233475
2024-03-17,Casa Pia AC,Benfica,0.47,1.68,0,1,4233467
2024-03-17,Chaves,Vitória de Guimarães,0.79,1.72,1,2,4233473
2024-03-17,Moreirense,Arouca,0.84,0.34,1,0,4233468
2024-03-17,Sporting CP,Boavista,3.79,0.19,6,1,4233469
2024-03-29,Benfica,Chaves,3.67,0.56,1,0,4233544
2024-03-29,Estrela da Amadora,Sporting CP,1.2,2.22,1,2,4233527
2024-03-29,Gil Vicente,Famalicão,2.03,2.5,1,2,4233496
2024-03-30,Arouca,Farense,1.49,2.02,2,1,4233531
2024-03-30,Boavista,Rio Ave,0.63,0.43,0,0,4233529
2024-03-30,Estoril,FC Porto,1.18,1.18,1,0,4233528
2024-03-30,Vitória de Guimarães,Moreirense,0.73,0.33,1,0,4233530
2024-03-31,Vizela,Casa Pia AC,1.16,0.79,0,4,4233497
2024-04-01,Portimonense,Braga,2.02,3.76,3,5,4233495
2024-04-05,Farense,Boavista,2.15,1.28,2,0,4233523
2024-04-06,Braga,Arouca,1.23,1.94,0,3,4233525
2024-04-06,Famalicão,Vizela,1.28,1.83,3,2,4233543
2024-04-06,Rio Ave,Gil Vicente,2.71,0.21,3,0,4233532
2024-04-06,Sporting CP,Benfica,0.96,1.32,2,1,4233526
2024-04-07,Chaves,Portimonense,1.33,1.11,2,3,4233534
2024-04-07,FC Porto,Vitória de Guimarães,1.17,0.24,1,2,4233524
2024-04-07,Moreirense,Estrela da Amadora,1.08,1.67,2,2,4233533
2024-04-08,Casa Pia AC,Estoril,0.59,0.49,0,0,4233542
2024-04-12,Gil Vicente,Sporting CP,1.03,2.14,0,4,4233522
2024-04-13,Estoril,Braga,0.27,1.27,0,1,4233541
2024-04-13,FC Porto,Famalicão,3.53,2.09,2,2,4233539
2024-04-13,Vitória de Guimarães,Farense,1.27,0.91,1,1,4233537
2024-04-14,Arouca,Boavista,3.27,0.84,2,1,4233535
2024-04-14,Benfica,Moreirense,1.71,0.25,3,0,4233536
2024-04-14,Estrela da Amadora,Rio Ave,2.6,0.46,2,2,4233521
2024-04-14,Portimonense,Casa Pia AC,0.77,1.92,2,2,4233538
2024-04-15,Vizela,Chaves,1.27,1.02,0,1,4233540
2024-04-16,Famalicão,Sporting CP,0.3,0.76,0,1,4233426
2024-04-19,Rio Ave,Arouca,0.63,1.11,1,1,4233507
2024-04-20,Boavista,Estrela da Amadora,1.85,1.06,1,1,4233501
2024-04-20,Braga,Vizela,2.8,0.78,2,1,4233504
2024-04-20,Moreirense,Gil Vicente,0.61,0.6,0,1,4233505
2024-04-21,Casa Pia AC,FC Porto,0.95,1.67,1,2,4233500
2024-04-21,Chaves,Estoril,1.14,0.98,2,2,4233503
2024-04-21,Famalicão,Portimonense,1.86,2.49,2,2,4233502
2024-04-21,Sporting CP,Vitória de Guimarães,2.29,0.26,3,0,4233506
2024-04-22,Farense,Benfica,0.6,1.84,1,3,4233520
2024-04-26,Gil Vicente,Arouca,1.15,2.06,2,2,4233499
2024-04-27,Benfica,Braga,2.49,1.14,3,1,4233518
2024-04-27,Casa Pia AC,Chaves,0.81,1.64,3,1,4233498
2024-04-27,Vitória de Guimarães,Boavista,0.52,0.29,1,0,4233508
2024-04-27,Vizela,Rio Ave,1.37,0.91,1,1,4233509
2024-04-28,Estoril,Famalicão,0.32,1.29,1,0,4233516
2024-04-28,FC Porto,Sporting CP,1.49,1.57,2,2,4233517
2024-04-28,Portimonense,Moreirense,0.68,0.75,0,2,4233519
2024-04-29,Estrela da Amadora,Farense,2.18,2.39,0,3,4233515
2024-05-03,Moreirense,Vizela,1.96,0.97,1,0,4233576
2024-05-04,Boavista,Gil Vicente,1.2,1.66,1,1,4233577
2024-05-04,Chaves,FC Porto,0.31,2.59,0,3,4233578
2024-05-04,Rio Ave,Vitória de Guimarães,0.31,0.91,2,1,4233513
2024-05-04,Sporting CP,Portimonense,3.64,0.05,3,0,4233511
2024-05-05,Arouca,Estrela da Amadora,0.78,0.31,0,0,4233579
2024-05-05,Braga,Casa Pia AC,1.71,1.87,4,3,4233510
2024-05-05,Famalicão,Benfica,0.8,1.76,2,0,4233514
2024-05-05,Farense,Estoril,1.31,0.93,3,2,4233512
2024-05-10,Chaves,Famalicão,0.36,1.31,0,1,4233570
2024-05-11,Estoril,Sporting CP,0.27,1.44,0,1,4233581
2024-05-11,Portimonense,Rio Ave,2.19,0.87,2,2,4233591
2024-05-11,Vitória de Guimarães,Braga,2.81,2.32,2,3,4233575
2024-05-11,Vizela,Estrela da Amadora,2.8,0.73,4,0,4233572
2024-05-12,Benfica,Arouca,5.4,0.32,5,0,4233574
2024-05-12,Casa Pia AC,Moreirense,0.59,1.15,0,1,4233580
2024-05-12,FC Porto,Boavista,2.43,0.24,2,1,4233573
2024-05-12,Gil Vicente,Farense,1.89,0.69,2,0,4233571
2024-05-17,Famalicão,Casa Pia AC,0.52,1.22,1,2,4233588
2024-05-17,Rio Ave,Benfica,1.5,1.59,1,1,4233590
2024-05-18,Arouca,Vitória de Guimarães,1.49,1.06,1,3,4233585
2024-05-18,Boavista,Vizela,2.21,1.49,2,2,4233584
2024-05-18,Braga,FC Porto,0.36,2.17,0,1,4233586
2024-05-18,Estrela da Amadora,Gil Vicente,1.19,1.31,1,0,4233583
2024-05-18,Farense,Portimonense,0.61,1.54,1,3,4233582
2024-05-18,Moreirense,Estoril,1.45,1.77,2,1,4233587
2024-05-18,Sporting CP,Chaves,2.72,1.39,3,0,4233589
2024-08-09,Sporting CP,Rio Ave,3.0,0.46,3,1,4539021
2024-08-10,AVS Futebol SAD,Nacional,1.01,0.52,1,1,4539018
2024-08-10,Casa Pia AC,Boavista,0.92,1.15,0,1,4539020
2024-08-10,FC Porto,Gil Vicente,3.47,0.1,3,0,4539022
2024-08-11,Braga,Estrela da Amadora,1.41,0.69,1,1,4539015
2024-08-11,Estoril,Santa Clara,0.15,2.72,1,4,4539023
2024-08-11,Famalicão,Benfica,1.47,0.78,2,0,4539019
2024-08-11,Farense,Moreirense,1.4,2.2,1,2,4539017
2024-08-12,Arouca,Vitória de Guimarães,0.21,0.83,0,1,4539016
2024-08-16,Gil Vicente,AVS Futebol SAD,2.38,1.42,4,2,4539210
2024-08-16,Santa Clara,FC Porto,0.75,1.11,0,2,4539206
2024-08-17,Benfica,Casa Pia AC,2.5,0.29,3,0,4539202
2024-08-17,Nacional,Sporting CP,1.23,3.14,1,6,4539205
2024-08-17,Rio Ave,Farense,1.36,0.54,1,0,4539208
2024-08-18,Boavista,Braga,0.63,1.07,0,1,4539203
2024-08-18,Moreirense,Arouca,2.5,1.01,3,1,4539207
2024-08-18,Vitória de Guimarães,Estoril,1.79,0.2,1,0,4539209
2024-08-19,Estrela da Amadora,Famalicão,0.69,1.9,0,3,4539204
2024-08-23,Farense,Sporting CP,0.26,3.95,0,5,4539216
2024-08-24,Benfica,Estrela da Amadora,1.35,0.16,1,0,4539211
2024-08-24,Casa Pia AC,Santa Clara,0.84,0.62,0,2,4539219
2024-08-24,FC Porto,Rio Ave,3.5,0.0,2,0,4539212
2024-08-24,Famalicão,Boavista,0.73,0.3,1,0,4539218
2024-08-25,AVS Futebol SAD,Vitória de Guimarães,0.71,1.42,1,0,4539217
2024-08-25,Arouca,Nacional,1.25,1.14,1,0,4539214
2024-08-25,Braga,Moreirense,1.68,2.43,3,1,4539213
2024-08-25,Estoril,Gil Vicente,0.53,2.04,0,0,4539215
2024-08-30,Moreirense,Benfica,0.23,1.5,1,1,4539221
2024-08-31,Boavista,Estoril,1.6,0.28,0,0,4539220
2024-08-31,Estrela da Amadora,Casa Pia AC,0.46,0.6,0,1,4539225
2024-08-31,Santa Clara,AVS Futebol SAD,1.84,0.68,2,1,4539228
2024-08-31,Sporting CP,FC Porto,2.94,0.49,2,0,4539222
2024-09-01,Gil Vicente,Braga,1.27,0.62,0,0,4539223
2024-09-01,Nacional,Farense,2.03,0.34,2,0,4539226
2024-09-01,Rio Ave,Arouca,1.68,0.92,1,0,4539224
2024-09-01,Vitória de Guimarães,Famalicão,1.41,0.27,2,1,4539227
2024-09-13,Arouca,Sporting CP,0.23,3.21,0,3,4539231
2024-09-14,AVS Futebol SAD,Rio Ave,0.59,1.04,1,0,4539235
2024-09-14,Benfica,Santa Clara,2.6,0.7,4,1,4539229
2024-09-14,Casa Pia AC,Moreirense,1.63,0.63,3,1,4539232
2024-09-14,Famalicão,Gil Vicente,1.06,0.69,1,1,4539234
2024-09-15,Braga,Vitória de Guimarães,0.47,0.98,0,2,4539230
2024-09-15,Estoril,Nacional,1.03,2.38,1,0,4539233
2024-09-15,FC Porto,Farense,4.5,0.91,2,1,4539237
2024-09-16,Estrela da Amadora,Boavista,1.05,1.92,2,2,4539236
2024-09-20,Nacional,Braga,1.2,2.39,0,3,4539277
2024-09-21,Moreirense,Famalicão,0.63,0.14,0,0,4539281
2024-09-21,Rio Ave,Estoril,2.5,1.39,2,2,4539280
2024-09-21,Santa Clara,Estrela da Amadora,1.73,0.4,1,0,4539275
2024-09-21,Vitória de Guimarães,FC Porto,0.23,1.79,0,3,4539274
2024-09-22,Farense,Arouca,1.24,0.64,0,1,4539278
2024-09-22,Gil Vicente,Casa Pia AC,1.22,1.51,1,1,4539279
2024-09-22,Sporting CP,AVS Futebol SAD,1.76,0.07,3,0,4539282
2024-09-23,Boavista,Benfica,0.33,2.0,0,3,4539276
2024-09-27,Estoril,Sporting CP,0.13,1.89,0,3,4539440
2024-09-28,Benfica,Gil Vicente,3.59,1.09,5,1,4539437
2024-09-28,Casa Pia AC,Vitória de Guimarães,1.98,0.6,1,1,4539439
2024-09-28,Estrela da Amadora,Moreirense,0.97,1.58,2,1,4539441
2024-09-29,Braga,Rio Ave,3.22,0.89,4,0,4539438
2024-09-29,FC Porto,Arouca,3.09,0.22,4,0,4539444
2024-09-29,Famalicão,Nacional,0.92,0.62,0,0,4539442
2024-09-29,Santa Clara,Boavista,2.17,0.12,1,0,4539445
2024-09-30,AVS Futebol SAD,Farense,0.54,0.47,0,0,4539443
2024-10-04,Rio Ave,Famalicão,2.29,0.41,1,1,4539290
2024-10-05,Arouca,AVS Futebol SAD,1.03,2.1,1,1,4539283
2024-10-05,Gil Vicente,Estrela da Amadora,1.59,0.7,3,0,4539289
2024-10-05,Moreirense,Santa Clara,0.46,1.35,1,0,4539291
2024-10-05,Sporting CP,Casa Pia AC,2.64,0.6,2,0,4539287
2024-10-06,FC Porto,Braga,1.22,0.92,2,1,4539285
2024-10-06,Farense,Estoril,1.59,1.14,1,0,4539288
2024-10-06,Vitória de Guimarães,Boavista,2.23,2.36,2,2,4539286
2024-10-25,Casa Pia AC,Nacional,0.86,1.1,1,0,4539295
2024-10-25,Santa Clara,Gil Vicente,1.5,0.79,2,1,4539299
2024-10-26,Boavista,Moreirense,0.23,2.0,0,2,4539294
2024-10-26,Estoril,Arouca,2.23,1.69,4,1,4539300
2024-10-26,Famalicão,Sporting CP,0.2,3.6,0,3,4539297
2024-10-27,Benfica,Rio Ave,2.38,0.19,5,0,4539292
2024-10-27,Braga,Farense,2.9,0.18,2,0,4539293
2024-10-27,Estrela da Amadora,Vitória de Guimarães,1.24,1.51,2,2,4539296
2024-10-28,AVS Futebol SAD,FC Porto,0.18,2.45,0,5,4539298
2024-11-01,Sporting CP,Estrela da Amadora,3.33,1.95,5,1,4539308
2024-11-02,Farense,Benfica,0.86,1.53,1,2,4539304
2024-11-02,Gil Vicente,Boavista,0.93,1.79,1,2,4539305
2024-11-02,Rio Ave,Casa Pia AC,0.96,1.33,2,2,4539306
2024-11-03,AVS Futebol SAD,Famalicão,1.83,2.17,2,3,4539303
2024-11-03,Arouca,Braga,1.56,1.99,1,2,4539301
2024-11-03,FC Porto,Estoril,3.16,0.98,4,0,4539307
2024-11-03,Vitória de Guimarães,Moreirense,0.44,0.31,1,0,4539302
2024-11-04,Nacional,Santa Clara,1.72,1.14,2,0,4539309
2024-11-08,Moreirense,Gil Vicente,1.1,0.8,3,2,4539381
2024-11-09,Boavista,Rio Ave,1.45,0.44,0,2,4539376
2024-11-09,Casa Pia AC,Farense,1.23,0.85,1,1,4539377
2024-11-09,Estoril,AVS Futebol SAD,0.33,0.92,0,0,4539382
2024-11-09,Famalicão,Arouca,0.22,0.43,0,0,4539380
2024-11-10,Benfica,FC Porto,2.21,1.08,4,1,4539374
2024-11-10,Braga,Sporting CP,0.76,0.85,2,4,4539375
2024-11-10,Estrela da Amadora,Nacional,2.06,0.34,2,0,4539378
2024-11-10,Santa Clara,Vitória de Guimarães,3.25,0.53,1,0,4539379
2024-11-29,Farense,Estrela da Amadora,1.01,0.37,1,0,4539389
2024-11-30,Nacional,Boavista,1.03,0.79,0,0,4539387
2024-11-30,Rio Ave,Moreirense,2.18,1.78,3,2,4539390
2024-11-30,Sporting CP,Santa Clara,1.51,0.37,0,1,4539391
2024-12-01,AVS Futebol SAD,Braga,0.92,3.46,0,1,4539386
2024-12-01,Arouca,Benfica,0.52,2.05,0,2,4539383
2024-12-01,Estoril,Famalicão,1.48,1.05,2,1,4539385
2024-12-02,FC Porto,Casa Pia AC,2.03,0.46,2,0,4539388
2024-12-02,Vitória de Guimarães,Gil Vicente,1.73,0.09,4,0,4539384
2024-12-05,Moreirense,Sporting CP,0.3,1.83,2,1,4539396
2024-12-06,Braga,Estoril,3.62,1.53,2,2,4539393
2024-12-07,Benfica,Vitória de Guimarães,0.76,0.5,1,0,4539392
2024-12-07,Famalicão,FC Porto,1.1,0.88,1,1,4539397
2024-12-07,Gil Vicente,Nacional,0.98,1.62,2,1,4539395
2024-12-07,Santa Clara,Rio Ave,0.96,0.46,1,0,4539398
2024-12-08,Boavista,Farense,1.48,1.28,1,1,4539394
2024-12-08,Casa Pia AC,AVS Futebol SAD,1.43,0.97,1,1,4539400
2024-12-09,Estrela da Amadora,Arouca,1.07,1.11,2,1,4539399
2024-12-14,Farense,Gil Vicente,0.73,0.74,0,1,4539403
2024-12-14,Nacional,Moreirense,0.69,0.37,1,0,4539409
2024-12-14,Sporting CP,Boavista,2.06,0.64,3,2,4539406
2024-12-15,AVS Futebol SAD,Benfica,0.77,0.73,1,1,4539404
2024-12-15,Arouca,Santa Clara,0.78,0.3,1,0,4539402
2024-12-15,Estoril,Casa Pia AC,0.94,1.63,0,2,4539407
2024-12-16,Braga,Famalicão,2.99,0.83,3,3,4539401
2024-12-16,FC Porto,Estrela da Amadora,1.05,0.15,2,0,4539408
2024-12-16,Rio Ave,Vitória de Guimarães,0.18,2.59,2,2,4539405
2024-12-19,Nacional,Benfica,0.15,1.99,0,2,4539284
2024-12-20,Casa Pia AC,Arouca,0.83,0.68,3,1,4539417
2024-12-21,Boavista,AVS Futebol SAD,0.86,1.08,0,0,4539418
2024-12-21,Famalicão,Farense,1.37,0.28,1,2,4539415
2024-12-21,Moreirense,FC Porto,0.31,0.91,0,3,4539414
2024-12-22,Gil Vicente,Sporting CP,0.08,1.18,0,0,4539412
2024-12-22,Santa Clara,Braga,1.41,1.58,0,2,4539416
2024-12-23,Benfica,Estoril,2.48,0.45,3,0,4539410
2024-12-23,Estrela da Amadora,Rio Ave,0.7,1.28,1,0,4539413
2024-12-23,Vitória de Guimarães,Nacional,2.43,0.56,2,2,4539411
2024-12-27,Arouca,Gil Vicente,0.5,1.27,1,1,4539420
2024-12-28,AVS Futebol SAD,Estrela da Amadora,1.27,2.2,1,1,4539423
2024-12-28,Estoril,Moreirense,2.07,0.81,2,2,4539421
2024-12-28,FC Porto,Boavista,2.0,0.19,4,0,4539425
2024-12-29,Braga,Casa Pia AC,1.05,0.87,1,2,4539419
2024-12-29,Farense,Vitória de Guimarães,0.26,2.29,2,2,4539422
2024-12-29,Rio Ave,Nacional,2.05,0.63,2,1,4539426
2024-12-29,Sporting CP,Benfica,1.2,0.78,1,0,4539424
2024-12-30,Famalicão,Santa Clara,1.14,1.38,1,2,4539427
2025-01-03,Vitória de Guimarães,Sporting CP,1.75,1.16,4,4,4539429
2025-01-04,Benfica,Braga,1.65,0.57,1,2,4539428
2025-01-04,Boavista,Arouca,0.67,3.36,1,3,4539435
2025-01-04,Moreirense,AVS Futebol SAD,1.59,1.72,1,1,4539436
2025-01-05,Casa Pia AC,Famalicão,0.73,1.46,1,1,4539430
2025-01-05,Estrela da Amadora,Estoril,0.92,2.28,2,4,4539432
2025-01-05,Santa Clara,Farense,0.63,0.09,0,0,4539434
2025-01-06,Gil Vicente,Rio Ave,1.93,0.56,1,1,4539431
2025-01-12,Nacional,FC Porto,0.93,1.14,2,0,4539433
2025-01-17,Benfica,Famalicão,4.11,0.16,4,0,4539153
2025-01-18,Rio Ave,Sporting CP,0.06,4.1,0,3,4539155
2025-01-18,Santa Clara,Estoril,2.02,0.78,2,3,4539148
2025-01-18,Vitória de Guimarães,Arouca,1.47,1.54,2,2,4539150
2025-01-19,Estrela da Amadora,Braga,0.28,1.32,0,1,4539149
2025-01-19,Gil Vicente,FC Porto,1.9,0.92,3,1,4539156
2025-01-19,Moreirense,Farense,0.61,0.31,0,0,4539151
2025-01-19,Nacional,AVS Futebol SAD,2.39,1.67,3,1,4539152
2025-01-20,Boavista,Casa Pia AC,1.16,1.35,2,3,4539154
2025-01-24,Arouca,Moreirense,0.59,0.56,1,0,4539162
2025-01-25,Casa Pia AC,Benfica,1.29,2.12,3,1,4539157
2025-01-25,Famalicão,Estrela da Amadora,0.72,0.13,0,0,4539159
2025-01-25,Farense,Rio Ave,2.07,1.38,1,2,4539164
2025-01-25,Sporting CP,Nacional,1.25,0.42,2,0,4539160
2025-01-26,Braga,Boavista,2.59,0.51,3,0,4539158
2025-01-26,Estoril,Vitória de Guimarães,1.07,0.55,1,0,4539163
2025-01-26,FC Porto,Santa Clara,3.21,0.04,1,1,4539161
2025-01-27,AVS Futebol SAD,Gil Vicente,1.45,0.42,1,0,4539165
2025-01-31,Boavista,Famalicão,0.08,1.72,0,2,4539174
2025-02-01,Gil Vicente,Estoril,2.09,1.56,1,2,4539171
2025-02-01,Nacional,Arouca,1.39,1.75,1,2,4539170
2025-02-01,Santa Clara,Casa Pia AC,1.93,0.25,2,1,4539166
2025-02-01,Vitória de Guimarães,AVS Futebol SAD,1.27,0.21,2,0,4539173
2025-02-02,Estrela da Amadora,Benfica,1.17,2.5,2,3,4539167
2025-02-02,Sporting CP,Farense,1.47,0.97,3,1,4539172
2025-02-03,Moreirense,Braga,0.86,1.05,1,2,4539169
2025-02-03,Rio Ave,FC Porto,1.38,1.52,2,2,4539168
2025-02-07,FC Porto,Sporting CP,1.4,1.1,1,1,4539177
2025-02-08,AVS Futebol SAD,Santa Clara,0.85,1.4,1,2,4539183
2025-02-08,Benfica,Moreirense,1.63,1.12,3,2,4539176
2025-02-08,Famalicão,Vitória de Guimarães,0.38,0.55,0,0,4539182
2025-02-09,Braga,Gil Vicente,1.53,0.28,2,0,4539178
2025-02-09,Casa Pia AC,Estrela da Amadora,1.51,0.25,1,0,4539180
2025-02-09,Estoril,Boavista,2.01,1.14,2,1,4539175
2025-02-09,Farense,Nacional,1.08,0.47,0,2,4539181
2025-02-10,Arouca,Rio Ave,1.93,0.65,1,1,4539179
2025-02-14,Boavista,Estrela da Amadora,0.52,0.47,0,1,4539191
2025-02-15,Moreirense,Casa Pia AC,2.34,1.08,3,2,4539187
2025-02-15,Nacional,Estoril,2.39,1.48,2,2,4539188
2025-02-15,Santa Clara,Benfica,0.81,2.6,0,1,4539184
2025-02-15,Sporting CP,Arouca,2.13,2.09,2,2,4539186
2025-02-16,Farense,FC Porto,0.41,1.22,0,1,4539192
2025-02-16,Rio Ave,AVS Futebol SAD,1.8,0.65,1,1,4539190
2025-02-16,Vitória de Guimarães,Braga,1.44,0.15,0,0,4539185
2025-02-17,Gil Vicente,Famalicão,1.71,1.97,0,2,4539189
2025-02-21,Braga,Nacional,1.3,0.25,1,0,4539196
2025-02-22,Benfica,Boavista,5.49,0.17,3,0,4539195
2025-02-22,Casa Pia AC,Gil Vicente,0.79,0.13,1,0,4539198
2025-02-22,Estoril,Rio Ave,1.27,1.37,2,1,4539199
2025-02-23,AVS Futebol SAD,Sporting CP,1.14,1.54,2,2,4539201
2025-02-23,Arouca,Farense,1.66,0.91,2,2,4539197
2025-02-23,Estrela da Amadora,Santa Clara,0.99,0.5,0,0,4539194
2025-02-23,Famalicão,Moreirense,1.0,0.55,2,0,4539200
2025-02-24,FC Porto,Vitória de Guimarães,1.0,1.38,1,1,4539193
2025-03-01,Arouca,FC Porto,0.34,1.55,0,2,4539245
2025-03-01,Nacional,Famalicão,0.91,1.19,2,1,4539243
2025-03-01,Vitória de Guimarães,Casa Pia AC,1.88,0.57,1,0,4539240
2025-03-02,Boavista,Santa Clara,0.64,0.53,1,0,4539246
2025-03-02,Farense,AVS Futebol SAD,1.07,1.09,0,1,4539244
2025-03-02,Moreirense,Estrela da Amadora,0.46,1.08,1,1,4539242
2025-03-02,Rio Ave,Braga,2.1,0.98,2,1,4539239
2025-03-03,Sporting CP,Estoril,2.63,0.36,3,1,4539241
2025-03-07,Estrela da Amadora,Gil Vicente,0.52,0.62,1,1,4539254
2025-03-08,AVS Futebol SAD,Arouca,0.85,2.6,0,1,4539248
2025-03-08,Benfica,Nacional,4.16,2.45,3,0,4539249
2025-03-08,Braga,FC Porto,0.2,0.91,1,0,4539250
2025-03-08,Estoril,Farense,2.43,1.19,2,2,4539253
2025-03-09,Boavista,Vitória de Guimarães,1.43,2.21,1,2,4539251
2025-03-09,Casa Pia AC,Sporting CP,0.58,2.31,1,3,4539252
2025-03-09,Santa Clara,Moreirense,1.89,0.39,1,1,4539247
2025-03-10,Famalicão,Rio Ave,1.5,0.81,1,0,4539255
2025-03-15,FC Porto,AVS Futebol SAD,1.82,1.07,2,0,4539262
2025-03-15,Farense,Braga,0.41,1.42,0,1,4539257
2025-03-15,Gil Vicente,Santa Clara,0.68,0.66,0,1,4539263
2025-03-15,Sporting CP,Famalicão,3.87,1.05,3,1,4539261
2025-03-16,Arouca,Estoril,0.82,2.23,1,1,4539264
2025-03-16,Moreirense,Boavista,1.85,0.68,1,0,4539258
2025-03-16,Nacional,Casa Pia AC,1.18,1.06,3,1,4539259
2025-03-16,Rio Ave,Benfica,1.31,4.79,2,3,4539256
2025-03-16,Vitória de Guimarães,Estrela da Amadora,1.2,0.26,2,0,4539260
2025-03-28,Gil Vicente,Benfica,0.23,2.8,0,3,4539238
2025-03-29,Braga,Arouca,0.69,0.63,2,1,4539266
2025-03-29,Casa Pia AC,Rio Ave,1.16,2.27,2,1,4539271
2025-03-29,Estrela da Amadora,Sporting CP,0.35,2.26,0,3,4539273
2025-03-30,Estoril,FC Porto,0.87,1.96,1,2,4539272
2025-03-30,Famalicão,AVS Futebol SAD,2.36,0.53,4,1,4539268
2025-03-30,Moreirense,Vitória de Guimarães,0.89,1.17,2,2,4539267
2025-03-30,Santa Clara,Nacional,0.88,0.52,1,0,4539265
2025-04-01,Boavista,Gil Vicente,1.19,1.29,1,3,4539270
2025-04-02,Benfica,Farense,2.36,1.66,3,2,4539269
2025-04-04,AVS Futebol SAD,Estoril,0.45,2.59,0,3,4539318
2025-04-05,Arouca,Famalicão,3.27,0.95,1,2,4539316
2025-04-05,Vitória de Guimarães,Santa Clara,0.52,1.23,2,0,4539315
2025-04-06,FC Porto,Benfica,1.17,2.71,1,4,4539310
2025-04-06,Gil Vicente,Moreirense,0.91,0.77,0,1,4539317
2025-04-06,Nacional,Estrela da Amadora,0.53,0.96,0,1,4539314
2025-04-07,Farense,Casa Pia AC,0.78,0.03,0,0,4539313
2025-04-07,Rio Ave,Boavista,0.88,1.07,0,2,4539312
2025-04-07,Sporting CP,Braga,1.21,0.73,1,1,4539311
2025-04-11,Gil Vicente,Vitória de Guimarães,0.41,0.71,0,1,4539321
2025-04-12,Boavista,Nacional,1.7,1.71,0,1,4539324
2025-04-12,Casa Pia AC,FC Porto,0.54,0.76,0,1,4539325
2025-04-12,Famalicão,Estoril,2.2,0.25,3,0,4539322
2025-04-12,Santa Clara,Sporting CP,0.69,0.82,0,1,4539319
2025-04-13,Benfica,Arouca,2.88,1.36,2,2,4539320
2025-04-13,Braga,AVS Futebol SAD,2.06,0.52,4,1,4539323
2025-04-13,Estrela da Amadora,Farense,1.37,1.06,0,1,4539326
2025-04-13,Moreirense,Rio Ave,0.36,1.44,0,2,4539327
2025-04-18,FC Porto,Famalicão,0.72,0.39,2,1,4539333
2025-04-18,Farense,Boavista,1.05,0.52,0,1,4539330
2025-04-18,Rio Ave,Santa Clara,0.68,1.58,1,1,4539334
2025-04-18,Sporting CP,Moreirense,2.51,0.32,3,1,4539332
2025-04-19,AVS Futebol SAD,Casa Pia AC,0.72,1.22,1,1,4539336
2025-04-19,Arouca,Estrela da Amadora,1.95,0.62,1,0,4539335
2025-04-19,Estoril,Braga,0.54,0.82,0,2,4539329
2025-04-19,Nacional,Gil Vicente,0.79,1.62,0,3,4539331
2025-04-19,Vitória de Guimarães,Benfica,1.59,1.99,0,3,4539328
2025-04-25,Famalicão,Braga,2.03,0.85,1,1,4539338
2025-04-26,Estrela da Amadora,FC Porto,2.53,0.54,2,0,4539344
2025-04-26,Gil Vicente,Farense,1.58,0.15,1,0,4539339
2025-04-26,Santa Clara,Arouca,0.84,0.99,2,0,4539337
2025-04-27,Benfica,AVS Futebol SAD,4.02,0.58,6,0,4539340
2025-04-27,Boavista,Sporting CP,0.42,4.06,0,5,4539342
2025-04-27,Moreirense,Nacional,0.49,0.52,1,1,4539345
2025-04-27,Vitória de Guimarães,Rio Ave,1.78,0.48,3,0,4539341
2025-04-29,Casa Pia AC,Estoril,2.01,1.68,1,3,4539343
2025-05-02,FC Porto,Moreirense,1.63,0.34,3,1,4539351
2025-05-03,Braga,Santa Clara,1.3,0.6,1,1,4539353
2025-05-03,Estoril,Benfica,1.03,2.06,1,2,4539347
2025-05-03,Farense,Famalicão,1.78,0.94,2,1,4539352
2025-05-03,Nacional,Vitória de Guimarães,1.19,0.91,1,2,4539348
2025-05-04,Arouca,Casa Pia AC,1.0,0.27,0,0,4539354
2025-05-04,Sporting CP,Gil Vicente,0.75,0.79,2,1,4539349
2025-05-05,AVS Futebol SAD,Boavista,1.22,0.83,1,2,4539355
2025-05-05,Rio Ave,Estrela da Amadora,1.98,0.22,2,0,4539350
2025-05-10,Benfica,Sporting CP,1.6,0.32,1,1,4539362
2025-05-10,Casa Pia AC,Braga,0.81,1.95,2,1,4539357
2025-05-10,Gil Vicente,Arouca,1.4,0.83,1,1,4539358
2025-05-10,Nacional,Rio Ave,1.75,1.17,3,3,4539364
2025-05-10,Santa Clara,Famalicão,3.05,1.34,2,1,4539356
2025-05-11,Boavista,FC Porto,1.62,1.52,1,2,4539363
2025-05-11,Estrela da Amadora,AVS Futebol SAD,0.89,1.44,0,1,4539361
2025-05-11,Moreirense,Estoril,1.52,1.53,2,2,4539359
2025-05-11,Vitória de Guimarães,Farense,2.48,1.57,1,2,4539360
2025-05-16,Famalicão,Casa Pia AC,3.32,0.26,2,1,4539367
2025-05-16,Rio Ave,Gil Vicente,0.99,0.9,1,1,4539368
2025-05-17,AVS Futebol SAD,Moreirense,0.38,1.19,0,3,4539373
2025-05-17,Arouca,Boavista,1.54,1.71,4,1,4539372
2025-05-17,Braga,Benfica,1.95,1.35,1,1,4539365
2025-05-17,Estoril,Estrela da Amadora,2.59,0.62,4,0,4539369
2025-05-17,FC Porto,Nacional,2.05,1.21,3,0,4539370
2025-05-17,Farense,Santa Clara,1.54,1.22,1,2,4539371
2025-05-17,Sporting CP,Vitória de Guimarães,2.46,0.05,2,0,4539366
2025-08-08,Casa Pia AC,Sporting CP,0.43,2.85,0,2,4844161
2025-08-09,Arouca,AVS Futebol SAD,1.1,1.13,3,1,4844164
2025-08-09,Nacional,Gil Vicente,0.79,0.62,0,2,4844167
2025-08-10,Braga,Tondela,1.98,0.78,3,0,4844162
2025-08-10,Famalicão,Santa Clara,1.01,0.36,3,0,4844168
2025-08-10,Moreirense,Alverca,0.93,0.97,2,1,4844166
2025-08-11,Estoril,Estrela da Amadora,0.67,1.37,1,1,4844165
2025-08-11,FC Porto,Vitória de Guimarães,2.68,0.54,3,0,4844169
2025-08-15,AVS Futebol SAD,Casa Pia AC,1.24,1.5,0,2,4844170
2025-08-16,Estrela da Amadora,Benfica,1.41,2.41,0,1,4844178
2025-08-16,Tondela,Famalicão,1.08,1.08,0,1,4844177
2025-08-16,Vitória de Guimarães,Estoril,1.88,0.94,3,2,4844175
2025-08-17,Alverca,Braga,2.21,1.5,0,3,4844171
2025-08-17,Rio Ave,Nacional,1.37,0.88,1,1,4844174
2025-08-17,Santa Clara,Moreirense,0.63,1.52,0,1,4844173
2025-08-17,Sporting CP,Arouca,3.05,0.22,6,0,4844176
2025-08-18,Gil Vicente,FC Porto,1.04,1.73,0,2,4844172
2025-08-23,Arouca,Rio Ave,0.65,1.54,3,3,4844180
2025-08-23,Benfica,Tondela,2.96,0.47,3,0,4844182
2025-08-23,Moreirense,Vitória de Guimarães,1.54,0.29,2,0,4844187
2025-08-23,Nacional,Sporting CP,0.66,2.59,1,4,4844179
2025-08-24,Braga,AVS Futebol SAD,2.08,0.51,2,2,4844183
2025-08-24,FC Porto,Casa Pia AC,2.28,0.21,4,0,4844184
2025-08-24,Famalicão,Gil Vicente,0.51,1.44,0,0,4844181
2025-08-25,Estrela da Amadora,Alverca,2.6,1.08,2,2,4844185
2025-08-29,Gil Vicente,Moreirense,0.86,0.73,2,0,4844191
2025-08-30,AVS Futebol SAD,Famalicão,0.66,0.79,0,1,4844188
2025-08-30,Casa Pia AC,Nacional,0.66,1.27,0,2,4844189
2025-08-30,Sporting CP,FC Porto,1.02,1.54,1,2,4844195
2025-08-30,Vitória de Guimarães,Arouca,0.35,0.46,1,1,4844194
2025-08-31,Alverca,Benfica,0.81,1.03,1,2,4844190
2025-08-31,Rio Ave,Braga,1.05,2.2,2,2,4844196
2025-08-31,Santa Clara,Estrela da Amadora,0.98,0.14,0,0,4844192
2025-08-31,Tondela,Estoril,2.87,1.85,2,2,4844193
2025-09-06,Estoril,Santa Clara,0.79,2.11,0,1,4844186
2025-09-12,Alverca,Tondela,1.65,2.36,1,0,4844198
2025-09-12,Benfica,Santa Clara,1.62,1.02,1,1,4844203
2025-09-13,Estoril,AVS Futebol SAD,1.97,0.92,3,1,4844204
2025-09-13,FC Porto,Nacional,2.18,0.09,1,0,4844205
2025-09-13,Famalicão,Sporting CP,0.92,2.24,1,2,4844200
2025-09-13,Moreirense,Rio Ave,2.25,1.17,3,1,4844201
2025-09-14,Arouca,Casa Pia AC,0.48,1.36,0,2,4844199
2025-09-14,Braga,Gil Vicente,1.42,1.26,0,1,4844202
2025-09-14,Estrela da Amadora,Vitória de Guimarães,0.48,1.47,0,2,4844197
2025-09-19,Rio Ave,FC Porto,0.23,2.03,0,3,4844212
2025-09-20,AVS Futebol SAD,Benfica,0.88,2.4,0,3,4844206
2025-09-20,Nacional,Arouca,2.7,1.22,1,2,4844211
2025-09-20,Santa Clara,Alverca,1.89,0.45,2,1,4844210
2025-09-20,Vitória de Guimarães,Braga,1.33,1.32,1,1,4844214
2025-09-21,Casa Pia AC,Famalicão,1.1,2.08,1,1,4844207
2025-09-21,Gil Vicente,Estoril,2.51,0.31,2,0,4844208
2025-09-21,Tondela,Estrela da Amadora,1.22,1.09,0,0,4844209
2025-09-22,Sporting CP,Moreirense,5.01,0.16,3,0,4844213
2025-09-23,Benfica,Rio Ave,2.57,0.16,1,1,4844163
2025-09-26,Benfica,Gil Vicente,1.27,1.26,2,1,4844221
2025-09-27,Estoril,Sporting CP,0.21,1.12,0,1,4844215
2025-09-27,Estrela da Amadora,AVS Futebol SAD,2.58,0.79,3,0,4844222
2025-09-27,Moreirense,Casa Pia AC,0.99,1.7,2,1,4844223
2025-09-27,Santa Clara,Tondela,2.0,1.53,1,2,4844219
2025-09-28,Alverca,Vitória de Guimarães,1.71,1.24,2,0,4844216
2025-09-28,Braga,Nacional,0.61,1.77,0,1,4844220
2025-09-28,Famalicão,Rio Ave,2.42,0.49,0,0,4844218
2025-09-29,Arouca,FC Porto,0.67,2.97,0,4,4844217
2025-10-03,Casa Pia AC,Estoril,0.94,1.12,2,2,4844225
2025-10-04,AVS Futebol SAD,Alverca,0.48,1.21,1,3,4844224
2025-10-04,Gil Vicente,Estrela da Amadora,2.39,0.88,2,0,4844228
2025-10-04,Nacional,Moreirense,2.64,1.97,3,2,4844229
2025-10-04,Vitória de Guimarães,Santa Clara,1.94,1.12,2,1,4844230
2025-10-05,Arouca,Famalicão,0.72,1.75,1,1,4844226
2025-10-05,FC Porto,Benfica,0.68,0.12,0,0,4844232
2025-10-05,Rio Ave,Tondela,2.3,0.85,3,0,4844227
2025-10-05,Sporting CP,Braga,1.43,1.31,1,1,4844231
2025-10-24,Alverca,Gil Vicente,1.47,1.62,0,4,4844235
2025-10-25,Benfica,Arouca,3.84,0.44,5,0,4844240
2025-10-25,Estrela da Amadora,Rio Ave,0.82,0.86,1,2,4844234
2025-10-25,Santa Clara,AVS Futebol SAD,1.88,0.2,2,0,4844239
2025-10-26,Braga,Casa Pia AC,2.61,0.21,4,0,4844238
2025-10-26,Estoril,Nacional,1.74,1.47,1,1,4844233
2025-10-26,Famalicão,Vitória de Guimarães,1.68,0.5,2,0,4844236
2025-10-26,Tondela,Sporting CP,0.37,2.48,0,3,4844241
2025-10-27,Moreirense,FC Porto,0.27,1.87,1,2,4844237
2025-10-31,Sporting CP,Alverca,2.34,0.31,2,0,4844246
2025-11-01,Casa Pia AC,Estrela da Amadora,1.07,2.17,3,5,4844243
2025-11-01,Nacional,Famalicão,0.39,1.62,0,1,4844247
2025-11-01,Rio Ave,Estoril,0.17,3.19,0,4,4844245
2025-11-01,Vitória de Guimarães,Benfica,0.43,2.13,0,3,4844250
2025-11-02,AVS Futebol SAD,Tondela,0.92,2.0,2,2,4844242
2025-11-02,Arouca,Moreirense,0.59,0.68,0,2,4844244
2025-11-02,FC Porto,Braga,0.93,0.91,2,1,4844249
2025-11-03,Gil Vicente,Santa Clara,0.61,0.55,1,0,4844248
2025-11-07,Estoril,Arouca,2.06,1.13,4,3,4844258
2025-11-08,Alverca,Rio Ave,1.59,0.69,1,1,4844253
2025-11-08,Santa Clara,Sporting CP,0.58,1.25,1,2,4844255
2025-11-08,Tondela,Vitória de Guimarães,1.46,1.33,0,1,4844259
2025-11-09,AVS Futebol SAD,Gil Vicente,1.8,2.05,1,1,4844251
2025-11-09,Benfica,Casa Pia AC,2.22,1.21,2,2,4844257
2025-11-09,Braga,Moreirense,2.22,0.83,2,1,4844256
2025-11-09,Estrela da Amadora,Nacional,2.16,1.27,1,1,4844252
2025-11-09,Famalicão,FC Porto,0.27,1.24,0,1,4844254
2025-11-28,Vitória de Guimarães,AVS Futebol SAD,1.56,1.17,4,0,4844262
2025-11-29,Casa Pia AC,Alverca,0.17,1.47,0,2,4844265
2025-11-29,Gil Vicente,Tondela,0.52,1.09,0,1,4844261
2025-11-29,Moreirense,Famalicão,1.41,2.25,2,2,4844266
2025-11-29,Nacional,Benfica,0.39,2.4,1,2,4844268
2025-11-30,FC Porto,Estoril,1.35,1.05,1,0,4844263
2025-11-30,Rio Ave,Santa Clara,2.1,1.04,1,1,4844267
2025-11-30,Sporting CP,Estrela da Amadora,2.36,0.11,4,0,4844264
2025-12-01,Arouca,Braga,0.06,3.53,0,4,4844260
2025-12-05,Benfica,Sporting CP,0.92,0.58,1,1,4844273
2025-12-06,AVS Futebol SAD,Rio Ave,1.63,2.37,1,2,4844269
2025-12-06,Famalicão,Braga,1.4,2.46,1,2,4844277
2025-12-06,Santa Clara,Casa Pia AC,1.39,0.29,1,0,4844272
2025-12-07,Alverca,Nacional,1.9,0.96,1,0,4844271
2025-12-07,Estoril,Moreirense,1.93,2.32,3,3,4844270
2025-12-07,Estrela da Amadora,Arouca,3.33,0.59,3,1,4844275
2025-12-07,Tondela,FC Porto,0.48,1.94,0,2,4844276
2025-12-08,Vitória de Guimarães,Gil Vicente,0.51,0.23,0,0,4844274
2025-12-13,Casa Pia AC,Gil Vicente,0.15,0.85,1,1,4844278
2025-12-13,Rio Ave,Vitória de Guimarães,0.46,1.4,0,1,4844286
2025-12-13,Sporting CP,AVS Futebol SAD,2.7,0.67,6,0,4844281
2025-12-14,Arouca,Alverca,1.61,0.22,1,0,4844284
2025-12-14,Famalicão,Estoril,3.0,0.77,4,0,4844282
2025-12-14,Moreirense,Benfica,0.51,1.0,0,4,4844285
2025-12-15,Braga,Santa Clara,0.85,0.57,1,0,4844280
2025-12-15,FC Porto,Estrela da Amadora,2.95,0.21,3,1,4844283
2025-12-15,Nacional,Tondela,2.35,3.57,3,1,4844279
2025-12-19,Estoril,Braga,1.99,1.94,1,0,4844295
2025-12-20,Estrela da Amadora,Moreirense,0.87,1.14,0,0,4844288
2025-12-20,Gil Vicente,Rio Ave,1.25,0.27,2,2,4844290
2025-12-21,AVS Futebol SAD,Nacional,1.24,1.08,2,2,4844287
2025-12-21,Santa Clara,Arouca,0.46,0.36,0,0,4844294
2025-12-21,Tondela,Casa Pia AC,1.75,1.2,1,2,4844293
2025-12-22,Alverca,FC Porto,0.78,1.16,0,3,4844289
2025-12-22,Benfica,Famalicão,1.28,0.21,1,0,4844291
2025-12-23,Vitória de Guimarães,Sporting CP,0.72,2.57,1,4,4844292
2025-12-27,Estoril,Alverca,1.3,0.82,4,1,4844301
2025-12-27,Famalicão,Estrela da Amadora,2.36,0.7,2,3,4844300
2025-12-28,Arouca,Gil Vicente,1.18,1.7,2,2,4844297
2025-12-28,Braga,Benfica,1.7,1.23,2,2,4844304
2025-12-28,Casa Pia AC,Vitória de Guimarães,0.33,1.38,0,0,4844296
2025-12-28,Sporting CP,Rio Ave,3.45,0.12,4,0,4844302
2025-12-29,FC Porto,AVS Futebol SAD,2.58,0.23,2,0,4844299
2026-01-02,Gil Vicente,Sporting CP,1.18,1.41,1,1,4844307
2026-01-02,Vitória de Guimarães,Nacional,0.86,1.49,2,1,4844310
2026-01-03,AVS Futebol SAD,Moreirense,0.35,1.99,0,2,4844305
2026-01-03,Benfica,Estoril,2.27,0.71,3,1,4844309
2026-01-03,Estrela da Amadora,Braga,1.05,3.27,3,3,4844313
2026-01-03,Tondela,Arouca,0.45,0.77,3,1,4844312
2026-01-04,Alverca,Famalicão,2.1,1.1,1,0,4844306
2026-01-04,Rio Ave,Casa Pia AC,2.97,1.89,3,1,4844311
2026-01-04,Santa Clara,FC Porto,0.26,1.08,0,1,4844308
2026-01-11,Moreirense,Tondela,0.53,0.48,1,0,4844298
2026-01-11,Nacional,Santa Clara,1.88,2.64,3,3,4844303
2026-01-16,Sporting CP,Casa Pia AC,2.03,0.22,3,0,4844314
2026-01-17,AVS Futebol SAD,Arouca,0.5,1.23,0,1,4844317
2026-01-17,Alverca,Moreirense,2.43,1.36,2,1,4844319
2026-01-17,Gil Vicente,Nacional,1.51,1.57,2,1,4844320
2026-01-17,Rio Ave,Benfica,0.2,1.78,0,2,4844316
2026-01-18,Santa Clara,Famalicão,1.23,1.42,0,1,4844321
2026-01-18,Tondela,Braga,1.27,1.58,0,1,4844315
2026-01-18,Vitória de Guimarães,FC Porto,1.35,2.31,0,1,4844322
2026-01-19,Estrela da Amadora,Estoril,0.19,2.17,0,5,4844318
2026-01-23,Casa Pia AC,AVS Futebol SAD,1.63,3.34,3,3,4844323
2026-01-24,Arouca,Sporting CP,1.05,1.58,1,2,4844329
2026-01-24,Estoril,Vitória de Guimarães,2.01,1.94,4,2,4844328
2026-01-24,Moreirense,Santa Clara,0.23,0.23,1,0,4844326
2026-01-25,Benfica,Estrela da Amadora,2.53,0.13,4,0,4844331
2026-01-25,Braga,Alverca,3.42,0.28,5,0,4844324
2026-01-25,Famalicão,Tondela,0.65,0.13,3,0,4844330
2026-01-25,Nacional,Rio Ave,1.48,0.48,4,0,4844327
2026-01-26,FC Porto,Gil Vicente,2.25,0.59,3,0,4844325
2026-01-30,Vitória de Guimarães,Moreirense,1.79,0.57,1,0,4844340
2026-01-31,Alverca,Estrela da Amadora,1.12,0.91,1,1,4844338
2026-01-31,Rio Ave,Arouca,0.5,1.37,0,3,4844333
2026-01-31,Santa Clara,Estoril,1.58,2.31,2,4,4844339
2026-02-01,Gil Vicente,Famalicão,2.69,0.11,5,0,4844334
2026-02-01,Sporting CP,Nacional,1.78,1.31,2,1,4844332
2026-02-01,Tondela,Benfica,0.48,2.1,0,0,4844335
2026-02-02,AVS Futebol SAD,Braga,0.78,2.27,0,4,4844336
2026-02-02,Casa Pia AC,FC Porto,0.89,1.68,2,1,4844337
2026-02-07,Arouca,Vitória de Guimarães,1.72,1.75,3,2,4844347
2026-02-07,Estoril,Tondela,0.74,1.36,2,2,4844346
2026-02-07,Estrela da Amadora,Santa Clara,0.94,1.26,1,0,4844345
2026-02-07,Moreirense,Gil Vicente,0.12,2.4,1,2,4844344
2026-02-08,Benfica,Alverca,1.97,1.14,2,1,4844343
2026-02-08,Braga,Rio Ave,2.82,0.15,3,0,4844349
2026-02-08,Nacional,Casa Pia AC,1.29,0.52,0,0,4844342
2026-02-09,FC Porto,Sporting CP,0.81,1.47,1,1,4844348
2026-02-09,Famalicão,AVS Futebol SAD,2.37,0.49,3,1,4844341
2026-02-13,Santa Clara,Benfica,0.28,1.19,1,2,4844356
2026-02-13,Tondela,Alverca,1.67,0.66,1,1,4844351
2026-02-14,Casa Pia AC,Arouca,2.22,1.31,3,2,4844352
2026-02-14,Gil Vicente,Braga,1.21,0.65,2,1,4844355
2026-02-14,Vitória de Guimarães,Estrela da Amadora,1.42,1.22,2,1,4844350
2026-02-15,AVS Futebol SAD,Estoril,1.08,1.1,3,0,4844357
2026-02-15,Nacional,FC Porto,0.68,0.55,0,1,4844358
2026-02-15,Sporting CP,Famalicão,2.25,0.62,1,0,4844353
2026-02-16,Rio Ave,Moreirense,1.32,0.55,1,2,4844354
2026-02-20,Estrela da Amadora,Tondela,0.94,1.36,0,2,4844362
2026-02-21,Alverca,Santa Clara,1.28,0.59,1,1,4844363
2026-02-21,Arouca,Nacional,1.92,1.04,3,0,4844364
2026-02-21,Benfica,AVS Futebol SAD,3.69,0.11,3,0,4844359
2026-02-21,Braga,Vitória de Guimarães,2.68,1.19,3,2,4844367
2026-02-21,Moreirense,Sporting CP,0.3,1.29,0,3,4844366
2026-02-22,Estoril,Gil Vicente,2.6,2.62,3,1,4844361
2026-02-22,FC Porto,Rio Ave,2.06,0.24,1,0,4844365
2026-02-23,Famalicão,Casa Pia AC,1.93,0.37,2,0,4844360
2026-02-27,FC Porto,Arouca,3.34,0.26,3,1,4844370
2026-02-27,Sporting CP,Estoril,2.45,0.61,3,0,4844368
2026-02-28,AVS Futebol SAD,Estrela da Amadora,0.76,0.77,0,0,4844375
2026-02-28,Nacional,Braga,1.08,2.46,1,2,4844373
2026-02-28,Vitória de Guimarães,Alverca,1.5,1.97,1,1,4844369
2026-03-01,Casa Pia AC,Moreirense,1.17,1.57,1,1,4844376
2026-03-01,Rio Ave,Famalicão,1.03,0.85,0,0,4844371
2026-03-01,Tondela,Santa Clara,1.62,1.68,2,2,4844372
2026-03-02,Gil Vicente,Benfica,0.88,0.75,1,2,4844374
2026-03-06,Famalicão,Arouca,1.0,0.9,1,0,4844379
2026-03-07,Alverca,AVS Futebol SAD,0.92,0.41,0,0,4844377
2026-03-07,Braga,Sporting CP,1.57,1.9,2,2,4844384
2026-03-07,Estoril,Casa Pia AC,0.67,1.44,0,0,4844378
2026-03-07,Moreirense,Nacional,0.94,1.41,1,1,4844382
2026-03-08,Benfica,FC Porto,1.23,2.12,2,2,4844385
2026-03-08,Estrela da Amadora,Gil Vicente,1.22,1.91,2,2,4844381
2026-03-08,Santa Clara,Vitória de Guimarães,0.78,0.99,2,0,4844383
2026-03-09,Tondela,Rio Ave,0.69,1.23,0,1,4844380
2026-03-14,Arouca,Benfica,2.4,2.1,1,2,4844393
2026-03-14,Gil Vicente,Alverca,0.81,1.98,2,2,4844388
2026-03-14,Vitória de Guimarães,Famalicão,0.49,1.4,1,2,4844389
2026-03-15,AVS Futebol SAD,Santa Clara,0.23,1.4,0,1,4844392
2026-03-15,FC Porto,Moreirense,2.35,0.14,3,0,4844390
2026-03-15,Nacional,Estoril,0.76,1.13,0,1,4844386
2026-03-15,Rio Ave,Estrela da Amadora,2.64,1.36,2,1,4844387
2026-03-20,Estrela da Amadora,Casa Pia AC,3.69,0.65,4,0,4844396
2026-03-21,Benfica,Vitória de Guimarães,2.34,0.75,3,0,4844403
2026-03-21,Famalicão,Nacional,1.73,0.51,1,0,4844400
2026-03-21,Moreirense,Arouca,0.58,1.96,0,1,4844397
2026-03-21,Santa Clara,Gil Vicente,0.45,0.86,1,0,4844401
2026-03-21,Tondela,AVS Futebol SAD,0.87,0.89,0,0,4844395
2026-03-22,Alverca,Sporting CP,0.82,1.46,1,4,4844399
2026-03-22,Braga,FC Porto,0.99,1.21,1,2,4844402
2026-03-22,Estoril,Rio Ave,1.4,1.89,1,2,4844398
2026-04-03,Gil Vicente,AVS Futebol SAD,2.01,0.4,3,0,4844404
2026-04-03,Sporting CP,Santa Clara,2.69,0.92,4,2,4844408
2026-04-03,Vitória de Guimarães,Tondela,2.52,0.06,5,0,4844412
2026-04-04,FC Porto,Famalicão,0.4,1.8,2,2,4844407
2026-04-04,Moreirense,Braga,0.4,1.24,0,1,4844409
2026-04-04,Nacional,Estrela da Amadora,0.96,0.53,2,0,4844405
2026-04-04,Rio Ave,Alverca,1.47,1.45,1,2,4844406
2026-04-06,Arouca,Estoril,1.87,1.09,3,2,4844411
2026-04-06,Casa Pia AC,Benfica,0.29,1.93,1,1,4844410
2026-04-10,Famalicão,Moreirense,1.7,0.77,1,1,4844419
2026-04-11,AVS Futebol SAD,Vitória de Guimarães,0.9,2.37,1,1,4844415
2026-04-11,Estrela da Amadora,Sporting CP,0.38,0.62,0,1,4844417
2026-04-11,Santa Clara,Rio Ave,0.51,0.29,0,2,4844420
2026-04-12,Alverca,Casa Pia AC,1.83,0.81,3,1,4844418
2026-04-12,Benfica,Nacional,3.43,0.25,2,0,4844421
2026-04-12,Braga,Arouca,0.91,1.1,1,0,4844413
2026-04-12,Estoril,FC Porto,0.46,2.67,1,3,4844416
2026-04-13,Tondela,Gil Vicente,1.82,1.64,2,2,4844414
2026-04-17,Rio Ave,AVS Futebol SAD,2.68,1.71,2,2,4844422
2026-04-18,Casa Pia AC,Santa Clara,1.3,0.2,0,0,4844425
2026-04-18,Gil Vicente,Vitória de Guimarães,1.38,0.82,0,1,4844427
2026-04-18,Nacional,Alverca,1.01,0.36,1,0,4844424
2026-04-19,Arouca,Estrela da Amadora,1.77,1.35,1,0,4844428
2026-04-19,Braga,Famalicão,1.78,0.51,2,2,4844430
2026-04-19,FC Porto,Tondela,3.15,0.12,2,0,4844429
2026-04-19,Sporting CP,Benfica,1.63,2.27,1,2,4844426
2026-04-20,Moreirense,Estoril,0.82,0.35,1,0,4844423
2026-04-23,Casa Pia AC,Braga,0.49,0.48,0,1,4844391
2026-04-24,Alverca,Arouca,0.85,0.86,2,1,4844437
2026-04-25,Benfica,Moreirense,1.99,0.89,4,1,4844438
2026-04-25,Tondela,Nacional,1.56,1.32,0,2,4844432
2026-04-25,Vitória de Guimarães,Rio Ave,1.17,0.44,2,0,4844439
2026-04-26,AVS Futebol SAD,Sporting CP,1.53,3.27,1,1,4844434
2026-04-26,Estoril,Famalicão,0.44,1.15,0,1,4844435
2026-04-26,Estrela da Amadora,FC Porto,1.76,1.81,1,2,4844436
2026-04-26,Santa Clara,Braga,2.84,0.17,2,1,4844433
2026-04-27,Gil Vicente,Casa Pia AC,1.88,1.21,2,1,4844431
2026-04-29,Sporting CP,Tondela,1.9,1.27,2,2,4844394
2026-05-02,Arouca,Santa Clara,0.96,1.61,2,2,4844447
2026-05-02,FC Porto,Alverca,0.65,0.68,1,0,4844442
2026-05-02,Famalicão,Benfica,1.58,1.29,2,2,4844444
2026-05-02,Moreirense,Estrela da Amadora,1.87,2.83,3,2,4844441
2026-05-02,Nacional,AVS Futebol SAD,1.83,1.64,1,2,4844440
2026-05-03,Braga,Estoril,0.4,1.06,1,1,4844448
2026-05-03,Casa Pia AC,Tondela,0.38,1.53,0,1,4844446
2026-05-03,Rio Ave,Gil Vicente,1.4,0.7,0,0,4844443
2026-05-04,Sporting CP,Vitória de Guimarães,4.57,0.61,5,1,4844445
2026-05-10,AVS Futebol SAD,FC Porto,0.88,3.19,3,1,4844452
2026-05-10,Alverca,Estoril,1.15,0.87,1,1,4844454
2026-05-11,Benfica,Braga,2.91,0.2,2,2,4844457
2026-05-11,Estrela da Amadora,Famalicão,0.26,1.97,0,0,4844453
2026-05-11,Gil Vicente,Arouca,0.77,1.32,1,3,4844450
2026-05-11,Rio Ave,Sporting CP,0.97,1.56,1,4,4844455
2026-05-11,Santa Clara,Nacional,1.53,0.92,2,0,4844456
2026-05-11,Tondela,Moreirense,1.39,0.29,2,0,4844451
2026-05-11,Vitória de Guimarães,Casa Pia AC,0.94,0.88,0,1,4844449
2026-05-16,Arouca,Tondela,1.77,0.62,3,1,4844465
2026-05-16,Braga,Estrela da Amadora,2.38,0.71,2,2,4844466
2026-05-16,Casa Pia AC,Rio Ave,2.45,0.75,1,1,4844464
2026-05-16,Estoril,Benfica,1.52,4.15,1,3,4844462
2026-05-16,FC Porto,Santa Clara,0.91,0.5,1,0,4844461
2026-05-16,Famalicão,Alverca,0.52,0.45,1,0,4844459
2026-05-16,Moreirense,AVS Futebol SAD,1.09,1.98,0,0,4844458
2026-05-16,Nacional,Vitória de Guimarães,0.94,1.33,2,0,4844463
2026-05-16,Sporting CP,Gil Vicente,1.61,0.64,3,0,4844460
2026-08-07,Estoril,Famalicão,1.06,1.47,1,1,5887559
2026-08-08,Estrela da Amadora,Sporting CP,1.1,2.69,2,2,5887558
2026-08-08,Marítimo,Casa Pia AC,1.39,0.67,1,0,5887561
2026-08-08,Vitória de Guimarães,Arouca,2.28,0.43,0,1,5887566
2026-08-09,Benfica,Académico Viseu,3.44,1.07,2,2,5887565
2026-08-09,FC Porto,Alverca,2.57,1.32,2,0,5887563
2026-08-09,Gil Vicente,Rio Ave,1.66,0.19,1,0,5887560
2026-08-09,Moreirense,Braga,0.22,1.32,2,2,5887562
2026-08-10,Santa Clara,Nacional,1.74,1.23,2,2,5887564
2026-08-14,Sporting CP,Vitória de Guimarães,1.14,1.24,3,2,5887599
2026-08-15,Académico Viseu,Santa Clara,0.58,1.27,0,1,5887591
2026-08-15,Alverca,Estrela da Amadora,1.94,1.36,2,2,5887592
2026-08-15,Rio Ave,FC Porto,0.67,2.0,0,2,5887598
2026-08-16,Arouca,Moreirense,2.24,0.5,4,0,5887593
2026-08-16,Famalicão,Marítimo,0.71,1.64,1,2,5887596
2026-08-16,Nacional,Estoril,2.03,0.86,2,0,5887597
2026-08-17,Casa Pia AC,Benfica,0.17,2.84,0,7,5887595
2026-08-22,Estoril,Rio Ave,0.88,0.73,0,2,5887601
2026-08-22,Marítimo,Académico Viseu,1.31,1.73,2,2,5887603
2026-08-22,Sporting CP,Alverca,2.32,0.49,3,1,5887607
2026-08-23,FC Porto,Arouca,2.92,0.54,2,0,5887605
2026-08-23,Santa Clara,Famalicão,1.45,1.15,1,0,5887606
2026-08-23,Vitória de Guimarães,Nacional,2.84,0.44,1,0,5887608
2026-08-24,Gil Vicente,Casa Pia AC,1.75,0.89,2,0,5887602
2026-08-28,Rio Ave,Sporting CP,0.32,1.61,0,4,5887616
2026-08-29,Académico Viseu,FC Porto,0.79,1.47,0,3,5887609
2026-08-29,Alverca,Santa Clara,0.61,1.49,1,1,5887610
2026-08-29,Arouca,Marítimo,1.55,0.7,2,1,5887611
2026-08-30,Casa Pia AC,Moreirense,0.82,0.42,0,1,5887613
2026-08-30,Famalicão,Gil Vicente,0.27,0.27,0,0,5887614
2026-08-30,Nacional,Estrela da Amadora,0.92,2.34,2,3,5887615
2026-08-31,Benfica,Estoril,2.01,0.28,2,1,5887617
2026-08-31,Braga,Vitória de Guimarães,0.93,0.47,1,0,5887612
2026-09-04,FC Porto,Moreirense,3.39,1.05,2,1,5887623
2026-09-05,Alverca,Braga,1.19,2.54,1,2,5887618
2026-09-05,Estrela da Amadora,Famalicão,0.81,1.88,2,2,5887619
2026-09-05,Marítimo,Benfica,0.59,1.05,0,3,5887622
2026-09-05,Sporting CP,Nacional,3.14,0.08,2,0,5887625
2026-09-06,Gil Vicente,Académico Viseu,1.88,0.33,0,1,5887621
2026-09-06,Santa Clara,Rio Ave,2.26,0.32,4,0,5887624
2026-09-06,Vitória de Guimarães,Casa Pia AC,2.43,0.19,0,0,5887626
2026-09-07,Estoril,Arouca,1.08,1.19,0,0,5887620
2026-09-09,Moreirense,Benfica,0.33,3.31,0,4,5887604
2026-09-10,Estrela da Amadora,Braga,0.49,0.47,2,1,5887600
2026-09-12,Académico Viseu,Vitória de Guimarães,1.86,2.23,2,1,5887627
2026-09-12,Casa Pia AC,FC Porto,1.52,2.7,1,4,5887630
2026-09-12,Nacional,Alverca,2.24,1.15,1,3,5887633
2026-09-13,Arouca,Santa Clara,0.86,1.67,1,2,5887628
2026-09-13,Benfica,Gil Vicente,3.32,1.24,3,1,5887635
2026-09-13,Famalicão,Sporting CP,0.33,2.29,1,1,5887631
2026-09-14,Braga,Estoril,1.77,0.78,1,0,5887629
2026-09-14,Moreirense,Marítimo,2.11,0.87,3,1,5887632
2026-09-14,Rio Ave,Estrela da Amadora,1.32,1.95,3,3,5887634
2026-09-19,Alverca,Rio Ave,3.24,0.31,1,0,5887636
2026-09-19,Gil Vicente,Marítimo,1.32,0.76,1,1,5887639
2026-09-19,Nacional,Famalicão,1.58,1.22,0,4,5887640
2026-09-19,Sporting CP,Arouca,1.3,2.15,2,2,5887643
2026-09-20,Estoril,Casa Pia AC,1.1,2.49,1,2,5887638
2026-09-20,Estrela da Amadora,Académico Viseu,0.95,2.51,0,2,5887637
2026-09-20,FC Porto,Benfica,1.5,0.99,3,1,5887641
2026-09-20,Santa Clara,Braga,1.24,0.74,0,0,5887642
2026-09-20,Vitória de Guimarães,Moreirense,1.16,0.49,1,1,5887644
