date,home_team,away_team,home_xg,away_xg,home_goals,away_goals
2014-08-30,Chievo,Juventus,0.502227,2.37394,0,1
2014-08-30,Roma,Fiorentina,2.24014,0.377616,2,0
2014-08-31,AC Milan,Lazio,2.01129,2.03815,3,1
2014-08-31,Atalanta,Verona,0.880993,0.727137,0,0
2014-08-31,Cesena,Parma,1.09417,0.438551,1,0
2014-08-31,Genoa,Napoli,0.520545,1.79022,1,2
2014-08-31,Palermo,Sampdoria,0.922943,0.803464,1,1
2014-08-31,Sassuolo,Cagliari,1.08028,0.852461,1,1
2014-08-31,Torino,Inter,1.09973,1.31374,0,0
2014-08-31,Udinese,Empoli,1.68654,0.68925,2,0
2014-09-13,Empoli,Roma,0.593046,1.37321,0,1
2014-09-13,Juventus,Udinese,1.10828,0.201525,2,0
2014-09-14,Cagliari,Atalanta,3.00775,0.616984,1,2
2014-09-14,Fiorentina,Genoa,2.09923,0.230085,0,0
2014-09-14,Inter,Sassuolo,3.96571,0.483421,7,0
2014-09-14,Lazio,Cesena,1.55271,0.154651,3,0
2014-09-14,Napoli,Chievo,2.2055,0.667533,0,1
2014-09-14,Parma,AC Milan,1.43019,3.77794,4,5
2014-09-14,Sampdoria,Torino,0.421195,0.389513,2,0
2014-09-15,Verona,Palermo,2.10454,1.38681,2,1
2014-09-20,AC Milan,Juventus,0.281427,1.44109,0,1
2014-09-20,Cesena,Empoli,2.03766,2.57707,2,2
2014-09-21,Atalanta,Fiorentina,1.1469,1.02956,0,1
2014-09-21,Chievo,Parma,1.34921,0.934229,2,3
2014-09-21,Genoa,Lazio,1.18602,1.97129,1,0
2014-09-21,Palermo,Inter,0.584764,0.477134,1,1
2014-09-21,Roma,Cagliari,1.52229,0.493968,2,0
2014-09-21,Sassuolo,Sampdoria,0.656603,0.654804,0,0
2014-09-21,Torino,Verona,2.62344,1.22043,0,1
2014-09-21,Udinese,Napoli,0.693168,0.436016,1,0
2014-09-23,Empoli,AC Milan,2.03406,0.58264,2,2
2014-09-24,Cagliari,Torino,0.775745,1.296,1,2
2014-09-24,Fiorentina,Sassuolo,1.0464,0.159402,0,0
2014-09-24,Inter,Atalanta,1.81087,0.421513,2,0
2014-09-24,Juventus,Cesena,2.23177,0.0127481,3,0
2014-09-24,Napoli,Palermo,1.53135,1.11014,3,3
2014-09-24,Parma,Roma,0.334683,0.82541,1,2
2014-09-24,Sampdoria,Chievo,1.78275,0.270687,2,1
2014-09-24,Verona,Genoa,1.82598,1.6167,2,2
2014-09-25,Lazio,Udinese,0.940274,1.062,0,1
2014-09-27,Atalanta,Juventus,1.01149,2.69489,0,3
2014-09-27,Roma,Verona,2.69285,0.353371,2,0
2014-09-28,Cesena,AC Milan,1.13049,0.876708,1,1
2014-09-28,Chievo,Empoli,0.837322,1.67402,1,1
2014-09-28,Genoa,Sampdoria,0.203654,0.252545,0,1
2014-09-28,Inter,Cagliari,1.30307,3.32315,1,4
2014-09-28,Sassuolo,Napoli,0.759409,1.39971,0,1
2014-09-28,Torino,Fiorentina,1.04433,1.37293,1,1
2014-09-29,Palermo,Lazio,1.5751,2.43959,0,4
2014-09-29,Udinese,Parma,1.05537,1.86017,4,2
2014-10-04,AC Milan,Chievo,1.60095,0.552252,2,0
2014-10-04,Verona,Cagliari,0.962968,2.01475,1,0
2014-10-05,Empoli,Palermo,1.99387,0.319965,3,0
2014-10-05,Fiorentina,Inter,2.12016,0.617229,3,0
2014-10-05,Juventus,Roma,3.04854,1.76638,3,2
2014-10-05,Lazio,Sassuolo,1.60341,1.67343,3,2
2014-10-05,Napoli,Torino,3.28365,0.414036,2,1
2014-10-05,Parma,Genoa,1.20463,1.77324,1,2
2014-10-05,Sampdoria,Atalanta,1.31389,0.586952,1,0
2014-10-05,Udinese,Cesena,0.836953,2.08506,1,1
2014-10-18,Roma,Chievo,1.39349,0.324071,3,0
2014-10-18,Sassuolo,Juventus,0.761956,1.94022,1,1
2014-10-19,Atalanta,Parma,1.37374,0.306658,1,0
2014-10-19,Cagliari,Sampdoria,1.51712,2.72172,2,2
2014-10-19,Fiorentina,Lazio,0.570608,1.86,0,2
2014-10-19,Inter,Napoli,1.55031,1.09733,2,2
2014-10-19,Palermo,Cesena,0.995603,1.13078,2,1
2014-10-19,Torino,Udinese,1.39322,0.920075,1,0
2014-10-19,Verona,AC Milan,1.52745,2.17899,1,3
2014-10-20,Genoa,Empoli,0.637598,1.57434,1,1
2014-10-25,Empoli,Cagliari,0.456529,1.4998,0,4
2014-10-25,Parma,Sassuolo,0.763954,1.64283,1,3
2014-10-25,Sampdoria,Roma,1.22488,1.23266,0,0
2014-10-26,AC Milan,Fiorentina,0.857287,0.359683,1,1
2014-10-26,Cesena,Inter,0.645724,2.06734,0,1
2014-10-26,Chievo,Genoa,1.20366,2.38033,1,2
2014-10-26,Juventus,Palermo,1.59355,0.1661,2,0
2014-10-26,Lazio,Torino,1.17164,0.495408,2,1
2014-10-26,Napoli,Verona,4.61346,0.796178,6,2
2014-10-26,Udinese,Atalanta,0.888024,0.513206,2,0
2014-10-28,Sassuolo,Empoli,3.30543,1.83984,3,1
2014-10-29,Atalanta,Napoli,0.756052,2.55253,1,1
2014-10-29,Cagliari,AC Milan,1.92852,0.499723,1,1
2014-10-29,Fiorentina,Udinese,2.83189,0.26723,3,0
2014-10-29,Genoa,Juventus,1.05735,1.1507,1,0
2014-10-29,Inter,Sampdoria,2.31775,0.529139,1,0
2014-10-29,Palermo,Chievo,1.42598,0.444825,1,0
2014-10-29,Roma,Cesena,2.93622,0.167116,2,0
2014-10-29,Torino,Parma,1.33422,0.694268,1,0
2014-10-30,Verona,Lazio,1.74791,0.888443,1,1
2014-11-01,Empoli,Juventus,0.770663,1.51283,0,2
2014-11-01,Napoli,Roma,2.64717,0.670975,2,0
2014-11-01,Parma,Inter,1.67779,0.525,2,0
2014-11-02,AC Milan,Palermo,1.12159,1.65067,0,2
2014-11-02,Chievo,Sassuolo,0.415151,0.446127,0,0
2014-11-02,Sampdoria,Fiorentina,1.8671,1.44975,3,1
2014-11-02,Torino,Atalanta,1.39976,0.144278,0,0
2014-11-02,Udinese,Genoa,1.13344,1.90549,2,4
2014-11-03,Cesena,Verona,0.901371,0.654003,1,1
2014-11-03,Lazio,Cagliari,2.21147,1.37643,4,2
2014-11-08,Sampdoria,AC Milan,2.20963,1.08993,2,2
2014-11-08,Sassuolo,Atalanta,0.631645,0.390856,0,0
2014-11-09,Cagliari,Genoa,2.57992,0.345972,1,1
2014-11-09,Chievo,Cesena,1.26794,0.834337,2,1
2014-11-09,Empoli,Lazio,0.482375,0.370879,2,1
2014-11-09,Fiorentina,Napoli,0.640726,2.33933,0,1
2014-11-09,Inter,Verona,2.06381,2.15466,2,2
2014-11-09,Juventus,Parma,2.12422,0.137701,7,0
2014-11-09,Palermo,Udinese,2.91017,1.38613,1,1
2014-11-09,Roma,Torino,0.873544,0.502666,3,0
2014-11-22,Atalanta,Roma,0.871376,0.320212,1,2
2014-11-22,Lazio,Juventus,0.592174,1.28853,0,3
2014-11-23,AC Milan,Inter,0.834114,0.75884,1,1
2014-11-23,Cesena,Sampdoria,1.01428,1.41176,1,1
2014-11-23,Napoli,Cagliari,1.45174,2.70517,3,3
2014-11-23,Parma,Empoli,0.807441,0.846637,0,2
2014-11-23,Torino,Sassuolo,1.65966,1.3656,0,1
2014-11-23,Udinese,Chievo,0.399901,1.38085,1,1
2014-11-23,Verona,Fiorentina,1.14508,2.84785,1,2
2014-11-24,Genoa,Palermo,1.51548,1.58439,1,1
2014-11-29,Chievo,Lazio,0.340276,0.559908,0,0
2014-11-29,Sassuolo,Verona,1.47437,0.66349,2,1
2014-11-30,AC Milan,Udinese,2.4423,0.252527,2,0
2014-11-30,Cagliari,Fiorentina,2.26809,2.80857,0,4
2014-11-30,Cesena,Genoa,1.06464,2.71452,0,3
2014-11-30,Empoli,Atalanta,1.28198,0.680702,0,0
2014-11-30,Juventus,Torino,1.79946,1.0594,2,1
2014-11-30,Palermo,Parma,1.43758,1.4149,2,1
2014-11-30,Roma,Inter,1.97997,0.722743,4,2
2014-12-01,Sampdoria,Napoli,0.858518,0.902433,1,1
2014-12-05,Fiorentina,Juventus,0.300124,0.380812,0,0
2014-12-06,Roma,Sassuolo,2.1508,0.684934,2,2
2014-12-06,Torino,Palermo,0.996123,0.265528,2,2
2014-12-07,Atalanta,Cesena,3.60693,0.43169,3,2
2014-12-07,Genoa,AC Milan,0.900312,1.74981,1,0
2014-12-07,Inter,Udinese,1.36914,1.49489,1,2
2014-12-07,Napoli,Empoli,1.36387,1.95768,2,2
2014-12-07,Parma,Lazio,1.3355,1.77716,1,2
2014-12-08,Cagliari,Chievo,0.579955,0.980047,0,2
2014-12-08,Verona,Sampdoria,1.57373,2.97687,1,3
2014-12-13,Lazio,Atalanta,2.32549,0.223893,3,0
2014-12-13,Palermo,Sassuolo,1.84591,0.810735,2,1
2014-12-14,AC Milan,Napoli,1.44635,1.10808,2,0
2014-12-14,Cesena,Fiorentina,0.145477,2.02539,1,4
2014-12-14,Genoa,Roma,0.293159,3.49576,0,1
2014-12-14,Juventus,Sampdoria,1.63876,0.247506,1,1
2014-12-14,Parma,Cagliari,0.234186,0.666448,0,0
2014-12-14,Udinese,Verona,0.805993,0.827523,1,2
2014-12-15,Chievo,Inter,0.826912,1.3205,0,2
2014-12-15,Empoli,Torino,1.04851,0.446794,0,0
2014-12-18,Cagliari,Juventus,0.695565,1.3105,1,3
2014-12-18,Napoli,Parma,2.60803,0.103642,2,0
2014-12-20,Roma,AC Milan,1.05507,0.225749,0,0
2014-12-20,Sassuolo,Cesena,1.75755,0.953614,1,1
2014-12-21,Atalanta,Palermo,1.97467,1.04151,3,3
2014-12-21,Fiorentina,Empoli,1.66301,1.28163,1,1
2014-12-21,Inter,Lazio,1.06596,0.262502,2,2
2014-12-21,Sampdoria,Udinese,1.18398,1.48755,2,2
2014-12-21,Torino,Genoa,1.82211,0.584865,2,1
2014-12-21,Verona,Chievo,0.964895,0.739269,0,1
2015-01-05,Lazio,Sampdoria,2.03096,0.0518842,3,0
2015-01-06,AC Milan,Sassuolo,0.880654,0.626451,1,2
2015-01-06,Cesena,Napoli,0.47022,1.78119,1,4
2015-01-06,Chievo,Torino,0.790719,0.240292,0,0
2015-01-06,Empoli,Verona,1.39734,0.943501,0,0
2015-01-06,Genoa,Atalanta,2.62876,0.952379,2,2
2015-01-06,Juventus,Inter,1.64258,1.06956,1,1
2015-01-06,Palermo,Cagliari,3.19476,0.984483,5,0
2015-01-06,Parma,Fiorentina,1.01072,2.82483,1,0
2015-01-06,Udinese,Roma,0.860799,0.896613,0,1
2015-01-10,Sassuolo,Udinese,1.27135,0.72912,1,1
2015-01-10,Torino,AC Milan,2.8576,1.03898,1,1
2015-01-11,Atalanta,Chievo,0.940645,1.03428,1,1
2015-01-11,Cagliari,Cesena,1.87858,1.80994,2,1
2015-01-11,Fiorentina,Palermo,2.813,1.64206,4,3
2015-01-11,Inter,Genoa,2.42963,1.6443,3,1
2015-01-11,Napoli,Juventus,1.10384,0.846872,1,3
2015-01-11,Roma,Lazio,0.633109,1.47703,2,2
2015-01-11,Sampdoria,Empoli,0.989643,0.326387,1,0
2015-01-11,Verona,Parma,2.47024,0.466083,3,1
2015-01-17,Empoli,Inter,0.752011,0.956836,0,0
2015-01-17,Palermo,Roma,1.01386,0.908051,1,1
2015-01-18,AC Milan,Atalanta,0.657125,0.927306,0,1
2015-01-18,Cesena,Torino,2.67702,1.53741,2,3
2015-01-18,Chievo,Fiorentina,1.53326,1.94521,1,2
2015-01-18,Genoa,Sassuolo,3.14029,2.78657,3,3
2015-01-18,Juventus,Verona,1.46036,0.109495,4,0
2015-01-18,Lazio,Napoli,1.0302,0.991664,0,1
2015-01-18,Parma,Sampdoria,0.933796,2.59816,0,2
2015-01-18,Udinese,Cagliari,0.902278,1.08384,2,2
2015-01-24,Cagliari,Sassuolo,1.67837,0.564835,2,1
2015-01-24,Lazio,AC Milan,2.62355,0.104831,3,1
2015-01-25,Fiorentina,Roma,1.12394,1.25054,1,1
2015-01-25,Inter,Torino,0.47051,1.07197,0,1
2015-01-25,Juventus,Chievo,2.33621,0.633158,2,0
2015-01-25,Parma,Cesena,1.0013,0.764594,1,2
2015-01-25,Sampdoria,Palermo,1.16405,0.985018,1,1
2015-01-25,Verona,Atalanta,2.22323,0.717053,1,0
2015-01-26,Empoli,Udinese,1.78285,0.71193,1,2
2015-01-26,Napoli,Genoa,2.93897,0.574542,2,1
2015-01-31,Genoa,Fiorentina,2.29008,0.766738,1,1
2015-01-31,Roma,Empoli,0.709503,1.07254,1,1
2015-02-01,AC Milan,Parma,2.0486,1.38244,3,1
2015-02-01,Atalanta,Cagliari,1.85613,1.84093,2,1
2015-02-01,Cesena,Lazio,0.973154,0.282267,2,1
2015-02-01,Chievo,Napoli,0.590066,1.57003,1,2
2015-02-01,Palermo,Verona,1.35764,0.471866,2,1
2015-02-01,Sassuolo,Inter,1.32624,1.30376,3,1
2015-02-01,Torino,Sampdoria,3.50318,0.468908,5,1
2015-02-01,Udinese,Juventus,0.492428,0.90458,0,0
2015-02-07,Juventus,AC Milan,1.99657,0.324559,3,1
2015-02-07,Verona,Torino,0.683941,1.60437,1,3
2015-02-08,Cagliari,Roma,1.91512,1.20001,1,2
2015-02-08,Empoli,Cesena,1.46461,0.625894,2,0
2015-02-08,Fiorentina,Atalanta,2.08375,1.52805,3,2
2015-02-08,Inter,Palermo,0.855097,1.03268,3,0
2015-02-08,Napoli,Udinese,0.886946,0.33825,3,1
2015-02-08,Sampdoria,Sassuolo,1.19645,1.76756,1,1
2015-02-09,Lazio,Genoa,0.719656,1.56121,0,1
2015-02-11,Parma,Chievo,0.742016,1.72203,0,1
2015-02-14,Palermo,Napoli,0.911378,0.362823,3,1
2015-02-14,Sassuolo,Fiorentina,0.74769,1.77883,1,3
2015-02-15,AC Milan,Empoli,0.905576,1.07186,1,1
2015-02-15,Atalanta,Inter,0.73064,1.96151,1,4
2015-02-15,Cesena,Juventus,1.06157,2.24449,2,2
2015-02-15,Chievo,Sampdoria,0.745644,0.839752,2,1
2015-02-15,Genoa,Verona,1.44395,1.07214,5,2
2015-02-15,Roma,Parma,1.41197,0.105265,0,0
2015-02-15,Torino,Cagliari,1.42384,0.348185,1,1
2015-02-15,Udinese,Lazio,0.669025,1.95381,0,1
2015-02-20,Juventus,Atalanta,2.43733,0.856483,2,1
2015-02-22,AC Milan,Cesena,1.25473,0.494932,2,0
2015-02-22,Empoli,Chievo,2.17179,0.286685,3,0
2015-02-22,Fiorentina,Torino,1.93718,1.41838,1,1
2015-02-22,Lazio,Palermo,1.17258,0.991252,2,1
2015-02-22,Verona,Roma,0.676633,0.714031,1,1
2015-02-23,Cagliari,Inter,1.35194,2.42218,1,2
2015-02-23,Napoli,Sassuolo,1.09645,0.298579,2,0
2015-02-24,Sampdoria,Genoa,1.52247,2.43586,1,1
2015-02-28,Chievo,AC Milan,0.512856,0.961368,0,0
2015-03-01,Atalanta,Sampdoria,1.83577,2.12923,1,2
2015-03-01,Cagliari,Verona,1.30221,1.52492,1,2
2015-03-01,Cesena,Udinese,1.26469,0.378987,1,0
2015-03-01,Inter,Fiorentina,0.61408,0.687722,0,1
2015-03-01,Palermo,Empoli,1.15896,1.18531,0,0
2015-03-01,Sassuolo,Lazio,0.811845,3.94782,0,3
2015-03-01,Torino,Napoli,0.963003,0.727542,1,0
2015-03-02,Roma,Juventus,0.355629,0.63406,1,1
2015-03-07,AC Milan,Verona,2.17254,1.55229,2,2
2015-03-07,Sampdoria,Cagliari,1.30566,0.539042,2,0
2015-03-08,Cesena,Palermo,0.0514277,0.275999,0,0
2015-03-08,Chievo,Roma,0.697014,0.723373,0,0
2015-03-08,Empoli,Genoa,1.17737,0.915374,1,1
2015-03-08,Napoli,Inter,1.46206,1.48015,2,2
2015-03-08,Parma,Atalanta,0.556685,0.222416,0,0
2015-03-08,Udinese,Torino,1.2006,1.11601,3,2
2015-03-09,Juventus,Sassuolo,0.780512,0.0929487,1,0
2015-03-09,Lazio,Fiorentina,3.70253,0.200536,4,0
2015-03-14,Cagliari,Empoli,0.976957,0.670824,1,1
2015-03-14,Palermo,Juventus,0.247164,0.510054,0,1
2015-03-15,Atalanta,Udinese,0.74162,0.270521,0,0
2015-03-15,Genoa,Chievo,1.10083,1.28332,0,2
2015-03-15,Inter,Cesena,1.24118,0.306265,1,1
2015-03-15,Sassuolo,Parma,2.41615,0.335275,4,1
2015-03-15,Verona,Napoli,1.73297,0.597828,2,0
2015-03-16,Fiorentina,AC Milan,1.7668,0.790418,2,1
2015-03-16,Roma,Sampdoria,1.81154,1.13556,0,2
2015-03-16,Torino,Lazio,0.400686,1.45192,0,2
2015-03-21,AC Milan,Cagliari,2.32036,1.08885,3,1
2015-03-21,Chievo,Palermo,1.78719,1.25955,1,0
2015-03-22,Cesena,Roma,0.231981,1.02786,0,1
2015-03-22,Empoli,Sassuolo,2.08642,0.619932,3,1
2015-03-22,Juventus,Genoa,1.63976,0.256135,1,0
2015-03-22,Lazio,Verona,1.72379,0.140112,2,0
2015-03-22,Napoli,Atalanta,1.61955,0.740525,1,1
2015-03-22,Parma,Torino,0.738142,1.70895,0,2
2015-03-22,Sampdoria,Inter,1.4172,0.404639,1,0
2015-03-22,Udinese,Fiorentina,2.05116,1.24406,2,2
2015-04-04,Atalanta,Torino,0.635446,0.675998,1,2
2015-04-04,Cagliari,Lazio,0.368621,4.45421,1,3
2015-04-04,Fiorentina,Sampdoria,2.2646,0.512445,2,0
2015-04-04,Genoa,Udinese,1.26793,1.64498,1,1
2015-04-04,Inter,Parma,1.05665,0.542964,1,1
2015-04-04,Juventus,Empoli,2.06686,0.445433,2,0
2015-04-04,Palermo,AC Milan,1.82986,1.72116,1,2
2015-04-04,Roma,Napoli,1.22732,0.975768,1,0
2015-04-04,Sassuolo,Chievo,1.47235,0.635164,1,0
2015-04-04,Verona,Cesena,1.4245,1.06234,3,3
2015-04-08,Parma,Udinese,1.22121,0.543698,1,0
2015-04-11,Genoa,Cagliari,2.5631,1.61385,2,0
2015-04-11,Parma,Juventus,0.319367,0.914362,1,0
2015-04-11,Verona,Inter,1.46945,2.38387,0,3
2015-04-12,AC Milan,Sampdoria,1.23075,0.557741,1,1
2015-04-12,Atalanta,Sassuolo,1.25964,0.296081,2,1
2015-04-12,Cesena,Chievo,0.476356,1.81431,0,1
2015-04-12,Lazio,Empoli,1.65017,0.897859,4,0
2015-04-12,Napoli,Fiorentina,1.1947,0.253949,3,0
2015-04-12,Torino,Roma,1.13761,1.90082,1,1
2015-04-12,Udinese,Palermo,0.44846,1.86145,1,3
2015-04-15,Genoa,Parma,2.78368,0.595376,2,0
2015-04-18,Juventus,Lazio,0.635097,0.493742,2,0
2015-04-18,Sampdoria,Cesena,1.20484,0.169192,0,0
2015-04-19,Cagliari,Napoli,0.521935,1.05458,0,3
2015-04-19,Chievo,Udinese,1.00434,0.223826,1,1
2015-04-19,Empoli,Parma,1.06989,1.0285,2,2
2015-04-19,Inter,AC Milan,1.49986,0.171709,0,0
2015-04-19,Palermo,Genoa,1.86031,0.907374,2,1
2015-04-19,Roma,Atalanta,1.56503,0.919147,1,1
2015-04-19,Sassuolo,Torino,1.09375,1.98036,1,1
2015-04-20,Fiorentina,Verona,1.65828,1.56963,0,1
2015-04-25,Inter,Roma,1.31242,0.47498,2,1
2015-04-25,Udinese,AC Milan,1.42973,0.52334,2,1
2015-04-26,Atalanta,Empoli,1.88314,2.44969,2,2
2015-04-26,Fiorentina,Cagliari,2.12685,2.16001,1,3
2015-04-26,Genoa,Cesena,3.40707,1.24615,3,1
2015-04-26,Lazio,Chievo,1.88339,0.201518,1,1
2015-04-26,Napoli,Sampdoria,2.34955,0.274328,4,2
2015-04-26,Parma,Palermo,1.11507,1.80235,1,0
2015-04-26,Torino,Juventus,1.70236,1.62627,2,1
2015-04-26,Verona,Sassuolo,1.75876,2.07561,3,2
2015-04-28,Udinese,Inter,0.593611,2.26596,1,2
2015-04-29,AC Milan,Genoa,0.96641,3.01431,1,3
2015-04-29,Cesena,Atalanta,2.63369,1.41317,2,2
2015-04-29,Chievo,Cagliari,0.960728,0.404162,1,0
2015-04-29,Juventus,Fiorentina,1.69217,2.05425,3,2
2015-04-29,Lazio,Parma,1.87018,0.411529,4,0
2015-04-29,Palermo,Torino,2.47886,1.05702,2,2
2015-04-29,Sampdoria,Verona,1.51699,1.01853,1,1
2015-04-29,Sassuolo,Roma,0.447829,0.801308,0,3
2015-04-30,Empoli,Napoli,1.19679,1.0197,4,2
2015-05-02,Sampdoria,Juventus,0.912856,1.15289,0,1
2015-05-02,Sassuolo,Palermo,0.400702,1.65519,0,0
2015-05-03,Atalanta,Lazio,1.59749,1.56633,1,1
2015-05-03,Fiorentina,Cesena,3.31326,0.90953,3,1
2015-05-03,Inter,Chievo,0.895308,0.859563,0,0
2015-05-03,Napoli,AC Milan,3.13346,0.112051,3,0
2015-05-03,Roma,Genoa,0.872024,0.442319,2,0
2015-05-03,Verona,Udinese,0.815884,2.74677,0,1
2015-05-04,Cagliari,Parma,2.08635,0.991984,4,0
2015-05-06,Torino,Empoli,0.961341,1.26479,0,1
2015-05-09,AC Milan,Roma,2.40295,1.47723,2,1
2015-05-09,Juventus,Cagliari,0.410515,1.81708,1,1
2015-05-10,Cesena,Sassuolo,2.49522,1.24035,2,3
2015-05-10,Chievo,Verona,1.99992,2.07565,2,2
2015-05-10,Empoli,Fiorentina,1.16432,1.12848,2,3
2015-05-10,Lazio,Inter,1.30251,2.23366,1,2
2015-05-10,Palermo,Atalanta,4.53848,1.40147,2,3
2015-05-10,Parma,Napoli,1.30038,1.45305,2,2
2015-05-10,Udinese,Sampdoria,1.90478,4.31492,1,4
2015-05-11,Genoa,Torino,1.55138,0.535982,5,1
2015-05-16,Inter,Juventus,1.95157,1.81655,1,2
2015-05-16,Sampdoria,Lazio,1.12115,1.02847,0,1
2015-05-17,Atalanta,Genoa,2.54956,1.23801,1,4
2015-05-17,Cagliari,Palermo,1.4523,1.72871,0,1
2015-05-17,Roma,Udinese,2.52509,1.03058,2,1
2015-05-17,Sassuolo,AC Milan,1.4837,0.727682,3,2
2015-05-17,Torino,Chievo,2.88077,0.178332,2,0
2015-05-17,Verona,Empoli,1.18511,1.21175,2,1
2015-05-18,Fiorentina,Parma,1.9529,1.16854,3,0
2015-05-18,Napoli,Cesena,1.92107,0.513771,3,2
2015-05-23,Genoa,Inter,2.08755,2.04042,3,2
2015-05-23,Juventus,Napoli,1.70377,1.96746,3,1
2015-05-24,AC Milan,Torino,1.92705,1.01795,3,0
2015-05-24,Cesena,Cagliari,0.332122,1.01404,0,1
2015-05-24,Chievo,Atalanta,0.97759,0.760081,1,1
2015-05-24,Empoli,Sampdoria,1.6605,0.502291,1,1
2015-05-24,Palermo,Fiorentina,1.03835,0.996373,2,3
2015-05-24,Parma,Verona,1.10361,1.41687,2,2
2015-05-24,Udinese,Sassuolo,0.569603,0.725339,0,1
2015-05-25,Lazio,Roma,1.424,1.32911,1,2
2015-05-30,Atalanta,AC Milan,1.26851,2.25291,1,3
2015-05-30,Verona,Juventus,1.29821,1.98709,2,2
2015-05-31,Cagliari,Udinese,1.2052,0.5464,4,3
2015-05-31,Fiorentina,Chievo,2.20556,0.663704,3,0
2015-05-31,Inter,Empoli,3.0703,2.04109,4,3
2015-05-31,Napoli,Lazio,2.95673,1.64202,2,4
2015-05-31,Roma,Palermo,0.50954,2.88579,1,2
2015-05-31,Sampdoria,Parma,1.38898,1.0172,2,2
2015-05-31,Sassuolo,Genoa,2.65496,2.20223,3,1
2015-05-31,Torino,Cesena,4.00732,0.244172,5,0
2015-08-22,Lazio,Bologna,1.54404,0.375662,2,1
2015-08-22,Verona,Roma,0.865017,1.16312,1,1
2015-08-23,Empoli,Chievo,1.24183,1.0769,1,3
2015-08-23,Fiorentina,AC Milan,1.93344,0.586002,2,0
2015-08-23,Frosinone,Torino,0.895109,1.99731,1,2
2015-08-23,Inter,Atalanta,1.03572,0.380583,1,0
2015-08-23,Juventus,Udinese,1.82451,0.867178,0,1
2015-08-23,Palermo,Genoa,1.63924,0.77741,1,0
2015-08-23,Sampdoria,Carpi,1.40755,2.67392,5,2
2015-08-23,Sassuolo,Napoli,2.16827,1.15002,2,1
2015-08-29,AC Milan,Empoli,1.05099,1.01877,2,1
2015-08-29,Bologna,Sassuolo,0.153057,0.760634,0,1
2015-08-30,Atalanta,Frosinone,3.15546,0.836519,2,0
2015-08-30,Carpi,Inter,0.866071,3.03344,1,2
2015-08-30,Chievo,Lazio,1.63354,0.832294,4,0
2015-08-30,Genoa,Verona,2.03288,0.520796,2,0
2015-08-30,Napoli,Sampdoria,1.71418,1.36084,2,2
2015-08-30,Roma,Juventus,0.970721,0.973945,2,1
2015-08-30,Torino,Fiorentina,0.646798,0.839819,3,1
2015-08-30,Udinese,Palermo,2.23566,0.791464,0,1
2015-09-12,Fiorentina,Genoa,0.677696,0.612554,1,0
2015-09-12,Frosinone,Roma,0.366506,1.90653,0,2
2015-09-12,Juventus,Chievo,2.74683,0.635511,1,1
2015-09-13,Empoli,Napoli,1.29389,1.03333,2,2
2015-09-13,Inter,AC Milan,1.85902,0.825596,1,0
2015-09-13,Lazio,Udinese,1.33653,0.611595,2,0
2015-09-13,Palermo,Carpi,1.31893,0.912214,2,2
2015-09-13,Sassuolo,Atalanta,1.26217,1.32444,2,2
2015-09-13,Verona,Torino,1.61701,0.926644,2,2
2015-09-14,Sampdoria,Bologna,1.29105,0.262969,2,0
2015-09-19,AC Milan,Palermo,1.29857,1.34984,3,2
2015-09-19,Udinese,Empoli,0.991963,0.68218,1,2
2015-09-20,Atalanta,Verona,0.921773,0.753904,1,1
2015-09-20,Bologna,Frosinone,1.20228,1.47246,1,0
2015-09-20,Carpi,Fiorentina,1.49722,0.418407,0,1
2015-09-20,Chievo,Inter,0.885744,1.36927,0,1
2015-09-20,Genoa,Juventus,0.382614,2.17908,0,2
2015-09-20,Napoli,Lazio,2.73209,0.971385,5,0
2015-09-20,Roma,Sassuolo,1.67014,0.913148,2,2
2015-09-20,Torino,Sampdoria,2.63119,0.798391,2,0
2015-09-22,Udinese,AC Milan,1.06772,0.650335,2,3
2015-09-23,Carpi,Napoli,0.362323,1.16585,0,0
2015-09-23,Chievo,Torino,0.425996,0.151262,1,0
2015-09-23,Fiorentina,Bologna,1.64826,0.311562,2,0
2015-09-23,Inter,Verona,0.838775,0.240971,1,0
2015-09-23,Juventus,Frosinone,1.99042,0.512593,1,1
2015-09-23,Lazio,Genoa,0.812854,0.345925,2,0
2015-09-23,Palermo,Sassuolo,0.458442,0.731694,0,1
2015-09-23,Sampdoria,Roma,0.187797,1.4457,2,1
2015-09-24,Empoli,Atalanta,0.719009,0.690699,0,1
2015-09-26,Napoli,Juventus,0.704583,0.679724,2,1
2015-09-26,Roma,Carpi,3.46661,1.51645,5,1
2015-09-27,Bologna,Udinese,1.61378,1.75506,1,2
2015-09-27,Genoa,AC Milan,0.656301,0.947572,1,0
2015-09-27,Inter,Fiorentina,1.0519,3.14215,1,4
2015-09-27,Sassuolo,Chievo,0.822599,0.595795,1,1
2015-09-27,Torino,Palermo,0.578424,0.380741,2,1
2015-09-27,Verona,Lazio,1.07591,2.28189,1,2
2015-09-28,Atalanta,Sampdoria,2.02949,0.78253,2,1
2015-09-28,Frosinone,Empoli,1.56653,1.10742,2,0
2015-10-03,Carpi,Torino,0.880132,1.21414,2,1
2015-10-03,Chievo,Verona,1.67182,1.11646,1,1
2015-10-04,AC Milan,Napoli,0.380343,1.8145,0,4
2015-10-04,Empoli,Sassuolo,0.835463,0.298038,1,0
2015-10-04,Fiorentina,Atalanta,3.24131,0.479182,3,0
2015-10-04,Juventus,Bologna,3.4019,0.139356,3,1
2015-10-04,Lazio,Frosinone,3.62854,0.738998,2,0
2015-10-04,Palermo,Roma,1.27132,2.02203,2,4
2015-10-04,Sampdoria,Inter,2.38692,1.91353,1,1
2015-10-04,Udinese,Genoa,1.36533,1.41836,1,1
2015-10-17,Roma,Empoli,1.59672,0.552993,3,1
2015-10-17,Torino,AC Milan,0.336416,0.794492,1,1
2015-10-18,Atalanta,Carpi,2.23861,1.03029,3,0
2015-10-18,Bologna,Palermo,1.7239,1.66538,0,1
2015-10-18,Frosinone,Sampdoria,1.23144,1.40095,2,0
2015-10-18,Genoa,Chievo,1.24967,2.1399,3,2
2015-10-18,Inter,Juventus,0.360147,0.900473,0,0
2015-10-18,Napoli,Fiorentina,2.26213,0.682353,2,1
2015-10-18,Sassuolo,Lazio,1.78618,0.719194,2,1
2015-10-18,Verona,Udinese,1.10503,0.839325,1,1
2015-10-24,Carpi,Bologna,0.820122,1.96954,1,2
2015-10-24,Empoli,Genoa,1.60235,0.550221,2,0
2015-10-24,Palermo,Inter,1.06069,2.04874,1,1
2015-10-25,AC Milan,Sassuolo,1.94453,0.104562,2,1
2015-10-25,Chievo,Napoli,0.652747,1.27216,0,1
2015-10-25,Fiorentina,Roma,1.27493,0.955907,1,2
2015-10-25,Juventus,Atalanta,3.13825,0.112853,2,0
2015-10-25,Lazio,Torino,1.30999,0.31541,3,0
2015-10-25,Sampdoria,Verona,2.84874,0.629179,4,1
2015-10-25,Udinese,Frosinone,2.10451,0.430149,1,0
2015-10-27,Bologna,Inter,0.662582,1.26761,0,1
2015-10-28,AC Milan,Chievo,1.5031,0.182518,1,0
2015-10-28,Atalanta,Lazio,0.40769,0.189085,2,1
2015-10-28,Frosinone,Carpi,1.00468,0.640609,2,1
2015-10-28,Napoli,Palermo,1.10143,0.26471,2,0
2015-10-28,Roma,Udinese,2.09363,0.538201,3,1
2015-10-28,Sassuolo,Juventus,0.326576,0.552665,1,0
2015-10-28,Torino,Genoa,1.45703,1.57922,3,3
2015-10-28,Verona,Fiorentina,0.0829689,1.97422,0,2
2015-10-29,Sampdoria,Empoli,0.578361,0.698332,1,1
2015-10-31,Inter,Roma,0.392755,1.89135,1,0
2015-10-31,Juventus,Torino,1.47178,0.753835,2,1
2015-11-01,Bologna,Atalanta,1.37773,1.25378,3,0
2015-11-01,Carpi,Verona,1.24528,0.525153,0,0
2015-11-01,Fiorentina,Frosinone,2.48691,0.253216,4,1
2015-11-01,Genoa,Napoli,0.477536,1.28075,0,0
2015-11-01,Lazio,AC Milan,0.370329,1.97816,1,3
2015-11-01,Udinese,Sassuolo,1.35495,0.249152,0,0
2015-11-02,Chievo,Sampdoria,1.56286,0.959375,1,1
2015-11-03,Palermo,Empoli,1.12409,0.848186,0,1
2015-11-07,AC Milan,Atalanta,0.444823,1.2934,0,0
2015-11-07,Verona,Bologna,0.238936,1.29364,0,2
2015-11-08,Empoli,Juventus,0.478585,2.15262,1,3
2015-11-08,Frosinone,Genoa,1.26946,1.78652,2,2
2015-11-08,Napoli,Udinese,1.1988,0.298595,1,0
2015-11-08,Palermo,Chievo,0.862642,1.21475,1,0
2015-11-08,Roma,Lazio,2.02818,1.36156,2,0
2015-11-08,Sampdoria,Fiorentina,0.329683,2.70882,0,2
2015-11-08,Sassuolo,Carpi,1.37733,0.271335,1,0
2015-11-08,Torino,Inter,1.34479,0.889238,0,1
2015-11-21,Bologna,Roma,1.55674,2.43427,2,2
2015-11-21,Juventus,AC Milan,1.00993,0.579847,1,0
2015-11-22,Atalanta,Torino,0.896778,1.55139,0,1
2015-11-22,Carpi,Chievo,0.949266,0.535478,1,2
2015-11-22,Fiorentina,Empoli,1.62042,0.640222,2,2
2015-11-22,Genoa,Sassuolo,0.93114,1.06319,2,1
2015-11-22,Inter,Frosinone,3.15518,0.473179,4,0
2015-11-22,Lazio,Palermo,1.52326,0.648783,1,1
2015-11-22,Udinese,Sampdoria,0.710226,0.432258,1,0
2015-11-22,Verona,Napoli,0.169838,2.39349,0,2
2015-11-28,AC Milan,Sampdoria,3.69609,1.14859,4,1
2015-11-28,Torino,Bologna,1.32824,0.095766,2,0
2015-11-29,Chievo,Udinese,1.91846,1.83753,2,3
2015-11-29,Empoli,Lazio,0.283493,0.923335,1,0
2015-11-29,Frosinone,Verona,2.46758,0.811855,3,2
2015-11-29,Genoa,Carpi,0.666263,2.06166,1,2
2015-11-29,Palermo,Juventus,0.458932,1.60298,0,3
2015-11-29,Roma,Atalanta,0.900985,1.34272,0,2
2015-11-30,Sassuolo,Fiorentina,0.85517,1.54801,1,1
2015-12-01,Napoli,Inter,0.669598,0.515146,2,1
2015-12-04,Lazio,Juventus,0.394844,0.336716,0,2
2015-12-05,Inter,Genoa,1.02596,0.0962433,1,0
2015-12-05,Torino,Roma,1.64485,0.237957,1,1
2015-12-06,Atalanta,Palermo,1.51762,0.845303,3,0
2015-12-06,Bologna,Napoli,1.61912,1.51699,3,2
2015-12-06,Carpi,AC Milan,0.413865,0.859272,0,0
2015-12-06,Fiorentina,Udinese,2.02848,0.925195,3,0
2015-12-06,Frosinone,Chievo,1.23162,1.2951,0,2
2015-12-06,Sampdoria,Sassuolo,0.631223,2.65301,1,3
2015-12-06,Verona,Empoli,1.40759,0.644992,0,1
2015-12-12,Genoa,Bologna,2.2972,0.889109,0,1
2015-12-12,Palermo,Frosinone,2.74774,1.49153,4,1
2015-12-12,Udinese,Inter,1.56304,1.76294,0,4
2015-12-13,AC Milan,Verona,1.44621,1.06932,1,1
2015-12-13,Chievo,Atalanta,1.55883,0.108307,1,0
2015-12-13,Empoli,Carpi,1.76158,1.39607,3,0
2015-12-13,Juventus,Fiorentina,1.68301,0.886683,3,1
2015-12-13,Napoli,Roma,1.42523,0.230838,0,0
2015-12-14,Lazio,Sampdoria,0.821242,0.420474,1,1
2015-12-19,Bologna,Empoli,1.25861,1.9478,2,3
2015-12-20,Atalanta,Napoli,0.799558,3.81906,1,3
2015-12-20,Carpi,Juventus,1.00082,1.66604,2,3
2015-12-20,Fiorentina,Chievo,1.00227,0.228348,2,0
2015-12-20,Frosinone,AC Milan,1.03341,3.94009,2,4
2015-12-20,Inter,Lazio,0.52033,1.39821,1,2
2015-12-20,Roma,Genoa,2.12232,0.888835,2,0
2015-12-20,Sampdoria,Palermo,1.59365,0.647545,2,0
2015-12-20,Torino,Udinese,0.50199,1.52143,0,1
2015-12-20,Verona,Sassuolo,1.16023,1.49577,1,1
2016-01-05,Genoa,Sampdoria,2.02544,1.17866,2,3
2016-01-06,AC Milan,Bologna,1.77385,1.25169,0,1
2016-01-06,Chievo,Roma,1.7967,2.52768,3,3
2016-01-06,Empoli,Inter,0.506892,1.13955,0,1
2016-01-06,Juventus,Verona,1.4656,0.268673,3,0
2016-01-06,Lazio,Carpi,0.445881,0.194449,0,0
2016-01-06,Napoli,Torino,1.36081,1.05846,2,1
2016-01-06,Palermo,Fiorentina,0.930207,1.39737,1,3
2016-01-06,Sassuolo,Frosinone,2.31584,0.181481,2,2
2016-01-06,Udinese,Atalanta,1.91362,1.10135,2,1
2016-01-09,Carpi,Udinese,1.49909,0.326424,2,1
2016-01-09,Fiorentina,Lazio,0.733022,1.61272,1,3
2016-01-09,Roma,AC Milan,1.03182,1.19666,1,1
2016-01-10,Atalanta,Genoa,0.664628,1.29873,0,2
2016-01-10,Bologna,Chievo,1.22915,0.344665,0,1
2016-01-10,Frosinone,Napoli,0.317832,2.93173,1,5
2016-01-10,Inter,Sassuolo,2.22072,2.23726,0,1
2016-01-10,Sampdoria,Juventus,0.76502,1.24169,1,2
2016-01-10,Torino,Empoli,1.94161,1.23208,0,1
2016-01-10,Verona,Palermo,2.97331,1.12513,0,1
2016-01-16,Atalanta,Inter,1.68736,0.718571,1,1
2016-01-16,Napoli,Sassuolo,1.84787,1.04073,3,1
2016-01-16,Torino,Frosinone,2.60731,0.651895,4,2
2016-01-17,AC Milan,Fiorentina,1.04719,0.821998,2,0
2016-01-17,Bologna,Lazio,1.45008,1.27249,2,2
2016-01-17,Carpi,Sampdoria,1.3392,2.30542,2,1
2016-01-17,Chievo,Empoli,1.13429,0.941671,1,1
2016-01-17,Genoa,Palermo,2.93614,0.41324,4,0
2016-01-17,Roma,Verona,2.46945,1.20156,1,1
2016-01-17,Udinese,Juventus,0.338728,2.68244,0,4
2016-01-20,Sassuolo,Torino,1.59728,0.960259,1,1
2016-01-23,Empoli,AC Milan,1.30659,1.18014,2,2
2016-01-23,Frosinone,Atalanta,0.800838,0.975734,0,0
2016-01-24,Fiorentina,Torino,0.834601,1.19235,2,0
2016-01-24,Inter,Carpi,2.22439,0.685858,1,1
2016-01-24,Juventus,Roma,0.693173,0.200084,1,0
2016-01-24,Lazio,Chievo,2.6703,1.48963,4,1
2016-01-24,Palermo,Udinese,1.9135,1.78224,4,1
2016-01-24,Sampdoria,Napoli,0.564595,3.3808,2,4
2016-01-24,Sassuolo,Bologna,0.582814,1.77372,0,2
2016-01-24,Verona,Genoa,1.74303,0.67278,1,1
2016-01-30,Atalanta,Sassuolo,1.13065,0.907407,1,1
2016-01-30,Carpi,Palermo,1.18567,0.981895,1,1
2016-01-30,Roma,Frosinone,1.21392,0.515185,3,1
2016-01-31,AC Milan,Inter,2.31764,1.75777,3,0
2016-01-31,Bologna,Sampdoria,1.49711,1.44633,3,2
2016-01-31,Chievo,Juventus,0.178979,3.68705,0,4
2016-01-31,Genoa,Fiorentina,0.937274,0.584227,0,0
2016-01-31,Napoli,Empoli,2.68666,0.239824,5,1
2016-01-31,Torino,Verona,1.61682,0.546912,0,0
2016-01-31,Udinese,Lazio,0.435839,0.870348,0,0
2016-02-02,Sassuolo,Roma,1.39147,2.61936,0,2
2016-02-03,Empoli,Udinese,2.10015,0.665742,1,1
2016-02-03,Fiorentina,Carpi,0.630181,0.959221,2,1
2016-02-03,Frosinone,Bologna,1.81211,1.06771,1,0
2016-02-03,Inter,Chievo,2.4039,0.382305,1,0
2016-02-03,Juventus,Genoa,0.716861,0.184361,1,0
2016-02-03,Lazio,Napoli,0.554354,1.55653,0,2
2016-02-03,Palermo,AC Milan,0.69714,2.3384,0,2
2016-02-03,Sampdoria,Torino,0.758631,1.84523,2,2
2016-02-03,Verona,Atalanta,1.54232,1.36097,2,1
2016-02-06,Bologna,Fiorentina,1.01612,0.470711,1,1
2016-02-06,Genoa,Lazio,0.335093,0.521845,0,0
2016-02-07,AC Milan,Udinese,1.9269,1.45441,1,1
2016-02-07,Atalanta,Empoli,0.983654,0.588857,0,0
2016-02-07,Frosinone,Juventus,0.265668,1.57845,0,2
2016-02-07,Napoli,Carpi,2.27124,0.0810378,1,0
2016-02-07,Roma,Sampdoria,1.46365,1.14306,2,1
2016-02-07,Sassuolo,Palermo,2.28066,0.712807,2,2
2016-02-07,Torino,Chievo,0.955057,1.02676,1,2
2016-02-07,Verona,Inter,1.30961,2.40052,3,3
2016-02-11,Lazio,Verona,4.18006,0.363488,5,2
2016-02-12,Carpi,Roma,0.873983,2.28532,1,3
2016-02-13,Chievo,Sassuolo,1.50751,1.10703,1,1
2016-02-13,Empoli,Frosinone,2.54317,1.02693,1,2
2016-02-13,Juventus,Napoli,0.560005,0.223882,1,0
2016-02-14,AC Milan,Genoa,0.743611,1.08215,2,1
2016-02-14,Fiorentina,Inter,1.76114,0.638279,2,1
2016-02-14,Palermo,Torino,0.986373,3.01088,1,3
2016-02-14,Sampdoria,Atalanta,0.923922,0.22159,0,0
2016-02-14,Udinese,Bologna,1.73146,1.03902,0,1
2016-02-19,Bologna,Juventus,0.253376,0.824045,0,0
2016-02-20,Inter,Sampdoria,1.91305,0.931898,3,1
2016-02-20,Verona,Chievo,2.44214,1.28607,3,1
2016-02-21,Atalanta,Fiorentina,2.03351,1.94407,2,3
2016-02-21,Frosinone,Lazio,0.630916,0.758094,0,0
2016-02-21,Genoa,Udinese,3.02477,1.73936,2,1
2016-02-21,Roma,Palermo,2.43671,0.207981,5,0
2016-02-21,Sassuolo,Empoli,0.982567,1.49386,3,2
2016-02-21,Torino,Carpi,1.23939,0.299053,0,0
2016-02-23,Napoli,AC Milan,1.40477,0.593696,1,1
2016-02-27,AC Milan,Torino,1.34094,0.678004,1,0
2016-02-27,Empoli,Roma,0.332954,1.08467,1,3
2016-02-28,Carpi,Atalanta,1.43845,0.947109,1,1
2016-02-28,Chievo,Genoa,1.76947,0.526085,1,0
2016-02-28,Juventus,Inter,1.97864,0.358357,2,0
2016-02-28,Palermo,Bologna,0.636809,1.04567,0,0
2016-02-28,Sampdoria,Frosinone,1.30627,0.49477,2,0
2016-02-28,Udinese,Verona,2.04738,0.58858,2,0
2016-02-29,Lazio,Sassuolo,1.33889,1.58757,0,2
2016-03-01,Fiorentina,Napoli,0.79925,0.911915,1,1
2016-03-04,Roma,Fiorentina,2.52965,1.07664,4,1
2016-03-05,Napoli,Chievo,3.32828,0.275541,3,1
2016-03-05,Verona,Sampdoria,1.17161,2.77424,0,3
2016-03-06,Atalanta,Juventus,0.65994,1.16757,0,2
2016-03-06,Bologna,Carpi,1.16209,0.285025,0,0
2016-03-06,Frosinone,Udinese,1.09511,0.142297,2,0
2016-03-06,Genoa,Empoli,1.05898,1.03143,1,0
2016-03-06,Inter,Palermo,1.0249,0.769584,3,1
2016-03-06,Sassuolo,AC Milan,1.65735,1.19852,2,0
2016-03-06,Torino,Lazio,2.49094,1.32027,1,1
2016-03-11,Juventus,Sassuolo,1.48559,0.419901,1,0
2016-03-12,Empoli,Sampdoria,1.83798,0.754732,1,1
2016-03-12,Inter,Bologna,1.77997,0.371108,2,1
2016-03-13,Carpi,Frosinone,1.78367,1.27464,2,1
2016-03-13,Chievo,AC Milan,0.988176,0.744968,0,0
2016-03-13,Fiorentina,Verona,0.614992,0.780842,1,1
2016-03-13,Genoa,Torino,2.52155,1.26638,3,2
2016-03-13,Lazio,Atalanta,1.4421,0.776464,2,0
2016-03-13,Palermo,Napoli,0.289323,2.02645,0,1
2016-03-13,Udinese,Roma,0.594114,2.23974,1,2
2016-03-19,Empoli,Palermo,0.522438,0.683302,0,0
2016-03-19,Roma,Inter,1.15003,0.296591,1,1
2016-03-20,AC Milan,Lazio,1.50818,0.71528,1,1
2016-03-20,Atalanta,Bologna,3.91595,0.377709,2,0
2016-03-20,Frosinone,Fiorentina,1.06063,2.10086,0,0
2016-03-20,Napoli,Genoa,2.45798,0.46905,3,1
2016-03-20,Sampdoria,Chievo,1.18347,2.61414,0,1
2016-03-20,Sassuolo,Udinese,0.798145,1.85642,1,1
2016-03-20,Torino,Juventus,1.58508,1.74677,1,4
2016-03-20,Verona,Carpi,0.68967,1.2492,1,2
2016-04-02,Carpi,Sassuolo,1.39986,1.80569,1,3
2016-04-02,Juventus,Empoli,2.19126,0.627317,1,0
2016-04-03,Atalanta,AC Milan,1.34093,1.52411,2,1
2016-04-03,Chievo,Palermo,1.34014,1.80741,3,1
2016-04-03,Fiorentina,Sampdoria,1.06589,0.259248,1,1
2016-04-03,Genoa,Frosinone,2.08231,0.368689,4,0
2016-04-03,Inter,Torino,1.27119,2.2995,1,2
2016-04-03,Lazio,Roma,2.84764,1.52919,1,4
2016-04-03,Udinese,Napoli,2.75111,0.468281,3,1
2016-04-04,Bologna,Verona,1.00837,0.742433,0,1
2016-04-09,AC Milan,Juventus,1.46082,0.769122,1,2
2016-04-09,Chievo,Carpi,1.22666,0.721378,1,0
2016-04-09,Frosinone,Inter,0.744526,1.413,0,1
2016-04-09,Sassuolo,Genoa,0.735631,0.70429,0,1
2016-04-10,Empoli,Fiorentina,0.724395,1.04376,2,0
2016-04-10,Napoli,Verona,3.60923,0.313473,3,0
2016-04-10,Palermo,Lazio,0.417993,3.05565,0,3
2016-04-10,Sampdoria,Udinese,2.12831,1.58974,2,0
2016-04-10,Torino,Atalanta,0.873952,0.99328,2,1
2016-04-11,Roma,Bologna,1.21204,0.688923,1,1
2016-04-16,Bologna,Torino,0.507409,1.06984,0,1
2016-04-16,Carpi,Genoa,3.16479,1.37647,4,1
2016-04-16,Inter,Napoli,1.88869,0.322765,2,0
2016-04-17,Atalanta,Roma,2.49058,2.10816,3,3
2016-04-17,Fiorentina,Sassuolo,1.39254,1.04068,3,1
2016-04-17,Juventus,Palermo,1.82684,0.696599,4,0
2016-04-17,Lazio,Empoli,2.55889,0.407612,2,0
2016-04-17,Sampdoria,AC Milan,0.354318,1.43637,0,1
2016-04-17,Udinese,Chievo,0.994096,0.205673,0,0
2016-04-17,Verona,Frosinone,2.02081,1.10944,1,2
2016-04-19,Napoli,Bologna,2.64419,0.175203,6,0
2016-04-20,Chievo,Frosinone,2.31378,0.265652,5,1
2016-04-20,Empoli,Verona,2.20742,1.9251,1,0
2016-04-20,Genoa,Inter,0.9988,1.15015,1,0
2016-04-20,Juventus,Lazio,3.53103,0.195173,3,0
2016-04-20,Palermo,Atalanta,2.64762,2.25362,2,2
2016-04-20,Roma,Torino,2.19722,1.5845,3,2
2016-04-20,Sassuolo,Sampdoria,3.28685,0.150904,0,0
2016-04-20,Udinese,Fiorentina,1.15644,0.66153,2,1
2016-04-21,AC Milan,Carpi,1.03038,0.26311,0,0
2016-04-23,Inter,Udinese,2.91335,1.07267,3,1
2016-04-24,Atalanta,Chievo,0.939437,0.347217,1,0
2016-04-24,Bologna,Genoa,0.953231,0.491713,2,0
2016-04-24,Fiorentina,Juventus,2.41849,1.46994,1,2
2016-04-24,Frosinone,Palermo,1.36967,0.841795,0,2
2016-04-24,Sampdoria,Lazio,1.72396,3.45462,2,1
2016-04-24,Torino,Sassuolo,0.957336,1.55044,1,3
2016-04-25,Carpi,Empoli,1.70068,0.696372,1,0
2016-04-25,Roma,Napoli,0.317817,0.639476,1,0
2016-04-25,Verona,AC Milan,2.66469,1.41824,2,1
2016-04-30,Chievo,Fiorentina,1.07367,0.857695,0,0
2016-04-30,Udinese,Torino,1.56864,1.24571,1,5
2016-05-01,AC Milan,Frosinone,3.58716,0.647214,3,3
2016-05-01,Empoli,Bologna,0.569866,0.596736,0,0
2016-05-01,Juventus,Carpi,0.97521,0.507266,2,0
2016-05-01,Lazio,Inter,1.71802,0.87251,2,0
2016-05-01,Palermo,Sampdoria,1.29682,0.446755,2,0
2016-05-01,Sassuolo,Verona,0.51533,0.483795,1,0
2016-05-02,Genoa,Roma,1.05403,2.32478,2,3
2016-05-02,Napoli,Atalanta,2.52982,0.172012,2,1
2016-05-07,Bologna,AC Milan,1.08305,1.2377,0,1
2016-05-07,Inter,Empoli,1.75375,0.929999,2,1
2016-05-08,Atalanta,Udinese,1.12089,0.271001,1,1
2016-05-08,Carpi,Lazio,3.44148,1.98265,1,3
2016-05-08,Fiorentina,Palermo,2.00986,0.166833,0,0
2016-05-08,Frosinone,Sassuolo,1.09778,1.32832,0,1
2016-05-08,Roma,Chievo,2.07283,0.720434,3,0
2016-05-08,Sampdoria,Genoa,0.694054,2.20008,0,3
2016-05-08,Torino,Napoli,0.459127,1.70567,1,2
2016-05-08,Verona,Juventus,1.65219,1.30062,2,1
2016-05-14,AC Milan,Roma,1.37488,2.27757,1,3
2016-05-14,Juventus,Sampdoria,2.78687,0.173253,5,0
2016-05-14,Napoli,Frosinone,3.96429,0.837464,4,0
2016-05-14,Sassuolo,Inter,1.28643,1.11693,3,1
2016-05-15,Chievo,Bologna,0.35378,0.425809,0,0
2016-05-15,Empoli,Torino,0.640557,1.10246,2,1
2016-05-15,Genoa,Atalanta,2.55677,1.35357,1,2
2016-05-15,Lazio,Fiorentina,1.27504,1.86008,2,4
2016-05-15,Palermo,Verona,0.789971,1.35761,3,2
2016-05-15,Udinese,Carpi,1.29064,1.76289,1,2
2016-08-20,Juventus,Fiorentina,1.5603,0.244198,2,1
2016-08-20,Roma,Udinese,5.74878,0.517156,4,0
2016-08-21,AC Milan,Torino,2.5953,1.74508,3,2
2016-08-21,Atalanta,Lazio,1.54669,1.80658,3,4
2016-08-21,Bologna,Crotone,1.73535,0.38438,1,0
2016-08-21,Chievo,Inter,0.778083,1.01715,2,0
2016-08-21,Empoli,Sampdoria,0.934821,1.04646,0,1
2016-08-21,Genoa,Cagliari,1.52666,0.912546,3,1
2016-08-21,Palermo,Sassuolo,0.351218,1.67953,0,1
2016-08-21,Pescara,Napoli,1.08269,1.41716,2,2
2016-08-27,Lazio,Juventus,0.16672,0.614088,0,1
2016-08-27,Napoli,AC Milan,2.78103,0.804413,4,2
2016-08-28,Cagliari,Roma,1.76368,2.92514,2,2
2016-08-28,Crotone,Genoa,1.02444,2.39624,1,3
2016-08-28,Fiorentina,Chievo,0.763552,0.795506,1,0
2016-08-28,Inter,Palermo,1.94441,0.544244,1,1
2016-08-28,Sampdoria,Atalanta,0.933904,0.314303,2,1
2016-08-28,Sassuolo,Pescara,0.54343,1.45854,2,1
2016-08-28,Torino,Bologna,4.22894,0.532401,5,1
2016-08-28,Udinese,Empoli,0.912097,1.18302,2,0
2016-09-10,Juventus,Sassuolo,3.29973,0.835114,3,1
2016-09-10,Palermo,Napoli,0.58528,1.89333,0,3
2016-09-11,AC Milan,Udinese,0.959858,0.507771,0,1
2016-09-11,Atalanta,Torino,2.47685,0.648686,2,1
2016-09-11,Bologna,Cagliari,1.75506,0.916015,2,1
2016-09-11,Chievo,Lazio,2.00749,0.74614,1,1
2016-09-11,Pescara,Inter,1.52585,1.70313,1,2
2016-09-11,Roma,Sampdoria,3.61418,1.23572,3,2
2016-09-12,Empoli,Crotone,0.636904,0.521587,2,1
2016-09-16,Sampdoria,AC Milan,0.594515,0.782456,0,1
2016-09-17,Lazio,Pescara,3.04807,1.21293,3,0
2016-09-17,Napoli,Bologna,1.47652,0.312903,3,1
2016-09-18,Cagliari,Atalanta,1.03866,1.02015,3,0
2016-09-18,Crotone,Palermo,1.13821,0.612635,1,1
2016-09-18,Fiorentina,Roma,0.737697,1.02389,1,0
2016-09-18,Inter,Juventus,0.746577,1.24154,2,1
2016-09-18,Sassuolo,Genoa,2.29731,1.40462,2,0
2016-09-18,Torino,Empoli,0.718392,0.184549,0,0
2016-09-18,Udinese,Chievo,0.753743,2.50145,1,2
2016-09-20,AC Milan,Lazio,2.62568,0.701969,2,0
2016-09-21,Atalanta,Palermo,1.6265,1.04637,0,1
2016-09-21,Bologna,Sampdoria,1.04424,0.902754,2,0
2016-09-21,Chievo,Sassuolo,0.195009,0.435427,2,1
2016-09-21,Empoli,Inter,0.437207,1.89478,0,2
2016-09-21,Genoa,Napoli,0.838569,0.928776,0,0
2016-09-21,Juventus,Cagliari,3.23331,0.0712181,4,0
2016-09-21,Pescara,Torino,0.988465,0.628442,0,0
2016-09-21,Roma,Crotone,2.21659,1.20964,4,0
2016-09-21,Udinese,Fiorentina,1.89441,1.08173,2,2
2016-09-24,Napoli,Chievo,0.644091,0.41855,2,0
2016-09-24,Palermo,Juventus,0.115058,1.22962,0,1
2016-09-25,Fiorentina,AC Milan,1.54079,0.710461,0,0
2016-09-25,Genoa,Pescara,0.507435,1.09165,1,1
2016-09-25,Inter,Bologna,1.37159,0.551483,1,1
2016-09-25,Lazio,Empoli,1.91368,1.03563,2,0
2016-09-25,Sassuolo,Udinese,1.51059,0.611892,1,0
2016-09-25,Torino,Roma,2.48231,2.97512,3,1
2016-09-26,Cagliari,Sampdoria,1.33563,1.13075,2,1
2016-09-26,Crotone,Atalanta,0.659193,2.1441,1,3
2016-10-01,Pescara,Chievo,0.518031,1.81437,0,2
2016-10-01,Udinese,Lazio,1.05481,1.29748,0,3
2016-10-02,AC Milan,Sassuolo,1.41957,1.17991,4,3
2016-10-02,Atalanta,Napoli,1.57211,0.559123,1,0
2016-10-02,Bologna,Genoa,0.1582,1.19687,0,1
2016-10-02,Cagliari,Crotone,0.586739,1.25433,2,1
2016-10-02,Empoli,Juventus,0.310516,4.15533,0,3
2016-10-02,Roma,Inter,2.39527,1.17527,2,1
2016-10-02,Sampdoria,Palermo,1.44665,0.514686,1,1
2016-10-02,Torino,Fiorentina,0.934719,1.4493,2,1
2016-10-15,Juventus,Udinese,2.46977,0.257762,2,1
2016-10-15,Napoli,Roma,1.65517,1.81758,1,3
2016-10-15,Pescara,Sampdoria,1.69154,1.6457,1,1
2016-10-16,Chievo,AC Milan,0.253892,1.59791,1,3
2016-10-16,Fiorentina,Atalanta,1.36172,0.93609,0,0
2016-10-16,Genoa,Empoli,0.287766,0.0947143,0,0
2016-10-16,Inter,Cagliari,2.61615,1.4579,1,2
2016-10-16,Lazio,Bologna,2.91842,1.04123,1,1
2016-10-16,Sassuolo,Crotone,2.05142,0.634162,2,1
2016-10-17,Palermo,Torino,0.865751,1.20703,1,4
2016-10-22,AC Milan,Juventus,0.254814,0.731154,1,0
2016-10-22,Sampdoria,Genoa,2.08079,1.0875,2,1
2016-10-23,Atalanta,Inter,2.3909,0.235632,2,1
2016-10-23,Bologna,Sassuolo,1.39945,0.638691,1,1
2016-10-23,Cagliari,Fiorentina,1.30024,2.22004,3,5
2016-10-23,Crotone,Napoli,1.78468,2.32041,1,2
2016-10-23,Empoli,Chievo,0.445783,1.014,0,0
2016-10-23,Roma,Palermo,2.48508,0.435093,4,1
2016-10-23,Torino,Lazio,1.66152,1.31796,2,2
2016-10-23,Udinese,Pescara,2.33345,0.694512,3,1
2016-10-25,Genoa,AC Milan,0.918374,0.437331,3,0
2016-10-26,Chievo,Bologna,1.00976,0.201128,1,1
2016-10-26,Fiorentina,Crotone,1.41393,0.725924,1,1
2016-10-26,Inter,Torino,2.39829,0.547634,2,1
2016-10-26,Juventus,Sampdoria,2.13285,0.347792,4,1
2016-10-26,Lazio,Cagliari,3.41279,1.28037,4,1
2016-10-26,Napoli,Empoli,3.89995,0.29497,2,0
2016-10-26,Pescara,Atalanta,0.22903,0.665026,0,1
2016-10-26,Sassuolo,Roma,1.00699,2.21845,1,3
2016-10-27,Palermo,Udinese,0.59003,0.990877,1,3
2016-10-29,Bologna,Fiorentina,0.225855,1.71314,0,1
2016-10-29,Juventus,Napoli,0.49027,0.904839,2,1
2016-10-30,AC Milan,Pescara,1.74004,0.736729,1,0
2016-10-30,Atalanta,Genoa,1.30193,0.801499,3,0
2016-10-30,Crotone,Chievo,1.72351,0.659158,2,0
2016-10-30,Empoli,Roma,0.326558,1.44104,0,0
2016-10-30,Lazio,Sassuolo,1.78915,1.2589,2,1
2016-10-30,Sampdoria,Inter,0.821852,2.47165,1,0
2016-10-31,Udinese,Torino,2.11839,1.18042,2,2
2016-11-01,Cagliari,Palermo,0.672437,0.701202,2,1
2016-11-05,Napoli,Lazio,0.713297,0.414383,1,1
2016-11-05,Torino,Cagliari,2.84168,0.46731,5,1
2016-11-06,Chievo,Juventus,1.10586,2.13748,1,2
2016-11-06,Fiorentina,Sampdoria,1.57162,0.799869,1,1
2016-11-06,Genoa,Udinese,1.32186,0.870902,1,1
2016-11-06,Inter,Crotone,2.49682,0.248518,3,0
2016-11-06,Palermo,AC Milan,1.03556,1.03836,1,2
2016-11-06,Pescara,Empoli,2.53565,2.50908,0,4
2016-11-06,Roma,Bologna,3.45114,0.78738,3,0
2016-11-06,Sassuolo,Atalanta,1.04128,1.3028,0,3
2016-11-19,Chievo,Cagliari,1.20696,0.319548,1,0
2016-11-19,Juventus,Pescara,1.75422,0.895007,3,0
2016-11-19,Udinese,Napoli,0.336535,1.77046,1,2
2016-11-20,AC Milan,Inter,0.652106,1.59912,2,2
2016-11-20,Atalanta,Roma,1.6764,1.54094,2,1
2016-11-20,Bologna,Palermo,0.604632,1.36701,3,1
2016-11-20,Crotone,Torino,1.36886,1.0138,0,2
2016-11-20,Empoli,Fiorentina,0.773104,3.89131,0,4
2016-11-20,Lazio,Genoa,1.79807,0.644182,3,1
2016-11-20,Sampdoria,Sassuolo,2.54447,1.14682,3,2
2016-11-26,Empoli,AC Milan,1.52699,0.781264,1,4
2016-11-26,Torino,Chievo,1.0585,0.902262,2,1
2016-11-27,Bologna,Atalanta,0.272072,1.31773,0,2
2016-11-27,Cagliari,Udinese,2.05523,0.920373,2,1
2016-11-27,Crotone,Sampdoria,0.573257,1.42112,1,1
2016-11-27,Genoa,Juventus,3.14346,1.35797,3,1
2016-11-27,Palermo,Lazio,0.704882,1.51663,0,1
2016-11-27,Roma,Pescara,3.03686,1.20343,3,2
2016-11-28,Napoli,Sassuolo,1.23939,0.520212,1,1
2016-11-29,Inter,Fiorentina,3.58331,0.819314,4,2
2016-12-02,Napoli,Inter,1.76933,1.12104,3,0
2016-12-03,Juventus,Atalanta,1.01442,0.345085,3,1
2016-12-04,AC Milan,Crotone,1.58497,0.765682,2,1
2016-12-04,Fiorentina,Palermo,1.89636,0.395672,2,1
2016-12-04,Lazio,Roma,0.575784,0.995438,0,2
2016-12-04,Pescara,Cagliari,1.43265,0.350794,1,1
2016-12-04,Sampdoria,Torino,0.945158,0.733393,2,0
2016-12-04,Sassuolo,Empoli,2.75094,1.20881,3,0
2016-12-05,Chievo,Genoa,1.0191,0.493735,0,0
2016-12-06,Udinese,Bologna,1.30253,0.595072,1,0
2016-12-10,Crotone,Pescara,1.27078,1.0284,2,1
2016-12-10,Sampdoria,Lazio,0.524617,2.12265,1,2
2016-12-11,Atalanta,Udinese,2.6581,1.03664,1,3
2016-12-11,Bologna,Empoli,1.3582,0.0997513,0,0
2016-12-11,Cagliari,Napoli,0.215274,3.82193,0,5
2016-12-11,Inter,Genoa,0.848838,1.01464,2,0
2016-12-11,Palermo,Chievo,0.695367,1.10723,0,2
2016-12-11,Torino,Juventus,0.407733,2.43229,1,3
2016-12-12,Fiorentina,Sassuolo,1.70698,1.21595,2,1
2016-12-13,Roma,AC Milan,0.554171,1.05015,1,0
2016-12-15,Genoa,Fiorentina,1.08245,0.505706,1,0
2016-12-17,AC Milan,Atalanta,0.494299,0.603853,0,0
2016-12-17,Empoli,Cagliari,0.784596,1.43479,2,0
2016-12-17,Juventus,Roma,0.831542,0.514906,1,0
2016-12-18,Chievo,Sampdoria,2.6292,0.800999,2,1
2016-12-18,Genoa,Palermo,1.49844,1.84868,3,4
2016-12-18,Lazio,Fiorentina,1.83592,1.55704,3,1
2016-12-18,Napoli,Torino,3.96164,2.44594,5,3
2016-12-18,Pescara,Bologna,0.26406,3.14833,0,3
2016-12-18,Sassuolo,Inter,0.574257,2.31308,0,1
2016-12-18,Udinese,Crotone,2.19719,1.00404,2,0
2016-12-20,Atalanta,Empoli,3.38037,0.108162,2,1
2016-12-21,Inter,Lazio,1.03142,0.557926,3,0
2016-12-22,Cagliari,Sassuolo,2.18282,1.42871,4,3
2016-12-22,Fiorentina,Napoli,0.853715,2.00595,3,3
2016-12-22,Palermo,Pescara,0.477089,1.17216,1,1
2016-12-22,Roma,Chievo,3.16305,0.786071,3,1
2016-12-22,Sampdoria,Udinese,0.822645,0.492442,0,0
2016-12-22,Torino,Genoa,1.40359,0.813374,1,0
2017-01-07,Empoli,Palermo,0.901728,0.516544,1,0
2017-01-07,Napoli,Sampdoria,2.69988,0.884655,2,1
2017-01-08,AC Milan,Cagliari,1.57357,0.377279,1,0
2017-01-08,Chievo,Atalanta,0.758192,4.06123,1,4
2017-01-08,Genoa,Roma,0.438633,1.21044,0,1
2017-01-08,Juventus,Bologna,2.03122,0.232929,3,0
2017-01-08,Lazio,Crotone,2.08654,0.484413,1,0
2017-01-08,Sassuolo,Torino,0.61014,2.06808,0,0
2017-01-08,Udinese,Inter,1.33028,1.26519,1,2
2017-01-14,Crotone,Bologna,0.977165,1.04914,0,1
2017-01-14,Inter,Chievo,2.95782,0.339844,3,1
2017-01-15,Cagliari,Genoa,2.73584,1.11726,4,1
2017-01-15,Fiorentina,Juventus,0.762227,1.78834,2,1
2017-01-15,Lazio,Atalanta,2.00872,0.372432,2,1
2017-01-15,Napoli,Pescara,3.42773,1.25032,3,1
2017-01-15,Sampdoria,Empoli,1.14331,1.32527,0,0
2017-01-15,Sassuolo,Palermo,1.48319,1.32792,4,1
2017-01-15,Udinese,Roma,1.25353,2.38721,0,1
2017-01-16,Torino,AC Milan,2.67642,3.38884,2,2
2017-01-21,AC Milan,Napoli,0.97198,1.55269,1,2
2017-01-21,Chievo,Fiorentina,1.53772,1.30541,0,3
2017-01-22,Atalanta,Sampdoria,1.73684,1.08644,1,0
2017-01-22,Bologna,Torino,1.1389,0.601187,2,0
2017-01-22,Empoli,Udinese,0.315683,0.938473,1,0
2017-01-22,Genoa,Crotone,2.48976,1.55254,2,2
2017-01-22,Juventus,Lazio,1.77194,0.21704,2,0
2017-01-22,Palermo,Inter,0.292892,1.83761,0,1
2017-01-22,Pescara,Sassuolo,2.0633,1.21807,1,3
2017-01-22,Roma,Cagliari,2.10778,0.368905,1,0
2017-01-28,Inter,Pescara,3.12652,0.53762,3,0
2017-01-28,Lazio,Chievo,2.08504,0.641181,0,1
2017-01-29,Cagliari,Bologna,0.931307,1.04376,1,1
2017-01-29,Crotone,Empoli,2.47879,0.208541,4,1
2017-01-29,Fiorentina,Genoa,2.10754,2.76031,3,3
2017-01-29,Napoli,Palermo,1.809,0.143541,1,1
2017-01-29,Sampdoria,Roma,1.80231,1.32212,3,2
2017-01-29,Sassuolo,Juventus,0.62385,1.53659,0,2
2017-01-29,Torino,Atalanta,0.740633,1.02846,1,1
2017-01-29,Udinese,AC Milan,1.88842,1.10805,2,1
2017-02-01,Pescara,Fiorentina,0.430614,0.726305,1,2
2017-02-04,Bologna,Napoli,1.86641,2.23611,1,7
2017-02-05,AC Milan,Sampdoria,1.84656,1.23634,0,1
2017-02-05,Atalanta,Cagliari,1.75604,0.144194,2,0
2017-02-05,Chievo,Udinese,0.20522,0.823909,0,0
2017-02-05,Empoli,Torino,1.95329,1.93049,1,1
2017-02-05,Genoa,Sassuolo,0.771433,0.916538,0,1
2017-02-05,Juventus,Inter,1.07568,0.75887,1,0
2017-02-05,Palermo,Crotone,0.765782,0.384211,1,0
2017-02-05,Pescara,Lazio,1.82767,3.84448,2,6
2017-02-07,Roma,Fiorentina,3.58277,0.626366,4,0
2017-02-08,Bologna,AC Milan,1.58618,1.75201,0,1
2017-02-08,Crotone,Juventus,0.124749,1.84465,0,2
2017-02-10,Napoli,Genoa,1.88294,0.115042,2,0
2017-02-11,Fiorentina,Udinese,1.6489,0.72842,3,0
2017-02-12,Cagliari,Juventus,0.445215,1.68248,0,2
2017-02-12,Crotone,Roma,0.45353,2.34892,0,2
2017-02-12,Inter,Empoli,3.08595,0.435897,2,0
2017-02-12,Palermo,Atalanta,0.744515,2.60419,1,3
2017-02-12,Sampdoria,Bologna,2.65182,1.05142,3,1
2017-02-12,Sassuolo,Chievo,2.00872,2.83627,1,3
2017-02-12,Torino,Pescara,2.48777,0.862941,5,3
2017-02-13,Lazio,AC Milan,2.48954,0.301882,1,1
2017-02-17,Juventus,Palermo,1.65089,0.557015,4,1
2017-02-18,Atalanta,Crotone,1.87331,0.178478,1,0
2017-02-18,Empoli,Lazio,0.271107,1.63167,1,2
2017-02-19,AC Milan,Fiorentina,0.618731,1.52955,2,1
2017-02-19,Bologna,Inter,0.773628,2.14631,0,1
2017-02-19,Chievo,Napoli,0.957971,1.27403,1,3
2017-02-19,Pescara,Genoa,2.00611,1.02749,5,0
2017-02-19,Roma,Torino,1.14579,0.829091,4,1
2017-02-19,Sampdoria,Cagliari,1.13647,0.851479,1,1
2017-02-19,Udinese,Sassuolo,1.62501,2.0648,1,2
2017-02-25,Juventus,Empoli,2.36639,0.206008,2,0
2017-02-25,Napoli,Atalanta,1.15396,0.997,0,2
2017-02-26,Chievo,Pescara,2.25385,0.745747,2,0
2017-02-26,Crotone,Cagliari,1.07246,0.814299,1,2
2017-02-26,Genoa,Bologna,2.77469,0.902763,1,1
2017-02-26,Inter,Roma,1.34431,1.53335,1,3
2017-02-26,Lazio,Udinese,1.02606,0.613891,1,0
2017-02-26,Palermo,Sampdoria,2.10665,1.24,1,1
2017-02-26,Sassuolo,AC Milan,1.24336,2.24079,0,1
2017-02-27,Fiorentina,Torino,2.01903,2.09324,2,2
2017-03-04,AC Milan,Chievo,4.56809,1.54732,3,1
2017-03-04,Roma,Napoli,1.25976,1.73768,1,2
2017-03-04,Sampdoria,Pescara,2.58116,1.26255,3,1
2017-03-05,Atalanta,Fiorentina,1.12297,0.702152,0,0
2017-03-05,Bologna,Lazio,0.374856,2.01601,0,2
2017-03-05,Cagliari,Inter,0.953042,2.29417,1,5
2017-03-05,Crotone,Sassuolo,1.25058,0.848716,0,0
2017-03-05,Empoli,Genoa,0.396952,0.620617,0,2
2017-03-05,Torino,Palermo,3.04626,0.290489,3,1
2017-03-05,Udinese,Juventus,0.475617,0.819542,1,1
2017-03-10,Juventus,AC Milan,3.44756,0.78714,2,1
2017-03-11,Genoa,Sampdoria,0.642388,0.731228,0,1
2017-03-12,Chievo,Empoli,2.37494,0.526966,4,0
2017-03-12,Fiorentina,Cagliari,2.15582,1.87448,1,0
2017-03-12,Inter,Atalanta,2.83767,0.82197,7,1
2017-03-12,Napoli,Crotone,3.48367,0.247221,3,0
2017-03-12,Palermo,Roma,0.70853,2.40025,0,3
2017-03-12,Pescara,Udinese,0.517813,1.50196,1,3
2017-03-12,Sassuolo,Bologna,0.64108,1.36613,0,1
2017-03-13,Lazio,Torino,2.17289,0.438121,3,1
2017-03-18,AC Milan,Genoa,1.89233,0.300434,1,0
2017-03-18,Torino,Inter,1.12122,1.75154,2,2
2017-03-19,Atalanta,Pescara,2.49319,0.304392,3,0
2017-03-19,Bologna,Chievo,2.80483,1.18396,4,1
2017-03-19,Cagliari,Lazio,0.138994,0.885969,0,0
2017-03-19,Crotone,Fiorentina,0.747159,2.82105,0,1
2017-03-19,Empoli,Napoli,1.3559,2.03736,2,3
2017-03-19,Roma,Sassuolo,2.39435,0.843526,3,1
2017-03-19,Sampdoria,Juventus,0.455904,1.97551,0,1
2017-03-19,Udinese,Palermo,2.53655,0.479825,4,1
2017-04-01,Roma,Empoli,1.32527,0.50901,2,0
2017-04-01,Sassuolo,Lazio,1.31718,1.01814,1,2
2017-04-02,Chievo,Crotone,1.02274,0.815658,1,2
2017-04-02,Fiorentina,Bologna,0.783659,0.260932,1,0
2017-04-02,Genoa,Atalanta,0.230489,3.93791,0,5
2017-04-02,Napoli,Juventus,1.3581,0.468268,1,1
2017-04-02,Palermo,Cagliari,1.4752,1.59255,1,3
2017-04-02,Pescara,AC Milan,0.909616,2.43524,1,1
2017-04-02,Torino,Udinese,2.3384,2.18195,2,2
2017-04-03,Inter,Sampdoria,1.85477,2.38881,1,2
2017-04-08,Atalanta,Sassuolo,2.00136,1.08328,1,1
2017-04-08,Empoli,Pescara,0.957,1.9265,1,1
2017-04-08,Juventus,Chievo,2.07439,0.448028,2,0
2017-04-09,AC Milan,Palermo,3.2201,0.211395,4,0
2017-04-09,Bologna,Roma,0.693578,1.17911,0,3
2017-04-09,Cagliari,Torino,1.53023,1.81261,2,3
2017-04-09,Crotone,Inter,2.01501,1.90585,2,1
2017-04-09,Lazio,Napoli,1.13869,2.11338,0,3
2017-04-09,Sampdoria,Fiorentina,0.816402,1.50834,2,2
2017-04-09,Udinese,Genoa,0.500072,0.855251,3,0
2017-04-15,Cagliari,Chievo,2.8508,1.39516,4,0
2017-04-15,Fiorentina,Empoli,1.18615,2.07354,1,2
2017-04-15,Genoa,Lazio,1.59986,2.40716,2,2
2017-04-15,Inter,AC Milan,1.51555,1.64887,2,2
2017-04-15,Napoli,Udinese,1.50729,0.417001,3,0
2017-04-15,Palermo,Bologna,1.2648,0.59328,0,0
2017-04-15,Pescara,Juventus,0.17753,2.39296,0,2
2017-04-15,Roma,Atalanta,1.45462,0.303399,1,1
2017-04-15,Sassuolo,Sampdoria,0.9903,0.829293,2,1
2017-04-15,Torino,Crotone,2.66452,0.471117,1,1
2017-04-22,Atalanta,Bologna,1.58238,1.19908,3,2
2017-04-22,Fiorentina,Inter,2.33379,1.58463,5,4
2017-04-23,AC Milan,Empoli,2.44994,1.84101,1,2
2017-04-23,Chievo,Torino,0.974683,1.22691,1,3
2017-04-23,Juventus,Genoa,1.49756,0.449554,4,0
2017-04-23,Lazio,Palermo,3.19271,0.602485,6,2
2017-04-23,Sampdoria,Crotone,1.65401,1.47185,1,2
2017-04-23,Sassuolo,Napoli,0.996939,2.68765,2,2
2017-04-23,Udinese,Cagliari,2.59075,1.08784,2,1
2017-04-24,Pescara,Roma,2.35513,2.85441,1,4
2017-04-28,Atalanta,Juventus,2.20698,1.38915,2,2
2017-04-29,Torino,Sampdoria,1.91369,0.496861,1,1
2017-04-30,Bologna,Udinese,1.46503,0.584582,4,0
2017-04-30,Cagliari,Pescara,1.39112,1.12404,1,0
2017-04-30,Crotone,AC Milan,0.522385,2.17357,1,1
2017-04-30,Empoli,Sassuolo,2.32036,1.89742,1,3
2017-04-30,Genoa,Chievo,1.48861,0.391693,1,2
2017-04-30,Inter,Napoli,0.380576,1.58536,0,1
2017-04-30,Palermo,Fiorentina,0.569668,1.0708,2,0
2017-04-30,Roma,Lazio,1.61422,1.87267,1,3
2017-05-06,Juventus,Torino,3.08964,0.340017,1,1
2017-05-06,Napoli,Cagliari,2.69734,0.587871,3,1
2017-05-07,AC Milan,Roma,0.950471,3.28109,1,4
2017-05-07,Chievo,Palermo,0.874929,1.26666,1,1
2017-05-07,Empoli,Bologna,2.15034,0.128693,3,1
2017-05-07,Genoa,Inter,1.25833,1.33836,1,0
2017-05-07,Lazio,Sampdoria,4.24325,1.71959,7,3
2017-05-07,Pescara,Crotone,0.723682,0.468848,0,1
2017-05-07,Sassuolo,Fiorentina,2.09332,2.06362,2,2
2017-05-07,Udinese,Atalanta,1.03938,0.823184,1,1
2017-05-13,Atalanta,AC Milan,1.66609,0.957626,1,1
2017-05-13,Fiorentina,Lazio,1.47066,0.869153,3,2
2017-05-14,Bologna,Pescara,1.61797,0.959527,3,1
2017-05-14,Cagliari,Empoli,2.54479,1.76599,3,2
2017-05-14,Crotone,Udinese,0.905799,1.30692,1,0
2017-05-14,Inter,Sassuolo,1.17353,2.16401,1,2
2017-05-14,Palermo,Genoa,0.831425,1.69579,1,0
2017-05-14,Roma,Juventus,1.67476,1.13058,3,1
2017-05-14,Sampdoria,Chievo,1.12832,0.218127,1,1
2017-05-14,Torino,Napoli,0.375792,2.32753,0,5
2017-05-20,Chievo,Roma,1.84761,2.03489,3,5
2017-05-20,Napoli,Fiorentina,4.33743,0.640954,4,1
2017-05-21,AC Milan,Bologna,2.81515,0.271153,3,0
2017-05-21,Empoli,Atalanta,0.782484,1.28253,0,1
2017-05-21,Genoa,Torino,2.03205,0.261487,2,1
2017-05-21,Juventus,Crotone,1.53587,0.261461,3,0
2017-05-21,Lazio,Inter,1.14821,1.58862,1,3
2017-05-21,Sassuolo,Cagliari,1.95344,0.506734,6,2
2017-05-21,Udinese,Sampdoria,0.801765,0.950522,1,1
2017-05-22,Pescara,Palermo,1.76092,0.662548,2,0
2017-05-27,Atalanta,Chievo,1.44277,0.726317,1,0
2017-05-27,Bologna,Juventus,0.367473,2.48111,1,2
2017-05-28,Cagliari,AC Milan,2.33678,2.4428,2,1
2017-05-28,Crotone,Lazio,0.993998,1.09216,3,1
2017-05-28,Fiorentina,Pescara,2.34729,1.61468,2,2
2017-05-28,Inter,Udinese,3.44437,2.68963,5,2
2017-05-28,Palermo,Empoli,1.21155,1.89886,2,1
2017-05-28,Roma,Genoa,3.76779,1.55082,3,2
2017-05-28,Sampdoria,Napoli,1.19571,1.84052,2,4
2017-05-28,Torino,Sassuolo,2.54324,3.45582,5,3
2017-08-19,Juventus,Cagliari,1.27155,1.39829,3,0
2017-08-19,Verona,Napoli,1.39528,2.62234,1,3
2017-08-20,Atalanta,Roma,1.48324,0.362356,0,1
2017-08-20,Bologna,Torino,0.568427,0.314472,1,1
2017-08-20,Crotone,AC Milan,0.302867,2.0921,0,3
2017-08-20,Inter,Fiorentina,2.71454,0.411971,3,0
2017-08-20,Lazio,SPAL 2013,0.757926,0.625722,0,0
2017-08-20,Sampdoria,Benevento,2.84573,1.05409,2,1
2017-08-20,Sassuolo,Genoa,0.448836,0.973373,0,0
2017-08-20,Udinese,Chievo,0.725552,0.422866,1,2
2017-08-26,Benevento,Bologna,0.798588,1.79492,0,1
2017-08-26,Genoa,Juventus,1.21323,2.13228,2,4
2017-08-26,Roma,Inter,1.34009,2.45224,1,3
2017-08-27,AC Milan,Cagliari,1.42114,0.559323,2,1
2017-08-27,Chievo,Lazio,0.772094,1.36642,1,2
2017-08-27,Crotone,Verona,0.74833,0.227079,0,0
2017-08-27,Fiorentina,Sampdoria,1.86088,2.14547,1,2
2017-08-27,Napoli,Atalanta,1.1536,0.633447,3,1
2017-08-27,SPAL 2013,Udinese,1.63964,1.11091,3,2
2017-08-27,Torino,Sassuolo,1.24379,0.823815,3,0
2017-09-09,Juventus,Chievo,1.25158,0.910665,3,0
2017-09-10,Atalanta,Sassuolo,0.614603,1.28796,2,1
2017-09-10,Benevento,Torino,1.20053,0.999531,0,1
2017-09-10,Bologna,Napoli,0.242533,1.64648,0,3
2017-09-10,Cagliari,Crotone,1.22886,0.316314,1,0
2017-09-10,Inter,SPAL 2013,2.08048,0.375089,2,0
2017-09-10,Lazio,AC Milan,2.35955,1.20558,4,1
2017-09-10,Udinese,Genoa,1.48614,0.52818,1,0
2017-09-10,Verona,Fiorentina,0.953786,2.89134,0,5
2017-09-16,Crotone,Inter,1.01223,0.736631,0,2
2017-09-16,Fiorentina,Bologna,0.580446,0.305501,2,1
2017-09-16,Roma,Verona,3.67224,0.197492,3,0
2017-09-17,AC Milan,Udinese,2.77644,0.221787,2,1
2017-09-17,Chievo,Atalanta,1.23045,1.61081,1,1
2017-09-17,Genoa,Lazio,0.548626,3.11315,2,3
2017-09-17,Napoli,Benevento,5.46073,0.211585,6,0
2017-09-17,SPAL 2013,Cagliari,0.551736,1.09462,0,2
2017-09-17,Sassuolo,Juventus,1.87483,1.07552,1,3
2017-09-17,Torino,Sampdoria,1.32766,0.910733,2,2
2017-09-19,Bologna,Inter,0.890588,1.06724,1,1
2017-09-20,AC Milan,SPAL 2013,2.13498,0.158147,2,0
2017-09-20,Atalanta,Crotone,2.78559,0.333622,5,1
2017-09-20,Benevento,Roma,0.717607,2.23834,0,4
2017-09-20,Cagliari,Sassuolo,2.25874,2.62921,0,1
2017-09-20,Genoa,Chievo,0.566572,1.29546,1,1
2017-09-20,Juventus,Fiorentina,1.01003,0.503787,1,0
2017-09-20,Lazio,Napoli,0.282218,2.65015,1,4
2017-09-20,Udinese,Torino,2.52674,1.48506,2,3
2017-09-20,Verona,Sampdoria,0.989514,1.58432,0,0
2017-09-23,Juventus,Torino,2.78732,0.205593,4,0
2017-09-23,Roma,Udinese,2.98551,1.28539,3,1
2017-09-23,SPAL 2013,Napoli,0.263465,1.90566,2,3
2017-09-24,Cagliari,Chievo,1.01627,1.41724,0,2
2017-09-24,Crotone,Benevento,1.48495,1.97551,2,0
2017-09-24,Fiorentina,Atalanta,0.346227,2.53446,1,1
2017-09-24,Inter,Genoa,0.614281,0.829654,1,0
2017-09-24,Sampdoria,AC Milan,1.73266,0.270138,2,0
2017-09-24,Sassuolo,Bologna,0.359334,1.81659,0,1
2017-09-24,Verona,Lazio,0.349857,2.15974,0,3
2017-09-30,Genoa,Bologna,1.5093,0.869953,0,1
2017-09-30,Udinese,Sampdoria,3.62989,0.521379,4,0
2017-10-01,AC Milan,Roma,0.781639,1.18948,0,2
2017-10-01,Atalanta,Juventus,1.35989,3.15377,2,2
2017-10-01,Benevento,Inter,1.28824,1.95792,1,2
2017-10-01,Chievo,Fiorentina,1.14303,1.44549,2,1
2017-10-01,Lazio,Sassuolo,4.08123,1.72059,6,1
2017-10-01,Napoli,Cagliari,2.97407,0.10693,3,0
2017-10-01,SPAL 2013,Crotone,2.51356,0.539744,1,1
2017-10-01,Torino,Verona,1.5648,3.21572,2,2
2017-10-14,Juventus,Lazio,2.32779,1.68134,1,2
2017-10-14,Roma,Napoli,0.331133,1.49475,0,1
2017-10-15,Bologna,SPAL 2013,1.93187,0.382431,2,1
2017-10-15,Cagliari,Genoa,1.2394,1.97903,2,3
2017-10-15,Crotone,Torino,0.389049,2.00671,2,2
2017-10-15,Fiorentina,Udinese,2.78325,0.333391,2,1
2017-10-15,Inter,AC Milan,2.24514,0.839877,3,2
2017-10-15,Sampdoria,Atalanta,1.52162,3.12444,3,1
2017-10-15,Sassuolo,Chievo,1.69541,0.511616,0,0
2017-10-16,Verona,Benevento,1.23201,0.262024,1,0
2017-10-21,Napoli,Inter,1.20848,0.436205,0,0
2017-10-21,Sampdoria,Crotone,2.28786,0.589592,5,0
2017-10-22,AC Milan,Genoa,0.724916,0.410308,0,0
2017-10-22,Atalanta,Bologna,1.95199,0.242781,1,0
2017-10-22,Benevento,Fiorentina,0.182665,2.49371,0,3
2017-10-22,Chievo,Verona,2.90477,1.33058,3,2
2017-10-22,Lazio,Cagliari,2.06641,0.637448,3,0
2017-10-22,SPAL 2013,Sassuolo,0.481741,2.52212,0,1
2017-10-22,Torino,Roma,0.490918,0.864033,0,1
2017-10-22,Udinese,Juventus,1.28225,1.58883,2,6
2017-10-24,Inter,Sampdoria,3.08506,1.06402,3,2
2017-10-25,Atalanta,Verona,2.21406,1.41371,3,0
2017-10-25,Bologna,Lazio,0.887713,2.73733,1,2
2017-10-25,Cagliari,Benevento,1.89299,1.30579,2,1
2017-10-25,Chievo,AC Milan,0.735034,1.43727,1,4
2017-10-25,Fiorentina,Torino,1.33893,0.875229,3,0
2017-10-25,Genoa,Napoli,1.28272,1.19271,2,3
2017-10-25,Juventus,SPAL 2013,1.25151,0.910025,4,1
2017-10-25,Roma,Crotone,2.40967,0.435674,1,0
2017-10-25,Sassuolo,Udinese,0.574034,0.909645,0,1
2017-10-28,AC Milan,Juventus,1.18528,0.463087,0,2
2017-10-28,Roma,Bologna,0.889903,0.568815,1,0
2017-10-29,Benevento,Lazio,0.603107,2.92387,1,5
2017-10-29,Crotone,Fiorentina,0.985009,0.764825,2,1
2017-10-29,Napoli,Sassuolo,2.97741,0.343592,3,1
2017-10-29,SPAL 2013,Genoa,0.334111,1.32901,1,0
2017-10-29,Sampdoria,Chievo,1.98109,2.02467,4,1
2017-10-29,Torino,Cagliari,2.64656,0.685883,2,1
2017-10-29,Udinese,Atalanta,1.36229,1.36478,2,1
2017-10-30,Verona,Inter,1.01025,1.11384,1,2
2017-11-04,Bologna,Crotone,0.953537,2.02039,2,3
2017-11-04,Genoa,Sampdoria,1.03708,1.68517,0,2
2017-11-05,Atalanta,SPAL 2013,0.823876,0.898073,1,1
2017-11-05,Cagliari,Verona,2.37656,0.773273,2,1
2017-11-05,Chievo,Napoli,0.646501,0.707574,0,0
2017-11-05,Fiorentina,Roma,1.19222,2.30318,2,4
2017-11-05,Inter,Torino,1.63539,1.12737,1,1
2017-11-05,Juventus,Benevento,3.09066,0.114939,2,1
2017-11-05,Sassuolo,AC Milan,0.30335,1.21969,0,2
2017-11-18,Napoli,AC Milan,1.55302,0.308691,2,1
2017-11-18,Roma,Lazio,1.56699,1.18881,2,1
2017-11-19,Benevento,Sassuolo,1.11066,2.70254,1,2
2017-11-19,Crotone,Genoa,0.28561,1.79504,0,1
2017-11-19,Inter,Atalanta,1.13454,0.357219,2,0
2017-11-19,SPAL 2013,Fiorentina,1.06473,1.22467,1,1
2017-11-19,Sampdoria,Juventus,1.83799,1.88477,3,2
2017-11-19,Torino,Chievo,2.85934,1.38363,1,1
2017-11-19,Udinese,Cagliari,0.677196,1.14946,0,1
2017-11-20,Verona,Bologna,1.72292,1.25314,2,3
2017-11-25,Bologna,Sampdoria,1.2325,0.734063,3,0
2017-11-25,Cagliari,Inter,1.1677,1.21177,1,3
2017-11-25,Chievo,SPAL 2013,1.69642,0.857429,2,1
2017-11-25,Sassuolo,Verona,1.15509,2.04042,0,2
2017-11-26,AC Milan,Torino,1.16035,1.00238,0,0
2017-11-26,Genoa,Roma,1.1212,1.28891,1,1
2017-11-26,Juventus,Crotone,2.13806,0.140287,3,0
2017-11-26,Lazio,Fiorentina,1.74404,1.28061,1,1
2017-11-26,Udinese,Napoli,0.324147,1.69953,0,1
2017-11-27,Atalanta,Benevento,1.56055,0.501253,1,0
2017-12-01,Napoli,Juventus,0.756615,0.995708,0,1
2017-12-01,Roma,SPAL 2013,4.70632,1.32164,3,1
2017-12-02,Torino,Atalanta,0.854058,1.03851,1,1
2017-12-03,Benevento,AC Milan,1.20398,1.74779,2,2
2017-12-03,Bologna,Cagliari,1.20764,1.13076,1,1
2017-12-03,Fiorentina,Sassuolo,2.45812,0.42042,3,0
2017-12-03,Inter,Chievo,3.78874,0.459896,5,0
2017-12-03,Sampdoria,Lazio,1.19278,2.13576,1,2
2017-12-04,Crotone,Udinese,0.37493,1.95853,0,3
2017-12-04,Verona,Genoa,0.670401,1.07147,0,1
2017-12-09,Cagliari,Sampdoria,1.24898,1.65409,2,2
2017-12-09,Juventus,Inter,0.989111,0.282797,0,0
2017-12-10,AC Milan,Bologna,0.882433,1.19101,2,1
2017-12-10,Chievo,Roma,1.02062,2.50473,0,0
2017-12-10,Napoli,Fiorentina,0.985555,0.205609,0,0
2017-12-10,SPAL 2013,Verona,2.09068,2.31724,2,2
2017-12-10,Sassuolo,Crotone,2.25122,0.707932,2,1
2017-12-10,Udinese,Benevento,0.455472,1.52222,2,0
2017-12-11,Lazio,Torino,1.41644,1.06702,1,3
2017-12-12,Genoa,Atalanta,1.30143,1.37392,1,2
2017-12-16,Inter,Udinese,2.28911,2.92258,1,3
2017-12-16,Roma,Cagliari,2.50335,0.110423,1,0
2017-12-16,Torino,Napoli,0.732491,2.31532,1,3
2017-12-17,Atalanta,Lazio,2.43027,1.05616,3,3
2017-12-17,Benevento,SPAL 2013,1.08334,2.32753,1,2
2017-12-17,Bologna,Juventus,0.254379,0.808262,0,3
2017-12-17,Crotone,Chievo,2.22208,0.997525,1,0
2017-12-17,Fiorentina,Genoa,0.990251,0.233872,0,0
2017-12-17,Sampdoria,Sassuolo,1.10661,1.71299,0,1
2017-12-17,Verona,AC Milan,1.50276,1.65958,3,0
2017-12-22,Cagliari,Fiorentina,0.218349,1.90004,0,1
2017-12-22,Chievo,Bologna,1.36692,1.37236,2,3
2017-12-23,AC Milan,Atalanta,1.00845,2.00292,0,2
2017-12-23,Genoa,Benevento,3.28348,0.861192,1,0
2017-12-23,Juventus,Roma,2.30701,1.93896,1,0
2017-12-23,Lazio,Crotone,3.72101,0.484935,4,0
2017-12-23,Napoli,Sampdoria,2.47201,0.941485,3,2
2017-12-23,SPAL 2013,Torino,1.27858,1.23896,2,2
2017-12-23,Sassuolo,Inter,1.05639,1.374,1,0
2017-12-23,Udinese,Verona,3.52607,0.139542,4,0
2017-12-29,Crotone,Napoli,0.0944813,1.38103,0,1
2017-12-30,Atalanta,Cagliari,2.00238,0.892556,1,2
2017-12-30,Benevento,Chievo,0.992802,0.938785,1,0
2017-12-30,Bologna,Udinese,1.16067,1.1276,1,2
2017-12-30,Fiorentina,AC Milan,1.9202,0.936294,1,1
2017-12-30,Inter,Lazio,0.748664,1.10057,0,0
2017-12-30,Roma,Sassuolo,1.67628,1.07428,1,1
2017-12-30,Sampdoria,SPAL 2013,2.56298,0.568105,2,0
2017-12-30,Torino,Genoa,1.00656,0.0657217,0,0
2017-12-30,Verona,Juventus,0.0887547,1.46511,1,3
2018-01-05,Chievo,Udinese,0.497552,0.433504,1,1
2018-01-05,Fiorentina,Inter,1.92605,1.70975,1,1
2018-01-06,AC Milan,Crotone,1.96161,0.507195,1,0
2018-01-06,Benevento,Sampdoria,1.64696,1.02149,3,2
2018-01-06,Cagliari,Juventus,0.545571,1.48755,0,1
2018-01-06,Genoa,Sassuolo,0.700699,0.831444,1,0
2018-01-06,Napoli,Verona,2.30418,0.143203,2,0
2018-01-06,Roma,Atalanta,1.19203,0.808829,1,2
2018-01-06,SPAL 2013,Lazio,2.23468,2.24817,2,5
2018-01-06,Torino,Bologna,2.01768,0.961166,3,0
2018-01-21,Atalanta,Napoli,0.439028,1.114,0,1
2018-01-21,Bologna,Benevento,2.22876,0.691554,3,0
2018-01-21,Cagliari,AC Milan,0.79774,1.89107,1,2
2018-01-21,Inter,Roma,1.52145,0.508088,1,1
2018-01-21,Lazio,Chievo,1.16224,0.362077,5,1
2018-01-21,Sampdoria,Fiorentina,2.22125,1.91041,3,1
2018-01-21,Sassuolo,Torino,1.4057,0.971251,1,1
2018-01-21,Udinese,SPAL 2013,0.39374,1.10894,1,1
2018-01-21,Verona,Crotone,1.03468,0.827895,0,3
2018-01-22,Juventus,Genoa,1.40416,0.0896265,1,0
2018-01-24,Lazio,Udinese,1.28935,0.788178,3,0
2018-01-24,Sampdoria,Roma,1.98069,2.28714,1,1
2018-01-28,AC Milan,Lazio,1.22642,0.518186,2,1
2018-01-28,Chievo,Juventus,0.0518957,1.14852,0,2
2018-01-28,Crotone,Cagliari,1.44376,0.25283,1,1
2018-01-28,Fiorentina,Verona,1.33588,2.05696,1,4
2018-01-28,Genoa,Udinese,1.42125,0.229071,0,1
2018-01-28,Napoli,Bologna,1.37346,1.09985,3,1
2018-01-28,Roma,Sampdoria,2.64554,1.55839,0,1
2018-01-28,SPAL 2013,Inter,1.27704,0.59501,1,1
2018-01-28,Sassuolo,Atalanta,0.944538,2.23028,0,3
2018-01-28,Torino,Benevento,2.29504,0.241133,3,0
2018-02-03,Inter,Crotone,0.549538,0.856894,1,1
2018-02-03,Sampdoria,Torino,0.300982,1.39071,1,1
2018-02-04,Atalanta,Chievo,2.43411,0.200403,1,0
2018-02-04,Benevento,Napoli,1.06833,2.23408,0,2
2018-02-04,Bologna,Fiorentina,0.399545,0.841939,1,2
2018-02-04,Cagliari,SPAL 2013,1.66604,0.716004,2,0
2018-02-04,Juventus,Sassuolo,2.66331,0.234277,7,0
2018-02-04,Udinese,AC Milan,0.837841,0.815513,1,1
2018-02-04,Verona,Roma,0.352803,1.78563,0,1
2018-02-05,Lazio,Genoa,0.94123,0.82567,1,2
2018-02-09,Fiorentina,Juventus,0.847934,0.51105,0,2
2018-02-10,Crotone,Atalanta,0.847102,1.37757,1,1
2018-02-10,Napoli,Lazio,2.0372,0.791653,4,1
2018-02-10,SPAL 2013,AC Milan,0.482498,2.74648,0,4
2018-02-11,Chievo,Genoa,0.278815,0.578237,0,1
2018-02-11,Inter,Bologna,2.40325,0.49514,2,1
2018-02-11,Roma,Benevento,2.51785,0.711119,5,2
2018-02-11,Sampdoria,Verona,4.1035,0.374815,2,0
2018-02-11,Sassuolo,Cagliari,1.14214,0.191184,0,0
2018-02-11,Torino,Udinese,1.17651,0.559418,2,0
2018-02-17,Chievo,Cagliari,0.524853,0.593202,2,1
2018-02-17,Genoa,Inter,1.04779,0.887553,2,0
2018-02-17,Udinese,Roma,0.493872,1.48302,0,2
2018-02-18,AC Milan,Sampdoria,1.96039,0.612772,1,0
2018-02-18,Atalanta,Fiorentina,0.397004,1.46422,1,1
2018-02-18,Benevento,Crotone,1.29928,2.14309,3,2
2018-02-18,Bologna,Sassuolo,1.05134,2.88094,2,1
2018-02-18,Napoli,SPAL 2013,2.05059,0.0688846,1,0
2018-02-18,Torino,Juventus,0.219651,1.72939,0,1
2018-02-19,Lazio,Verona,2.118,0.122699,2,0
2018-02-24,Bologna,Genoa,1.7801,0.801756,2,0
2018-02-24,Inter,Benevento,0.8584,0.397877,2,0
2018-02-25,Crotone,SPAL 2013,1.23464,1.32153,2,3
2018-02-25,Fiorentina,Chievo,1.12385,0.275085,1,0
2018-02-25,Roma,AC Milan,0.617837,1.88,0,2
2018-02-25,Sampdoria,Udinese,0.761545,1.47155,2,1
2018-02-25,Sassuolo,Lazio,0.707073,1.38796,0,3
2018-02-25,Verona,Torino,0.982622,1.06747,2,1
2018-02-26,Cagliari,Napoli,0.31041,3.09359,0,5
2018-03-03,Lazio,Juventus,0.184789,1.026,0,1
2018-03-03,Napoli,Roma,2.29285,1.74172,2,4
2018-03-03,SPAL 2013,Bologna,0.531256,1.41355,1,0
2018-03-09,Roma,Torino,1.40112,0.914714,3,0
2018-03-10,Verona,Chievo,0.178457,0.882338,1,0
2018-03-11,Bologna,Atalanta,0.455596,1.0535,0,1
2018-03-11,Cagliari,Lazio,1.5722,0.785043,2,2
2018-03-11,Crotone,Sampdoria,2.72118,0.841065,4,1
2018-03-11,Fiorentina,Benevento,1.72033,1.20938,1,0
2018-03-11,Genoa,AC Milan,0.93351,0.727087,0,1
2018-03-11,Inter,Napoli,0.163045,0.769509,0,0
2018-03-11,Juventus,Udinese,2.08894,0.204469,2,0
2018-03-11,Sassuolo,SPAL 2013,2.14168,0.482303,1,1
2018-03-14,Juventus,Atalanta,1.66793,0.336917,2,0
2018-03-17,SPAL 2013,Juventus,0.0622804,0.899948,0,0
2018-03-17,Udinese,Sassuolo,0.271929,0.887617,1,2
2018-03-18,AC Milan,Chievo,3.36508,0.899718,3,2
2018-03-18,Benevento,Cagliari,1.7768,1.76932,1,2
2018-03-18,Crotone,Roma,0.475455,2.47541,0,2
2018-03-18,Lazio,Bologna,1.01292,0.892032,1,1
2018-03-18,Napoli,Genoa,1.62326,1.01145,1,0
2018-03-18,Sampdoria,Inter,0.477502,3.66236,0,5
2018-03-18,Torino,Fiorentina,0.535704,2.19267,1,2
2018-03-18,Verona,Atalanta,0.300035,3.38236,0,5
2018-03-31,Atalanta,Udinese,2.66334,0.403796,2,0
2018-03-31,Bologna,Roma,0.295563,2.46445,1,1
2018-03-31,Cagliari,Torino,1.26755,2.72771,0,4
2018-03-31,Chievo,Sampdoria,0.278412,2.07501,2,1
2018-03-31,Fiorentina,Crotone,1.58652,0.228265,2,0
2018-03-31,Genoa,SPAL 2013,2.69081,0.270034,1,1
2018-03-31,Inter,Verona,3.15808,0.353122,3,0
2018-03-31,Juventus,AC Milan,0.636791,1.08781,3,1
2018-03-31,Lazio,Benevento,3.7189,0.256318,6,2
2018-03-31,Sassuolo,Napoli,1.83761,2.10575,1,1
2018-04-03,Atalanta,Sampdoria,1.27115,1.30892,1,2
2018-04-03,Genoa,Cagliari,1.00038,1.16045,2,1
2018-04-03,Udinese,Fiorentina,0.67339,2.61683,0,2
2018-04-04,AC Milan,Inter,0.685911,1.90098,0,0
2018-04-04,Benevento,Verona,2.85956,0.331417,3,0
2018-04-04,Chievo,Sassuolo,0.322371,0.678786,1,1
2018-04-04,Torino,Crotone,2.21903,1.75277,4,1
2018-04-07,Benevento,Juventus,1.87275,2.4609,2,4
2018-04-07,Roma,Fiorentina,1.72233,0.631754,0,2
2018-04-07,SPAL 2013,Atalanta,0.592739,1.44923,1,1
2018-04-07,Sampdoria,Genoa,0.772801,0.251177,0,0
2018-04-08,AC Milan,Sassuolo,1.99213,0.290679,1,1
2018-04-08,Crotone,Bologna,0.528795,0.674667,1,0
2018-04-08,Napoli,Chievo,3.83361,0.210644,2,1
2018-04-08,Torino,Inter,1.49351,0.8992,1,0
2018-04-08,Udinese,Lazio,0.775993,1.19356,1,2
2018-04-08,Verona,Cagliari,1.00114,0.526273,1,0
2018-04-14,Atalanta,Inter,1.2701,1.05699,0,0
2018-04-14,Cagliari,Udinese,1.09001,1.19657,2,1
2018-04-14,Chievo,Torino,0.55779,0.720502,0,0
2018-04-14,Genoa,Crotone,1.81263,0.586095,1,0
2018-04-15,AC Milan,Napoli,0.614641,1.36434,0,0
2018-04-15,Bologna,Verona,1.02998,0.570592,2,0
2018-04-15,Fiorentina,SPAL 2013,2.31936,0.473916,0,0
2018-04-15,Juventus,Sampdoria,2.34747,0.809319,3,0
2018-04-15,Lazio,Roma,0.630028,0.698758,0,0
2018-04-15,Sassuolo,Benevento,1.34736,1.46303,2,2
2018-04-17,Inter,Cagliari,2.35054,0.0,4,0
2018-04-18,Benevento,Atalanta,0.744028,3.74372,0,3
2018-04-18,Crotone,Juventus,0.514302,0.653818,1,1
2018-04-18,Fiorentina,Lazio,1.32723,1.60459,3,4
2018-04-18,Napoli,Udinese,1.43755,2.28648,4,2
2018-04-18,Roma,Genoa,1.8202,0.814579,2,1
2018-04-18,SPAL 2013,Chievo,0.32401,0.59648,0,0
2018-04-18,Sampdoria,Bologna,1.34472,0.323038,1,0
2018-04-18,Torino,AC Milan,1.4414,0.504024,1,1
2018-04-18,Verona,Sassuolo,0.394404,1.91147,0,1
2018-04-21,AC Milan,Benevento,1.07233,0.449416,0,1
2018-04-21,SPAL 2013,Roma,0.230789,1.40551,0,3
2018-04-21,Sassuolo,Fiorentina,0.722432,0.293073,1,0
2018-04-22,Atalanta,Torino,2.30835,0.588998,2,1
2018-04-22,Cagliari,Bologna,1.15356,0.537224,0,0
2018-04-22,Chievo,Inter,1.37033,1.76802,1,2
2018-04-22,Juventus,Napoli,0.208482,0.996321,0,1
2018-04-22,Lazio,Sampdoria,2.64031,0.281901,4,0
2018-04-22,Udinese,Crotone,0.693507,0.504925,1,2
2018-04-23,Genoa,Verona,1.5438,1.55144,3,1
2018-04-28,Inter,Juventus,0.627335,1.35876,2,3
2018-04-28,Roma,Chievo,1.67454,1.43295,4,1
2018-04-29,Atalanta,Genoa,1.56033,1.1476,3,1
2018-04-29,Benevento,Udinese,1.67032,2.76558,3,3
2018-04-29,Bologna,AC Milan,0.414219,1.38646,1,2
2018-04-29,Crotone,Sassuolo,2.39348,1.32315,4,1
2018-04-29,Fiorentina,Napoli,2.52311,0.0969483,3,0
2018-04-29,Sampdoria,Cagliari,3.15024,1.08402,4,1
2018-04-29,Torino,Lazio,0.334166,2.82005,0,1
2018-04-29,Verona,SPAL 2013,1.04768,1.27137,1,3
2018-05-05,AC Milan,Verona,1.18751,0.258033,4,1
2018-05-05,Juventus,Bologna,2.03946,1.21966,3,1
2018-05-06,Cagliari,Roma,1.01318,0.857005,0,1
2018-05-06,Chievo,Crotone,0.831918,1.06513,2,1
2018-05-06,Genoa,Fiorentina,2.27395,1.73002,2,3
2018-05-06,Lazio,Atalanta,1.52503,2.95623,1,1
2018-05-06,Napoli,Torino,1.88615,0.313306,2,2
2018-05-06,SPAL 2013,Benevento,1.83046,0.345937,2,0
2018-05-06,Sassuolo,Sampdoria,0.729512,0.0270339,1,0
2018-05-06,Udinese,Inter,0.926641,1.73111,0,4
2018-05-12,Benevento,Genoa,1.85241,1.07966,1,0
2018-05-12,Inter,Sassuolo,1.89115,1.19663,1,2
2018-05-13,Atalanta,AC Milan,2.08868,0.161478,1,1
2018-05-13,Bologna,Chievo,1.70476,2.14622,1,2
2018-05-13,Crotone,Lazio,0.911544,2.57237,2,2
2018-05-13,Fiorentina,Cagliari,0.465256,2.13128,0,1
2018-05-13,Roma,Juventus,0.393701,0.200458,0,0
2018-05-13,Sampdoria,Napoli,0.426726,0.956053,0,2
2018-05-13,Torino,SPAL 2013,1.86446,0.633372,2,1
2018-05-13,Verona,Udinese,0.799674,2.37498,0,1
2018-05-19,Juventus,Verona,2.70384,0.338847,2,1
2018-05-20,AC Milan,Fiorentina,1.81706,0.670035,5,1
2018-05-20,Cagliari,Atalanta,0.734198,1.25694,1,0
2018-05-20,Chievo,Benevento,0.744593,0.663029,1,0
2018-05-20,Genoa,Torino,1.10457,1.25181,1,2
2018-05-20,Lazio,Inter,1.47009,2.13248,2,3
2018-05-20,Napoli,Crotone,1.72715,0.229369,2,1
2018-05-20,SPAL 2013,Sampdoria,2.05896,0.75338,3,1
2018-05-20,Sassuolo,Roma,0.979805,1.16293,0,1
2018-05-20,Udinese,Bologna,1.52496,0.391913,1,0
2018-08-18,Chievo,Juventus,1.05146,2.25963,2,3
2018-08-18,Lazio,Napoli,1.08236,1.51942,1,2
2018-08-19,Bologna,SPAL 2013,0.906945,0.526925,0,1
2018-08-19,Empoli,Cagliari,1.45907,0.574056,2,0
2018-08-19,Parma Calcio 1913,Udinese,1.55455,1.99515,2,2
2018-08-19,Sassuolo,Inter,1.40451,1.20466,1,0
2018-08-19,Torino,Roma,0.496521,1.18063,0,1
2018-08-20,Atalanta,Frosinone,2.66879,0.348766,4,0
2018-08-25,Juventus,Lazio,1.50717,0.31552,2,0
2018-08-25,Napoli,AC Milan,2.0372,0.521132,3,2
2018-08-26,Cagliari,Sassuolo,1.52233,1.78519,2,2
2018-08-26,Fiorentina,Chievo,3.33338,0.637013,6,1
2018-08-26,Frosinone,Bologna,1.77944,0.924593,0,0
2018-08-26,Genoa,Empoli,0.950879,1.25776,2,1
2018-08-26,Inter,Torino,0.789096,0.921797,2,2
2018-08-26,SPAL 2013,Parma Calcio 1913,1.40818,0.153916,1,0
2018-08-26,Udinese,Sampdoria,1.79867,0.585585,1,0
2018-08-27,Roma,Atalanta,2.22995,2.35383,3,3
2018-08-31,AC Milan,Roma,1.69218,0.311589,2,1
2018-09-01,Bologna,Inter,0.494365,2.45978,0,3
2018-09-01,Parma Calcio 1913,Juventus,1.9062,2.18413,1,2
2018-09-02,Atalanta,Cagliari,0.323806,0.250446,0,1
2018-09-02,Chievo,Empoli,1.26902,1.35877,0,0
2018-09-02,Fiorentina,Udinese,1.10313,0.165399,1,0
2018-09-02,Lazio,Frosinone,2.8529,0.491729,1,0
2018-09-02,Sampdoria,Napoli,0.829691,1.11682,3,0
2018-09-02,Sassuolo,Genoa,2.05648,1.88827,5,3
2018-09-02,Torino,SPAL 2013,2.01945,0.656746,1,0
2018-09-15,Frosinone,Sampdoria,0.413989,2.54241,0,5
2018-09-15,Inter,Parma Calcio 1913,1.38542,0.297443,0,1
2018-09-15,Napoli,Fiorentina,1.31657,0.346689,1,0
2018-09-16,Cagliari,AC Milan,0.433382,2.48751,1,1
2018-09-16,Empoli,Lazio,1.4909,2.74301,0,1
2018-09-16,Genoa,Bologna,0.488376,0.667504,1,0
2018-09-16,Juventus,Sassuolo,2.8507,0.740742,2,1
2018-09-16,Roma,Chievo,2.72023,1.17626,2,2
2018-09-16,Udinese,Torino,0.265642,0.671125,1,1
2018-09-17,SPAL 2013,Atalanta,1.79209,0.789043,2,0
2018-09-19,Sampdoria,Fiorentina,0.456027,1.70735,1,1
2018-09-21,Sassuolo,Empoli,2.09666,1.03797,3,1
2018-09-22,Fiorentina,SPAL 2013,1.71696,0.722731,3,0
2018-09-22,Parma Calcio 1913,Cagliari,2.04058,0.719329,2,0
2018-09-22,Sampdoria,Inter,0.399584,0.802538,0,1
2018-09-23,AC Milan,Atalanta,2.35124,2.08573,2,2
2018-09-23,Bologna,Roma,0.885381,3.20497,2,0
2018-09-23,Chievo,Udinese,1.57505,1.11577,0,2
2018-09-23,Frosinone,Juventus,0.0629851,2.91794,0,2
2018-09-23,Lazio,Genoa,2.81099,0.670444,4,1
2018-09-23,Torino,Napoli,1.08641,2.35831,1,3
2018-09-25,Inter,Fiorentina,1.85911,1.78872,2,1
2018-09-26,Atalanta,Torino,0.672669,0.22405,0,0
2018-09-26,Cagliari,Sampdoria,0.952392,2.25181,0,0
2018-09-26,Genoa,Chievo,1.61873,1.60245,2,0
2018-09-26,Juventus,Bologna,0.851257,0.325971,2,0
2018-09-26,Napoli,Parma Calcio 1913,2.8594,0.0851875,3,0
2018-09-26,Roma,Frosinone,2.53238,0.48896,4,0
2018-09-26,Udinese,Lazio,0.842878,1.50332,1,2
2018-09-27,Empoli,AC Milan,1.1773,1.52902,1,1
2018-09-27,SPAL 2013,Sassuolo,1.02425,2.08628,0,2
2018-09-29,Inter,Cagliari,1.05314,0.144417,2,0
2018-09-29,Juventus,Napoli,3.04531,1.42452,3,1
2018-09-29,Roma,Lazio,2.45713,0.885573,3,1
2018-09-30,Bologna,Udinese,1.36167,0.997014,2,1
2018-09-30,Chievo,Torino,0.315367,1.48485,0,1
2018-09-30,Fiorentina,Atalanta,1.0206,0.681489,2,0
2018-09-30,Frosinone,Genoa,1.28871,1.08662,1,2
2018-09-30,Parma Calcio 1913,Empoli,0.645086,1.44541,1,0
2018-09-30,Sassuolo,AC Milan,0.704744,1.30599,1,4
2018-10-01,Sampdoria,SPAL 2013,1.66754,1.16928,2,1
2018-10-05,Torino,Frosinone,1.91949,1.94032,3,2
2018-10-06,Cagliari,Bologna,1.90878,0.381595,2,0
2018-10-06,Empoli,Roma,1.99899,0.863839,0,2
2018-10-06,Udinese,Juventus,0.742797,2.8144,0,2
2018-10-07,AC Milan,Chievo,2.55099,0.412204,3,1
2018-10-07,Atalanta,Sampdoria,2.18092,0.438067,0,1
2018-10-07,Genoa,Parma Calcio 1913,1.53225,1.16016,1,3
2018-10-07,Lazio,Fiorentina,1.38608,1.00701,1,0
2018-10-07,Napoli,Sassuolo,1.76818,0.926808,2,0
2018-10-07,SPAL 2013,Inter,3.07945,1.34105,1,2
2018-10-20,Juventus,Genoa,1.84684,0.853192,1,1
2018-10-20,Roma,SPAL 2013,1.6265,1.89155,0,2
2018-10-20,Udinese,Napoli,1.72187,2.00576,0,3
2018-10-21,Bologna,Torino,1.49515,0.697863,2,2
2018-10-21,Chievo,Atalanta,0.856479,2.17454,1,5
2018-10-21,Fiorentina,Cagliari,1.40099,0.92271,1,1
2018-10-21,Frosinone,Empoli,1.04742,1.19042,3,3
2018-10-21,Inter,AC Milan,2.09049,0.64662,1,0
2018-10-21,Parma Calcio 1913,Lazio,0.251094,2.86321,0,2
2018-10-22,Sampdoria,Sassuolo,1.2844,0.642053,0,0
2018-10-27,Atalanta,Parma Calcio 1913,2.98455,1.37628,3,0
2018-10-27,Empoli,Juventus,0.272576,1.48572,1,2
2018-10-27,Torino,Fiorentina,0.958579,1.19007,1,1
2018-10-28,AC Milan,Sampdoria,2.18318,0.550208,3,2
2018-10-28,Cagliari,Chievo,1.47705,1.18971,2,1
2018-10-28,Genoa,Udinese,1.77066,0.628239,2,2
2018-10-28,Napoli,Roma,2.03999,0.784661,1,1
2018-10-28,SPAL 2013,Frosinone,0.725282,1.35734,0,3
2018-10-28,Sassuolo,Bologna,1.93718,1.50755,2,2
2018-10-29,Lazio,Inter,1.23598,1.61907,0,3
2018-10-31,AC Milan,Genoa,1.53546,0.383237,2,1
2018-11-02,Napoli,Empoli,2.45171,0.76592,5,1
2018-11-03,Fiorentina,Roma,1.22535,1.98078,1,1
2018-11-03,Inter,Genoa,3.36518,0.257795,5,0
2018-11-03,Juventus,Cagliari,2.11317,0.726312,3,1
2018-11-04,Bologna,Atalanta,1.82444,1.85595,1,2
2018-11-04,Chievo,Sassuolo,0.53547,1.14513,0,2
2018-11-04,Lazio,SPAL 2013,2.54151,0.920245,4,1
2018-11-04,Parma Calcio 1913,Frosinone,0.584377,0.424829,0,0
2018-11-04,Sampdoria,Torino,2.19127,2.06704,1,4
2018-11-04,Udinese,AC Milan,0.441246,0.787543,0,1
2018-11-09,Frosinone,Fiorentina,0.687012,2.17002,1,1
2018-11-10,Genoa,Napoli,0.876348,1.78935,1,2
2018-11-10,SPAL 2013,Cagliari,1.91899,1.00551,2,2
2018-11-10,Torino,Parma Calcio 1913,2.33892,1.60323,1,2
2018-11-11,AC Milan,Juventus,0.821584,1.53465,0,2
2018-11-11,Atalanta,Inter,4.13272,1.32091,4,1
2018-11-11,Chievo,Bologna,2.24645,1.84423,2,2
2018-11-11,Empoli,Udinese,1.54705,3.75447,2,1
2018-11-11,Roma,Sampdoria,3.04114,0.632158,4,1
2018-11-11,Sassuolo,Lazio,0.542118,1.48988,1,1
2018-11-24,Inter,Frosinone,2.90785,0.196243,3,0
2018-11-24,Juventus,SPAL 2013,1.82422,0.330703,2,0
2018-11-24,Udinese,Roma,1.36766,1.25017,1,0
2018-11-25,Bologna,Fiorentina,0.327249,1.62497,0,0
2018-11-25,Empoli,Atalanta,2.43156,2.02122,3,2
2018-11-25,Genoa,Sampdoria,1.99511,0.654114,1,1
2018-11-25,Lazio,AC Milan,0.997397,0.406628,1,1
2018-11-25,Napoli,Chievo,1.30715,0.340731,0,0
2018-11-25,Parma Calcio 1913,Sassuolo,2.2135,1.51949,2,1
2018-11-26,Cagliari,Torino,0.159979,0.85532,0,0
2018-12-01,Fiorentina,Juventus,1.15902,1.73912,0,3
2018-12-01,SPAL 2013,Empoli,0.71811,2.2475,2,2
2018-12-01,Sampdoria,Bologna,1.6716,0.988383,4,1
2018-12-02,AC Milan,Parma Calcio 1913,1.35263,1.25109,2,1
2018-12-02,Chievo,Lazio,1.10117,1.02864,1,1
2018-12-02,Frosinone,Cagliari,1.68906,1.8301,1,1
2018-12-02,Roma,Inter,1.71663,2.20984,2,2
2018-12-02,Sassuolo,Udinese,1.83072,0.143306,0,0
2018-12-02,Torino,Genoa,2.38859,1.63876,2,1
2018-12-03,Atalanta,Napoli,1.15743,1.78405,1,2
2018-12-07,Juventus,Inter,1.48282,1.04485,1,0
2018-12-08,Cagliari,Roma,1.49265,1.77887,2,2
2018-12-08,Lazio,Sampdoria,4.20087,0.935028,2,2
2018-12-08,Napoli,Frosinone,2.43939,0.26732,4,0
2018-12-09,AC Milan,Torino,1.32115,1.00064,0,0
2018-12-09,Empoli,Bologna,2.37132,2.08455,2,1
2018-12-09,Genoa,SPAL 2013,0.991776,2.65218,1,1
2018-12-09,Parma Calcio 1913,Chievo,1.57211,1.48362,1,1
2018-12-09,Sassuolo,Fiorentina,1.09546,2.20116,3,3
2018-12-09,Udinese,Atalanta,0.901408,2.26187,1,3
2018-12-15,Inter,Udinese,2.20046,0.32005,1,0
2018-12-15,Torino,Juventus,0.610165,1.35072,0,1
2018-12-16,Cagliari,Napoli,0.657181,0.976401,0,1
2018-12-16,Fiorentina,Empoli,1.58995,1.39435,3,1
2018-12-16,Frosinone,Sassuolo,0.415045,1.17748,0,2
2018-12-16,Roma,Genoa,1.87358,2.14236,3,2
2018-12-16,SPAL 2013,Chievo,0.589566,0.940194,0,0
2018-12-16,Sampdoria,Parma Calcio 1913,1.7167,0.711571,2,0
2018-12-17,Atalanta,Lazio,0.761338,0.684222,1,0
2018-12-18,Bologna,AC Milan,0.372931,0.666236,0,0
2018-12-22,AC Milan,Fiorentina,0.71917,0.283973,0,1
2018-12-22,Chievo,Inter,0.607055,2.14287,1,1
2018-12-22,Empoli,Sampdoria,1.25056,1.90069,2,4
2018-12-22,Genoa,Atalanta,1.39715,2.66258,3,1
2018-12-22,Juventus,Roma,2.27872,0.253011,1,0
2018-12-22,Lazio,Cagliari,2.59214,1.81386,3,1
2018-12-22,Napoli,SPAL 2013,2.6049,0.548608,1,0
2018-12-22,Parma Calcio 1913,Bologna,0.777805,0.265885,0,0
2018-12-22,Sassuolo,Torino,2.51237,0.26404,1,1
2018-12-22,Udinese,Frosinone,0.369281,1.22269,1,1
2018-12-26,Atalanta,Juventus,1.74784,1.05099,2,2
2018-12-26,Bologna,Lazio,0.183858,1.47469,0,2
2018-12-26,Cagliari,Genoa,1.50885,0.615779,1,0
2018-12-26,Fiorentina,Parma Calcio 1913,1.48953,0.477527,0,1
2018-12-26,Frosinone,AC Milan,0.800634,1.66252,0,0
2018-12-26,Inter,Napoli,1.06904,0.759023,1,0
2018-12-26,Roma,Sassuolo,4.11791,0.591453,3,1
2018-12-26,SPAL 2013,Udinese,0.664209,0.198335,0,0
2018-12-26,Sampdoria,Chievo,0.69624,0.286685,2,0
2018-12-26,Torino,Empoli,1.20076,0.220152,3,0
2018-12-29,AC Milan,SPAL 2013,2.15613,0.569172,2,1
2018-12-29,Chievo,Frosinone,1.03445,0.631157,1,0
2018-12-29,Empoli,Inter,0.431477,0.925165,0,1
2018-12-29,Genoa,Fiorentina,0.563894,1.88008,0,0
2018-12-29,Juventus,Sampdoria,1.41949,1.23358,2,1
2018-12-29,Lazio,Torino,0.992811,1.70098,1,1
2018-12-29,Napoli,Bologna,1.87321,0.742372,3,2
2018-12-29,Parma Calcio 1913,Roma,0.478268,1.71801,0,2
2018-12-29,Sassuolo,Atalanta,1.07104,3.42383,2,6
2018-12-29,Udinese,Cagliari,1.99558,0.328,2,0
2019-01-19,Inter,Sassuolo,1.24057,1.38113,0,0
2019-01-19,Roma,Torino,3.06196,1.4063,3,2
2019-01-19,Udinese,Parma Calcio 1913,1.46714,2.41069,1,2
2019-01-20,Cagliari,Empoli,0.91229,1.24131,2,2
2019-01-20,Fiorentina,Sampdoria,2.7645,2.00501,3,3
2019-01-20,Frosinone,Atalanta,0.570805,2.5448,0,5
2019-01-20,Napoli,Lazio,2.06596,1.42452,2,1
2019-01-20,SPAL 2013,Bologna,1.41322,1.44041,1,1
2019-01-21,Genoa,AC Milan,1.75495,1.55416,0,2
2019-01-21,Juventus,Chievo,3.92751,0.474778,3,0
2019-01-26,AC Milan,Napoli,1.24826,0.700205,0,0
2019-01-26,Sampdoria,Udinese,3.5041,0.265724,4,0
2019-01-26,Sassuolo,Cagliari,4.30729,0.418768,3,0
2019-01-27,Atalanta,Roma,2.35929,1.86431,3,3
2019-01-27,Bologna,Frosinone,0.817511,1.58053,0,4
2019-01-27,Chievo,Fiorentina,3.36025,2.35569,3,4
2019-01-27,Lazio,Juventus,1.75032,1.27812,1,2
2019-01-27,Parma Calcio 1913,SPAL 2013,2.66999,1.97486,2,3
2019-01-27,Torino,Inter,0.618747,0.771946,1,0
2019-01-28,Empoli,Genoa,1.90942,1.87255,1,3
2019-02-02,Empoli,Chievo,2.76781,1.71511,2,2
2019-02-02,Juventus,Parma Calcio 1913,2.16129,1.17447,3,3
2019-02-02,Napoli,Sampdoria,1.99149,0.826882,3,0
2019-02-03,Genoa,Sassuolo,0.864604,0.7039,1,1
2019-02-03,Inter,Bologna,0.997676,0.632144,0,1
2019-02-03,Roma,AC Milan,1.7818,0.781258,1,1
2019-02-03,SPAL 2013,Torino,0.665749,0.305403,0,0
2019-02-03,Udinese,Fiorentina,1.42071,0.591374,1,1
2019-02-04,Cagliari,Atalanta,1.00381,0.834328,0,1
2019-02-04,Frosinone,Lazio,1.30235,1.17247,0,1
2019-02-07,Lazio,Empoli,2.04577,0.475328,1,0
2019-02-08,Chievo,Roma,1.12095,1.53137,0,3
2019-02-09,Fiorentina,Napoli,0.641805,3.03327,0,0
2019-02-09,Parma Calcio 1913,Inter,0.466673,1.89919,0,1
2019-02-10,AC Milan,Cagliari,2.38366,1.42003,3,0
2019-02-10,Atalanta,SPAL 2013,2.07366,1.02091,2,1
2019-02-10,Bologna,Genoa,1.35689,1.36058,1,1
2019-02-10,Sampdoria,Frosinone,0.550312,1.01039,0,1
2019-02-10,Sassuolo,Juventus,0.437975,2.10953,0,3
2019-02-10,Torino,Udinese,2.45948,1.72917,1,0
2019-02-15,Juventus,Frosinone,2.08342,0.632819,3,0
2019-02-16,Atalanta,AC Milan,1.01245,0.880241,1,3
2019-02-16,Cagliari,Parma Calcio 1913,2.21399,0.407584,2,1
2019-02-17,Empoli,Sassuolo,1.50789,0.623544,3,0
2019-02-17,Genoa,Lazio,1.59217,0.603073,2,1
2019-02-17,Inter,Sampdoria,1.92524,0.963167,2,1
2019-02-17,Napoli,Torino,2.59846,0.365283,0,0
2019-02-17,SPAL 2013,Fiorentina,1.36503,3.21671,1,4
2019-02-17,Udinese,Chievo,1.28773,1.78672,1,0
2019-02-18,Roma,Bologna,1.75554,2.36382,2,1
2019-02-22,AC Milan,Empoli,1.3605,0.582587,3,0
2019-02-23,Frosinone,Roma,1.66099,2.30167,2,3
2019-02-23,Torino,Atalanta,1.50859,1.13231,2,0
2019-02-24,Bologna,Juventus,1.2656,0.59336,0,1
2019-02-24,Chievo,Genoa,0.464159,0.411351,0,0
2019-02-24,Fiorentina,Inter,1.51786,1.57732,3,3
2019-02-24,Parma Calcio 1913,Napoli,0.443775,1.40926,0,4
2019-02-24,Sampdoria,Cagliari,3.20737,0.593571,1,0
2019-02-24,Sassuolo,SPAL 2013,0.317935,1.0065,1,1
2019-03-01,Cagliari,Inter,2.08181,2.08951,2,1
2019-03-02,AC Milan,Sassuolo,1.31933,0.833481,1,0
2019-03-02,Empoli,Parma Calcio 1913,2.5259,1.87782,3,3
2019-03-02,Lazio,Roma,2.14667,1.23076,3,0
2019-03-03,Atalanta,Fiorentina,1.85788,0.412512,3,1
2019-03-03,Genoa,Frosinone,0.857275,0.160647,0,0
2019-03-03,Napoli,Juventus,2.05475,0.586571,1,2
2019-03-03,SPAL 2013,Sampdoria,0.595644,1.13229,1,2
2019-03-03,Torino,Chievo,0.875606,1.10955,3,0
2019-03-03,Udinese,Bologna,1.75105,1.74101,2,1
2019-03-08,Juventus,Udinese,2.73414,0.099705,4,1
2019-03-09,Chievo,AC Milan,0.263355,1.70597,1,2
2019-03-09,Parma Calcio 1913,Genoa,1.50516,0.59585,1,0
2019-03-10,Bologna,Cagliari,3.33422,0.528818,2,0
2019-03-10,Fiorentina,Lazio,0.769898,1.02895,1,1
2019-03-10,Frosinone,Torino,1.10791,0.878122,1,2
2019-03-10,Inter,SPAL 2013,0.742227,0.167568,2,0
2019-03-10,Sampdoria,Atalanta,1.95045,1.89116,1,2
2019-03-10,Sassuolo,Napoli,1.02736,0.720283,1,1
2019-03-11,Roma,Empoli,1.14262,0.191518,2,1
2019-03-15,Cagliari,Fiorentina,2.20449,0.714756,2,1
2019-03-16,SPAL 2013,Roma,1.21905,1.57775,2,1
2019-03-16,Sassuolo,Sampdoria,1.81004,2.5003,3,5
2019-03-16,Torino,Bologna,1.44972,1.9758,2,3
2019-03-17,AC Milan,Inter,1.06311,2.91239,2,3
2019-03-17,Atalanta,Chievo,1.50473,0.758033,1,1
2019-03-17,Empoli,Frosinone,2.33732,1.33238,2,1
2019-03-17,Genoa,Juventus,1.05123,0.310238,2,0
2019-03-17,Lazio,Parma Calcio 1913,1.76513,0.362156,4,1
2019-03-17,Napoli,Udinese,1.5191,0.740408,4,2
2019-03-29,Chievo,Cagliari,0.858272,1.05607,0,3
2019-03-30,Juventus,Empoli,1.34489,0.36771,1,0
2019-03-30,Sampdoria,AC Milan,2.09999,1.03959,1,0
2019-03-30,Udinese,Genoa,2.46425,2.06541,2,0
2019-03-31,Bologna,Sassuolo,2.03348,0.712006,2,1
2019-03-31,Fiorentina,Torino,2.45876,0.4548,1,1
2019-03-31,Frosinone,SPAL 2013,1.01961,0.230282,0,1
2019-03-31,Inter,Lazio,1.53815,1.60065,0,1
2019-03-31,Parma Calcio 1913,Atalanta,0.989022,3.88951,1,3
2019-03-31,Roma,Napoli,1.98643,2.64072,1,4
2019-04-02,AC Milan,Udinese,2.03815,1.37576,1,1
2019-04-02,Cagliari,Juventus,0.451801,3.2423,0,2
2019-04-03,Empoli,Napoli,1.47602,0.641571,2,1
2019-04-03,Frosinone,Parma Calcio 1913,1.95659,2.02283,3,2
2019-04-03,Genoa,Inter,0.452482,2.36256,0,4
2019-04-03,Roma,Fiorentina,1.52022,0.88749,2,2
2019-04-03,SPAL 2013,Lazio,1.14572,0.510459,1,0
2019-04-03,Torino,Sampdoria,0.86608,0.175617,2,1
2019-04-04,Atalanta,Bologna,1.57662,1.12985,4,1
2019-04-04,Sassuolo,Chievo,2.1616,1.46618,4,0
2019-04-06,Juventus,AC Milan,1.85527,1.47352,2,1
2019-04-06,Parma Calcio 1913,Torino,0.760063,0.856189,0,0
2019-04-06,Sampdoria,Roma,1.31991,1.65846,0,1
2019-04-07,Cagliari,SPAL 2013,2.32045,1.31133,2,1
2019-04-07,Fiorentina,Frosinone,1.33491,0.733348,0,1
2019-04-07,Inter,Atalanta,0.93775,1.22931,0,0
2019-04-07,Lazio,Sassuolo,3.36273,1.20864,2,2
2019-04-07,Napoli,Genoa,1.98975,0.922442,1,1
2019-04-07,Udinese,Empoli,2.21919,1.84227,3,2
2019-04-08,Bologna,Chievo,3.1019,0.672578,3,0
2019-04-13,AC Milan,Lazio,1.52803,1.41453,1,0
2019-04-13,Roma,Udinese,1.30438,0.561648,1,0
2019-04-13,SPAL 2013,Juventus,0.983596,0.52595,2,1
2019-04-14,Chievo,Napoli,0.172953,1.45817,1,3
2019-04-14,Fiorentina,Bologna,0.792762,0.145765,0,0
2019-04-14,Frosinone,Inter,0.789702,3.70567,1,3
2019-04-14,Sampdoria,Genoa,2.46935,0.737093,2,0
2019-04-14,Sassuolo,Parma Calcio 1913,1.25421,0.828516,0,0
2019-04-14,Torino,Cagliari,1.17895,0.866882,1,1
2019-04-15,Atalanta,Empoli,5.06313,0.22043,0,0
2019-04-17,Lazio,Udinese,0.891528,1.28089,2,0
2019-04-20,Bologna,Sampdoria,0.999562,0.638254,3,0
2019-04-20,Cagliari,Frosinone,1.648,0.848619,1,0
2019-04-20,Empoli,SPAL 2013,1.44713,1.43346,2,4
2019-04-20,Genoa,Torino,1.1822,0.836087,0,1
2019-04-20,Inter,Roma,1.60416,0.528078,1,1
2019-04-20,Juventus,Fiorentina,0.900644,1.4449,2,1
2019-04-20,Lazio,Chievo,1.6363,1.18465,1,2
2019-04-20,Parma Calcio 1913,AC Milan,0.830287,0.800929,1,1
2019-04-20,Udinese,Sassuolo,0.907616,0.747252,1,1
2019-04-22,Napoli,Atalanta,1.59211,1.33983,1,2
2019-04-27,Bologna,Empoli,1.55302,0.353443,3,1
2019-04-27,Inter,Juventus,1.35633,0.581189,1,1
2019-04-27,Roma,Cagliari,2.89766,0.504583,3,0
2019-04-28,Chievo,Parma Calcio 1913,0.897173,0.459969,1,1
2019-04-28,Frosinone,Napoli,1.34557,2.27846,0,2
2019-04-28,SPAL 2013,Genoa,1.16682,1.05383,1,1
2019-04-28,Sampdoria,Lazio,1.19443,1.2474,1,2
2019-04-28,Torino,AC Milan,1.24216,0.604324,2,0
2019-04-29,Atalanta,Udinese,2.01335,0.120965,2,0
2019-04-29,Fiorentina,Sassuolo,1.14177,1.77025,0,1
2019-05-03,Juventus,Torino,1.3225,0.648738,1,1
2019-05-04,Chievo,SPAL 2013,0.575305,2.14921,0,4
2019-05-04,Udinese,Inter,0.362542,2.27962,0,0
2019-05-05,Empoli,Fiorentina,0.947998,2.43324,1,0
2019-05-05,Genoa,Roma,2.43408,0.732727,1,1
2019-05-05,Lazio,Atalanta,0.372816,1.80864,1,3
2019-05-05,Napoli,Cagliari,1.83655,0.2445,2,1
2019-05-05,Parma Calcio 1913,Sampdoria,2.4778,2.77584,3,3
2019-05-05,Sassuolo,Frosinone,2.06277,0.624983,2,2
2019-05-06,AC Milan,Bologna,1.25154,1.26196,2,1
2019-05-11,Atalanta,Genoa,1.52984,1.72822,2,1
2019-05-11,Cagliari,Lazio,1.2824,1.58764,1,2
2019-05-11,Fiorentina,AC Milan,0.826645,0.977718,0,1
2019-05-12,Frosinone,Udinese,1.64928,2.53456,1,3
2019-05-12,Roma,Juventus,1.38797,1.04957,2,0
2019-05-12,SPAL 2013,Napoli,1.92412,1.73399,1,2
2019-05-12,Sampdoria,Empoli,1.87735,2.20557,1,2
2019-05-12,Torino,Sassuolo,3.93173,0.846402,3,2
2019-05-13,Bologna,Parma Calcio 1913,1.84615,0.572389,4,1
2019-05-13,Inter,Chievo,2.00932,0.13114,2,0
2019-05-18,Genoa,Cagliari,1.80673,0.310138,1,1
2019-05-18,Sassuolo,Roma,1.12474,2.76568,0,0
2019-05-18,Udinese,SPAL 2013,1.38841,1.16875,3,2
2019-05-19,AC Milan,Frosinone,1.67301,1.66205,2,0
2019-05-19,Chievo,Sampdoria,0.780352,0.680499,0,0
2019-05-19,Empoli,Torino,2.53996,1.28459,4,1
2019-05-19,Juventus,Atalanta,0.876516,1.66588,1,1
2019-05-19,Napoli,Inter,1.74459,1.99068,4,1
2019-05-19,Parma Calcio 1913,Fiorentina,0.610095,1.28249,1,0
2019-05-20,Lazio,Bologna,1.84382,2.57708,3,3
2019-05-25,Bologna,Napoli,0.939859,1.7979,3,2
2019-05-25,Frosinone,Chievo,0.56103,0.0239835,0,0
2019-05-26,Atalanta,Sassuolo,2.15843,0.55839,3,1
2019-05-26,Cagliari,Udinese,2.44976,0.74405,1,2
2019-05-26,Fiorentina,Genoa,0.296039,0.0743908,0,0
2019-05-26,Inter,Empoli,2.74302,1.77275,2,1
2019-05-26,Roma,Parma Calcio 1913,1.72281,1.08938,2,1
2019-05-26,SPAL 2013,AC Milan,0.433984,1.7846,2,3
2019-05-26,Sampdoria,Juventus,0.686933,0.487175,2,0
2019-05-26,Torino,Lazio,2.39804,1.1792,3,1
2019-08-24,Fiorentina,Napoli,1.94205,1.94511,3,4
2019-08-24,Parma Calcio 1913,Juventus,0.264026,1.88829,0,1
2019-08-25,Cagliari,Brescia,0.998907,1.32688,0,1
2019-08-25,Roma,Genoa,2.6256,1.1259,3,3
2019-08-25,SPAL 2013,Atalanta,1.48495,1.70129,2,3
2019-08-25,Sampdoria,Lazio,0.627446,1.54375,0,3
2019-08-25,Torino,Sassuolo,1.87227,1.35208,2,1
2019-08-25,Udinese,AC Milan,0.777545,0.633654,1,0
2019-08-25,Verona,Bologna,0.109745,2.11,1,1
2019-08-26,Inter,Lecce,2.14366,0.408768,4,0
2019-08-30,Bologna,SPAL 2013,3.76497,0.850525,1,0
2019-08-31,AC Milan,Brescia,1.9308,0.860645,1,0
2019-08-31,Juventus,Napoli,2.0077,1.58762,4,3
2019-09-01,Atalanta,Torino,1.83194,0.684714,2,3
2019-09-01,Cagliari,Inter,0.479896,1.77917,1,2
2019-09-01,Genoa,Fiorentina,2.41153,1.80442,2,1
2019-09-01,Lazio,Roma,2.07207,1.19504,1,1
2019-09-01,Lecce,Verona,0.994717,1.824,0,1
2019-09-01,Sassuolo,Sampdoria,2.66279,1.24293,4,1
2019-09-01,Udinese,Parma Calcio 1913,1.69727,1.21449,1,3
2019-09-14,Fiorentina,Juventus,1.47787,0.324648,0,0
2019-09-14,Inter,Udinese,1.56746,0.250925,1,0
2019-09-14,Napoli,Sampdoria,1.72924,1.69786,2,0
2019-09-15,Brescia,Bologna,1.14311,3.68503,3,4
2019-09-15,Genoa,Atalanta,1.35423,2.43373,1,2
2019-09-15,Parma Calcio 1913,Cagliari,1.33287,0.684256,1,3
2019-09-15,Roma,Sassuolo,2.96035,0.84997,4,2
2019-09-15,SPAL 2013,Lazio,1.10476,1.46024,2,1
2019-09-15,Verona,AC Milan,0.465316,1.47177,0,1
2019-09-16,Torino,Lecce,1.5512,1.25479,1,2
2019-09-20,Cagliari,Genoa,1.24675,1.61461,3,1
2019-09-21,AC Milan,Inter,1.09144,2.49224,0,2
2019-09-21,Juventus,Verona,1.86372,1.8415,2,1
2019-09-21,Udinese,Brescia,0.505205,0.810849,0,1
2019-09-22,Atalanta,Fiorentina,1.44964,1.40952,2,2
2019-09-22,Bologna,Roma,1.34513,1.45512,1,2
2019-09-22,Lazio,Parma Calcio 1913,2.00279,0.504659,2,0
2019-09-22,Lecce,Napoli,1.37591,3.0665,1,4
2019-09-22,Sampdoria,Torino,1.8371,0.216688,1,0
2019-09-22,Sassuolo,SPAL 2013,2.01353,0.923321,3,0
2019-09-24,Brescia,Juventus,0.686153,1.88191,1,2
2019-09-24,Verona,Udinese,0.973188,0.814274,0,0
2019-09-25,Fiorentina,Sampdoria,1.94827,0.642879,2,1
2019-09-25,Genoa,Bologna,0.213674,1.58656,0,0
2019-09-25,Inter,Lazio,1.74169,1.3648,1,0
2019-09-25,Napoli,Cagliari,1.89418,0.534885,0,1
2019-09-25,Parma Calcio 1913,Sassuolo,1.50602,0.505463,1,0
2019-09-25,Roma,Atalanta,2.21614,2.23314,0,2
2019-09-25,SPAL 2013,Lecce,0.924939,1.89438,1,3
2019-09-26,Torino,AC Milan,1.0873,2.29514,2,1
2019-09-28,Juventus,SPAL 2013,2.36566,0.160279,2,0
2019-09-28,Sampdoria,Inter,1.31073,2.16553,1,3
2019-09-28,Sassuolo,Atalanta,0.442236,2.42758,1,4
2019-09-29,AC Milan,Fiorentina,0.593975,3.00943,1,3
2019-09-29,Cagliari,Verona,2.14031,2.19656,1,1
2019-09-29,Lazio,Genoa,1.61693,1.0028,4,0
2019-09-29,Lecce,Roma,0.793718,2.99876,0,1
2019-09-29,Napoli,Brescia,2.50124,1.14541,2,1
2019-09-29,Udinese,Bologna,0.838641,0.759433,1,0
2019-09-30,Parma Calcio 1913,Torino,3.27038,1.69923,3,2
2019-10-05,Genoa,AC Milan,1.65802,1.20462,1,2
2019-10-05,SPAL 2013,Parma Calcio 1913,1.30807,0.238942,1,0
2019-10-05,Verona,Sampdoria,0.667382,0.727876,2,0
2019-10-06,Atalanta,Lecce,4.39219,0.999184,3,1
2019-10-06,Bologna,Lazio,3.37988,1.59819,2,2
2019-10-06,Fiorentina,Udinese,1.15966,0.77254,1,0
2019-10-06,Inter,Juventus,1.53885,1.22127,1,2
2019-10-06,Roma,Cagliari,1.4212,1.03338,1,1
2019-10-06,Torino,Napoli,0.48114,0.840858,0,0
2019-10-19,Juventus,Bologna,1.85733,0.959285,2,1
2019-10-19,Lazio,Atalanta,2.70407,2.56796,3,3
2019-10-19,Napoli,Verona,2.28168,1.73959,2,0
2019-10-20,AC Milan,Lecce,1.7835,1.29111,2,2
2019-10-20,Cagliari,SPAL 2013,1.14716,0.917756,2,0
2019-10-20,Parma Calcio 1913,Genoa,2.5989,1.89911,5,1
2019-10-20,Sampdoria,Roma,0.628013,0.443611,0,0
2019-10-20,Sassuolo,Inter,0.885577,3.04913,3,4
2019-10-20,Udinese,Torino,1.87593,0.603538,1,0
2019-10-21,Brescia,Fiorentina,0.543738,0.82628,0,0
2019-10-25,Verona,Sassuolo,0.782917,1.05439,0,1
2019-10-26,Genoa,Brescia,1.12256,1.16628,3,1
2019-10-26,Inter,Parma Calcio 1913,2.41687,0.950313,2,2
2019-10-26,Lecce,Juventus,1.05543,3.57172,1,1
2019-10-27,Atalanta,Udinese,5.83297,0.477769,7,1
2019-10-27,Bologna,Sampdoria,2.25191,0.507876,2,1
2019-10-27,Fiorentina,Lazio,0.563956,2.00858,1,2
2019-10-27,Roma,AC Milan,1.66688,0.545215,2,1
2019-10-27,SPAL 2013,Napoli,0.470344,0.898916,1,1
2019-10-27,Torino,Cagliari,1.30837,0.509454,1,1
2019-10-29,Brescia,Inter,1.63039,0.769551,1,2
2019-10-29,Parma Calcio 1913,Verona,1.17096,0.372338,0,1
2019-10-30,Cagliari,Bologna,1.35196,1.18024,3,2
2019-10-30,Juventus,Genoa,2.65664,0.269772,2,1
2019-10-30,Lazio,Torino,2.29976,0.706344,4,0
2019-10-30,Napoli,Atalanta,3.19908,1.33873,2,2
2019-10-30,Sampdoria,Lecce,1.64236,1.06001,1,1
2019-10-30,Sassuolo,Fiorentina,0.958797,1.15444,1,2
2019-10-30,Udinese,Roma,0.557164,3.28214,0,4
2019-10-31,AC Milan,SPAL 2013,1.90677,0.335973,1,0
2019-11-02,Bologna,Inter,0.380245,2.09958,1,2
2019-11-02,Roma,Napoli,2.21085,1.6515,2,1
2019-11-02,Torino,Juventus,0.35915,1.78754,0,1
2019-11-03,AC Milan,Lazio,0.717705,1.11258,1,2
2019-11-03,Atalanta,Cagliari,0.75623,1.10665,0,2
2019-11-03,Fiorentina,Parma Calcio 1913,1.36867,0.703957,1,1
2019-11-03,Genoa,Udinese,1.48183,1.39908,1,3
2019-11-03,Lecce,Sassuolo,0.483324,2.17105,2,2
2019-11-03,Verona,Brescia,1.14031,0.975463,2,1
2019-11-04,SPAL 2013,Sampdoria,0.501251,0.857291,0,1
2019-11-08,Sassuolo,Bologna,2.6891,0.541844,3,1
2019-11-09,Brescia,Torino,0.59465,3.11135,0,4
2019-11-09,Inter,Verona,2.24655,1.27413,2,1
2019-11-09,Napoli,Genoa,0.883505,1.23282,0,0
2019-11-10,Cagliari,Fiorentina,3.21493,0.869022,5,2
2019-11-10,Juventus,AC Milan,1.11956,0.517282,1,0
2019-11-10,Lazio,Lecce,3.65287,2.55559,4,2
2019-11-10,Parma Calcio 1913,Roma,1.29826,0.97114,2,0
2019-11-10,Sampdoria,Atalanta,0.887813,0.517338,0,0
2019-11-10,Udinese,SPAL 2013,1.60289,1.95747,0,0
2019-11-23,AC Milan,Napoli,0.794979,1.2322,1,1
2019-11-23,Atalanta,Juventus,2.78945,1.20522,1,3
2019-11-23,Torino,Inter,0.431759,1.46431,0,3
2019-11-24,Bologna,Parma Calcio 1913,0.695312,1.29667,2,2
2019-11-24,Roma,Brescia,2.51584,0.31479,3,0
2019-11-24,Sampdoria,Udinese,2.13455,0.281611,2,1
2019-11-24,Sassuolo,Lazio,1.37752,0.942458,1,2
2019-11-24,Verona,Fiorentina,1.51813,0.844664,1,0
2019-11-25,Lecce,Cagliari,4.09277,0.959475,2,2
2019-11-25,SPAL 2013,Genoa,2.44472,1.71849,1,1
2019-11-30,Brescia,Atalanta,1.2071,2.66863,0,3
2019-11-30,Fiorentina,Lecce,1.43717,1.11878,0,1
2019-11-30,Genoa,Torino,0.925599,0.657203,0,1
2019-12-01,Inter,SPAL 2013,2.136,1.15284,2,1
2019-12-01,Juventus,Sassuolo,4.34699,0.69873,2,2
2019-12-01,Lazio,Udinese,2.91567,0.749962,3,0
2019-12-01,Napoli,Bologna,1.74594,1.47641,1,2
2019-12-01,Parma Calcio 1913,AC Milan,0.198769,2.13566,0,1
2019-12-01,Verona,Roma,1.21801,2.10824,1,3
2019-12-02,Cagliari,Sampdoria,0.687361,1.32937,4,3
2019-12-06,Inter,Roma,2.07846,0.214697,0,0
2019-12-07,Atalanta,Verona,2.5171,1.19011,3,2
2019-12-07,Lazio,Juventus,2.25743,1.46889,3,1
2019-12-07,Udinese,Napoli,0.56859,1.07747,1,1
2019-12-08,Bologna,AC Milan,1.24829,2.41751,2,3
2019-12-08,Lecce,Genoa,0.85727,2.55768,2,2
2019-12-08,SPAL 2013,Brescia,1.91592,1.91478,0,1
2019-12-08,Sampdoria,Parma Calcio 1913,1.19231,0.602606,0,1
2019-12-08,Sassuolo,Cagliari,1.936,0.762659,2,2
2019-12-08,Torino,Fiorentina,0.953465,1.92326,2,1
2019-12-14,Brescia,Lecce,3.67148,0.90603,3,0
2019-12-14,Genoa,Sampdoria,0.947705,0.237624,0,1
2019-12-14,Napoli,Parma Calcio 1913,1.88263,1.29277,1,2
2019-12-15,AC Milan,Sassuolo,2.17858,0.84977,0,0
2019-12-15,Bologna,Atalanta,1.34375,2.16001,2,1
2019-12-15,Fiorentina,Inter,0.570393,1.02941,1,1
2019-12-15,Juventus,Udinese,2.21259,1.24612,3,1
2019-12-15,Roma,SPAL 2013,3.697,1.11044,3,1
2019-12-15,Verona,Torino,2.33378,1.4413,3,3
2019-12-16,Cagliari,Lazio,1.65566,2.05609,1,2
2019-12-18,Brescia,Sassuolo,1.17578,0.702205,0,2
2019-12-18,Sampdoria,Juventus,0.558008,0.874375,1,2
2019-12-20,Fiorentina,Roma,1.40532,1.726,1,4
2019-12-21,Inter,Genoa,2.34293,0.294882,4,0
2019-12-21,Torino,SPAL 2013,1.24219,0.948561,1,2
2019-12-21,Udinese,Cagliari,2.14016,0.64597,2,1
2019-12-22,Atalanta,AC Milan,2.3426,0.334827,5,0
2019-12-22,Lecce,Bologna,1.19573,4.46396,2,3
2019-12-22,Parma Calcio 1913,Brescia,0.820014,1.9905,1,1
2019-12-22,Sassuolo,Napoli,1.38422,1.80188,1,2
2020-01-05,Brescia,Lazio,0.31406,1.75165,1,2
2020-01-05,Genoa,Sassuolo,3.10482,0.860874,2,1
2020-01-05,Roma,Torino,1.9541,2.29167,0,2
2020-01-05,SPAL 2013,Verona,1.60395,2.52979,0,2
2020-01-06,AC Milan,Sampdoria,1.5417,1.05525,0,0
2020-01-06,Atalanta,Parma Calcio 1913,2.40246,0.127344,5,0
2020-01-06,Bologna,Fiorentina,0.869633,0.389787,1,1
2020-01-06,Juventus,Cagliari,3.2802,0.403038,4,0
2020-01-06,Lecce,Udinese,0.752631,0.795554,0,1
2020-01-06,Napoli,Inter,1.69175,1.24209,1,3
2020-01-11,Cagliari,AC Milan,0.762889,1.22302,0,2
2020-01-11,Inter,Atalanta,0.728607,2.54235,1,1
2020-01-11,Lazio,Napoli,1.4953,0.994893,1,0
2020-01-12,Fiorentina,SPAL 2013,2.0568,1.29075,1,0
2020-01-12,Roma,Juventus,2.58161,1.34236,1,2
2020-01-12,Sampdoria,Brescia,3.22026,1.00697,5,1
2020-01-12,Torino,Bologna,0.56981,1.85862,1,0
2020-01-12,Udinese,Sassuolo,1.87301,0.770996,3,0
2020-01-12,Verona,Genoa,2.45867,0.766675,2,1
2020-01-13,Parma Calcio 1913,Lecce,2.14614,0.803732,2,0
2020-01-18,Lazio,Sampdoria,4.87384,0.510628,5,1
2020-01-18,Napoli,Fiorentina,0.580972,0.78573,0,2
2020-01-18,Sassuolo,Torino,0.885308,1.25078,2,1
2020-01-19,AC Milan,Udinese,2.81555,1.18505,3,2
2020-01-19,Bologna,Verona,1.23818,2.38484,1,1
2020-01-19,Brescia,Cagliari,1.36518,3.55238,2,2
2020-01-19,Genoa,Roma,1.16664,2.75706,1,3
2020-01-19,Juventus,Parma Calcio 1913,1.3483,0.206503,2,1
2020-01-19,Lecce,Inter,1.01391,2.1611,1,1
2020-01-20,Atalanta,SPAL 2013,2.45221,1.21091,1,2
2020-01-24,Brescia,AC Milan,1.21977,2.15393,0,1
2020-01-25,Fiorentina,Genoa,1.1429,1.57939,0,0
2020-01-25,SPAL 2013,Bologna,1.66537,2.38713,1,3
2020-01-25,Torino,Atalanta,0.537278,5.34676,0,7
2020-01-26,Inter,Cagliari,1.70002,0.830763,1,1
2020-01-26,Napoli,Juventus,1.26806,0.652726,2,1
2020-01-26,Parma Calcio 1913,Udinese,1.42647,1.87624,2,0
2020-01-26,Roma,Lazio,2.13426,1.1389,1,1
2020-01-26,Sampdoria,Sassuolo,1.3355,0.342665,0,0
2020-01-26,Verona,Lecce,3.25786,0.460325,3,0
2020-02-01,Bologna,Brescia,2.17197,0.835919,2,1
2020-02-01,Cagliari,Parma Calcio 1913,2.76598,2.208,2,2
2020-02-01,Sassuolo,Roma,2.42922,2.84695,4,2
2020-02-02,AC Milan,Verona,1.91753,1.19585,1,1
2020-02-02,Atalanta,Genoa,2.71252,1.51621,2,2
2020-02-02,Juventus,Fiorentina,2.91178,0.913393,3,0
2020-02-02,Lazio,SPAL 2013,2.74294,0.830374,5,1
2020-02-02,Lecce,Torino,2.39622,0.960359,4,0
2020-02-02,Udinese,Inter,0.728686,2.66609,0,2
2020-02-03,Sampdoria,Napoli,1.72735,1.62063,2,4
2020-02-05,Lazio,Verona,1.08446,0.556501,0,0
2020-02-07,Roma,Bologna,1.83686,1.28284,2,3
2020-02-08,Fiorentina,Atalanta,0.427977,1.76133,1,2
2020-02-08,Torino,Sampdoria,0.596273,1.99284,1,3
2020-02-08,Verona,Juventus,1.69256,1.08835,2,1
2020-02-09,Brescia,Udinese,0.712227,2.40665,1,1
2020-02-09,Genoa,Cagliari,1.23568,0.958382,1,0
2020-02-09,Inter,AC Milan,1.71449,2.44935,4,2
2020-02-09,Napoli,Lecce,3.48129,1.83334,2,3
2020-02-09,Parma Calcio 1913,Lazio,0.71446,1.66984,0,1
2020-02-09,SPAL 2013,Sassuolo,1.59421,2.22596,1,2
2020-02-15,Atalanta,Roma,1.59147,0.298212,2,1
2020-02-15,Bologna,Genoa,0.573068,1.71559,0,3
2020-02-15,Lecce,SPAL 2013,1.59786,1.36497,2,1
2020-02-16,Cagliari,Napoli,0.287568,1.11984,0,1
2020-02-16,Juventus,Brescia,2.89308,0.242874,2,0
2020-02-16,Lazio,Inter,1.58388,0.639553,2,1
2020-02-16,Sampdoria,Fiorentina,2.02602,3.03573,1,5
2020-02-16,Sassuolo,Parma Calcio 1913,1.39228,0.819298,0,1
2020-02-16,Udinese,Verona,0.793817,1.07514,0,0
2020-02-17,AC Milan,Torino,1.22541,0.255305,1,0
2020-02-21,Brescia,Napoli,1.28069,1.42319,1,2
2020-02-22,Bologna,Udinese,1.16709,0.748993,1,1
2020-02-22,Fiorentina,AC Milan,2.00153,0.763896,1,1
2020-02-22,SPAL 2013,Juventus,1.09171,1.86761,1,2
2020-02-23,Genoa,Lazio,1.14807,1.56379,2,3
2020-02-23,Roma,Lecce,3.81118,0.580412,4,0
2020-02-29,Lazio,Bologna,1.24352,1.6913,2,0
2020-02-29,Napoli,Torino,2.15689,0.824974,2,1
2020-03-01,Cagliari,Roma,1.09812,2.61064,3,4
2020-03-01,Lecce,Atalanta,0.337033,5.40731,2,7
2020-03-08,AC Milan,Genoa,1.9503,1.87123,1,2
2020-03-08,Juventus,Inter,1.2442,0.437285,2,0
2020-03-08,Parma Calcio 1913,SPAL 2013,1.38981,1.13444,0,1
2020-03-08,Sampdoria,Verona,1.54204,1.71907,2,1
2020-03-08,Udinese,Fiorentina,0.930884,0.330345,0,0
2020-03-09,Sassuolo,Brescia,2.12473,0.469272,3,0
2020-06-20,Torino,Parma Calcio 1913,2.88923,0.220634,1,1
2020-06-20,Verona,Cagliari,0.551934,1.18143,2,1
2020-06-21,Atalanta,Sassuolo,3.17229,2.51382,4,1
2020-06-21,Inter,Sampdoria,2.49624,0.541736,2,1
2020-06-22,Bologna,Juventus,0.577534,1.78947,0,2
2020-06-22,Fiorentina,Brescia,2.16709,1.24254,1,1
2020-06-22,Lecce,AC Milan,1.25749,2.5353,1,4
2020-06-23,Genoa,Parma Calcio 1913,2.07644,1.78629,1,4
2020-06-23,SPAL 2013,Cagliari,1.09631,1.53512,0,1
2020-06-23,Torino,Udinese,0.997023,1.85678,1,0
2020-06-23,Verona,Napoli,1.44987,1.74552,0,2
2020-06-24,Atalanta,Lazio,2.25586,0.661396,3,2
2020-06-24,Inter,Sassuolo,3.29381,2.00772,3,3
2020-06-24,Roma,Sampdoria,2.14034,1.24278,2,1
2020-06-26,Juventus,Lecce,4.35037,0.31442,4,0
2020-06-27,Brescia,Genoa,1.49842,2.3274,2,2
2020-06-27,Cagliari,Torino,1.63782,1.20816,4,2
2020-06-27,Lazio,Fiorentina,1.64791,0.51901,2,1
2020-06-28,AC Milan,Roma,2.25687,0.601741,2,0
2020-06-28,Napoli,SPAL 2013,1.95132,0.530265,3,1
2020-06-28,Parma Calcio 1913,Inter,1.00413,2.45298,1,2
2020-06-28,Sampdoria,Bologna,1.00506,2.32825,1,2
2020-06-28,Sassuolo,Verona,1.03467,1.32287,3,3
2020-06-28,Udinese,Atalanta,1.23073,0.883203,2,3
2020-06-30,Genoa,Juventus,0.19977,0.793958,1,3
2020-06-30,Torino,Lazio,0.918632,0.899592,1,2
2020-07-01,Bologna,Cagliari,0.821985,0.80257,1,1
2020-07-01,Fiorentina,Sassuolo,1.30578,1.5301,1,3
2020-07-01,Inter,Brescia,4.23395,0.328274,6,0
2020-07-01,Lecce,Sampdoria,1.75314,1.89408,1,2
2020-07-01,SPAL 2013,AC Milan,0.624702,1.59634,2,2
2020-07-01,Verona,Parma Calcio 1913,1.52224,1.2056,3,2
2020-07-02,Atalanta,Napoli,1.06912,0.663009,2,0
2020-07-02,Roma,Udinese,0.722766,1.949,0,2
2020-07-04,Juventus,Torino,1.76945,1.45566,4,1
2020-07-04,Lazio,AC Milan,0.291705,2.32982,0,3
2020-07-04,Sassuolo,Lecce,1.82065,2.04843,4,2
2020-07-05,Brescia,Verona,1.11957,0.673728,2,0
2020-07-05,Cagliari,Atalanta,0.377188,3.08147,0,1
2020-07-05,Inter,Bologna,2.71687,1.07199,1,2
2020-07-05,Napoli,Roma,2.34423,0.696395,2,1
2020-07-05,Parma Calcio 1913,Fiorentina,1.30598,2.7301,1,2
2020-07-05,Sampdoria,SPAL 2013,1.1329,1.27013,3,0
2020-07-05,Udinese,Genoa,0.852113,1.22414,2,2
2020-07-07,AC Milan,Juventus,2.21519,1.40733,4,2
2020-07-07,Lecce,Lazio,3.02321,1.97214,2,1
2020-07-08,Atalanta,Sampdoria,0.805912,1.14999,2,0
2020-07-08,Bologna,Sassuolo,0.61304,0.629928,1,2
2020-07-08,Fiorentina,Cagliari,0.505289,0.969869,0,0
2020-07-08,Genoa,Napoli,0.458319,1.58643,1,2
2020-07-08,Roma,Parma Calcio 1913,3.30265,1.11414,2,1
2020-07-08,Torino,Brescia,1.88812,1.43951,3,1
2020-07-09,SPAL 2013,Udinese,0.325928,1.34662,0,3
2020-07-09,Verona,Inter,1.24167,1.39814,2,2
2020-07-11,Brescia,Roma,1.42387,3.13472,0,3
2020-07-11,Juventus,Atalanta,1.79282,0.699271,2,2
2020-07-11,Lazio,Sassuolo,0.672886,1.83016,1,2
2020-07-12,Cagliari,Lecce,1.42447,1.46065,0,0
2020-07-12,Fiorentina,Verona,1.60925,0.592972,1,1
2020-07-12,Genoa,SPAL 2013,2.81026,0.0436239,2,0
2020-07-12,Napoli,AC Milan,1.96716,1.28706,2,2
2020-07-12,Parma Calcio 1913,Bologna,1.36631,0.632711,2,2
2020-07-12,Udinese,Sampdoria,0.738916,0.760265,1,3
2020-07-13,Inter,Torino,2.51678,1.6953,3,1
2020-07-14,Atalanta,Brescia,2.44363,0.867428,6,2
2020-07-15,AC Milan,Parma Calcio 1913,1.7686,0.710977,3,1
2020-07-15,Bologna,Napoli,0.67381,0.874604,1,1
2020-07-15,Lecce,Fiorentina,0.448154,2.58765,1,3
2020-07-15,Roma,Verona,2.6565,0.879748,2,1
2020-07-15,Sampdoria,Cagliari,1.60851,0.50364,3,0
2020-07-15,Sassuolo,Juventus,1.89854,2.43394,3,3
2020-07-15,Udinese,Lazio,1.0273,0.716385,0,0
2020-07-16,SPAL 2013,Inter,0.811137,2.53043,0,4
2020-07-16,Torino,Genoa,1.4232,1.06904,3,0
2020-07-18,AC Milan,Bologna,3.1351,0.530197,5,1
2020-07-18,Cagliari,Sassuolo,0.387358,0.716792,1,1
2020-07-18,Verona,Atalanta,1.43922,1.75181,1,1
2020-07-19,Brescia,SPAL 2013,1.62366,1.58437,2,1
2020-07-19,Fiorentina,Torino,1.29061,0.236748,2,0
2020-07-19,Genoa,Lecce,0.446679,1.69932,2,1
2020-07-19,Napoli,Udinese,1.1326,0.842771,2,1
2020-07-19,Parma Calcio 1913,Sampdoria,1.15169,1.65447,2,3
2020-07-19,Roma,Inter,1.44189,1.5285,2,2
2020-07-20,Juventus,Lazio,3.70839,1.18841,2,1
2020-07-21,Atalanta,Bologna,1.53325,0.420837,1,0
2020-07-21,Sassuolo,AC Milan,1.18751,2.68189,1,2
2020-07-22,Inter,Fiorentina,2.59401,0.632994,0,0
2020-07-22,Lecce,Brescia,2.53511,0.9591,3,1
2020-07-22,Parma Calcio 1913,Napoli,2.01358,1.52569,2,1
2020-07-22,SPAL 2013,Roma,0.511748,1.78955,1,6
2020-07-22,Sampdoria,Genoa,0.962991,0.943266,1,2
2020-07-22,Torino,Verona,1.0939,1.49437,1,1
2020-07-23,Lazio,Cagliari,1.46863,0.774845,2,1
2020-07-23,Udinese,Juventus,1.25842,0.646151,2,1
2020-07-24,AC Milan,Atalanta,0.459668,2.14411,1,1
2020-07-25,Brescia,Parma Calcio 1913,1.6946,1.83818,1,2
2020-07-25,Genoa,Inter,0.396594,2.09129,0,3
2020-07-25,Napoli,Sassuolo,2.4361,0.636029,2,0
2020-07-26,Bologna,Lecce,2.68927,2.24736,3,2
2020-07-26,Cagliari,Udinese,1.21989,0.988006,0,1
2020-07-26,Juventus,Sampdoria,3.493,1.0882,2,0
2020-07-26,Roma,Fiorentina,2.9313,0.706479,2,1
2020-07-26,SPAL 2013,Torino,0.376682,1.55546,1,1
2020-07-26,Verona,Lazio,1.78131,2.26539,1,5
2020-07-28,Inter,Napoli,0.592135,1.16883,2,0
2020-07-28,Parma Calcio 1913,Atalanta,1.56236,1.14053,1,2
2020-07-29,Cagliari,Juventus,1.06185,1.26452,2,0
2020-07-29,Fiorentina,Bologna,2.38995,1.30437,4,0
2020-07-29,Lazio,Brescia,3.90847,0.785251,2,0
2020-07-29,Sampdoria,AC Milan,2.45481,3.08989,1,4
2020-07-29,Sassuolo,Genoa,3.04916,1.10579,5,0
2020-07-29,Torino,Roma,0.968279,2.42302,2,3
2020-07-29,Udinese,Lecce,1.5542,1.93484,1,2
2020-07-29,Verona,SPAL 2013,2.03906,0.737187,3,0
2020-08-01,AC Milan,Cagliari,3.3169,0.228383,3,0
2020-08-01,Atalanta,Inter,1.01735,1.15739,0,2
2020-08-01,Brescia,Sampdoria,1.66164,1.94751,1,1
2020-08-01,Juventus,Roma,1.04247,1.93545,1,3
2020-08-01,Napoli,Lazio,1.92539,1.0997,3,1
2020-08-02,Bologna,Torino,1.33815,1.4627,1,1
2020-08-02,Genoa,Verona,0.895278,0.982261,3,0
2020-08-02,Lecce,Parma Calcio 1913,2.63165,3.54088,3,4
2020-08-02,SPAL 2013,Fiorentina,0.861493,2.24878,1,3
2020-08-02,Sassuolo,Udinese,0.997909,2.14872,0,1
2020-09-19,Fiorentina,Torino,2.35462,0.617878,1,0
2020-09-19,Verona,Roma,0.910773,1.77959,0,0
2020-09-20,Genoa,Crotone,2.23283,1.32278,4,1
2020-09-20,Juventus,Sampdoria,2.14288,0.606523,3,0
2020-09-20,Parma Calcio 1913,Napoli,0.160985,1.54079,0,2
2020-09-20,Sassuolo,Cagliari,2.0285,0.95973,1,1
2020-09-21,AC Milan,Bologna,2.94224,0.825483,2,0
2020-09-26,Cagliari,Lazio,0.91566,1.99417,0,2
2020-09-26,Inter,Fiorentina,1.69563,2.25332,4,3
2020-09-26,Sampdoria,Benevento,1.36058,1.27481,2,3
2020-09-26,Torino,Atalanta,0.773914,2.47087,2,4
2020-09-27,Crotone,AC Milan,0.107055,2.43073,0,2
2020-09-27,Napoli,Genoa,2.34102,0.265594,6,0
2020-09-27,Roma,Juventus,2.81817,1.90728,2,2
2020-09-27,Spezia,Sassuolo,1.29116,2.6497,1,4
2020-09-27,Verona,Udinese,1.35384,2.14756,1,0
2020-09-28,Bologna,Parma Calcio 1913,2.04715,1.2448,4,1
2020-09-30,Benevento,Inter,1.2507,4.53244,2,5
2020-09-30,Lazio,Atalanta,1.80375,1.89667,1,4
2020-09-30,Udinese,Spezia,1.86648,0.812849,0,2
2020-10-02,Fiorentina,Sampdoria,2.02799,2.18148,1,2
2020-10-03,Sassuolo,Crotone,1.85563,1.5945,4,1
2020-10-03,Udinese,Roma,1.66689,0.762958,0,1
2020-10-04,AC Milan,Spezia,2.64977,0.152433,3,0
2020-10-04,Atalanta,Cagliari,3.60777,0.655559,5,2
2020-10-04,Benevento,Bologna,0.8907,1.82239,1,0
2020-10-04,Lazio,Inter,1.20722,0.719092,1,1
2020-10-04,Parma Calcio 1913,Verona,1.23442,0.633776,1,0
2020-10-17,Crotone,Juventus,1.39522,1.58494,1,1
2020-10-17,Inter,AC Milan,2.54683,2.06232,1,2
2020-10-17,Napoli,Atalanta,1.17201,0.640405,4,1
2020-10-17,Sampdoria,Lazio,1.83414,0.454609,3,0
2020-10-18,Bologna,Sassuolo,1.45422,3.23668,3,4
2020-10-18,Roma,Benevento,4.18819,1.55972,5,2
2020-10-18,Spezia,Fiorentina,0.925627,1.08362,2,2
2020-10-18,Torino,Cagliari,1.24172,1.79136,2,3
2020-10-18,Udinese,Parma Calcio 1913,1.71631,0.96514,3,2
2020-10-19,Verona,Genoa,0.88144,0.38231,0,0
2020-10-23,Sassuolo,Torino,1.69093,2.08517,3,3
2020-10-24,Atalanta,Sampdoria,2.09742,2.49916,1,3
2020-10-24,Genoa,Inter,0.0128508,1.63844,0,2
2020-10-24,Lazio,Bologna,1.42977,1.75593,2,1
2020-10-25,Benevento,Napoli,0.650046,2.26936,1,2
2020-10-25,Cagliari,Crotone,2.08322,1.40714,4,2
2020-10-25,Fiorentina,Udinese,1.20434,2.6861,3,2
2020-10-25,Juventus,Verona,2.17723,0.599908,1,1
2020-10-25,Parma Calcio 1913,Spezia,3.67014,0.965076,2,2
2020-10-26,AC Milan,Roma,2.81817,2.35903,3,3
2020-10-31,Bologna,Cagliari,1.46614,1.26683,3,2
2020-10-31,Crotone,Atalanta,0.524608,3.49595,1,2
2020-10-31,Inter,Parma Calcio 1913,3.0518,0.760875,2,2
2020-11-01,Napoli,Sassuolo,2.14387,1.52493,0,2
2020-11-01,Roma,Fiorentina,3.6279,0.37308,2,0
2020-11-01,Sampdoria,Genoa,0.858208,1.18373,1,1
2020-11-01,Spezia,Juventus,0.546346,2.88171,1,4
2020-11-01,Torino,Lazio,2.4688,1.75598,3,4
2020-11-01,Udinese,AC Milan,0.956217,1.02378,1,2
2020-11-02,Verona,Benevento,2.51742,1.60386,3,1
2020-11-04,Genoa,Torino,1.18572,0.444269,1,2
2020-11-06,Sassuolo,Udinese,0.0834694,0.0917939,0,0
2020-11-07,Benevento,Spezia,0.251291,1.45194,0,3
2020-11-07,Cagliari,Sampdoria,1.89967,0.134345,2,0
2020-11-07,Parma Calcio 1913,Fiorentina,0.131692,0.814627,0,0
2020-11-08,AC Milan,Verona,3.65495,2.20988,2,2
2020-11-08,Atalanta,Inter,0.955473,0.815144,1,1
2020-11-08,Bologna,Napoli,0.729048,1.40583,0,1
2020-11-08,Genoa,Roma,0.64745,3.49225,1,3
2020-11-08,Lazio,Juventus,1.07713,1.27201,1,1
2020-11-08,Torino,Crotone,0.235946,0.300792,0,0
2020-11-21,Crotone,Lazio,0.432377,1.79345,0,2
2020-11-21,Juventus,Cagliari,2.54799,0.0831584,2,0
2020-11-21,Spezia,Atalanta,0.594898,2.20038,0,0
2020-11-22,Fiorentina,Benevento,1.21172,0.565303,0,1
2020-11-22,Inter,Torino,3.74566,1.97826,4,2
2020-11-22,Napoli,AC Milan,1.8847,1.83664,1,3
2020-11-22,Roma,Parma Calcio 1913,3.20915,0.0318982,3,0
2020-11-22,Sampdoria,Bologna,0.817944,1.73409,1,2
2020-11-22,Udinese,Genoa,0.413067,0.731116,1,0
2020-11-22,Verona,Sassuolo,1.3932,0.51,0,2
2020-11-28,Atalanta,Verona,1.20139,1.78911,0,2
2020-11-28,Benevento,Juventus,0.439998,1.64625,1,1
2020-11-28,Sassuolo,Inter,0.753035,1.49985,0,3
2020-11-29,AC Milan,Fiorentina,2.85768,0.602734,2,0
2020-11-29,Bologna,Crotone,1.80058,0.401219,1,0
2020-11-29,Cagliari,Spezia,1.44548,2.7383,2,2
2020-11-29,Lazio,Udinese,1.22788,1.42863,1,3
2020-11-29,Napoli,Roma,2.05867,0.314633,4,0
2020-11-30,Genoa,Parma Calcio 1913,1.58372,1.40499,1,2
2020-11-30,Torino,Sampdoria,1.63863,1.38058,2,2
2020-12-05,Inter,Bologna,1.98287,1.1214,3,1
2020-12-05,Juventus,Torino,2.52836,1.34238,2,1
2020-12-05,Spezia,Lazio,1.7297,0.437896,1,2
2020-12-06,Crotone,Napoli,0.508882,1.93801,0,4
2020-12-06,Parma Calcio 1913,Benevento,0.501198,0.340508,0,0
2020-12-06,Roma,Sassuolo,1.27993,0.209882,0,0
2020-12-06,Sampdoria,AC Milan,0.986547,2.66831,1,2
2020-12-06,Verona,Cagliari,3.02671,1.67924,1,1
2020-12-07,Fiorentina,Genoa,2.79212,1.37691,1,1
2020-12-11,Sassuolo,Benevento,1.08927,2.09826,1,0
2020-12-12,Crotone,Spezia,1.69279,0.824038,4,1
2020-12-12,Lazio,Verona,0.647828,0.955041,1,2
2020-12-12,Torino,Udinese,1.07631,1.47406,2,3
2020-12-13,AC Milan,Parma Calcio 1913,1.8515,0.603434,2,2
2020-12-13,Atalanta,Fiorentina,2.8038,0.461794,3,0
2020-12-13,Bologna,Roma,0.354826,4.03543,1,5
2020-12-13,Cagliari,Inter,1.61081,2.74594,1,3
2020-12-13,Genoa,Juventus,0.484378,3.60091,1,3
2020-12-13,Napoli,Sampdoria,1.51835,0.713804,2,1
2020-12-15,Benevento,Lazio,1.43093,0.416738,1,1
2020-12-15,Udinese,Crotone,1.10391,0.123143,0,0
2020-12-16,Fiorentina,Sassuolo,1.71835,1.7103,1,1
2020-12-16,Genoa,AC Milan,1.22979,2.05417,2,2
2020-12-16,Inter,Napoli,1.31797,3.25581,1,0
2020-12-16,Juventus,Atalanta,2.71039,0.902039,1,1
2020-12-16,Parma Calcio 1913,Cagliari,0.870374,0.265316,0,0
2020-12-16,Spezia,Bologna,2.66532,1.61165,2,2
2020-12-16,Verona,Sampdoria,1.49333,0.779474,1,2
2020-12-17,Roma,Torino,3.04581,0.975058,3,1
2020-12-19,Fiorentina,Verona,1.68253,1.24682,1,1
2020-12-19,Parma Calcio 1913,Juventus,0.926619,2.80045,0,4
2020-12-19,Sampdoria,Crotone,2.48022,1.04297,3,1
2020-12-20,Atalanta,Roma,1.91426,0.712758,4,1
2020-12-20,Benevento,Genoa,1.55436,0.245022,2,0
2020-12-20,Cagliari,Udinese,0.628497,1.43641,1,1
2020-12-20,Inter,Spezia,1.26331,0.779401,2,1
2020-12-20,Lazio,Napoli,0.701577,0.982563,2,0
2020-12-20,Sassuolo,AC Milan,1.04718,1.41457,1,2
2020-12-20,Torino,Bologna,1.10564,2.17731,1,1
2020-12-22,Crotone,Parma Calcio 1913,0.7999,1.50226,2,1
2020-12-22,Juventus,Fiorentina,0.388088,1.53117,0,3
2020-12-23,AC Milan,Lazio,1.88103,1.45797,3,2
2020-12-23,Bologna,Atalanta,1.08799,1.89381,2,2
2020-12-23,Napoli,Torino,0.896358,0.390204,1,1
2020-12-23,Roma,Cagliari,3.36165,1.19646,3,2
2020-12-23,Sampdoria,Sassuolo,1.6455,2.16381,2,3
2020-12-23,Spezia,Genoa,0.530442,1.24789,1,2
2020-12-23,Udinese,Benevento,2.4683,0.338064,0,2
2020-12-23,Verona,Inter,1.23629,2.0312,1,2
2021-01-03,Atalanta,Sassuolo,3.50279,0.499119,5,1
2021-01-03,Benevento,AC Milan,2.34965,1.53692,0,2
2021-01-03,Cagliari,Napoli,0.860583,5.2489,1,4
2021-01-03,Fiorentina,Bologna,0.352245,0.633738,0,0
2021-01-03,Genoa,Lazio,1.14509,1.34628,1,1
2021-01-03,Inter,Crotone,2.4614,1.85185,6,2
2021-01-03,Juventus,Udinese,3.54071,1.75781,4,1
2021-01-03,Parma Calcio 1913,Torino,0.846876,1.67327,0,3
2021-01-03,Roma,Sampdoria,2.40692,0.229603,1,0
2021-01-03,Spezia,Verona,0.450318,1.5461,0,1
2021-01-06,AC Milan,Juventus,1.02584,2.3569,1,3
2021-01-06,Atalanta,Parma Calcio 1913,2.38532,0.0467904,3,0
2021-01-06,Bologna,Udinese,1.30678,1.70449,2,2
2021-01-06,Cagliari,Benevento,1.16751,1.23401,1,2
2021-01-06,Crotone,Roma,0.498045,1.89996,1,3
2021-01-06,Lazio,Fiorentina,1.91891,1.77283,2,1
2021-01-06,Napoli,Spezia,4.01311,1.92698,1,2
2021-01-06,Sampdoria,Inter,1.3375,2.49173,2,1
2021-01-06,Sassuolo,Genoa,2.26,1.04966,2,1
2021-01-06,Torino,Verona,1.36437,0.299538,1,1
2021-01-09,AC Milan,Torino,1.58807,0.372133,2,0
2021-01-09,Benevento,Atalanta,0.945676,4.0811,1,4
2021-01-09,Genoa,Bologna,1.0511,1.03548,2,0
2021-01-10,Fiorentina,Cagliari,1.90744,1.25523,1,0
2021-01-10,Juventus,Sassuolo,3.03948,0.542444,3,1
2021-01-10,Parma Calcio 1913,Lazio,0.38214,3.416,0,2
2021-01-10,Roma,Inter,0.904251,1.9311,2,2
2021-01-10,Udinese,Napoli,2.22446,1.7625,1,2
2021-01-10,Verona,Crotone,1.29189,0.832994,2,1
2021-01-11,Spezia,Sampdoria,1.71534,0.433748,2,1
2021-01-15,Lazio,Roma,0.941571,0.639638,3,0
2021-01-16,Bologna,Verona,2.59435,0.695086,1,0
2021-01-16,Sampdoria,Udinese,1.50541,2.78281,2,1
2021-01-16,Torino,Spezia,0.994528,0.310945,0,0
2021-01-17,Atalanta,Genoa,2.08328,0.905971,0,0
2021-01-17,Crotone,Benevento,1.49503,2.46021,4,1
2021-01-17,Inter,Juventus,1.73238,0.368127,2,0
2021-01-17,Napoli,Fiorentina,2.24139,1.1403,6,0
2021-01-17,Sassuolo,Parma Calcio 1913,1.81397,0.698377,1,1
2021-01-18,Cagliari,AC Milan,1.1919,1.69958,0,2
2021-01-20,Udinese,Atalanta,0.418061,1.28447,1,1
2021-01-22,Benevento,Torino,1.60271,1.4463,2,2
2021-01-23,AC Milan,Atalanta,1.74436,2.39517,0,3
2021-01-23,Fiorentina,Crotone,1.03932,0.611551,2,1
2021-01-23,Roma,Spezia,2.59451,1.46005,4,3
2021-01-23,Udinese,Inter,0.210828,0.725987,0,0
2021-01-24,Genoa,Cagliari,2.49498,1.27481,1,0
2021-01-24,Juventus,Bologna,3.5214,0.43025,2,0
2021-01-24,Lazio,Sassuolo,2.00707,0.657277,2,1
2021-01-24,Parma Calcio 1913,Sampdoria,1.05418,2.1892,0,2
2021-01-24,Verona,Napoli,2.35109,0.903544,3,1
2021-01-29,Torino,Fiorentina,2.16367,1.48381,1,1
2021-01-30,Bologna,AC Milan,1.3455,3.3292,1,2
2021-01-30,Inter,Benevento,1.65732,0.0,4,0
2021-01-30,Sampdoria,Juventus,0.240857,1.63913,0,2
2021-01-31,Atalanta,Lazio,1.18024,2.39061,1,3
2021-01-31,Cagliari,Sassuolo,0.879547,1.89569,1,1
2021-01-31,Crotone,Genoa,0.63775,1.25048,0,3
2021-01-31,Napoli,Parma Calcio 1913,1.05768,0.540369,2,0
2021-01-31,Roma,Verona,2.18476,0.728479,3,1
2021-01-31,Spezia,Udinese,0.816035,1.20302,0,1
2021-02-05,Fiorentina,Inter,0.54225,2.48145,0,2
2021-02-06,Atalanta,Torino,2.05759,2.80114,3,3
2021-02-06,Genoa,Napoli,1.09369,2.09283,2,1
2021-02-06,Juventus,Roma,0.251055,0.652535,2,0
2021-02-06,Sassuolo,Spezia,0.974042,1.65222,1,2
2021-02-07,AC Milan,Crotone,3.26629,0.483519,4,0
2021-02-07,Benevento,Sampdoria,0.949104,1.70084,1,1
2021-02-07,Lazio,Cagliari,1.0166,1.23787,1,0
2021-02-07,Parma Calcio 1913,Bologna,0.787202,1.45085,0,3
2021-02-07,Udinese,Verona,2.21674,0.324304,2,0
2021-02-12,Bologna,Benevento,1.91922,0.80004,1,1
2021-02-13,Napoli,Juventus,1.05643,2.01493,1,0
2021-02-13,Spezia,AC Milan,1.33279,0.522191,2,0
2021-02-13,Torino,Genoa,0.406879,0.209162,0,0
2021-02-14,Cagliari,Atalanta,0.203346,0.966776,0,1
2021-02-14,Crotone,Sassuolo,0.737979,2.7814,1,2
2021-02-14,Inter,Lazio,2.41606,0.975673,3,1
2021-02-14,Roma,Udinese,2.98143,0.310308,3,0
2021-02-14,Sampdoria,Fiorentina,1.37373,1.28041,2,1
2021-02-15,Verona,Parma Calcio 1913,1.25993,1.28195,2,1
2021-02-19,Cagliari,Torino,0.804795,1.16138,0,1
2021-02-19,Fiorentina,Spezia,2.08276,0.854682,3,0
2021-02-20,Genoa,Verona,0.942869,1.17826,2,2
2021-02-20,Lazio,Sampdoria,1.36887,1.27226,1,0
2021-02-20,Sassuolo,Bologna,1.75431,0.547118,1,1
2021-02-21,AC Milan,Inter,0.707265,2.95518,0,3
2021-02-21,Atalanta,Napoli,2.68448,0.624734,4,2
2021-02-21,Benevento,Roma,0.24834,0.917367,0,0
2021-02-21,Parma Calcio 1913,Udinese,2.71894,1.34636,2,2
2021-02-22,Juventus,Crotone,4.42058,0.654355,3,0
2021-02-27,Bologna,Lazio,1.30451,2.4983,2,0
2021-02-27,Spezia,Parma Calcio 1913,1.50261,1.22437,2,2
2021-02-27,Verona,Juventus,0.7004,1.22214,1,1
2021-02-28,Crotone,Cagliari,0.859768,1.47542,0,2
2021-02-28,Inter,Genoa,2.85565,0.104998,3,0
2021-02-28,Napoli,Benevento,2.34858,0.430179,2,0
2021-02-28,Roma,AC Milan,1.198,3.2493,1,2
2021-02-28,Sampdoria,Atalanta,0.459133,1.37431,0,2
2021-02-28,Udinese,Fiorentina,1.00916,0.393598,1,0
2021-03-02,Juventus,Spezia,2.61694,1.26299,3,0
2021-03-03,AC Milan,Udinese,1.31277,0.772446,1,1
2021-03-03,Atalanta,Crotone,3.83419,0.599388,5,1
2021-03-03,Benevento,Verona,0.345715,1.81493,0,3
2021-03-03,Cagliari,Bologna,0.918475,0.572194,1,0
2021-03-03,Fiorentina,Roma,0.44021,1.38176,1,2
2021-03-03,Genoa,Sampdoria,0.282448,0.554452,1,1
2021-03-03,Sassuolo,Napoli,2.4724,2.54342,3,3
2021-03-04,Parma Calcio 1913,Inter,0.807935,3.45928,1,2
2021-03-06,Juventus,Lazio,1.44911,0.876141,3,1
2021-03-06,Spezia,Benevento,1.68194,0.319654,1,1
2021-03-06,Udinese,Sassuolo,1.7241,0.944927,2,0
2021-03-07,Crotone,Torino,2.60234,1.97011,4,2
2021-03-07,Fiorentina,Parma Calcio 1913,1.2552,2.66766,3,3
2021-03-07,Napoli,Bologna,1.22462,0.770095,3,1
2021-03-07,Roma,Genoa,1.11292,0.22588,1,0
2021-03-07,Sampdoria,Cagliari,0.52749,0.979884,2,2
2021-03-07,Verona,AC Milan,1.12134,1.02359,0,2
2021-03-08,Inter,Atalanta,0.181511,0.676989,1,0
2021-03-12,Atalanta,Spezia,2.01267,1.24595,3,1
2021-03-12,Lazio,Crotone,2.70511,1.38008,3,2
2021-03-13,Benevento,Fiorentina,1.543,2.26928,1,4
2021-03-13,Genoa,Udinese,1.64784,1.91532,1,1
2021-03-13,Sassuolo,Verona,1.56376,1.47961,3,2
2021-03-14,AC Milan,Napoli,1.48364,1.34959,0,1
2021-03-14,Bologna,Sampdoria,2.26652,1.56796,3,1
2021-03-14,Cagliari,Juventus,0.656951,2.33997,1,3
2021-03-14,Parma Calcio 1913,Roma,2.09688,1.6811,2,0
2021-03-14,Torino,Inter,1.35492,2.51476,1,2
2021-03-17,Torino,Sassuolo,2.1526,1.41405,3,2
2021-03-19,Parma Calcio 1913,Genoa,2.09686,0.896292,1,2
2021-03-20,Crotone,Bologna,1.94617,3.85076,2,3
2021-03-20,Spezia,Cagliari,1.03827,2.95218,2,1
2021-03-21,Fiorentina,AC Milan,0.445056,1.83261,2,3
2021-03-21,Juventus,Benevento,2.31196,0.247326,0,1
2021-03-21,Roma,Napoli,0.733296,1.07404,0,2
2021-03-21,Sampdoria,Torino,0.774348,0.739358,1,0
2021-03-21,Udinese,Lazio,1.92074,1.51277,0,1
2021-03-21,Verona,Atalanta,0.145024,2.06793,0,2
2021-04-03,AC Milan,Sampdoria,0.96551,1.01539,1,1
2021-04-03,Atalanta,Udinese,2.63099,0.738068,3,2
2021-04-03,Benevento,Parma Calcio 1913,1.38823,1.2091,2,2
2021-04-03,Bologna,Inter,1.26861,2.12357,0,1
2021-04-03,Cagliari,Verona,1.24308,1.30136,0,2
2021-04-03,Genoa,Fiorentina,1.18401,0.905325,1,1
2021-04-03,Lazio,Spezia,2.36513,0.938101,2,1
2021-04-03,Napoli,Crotone,3.45014,1.17165,4,3
2021-04-03,Sassuolo,Roma,3.38116,1.55499,2,2
2021-04-03,Torino,Juventus,1.15909,3.29698,2,2
2021-04-07,Inter,Sassuolo,1.27678,0.868116,2,1
2021-04-07,Juventus,Napoli,1.61051,1.36435,2,1
2021-04-10,Parma Calcio 1913,AC Milan,1.7023,1.0074,1,3
2021-04-10,Spezia,Crotone,1.39234,1.43962,3,2
2021-04-10,Udinese,Torino,1.03189,1.53854,0,1
2021-04-11,Fiorentina,Atalanta,1.28762,3.07955,2,3
2021-04-11,Inter,Cagliari,1.25573,0.242059,1,0
2021-04-11,Juventus,Genoa,2.82825,1.47493,3,1
2021-04-11,Roma,Bologna,1.3735,2.0125,1,0
2021-04-11,Sampdoria,Napoli,0.904896,1.89882,0,2
2021-04-11,Verona,Lazio,0.215489,0.457956,0,1
2021-04-12,Benevento,Sassuolo,0.392283,1.28252,0,1
2021-04-17,Cagliari,Parma Calcio 1913,2.36238,1.6174,4,3
2021-04-17,Crotone,Udinese,1.56852,0.827427,1,2
2021-04-17,Sampdoria,Verona,1.94443,1.31995,3,1
2021-04-17,Sassuolo,Fiorentina,2.27601,0.777004,3,1
2021-04-18,AC Milan,Genoa,1.21528,1.31309,2,1
2021-04-18,Atalanta,Juventus,0.979557,0.795659,1,0
2021-04-18,Bologna,Spezia,3.12881,0.532614,4,1
2021-04-18,Lazio,Benevento,3.64262,1.40017,5,3
2021-04-18,Napoli,Inter,0.584142,1.0199,1,1
2021-04-18,Torino,Roma,3.37014,1.507,3,1
2021-04-20,Verona,Fiorentina,1.9565,1.14388,1,2
2021-04-21,AC Milan,Sassuolo,1.11244,2.13785,1,2
2021-04-21,Bologna,Torino,0.327911,1.85996,1,1
2021-04-21,Crotone,Sampdoria,0.688921,2.0374,0,1
2021-04-21,Genoa,Benevento,1.28057,1.03972,2,2
2021-04-21,Juventus,Parma Calcio 1913,2.49694,1.3096,3,1
2021-04-21,Spezia,Inter,0.0315577,2.88353,1,1
2021-04-21,Udinese,Cagliari,0.764035,1.37919,0,1
2021-04-22,Napoli,Lazio,1.59439,1.43947,5,2
2021-04-22,Roma,Atalanta,1.11253,2.39045,1,1
2021-04-24,Genoa,Spezia,2.46449,0.932413,2,0
2021-04-24,Parma Calcio 1913,Crotone,2.13448,2.71958,3,4
2021-04-24,Sassuolo,Sampdoria,1.66072,0.986504,1,0
2021-04-25,Atalanta,Bologna,4.45853,0.901726,5,0
2021-04-25,Benevento,Udinese,2.51862,1.34953,2,4
2021-04-25,Cagliari,Roma,1.26292,1.58437,3,2
2021-04-25,Fiorentina,Juventus,1.21138,1.15603,1,1
2021-04-25,Inter,Verona,0.85992,1.06135,1,0
2021-04-26,Lazio,AC Milan,2.28486,1.83,3,0
2021-04-26,Torino,Napoli,1.04779,3.0505,0,2
2021-05-01,AC Milan,Benevento,3.44683,0.742758,2,0
2021-05-01,Crotone,Inter,0.759966,2.34169,0,2
2021-05-01,Verona,Spezia,2.04122,1.17641,1,1
2021-05-02,Bologna,Fiorentina,1.93952,2.01163,3,3
2021-05-02,Lazio,Genoa,2.90489,1.12186,4,3
2021-05-02,Napoli,Cagliari,2.9066,1.88547,1,1
2021-05-02,Sampdoria,Roma,1.37262,1.63837,2,0
2021-05-02,Sassuolo,Atalanta,1.26321,1.94826,1,1
2021-05-02,Udinese,Juventus,0.372087,2.79425,1,2
2021-05-03,Torino,Parma Calcio 1913,1.35363,0.402756,1,0
2021-05-08,Fiorentina,Lazio,1.42543,0.980945,2,0
2021-05-08,Inter,Sampdoria,1.95771,1.4093,5,1
2021-05-08,Spezia,Napoli,1.27161,2.32097,1,4
2021-05-08,Udinese,Bologna,0.488745,2.52775,1,1
2021-05-09,Benevento,Cagliari,1.11891,1.94848,1,3
2021-05-09,Genoa,Sassuolo,0.749499,1.91968,1,2
2021-05-09,Juventus,AC Milan,1.10288,1.22848,0,3
2021-05-09,Parma Calcio 1913,Atalanta,1.05585,3.16517,2,5
2021-05-09,Roma,Crotone,2.34234,0.285602,5,0
2021-05-09,Verona,Torino,1.76249,0.858971,1,1
2021-05-11,Napoli,Udinese,3.38173,0.186833,5,1
2021-05-12,Atalanta,Benevento,1.79069,0.183599,2,0
2021-05-12,Bologna,Genoa,2.30788,1.65544,0,2
2021-05-12,Cagliari,Fiorentina,0.346121,0.10611,0,0
2021-05-12,Inter,Roma,2.30537,0.961595,3,1
2021-05-12,Lazio,Parma Calcio 1913,1.35561,0.569751,1,0
2021-05-12,Sampdoria,Spezia,1.83643,2.7592,2,2
2021-05-12,Sassuolo,Juventus,2.23729,1.36904,1,3
2021-05-12,Torino,AC Milan,0.86194,4.30596,0,7
2021-05-13,Crotone,Verona,0.646392,0.622067,2,1
2021-05-15,Genoa,Atalanta,1.7247,2.28339,3,4
2021-05-15,Juventus,Inter,3.16532,1.34382,3,2
2021-05-15,Roma,Lazio,1.03543,0.765258,2,0
2021-05-15,Spezia,Torino,2.73126,0.940601,4,1
2021-05-16,AC Milan,Cagliari,1.40469,0.425678,0,0
2021-05-16,Benevento,Crotone,1.7951,1.10271,1,1
2021-05-16,Fiorentina,Napoli,0.344483,1.90774,0,2
2021-05-16,Parma Calcio 1913,Sassuolo,0.998801,2.48538,1,3
2021-05-16,Udinese,Sampdoria,0.344524,1.40036,0,1
2021-05-17,Verona,Bologna,1.98719,2.04284,2,2
2021-05-18,Lazio,Torino,2.14691,0.280579,0,0
2021-05-22,Cagliari,Genoa,2.16617,1.63375,0,1
2021-05-22,Crotone,Fiorentina,2.41313,0.470867,0,0
2021-05-22,Sampdoria,Parma Calcio 1913,1.34869,0.720234,3,0
2021-05-23,Atalanta,AC Milan,0.61287,2.06325,0,2
2021-05-23,Bologna,Juventus,1.06031,3.63043,1,4
2021-05-23,Inter,Udinese,3.52785,1.16043,5,1
2021-05-23,Napoli,Verona,1.57132,0.51703,1,1
2021-05-23,Sassuolo,Lazio,1.9712,0.974681,2,0
2021-05-23,Spezia,Roma,2.87459,2.72274,2,2
2021-05-23,Torino,Benevento,1.35452,0.349447,1,1
2021-08-21,Empoli,Lazio,1.13436,1.78152,1,3
2021-08-21,Inter,Genoa,2.20707,0.967177,4,0
2021-08-21,Torino,Atalanta,0.864837,1.01343,1,2
2021-08-21,Verona,Sassuolo,2.25155,1.86679,2,3
2021-08-22,Bologna,Salernitana,1.72577,1.63711,3,2
2021-08-22,Napoli,Venezia,2.39159,0.60988,2,0
2021-08-22,Roma,Fiorentina,2.75414,0.867167,3,1
2021-08-22,Udinese,Juventus,2.08573,1.49379,2,2
2021-08-23,Cagliari,Spezia,3.28935,1.03088,2,2
2021-08-23,Sampdoria,AC Milan,1.24757,0.804449,0,1
2021-08-27,Udinese,Venezia,3.01783,0.908926,3,0
2021-08-27,Verona,Inter,0.603998,1.8369,1,3
2021-08-28,Atalanta,Bologna,0.989249,0.41987,0,0
2021-08-28,Fiorentina,Torino,0.53999,0.293784,2,1
2021-08-28,Juventus,Empoli,1.81566,1.10327,0,1
2021-08-28,Lazio,Spezia,2.71713,0.735352,6,1
2021-08-29,AC Milan,Cagliari,2.67169,0.406709,4,1
2021-08-29,Genoa,Napoli,0.339332,1.15407,1,2
2021-08-29,Salernitana,Roma,0.221399,1.88679,0,4
2021-08-29,Sassuolo,Sampdoria,1.22815,0.577075,0,0
2021-09-11,Atalanta,Fiorentina,2.11526,1.81465,1,2
2021-09-11,Empoli,Venezia,1.88537,2.43118,1,2
2021-09-11,Napoli,Juventus,2.18708,1.56057,2,1
2021-09-12,AC Milan,Lazio,3.47807,0.24655,2,0
2021-09-12,Cagliari,Genoa,1.83111,1.25494,2,3
2021-09-12,Roma,Sassuolo,2.32713,2.09991,2,1
2021-09-12,Sampdoria,Inter,1.46613,0.965476,2,2
2021-09-12,Spezia,Udinese,0.788419,0.78059,0,1
2021-09-12,Torino,Salernitana,2.9969,0.252452,4,0
2021-09-13,Bologna,Verona,1.25512,0.315142,1,0
2021-09-17,Sassuolo,Torino,0.79628,2.48473,0,1
2021-09-18,Genoa,Fiorentina,1.28373,1.12359,1,2
2021-09-18,Inter,Bologna,4.28011,0.855616,6,1
2021-09-18,Salernitana,Atalanta,0.792486,1.38299,0,1
2021-09-19,Empoli,Sampdoria,0.927264,1.34865,0,3
2021-09-19,Juventus,AC Milan,1.31518,1.04896,1,1
2021-09-19,Lazio,Cagliari,1.72557,1.91594,2,2
2021-09-19,Venezia,Spezia,0.805717,0.478482,1,2
2021-09-19,Verona,Roma,1.02132,0.661729,3,2
2021-09-20,Udinese,Napoli,0.243458,3.30273,0,4
2021-09-21,Atalanta,Sassuolo,2.10813,0.911464,2,1
2021-09-21,Bologna,Genoa,2.2881,1.69881,2,2
2021-09-21,Fiorentina,Inter,1.733,2.73737,1,3
2021-09-22,AC Milan,Venezia,2.11409,0.581225,2,0
2021-09-22,Cagliari,Empoli,0.754694,1.14537,0,2
2021-09-22,Salernitana,Verona,2.68942,2.06188,2,2
2021-09-22,Spezia,Juventus,1.03395,2.54565,2,3
2021-09-23,Roma,Udinese,1.383,0.809534,1,0
2021-09-23,Sampdoria,Napoli,0.56857,2.10601,0,4
2021-09-23,Torino,Lazio,1.27244,0.846161,1,1
2021-09-25,Genoa,Verona,1.43713,2.07264,3,3
2021-09-25,Inter,Atalanta,3.52091,1.50237,2,2
2021-09-25,Spezia,AC Milan,0.953769,1.74102,1,2
2021-09-26,Empoli,Bologna,1.47687,2.49784,4,2
2021-09-26,Juventus,Sampdoria,2.62795,0.600946,3,2
2021-09-26,Lazio,Roma,2.48417,1.84369,3,2
2021-09-26,Napoli,Cagliari,2.05833,0.153322,2,0
2021-09-26,Sassuolo,Salernitana,1.60845,1.16385,1,0
2021-09-26,Udinese,Fiorentina,0.492029,1.13861,0,1
2021-09-27,Venezia,Torino,1.5265,0.8526,1,1
2021-10-01,Cagliari,Venezia,0.658426,0.486148,1,1
2021-10-02,Salernitana,Genoa,0.547267,1.58603,1,0
2021-10-02,Sassuolo,Inter,1.61921,2.04169,1,2
2021-10-02,Torino,Juventus,0.908329,1.89552,0,1
2021-10-03,Atalanta,AC Milan,2.63096,2.50955,2,3
2021-10-03,Bologna,Lazio,0.778479,0.96271,3,0
2021-10-03,Fiorentina,Napoli,0.383136,1.64223,1,2
2021-10-03,Roma,Empoli,1.8551,0.43764,2,0
2021-10-03,Sampdoria,Udinese,1.52931,3.28192,3,3
2021-10-03,Verona,Spezia,0.690616,1.57689,4,0
2021-10-16,AC Milan,Verona,1.51852,1.58319,3,2
2021-10-16,Lazio,Inter,2.31397,1.44791,3,1
2021-10-16,Spezia,Salernitana,1.67718,1.60938,2,1
2021-10-17,Cagliari,Sampdoria,1.50713,1.78619,3,1
2021-10-17,Empoli,Atalanta,0.575048,3.83506,1,4
2021-10-17,Genoa,Sassuolo,1.38414,2.8217,2,2
2021-10-17,Juventus,Roma,1.46974,1.4565,1,0
2021-10-17,Napoli,Torino,1.32917,1.07482,1,0
2021-10-17,Udinese,Bologna,1.35716,1.49614,1,1
2021-10-18,Venezia,Fiorentina,0.794394,0.42719,1,0
2021-10-22,Sampdoria,Spezia,0.974056,1.05608,2,1
2021-10-22,Torino,Genoa,2.2411,2.35473,3,2
2021-10-23,Bologna,AC Milan,0.631007,0.90866,2,4
2021-10-23,Salernitana,Empoli,1.37213,2.83049,2,4
2021-10-23,Sassuolo,Venezia,2.13069,0.506648,3,1
2021-10-24,Atalanta,Udinese,0.629032,0.667553,1,1
2021-10-24,Fiorentina,Cagliari,3.1216,0.119909,3,0
2021-10-24,Inter,Juventus,0.961912,1.34492,1,1
2021-10-24,Roma,Napoli,1.6324,0.593957,0,0
2021-10-24,Verona,Lazio,3.536,1.42458,4,1
2021-10-26,AC Milan,Torino,1.12486,0.488007,1,0
2021-10-26,Spezia,Genoa,2.40615,1.0654,1,1
2021-10-26,Venezia,Salernitana,0.62413,1.52483,1,2
2021-10-27,Cagliari,Roma,1.31963,2.49703,1,2
2021-10-27,Empoli,Inter,0.542985,3.07924,0,2
2021-10-27,Juventus,Sassuolo,1.15204,1.12654,1,2
2021-10-27,Lazio,Fiorentina,0.637443,0.517761,1,0
2021-10-27,Sampdoria,Atalanta,0.984824,1.98512,1,3
2021-10-27,Udinese,Verona,0.940667,0.843224,1,1
2021-10-28,Napoli,Bologna,2.67727,0.251648,3,0
2021-10-30,Atalanta,Lazio,0.723746,1.4355,2,2
2021-10-30,Torino,Sampdoria,2.61562,0.249004,3,0
2021-10-30,Verona,Juventus,1.57716,1.78968,2,1
2021-10-31,Fiorentina,Spezia,2.8175,0.0882599,3,0
2021-10-31,Genoa,Venezia,0.720997,0.488128,0,0
2021-10-31,Inter,Udinese,2.0569,0.303819,2,0
2021-10-31,Roma,AC Milan,1.25894,1.86101,1,2
2021-10-31,Salernitana,Napoli,0.405769,1.54055,0,1
2021-10-31,Sassuolo,Empoli,1.24312,1.4834,1,2
2021-11-01,Bologna,Cagliari,1.7361,0.403517,2,0
2021-11-05,Empoli,Genoa,0.745284,1.69731,2,2
2021-11-06,Cagliari,Atalanta,0.510728,3.54195,1,2
2021-11-06,Juventus,Fiorentina,0.984607,0.320219,1,0
2021-11-06,Spezia,Torino,0.333765,0.420439,1,0
2021-11-07,AC Milan,Inter,1.15715,2.34764,1,1
2021-11-07,Lazio,Salernitana,1.67971,0.239577,3,0
2021-11-07,Napoli,Verona,0.800943,1.22561,1,1
2021-11-07,Sampdoria,Bologna,1.05575,1.86418,1,2
2021-11-07,Udinese,Sassuolo,1.59111,0.694033,3,2
2021-11-07,Venezia,Roma,3.22538,2.76533,3,2
2021-11-20,Atalanta,Spezia,2.5762,0.928225,5,2
2021-11-20,Fiorentina,AC Milan,1.50869,1.57419,4,3
2021-11-20,Lazio,Juventus,0.254933,2.76719,0,2
2021-11-21,Bologna,Venezia,0.995082,1.01889,0,1
2021-11-21,Genoa,Roma,0.102684,2.34272,0,2
2021-11-21,Inter,Napoli,2.19596,0.941603,3,2
2021-11-21,Salernitana,Sampdoria,0.982098,1.52856,0,2
2021-11-21,Sassuolo,Cagliari,3.47952,1.23102,2,2
2021-11-22,Torino,Udinese,1.93566,1.00294,2,1
2021-11-22,Verona,Empoli,1.30231,1.56263,2,1
2021-11-26,Cagliari,Salernitana,1.71881,0.238047,1,1
2021-11-27,Empoli,Fiorentina,2.14107,2.39546,2,1
2021-11-27,Juventus,Atalanta,0.818174,0.573467,0,1
2021-11-27,Sampdoria,Verona,0.75047,0.697659,3,1
2021-11-27,Venezia,Inter,0.192519,2.60343,0,2
2021-11-28,AC Milan,Sassuolo,0.880541,1.18489,1,3
2021-11-28,Napoli,Lazio,1.19531,0.272761,4,0
2021-11-28,Roma,Torino,0.962178,0.798443,1,0
2021-11-28,Spezia,Bologna,0.638423,2.54608,0,1
2021-11-28,Udinese,Genoa,0.782758,0.602047,0,0
2021-11-30,Atalanta,Venezia,2.90312,0.520194,4,0
2021-11-30,Fiorentina,Sampdoria,2.87335,0.634027,3,1
2021-11-30,Salernitana,Juventus,0.461655,2.54436,0,2
2021-11-30,Verona,Cagliari,1.16014,0.575054,0,0
2021-12-01,Bologna,Roma,0.220551,0.90512,1,0
2021-12-01,Genoa,AC Milan,0.357508,1.10251,0,3
2021-12-01,Inter,Spezia,2.85144,0.25153,2,0
2021-12-01,Sassuolo,Napoli,0.306603,0.922552,2,2
2021-12-02,Lazio,Udinese,1.45921,2.04224,4,4
2021-12-02,Torino,Empoli,1.37796,0.972492,2,2
2021-12-04,AC Milan,Salernitana,2.58223,0.194258,2,0
2021-12-04,Napoli,Atalanta,1.11737,1.52971,2,3
2021-12-04,Roma,Inter,0.530518,1.67407,0,3
2021-12-05,Bologna,Fiorentina,0.587444,1.21379,2,3
2021-12-05,Juventus,Genoa,3.00541,0.0,2,0
2021-12-05,Sampdoria,Lazio,1.14767,1.15156,1,3
2021-12-05,Spezia,Sassuolo,2.36057,1.4473,2,2
2021-12-05,Venezia,Verona,1.48718,2.08845,3,4
2021-12-06,Cagliari,Torino,1.20956,1.90192,1,1
2021-12-06,Empoli,Udinese,2.02523,2.08721,3,1
2021-12-10,Genoa,Sampdoria,1.01041,2.02929,1,3
2021-12-11,Fiorentina,Salernitana,2.74247,0.924612,4,0
2021-12-11,Udinese,AC Milan,2.28394,1.15102,1,1
2021-12-11,Venezia,Juventus,0.433734,1.53897,1,1
2021-12-12,Inter,Cagliari,3.63912,0.222398,4,0
2021-12-12,Napoli,Empoli,1.61708,0.644488,0,1
2021-12-12,Sassuolo,Lazio,0.893952,0.733536,2,1
2021-12-12,Torino,Bologna,2.12527,0.945252,2,1
2021-12-12,Verona,Atalanta,0.996933,1.01933,1,2
2021-12-13,Roma,Spezia,2.29875,0.609287,2,0
2021-12-17,Lazio,Genoa,2.07083,0.172789,3,1
2021-12-17,Salernitana,Inter,1.09173,3.31333,0,5
2021-12-18,Atalanta,Roma,1.47111,1.99516,1,4
2021-12-18,Bologna,Juventus,0.844256,1.39683,0,2
2021-12-18,Cagliari,Udinese,0.183657,0.521701,0,4
2021-12-19,AC Milan,Napoli,0.369086,0.994378,0,1
2021-12-19,Fiorentina,Sassuolo,2.26952,1.00122,2,2
2021-12-19,Sampdoria,Venezia,1.80875,0.811355,1,1
2021-12-19,Spezia,Empoli,1.36967,1.224,1,1
2021-12-19,Torino,Verona,0.860761,0.261412,1,0
2021-12-21,Genoa,Atalanta,0.0227283,1.41779,0,0
2021-12-21,Juventus,Cagliari,2.24385,1.13484,2,0
2021-12-22,Empoli,AC Milan,1.66086,1.96497,2,4
2021-12-22,Inter,Torino,1.02989,0.536356,1,0
2021-12-22,Napoli,Spezia,1.45364,0.355079,0,1
2021-12-22,Roma,Sampdoria,1.45266,1.18082,1,1
2021-12-22,Sassuolo,Bologna,0.775996,1.4889,0,3
2021-12-22,Venezia,Lazio,0.755959,1.55202,1,3
2021-12-22,Verona,Fiorentina,0.948779,1.28925,1,1
2022-01-06,AC Milan,Roma,3.01902,0.861234,3,1
2022-01-06,Juventus,Napoli,1.07965,0.884683,1,1
2022-01-06,Lazio,Empoli,3.09009,2.15425,3,3
2022-01-06,Sampdoria,Cagliari,0.731494,2.18965,1,2
2022-01-06,Sassuolo,Genoa,2.1565,0.213242,1,1
2022-01-06,Spezia,Verona,1.32415,2.16034,1,2
2022-01-09,Empoli,Sassuolo,1.02555,4.0481,1,5
2022-01-09,Genoa,Spezia,0.956415,1.75709,0,1
2022-01-09,Inter,Lazio,2.15451,0.747451,2,1
2022-01-09,Napoli,Sampdoria,1.42942,0.369245,1,0
2022-01-09,Roma,Juventus,2.53255,1.45001,3,4
2022-01-09,Udinese,Atalanta,0.725694,3.65946,2,6
2022-01-09,Venezia,AC Milan,0.511301,3.87292,0,3
2022-01-09,Verona,Salernitana,1.38469,1.28422,1,2
2022-01-10,Torino,Fiorentina,2.52401,0.472644,4,0
2022-01-11,Cagliari,Bologna,1.47121,0.693001,2,1
2022-01-15,Juventus,Udinese,1.70532,0.552532,2,0
2022-01-15,Salernitana,Lazio,0.232152,1.73777,0,3
2022-01-15,Sampdoria,Torino,1.28669,1.31237,1,2
2022-01-16,Atalanta,Inter,1.51513,1.50653,0,0
2022-01-16,Roma,Cagliari,2.01468,0.642616,1,0
2022-01-16,Sassuolo,Verona,0.85553,4.11644,2,4
2022-01-16,Venezia,Empoli,1.03771,1.12304,1,1
2022-01-17,AC Milan,Spezia,2.85028,1.56746,1,2
2022-01-17,Bologna,Napoli,0.80171,2.20066,0,2
2022-01-17,Fiorentina,Genoa,3.75618,0.0786195,6,0
2022-01-21,Verona,Bologna,2.05174,0.416668,2,1
2022-01-22,Genoa,Udinese,1.73379,0.0599026,0,0
2022-01-22,Inter,Venezia,2.86895,0.222828,2,1
2022-01-22,Lazio,Atalanta,0.272931,0.310955,0,0
2022-01-23,AC Milan,Juventus,0.705495,0.352915,0,0
2022-01-23,Cagliari,Fiorentina,2.42279,2.56091,1,1
2022-01-23,Empoli,Roma,1.23141,2.17975,2,4
2022-01-23,Napoli,Salernitana,4.54865,0.0822889,4,1
2022-01-23,Spezia,Sampdoria,0.529956,0.438332,1,0
2022-01-23,Torino,Sassuolo,3.25065,0.628281,1,1
2022-02-05,Fiorentina,Lazio,0.709615,2.48806,0,3
2022-02-05,Inter,AC Milan,1.06379,1.17012,1,2
2022-02-05,Roma,Genoa,1.4581,0.537092,0,0
2022-02-06,Atalanta,Cagliari,0.983984,1.62586,1,2
2022-02-06,Bologna,Empoli,0.553308,1.87705,0,0
2022-02-06,Juventus,Verona,1.38424,0.434667,2,0
2022-02-06,Sampdoria,Sassuolo,2.41944,1.32565,4,0
2022-02-06,Udinese,Torino,1.18272,0.231176,2,0
2022-02-06,Venezia,Napoli,0.387253,1.79731,0,2
2022-02-07,Salernitana,Spezia,0.419799,1.99832,2,2
2022-02-12,Lazio,Bologna,2.15933,0.975118,3,0
2022-02-12,Napoli,Inter,1.87896,0.770409,1,1
2022-02-12,Torino,Venezia,0.545957,0.468815,1,2
2022-02-13,AC Milan,Sampdoria,1.58606,0.171196,1,0
2022-02-13,Atalanta,Juventus,2.4593,1.04207,1,1
2022-02-13,Empoli,Cagliari,0.62072,0.833332,1,1
2022-02-13,Genoa,Salernitana,2.59108,0.96554,1,1
2022-02-13,Sassuolo,Roma,1.08187,1.74236,2,2
2022-02-13,Verona,Udinese,0.622109,1.01066,4,0
2022-02-14,Spezia,Fiorentina,0.489481,2.36382,1,2
2022-02-18,Juventus,Torino,0.773842,0.848296,1,1
2022-02-19,Roma,Verona,0.31384,0.82269,2,2
2022-02-19,Salernitana,AC Milan,0.602765,1.20115,2,2
2022-02-19,Sampdoria,Empoli,0.565043,1.31858,2,0
2022-02-20,Fiorentina,Atalanta,0.71376,0.402145,1,0
2022-02-20,Inter,Sassuolo,3.34692,1.94409,0,2
2022-02-20,Udinese,Lazio,1.84915,1.33877,1,1
2022-02-20,Venezia,Genoa,1.09963,1.76519,1,1
2022-02-21,Bologna,Spezia,2.0119,0.262135,2,1
2022-02-21,Cagliari,Napoli,2.24847,1.45257,1,1
2022-02-25,AC Milan,Udinese,0.778008,0.698483,1,1
2022-02-25,Genoa,Inter,0.770871,1.15904,0,0
2022-02-26,Empoli,Juventus,1.37121,2.13647,2,3
2022-02-26,Salernitana,Bologna,1.32318,0.611632,1,1
2022-02-26,Sassuolo,Fiorentina,1.72605,2.13772,2,1
2022-02-27,Lazio,Napoli,1.43139,0.849244,1,2
2022-02-27,Spezia,Roma,0.364313,4.55711,0,1
2022-02-27,Torino,Cagliari,1.3681,1.69853,1,2
2022-02-27,Verona,Venezia,3.53339,0.974017,3,1
2022-02-28,Atalanta,Sampdoria,2.69433,0.476071,4,0
2022-03-04,Inter,Salernitana,4.69296,0.836976,5,0
2022-03-05,Cagliari,Lazio,0.596491,2.68261,0,3
2022-03-05,Roma,Atalanta,1.74727,1.05953,1,0
2022-03-05,Udinese,Sampdoria,2.57043,0.661531,2,1
2022-03-06,Bologna,Torino,0.24493,0.754248,0,0
2022-03-06,Fiorentina,Verona,1.53524,0.97388,1,1
2022-03-06,Genoa,Empoli,1.26288,0.319298,0,0
2022-03-06,Juventus,Spezia,1.41795,0.984779,1,0
2022-03-06,Napoli,AC Milan,0.377216,1.29857,0,1
2022-03-06,Venezia,Sassuolo,3.09905,3.70614,1,4
2022-03-12,AC Milan,Empoli,0.868404,0.69889,1,0
2022-03-12,Salernitana,Sassuolo,1.63738,1.5945,2,2
2022-03-12,Sampdoria,Juventus,1.39467,1.43772,1,3
2022-03-12,Spezia,Cagliari,2.30067,0.490723,2,0
2022-03-13,Atalanta,Genoa,1.1714,0.731994,0,0
2022-03-13,Fiorentina,Bologna,2.74019,0.966761,1,0
2022-03-13,Torino,Inter,2.30248,2.6573,1,1
2022-03-13,Udinese,Roma,0.92821,1.07674,1,1
2022-03-13,Verona,Napoli,0.870895,2.06949,1,2
2022-03-14,Lazio,Venezia,1.45542,0.399391,1,0
2022-03-18,Genoa,Torino,0.953473,0.517226,1,0
2022-03-18,Sassuolo,Spezia,2.44051,0.28431,4,1
2022-03-19,Cagliari,AC Milan,0.748068,2.41621,0,1
2022-03-19,Inter,Fiorentina,0.996394,1.05358,1,1
2022-03-19,Napoli,Udinese,1.28206,0.771369,2,1
2022-03-20,Bologna,Atalanta,1.59506,1.58088,0,1
2022-03-20,Empoli,Verona,0.934289,1.54465,1,1
2022-03-20,Juventus,Salernitana,2.40548,0.438066,2,0
2022-03-20,Roma,Lazio,2.47701,0.358377,3,0
2022-03-20,Venezia,Sampdoria,1.64587,1.39567,0,2
2022-04-02,Lazio,Sassuolo,2.09117,1.71478,2,1
2022-04-02,Salernitana,Torino,1.08204,1.45234,0,1
2022-04-02,Spezia,Venezia,1.14124,0.53455,1,0
2022-04-03,Atalanta,Napoli,1.66786,1.84682,1,3
2022-04-03,Fiorentina,Empoli,1.71922,0.207616,1,0
2022-04-03,Juventus,Inter,1.89815,1.0453,0,1
2022-04-03,Sampdoria,Roma,0.449626,1.1837,0,1
2022-04-03,Udinese,Cagliari,5.37396,0.256503,5,1
2022-04-04,AC Milan,Bologna,1.83563,0.79281,0,0
2022-04-04,Verona,Genoa,1.209,0.709184,1,0
2022-04-09,Cagliari,Juventus,0.213416,1.58167,1,2
2022-04-09,Empoli,Spezia,0.888808,1.52229,0,0
2022-04-09,Inter,Verona,2.68092,0.916591,2,0
2022-04-10,Genoa,Lazio,0.57986,2.15663,1,4
2022-04-10,Napoli,Fiorentina,1.45436,0.894842,2,3
2022-04-10,Roma,Salernitana,1.95563,0.544663,2,1
2022-04-10,Sassuolo,Atalanta,1.66107,1.85636,2,1
2022-04-10,Torino,AC Milan,0.635906,0.691935,0,0
2022-04-10,Venezia,Udinese,1.18437,3.08444,1,2
2022-04-11,Bologna,Sampdoria,2.56257,0.566838,2,0
2022-04-15,AC Milan,Genoa,1.81517,0.252167,2,0
2022-04-15,Spezia,Inter,0.413811,2.74371,1,3
2022-04-16,Cagliari,Sassuolo,1.90806,0.294539,1,0
2022-04-16,Fiorentina,Venezia,3.78568,0.131667,1,0
2022-04-16,Juventus,Bologna,2.24238,0.991401,1,1
2022-04-16,Lazio,Torino,0.987224,0.981319,1,1
2022-04-16,Sampdoria,Salernitana,0.90485,0.505369,1,2
2022-04-16,Udinese,Empoli,1.12137,1.96032,4,1
2022-04-18,Atalanta,Verona,1.27003,3.74719,1,2
2022-04-18,Napoli,Roma,1.2951,1.34625,1,1
2022-04-20,Udinese,Salernitana,0.480919,1.09235,0,1
2022-04-23,Inter,Roma,1.78507,1.23184,3,1
2022-04-23,Torino,Spezia,2.68611,0.989529,2,1
2022-04-23,Venezia,Atalanta,0.703396,3.55103,1,3
2022-04-23,Verona,Sampdoria,1.42671,0.913747,1,1
2022-04-24,Bologna,Udinese,0.933408,1.71422,2,2
2022-04-24,Empoli,Napoli,1.80347,1.30674,3,2
2022-04-24,Genoa,Cagliari,0.72812,0.923392,1,0
2022-04-24,Lazio,AC Milan,0.75325,2.45325,1,2
2022-04-24,Salernitana,Fiorentina,1.32457,0.507881,2,1
2022-04-25,Sassuolo,Juventus,1.3833,0.54335,1,2
2022-04-27,Atalanta,Torino,2.63289,2.44099,4,4
2022-04-27,Bologna,Inter,1.38147,2.44323,2,1
2022-04-27,Fiorentina,Udinese,2.81473,3.3303,0,4
2022-04-30,Cagliari,Verona,0.698699,1.5873,1,2
2022-04-30,Napoli,Sassuolo,3.24407,1.15108,6,1
2022-04-30,Sampdoria,Genoa,1.54966,1.54661,1,0
2022-04-30,Spezia,Lazio,1.59858,3.13613,3,4
2022-05-01,AC Milan,Fiorentina,1.54898,0.516032,1,0
2022-05-01,Empoli,Torino,0.722045,3.02504,1,3
2022-05-01,Juventus,Venezia,2.2771,0.746217,2,1
2022-05-01,Roma,Bologna,0.985697,1.44805,0,0
2022-05-01,Udinese,Inter,1.22718,2.52307,1,2
2022-05-02,Atalanta,Salernitana,1.48441,1.4366,1,1
2022-05-05,Salernitana,Venezia,1.97941,1.32167,2,1
2022-05-06,Genoa,Juventus,3.11452,1.95852,2,1
2022-05-06,Inter,Empoli,5.56052,0.682871,4,2
2022-05-07,Lazio,Sampdoria,2.35961,0.726496,2,0
2022-05-07,Sassuolo,Udinese,1.50599,2.43382,1,1
2022-05-07,Torino,Napoli,0.569398,1.5765,0,1
2022-05-08,Salernitana,Cagliari,1.62897,0.382997,1,1
2022-05-08,Spezia,Atalanta,1.09582,2.4171,1,3
2022-05-08,Venezia,Bologna,2.47386,2.42822,4,3
2022-05-08,Verona,AC Milan,1.07974,3.12506,1,3
2022-05-09,Fiorentina,Roma,1.70341,0.580624,2,0
2022-05-14,Empoli,Salernitana,1.76936,3.34278,1,1
2022-05-14,Roma,Venezia,3.01714,0.343274,1,1
2022-05-14,Udinese,Spezia,1.40244,2.64896,2,3
2022-05-14,Verona,Torino,0.692798,1.74109,0,1
2022-05-15,AC Milan,Atalanta,1.53356,0.779491,2,0
2022-05-15,Bologna,Sassuolo,1.64743,2.61319,1,3
2022-05-15,Cagliari,Inter,0.669726,2.63086,1,3
2022-05-15,Napoli,Genoa,2.3453,1.0345,3,0
2022-05-16,Juventus,Lazio,0.767731,0.839523,2,2
2022-05-16,Sampdoria,Fiorentina,1.7651,1.57284,4,1
2022-05-20,Torino,Roma,0.516826,2.72468,0,3
2022-05-21,Atalanta,Empoli,3.27816,0.290017,0,1
2022-05-21,Fiorentina,Juventus,1.38571,0.0655878,2,0
2022-05-21,Genoa,Bologna,0.916093,1.06929,0,1
2022-05-21,Lazio,Verona,3.45526,1.97266,3,3
2022-05-22,Inter,Sampdoria,2.96426,0.836763,3,0
2022-05-22,Salernitana,Udinese,2.38256,2.36064,0,4
2022-05-22,Sassuolo,AC Milan,0.293355,4.00571,0,3
2022-05-22,Spezia,Napoli,1.70411,1.7779,0,3
2022-05-22,Venezia,Cagliari,0.665291,1.57535,0,0
2022-08-13,AC Milan,Udinese,2.68095,0.439661,4,2
2022-08-13,Lecce,Inter,0.752988,2.52817,1,2
2022-08-13,Monza,Torino,1.0301,3.13646,1,2
2022-08-13,Sampdoria,Atalanta,0.617683,2.28675,0,2
2022-08-14,Fiorentina,Cremonese,2.01254,1.76638,3,2
2022-08-14,Lazio,Bologna,0.709672,1.59632,2,1
2022-08-14,Salernitana,Roma,0.505094,2.98256,0,1
2022-08-14,Spezia,Empoli,0.861875,0.987781,1,0
2022-08-15,Juventus,Sassuolo,2.24204,0.878583,3,0
2022-08-15,Verona,Napoli,1.13087,2.79803,2,5
2022-08-20,Inter,Spezia,2.62744,0.482897,3,0
2022-08-20,Sassuolo,Lecce,0.803483,0.703764,1,0
2022-08-20,Torino,Lazio,0.996405,0.713273,0,0
2022-08-20,Udinese,Salernitana,1.42871,1.50184,0,0
2022-08-21,Atalanta,AC Milan,0.538424,1.53637,1,1
2022-08-21,Bologna,Verona,1.13475,2.46808,1,1
2022-08-21,Empoli,Fiorentina,0.757409,0.796219,0,0
2022-08-21,Napoli,Monza,3.26352,0.121476,4,0
2022-08-22,Roma,Cremonese,2.91426,0.508942,1,0
2022-08-22,Sampdoria,Juventus,0.948831,0.807606,0,0
2022-08-26,Lazio,Inter,0.997005,1.62842,3,1
2022-08-26,Monza,Udinese,0.988468,2.26189,1,2
2022-08-27,AC Milan,Bologna,2.83694,0.505259,2,0
2022-08-27,Cremonese,Torino,0.815757,2.71403,1,2
2022-08-27,Juventus,Roma,0.633345,0.963959,1,1
2022-08-27,Spezia,Sassuolo,1.17548,2.83921,2,2
2022-08-28,Fiorentina,Napoli,0.381649,1.68549,0,0
2022-08-28,Lecce,Empoli,0.813378,0.37813,1,1
2022-08-28,Salernitana,Sampdoria,1.76461,1.66897,4,0
2022-08-28,Verona,Atalanta,0.369511,0.843159,0,1
2022-08-30,Inter,Cremonese,2.79797,1.06761,3,1
2022-08-30,Roma,Monza,2.67127,0.560728,3,0
2022-08-30,Sassuolo,AC Milan,1.06304,0.914316,0,0
2022-08-31,Empoli,Verona,0.778503,0.589249,1,1
2022-08-31,Juventus,Spezia,1.76503,0.175145,2,0
2022-08-31,Napoli,Lecce,2.00236,1.02186,1,1
2022-08-31,Sampdoria,Lazio,0.740992,1.61049,1,1
2022-08-31,Udinese,Fiorentina,0.879492,0.44345,1,0
2022-09-01,Atalanta,Torino,2.86971,0.398647,3,1
2022-09-01,Bologna,Salernitana,1.96131,1.19651,1,1
2022-09-03,AC Milan,Inter,1.63731,2.07688,3,2
2022-09-03,Fiorentina,Juventus,1.83258,1.07522,1,1
2022-09-03,Lazio,Napoli,0.299785,2.0197,1,2
2022-09-04,Cremonese,Sassuolo,0.417337,1.70824,0,0
2022-09-04,Spezia,Bologna,1.06255,1.02319,2,2
2022-09-04,Udinese,Roma,1.28199,0.862157,4,0
2022-09-04,Verona,Sampdoria,2.3433,0.798714,2,1
2022-09-05,Monza,Atalanta,0.943464,1.94986,0,2
2022-09-05,Salernitana,Empoli,1.80811,0.984719,2,2
2022-09-05,Torino,Lecce,1.0247,0.451427,1,0
2022-09-10,Inter,Torino,1.53614,0.594956,1,0
2022-09-10,Napoli,Spezia,1.94628,0.664499,1,0
2022-09-10,Sampdoria,AC Milan,0.923014,1.6646,1,2
2022-09-11,Atalanta,Cremonese,0.636633,0.620155,1,1
2022-09-11,Bologna,Fiorentina,1.25233,1.17879,2,1
2022-09-11,Juventus,Salernitana,1.83929,2.07448,2,2
2022-09-11,Lazio,Verona,1.84525,0.40445,2,0
2022-09-11,Lecce,Monza,1.46903,0.0823778,1,1
2022-09-11,Sassuolo,Udinese,0.349641,2.21222,1,3
2022-09-12,Empoli,Roma,1.15196,3.83699,1,2
2022-09-16,Salernitana,Lecce,1.08144,1.30867,1,2
2022-09-17,Bologna,Empoli,1.7821,1.66438,0,1
2022-09-17,Spezia,Sampdoria,1.02757,1.01245,2,1
2022-09-17,Torino,Sassuolo,0.672322,0.480221,0,1
2022-09-18,AC Milan,Napoli,2.2547,1.17973,1,2
2022-09-18,Cremonese,Lazio,0.992274,3.61789,0,4
2022-09-18,Fiorentina,Verona,2.8313,0.608308,2,0
2022-09-18,Monza,Juventus,2.52643,1.20518,1,0
2022-09-18,Roma,Atalanta,3.28059,0.144998,0,1
2022-09-18,Udinese,Inter,1.29565,0.991896,3,1
2022-10-01,Empoli,AC Milan,1.01178,2.6069,1,3
2022-10-01,Inter,Roma,0.76194,1.03755,1,2
2022-10-01,Napoli,Torino,1.18491,0.741608,3,1
2022-10-02,Atalanta,Fiorentina,1.64453,0.638248,1,0
2022-10-02,Juventus,Bologna,2.51162,0.330255,3,0
2022-10-02,Lazio,Spezia,3.03467,0.852447,4,0
2022-10-02,Lecce,Cremonese,0.945844,1.55939,1,1
2022-10-02,Sampdoria,Monza,0.0814991,1.2288,0,3
2022-10-02,Sassuolo,Salernitana,3.21976,0.568495,5,0
2022-10-03,Verona,Udinese,0.284674,2.17728,1,2
2022-10-08,AC Milan,Juventus,2.30469,0.673421,2,0
2022-10-08,Bologna,Sampdoria,0.669175,0.823033,1,1
2022-10-08,Sassuolo,Inter,1.10218,2.81804,1,2
2022-10-09,Cremonese,Napoli,0.762438,4.47078,1,4
2022-10-09,Monza,Spezia,0.763016,0.534751,2,0
2022-10-09,Roma,Lecce,3.61927,0.326132,2,1
2022-10-09,Salernitana,Verona,0.975817,0.947745,2,1
2022-10-09,Torino,Empoli,2.73808,0.14731,1,1
2022-10-09,Udinese,Atalanta,1.11402,1.97537,2,2
2022-10-10,Fiorentina,Lazio,2.60463,2.19633,0,4
2022-10-15,Atalanta,Sassuolo,2.59044,0.538078,2,1
2022-10-15,Empoli,Monza,2.16532,0.834003,1,0
2022-10-15,Torino,Juventus,0.517644,2.34335,0,1
2022-10-16,Inter,Salernitana,1.81451,0.250149,2,0
2022-10-16,Lazio,Udinese,0.687074,0.690342,0,0
2022-10-16,Napoli,Bologna,4.47916,1.05317,3,2
2022-10-16,Spezia,Cremonese,1.09416,2.46395,2,2
2022-10-16,Verona,AC Milan,1.93604,1.7368,1,2
2022-10-17,Lecce,Fiorentina,1.61529,0.356946,1,1
2022-10-17,Sampdoria,Roma,0.263194,2.60212,0,1
2022-10-21,Juventus,Empoli,3.78986,0.507227,4,0
2022-10-22,AC Milan,Monza,1.23023,1.32964,4,1
2022-10-22,Fiorentina,Inter,1.27024,2.51989,3,4
2022-10-22,Salernitana,Spezia,1.91377,0.685579,1,0
2022-10-23,Atalanta,Lazio,0.874683,0.911832,0,2
2022-10-23,Bologna,Lecce,2.1232,0.336101,2,0
2022-10-23,Roma,Napoli,0.209646,0.867955,0,1
2022-10-23,Udinese,Torino,1.40576,1.17556,1,2
2022-10-24,Cremonese,Sampdoria,1.72584,1.19704,0,1
2022-10-24,Sassuolo,Verona,1.45562,1.60903,2,1
2022-10-29,Inter,Sampdoria,2.52781,0.332522,3,0
2022-10-29,Lecce,Juventus,0.166187,0.512337,0,1
2022-10-29,Napoli,Sassuolo,2.46208,1.0297,4,0
2022-10-30,Cremonese,Udinese,0.639202,1.46552,0,0
2022-10-30,Empoli,Atalanta,0.655562,3.40094,0,2
2022-10-30,Lazio,Salernitana,1.97581,1.42108,1,3
2022-10-30,Spezia,Fiorentina,1.61425,1.5294,1,2
2022-10-30,Torino,AC Milan,0.912695,1.05623,2,1
2022-10-31,Monza,Bologna,1.09073,1.16962,1,2
2022-10-31,Verona,Roma,0.288065,3.03255,1,3
2022-11-04,Udinese,Lecce,1.65337,0.842155,1,1
2022-11-05,AC Milan,Spezia,3.4076,1.44997,2,1
2022-11-05,Atalanta,Napoli,2.79481,1.76328,1,2
2022-11-05,Empoli,Sassuolo,0.963,0.724143,1,0
2022-11-05,Salernitana,Cremonese,1.57799,1.6138,2,2
2022-11-06,Bologna,Torino,2.44593,1.01138,2,1
2022-11-06,Juventus,Inter,1.55487,1.51619,2,0
2022-11-06,Monza,Verona,0.739437,0.247304,2,0
2022-11-06,Roma,Lazio,0.378495,0.538797,0,1
2022-11-06,Sampdoria,Fiorentina,0.800046,1.24199,0,2
2022-11-08,Cremonese,AC Milan,0.192159,1.2958,0,0
2022-11-08,Napoli,Empoli,1.89523,0.205301,2,0
2022-11-08,Spezia,Udinese,2.3694,0.507712,1,1
2022-11-09,Fiorentina,Salernitana,2.52973,0.542105,2,1
2022-11-09,Inter,Bologna,2.78307,0.657702,6,1
2022-11-09,Lecce,Atalanta,1.78957,1.27623,2,1
2022-11-09,Sassuolo,Roma,1.24506,0.758794,1,1
2022-11-09,Torino,Sampdoria,0.479941,0.613268,2,0
2022-11-10,Lazio,Monza,1.30785,0.578178,1,0
2022-11-10,Verona,Juventus,1.14515,0.877959,0,1
2022-11-11,Empoli,Cremonese,2.652,1.34565,2,0
2022-11-12,Bologna,Sassuolo,0.761979,0.793558,3,0
2022-11-12,Napoli,Udinese,1.52943,1.00653,3,2
2022-11-12,Sampdoria,Lecce,0.852999,1.067,0,2
2022-11-13,AC Milan,Fiorentina,1.96799,0.85798,2,1
2022-11-13,Atalanta,Inter,2.06229,1.93052,2,3
2022-11-13,Juventus,Lazio,1.70269,0.38627,3,0
2022-11-13,Monza,Salernitana,3.0821,0.218377,3,0
2022-11-13,Roma,Torino,1.34528,0.847683,1,1
2022-11-13,Verona,Spezia,2.16554,0.752225,1,2
2023-01-04,Cremonese,Juventus,0.698907,1.61459,0,1
2023-01-04,Fiorentina,Monza,1.48692,1.54126,1,1
2023-01-04,Inter,Napoli,1.4695,1.09463,1,0
2023-01-04,Lecce,Lazio,1.17761,0.706207,2,1
2023-01-04,Roma,Bologna,2.08071,0.752989,1,0
2023-01-04,Salernitana,AC Milan,0.680121,3.81282,1,2
2023-01-04,Sassuolo,Sampdoria,1.44975,0.851384,1,2
2023-01-04,Spezia,Atalanta,1.39353,1.80642,2,2
2023-01-04,Torino,Verona,0.468743,1.41144,1,1
2023-01-04,Udinese,Empoli,1.31671,0.660856,1,1
2023-01-07,Fiorentina,Sassuolo,3.08538,1.75424,2,1
2023-01-07,Juventus,Udinese,2.59304,0.306949,1,0
2023-01-07,Monza,Inter,1.4187,1.61501,2,2
2023-01-08,AC Milan,Roma,1.09082,1.10865,2,2
2023-01-08,Lazio,Empoli,1.31242,0.59916,2,2
2023-01-08,Salernitana,Torino,0.58108,2.37677,1,1
2023-01-08,Sampdoria,Napoli,0.384407,3.41709,0,2
2023-01-08,Spezia,Lecce,0.657345,0.956499,0,0
2023-01-09,Bologna,Atalanta,0.386319,0.685431,1,2
2023-01-09,Verona,Cremonese,1.92775,0.810314,2,0
2023-01-13,Napoli,Juventus,2.23581,0.962617,5,1
2023-01-14,Cremonese,Monza,0.456418,2.49329,2,3
2023-01-14,Inter,Verona,0.608402,0.183795,1,0
2023-01-14,Lecce,AC Milan,1.82563,1.51192,2,2
2023-01-15,Atalanta,Salernitana,3.21868,0.535222,8,2
2023-01-15,Roma,Fiorentina,1.21585,0.377978,2,0
2023-01-15,Sassuolo,Lazio,0.701271,2.79068,0,2
2023-01-15,Torino,Spezia,0.944969,1.56177,0,1
2023-01-15,Udinese,Bologna,2.44779,1.96519,1,2
2023-01-16,Empoli,Sampdoria,1.95693,1.17611,1,0
2023-01-21,Fiorentina,Torino,1.02747,0.770286,0,1
2023-01-21,Salernitana,Napoli,0.480227,1.82215,0,2
2023-01-21,Verona,Lecce,0.625033,0.835357,2,0
2023-01-22,Juventus,Atalanta,1.91809,1.16585,3,3
2023-01-22,Monza,Sassuolo,0.965924,1.70695,1,1
2023-01-22,Sampdoria,Udinese,1.60507,1.57295,0,1
2023-01-22,Spezia,Roma,0.227346,1.9435,0,2
2023-01-23,Bologna,Cremonese,0.850469,1.79982,1,1
2023-01-23,Inter,Empoli,1.39728,0.854487,0,1
2023-01-24,Lazio,AC Milan,2.81178,1.04083,4,0
2023-01-27,Bologna,Spezia,1.86506,0.485936,2,0
2023-01-27,Lecce,Salernitana,1.3906,0.767336,1,2
2023-01-28,Atalanta,Sampdoria,1.82577,0.960106,2,0
2023-01-28,Cremonese,Inter,0.723453,2.37567,1,2
2023-01-28,Empoli,Torino,0.785973,1.26398,2,2
2023-01-29,AC Milan,Sassuolo,0.500004,2.07278,2,5
2023-01-29,Juventus,Monza,1.37709,1.37396,0,2
2023-01-29,Lazio,Fiorentina,1.25871,1.27234,1,1
2023-01-29,Napoli,Roma,1.00111,0.840248,2,1
2023-01-30,Udinese,Verona,2.4832,0.486279,1,1
2023-02-04,Cremonese,Lecce,0.597112,1.5587,0,2
2023-02-04,Roma,Empoli,2.2831,1.42102,2,0
2023-02-04,Sassuolo,Atalanta,1.11218,0.295481,1,0
2023-02-05,Fiorentina,Bologna,1.33534,1.82438,1,2
2023-02-05,Inter,AC Milan,0.7617,0.20882,1,0
2023-02-05,Spezia,Napoli,0.407354,1.80405,0,3
2023-02-05,Torino,Udinese,1.39626,0.461006,1,0
2023-02-06,Monza,Sampdoria,2.17396,1.5131,2,2
2023-02-06,Verona,Lazio,1.21157,0.755429,1,1
2023-02-07,Salernitana,Juventus,0.516144,2.89699,0,3
2023-02-10,AC Milan,Torino,1.73339,0.762177,1,0
2023-02-11,Empoli,Spezia,1.31083,1.85869,2,2
2023-02-11,Lazio,Atalanta,0.750085,3.35025,0,2
2023-02-11,Lecce,Roma,0.385596,1.9116,1,1
2023-02-12,Bologna,Monza,0.435137,0.771658,0,1
2023-02-12,Juventus,Fiorentina,1.48805,0.664528,1,0
2023-02-12,Napoli,Cremonese,1.88832,0.15718,3,0
2023-02-12,Udinese,Sassuolo,1.26596,0.366407,2,2
2023-02-13,Sampdoria,Inter,0.478178,1.53473,0,0
2023-02-13,Verona,Salernitana,1.41093,0.83116,1,0
2023-02-17,Sassuolo,Napoli,0.834544,2.16647,0,2
2023-02-18,Inter,Udinese,2.73622,0.640201,3,1
2023-02-18,Monza,AC Milan,0.406294,2.86999,0,1
2023-02-18,Sampdoria,Bologna,2.60391,0.714025,1,2
2023-02-19,Atalanta,Lecce,1.41005,0.522898,1,2
2023-02-19,Fiorentina,Empoli,2.15571,0.627418,1,1
2023-02-19,Roma,Verona,1.21643,0.578592,1,0
2023-02-19,Salernitana,Lazio,0.337378,3.08929,0,2
2023-02-19,Spezia,Juventus,0.836135,1.414,0,2
2023-02-20,Torino,Cremonese,2.40761,0.488613,2,2
2023-02-25,Empoli,Napoli,0.380337,2.54452,0,2
2023-02-25,Lecce,Sassuolo,1.1937,1.0752,0,1
2023-02-26,AC Milan,Atalanta,2.09197,0.0994278,2,0
2023-02-26,Bologna,Inter,1.06501,1.14705,1,0
2023-02-26,Salernitana,Monza,2.5863,1.26116,3,0
2023-02-26,Udinese,Spezia,2.82563,2.0555,2,2
2023-02-27,Lazio,Sampdoria,1.57889,0.374617,1,0
2023-02-27,Verona,Fiorentina,1.79742,1.9106,0,3
2023-02-28,Cremonese,Roma,0.993955,0.650695,2,1
2023-02-28,Juventus,Torino,1.52038,0.972144,4,2
2023-03-03,Napoli,Lazio,0.772343,0.225477,0,1
2023-03-04,Atalanta,Udinese,1.48158,0.244798,0,0
2023-03-04,Fiorentina,AC Milan,2.04733,0.679884,2,1
2023-03-04,Monza,Empoli,0.966878,0.964274,2,1
2023-03-05,Inter,Lecce,0.936784,0.477087,2,0
2023-03-05,Roma,Juventus,0.534608,0.722595,1,0
2023-03-05,Sampdoria,Salernitana,0.554784,0.653093,0,0
2023-03-05,Spezia,Verona,1.17042,0.96044,0,0
2023-03-06,Sassuolo,Cremonese,1.04818,1.25832,3,2
2023-03-06,Torino,Bologna,1.03473,0.420593,1,0
2023-03-10,Spezia,Inter,0.979758,3.46552,2,1
2023-03-11,Bologna,Lazio,1.09225,0.559995,0,0
2023-03-11,Empoli,Udinese,1.15849,1.05986,0,1
2023-03-11,Napoli,Atalanta,1.40151,0.20196,2,0
2023-03-12,Cremonese,Fiorentina,1.43995,1.19417,0,2
2023-03-12,Juventus,Sampdoria,2.83726,0.487533,4,2
2023-03-12,Lecce,Torino,0.338149,1.11715,0,2
2023-03-12,Roma,Sassuolo,1.22501,3.41384,3,4
2023-03-12,Verona,Monza,0.584744,1.07345,1,1
2023-03-13,AC Milan,Salernitana,2.71062,0.675211,1,1
2023-03-17,Atalanta,Empoli,3.55256,1.32533,2,1
2023-03-17,Sassuolo,Spezia,2.0765,0.767389,1,0
2023-03-18,Monza,Cremonese,1.11436,0.723507,1,1
2023-03-18,Salernitana,Bologna,0.713612,0.363647,2,2
2023-03-18,Udinese,AC Milan,2.17412,1.83354,3,1
2023-03-19,Fiorentina,Lecce,1.30231,0.354619,1,0
2023-03-19,Inter,Juventus,1.07278,0.460517,0,1
2023-03-19,Lazio,Roma,0.734907,0.770783,1,0
2023-03-19,Sampdoria,Verona,1.63263,1.24738,3,1
2023-03-19,Torino,Napoli,1.42018,2.6715,0,4
2023-04-01,Cremonese,Atalanta,1.41841,3.0016,1,3
2023-04-01,Inter,Fiorentina,3.1446,1.31666,0,1
2023-04-01,Juventus,Verona,1.62901,0.406105,1,0
2023-04-02,Bologna,Udinese,1.29647,0.765574,3,0
2023-04-02,Monza,Lazio,1.54801,0.496678,0,2
2023-04-02,Napoli,AC Milan,1.17709,2.65298,0,4
2023-04-02,Roma,Sampdoria,3.16,0.249188,3,0
2023-04-02,Spezia,Salernitana,1.67704,1.06944,1,1
2023-04-03,Empoli,Lecce,1.78579,0.147883,1,0
2023-04-03,Sassuolo,Torino,1.37696,1.86965,1,1
2023-04-07,AC Milan,Empoli,2.23861,0.0994945,0,0
2023-04-07,Lecce,Napoli,0.812341,1.04784,1,2
2023-04-07,Salernitana,Inter,0.86082,2.98043,1,1
2023-04-08,Atalanta,Bologna,1.36434,1.48593,0,2
2023-04-08,Fiorentina,Spezia,0.920716,1.05143,1,1
2023-04-08,Lazio,Juventus,1.1873,2.18145,2,1
2023-04-08,Sampdoria,Cremonese,2.63086,1.12248,2,3
2023-04-08,Torino,Roma,0.256844,1.10917,0,1
2023-04-08,Udinese,Monza,1.59287,1.44568,2,2
2023-04-08,Verona,Sassuolo,0.274094,1.66876,2,1
2023-04-14,Cremonese,Empoli,1.06807,0.858907,1,0
2023-04-14,Spezia,Lazio,0.725806,3.07575,0,3
2023-04-15,Bologna,AC Milan,0.76877,1.40673,1,1
2023-04-15,Inter,Monza,1.89009,0.87771,0,1
2023-04-15,Napoli,Verona,0.325523,0.356606,0,0
2023-04-16,Lecce,Sampdoria,3.03997,0.668479,1,1
2023-04-16,Roma,Udinese,2.41542,1.13306,3,0
2023-04-16,Sassuolo,Juventus,1.13145,0.652728,1,0
2023-04-16,Torino,Salernitana,1.71858,0.495441,1,1
2023-04-17,Fiorentina,Atalanta,2.06843,0.717066,1,1
2023-04-21,Verona,Bologna,1.58693,1.54636,2,1
2023-04-22,Lazio,Torino,0.852358,0.805452,0,1
2023-04-22,Salernitana,Sassuolo,1.3216,0.548493,3,0
2023-04-22,Sampdoria,Spezia,1.77069,2.40982,1,1
2023-04-23,AC Milan,Lecce,0.96313,1.02889,2,0
2023-04-23,Empoli,Inter,0.643303,1.17139,0,3
2023-04-23,Juventus,Napoli,0.276119,1.73457,0,1
2023-04-23,Monza,Fiorentina,1.77358,1.23977,3,2
2023-04-23,Udinese,Cremonese,1.62407,0.996906,3,0
2023-04-24,Atalanta,Roma,1.14526,1.52876,3,1
2023-04-28,Lecce,Udinese,1.67129,0.438409,1,0
2023-04-28,Spezia,Monza,1.47171,1.13564,0,2
2023-04-29,Roma,AC Milan,1.17939,1.37361,1,1
2023-04-29,Torino,Atalanta,0.660685,0.732456,1,2
2023-04-30,Bologna,Juventus,1.94769,2.45408,1,1
2023-04-30,Cremonese,Verona,0.547558,0.863565,1,1
2023-04-30,Fiorentina,Sampdoria,2.0443,0.318861,5,0
2023-04-30,Inter,Lazio,2.82534,0.944853,3,1
2023-04-30,Napoli,Salernitana,1.92667,0.250709,1,1
2023-04-30,Sassuolo,Empoli,2.28513,0.792643,2,1
2023-05-03,AC Milan,Cremonese,2.0138,1.02505,1,1
2023-05-03,Atalanta,Spezia,0.894125,0.817784,3,2
2023-05-03,Juventus,Lecce,1.71206,1.3193,2,1
2023-05-03,Lazio,Sassuolo,1.99041,0.665627,2,0
2023-05-03,Monza,Roma,0.412432,1.28561,1,1
2023-05-03,Salernitana,Fiorentina,0.995581,1.68787,3,3
2023-05-03,Sampdoria,Torino,0.253121,2.16016,0,2
2023-05-03,Verona,Inter,0.654593,3.16521,0,6
2023-05-04,Empoli,Bologna,1.46309,1.83365,3,1
2023-05-04,Udinese,Napoli,0.32403,0.35022,1,1
2023-05-06,AC Milan,Lazio,1.41951,0.896204,2,0
2023-05-06,Cremonese,Spezia,0.7603,0.784032,2,0
2023-05-06,Roma,Inter,0.875041,1.22382,0,2
2023-05-07,Atalanta,Juventus,0.898943,1.43164,0,2
2023-05-07,Lecce,Verona,0.552346,0.591222,0,1
2023-05-07,Napoli,Fiorentina,1.90483,1.15411,1,0
2023-05-07,Torino,Monza,0.773939,0.689637,1,1
2023-05-08,Empoli,Salernitana,2.47536,0.46871,2,1
2023-05-08,Sassuolo,Bologna,0.308471,0.293231,1,1
2023-05-08,Udinese,Sampdoria,1.05129,0.576272,2,0
2023-05-12,Lazio,Lecce,1.35224,1.21029,2,2
2023-05-13,Inter,Sassuolo,1.4916,2.1993,4,2
2023-05-13,Salernitana,Atalanta,0.778212,1.38826,1,0
2023-05-13,Spezia,AC Milan,1.61806,0.877761,2,0
2023-05-14,Bologna,Roma,0.303645,1.35745,0,0
2023-05-14,Fiorentina,Udinese,2.33928,0.220248,2,0
2023-05-14,Juventus,Cremonese,1.80205,0.0587152,2,0
2023-05-14,Monza,Napoli,1.37675,1.11029,2,0
2023-05-14,Verona,Torino,0.409553,2.47106,0,1
2023-05-15,Sampdoria,Empoli,1.11997,1.13938,1,1
2023-05-19,Sassuolo,Monza,1.39346,1.72429,1,2
2023-05-20,AC Milan,Sampdoria,4.81134,0.349816,5,1
2023-05-20,Atalanta,Verona,0.969521,1.17131,3,1
2023-05-20,Cremonese,Bologna,0.994736,2.89722,1,5
2023-05-21,Lecce,Spezia,0.20276,0.714139,0,0
2023-05-21,Napoli,Inter,1.84578,0.730736,3,1
2023-05-21,Torino,Fiorentina,0.817959,0.697558,1,1
2023-05-21,Udinese,Lazio,0.434889,2.09062,0,1
2023-05-22,Empoli,Juventus,3.54313,2.20387,4,1
2023-05-22,Roma,Salernitana,1.28071,1.06809,2,2
2023-05-26,Sampdoria,Sassuolo,2.21953,3.04889,2,2
2023-05-27,Fiorentina,Roma,2.99896,1.26818,2,1
2023-05-27,Inter,Atalanta,2.4865,0.731442,3,2
2023-05-27,Salernitana,Udinese,0.980881,2.39811,3,2
2023-05-27,Spezia,Torino,1.05669,1.46948,0,4
2023-05-28,Bologna,Napoli,1.9362,2.0181,2,2
2023-05-28,Juventus,AC Milan,0.585437,0.662594,0,1
2023-05-28,Lazio,Cremonese,2.45341,0.381018,3,2
2023-05-28,Monza,Lecce,0.948514,1.1109,0,1
2023-05-28,Verona,Empoli,1.12855,1.11829,1,1
2023-06-02,Sassuolo,Fiorentina,1.03485,2.07081,1,3
2023-06-03,Cremonese,Salernitana,1.58052,0.396859,2,0
2023-06-03,Empoli,Lazio,0.271931,1.55959,0,2
2023-06-03,Torino,Inter,1.4179,0.879052,0,1
2023-06-04,AC Milan,Verona,2.26469,0.866359,3,1
2023-06-04,Atalanta,Monza,3.6609,1.4138,5,2
2023-06-04,Lecce,Bologna,1.21291,0.775712,2,3
2023-06-04,Napoli,Sampdoria,1.9182,0.64912,2,0
2023-06-04,Roma,Spezia,2.28038,1.10674,2,1
2023-06-04,Udinese,Juventus,0.955695,1.47447,0,1
2023-08-19,Empoli,Verona,0.844727,0.690842,0,1
2023-08-19,Frosinone,Napoli,0.871157,1.31464,1,3
2023-08-19,Genoa,Fiorentina,0.79732,1.1197,1,4
2023-08-19,Inter,Monza,2.49549,0.581247,2,0
2023-08-20,Lecce,Lazio,1.75411,2.22215,2,1
2023-08-20,Roma,Salernitana,2.00607,0.364297,2,2
2023-08-20,Sassuolo,Atalanta,0.381264,1.50058,0,2
2023-08-20,Udinese,Juventus,1.20988,1.86438,0,3
2023-08-21,Bologna,AC Milan,1.17349,1.1479,0,2
2023-08-21,Torino,Cagliari,1.03099,0.443184,0,0
2023-08-26,AC Milan,Torino,3.25277,0.563184,4,1
2023-08-26,Frosinone,Atalanta,0.760807,1.44199,2,1
2023-08-26,Monza,Empoli,2.0469,1.13824,2,0
2023-08-26,Verona,Roma,0.904461,2.00413,2,1
2023-08-27,Fiorentina,Lecce,1.51003,0.494028,2,2
2023-08-27,Juventus,Bologna,0.915803,0.687398,1,1
2023-08-27,Lazio,Genoa,0.937895,0.69511,0,1
2023-08-27,Napoli,Sassuolo,3.53489,0.145568,2,0
2023-08-28,Cagliari,Inter,0.484344,1.25423,0,2
2023-08-28,Salernitana,Udinese,0.559371,0.548425,1,1
2023-09-01,Roma,AC Milan,0.412392,1.62873,1,2
2023-09-01,Sassuolo,Verona,2.62139,0.555465,3,1
2023-09-02,Atalanta,Monza,1.96499,0.37036,3,0
2023-09-02,Bologna,Cagliari,2.8268,0.537052,2,1
2023-09-02,Napoli,Lazio,1.04344,1.04826,1,2
2023-09-02,Udinese,Frosinone,2.07837,2.41709,0,0
2023-09-03,Empoli,Juventus,0.304187,3.04937,0,2
2023-09-03,Inter,Fiorentina,5.21474,0.346607,4,0
2023-09-03,Lecce,Salernitana,1.83665,1.05367,2,0
2023-09-03,Torino,Genoa,0.481429,0.102008,1,0
2023-09-16,Genoa,Napoli,1.33007,0.984291,2,2
2023-09-16,Inter,AC Milan,2.95417,0.989611,5,1
2023-09-16,Juventus,Lazio,2.6734,0.704843,3,1
2023-09-17,Cagliari,Udinese,2.2007,0.836992,0,0
2023-09-17,Fiorentina,Atalanta,1.4533,0.632092,3,2
2023-09-17,Frosinone,Sassuolo,2.97022,1.93433,4,2
2023-09-17,Monza,Lecce,3.29559,0.895727,1,1
2023-09-17,Roma,Empoli,2.49292,0.166755,7,0
2023-09-18,Salernitana,Torino,0.694683,1.54562,0,3
2023-09-18,Verona,Bologna,0.408446,0.896605,0,0
2023-09-22,Lecce,Genoa,1.00903,0.532474,1,0
2023-09-22,Salernitana,Frosinone,0.834621,0.98737,1,1
2023-09-23,AC Milan,Verona,0.916672,0.845815,1,0
2023-09-23,Lazio,Monza,1.02354,1.80956,1,1
2023-09-23,Sassuolo,Juventus,1.74238,1.36816,4,2
2023-09-24,Atalanta,Cagliari,1.67724,1.00314,2,0
2023-09-24,Bologna,Napoli,0.184666,1.84847,0,0
2023-09-24,Empoli,Inter,0.330665,1.63518,0,1
2023-09-24,Torino,Roma,1.10678,1.10764,1,1
2023-09-24,Udinese,Fiorentina,2.40063,0.281122,0,2
2023-09-26,Juventus,Lecce,1.64987,0.0667791,1,0
2023-09-27,Cagliari,AC Milan,0.67613,2.10838,1,3
2023-09-27,Empoli,Salernitana,2.29107,0.477434,1,0
2023-09-27,Inter,Sassuolo,1.02458,1.02404,1,2
2023-09-27,Lazio,Torino,0.773684,0.213455,2,0
2023-09-27,Napoli,Udinese,3.70921,0.82191,4,1
2023-09-27,Verona,Atalanta,0.325267,1.38356,0,1
2023-09-28,Frosinone,Fiorentina,0.976021,1.45269,1,1
2023-09-28,Genoa,Roma,1.59801,1.29625,4,1
2023-09-28,Monza,Bologna,1.02777,1.04179,0,0
2023-09-30,AC Milan,Lazio,2.69178,0.502537,2,0
2023-09-30,Lecce,Napoli,0.612649,2.71689,0,4
2023-09-30,Salernitana,Inter,0.620122,2.5554,0,4
2023-10-01,Atalanta,Juventus,1.97735,0.203059,0,0
2023-10-01,Bologna,Empoli,3.28867,1.04905,3,0
2023-10-01,Roma,Frosinone,0.830718,0.791935,2,0
2023-10-01,Udinese,Genoa,1.53115,0.83333,2,2
2023-10-02,Fiorentina,Cagliari,1.52678,0.81356,3,0
2023-10-02,Sassuolo,Monza,1.49022,1.84951,0,1
2023-10-02,Torino,Verona,0.617691,0.273624,0,0
2023-10-06,Empoli,Udinese,1.00116,1.23968,0,0
2023-10-06,Lecce,Sassuolo,1.51817,1.74518,1,1
2023-10-07,Genoa,AC Milan,0.353901,0.898603,0,1
2023-10-07,Inter,Bologna,0.705274,1.04766,2,2
2023-10-07,Juventus,Torino,2.40906,0.592513,2,0
2023-10-08,Cagliari,Roma,1.76268,3.3327,1,4
2023-10-08,Frosinone,Verona,1.91977,0.506291,2,1
2023-10-08,Lazio,Atalanta,1.65045,1.0016,3,2
2023-10-08,Monza,Salernitana,3.73783,0.999628,3,0
2023-10-08,Napoli,Fiorentina,1.77418,1.76863,1,3
2023-10-21,Sassuolo,Lazio,0.319165,2.93562,0,2
2023-10-21,Torino,Inter,0.596799,2.44253,0,3
2023-10-21,Verona,Napoli,0.87241,2.65531,1,3
2023-10-22,AC Milan,Juventus,0.238518,1.80571,0,1
2023-10-22,Atalanta,Genoa,1.97081,1.04166,2,0
2023-10-22,Bologna,Frosinone,1.63336,1.42786,2,1
2023-10-22,Roma,Monza,2.53278,0.423669,1,0
2023-10-22,Salernitana,Cagliari,1.33333,1.4958,2,2
2023-10-23,Fiorentina,Empoli,0.764401,1.79488,0,2
2023-10-23,Udinese,Lecce,2.58184,0.808325,1,1
2023-10-27,Genoa,Salernitana,0.40726,0.778619,1,0
2023-10-28,Juventus,Verona,3.64831,0.318759,1,0
2023-10-28,Lecce,Torino,0.462357,1.33241,0,1
2023-10-28,Sassuolo,Bologna,0.864789,0.829724,1,1
2023-10-29,Cagliari,Frosinone,4.07472,1.29593,4,3
2023-10-29,Inter,Roma,2.25314,0.495306,1,0
2023-10-29,Monza,Udinese,0.40283,1.05616,1,1
2023-10-29,Napoli,AC Milan,1.50253,2.37489,2,2
2023-10-30,Empoli,Atalanta,0.271851,2.19175,0,3
2023-10-30,Lazio,Fiorentina,2.36178,0.389451,1,0
2023-11-03,Bologna,Lazio,0.698258,0.462021,1,0
2023-11-04,AC Milan,Udinese,1.28493,2.1049,0,1
2023-11-04,Atalanta,Inter,1.36089,1.39642,1,2
2023-11-04,Salernitana,Napoli,0.322231,1.67658,0,2
2023-11-05,Cagliari,Genoa,1.26944,0.669834,2,1
2023-11-05,Fiorentina,Juventus,0.675388,0.855784,0,1
2023-11-05,Roma,Lecce,2.55177,1.20256,2,1
2023-11-05,Verona,Monza,1.12724,1.39014,1,3
2023-11-06,Frosinone,Empoli,0.80376,1.87117,2,1
2023-11-06,Torino,Sassuolo,3.43408,0.499189,2,1
2023-11-10,Genoa,Verona,2.04226,0.2458,1,0
2023-11-10,Sassuolo,Salernitana,2.4684,0.946956,2,2
2023-11-11,Juventus,Cagliari,3.04248,0.477922,2,1
2023-11-11,Lecce,AC Milan,1.99035,2.22404,2,2
2023-11-11,Monza,Torino,1.16628,0.819686,1,1
2023-11-12,Fiorentina,Bologna,1.57435,2.31019,2,1
2023-11-12,Inter,Frosinone,3.2782,0.58612,2,0
2023-11-12,Lazio,Roma,0.398131,0.320262,0,0
2023-11-12,Napoli,Empoli,1.06052,0.38859,0,1
2023-11-12,Udinese,Atalanta,1.21433,0.575292,1,1
2023-11-25,AC Milan,Fiorentina,1.78395,1.69486,1,0
2023-11-25,Atalanta,Napoli,0.880466,2.51076,1,2
2023-11-25,Salernitana,Lazio,1.40102,1.83536,2,1
2023-11-26,Cagliari,Monza,1.58663,0.802396,1,1
2023-11-26,Empoli,Sassuolo,1.47716,2.97603,3,4
2023-11-26,Frosinone,Genoa,0.990501,1.82552,2,1
2023-11-26,Juventus,Inter,0.488914,0.692636,1,1
2023-11-26,Roma,Udinese,1.25942,0.532293,3,1
2023-11-27,Bologna,Torino,1.34938,0.573292,2,0
2023-11-27,Verona,Lecce,1.94683,1.52186,2,2
2023-12-01,Monza,Juventus,0.656513,2.95935,1,2
2023-12-02,AC Milan,Frosinone,1.01016,0.728766,3,1
2023-12-02,Genoa,Empoli,0.832928,0.753276,1,1
2023-12-02,Lazio,Cagliari,2.50417,0.613719,1,0
2023-12-03,Fiorentina,Salernitana,3.06935,0.780756,3,0
2023-12-03,Lecce,Bologna,1.65827,1.51659,1,1
2023-12-03,Napoli,Inter,0.787314,2.58503,0,3
2023-12-03,Sassuolo,Roma,0.916551,1.9994,1,2
2023-12-03,Udinese,Verona,2.14774,1.56674,3,3
2023-12-04,Torino,Atalanta,1.63866,0.345831,3,0
2023-12-08,Juventus,Napoli,0.662608,1.00524,1,0
2023-12-09,Atalanta,AC Milan,3.10106,1.00625,3,2
2023-12-09,Inter,Udinese,3.34151,0.847308,4,0
2023-12-09,Verona,Lazio,0.792676,1.01398,1,1
2023-12-10,Frosinone,Torino,1.50797,1.06355,0,0
2023-12-10,Monza,Genoa,0.67177,1.74997,1,0
2023-12-10,Roma,Fiorentina,0.702857,0.975261,1,1
2023-12-10,Salernitana,Bologna,0.601235,1.67302,1,2
2023-12-11,Cagliari,Sassuolo,1.2382,1.29012,2,1
2023-12-11,Empoli,Lecce,1.8919,0.985028,1,1
2023-12-15,Genoa,Juventus,0.844502,2.10424,1,1
2023-12-16,Lecce,Frosinone,0.729342,1.84133,2,1
2023-12-16,Napoli,Cagliari,3.03273,1.83831,2,1
2023-12-16,Torino,Empoli,2.11343,0.28927,1,0
2023-12-17,AC Milan,Monza,2.26584,1.42821,3,0
2023-12-17,Bologna,Roma,0.782175,0.566461,2,0
2023-12-17,Fiorentina,Verona,0.330363,2.92504,1,0
2023-12-17,Lazio,Inter,1.63799,1.69409,0,2
2023-12-17,Udinese,Sassuolo,0.750879,2.90114,2,2
2023-12-18,Atalanta,Salernitana,2.34764,0.976758,4,1
2023-12-22,Empoli,Lazio,0.659249,1.95383,0,2
2023-12-22,Monza,Fiorentina,0.659021,1.95676,0,1
2023-12-22,Salernitana,AC Milan,1.14336,2.9432,2,2
2023-12-22,Sassuolo,Genoa,2.17129,1.3709,1,2
2023-12-23,Bologna,Atalanta,0.986587,1.59382,1,0
2023-12-23,Frosinone,Juventus,0.495508,1.27523,1,2
2023-12-23,Inter,Lecce,3.28691,1.1279,2,0
2023-12-23,Roma,Napoli,2.06895,0.44093,2,0
2023-12-23,Torino,Udinese,0.666821,0.919531,1,1
2023-12-23,Verona,Cagliari,0.986759,1.20911,2,0
2023-12-29,Fiorentina,Torino,0.885643,0.439657,1,0
2023-12-29,Genoa,Inter,0.410279,1.8593,1,1
2023-12-29,Lazio,Frosinone,1.74892,1.13132,3,1
2023-12-29,Napoli,Monza,2.37308,1.09674,0,0
2023-12-30,AC Milan,Sassuolo,1.49842,0.40374,1,0
2023-12-30,Atalanta,Lecce,1.4919,1.38509,1,0
2023-12-30,Cagliari,Empoli,1.4357,0.222516,0,0
2023-12-30,Juventus,Roma,1.63273,0.39518,1,0
2023-12-30,Udinese,Bologna,1.53169,0.766703,3,0
2023-12-30,Verona,Salernitana,0.812164,0.768493,0,1
2024-01-05,Bologna,Genoa,1.35919,0.153342,1,1
2024-01-06,Frosinone,Monza,1.14998,1.45289,2,3
2024-01-06,Inter,Verona,2.12311,1.36479,2,1
2024-01-06,Lecce,Cagliari,1.61147,0.994223,1,1
2024-01-06,Sassuolo,Fiorentina,0.701861,1.4924,1,0
2024-01-07,Empoli,AC Milan,0.945682,1.51431,0,3
2024-01-07,Roma,Atalanta,2.58182,1.11144,1,1
2024-01-07,Salernitana,Juventus,0.930992,1.82515,1,2
2024-01-07,Torino,Napoli,2.13004,1.14787,3,0
2024-01-07,Udinese,Lazio,0.612027,0.498208,1,2
2024-01-13,Genoa,Torino,0.575708,0.30855,0,0
2024-01-13,Monza,Inter,1.07372,4.72502,1,5
2024-01-13,Napoli,Salernitana,2.73312,0.151576,2,1
2024-01-13,Verona,Empoli,1.25066,0.720625,2,1
2024-01-14,AC Milan,Roma,1.57355,1.23713,3,1
2024-01-14,Cagliari,Bologna,0.48909,0.738045,2,1
2024-01-14,Fiorentina,Udinese,1.66667,1.16643,2,2
2024-01-14,Lazio,Lecce,1.08287,0.971265,1,0
2024-01-15,Atalanta,Frosinone,4.91726,0.434507,5,0
2024-01-16,Juventus,Sassuolo,1.23237,0.29509,3,0
2024-01-20,Roma,Verona,1.4542,1.09599,2,1
2024-01-20,Udinese,AC Milan,0.813024,2.43121,2,3
2024-01-21,Empoli,Monza,1.78103,0.868813,3,0
2024-01-21,Frosinone,Cagliari,2.9278,0.599249,3,1
2024-01-21,Lecce,Juventus,0.493249,2.48407,0,3
2024-01-21,Salernitana,Genoa,1.1539,1.11078,1,2
2024-01-26,Cagliari,Torino,1.97593,2.42275,1,2
2024-01-27,AC Milan,Bologna,3.60116,2.07278,2,2
2024-01-27,Atalanta,Udinese,1.32201,0.616693,2,0
2024-01-27,Juventus,Empoli,0.990773,0.696403,1,1
2024-01-28,Fiorentina,Inter,1.89212,0.617311,0,1
2024-01-28,Genoa,Lecce,2.08542,2.29888,2,1
2024-01-28,Lazio,Napoli,0.414353,0.169707,0,0
2024-01-28,Monza,Sassuolo,0.419129,0.725542,1,0
2024-01-28,Verona,Frosinone,2.29871,1.66579,1,1
2024-01-29,Salernitana,Roma,1.42906,1.48834,1,2
2024-02-02,Lecce,Fiorentina,2.31602,1.07539,3,2
2024-02-03,Bologna,Sassuolo,0.889471,0.898681,4,2
2024-02-03,Empoli,Genoa,0.58479,0.577479,0,0
2024-02-03,Frosinone,AC Milan,1.0672,2.01173,2,3
2024-02-03,Udinese,Monza,0.780762,0.124799,0,0
2024-02-04,Atalanta,Lazio,2.87997,1.29656,3,1
2024-02-04,Inter,Juventus,1.64254,0.597312,1,0
2024-02-04,Napoli,Verona,1.97716,1.18484,2,1
2024-02-04,Torino,Salernitana,0.742534,0.0814573,0,0
2024-02-05,Roma,Cagliari,3.35931,0.503174,4,0
2024-02-09,Salernitana,Empoli,0.799924,2.14988,1,3
2024-02-10,Cagliari,Lazio,0.69339,1.60335,1,3
2024-02-10,Roma,Inter,1.00864,1.24183,2,4
2024-02-10,Sassuolo,Torino,0.803849,1.11139,1,1
2024-02-11,AC Milan,Napoli,1.37304,0.502118,1,0
2024-02-11,Bologna,Lecce,1.77523,1.10831,4,0
2024-02-11,Fiorentina,Frosinone,3.17846,1.2861,5,1
2024-02-11,Genoa,Atalanta,0.906299,2.84643,1,4
2024-02-11,Monza,Verona,0.831924,0.576842,0,0
2024-02-12,Juventus,Udinese,2.01527,1.13222,0,1
2024-02-14,Bologna,Fiorentina,2.65166,0.969673,2,0
2024-02-16,Inter,Salernitana,4.48759,0.0464174,4,0
2024-02-16,Torino,Lecce,1.52802,0.415653,2,0
2024-02-17,Atalanta,Sassuolo,5.00929,1.81361,3,0
2024-02-17,Napoli,Genoa,1.18788,0.285006,1,1
2024-02-17,Verona,Juventus,0.617246,1.80606,2,2
2024-02-18,Empoli,Fiorentina,0.945067,0.920295,1,1
2024-02-18,Frosinone,Roma,1.62402,1.81853,0,3
2024-02-18,Lazio,Bologna,1.14123,1.16044,1,2
2024-02-18,Monza,AC Milan,1.6186,1.33102,4,2
2024-02-18,Udinese,Cagliari,1.17588,0.817344,1,1
2024-02-22,Torino,Lazio,1.94911,0.352376,0,2
2024-02-23,Bologna,Verona,2.33279,0.701896,2,0
2024-02-24,Genoa,Udinese,1.62322,0.322829,2,0
2024-02-24,Salernitana,Monza,0.728802,2.6089,0,2
2024-02-24,Sassuolo,Empoli,1.60152,2.52542,2,3
2024-02-25,AC Milan,Atalanta,1.38915,1.06552,1,1
2024-02-25,Cagliari,Napoli,0.916353,1.46253,1,1
2024-02-25,Juventus,Frosinone,1.74414,0.570671,3,2
2024-02-25,Lecce,Inter,0.928229,3.07379,0,4
2024-02-26,Fiorentina,Lazio,3.86937,0.611852,2,1
2024-02-26,Roma,Torino,1.52399,0.551839,3,2
2024-02-28,Inter,Atalanta,2.91852,0.258264,4,0
2024-02-28,Sassuolo,Napoli,0.237572,2.7969,1,6
2024-03-01,Lazio,AC Milan,1.59899,0.849675,0,1
2024-03-02,Monza,Roma,1.01584,1.89657,1,4
2024-03-02,Torino,Fiorentina,0.561691,0.697752,0,0
2024-03-02,Udinese,Salernitana,1.98278,0.839171,1,1
2024-03-03,Atalanta,Bologna,1.20723,1.58258,1,2
2024-03-03,Empoli,Cagliari,1.50581,0.428646,0,1
2024-03-03,Frosinone,Lecce,1.53511,1.29494,1,1
2024-03-03,Napoli,Juventus,1.7764,2.0359,2,1
2024-03-03,Verona,Sassuolo,0.504318,0.360012,1,0
2024-03-04,Inter,Genoa,2.90423,1.17046,2,1
2024-03-08,Napoli,Torino,1.61516,1.12784,1,1
2024-03-09,Bologna,Inter,0.668681,0.81996,0,1
2024-03-09,Cagliari,Salernitana,3.41823,1.17253,4,2
2024-03-09,Genoa,Monza,1.81546,1.66208,2,3
2024-03-09,Sassuolo,Frosinone,0.596618,1.38509,1,0
2024-03-10,AC Milan,Empoli,0.988992,0.419598,1,0
2024-03-10,Fiorentina,Roma,2.47793,0.776614,2,2
2024-03-10,Juventus,Atalanta,1.66716,0.470912,2,2
2024-03-10,Lecce,Verona,1.03517,0.556534,0,1
2024-03-11,Lazio,Udinese,2.15139,1.48854,1,2
2024-03-15,Empoli,Bologna,0.868895,2.30568,0,1
2024-03-16,Frosinone,Lazio,1.90054,3.30539,2,3
2024-03-16,Monza,Cagliari,1.4436,0.443858,1,0
2024-03-16,Salernitana,Lecce,1.45145,2.01475,0,1
2024-03-16,Udinese,Torino,0.384805,1.54612,0,2
2024-03-17,Inter,Napoli,1.37916,1.36148,1,1
2024-03-17,Juventus,Genoa,1.38709,0.175513,0,0
2024-03-17,Roma,Sassuolo,0.858457,0.777601,1,0
2024-03-17,Verona,AC Milan,0.565727,2.75283,1,3
2024-03-30,Fiorentina,AC Milan,1.69969,3.17431,1,2
2024-03-30,Genoa,Frosinone,1.65796,1.00689,1,1
2024-03-30,Lazio,Juventus,1.24248,0.479175,1,0
2024-03-30,Napoli,Atalanta,1.83498,1.55904,0,3
2024-03-30,Torino,Monza,1.61585,0.560169,1,0
2024-04-01,Bologna,Salernitana,1.85322,0.702173,3,0
2024-04-01,Cagliari,Verona,0.594452,1.09202,1,1
2024-04-01,Inter,Empoli,2.03375,0.560443,2,0
2024-04-01,Lecce,Roma,1.97592,1.69372,0,0
2024-04-01,Sassuolo,Udinese,1.47611,1.72665,1,1
2024-04-05,Salernitana,Sassuolo,1.2795,1.88042,2,2
2024-04-06,AC Milan,Lecce,2.41313,0.841362,3,0
2024-04-06,Empoli,Torino,0.487874,2.5343,3,2
2024-04-06,Roma,Lazio,0.635152,0.480271,1,0
2024-04-07,Cagliari,Atalanta,0.715338,0.772446,2,1
2024-04-07,Frosinone,Bologna,0.568316,2.46415,0,0
2024-04-07,Juventus,Fiorentina,2.46449,0.508961,1,0
2024-04-07,Monza,Napoli,0.414034,2.70294,2,4
2024-04-07,Verona,Genoa,0.961468,2.01327,1,2
2024-04-08,Udinese,Inter,0.0699579,3.41188,1,2
2024-04-12,Lazio,Salernitana,2.50164,0.544591,4,1
2024-04-13,Bologna,Monza,2.77216,0.409248,0,0
2024-04-13,Lecce,Empoli,3.15126,0.136102,1,0
2024-04-13,Torino,Juventus,0.834792,1.25957,0,0
2024-04-14,Inter,Cagliari,1.95072,1.10904,2,2
2024-04-14,Napoli,Frosinone,2.7326,2.31434,2,2
2024-04-14,Sassuolo,AC Milan,1.37198,3.05285,3,3
2024-04-14,Udinese,Roma,0.94473,1.61555,1,2
2024-04-15,Atalanta,Verona,1.67088,1.10418,2,2
2024-04-15,Fiorentina,Genoa,1.78763,1.59509,1,1
2024-04-19,Cagliari,Juventus,1.97822,0.595113,2,2
2024-04-19,Genoa,Lazio,0.608539,0.952136,0,1
2024-04-20,Empoli,Napoli,1.25351,0.891755,1,0
2024-04-20,Verona,Udinese,1.29522,1.97219,1,0
2024-04-21,Monza,Atalanta,0.878869,2.19828,1,2
2024-04-21,Salernitana,Fiorentina,0.32683,2.45106,0,2
2024-04-21,Sassuolo,Lecce,0.410145,2.36614,0,3
2024-04-21,Torino,Frosinone,0.520991,0.57895,0,0
2024-04-22,AC Milan,Inter,2.51108,1.62976,1,2
2024-04-22,Roma,Bologna,1.83356,1.25682,1,3
2024-04-26,Frosinone,Salernitana,1.75172,1.03098,3,0
2024-04-27,Juventus,AC Milan,1.76562,0.277994,0,0
2024-04-27,Lazio,Verona,1.31699,0.629309,1,0
2024-04-27,Lecce,Monza,0.927644,1.09563,1,1
2024-04-28,Atalanta,Empoli,2.13088,0.593896,2,0
2024-04-28,Bologna,Udinese,0.709144,0.613931,1,1
2024-04-28,Fiorentina,Sassuolo,4.29626,0.268378,5,1
2024-04-28,Inter,Torino,1.90101,0.45813,2,0
2024-04-28,Napoli,Roma,3.87555,1.78885,2,2
2024-04-29,Genoa,Cagliari,1.09421,0.781529,3,0
2024-05-03,Torino,Bologna,0.786625,0.169889,0,0
2024-05-04,Monza,Lazio,2.08077,1.57454,2,2
2024-05-04,Sassuolo,Inter,0.334967,1.63693,1,0
2024-05-05,AC Milan,Genoa,2.31497,0.91116,3,3
2024-05-05,Cagliari,Lecce,0.923968,1.81298,1,1
2024-05-05,Empoli,Frosinone,0.318217,0.947755,0,0
2024-05-05,Roma,Juventus,1.60597,0.95263,1,1
2024-05-05,Verona,Fiorentina,1.49212,1.10741,2,1
2024-05-06,Salernitana,Atalanta,0.497067,2.26499,1,2
2024-05-06,Udinese,Napoli,0.521861,1.1157,1,1
2024-05-10,Frosinone,Inter,1.88809,2.05666,0,5
2024-05-11,AC Milan,Cagliari,3.56305,1.33911,5,1
2024-05-11,Napoli,Bologna,1.48316,1.74055,0,2
2024-05-12,Atalanta,Roma,2.85949,1.17185,2,1
2024-05-12,Genoa,Sassuolo,0.81296,1.69037,2,1
2024-05-12,Juventus,Salernitana,2.36999,0.921042,1,1
2024-05-12,Lazio,Empoli,1.61078,1.10282,2,0
2024-05-12,Verona,Torino,1.09252,0.956758,1,2
2024-05-13,Fiorentina,Monza,2.45011,1.19628,2,1
2024-05-13,Lecce,Udinese,0.3485,1.63735,0,2
2024-05-17,Fiorentina,Napoli,0.566509,1.32124,2,2
2024-05-18,Lecce,Atalanta,1.03049,2.22033,0,2
2024-05-18,Torino,AC Milan,1.08012,1.64179,3,1
2024-05-19,Inter,Lazio,1.61165,0.686603,1,1
2024-05-19,Monza,Frosinone,1.24886,2.22694,0,1
2024-05-19,Roma,Genoa,0.736827,0.508028,1,0
2024-05-19,Sassuolo,Cagliari,0.269648,1.47384,0,2
2024-05-19,Udinese,Empoli,1.66873,0.82957,1,1
2024-05-20,Bologna,Juventus,1.379,1.27372,3,3
2024-05-20,Salernitana,Verona,0.900837,2.33362,1,2
2024-05-24,Cagliari,Fiorentina,2.08262,2.21632,2,3
2024-05-24,Genoa,Bologna,1.5757,0.450804,2,0
2024-05-25,AC Milan,Salernitana,2.82527,1.80163,3,3
2024-05-25,Juventus,Monza,1.92843,1.13394,2,0
2024-05-26,Atalanta,Torino,2.56869,1.69527,3,0
2024-05-26,Empoli,Roma,2.88989,1.45583,2,1
2024-05-26,Frosinone,Udinese,0.869244,0.895463,0,1
2024-05-26,Lazio,Sassuolo,1.25146,1.11933,1,1
2024-05-26,Napoli,Lecce,1.83014,0.622384,0,0
2024-05-26,Verona,Inter,1.63678,2.99853,2,2
2024-06-02,Atalanta,Fiorentina,1.69732,1.0071,2,3
2024-08-17,AC Milan,Torino,2.1004,0.876602,2,2
2024-08-17,Empoli,Monza,0.578573,0.327848,0,0
2024-08-17,Genoa,Inter,2.31286,2.00656,2,2
2024-08-17,Parma Calcio 1913,Fiorentina,1.83796,0.81313,1,1
2024-08-18,Bologna,Udinese,3.3102,0.944621,1,1
2024-08-18,Cagliari,Roma,1.30634,1.29639,0,0
2024-08-18,Lazio,Venezia,2.33223,0.789649,3,1
2024-08-18,Verona,Napoli,1.80536,0.975176,3,0
2024-08-19,Juventus,Como,1.30582,0.171238,3,0
2024-08-19,Lecce,Atalanta,1.88414,2.45909,0,4
2024-08-24,Inter,Lecce,2.48059,0.335346,2,0
2024-08-24,Monza,Genoa,0.401371,0.660299,0,1
2024-08-24,Parma Calcio 1913,AC Milan,2.46266,2.09812,2,1
2024-08-24,Udinese,Lazio,1.11581,1.68277,2,1
2024-08-25,Fiorentina,Venezia,0.660213,1.01295,0,0
2024-08-25,Napoli,Bologna,2.07052,0.544518,3,0
2024-08-25,Roma,Empoli,2.04246,3.0773,1,2
2024-08-25,Torino,Atalanta,2.49919,3.08667,2,1
2024-08-26,Cagliari,Como,1.03532,2.08973,1,1
2024-08-26,Verona,Juventus,0.878611,1.36151,0,3
2024-08-30,Inter,Atalanta,2.28876,1.17772,4,0
2024-08-30,Venezia,Torino,0.635612,1.80895,0,1
2024-08-31,Bologna,Empoli,1.35876,1.11428,1,1
2024-08-31,Lazio,AC Milan,2.32967,1.34242,2,2
2024-08-31,Lecce,Cagliari,2.34113,2.09263,1,0
2024-08-31,Napoli,Parma Calcio 1913,2.33511,1.90229,2,1
2024-09-01,Fiorentina,Monza,2.41541,0.489982,2,2
2024-09-01,Genoa,Verona,1.34735,2.09653,0,2
2024-09-01,Juventus,Roma,0.415282,0.382591,0,0
2024-09-01,Udinese,Como,1.18455,1.65728,1,0
2024-09-14,AC Milan,Venezia,2.18898,0.263269,4,0
2024-09-14,Como,Bologna,1.45782,1.15087,2,2
2024-09-14,Empoli,Juventus,0.601249,0.726024,0,0
2024-09-15,Atalanta,Fiorentina,2.4507,1.96392,3,2
2024-09-15,Cagliari,Napoli,0.881581,1.42805,0,4
2024-09-15,Genoa,Roma,1.59603,2.65805,1,1
2024-09-15,Monza,Inter,0.217777,1.8081,1,1
2024-09-15,Torino,Lecce,0.447368,1.6617,0,0
2024-09-16,Lazio,Verona,1.79243,0.533276,2,1
2024-09-16,Parma Calcio 1913,Udinese,0.87968,3.08828,2,3
2024-09-20,Cagliari,Empoli,1.68655,1.02688,0,2
2024-09-20,Verona,Torino,0.777792,1.96682,2,3
2024-09-21,Juventus,Napoli,0.419301,0.233773,0,0
2024-09-21,Lecce,Parma Calcio 1913,1.25857,2.054,2,2
2024-09-21,Venezia,Genoa,2.33503,0.388857,2,0
2024-09-22,Fiorentina,Lazio,2.85634,1.14467,2,1
2024-09-22,Inter,AC Milan,0.941382,2.75751,1,2
2024-09-22,Monza,Bologna,0.707402,1.45302,1,2
2024-09-22,Roma,Udinese,2.5658,0.525078,3,0
2024-09-24,Atalanta,Como,1.31694,0.579703,2,3
2024-09-27,AC Milan,Lecce,2.43265,0.462274,3,0
2024-09-28,Bologna,Atalanta,0.176428,2.47751,1,1
2024-09-28,Genoa,Juventus,0.385259,2.91803,0,3
2024-09-28,Udinese,Inter,0.984798,2.30465,2,3
2024-09-29,Como,Verona,2.47493,1.5544,3,2
2024-09-29,Empoli,Fiorentina,0.44778,1.25438,0,0
2024-09-29,Napoli,Monza,1.35886,0.298287,2,0
2024-09-29,Roma,Venezia,1.99001,2.02845,2,1
2024-09-29,Torino,Lazio,0.494815,2.24735,2,3
2024-09-30,Parma Calcio 1913,Cagliari,2.98598,3.057,2,3
2024-10-04,Napoli,Como,1.91407,0.638474,3,1
2024-10-04,Verona,Venezia,2.10738,1.43755,2,1
2024-10-05,Atalanta,Genoa,4.0137,0.543171,5,1
2024-10-05,Inter,Torino,3.44641,1.29026,3,2
2024-10-05,Udinese,Lecce,1.56312,0.645952,1,0
2024-10-06,Bologna,Parma Calcio 1913,0.835615,1.08533,0,0
2024-10-06,Fiorentina,AC Milan,1.94286,2.83446,2,1
2024-10-06,Juventus,Cagliari,3.21709,1.045,1,1
2024-10-06,Lazio,Empoli,2.0459,0.912844,2,1
2024-10-06,Monza,Roma,1.11968,1.47893,1,1
2024-10-19,AC Milan,Udinese,1.20398,0.522785,1,0
2024-10-19,Como,Parma Calcio 1913,1.28527,0.918205,1,1
2024-10-19,Genoa,Bologna,0.450285,1.15682,2,2
2024-10-19,Juventus,Lazio,1.49305,0.0648311,1,0
2024-10-20,Cagliari,Torino,1.51181,1.23394,3,2
2024-10-20,Empoli,Napoli,1.00465,1.31758,0,1
2024-10-20,Lecce,Fiorentina,0.223823,2.21676,0,6
2024-10-20,Roma,Inter,0.78742,0.796917,0,1
2024-10-20,Venezia,Atalanta,0.881872,1.83371,0,2
2024-10-21,Verona,Monza,0.81446,1.56377,0,3
2024-10-25,Torino,Como,1.56007,1.59554,1,0
2024-10-25,Udinese,Cagliari,1.12881,0.160634,2,0
2024-10-26,Atalanta,Verona,3.84122,0.22446,6,1
2024-10-26,Napoli,Lecce,2.53236,0.57038,1,0
2024-10-27,Fiorentina,Roma,4.56893,0.657353,5,1
2024-10-27,Inter,Juventus,2.82542,2.36179,4,4
2024-10-27,Lazio,Genoa,2.9799,0.261739,3,0
2024-10-27,Monza,Venezia,0.903007,0.459902,2,2
2024-10-27,Parma Calcio 1913,Empoli,1.43623,0.14913,1,1
2024-10-29,AC Milan,Napoli,0.568256,0.956912,0,2
2024-10-29,Cagliari,Bologna,1.18569,0.872307,0,2
2024-10-29,Lecce,Verona,1.35273,0.211464,1,0
2024-10-30,Atalanta,Monza,1.65221,0.0805941,2,0
2024-10-30,Empoli,Inter,0.319674,1.68832,0,3
2024-10-30,Juventus,Parma Calcio 1913,2.77649,1.45546,2,2
2024-10-30,Venezia,Udinese,2.55368,1.30701,3,2
2024-10-31,Como,Lazio,1.16312,2.96686,1,5
2024-10-31,Genoa,Fiorentina,0.848655,0.909048,0,1
2024-10-31,Roma,Torino,0.436341,0.189286,1,0
2024-11-02,Bologna,Lecce,2.06051,0.771878,1,0
2024-11-02,Monza,AC Milan,1.23293,2.91043,0,1
2024-11-02,Udinese,Juventus,0.573076,1.55533,0,2
2024-11-03,Inter,Venezia,3.34539,1.14021,1,0
2024-11-03,Napoli,Atalanta,0.611112,1.50982,0,3
2024-11-03,Torino,Fiorentina,0.590362,0.523302,0,1
2024-11-03,Verona,Roma,1.51701,2.38413,3,2
2024-11-04,Empoli,Como,0.723897,0.41675,1,0
2024-11-04,Lazio,Cagliari,3.39964,0.274214,2,1
2024-11-04,Parma Calcio 1913,Genoa,0.883705,1.15243,0,1
2024-11-07,Genoa,Como,1.03893,1.37361,1,1
2024-11-08,Lecce,Empoli,1.41905,0.610497,1,1
2024-11-09,Cagliari,AC Milan,1.90363,2.77604,3,3
2024-11-09,Juventus,Torino,1.57325,0.273931,2,0
2024-11-09,Venezia,Parma Calcio 1913,1.29642,0.945022,1,2
2024-11-10,Atalanta,Udinese,1.60488,0.90914,2,1
2024-11-10,Fiorentina,Verona,2.77034,0.53544,3,1
2024-11-10,Inter,Napoli,1.47373,1.00611,1,1
2024-11-10,Monza,Lazio,0.747377,1.17083,0,1
2024-11-10,Roma,Bologna,1.06974,2.16772,2,3
2024-11-23,AC Milan,Juventus,0.306342,0.811307,0,0
2024-11-23,Parma Calcio 1913,Atalanta,0.622186,3.54363,1,3
2024-11-23,Verona,Inter,0.554633,2.79774,0,5
2024-11-24,Como,Fiorentina,1.27005,0.947266,0,2
2024-11-24,Genoa,Cagliari,2.1978,2.81223,2,2
2024-11-24,Lazio,Bologna,2.59912,0.0932634,3,0
2024-11-24,Napoli,Roma,2.02389,0.592582,1,0
2024-11-24,Torino,Monza,1.45433,0.916564,1,1
2024-11-25,Empoli,Udinese,0.166889,1.09285,1,1
2024-11-25,Venezia,Lecce,2.88235,0.624722,0,1
2024-11-29,Cagliari,Verona,2.64816,0.606166,1,0
2024-11-30,AC Milan,Empoli,2.02293,0.400556,3,0
2024-11-30,Bologna,Venezia,4.16965,0.357302,3,0
2024-11-30,Como,Monza,1.38648,1.75565,1,1
2024-12-01,Lecce,Juventus,1.10419,1.03998,1,1
2024-12-01,Parma Calcio 1913,Lazio,1.27449,2.4176,3,1
2024-12-01,Torino,Napoli,0.442989,1.64196,0,1
2024-12-01,Udinese,Genoa,0.156386,1.7171,0,2
2024-12-02,Roma,Atalanta,0.667881,1.76696,0,2
2024-12-06,Atalanta,AC Milan,2.62823,0.899516,2,1
2024-12-06,Inter,Parma Calcio 1913,3.0797,0.274097,3,1
2024-12-07,Genoa,Torino,0.327249,0.70601,0,0
2024-12-07,Juventus,Bologna,0.856802,0.784689,2,2
2024-12-07,Roma,Lecce,2.38077,0.826928,4,1
2024-12-08,Fiorentina,Cagliari,0.412045,1.00073,1,0
2024-12-08,Napoli,Lazio,1.14465,0.243674,0,1
2024-12-08,Venezia,Como,0.303457,0.779392,2,2
2024-12-08,Verona,Empoli,0.895085,1.2903,1,4
2024-12-09,Monza,Udinese,1.92222,1.40496,1,2
2024-12-13,Empoli,Torino,0.953691,1.36089,0,1
2024-12-14,Cagliari,Atalanta,1.90937,2.37449,0,1
2024-12-14,Juventus,Venezia,2.18951,0.586788,2,2
2024-12-14,Udinese,Napoli,1.48544,1.96425,1,3
2024-12-15,AC Milan,Genoa,1.28243,0.204497,0,0
2024-12-15,Bologna,Fiorentina,2.32266,1.14307,1,0
2024-12-15,Como,Roma,1.1153,0.650738,2,0
2024-12-15,Lecce,Monza,1.57794,0.790408,2,1
2024-12-15,Parma Calcio 1913,Verona,2.30533,3.70407,2,3
2024-12-16,Lazio,Inter,0.634641,2.33306,0,6
2024-12-20,Verona,AC Milan,0.649472,1.37505,0,1
2024-12-21,Genoa,Napoli,0.707336,1.42377,1,2
2024-12-21,Lecce,Lazio,1.09129,1.95023,1,2
2024-12-21,Torino,Bologna,0.270606,1.79816,0,2
2024-12-22,Atalanta,Empoli,2.08379,1.21827,3,2
2024-12-22,Monza,Juventus,0.983171,2.58556,1,2
2024-12-22,Roma,Parma Calcio 1913,5.55856,0.615694,5,0
2024-12-22,Venezia,Cagliari,1.55318,2.62545,2,1
2024-12-23,Fiorentina,Udinese,1.55716,0.858846,1,2
2024-12-23,Inter,Como,1.89916,0.367536,2,0
2024-12-28,Cagliari,Inter,0.302293,3.1724,0,3
2024-12-28,Empoli,Genoa,1.42691,2.01725,1,2
2024-12-28,Lazio,Atalanta,0.564499,2.98315,1,1
2024-12-28,Parma Calcio 1913,Monza,1.22224,2.2247,2,1
2024-12-29,AC Milan,Roma,2.26348,1.61126,1,1
2024-12-29,Juventus,Fiorentina,1.74742,1.02946,2,2
2024-12-29,Napoli,Venezia,2.55505,0.462133,1,0
2024-12-29,Udinese,Torino,1.23954,0.603591,2,2
2024-12-30,Bologna,Verona,2.86482,0.798964,2,3
2024-12-30,Como,Lecce,2.25936,0.436266,2,0
2025-01-04,Fiorentina,Napoli,0.877617,1.59728,0,3
2025-01-04,Venezia,Empoli,0.455526,1.52251,1,1
2025-01-04,Verona,Udinese,0.745287,0.655965,0,0
2025-01-05,Lecce,Genoa,0.545634,1.06752,0,0
2025-01-05,Monza,Cagliari,1.55837,0.781523,1,2
2025-01-05,Roma,Lazio,1.23422,1.31957,2,0
2025-01-05,Torino,Parma Calcio 1913,1.0858,0.321586,0,0
2025-01-10,Lazio,Como,1.03936,1.9019,1,1
2025-01-11,AC Milan,Cagliari,2.43026,0.308787,1,1
2025-01-11,Empoli,Lecce,2.31529,1.57649,1,3
2025-01-11,Torino,Juventus,0.411274,0.94701,1,1
2025-01-11,Udinese,Atalanta,2.05217,0.233045,0,0
2025-01-12,Bologna,Roma,2.28949,1.58872,2,2
2025-01-12,Genoa,Parma Calcio 1913,1.51628,0.513393,1,0
2025-01-12,Napoli,Verona,1.59033,0.23211,2,0
2025-01-12,Venezia,Inter,0.668042,2.35271,0,1
2025-01-13,Monza,Fiorentina,0.988429,1.60714,2,1
2025-01-14,Atalanta,Juventus,1.5823,2.27956,1,1
2025-01-14,Como,AC Milan,1.63578,1.44061,1,2
2025-01-15,Inter,Bologna,1.79382,0.914393,2,2
2025-01-17,Roma,Genoa,1.79725,0.494153,3,1
2025-01-18,Atalanta,Napoli,0.709505,1.2536,2,3
2025-01-18,Bologna,Monza,2.33675,0.410907,3,1
2025-01-18,Juventus,AC Milan,1.56881,1.17816,2,0
2025-01-19,Cagliari,Lecce,3.36227,0.388374,4,1
2025-01-19,Fiorentina,Torino,1.81758,0.540016,1,1
2025-01-19,Inter,Empoli,1.6401,0.412045,3,1
2025-01-19,Parma Calcio 1913,Venezia,1.59615,1.1784,1,1
2025-01-19,Verona,Lazio,1.48598,1.99415,0,3
2025-01-20,Como,Udinese,1.81904,0.847427,4,1
2025-01-24,Torino,Cagliari,2.23206,0.270772,2,0
2025-01-25,Como,Atalanta,0.704371,1.04831,1,2
2025-01-25,Empoli,Bologna,0.83399,0.898773,1,1
2025-01-25,Napoli,Juventus,2.33562,1.02538,2,1
2025-01-26,AC Milan,Parma Calcio 1913,2.7112,1.85515,3,2
2025-01-26,Lazio,Fiorentina,2.01121,1.20023,1,2
2025-01-26,Lecce,Inter,0.719003,2.58246,0,4
2025-01-26,Udinese,Roma,0.805147,2.6168,1,2
2025-01-27,Genoa,Monza,3.31745,0.311849,2,0
2025-01-27,Venezia,Verona,0.709709,2.17206,1,1
2025-01-31,Parma Calcio 1913,Lecce,2.00006,0.756887,1,3
2025-02-01,Atalanta,Torino,3.35128,0.629596,1,1
2025-02-01,Bologna,Como,1.681,0.640061,2,0
2025-02-01,Monza,Verona,0.279515,0.854806,0,1
2025-02-01,Udinese,Venezia,0.940092,1.36255,3,2
2025-02-02,AC Milan,Inter,1.04439,1.98309,1,1
2025-02-02,Fiorentina,Genoa,0.695448,1.96523,2,1
2025-02-02,Juventus,Empoli,2.00759,0.94947,4,1
2025-02-02,Roma,Napoli,0.364702,0.384749,1,1
2025-02-03,Cagliari,Lazio,1.82889,1.9337,1,2
2025-02-06,Fiorentina,Inter,1.05274,0.589261,3,0
2025-02-07,Como,Juventus,0.935692,1.32392,1,2
2025-02-08,Empoli,AC Milan,0.668788,1.90573,0,2
2025-02-08,Torino,Genoa,0.647236,0.308682,1,1
2025-02-08,Verona,Atalanta,1.78844,2.14751,0,5
2025-02-09,Cagliari,Parma Calcio 1913,1.49632,1.15072,2,1
2025-02-09,Lazio,Monza,4.42993,0.87219,5,1
2025-02-09,Lecce,Bologna,0.844895,0.8506,0,0
2025-02-09,Napoli,Udinese,2.07882,1.28733,1,1
2025-02-09,Venezia,Roma,0.905188,2.14236,0,1
2025-02-10,Inter,Fiorentina,1.87526,1.03291,2,1
2025-02-14,Bologna,Torino,3.46262,1.64846,3,2
2025-02-15,AC Milan,Verona,1.8755,0.372202,1,0
2025-02-15,Atalanta,Cagliari,0.473748,0.123294,0,0
2025-02-15,Lazio,Napoli,0.883377,0.558588,2,2
2025-02-16,Fiorentina,Como,0.431215,0.875449,0,2
2025-02-16,Juventus,Inter,1.3662,2.08504,1,0
2025-02-16,Monza,Lecce,0.278072,1.10949,0,0
2025-02-16,Parma Calcio 1913,Roma,0.293477,1.41178,0,1
2025-02-16,Udinese,Empoli,2.90516,2.47474,3,0
2025-02-17,Genoa,Venezia,1.60036,0.341183,2,0
2025-02-21,Lecce,Udinese,0.484479,1.52436,0,1
2025-02-22,Inter,Genoa,1.3989,1.51356,1,0
2025-02-22,Parma Calcio 1913,Bologna,1.4111,0.698426,2,0
2025-02-22,Torino,AC Milan,0.556583,2.18445,2,1
2025-02-22,Venezia,Lazio,0.995737,0.790887,0,0
2025-02-23,Cagliari,Juventus,0.225637,2.20526,0,1
2025-02-23,Como,Napoli,0.466603,1.10277,2,1
2025-02-23,Empoli,Atalanta,0.775943,2.50618,0,5
2025-02-23,Verona,Fiorentina,0.450798,1.15567,1,0
2025-02-24,Roma,Monza,2.16209,0.332233,4,0
2025-02-27,Bologna,AC Milan,2.31992,1.55538,2,1
2025-02-28,Fiorentina,Lecce,1.43821,1.11638,1,0
2025-03-01,Atalanta,Venezia,3.34552,0.359199,0,0
2025-03-01,Napoli,Inter,1.72874,0.452597,1,1
2025-03-01,Udinese,Parma Calcio 1913,2.0589,0.617812,1,0
2025-03-02,AC Milan,Lazio,1.28991,2.53115,1,2
2025-03-02,Bologna,Cagliari,2.25801,0.68032,2,1
2025-03-02,Genoa,Empoli,0.229571,1.00977,1,1
2025-03-02,Monza,Torino,0.582104,1.43219,0,2
2025-03-02,Roma,Como,1.59518,1.29634,2,1
2025-03-03,Juventus,Verona,1.97535,0.269838,2,0
2025-03-07,Cagliari,Genoa,0.809829,1.43054,1,1
2025-03-08,Como,Venezia,1.2727,1.80606,1,1
2025-03-08,Inter,Monza,3.0629,0.779109,3,2
2025-03-08,Lecce,AC Milan,1.1897,3.27991,2,3
2025-03-08,Parma Calcio 1913,Torino,1.48743,0.72136,2,2
2025-03-09,Empoli,Roma,0.0771894,2.99912,0,1
2025-03-09,Juventus,Atalanta,0.940693,3.93513,0,4
2025-03-09,Napoli,Fiorentina,2.93764,1.05617,2,1
2025-03-09,Verona,Bologna,1.28101,1.38177,1,2
2025-03-10,Lazio,Udinese,1.01458,1.23859,1,1
2025-03-14,Genoa,Lecce,1.06034,1.20452,2,1
2025-03-15,AC Milan,Como,1.72803,1.35523,2,1
2025-03-15,Monza,Parma Calcio 1913,0.9314,0.616308,1,1
2025-03-15,Torino,Empoli,0.701071,1.73375,1,0
2025-03-15,Udinese,Verona,0.318009,0.542985,0,1
2025-03-16,Atalanta,Inter,0.682065,2.28143,0,2
2025-03-16,Bologna,Lazio,2.85431,0.600718,5,0
2025-03-16,Fiorentina,Juventus,0.508254,0.597644,3,0
2025-03-16,Roma,Cagliari,1.61105,1.10046,1,0
2025-03-16,Venezia,Napoli,1.04696,1.2665,0,0
2025-03-29,Como,Empoli,1.93663,1.78514,1,1
2025-03-29,Juventus,Genoa,1.50908,0.263169,1,0
2025-03-29,Lecce,Roma,0.694403,1.90759,0,1
2025-03-29,Venezia,Bologna,0.683347,1.29589,0,1
2025-03-30,Cagliari,Monza,1.95839,0.962993,3,0
2025-03-30,Fiorentina,Atalanta,1.92673,0.918743,1,0
2025-03-30,Inter,Udinese,2.33787,1.3398,2,1
2025-03-30,Napoli,AC Milan,0.945094,2.25619,2,1
2025-03-31,Lazio,Torino,1.93778,0.632735,1,1
2025-03-31,Verona,Parma Calcio 1913,0.765236,0.501452,0,0
2025-04-04,Genoa,Udinese,1.65486,1.11114,1,0
2025-04-05,AC Milan,Fiorentina,2.17819,3.04937,2,2
2025-04-05,Monza,Como,1.05971,2.27029,1,3
2025-04-05,Parma Calcio 1913,Inter,1.66115,2.17944,2,2
2025-04-06,Atalanta,Lazio,1.04022,0.523108,0,1
2025-04-06,Empoli,Cagliari,0.386589,0.162801,0,0
2025-04-06,Lecce,Venezia,1.50136,0.898847,1,1
2025-04-06,Roma,Juventus,1.37162,0.994645,1,1
2025-04-06,Torino,Verona,0.963942,1.32441,1,1
2025-04-07,Bologna,Napoli,1.11047,0.99857,1,1
2025-04-11,Udinese,AC Milan,0.644579,2.49634,0,4
2025-04-12,Inter,Cagliari,1.71603,0.914283,3,1
2025-04-12,Juventus,Lecce,1.95569,0.940466,2,1
2025-04-12,Venezia,Monza,1.62268,0.590462,1,0
2025-04-13,Atalanta,Bologna,1.15847,0.546815,2,0
2025-04-13,Como,Torino,1.23079,1.04165,1,0
2025-04-13,Fiorentina,Parma Calcio 1913,0.670714,0.616318,0,0
2025-04-13,Lazio,Roma,1.92122,0.221733,1,1
2025-04-13,Verona,Genoa,1.00077,0.111761,0,0
2025-04-14,Napoli,Empoli,2.13717,1.37277,3,0
2025-04-19,Lecce,Como,0.666737,1.65387,0,3
2025-04-19,Monza,Napoli,0.874819,1.66648,0,1
2025-04-19,Roma,Verona,1.24696,0.330349,1,0
2025-04-20,AC Milan,Atalanta,0.495327,2.07826,0,1
2025-04-20,Bologna,Inter,1.0878,0.661137,1,0
2025-04-20,Empoli,Venezia,1.14666,1.48453,2,2
2025-04-23,Cagliari,Fiorentina,0.367407,0.701424,1,2
2025-04-23,Genoa,Lazio,0.470637,1.33679,0,2
2025-04-23,Parma Calcio 1913,Juventus,0.784847,0.777191,1,0
2025-04-23,Torino,Udinese,0.949162,0.949917,2,0
2025-04-27,Atalanta,Lecce,2.45836,1.45404,1,1
2025-04-27,Como,Genoa,1.80373,1.04585,1,0
2025-04-27,Fiorentina,Empoli,0.655092,0.465943,2,1
2025-04-27,Inter,Roma,1.10299,2.79826,0,1
2025-04-27,Juventus,Monza,1.14678,0.621764,2,0
2025-04-27,Napoli,Torino,1.23274,0.660531,2,0
2025-04-27,Venezia,AC Milan,1.00629,1.466,0,2
2025-04-28,Lazio,Parma Calcio 1913,1.7767,1.09001,2,2
2025-04-28,Udinese,Bologna,0.387188,1.17741,0,0
2025-04-28,Verona,Cagliari,0.27029,1.87448,0,2
2025-05-02,Torino,Venezia,1.74541,1.07484,1,1
2025-05-03,Cagliari,Udinese,0.954534,1.92066,1,2
2025-05-03,Inter,Verona,1.59903,0.303341,1,0
2025-05-03,Lecce,Napoli,0.276702,0.845058,0,1
2025-05-03,Parma Calcio 1913,Como,2.74525,1.32818,0,1
2025-05-04,Bologna,Juventus,0.390379,0.681163,1,1
2025-05-04,Empoli,Lazio,0.18325,1.12653,0,1
2025-05-04,Monza,Atalanta,0.827428,3.05078,0,4
2025-05-04,Roma,Fiorentina,1.00134,0.760529,1,0
2025-05-05,Genoa,AC Milan,0.54789,1.29954,1,2
2025-05-09,AC Milan,Bologna,1.55343,0.361364,3,1
2025-05-10,Como,Cagliari,1.93276,1.22492,3,1
2025-05-10,Empoli,Parma Calcio 1913,0.989813,0.404689,2,1
2025-05-10,Lazio,Juventus,1.51119,1.17931,1,1
2025-05-11,Napoli,Genoa,2.35243,0.648382,2,2
2025-05-11,Torino,Inter,1.76692,2.48918,0,2
2025-05-11,Udinese,Monza,1.45767,1.63169,1,2
2025-05-11,Verona,Lecce,0.480962,1.24972,1,1
2025-05-12,Atalanta,Roma,2.87542,0.572288,2,1
2025-05-12,Venezia,Fiorentina,2.25991,0.994541,2,1
2025-05-18,Cagliari,Venezia,2.75115,0.773148,3,0
2025-05-18,Fiorentina,Bologna,1.43018,1.51953,3,2
2025-05-18,Genoa,Atalanta,1.44057,1.56926,2,3
2025-05-18,Inter,Lazio,1.59363,2.33497,2,2
2025-05-18,Juventus,Udinese,2.61362,0.358909,2,0
2025-05-18,Lecce,Torino,0.970765,0.476384,1,0
2025-05-18,Monza,Empoli,1.03178,1.95845,1,3
2025-05-18,Parma Calcio 1913,Napoli,0.296751,0.379711,0,0
2025-05-18,Roma,AC Milan,1.57656,1.78592,3,1
2025-05-18,Verona,Como,1.55405,1.12443,1,1
2025-05-23,Como,Inter,1.49032,2.27789,0,2
2025-05-23,Napoli,Cagliari,2.16118,0.0969696,2,0
2025-05-24,AC Milan,Monza,1.99268,0.516606,2,0
2025-05-24,Bologna,Genoa,0.628377,1.17343,1,3
2025-05-25,Atalanta,Parma Calcio 1913,1.90265,2.82535,2,3
2025-05-25,Empoli,Verona,1.23351,0.833807,1,2
2025-05-25,Lazio,Lecce,1.73521,0.708667,0,1
2025-05-25,Torino,Roma,0.381059,2.64436,0,2
2025-05-25,Udinese,Fiorentina,1.61711,3.06465,2,3
2025-05-25,Venezia,Juventus,1.01327,1.66948,2,3
2025-08-23,AC Milan,Cremonese,2.08498,0.363576,1,2
2025-08-23,Genoa,Lecce,0.56563,0.55094,0,0
2025-08-23,Roma,Bologna,1.47691,0.443508,1,0
2025-08-23,Sassuolo,Napoli,0.298477,1.55456,0,2
2025-08-24,Atalanta,Pisa,2.04697,1.02901,1,1
2025-08-24,Cagliari,Fiorentina,1.51736,1.14261,1,1
2025-08-24,Como,Lazio,1.28478,0.202984,2,0
2025-08-24,Juventus,Parma Calcio 1913,2.74202,0.815567,2,0
2025-08-25,Inter,Torino,2.60956,0.816232,5,0
2025-08-25,Udinese,Verona,1.05058,0.799203,1,1
2025-08-29,Cremonese,Sassuolo,3.52949,1.32978,3,2
2025-08-29,Lecce,AC Milan,0.481693,2.13175,0,2
2025-08-30,Bologna,Como,1.51584,0.521585,1,0
2025-08-30,Napoli,Cagliari,1.73158,0.64413,1,0
2025-08-30,Parma Calcio 1913,Atalanta,0.751112,1.19727,1,1
2025-08-30,Pisa,Roma,0.6627,0.953921,0,1
2025-08-31,Genoa,Juventus,0.593013,1.55128,0,1
2025-08-31,Inter,Udinese,1.67172,1.20014,1,2
2025-08-31,Lazio,Verona,3.96645,0.600485,4,0
2025-08-31,Torino,Fiorentina,1.05012,1.18859,0,0
2025-09-13,Cagliari,Parma Calcio 1913,1.76945,1.95549,2,0
2025-09-13,Fiorentina,Napoli,1.39098,3.55376,1,3
2025-09-13,Juventus,Inter,0.768943,1.01628,4,3
2025-09-14,AC Milan,Bologna,1.15538,0.198634,1,0
2025-09-14,Atalanta,Lecce,2.62415,0.532382,4,1
2025-09-14,Pisa,Udinese,1.27587,1.72902,0,1
2025-09-14,Roma,Torino,1.02943,0.805089,0,1
2025-09-14,Sassuolo,Lazio,1.2156,0.858246,1,0
2025-09-15,Como,Genoa,1.56467,2.54288,1,1
2025-09-15,Verona,Cremonese,1.8883,0.166346,0,0
2025-09-19,Lecce,Cagliari,1.13998,2.21034,1,2
2025-09-20,Bologna,Genoa,1.78786,0.794732,2,1
2025-09-20,Udinese,AC Milan,0.298364,1.70251,0,3
2025-09-20,Verona,Juventus,1.65885,0.470357,1,1
2025-09-21,Cremonese,Parma Calcio 1913,0.172561,0.902031,0,0
2025-09-21,Fiorentina,Como,0.424904,2.09507,1,2
2025-09-21,Inter,Sassuolo,3.12186,0.850824,2,1
2025-09-21,Lazio,Roma,0.666967,1.22639,0,1
2025-09-21,Torino,Atalanta,1.31336,1.67723,0,3
2025-09-22,Napoli,Pisa,1.18611,2.51985,3,2
2025-09-27,Cagliari,Inter,0.475174,3.95419,0,2
2025-09-27,Como,Cremonese,1.44033,0.564557,1,1
2025-09-27,Juventus,Atalanta,1.84242,0.885278,1,1
2025-09-28,AC Milan,Napoli,0.952575,2.23894,2,1
2025-09-28,Lecce,Bologna,2.09017,1.5908,2,2
2025-09-28,Pisa,Fiorentina,0.580471,0.840093,0,0
2025-09-28,Roma,Verona,1.30542,1.35351,2,0
2025-09-28,Sassuolo,Udinese,2.31332,1.19344,3,1
2025-09-29,Genoa,Lazio,1.47659,3.54059,0,3
2025-09-29,Parma Calcio 1913,Torino,1.44462,0.660829,2,1
2025-10-03,Verona,Sassuolo,0.810981,1.5058,0,1
2025-10-04,Atalanta,Como,1.74169,0.959121,1,1
2025-10-04,Inter,Cremonese,4.65231,0.619599,4,1
2025-10-04,Lazio,Torino,1.45075,2.18108,3,3
2025-10-04,Parma Calcio 1913,Lecce,1.08896,0.622459,0,1
2025-10-05,Bologna,Pisa,3.69928,0.0265067,4,0
2025-10-05,Fiorentina,Roma,1.11719,1.22512,1,2
2025-10-05,Juventus,AC Milan,0.570595,1.55707,0,0
2025-10-05,Napoli,Genoa,1.87915,0.691583,2,1
2025-10-05,Udinese,Cagliari,2.98545,0.789093,1,1
2025-10-18,Lecce,Sassuolo,0.66998,0.77146,0,0
2025-10-18,Pisa,Verona,0.572009,1.65491,0,0
2025-10-18,Roma,Inter,2.1538,0.96386,0,1
2025-10-18,Torino,Napoli,1.90815,1.71911,1,0
2025-10-19,AC Milan,Fiorentina,2.01853,0.965997,2,1
2025-10-19,Atalanta,Lazio,2.38095,0.220276,0,0
2025-10-19,Cagliari,Bologna,0.367775,1.15836,0,2
2025-10-19,Como,Juventus,1.68785,0.964723,2,0
2025-10-19,Genoa,Parma Calcio 1913,2.21692,0.0544873,0,0
2025-10-20,Cremonese,Udinese,1.22876,0.962572,1,1
2025-10-24,AC Milan,Pisa,1.97232,1.22514,2,2
2025-10-25,Cremonese,Atalanta,0.967146,1.62371,1,1
2025-10-25,Napoli,Inter,1.18626,2.07077,3,1
2025-10-25,Parma Calcio 1913,Como,1.56651,0.387121,0,0
2025-10-25,Udinese,Lecce,1.51576,0.373551,3,2
2025-10-26,Fiorentina,Bologna,3.87905,0.883347,2,2
2025-10-26,Lazio,Juventus,0.905304,1.24614,1,0
2025-10-26,Sassuolo,Roma,0.949353,2.25968,0,1
2025-10-26,Torino,Genoa,1.8196,1.9796,2,1
2025-10-26,Verona,Cagliari,2.03687,0.837271,2,2
2025-10-28,Atalanta,AC Milan,1.28167,0.626418,1,1
2025-10-28,Lecce,Napoli,1.02929,0.92446,0,1
2025-10-29,Bologna,Torino,0.3322,0.797473,0,0
2025-10-29,Como,Verona,1.74279,1.69938,3,1
2025-10-29,Genoa,Cremonese,1.3491,1.57974,0,2
2025-10-29,Inter,Fiorentina,2.87253,0.741937,3,0
2025-10-29,Juventus,Udinese,3.30641,0.604108,3,1
2025-10-29,Roma,Parma Calcio 1913,1.15685,1.17796,2,1
2025-10-30,Cagliari,Sassuolo,0.845219,0.937652,1,2
2025-10-30,Pisa,Lazio,0.780185,0.657914,0,0
2025-11-01,Cremonese,Juventus,0.611392,2.61402,1,2
2025-11-01,Napoli,Como,0.762314,1.17012,0,0
2025-11-01,Udinese,Atalanta,0.707338,0.270197,1,0
2025-11-02,AC Milan,Roma,3.76419,1.95443,1,0
2025-11-02,Fiorentina,Lecce,1.38997,1.3239,0,1
2025-11-02,Parma Calcio 1913,Bologna,0.622333,3.51745,1,3
2025-11-02,Torino,Pisa,1.22388,1.90329,2,2
2025-11-02,Verona,Inter,0.372642,1.15025,1,2
2025-11-03,Lazio,Cagliari,0.587684,1.48457,2,0
2025-11-03,Sassuolo,Genoa,1.31641,1.83271,1,2
2025-11-07,Pisa,Cremonese,1.45109,1.23118,1,0
2025-11-08,Como,Cagliari,1.0497,0.615264,0,0
2025-11-08,Juventus,Torino,1.93707,0.405589,0,0
2025-11-08,Lecce,Verona,0.555045,0.691863,0,0
2025-11-08,Parma Calcio 1913,AC Milan,1.45012,2.05467,2,2
2025-11-09,Atalanta,Sassuolo,0.707859,2.20132,0,3
2025-11-09,Bologna,Napoli,1.64488,0.19503,2,0
2025-11-09,Genoa,Fiorentina,1.58884,1.33019,2,2
2025-11-09,Inter,Lazio,1.73965,0.54928,2,0
2025-11-09,Roma,Udinese,1.75728,0.928685,2,0
2025-11-22,Cagliari,Genoa,1.37329,1.61562,3,3
2025-11-22,Fiorentina,Juventus,0.659308,1.65053,1,1
2025-11-22,Napoli,Atalanta,2.02765,0.825775,3,1
2025-11-22,Udinese,Bologna,1.88758,2.88287,0,3
2025-11-23,Cremonese,Roma,1.25617,1.73178,1,3
2025-11-23,Inter,AC Milan,1.74448,0.856085,0,1
2025-11-23,Lazio,Lecce,1.49492,0.544669,2,0
2025-11-23,Verona,Parma Calcio 1913,0.943021,1.51628,1,2
2025-11-24,Sassuolo,Pisa,2.21345,1.38602,2,2
2025-11-24,Torino,Como,1.42986,3.37909,1,5
2025-11-28,Como,Sassuolo,1.73426,1.12902,2,0
2025-11-29,AC Milan,Lazio,1.48113,0.899621,1,0
2025-11-29,Genoa,Verona,1.64897,2.60658,2,1
2025-11-29,Juventus,Cagliari,1.5343,0.891103,2,1
2025-11-29,Parma Calcio 1913,Udinese,1.03649,1.87351,0,2
2025-11-30,Atalanta,Fiorentina,2.29028,2.01961,2,0
2025-11-30,Lecce,Torino,0.948606,2.0632,2,1
2025-11-30,Pisa,Inter,1.80715,2.04777,0,2
2025-11-30,Roma,Napoli,0.611755,1.33114,0,1
2025-12-01,Bologna,Cremonese,2.11713,2.33533,1,3
2025-12-06,Inter,Como,2.26559,0.943403,4,0
2025-12-06,Sassuolo,Fiorentina,1.64053,1.20662,3,1
2025-12-06,Verona,Atalanta,1.60244,1.76527,3,1
2025-12-07,Cagliari,Roma,1.40358,0.451691,1,0
2025-12-07,Cremonese,Lecce,2.08254,1.37526,2,0
2025-12-07,Lazio,Bologna,1.24155,1.23115,1,1
2025-12-07,Napoli,Juventus,2.1655,0.24335,2,1
2025-12-08,Pisa,Parma Calcio 1913,1.56873,1.49837,0,1
2025-12-08,Torino,AC Milan,1.01008,2.10495,2,3
2025-12-08,Udinese,Genoa,1.49196,1.5362,1,2
2025-12-12,Lecce,Pisa,2.79987,0.303651,1,0
2025-12-13,Atalanta,Cagliari,3.08558,0.568619,2,1
2025-12-13,Parma Calcio 1913,Lazio,1.08166,1.76573,0,1
2025-12-13,Torino,Cremonese,1.94598,0.700243,1,0
2025-12-14,AC Milan,Sassuolo,1.83346,1.02843,2,2
2025-12-14,Bologna,Juventus,0.97387,2.07145,0,1
2025-12-14,Fiorentina,Verona,2.41776,1.53867,1,2
2025-12-14,Genoa,Inter,0.895295,2.04412,1,2
2025-12-14,Udinese,Napoli,1.84146,0.931427,1,0
2025-12-15,Roma,Como,1.65562,0.635872,1,0
2025-12-20,Juventus,Roma,3.09592,1.28421,2,1
2025-12-20,Lazio,Cremonese,0.432769,0.70974,0,0
2025-12-21,Cagliari,Pisa,1.20171,2.02532,2,2
2025-12-21,Fiorentina,Udinese,3.24808,0.794951,5,1
2025-12-21,Genoa,Atalanta,0.967673,1.76564,0,1
2025-12-21,Sassuolo,Torino,0.580849,2.00002,0,1
2025-12-27,Lecce,Como,1.15442,2.33352,0,3
2025-12-27,Parma Calcio 1913,Fiorentina,1.26451,1.2463,1,0
2025-12-27,Pisa,Juventus,0.64162,1.2875,0,2
2025-12-27,Torino,Cagliari,2.4609,0.994774,1,2
2025-12-27,Udinese,Lazio,0.806561,0.848022,1,1
2025-12-28,AC Milan,Verona,2.87827,0.32776,3,0
2025-12-28,Atalanta,Inter,1.16924,1.63271,0,1
2025-12-28,Bologna,Sassuolo,0.937045,1.52306,1,1
2025-12-28,Cremonese,Napoli,0.276244,2.85402,0,2
2025-12-29,Roma,Genoa,1.86118,0.510864,3,1
2026-01-02,Cagliari,AC Milan,0.308283,0.893304,0,1
2026-01-03,Atalanta,Roma,2.73637,1.01018,1,0
2026-01-03,Como,Udinese,2.38351,0.245,1,0
2026-01-03,Genoa,Pisa,0.569456,1.5538,1,1
2026-01-03,Juventus,Lecce,3.59395,0.176301,1,1
2026-01-03,Sassuolo,Parma Calcio 1913,1.0095,1.18268,1,1
2026-01-04,Fiorentina,Cremonese,2.20676,0.752862,1,0
2026-01-04,Inter,Bologna,4.26719,0.782906,3,1
2026-01-04,Lazio,Napoli,0.405788,2.42503,0,2
2026-01-04,Verona,Torino,0.260564,1.70287,0,3
2026-01-06,Lecce,Roma,0.604725,1.89163,0,2
2026-01-06,Pisa,Como,1.71183,2.10363,0,3
2026-01-06,Sassuolo,Juventus,0.203716,2.90778,0,3
2026-01-07,Bologna,Atalanta,1.11527,1.33342,0,2
2026-01-07,Lazio,Fiorentina,2.70815,1.51944,2,2
2026-01-07,Napoli,Verona,1.57287,1.29178,2,2
2026-01-07,Parma Calcio 1913,Inter,0.261054,3.08782,0,2
2026-01-07,Torino,Udinese,1.67388,2.31786,1,2
2026-01-08,AC Milan,Genoa,2.11615,1.43745,1,1
2026-01-08,Cremonese,Cagliari,2.2527,1.78257,2,2
2026-01-10,Atalanta,Torino,2.55106,0.945872,2,0
2026-01-10,Como,Bologna,1.13923,1.54894,1,1
2026-01-10,Roma,Sassuolo,2.95843,0.858537,2,0
2026-01-10,Udinese,Pisa,2.18018,1.42671,2,2
2026-01-11,Fiorentina,AC Milan,2.38025,2.05263,1,1
2026-01-11,Inter,Napoli,1.6567,1.38417,2,2
2026-01-11,Lecce,Parma Calcio 1913,0.842154,1.46392,1,2
2026-01-11,Verona,Lazio,0.584887,0.64447,0,1
2026-01-12,Genoa,Cagliari,1.26155,1.00677,3,0
2026-01-12,Juventus,Cremonese,3.2309,1.1134,5,0
2026-01-14,Inter,Lecce,1.91676,0.468829,1,0
2026-01-14,Napoli,Parma Calcio 1913,1.29671,0.230185,0,0
2026-01-15,Como,AC Milan,1.86946,1.3926,1,3
2026-01-15,Verona,Bologna,1.6881,0.690747,2,3
2026-01-16,Pisa,Atalanta,1.63695,1.77359,1,1
2026-01-17,Cagliari,Juventus,0.176118,0.872689,1,0
2026-01-17,Napoli,Sassuolo,0.605235,1.12352,1,0
2026-01-17,Udinese,Inter,0.130821,2.17475,0,1
2026-01-18,AC Milan,Lecce,3.17447,0.1816,1,0
2026-01-18,Bologna,Fiorentina,1.34398,1.64563,1,2
2026-01-18,Parma Calcio 1913,Genoa,0.463872,1.07465,0,0
2026-01-18,Torino,Roma,0.394429,2.02736,0,2
2026-01-19,Cremonese,Verona,0.452062,0.487484,0,0
2026-01-19,Lazio,Como,0.465283,2.28394,0,3
2026-01-23,Inter,Pisa,6.24369,0.453549,6,2
2026-01-24,Como,Torino,3.15343,0.327418,6,0
2026-01-24,Fiorentina,Cagliari,2.09156,1.27897,1,2
2026-01-24,Lecce,Lazio,0.601024,0.716991,0,0
2026-01-25,Atalanta,Parma Calcio 1913,5.01888,1.86533,4,0
2026-01-25,Genoa,Bologna,0.706857,0.591952,3,2
2026-01-25,Juventus,Napoli,1.54679,0.421726,3,0
2026-01-25,Roma,AC Milan,2.13573,0.583212,1,1
2026-01-25,Sassuolo,Cremonese,1.3787,0.845543,1,0
2026-01-26,Verona,Udinese,0.573784,1.93652,1,3
2026-01-30,Lazio,Genoa,2.06649,1.83307,3,2
2026-01-31,Cagliari,Verona,1.98129,0.374813,4,0
2026-01-31,Napoli,Fiorentina,2.39619,1.81202,2,1
2026-01-31,Pisa,Sassuolo,0.773575,2.20331,1,3
2026-02-01,Como,Atalanta,5.96884,0.785014,0,0
2026-02-01,Cremonese,Inter,0.510166,2.18311,0,2
2026-02-01,Parma Calcio 1913,Juventus,0.598397,3.51941,1,4
2026-02-01,Torino,Lecce,2.48263,0.468464,1,0
2026-02-02,Udinese,Roma,0.642594,0.668752,1,0
2026-02-03,Bologna,AC Milan,0.440526,3.35769,0,3
2026-02-06,Verona,Pisa,0.0783843,1.26143,0,0
2026-02-07,Fiorentina,Torino,1.27203,1.0134,2,2
2026-02-07,Genoa,Napoli,1.32462,1.89784,2,3
2026-02-08,Bologna,Parma Calcio 1913,1.64658,0.193041,0,1
2026-02-08,Juventus,Lazio,2.85607,0.808824,2,2
2026-02-08,Lecce,Udinese,2.18624,0.895031,2,1
2026-02-08,Sassuolo,Inter,0.721597,2.75112,0,5
2026-02-09,Atalanta,Cremonese,3.12119,0.914806,2,1
2026-02-09,Roma,Cagliari,2.20426,0.613133,2,0
2026-02-13,Pisa,AC Milan,0.937275,2.15769,1,2
2026-02-14,Como,Fiorentina,0.902645,1.302,1,2
2026-02-14,Inter,Juventus,2.4811,1.29499,3,2
2026-02-14,Lazio,Atalanta,1.54366,1.82116,0,2
2026-02-15,Cremonese,Genoa,1.34717,1.33514,0,0
2026-02-15,Napoli,Roma,0.5247,1.95442,2,2
2026-02-15,Parma Calcio 1913,Verona,2.16714,0.856137,2,1
2026-02-15,Torino,Bologna,0.394436,1.71228,1,2
2026-02-15,Udinese,Sassuolo,0.491201,1.24711,1,2
2026-02-16,Cagliari,Lecce,1.46951,1.76359,0,2
2026-02-18,AC Milan,Como,1.17019,1.64526,1,1
2026-02-20,Sassuolo,Verona,1.58706,0.615652,3,0
2026-02-21,Cagliari,Lazio,0.771111,0.520733,0,0
2026-02-21,Juventus,Como,1.01425,1.43181,0,2
2026-02-21,Lecce,Inter,0.127863,2.6436,0,2
2026-02-22,AC Milan,Parma Calcio 1913,1.63438,0.760094,0,1
2026-02-22,Atalanta,Napoli,0.962214,1.05903,2,1
2026-02-22,Genoa,Torino,2.06306,0.530703,3,0
2026-02-22,Roma,Cremonese,2.58194,0.280739,3,0
2026-02-23,Bologna,Udinese,1.44714,0.530625,1,0
2026-02-23,Fiorentina,Pisa,1.77825,0.43212,1,0
2026-02-27,Parma Calcio 1913,Cagliari,1.31257,0.615799,1,1
2026-02-28,Como,Lecce,2.98622,0.424994,3,1
2026-02-28,Inter,Genoa,2.19229,0.170827,2,0
2026-02-28,Verona,Napoli,0.277835,1.21355,1,2
2026-03-01,Cremonese,AC Milan,1.08387,3.87512,0,2
2026-03-01,Roma,Juventus,2.33059,1.8583,3,3
2026-03-01,Sassuolo,Atalanta,1.81132,3.74717,2,1
2026-03-01,Torino,Lazio,1.06085,1.05867,2,0
2026-03-02,Pisa,Bologna,0.743118,0.871649,0,1
2026-03-02,Udinese,Fiorentina,2.0239,0.585387,3,0
2026-03-06,Napoli,Torino,2.32007,0.693368,2,1
2026-03-07,Atalanta,Udinese,1.99854,0.860054,2,2
2026-03-07,Cagliari,Como,0.518042,0.763847,1,2
2026-03-07,Juventus,Pisa,3.16811,0.319971,4,0
2026-03-08,AC Milan,Inter,0.852014,1.44398,1,0
2026-03-08,Bologna,Verona,0.903746,2.02855,1,2
2026-03-08,Fiorentina,Parma Calcio 1913,0.758473,0.253114,0,0
2026-03-08,Genoa,Roma,2.55911,0.282645,2,1
2026-03-08,Lecce,Cremonese,1.76705,0.791422,2,1
2026-03-09,Lazio,Sassuolo,2.4868,0.453204,2,1
2026-03-13,Torino,Parma Calcio 1913,2.44316,0.579861,4,1
2026-03-14,Inter,Atalanta,2.0286,0.867146,1,1
2026-03-14,Napoli,Lecce,1.13114,1.22692,2,1
2026-03-14,Udinese,Juventus,0.741965,3.18734,0,1
2026-03-15,Como,Roma,2.46908,0.899976,2,1
2026-03-15,Lazio,AC Milan,0.538397,1.16179,1,0
2026-03-15,Pisa,Cagliari,2.94287,1.52334,3,1
2026-03-15,Sassuolo,Bologna,0.427053,0.731025,0,1
2026-03-15,Verona,Genoa,0.370821,0.534091,0,2
2026-03-16,Cremonese,Fiorentina,1.47372,1.14462,1,4
2026-03-20,Cagliari,Napoli,0.241246,2.27393,0,1
2026-03-20,Genoa,Udinese,1.30328,0.86584,0,2
2026-03-21,AC Milan,Torino,1.44337,2.37211,3,2
2026-03-21,Juventus,Sassuolo,2.25457,0.845538,1,1
2026-03-21,Parma Calcio 1913,Cremonese,0.287758,0.781807,0,2
2026-03-22,Atalanta,Verona,1.74248,0.765772,1,0
2026-03-22,Bologna,Lazio,1.32921,2.14396,0,2
2026-03-22,Como,Pisa,1.8215,0.309722,5,0
2026-03-22,Fiorentina,Inter,1.81429,1.40088,1,1
2026-03-22,Roma,Lecce,1.09359,0.807003,1,0
2026-04-04,Lazio,Parma Calcio 1913,0.269086,0.360563,1,1
2026-04-04,Sassuolo,Cagliari,0.48336,1.90118,2,1
2026-04-04,Verona,Fiorentina,0.922577,0.308725,0,1
2026-04-05,Cremonese,Bologna,1.39638,1.58974,1,2
2026-04-05,Inter,Roma,2.25441,0.939981,5,2
2026-04-05,Pisa,Torino,0.309366,1.72611,0,1
2026-04-06,Juventus,Genoa,2.60276,1.48807,2,0
2026-04-06,Lecce,Atalanta,0.364274,2.81595,0,3
2026-04-06,Napoli,AC Milan,0.872402,0.810602,1,0
2026-04-06,Udinese,Como,1.06665,0.786392,0,0
2026-04-10,Roma,Pisa,1.45084,1.06318,3,0
2026-04-11,AC Milan,Udinese,1.62737,1.566,0,3
2026-04-11,Atalanta,Juventus,1.8886,1.18681,0,1
2026-04-11,Cagliari,Cremonese,1.431,0.268819,1,0
2026-04-11,Torino,Verona,1.1485,1.67554,2,1
2026-04-12,Bologna,Lecce,2.5824,0.53637,2,0
2026-04-12,Como,Inter,3.2878,0.507465,3,4
2026-04-12,Genoa,Sassuolo,1.39271,1.39642,2,1
2026-04-12,Parma Calcio 1913,Napoli,0.154689,1.31482,1,1
2026-04-13,Fiorentina,Lazio,0.421966,1.29355,1,0
2026-04-17,Inter,Cagliari,2.38524,0.482209,3,0
2026-04-17,Sassuolo,Como,1.3509,0.588985,2,1
2026-04-18,Napoli,Lazio,0.516972,3.16463,0,2
2026-04-18,Roma,Atalanta,1.70941,0.660238,1,1
2026-04-18,Udinese,Parma Calcio 1913,1.35108,1.39599,0,1
2026-04-19,Cremonese,Torino,0.88749,0.159021,0,0
2026-04-19,Juventus,Bologna,1.57651,0.852415,2,0
2026-04-19,Pisa,Genoa,1.00691,2.18534,1,2
2026-04-19,Verona,AC Milan,0.709696,0.830747,0,1
2026-04-20,Lecce,Fiorentina,1.80861,1.26455,1,1
2026-04-24,Napoli,Cremonese,3.24062,0.473643,4,0
2026-04-25,Bologna,Roma,0.479083,1.65629,0,2
2026-04-25,Parma Calcio 1913,Pisa,1.31072,1.56392,1,0
2026-04-25,Verona,Lecce,0.249294,1.20604,0,0
2026-04-26,AC Milan,Juventus,0.616342,0.449727,0,0
2026-04-26,Fiorentina,Sassuolo,2.19011,0.597621,0,0
2026-04-26,Genoa,Como,0.667154,1.19004,0,2
2026-04-26,Torino,Inter,2.42774,1.64792,2,2
2026-04-27,Cagliari,Atalanta,2.00771,1.7579,3,2
2026-04-27,Lazio,Udinese,1.77483,2.30714,3,3
2026-05-01,Pisa,Lecce,2.06716,1.35936,1,2
2026-05-02,Atalanta,Genoa,1.66082,0.438786,0,0
2026-05-02,Como,Napoli,1.79719,0.847288,0,0
2026-05-02,Udinese,Torino,2.16904,0.812913,2,0
2026-05-03,Bologna,Cagliari,0.684487,0.871884,0,0
2026-05-03,Inter,Parma Calcio 1913,2.01571,0.452228,2,0
2026-05-03,Juventus,Verona,2.68622,0.197193,1,1
2026-05-03,Sassuolo,AC Milan,2.23502,0.288558,2,0
2026-05-04,Cremonese,Lazio,0.55053,0.987521,1,2
2026-05-04,Roma,Fiorentina,2.84317,0.132194,4,0
2026-05-08,Torino,Sassuolo,3.06714,2.17042,2,1
2026-05-09,Cagliari,Udinese,1.56516,2.30592,0,2
2026-05-09,Lazio,Inter,0.502107,2.18245,0,3
2026-05-09,Lecce,Juventus,0.607959,1.95698,0,1
2026-05-10,AC Milan,Atalanta,2.28396,1.60752,2,3
2026-05-10,Cremonese,Pisa,1.26744,0.0,3,0
2026-05-10,Fiorentina,Genoa,0.675179,0.52874,0,0
2026-05-10,Parma Calcio 1913,Roma,0.636151,3.02085,2,3
2026-05-10,Verona,Como,1.29052,1.06072,0,1
2026-05-11,Napoli,Bologna,1.22739,1.12339,2,3
2026-05-17,Atalanta,Bologna,0.871381,1.06559,0,1
2026-05-17,Cagliari,Torino,1.75883,1.33301,2,1
2026-05-17,Como,Parma Calcio 1913,2.72094,0.483046,1,0
2026-05-17,Genoa,AC Milan,1.66881,1.55422,1,2
2026-05-17,Inter,Verona,2.84143,0.911763,1,1
2026-05-17,Juventus,Fiorentina,1.96289,0.513716,0,2
2026-05-17,Pisa,Napoli,0.721322,1.42016,0,3
2026-05-17,Roma,Lazio,1.31805,0.766648,2,0
2026-05-17,Sassuolo,Lecce,3.04719,1.29547,2,3
2026-05-17,Udinese,Cremonese,0.270585,0.671214,0,1
2026-05-22,Fiorentina,Atalanta,1.14732,1.58663,1,1
2026-05-23,Bologna,Inter,1.59682,1.18652,3,3
2026-05-23,Lazio,Pisa,1.02094,1.16758,2,1
2026-05-24,AC Milan,Cagliari,1.75953,3.43624,1,2
2026-05-24,Cremonese,Como,0.977192,2.6911,1,4
2026-05-24,Lecce,Genoa,2.21387,0.782331,1,0
2026-05-24,Napoli,Udinese,1.55853,0.517372,1,0
2026-05-24,Parma Calcio 1913,Sassuolo,1.51292,1.06783,1,0
2026-05-24,Torino,Juventus,0.950066,2.53427,2,2
2026-05-24,Verona,Roma,0.597669,3.55506,0,2
2026-08-22,Genoa,Napoli,0.500846,1.15739,0,2
2026-08-22,Inter,Monza,1.5385,1.21666,4,1
2026-08-22,Parma Calcio 1913,Cagliari,1.02972,1.2574,0,1
2026-08-22,Udinese,Como,2.12071,2.38585,1,1
2026-08-23,Atalanta,Sassuolo,0.922815,2.70103,2,1
2026-08-23,Frosinone,Juventus,0.365497,2.61714,0,1
2026-08-23,Torino,AC Milan,1.13035,1.74146,1,2
2026-08-23,Venezia,Lecce,3.19474,2.45246,0,2
2026-08-24,Bologna,Lazio,2.0643,0.805148,0,1
2026-08-24,Roma,Fiorentina,3.77522,0.287976,4,0
2026-08-28,AC Milan,Venezia,3.21774,0.521597,2,0
2026-08-29,Fiorentina,Frosinone,1.8162,1.95272,0,3
2026-08-29,Juventus,Parma Calcio 1913,1.82242,0.200754,2,0
2026-08-29,Monza,Udinese,1.89797,1.02273,2,3
2026-08-29,Sassuolo,Torino,1.54523,1.50213,2,1
2026-08-30,Cagliari,Inter,0.323326,3.97224,0,1
2026-08-30,Lazio,Genoa,2.11324,0.743486,1,0
2026-08-30,Napoli,Como,1.03232,1.0975,1,2
2026-08-31,Atalanta,Bologna,0.176344,1.23523,1,0
2026-08-31,Lecce,Roma,1.20256,4.13617,0,4
2026-09-04,Genoa,Como,0.920577,2.00713,1,4
2026-09-05,Fiorentina,Torino,1.35877,0.771751,1,2
2026-09-05,Inter,Napoli,3.7848,2.32276,3,2
2026-09-05,Roma,Atalanta,3.54086,0.772123,2,1
2026-09-06,Bologna,Sassuolo,3.00787,1.8411,2,2
2026-09-06,Frosinone,Venezia,1.78975,2.43691,3,2
2026-09-06,Juventus,AC Milan,1.69177,0.0949898,1,1
2026-09-06,Parma Calcio 1913,Monza,0.622609,2.10415,1,1
2026-09-07,Cagliari,Lecce,1.92177,0.445912,1,0
2026-09-07,Udinese,Lazio,0.797693,1.97943,1,2
2026-09-11,Venezia,Fiorentina,1.03183,3.12987,2,4
2026-09-12,Atalanta,Cagliari,1.47514,1.30851,1,2
2026-09-12,Genoa,Frosinone,1.84249,1.74599,1,1
2026-09-12,Lazio,AC Milan,2.363,2.15792,2,2
2026-09-13,Lecce,Monza,1.94577,3.08533,3,2
2026-09-13,Napoli,Bologna,2.24885,0.16597,1,0
2026-09-13,Sassuolo,Juventus,0.956092,1.1844,3,2
2026-09-14,Como,Parma Calcio 1913,3.7711,1.55017,2,1
2026-09-14,Inter,Udinese,3.68526,1.29442,5,3
2026-09-14,Torino,Roma,0.706935,2.33311,0,2
2026-09-18,Monza,Sassuolo,1.6104,2.27094,2,1
2026-09-19,Bologna,Torino,0.699269,0.958071,1,1
2026-09-19,Roma,Inter,2.31246,2.58716,2,2
2026-09-19,Udinese,Cagliari,1.8486,0.636351,0,1
2026-09-19,Venezia,Lazio,1.84911,1.7718,0,2
2026-09-20,AC Milan,Lecce,2.47529,0.217933,3,0
2026-09-20,Fiorentina,Napoli,1.06168,2.13022,1,1
2026-09-20,Frosinone,Como,2.26034,2.28858,2,0
2026-09-20,Juventus,Atalanta,1.91682,0.489173,2,0
2026-09-20,Parma Calcio 1913,Genoa,0.860604,0.86391,2,1
